LCLid,stdorToU,DateTime,consumption_Wh
MAC000034,Std,2013-01-01 00:00:00,3094.0001
MAC000034,Std,2013-01-01 00:30:00,2913.0001
MAC000034,Std,2013-01-01 01:00:00,2842.9999000000003
MAC000034,Std,2013-01-01 01:30:00,2990.9999
MAC000034,Std,2013-01-01 02:00:00,2706.0001
MAC000034,Std,2013-01-01 02:30:00,2756.0
MAC000034,Std,2013-01-01 03:00:00,1747.0
MAC000034,Std,2013-01-01 03:30:00,854.0
MAC000034,Std,2013-01-01 04:00:00,1260.0
MAC000034,Std,2013-01-01 04:30:00,1053.0
MAC000034,Std,2013-01-01 05:00:00,1159.0
MAC000034,Std,2013-01-01 05:30:00,1063.0
MAC000034,Std,2013-01-01 06:00:00,894.0
MAC000034,Std,2013-01-01 06:30:00,848.0
MAC000034,Std,2013-01-01 07:00:00,48.0
MAC000034,Std,2013-01-01 07:30:00,56.0
MAC000034,Std,2013-01-01 08:00:00,48.0
MAC000034,Std,2013-01-01 08:30:00,55.0
MAC000034,Std,2013-01-01 09:00:00,60.0
MAC000034,Std,2013-01-01 09:30:00,132.0
MAC000034,Std,2013-01-01 10:00:00,158.0
MAC000034,Std,2013-01-01 10:30:00,181.0
MAC000034,Std,2013-01-01 11:00:00,117.0
MAC000034,Std,2013-01-01 11:30:00,203.0
MAC000034,Std,2013-01-01 12:00:00,97.0
MAC000034,Std,2013-01-01 12:30:00,45.0
MAC000034,Std,2013-01-01 13:00:00,46.0
MAC000034,Std,2013-01-01 13:30:00,84.0
MAC000034,Std,2013-01-01 14:00:00,94.0
MAC000034,Std,2013-01-01 14:30:00,94.0
MAC000034,Std,2013-01-01 15:00:00,42.0
MAC000034,Std,2013-01-01 15:30:00,44.0
MAC000034,Std,2013-01-01 16:00:00,56.0
MAC000034,Std,2013-01-01 16:30:00,34.0
MAC000034,Std,2013-01-01 17:00:00,59.0
MAC000034,Std,2013-01-01 17:30:00,69.0
MAC000034,Std,2013-01-01 18:00:00,97.0
MAC000034,Std,2013-01-01 18:30:00,153.0
MAC000034,Std,2013-01-01 19:00:00,106.0
MAC000034,Std,2013-01-01 19:30:00,81.0
MAC000034,Std,2013-01-01 20:00:00,91.0
MAC000034,Std,2013-01-01 20:30:00,69.0
MAC000034,Std,2013-01-01 21:00:00,84.0
MAC000034,Std,2013-01-01 21:30:00,88.0
MAC000034,Std,2013-01-01 22:00:00,96.0
MAC000034,Std,2013-01-01 22:30:00,177.0
MAC000034,Std,2013-01-01 23:00:00,206.0
MAC000034,Std,2013-01-01 23:30:00,160.0
MAC000034,Std,2013-01-02 00:00:00,3467.9999000000003
MAC000034,Std,2013-01-02 00:30:00,3152.0
MAC000034,Std,2013-01-02 01:00:00,3138.0
MAC000034,Std,2013-01-02 01:30:00,3015.0001
MAC000034,Std,2013-01-02 02:00:00,2971.9999000000003
MAC000034,Std,2013-01-02 02:30:00,2734.0
MAC000034,Std,2013-01-02 03:00:00,1497.0
MAC000034,Std,2013-01-02 03:30:00,1147.0
MAC000034,Std,2013-01-02 04:00:00,1262.0
MAC000034,Std,2013-01-02 04:30:00,1128.0
MAC000034,Std,2013-01-02 05:00:00,909.0
MAC000034,Std,2013-01-02 05:30:00,1406.9999
MAC000034,Std,2013-01-02 06:00:00,806.0
MAC000034,Std,2013-01-02 06:30:00,427.0
MAC000034,Std,2013-01-02 07:00:00,39.0
MAC000034,Std,2013-01-02 07:30:00,52.0
MAC000034,Std,2013-01-02 08:00:00,45.0
MAC000034,Std,2013-01-02 08:30:00,70.0
MAC000034,Std,2013-01-02 09:00:00,114.0
MAC000034,Std,2013-01-02 09:30:00,70.0
MAC000034,Std,2013-01-02 10:00:00,51.0
MAC000034,Std,2013-01-02 10:30:00,82.0
MAC000034,Std,2013-01-02 11:00:00,114.0
MAC000034,Std,2013-01-02 11:30:00,98.0
MAC000034,Std,2013-01-02 12:00:00,217.0
MAC000034,Std,2013-01-02 12:30:00,116.0
MAC000034,Std,2013-01-02 13:00:00,98.0
MAC000034,Std,2013-01-02 13:30:00,137.0
MAC000034,Std,2013-01-02 14:00:00,184.0
MAC000034,Std,2013-01-02 14:30:00,135.0
MAC000034,Std,2013-01-02 15:00:00,96.0
MAC000034,Std,2013-01-02 15:30:00,184.0
MAC000034,Std,2013-01-02 16:00:00,74.0
MAC000034,Std,2013-01-02 16:30:00,50.0
MAC000034,Std,2013-01-02 17:00:00,71.0
MAC000034,Std,2013-01-02 17:30:00,83.0
MAC000034,Std,2013-01-02 18:00:00,82.0
MAC000034,Std,2013-01-02 18:30:00,296.0
MAC000034,Std,2013-01-02 19:00:00,210.0
MAC000034,Std,2013-01-02 19:30:00,215.0
MAC000034,Std,2013-01-02 20:00:00,222.0
MAC000034,Std,2013-01-02 20:30:00,198.0
MAC000034,Std,2013-01-02 21:00:00,175.0
MAC000034,Std,2013-01-02 21:30:00,171.0
MAC000034,Std,2013-01-02 22:00:00,154.0
MAC000034,Std,2013-01-02 22:30:00,216.0
MAC000034,Std,2013-01-02 23:00:00,191.0
MAC000034,Std,2013-01-02 23:30:00,197.0
MAC000034,Std,2013-01-03 00:00:00,3509.0001
MAC000034,Std,2013-01-03 00:30:00,3115.9999
MAC000034,Std,2013-01-03 01:00:00,2960.0
MAC000034,Std,2013-01-03 01:30:00,2730.9999000000003
MAC000034,Std,2013-01-03 02:00:00,2788.0001
MAC000034,Std,2013-01-03 02:30:00,2658.9999
MAC000034,Std,2013-01-03 03:00:00,1536.0
MAC000034,Std,2013-01-03 03:30:00,976.0
MAC000034,Std,2013-01-03 04:00:00,1433.0
MAC000034,Std,2013-01-03 04:30:00,1123.0
MAC000034,Std,2013-01-03 05:00:00,996.0
MAC000034,Std,2013-01-03 05:30:00,693.0
MAC000034,Std,2013-01-03 06:00:00,749.0
MAC000034,Std,2013-01-03 06:30:00,931.0
MAC000034,Std,2013-01-03 07:00:00,52.0
MAC000034,Std,2013-01-03 07:30:00,119.0
MAC000034,Std,2013-01-03 08:00:00,92.0
MAC000034,Std,2013-01-03 08:30:00,77.0
MAC000034,Std,2013-01-03 09:00:00,41.0
MAC000034,Std,2013-01-03 09:30:00,155.0
MAC000034,Std,2013-01-03 10:00:00,216.0
MAC000034,Std,2013-01-03 10:30:00,197.0
MAC000034,Std,2013-01-03 11:00:00,91.0
MAC000034,Std,2013-01-03 11:30:00,43.0
MAC000034,Std,2013-01-03 12:00:00,110.0
MAC000034,Std,2013-01-03 12:30:00,110.0
MAC000034,Std,2013-01-03 13:00:00,35.0
MAC000034,Std,2013-01-03 13:30:00,58.0
MAC000034,Std,2013-01-03 14:00:00,42.0
MAC000034,Std,2013-01-03 14:30:00,43.0
MAC000034,Std,2013-01-03 15:00:00,56.0
MAC000034,Std,2013-01-03 15:30:00,33.0
MAC000034,Std,2013-01-03 16:00:00,65.0
MAC000034,Std,2013-01-03 16:30:00,111.0
MAC000034,Std,2013-01-03 17:00:00,85.0
MAC000034,Std,2013-01-03 17:30:00,81.0
MAC000034,Std,2013-01-03 18:00:00,74.0
MAC000034,Std,2013-01-03 18:30:00,82.0
MAC000034,Std,2013-01-03 19:00:00,89.0
MAC000034,Std,2013-01-03 19:30:00,70.0
MAC000034,Std,2013-01-03 20:00:00,92.0
MAC000034,Std,2013-01-03 20:30:00,125.0
MAC000034,Std,2013-01-03 21:00:00,266.0
MAC000034,Std,2013-01-03 21:30:00,297.0
MAC000034,Std,2013-01-03 22:00:00,265.0
MAC000034,Std,2013-01-03 22:30:00,239.0
MAC000034,Std,2013-01-03 23:00:00,193.0
MAC000034,Std,2013-01-03 23:30:00,209.0
MAC000034,Std,2013-01-04 00:00:00,3507.0
MAC000034,Std,2013-01-04 00:30:00,3418.9999000000003
MAC000034,Std,2013-01-04 01:00:00,3050.0
MAC000034,Std,2013-01-04 01:30:00,3158.9999
MAC000034,Std,2013-01-04 02:00:00,2696.0001
MAC000034,Std,2013-01-04 02:30:00,2543.0
MAC000034,Std,2013-01-04 03:00:00,1414.0
MAC000034,Std,2013-01-04 03:30:00,1119.0
MAC000034,Std,2013-01-04 04:00:00,1121.0001
MAC000034,Std,2013-01-04 04:30:00,1059.0
MAC000034,Std,2013-01-04 05:00:00,1193.0
MAC000034,Std,2013-01-04 05:30:00,506.0
MAC000034,Std,2013-01-04 06:00:00,1031.0
MAC000034,Std,2013-01-04 06:30:00,664.0
MAC000034,Std,2013-01-04 07:00:00,39.0
MAC000034,Std,2013-01-04 07:30:00,50.0
MAC000034,Std,2013-01-04 08:00:00,54.0
MAC000034,Std,2013-01-04 08:30:00,38.0
MAC000034,Std,2013-01-04 09:00:00,144.0
MAC000034,Std,2013-01-04 09:30:00,239.0
MAC000034,Std,2013-01-04 10:00:00,176.0
MAC000034,Std,2013-01-04 10:30:00,85.0
MAC000034,Std,2013-01-04 11:00:00,39.0
MAC000034,Std,2013-01-04 11:30:00,48.0
MAC000034,Std,2013-01-04 12:00:00,54.0
MAC000034,Std,2013-01-04 12:30:00,36.0
MAC000034,Std,2013-01-04 13:00:00,55.0
MAC000034,Std,2013-01-04 13:30:00,48.0
MAC000034,Std,2013-01-04 14:00:00,77.0
MAC000034,Std,2013-01-04 14:30:00,119.0
MAC000034,Std,2013-01-04 15:00:00,68.0
MAC000034,Std,2013-01-04 15:30:00,118.0
MAC000034,Std,2013-01-04 16:00:00,108.0
MAC000034,Std,2013-01-04 16:30:00,96.0
MAC000034,Std,2013-01-04 17:00:00,116.0
MAC000034,Std,2013-01-04 17:30:00,226.0
MAC000034,Std,2013-01-04 18:00:00,323.0
MAC000034,Std,2013-01-04 18:30:00,244.0
MAC000034,Std,2013-01-04 19:00:00,263.0
MAC000034,Std,2013-01-04 19:30:00,183.0
MAC000034,Std,2013-01-04 20:00:00,214.0
MAC000034,Std,2013-01-04 20:30:00,196.0
MAC000034,Std,2013-01-04 21:00:00,253.0
MAC000034,Std,2013-01-04 21:30:00,168.0
MAC000034,Std,2013-01-04 22:00:00,178.0
MAC000034,Std,2013-01-04 22:30:00,346.0
MAC000034,Std,2013-01-04 23:00:00,264.0
MAC000034,Std,2013-01-04 23:30:00,211.0
MAC000034,Std,2013-01-05 00:00:00,3515.0001
MAC000034,Std,2013-01-05 00:30:00,3039.0
MAC000034,Std,2013-01-05 01:00:00,3132.0
MAC000034,Std,2013-01-05 01:30:00,2898.9999000000003
MAC000034,Std,2013-01-05 02:00:00,2905.9999
MAC000034,Std,2013-01-05 02:30:00,2635.0
MAC000034,Std,2013-01-05 03:00:00,1571.0
MAC000034,Std,2013-01-05 03:30:00,1313.0
MAC000034,Std,2013-01-05 04:00:00,840.0
MAC000034,Std,2013-01-05 04:30:00,1128.0
MAC000034,Std,2013-01-05 05:00:00,929.0
MAC000034,Std,2013-01-05 05:30:00,829.0
MAC000034,Std,2013-01-05 06:00:00,1023.0
MAC000034,Std,2013-01-05 06:30:00,1063.0
MAC000034,Std,2013-01-05 07:00:00,102.0
MAC000034,Std,2013-01-05 07:30:00,93.0
MAC000034,Std,2013-01-05 08:00:00,33.0
MAC000034,Std,2013-01-05 08:30:00,68.0
MAC000034,Std,2013-01-05 09:00:00,178.0
MAC000034,Std,2013-01-05 09:30:00,126.0
MAC000034,Std,2013-01-05 10:00:00,247.0
MAC000034,Std,2013-01-05 10:30:00,124.0
MAC000034,Std,2013-01-05 11:00:00,271.0
MAC000034,Std,2013-01-05 11:30:00,150.0
MAC000034,Std,2013-01-05 12:00:00,68.0
MAC000034,Std,2013-01-05 12:30:00,51.0
MAC000034,Std,2013-01-05 13:00:00,36.0
MAC000034,Std,2013-01-05 13:30:00,60.0
MAC000034,Std,2013-01-05 14:00:00,44.0
MAC000034,Std,2013-01-05 14:30:00,41.0
MAC000034,Std,2013-01-05 15:00:00,58.0
MAC000034,Std,2013-01-05 15:30:00,96.0
MAC000034,Std,2013-01-05 16:00:00,104.0
MAC000034,Std,2013-01-05 16:30:00,56.0
MAC000034,Std,2013-01-05 17:00:00,40.0
MAC000034,Std,2013-01-05 17:30:00,60.0
MAC000034,Std,2013-01-05 18:00:00,82.0
MAC000034,Std,2013-01-05 18:30:00,69.0
MAC000034,Std,2013-01-05 19:00:00,92.0
MAC000034,Std,2013-01-05 19:30:00,81.0
MAC000034,Std,2013-01-05 20:00:00,135.0
MAC000034,Std,2013-01-05 20:30:00,145.0
MAC000034,Std,2013-01-05 21:00:00,80.0
MAC000034,Std,2013-01-05 21:30:00,92.0
MAC000034,Std,2013-01-05 22:00:00,235.0
MAC000034,Std,2013-01-05 22:30:00,143.0
MAC000034,Std,2013-01-05 23:00:00,186.0
MAC000034,Std,2013-01-05 23:30:00,208.0
MAC000034,Std,2013-01-06 00:00:00,2905.0
MAC000034,Std,2013-01-06 00:30:00,3025.0001
MAC000034,Std,2013-01-06 01:00:00,3130.0001
MAC000034,Std,2013-01-06 01:30:00,2948.9999
MAC000034,Std,2013-01-06 02:00:00,2857.0001
MAC000034,Std,2013-01-06 02:30:00,2562.0
MAC000034,Std,2013-01-06 03:00:00,1515.0
MAC000034,Std,2013-01-06 03:30:00,837.0
MAC000034,Std,2013-01-06 04:00:00,1316.0
MAC000034,Std,2013-01-06 04:30:00,1251.0
MAC000034,Std,2013-01-06 05:00:00,1223.0
MAC000034,Std,2013-01-06 05:30:00,981.0
MAC000034,Std,2013-01-06 06:00:00,856.0
MAC000034,Std,2013-01-06 06:30:00,823.0
MAC000034,Std,2013-01-06 07:00:00,53.0
MAC000034,Std,2013-01-06 07:30:00,44.0
MAC000034,Std,2013-01-06 08:00:00,37.0
MAC000034,Std,2013-01-06 08:30:00,93.0
MAC000034,Std,2013-01-06 09:00:00,135.0
MAC000034,Std,2013-01-06 09:30:00,207.0
MAC000034,Std,2013-01-06 10:00:00,129.0
MAC000034,Std,2013-01-06 10:30:00,72.0
MAC000034,Std,2013-01-06 11:00:00,69.0
MAC000034,Std,2013-01-06 11:30:00,103.0
MAC000034,Std,2013-01-06 12:00:00,187.0
MAC000034,Std,2013-01-06 12:30:00,109.0
MAC000034,Std,2013-01-06 13:00:00,47.0
MAC000034,Std,2013-01-06 13:30:00,110.0
MAC000034,Std,2013-01-06 14:00:00,148.0
MAC000034,Std,2013-01-06 14:30:00,177.0
MAC000034,Std,2013-01-06 15:00:00,173.0
MAC000034,Std,2013-01-06 15:30:00,117.0
MAC000034,Std,2013-01-06 16:00:00,81.0
MAC000034,Std,2013-01-06 16:30:00,49.0
MAC000034,Std,2013-01-06 17:00:00,174.0
MAC000034,Std,2013-01-06 17:30:00,310.0
MAC000034,Std,2013-01-06 18:00:00,221.0
MAC000034,Std,2013-01-06 18:30:00,224.0
MAC000034,Std,2013-01-06 19:00:00,205.0
MAC000034,Std,2013-01-06 19:30:00,189.0
MAC000034,Std,2013-01-06 20:00:00,167.0
MAC000034,Std,2013-01-06 20:30:00,161.0
MAC000034,Std,2013-01-06 21:00:00,207.0
MAC000034,Std,2013-01-06 21:30:00,276.0
MAC000034,Std,2013-01-06 22:00:00,307.0
MAC000034,Std,2013-01-06 22:30:00,226.0
MAC000034,Std,2013-01-06 23:00:00,219.0
MAC000034,Std,2013-01-06 23:30:00,247.0
MAC000034,Std,2013-01-07 00:00:00,3517.0
MAC000034,Std,2013-01-07 00:30:00,3007.0
MAC000034,Std,2013-01-07 01:00:00,2993.0
MAC000034,Std,2013-01-07 01:30:00,3028.0001
MAC000034,Std,2013-01-07 02:00:00,2615.0
MAC000034,Std,2013-01-07 02:30:00,2608.0
MAC000034,Std,2013-01-07 03:00:00,1844.0
MAC000034,Std,2013-01-07 03:30:00,643.0
MAC000034,Std,2013-01-07 04:00:00,1378.9999
MAC000034,Std,2013-01-07 04:30:00,644.0
MAC000034,Std,2013-01-07 05:00:00,981.0
MAC000034,Std,2013-01-07 05:30:00,848.0
MAC000034,Std,2013-01-07 06:00:00,808.0
MAC000034,Std,2013-01-07 06:30:00,946.0
MAC000034,Std,2013-01-07 07:00:00,40.0
MAC000034,Std,2013-01-07 07:30:00,59.0
MAC000034,Std,2013-01-07 08:00:00,49.0
MAC000034,Std,2013-01-07 08:30:00,91.0
MAC000034,Std,2013-01-07 09:00:00,110.0
MAC000034,Std,2013-01-07 09:30:00,49.0
MAC000034,Std,2013-01-07 10:00:00,36.0
MAC000034,Std,2013-01-07 10:30:00,59.0
MAC000034,Std,2013-01-07 11:00:00,100.0
MAC000034,Std,2013-01-07 11:30:00,115.0
MAC000034,Std,2013-01-07 12:00:00,123.0
MAC000034,Std,2013-01-07 12:30:00,211.0
MAC000034,Std,2013-01-07 13:00:00,145.0
MAC000034,Std,2013-01-07 13:30:00,229.0
MAC000034,Std,2013-01-07 14:00:00,179.0
MAC000034,Std,2013-01-07 14:30:00,178.0
MAC000034,Std,2013-01-07 15:00:00,182.0
MAC000034,Std,2013-01-07 15:30:00,164.0
MAC000034,Std,2013-01-07 16:00:00,104.0
MAC000034,Std,2013-01-07 16:30:00,1549.0
MAC000034,Std,2013-01-07 17:00:00,101.0
MAC000034,Std,2013-01-07 17:30:00,84.0
MAC000034,Std,2013-01-07 18:00:00,326.0
MAC000034,Std,2013-01-07 18:30:00,169.0
MAC000034,Std,2013-01-07 19:00:00,227.0
MAC000034,Std,2013-01-07 19:30:00,178.0
MAC000034,Std,2013-01-07 20:00:00,178.0
MAC000034,Std,2013-01-07 20:30:00,178.0
MAC000034,Std,2013-01-07 21:00:00,215.0
MAC000034,Std,2013-01-07 21:30:00,228.0
MAC000034,Std,2013-01-07 22:00:00,240.0
MAC000034,Std,2013-01-07 22:30:00,197.0
MAC000034,Std,2013-01-07 23:00:00,176.0
MAC000034,Std,2013-01-07 23:30:00,156.0
MAC000034,Std,2013-01-08 00:00:00,3448.9999
MAC000034,Std,2013-01-08 00:30:00,2974.0
MAC000034,Std,2013-01-08 01:00:00,3336.0
MAC000034,Std,2013-01-08 01:30:00,2732.0001
MAC000034,Std,2013-01-08 02:00:00,2966.0001
MAC000034,Std,2013-01-08 02:30:00,2438.9999000000003
MAC000034,Std,2013-01-08 03:00:00,1802.0
MAC000034,Std,2013-01-08 03:30:00,765.0
MAC000034,Std,2013-01-08 04:00:00,1285.0
MAC000034,Std,2013-01-08 04:30:00,775.0
MAC000034,Std,2013-01-08 05:00:00,1052.0
MAC000034,Std,2013-01-08 05:30:00,1112.0
MAC000034,Std,2013-01-08 06:00:00,1516.0
MAC000034,Std,2013-01-08 06:30:00,613.0
MAC000034,Std,2013-01-08 07:00:00,76.0
MAC000034,Std,2013-01-08 07:30:00,67.0
MAC000034,Std,2013-01-08 08:00:00,45.0
MAC000034,Std,2013-01-08 08:30:00,56.0
MAC000034,Std,2013-01-08 09:00:00,58.0
MAC000034,Std,2013-01-08 09:30:00,88.0
MAC000034,Std,2013-01-08 10:00:00,244.0
MAC000034,Std,2013-01-08 10:30:00,261.0
MAC000034,Std,2013-01-08 11:00:00,140.0
MAC000034,Std,2013-01-08 11:30:00,53.0
MAC000034,Std,2013-01-08 12:00:00,44.0
MAC000034,Std,2013-01-08 12:30:00,56.0
MAC000034,Std,2013-01-08 13:00:00,36.0
MAC000034,Std,2013-01-08 13:30:00,64.0
MAC000034,Std,2013-01-08 14:00:00,36.0
MAC000034,Std,2013-01-08 14:30:00,76.0
MAC000034,Std,2013-01-08 15:00:00,109.0
MAC000034,Std,2013-01-08 15:30:00,82.0
MAC000034,Std,2013-01-08 16:00:00,86.0
MAC000034,Std,2013-01-08 16:30:00,92.0
MAC000034,Std,2013-01-08 17:00:00,123.0
MAC000034,Std,2013-01-08 17:30:00,125.0
MAC000034,Std,2013-01-08 18:00:00,318.0
MAC000034,Std,2013-01-08 18:30:00,184.0
MAC000034,Std,2013-01-08 19:00:00,215.0
MAC000034,Std,2013-01-08 19:30:00,241.0
MAC000034,Std,2013-01-08 20:00:00,283.0
MAC000034,Std,2013-01-08 20:30:00,308.0
MAC000034,Std,2013-01-08 21:00:00,268.0
MAC000034,Std,2013-01-08 21:30:00,236.0
MAC000034,Std,2013-01-08 22:00:00,235.0
MAC000034,Std,2013-01-08 22:30:00,207.0
MAC000034,Std,2013-01-08 23:00:00,266.0
MAC000034,Std,2013-01-08 23:30:00,232.0
MAC000034,Std,2013-01-09 00:00:00,2948.0
MAC000034,Std,2013-01-09 00:30:00,3015.0001
MAC000034,Std,2013-01-09 01:00:00,3092.9999000000003
MAC000034,Std,2013-01-09 01:30:00,3066.9999
MAC000034,Std,2013-01-09 02:00:00,2826.9999000000003
MAC000034,Std,2013-01-09 02:30:00,2293.9999000000003
MAC000034,Std,2013-01-09 03:00:00,1533.0
MAC000034,Std,2013-01-09 03:30:00,1020.0
MAC000034,Std,2013-01-09 04:00:00,1076.0
MAC000034,Std,2013-01-09 04:30:00,1376.0
MAC000034,Std,2013-01-09 05:00:00,860.0
MAC000034,Std,2013-01-09 05:30:00,869.0
MAC000034,Std,2013-01-09 06:00:00,1360.9999
MAC000034,Std,2013-01-09 06:30:00,364.0
MAC000034,Std,2013-01-09 07:00:00,34.0
MAC000034,Std,2013-01-09 07:30:00,123.0
MAC000034,Std,2013-01-09 08:00:00,99.0
MAC000034,Std,2013-01-09 08:30:00,55.0
MAC000034,Std,2013-01-09 09:00:00,52.0
MAC000034,Std,2013-01-09 09:30:00,41.0
MAC000034,Std,2013-01-09 10:00:00,125.0
MAC000034,Std,2013-01-09 10:30:00,99.0
MAC000034,Std,2013-01-09 11:00:00,122.0
MAC000034,Std,2013-01-09 11:30:00,228.0
MAC000034,Std,2013-01-09 12:00:00,171.0
MAC000034,Std,2013-01-09 12:30:00,171.0
MAC000034,Std,2013-01-09 13:00:00,111.0
MAC000034,Std,2013-01-09 13:30:00,143.0
MAC000034,Std,2013-01-09 14:00:00,116.0
MAC000034,Std,2013-01-09 14:30:00,104.0
MAC000034,Std,2013-01-09 15:00:00,127.0
MAC000034,Std,2013-01-09 15:30:00,148.0
MAC000034,Std,2013-01-09 16:00:00,90.0
MAC000034,Std,2013-01-09 16:30:00,118.0
MAC000034,Std,2013-01-09 17:00:00,95.0
MAC000034,Std,2013-01-09 17:30:00,75.0
MAC000034,Std,2013-01-09 18:00:00,247.0
MAC000034,Std,2013-01-09 18:30:00,177.0
MAC000034,Std,2013-01-09 19:00:00,145.0
MAC000034,Std,2013-01-09 19:30:00,182.0
MAC000034,Std,2013-01-09 20:00:00,188.0
MAC000034,Std,2013-01-09 20:30:00,231.0
MAC000034,Std,2013-01-09 21:00:00,217.0
MAC000034,Std,2013-01-09 21:30:00,183.0
MAC000034,Std,2013-01-09 22:00:00,159.0
MAC000034,Std,2013-01-09 22:30:00,161.0
MAC000034,Std,2013-01-09 23:00:00,157.0
MAC000034,Std,2013-01-09 23:30:00,157.0
MAC000034,Std,2013-01-10 00:00:00,3448.9999
MAC000034,Std,2013-01-10 00:30:00,3010.0
MAC000034,Std,2013-01-10 01:00:00,3010.9999
MAC000034,Std,2013-01-10 01:30:00,3099.0
MAC000034,Std,2013-01-10 02:00:00,2844.0001
MAC000034,Std,2013-01-10 02:30:00,2530.9999
MAC000034,Std,2013-01-10 03:00:00,1850.0
MAC000034,Std,2013-01-10 03:30:00,1133.0
MAC000034,Std,2013-01-10 04:00:00,740.0
MAC000034,Std,2013-01-10 04:30:00,1449.0
MAC000034,Std,2013-01-10 05:00:00,1149.0
MAC000034,Std,2013-01-10 05:30:00,1156.0
MAC000034,Std,2013-01-10 06:00:00,1212.0
MAC000034,Std,2013-01-10 06:30:00,749.0
MAC000034,Std,2013-01-10 07:00:00,55.0
MAC000034,Std,2013-01-10 07:30:00,36.0
MAC000034,Std,2013-01-10 08:00:00,45.0
MAC000034,Std,2013-01-10 08:30:00,54.0
MAC000034,Std,2013-01-10 09:00:00,43.0
MAC000034,Std,2013-01-10 09:30:00,41.0
MAC000034,Std,2013-01-10 10:00:00,199.0
MAC000034,Std,2013-01-10 10:30:00,227.0
MAC000034,Std,2013-01-10 11:00:00,172.0
MAC000034,Std,2013-01-10 11:30:00,231.0
MAC000034,Std,2013-01-10 12:00:00,232.0
MAC000034,Std,2013-01-10 12:30:00,292.0
MAC000034,Std,2013-01-10 13:00:00,252.0
MAC000034,Std,2013-01-10 13:30:00,184.0
MAC000034,Std,2013-01-10 14:00:00,183.0
MAC000034,Std,2013-01-10 14:30:00,139.0
MAC000034,Std,2013-01-10 15:00:00,173.0
MAC000034,Std,2013-01-10 15:30:00,95.0
MAC000034,Std,2013-01-10 16:00:00,40.0
MAC000034,Std,2013-01-10 16:30:00,52.0
MAC000034,Std,2013-01-10 17:00:00,48.0
MAC000034,Std,2013-01-10 17:30:00,252.0
MAC000034,Std,2013-01-10 18:00:00,163.0
MAC000034,Std,2013-01-10 18:30:00,138.0
MAC000034,Std,2013-01-10 19:00:00,168.0
MAC000034,Std,2013-01-10 19:30:00,266.0
MAC000034,Std,2013-01-10 20:00:00,195.0
MAC000034,Std,2013-01-10 20:30:00,231.0
MAC000034,Std,2013-01-10 21:00:00,167.0
MAC000034,Std,2013-01-10 21:30:00,175.0
MAC000034,Std,2013-01-10 22:00:00,150.0
MAC000034,Std,2013-01-10 22:30:00,163.0
MAC000034,Std,2013-01-10 23:00:00,243.0
MAC000034,Std,2013-01-10 23:30:00,182.0
MAC000034,Std,2013-01-11 00:00:00,3605.0
MAC000034,Std,2013-01-11 00:30:00,3194.9999
MAC000034,Std,2013-01-11 01:00:00,3204.0
MAC000034,Std,2013-01-11 01:30:00,3023.9999000000003
MAC000034,Std,2013-01-11 02:00:00,2854.0001
MAC000034,Std,2013-01-11 02:30:00,2704.0
MAC000034,Std,2013-01-11 03:00:00,1928.0
MAC000034,Std,2013-01-11 03:30:00,1211.0
MAC000034,Std,2013-01-11 04:00:00,822.0
MAC000034,Std,2013-01-11 04:30:00,983.0
MAC000034,Std,2013-01-11 05:00:00,1315.0001
MAC000034,Std,2013-01-11 05:30:00,1042.0001000000002
MAC000034,Std,2013-01-11 06:00:00,856.0
MAC000034,Std,2013-01-11 06:30:00,861.0
MAC000034,Std,2013-01-11 07:00:00,36.0
MAC000034,Std,2013-01-11 07:30:00,52.0
MAC000034,Std,2013-01-11 08:00:00,52.0
MAC000034,Std,2013-01-11 08:30:00,36.0
MAC000034,Std,2013-01-11 09:00:00,92.0
MAC000034,Std,2013-01-11 09:30:00,134.0
MAC000034,Std,2013-01-11 10:00:00,130.0
MAC000034,Std,2013-01-11 10:30:00,121.0
MAC000034,Std,2013-01-11 11:00:00,229.0
MAC000034,Std,2013-01-11 11:30:00,110.0
MAC000034,Std,2013-01-11 12:00:00,121.0
MAC000034,Std,2013-01-11 12:30:00,106.0
MAC000034,Std,2013-01-11 13:00:00,107.0
MAC000034,Std,2013-01-11 13:30:00,125.0
MAC000034,Std,2013-01-11 14:00:00,238.0
MAC000034,Std,2013-01-11 14:30:00,161.0
MAC000034,Std,2013-01-11 15:00:00,115.0
MAC000034,Std,2013-01-11 15:30:00,43.0
MAC000034,Std,2013-01-11 16:00:00,41.0
MAC000034,Std,2013-01-11 16:30:00,58.0
MAC000034,Std,2013-01-11 17:00:00,162.0
MAC000034,Std,2013-01-11 17:30:00,344.0
MAC000034,Std,2013-01-11 18:00:00,207.0
MAC000034,Std,2013-01-11 18:30:00,245.0
MAC000034,Std,2013-01-11 19:00:00,277.0
MAC000034,Std,2013-01-11 19:30:00,250.0
MAC000034,Std,2013-01-11 20:00:00,217.0
MAC000034,Std,2013-01-11 20:30:00,207.0
MAC000034,Std,2013-01-11 21:00:00,228.0
MAC000034,Std,2013-01-11 21:30:00,203.0
MAC000034,Std,2013-01-11 22:00:00,224.0
MAC000034,Std,2013-01-11 22:30:00,204.0
MAC000034,Std,2013-01-11 23:00:00,280.0
MAC000034,Std,2013-01-11 23:30:00,225.0
MAC000034,Std,2013-01-12 00:00:00,3497.0
MAC000034,Std,2013-01-12 00:30:00,3153.0001
MAC000034,Std,2013-01-12 01:00:00,2924.0
MAC000034,Std,2013-01-12 01:30:00,3013.0
MAC000034,Std,2013-01-12 02:00:00,2783.9999
MAC000034,Std,2013-01-12 02:30:00,2869.9999
MAC000034,Std,2013-01-12 03:00:00,1934.9999
MAC000034,Std,2013-01-12 03:30:00,978.0
MAC000034,Std,2013-01-12 04:00:00,1280.0
MAC000034,Std,2013-01-12 04:30:00,1255.0
MAC000034,Std,2013-01-12 05:00:00,945.0
MAC000034,Std,2013-01-12 05:30:00,1128.9999
MAC000034,Std,2013-01-12 06:00:00,639.0
MAC000034,Std,2013-01-12 06:30:00,1222.0
MAC000034,Std,2013-01-12 07:00:00,56.0
MAC000034,Std,2013-01-12 07:30:00,45.0
MAC000034,Std,2013-01-12 08:00:00,103.0
MAC000034,Std,2013-01-12 08:30:00,111.0
MAC000034,Std,2013-01-12 09:00:00,46.0
MAC000034,Std,2013-01-12 09:30:00,51.0
MAC000034,Std,2013-01-12 10:00:00,118.0
MAC000034,Std,2013-01-12 10:30:00,92.0
MAC000034,Std,2013-01-12 11:00:00,98.0
MAC000034,Std,2013-01-12 11:30:00,230.0
MAC000034,Std,2013-01-12 12:00:00,61.0
MAC000034,Std,2013-01-12 12:30:00,93.0
MAC000034,Std,2013-01-12 13:00:00,198.0
MAC000034,Std,2013-01-12 13:30:00,100.0
MAC000034,Std,2013-01-12 14:00:00,33.0
MAC000034,Std,2013-01-12 14:30:00,46.0
MAC000034,Std,2013-01-12 15:00:00,51.0
MAC000034,Std,2013-01-12 15:30:00,36.0
MAC000034,Std,2013-01-12 16:00:00,42.0
MAC000034,Std,2013-01-12 16:30:00,50.0
MAC000034,Std,2013-01-12 17:00:00,45.0
MAC000034,Std,2013-01-12 17:30:00,47.0
MAC000034,Std,2013-01-12 18:00:00,148.0
MAC000034,Std,2013-01-12 18:30:00,278.0
MAC000034,Std,2013-01-12 19:00:00,212.0
MAC000034,Std,2013-01-12 19:30:00,164.0
MAC000034,Std,2013-01-12 20:00:00,140.0
MAC000034,Std,2013-01-12 20:30:00,168.0
MAC000034,Std,2013-01-12 21:00:00,164.0
MAC000034,Std,2013-01-12 21:30:00,175.0
MAC000034,Std,2013-01-12 22:00:00,156.0
MAC000034,Std,2013-01-12 22:30:00,252.0
MAC000034,Std,2013-01-12 23:00:00,220.0
MAC000034,Std,2013-01-12 23:30:00,129.0
MAC000034,Std,2013-01-13 00:00:00,3457.0
MAC000034,Std,2013-01-13 00:30:00,2721.0
MAC000034,Std,2013-01-13 01:00:00,2861.0001
MAC000034,Std,2013-01-13 01:30:00,3489.0001
MAC000034,Std,2013-01-13 02:00:00,4243.0
MAC000034,Std,2013-01-13 02:30:00,4092.0
MAC000034,Std,2013-01-13 03:00:00,3395.0
MAC000034,Std,2013-01-13 03:30:00,2747.0
MAC000034,Std,2013-01-13 04:00:00,2645.0
MAC000034,Std,2013-01-13 04:30:00,2306.0
MAC000034,Std,2013-01-13 05:00:00,2517.9999
MAC000034,Std,2013-01-13 05:30:00,2359.0
MAC000034,Std,2013-01-13 06:00:00,2030.0
MAC000034,Std,2013-01-13 06:30:00,928.0
MAC000034,Std,2013-01-13 07:00:00,67.0
MAC000034,Std,2013-01-13 07:30:00,61.0
MAC000034,Std,2013-01-13 08:00:00,111.0
MAC000034,Std,2013-01-13 08:30:00,118.0
MAC000034,Std,2013-01-13 09:00:00,45.0
MAC000034,Std,2013-01-13 09:30:00,38.0
MAC000034,Std,2013-01-13 10:00:00,78.0
MAC000034,Std,2013-01-13 10:30:00,104.0
MAC000034,Std,2013-01-13 11:00:00,158.0
MAC000034,Std,2013-01-13 11:30:00,168.0
MAC000034,Std,2013-01-13 12:00:00,102.0
MAC000034,Std,2013-01-13 12:30:00,118.0
MAC000034,Std,2013-01-13 13:00:00,181.0
MAC000034,Std,2013-01-13 13:30:00,186.0
MAC000034,Std,2013-01-13 14:00:00,65.0
MAC000034,Std,2013-01-13 14:30:00,55.0
MAC000034,Std,2013-01-13 15:00:00,63.0
MAC000034,Std,2013-01-13 15:30:00,142.0
MAC000034,Std,2013-01-13 16:00:00,177.0
MAC000034,Std,2013-01-13 16:30:00,161.0
MAC000034,Std,2013-01-13 17:00:00,175.0
MAC000034,Std,2013-01-13 17:30:00,184.0
MAC000034,Std,2013-01-13 18:00:00,250.0
MAC000034,Std,2013-01-13 18:30:00,267.0
MAC000034,Std,2013-01-13 19:00:00,362.0
MAC000034,Std,2013-01-13 19:30:00,205.0
MAC000034,Std,2013-01-13 20:00:00,172.0
MAC000034,Std,2013-01-13 20:30:00,207.0
MAC000034,Std,2013-01-13 21:00:00,220.0
MAC000034,Std,2013-01-13 21:30:00,208.0
MAC000034,Std,2013-01-13 22:00:00,213.0
MAC000034,Std,2013-01-13 22:30:00,152.0
MAC000034,Std,2013-01-13 23:00:00,220.0
MAC000034,Std,2013-01-13 23:30:00,188.0
MAC000034,Std,2013-01-14 00:00:00,4671.999900000001
MAC000034,Std,2013-01-14 00:30:00,4388.9999
MAC000034,Std,2013-01-14 01:00:00,4097.0001
MAC000034,Std,2013-01-14 01:30:00,4191.9999
MAC000034,Std,2013-01-14 02:00:00,3822.0
MAC000034,Std,2013-01-14 02:30:00,4144.0001
MAC000034,Std,2013-01-14 03:00:00,3737.9999
MAC000034,Std,2013-01-14 03:30:00,1827.9999
MAC000034,Std,2013-01-14 04:00:00,1383.0
MAC000034,Std,2013-01-14 04:30:00,1436.0
MAC000034,Std,2013-01-14 05:00:00,1667.0001000000002
MAC000034,Std,2013-01-14 05:30:00,1388.0
MAC000034,Std,2013-01-14 06:00:00,1399.0
MAC000034,Std,2013-01-14 06:30:00,2030.9999
MAC000034,Std,2013-01-14 07:00:00,71.0
MAC000034,Std,2013-01-14 07:30:00,32.0
MAC000034,Std,2013-01-14 08:00:00,50.0
MAC000034,Std,2013-01-14 08:30:00,64.0
MAC000034,Std,2013-01-14 09:00:00,99.0
MAC000034,Std,2013-01-14 09:30:00,90.0
MAC000034,Std,2013-01-14 10:00:00,75.0
MAC000034,Std,2013-01-14 10:30:00,97.0
MAC000034,Std,2013-01-14 11:00:00,130.0
MAC000034,Std,2013-01-14 11:30:00,113.0
MAC000034,Std,2013-01-14 12:00:00,98.0
MAC000034,Std,2013-01-14 12:30:00,251.0
MAC000034,Std,2013-01-14 13:00:00,111.0
MAC000034,Std,2013-01-14 13:30:00,106.0
MAC000034,Std,2013-01-14 14:00:00,199.0
MAC000034,Std,2013-01-14 14:30:00,161.0
MAC000034,Std,2013-01-14 15:00:00,100.0
MAC000034,Std,2013-01-14 15:30:00,219.0
MAC000034,Std,2013-01-14 16:00:00,92.0
MAC000034,Std,2013-01-14 16:30:00,48.0
MAC000034,Std,2013-01-14 17:00:00,97.0
MAC000034,Std,2013-01-14 17:30:00,116.0
MAC000034,Std,2013-01-14 18:00:00,294.0
MAC000034,Std,2013-01-14 18:30:00,175.0
MAC000034,Std,2013-01-14 19:00:00,203.0
MAC000034,Std,2013-01-14 19:30:00,212.0
MAC000034,Std,2013-01-14 20:00:00,137.0
MAC000034,Std,2013-01-14 20:30:00,176.0
MAC000034,Std,2013-01-14 21:00:00,183.0
MAC000034,Std,2013-01-14 21:30:00,166.0
MAC000034,Std,2013-01-14 22:00:00,163.0
MAC000034,Std,2013-01-14 22:30:00,205.0
MAC000034,Std,2013-01-14 23:00:00,207.0
MAC000034,Std,2013-01-14 23:30:00,344.0
MAC000034,Std,2013-01-15 00:00:00,4581.9998000000005
MAC000034,Std,2013-01-15 00:30:00,4625.0
MAC000034,Std,2013-01-15 01:00:00,4067.9998
MAC000034,Std,2013-01-15 01:30:00,4208.0002
MAC000034,Std,2013-01-15 02:00:00,3915.9999
MAC000034,Std,2013-01-15 02:30:00,3937.0
MAC000034,Std,2013-01-15 03:00:00,3563.0
MAC000034,Std,2013-01-15 03:30:00,1664.0
MAC000034,Std,2013-01-15 04:00:00,1262.0
MAC000034,Std,2013-01-15 04:30:00,1394.0001
MAC000034,Std,2013-01-15 05:00:00,1928.0
MAC000034,Std,2013-01-15 05:30:00,1286.9999
MAC000034,Std,2013-01-15 06:00:00,1298.0
MAC000034,Std,2013-01-15 06:30:00,1346.0
MAC000034,Std,2013-01-15 07:00:00,62.0
MAC000034,Std,2013-01-15 07:30:00,43.0
MAC000034,Std,2013-01-15 08:00:00,104.0
MAC000034,Std,2013-01-15 08:30:00,105.0
MAC000034,Std,2013-01-15 09:00:00,79.0
MAC000034,Std,2013-01-15 09:30:00,54.0
MAC000034,Std,2013-01-15 10:00:00,93.0
MAC000034,Std,2013-01-15 10:30:00,123.0
MAC000034,Std,2013-01-15 11:00:00,110.0
MAC000034,Std,2013-01-15 11:30:00,213.0
MAC000034,Std,2013-01-15 12:00:00,127.0
MAC000034,Std,2013-01-15 12:30:00,155.0
MAC000034,Std,2013-01-15 13:00:00,210.0
MAC000034,Std,2013-01-15 13:30:00,237.0
MAC000034,Std,2013-01-15 14:00:00,148.0
MAC000034,Std,2013-01-15 14:30:00,75.0
MAC000034,Std,2013-01-15 15:00:00,80.0
MAC000034,Std,2013-01-15 15:30:00,105.0
MAC000034,Std,2013-01-15 16:00:00,103.0
MAC000034,Std,2013-01-15 16:30:00,141.0
MAC000034,Std,2013-01-15 17:00:00,153.0
MAC000034,Std,2013-01-15 17:30:00,166.0
MAC000034,Std,2013-01-15 18:00:00,333.0
MAC000034,Std,2013-01-15 18:30:00,209.0
MAC000034,Std,2013-01-15 19:00:00,187.0
MAC000034,Std,2013-01-15 19:30:00,178.0
MAC000034,Std,2013-01-15 20:00:00,218.0
MAC000034,Std,2013-01-15 20:30:00,222.0
MAC000034,Std,2013-01-15 21:00:00,175.0
MAC000034,Std,2013-01-15 21:30:00,147.0
MAC000034,Std,2013-01-15 22:00:00,175.0
MAC000034,Std,2013-01-15 22:30:00,178.0
MAC000034,Std,2013-01-15 23:00:00,244.0
MAC000034,Std,2013-01-15 23:30:00,450.0
MAC000034,Std,2013-01-16 00:00:00,4737.9999
MAC000034,Std,2013-01-16 00:30:00,4693.9998000000005
MAC000034,Std,2013-01-16 01:00:00,4581.9998000000005
MAC000034,Std,2013-01-16 01:30:00,4129.0002
MAC000034,Std,2013-01-16 02:00:00,4114.9998
MAC000034,Std,2013-01-16 02:30:00,3881.0
MAC000034,Std,2013-01-16 03:00:00,3440.0001
MAC000034,Std,2013-01-16 03:30:00,2500.0
MAC000034,Std,2013-01-16 04:00:00,1116.0001
MAC000034,Std,2013-01-16 04:30:00,1732.0
MAC000034,Std,2013-01-16 05:00:00,1501.0
MAC000034,Std,2013-01-16 05:30:00,1418.0
MAC000034,Std,2013-01-16 06:00:00,1883.9999
MAC000034,Std,2013-01-16 06:30:00,974.0
MAC000034,Std,2013-01-16 07:00:00,39.0
MAC000034,Std,2013-01-16 07:30:00,45.0
MAC000034,Std,2013-01-16 08:00:00,52.0
MAC000034,Std,2013-01-16 08:30:00,30.0
MAC000034,Std,2013-01-16 09:00:00,80.0
MAC000034,Std,2013-01-16 09:30:00,133.0
MAC000034,Std,2013-01-16 10:00:00,129.0
MAC000034,Std,2013-01-16 10:30:00,119.0
MAC000034,Std,2013-01-16 11:00:00,128.0
MAC000034,Std,2013-01-16 11:30:00,168.0
MAC000034,Std,2013-01-16 12:00:00,177.0
MAC000034,Std,2013-01-16 12:30:00,158.0
MAC000034,Std,2013-01-16 13:00:00,1498.0
MAC000034,Std,2013-01-16 13:30:00,1443.0
MAC000034,Std,2013-01-16 14:00:00,98.0
MAC000034,Std,2013-01-16 14:30:00,134.0
MAC000034,Std,2013-01-16 15:00:00,167.0
MAC000034,Std,2013-01-16 15:30:00,60.0
MAC000034,Std,2013-01-16 16:00:00,48.0
MAC000034,Std,2013-01-16 16:30:00,49.0
MAC000034,Std,2013-01-16 17:00:00,39.0
MAC000034,Std,2013-01-16 17:30:00,226.0
MAC000034,Std,2013-01-16 18:00:00,155.0
MAC000034,Std,2013-01-16 18:30:00,133.0
MAC000034,Std,2013-01-16 19:00:00,154.0
MAC000034,Std,2013-01-16 19:30:00,148.0
MAC000034,Std,2013-01-16 20:00:00,215.0
MAC000034,Std,2013-01-16 20:30:00,223.0
MAC000034,Std,2013-01-16 21:00:00,182.0
MAC000034,Std,2013-01-16 21:30:00,234.0
MAC000034,Std,2013-01-16 22:00:00,206.0
MAC000034,Std,2013-01-16 22:30:00,153.0
MAC000034,Std,2013-01-16 23:00:00,164.0
MAC000034,Std,2013-01-16 23:30:00,503.0
MAC000034,Std,2013-01-17 00:00:00,5110.000099999999
MAC000034,Std,2013-01-17 00:30:00,4153.9998000000005
MAC000034,Std,2013-01-17 01:00:00,4561.9998
MAC000034,Std,2013-01-17 01:30:00,4251.999900000001
MAC000034,Std,2013-01-17 02:00:00,3865.9999
MAC000034,Std,2013-01-17 02:30:00,4086.000000000001
MAC000034,Std,2013-01-17 03:00:00,3528.0001
MAC000034,Std,2013-01-17 03:30:00,2191.0
MAC000034,Std,2013-01-17 04:00:00,863.0
MAC000034,Std,2013-01-17 04:30:00,2066.9999
MAC000034,Std,2013-01-17 05:00:00,893.0
MAC000034,Std,2013-01-17 05:30:00,1526.0
MAC000034,Std,2013-01-17 06:00:00,1349.0
MAC000034,Std,2013-01-17 06:30:00,1414.0
MAC000034,Std,2013-01-17 07:00:00,43.0
MAC000034,Std,2013-01-17 07:30:00,62.0
MAC000034,Std,2013-01-17 08:00:00,54.0
MAC000034,Std,2013-01-17 08:30:00,39.0
MAC000034,Std,2013-01-17 09:00:00,114.0
MAC000034,Std,2013-01-17 09:30:00,112.0
MAC000034,Std,2013-01-17 10:00:00,229.0
MAC000034,Std,2013-01-17 10:30:00,106.0
MAC000034,Std,2013-01-17 11:00:00,49.0
MAC000034,Std,2013-01-17 11:30:00,98.0
MAC000034,Std,2013-01-17 12:00:00,88.0
MAC000034,Std,2013-01-17 12:30:00,49.0
MAC000034,Std,2013-01-17 13:00:00,49.0
MAC000034,Std,2013-01-17 13:30:00,30.0
MAC000034,Std,2013-01-17 14:00:00,46.0
MAC000034,Std,2013-01-17 14:30:00,86.0
MAC000034,Std,2013-01-17 15:00:00,92.0
MAC000034,Std,2013-01-17 15:30:00,116.0
MAC000034,Std,2013-01-17 16:00:00,119.0
MAC000034,Std,2013-01-17 16:30:00,190.0
MAC000034,Std,2013-01-17 17:00:00,247.0
MAC000034,Std,2013-01-17 17:30:00,356.0
MAC000034,Std,2013-01-17 18:00:00,228.0
MAC000034,Std,2013-01-17 18:30:00,170.0
MAC000034,Std,2013-01-17 19:00:00,176.0
MAC000034,Std,2013-01-17 19:30:00,186.0
MAC000034,Std,2013-01-17 20:00:00,152.0
MAC000034,Std,2013-01-17 20:30:00,192.0
MAC000034,Std,2013-01-17 21:00:00,259.0
MAC000034,Std,2013-01-17 21:30:00,236.0
MAC000034,Std,2013-01-17 22:00:00,170.0
MAC000034,Std,2013-01-17 22:30:00,209.0
MAC000034,Std,2013-01-17 23:00:00,222.0
MAC000034,Std,2013-01-17 23:30:00,129.0
MAC000034,Std,2013-01-18 00:00:00,4929.9998
MAC000034,Std,2013-01-18 00:30:00,4691.0
MAC000034,Std,2013-01-18 01:00:00,4553.0
MAC000034,Std,2013-01-18 01:30:00,4176.0001
MAC000034,Std,2013-01-18 02:00:00,4145.9999
MAC000034,Std,2013-01-18 02:30:00,3990.0
MAC000034,Std,2013-01-18 03:00:00,3553.0
MAC000034,Std,2013-01-18 03:30:00,1897.0
MAC000034,Std,2013-01-18 04:00:00,1561.0
MAC000034,Std,2013-01-18 04:30:00,1382.0
MAC000034,Std,2013-01-18 05:00:00,1470.0
MAC000034,Std,2013-01-18 05:30:00,1729.0
MAC000034,Std,2013-01-18 06:00:00,956.0
MAC000034,Std,2013-01-18 06:30:00,1781.9999
MAC000034,Std,2013-01-18 07:00:00,61.0
MAC000034,Std,2013-01-18 07:30:00,70.0
MAC000034,Std,2013-01-18 08:00:00,53.0
MAC000034,Std,2013-01-18 08:30:00,34.0
MAC000034,Std,2013-01-18 09:00:00,59.0
MAC000034,Std,2013-01-18 09:30:00,44.0
MAC000034,Std,2013-01-18 10:00:00,66.0
MAC000034,Std,2013-01-18 10:30:00,171.0
MAC000034,Std,2013-01-18 11:00:00,144.0
MAC000034,Std,2013-01-18 11:30:00,169.0
MAC000034,Std,2013-01-18 12:00:00,134.0
MAC000034,Std,2013-01-18 12:30:00,103.0
MAC000034,Std,2013-01-18 13:00:00,225.0
MAC000034,Std,2013-01-18 13:30:00,117.0
MAC000034,Std,2013-01-18 14:00:00,103.0
MAC000034,Std,2013-01-18 14:30:00,107.0
MAC000034,Std,2013-01-18 15:00:00,117.0
MAC000034,Std,2013-01-18 15:30:00,88.0
MAC000034,Std,2013-01-18 16:00:00,50.0
MAC000034,Std,2013-01-18 16:30:00,208.0
MAC000034,Std,2013-01-18 17:00:00,123.0
MAC000034,Std,2013-01-18 17:30:00,62.0
MAC000034,Std,2013-01-18 18:00:00,247.0
MAC000034,Std,2013-01-18 18:30:00,110.0
MAC000034,Std,2013-01-18 19:00:00,147.0
MAC000034,Std,2013-01-18 19:30:00,184.0
MAC000034,Std,2013-01-18 20:00:00,260.0
MAC000034,Std,2013-01-18 20:30:00,192.0
MAC000034,Std,2013-01-18 21:00:00,260.0
MAC000034,Std,2013-01-18 21:30:00,243.0
MAC000034,Std,2013-01-18 22:00:00,221.0
MAC000034,Std,2013-01-18 22:30:00,158.0
MAC000034,Std,2013-01-18 23:00:00,167.0
MAC000034,Std,2013-01-18 23:30:00,155.0
MAC000034,Std,2013-01-19 00:00:00,4633.9998
MAC000034,Std,2013-01-19 00:30:00,4168.0002
MAC000034,Std,2013-01-19 01:00:00,4071.0001
MAC000034,Std,2013-01-19 01:30:00,4076.0002
MAC000034,Std,2013-01-19 02:00:00,4027.0
MAC000034,Std,2013-01-19 02:30:00,3915.9999
MAC000034,Std,2013-01-19 03:00:00,3959.0001
MAC000034,Std,2013-01-19 03:30:00,2224.9999
MAC000034,Std,2013-01-19 04:00:00,985.0
MAC000034,Std,2013-01-19 04:30:00,1649.0
MAC000034,Std,2013-01-19 05:00:00,1406.0
MAC000034,Std,2013-01-19 05:30:00,1758.9999
MAC000034,Std,2013-01-19 06:00:00,1122.0
MAC000034,Std,2013-01-19 06:30:00,1576.0
MAC000034,Std,2013-01-19 07:00:00,55.0
MAC000034,Std,2013-01-19 07:30:00,58.0
MAC000034,Std,2013-01-19 08:00:00,108.0
MAC000034,Std,2013-01-19 08:30:00,99.0
MAC000034,Std,2013-01-19 09:00:00,39.0
MAC000034,Std,2013-01-19 09:30:00,44.0
MAC000034,Std,2013-01-19 10:00:00,54.0
MAC000034,Std,2013-01-19 10:30:00,53.0
MAC000034,Std,2013-01-19 11:00:00,103.0
MAC000034,Std,2013-01-19 11:30:00,119.0
MAC000034,Std,2013-01-19 12:00:00,219.0
MAC000034,Std,2013-01-19 12:30:00,104.0
MAC000034,Std,2013-01-19 13:00:00,147.0
MAC000034,Std,2013-01-19 13:30:00,170.0
MAC000034,Std,2013-01-19 14:00:00,148.0
MAC000034,Std,2013-01-19 14:30:00,116.0
MAC000034,Std,2013-01-19 15:00:00,125.0
MAC000034,Std,2013-01-19 15:30:00,156.0
MAC000034,Std,2013-01-19 16:00:00,124.0
MAC000034,Std,2013-01-19 16:30:00,156.0
MAC000034,Std,2013-01-19 17:00:00,159.0
MAC000034,Std,2013-01-19 17:30:00,320.0
MAC000034,Std,2013-01-19 18:00:00,177.0
MAC000034,Std,2013-01-19 18:30:00,156.0
MAC000034,Std,2013-01-19 19:00:00,196.0
MAC000034,Std,2013-01-19 19:30:00,172.0
MAC000034,Std,2013-01-19 20:00:00,154.0
MAC000034,Std,2013-01-19 20:30:00,163.0
MAC000034,Std,2013-01-19 21:00:00,156.0
MAC000034,Std,2013-01-19 21:30:00,188.0
MAC000034,Std,2013-01-19 22:00:00,159.0
MAC000034,Std,2013-01-19 22:30:00,154.0
MAC000034,Std,2013-01-19 23:00:00,200.0
MAC000034,Std,2013-01-19 23:30:00,191.0
MAC000034,Std,2013-01-20 00:00:00,4919.0001
MAC000034,Std,2013-01-20 00:30:00,4652.9999
MAC000034,Std,2013-01-20 01:00:00,4945.0002
MAC000034,Std,2013-01-20 01:30:00,4652.9999
MAC000034,Std,2013-01-20 02:00:00,4527.0
MAC000034,Std,2013-01-20 02:30:00,4527.9999
MAC000034,Std,2013-01-20 03:00:00,4343.9999
MAC000034,Std,2013-01-20 03:30:00,3145.9999000000003
MAC000034,Std,2013-01-20 04:00:00,2410.0001
MAC000034,Std,2013-01-20 04:30:00,1269.0001
MAC000034,Std,2013-01-20 05:00:00,762.0
MAC000034,Std,2013-01-20 05:30:00,865.0
MAC000034,Std,2013-01-20 06:00:00,1120.0
MAC000034,Std,2013-01-20 06:30:00,896.0
MAC000034,Std,2013-01-20 07:00:00,54.0
MAC000034,Std,2013-01-20 07:30:00,67.0
MAC000034,Std,2013-01-20 08:00:00,62.0
MAC000034,Std,2013-01-20 08:30:00,64.0
MAC000034,Std,2013-01-20 09:00:00,69.0
MAC000034,Std,2013-01-20 09:30:00,132.0
MAC000034,Std,2013-01-20 10:00:00,120.0
MAC000034,Std,2013-01-20 10:30:00,217.0
MAC000034,Std,2013-01-20 11:00:00,111.0
MAC000034,Std,2013-01-20 11:30:00,89.0
MAC000034,Std,2013-01-20 12:00:00,113.0
MAC000034,Std,2013-01-20 12:30:00,78.0
MAC000034,Std,2013-01-20 13:00:00,103.0
MAC000034,Std,2013-01-20 13:30:00,115.0
MAC000034,Std,2013-01-20 14:00:00,376.0
MAC000034,Std,2013-01-20 14:30:00,2165.0
MAC000034,Std,2013-01-20 15:00:00,168.0
MAC000034,Std,2013-01-20 15:30:00,113.0
MAC000034,Std,2013-01-20 16:00:00,108.0
MAC000034,Std,2013-01-20 16:30:00,87.0
MAC000034,Std,2013-01-20 17:00:00,57.0
MAC000034,Std,2013-01-20 17:30:00,97.0
MAC000034,Std,2013-01-20 18:00:00,267.0
MAC000034,Std,2013-01-20 18:30:00,92.0
MAC000034,Std,2013-01-20 19:00:00,160.0
MAC000034,Std,2013-01-20 19:30:00,139.0
MAC000034,Std,2013-01-20 20:00:00,236.0
MAC000034,Std,2013-01-20 20:30:00,235.0
MAC000034,Std,2013-01-20 21:00:00,178.0
MAC000034,Std,2013-01-20 21:30:00,177.0
MAC000034,Std,2013-01-20 22:00:00,146.0
MAC000034,Std,2013-01-20 22:30:00,177.0
MAC000034,Std,2013-01-20 23:00:00,159.0
MAC000034,Std,2013-01-20 23:30:00,134.0
MAC000034,Std,2013-01-21 00:00:00,4270.0
MAC000034,Std,2013-01-21 00:00:00,4270.0
MAC000034,Std,2013-01-21 00:30:00,3868.0
MAC000034,Std,2013-01-21 01:00:00,4489.9998
MAC000034,Std,2013-01-21 01:30:00,4132.9999
MAC000034,Std,2013-01-21 02:00:00,4071.0001
MAC000034,Std,2013-01-21 02:30:00,3744.9999
MAC000034,Std,2013-01-21 03:00:00,3619.0
MAC000034,Std,2013-01-21 03:30:00,2270.9999000000003
MAC000034,Std,2013-01-21 04:00:00,618.0
MAC000034,Std,2013-01-21 04:30:00,1503.9999
MAC000034,Std,2013-01-21 05:00:00,1392.0
MAC000034,Std,2013-01-21 05:30:00,1201.0
MAC000034,Std,2013-01-21 06:00:00,1281.9999
MAC000034,Std,2013-01-21 06:30:00,1530.0
MAC000034,Std,2013-01-21 07:00:00,62.0
MAC000034,Std,2013-01-21 07:30:00,53.0
MAC000034,Std,2013-01-21 08:00:00,46.0
MAC000034,Std,2013-01-21 08:30:00,52.0
MAC000034,Std,2013-01-21 09:00:00,50.0
MAC000034,Std,2013-01-21 09:30:00,58.0
MAC000034,Std,2013-01-21 10:00:00,118.0
MAC000034,Std,2013-01-21 10:30:00,177.0
MAC000034,Std,2013-01-21 11:00:00,151.0
MAC000034,Std,2013-01-21 11:30:00,177.0
MAC000034,Std,2013-01-21 12:00:00,152.0
MAC000034,Std,2013-01-21 12:30:00,99.0
MAC000034,Std,2013-01-21 13:00:00,163.0
MAC000034,Std,2013-01-21 13:30:00,242.0
MAC000034,Std,2013-01-21 14:00:00,132.0
MAC000034,Std,2013-01-21 14:30:00,55.0
MAC000034,Std,2013-01-21 15:00:00,43.0
MAC000034,Std,2013-01-21 15:30:00,37.0
MAC000034,Std,2013-01-21 16:00:00,94.0
MAC000034,Std,2013-01-21 16:30:00,208.0
MAC000034,Std,2013-01-21 17:00:00,239.0
MAC000034,Std,2013-01-21 17:30:00,343.0
MAC000034,Std,2013-01-21 18:00:00,175.0
MAC000034,Std,2013-01-21 18:30:00,126.0
MAC000034,Std,2013-01-21 19:00:00,159.0
MAC000034,Std,2013-01-21 19:30:00,192.0
MAC000034,Std,2013-01-21 20:00:00,161.0
MAC000034,Std,2013-01-21 20:30:00,179.0
MAC000034,Std,2013-01-21 21:00:00,166.0
MAC000034,Std,2013-01-21 21:30:00,187.0
MAC000034,Std,2013-01-21 22:00:00,219.0
MAC000034,Std,2013-01-21 22:30:00,214.0
MAC000034,Std,2013-01-21 23:00:00,161.0
MAC000034,Std,2013-01-21 23:30:00,143.0
MAC000034,Std,2013-01-22 00:00:00,4655.0002
MAC000034,Std,2013-01-22 00:30:00,3892.0
MAC000034,Std,2013-01-22 01:00:00,4191.0
MAC000034,Std,2013-01-22 01:30:00,4152.0
MAC000034,Std,2013-01-22 02:00:00,4193.9998000000005
MAC000034,Std,2013-01-22 02:30:00,3848.0
MAC000034,Std,2013-01-22 03:00:00,3957.9999
MAC000034,Std,2013-01-22 03:30:00,2280.0
MAC000034,Std,2013-01-22 04:00:00,1416.0
MAC000034,Std,2013-01-22 04:30:00,1345.0
MAC000034,Std,2013-01-22 05:00:00,1480.9999
MAC000034,Std,2013-01-22 05:30:00,1442.0
MAC000034,Std,2013-01-22 06:00:00,1651.0
MAC000034,Std,2013-01-22 06:30:00,1196.0
MAC000034,Std,2013-01-22 07:00:00,50.0
MAC000034,Std,2013-01-22 07:30:00,45.0
MAC000034,Std,2013-01-22 08:00:00,31.0
MAC000034,Std,2013-01-22 08:30:00,49.0
MAC000034,Std,2013-01-22 09:00:00,100.0
MAC000034,Std,2013-01-22 09:30:00,101.0
MAC000034,Std,2013-01-22 10:00:00,115.0
MAC000034,Std,2013-01-22 10:30:00,111.0
MAC000034,Std,2013-01-22 11:00:00,96.0
MAC000034,Std,2013-01-22 11:30:00,166.0
MAC000034,Std,2013-01-22 12:00:00,295.0
MAC000034,Std,2013-01-22 12:30:00,158.0
MAC000034,Std,2013-01-22 13:00:00,175.0
MAC000034,Std,2013-01-22 13:30:00,167.0
MAC000034,Std,2013-01-22 14:00:00,142.0
MAC000034,Std,2013-01-22 14:30:00,149.0
MAC000034,Std,2013-01-22 15:00:00,165.0
MAC000034,Std,2013-01-22 15:30:00,109.0
MAC000034,Std,2013-01-22 16:00:00,132.0
MAC000034,Std,2013-01-22 16:30:00,124.0
MAC000034,Std,2013-01-22 17:00:00,117.0
MAC000034,Std,2013-01-22 17:30:00,151.0
MAC000034,Std,2013-01-22 18:00:00,343.0
MAC000034,Std,2013-01-22 18:30:00,160.0
MAC000034,Std,2013-01-22 19:00:00,179.0
MAC000034,Std,2013-01-22 19:30:00,151.0
MAC000034,Std,2013-01-22 20:00:00,206.0
MAC000034,Std,2013-01-22 20:30:00,267.0
MAC000034,Std,2013-01-22 21:00:00,242.0
MAC000034,Std,2013-01-22 21:30:00,204.0
MAC000034,Std,2013-01-22 22:00:00,163.0
MAC000034,Std,2013-01-22 22:30:00,171.0
MAC000034,Std,2013-01-22 23:00:00,146.0
MAC000034,Std,2013-01-22 23:30:00,388.0
MAC000034,Std,2013-01-23 00:00:00,5071.0001
MAC000034,Std,2013-01-23 00:30:00,4513.9999
MAC000034,Std,2013-01-23 01:00:00,4334.0001
MAC000034,Std,2013-01-23 01:30:00,4199.9998
MAC000034,Std,2013-01-23 02:00:00,4171.0
MAC000034,Std,2013-01-23 02:30:00,3661.0
MAC000034,Std,2013-01-23 03:00:00,3538.0001
MAC000034,Std,2013-01-23 03:30:00,2076.0
MAC000034,Std,2013-01-23 04:00:00,1558.0
MAC000034,Std,2013-01-23 04:30:00,1370.0
MAC000034,Std,2013-01-23 05:00:00,1360.9999
MAC000034,Std,2013-01-23 05:30:00,1700.0
MAC000034,Std,2013-01-23 06:00:00,1063.0
MAC000034,Std,2013-01-23 06:30:00,1377.0
MAC000034,Std,2013-01-23 07:00:00,48.0
MAC000034,Std,2013-01-23 07:30:00,43.0
MAC000034,Std,2013-01-23 08:00:00,56.0
MAC000034,Std,2013-01-23 08:30:00,32.0
MAC000034,Std,2013-01-23 09:00:00,52.0
MAC000034,Std,2013-01-23 09:30:00,57.0
MAC000034,Std,2013-01-23 10:00:00,91.0
MAC000034,Std,2013-01-23 10:30:00,118.0
MAC000034,Std,2013-01-23 11:00:00,228.0
MAC000034,Std,2013-01-23 11:30:00,165.0
MAC000034,Std,2013-01-23 12:00:00,172.0
MAC000034,Std,2013-01-23 12:30:00,104.0
MAC000034,Std,2013-01-23 13:00:00,402.0
MAC000034,Std,2013-01-23 13:30:00,92.0
MAC000034,Std,2013-01-23 14:00:00,33.0
MAC000034,Std,2013-01-23 14:30:00,46.0
MAC000034,Std,2013-01-23 15:00:00,52.0
MAC000034,Std,2013-01-23 15:30:00,30.0
MAC000034,Std,2013-01-23 16:00:00,49.0
MAC000034,Std,2013-01-23 16:30:00,58.0
MAC000034,Std,2013-01-23 17:00:00,119.0
MAC000034,Std,2013-01-23 17:30:00,303.0
MAC000034,Std,2013-01-23 18:00:00,146.0
MAC000034,Std,2013-01-23 18:30:00,163.0
MAC000034,Std,2013-01-23 19:00:00,150.0
MAC000034,Std,2013-01-23 19:30:00,191.0
MAC000034,Std,2013-01-23 20:00:00,144.0
MAC000034,Std,2013-01-23 20:30:00,201.0
MAC000034,Std,2013-01-23 21:00:00,217.0
MAC000034,Std,2013-01-23 21:30:00,311.0
MAC000034,Std,2013-01-23 22:00:00,237.0
MAC000034,Std,2013-01-23 22:30:00,181.0
MAC000034,Std,2013-01-23 23:00:00,155.0
MAC000034,Std,2013-01-23 23:30:00,193.0
MAC000034,Std,2013-01-24 00:00:00,4592.0
MAC000034,Std,2013-01-24 00:30:00,4284.9998
MAC000034,Std,2013-01-24 01:00:00,4197.0
MAC000034,Std,2013-01-24 01:30:00,4160.9998
MAC000034,Std,2013-01-24 02:00:00,4285.9998
MAC000034,Std,2013-01-24 02:30:00,4184.9999
MAC000034,Std,2013-01-24 03:00:00,3671.9999
MAC000034,Std,2013-01-24 03:30:00,2471.0
MAC000034,Std,2013-01-24 04:00:00,846.0
MAC000034,Std,2013-01-24 04:30:00,1711.0
MAC000034,Std,2013-01-24 05:00:00,959.0
MAC000034,Std,2013-01-24 05:30:00,1883.0
MAC000034,Std,2013-01-24 06:00:00,869.0
MAC000034,Std,2013-01-24 06:30:00,1378.0
MAC000034,Std,2013-01-24 07:00:00,108.0
MAC000034,Std,2013-01-24 07:30:00,100.0
MAC000034,Std,2013-01-24 08:00:00,54.0
MAC000034,Std,2013-01-24 08:30:00,54.0
MAC000034,Std,2013-01-24 09:00:00,34.0
MAC000034,Std,2013-01-24 09:30:00,54.0
MAC000034,Std,2013-01-24 10:00:00,67.0
MAC000034,Std,2013-01-24 10:30:00,104.0
MAC000034,Std,2013-01-24 11:00:00,121.0
MAC000034,Std,2013-01-24 11:30:00,121.0
MAC000034,Std,2013-01-24 12:00:00,213.0
MAC000034,Std,2013-01-24 12:30:00,238.0
MAC000034,Std,2013-01-24 13:00:00,168.0
MAC000034,Std,2013-01-24 13:30:00,174.0
MAC000034,Std,2013-01-24 14:00:00,198.0
MAC000034,Std,2013-01-24 14:30:00,109.0
MAC000034,Std,2013-01-24 15:00:00,1097.0
MAC000034,Std,2013-01-24 15:30:00,108.0
MAC000034,Std,2013-01-24 16:00:00,34.0
MAC000034,Std,2013-01-24 16:30:00,54.0
MAC000034,Std,2013-01-24 17:00:00,52.0
MAC000034,Std,2013-01-24 17:30:00,108.0
MAC000034,Std,2013-01-24 18:00:00,333.0
MAC000034,Std,2013-01-24 18:30:00,130.0
MAC000034,Std,2013-01-24 19:00:00,179.0
MAC000034,Std,2013-01-24 19:30:00,163.0
MAC000034,Std,2013-01-24 20:00:00,231.0
MAC000034,Std,2013-01-24 20:30:00,185.0
MAC000034,Std,2013-01-24 21:00:00,177.0
MAC000034,Std,2013-01-24 21:30:00,176.0
MAC000034,Std,2013-01-24 22:00:00,237.0
MAC000034,Std,2013-01-24 22:30:00,229.0
MAC000034,Std,2013-01-24 23:00:00,240.0
MAC000034,Std,2013-01-24 23:30:00,376.0
MAC000034,Std,2013-01-25 00:00:00,5084.0001
MAC000034,Std,2013-01-25 00:30:00,4761.0002
MAC000034,Std,2013-01-25 01:00:00,5362.0
MAC000034,Std,2013-01-25 01:30:00,5828.000099999999
MAC000034,Std,2013-01-25 02:00:00,5861.0001
MAC000034,Std,2013-01-25 02:30:00,5815.0001
MAC000034,Std,2013-01-25 03:00:00,5323.9999
MAC000034,Std,2013-01-25 03:30:00,4372.0002
MAC000034,Std,2013-01-25 04:00:00,2457.9999
MAC000034,Std,2013-01-25 04:30:00,2865.0
MAC000034,Std,2013-01-25 05:00:00,2744.9999
MAC000034,Std,2013-01-25 05:30:00,3038.0001
MAC000034,Std,2013-01-25 06:00:00,2494.9999
MAC000034,Std,2013-01-25 06:30:00,2474.0
MAC000034,Std,2013-01-25 07:00:00,88.0
MAC000034,Std,2013-01-25 07:30:00,120.0
MAC000034,Std,2013-01-25 08:00:00,45.0
MAC000034,Std,2013-01-25 08:30:00,50.0
MAC000034,Std,2013-01-25 09:00:00,51.0
MAC000034,Std,2013-01-25 09:30:00,53.0
MAC000034,Std,2013-01-25 10:00:00,122.0
MAC000034,Std,2013-01-25 10:30:00,104.0
MAC000034,Std,2013-01-25 11:00:00,240.0
MAC000034,Std,2013-01-25 11:30:00,141.0
MAC000034,Std,2013-01-25 12:00:00,179.0
MAC000034,Std,2013-01-25 12:30:00,171.0
MAC000034,Std,2013-01-25 13:00:00,117.0
MAC000034,Std,2013-01-25 13:30:00,120.0
MAC000034,Std,2013-01-25 14:00:00,148.0
MAC000034,Std,2013-01-25 14:30:00,144.0
MAC000034,Std,2013-01-25 15:00:00,423.0
MAC000034,Std,2013-01-25 15:30:00,178.0
MAC000034,Std,2013-01-25 16:00:00,90.0
MAC000034,Std,2013-01-25 16:30:00,37.0
MAC000034,Std,2013-01-25 17:00:00,103.0
MAC000034,Std,2013-01-25 17:30:00,316.0
MAC000034,Std,2013-01-25 18:00:00,137.0
MAC000034,Std,2013-01-25 18:30:00,166.0
MAC000034,Std,2013-01-25 19:00:00,170.0
MAC000034,Std,2013-01-25 19:30:00,143.0
MAC000034,Std,2013-01-25 20:00:00,187.0
MAC000034,Std,2013-01-25 20:30:00,184.0
MAC000034,Std,2013-01-25 21:00:00,207.0
MAC000034,Std,2013-01-25 21:30:00,244.0
MAC000034,Std,2013-01-25 22:00:00,201.0
MAC000034,Std,2013-01-25 22:30:00,205.0
MAC000034,Std,2013-01-25 23:00:00,151.0
MAC000034,Std,2013-01-25 23:30:00,184.0
MAC000034,Std,2013-01-26 00:00:00,6093.9999
MAC000034,Std,2013-01-26 00:30:00,5145.9999
MAC000034,Std,2013-01-26 01:00:00,5573.0
MAC000034,Std,2013-01-26 01:30:00,5340.0002
MAC000034,Std,2013-01-26 02:00:00,5317.9998
MAC000034,Std,2013-01-26 02:30:00,5089.0002
MAC000034,Std,2013-01-26 03:00:00,4441.9999
MAC000034,Std,2013-01-26 03:30:00,2980.9999000000003
MAC000034,Std,2013-01-26 04:00:00,1581.0
MAC000034,Std,2013-01-26 04:30:00,2105.0
MAC000034,Std,2013-01-26 05:00:00,2122.0
MAC000034,Std,2013-01-26 05:30:00,1870.0
MAC000034,Std,2013-01-26 06:00:00,1837.0
MAC000034,Std,2013-01-26 06:30:00,1756.0
MAC000034,Std,2013-01-26 07:00:00,99.0
MAC000034,Std,2013-01-26 07:30:00,103.0
MAC000034,Std,2013-01-26 08:00:00,34.0
MAC000034,Std,2013-01-26 08:30:00,58.0
MAC000034,Std,2013-01-26 09:00:00,47.0
MAC000034,Std,2013-01-26 09:30:00,44.0
MAC000034,Std,2013-01-26 10:00:00,57.0
MAC000034,Std,2013-01-26 10:30:00,38.0
MAC000034,Std,2013-01-26 11:00:00,63.0
MAC000034,Std,2013-01-26 11:30:00,111.0
MAC000034,Std,2013-01-26 12:00:00,166.0
MAC000034,Std,2013-01-26 12:30:00,176.0
MAC000034,Std,2013-01-26 13:00:00,244.0
MAC000034,Std,2013-01-26 13:30:00,131.0
MAC000034,Std,2013-01-26 14:00:00,115.0
MAC000034,Std,2013-01-26 14:30:00,155.0
MAC000034,Std,2013-01-26 15:00:00,171.0
MAC000034,Std,2013-01-26 15:30:00,178.0
MAC000034,Std,2013-01-26 16:00:00,177.0
MAC000034,Std,2013-01-26 16:30:00,207.0
MAC000034,Std,2013-01-26 17:00:00,624.0
MAC000034,Std,2013-01-26 17:30:00,303.0
MAC000034,Std,2013-01-26 18:00:00,170.0
MAC000034,Std,2013-01-26 18:30:00,176.0
MAC000034,Std,2013-01-26 19:00:00,184.0
MAC000034,Std,2013-01-26 19:30:00,144.0
MAC000034,Std,2013-01-26 20:00:00,203.0
MAC000034,Std,2013-01-26 20:30:00,203.0
MAC000034,Std,2013-01-26 21:00:00,218.0
MAC000034,Std,2013-01-26 21:30:00,231.0
MAC000034,Std,2013-01-26 22:00:00,228.0
MAC000034,Std,2013-01-26 22:30:00,174.0
MAC000034,Std,2013-01-26 23:00:00,155.0
MAC000034,Std,2013-01-26 23:30:00,120.0
MAC000034,Std,2013-01-27 00:00:00,5462.9998000000005
MAC000034,Std,2013-01-27 00:30:00,5106.9999
MAC000034,Std,2013-01-27 01:00:00,5139.999900000001
MAC000034,Std,2013-01-27 01:30:00,4809.0
MAC000034,Std,2013-01-27 02:00:00,5051.0001
MAC000034,Std,2013-01-27 02:30:00,5008.9998
MAC000034,Std,2013-01-27 03:00:00,3811.0001
MAC000034,Std,2013-01-27 03:30:00,2088.0001
MAC000034,Std,2013-01-27 04:00:00,1926.0
MAC000034,Std,2013-01-27 04:30:00,2476.0001
MAC000034,Std,2013-01-27 05:00:00,2115.9999
MAC000034,Std,2013-01-27 05:30:00,1779.0
MAC000034,Std,2013-01-27 06:00:00,1358.0
MAC000034,Std,2013-01-27 06:30:00,1646.0
MAC000034,Std,2013-01-27 07:00:00,95.0
MAC000034,Std,2013-01-27 07:30:00,55.0
MAC000034,Std,2013-01-27 08:00:00,45.0
MAC000034,Std,2013-01-27 08:30:00,66.0
MAC000034,Std,2013-01-27 09:00:00,53.0
MAC000034,Std,2013-01-27 09:30:00,68.0
MAC000034,Std,2013-01-27 10:00:00,116.0
MAC000034,Std,2013-01-27 10:30:00,112.0
MAC000034,Std,2013-01-27 11:00:00,184.0
MAC000034,Std,2013-01-27 11:30:00,159.0
MAC000034,Std,2013-01-27 12:00:00,230.0
MAC000034,Std,2013-01-27 12:30:00,90.0
MAC000034,Std,2013-01-27 13:00:00,125.0
MAC000034,Std,2013-01-27 13:30:00,65.0
MAC000034,Std,2013-01-27 14:00:00,1661.9999
MAC000034,Std,2013-01-27 14:30:00,78.0
MAC000034,Std,2013-01-27 15:00:00,110.0
MAC000034,Std,2013-01-27 15:30:00,150.0
MAC000034,Std,2013-01-27 16:00:00,124.0
MAC000034,Std,2013-01-27 16:30:00,86.0
MAC000034,Std,2013-01-27 17:00:00,155.0
MAC000034,Std,2013-01-27 17:30:00,300.0
MAC000034,Std,2013-01-27 18:00:00,166.0
MAC000034,Std,2013-01-27 18:30:00,93.0
MAC000034,Std,2013-01-27 19:00:00,138.0
MAC000034,Std,2013-01-27 19:30:00,173.0
MAC000034,Std,2013-01-27 20:00:00,163.0
MAC000034,Std,2013-01-27 20:30:00,274.0
MAC000034,Std,2013-01-27 21:00:00,242.0
MAC000034,Std,2013-01-27 21:30:00,176.0
MAC000034,Std,2013-01-27 22:00:00,146.0
MAC000034,Std,2013-01-27 22:30:00,187.0
MAC000034,Std,2013-01-27 23:00:00,215.0
MAC000034,Std,2013-01-27 23:30:00,197.0
MAC000034,Std,2013-01-28 00:00:00,6018.0001
MAC000034,Std,2013-01-28 00:30:00,5183.0001
MAC000034,Std,2013-01-28 01:00:00,5211.0
MAC000034,Std,2013-01-28 01:30:00,5249.0001
MAC000034,Std,2013-01-28 02:00:00,4770.0
MAC000034,Std,2013-01-28 02:30:00,4847.0001
MAC000034,Std,2013-01-28 03:00:00,4008.9998
MAC000034,Std,2013-01-28 03:30:00,2367.0001
MAC000034,Std,2013-01-28 04:00:00,1888.0
MAC000034,Std,2013-01-28 04:30:00,3109.9999000000003
MAC000034,Std,2013-01-28 05:00:00,1608.0
MAC000034,Std,2013-01-28 05:30:00,1732.0
MAC000034,Std,2013-01-28 06:00:00,1671.0
MAC000034,Std,2013-01-28 06:30:00,1489.0
MAC000034,Std,2013-01-28 07:00:00,62.0
MAC000034,Std,2013-01-28 07:30:00,40.0
MAC000034,Std,2013-01-28 08:00:00,51.0
MAC000034,Std,2013-01-28 08:30:00,50.0
MAC000034,Std,2013-01-28 09:00:00,40.0
MAC000034,Std,2013-01-28 09:30:00,104.0
MAC000034,Std,2013-01-28 10:00:00,178.0
MAC000034,Std,2013-01-28 10:30:00,148.0
MAC000034,Std,2013-01-28 11:00:00,149.0
MAC000034,Std,2013-01-28 11:30:00,163.0
MAC000034,Std,2013-01-28 12:00:00,310.0
MAC000034,Std,2013-01-28 12:30:00,162.0
MAC000034,Std,2013-01-28 13:00:00,459.0
MAC000034,Std,2013-01-28 13:30:00,601.0
MAC000034,Std,2013-01-28 14:00:00,578.0
MAC000034,Std,2013-01-28 14:30:00,615.0
MAC000034,Std,2013-01-28 15:00:00,575.0
MAC000034,Std,2013-01-28 15:30:00,524.0
MAC000034,Std,2013-01-28 16:00:00,457.0
MAC000034,Std,2013-01-28 16:30:00,475.0
MAC000034,Std,2013-01-28 17:00:00,455.0
MAC000034,Std,2013-01-28 17:30:00,642.0
MAC000034,Std,2013-01-28 18:00:00,551.0
MAC000034,Std,2013-01-28 18:30:00,586.0
MAC000034,Std,2013-01-28 19:00:00,634.0
MAC000034,Std,2013-01-28 19:30:00,633.0
MAC000034,Std,2013-01-28 20:00:00,591.0
MAC000034,Std,2013-01-28 20:30:00,591.0
MAC000034,Std,2013-01-28 21:00:00,583.0
MAC000034,Std,2013-01-28 21:30:00,587.0
MAC000034,Std,2013-01-28 22:00:00,580.0
MAC000034,Std,2013-01-28 22:30:00,599.0
MAC000034,Std,2013-01-28 23:00:00,664.0
MAC000034,Std,2013-01-28 23:30:00,666.0
MAC000034,Std,2013-01-29 00:00:00,6073.9999
MAC000034,Std,2013-01-29 00:30:00,5356.9999
MAC000034,Std,2013-01-29 01:00:00,5212.9998000000005
MAC000034,Std,2013-01-29 01:30:00,5117.0001
MAC000034,Std,2013-01-29 02:00:00,5370.9998
MAC000034,Std,2013-01-29 02:30:00,4822.0
MAC000034,Std,2013-01-29 03:00:00,3805.0001
MAC000034,Std,2013-01-29 03:30:00,2288.0001
MAC000034,Std,2013-01-29 04:00:00,2332.0
MAC000034,Std,2013-01-29 04:30:00,2283.0
MAC000034,Std,2013-01-29 05:00:00,2519.0001
MAC000034,Std,2013-01-29 05:30:00,1838.0001
MAC000034,Std,2013-01-29 06:00:00,2283.9999
MAC000034,Std,2013-01-29 06:30:00,1995.0
MAC000034,Std,2013-01-29 07:00:00,493.0
MAC000034,Std,2013-01-29 07:30:00,518.0
MAC000034,Std,2013-01-29 08:00:00,513.0
MAC000034,Std,2013-01-29 08:30:00,492.0
MAC000034,Std,2013-01-29 09:00:00,446.0
MAC000034,Std,2013-01-29 09:30:00,488.0
MAC000034,Std,2013-01-29 10:00:00,528.0
MAC000034,Std,2013-01-29 10:30:00,534.0
MAC000034,Std,2013-01-29 11:00:00,540.0
MAC000034,Std,2013-01-29 11:30:00,684.0
MAC000034,Std,2013-01-29 12:00:00,629.0
MAC000034,Std,2013-01-29 12:30:00,611.0
MAC000034,Std,2013-01-29 13:00:00,588.0
MAC000034,Std,2013-01-29 13:30:00,541.0
MAC000034,Std,2013-01-29 14:00:00,533.0
MAC000034,Std,2013-01-29 14:30:00,542.0
MAC000034,Std,2013-01-29 15:00:00,533.0
MAC000034,Std,2013-01-29 15:30:00,285.0
MAC000034,Std,2013-01-29 16:00:00,138.0
MAC000034,Std,2013-01-29 16:30:00,131.0
MAC000034,Std,2013-01-29 17:00:00,57.0
MAC000034,Std,2013-01-29 17:30:00,84.0
MAC000034,Std,2013-01-29 18:00:00,278.0
MAC000034,Std,2013-01-29 18:30:00,226.0
MAC000034,Std,2013-01-29 19:00:00,224.0
MAC000034,Std,2013-01-29 19:30:00,230.0
MAC000034,Std,2013-01-29 20:00:00,292.0
MAC000034,Std,2013-01-29 20:30:00,257.0
MAC000034,Std,2013-01-29 21:00:00,240.0
MAC000034,Std,2013-01-29 21:30:00,173.0
MAC000034,Std,2013-01-29 22:00:00,197.0
MAC000034,Std,2013-01-29 22:30:00,172.0
MAC000034,Std,2013-01-29 23:00:00,140.0
MAC000034,Std,2013-01-29 23:30:00,171.0
MAC000034,Std,2013-01-30 00:00:00,5377.9998000000005
MAC000034,Std,2013-01-30 00:30:00,5214.0002
MAC000034,Std,2013-01-30 01:00:00,4616.0002
MAC000034,Std,2013-01-30 01:30:00,4693.9998000000005
MAC000034,Std,2013-01-30 02:00:00,4454.9999
MAC000034,Std,2013-01-30 02:30:00,3885.9999
MAC000034,Std,2013-01-30 03:00:00,2789.0
MAC000034,Std,2013-01-30 03:30:00,1266.0
MAC000034,Std,2013-01-30 04:00:00,1404.0
MAC000034,Std,2013-01-30 04:30:00,2020.0
MAC000034,Std,2013-01-30 05:00:00,1299.0
MAC000034,Std,2013-01-30 05:30:00,1959.0
MAC000034,Std,2013-01-30 06:00:00,1084.0
MAC000034,Std,2013-01-30 06:30:00,1493.0
MAC000034,Std,2013-01-30 07:00:00,70.0
MAC000034,Std,2013-01-30 07:30:00,47.0
MAC000034,Std,2013-01-30 08:00:00,106.0
MAC000034,Std,2013-01-30 08:30:00,123.0
MAC000034,Std,2013-01-30 09:00:00,81.0
MAC000034,Std,2013-01-30 09:30:00,46.0
MAC000034,Std,2013-01-30 10:00:00,113.0
MAC000034,Std,2013-01-30 10:30:00,168.0
MAC000034,Std,2013-01-30 11:00:00,204.0
MAC000034,Std,2013-01-30 11:30:00,152.0
MAC000034,Std,2013-01-30 12:00:00,158.0
MAC000034,Std,2013-01-30 12:30:00,163.0
MAC000034,Std,2013-01-30 13:00:00,214.0
MAC000034,Std,2013-01-30 13:30:00,124.0
MAC000034,Std,2013-01-30 14:00:00,74.0
MAC000034,Std,2013-01-30 14:30:00,67.0
MAC000034,Std,2013-01-30 15:00:00,36.0
MAC000034,Std,2013-01-30 15:30:00,68.0
MAC000034,Std,2013-01-30 16:00:00,48.0
MAC000034,Std,2013-01-30 16:30:00,129.0
MAC000034,Std,2013-01-30 17:00:00,145.0
MAC000034,Std,2013-01-30 17:30:00,230.0
MAC000034,Std,2013-01-30 18:00:00,164.0
MAC000034,Std,2013-01-30 18:30:00,168.0
MAC000034,Std,2013-01-30 19:00:00,163.0
MAC000034,Std,2013-01-30 19:30:00,212.0
MAC000034,Std,2013-01-30 20:00:00,246.0
MAC000034,Std,2013-01-30 20:30:00,235.0
MAC000034,Std,2013-01-30 21:00:00,223.0
MAC000034,Std,2013-01-30 21:30:00,207.0
MAC000034,Std,2013-01-30 22:00:00,235.0
MAC000034,Std,2013-01-30 22:30:00,211.0
MAC000034,Std,2013-01-30 23:00:00,165.0
MAC000034,Std,2013-01-30 23:30:00,200.0
MAC000034,Std,2013-01-31 00:00:00,5573.0
MAC000034,Std,2013-01-31 00:30:00,5076.0002
MAC000034,Std,2013-01-31 01:00:00,5157.0001
MAC000034,Std,2013-01-31 01:30:00,4866.0002
MAC000034,Std,2013-01-31 02:00:00,4380.0001
MAC000034,Std,2013-01-31 02:30:00,4477.0002
MAC000034,Std,2013-01-31 03:00:00,3200.0
MAC000034,Std,2013-01-31 03:30:00,1908.0
MAC000034,Std,2013-01-31 04:00:00,1608.0
MAC000034,Std,2013-01-31 04:30:00,2114.0001
MAC000034,Std,2013-01-31 05:00:00,1848.0
MAC000034,Std,2013-01-31 05:30:00,1693.0
MAC000034,Std,2013-01-31 06:00:00,1766.0
MAC000034,Std,2013-01-31 06:30:00,1215.0
MAC000034,Std,2013-01-31 07:00:00,43.0
MAC000034,Std,2013-01-31 07:30:00,59.0
MAC000034,Std,2013-01-31 08:00:00,66.0
MAC000034,Std,2013-01-31 08:30:00,77.0
MAC000034,Std,2013-01-31 09:00:00,126.0
MAC000034,Std,2013-01-31 09:30:00,98.0
MAC000034,Std,2013-01-31 10:00:00,119.0
MAC000034,Std,2013-01-31 10:30:00,117.0
MAC000034,Std,2013-01-31 11:00:00,222.0
MAC000034,Std,2013-01-31 11:30:00,127.0
MAC000034,Std,2013-01-31 12:00:00,197.0
MAC000034,Std,2013-01-31 12:30:00,82.0
MAC000034,Std,2013-01-31 13:00:00,109.0
MAC000034,Std,2013-01-31 13:30:00,105.0
MAC000034,Std,2013-01-31 14:00:00,48.0
MAC000034,Std,2013-01-31 14:30:00,50.0
MAC000034,Std,2013-01-31 15:00:00,53.0
MAC000034,Std,2013-01-31 15:30:00,42.0
MAC000034,Std,2013-01-31 16:00:00,57.0
MAC000034,Std,2013-01-31 16:30:00,36.0
MAC000034,Std,2013-01-31 17:00:00,109.0
MAC000034,Std,2013-01-31 17:30:00,98.0
MAC000034,Std,2013-01-31 18:00:00,124.0
MAC000034,Std,2013-01-31 18:30:00,71.0
MAC000034,Std,2013-01-31 19:00:00,89.0
MAC000034,Std,2013-01-31 19:30:00,80.0
MAC000034,Std,2013-01-31 20:00:00,79.0
MAC000034,Std,2013-01-31 20:30:00,91.0
MAC000034,Std,2013-01-31 21:00:00,71.0
MAC000034,Std,2013-01-31 21:30:00,148.0
MAC000034,Std,2013-01-31 22:00:00,125.0
MAC000034,Std,2013-01-31 22:30:00,170.0
MAC000034,Std,2013-01-31 23:00:00,187.0
MAC000034,Std,2013-01-31 23:30:00,187.0
MAC000034,Std,2013-02-01 00:00:00,5568.9998000000005
MAC000034,Std,2013-02-01 00:30:00,5303.9999
MAC000034,Std,2013-02-01 01:00:00,4915.9999
MAC000034,Std,2013-02-01 01:30:00,4690.0001
MAC000034,Std,2013-02-01 02:00:00,4629.0002
MAC000034,Std,2013-02-01 02:30:00,4474.999900000001
MAC000034,Std,2013-02-01 03:00:00,3734.0
MAC000034,Std,2013-02-01 03:30:00,1691.0
MAC000034,Std,2013-02-01 04:00:00,1653.0
MAC000034,Std,2013-02-01 04:30:00,1791.0
MAC000034,Std,2013-02-01 05:00:00,1855.0
MAC000034,Std,2013-02-01 05:30:00,1738.0
MAC000034,Std,2013-02-01 06:00:00,1454.0
MAC000034,Std,2013-02-01 06:30:00,1355.9999
MAC000034,Std,2013-02-01 07:00:00,122.0
MAC000034,Std,2013-02-01 07:30:00,38.0
MAC000034,Std,2013-02-01 08:00:00,74.0
MAC000034,Std,2013-02-01 08:30:00,40.0
MAC000034,Std,2013-02-01 09:00:00,62.0
MAC000034,Std,2013-02-01 09:30:00,39.0
MAC000034,Std,2013-02-01 10:00:00,82.0
MAC000034,Std,2013-02-01 10:30:00,128.0
MAC000034,Std,2013-02-01 11:00:00,244.0
MAC000034,Std,2013-02-01 11:30:00,199.0
MAC000034,Std,2013-02-01 12:00:00,137.0
MAC000034,Std,2013-02-01 12:30:00,156.0
MAC000034,Std,2013-02-01 13:00:00,145.0
MAC000034,Std,2013-02-01 13:30:00,120.0
MAC000034,Std,2013-02-01 14:00:00,114.0
MAC000034,Std,2013-02-01 14:30:00,128.0
MAC000034,Std,2013-02-01 15:00:00,113.0
MAC000034,Std,2013-02-01 15:30:00,208.0
MAC000034,Std,2013-02-01 16:00:00,113.0
MAC000034,Std,2013-02-01 16:30:00,49.0
MAC000034,Std,2013-02-01 17:00:00,60.0
MAC000034,Std,2013-02-01 17:30:00,44.0
MAC000034,Std,2013-02-01 18:00:00,258.0
MAC000034,Std,2013-02-01 18:30:00,136.0
MAC000034,Std,2013-02-01 19:00:00,166.0
MAC000034,Std,2013-02-01 19:30:00,185.0
MAC000034,Std,2013-02-01 20:00:00,247.0
MAC000034,Std,2013-02-01 20:30:00,291.0
MAC000034,Std,2013-02-01 21:00:00,260.0
MAC000034,Std,2013-02-01 21:30:00,280.0
MAC000034,Std,2013-02-01 22:00:00,216.0
MAC000034,Std,2013-02-01 22:30:00,281.0
MAC000034,Std,2013-02-01 23:00:00,271.0
MAC000034,Std,2013-02-01 23:30:00,179.0
MAC000034,Std,2013-02-02 00:00:00,5624.0001
MAC000034,Std,2013-02-02 00:30:00,5046.999900000001
MAC000034,Std,2013-02-02 01:00:00,4750.9999
MAC000034,Std,2013-02-02 01:30:00,5019.0001
MAC000034,Std,2013-02-02 02:00:00,4613.9998000000005
MAC000034,Std,2013-02-02 02:30:00,4576.0002
MAC000034,Std,2013-02-02 03:00:00,3224.0
MAC000034,Std,2013-02-02 03:30:00,1763.0
MAC000034,Std,2013-02-02 04:00:00,2073.0
MAC000034,Std,2013-02-02 04:30:00,1918.0
MAC000034,Std,2013-02-02 05:00:00,1674.0
MAC000034,Std,2013-02-02 05:30:00,1671.0
MAC000034,Std,2013-02-02 06:00:00,1768.0
MAC000034,Std,2013-02-02 06:30:00,1211.0
MAC000034,Std,2013-02-02 07:00:00,29.0
MAC000034,Std,2013-02-02 07:30:00,61.0
MAC000034,Std,2013-02-02 08:00:00,24.0
MAC000034,Std,2013-02-02 08:30:00,122.0
MAC000034,Std,2013-02-02 09:00:00,86.0
MAC000034,Std,2013-02-02 09:30:00,158.0
MAC000034,Std,2013-02-02 10:00:00,128.0
MAC000034,Std,2013-02-02 10:30:00,67.0
MAC000034,Std,2013-02-02 11:00:00,196.0
MAC000034,Std,2013-02-02 11:30:00,119.0
MAC000034,Std,2013-02-02 12:00:00,42.0
MAC000034,Std,2013-02-02 12:30:00,105.0
MAC000034,Std,2013-02-02 13:00:00,281.0
MAC000034,Std,2013-02-02 13:30:00,259.0
MAC000034,Std,2013-02-02 14:00:00,120.0
MAC000034,Std,2013-02-02 14:30:00,103.0
MAC000034,Std,2013-02-02 15:00:00,89.0
MAC000034,Std,2013-02-02 15:30:00,24.0
MAC000034,Std,2013-02-02 16:00:00,54.0
MAC000034,Std,2013-02-02 16:30:00,73.0
MAC000034,Std,2013-02-02 17:00:00,193.0
MAC000034,Std,2013-02-02 17:30:00,364.0
MAC000034,Std,2013-02-02 18:00:00,215.0
MAC000034,Std,2013-02-02 18:30:00,213.0
MAC000034,Std,2013-02-02 19:00:00,196.0
MAC000034,Std,2013-02-02 19:30:00,140.0
MAC000034,Std,2013-02-02 20:00:00,139.0
MAC000034,Std,2013-02-02 20:30:00,144.0
MAC000034,Std,2013-02-02 21:00:00,209.0
MAC000034,Std,2013-02-02 21:30:00,166.0
MAC000034,Std,2013-02-02 22:00:00,162.0
MAC000034,Std,2013-02-02 22:30:00,273.0
MAC000034,Std,2013-02-02 23:00:00,223.0
MAC000034,Std,2013-02-02 23:30:00,135.0
MAC000034,Std,2013-02-03 00:00:00,5640.9998000000005
MAC000034,Std,2013-02-03 00:30:00,4849.0
MAC000034,Std,2013-02-03 01:00:00,5272.9998
MAC000034,Std,2013-02-03 01:30:00,4839.0002
MAC000034,Std,2013-02-03 02:00:00,4725.9998000000005
MAC000034,Std,2013-02-03 02:30:00,4708.0002
MAC000034,Std,2013-02-03 03:00:00,3594.0001
MAC000034,Std,2013-02-03 03:30:00,3056.0
MAC000034,Std,2013-02-03 04:00:00,1741.0001
MAC000034,Std,2013-02-03 04:30:00,1899.0
MAC000034,Std,2013-02-03 05:00:00,2144.0001
MAC000034,Std,2013-02-03 05:30:00,1668.0
MAC000034,Std,2013-02-03 06:00:00,1478.0
MAC000034,Std,2013-02-03 06:30:00,1536.9999
MAC000034,Std,2013-02-03 07:00:00,33.0
MAC000034,Std,2013-02-03 07:30:00,86.0
MAC000034,Std,2013-02-03 08:00:00,92.0
MAC000034,Std,2013-02-03 08:30:00,72.0
MAC000034,Std,2013-02-03 09:00:00,42.0
MAC000034,Std,2013-02-03 09:30:00,37.0
MAC000034,Std,2013-02-03 10:00:00,115.0
MAC000034,Std,2013-02-03 10:30:00,97.0
MAC000034,Std,2013-02-03 11:00:00,337.0
MAC000034,Std,2013-02-03 11:30:00,581.0
MAC000034,Std,2013-02-03 12:00:00,532.0
MAC000034,Std,2013-02-03 12:30:00,626.0
MAC000034,Std,2013-02-03 13:00:00,735.0
MAC000034,Std,2013-02-03 13:30:00,595.0
MAC000034,Std,2013-02-03 14:00:00,585.0
MAC000034,Std,2013-02-03 14:30:00,647.0
MAC000034,Std,2013-02-03 15:00:00,1516.0
MAC000034,Std,2013-02-03 15:30:00,1645.0
MAC000034,Std,2013-02-03 16:00:00,1675.0
MAC000034,Std,2013-02-03 16:30:00,1124.0
MAC000034,Std,2013-02-03 17:00:00,915.0
MAC000034,Std,2013-02-03 17:30:00,866.0
MAC000034,Std,2013-02-03 18:00:00,641.0
MAC000034,Std,2013-02-03 18:30:00,153.0
MAC000034,Std,2013-02-03 19:00:00,170.0
MAC000034,Std,2013-02-03 19:30:00,190.0
MAC000034,Std,2013-02-03 20:00:00,151.0
MAC000034,Std,2013-02-03 20:30:00,189.0
MAC000034,Std,2013-02-03 21:00:00,170.0
MAC000034,Std,2013-02-03 21:30:00,219.0
MAC000034,Std,2013-02-03 22:00:00,231.0
MAC000034,Std,2013-02-03 22:30:00,181.0
MAC000034,Std,2013-02-03 23:00:00,170.0
MAC000034,Std,2013-02-03 23:30:00,177.0
MAC000034,Std,2013-02-04 00:00:00,5415.9999
MAC000034,Std,2013-02-04 00:30:00,4839.0002
MAC000034,Std,2013-02-04 01:00:00,4558.0001
MAC000034,Std,2013-02-04 01:30:00,4881.0
MAC000034,Std,2013-02-04 02:00:00,4627.9998000000005
MAC000034,Std,2013-02-04 02:30:00,4507.9999
MAC000034,Std,2013-02-04 03:00:00,3650.0001
MAC000034,Std,2013-02-04 03:30:00,2174.0
MAC000034,Std,2013-02-04 04:00:00,1610.9999
MAC000034,Std,2013-02-04 04:30:00,1553.0
MAC000034,Std,2013-02-04 05:00:00,1888.0
MAC000034,Std,2013-02-04 05:30:00,1571.0
MAC000034,Std,2013-02-04 06:00:00,1887.0
MAC000034,Std,2013-02-04 06:30:00,1775.0
MAC000034,Std,2013-02-04 07:00:00,98.0
MAC000034,Std,2013-02-04 07:30:00,59.0
MAC000034,Std,2013-02-04 08:00:00,61.0
MAC000034,Std,2013-02-04 08:30:00,48.0
MAC000034,Std,2013-02-04 09:00:00,39.0
MAC000034,Std,2013-02-04 09:30:00,50.0
MAC000034,Std,2013-02-04 10:00:00,67.0
MAC000034,Std,2013-02-04 10:30:00,133.0
MAC000034,Std,2013-02-04 11:00:00,275.0
MAC000034,Std,2013-02-04 11:30:00,149.0
MAC000034,Std,2013-02-04 12:00:00,111.0
MAC000034,Std,2013-02-04 12:30:00,111.0
MAC000034,Std,2013-02-04 13:00:00,123.0
MAC000034,Std,2013-02-04 13:30:00,139.0
MAC000034,Std,2013-02-04 14:00:00,178.0
MAC000034,Std,2013-02-04 14:30:00,106.0
MAC000034,Std,2013-02-04 15:00:00,1670.0
MAC000034,Std,2013-02-04 15:30:00,154.0
MAC000034,Std,2013-02-04 16:00:00,131.0
MAC000034,Std,2013-02-04 16:30:00,43.0
MAC000034,Std,2013-02-04 17:00:00,47.0
MAC000034,Std,2013-02-04 17:30:00,55.0
MAC000034,Std,2013-02-04 18:00:00,180.0
MAC000034,Std,2013-02-04 18:30:00,235.0
MAC000034,Std,2013-02-04 19:00:00,196.0
MAC000034,Std,2013-02-04 19:30:00,267.0
MAC000034,Std,2013-02-04 20:00:00,264.0
MAC000034,Std,2013-02-04 20:30:00,232.0
MAC000034,Std,2013-02-04 21:00:00,188.0
MAC000034,Std,2013-02-04 21:30:00,181.0
MAC000034,Std,2013-02-04 22:00:00,177.0
MAC000034,Std,2013-02-04 22:30:00,178.0
MAC000034,Std,2013-02-04 23:00:00,152.0
MAC000034,Std,2013-02-04 23:30:00,230.0
MAC000034,Std,2013-02-05 00:00:00,5610.000099999999
MAC000034,Std,2013-02-05 00:30:00,4802.0
MAC000034,Std,2013-02-05 01:00:00,4821.0001
MAC000034,Std,2013-02-05 01:30:00,4751.999900000001
MAC000034,Std,2013-02-05 02:00:00,4635.0002
MAC000034,Std,2013-02-05 02:30:00,4321.0001
MAC000034,Std,2013-02-05 03:00:00,3403.0001
MAC000034,Std,2013-02-05 03:30:00,2000.9999
MAC000034,Std,2013-02-05 04:00:00,2007.0
MAC000034,Std,2013-02-05 04:30:00,2089.0
MAC000034,Std,2013-02-05 05:00:00,1789.0
MAC000034,Std,2013-02-05 05:30:00,1601.0
MAC000034,Std,2013-02-05 06:00:00,1705.0
MAC000034,Std,2013-02-05 06:30:00,1459.0
MAC000034,Std,2013-02-05 07:00:00,36.0
MAC000034,Std,2013-02-05 07:30:00,68.0
MAC000034,Std,2013-02-05 08:00:00,35.0
MAC000034,Std,2013-02-05 08:30:00,120.0
MAC000034,Std,2013-02-05 09:00:00,99.0
MAC000034,Std,2013-02-05 09:30:00,58.0
MAC000034,Std,2013-02-05 10:00:00,49.0
MAC000034,Std,2013-02-05 10:30:00,327.0
MAC000034,Std,2013-02-05 11:00:00,1066.0
MAC000034,Std,2013-02-05 11:30:00,1097.0
MAC000034,Std,2013-02-05 12:00:00,1121.0001
MAC000034,Std,2013-02-05 12:30:00,1221.0
MAC000034,Std,2013-02-05 13:00:00,1084.0
MAC000034,Std,2013-02-05 13:30:00,1189.0
MAC000034,Std,2013-02-05 14:00:00,978.0
MAC000034,Std,2013-02-05 14:30:00,589.0
MAC000034,Std,2013-02-05 15:00:00,593.0
MAC000034,Std,2013-02-05 15:30:00,555.0
MAC000034,Std,2013-02-05 16:00:00,565.0
MAC000034,Std,2013-02-05 16:30:00,574.0
MAC000034,Std,2013-02-05 17:00:00,549.0
MAC000034,Std,2013-02-05 17:30:00,607.0
MAC000034,Std,2013-02-05 18:00:00,333.0
MAC000034,Std,2013-02-05 18:30:00,213.0
MAC000034,Std,2013-02-05 19:00:00,166.0
MAC000034,Std,2013-02-05 19:30:00,186.0
MAC000034,Std,2013-02-05 20:00:00,174.0
MAC000034,Std,2013-02-05 20:30:00,172.0
MAC000034,Std,2013-02-05 21:00:00,225.0
MAC000034,Std,2013-02-05 21:30:00,1068.0
MAC000034,Std,2013-02-05 22:00:00,692.0
MAC000034,Std,2013-02-05 22:30:00,698.0
MAC000034,Std,2013-02-05 23:00:00,646.0
MAC000034,Std,2013-02-05 23:30:00,614.0
MAC000034,Std,2013-02-06 00:00:00,6034.9998
MAC000034,Std,2013-02-06 00:30:00,5011.0002
MAC000034,Std,2013-02-06 01:00:00,4472.0001
MAC000034,Std,2013-02-06 01:30:00,4745.9998
MAC000034,Std,2013-02-06 02:00:00,4839.0002
MAC000034,Std,2013-02-06 02:30:00,4478.0002
MAC000034,Std,2013-02-06 03:00:00,3704.9999
MAC000034,Std,2013-02-06 03:30:00,2471.9999000000003
MAC000034,Std,2013-02-06 04:00:00,1641.0
MAC000034,Std,2013-02-06 04:30:00,2226.0001
MAC000034,Std,2013-02-06 05:00:00,1972.0
MAC000034,Std,2013-02-06 05:30:00,1592.0
MAC000034,Std,2013-02-06 06:00:00,1927.0
MAC000034,Std,2013-02-06 06:30:00,1612.0
MAC000034,Std,2013-02-06 07:00:00,102.0
MAC000034,Std,2013-02-06 07:30:00,111.0
MAC000034,Std,2013-02-06 08:00:00,50.0
MAC000034,Std,2013-02-06 08:30:00,63.0
MAC000034,Std,2013-02-06 09:00:00,38.0
MAC000034,Std,2013-02-06 09:30:00,52.0
MAC000034,Std,2013-02-06 10:00:00,83.0
MAC000034,Std,2013-02-06 10:30:00,103.0
MAC000034,Std,2013-02-06 11:00:00,125.0
MAC000034,Std,2013-02-06 11:30:00,239.0
MAC000034,Std,2013-02-06 12:00:00,243.0
MAC000034,Std,2013-02-06 12:30:00,152.0
MAC000034,Std,2013-02-06 13:00:00,34.0
MAC000034,Std,2013-02-06 13:30:00,51.0
MAC000034,Std,2013-02-06 14:00:00,50.0
MAC000034,Std,2013-02-06 14:30:00,33.0
MAC000034,Std,2013-02-06 15:00:00,54.0
MAC000034,Std,2013-02-06 15:30:00,47.0
MAC000034,Std,2013-02-06 16:00:00,33.0
MAC000034,Std,2013-02-06 16:30:00,82.0
MAC000034,Std,2013-02-06 17:00:00,104.0
MAC000034,Std,2013-02-06 17:30:00,58.0
MAC000034,Std,2013-02-06 18:00:00,81.0
MAC000034,Std,2013-02-06 18:30:00,77.0
MAC000034,Std,2013-02-06 19:00:00,70.0
MAC000034,Std,2013-02-06 19:30:00,204.0
MAC000034,Std,2013-02-06 20:00:00,468.0
MAC000034,Std,2013-02-06 20:30:00,645.0
MAC000034,Std,2013-02-06 21:00:00,623.0
MAC000034,Std,2013-02-06 21:30:00,696.0
MAC000034,Std,2013-02-06 22:00:00,690.0
MAC000034,Std,2013-02-06 22:30:00,635.0
MAC000034,Std,2013-02-06 23:00:00,638.0
MAC000034,Std,2013-02-06 23:30:00,642.0
MAC000034,Std,2013-02-07 00:00:00,6038.000099999999
MAC000034,Std,2013-02-07 00:30:00,5511.0002
MAC000034,Std,2013-02-07 01:00:00,5199.9998
MAC000034,Std,2013-02-07 01:30:00,4658.999900000001
MAC000034,Std,2013-02-07 02:00:00,4605.9999
MAC000034,Std,2013-02-07 02:30:00,4557.0002
MAC000034,Std,2013-02-07 03:00:00,4190.0001
MAC000034,Std,2013-02-07 03:30:00,2589.9999
MAC000034,Std,2013-02-07 04:00:00,1587.0
MAC000034,Std,2013-02-07 04:30:00,1808.0
MAC000034,Std,2013-02-07 05:00:00,2012.0001
MAC000034,Std,2013-02-07 05:30:00,1650.0
MAC000034,Std,2013-02-07 06:00:00,1774.0
MAC000034,Std,2013-02-07 06:30:00,2019.0001
MAC000034,Std,2013-02-07 07:00:00,115.0
MAC000034,Std,2013-02-07 07:30:00,98.0
MAC000034,Std,2013-02-07 08:00:00,51.0
MAC000034,Std,2013-02-07 08:30:00,56.0
MAC000034,Std,2013-02-07 09:00:00,34.0
MAC000034,Std,2013-02-07 09:30:00,59.0
MAC000034,Std,2013-02-07 10:00:00,47.0
MAC000034,Std,2013-02-07 10:30:00,74.0
MAC000034,Std,2013-02-07 11:00:00,118.0
MAC000034,Std,2013-02-07 11:30:00,106.0
MAC000034,Std,2013-02-07 12:00:00,165.0
MAC000034,Std,2013-02-07 12:30:00,219.0
MAC000034,Std,2013-02-07 13:00:00,160.0
MAC000034,Std,2013-02-07 13:30:00,100.0
MAC000034,Std,2013-02-07 14:00:00,113.0
MAC000034,Std,2013-02-07 14:30:00,103.0
MAC000034,Std,2013-02-07 15:00:00,147.0
MAC000034,Std,2013-02-07 15:30:00,173.0
MAC000034,Std,2013-02-07 16:00:00,209.0
MAC000034,Std,2013-02-07 16:30:00,56.0
MAC000034,Std,2013-02-07 17:00:00,115.0
MAC000034,Std,2013-02-07 17:30:00,82.0
MAC000034,Std,2013-02-07 18:00:00,241.0
MAC000034,Std,2013-02-07 18:30:00,156.0
MAC000034,Std,2013-02-07 19:00:00,132.0
MAC000034,Std,2013-02-07 19:30:00,166.0
MAC000034,Std,2013-02-07 20:00:00,134.0
MAC000034,Std,2013-02-07 20:30:00,208.0
MAC000034,Std,2013-02-07 21:00:00,206.0
MAC000034,Std,2013-02-07 21:30:00,219.0
MAC000034,Std,2013-02-07 22:00:00,224.0
MAC000034,Std,2013-02-07 22:30:00,194.0
MAC000034,Std,2013-02-07 23:00:00,230.0
MAC000034,Std,2013-02-07 23:30:00,217.0
MAC000034,Std,2013-02-08 00:00:00,5487.9999
MAC000034,Std,2013-02-08 00:30:00,5063.0002
MAC000034,Std,2013-02-08 01:00:00,5096.0002
MAC000034,Std,2013-02-08 01:30:00,4714.0002
MAC000034,Std,2013-02-08 02:00:00,4382.0
MAC000034,Std,2013-02-08 02:30:00,4699.9998
MAC000034,Std,2013-02-08 03:00:00,3759.0001
MAC000034,Std,2013-02-08 03:30:00,2220.0
MAC000034,Std,2013-02-08 04:00:00,1610.0
MAC000034,Std,2013-02-08 04:30:00,1955.0
MAC000034,Std,2013-02-08 05:00:00,2096.9999000000003
MAC000034,Std,2013-02-08 05:30:00,1342.0
MAC000034,Std,2013-02-08 06:00:00,1681.0
MAC000034,Std,2013-02-08 06:30:00,1807.0
MAC000034,Std,2013-02-08 07:00:00,96.0
MAC000034,Std,2013-02-08 07:30:00,50.0
MAC000034,Std,2013-02-08 08:00:00,70.0
MAC000034,Std,2013-02-08 08:30:00,32.0
MAC000034,Std,2013-02-08 09:00:00,59.0
MAC000034,Std,2013-02-08 09:30:00,39.0
MAC000034,Std,2013-02-08 10:00:00,47.0
MAC000034,Std,2013-02-08 10:30:00,121.0
MAC000034,Std,2013-02-08 11:00:00,203.0
MAC000034,Std,2013-02-08 11:30:00,219.0
MAC000034,Std,2013-02-08 12:00:00,174.0
MAC000034,Std,2013-02-08 12:30:00,288.0
MAC000034,Std,2013-02-08 13:00:00,121.0
MAC000034,Std,2013-02-08 13:30:00,114.0
MAC000034,Std,2013-02-08 14:00:00,100.0
MAC000034,Std,2013-02-08 14:30:00,119.0
MAC000034,Std,2013-02-08 15:00:00,121.0
MAC000034,Std,2013-02-08 15:30:00,138.0
MAC000034,Std,2013-02-08 16:00:00,178.0
MAC000034,Std,2013-02-08 16:30:00,193.0
MAC000034,Std,2013-02-08 17:00:00,133.0
MAC000034,Std,2013-02-08 17:30:00,120.0
MAC000034,Std,2013-02-08 18:00:00,287.0
MAC000034,Std,2013-02-08 18:30:00,161.0
MAC000034,Std,2013-02-08 19:00:00,150.0
MAC000034,Std,2013-02-08 19:30:00,156.0
MAC000034,Std,2013-02-08 20:00:00,173.0
MAC000034,Std,2013-02-08 20:30:00,251.0
MAC000034,Std,2013-02-08 21:00:00,243.0
MAC000034,Std,2013-02-08 21:30:00,150.0
MAC000034,Std,2013-02-08 22:00:00,180.0
MAC000034,Std,2013-02-08 22:30:00,168.0
MAC000034,Std,2013-02-08 23:00:00,188.0
MAC000034,Std,2013-02-08 23:30:00,171.0
MAC000034,Std,2013-02-09 00:00:00,5695.0002
MAC000034,Std,2013-02-09 00:30:00,4670.0001
MAC000034,Std,2013-02-09 01:00:00,4859.0002
MAC000034,Std,2013-02-09 01:30:00,5051.0001
MAC000034,Std,2013-02-09 02:00:00,4772.9998
MAC000034,Std,2013-02-09 02:30:00,4488.9998000000005
MAC000034,Std,2013-02-09 03:00:00,4149.0002
MAC000034,Std,2013-02-09 03:30:00,2530.0
MAC000034,Std,2013-02-09 04:00:00,1722.0
MAC000034,Std,2013-02-09 04:30:00,2312.0
MAC000034,Std,2013-02-09 05:00:00,1679.9999
MAC000034,Std,2013-02-09 05:30:00,1790.0
MAC000034,Std,2013-02-09 06:00:00,2003.0
MAC000034,Std,2013-02-09 06:30:00,1484.0
MAC000034,Std,2013-02-09 07:00:00,41.0
MAC000034,Std,2013-02-09 07:30:00,57.0
MAC000034,Std,2013-02-09 08:00:00,42.0
MAC000034,Std,2013-02-09 08:30:00,42.0
MAC000034,Std,2013-02-09 09:00:00,56.0
MAC000034,Std,2013-02-09 09:30:00,40.0
MAC000034,Std,2013-02-09 10:00:00,98.0
MAC000034,Std,2013-02-09 10:30:00,131.0
MAC000034,Std,2013-02-09 11:00:00,85.0
MAC000034,Std,2013-02-09 11:30:00,111.0
MAC000034,Std,2013-02-09 12:00:00,119.0
MAC000034,Std,2013-02-09 12:30:00,103.0
MAC000034,Std,2013-02-09 13:00:00,157.0
MAC000034,Std,2013-02-09 13:30:00,224.0
MAC000034,Std,2013-02-09 14:00:00,105.0
MAC000034,Std,2013-02-09 14:30:00,130.0
MAC000034,Std,2013-02-09 15:00:00,180.0
MAC000034,Std,2013-02-09 15:30:00,197.0
MAC000034,Std,2013-02-09 16:00:00,126.0
MAC000034,Std,2013-02-09 16:30:00,178.0
MAC000034,Std,2013-02-09 17:00:00,159.0
MAC000034,Std,2013-02-09 17:30:00,171.0
MAC000034,Std,2013-02-09 18:00:00,172.0
MAC000034,Std,2013-02-09 18:30:00,315.0
MAC000034,Std,2013-02-09 19:00:00,197.0
MAC000034,Std,2013-02-09 19:30:00,200.0
MAC000034,Std,2013-02-09 20:00:00,255.0
MAC000034,Std,2013-02-09 20:30:00,240.0
MAC000034,Std,2013-02-09 21:00:00,228.0
MAC000034,Std,2013-02-09 21:30:00,196.0
MAC000034,Std,2013-02-09 22:00:00,195.0
MAC000034,Std,2013-02-09 22:30:00,182.0
MAC000034,Std,2013-02-09 23:00:00,169.0
MAC000034,Std,2013-02-09 23:30:00,150.0
MAC000034,Std,2013-02-10 00:00:00,5631.0
MAC000034,Std,2013-02-10 00:30:00,5704.9999
MAC000034,Std,2013-02-10 01:00:00,5284.9998
MAC000034,Std,2013-02-10 01:30:00,4481.9999
MAC000034,Std,2013-02-10 02:00:00,4605.9999
MAC000034,Std,2013-02-10 02:30:00,4340.0002
MAC000034,Std,2013-02-10 03:00:00,3934.9999
MAC000034,Std,2013-02-10 03:30:00,1778.0
MAC000034,Std,2013-02-10 04:00:00,1709.0
MAC000034,Std,2013-02-10 04:30:00,2290.0
MAC000034,Std,2013-02-10 05:00:00,2059.0
MAC000034,Std,2013-02-10 05:30:00,1838.0001
MAC000034,Std,2013-02-10 06:00:00,1556.0
MAC000034,Std,2013-02-10 06:30:00,1360.9999
MAC000034,Std,2013-02-10 07:00:00,56.0
MAC000034,Std,2013-02-10 07:30:00,51.0
MAC000034,Std,2013-02-10 08:00:00,45.0
MAC000034,Std,2013-02-10 08:30:00,77.0
MAC000034,Std,2013-02-10 09:00:00,97.0
MAC000034,Std,2013-02-10 09:30:00,110.0
MAC000034,Std,2013-02-10 10:00:00,92.0
MAC000034,Std,2013-02-10 10:30:00,116.0
MAC000034,Std,2013-02-10 11:00:00,119.0
MAC000034,Std,2013-02-10 11:30:00,102.0
MAC000034,Std,2013-02-10 12:00:00,190.0
MAC000034,Std,2013-02-10 12:30:00,106.0
MAC000034,Std,2013-02-10 13:00:00,112.0
MAC000034,Std,2013-02-10 13:30:00,185.0
MAC000034,Std,2013-02-10 14:00:00,164.0
MAC000034,Std,2013-02-10 14:30:00,127.0
MAC000034,Std,2013-02-10 15:00:00,164.0
MAC000034,Std,2013-02-10 15:30:00,106.0
MAC000034,Std,2013-02-10 16:00:00,121.0
MAC000034,Std,2013-02-10 16:30:00,51.0
MAC000034,Std,2013-02-10 17:00:00,114.0
MAC000034,Std,2013-02-10 17:30:00,243.0
MAC000034,Std,2013-02-10 18:00:00,192.0
MAC000034,Std,2013-02-10 18:30:00,215.0
MAC000034,Std,2013-02-10 19:00:00,189.0
MAC000034,Std,2013-02-10 19:30:00,149.0
MAC000034,Std,2013-02-10 20:00:00,152.0
MAC000034,Std,2013-02-10 20:30:00,166.0
MAC000034,Std,2013-02-10 21:00:00,181.0
MAC000034,Std,2013-02-10 21:30:00,146.0
MAC000034,Std,2013-02-10 22:00:00,178.0
MAC000034,Std,2013-02-10 22:30:00,233.0
MAC000034,Std,2013-02-10 23:00:00,202.0
MAC000034,Std,2013-02-10 23:30:00,163.0
MAC000034,Std,2013-02-11 00:00:00,5513.9999
MAC000034,Std,2013-02-11 00:30:00,5051.0001
MAC000034,Std,2013-02-11 01:00:00,5199.9998
MAC000034,Std,2013-02-11 01:30:00,5679.9998
MAC000034,Std,2013-02-11 02:00:00,5862.9999
MAC000034,Std,2013-02-11 02:30:00,5613.9998000000005
MAC000034,Std,2013-02-11 03:00:00,5243.0
MAC000034,Std,2013-02-11 03:30:00,3615.0
MAC000034,Std,2013-02-11 04:00:00,1746.0001
MAC000034,Std,2013-02-11 04:30:00,1771.0
MAC000034,Std,2013-02-11 05:00:00,1385.0
MAC000034,Std,2013-02-11 05:30:00,1546.0
MAC000034,Std,2013-02-11 06:00:00,1342.0
MAC000034,Std,2013-02-11 06:30:00,1355.9999
MAC000034,Std,2013-02-11 07:00:00,57.0
MAC000034,Std,2013-02-11 07:30:00,82.0
MAC000034,Std,2013-02-11 08:00:00,111.0
MAC000034,Std,2013-02-11 08:30:00,65.0
MAC000034,Std,2013-02-11 09:00:00,36.0
MAC000034,Std,2013-02-11 09:30:00,56.0
MAC000034,Std,2013-02-11 10:00:00,71.0
MAC000034,Std,2013-02-11 10:30:00,105.0
MAC000034,Std,2013-02-11 11:00:00,120.0
MAC000034,Std,2013-02-11 11:30:00,146.0
MAC000034,Std,2013-02-11 12:00:00,167.0
MAC000034,Std,2013-02-11 12:30:00,213.0
MAC000034,Std,2013-02-11 13:00:00,351.0
MAC000034,Std,2013-02-11 13:30:00,173.0
MAC000034,Std,2013-02-11 14:00:00,193.0
MAC000034,Std,2013-02-11 14:30:00,121.0
MAC000034,Std,2013-02-11 15:00:00,118.0
MAC000034,Std,2013-02-11 15:30:00,127.0
MAC000034,Std,2013-02-11 16:00:00,115.0
MAC000034,Std,2013-02-11 16:30:00,64.0
MAC000034,Std,2013-02-11 17:00:00,42.0
MAC000034,Std,2013-02-11 17:30:00,101.0
MAC000034,Std,2013-02-11 18:00:00,270.0
MAC000034,Std,2013-02-11 18:30:00,139.0
MAC000034,Std,2013-02-11 19:00:00,167.0
MAC000034,Std,2013-02-11 19:30:00,135.0
MAC000034,Std,2013-02-11 20:00:00,171.0
MAC000034,Std,2013-02-11 20:30:00,201.0
MAC000034,Std,2013-02-11 21:00:00,194.0
MAC000034,Std,2013-02-11 21:30:00,167.0
MAC000034,Std,2013-02-11 22:00:00,210.0
MAC000034,Std,2013-02-11 22:30:00,225.0
MAC000034,Std,2013-02-11 23:00:00,175.0
MAC000034,Std,2013-02-11 23:30:00,207.0
MAC000034,Std,2013-02-12 00:00:00,6172.9999
MAC000034,Std,2013-02-12 00:30:00,5140.9998000000005
MAC000034,Std,2013-02-12 01:00:00,5235.000099999999
MAC000034,Std,2013-02-12 01:30:00,4943.9998000000005
MAC000034,Std,2013-02-12 02:00:00,5013.0
MAC000034,Std,2013-02-12 02:30:00,4282.0001
MAC000034,Std,2013-02-12 03:00:00,4678.0
MAC000034,Std,2013-02-12 03:30:00,1908.0
MAC000034,Std,2013-02-12 04:00:00,1952.0
MAC000034,Std,2013-02-12 04:30:00,1638.0
MAC000034,Std,2013-02-12 05:00:00,1661.0
MAC000034,Std,2013-02-12 05:30:00,1417.0001000000002
MAC000034,Std,2013-02-12 06:00:00,1655.0
MAC000034,Std,2013-02-12 06:30:00,1600.0
MAC000034,Std,2013-02-12 07:00:00,58.0
MAC000034,Std,2013-02-12 07:30:00,84.0
MAC000034,Std,2013-02-12 08:00:00,116.0
MAC000034,Std,2013-02-12 08:30:00,64.0
MAC000034,Std,2013-02-12 09:00:00,38.0
MAC000034,Std,2013-02-12 09:30:00,54.0
MAC000034,Std,2013-02-12 10:00:00,60.0
MAC000034,Std,2013-02-12 10:30:00,111.0
MAC000034,Std,2013-02-12 11:00:00,119.0
MAC000034,Std,2013-02-12 11:30:00,140.0
MAC000034,Std,2013-02-12 12:00:00,327.0
MAC000034,Std,2013-02-12 12:30:00,164.0
MAC000034,Std,2013-02-12 13:00:00,1357.0
MAC000034,Std,2013-02-12 13:30:00,897.0
MAC000034,Std,2013-02-12 14:00:00,111.0
MAC000034,Std,2013-02-12 14:30:00,109.0
MAC000034,Std,2013-02-12 15:00:00,120.0
MAC000034,Std,2013-02-12 15:30:00,130.0
MAC000034,Std,2013-02-12 16:00:00,105.0
MAC000034,Std,2013-02-12 16:30:00,119.0
MAC000034,Std,2013-02-12 17:00:00,102.0
MAC000034,Std,2013-02-12 17:30:00,131.0
MAC000034,Std,2013-02-12 18:00:00,437.0
MAC000034,Std,2013-02-12 18:30:00,175.0
MAC000034,Std,2013-02-12 19:00:00,198.0
MAC000034,Std,2013-02-12 19:30:00,223.0
MAC000034,Std,2013-02-12 20:00:00,204.0
MAC000034,Std,2013-02-12 20:30:00,186.0
MAC000034,Std,2013-02-12 21:00:00,186.0
MAC000034,Std,2013-02-12 21:30:00,163.0
MAC000034,Std,2013-02-12 22:00:00,143.0
MAC000034,Std,2013-02-12 22:30:00,221.0
MAC000034,Std,2013-02-12 23:00:00,228.0
MAC000034,Std,2013-02-12 23:30:00,590.0
MAC000034,Std,2013-02-13 00:00:00,6527.9999
MAC000034,Std,2013-02-13 00:30:00,5658.999900000001
MAC000034,Std,2013-02-13 01:00:00,4813.0002
MAC000034,Std,2013-02-13 01:30:00,4962.9998000000005
MAC000034,Std,2013-02-13 02:00:00,4879.0002
MAC000034,Std,2013-02-13 02:30:00,4433.0001
MAC000034,Std,2013-02-13 03:00:00,4513.9999
MAC000034,Std,2013-02-13 03:30:00,2671.0
MAC000034,Std,2013-02-13 04:00:00,1827.9999
MAC000034,Std,2013-02-13 04:30:00,2460.0
MAC000034,Std,2013-02-13 05:00:00,1846.0
MAC000034,Std,2013-02-13 05:30:00,2138.0
MAC000034,Std,2013-02-13 06:00:00,1688.0
MAC000034,Std,2013-02-13 06:30:00,1723.0
MAC000034,Std,2013-02-13 07:00:00,37.0
MAC000034,Std,2013-02-13 07:30:00,59.0
MAC000034,Std,2013-02-13 08:00:00,83.0
MAC000034,Std,2013-02-13 08:30:00,103.0
MAC000034,Std,2013-02-13 09:00:00,70.0
MAC000034,Std,2013-02-13 09:30:00,41.0
MAC000034,Std,2013-02-13 10:00:00,75.0
MAC000034,Std,2013-02-13 10:30:00,125.0
MAC000034,Std,2013-02-13 11:00:00,225.0
MAC000034,Std,2013-02-13 11:30:00,155.0
MAC000034,Std,2013-02-13 12:00:00,176.0
MAC000034,Std,2013-02-13 12:30:00,55.0
MAC000034,Std,2013-02-13 13:00:00,80.0
MAC000034,Std,2013-02-13 13:30:00,113.0
MAC000034,Std,2013-02-13 14:00:00,56.0
MAC000034,Std,2013-02-13 14:30:00,39.0
MAC000034,Std,2013-02-13 15:00:00,53.0
MAC000034,Std,2013-02-13 15:30:00,42.0
MAC000034,Std,2013-02-13 16:00:00,34.0
MAC000034,Std,2013-02-13 16:30:00,51.0
MAC000034,Std,2013-02-13 17:00:00,42.0
MAC000034,Std,2013-02-13 17:30:00,32.0
MAC000034,Std,2013-02-13 18:00:00,93.0
MAC000034,Std,2013-02-13 18:30:00,143.0
MAC000034,Std,2013-02-13 19:00:00,106.0
MAC000034,Std,2013-02-13 19:30:00,143.0
MAC000034,Std,2013-02-13 20:00:00,160.0
MAC000034,Std,2013-02-13 20:30:00,145.0
MAC000034,Std,2013-02-13 21:00:00,221.0
MAC000034,Std,2013-02-13 21:30:00,349.0
MAC000034,Std,2013-02-13 22:00:00,156.0
MAC000034,Std,2013-02-13 22:30:00,222.0
MAC000034,Std,2013-02-13 23:00:00,222.0
MAC000034,Std,2013-02-13 23:30:00,211.0
MAC000034,Std,2013-02-14 00:00:00,5295.0001
MAC000034,Std,2013-02-14 00:30:00,5007.0
MAC000034,Std,2013-02-14 01:00:00,5053.9999
MAC000034,Std,2013-02-14 01:30:00,4715.0002
MAC000034,Std,2013-02-14 02:00:00,4308.0001
MAC000034,Std,2013-02-14 02:30:00,4604.0001
MAC000034,Std,2013-02-14 03:00:00,4080.9999
MAC000034,Std,2013-02-14 03:30:00,3092.9999000000003
MAC000034,Std,2013-02-14 04:00:00,1823.0
MAC000034,Std,2013-02-14 04:30:00,1985.9999
MAC000034,Std,2013-02-14 05:00:00,2180.0001
MAC000034,Std,2013-02-14 05:30:00,1425.0
MAC000034,Std,2013-02-14 06:00:00,2194.9999
MAC000034,Std,2013-02-14 06:30:00,1344.0
MAC000034,Std,2013-02-14 07:00:00,45.0
MAC000034,Std,2013-02-14 07:30:00,55.0
MAC000034,Std,2013-02-14 08:00:00,31.0
MAC000034,Std,2013-02-14 08:30:00,58.0
MAC000034,Std,2013-02-14 09:00:00,43.0
MAC000034,Std,2013-02-14 09:30:00,52.0
MAC000034,Std,2013-02-14 10:00:00,145.0
MAC000034,Std,2013-02-14 10:30:00,140.0
MAC000034,Std,2013-02-14 11:00:00,157.0
MAC000034,Std,2013-02-14 11:30:00,146.0
MAC000034,Std,2013-02-14 12:00:00,99.0
MAC000034,Std,2013-02-14 12:30:00,221.0
MAC000034,Std,2013-02-14 13:00:00,109.0
MAC000034,Std,2013-02-14 13:30:00,100.0
MAC000034,Std,2013-02-14 14:00:00,128.0
MAC000034,Std,2013-02-14 14:30:00,112.0
MAC000034,Std,2013-02-14 15:00:00,170.0
MAC000034,Std,2013-02-14 15:30:00,173.0
MAC000034,Std,2013-02-14 16:00:00,148.0
MAC000034,Std,2013-02-14 16:30:00,62.0
MAC000034,Std,2013-02-14 17:00:00,48.0
MAC000034,Std,2013-02-14 17:30:00,36.0
MAC000034,Std,2013-02-14 18:00:00,88.0
MAC000034,Std,2013-02-14 18:30:00,128.0
MAC000034,Std,2013-02-14 19:00:00,274.0
MAC000034,Std,2013-02-14 19:30:00,307.0
MAC000034,Std,2013-02-14 20:00:00,229.0
MAC000034,Std,2013-02-14 20:30:00,221.0
MAC000034,Std,2013-02-14 21:00:00,134.0
MAC000034,Std,2013-02-14 21:30:00,178.0
MAC000034,Std,2013-02-14 22:00:00,196.0
MAC000034,Std,2013-02-14 22:30:00,178.0
MAC000034,Std,2013-02-14 23:00:00,608.0
MAC000034,Std,2013-02-14 23:30:00,657.0
MAC000034,Std,2013-02-15 00:00:00,5781.0001
MAC000034,Std,2013-02-15 00:30:00,5127.9998000000005
MAC000034,Std,2013-02-15 01:00:00,4461.0
MAC000034,Std,2013-02-15 01:30:00,5030.0002
MAC000034,Std,2013-02-15 02:00:00,4418.0002
MAC000034,Std,2013-02-15 02:30:00,4571.0001
MAC000034,Std,2013-02-15 03:00:00,4195.0002
MAC000034,Std,2013-02-15 03:30:00,1850.0
MAC000034,Std,2013-02-15 04:00:00,2200.0
MAC000034,Std,2013-02-15 04:30:00,2467.9999000000003
MAC000034,Std,2013-02-15 05:00:00,1340.0
MAC000034,Std,2013-02-15 05:30:00,2221.0
MAC000034,Std,2013-02-15 06:00:00,1624.0
MAC000034,Std,2013-02-15 06:30:00,1758.0
MAC000034,Std,2013-02-15 07:00:00,47.0
MAC000034,Std,2013-02-15 07:30:00,44.0
MAC000034,Std,2013-02-15 08:00:00,56.0
MAC000034,Std,2013-02-15 08:30:00,73.0
MAC000034,Std,2013-02-15 09:00:00,173.0
MAC000034,Std,2013-02-15 09:30:00,141.0
MAC000034,Std,2013-02-15 10:00:00,101.0
MAC000034,Std,2013-02-15 10:30:00,132.0
MAC000034,Std,2013-02-15 11:00:00,100.0
MAC000034,Std,2013-02-15 11:30:00,117.0
MAC000034,Std,2013-02-15 12:00:00,94.0
MAC000034,Std,2013-02-15 12:30:00,108.0
MAC000034,Std,2013-02-15 13:00:00,110.0
MAC000034,Std,2013-02-15 13:30:00,137.0
MAC000034,Std,2013-02-15 14:00:00,184.0
MAC000034,Std,2013-02-15 14:30:00,109.0
MAC000034,Std,2013-02-15 15:00:00,110.0
MAC000034,Std,2013-02-15 15:30:00,106.0
MAC000034,Std,2013-02-15 16:00:00,98.0
MAC000034,Std,2013-02-15 16:30:00,99.0
MAC000034,Std,2013-02-15 17:00:00,130.0
MAC000034,Std,2013-02-15 17:30:00,225.0
MAC000034,Std,2013-02-15 18:00:00,178.0
MAC000034,Std,2013-02-15 18:30:00,238.0
MAC000034,Std,2013-02-15 19:00:00,220.0
MAC000034,Std,2013-02-15 19:30:00,198.0
MAC000034,Std,2013-02-15 20:00:00,220.0
MAC000034,Std,2013-02-15 20:30:00,212.0
MAC000034,Std,2013-02-15 21:00:00,185.0
MAC000034,Std,2013-02-15 21:30:00,693.0
MAC000034,Std,2013-02-15 22:00:00,700.0
MAC000034,Std,2013-02-15 22:30:00,765.0
MAC000034,Std,2013-02-15 23:00:00,740.0
MAC000034,Std,2013-02-15 23:30:00,627.0
MAC000034,Std,2013-02-16 00:00:00,5967.9999
MAC000034,Std,2013-02-16 00:30:00,4803.0
MAC000034,Std,2013-02-16 01:00:00,4729.0001
MAC000034,Std,2013-02-16 01:30:00,4833.0002
MAC000034,Std,2013-02-16 02:00:00,4178.9999
MAC000034,Std,2013-02-16 02:30:00,4436.9998
MAC000034,Std,2013-02-16 03:00:00,3471.0
MAC000034,Std,2013-02-16 03:30:00,2035.0001
MAC000034,Std,2013-02-16 04:00:00,1719.0
MAC000034,Std,2013-02-16 04:30:00,1980.9999
MAC000034,Std,2013-02-16 05:00:00,1984.0
MAC000034,Std,2013-02-16 05:30:00,1423.0
MAC000034,Std,2013-02-16 06:00:00,1529.0
MAC000034,Std,2013-02-16 06:30:00,1892.0
MAC000034,Std,2013-02-16 07:00:00,55.0
MAC000034,Std,2013-02-16 07:30:00,125.0
MAC000034,Std,2013-02-16 08:00:00,80.0
MAC000034,Std,2013-02-16 08:30:00,67.0
MAC000034,Std,2013-02-16 09:00:00,35.0
MAC000034,Std,2013-02-16 09:30:00,63.0
MAC000034,Std,2013-02-16 10:00:00,72.0
MAC000034,Std,2013-02-16 10:30:00,214.0
MAC000034,Std,2013-02-16 11:00:00,168.0
MAC000034,Std,2013-02-16 11:30:00,79.0
MAC000034,Std,2013-02-16 12:00:00,249.0
MAC000034,Std,2013-02-16 12:30:00,109.0
MAC000034,Std,2013-02-16 13:00:00,69.0
MAC000034,Std,2013-02-16 13:30:00,202.0
MAC000034,Std,2013-02-16 14:00:00,99.0
MAC000034,Std,2013-02-16 14:30:00,96.0
MAC000034,Std,2013-02-16 15:00:00,99.0
MAC000034,Std,2013-02-16 15:30:00,130.0
MAC000034,Std,2013-02-16 16:00:00,154.0
MAC000034,Std,2013-02-16 16:30:00,176.0
MAC000034,Std,2013-02-16 17:00:00,290.0
MAC000034,Std,2013-02-16 17:30:00,123.0
MAC000034,Std,2013-02-16 18:00:00,199.0
MAC000034,Std,2013-02-16 18:30:00,232.0
MAC000034,Std,2013-02-16 19:00:00,177.0
MAC000034,Std,2013-02-16 19:30:00,394.0
MAC000034,Std,2013-02-16 20:00:00,696.0
MAC000034,Std,2013-02-16 20:30:00,648.0
MAC000034,Std,2013-02-16 21:00:00,238.0
MAC000034,Std,2013-02-16 21:30:00,168.0
MAC000034,Std,2013-02-16 22:00:00,168.0
MAC000034,Std,2013-02-16 22:30:00,167.0
MAC000034,Std,2013-02-16 23:00:00,179.0
MAC000034,Std,2013-02-16 23:30:00,300.0
MAC000034,Std,2013-02-17 00:00:00,5737.0
MAC000034,Std,2013-02-17 00:30:00,5297.9999
MAC000034,Std,2013-02-17 01:00:00,4251.999900000001
MAC000034,Std,2013-02-17 01:30:00,4709.0001
MAC000034,Std,2013-02-17 02:00:00,4563.0002
MAC000034,Std,2013-02-17 02:30:00,4587.9998000000005
MAC000034,Std,2013-02-17 03:00:00,3730.0
MAC000034,Std,2013-02-17 03:30:00,2201.9999000000003
MAC000034,Std,2013-02-17 04:00:00,2013.9999
MAC000034,Std,2013-02-17 04:30:00,2482.0001
MAC000034,Std,2013-02-17 05:00:00,1170.0
MAC000034,Std,2013-02-17 05:30:00,2176.0001
MAC000034,Std,2013-02-17 06:00:00,1773.0
MAC000034,Std,2013-02-17 06:30:00,1345.0
MAC000034,Std,2013-02-17 07:00:00,60.0
MAC000034,Std,2013-02-17 07:30:00,38.0
MAC000034,Std,2013-02-17 08:00:00,96.0
MAC000034,Std,2013-02-17 08:30:00,96.0
MAC000034,Std,2013-02-17 09:00:00,84.0
MAC000034,Std,2013-02-17 09:30:00,91.0
MAC000034,Std,2013-02-17 10:00:00,215.0
MAC000034,Std,2013-02-17 10:30:00,112.0
MAC000034,Std,2013-02-17 11:00:00,93.0
MAC000034,Std,2013-02-17 11:30:00,118.0
MAC000034,Std,2013-02-17 12:00:00,393.0
MAC000034,Std,2013-02-17 12:30:00,545.0
MAC000034,Std,2013-02-17 13:00:00,2665.9999000000003
MAC000034,Std,2013-02-17 13:30:00,156.0
MAC000034,Std,2013-02-17 14:00:00,165.0
MAC000034,Std,2013-02-17 14:30:00,166.0
MAC000034,Std,2013-02-17 15:00:00,130.0
MAC000034,Std,2013-02-17 15:30:00,100.0
MAC000034,Std,2013-02-17 16:00:00,65.0
MAC000034,Std,2013-02-17 16:30:00,41.0
MAC000034,Std,2013-02-17 17:00:00,195.0
MAC000034,Std,2013-02-17 17:30:00,231.0
MAC000034,Std,2013-02-17 18:00:00,348.0
MAC000034,Std,2013-02-17 18:30:00,172.0
MAC000034,Std,2013-02-17 19:00:00,156.0
MAC000034,Std,2013-02-17 19:30:00,189.0
MAC000034,Std,2013-02-17 20:00:00,149.0
MAC000034,Std,2013-02-17 20:30:00,187.0
MAC000034,Std,2013-02-17 21:00:00,181.0
MAC000034,Std,2013-02-17 21:30:00,232.0
MAC000034,Std,2013-02-17 22:00:00,235.0
MAC000034,Std,2013-02-17 22:30:00,207.0
MAC000034,Std,2013-02-17 23:00:00,150.0
MAC000034,Std,2013-02-17 23:30:00,202.0
MAC000034,Std,2013-02-18 00:00:00,5464.0002
MAC000034,Std,2013-02-18 00:30:00,4949.9998
MAC000034,Std,2013-02-18 01:00:00,4941.0
MAC000034,Std,2013-02-18 01:30:00,4443.9998000000005
MAC000034,Std,2013-02-18 02:00:00,4829.0
MAC000034,Std,2013-02-18 02:30:00,4296.999900000001
MAC000034,Std,2013-02-18 03:00:00,3760.9999
MAC000034,Std,2013-02-18 03:30:00,1987.0
MAC000034,Std,2013-02-18 04:00:00,1743.0
MAC000034,Std,2013-02-18 04:30:00,2163.0001
MAC000034,Std,2013-02-18 05:00:00,1827.9999
MAC000034,Std,2013-02-18 05:30:00,1461.0
MAC000034,Std,2013-02-18 06:00:00,2056.0
MAC000034,Std,2013-02-18 06:30:00,1669.0
MAC000034,Std,2013-02-18 07:00:00,76.0
MAC000034,Std,2013-02-18 07:30:00,64.0
MAC000034,Std,2013-02-18 08:00:00,32.0
MAC000034,Std,2013-02-18 08:30:00,67.0
MAC000034,Std,2013-02-18 09:00:00,32.0
MAC000034,Std,2013-02-18 09:30:00,87.0
MAC000034,Std,2013-02-18 10:00:00,186.0
MAC000034,Std,2013-02-18 10:30:00,169.0
MAC000034,Std,2013-02-18 11:00:00,249.0
MAC000034,Std,2013-02-18 11:30:00,145.0
MAC000034,Std,2013-02-18 12:00:00,37.0
MAC000034,Std,2013-02-18 12:30:00,55.0
MAC000034,Std,2013-02-18 13:00:00,43.0
MAC000034,Std,2013-02-18 13:30:00,50.0
MAC000034,Std,2013-02-18 14:00:00,49.0
MAC000034,Std,2013-02-18 14:30:00,45.0
MAC000034,Std,2013-02-18 15:00:00,52.0
MAC000034,Std,2013-02-18 15:30:00,101.0
MAC000034,Std,2013-02-18 16:00:00,113.0
MAC000034,Std,2013-02-18 16:30:00,36.0
MAC000034,Std,2013-02-18 17:00:00,63.0
MAC000034,Std,2013-02-18 17:30:00,29.0
MAC000034,Std,2013-02-18 18:00:00,266.0
MAC000034,Std,2013-02-18 18:30:00,129.0
MAC000034,Std,2013-02-18 19:00:00,176.0
MAC000034,Std,2013-02-18 19:30:00,174.0
MAC000034,Std,2013-02-18 20:00:00,242.0
MAC000034,Std,2013-02-18 20:30:00,236.0
MAC000034,Std,2013-02-18 21:00:00,202.0
MAC000034,Std,2013-02-18 21:30:00,152.0
MAC000034,Std,2013-02-18 22:00:00,172.0
MAC000034,Std,2013-02-18 22:30:00,224.0
MAC000034,Std,2013-02-18 23:00:00,283.0
MAC000034,Std,2013-02-18 23:30:00,157.0
MAC000034,Std,2013-02-19 00:00:00,5316.0
MAC000034,Std,2013-02-19 00:30:00,4818.9998000000005
MAC000034,Std,2013-02-19 01:00:00,4964.0002
MAC000034,Std,2013-02-19 01:30:00,4748.000099999999
MAC000034,Std,2013-02-19 02:00:00,4638.0
MAC000034,Std,2013-02-19 02:30:00,4484.0002
MAC000034,Std,2013-02-19 03:00:00,3974.9999
MAC000034,Std,2013-02-19 03:30:00,2204.0
MAC000034,Std,2013-02-19 04:00:00,1870.0
MAC000034,Std,2013-02-19 04:30:00,1918.0
MAC000034,Std,2013-02-19 05:00:00,2223.0
MAC000034,Std,2013-02-19 05:30:00,1786.9999
MAC000034,Std,2013-02-19 06:00:00,1375.0
MAC000034,Std,2013-02-19 06:30:00,1797.0001
MAC000034,Std,2013-02-19 07:00:00,35.0
MAC000034,Std,2013-02-19 07:30:00,65.0
MAC000034,Std,2013-02-19 08:00:00,33.0
MAC000034,Std,2013-02-19 08:30:00,66.0
MAC000034,Std,2013-02-19 09:00:00,42.0
MAC000034,Std,2013-02-19 09:30:00,173.0
MAC000034,Std,2013-02-19 10:00:00,151.0
MAC000034,Std,2013-02-19 10:30:00,109.0
MAC000034,Std,2013-02-19 11:00:00,222.0
MAC000034,Std,2013-02-19 11:30:00,98.0
MAC000034,Std,2013-02-19 12:00:00,90.0
MAC000034,Std,2013-02-19 12:30:00,32.0
MAC000034,Std,2013-02-19 13:00:00,59.0
MAC000034,Std,2013-02-19 13:30:00,75.0
MAC000034,Std,2013-02-19 14:00:00,147.0
MAC000034,Std,2013-02-19 14:30:00,165.0
MAC000034,Std,2013-02-19 15:00:00,122.0
MAC000034,Std,2013-02-19 15:30:00,111.0
MAC000034,Std,2013-02-19 16:00:00,93.0
MAC000034,Std,2013-02-19 16:30:00,167.0
MAC000034,Std,2013-02-19 17:00:00,85.0
MAC000034,Std,2013-02-19 17:30:00,67.0
MAC000034,Std,2013-02-19 18:00:00,64.0
MAC000034,Std,2013-02-19 18:30:00,127.0
MAC000034,Std,2013-02-19 19:00:00,205.0
MAC000034,Std,2013-02-19 19:30:00,323.0
MAC000034,Std,2013-02-19 20:00:00,133.0
MAC000034,Std,2013-02-19 20:30:00,193.0
MAC000034,Std,2013-02-19 21:00:00,185.0
MAC000034,Std,2013-02-19 21:30:00,178.0
MAC000034,Std,2013-02-19 22:00:00,169.0
MAC000034,Std,2013-02-19 22:30:00,354.0
MAC000034,Std,2013-02-19 23:00:00,765.0
MAC000034,Std,2013-02-19 23:30:00,721.0
MAC000034,Std,2013-02-20 00:00:00,6160.9998
MAC000034,Std,2013-02-20 00:30:00,5024.0002
MAC000034,Std,2013-02-20 01:00:00,4807.0002
MAC000034,Std,2013-02-20 01:30:00,4913.000099999999
MAC000034,Std,2013-02-20 02:00:00,4551.0001
MAC000034,Std,2013-02-20 02:30:00,4445.0002
MAC000034,Std,2013-02-20 03:00:00,3852.9999
MAC000034,Std,2013-02-20 03:30:00,1857.0
MAC000034,Std,2013-02-20 04:00:00,1487.0
MAC000034,Std,2013-02-20 04:30:00,1849.0
MAC000034,Std,2013-02-20 05:00:00,2066.0
MAC000034,Std,2013-02-20 05:30:00,1349.0
MAC000034,Std,2013-02-20 06:00:00,1683.0
MAC000034,Std,2013-02-20 06:30:00,1592.0
MAC000034,Std,2013-02-20 07:00:00,66.0
MAC000034,Std,2013-02-20 07:30:00,96.0
MAC000034,Std,2013-02-20 08:00:00,112.0
MAC000034,Std,2013-02-20 08:30:00,93.0
MAC000034,Std,2013-02-20 09:00:00,31.0
MAC000034,Std,2013-02-20 09:30:00,102.0
MAC000034,Std,2013-02-20 10:00:00,106.0
MAC000034,Std,2013-02-20 10:30:00,293.0
MAC000034,Std,2013-02-20 11:00:00,156.0
MAC000034,Std,2013-02-20 11:30:00,186.0
MAC000034,Std,2013-02-20 12:00:00,212.0
MAC000034,Std,2013-02-20 12:30:00,191.0
MAC000034,Std,2013-02-20 13:00:00,65.0
MAC000034,Std,2013-02-20 13:30:00,59.0
MAC000034,Std,2013-02-20 14:00:00,43.0
MAC000034,Std,2013-02-20 14:30:00,51.0
MAC000034,Std,2013-02-20 15:00:00,49.0
MAC000034,Std,2013-02-20 15:30:00,62.0
MAC000034,Std,2013-02-20 16:00:00,109.0
MAC000034,Std,2013-02-20 16:30:00,136.0
MAC000034,Std,2013-02-20 17:00:00,151.0
MAC000034,Std,2013-02-20 17:30:00,169.0
MAC000034,Std,2013-02-20 18:00:00,270.0
MAC000034,Std,2013-02-20 18:30:00,163.0
MAC000034,Std,2013-02-20 19:00:00,165.0
MAC000034,Std,2013-02-20 19:30:00,212.0
MAC000034,Std,2013-02-20 20:00:00,224.0
MAC000034,Std,2013-02-20 20:30:00,205.0
MAC000034,Std,2013-02-20 21:00:00,189.0
MAC000034,Std,2013-02-20 21:30:00,220.0
MAC000034,Std,2013-02-20 22:00:00,157.0
MAC000034,Std,2013-02-20 22:30:00,193.0
MAC000034,Std,2013-02-20 23:00:00,169.0
MAC000034,Std,2013-02-20 23:30:00,520.0
MAC000034,Std,2013-02-21 00:00:00,6083.0002
MAC000034,Std,2013-02-21 00:00:00,6083.0002
MAC000034,Std,2013-02-21 00:30:00,5192.9998
MAC000034,Std,2013-02-21 01:00:00,4715.0002
MAC000034,Std,2013-02-21 01:30:00,5138.9999
MAC000034,Std,2013-02-21 02:00:00,5079.0
MAC000034,Std,2013-02-21 02:30:00,4423.9998
MAC000034,Std,2013-02-21 03:00:00,3969.0001
MAC000034,Std,2013-02-21 03:30:00,2694.0
MAC000034,Std,2013-02-21 04:00:00,1270.0
MAC000034,Std,2013-02-21 04:30:00,2364.0001
MAC000034,Std,2013-02-21 05:00:00,1508.0
MAC000034,Std,2013-02-21 05:30:00,2401.0
MAC000034,Std,2013-02-21 06:00:00,1993.0
MAC000034,Std,2013-02-21 06:30:00,1594.0
MAC000034,Std,2013-02-21 07:00:00,53.0
MAC000034,Std,2013-02-21 07:30:00,54.0
MAC000034,Std,2013-02-21 08:00:00,38.0
MAC000034,Std,2013-02-21 08:30:00,66.0
MAC000034,Std,2013-02-21 09:00:00,34.0
MAC000034,Std,2013-02-21 09:30:00,167.0
MAC000034,Std,2013-02-21 10:00:00,169.0
MAC000034,Std,2013-02-21 10:30:00,141.0
MAC000034,Std,2013-02-21 11:00:00,103.0
MAC000034,Std,2013-02-21 11:30:00,71.0
MAC000034,Std,2013-02-21 12:00:00,44.0
MAC000034,Std,2013-02-21 12:30:00,75.0
MAC000034,Std,2013-02-21 13:00:00,73.0
MAC000034,Std,2013-02-21 13:30:00,128.0
MAC000034,Std,2013-02-21 14:00:00,186.0
MAC000034,Std,2013-02-21 14:30:00,209.0
MAC000034,Std,2013-02-21 15:00:00,173.0
MAC000034,Std,2013-02-21 15:30:00,70.0
MAC000034,Std,2013-02-21 16:00:00,64.0
MAC000034,Std,2013-02-21 16:30:00,66.0
MAC000034,Std,2013-02-21 17:00:00,48.0
MAC000034,Std,2013-02-21 17:30:00,276.0
MAC000034,Std,2013-02-21 18:00:00,166.0
MAC000034,Std,2013-02-21 18:30:00,174.0
MAC000034,Std,2013-02-21 19:00:00,136.0
MAC000034,Std,2013-02-21 19:30:00,157.0
MAC000034,Std,2013-02-21 20:00:00,153.0
MAC000034,Std,2013-02-21 20:30:00,208.0
MAC000034,Std,2013-02-21 21:00:00,168.0
MAC000034,Std,2013-02-21 21:30:00,173.0
MAC000034,Std,2013-02-21 22:00:00,163.0
MAC000034,Std,2013-02-21 22:30:00,189.0
MAC000034,Std,2013-02-21 23:00:00,264.0
MAC000034,Std,2013-02-21 23:30:00,196.0
MAC000034,Std,2013-02-22 00:00:00,5313.0002
MAC000034,Std,2013-02-22 00:30:00,4716.000099999999
MAC000034,Std,2013-02-22 01:00:00,5000.9999
MAC000034,Std,2013-02-22 01:30:00,5144.0001
MAC000034,Std,2013-02-22 02:00:00,4705.9999
MAC000034,Std,2013-02-22 02:30:00,4987.0
MAC000034,Std,2013-02-22 03:00:00,4277.0
MAC000034,Std,2013-02-22 03:30:00,2592.9999000000003
MAC000034,Std,2013-02-22 04:00:00,1860.9999
MAC000034,Std,2013-02-22 04:30:00,2094.0001
MAC000034,Std,2013-02-22 05:00:00,2046.0
MAC000034,Std,2013-02-22 05:30:00,1559.0
MAC000034,Std,2013-02-22 06:00:00,1857.0
MAC000034,Std,2013-02-22 06:30:00,1536.9999
MAC000034,Std,2013-02-22 07:00:00,61.0
MAC000034,Std,2013-02-22 07:30:00,35.0
MAC000034,Std,2013-02-22 08:00:00,120.0
MAC000034,Std,2013-02-22 08:30:00,89.0
MAC000034,Std,2013-02-22 09:00:00,77.0
MAC000034,Std,2013-02-22 09:30:00,259.0
MAC000034,Std,2013-02-22 10:00:00,693.0
MAC000034,Std,2013-02-22 10:30:00,810.0
MAC000034,Std,2013-02-22 11:00:00,435.0
MAC000034,Std,2013-02-22 11:30:00,49.0
MAC000034,Std,2013-02-22 12:00:00,38.0
MAC000034,Std,2013-02-22 12:30:00,58.0
MAC000034,Std,2013-02-22 13:00:00,94.0
MAC000034,Std,2013-02-22 13:30:00,108.0
MAC000034,Std,2013-02-22 14:00:00,46.0
MAC000034,Std,2013-02-22 14:30:00,40.0
MAC000034,Std,2013-02-22 15:00:00,59.0
MAC000034,Std,2013-02-22 15:30:00,29.0
MAC000034,Std,2013-02-22 16:00:00,59.0
MAC000034,Std,2013-02-22 16:30:00,40.0
MAC000034,Std,2013-02-22 17:00:00,71.0
MAC000034,Std,2013-02-22 17:30:00,246.0
MAC000034,Std,2013-02-22 18:00:00,177.0
MAC000034,Std,2013-02-22 18:30:00,187.0
MAC000034,Std,2013-02-22 19:00:00,178.0
MAC000034,Std,2013-02-22 19:30:00,151.0
MAC000034,Std,2013-02-22 20:00:00,143.0
MAC000034,Std,2013-02-22 20:30:00,156.0
MAC000034,Std,2013-02-22 21:00:00,220.0
MAC000034,Std,2013-02-22 21:30:00,313.0
MAC000034,Std,2013-02-22 22:00:00,611.0
MAC000034,Std,2013-02-22 22:30:00,714.0
MAC000034,Std,2013-02-22 23:00:00,270.0
MAC000034,Std,2013-02-22 23:30:00,219.0
MAC000034,Std,2013-02-23 00:00:00,5622.0002
MAC000034,Std,2013-02-23 00:30:00,5053.0
MAC000034,Std,2013-02-23 01:00:00,4967.9999
MAC000034,Std,2013-02-23 01:30:00,4987.9999
MAC000034,Std,2013-02-23 02:00:00,5104.0001
MAC000034,Std,2013-02-23 02:30:00,4669.0001
MAC000034,Std,2013-02-23 03:00:00,4264.999900000001
MAC000034,Std,2013-02-23 03:30:00,2522.0001
MAC000034,Std,2013-02-23 04:00:00,1547.0001
MAC000034,Std,2013-02-23 04:30:00,2020.9999
MAC000034,Std,2013-02-23 05:00:00,1795.0
MAC000034,Std,2013-02-23 05:30:00,1945.0001
MAC000034,Std,2013-02-23 06:00:00,2221.0
MAC000034,Std,2013-02-23 06:30:00,1306.0
MAC000034,Std,2013-02-23 07:00:00,60.0
MAC000034,Std,2013-02-23 07:30:00,110.0
MAC000034,Std,2013-02-23 08:00:00,95.0
MAC000034,Std,2013-02-23 08:30:00,87.0
MAC000034,Std,2013-02-23 09:00:00,65.0
MAC000034,Std,2013-02-23 09:30:00,45.0
MAC000034,Std,2013-02-23 10:00:00,58.0
MAC000034,Std,2013-02-23 10:30:00,71.0
MAC000034,Std,2013-02-23 11:00:00,49.0
MAC000034,Std,2013-02-23 11:30:00,221.0
MAC000034,Std,2013-02-23 12:00:00,175.0
MAC000034,Std,2013-02-23 12:30:00,602.0
MAC000034,Std,2013-02-23 13:00:00,816.0
MAC000034,Std,2013-02-23 13:30:00,616.0
MAC000034,Std,2013-02-23 14:00:00,227.0
MAC000034,Std,2013-02-23 14:30:00,122.0
MAC000034,Std,2013-02-23 15:00:00,132.0
MAC000034,Std,2013-02-23 15:30:00,105.0
MAC000034,Std,2013-02-23 16:00:00,198.0
MAC000034,Std,2013-02-23 16:30:00,223.0
MAC000034,Std,2013-02-23 17:00:00,225.0
MAC000034,Std,2013-02-23 17:30:00,300.0
MAC000034,Std,2013-02-23 18:00:00,215.0
MAC000034,Std,2013-02-23 18:30:00,225.0
MAC000034,Std,2013-02-23 19:00:00,209.0
MAC000034,Std,2013-02-23 19:30:00,182.0
MAC000034,Std,2013-02-23 20:00:00,176.0
MAC000034,Std,2013-02-23 20:30:00,216.0
MAC000034,Std,2013-02-23 21:00:00,280.0
MAC000034,Std,2013-02-23 21:30:00,281.0
MAC000034,Std,2013-02-23 22:00:00,219.0
MAC000034,Std,2013-02-23 22:30:00,317.0
MAC000034,Std,2013-02-23 23:00:00,656.0
MAC000034,Std,2013-02-23 23:30:00,596.0
MAC000034,Std,2013-02-24 00:00:00,6280.0002
MAC000034,Std,2013-02-24 00:30:00,5842.9999
MAC000034,Std,2013-02-24 01:00:00,5217.9999
MAC000034,Std,2013-02-24 01:30:00,4861.0001
MAC000034,Std,2013-02-24 02:00:00,4902.0
MAC000034,Std,2013-02-24 02:30:00,4186.9998
MAC000034,Std,2013-02-24 03:00:00,4257.0
MAC000034,Std,2013-02-24 03:30:00,2515.0001
MAC000034,Std,2013-02-24 04:00:00,2296.0
MAC000034,Std,2013-02-24 04:30:00,2716.0001
MAC000034,Std,2013-02-24 05:00:00,2634.0001
MAC000034,Std,2013-02-24 05:30:00,3013.0
MAC000034,Std,2013-02-24 06:00:00,2542.0001
MAC000034,Std,2013-02-24 06:30:00,2178.9999
MAC000034,Std,2013-02-24 07:00:00,34.0
MAC000034,Std,2013-02-24 07:30:00,59.0
MAC000034,Std,2013-02-24 08:00:00,46.0
MAC000034,Std,2013-02-24 08:30:00,40.0
MAC000034,Std,2013-02-24 09:00:00,58.0
MAC000034,Std,2013-02-24 09:30:00,52.0
MAC000034,Std,2013-02-24 10:00:00,101.0
MAC000034,Std,2013-02-24 10:30:00,176.0
MAC000034,Std,2013-02-24 11:00:00,269.0
MAC000034,Std,2013-02-24 11:30:00,109.0
MAC000034,Std,2013-02-24 12:00:00,121.0
MAC000034,Std,2013-02-24 12:30:00,148.0
MAC000034,Std,2013-02-24 13:00:00,167.0
MAC000034,Std,2013-02-24 13:30:00,329.0
MAC000034,Std,2013-02-24 14:00:00,876.0
MAC000034,Std,2013-02-24 14:30:00,1466.0
MAC000034,Std,2013-02-24 15:00:00,129.0
MAC000034,Std,2013-02-24 15:30:00,165.0
MAC000034,Std,2013-02-24 16:00:00,112.0
MAC000034,Std,2013-02-24 16:30:00,95.0
MAC000034,Std,2013-02-24 17:00:00,533.0
MAC000034,Std,2013-02-24 17:30:00,634.0
MAC000034,Std,2013-02-24 18:00:00,823.0
MAC000034,Std,2013-02-24 18:30:00,663.0
MAC000034,Std,2013-02-24 19:00:00,636.0
MAC000034,Std,2013-02-24 19:30:00,666.0
MAC000034,Std,2013-02-24 20:00:00,306.0
MAC000034,Std,2013-02-24 20:30:00,216.0
MAC000034,Std,2013-02-24 21:00:00,225.0
MAC000034,Std,2013-02-24 21:30:00,197.0
MAC000034,Std,2013-02-24 22:00:00,141.0
MAC000034,Std,2013-02-24 22:30:00,167.0
MAC000034,Std,2013-02-24 23:00:00,161.0
MAC000034,Std,2013-02-24 23:30:00,160.0
MAC000034,Std,2013-02-25 00:00:00,5593.9999
MAC000034,Std,2013-02-25 00:30:00,5434.9999
MAC000034,Std,2013-02-25 01:00:00,5129.0002
MAC000034,Std,2013-02-25 01:30:00,5290.9999
MAC000034,Std,2013-02-25 02:00:00,4849.999900000001
MAC000034,Std,2013-02-25 02:30:00,4287.0002
MAC000034,Std,2013-02-25 03:00:00,4104.0001
MAC000034,Std,2013-02-25 03:30:00,2128.9999000000003
MAC000034,Std,2013-02-25 04:00:00,1410.0
MAC000034,Std,2013-02-25 04:30:00,2255.0001
MAC000034,Std,2013-02-25 05:00:00,1502.0
MAC000034,Std,2013-02-25 05:30:00,1768.0
MAC000034,Std,2013-02-25 06:00:00,2061.0001
MAC000034,Std,2013-02-25 06:30:00,1570.0001
MAC000034,Std,2013-02-25 07:00:00,57.0
MAC000034,Std,2013-02-25 07:30:00,60.0
MAC000034,Std,2013-02-25 08:00:00,46.0
MAC000034,Std,2013-02-25 08:30:00,41.0
MAC000034,Std,2013-02-25 09:00:00,56.0
MAC000034,Std,2013-02-25 09:30:00,33.0
MAC000034,Std,2013-02-25 10:00:00,500.0
MAC000034,Std,2013-02-25 10:30:00,685.0
MAC000034,Std,2013-02-25 11:00:00,610.0
MAC000034,Std,2013-02-25 11:30:00,645.0
MAC000034,Std,2013-02-25 12:00:00,980.0
MAC000034,Std,2013-02-25 12:30:00,218.0
MAC000034,Std,2013-02-25 13:00:00,52.0
MAC000034,Std,2013-02-25 13:30:00,50.0
MAC000034,Std,2013-02-25 14:00:00,31.0
MAC000034,Std,2013-02-25 14:30:00,53.0
MAC000034,Std,2013-02-25 15:00:00,49.0
MAC000034,Std,2013-02-25 15:30:00,31.0
MAC000034,Std,2013-02-25 16:00:00,79.0
MAC000034,Std,2013-02-25 16:30:00,108.0
MAC000034,Std,2013-02-25 17:00:00,52.0
MAC000034,Std,2013-02-25 17:30:00,51.0
MAC000034,Std,2013-02-25 18:00:00,77.0
MAC000034,Std,2013-02-25 18:30:00,243.0
MAC000034,Std,2013-02-25 19:00:00,161.0
MAC000034,Std,2013-02-25 19:30:00,166.0
MAC000034,Std,2013-02-25 20:00:00,381.0
MAC000034,Std,2013-02-25 20:30:00,626.0
MAC000034,Std,2013-02-25 21:00:00,720.0
MAC000034,Std,2013-02-25 21:30:00,710.0
MAC000034,Std,2013-02-25 22:00:00,245.0
MAC000034,Std,2013-02-25 22:30:00,218.0
MAC000034,Std,2013-02-25 23:00:00,197.0
MAC000034,Std,2013-02-25 23:30:00,142.0
MAC000034,Std,2013-02-26 00:00:00,6132.9999
MAC000034,Std,2013-02-26 00:30:00,5265.9998000000005
MAC000034,Std,2013-02-26 01:00:00,5283.999900000001
MAC000034,Std,2013-02-26 01:30:00,5178.9999
MAC000034,Std,2013-02-26 02:00:00,4793.0002
MAC000034,Std,2013-02-26 02:30:00,4140.9998000000005
MAC000034,Std,2013-02-26 03:00:00,4258.9998
MAC000034,Std,2013-02-26 03:30:00,2703.0001
MAC000034,Std,2013-02-26 04:00:00,1246.0001
MAC000034,Std,2013-02-26 04:30:00,1874.0
MAC000034,Std,2013-02-26 05:00:00,1975.0
MAC000034,Std,2013-02-26 05:30:00,1816.0
MAC000034,Std,2013-02-26 06:00:00,1308.0
MAC000034,Std,2013-02-26 06:30:00,1857.0
MAC000034,Std,2013-02-26 07:00:00,117.0
MAC000034,Std,2013-02-26 07:30:00,46.0
MAC000034,Std,2013-02-26 08:00:00,52.0
MAC000034,Std,2013-02-26 08:30:00,56.0
MAC000034,Std,2013-02-26 09:00:00,34.0
MAC000034,Std,2013-02-26 09:30:00,57.0
MAC000034,Std,2013-02-26 10:00:00,41.0
MAC000034,Std,2013-02-26 10:30:00,46.0
MAC000034,Std,2013-02-26 11:00:00,523.0
MAC000034,Std,2013-02-26 11:30:00,679.0
MAC000034,Std,2013-02-26 12:00:00,662.0
MAC000034,Std,2013-02-26 12:30:00,641.0
MAC000034,Std,2013-02-26 13:00:00,685.0
MAC000034,Std,2013-02-26 13:30:00,656.0
MAC000034,Std,2013-02-26 14:00:00,629.0
MAC000034,Std,2013-02-26 14:30:00,446.0
MAC000034,Std,2013-02-26 15:00:00,123.0
MAC000034,Std,2013-02-26 15:30:00,113.0
MAC000034,Std,2013-02-26 16:00:00,1531.0
MAC000034,Std,2013-02-26 16:30:00,254.0
MAC000034,Std,2013-02-26 17:00:00,207.0
MAC000034,Std,2013-02-26 17:30:00,57.0
MAC000034,Std,2013-02-26 18:00:00,96.0
MAC000034,Std,2013-02-26 18:30:00,266.0
MAC000034,Std,2013-02-26 19:00:00,145.0
MAC000034,Std,2013-02-26 19:30:00,160.0
MAC000034,Std,2013-02-26 20:00:00,538.0
MAC000034,Std,2013-02-26 20:30:00,690.0
MAC000034,Std,2013-02-26 21:00:00,592.0
MAC000034,Std,2013-02-26 21:30:00,246.0
MAC000034,Std,2013-02-26 22:00:00,178.0
MAC000034,Std,2013-02-26 22:30:00,183.0
MAC000034,Std,2013-02-26 23:00:00,192.0
MAC000034,Std,2013-02-26 23:30:00,176.0
MAC000034,Std,2013-02-27 00:00:00,5520.9999
MAC000034,Std,2013-02-27 00:30:00,5401.0
MAC000034,Std,2013-02-27 01:00:00,4708.0002
MAC000034,Std,2013-02-27 01:30:00,4909.9998
MAC000034,Std,2013-02-27 02:00:00,4741.0002
MAC000034,Std,2013-02-27 02:30:00,4486.0001
MAC000034,Std,2013-02-27 03:00:00,4000.0
MAC000034,Std,2013-02-27 03:30:00,2753.9999000000003
MAC000034,Std,2013-02-27 04:00:00,1730.9999
MAC000034,Std,2013-02-27 04:30:00,2147.0001
MAC000034,Std,2013-02-27 05:00:00,1777.0
MAC000034,Std,2013-02-27 05:30:00,1776.0
MAC000034,Std,2013-02-27 06:00:00,2017.0
MAC000034,Std,2013-02-27 06:30:00,1740.0
MAC000034,Std,2013-02-27 07:00:00,43.0
MAC000034,Std,2013-02-27 07:30:00,54.0
MAC000034,Std,2013-02-27 08:00:00,51.0
MAC000034,Std,2013-02-27 08:30:00,37.0
MAC000034,Std,2013-02-27 09:00:00,124.0
MAC000034,Std,2013-02-27 09:30:00,602.0
MAC000034,Std,2013-02-27 10:00:00,647.0
MAC000034,Std,2013-02-27 10:30:00,325.0
MAC000034,Std,2013-02-27 11:00:00,98.0
MAC000034,Std,2013-02-27 11:30:00,75.0
MAC000034,Std,2013-02-27 12:00:00,56.0
MAC000034,Std,2013-02-27 12:30:00,34.0
MAC000034,Std,2013-02-27 13:00:00,55.0
MAC000034,Std,2013-02-27 13:30:00,47.0
MAC000034,Std,2013-02-27 14:00:00,38.0
MAC000034,Std,2013-02-27 14:30:00,59.0
MAC000034,Std,2013-02-27 15:00:00,38.0
MAC000034,Std,2013-02-27 15:30:00,97.0
MAC000034,Std,2013-02-27 16:00:00,321.0
MAC000034,Std,2013-02-27 16:30:00,530.0
MAC000034,Std,2013-02-27 17:00:00,480.0
MAC000034,Std,2013-02-27 17:30:00,130.0
MAC000034,Std,2013-02-27 18:00:00,161.0
MAC000034,Std,2013-02-27 18:30:00,240.0
MAC000034,Std,2013-02-27 19:00:00,235.0
MAC000034,Std,2013-02-27 19:30:00,218.0
MAC000034,Std,2013-02-27 20:00:00,241.0
MAC000034,Std,2013-02-27 20:30:00,244.0
MAC000034,Std,2013-02-27 21:00:00,219.0
MAC000034,Std,2013-02-27 21:30:00,136.0
MAC000034,Std,2013-02-27 22:00:00,208.0
MAC000034,Std,2013-02-27 22:30:00,207.0
MAC000034,Std,2013-02-27 23:00:00,200.0
MAC000034,Std,2013-02-27 23:30:00,145.0
MAC000034,Std,2013-02-28 00:00:00,5754.0002
MAC000034,Std,2013-02-28 00:30:00,4874.0001
MAC000034,Std,2013-02-28 01:00:00,4828.000099999999
MAC000034,Std,2013-02-28 01:30:00,4849.0
MAC000034,Std,2013-02-28 02:00:00,4600.9998000000005
MAC000034,Std,2013-02-28 02:30:00,4276.0
MAC000034,Std,2013-02-28 03:00:00,3772.0001
MAC000034,Std,2013-02-28 03:30:00,2569.0
MAC000034,Std,2013-02-28 04:00:00,1217.0
MAC000034,Std,2013-02-28 04:30:00,2211.0
MAC000034,Std,2013-02-28 05:00:00,2303.9999
MAC000034,Std,2013-02-28 05:30:00,1449.0
MAC000034,Std,2013-02-28 06:00:00,1713.0001
MAC000034,Std,2013-02-28 06:30:00,1527.0
MAC000034,Std,2013-02-28 07:00:00,33.0
MAC000034,Std,2013-02-28 07:30:00,76.0
MAC000034,Std,2013-02-28 08:00:00,39.0
MAC000034,Std,2013-02-28 08:30:00,42.0
MAC000034,Std,2013-02-28 09:00:00,55.0
MAC000034,Std,2013-02-28 09:30:00,32.0
MAC000034,Std,2013-02-28 10:00:00,474.0
MAC000034,Std,2013-02-28 10:30:00,650.0
MAC000034,Std,2013-02-28 11:00:00,649.0
MAC000034,Std,2013-02-28 11:30:00,665.0
MAC000034,Std,2013-02-28 12:00:00,605.0
MAC000034,Std,2013-02-28 12:30:00,635.0
MAC000034,Std,2013-02-28 13:00:00,533.0
MAC000034,Std,2013-02-28 13:30:00,170.0
MAC000034,Std,2013-02-28 14:00:00,171.0
MAC000034,Std,2013-02-28 14:30:00,179.0
MAC000034,Std,2013-02-28 15:00:00,164.0
MAC000034,Std,2013-02-28 15:30:00,156.0
MAC000034,Std,2013-02-28 16:00:00,164.0
MAC000034,Std,2013-02-28 16:30:00,41.0
MAC000034,Std,2013-02-28 17:00:00,55.0
MAC000034,Std,2013-02-28 17:30:00,47.0
MAC000034,Std,2013-02-28 18:00:00,241.0
MAC000034,Std,2013-02-28 18:30:00,169.0
MAC000034,Std,2013-02-28 19:00:00,139.0
MAC000034,Std,2013-02-28 19:30:00,166.0
MAC000034,Std,2013-02-28 20:00:00,225.0
MAC000034,Std,2013-02-28 20:30:00,254.0
MAC000034,Std,2013-02-28 21:00:00,239.0
MAC000034,Std,2013-02-28 21:30:00,225.0
MAC000034,Std,2013-02-28 22:00:00,214.0
MAC000034,Std,2013-02-28 22:30:00,409.0
MAC000034,Std,2013-02-28 23:00:00,670.0
MAC000034,Std,2013-02-28 23:30:00,602.0
MAC000034,Std,2013-03-01 00:00:00,6112.0
MAC000034,Std,2013-03-01 00:30:00,5203.000099999999
MAC000034,Std,2013-03-01 01:00:00,5130.0001
MAC000034,Std,2013-03-01 01:30:00,4855.0
MAC000034,Std,2013-03-01 02:00:00,4498.000099999999
MAC000034,Std,2013-03-01 02:30:00,4710.0
MAC000034,Std,2013-03-01 03:00:00,3846.0
MAC000034,Std,2013-03-01 03:30:00,2482.0001
MAC000034,Std,2013-03-01 04:00:00,1917.0001
MAC000034,Std,2013-03-01 04:30:00,1967.0
MAC000034,Std,2013-03-01 05:00:00,2359.0
MAC000034,Std,2013-03-01 05:30:00,1197.0
MAC000034,Std,2013-03-01 06:00:00,1564.0
MAC000034,Std,2013-03-01 06:30:00,1975.0
MAC000034,Std,2013-03-01 07:00:00,50.0
MAC000034,Std,2013-03-01 07:30:00,67.0
MAC000034,Std,2013-03-01 08:00:00,57.0
MAC000034,Std,2013-03-01 08:30:00,57.0
MAC000034,Std,2013-03-01 09:00:00,111.0
MAC000034,Std,2013-03-01 09:30:00,106.0
MAC000034,Std,2013-03-01 10:00:00,156.0
MAC000034,Std,2013-03-01 10:30:00,103.0
MAC000034,Std,2013-03-01 11:00:00,116.0
MAC000034,Std,2013-03-01 11:30:00,512.0
MAC000034,Std,2013-03-01 12:00:00,574.0
MAC000034,Std,2013-03-01 12:30:00,125.0
MAC000034,Std,2013-03-01 13:00:00,309.0
MAC000034,Std,2013-03-01 13:30:00,131.0
MAC000034,Std,2013-03-01 14:00:00,186.0
MAC000034,Std,2013-03-01 14:30:00,125.0
MAC000034,Std,2013-03-01 15:00:00,107.0
MAC000034,Std,2013-03-01 15:30:00,63.0
MAC000034,Std,2013-03-01 16:00:00,34.0
MAC000034,Std,2013-03-01 16:30:00,51.0
MAC000034,Std,2013-03-01 17:00:00,48.0
MAC000034,Std,2013-03-01 17:30:00,33.0
MAC000034,Std,2013-03-01 18:00:00,83.0
MAC000034,Std,2013-03-01 18:30:00,203.0
MAC000034,Std,2013-03-01 19:00:00,365.0
MAC000034,Std,2013-03-01 19:30:00,163.0
MAC000034,Std,2013-03-01 20:00:00,165.0
MAC000034,Std,2013-03-01 20:30:00,165.0
MAC000034,Std,2013-03-01 21:00:00,146.0
MAC000034,Std,2013-03-01 21:30:00,176.0
MAC000034,Std,2013-03-01 22:00:00,221.0
MAC000034,Std,2013-03-01 22:30:00,233.0
MAC000034,Std,2013-03-01 23:00:00,252.0
MAC000034,Std,2013-03-01 23:30:00,564.0
MAC000034,Std,2013-03-02 00:00:00,5573.9999
MAC000034,Std,2013-03-02 00:30:00,4397.9998
MAC000034,Std,2013-03-02 01:00:00,4903.9998000000005
MAC000034,Std,2013-03-02 01:30:00,4721.0002
MAC000034,Std,2013-03-02 02:00:00,4750.9999
MAC000034,Std,2013-03-02 02:30:00,4722.0001
MAC000034,Std,2013-03-02 03:00:00,4293.0002
MAC000034,Std,2013-03-02 03:30:00,1764.0001
MAC000034,Std,2013-03-02 04:00:00,1854.0
MAC000034,Std,2013-03-02 04:30:00,2118.0
MAC000034,Std,2013-03-02 05:00:00,1675.0
MAC000034,Std,2013-03-02 05:30:00,2046.0
MAC000034,Std,2013-03-02 06:00:00,1765.0
MAC000034,Std,2013-03-02 06:30:00,1758.0
MAC000034,Std,2013-03-02 07:00:00,91.0
MAC000034,Std,2013-03-02 07:30:00,99.0
MAC000034,Std,2013-03-02 08:00:00,91.0
MAC000034,Std,2013-03-02 08:30:00,41.0
MAC000034,Std,2013-03-02 09:00:00,55.0
MAC000034,Std,2013-03-02 09:30:00,35.0
MAC000034,Std,2013-03-02 10:00:00,72.0
MAC000034,Std,2013-03-02 10:30:00,81.0
MAC000034,Std,2013-03-02 11:00:00,128.0
MAC000034,Std,2013-03-02 11:30:00,140.0
MAC000034,Std,2013-03-02 12:00:00,274.0
MAC000034,Std,2013-03-02 12:30:00,130.0
MAC000034,Std,2013-03-02 13:00:00,123.0
MAC000034,Std,2013-03-02 13:30:00,104.0
MAC000034,Std,2013-03-02 14:00:00,126.0
MAC000034,Std,2013-03-02 14:30:00,74.0
MAC000034,Std,2013-03-02 15:00:00,81.0
MAC000034,Std,2013-03-02 15:30:00,137.0
MAC000034,Std,2013-03-02 16:00:00,205.0
MAC000034,Std,2013-03-02 16:30:00,235.0
MAC000034,Std,2013-03-02 17:00:00,212.0
MAC000034,Std,2013-03-02 17:30:00,99.0
MAC000034,Std,2013-03-02 18:00:00,227.0
MAC000034,Std,2013-03-02 18:30:00,168.0
MAC000034,Std,2013-03-02 19:00:00,163.0
MAC000034,Std,2013-03-02 19:30:00,183.0
MAC000034,Std,2013-03-02 20:00:00,212.0
MAC000034,Std,2013-03-02 20:30:00,294.0
MAC000034,Std,2013-03-02 21:00:00,247.0
MAC000034,Std,2013-03-02 21:30:00,217.0
MAC000034,Std,2013-03-02 22:00:00,200.0
MAC000034,Std,2013-03-02 22:30:00,197.0
MAC000034,Std,2013-03-02 23:00:00,209.0
MAC000034,Std,2013-03-02 23:30:00,179.0
MAC000034,Std,2013-03-03 00:00:00,4935.9999
MAC000034,Std,2013-03-03 00:30:00,4772.9998
MAC000034,Std,2013-03-03 01:00:00,4732.9998
MAC000034,Std,2013-03-03 01:30:00,4323.9999
MAC000034,Std,2013-03-03 02:00:00,4790.9999
MAC000034,Std,2013-03-03 02:30:00,4414.0
MAC000034,Std,2013-03-03 03:00:00,3854.0001
MAC000034,Std,2013-03-03 03:30:00,2194.0
MAC000034,Std,2013-03-03 04:00:00,2190.0001
MAC000034,Std,2013-03-03 04:30:00,2017.0
MAC000034,Std,2013-03-03 05:00:00,1681.0
MAC000034,Std,2013-03-03 05:30:00,2278.0001
MAC000034,Std,2013-03-03 06:00:00,1264.0001
MAC000034,Std,2013-03-03 06:30:00,1668.0
MAC000034,Std,2013-03-03 07:00:00,65.0
MAC000034,Std,2013-03-03 07:30:00,53.0
MAC000034,Std,2013-03-03 08:00:00,40.0
MAC000034,Std,2013-03-03 08:30:00,66.0
MAC000034,Std,2013-03-03 09:00:00,66.0
MAC000034,Std,2013-03-03 09:30:00,86.0
MAC000034,Std,2013-03-03 10:00:00,162.0
MAC000034,Std,2013-03-03 10:30:00,112.0
MAC000034,Std,2013-03-03 11:00:00,120.0
MAC000034,Std,2013-03-03 11:30:00,109.0
MAC000034,Std,2013-03-03 12:00:00,239.0
MAC000034,Std,2013-03-03 12:30:00,110.0
MAC000034,Std,2013-03-03 13:00:00,112.0
MAC000034,Std,2013-03-03 13:30:00,104.0
MAC000034,Std,2013-03-03 14:00:00,196.0
MAC000034,Std,2013-03-03 14:30:00,193.0
MAC000034,Std,2013-03-03 15:00:00,135.0
MAC000034,Std,2013-03-03 15:30:00,1490.0
MAC000034,Std,2013-03-03 16:00:00,93.0
MAC000034,Std,2013-03-03 16:30:00,41.0
MAC000034,Std,2013-03-03 17:00:00,211.0
MAC000034,Std,2013-03-03 17:30:00,111.0
MAC000034,Std,2013-03-03 18:00:00,154.0
MAC000034,Std,2013-03-03 18:30:00,82.0
MAC000034,Std,2013-03-03 19:00:00,279.0
MAC000034,Std,2013-03-03 19:30:00,246.0
MAC000034,Std,2013-03-03 20:00:00,237.0
MAC000034,Std,2013-03-03 20:30:00,209.0
MAC000034,Std,2013-03-03 21:00:00,208.0
MAC000034,Std,2013-03-03 21:30:00,178.0
MAC000034,Std,2013-03-03 22:00:00,171.0
MAC000034,Std,2013-03-03 22:30:00,198.0
MAC000034,Std,2013-03-03 23:00:00,234.0
MAC000034,Std,2013-03-03 23:30:00,181.0
MAC000034,Std,2013-03-04 00:00:00,5283.0
MAC000034,Std,2013-03-04 00:30:00,4715.0002
MAC000034,Std,2013-03-04 01:00:00,4632.9999
MAC000034,Std,2013-03-04 01:30:00,4821.0001
MAC000034,Std,2013-03-04 02:00:00,4908.999900000001
MAC000034,Std,2013-03-04 02:30:00,4206.9998000000005
MAC000034,Std,2013-03-04 03:00:00,4166.9998000000005
MAC000034,Std,2013-03-04 03:30:00,2256.0
MAC000034,Std,2013-03-04 04:00:00,1771.0
MAC000034,Std,2013-03-04 04:30:00,1949.0
MAC000034,Std,2013-03-04 05:00:00,2323.0
MAC000034,Std,2013-03-04 05:30:00,1677.0
MAC000034,Std,2013-03-04 06:00:00,1897.0
MAC000034,Std,2013-03-04 06:30:00,2068.0001
MAC000034,Std,2013-03-04 07:00:00,32.0
MAC000034,Std,2013-03-04 07:30:00,68.0
MAC000034,Std,2013-03-04 08:00:00,72.0
MAC000034,Std,2013-03-04 08:30:00,114.0
MAC000034,Std,2013-03-04 09:00:00,78.0
MAC000034,Std,2013-03-04 09:30:00,51.0
MAC000034,Std,2013-03-04 10:00:00,111.0
MAC000034,Std,2013-03-04 10:30:00,215.0
MAC000034,Std,2013-03-04 11:00:00,178.0
MAC000034,Std,2013-03-04 11:30:00,101.0
MAC000034,Std,2013-03-04 12:00:00,64.0
MAC000034,Std,2013-03-04 12:30:00,56.0
MAC000034,Std,2013-03-04 13:00:00,127.0
MAC000034,Std,2013-03-04 13:30:00,67.0
MAC000034,Std,2013-03-04 14:00:00,67.0
MAC000034,Std,2013-03-04 14:30:00,31.0
MAC000034,Std,2013-03-04 15:00:00,65.0
MAC000034,Std,2013-03-04 15:30:00,30.0
MAC000034,Std,2013-03-04 16:00:00,68.0
MAC000034,Std,2013-03-04 16:30:00,30.0
MAC000034,Std,2013-03-04 17:00:00,67.0
MAC000034,Std,2013-03-04 17:30:00,280.0
MAC000034,Std,2013-03-04 18:00:00,269.0
MAC000034,Std,2013-03-04 18:30:00,223.0
MAC000034,Std,2013-03-04 19:00:00,214.0
MAC000034,Std,2013-03-04 19:30:00,178.0
MAC000034,Std,2013-03-04 20:00:00,188.0
MAC000034,Std,2013-03-04 20:30:00,228.0
MAC000034,Std,2013-03-04 21:00:00,173.0
MAC000034,Std,2013-03-04 21:30:00,228.0
MAC000034,Std,2013-03-04 22:00:00,251.0
MAC000034,Std,2013-03-04 22:30:00,205.0
MAC000034,Std,2013-03-04 23:00:00,152.0
MAC000034,Std,2013-03-04 23:30:00,162.0
MAC000034,Std,2013-03-05 00:00:00,5607.9998
MAC000034,Std,2013-03-05 00:30:00,5081.9998000000005
MAC000034,Std,2013-03-05 01:00:00,5004.0002
MAC000034,Std,2013-03-05 01:30:00,4571.0001
MAC000034,Std,2013-03-05 02:00:00,4644.0001
MAC000034,Std,2013-03-05 02:30:00,4579.0
MAC000034,Std,2013-03-05 03:00:00,3762.0001
MAC000034,Std,2013-03-05 03:30:00,2096.0
MAC000034,Std,2013-03-05 04:00:00,2046.9999
MAC000034,Std,2013-03-05 04:30:00,1623.0
MAC000034,Std,2013-03-05 05:00:00,1713.0001
MAC000034,Std,2013-03-05 05:30:00,1955.0
MAC000034,Std,2013-03-05 06:00:00,1554.9999
MAC000034,Std,2013-03-05 06:30:00,1684.9999
MAC000034,Std,2013-03-05 07:00:00,123.0
MAC000034,Std,2013-03-05 07:30:00,39.0
MAC000034,Std,2013-03-05 08:00:00,67.0
MAC000034,Std,2013-03-05 08:30:00,40.0
MAC000034,Std,2013-03-05 09:00:00,61.0
MAC000034,Std,2013-03-05 09:30:00,65.0
MAC000034,Std,2013-03-05 10:00:00,113.0
MAC000034,Std,2013-03-05 10:30:00,102.0
MAC000034,Std,2013-03-05 11:00:00,239.0
MAC000034,Std,2013-03-05 11:30:00,192.0
MAC000034,Std,2013-03-05 12:00:00,265.0
MAC000034,Std,2013-03-05 12:30:00,86.0
MAC000034,Std,2013-03-05 13:00:00,108.0
MAC000034,Std,2013-03-05 13:30:00,113.0
MAC000034,Std,2013-03-05 14:00:00,146.0
MAC000034,Std,2013-03-05 14:30:00,126.0
MAC000034,Std,2013-03-05 15:00:00,151.0
MAC000034,Std,2013-03-05 15:30:00,63.0
MAC000034,Std,2013-03-05 16:00:00,116.0
MAC000034,Std,2013-03-05 16:30:00,99.0
MAC000034,Std,2013-03-05 17:00:00,44.0
MAC000034,Std,2013-03-05 17:30:00,85.0
MAC000034,Std,2013-03-05 18:00:00,235.0
MAC000034,Std,2013-03-05 18:30:00,155.0
MAC000034,Std,2013-03-05 19:00:00,152.0
MAC000034,Std,2013-03-05 19:30:00,157.0
MAC000034,Std,2013-03-05 20:00:00,234.0
MAC000034,Std,2013-03-05 20:30:00,220.0
MAC000034,Std,2013-03-05 21:00:00,198.0
MAC000034,Std,2013-03-05 21:30:00,180.0
MAC000034,Std,2013-03-05 22:00:00,164.0
MAC000034,Std,2013-03-05 22:30:00,221.0
MAC000034,Std,2013-03-05 23:00:00,194.0
MAC000034,Std,2013-03-05 23:30:00,133.0
MAC000034,Std,2013-03-06 00:00:00,5426.0001
MAC000034,Std,2013-03-06 00:30:00,5602.0002
MAC000034,Std,2013-03-06 01:00:00,5547.9999
MAC000034,Std,2013-03-06 01:30:00,5797.9999
MAC000034,Std,2013-03-06 02:00:00,5632.9999
MAC000034,Std,2013-03-06 02:30:00,5041.9998000000005
MAC000034,Std,2013-03-06 03:00:00,4637.0001
MAC000034,Std,2013-03-06 03:30:00,2772.0001
MAC000034,Std,2013-03-06 04:00:00,3152.0
MAC000034,Std,2013-03-06 04:30:00,3188.9999000000003
MAC000034,Std,2013-03-06 05:00:00,2036.9999
MAC000034,Std,2013-03-06 05:30:00,1343.0001
MAC000034,Std,2013-03-06 06:00:00,1169.0
MAC000034,Std,2013-03-06 06:30:00,1604.0
MAC000034,Std,2013-03-06 07:00:00,65.0
MAC000034,Std,2013-03-06 07:30:00,53.0
MAC000034,Std,2013-03-06 08:00:00,48.0
MAC000034,Std,2013-03-06 08:30:00,61.0
MAC000034,Std,2013-03-06 09:00:00,88.0
MAC000034,Std,2013-03-06 09:30:00,121.0
MAC000034,Std,2013-03-06 10:00:00,143.0
MAC000034,Std,2013-03-06 10:30:00,190.0
MAC000034,Std,2013-03-06 11:00:00,158.0
MAC000034,Std,2013-03-06 11:30:00,191.0
MAC000034,Std,2013-03-06 12:00:00,158.0
MAC000034,Std,2013-03-06 12:30:00,273.0
MAC000034,Std,2013-03-06 13:00:00,572.0
MAC000034,Std,2013-03-06 13:30:00,673.0
MAC000034,Std,2013-03-06 14:00:00,662.0
MAC000034,Std,2013-03-06 14:30:00,597.0
MAC000034,Std,2013-03-06 15:00:00,613.0
MAC000034,Std,2013-03-06 15:30:00,138.0
MAC000034,Std,2013-03-06 16:00:00,116.0
MAC000034,Std,2013-03-06 16:30:00,41.0
MAC000034,Std,2013-03-06 17:00:00,60.0
MAC000034,Std,2013-03-06 17:30:00,56.0
MAC000034,Std,2013-03-06 18:00:00,309.0
MAC000034,Std,2013-03-06 18:30:00,210.0
MAC000034,Std,2013-03-06 19:00:00,168.0
MAC000034,Std,2013-03-06 19:30:00,164.0
MAC000034,Std,2013-03-06 20:00:00,178.0
MAC000034,Std,2013-03-06 20:30:00,206.0
MAC000034,Std,2013-03-06 21:00:00,275.0
MAC000034,Std,2013-03-06 21:30:00,671.0
MAC000034,Std,2013-03-06 22:00:00,700.0
MAC000034,Std,2013-03-06 22:30:00,681.0
MAC000034,Std,2013-03-06 23:00:00,397.0
MAC000034,Std,2013-03-06 23:30:00,222.0
MAC000034,Std,2013-03-07 00:00:00,4993.0
MAC000034,Std,2013-03-07 00:30:00,4636.0002
MAC000034,Std,2013-03-07 01:00:00,4236.0001
MAC000034,Std,2013-03-07 01:30:00,4478.0002
MAC000034,Std,2013-03-07 02:00:00,4501.999900000001
MAC000034,Std,2013-03-07 02:30:00,3888.0
MAC000034,Std,2013-03-07 03:00:00,3053.0
MAC000034,Std,2013-03-07 03:30:00,1616.0001
MAC000034,Std,2013-03-07 04:00:00,1679.9999
MAC000034,Std,2013-03-07 04:30:00,1690.0001
MAC000034,Std,2013-03-07 05:00:00,1625.0
MAC000034,Std,2013-03-07 05:30:00,1401.0
MAC000034,Std,2013-03-07 06:00:00,1579.0
MAC000034,Std,2013-03-07 06:30:00,1550.0
MAC000034,Std,2013-03-07 07:00:00,94.0
MAC000034,Std,2013-03-07 07:30:00,65.0
MAC000034,Std,2013-03-07 08:00:00,185.0
MAC000034,Std,2013-03-07 08:30:00,699.0
MAC000034,Std,2013-03-07 09:00:00,253.0
MAC000034,Std,2013-03-07 09:30:00,103.0
MAC000034,Std,2013-03-07 10:00:00,145.0
MAC000034,Std,2013-03-07 10:30:00,229.0
MAC000034,Std,2013-03-07 11:00:00,225.0
MAC000034,Std,2013-03-07 11:30:00,148.0
MAC000034,Std,2013-03-07 12:00:00,227.0
MAC000034,Std,2013-03-07 12:30:00,149.0
MAC000034,Std,2013-03-07 13:00:00,126.0
MAC000034,Std,2013-03-07 13:30:00,106.0
MAC000034,Std,2013-03-07 14:00:00,126.0
MAC000034,Std,2013-03-07 14:30:00,139.0
MAC000034,Std,2013-03-07 15:00:00,202.0
MAC000034,Std,2013-03-07 15:30:00,91.0
MAC000034,Std,2013-03-07 16:00:00,60.0
MAC000034,Std,2013-03-07 16:30:00,42.0
MAC000034,Std,2013-03-07 17:00:00,59.0
MAC000034,Std,2013-03-07 17:30:00,44.0
MAC000034,Std,2013-03-07 18:00:00,86.0
MAC000034,Std,2013-03-07 18:30:00,81.0
MAC000034,Std,2013-03-07 19:00:00,143.0
MAC000034,Std,2013-03-07 19:30:00,145.0
MAC000034,Std,2013-03-07 20:00:00,98.0
MAC000034,Std,2013-03-07 20:30:00,91.0
MAC000034,Std,2013-03-07 21:00:00,79.0
MAC000034,Std,2013-03-07 21:30:00,96.0
MAC000034,Std,2013-03-07 22:00:00,74.0
MAC000034,Std,2013-03-07 22:30:00,101.0
MAC000034,Std,2013-03-07 23:00:00,77.0
MAC000034,Std,2013-03-07 23:30:00,136.0
MAC000034,Std,2013-03-08 00:00:00,5441.9999
MAC000034,Std,2013-03-08 00:30:00,4854.0001
MAC000034,Std,2013-03-08 01:00:00,4708.0002
MAC000034,Std,2013-03-08 01:30:00,4711.999900000001
MAC000034,Std,2013-03-08 02:00:00,4361.0001
MAC000034,Std,2013-03-08 02:30:00,4469.9998000000005
MAC000034,Std,2013-03-08 03:00:00,3052.0
MAC000034,Std,2013-03-08 03:30:00,1948.0
MAC000034,Std,2013-03-08 04:00:00,1807.0
MAC000034,Std,2013-03-08 04:30:00,1957.0
MAC000034,Std,2013-03-08 05:00:00,1764.0001
MAC000034,Std,2013-03-08 05:30:00,1281.9999
MAC000034,Std,2013-03-08 06:00:00,1658.0
MAC000034,Std,2013-03-08 06:30:00,1667.0001000000002
MAC000034,Std,2013-03-08 07:00:00,63.0
MAC000034,Std,2013-03-08 07:30:00,39.0
MAC000034,Std,2013-03-08 08:00:00,86.0
MAC000034,Std,2013-03-08 08:30:00,98.0
MAC000034,Std,2013-03-08 09:00:00,111.0
MAC000034,Std,2013-03-08 09:30:00,39.0
MAC000034,Std,2013-03-08 10:00:00,64.0
MAC000034,Std,2013-03-08 10:30:00,39.0
MAC000034,Std,2013-03-08 11:00:00,64.0
MAC000034,Std,2013-03-08 11:30:00,37.0
MAC000034,Std,2013-03-08 12:00:00,65.0
MAC000034,Std,2013-03-08 12:30:00,68.0
MAC000034,Std,2013-03-08 13:00:00,128.0
MAC000034,Std,2013-03-08 13:30:00,71.0
MAC000034,Std,2013-03-08 14:00:00,68.0
MAC000034,Std,2013-03-08 14:30:00,35.0
MAC000034,Std,2013-03-08 15:00:00,68.0
MAC000034,Std,2013-03-08 15:30:00,35.0
MAC000034,Std,2013-03-08 16:00:00,64.0
MAC000034,Std,2013-03-08 16:30:00,39.0
MAC000034,Std,2013-03-08 17:00:00,99.0
MAC000034,Std,2013-03-08 17:30:00,106.0
MAC000034,Std,2013-03-08 18:00:00,192.0
MAC000034,Std,2013-03-08 18:30:00,163.0
MAC000034,Std,2013-03-08 19:00:00,133.0
MAC000034,Std,2013-03-08 19:30:00,172.0
MAC000034,Std,2013-03-08 20:00:00,180.0
MAC000034,Std,2013-03-08 20:30:00,572.0
MAC000034,Std,2013-03-08 21:00:00,568.0
MAC000034,Std,2013-03-08 21:30:00,237.0
MAC000034,Std,2013-03-08 22:00:00,225.0
MAC000034,Std,2013-03-08 22:30:00,232.0
MAC000034,Std,2013-03-08 23:00:00,265.0
MAC000034,Std,2013-03-08 23:30:00,174.0
MAC000034,Std,2013-03-09 00:00:00,5428.9999
MAC000034,Std,2013-03-09 00:30:00,4801.0001
MAC000034,Std,2013-03-09 01:00:00,4809.0
MAC000034,Std,2013-03-09 01:30:00,4638.9999
MAC000034,Std,2013-03-09 02:00:00,4473.0
MAC000034,Std,2013-03-09 02:30:00,4620.9998
MAC000034,Std,2013-03-09 03:00:00,2801.0001
MAC000034,Std,2013-03-09 03:30:00,1740.0
MAC000034,Std,2013-03-09 04:00:00,1666.0
MAC000034,Std,2013-03-09 04:30:00,1661.0
MAC000034,Std,2013-03-09 05:00:00,1819.0
MAC000034,Std,2013-03-09 05:30:00,2059.9999000000003
MAC000034,Std,2013-03-09 06:00:00,1580.0
MAC000034,Std,2013-03-09 06:30:00,1318.0
MAC000034,Std,2013-03-09 07:00:00,61.0
MAC000034,Std,2013-03-09 07:30:00,42.0
MAC000034,Std,2013-03-09 08:00:00,57.0
MAC000034,Std,2013-03-09 08:30:00,46.0
MAC000034,Std,2013-03-09 09:00:00,53.0
MAC000034,Std,2013-03-09 09:30:00,49.0
MAC000034,Std,2013-03-09 10:00:00,98.0
MAC000034,Std,2013-03-09 10:30:00,152.0
MAC000034,Std,2013-03-09 11:00:00,193.0
MAC000034,Std,2013-03-09 11:30:00,133.0
MAC000034,Std,2013-03-09 12:00:00,131.0
MAC000034,Std,2013-03-09 12:30:00,120.0
MAC000034,Std,2013-03-09 13:00:00,264.0
MAC000034,Std,2013-03-09 13:30:00,660.0
MAC000034,Std,2013-03-09 14:00:00,585.0
MAC000034,Std,2013-03-09 14:30:00,667.0
MAC000034,Std,2013-03-09 15:00:00,681.0
MAC000034,Std,2013-03-09 15:30:00,605.0
MAC000034,Std,2013-03-09 16:00:00,621.0
MAC000034,Std,2013-03-09 16:30:00,585.0
MAC000034,Std,2013-03-09 17:00:00,36.0
MAC000034,Std,2013-03-09 17:30:00,104.0
MAC000034,Std,2013-03-09 18:00:00,224.0
MAC000034,Std,2013-03-09 18:30:00,181.0
MAC000034,Std,2013-03-09 19:00:00,223.0
MAC000034,Std,2013-03-09 19:30:00,219.0
MAC000034,Std,2013-03-09 20:00:00,166.0
MAC000034,Std,2013-03-09 20:30:00,236.0
MAC000034,Std,2013-03-09 21:00:00,658.0
MAC000034,Std,2013-03-09 21:30:00,694.0
MAC000034,Std,2013-03-09 22:00:00,547.0
MAC000034,Std,2013-03-09 22:30:00,308.0
MAC000034,Std,2013-03-09 23:00:00,243.0
MAC000034,Std,2013-03-09 23:30:00,193.0
MAC000034,Std,2013-03-10 00:00:00,5512.0001
MAC000034,Std,2013-03-10 00:30:00,5051.0001
MAC000034,Std,2013-03-10 01:00:00,5184.0
MAC000034,Std,2013-03-10 01:30:00,5004.0002
MAC000034,Std,2013-03-10 02:00:00,4434.0
MAC000034,Std,2013-03-10 02:30:00,4434.0
MAC000034,Std,2013-03-10 03:00:00,3770.0
MAC000034,Std,2013-03-10 03:30:00,1985.0
MAC000034,Std,2013-03-10 04:00:00,1705.0
MAC000034,Std,2013-03-10 04:30:00,1922.0001
MAC000034,Std,2013-03-10 05:00:00,1586.0
MAC000034,Std,2013-03-10 05:30:00,2020.9999
MAC000034,Std,2013-03-10 06:00:00,1824.0
MAC000034,Std,2013-03-10 06:30:00,2017.0
MAC000034,Std,2013-03-10 07:00:00,36.0
MAC000034,Std,2013-03-10 07:30:00,98.0
MAC000034,Std,2013-03-10 08:00:00,98.0
MAC000034,Std,2013-03-10 08:30:00,86.0
MAC000034,Std,2013-03-10 09:00:00,47.0
MAC000034,Std,2013-03-10 09:30:00,50.0
MAC000034,Std,2013-03-10 10:00:00,84.0
MAC000034,Std,2013-03-10 10:30:00,110.0
MAC000034,Std,2013-03-10 11:00:00,117.0
MAC000034,Std,2013-03-10 11:30:00,110.0
MAC000034,Std,2013-03-10 12:00:00,270.0
MAC000034,Std,2013-03-10 12:30:00,164.0
MAC000034,Std,2013-03-10 13:00:00,137.0
MAC000034,Std,2013-03-10 13:30:00,109.0
MAC000034,Std,2013-03-10 14:00:00,116.0
MAC000034,Std,2013-03-10 14:30:00,120.0
MAC000034,Std,2013-03-10 15:00:00,110.0
MAC000034,Std,2013-03-10 15:30:00,125.0
MAC000034,Std,2013-03-10 16:00:00,366.0
MAC000034,Std,2013-03-10 16:30:00,515.0
MAC000034,Std,2013-03-10 17:00:00,552.0
MAC000034,Std,2013-03-10 17:30:00,694.0
MAC000034,Std,2013-03-10 18:00:00,1082.9998999999998
MAC000034,Std,2013-03-10 18:30:00,1052.0
MAC000034,Std,2013-03-10 19:00:00,1024.0
MAC000034,Std,2013-03-10 19:30:00,1031.9999
MAC000034,Std,2013-03-10 20:00:00,1026.0
MAC000034,Std,2013-03-10 20:30:00,595.0
MAC000034,Std,2013-03-10 21:00:00,553.0
MAC000034,Std,2013-03-10 21:30:00,636.0
MAC000034,Std,2013-03-10 22:00:00,671.0
MAC000034,Std,2013-03-10 22:30:00,684.0
MAC000034,Std,2013-03-10 23:00:00,642.0
MAC000034,Std,2013-03-10 23:30:00,616.0
MAC000034,Std,2013-03-11 00:00:00,6031.0001
MAC000034,Std,2013-03-11 00:30:00,5376.999900000001
MAC000034,Std,2013-03-11 01:00:00,5407.0001
MAC000034,Std,2013-03-11 01:30:00,5616.0002
MAC000034,Std,2013-03-11 02:00:00,4967.0
MAC000034,Std,2013-03-11 02:30:00,4861.0001
MAC000034,Std,2013-03-11 03:00:00,4348.0
MAC000034,Std,2013-03-11 03:30:00,3193.0001
MAC000034,Std,2013-03-11 04:00:00,2237.9999000000003
MAC000034,Std,2013-03-11 04:30:00,2009.0001
MAC000034,Std,2013-03-11 05:00:00,2638.0
MAC000034,Std,2013-03-11 05:30:00,2138.9999
MAC000034,Std,2013-03-11 06:00:00,2023.0
MAC000034,Std,2013-03-11 06:30:00,2171.0
MAC000034,Std,2013-03-11 07:00:00,516.0
MAC000034,Std,2013-03-11 07:30:00,475.0
MAC000034,Std,2013-03-11 08:00:00,440.0
MAC000034,Std,2013-03-11 08:30:00,474.0
MAC000034,Std,2013-03-11 09:00:00,456.0
MAC000034,Std,2013-03-11 09:30:00,471.0
MAC000034,Std,2013-03-11 10:00:00,885.0
MAC000034,Std,2013-03-11 10:30:00,1018.0
MAC000034,Std,2013-03-11 11:00:00,1033.0
MAC000034,Std,2013-03-11 11:30:00,1067.0
MAC000034,Std,2013-03-11 12:00:00,1100.0
MAC000034,Std,2013-03-11 12:30:00,1068.0
MAC000034,Std,2013-03-11 13:00:00,1042.0001000000002
MAC000034,Std,2013-03-11 13:30:00,1048.0
MAC000034,Std,2013-03-11 14:00:00,1043.0
MAC000034,Std,2013-03-11 14:30:00,1043.0
MAC000034,Std,2013-03-11 15:00:00,1044.0
MAC000034,Std,2013-03-11 15:30:00,969.0
MAC000034,Std,2013-03-11 16:00:00,751.0
MAC000034,Std,2013-03-11 16:30:00,518.0
MAC000034,Std,2013-03-11 17:00:00,583.0
MAC000034,Std,2013-03-11 17:30:00,565.0
MAC000034,Std,2013-03-11 18:00:00,336.0
MAC000034,Std,2013-03-11 18:30:00,151.0
MAC000034,Std,2013-03-11 19:00:00,152.0
MAC000034,Std,2013-03-11 19:30:00,152.0
MAC000034,Std,2013-03-11 20:00:00,261.0
MAC000034,Std,2013-03-11 20:30:00,252.0
MAC000034,Std,2013-03-11 21:00:00,307.0
MAC000034,Std,2013-03-11 21:30:00,265.0
MAC000034,Std,2013-03-11 22:00:00,198.0
MAC000034,Std,2013-03-11 22:30:00,169.0
MAC000034,Std,2013-03-11 23:00:00,165.0
MAC000034,Std,2013-03-11 23:30:00,325.0
MAC000034,Std,2013-03-12 00:00:00,5842.0
MAC000034,Std,2013-03-12 00:30:00,5287.0002
MAC000034,Std,2013-03-12 01:00:00,5043.0002
MAC000034,Std,2013-03-12 01:30:00,5037.0002
MAC000034,Std,2013-03-12 02:00:00,4892.0002
MAC000034,Std,2013-03-12 02:30:00,4650.000099999999
MAC000034,Std,2013-03-12 03:00:00,4431.0002
MAC000034,Std,2013-03-12 03:30:00,3612.0
MAC000034,Std,2013-03-12 04:00:00,1283.0
MAC000034,Std,2013-03-12 04:30:00,2411.0
MAC000034,Std,2013-03-12 05:00:00,1832.0
MAC000034,Std,2013-03-12 05:30:00,1832.9999
MAC000034,Std,2013-03-12 06:00:00,1867.0
MAC000034,Std,2013-03-12 06:30:00,1750.0
MAC000034,Std,2013-03-12 07:00:00,84.0
MAC000034,Std,2013-03-12 07:30:00,35.0
MAC000034,Std,2013-03-12 08:00:00,49.0
MAC000034,Std,2013-03-12 08:30:00,48.0
MAC000034,Std,2013-03-12 09:00:00,33.0
MAC000034,Std,2013-03-12 09:30:00,57.0
MAC000034,Std,2013-03-12 10:00:00,461.0
MAC000034,Std,2013-03-12 10:30:00,582.0
MAC000034,Std,2013-03-12 11:00:00,607.0
MAC000034,Std,2013-03-12 11:30:00,914.0
MAC000034,Std,2013-03-12 12:00:00,434.0
MAC000034,Std,2013-03-12 12:30:00,55.0
MAC000034,Std,2013-03-12 13:00:00,31.0
MAC000034,Std,2013-03-12 13:30:00,50.0
MAC000034,Std,2013-03-12 14:00:00,50.0
MAC000034,Std,2013-03-12 14:30:00,31.0
MAC000034,Std,2013-03-12 15:00:00,54.0
MAC000034,Std,2013-03-12 15:30:00,45.0
MAC000034,Std,2013-03-12 16:00:00,82.0
MAC000034,Std,2013-03-12 16:30:00,164.0
MAC000034,Std,2013-03-12 17:00:00,177.0
MAC000034,Std,2013-03-12 17:30:00,145.0
MAC000034,Std,2013-03-12 18:00:00,258.0
MAC000034,Std,2013-03-12 18:30:00,152.0
MAC000034,Std,2013-03-12 19:00:00,164.0
MAC000034,Std,2013-03-12 19:30:00,254.0
MAC000034,Std,2013-03-12 20:00:00,396.0
MAC000034,Std,2013-03-12 20:30:00,387.0
MAC000034,Std,2013-03-12 21:00:00,227.0
MAC000034,Std,2013-03-12 21:30:00,222.0
MAC000034,Std,2013-03-12 22:00:00,197.0
MAC000034,Std,2013-03-12 22:30:00,541.0
MAC000034,Std,2013-03-12 23:00:00,172.0
MAC000034,Std,2013-03-12 23:30:00,144.0
MAC000034,Std,2013-03-13 00:00:00,5671.999900000001
MAC000034,Std,2013-03-13 00:30:00,5140.9998000000005
MAC000034,Std,2013-03-13 01:00:00,4987.9999
MAC000034,Std,2013-03-13 01:30:00,4876.999900000001
MAC000034,Std,2013-03-13 02:00:00,5238.9998000000005
MAC000034,Std,2013-03-13 02:30:00,4390.9998000000005
MAC000034,Std,2013-03-13 03:00:00,3846.9999
MAC000034,Std,2013-03-13 03:30:00,2767.0
MAC000034,Std,2013-03-13 04:00:00,1847.0
MAC000034,Std,2013-03-13 04:30:00,2152.0
MAC000034,Std,2013-03-13 05:00:00,1690.0001
MAC000034,Std,2013-03-13 05:30:00,1694.0
MAC000034,Std,2013-03-13 06:00:00,1740.0
MAC000034,Std,2013-03-13 06:30:00,1781.9999
MAC000034,Std,2013-03-13 07:00:00,117.0
MAC000034,Std,2013-03-13 07:30:00,58.0
MAC000034,Std,2013-03-13 08:00:00,46.0
MAC000034,Std,2013-03-13 08:30:00,55.0
MAC000034,Std,2013-03-13 09:00:00,35.0
MAC000034,Std,2013-03-13 09:30:00,50.0
MAC000034,Std,2013-03-13 10:00:00,447.0
MAC000034,Std,2013-03-13 10:30:00,563.0
MAC000034,Std,2013-03-13 11:00:00,580.0
MAC000034,Std,2013-03-13 11:30:00,722.0
MAC000034,Std,2013-03-13 12:00:00,623.0
MAC000034,Std,2013-03-13 12:30:00,611.0
MAC000034,Std,2013-03-13 13:00:00,581.0
MAC000034,Std,2013-03-13 13:30:00,573.0
MAC000034,Std,2013-03-13 14:00:00,253.0
MAC000034,Std,2013-03-13 14:30:00,102.0
MAC000034,Std,2013-03-13 15:00:00,95.0
MAC000034,Std,2013-03-13 15:30:00,340.0
MAC000034,Std,2013-03-13 16:00:00,58.0
MAC000034,Std,2013-03-13 16:30:00,45.0
MAC000034,Std,2013-03-13 17:00:00,115.0
MAC000034,Std,2013-03-13 17:30:00,93.0
MAC000034,Std,2013-03-13 18:00:00,235.0
MAC000034,Std,2013-03-13 18:30:00,149.0
MAC000034,Std,2013-03-13 19:00:00,174.0
MAC000034,Std,2013-03-13 19:30:00,214.0
MAC000034,Std,2013-03-13 20:00:00,209.0
MAC000034,Std,2013-03-13 20:30:00,164.0
MAC000034,Std,2013-03-13 21:00:00,195.0
MAC000034,Std,2013-03-13 21:30:00,280.0
MAC000034,Std,2013-03-13 22:00:00,223.0
MAC000034,Std,2013-03-13 22:30:00,205.0
MAC000034,Std,2013-03-13 23:00:00,202.0
MAC000034,Std,2013-03-13 23:30:00,187.0
MAC000034,Std,2013-03-14 00:00:00,5675.0002
MAC000034,Std,2013-03-14 00:30:00,5374.0001
MAC000034,Std,2013-03-14 01:00:00,4738.9998000000005
MAC000034,Std,2013-03-14 01:30:00,5032.0001
MAC000034,Std,2013-03-14 02:00:00,4467.9999
MAC000034,Std,2013-03-14 02:30:00,4646.9998
MAC000034,Std,2013-03-14 03:00:00,3697.0
MAC000034,Std,2013-03-14 03:30:00,2911.0
MAC000034,Std,2013-03-14 04:00:00,1661.9999
MAC000034,Std,2013-03-14 04:30:00,1631.0
MAC000034,Std,2013-03-14 05:00:00,2262.0001
MAC000034,Std,2013-03-14 05:30:00,1698.0
MAC000034,Std,2013-03-14 06:00:00,1915.0
MAC000034,Std,2013-03-14 06:30:00,1901.0
MAC000034,Std,2013-03-14 07:00:00,101.0
MAC000034,Std,2013-03-14 07:30:00,98.0
MAC000034,Std,2013-03-14 08:00:00,36.0
MAC000034,Std,2013-03-14 08:30:00,45.0
MAC000034,Std,2013-03-14 09:00:00,53.0
MAC000034,Std,2013-03-14 09:30:00,70.0
MAC000034,Std,2013-03-14 10:00:00,109.0
MAC000034,Std,2013-03-14 10:30:00,106.0
MAC000034,Std,2013-03-14 11:00:00,214.0
MAC000034,Std,2013-03-14 11:30:00,109.0
MAC000034,Std,2013-03-14 12:00:00,170.0
MAC000034,Std,2013-03-14 12:30:00,126.0
MAC000034,Std,2013-03-14 13:00:00,69.0
MAC000034,Std,2013-03-14 13:30:00,106.0
MAC000034,Std,2013-03-14 14:00:00,92.0
MAC000034,Std,2013-03-14 14:30:00,112.0
MAC000034,Std,2013-03-14 15:00:00,103.0
MAC000034,Std,2013-03-14 15:30:00,93.0
MAC000034,Std,2013-03-14 16:00:00,274.0
MAC000034,Std,2013-03-14 16:30:00,194.0
MAC000034,Std,2013-03-14 17:00:00,111.0
MAC000034,Std,2013-03-14 17:30:00,113.0
MAC000034,Std,2013-03-14 18:00:00,141.0
MAC000034,Std,2013-03-14 18:30:00,208.0
MAC000034,Std,2013-03-14 19:00:00,209.0
MAC000034,Std,2013-03-14 19:30:00,137.0
MAC000034,Std,2013-03-14 20:00:00,171.0
MAC000034,Std,2013-03-14 20:30:00,184.0
MAC000034,Std,2013-03-14 21:00:00,201.0
MAC000034,Std,2013-03-14 21:30:00,247.0
MAC000034,Std,2013-03-14 22:00:00,237.0
MAC000034,Std,2013-03-14 22:30:00,173.0
MAC000034,Std,2013-03-14 23:00:00,225.0
MAC000034,Std,2013-03-14 23:30:00,181.0
MAC000034,Std,2013-03-15 00:00:00,5645.9999
MAC000034,Std,2013-03-15 00:30:00,4908.0
MAC000034,Std,2013-03-15 01:00:00,4999.0001
MAC000034,Std,2013-03-15 01:30:00,5219.9998000000005
MAC000034,Std,2013-03-15 02:00:00,4293.0002
MAC000034,Std,2013-03-15 02:30:00,4554.9998
MAC000034,Std,2013-03-15 03:00:00,3707.0
MAC000034,Std,2013-03-15 03:30:00,2484.9999000000003
MAC000034,Std,2013-03-15 04:00:00,1480.9999
MAC000034,Std,2013-03-15 04:30:00,1729.0
MAC000034,Std,2013-03-15 05:00:00,1933.0
MAC000034,Std,2013-03-15 05:30:00,1888.0
MAC000034,Std,2013-03-15 06:00:00,1543.0
MAC000034,Std,2013-03-15 06:30:00,1877.0
MAC000034,Std,2013-03-15 07:00:00,106.0
MAC000034,Std,2013-03-15 07:30:00,114.0
MAC000034,Std,2013-03-15 08:00:00,36.0
MAC000034,Std,2013-03-15 08:30:00,54.0
MAC000034,Std,2013-03-15 09:00:00,49.0
MAC000034,Std,2013-03-15 09:30:00,169.0
MAC000034,Std,2013-03-15 10:00:00,331.0
MAC000034,Std,2013-03-15 10:30:00,103.0
MAC000034,Std,2013-03-15 11:00:00,215.0
MAC000034,Std,2013-03-15 11:30:00,135.0
MAC000034,Std,2013-03-15 12:00:00,134.0
MAC000034,Std,2013-03-15 12:30:00,114.0
MAC000034,Std,2013-03-15 13:00:00,54.0
MAC000034,Std,2013-03-15 13:30:00,33.0
MAC000034,Std,2013-03-15 14:00:00,56.0
MAC000034,Std,2013-03-15 14:30:00,46.0
MAC000034,Std,2013-03-15 15:00:00,39.0
MAC000034,Std,2013-03-15 15:30:00,58.0
MAC000034,Std,2013-03-15 16:00:00,37.0
MAC000034,Std,2013-03-15 16:30:00,95.0
MAC000034,Std,2013-03-15 17:00:00,178.0
MAC000034,Std,2013-03-15 17:30:00,251.0
MAC000034,Std,2013-03-15 18:00:00,144.0
MAC000034,Std,2013-03-15 18:30:00,151.0
MAC000034,Std,2013-03-15 19:00:00,129.0
MAC000034,Std,2013-03-15 19:30:00,164.0
MAC000034,Std,2013-03-15 20:00:00,166.0
MAC000034,Std,2013-03-15 20:30:00,174.0
MAC000034,Std,2013-03-15 21:00:00,258.0
MAC000034,Std,2013-03-15 21:30:00,253.0
MAC000034,Std,2013-03-15 22:00:00,217.0
MAC000034,Std,2013-03-15 22:30:00,654.0
MAC000034,Std,2013-03-15 23:00:00,296.0
MAC000034,Std,2013-03-15 23:30:00,147.0
MAC000034,Std,2013-03-16 00:00:00,5776.0
MAC000034,Std,2013-03-16 00:30:00,4883.9998
MAC000034,Std,2013-03-16 01:00:00,4693.9998000000005
MAC000034,Std,2013-03-16 01:30:00,5118.0
MAC000034,Std,2013-03-16 02:00:00,4776.0
MAC000034,Std,2013-03-16 02:30:00,4383.9998
MAC000034,Std,2013-03-16 03:00:00,3773.9999
MAC000034,Std,2013-03-16 03:30:00,1656.9999
MAC000034,Std,2013-03-16 04:00:00,1798.0
MAC000034,Std,2013-03-16 04:30:00,1786.0
MAC000034,Std,2013-03-16 05:00:00,1827.9999
MAC000034,Std,2013-03-16 05:30:00,1756.0
MAC000034,Std,2013-03-16 06:00:00,1905.0
MAC000034,Std,2013-03-16 06:30:00,1530.0
MAC000034,Std,2013-03-16 07:00:00,33.0
MAC000034,Std,2013-03-16 07:30:00,67.0
MAC000034,Std,2013-03-16 08:00:00,33.0
MAC000034,Std,2013-03-16 08:30:00,67.0
MAC000034,Std,2013-03-16 09:00:00,37.0
MAC000034,Std,2013-03-16 09:30:00,62.0
MAC000034,Std,2013-03-16 10:00:00,65.0
MAC000034,Std,2013-03-16 10:30:00,140.0
MAC000034,Std,2013-03-16 11:00:00,130.0
MAC000034,Std,2013-03-16 11:30:00,233.0
MAC000034,Std,2013-03-16 12:00:00,82.0
MAC000034,Std,2013-03-16 12:30:00,95.0
MAC000034,Std,2013-03-16 13:00:00,41.0
MAC000034,Std,2013-03-16 13:30:00,1109.0
MAC000034,Std,2013-03-16 14:00:00,1087.0
MAC000034,Std,2013-03-16 14:30:00,210.0
MAC000034,Std,2013-03-16 15:00:00,203.0
MAC000034,Std,2013-03-16 15:30:00,95.0
MAC000034,Std,2013-03-16 16:00:00,118.0
MAC000034,Std,2013-03-16 16:30:00,117.0
MAC000034,Std,2013-03-16 17:00:00,292.0
MAC000034,Std,2013-03-16 17:30:00,126.0
MAC000034,Std,2013-03-16 18:00:00,141.0
MAC000034,Std,2013-03-16 18:30:00,179.0
MAC000034,Std,2013-03-16 19:00:00,204.0
MAC000034,Std,2013-03-16 19:30:00,230.0
MAC000034,Std,2013-03-16 20:00:00,191.0
MAC000034,Std,2013-03-16 20:30:00,192.0
MAC000034,Std,2013-03-16 21:00:00,152.0
MAC000034,Std,2013-03-16 21:30:00,158.0
MAC000034,Std,2013-03-16 22:00:00,180.0
MAC000034,Std,2013-03-16 22:30:00,179.0
MAC000034,Std,2013-03-16 23:00:00,202.0
MAC000034,Std,2013-03-16 23:30:00,263.0
MAC000034,Std,2013-03-17 00:00:00,4958.0002
MAC000034,Std,2013-03-17 00:30:00,4702.0001
MAC000034,Std,2013-03-17 01:00:00,5044.0001
MAC000034,Std,2013-03-17 01:30:00,5715.0002
MAC000034,Std,2013-03-17 02:00:00,5785.9998
MAC000034,Std,2013-03-17 02:30:00,5348.0
MAC000034,Std,2013-03-17 03:00:00,3694.9999
MAC000034,Std,2013-03-17 03:30:00,1672.0001
MAC000034,Std,2013-03-17 04:00:00,1582.9998999999998
MAC000034,Std,2013-03-17 04:30:00,2002.0001
MAC000034,Std,2013-03-17 05:00:00,1701.0
MAC000034,Std,2013-03-17 05:30:00,2665.9999000000003
MAC000034,Std,2013-03-17 06:00:00,2056.9999000000003
MAC000034,Std,2013-03-17 06:30:00,1501.0
MAC000034,Std,2013-03-17 07:00:00,33.0
MAC000034,Std,2013-03-17 07:30:00,68.0
MAC000034,Std,2013-03-17 08:00:00,90.0
MAC000034,Std,2013-03-17 08:30:00,125.0
MAC000034,Std,2013-03-17 09:00:00,51.0
MAC000034,Std,2013-03-17 09:30:00,67.0
MAC000034,Std,2013-03-17 10:00:00,129.0
MAC000034,Std,2013-03-17 10:30:00,125.0
MAC000034,Std,2013-03-17 11:00:00,214.0
MAC000034,Std,2013-03-17 11:30:00,127.0
MAC000034,Std,2013-03-17 12:00:00,103.0
MAC000034,Std,2013-03-17 12:30:00,181.0
MAC000034,Std,2013-03-17 13:00:00,160.0
MAC000034,Std,2013-03-17 13:30:00,208.0
MAC000034,Std,2013-03-17 14:00:00,158.0
MAC000034,Std,2013-03-17 14:30:00,203.0
MAC000034,Std,2013-03-17 15:00:00,161.0
MAC000034,Std,2013-03-17 15:30:00,178.0
MAC000034,Std,2013-03-17 16:00:00,114.0
MAC000034,Std,2013-03-17 16:30:00,121.0
MAC000034,Std,2013-03-17 17:00:00,155.0
MAC000034,Std,2013-03-17 17:30:00,107.0
MAC000034,Std,2013-03-17 18:00:00,283.0
MAC000034,Std,2013-03-17 18:30:00,150.0
MAC000034,Std,2013-03-17 19:00:00,154.0
MAC000034,Std,2013-03-17 19:30:00,193.0
MAC000034,Std,2013-03-17 20:00:00,186.0
MAC000034,Std,2013-03-17 20:30:00,158.0
MAC000034,Std,2013-03-17 21:00:00,210.0
MAC000034,Std,2013-03-17 21:30:00,222.0
MAC000034,Std,2013-03-17 22:00:00,219.0
MAC000034,Std,2013-03-17 22:30:00,244.0
MAC000034,Std,2013-03-17 23:00:00,211.0
MAC000034,Std,2013-03-17 23:30:00,170.0
MAC000034,Std,2013-03-18 00:00:00,5533.999900000001
MAC000034,Std,2013-03-18 00:30:00,5044.0001
MAC000034,Std,2013-03-18 01:00:00,4839.0002
MAC000034,Std,2013-03-18 01:30:00,5070.0002
MAC000034,Std,2013-03-18 02:00:00,5034.9998
MAC000034,Std,2013-03-18 02:30:00,5245.9998
MAC000034,Std,2013-03-18 03:00:00,4948.9999
MAC000034,Std,2013-03-18 03:30:00,3223.0
MAC000034,Std,2013-03-18 04:00:00,2492.0001
MAC000034,Std,2013-03-18 04:30:00,3068.0001
MAC000034,Std,2013-03-18 05:00:00,3300.0
MAC000034,Std,2013-03-18 05:30:00,2999.0001
MAC000034,Std,2013-03-18 06:00:00,2783.0
MAC000034,Std,2013-03-18 06:30:00,2872.9999
MAC000034,Std,2013-03-18 07:00:00,88.0
MAC000034,Std,2013-03-18 07:30:00,48.0
MAC000034,Std,2013-03-18 08:00:00,53.0
MAC000034,Std,2013-03-18 08:30:00,50.0
MAC000034,Std,2013-03-18 09:00:00,45.0
MAC000034,Std,2013-03-18 09:30:00,124.0
MAC000034,Std,2013-03-18 10:00:00,164.0
MAC000034,Std,2013-03-18 10:30:00,299.0
MAC000034,Std,2013-03-18 11:00:00,403.0
MAC000034,Std,2013-03-18 11:30:00,227.0
MAC000034,Std,2013-03-18 12:00:00,45.0
MAC000034,Std,2013-03-18 12:30:00,46.0
MAC000034,Std,2013-03-18 13:00:00,56.0
MAC000034,Std,2013-03-18 13:30:00,35.0
MAC000034,Std,2013-03-18 14:00:00,63.0
MAC000034,Std,2013-03-18 14:30:00,36.0
MAC000034,Std,2013-03-18 15:00:00,54.0
MAC000034,Std,2013-03-18 15:30:00,103.0
MAC000034,Std,2013-03-18 16:00:00,98.0
MAC000034,Std,2013-03-18 16:30:00,69.0
MAC000034,Std,2013-03-18 17:00:00,80.0
MAC000034,Std,2013-03-18 17:30:00,275.0
MAC000034,Std,2013-03-18 18:00:00,180.0
MAC000034,Std,2013-03-18 18:30:00,211.0
MAC000034,Std,2013-03-18 19:00:00,214.0
MAC000034,Std,2013-03-18 19:30:00,179.0
MAC000034,Std,2013-03-18 20:00:00,217.0
MAC000034,Std,2013-03-18 20:30:00,219.0
MAC000034,Std,2013-03-18 21:00:00,203.0
MAC000034,Std,2013-03-18 21:30:00,180.0
MAC000034,Std,2013-03-18 22:00:00,180.0
MAC000034,Std,2013-03-18 22:30:00,165.0
MAC000034,Std,2013-03-18 23:00:00,180.0
MAC000034,Std,2013-03-18 23:30:00,174.0
MAC000034,Std,2013-03-19 00:00:00,4915.9999
MAC000034,Std,2013-03-19 00:30:00,4572.0
MAC000034,Std,2013-03-19 01:00:00,4818.9998000000005
MAC000034,Std,2013-03-19 01:30:00,4599.0
MAC000034,Std,2013-03-19 02:00:00,3908.0
MAC000034,Std,2013-03-19 02:30:00,4524.0002
MAC000034,Std,2013-03-19 03:00:00,3724.0
MAC000034,Std,2013-03-19 03:30:00,1940.0001
MAC000034,Std,2013-03-19 04:00:00,1627.0
MAC000034,Std,2013-03-19 04:30:00,1702.9999
MAC000034,Std,2013-03-19 05:00:00,1633.9999
MAC000034,Std,2013-03-19 05:30:00,1785.0
MAC000034,Std,2013-03-19 06:00:00,1534.0
MAC000034,Std,2013-03-19 06:30:00,1652.0
MAC000034,Std,2013-03-19 07:00:00,54.0
MAC000034,Std,2013-03-19 07:30:00,64.0
MAC000034,Std,2013-03-19 08:00:00,35.0
MAC000034,Std,2013-03-19 08:30:00,64.0
MAC000034,Std,2013-03-19 09:00:00,68.0
MAC000034,Std,2013-03-19 09:30:00,115.0
MAC000034,Std,2013-03-19 10:00:00,127.0
MAC000034,Std,2013-03-19 10:30:00,169.0
MAC000034,Std,2013-03-19 11:00:00,181.0
MAC000034,Std,2013-03-19 11:30:00,162.0
MAC000034,Std,2013-03-19 12:00:00,187.0
MAC000034,Std,2013-03-19 12:30:00,247.0
MAC000034,Std,2013-03-19 13:00:00,127.0
MAC000034,Std,2013-03-19 13:30:00,125.0
MAC000034,Std,2013-03-19 14:00:00,180.0
MAC000034,Std,2013-03-19 14:30:00,152.0
MAC000034,Std,2013-03-19 15:00:00,109.0
MAC000034,Std,2013-03-19 15:30:00,411.0
MAC000034,Std,2013-03-19 16:00:00,55.0
MAC000034,Std,2013-03-19 16:30:00,63.0
MAC000034,Std,2013-03-19 17:00:00,31.0
MAC000034,Std,2013-03-19 17:30:00,60.0
MAC000034,Std,2013-03-19 18:00:00,73.0
MAC000034,Std,2013-03-19 18:30:00,306.0
MAC000034,Std,2013-03-19 19:00:00,260.0
MAC000034,Std,2013-03-19 19:30:00,281.0
MAC000034,Std,2013-03-19 20:00:00,201.0
MAC000034,Std,2013-03-19 20:30:00,216.0
MAC000034,Std,2013-03-19 21:00:00,178.0
MAC000034,Std,2013-03-19 21:30:00,167.0
MAC000034,Std,2013-03-19 22:00:00,196.0
MAC000034,Std,2013-03-19 22:30:00,229.0
MAC000034,Std,2013-03-19 23:00:00,230.0
MAC000034,Std,2013-03-19 23:30:00,148.0
MAC000034,Std,2013-03-20 00:00:00,5548.9998
MAC000034,Std,2013-03-20 00:30:00,4905.0002
MAC000034,Std,2013-03-20 01:00:00,4939.0001
MAC000034,Std,2013-03-20 01:30:00,4793.0002
MAC000034,Std,2013-03-20 02:00:00,4415.0
MAC000034,Std,2013-03-20 02:30:00,4369.9999
MAC000034,Std,2013-03-20 03:00:00,4124.0001
MAC000034,Std,2013-03-20 03:30:00,1911.9999
MAC000034,Std,2013-03-20 04:00:00,1827.0
MAC000034,Std,2013-03-20 04:30:00,2055.0001
MAC000034,Std,2013-03-20 05:00:00,1921.0
MAC000034,Std,2013-03-20 05:30:00,1760.0
MAC000034,Std,2013-03-20 06:00:00,1528.0
MAC000034,Std,2013-03-20 06:30:00,1777.0
MAC000034,Std,2013-03-20 07:00:00,62.0
MAC000034,Std,2013-03-20 07:30:00,106.0
MAC000034,Std,2013-03-20 08:00:00,95.0
MAC000034,Std,2013-03-20 08:30:00,34.0
MAC000034,Std,2013-03-20 09:00:00,60.0
MAC000034,Std,2013-03-20 09:30:00,41.0
MAC000034,Std,2013-03-20 10:00:00,56.0
MAC000034,Std,2013-03-20 10:30:00,127.0
MAC000034,Std,2013-03-20 11:00:00,106.0
MAC000034,Std,2013-03-20 11:30:00,138.0
MAC000034,Std,2013-03-20 12:00:00,283.0
MAC000034,Std,2013-03-20 12:30:00,155.0
MAC000034,Std,2013-03-20 13:00:00,129.0
MAC000034,Std,2013-03-20 13:30:00,106.0
MAC000034,Std,2013-03-20 14:00:00,108.0
MAC000034,Std,2013-03-20 14:30:00,122.0
MAC000034,Std,2013-03-20 15:00:00,101.0
MAC000034,Std,2013-03-20 15:30:00,163.0
MAC000034,Std,2013-03-20 16:00:00,273.0
MAC000034,Std,2013-03-20 16:30:00,103.0
MAC000034,Std,2013-03-20 17:00:00,113.0
MAC000034,Std,2013-03-20 17:30:00,65.0
MAC000034,Std,2013-03-20 18:00:00,230.0
MAC000034,Std,2013-03-20 18:30:00,148.0
MAC000034,Std,2013-03-20 19:00:00,133.0
MAC000034,Std,2013-03-20 19:30:00,155.0
MAC000034,Std,2013-03-20 20:00:00,151.0
MAC000034,Std,2013-03-20 20:30:00,221.0
MAC000034,Std,2013-03-20 21:00:00,210.0
MAC000034,Std,2013-03-20 21:30:00,226.0
MAC000034,Std,2013-03-20 22:00:00,183.0
MAC000034,Std,2013-03-20 22:30:00,177.0
MAC000034,Std,2013-03-20 23:00:00,149.0
MAC000034,Std,2013-03-20 23:30:00,149.0
MAC000034,Std,2013-03-21 00:00:00,6092.0
MAC000034,Std,2013-03-21 00:30:00,5617.0001
MAC000034,Std,2013-03-21 01:00:00,5808.0001
MAC000034,Std,2013-03-21 01:30:00,5761.0002
MAC000034,Std,2013-03-21 02:00:00,5539.0
MAC000034,Std,2013-03-21 02:30:00,5498.000099999999
MAC000034,Std,2013-03-21 03:00:00,4971.0002
MAC000034,Std,2013-03-21 03:30:00,3730.0
MAC000034,Std,2013-03-21 04:00:00,1523.0
MAC000034,Std,2013-03-21 04:30:00,1618.0
MAC000034,Std,2013-03-21 05:00:00,1758.0
MAC000034,Std,2013-03-21 05:30:00,1326.0
MAC000034,Std,2013-03-21 06:00:00,1262.0
MAC000034,Std,2013-03-21 06:30:00,1403.0
MAC000034,Std,2013-03-21 07:00:00,53.0
MAC000034,Std,2013-03-21 07:30:00,38.0
MAC000034,Std,2013-03-21 08:00:00,57.0
MAC000034,Std,2013-03-21 08:30:00,44.0
MAC000034,Std,2013-03-21 09:00:00,39.0
MAC000034,Std,2013-03-21 09:30:00,58.0
MAC000034,Std,2013-03-21 10:00:00,110.0
MAC000034,Std,2013-03-21 10:30:00,170.0
MAC000034,Std,2013-03-21 11:00:00,175.0
MAC000034,Std,2013-03-21 11:30:00,100.0
MAC000034,Std,2013-03-21 12:00:00,194.0
MAC000034,Std,2013-03-21 12:30:00,113.0
MAC000034,Std,2013-03-21 13:00:00,101.0
MAC000034,Std,2013-03-21 13:30:00,98.0
MAC000034,Std,2013-03-21 14:00:00,113.0
MAC000034,Std,2013-03-21 14:30:00,100.0
MAC000034,Std,2013-03-21 15:00:00,133.0
MAC000034,Std,2013-03-21 15:30:00,210.0
MAC000034,Std,2013-03-21 16:00:00,1692.0
MAC000034,Std,2013-03-21 16:30:00,94.0
MAC000034,Std,2013-03-21 17:00:00,101.0
MAC000034,Std,2013-03-21 17:30:00,41.0
MAC000034,Std,2013-03-21 18:00:00,242.0
MAC000034,Std,2013-03-21 18:30:00,139.0
MAC000034,Std,2013-03-21 19:00:00,152.0
MAC000034,Std,2013-03-21 19:30:00,207.0
MAC000034,Std,2013-03-21 20:00:00,278.0
MAC000034,Std,2013-03-21 20:30:00,237.0
MAC000034,Std,2013-03-21 21:00:00,172.0
MAC000034,Std,2013-03-21 21:30:00,164.0
MAC000034,Std,2013-03-21 22:00:00,218.0
MAC000034,Std,2013-03-21 22:30:00,179.0
MAC000034,Std,2013-03-21 23:00:00,173.0
MAC000034,Std,2013-03-21 23:30:00,132.0
MAC000034,Std,2013-03-22 00:00:00,5122.0002
MAC000034,Std,2013-03-22 00:30:00,5046.999900000001
MAC000034,Std,2013-03-22 01:00:00,5848.0
MAC000034,Std,2013-03-22 01:30:00,5735.000099999999
MAC000034,Std,2013-03-22 02:00:00,5695.0002
MAC000034,Std,2013-03-22 02:30:00,5640.9998000000005
MAC000034,Std,2013-03-22 03:00:00,4842.0
MAC000034,Std,2013-03-22 03:30:00,3594.0001
MAC000034,Std,2013-03-22 04:00:00,1536.9999
MAC000034,Std,2013-03-22 04:30:00,1646.0
MAC000034,Std,2013-03-22 05:00:00,1394.0001
MAC000034,Std,2013-03-22 05:30:00,2247.0
MAC000034,Std,2013-03-22 06:00:00,795.0
MAC000034,Std,2013-03-22 06:30:00,829.0
MAC000034,Std,2013-03-22 07:00:00,46.0
MAC000034,Std,2013-03-22 07:30:00,54.0
MAC000034,Std,2013-03-22 08:00:00,52.0
MAC000034,Std,2013-03-22 08:30:00,42.0
MAC000034,Std,2013-03-22 09:00:00,102.0
MAC000034,Std,2013-03-22 09:30:00,89.0
MAC000034,Std,2013-03-22 10:00:00,128.0
MAC000034,Std,2013-03-22 10:30:00,106.0
MAC000034,Std,2013-03-22 11:00:00,111.0
MAC000034,Std,2013-03-22 11:30:00,249.0
MAC000034,Std,2013-03-22 12:00:00,97.0
MAC000034,Std,2013-03-22 12:30:00,124.0
MAC000034,Std,2013-03-22 13:00:00,67.0
MAC000034,Std,2013-03-22 13:30:00,109.0
MAC000034,Std,2013-03-22 14:00:00,185.0
MAC000034,Std,2013-03-22 14:30:00,139.0
MAC000034,Std,2013-03-22 15:00:00,122.0
MAC000034,Std,2013-03-22 15:30:00,109.0
MAC000034,Std,2013-03-22 16:00:00,204.0
MAC000034,Std,2013-03-22 16:30:00,481.0
MAC000034,Std,2013-03-22 17:00:00,53.0
MAC000034,Std,2013-03-22 17:30:00,108.0
MAC000034,Std,2013-03-22 18:00:00,278.0
MAC000034,Std,2013-03-22 18:30:00,164.0
MAC000034,Std,2013-03-22 19:00:00,207.0
MAC000034,Std,2013-03-22 19:30:00,197.0
MAC000034,Std,2013-03-22 20:00:00,207.0
MAC000034,Std,2013-03-22 20:30:00,173.0
MAC000034,Std,2013-03-22 21:00:00,194.0
MAC000034,Std,2013-03-22 21:30:00,218.0
MAC000034,Std,2013-03-22 22:00:00,213.0
MAC000034,Std,2013-03-22 22:30:00,157.0
MAC000034,Std,2013-03-22 23:00:00,288.0
MAC000034,Std,2013-03-22 23:30:00,214.0
MAC000034,Std,2013-03-23 00:00:00,5501.999900000001
MAC000034,Std,2013-03-23 00:30:00,5129.0002
MAC000034,Std,2013-03-23 01:00:00,4810.9999
MAC000034,Std,2013-03-23 01:30:00,4690.0001
MAC000034,Std,2013-03-23 02:00:00,4745.9998
MAC000034,Std,2013-03-23 02:30:00,4471.0002
MAC000034,Std,2013-03-23 03:00:00,3977.9999
MAC000034,Std,2013-03-23 03:30:00,2825.0
MAC000034,Std,2013-03-23 04:00:00,1315.0001
MAC000034,Std,2013-03-23 04:30:00,1871.0001
MAC000034,Std,2013-03-23 05:00:00,2348.0
MAC000034,Std,2013-03-23 05:30:00,1743.0
MAC000034,Std,2013-03-23 06:00:00,1553.0
MAC000034,Std,2013-03-23 06:30:00,1398.0
MAC000034,Std,2013-03-23 07:00:00,64.0
MAC000034,Std,2013-03-23 07:30:00,45.0
MAC000034,Std,2013-03-23 08:00:00,44.0
MAC000034,Std,2013-03-23 08:30:00,91.0
MAC000034,Std,2013-03-23 09:00:00,115.0
MAC000034,Std,2013-03-23 09:30:00,142.0
MAC000034,Std,2013-03-23 10:00:00,227.0
MAC000034,Std,2013-03-23 10:30:00,293.0
MAC000034,Std,2013-03-23 11:00:00,272.0
MAC000034,Std,2013-03-23 11:30:00,44.0
MAC000034,Std,2013-03-23 12:00:00,53.0
MAC000034,Std,2013-03-23 12:30:00,52.0
MAC000034,Std,2013-03-23 13:00:00,34.0
MAC000034,Std,2013-03-23 13:30:00,90.0
MAC000034,Std,2013-03-23 14:00:00,107.0
MAC000034,Std,2013-03-23 14:30:00,55.0
MAC000034,Std,2013-03-23 15:00:00,54.0
MAC000034,Std,2013-03-23 15:30:00,45.0
MAC000034,Std,2013-03-23 16:00:00,37.0
MAC000034,Std,2013-03-23 16:30:00,53.0
MAC000034,Std,2013-03-23 17:00:00,41.0
MAC000034,Std,2013-03-23 17:30:00,40.0
MAC000034,Std,2013-03-23 18:00:00,103.0
MAC000034,Std,2013-03-23 18:30:00,148.0
MAC000034,Std,2013-03-23 19:00:00,228.0
MAC000034,Std,2013-03-23 19:30:00,220.0
MAC000034,Std,2013-03-23 20:00:00,165.0
MAC000034,Std,2013-03-23 20:30:00,651.0
MAC000034,Std,2013-03-23 21:00:00,703.0
MAC000034,Std,2013-03-23 21:30:00,300.0
MAC000034,Std,2013-03-23 22:00:00,175.0
MAC000034,Std,2013-03-23 22:30:00,236.0
MAC000034,Std,2013-03-23 23:00:00,227.0
MAC000034,Std,2013-03-23 23:30:00,263.0
MAC000034,Std,2013-03-24 00:00:00,5787.0002
MAC000034,Std,2013-03-24 00:00:00,5787.0002
MAC000034,Std,2013-03-24 00:30:00,5033.999900000001
MAC000034,Std,2013-03-24 01:00:00,4951.0002
MAC000034,Std,2013-03-24 01:30:00,5867.0001
MAC000034,Std,2013-03-24 02:00:00,5176.0001
MAC000034,Std,2013-03-24 02:30:00,4397.9998
MAC000034,Std,2013-03-24 03:00:00,3871.0001
MAC000034,Std,2013-03-24 03:30:00,3819.9999
MAC000034,Std,2013-03-24 04:00:00,1378.9999
MAC000034,Std,2013-03-24 04:30:00,1774.0
MAC000034,Std,2013-03-24 05:00:00,1809.9999
MAC000034,Std,2013-03-24 05:30:00,1824.0
MAC000034,Std,2013-03-24 06:00:00,1745.0
MAC000034,Std,2013-03-24 06:30:00,1421.0
MAC000034,Std,2013-03-24 07:00:00,42.0
MAC000034,Std,2013-03-24 07:30:00,61.0
MAC000034,Std,2013-03-24 08:00:00,37.0
MAC000034,Std,2013-03-24 08:30:00,51.0
MAC000034,Std,2013-03-24 09:00:00,104.0
MAC000034,Std,2013-03-24 09:30:00,87.0
MAC000034,Std,2013-03-24 10:00:00,72.0
MAC000034,Std,2013-03-24 10:30:00,283.0
MAC000034,Std,2013-03-24 11:00:00,569.0
MAC000034,Std,2013-03-24 11:30:00,587.0
MAC000034,Std,2013-03-24 12:00:00,694.0
MAC000034,Std,2013-03-24 12:30:00,591.0
MAC000034,Std,2013-03-24 13:00:00,592.0
MAC000034,Std,2013-03-24 13:30:00,580.0
MAC000034,Std,2013-03-24 14:00:00,640.0
MAC000034,Std,2013-03-24 14:30:00,633.0
MAC000034,Std,2013-03-24 15:00:00,418.0
MAC000034,Std,2013-03-24 15:30:00,120.0
MAC000034,Std,2013-03-24 16:00:00,113.0
MAC000034,Std,2013-03-24 16:30:00,97.0
MAC000034,Std,2013-03-24 17:00:00,117.0
MAC000034,Std,2013-03-24 17:30:00,243.0
MAC000034,Std,2013-03-24 18:00:00,125.0
MAC000034,Std,2013-03-24 18:30:00,150.0
MAC000034,Std,2013-03-24 19:00:00,163.0
MAC000034,Std,2013-03-24 19:30:00,211.0
MAC000034,Std,2013-03-24 20:00:00,232.0
MAC000034,Std,2013-03-24 20:30:00,323.0
MAC000034,Std,2013-03-24 21:00:00,644.0
MAC000034,Std,2013-03-24 21:30:00,663.0
MAC000034,Std,2013-03-24 22:00:00,159.0
MAC000034,Std,2013-03-24 22:30:00,167.0
MAC000034,Std,2013-03-24 23:00:00,205.0
MAC000034,Std,2013-03-24 23:30:00,176.0
MAC000034,Std,2013-03-25 00:00:00,5711.999900000001
MAC000034,Std,2013-03-25 00:30:00,5181.0002
MAC000034,Std,2013-03-25 01:00:00,4846.0002
MAC000034,Std,2013-03-25 01:30:00,4748.000099999999
MAC000034,Std,2013-03-25 02:00:00,4386.0002
MAC000034,Std,2013-03-25 02:30:00,4539.0
MAC000034,Std,2013-03-25 03:00:00,4727.0002
MAC000034,Std,2013-03-25 03:30:00,3016.0
MAC000034,Std,2013-03-25 04:00:00,1586.0
MAC000034,Std,2013-03-25 04:30:00,1932.0
MAC000034,Std,2013-03-25 05:00:00,1783.0
MAC000034,Std,2013-03-25 05:30:00,1934.9999
MAC000034,Std,2013-03-25 06:00:00,1781.9999
MAC000034,Std,2013-03-25 06:30:00,1804.0
MAC000034,Std,2013-03-25 07:00:00,62.0
MAC000034,Std,2013-03-25 07:30:00,42.0
MAC000034,Std,2013-03-25 08:00:00,46.0
MAC000034,Std,2013-03-25 08:30:00,53.0
MAC000034,Std,2013-03-25 09:00:00,34.0
MAC000034,Std,2013-03-25 09:30:00,47.0
MAC000034,Std,2013-03-25 10:00:00,486.0
MAC000034,Std,2013-03-25 10:30:00,616.0
MAC000034,Std,2013-03-25 11:00:00,634.0
MAC000034,Std,2013-03-25 11:30:00,596.0
MAC000034,Std,2013-03-25 12:00:00,569.0
MAC000034,Std,2013-03-25 12:30:00,686.0
MAC000034,Std,2013-03-25 13:00:00,576.0
MAC000034,Std,2013-03-25 13:30:00,574.0
MAC000034,Std,2013-03-25 14:00:00,584.0
MAC000034,Std,2013-03-25 14:30:00,585.0
MAC000034,Std,2013-03-25 15:00:00,579.0
MAC000034,Std,2013-03-25 15:30:00,727.0
MAC000034,Std,2013-03-25 16:00:00,1061.0
MAC000034,Std,2013-03-25 16:30:00,2770.0
MAC000034,Std,2013-03-25 17:00:00,970.0
MAC000034,Std,2013-03-25 17:30:00,214.0
MAC000034,Std,2013-03-25 18:00:00,267.0
MAC000034,Std,2013-03-25 18:30:00,151.0
MAC000034,Std,2013-03-25 19:00:00,143.0
MAC000034,Std,2013-03-25 19:30:00,190.0
MAC000034,Std,2013-03-25 20:00:00,174.0
MAC000034,Std,2013-03-25 20:30:00,137.0
MAC000034,Std,2013-03-25 21:00:00,202.0
MAC000034,Std,2013-03-25 21:30:00,230.0
MAC000034,Std,2013-03-25 22:00:00,157.0
MAC000034,Std,2013-03-25 22:30:00,157.0
MAC000034,Std,2013-03-25 23:00:00,542.0
MAC000034,Std,2013-03-25 23:30:00,596.0
MAC000034,Std,2013-03-26 00:00:00,5862.0
MAC000034,Std,2013-03-26 00:30:00,5539.0
MAC000034,Std,2013-03-26 01:00:00,5092.0
MAC000034,Std,2013-03-26 01:30:00,4938.0002
MAC000034,Std,2013-03-26 02:00:00,4513.0
MAC000034,Std,2013-03-26 02:30:00,4741.0002
MAC000034,Std,2013-03-26 03:00:00,4432.0002
MAC000034,Std,2013-03-26 03:30:00,3497.0
MAC000034,Std,2013-03-26 04:00:00,1863.0
MAC000034,Std,2013-03-26 04:30:00,2016.0
MAC000034,Std,2013-03-26 05:00:00,2230.0
MAC000034,Std,2013-03-26 05:30:00,1589.0
MAC000034,Std,2013-03-26 06:00:00,1994.0
MAC000034,Std,2013-03-26 06:30:00,1753.0
MAC000034,Std,2013-03-26 07:00:00,59.0
MAC000034,Std,2013-03-26 07:30:00,57.0
MAC000034,Std,2013-03-26 08:00:00,91.0
MAC000034,Std,2013-03-26 08:30:00,100.0
MAC000034,Std,2013-03-26 09:00:00,41.0
MAC000034,Std,2013-03-26 09:30:00,38.0
MAC000034,Std,2013-03-26 10:00:00,54.0
MAC000034,Std,2013-03-26 10:30:00,150.0
MAC000034,Std,2013-03-26 11:00:00,584.0
MAC000034,Std,2013-03-26 11:30:00,687.0
MAC000034,Std,2013-03-26 12:00:00,562.0
MAC000034,Std,2013-03-26 12:30:00,590.0
MAC000034,Std,2013-03-26 13:00:00,602.0
MAC000034,Std,2013-03-26 13:30:00,643.0
MAC000034,Std,2013-03-26 14:00:00,632.0
MAC000034,Std,2013-03-26 14:30:00,591.0
MAC000034,Std,2013-03-26 15:00:00,755.0
MAC000034,Std,2013-03-26 15:30:00,427.0
MAC000034,Std,2013-03-26 16:00:00,43.0
MAC000034,Std,2013-03-26 16:30:00,58.0
MAC000034,Std,2013-03-26 17:00:00,27.0
MAC000034,Std,2013-03-26 17:30:00,56.0
MAC000034,Std,2013-03-26 18:00:00,209.0
MAC000034,Std,2013-03-26 18:30:00,348.0
MAC000034,Std,2013-03-26 19:00:00,620.0
MAC000034,Std,2013-03-26 19:30:00,607.0
MAC000034,Std,2013-03-26 20:00:00,679.0
MAC000034,Std,2013-03-26 20:30:00,633.0
MAC000034,Std,2013-03-26 21:00:00,635.0
MAC000034,Std,2013-03-26 21:30:00,648.0
MAC000034,Std,2013-03-26 22:00:00,646.0
MAC000034,Std,2013-03-26 22:30:00,701.0
MAC000034,Std,2013-03-26 23:00:00,660.0
MAC000034,Std,2013-03-26 23:30:00,631.0
MAC000034,Std,2013-03-27 00:00:00,6283.999900000001
MAC000034,Std,2013-03-27 00:30:00,5599.0
MAC000034,Std,2013-03-27 01:00:00,5480.0
MAC000034,Std,2013-03-27 01:30:00,4915.0
MAC000034,Std,2013-03-27 02:00:00,4548.9998
MAC000034,Std,2013-03-27 02:30:00,4407.0001
MAC000034,Std,2013-03-27 03:00:00,4690.0001
MAC000034,Std,2013-03-27 03:30:00,3707.9999
MAC000034,Std,2013-03-27 04:00:00,2579.0
MAC000034,Std,2013-03-27 04:30:00,1781.0
MAC000034,Std,2013-03-27 05:00:00,2854.0001
MAC000034,Std,2013-03-27 05:30:00,2757.0
MAC000034,Std,2013-03-27 06:00:00,1171.0
MAC000034,Std,2013-03-27 06:30:00,1723.0
MAC000034,Std,2013-03-27 07:00:00,74.0
MAC000034,Std,2013-03-27 07:30:00,39.0
MAC000034,Std,2013-03-27 08:00:00,57.0
MAC000034,Std,2013-03-27 08:30:00,49.0
MAC000034,Std,2013-03-27 09:00:00,42.0
MAC000034,Std,2013-03-27 09:30:00,72.0
MAC000034,Std,2013-03-27 10:00:00,194.0
MAC000034,Std,2013-03-27 10:30:00,654.0
MAC000034,Std,2013-03-27 11:00:00,569.0
MAC000034,Std,2013-03-27 11:30:00,660.0
MAC000034,Std,2013-03-27 12:00:00,750.0
MAC000034,Std,2013-03-27 12:30:00,657.0
MAC000034,Std,2013-03-27 13:00:00,626.0
MAC000034,Std,2013-03-27 13:30:00,663.0
MAC000034,Std,2013-03-27 14:00:00,628.0
MAC000034,Std,2013-03-27 14:30:00,604.0
MAC000034,Std,2013-03-27 15:00:00,405.0
MAC000034,Std,2013-03-27 15:30:00,451.0
MAC000034,Std,2013-03-27 16:00:00,92.0
MAC000034,Std,2013-03-27 16:30:00,48.0
MAC000034,Std,2013-03-27 17:00:00,47.0
MAC000034,Std,2013-03-27 17:30:00,44.0
MAC000034,Std,2013-03-27 18:00:00,205.0
MAC000034,Std,2013-03-27 18:30:00,132.0
MAC000034,Std,2013-03-27 19:00:00,143.0
MAC000034,Std,2013-03-27 19:30:00,153.0
MAC000034,Std,2013-03-27 20:00:00,224.0
MAC000034,Std,2013-03-27 20:30:00,330.0
MAC000034,Std,2013-03-27 21:00:00,201.0
MAC000034,Std,2013-03-27 21:30:00,603.0
MAC000034,Std,2013-03-27 22:00:00,643.0
MAC000034,Std,2013-03-27 22:30:00,625.0
MAC000034,Std,2013-03-27 23:00:00,672.0
MAC000034,Std,2013-03-27 23:30:00,655.0
MAC000034,Std,2013-03-28 00:00:00,5956.9998000000005
MAC000034,Std,2013-03-28 00:30:00,4908.999900000001
MAC000034,Std,2013-03-28 01:00:00,4849.0
MAC000034,Std,2013-03-28 01:30:00,4566.0
MAC000034,Std,2013-03-28 02:00:00,4467.9999
MAC000034,Std,2013-03-28 02:30:00,4369.0
MAC000034,Std,2013-03-28 03:00:00,4250.0
MAC000034,Std,2013-03-28 03:30:00,2913.0001
MAC000034,Std,2013-03-28 04:00:00,1362.0
MAC000034,Std,2013-03-28 04:30:00,1898.0
MAC000034,Std,2013-03-28 05:00:00,2088.0001
MAC000034,Std,2013-03-28 05:30:00,2081.0001
MAC000034,Std,2013-03-28 06:00:00,1909.0
MAC000034,Std,2013-03-28 06:30:00,1493.0
MAC000034,Std,2013-03-28 07:00:00,66.0
MAC000034,Std,2013-03-28 07:30:00,45.0
MAC000034,Std,2013-03-28 08:00:00,50.0
MAC000034,Std,2013-03-28 08:30:00,58.0
MAC000034,Std,2013-03-28 09:00:00,38.0
MAC000034,Std,2013-03-28 09:30:00,61.0
MAC000034,Std,2013-03-28 10:00:00,32.0
MAC000034,Std,2013-03-28 10:30:00,568.0
MAC000034,Std,2013-03-28 11:00:00,649.0
MAC000034,Std,2013-03-28 11:30:00,704.0
MAC000034,Std,2013-03-28 12:00:00,577.0
MAC000034,Std,2013-03-28 12:30:00,554.0
MAC000034,Std,2013-03-28 13:00:00,594.0
MAC000034,Std,2013-03-28 13:30:00,387.0
MAC000034,Std,2013-03-28 14:00:00,395.0
MAC000034,Std,2013-03-28 14:30:00,260.0
MAC000034,Std,2013-03-28 15:00:00,210.0
MAC000034,Std,2013-03-28 15:30:00,190.0
MAC000034,Std,2013-03-28 16:00:00,171.0
MAC000034,Std,2013-03-28 16:30:00,122.0
MAC000034,Std,2013-03-28 17:00:00,133.0
MAC000034,Std,2013-03-28 17:30:00,133.0
MAC000034,Std,2013-03-28 18:00:00,280.0
MAC000034,Std,2013-03-28 18:30:00,196.0
MAC000034,Std,2013-03-28 19:00:00,216.0
MAC000034,Std,2013-03-28 19:30:00,256.0
MAC000034,Std,2013-03-28 20:00:00,230.0
MAC000034,Std,2013-03-28 20:30:00,223.0
MAC000034,Std,2013-03-28 21:00:00,157.0
MAC000034,Std,2013-03-28 21:30:00,211.0
MAC000034,Std,2013-03-28 22:00:00,179.0
MAC000034,Std,2013-03-28 22:30:00,168.0
MAC000034,Std,2013-03-28 23:00:00,181.0
MAC000034,Std,2013-03-28 23:30:00,149.0
MAC000034,Std,2013-03-29 00:00:00,5712.9998000000005
MAC000034,Std,2013-03-29 00:30:00,4783.0
MAC000034,Std,2013-03-29 01:00:00,4932.0002
MAC000034,Std,2013-03-29 01:30:00,5188.0002
MAC000034,Std,2013-03-29 02:00:00,4617.0001
MAC000034,Std,2013-03-29 02:30:00,4597.0001
MAC000034,Std,2013-03-29 03:00:00,3823.9999
MAC000034,Std,2013-03-29 03:30:00,2181.0
MAC000034,Std,2013-03-29 04:00:00,1976.0
MAC000034,Std,2013-03-29 04:30:00,1772.0
MAC000034,Std,2013-03-29 05:00:00,2027.0
MAC000034,Std,2013-03-29 05:30:00,1792.0001000000002
MAC000034,Std,2013-03-29 06:00:00,1712.0
MAC000034,Std,2013-03-29 06:30:00,2053.9999
MAC000034,Std,2013-03-29 07:00:00,53.0
MAC000034,Std,2013-03-29 07:30:00,55.0
MAC000034,Std,2013-03-29 08:00:00,42.0
MAC000034,Std,2013-03-29 08:30:00,57.0
MAC000034,Std,2013-03-29 09:00:00,38.0
MAC000034,Std,2013-03-29 09:30:00,79.0
MAC000034,Std,2013-03-29 10:00:00,91.0
MAC000034,Std,2013-03-29 10:30:00,99.0
MAC000034,Std,2013-03-29 11:00:00,97.0
MAC000034,Std,2013-03-29 11:30:00,104.0
MAC000034,Std,2013-03-29 12:00:00,112.0
MAC000034,Std,2013-03-29 12:30:00,198.0
MAC000034,Std,2013-03-29 13:00:00,139.0
MAC000034,Std,2013-03-29 13:30:00,135.0
MAC000034,Std,2013-03-29 14:00:00,108.0
MAC000034,Std,2013-03-29 14:30:00,121.0
MAC000034,Std,2013-03-29 15:00:00,157.0
MAC000034,Std,2013-03-29 15:30:00,202.0
MAC000034,Std,2013-03-29 16:00:00,498.0
MAC000034,Std,2013-03-29 16:30:00,2332.0
MAC000034,Std,2013-03-29 17:00:00,256.0
MAC000034,Std,2013-03-29 17:30:00,101.0
MAC000034,Std,2013-03-29 18:00:00,278.0
MAC000034,Std,2013-03-29 18:30:00,124.0
MAC000034,Std,2013-03-29 19:00:00,167.0
MAC000034,Std,2013-03-29 19:30:00,173.0
MAC000034,Std,2013-03-29 20:00:00,267.0
MAC000034,Std,2013-03-29 20:30:00,225.0
MAC000034,Std,2013-03-29 21:00:00,194.0
MAC000034,Std,2013-03-29 21:30:00,168.0
MAC000034,Std,2013-03-29 22:00:00,169.0
MAC000034,Std,2013-03-29 22:30:00,362.0
MAC000034,Std,2013-03-29 23:00:00,660.0
MAC000034,Std,2013-03-29 23:30:00,633.0
MAC000034,Std,2013-03-30 00:00:00,5539.0
MAC000034,Std,2013-03-30 00:30:00,4767.0002
MAC000034,Std,2013-03-30 01:00:00,4436.9998
MAC000034,Std,2013-03-30 01:30:00,4905.0002
MAC000034,Std,2013-03-30 02:00:00,4479.0001
MAC000034,Std,2013-03-30 02:30:00,5004.0002
MAC000034,Std,2013-03-30 03:00:00,3638.0
MAC000034,Std,2013-03-30 03:30:00,2450.0
MAC000034,Std,2013-03-30 04:00:00,1694.0
MAC000034,Std,2013-03-30 04:30:00,2071.0001
MAC000034,Std,2013-03-30 05:00:00,1901.0
MAC000034,Std,2013-03-30 05:30:00,1722.0
MAC000034,Std,2013-03-30 06:00:00,1474.0
MAC000034,Std,2013-03-30 06:30:00,1570.0001
MAC000034,Std,2013-03-30 07:00:00,74.0
MAC000034,Std,2013-03-30 07:30:00,63.0
MAC000034,Std,2013-03-30 08:00:00,38.0
MAC000034,Std,2013-03-30 08:30:00,71.0
MAC000034,Std,2013-03-30 09:00:00,111.0
MAC000034,Std,2013-03-30 09:30:00,84.0
MAC000034,Std,2013-03-30 10:00:00,56.0
MAC000034,Std,2013-03-30 10:30:00,478.0
MAC000034,Std,2013-03-30 11:00:00,596.0
MAC000034,Std,2013-03-30 11:30:00,570.0
MAC000034,Std,2013-03-30 12:00:00,694.0
MAC000034,Std,2013-03-30 12:30:00,585.0
MAC000034,Std,2013-03-30 13:00:00,579.0
MAC000034,Std,2013-03-30 13:30:00,304.0
MAC000034,Std,2013-03-30 14:00:00,156.0
MAC000034,Std,2013-03-30 14:30:00,144.0
MAC000034,Std,2013-03-30 15:00:00,125.0
MAC000034,Std,2013-03-30 15:30:00,162.0
MAC000034,Std,2013-03-30 16:00:00,386.0
MAC000034,Std,2013-03-30 16:30:00,206.0
MAC000034,Std,2013-03-30 17:00:00,54.0
MAC000034,Std,2013-03-30 17:30:00,50.0
MAC000034,Std,2013-03-30 18:00:00,240.0
MAC000034,Std,2013-03-30 18:30:00,218.0
MAC000034,Std,2013-03-30 19:00:00,210.0
MAC000034,Std,2013-03-30 19:30:00,185.0
MAC000034,Std,2013-03-30 20:00:00,180.0
MAC000034,Std,2013-03-30 20:30:00,206.0
MAC000034,Std,2013-03-30 21:00:00,170.0
MAC000034,Std,2013-03-30 21:30:00,169.0
MAC000034,Std,2013-03-30 22:00:00,172.0
MAC000034,Std,2013-03-30 22:30:00,215.0
MAC000034,Std,2013-03-30 23:00:00,239.0
MAC000034,Std,2013-03-30 23:30:00,179.0
MAC000034,Std,2013-03-31 00:00:00,5823.0
MAC000034,Std,2013-03-31 00:30:00,5287.0002
MAC000034,Std,2013-03-31 01:00:00,4974.0
MAC000034,Std,2013-03-31 01:30:00,4795.0001
MAC000034,Std,2013-03-31 02:00:00,5283.0
MAC000034,Std,2013-03-31 02:30:00,4283.0
MAC000034,Std,2013-03-31 03:00:00,4287.0002
MAC000034,Std,2013-03-31 03:30:00,2556.9999000000003
MAC000034,Std,2013-03-31 04:00:00,2267.9999
MAC000034,Std,2013-03-31 04:30:00,2112.0
MAC000034,Std,2013-03-31 05:00:00,1367.0
MAC000034,Std,2013-03-31 05:30:00,2280.0
MAC000034,Std,2013-03-31 06:00:00,1628.0
MAC000034,Std,2013-03-31 06:30:00,1916.0
MAC000034,Std,2013-03-31 07:00:00,45.0
MAC000034,Std,2013-03-31 07:30:00,78.0
MAC000034,Std,2013-03-31 08:00:00,119.0
MAC000034,Std,2013-03-31 08:30:00,68.0
MAC000034,Std,2013-03-31 09:00:00,65.0
MAC000034,Std,2013-03-31 09:30:00,55.0
MAC000034,Std,2013-03-31 10:00:00,122.0
MAC000034,Std,2013-03-31 10:30:00,298.0
MAC000034,Std,2013-03-31 11:00:00,208.0
MAC000034,Std,2013-03-31 11:30:00,90.0
MAC000034,Std,2013-03-31 12:00:00,109.0
MAC000034,Std,2013-03-31 12:30:00,86.0
MAC000034,Std,2013-03-31 13:00:00,147.0
MAC000034,Std,2013-03-31 13:30:00,208.0
MAC000034,Std,2013-03-31 14:00:00,142.0
MAC000034,Std,2013-03-31 14:30:00,117.0
MAC000034,Std,2013-03-31 15:00:00,193.0
MAC000034,Std,2013-03-31 15:30:00,178.0
MAC000034,Std,2013-03-31 16:00:00,173.0
MAC000034,Std,2013-03-31 16:30:00,190.0
MAC000034,Std,2013-03-31 17:00:00,166.0
MAC000034,Std,2013-03-31 17:30:00,276.0
MAC000034,Std,2013-03-31 18:00:00,166.0
MAC000034,Std,2013-03-31 18:30:00,158.0
MAC000034,Std,2013-03-31 19:00:00,191.0
MAC000034,Std,2013-03-31 19:30:00,182.0
MAC000034,Std,2013-03-31 20:00:00,171.0
MAC000034,Std,2013-03-31 20:30:00,161.0
MAC000034,Std,2013-03-31 21:00:00,185.0
MAC000034,Std,2013-03-31 21:30:00,232.0
MAC000034,Std,2013-03-31 22:00:00,271.0
MAC000034,Std,2013-03-31 22:30:00,219.0
MAC000034,Std,2013-03-31 23:00:00,188.0
MAC000034,Std,2013-03-31 23:30:00,177.0
MAC000034,Std,2013-04-01 00:00:00,5573.9999
MAC000034,Std,2013-04-01 00:30:00,5301.0001
MAC000034,Std,2013-04-01 01:00:00,5372.0002
MAC000034,Std,2013-04-01 01:30:00,5050.0002
MAC000034,Std,2013-04-01 02:00:00,4565.0001
MAC000034,Std,2013-04-01 02:30:00,4278.9998000000005
MAC000034,Std,2013-04-01 03:00:00,4247.0002
MAC000034,Std,2013-04-01 03:30:00,2300.0
MAC000034,Std,2013-04-01 04:00:00,1531.9999
MAC000034,Std,2013-04-01 04:30:00,2048.0001
MAC000034,Std,2013-04-01 05:00:00,1452.0
MAC000034,Std,2013-04-01 05:30:00,2581.0001
MAC000034,Std,2013-04-01 06:00:00,1260.0
MAC000034,Std,2013-04-01 06:30:00,1959.0
MAC000034,Std,2013-04-01 07:00:00,131.0
MAC000034,Std,2013-04-01 07:30:00,46.0
MAC000034,Std,2013-04-01 08:00:00,49.0
MAC000034,Std,2013-04-01 08:30:00,50.0
MAC000034,Std,2013-04-01 09:00:00,33.0
MAC000034,Std,2013-04-01 09:30:00,61.0
MAC000034,Std,2013-04-01 10:00:00,70.0
MAC000034,Std,2013-04-01 10:30:00,387.0
MAC000034,Std,2013-04-01 11:00:00,123.0
MAC000034,Std,2013-04-01 11:30:00,268.0
MAC000034,Std,2013-04-01 12:00:00,144.0
MAC000034,Std,2013-04-01 12:30:00,114.0
MAC000034,Std,2013-04-01 13:00:00,45.0
MAC000034,Std,2013-04-01 13:30:00,38.0
MAC000034,Std,2013-04-01 14:00:00,58.0
MAC000034,Std,2013-04-01 14:30:00,70.0
MAC000034,Std,2013-04-01 15:00:00,95.0
MAC000034,Std,2013-04-01 15:30:00,56.0
MAC000034,Std,2013-04-01 16:00:00,66.0
MAC000034,Std,2013-04-01 16:30:00,206.0
MAC000034,Std,2013-04-01 17:00:00,149.0
MAC000034,Std,2013-04-01 17:30:00,53.0
MAC000034,Std,2013-04-01 18:00:00,71.0
MAC000034,Std,2013-04-01 18:30:00,181.0
MAC000034,Std,2013-04-01 19:00:00,151.0
MAC000034,Std,2013-04-01 19:30:00,166.0
MAC000034,Std,2013-04-01 20:00:00,144.0
MAC000034,Std,2013-04-01 20:30:00,194.0
MAC000034,Std,2013-04-01 21:00:00,211.0
MAC000034,Std,2013-04-01 21:30:00,265.0
MAC000034,Std,2013-04-01 22:00:00,188.0
MAC000034,Std,2013-04-01 22:30:00,208.0
MAC000034,Std,2013-04-01 23:00:00,204.0
MAC000034,Std,2013-04-01 23:30:00,176.0
MAC000034,Std,2013-04-02 00:00:00,5830.9999
MAC000034,Std,2013-04-02 00:30:00,4842.9999
MAC000034,Std,2013-04-02 01:00:00,5198.0
MAC000034,Std,2013-04-02 01:30:00,5211.0
MAC000034,Std,2013-04-02 02:00:00,4854.0001
MAC000034,Std,2013-04-02 02:30:00,4216.000099999999
MAC000034,Std,2013-04-02 03:00:00,4091.0001
MAC000034,Std,2013-04-02 03:30:00,2861.0001
MAC000034,Std,2013-04-02 04:00:00,1524.0
MAC000034,Std,2013-04-02 04:30:00,1692.0
MAC000034,Std,2013-04-02 05:00:00,2068.0001
MAC000034,Std,2013-04-02 05:30:00,1781.0
MAC000034,Std,2013-04-02 06:00:00,1780.0
MAC000034,Std,2013-04-02 06:30:00,1751.0
MAC000034,Std,2013-04-02 07:00:00,118.0
MAC000034,Std,2013-04-02 07:30:00,40.0
MAC000034,Std,2013-04-02 08:00:00,46.0
MAC000034,Std,2013-04-02 08:30:00,53.0
MAC000034,Std,2013-04-02 09:00:00,43.0
MAC000034,Std,2013-04-02 09:30:00,53.0
MAC000034,Std,2013-04-02 10:00:00,108.0
MAC000034,Std,2013-04-02 10:30:00,209.0
MAC000034,Std,2013-04-02 11:00:00,106.0
MAC000034,Std,2013-04-02 11:30:00,168.0
MAC000034,Std,2013-04-02 12:00:00,293.0
MAC000034,Std,2013-04-02 12:30:00,301.0
MAC000034,Std,2013-04-02 13:00:00,115.0
MAC000034,Std,2013-04-02 13:30:00,76.0
MAC000034,Std,2013-04-02 14:00:00,59.0
MAC000034,Std,2013-04-02 14:30:00,89.0
MAC000034,Std,2013-04-02 15:00:00,42.0
MAC000034,Std,2013-04-02 15:30:00,58.0
MAC000034,Std,2013-04-02 16:00:00,37.0
MAC000034,Std,2013-04-02 16:30:00,116.0
MAC000034,Std,2013-04-02 17:00:00,246.0
MAC000034,Std,2013-04-02 17:30:00,111.0
MAC000034,Std,2013-04-02 18:00:00,91.0
MAC000034,Std,2013-04-02 18:30:00,118.0
MAC000034,Std,2013-04-02 19:00:00,128.0
MAC000034,Std,2013-04-02 19:30:00,163.0
MAC000034,Std,2013-04-02 20:00:00,215.0
MAC000034,Std,2013-04-02 20:30:00,180.0
MAC000034,Std,2013-04-02 21:00:00,291.0
MAC000034,Std,2013-04-02 21:30:00,208.0
MAC000034,Std,2013-04-02 22:00:00,168.0
MAC000034,Std,2013-04-02 22:30:00,179.0
MAC000034,Std,2013-04-02 23:00:00,181.0
MAC000034,Std,2013-04-02 23:30:00,117.0
MAC000034,Std,2013-04-03 00:00:00,5658.999900000001
MAC000034,Std,2013-04-03 00:30:00,5033.0
MAC000034,Std,2013-04-03 01:00:00,4951.0002
MAC000034,Std,2013-04-03 01:30:00,5006.0
MAC000034,Std,2013-04-03 02:00:00,5027.0
MAC000034,Std,2013-04-03 02:30:00,4525.000099999999
MAC000034,Std,2013-04-03 03:00:00,3793.9999
MAC000034,Std,2013-04-03 03:30:00,2104.0001
MAC000034,Std,2013-04-03 04:00:00,1853.0
MAC000034,Std,2013-04-03 04:30:00,1633.9999
MAC000034,Std,2013-04-03 05:00:00,1948.0
MAC000034,Std,2013-04-03 05:30:00,1818.0
MAC000034,Std,2013-04-03 06:00:00,2036.0
MAC000034,Std,2013-04-03 06:30:00,1513.0
MAC000034,Std,2013-04-03 07:00:00,55.0
MAC000034,Std,2013-04-03 07:30:00,53.0
MAC000034,Std,2013-04-03 08:00:00,35.0
MAC000034,Std,2013-04-03 08:30:00,76.0
MAC000034,Std,2013-04-03 09:00:00,377.0
MAC000034,Std,2013-04-03 09:30:00,120.0
MAC000034,Std,2013-04-03 10:00:00,204.0
MAC000034,Std,2013-04-03 10:30:00,95.0
MAC000034,Std,2013-04-03 11:00:00,152.0
MAC000034,Std,2013-04-03 11:30:00,113.0
MAC000034,Std,2013-04-03 12:00:00,90.0
MAC000034,Std,2013-04-03 12:30:00,68.0
MAC000034,Std,2013-04-03 13:00:00,78.0
MAC000034,Std,2013-04-03 13:30:00,82.0
MAC000034,Std,2013-04-03 14:00:00,63.0
MAC000034,Std,2013-04-03 14:30:00,88.0
MAC000034,Std,2013-04-03 15:00:00,96.0
MAC000034,Std,2013-04-03 15:30:00,46.0
MAC000034,Std,2013-04-03 16:00:00,119.0
MAC000034,Std,2013-04-03 16:30:00,81.0
MAC000034,Std,2013-04-03 17:00:00,158.0
MAC000034,Std,2013-04-03 17:30:00,109.0
MAC000034,Std,2013-04-03 18:00:00,105.0
MAC000034,Std,2013-04-03 18:30:00,56.0
MAC000034,Std,2013-04-03 19:00:00,42.0
MAC000034,Std,2013-04-03 19:30:00,91.0
MAC000034,Std,2013-04-03 20:00:00,114.0
MAC000034,Std,2013-04-03 20:30:00,264.0
MAC000034,Std,2013-04-03 21:00:00,213.0
MAC000034,Std,2013-04-03 21:30:00,205.0
MAC000034,Std,2013-04-03 22:00:00,166.0
MAC000034,Std,2013-04-03 22:30:00,146.0
MAC000034,Std,2013-04-03 23:00:00,142.0
MAC000034,Std,2013-04-03 23:30:00,165.0
MAC000034,Std,2013-04-04 00:00:00,5598.0
MAC000034,Std,2013-04-04 00:30:00,4980.0
MAC000034,Std,2013-04-04 01:00:00,5067.9998
MAC000034,Std,2013-04-04 01:30:00,4768.0001
MAC000034,Std,2013-04-04 02:00:00,4647.9998
MAC000034,Std,2013-04-04 02:30:00,4637.0001
MAC000034,Std,2013-04-04 03:00:00,3976.0001
MAC000034,Std,2013-04-04 03:30:00,2914.0
MAC000034,Std,2013-04-04 04:00:00,1693.0
MAC000034,Std,2013-04-04 04:30:00,2625.9999000000003
MAC000034,Std,2013-04-04 05:00:00,1640.0
MAC000034,Std,2013-04-04 05:30:00,1756.0
MAC000034,Std,2013-04-04 06:00:00,1818.0
MAC000034,Std,2013-04-04 06:30:00,1568.0
MAC000034,Std,2013-04-04 07:00:00,88.0
MAC000034,Std,2013-04-04 07:30:00,118.0
MAC000034,Std,2013-04-04 08:00:00,51.0
MAC000034,Std,2013-04-04 08:30:00,47.0
MAC000034,Std,2013-04-04 09:00:00,505.0
MAC000034,Std,2013-04-04 09:30:00,657.0
MAC000034,Std,2013-04-04 10:00:00,618.0
MAC000034,Std,2013-04-04 10:30:00,580.0
MAC000034,Std,2013-04-04 11:00:00,575.0
MAC000034,Std,2013-04-04 11:30:00,596.0
MAC000034,Std,2013-04-04 12:00:00,600.0
MAC000034,Std,2013-04-04 12:30:00,629.0
MAC000034,Std,2013-04-04 13:00:00,619.0
MAC000034,Std,2013-04-04 13:30:00,593.0
MAC000034,Std,2013-04-04 14:00:00,930.0
MAC000034,Std,2013-04-04 14:30:00,3552.0
MAC000034,Std,2013-04-04 15:00:00,576.0
MAC000034,Std,2013-04-04 15:30:00,149.0
MAC000034,Std,2013-04-04 16:00:00,155.0
MAC000034,Std,2013-04-04 16:30:00,51.0
MAC000034,Std,2013-04-04 17:00:00,211.0
MAC000034,Std,2013-04-04 17:30:00,177.0
MAC000034,Std,2013-04-04 18:00:00,151.0
MAC000034,Std,2013-04-04 18:30:00,159.0
MAC000034,Std,2013-04-04 19:00:00,176.0
MAC000034,Std,2013-04-04 19:30:00,176.0
MAC000034,Std,2013-04-04 20:00:00,181.0
MAC000034,Std,2013-04-04 20:30:00,130.0
MAC000034,Std,2013-04-04 21:00:00,147.0
MAC000034,Std,2013-04-04 21:30:00,156.0
MAC000034,Std,2013-04-04 22:00:00,237.0
MAC000034,Std,2013-04-04 22:30:00,186.0
MAC000034,Std,2013-04-04 23:00:00,187.0
MAC000034,Std,2013-04-04 23:30:00,148.0
MAC000034,Std,2013-04-05 00:00:00,5665.0
MAC000034,Std,2013-04-05 00:30:00,5073.9999
MAC000034,Std,2013-04-05 01:00:00,4997.0002
MAC000034,Std,2013-04-05 01:30:00,4953.000099999999
MAC000034,Std,2013-04-05 02:00:00,4894.0001
MAC000034,Std,2013-04-05 02:30:00,4689.0001
MAC000034,Std,2013-04-05 03:00:00,3951.0
MAC000034,Std,2013-04-05 03:30:00,2615.9999
MAC000034,Std,2013-04-05 04:00:00,2052.0
MAC000034,Std,2013-04-05 04:30:00,1966.0
MAC000034,Std,2013-04-05 05:00:00,1702.9999
MAC000034,Std,2013-04-05 05:30:00,1944.0
MAC000034,Std,2013-04-05 06:00:00,1797.0001
MAC000034,Std,2013-04-05 06:30:00,1558.0
MAC000034,Std,2013-04-05 07:00:00,43.0
MAC000034,Std,2013-04-05 07:30:00,108.0
MAC000034,Std,2013-04-05 08:00:00,86.0
MAC000034,Std,2013-04-05 08:30:00,61.0
MAC000034,Std,2013-04-05 09:00:00,81.0
MAC000034,Std,2013-04-05 09:30:00,109.0
MAC000034,Std,2013-04-05 10:00:00,204.0
MAC000034,Std,2013-04-05 10:30:00,668.0
MAC000034,Std,2013-04-05 11:00:00,669.0
MAC000034,Std,2013-04-05 11:30:00,641.0
MAC000034,Std,2013-04-05 12:00:00,1010.0
MAC000034,Std,2013-04-05 12:30:00,227.0
MAC000034,Std,2013-04-05 13:00:00,214.0
MAC000034,Std,2013-04-05 13:30:00,416.0
MAC000034,Std,2013-04-05 14:00:00,595.0
MAC000034,Std,2013-04-05 14:30:00,92.0
MAC000034,Std,2013-04-05 15:00:00,41.0
MAC000034,Std,2013-04-05 15:30:00,54.0
MAC000034,Std,2013-04-05 16:00:00,34.0
MAC000034,Std,2013-04-05 16:30:00,195.0
MAC000034,Std,2013-04-05 17:00:00,104.0
MAC000034,Std,2013-04-05 17:30:00,156.0
MAC000034,Std,2013-04-05 18:00:00,176.0
MAC000034,Std,2013-04-05 18:30:00,151.0
MAC000034,Std,2013-04-05 19:00:00,121.0
MAC000034,Std,2013-04-05 19:30:00,117.0
MAC000034,Std,2013-04-05 20:00:00,149.0
MAC000034,Std,2013-04-05 20:30:00,191.0
MAC000034,Std,2013-04-05 21:00:00,137.0
MAC000034,Std,2013-04-05 21:30:00,186.0
MAC000034,Std,2013-04-05 22:00:00,199.0
MAC000034,Std,2013-04-05 22:30:00,195.0
MAC000034,Std,2013-04-05 23:00:00,198.0
MAC000034,Std,2013-04-05 23:30:00,175.0
MAC000034,Std,2013-04-06 00:00:00,5309.9999
MAC000034,Std,2013-04-06 00:30:00,5211.999900000001
MAC000034,Std,2013-04-06 01:00:00,5102.0002
MAC000034,Std,2013-04-06 01:30:00,5030.0002
MAC000034,Std,2013-04-06 02:00:00,5363.9998000000005
MAC000034,Std,2013-04-06 02:30:00,4162.0002
MAC000034,Std,2013-04-06 03:00:00,4089.0002
MAC000034,Std,2013-04-06 03:30:00,2066.0
MAC000034,Std,2013-04-06 04:00:00,2425.0
MAC000034,Std,2013-04-06 04:30:00,1569.0
MAC000034,Std,2013-04-06 05:00:00,2263.0
MAC000034,Std,2013-04-06 05:30:00,2592.0
MAC000034,Std,2013-04-06 06:00:00,1548.0
MAC000034,Std,2013-04-06 06:30:00,1220.0
MAC000034,Std,2013-04-06 07:00:00,64.0
MAC000034,Std,2013-04-06 07:30:00,121.0
MAC000034,Std,2013-04-06 08:00:00,54.0
MAC000034,Std,2013-04-06 08:30:00,62.0
MAC000034,Std,2013-04-06 09:00:00,41.0
MAC000034,Std,2013-04-06 09:30:00,116.0
MAC000034,Std,2013-04-06 10:00:00,210.0
MAC000034,Std,2013-04-06 10:30:00,262.0
MAC000034,Std,2013-04-06 11:00:00,255.0
MAC000034,Std,2013-04-06 11:30:00,78.0
MAC000034,Std,2013-04-06 12:00:00,269.0
MAC000034,Std,2013-04-06 12:30:00,174.0
MAC000034,Std,2013-04-06 13:00:00,228.0
MAC000034,Std,2013-04-06 13:30:00,118.0
MAC000034,Std,2013-04-06 14:00:00,119.0
MAC000034,Std,2013-04-06 14:30:00,105.0
MAC000034,Std,2013-04-06 15:00:00,76.0
MAC000034,Std,2013-04-06 15:30:00,136.0
MAC000034,Std,2013-04-06 16:00:00,303.0
MAC000034,Std,2013-04-06 16:30:00,179.0
MAC000034,Std,2013-04-06 17:00:00,143.0
MAC000034,Std,2013-04-06 17:30:00,150.0
MAC000034,Std,2013-04-06 18:00:00,117.0
MAC000034,Std,2013-04-06 18:30:00,123.0
MAC000034,Std,2013-04-06 19:00:00,198.0
MAC000034,Std,2013-04-06 19:30:00,210.0
MAC000034,Std,2013-04-06 20:00:00,220.0
MAC000034,Std,2013-04-06 20:30:00,210.0
MAC000034,Std,2013-04-06 21:00:00,159.0
MAC000034,Std,2013-04-06 21:30:00,153.0
MAC000034,Std,2013-04-06 22:00:00,152.0
MAC000034,Std,2013-04-06 22:30:00,152.0
MAC000034,Std,2013-04-06 23:00:00,173.0
MAC000034,Std,2013-04-06 23:30:00,123.0
MAC000034,Std,2013-04-07 00:00:00,5592.0
MAC000034,Std,2013-04-07 00:30:00,5323.9999
MAC000034,Std,2013-04-07 01:00:00,4864.9998
MAC000034,Std,2013-04-07 01:30:00,4823.9999
MAC000034,Std,2013-04-07 02:00:00,4760.0002
MAC000034,Std,2013-04-07 02:30:00,4744.9999
MAC000034,Std,2013-04-07 03:00:00,3862.0
MAC000034,Std,2013-04-07 03:30:00,2926.0001
MAC000034,Std,2013-04-07 04:00:00,1536.0
MAC000034,Std,2013-04-07 04:30:00,2040.0
MAC000034,Std,2013-04-07 05:00:00,2497.9999
MAC000034,Std,2013-04-07 05:30:00,1513.0
MAC000034,Std,2013-04-07 06:00:00,1401.0
MAC000034,Std,2013-04-07 06:30:00,1760.0
MAC000034,Std,2013-04-07 07:00:00,42.0
MAC000034,Std,2013-04-07 07:30:00,46.0
MAC000034,Std,2013-04-07 08:00:00,49.0
MAC000034,Std,2013-04-07 08:30:00,41.0
MAC000034,Std,2013-04-07 09:00:00,125.0
MAC000034,Std,2013-04-07 09:30:00,157.0
MAC000034,Std,2013-04-07 10:00:00,250.0
MAC000034,Std,2013-04-07 10:30:00,93.0
MAC000034,Std,2013-04-07 11:00:00,108.0
MAC000034,Std,2013-04-07 11:30:00,105.0
MAC000034,Std,2013-04-07 12:00:00,431.0
MAC000034,Std,2013-04-07 12:30:00,97.0
MAC000034,Std,2013-04-07 13:00:00,31.0
MAC000034,Std,2013-04-07 13:30:00,64.0
MAC000034,Std,2013-04-07 14:00:00,152.0
MAC000034,Std,2013-04-07 14:30:00,103.0
MAC000034,Std,2013-04-07 15:00:00,124.0
MAC000034,Std,2013-04-07 15:30:00,205.0
MAC000034,Std,2013-04-07 16:00:00,590.0
MAC000034,Std,2013-04-07 16:30:00,663.0
MAC000034,Std,2013-04-07 17:00:00,575.0
MAC000034,Std,2013-04-07 17:30:00,529.0
MAC000034,Std,2013-04-07 18:00:00,437.0
MAC000034,Std,2013-04-07 18:30:00,161.0
MAC000034,Std,2013-04-07 19:00:00,173.0
MAC000034,Std,2013-04-07 19:30:00,614.0
MAC000034,Std,2013-04-07 20:00:00,607.0
MAC000034,Std,2013-04-07 20:30:00,596.0
MAC000034,Std,2013-04-07 21:00:00,647.0
MAC000034,Std,2013-04-07 21:30:00,683.0
MAC000034,Std,2013-04-07 22:00:00,654.0
MAC000034,Std,2013-04-07 22:30:00,674.0
MAC000034,Std,2013-04-07 23:00:00,751.0
MAC000034,Std,2013-04-07 23:30:00,754.0
MAC000034,Std,2013-04-08 00:00:00,5379.0002
MAC000034,Std,2013-04-08 00:30:00,5230.9999
MAC000034,Std,2013-04-08 01:00:00,5743.0
MAC000034,Std,2013-04-08 01:30:00,4581.9998000000005
MAC000034,Std,2013-04-08 02:00:00,4994.9999
MAC000034,Std,2013-04-08 02:30:00,4105.9999
MAC000034,Std,2013-04-08 03:00:00,3584.0001
MAC000034,Std,2013-04-08 03:30:00,2022.0001
MAC000034,Std,2013-04-08 04:00:00,1987.0
MAC000034,Std,2013-04-08 04:30:00,1911.9999
MAC000034,Std,2013-04-08 05:00:00,1829.0
MAC000034,Std,2013-04-08 05:30:00,1531.9999
MAC000034,Std,2013-04-08 06:00:00,1855.0
MAC000034,Std,2013-04-08 06:30:00,1793.0
MAC000034,Std,2013-04-08 07:00:00,46.0
MAC000034,Std,2013-04-08 07:30:00,54.0
MAC000034,Std,2013-04-08 08:00:00,80.0
MAC000034,Std,2013-04-08 08:30:00,158.0
MAC000034,Std,2013-04-08 09:00:00,248.0
MAC000034,Std,2013-04-08 09:30:00,117.0
MAC000034,Std,2013-04-08 10:00:00,482.0
MAC000034,Std,2013-04-08 10:30:00,57.0
MAC000034,Std,2013-04-08 11:00:00,53.0
MAC000034,Std,2013-04-08 11:30:00,38.0
MAC000034,Std,2013-04-08 12:00:00,60.0
MAC000034,Std,2013-04-08 12:30:00,58.0
MAC000034,Std,2013-04-08 13:00:00,126.0
MAC000034,Std,2013-04-08 13:30:00,70.0
MAC000034,Std,2013-04-08 14:00:00,55.0
MAC000034,Std,2013-04-08 14:30:00,46.0
MAC000034,Std,2013-04-08 15:00:00,46.0
MAC000034,Std,2013-04-08 15:30:00,52.0
MAC000034,Std,2013-04-08 16:00:00,41.0
MAC000034,Std,2013-04-08 16:30:00,77.0
MAC000034,Std,2013-04-08 17:00:00,205.0
MAC000034,Std,2013-04-08 17:30:00,168.0
MAC000034,Std,2013-04-08 18:00:00,173.0
MAC000034,Std,2013-04-08 18:30:00,121.0
MAC000034,Std,2013-04-08 19:00:00,118.0
MAC000034,Std,2013-04-08 19:30:00,129.0
MAC000034,Std,2013-04-08 20:00:00,154.0
MAC000034,Std,2013-04-08 20:30:00,144.0
MAC000034,Std,2013-04-08 21:00:00,147.0
MAC000034,Std,2013-04-08 21:30:00,208.0
MAC000034,Std,2013-04-08 22:00:00,207.0
MAC000034,Std,2013-04-08 22:30:00,178.0
MAC000034,Std,2013-04-08 23:00:00,172.0
MAC000034,Std,2013-04-08 23:30:00,154.0
MAC000034,Std,2013-04-09 00:00:00,5449.9998
MAC000034,Std,2013-04-09 00:30:00,4902.9999
MAC000034,Std,2013-04-09 01:00:00,4901.0
MAC000034,Std,2013-04-09 01:30:00,4730.9999
MAC000034,Std,2013-04-09 02:00:00,4853.0002
MAC000034,Std,2013-04-09 02:30:00,4330.9999
MAC000034,Std,2013-04-09 03:00:00,3818.0001
MAC000034,Std,2013-04-09 03:30:00,1971.0
MAC000034,Std,2013-04-09 04:00:00,1601.0
MAC000034,Std,2013-04-09 04:30:00,2566.9999
MAC000034,Std,2013-04-09 05:00:00,1959.0
MAC000034,Std,2013-04-09 05:30:00,1980.0
MAC000034,Std,2013-04-09 06:00:00,2470.0
MAC000034,Std,2013-04-09 06:30:00,1511.0
MAC000034,Std,2013-04-09 07:00:00,114.0
MAC000034,Std,2013-04-09 07:30:00,73.0
MAC000034,Std,2013-04-09 08:00:00,46.0
MAC000034,Std,2013-04-09 08:30:00,120.0
MAC000034,Std,2013-04-09 09:00:00,170.0
MAC000034,Std,2013-04-09 09:30:00,257.0
MAC000034,Std,2013-04-09 10:00:00,183.0
MAC000034,Std,2013-04-09 10:30:00,162.0
MAC000034,Std,2013-04-09 11:00:00,165.0
MAC000034,Std,2013-04-09 11:30:00,508.0
MAC000034,Std,2013-04-09 12:00:00,110.0
MAC000034,Std,2013-04-09 12:30:00,31.0
MAC000034,Std,2013-04-09 13:00:00,64.0
MAC000034,Std,2013-04-09 13:30:00,36.0
MAC000034,Std,2013-04-09 14:00:00,57.0
MAC000034,Std,2013-04-09 14:30:00,41.0
MAC000034,Std,2013-04-09 15:00:00,52.0
MAC000034,Std,2013-04-09 15:30:00,80.0
MAC000034,Std,2013-04-09 16:00:00,102.0
MAC000034,Std,2013-04-09 16:30:00,218.0
MAC000034,Std,2013-04-09 17:00:00,110.0
MAC000034,Std,2013-04-09 17:30:00,94.0
MAC000034,Std,2013-04-09 18:00:00,125.0
MAC000034,Std,2013-04-09 18:30:00,125.0
MAC000034,Std,2013-04-09 19:00:00,130.0
MAC000034,Std,2013-04-09 19:30:00,179.0
MAC000034,Std,2013-04-09 20:00:00,246.0
MAC000034,Std,2013-04-09 20:30:00,193.0
MAC000034,Std,2013-04-09 21:00:00,169.0
MAC000034,Std,2013-04-09 21:30:00,147.0
MAC000034,Std,2013-04-09 22:00:00,147.0
MAC000034,Std,2013-04-09 22:30:00,146.0
MAC000034,Std,2013-04-09 23:00:00,113.0
MAC000034,Std,2013-04-09 23:30:00,208.0
MAC000034,Std,2013-04-10 00:00:00,4946.0001
MAC000034,Std,2013-04-10 00:30:00,4729.0001
MAC000034,Std,2013-04-10 01:00:00,4671.999900000001
MAC000034,Std,2013-04-10 01:30:00,4673.9998
MAC000034,Std,2013-04-10 02:00:00,4342.0
MAC000034,Std,2013-04-10 02:30:00,4709.0001
MAC000034,Std,2013-04-10 03:00:00,3316.9999
MAC000034,Std,2013-04-10 03:30:00,2003.0
MAC000034,Std,2013-04-10 04:00:00,1679.0
MAC000034,Std,2013-04-10 04:30:00,1925.0
MAC000034,Std,2013-04-10 05:00:00,1869.0
MAC000034,Std,2013-04-10 05:30:00,1923.0
MAC000034,Std,2013-04-10 06:00:00,1695.0001
MAC000034,Std,2013-04-10 06:30:00,1592.0
MAC000034,Std,2013-04-10 07:00:00,46.0
MAC000034,Std,2013-04-10 07:30:00,53.0
MAC000034,Std,2013-04-10 08:00:00,47.0
MAC000034,Std,2013-04-10 08:30:00,62.0
MAC000034,Std,2013-04-10 09:00:00,160.0
MAC000034,Std,2013-04-10 09:30:00,189.0
MAC000034,Std,2013-04-10 10:00:00,171.0
MAC000034,Std,2013-04-10 10:30:00,195.0
MAC000034,Std,2013-04-10 11:00:00,214.0
MAC000034,Std,2013-04-10 11:30:00,185.0
MAC000034,Std,2013-04-10 12:00:00,70.0
MAC000034,Std,2013-04-10 12:30:00,69.0
MAC000034,Std,2013-04-10 13:00:00,97.0
MAC000034,Std,2013-04-10 13:30:00,179.0
MAC000034,Std,2013-04-10 14:00:00,148.0
MAC000034,Std,2013-04-10 14:30:00,83.0
MAC000034,Std,2013-04-10 15:00:00,45.0
MAC000034,Std,2013-04-10 15:30:00,49.0
MAC000034,Std,2013-04-10 16:00:00,49.0
MAC000034,Std,2013-04-10 16:30:00,154.0
MAC000034,Std,2013-04-10 17:00:00,118.0
MAC000034,Std,2013-04-10 17:30:00,140.0
MAC000034,Std,2013-04-10 18:00:00,176.0
MAC000034,Std,2013-04-10 18:30:00,172.0
MAC000034,Std,2013-04-10 19:00:00,151.0
MAC000034,Std,2013-04-10 19:30:00,170.0
MAC000034,Std,2013-04-10 20:00:00,151.0
MAC000034,Std,2013-04-10 20:30:00,158.0
MAC000034,Std,2013-04-10 21:00:00,158.0
MAC000034,Std,2013-04-10 21:30:00,142.0
MAC000034,Std,2013-04-10 22:00:00,214.0
MAC000034,Std,2013-04-10 22:30:00,228.0
MAC000034,Std,2013-04-10 23:00:00,202.0
MAC000034,Std,2013-04-10 23:30:00,171.0
MAC000034,Std,2013-04-11 00:00:00,5395.0
MAC000034,Std,2013-04-11 00:30:00,4940.0001
MAC000034,Std,2013-04-11 01:00:00,4692.9998
MAC000034,Std,2013-04-11 01:30:00,4738.9998000000005
MAC000034,Std,2013-04-11 02:00:00,4704.9999
MAC000034,Std,2013-04-11 02:30:00,4116.0002
MAC000034,Std,2013-04-11 03:00:00,3698.9999
MAC000034,Std,2013-04-11 03:30:00,1472.0
MAC000034,Std,2013-04-11 04:00:00,2059.9999000000003
MAC000034,Std,2013-04-11 04:30:00,1723.0
MAC000034,Std,2013-04-11 05:00:00,1728.0
MAC000034,Std,2013-04-11 05:30:00,1515.0
MAC000034,Std,2013-04-11 06:00:00,1494.0
MAC000034,Std,2013-04-11 06:30:00,1546.0
MAC000034,Std,2013-04-11 07:00:00,120.0
MAC000034,Std,2013-04-11 07:30:00,66.0
MAC000034,Std,2013-04-11 08:00:00,59.0
MAC000034,Std,2013-04-11 08:30:00,35.0
MAC000034,Std,2013-04-11 09:00:00,86.0
MAC000034,Std,2013-04-11 09:30:00,105.0
MAC000034,Std,2013-04-11 10:00:00,132.0
MAC000034,Std,2013-04-11 10:30:00,193.0
MAC000034,Std,2013-04-11 11:00:00,171.0
MAC000034,Std,2013-04-11 11:30:00,230.0
MAC000034,Std,2013-04-11 12:00:00,211.0
MAC000034,Std,2013-04-11 12:30:00,111.0
MAC000034,Std,2013-04-11 13:00:00,160.0
MAC000034,Std,2013-04-11 13:30:00,170.0
MAC000034,Std,2013-04-11 14:00:00,178.0
MAC000034,Std,2013-04-11 14:30:00,154.0
MAC000034,Std,2013-04-11 15:00:00,1192.0
MAC000034,Std,2013-04-11 15:30:00,1073.0
MAC000034,Std,2013-04-11 16:00:00,140.0
MAC000034,Std,2013-04-11 16:30:00,75.0
MAC000034,Std,2013-04-11 17:00:00,186.0
MAC000034,Std,2013-04-11 17:30:00,103.0
MAC000034,Std,2013-04-11 18:00:00,117.0
MAC000034,Std,2013-04-11 18:30:00,120.0
MAC000034,Std,2013-04-11 19:00:00,164.0
MAC000034,Std,2013-04-11 19:30:00,166.0
MAC000034,Std,2013-04-11 20:00:00,195.0
MAC000034,Std,2013-04-11 20:30:00,207.0
MAC000034,Std,2013-04-11 21:00:00,161.0
MAC000034,Std,2013-04-11 21:30:00,162.0
MAC000034,Std,2013-04-11 22:00:00,152.0
MAC000034,Std,2013-04-11 22:30:00,153.0
MAC000034,Std,2013-04-11 23:00:00,161.0
MAC000034,Std,2013-04-11 23:30:00,159.0
MAC000034,Std,2013-04-12 00:00:00,5230.9999
MAC000034,Std,2013-04-12 00:30:00,4519.0001
MAC000034,Std,2013-04-12 01:00:00,4143.0001
MAC000034,Std,2013-04-12 01:30:00,4409.9998
MAC000034,Std,2013-04-12 02:00:00,3925.0
MAC000034,Std,2013-04-12 02:30:00,4110.000099999999
MAC000034,Std,2013-04-12 03:00:00,2752.0001
MAC000034,Std,2013-04-12 03:30:00,1522.0
MAC000034,Std,2013-04-12 04:00:00,1493.0
MAC000034,Std,2013-04-12 04:30:00,1749.0
MAC000034,Std,2013-04-12 05:00:00,1402.0
MAC000034,Std,2013-04-12 05:30:00,1624.0
MAC000034,Std,2013-04-12 06:00:00,1855.0
MAC000034,Std,2013-04-12 06:30:00,1247.0
MAC000034,Std,2013-04-12 07:00:00,33.0
MAC000034,Std,2013-04-12 07:30:00,64.0
MAC000034,Std,2013-04-12 08:00:00,34.0
MAC000034,Std,2013-04-12 08:30:00,127.0
MAC000034,Std,2013-04-12 09:00:00,165.0
MAC000034,Std,2013-04-12 09:30:00,558.0
MAC000034,Std,2013-04-12 10:00:00,683.0
MAC000034,Std,2013-04-12 10:30:00,601.0
MAC000034,Std,2013-04-12 11:00:00,646.0
MAC000034,Std,2013-04-12 11:30:00,632.0
MAC000034,Std,2013-04-12 12:00:00,619.0
MAC000034,Std,2013-04-12 12:30:00,572.0
MAC000034,Std,2013-04-12 13:00:00,649.0
MAC000034,Std,2013-04-12 13:30:00,651.0
MAC000034,Std,2013-04-12 14:00:00,597.0
MAC000034,Std,2013-04-12 14:30:00,744.0
MAC000034,Std,2013-04-12 15:00:00,72.0
MAC000034,Std,2013-04-12 15:30:00,38.0
MAC000034,Std,2013-04-12 16:00:00,65.0
MAC000034,Std,2013-04-12 16:30:00,32.0
MAC000034,Std,2013-04-12 17:00:00,206.0
MAC000034,Std,2013-04-12 17:30:00,169.0
MAC000034,Std,2013-04-12 18:00:00,170.0
MAC000034,Std,2013-04-12 18:30:00,144.0
MAC000034,Std,2013-04-12 19:00:00,531.0
MAC000034,Std,2013-04-12 19:30:00,595.0
MAC000034,Std,2013-04-12 20:00:00,618.0
MAC000034,Std,2013-04-12 20:30:00,305.0
MAC000034,Std,2013-04-12 21:00:00,143.0
MAC000034,Std,2013-04-12 21:30:00,183.0
MAC000034,Std,2013-04-12 22:00:00,202.0
MAC000034,Std,2013-04-12 22:30:00,634.0
MAC000034,Std,2013-04-12 23:00:00,627.0
MAC000034,Std,2013-04-12 23:30:00,685.0
MAC000034,Std,2013-04-13 00:00:00,5245.9998
MAC000034,Std,2013-04-13 00:30:00,4645.0
MAC000034,Std,2013-04-13 01:00:00,4432.0002
MAC000034,Std,2013-04-13 01:30:00,4659.9998
MAC000034,Std,2013-04-13 02:00:00,4379.0002
MAC000034,Std,2013-04-13 02:30:00,4433.0001
MAC000034,Std,2013-04-13 03:00:00,2572.0
MAC000034,Std,2013-04-13 03:30:00,1934.9999
MAC000034,Std,2013-04-13 04:00:00,1706.0
MAC000034,Std,2013-04-13 04:30:00,1633.9999
MAC000034,Std,2013-04-13 05:00:00,2053.0
MAC000034,Std,2013-04-13 05:30:00,1457.0
MAC000034,Std,2013-04-13 06:00:00,1673.0
MAC000034,Std,2013-04-13 06:30:00,1501.0
MAC000034,Std,2013-04-13 07:00:00,109.0
MAC000034,Std,2013-04-13 07:30:00,64.0
MAC000034,Std,2013-04-13 08:00:00,32.0
MAC000034,Std,2013-04-13 08:30:00,94.0
MAC000034,Std,2013-04-13 09:00:00,527.0
MAC000034,Std,2013-04-13 09:30:00,581.0
MAC000034,Std,2013-04-13 10:00:00,569.0
MAC000034,Std,2013-04-13 10:30:00,589.0
MAC000034,Std,2013-04-13 11:00:00,636.0
MAC000034,Std,2013-04-13 11:30:00,654.0
MAC000034,Std,2013-04-13 12:00:00,649.0
MAC000034,Std,2013-04-13 12:30:00,623.0
MAC000034,Std,2013-04-13 13:00:00,660.0
MAC000034,Std,2013-04-13 13:30:00,610.0
MAC000034,Std,2013-04-13 14:00:00,595.0
MAC000034,Std,2013-04-13 14:30:00,92.0
MAC000034,Std,2013-04-13 15:00:00,155.0
MAC000034,Std,2013-04-13 15:30:00,849.0
MAC000034,Std,2013-04-13 16:00:00,619.0
MAC000034,Std,2013-04-13 16:30:00,504.0
MAC000034,Std,2013-04-13 17:00:00,102.0
MAC000034,Std,2013-04-13 17:30:00,142.0
MAC000034,Std,2013-04-13 18:00:00,109.0
MAC000034,Std,2013-04-13 18:30:00,122.0
MAC000034,Std,2013-04-13 19:00:00,169.0
MAC000034,Std,2013-04-13 19:30:00,225.0
MAC000034,Std,2013-04-13 20:00:00,197.0
MAC000034,Std,2013-04-13 20:30:00,174.0
MAC000034,Std,2013-04-13 21:00:00,138.0
MAC000034,Std,2013-04-13 21:30:00,147.0
MAC000034,Std,2013-04-13 22:00:00,150.0
MAC000034,Std,2013-04-13 22:30:00,164.0
MAC000034,Std,2013-04-13 23:00:00,189.0
MAC000034,Std,2013-04-13 23:30:00,237.0
MAC000034,Std,2013-04-14 00:00:00,5531.0001
MAC000034,Std,2013-04-14 00:30:00,4685.9999
MAC000034,Std,2013-04-14 01:00:00,4182.0002
MAC000034,Std,2013-04-14 01:30:00,4507.0
MAC000034,Std,2013-04-14 02:00:00,4081.9998
MAC000034,Std,2013-04-14 02:30:00,3767.0
MAC000034,Std,2013-04-14 03:00:00,2750.9999000000003
MAC000034,Std,2013-04-14 03:30:00,1411.9999
MAC000034,Std,2013-04-14 04:00:00,1751.0
MAC000034,Std,2013-04-14 04:30:00,1602.0
MAC000034,Std,2013-04-14 05:00:00,1776.0
MAC000034,Std,2013-04-14 05:30:00,1701.0
MAC000034,Std,2013-04-14 06:00:00,1476.0
MAC000034,Std,2013-04-14 06:30:00,1440.0001
MAC000034,Std,2013-04-14 07:00:00,61.0
MAC000034,Std,2013-04-14 07:30:00,87.0
MAC000034,Std,2013-04-14 08:00:00,91.0
MAC000034,Std,2013-04-14 08:30:00,113.0
MAC000034,Std,2013-04-14 09:00:00,100.0
MAC000034,Std,2013-04-14 09:30:00,120.0
MAC000034,Std,2013-04-14 10:00:00,182.0
MAC000034,Std,2013-04-14 10:30:00,138.0
MAC000034,Std,2013-04-14 11:00:00,365.0
MAC000034,Std,2013-04-14 11:30:00,71.0
MAC000034,Std,2013-04-14 12:00:00,96.0
MAC000034,Std,2013-04-14 12:30:00,124.0
MAC000034,Std,2013-04-14 13:00:00,86.0
MAC000034,Std,2013-04-14 13:30:00,64.0
MAC000034,Std,2013-04-14 14:00:00,49.0
MAC000034,Std,2013-04-14 14:30:00,42.0
MAC000034,Std,2013-04-14 15:00:00,63.0
MAC000034,Std,2013-04-14 15:30:00,63.0
MAC000034,Std,2013-04-14 16:00:00,132.0
MAC000034,Std,2013-04-14 16:30:00,272.0
MAC000034,Std,2013-04-14 17:00:00,156.0
MAC000034,Std,2013-04-14 17:30:00,154.0
MAC000034,Std,2013-04-14 18:00:00,114.0
MAC000034,Std,2013-04-14 18:30:00,138.0
MAC000034,Std,2013-04-14 19:00:00,116.0
MAC000034,Std,2013-04-14 19:30:00,605.0
MAC000034,Std,2013-04-14 20:00:00,480.0
MAC000034,Std,2013-04-14 20:30:00,217.0
MAC000034,Std,2013-04-14 21:00:00,260.0
MAC000034,Std,2013-04-14 21:30:00,227.0
MAC000034,Std,2013-04-14 22:00:00,210.0
MAC000034,Std,2013-04-14 22:30:00,207.0
MAC000034,Std,2013-04-14 23:00:00,207.0
MAC000034,Std,2013-04-14 23:30:00,170.0
MAC000034,Std,2013-04-15 00:00:00,5257.9999
MAC000034,Std,2013-04-15 00:30:00,4491.0002
MAC000034,Std,2013-04-15 01:00:00,4329.9999
MAC000034,Std,2013-04-15 01:30:00,4079.9999
MAC000034,Std,2013-04-15 02:00:00,4349.0
MAC000034,Std,2013-04-15 02:30:00,3734.0
MAC000034,Std,2013-04-15 03:00:00,2300.0
MAC000034,Std,2013-04-15 03:30:00,1747.0
MAC000034,Std,2013-04-15 04:00:00,1758.9999
MAC000034,Std,2013-04-15 04:30:00,1806.0
MAC000034,Std,2013-04-15 05:00:00,1574.0
MAC000034,Std,2013-04-15 05:30:00,1672.0001
MAC000034,Std,2013-04-15 06:00:00,1291.0
MAC000034,Std,2013-04-15 06:30:00,1348.0
MAC000034,Std,2013-04-15 07:00:00,61.0
MAC000034,Std,2013-04-15 07:30:00,72.0
MAC000034,Std,2013-04-15 08:00:00,26.0
MAC000034,Std,2013-04-15 08:30:00,125.0
MAC000034,Std,2013-04-15 09:00:00,271.0
MAC000034,Std,2013-04-15 09:30:00,153.0
MAC000034,Std,2013-04-15 10:00:00,157.0
MAC000034,Std,2013-04-15 10:30:00,66.0
MAC000034,Std,2013-04-15 11:00:00,64.0
MAC000034,Std,2013-04-15 11:30:00,64.0
MAC000034,Std,2013-04-15 12:00:00,63.0
MAC000034,Std,2013-04-15 12:30:00,99.0
MAC000034,Std,2013-04-15 13:00:00,88.0
MAC000034,Std,2013-04-15 13:30:00,112.0
MAC000034,Std,2013-04-15 14:00:00,63.0
MAC000034,Std,2013-04-15 14:30:00,62.0
MAC000034,Std,2013-04-15 15:00:00,63.0
MAC000034,Std,2013-04-15 15:30:00,54.0
MAC000034,Std,2013-04-15 16:00:00,36.0
MAC000034,Std,2013-04-15 16:30:00,220.0
MAC000034,Std,2013-04-15 17:00:00,178.0
MAC000034,Std,2013-04-15 17:30:00,172.0
MAC000034,Std,2013-04-15 18:00:00,136.0
MAC000034,Std,2013-04-15 18:30:00,115.0
MAC000034,Std,2013-04-15 19:00:00,133.0
MAC000034,Std,2013-04-15 19:30:00,135.0
MAC000034,Std,2013-04-15 20:00:00,121.0
MAC000034,Std,2013-04-15 20:30:00,155.0
MAC000034,Std,2013-04-15 21:00:00,180.0
MAC000034,Std,2013-04-15 21:30:00,176.0
MAC000034,Std,2013-04-15 22:00:00,152.0
MAC000034,Std,2013-04-15 22:30:00,132.0
MAC000034,Std,2013-04-15 23:00:00,132.0
MAC000034,Std,2013-04-15 23:30:00,128.0
MAC000034,Std,2013-04-16 00:00:00,5410.9998
MAC000034,Std,2013-04-16 00:30:00,4335.0
MAC000034,Std,2013-04-16 01:00:00,4821.0001
MAC000034,Std,2013-04-16 01:30:00,4291.9998000000005
MAC000034,Std,2013-04-16 02:00:00,4152.9999
MAC000034,Std,2013-04-16 02:30:00,3778.0001
MAC000034,Std,2013-04-16 03:00:00,2709.0001
MAC000034,Std,2013-04-16 03:30:00,1250.0
MAC000034,Std,2013-04-16 04:00:00,2408.9999
MAC000034,Std,2013-04-16 04:30:00,1205.0
MAC000034,Std,2013-04-16 05:00:00,1808.0
MAC000034,Std,2013-04-16 05:30:00,1536.0
MAC000034,Std,2013-04-16 06:00:00,1135.0
MAC000034,Std,2013-04-16 06:30:00,1482.0
MAC000034,Std,2013-04-16 07:00:00,64.0
MAC000034,Std,2013-04-16 07:30:00,64.0
MAC000034,Std,2013-04-16 08:00:00,63.0
MAC000034,Std,2013-04-16 08:30:00,78.0
MAC000034,Std,2013-04-16 09:00:00,152.0
MAC000034,Std,2013-04-16 09:30:00,146.0
MAC000034,Std,2013-04-16 10:00:00,136.0
MAC000034,Std,2013-04-16 10:30:00,213.0
MAC000034,Std,2013-04-16 11:00:00,121.0
MAC000034,Std,2013-04-16 11:30:00,98.0
MAC000034,Std,2013-04-16 12:00:00,120.0
MAC000034,Std,2013-04-16 12:30:00,123.0
MAC000034,Std,2013-04-16 13:00:00,157.0
MAC000034,Std,2013-04-16 13:30:00,165.0
MAC000034,Std,2013-04-16 14:00:00,176.0
MAC000034,Std,2013-04-16 14:30:00,121.0
MAC000034,Std,2013-04-16 15:00:00,34.0
MAC000034,Std,2013-04-16 15:30:00,66.0
MAC000034,Std,2013-04-16 16:00:00,65.0
MAC000034,Std,2013-04-16 16:30:00,65.0
MAC000034,Std,2013-04-16 17:00:00,255.0
MAC000034,Std,2013-04-16 17:30:00,173.0
MAC000034,Std,2013-04-16 18:00:00,178.0
MAC000034,Std,2013-04-16 18:30:00,122.0
MAC000034,Std,2013-04-16 19:00:00,124.0
MAC000034,Std,2013-04-16 19:30:00,133.0
MAC000034,Std,2013-04-16 20:00:00,138.0
MAC000034,Std,2013-04-16 20:30:00,213.0
MAC000034,Std,2013-04-16 21:00:00,671.0
MAC000034,Std,2013-04-16 21:30:00,668.0
MAC000034,Std,2013-04-16 22:00:00,648.0
MAC000034,Std,2013-04-16 22:30:00,614.0
MAC000034,Std,2013-04-16 23:00:00,224.0
MAC000034,Std,2013-04-16 23:30:00,185.0
MAC000034,Std,2013-04-17 00:00:00,3224.9999
MAC000034,Std,2013-04-17 00:30:00,2723.0
MAC000034,Std,2013-04-17 01:00:00,2823.0
MAC000034,Std,2013-04-17 01:30:00,2631.0
MAC000034,Std,2013-04-17 02:00:00,2625.9999000000003
MAC000034,Std,2013-04-17 02:30:00,1796.0
MAC000034,Std,2013-04-17 03:00:00,941.0
MAC000034,Std,2013-04-17 03:30:00,874.0
MAC000034,Std,2013-04-17 04:00:00,1079.0
MAC000034,Std,2013-04-17 04:30:00,815.0
MAC000034,Std,2013-04-17 05:00:00,943.0
MAC000034,Std,2013-04-17 05:30:00,1044.0
MAC000034,Std,2013-04-17 06:00:00,700.0
MAC000034,Std,2013-04-17 06:30:00,793.0
MAC000034,Std,2013-04-17 07:00:00,46.0
MAC000034,Std,2013-04-17 07:30:00,65.0
MAC000034,Std,2013-04-17 08:00:00,51.0
MAC000034,Std,2013-04-17 08:30:00,43.0
MAC000034,Std,2013-04-17 09:00:00,163.0
MAC000034,Std,2013-04-17 09:30:00,229.0
MAC000034,Std,2013-04-17 10:00:00,216.0
MAC000034,Std,2013-04-17 10:30:00,189.0
MAC000034,Std,2013-04-17 11:00:00,158.0
MAC000034,Std,2013-04-17 11:30:00,234.0
MAC000034,Std,2013-04-17 12:00:00,88.0
MAC000034,Std,2013-04-17 12:30:00,85.0
MAC000034,Std,2013-04-17 13:00:00,111.0
MAC000034,Std,2013-04-17 13:30:00,183.0
MAC000034,Std,2013-04-17 14:00:00,140.0
MAC000034,Std,2013-04-17 14:30:00,123.0
MAC000034,Std,2013-04-17 15:00:00,139.0
MAC000034,Std,2013-04-17 15:30:00,35.0
MAC000034,Std,2013-04-17 16:00:00,200.0
MAC000034,Std,2013-04-17 16:30:00,201.0
MAC000034,Std,2013-04-17 17:00:00,66.0
MAC000034,Std,2013-04-17 17:30:00,121.0
MAC000034,Std,2013-04-17 18:00:00,122.0
MAC000034,Std,2013-04-17 18:30:00,100.0
MAC000034,Std,2013-04-17 19:00:00,36.0
MAC000034,Std,2013-04-17 19:30:00,71.0
MAC000034,Std,2013-04-17 20:00:00,68.0
MAC000034,Std,2013-04-17 20:30:00,36.0
MAC000034,Std,2013-04-17 21:00:00,71.0
MAC000034,Std,2013-04-17 21:30:00,106.0
MAC000034,Std,2013-04-17 22:00:00,137.0
MAC000034,Std,2013-04-17 22:30:00,197.0
MAC000034,Std,2013-04-17 23:00:00,141.0
MAC000034,Std,2013-04-17 23:30:00,109.0
MAC000034,Std,2013-04-18 00:00:00,3325.0
MAC000034,Std,2013-04-18 00:30:00,2503.0
MAC000034,Std,2013-04-18 01:00:00,2905.9999
MAC000034,Std,2013-04-18 01:30:00,2467.9999000000003
MAC000034,Std,2013-04-18 02:00:00,2621.0001
MAC000034,Std,2013-04-18 02:30:00,2260.0
MAC000034,Std,2013-04-18 03:00:00,1105.9999
MAC000034,Std,2013-04-18 03:30:00,808.0
MAC000034,Std,2013-04-18 04:00:00,1091.0
MAC000034,Std,2013-04-18 04:30:00,862.0
MAC000034,Std,2013-04-18 05:00:00,1608.0
MAC000034,Std,2013-04-18 05:30:00,465.0
MAC000034,Std,2013-04-18 06:00:00,419.0
MAC000034,Std,2013-04-18 06:30:00,856.0
MAC000034,Std,2013-04-18 07:00:00,103.0
MAC000034,Std,2013-04-18 07:30:00,50.0
MAC000034,Std,2013-04-18 08:00:00,46.0
MAC000034,Std,2013-04-18 08:30:00,56.0
MAC000034,Std,2013-04-18 09:00:00,102.0
MAC000034,Std,2013-04-18 09:30:00,124.0
MAC000034,Std,2013-04-18 10:00:00,103.0
MAC000034,Std,2013-04-18 10:30:00,167.0
MAC000034,Std,2013-04-18 11:00:00,253.0
MAC000034,Std,2013-04-18 11:30:00,163.0
MAC000034,Std,2013-04-18 12:00:00,97.0
MAC000034,Std,2013-04-18 12:30:00,130.0
MAC000034,Std,2013-04-18 13:00:00,106.0
MAC000034,Std,2013-04-18 13:30:00,106.0
MAC000034,Std,2013-04-18 14:00:00,112.0
MAC000034,Std,2013-04-18 14:30:00,560.0
MAC000034,Std,2013-04-18 15:00:00,638.0
MAC000034,Std,2013-04-18 15:30:00,690.0
MAC000034,Std,2013-04-18 16:00:00,3240.0
MAC000034,Std,2013-04-18 16:30:00,518.0
MAC000034,Std,2013-04-18 17:00:00,213.0
MAC000034,Std,2013-04-18 17:30:00,39.0
MAC000034,Std,2013-04-18 18:00:00,126.0
MAC000034,Std,2013-04-18 18:30:00,88.0
MAC000034,Std,2013-04-18 19:00:00,134.0
MAC000034,Std,2013-04-18 19:30:00,194.0
MAC000034,Std,2013-04-18 20:00:00,214.0
MAC000034,Std,2013-04-18 20:30:00,634.0
MAC000034,Std,2013-04-18 21:00:00,635.0
MAC000034,Std,2013-04-18 21:30:00,699.0
MAC000034,Std,2013-04-18 22:00:00,717.0
MAC000034,Std,2013-04-18 22:30:00,704.0
MAC000034,Std,2013-04-18 23:00:00,659.0
MAC000034,Std,2013-04-18 23:30:00,664.0
MAC000034,Std,2013-04-19 00:00:00,3525.0001
MAC000034,Std,2013-04-19 00:30:00,2838.0001
MAC000034,Std,2013-04-19 01:00:00,2733.0
MAC000034,Std,2013-04-19 01:30:00,2832.0
MAC000034,Std,2013-04-19 02:00:00,2450.0
MAC000034,Std,2013-04-19 02:30:00,2085.0
MAC000034,Std,2013-04-19 03:00:00,1320.0001
MAC000034,Std,2013-04-19 03:30:00,982.0
MAC000034,Std,2013-04-19 04:00:00,1313.0
MAC000034,Std,2013-04-19 04:30:00,938.0
MAC000034,Std,2013-04-19 05:00:00,885.0
MAC000034,Std,2013-04-19 05:30:00,877.0
MAC000034,Std,2013-04-19 06:00:00,871.0
MAC000034,Std,2013-04-19 06:30:00,955.0
MAC000034,Std,2013-04-19 07:00:00,51.0
MAC000034,Std,2013-04-19 07:30:00,85.0
MAC000034,Std,2013-04-19 08:00:00,165.0
MAC000034,Std,2013-04-19 08:30:00,272.0
MAC000034,Std,2013-04-19 09:00:00,141.0
MAC000034,Std,2013-04-19 09:30:00,58.0
MAC000034,Std,2013-04-19 10:00:00,40.0
MAC000034,Std,2013-04-19 10:30:00,58.0
MAC000034,Std,2013-04-19 11:00:00,35.0
MAC000034,Std,2013-04-19 11:30:00,64.0
MAC000034,Std,2013-04-19 12:00:00,30.0
MAC000034,Std,2013-04-19 12:30:00,107.0
MAC000034,Std,2013-04-19 13:00:00,92.0
MAC000034,Std,2013-04-19 13:30:00,81.0
MAC000034,Std,2013-04-19 14:00:00,40.0
MAC000034,Std,2013-04-19 14:30:00,83.0
MAC000034,Std,2013-04-19 15:00:00,101.0
MAC000034,Std,2013-04-19 15:30:00,118.0
MAC000034,Std,2013-04-19 16:00:00,95.0
MAC000034,Std,2013-04-19 16:30:00,106.0
MAC000034,Std,2013-04-19 17:00:00,281.0
MAC000034,Std,2013-04-19 17:30:00,171.0
MAC000034,Std,2013-04-19 18:00:00,136.0
MAC000034,Std,2013-04-19 18:30:00,116.0
MAC000034,Std,2013-04-19 19:00:00,211.0
MAC000034,Std,2013-04-19 19:30:00,156.0
MAC000034,Std,2013-04-19 20:00:00,186.0
MAC000034,Std,2013-04-19 20:30:00,171.0
MAC000034,Std,2013-04-19 21:00:00,205.0
MAC000034,Std,2013-04-19 21:30:00,221.0
MAC000034,Std,2013-04-19 22:00:00,193.0
MAC000034,Std,2013-04-19 22:30:00,114.0
MAC000034,Std,2013-04-19 23:00:00,196.0
MAC000034,Std,2013-04-19 23:30:00,50.0
MAC000034,Std,2013-04-20 00:00:00,3305.0001
MAC000034,Std,2013-04-20 00:30:00,2842.9999000000003
MAC000034,Std,2013-04-20 01:00:00,2987.9999000000003
MAC000034,Std,2013-04-20 01:30:00,2680.0001
MAC000034,Std,2013-04-20 02:00:00,2717.0
MAC000034,Std,2013-04-20 02:30:00,2270.0
MAC000034,Std,2013-04-20 03:00:00,1596.0
MAC000034,Std,2013-04-20 03:30:00,789.0
MAC000034,Std,2013-04-20 04:00:00,781.0
MAC000034,Std,2013-04-20 04:30:00,1003.0
MAC000034,Std,2013-04-20 05:00:00,1147.0
MAC000034,Std,2013-04-20 05:30:00,1054.9999
MAC000034,Std,2013-04-20 06:00:00,982.0
MAC000034,Std,2013-04-20 06:30:00,692.0
MAC000034,Std,2013-04-20 07:00:00,47.0
MAC000034,Std,2013-04-20 07:30:00,40.0
MAC000034,Std,2013-04-20 08:00:00,58.0
MAC000034,Std,2013-04-20 08:30:00,43.0
MAC000034,Std,2013-04-20 09:00:00,154.0
MAC000034,Std,2013-04-20 09:30:00,105.0
MAC000034,Std,2013-04-20 10:00:00,146.0
MAC000034,Std,2013-04-20 10:30:00,159.0
MAC000034,Std,2013-04-20 11:00:00,158.0
MAC000034,Std,2013-04-20 11:30:00,49.0
MAC000034,Std,2013-04-20 12:00:00,115.0
MAC000034,Std,2013-04-20 12:30:00,34.0
MAC000034,Std,2013-04-20 13:00:00,60.0
MAC000034,Std,2013-04-20 13:30:00,41.0
MAC000034,Std,2013-04-20 14:00:00,46.0
MAC000034,Std,2013-04-20 14:30:00,97.0
MAC000034,Std,2013-04-20 15:00:00,93.0
MAC000034,Std,2013-04-20 15:30:00,84.0
MAC000034,Std,2013-04-20 16:00:00,40.0
MAC000034,Std,2013-04-20 16:30:00,51.0
MAC000034,Std,2013-04-20 17:00:00,51.0
MAC000034,Std,2013-04-20 17:30:00,44.0
MAC000034,Std,2013-04-20 18:00:00,204.0
MAC000034,Std,2013-04-20 18:30:00,94.0
MAC000034,Std,2013-04-20 19:00:00,176.0
MAC000034,Std,2013-04-20 19:30:00,163.0
MAC000034,Std,2013-04-20 20:00:00,188.0
MAC000034,Std,2013-04-20 20:30:00,170.0
MAC000034,Std,2013-04-20 21:00:00,206.0
MAC000034,Std,2013-04-20 21:30:00,171.0
MAC000034,Std,2013-04-20 22:00:00,176.0
MAC000034,Std,2013-04-20 22:30:00,169.0
MAC000034,Std,2013-04-20 23:00:00,184.0
MAC000034,Std,2013-04-20 23:30:00,216.0
MAC000034,Std,2013-04-21 00:00:00,2134.0001
MAC000034,Std,2013-04-21 00:30:00,2155.0
MAC000034,Std,2013-04-21 01:00:00,2148.0
MAC000034,Std,2013-04-21 01:30:00,2168.9999000000003
MAC000034,Std,2013-04-21 02:00:00,2082.0
MAC000034,Std,2013-04-21 02:30:00,2073.9999
MAC000034,Std,2013-04-21 03:00:00,917.0
MAC000034,Std,2013-04-21 03:30:00,509.0
MAC000034,Std,2013-04-21 04:00:00,968.0
MAC000034,Std,2013-04-21 04:30:00,699.0
MAC000034,Std,2013-04-21 05:00:00,750.0
MAC000034,Std,2013-04-21 05:30:00,938.0
MAC000034,Std,2013-04-21 06:00:00,535.0
MAC000034,Std,2013-04-21 06:30:00,870.0
MAC000034,Std,2013-04-21 07:00:00,50.0
MAC000034,Std,2013-04-21 07:30:00,52.0
MAC000034,Std,2013-04-21 08:00:00,40.0
MAC000034,Std,2013-04-21 08:30:00,123.0
MAC000034,Std,2013-04-21 09:00:00,89.0
MAC000034,Std,2013-04-21 09:30:00,80.0
MAC000034,Std,2013-04-21 10:00:00,107.0
MAC000034,Std,2013-04-21 10:30:00,196.0
MAC000034,Std,2013-04-21 11:00:00,117.0
MAC000034,Std,2013-04-21 11:30:00,93.0
MAC000034,Std,2013-04-21 12:00:00,108.0
MAC000034,Std,2013-04-21 12:30:00,107.0
MAC000034,Std,2013-04-21 13:00:00,135.0
MAC000034,Std,2013-04-21 13:30:00,263.0
MAC000034,Std,2013-04-21 14:00:00,123.0
MAC000034,Std,2013-04-21 14:30:00,115.0
MAC000034,Std,2013-04-21 15:00:00,49.0
MAC000034,Std,2013-04-21 15:30:00,57.0
MAC000034,Std,2013-04-21 16:00:00,117.0
MAC000034,Std,2013-04-21 16:30:00,193.0
MAC000034,Std,2013-04-21 17:00:00,139.0
MAC000034,Std,2013-04-21 17:30:00,133.0
MAC000034,Std,2013-04-21 18:00:00,230.0
MAC000034,Std,2013-04-21 18:30:00,189.0
MAC000034,Std,2013-04-21 19:00:00,177.0
MAC000034,Std,2013-04-21 19:30:00,122.0
MAC000034,Std,2013-04-21 20:00:00,179.0
MAC000034,Std,2013-04-21 20:30:00,171.0
MAC000034,Std,2013-04-21 21:00:00,180.0
MAC000034,Std,2013-04-21 21:30:00,146.0
MAC000034,Std,2013-04-21 22:00:00,191.0
MAC000034,Std,2013-04-21 22:30:00,222.0
MAC000034,Std,2013-04-21 23:00:00,212.0
MAC000034,Std,2013-04-21 23:30:00,126.0
MAC000034,Std,2013-04-22 00:00:00,2614.0001
MAC000034,Std,2013-04-22 00:30:00,2582.9999
MAC000034,Std,2013-04-22 01:00:00,2395.9999000000003
MAC000034,Std,2013-04-22 01:30:00,2210.0
MAC000034,Std,2013-04-22 02:00:00,2173.0001
MAC000034,Std,2013-04-22 02:30:00,2255.0001
MAC000034,Std,2013-04-22 03:00:00,471.0
MAC000034,Std,2013-04-22 03:30:00,1138.0
MAC000034,Std,2013-04-22 04:00:00,678.0
MAC000034,Std,2013-04-22 04:30:00,827.0
MAC000034,Std,2013-04-22 05:00:00,816.0
MAC000034,Std,2013-04-22 05:30:00,622.0
MAC000034,Std,2013-04-22 06:00:00,830.0
MAC000034,Std,2013-04-22 06:30:00,949.0
MAC000034,Std,2013-04-22 07:00:00,52.0
MAC000034,Std,2013-04-22 07:30:00,101.0
MAC000034,Std,2013-04-22 08:00:00,100.0
MAC000034,Std,2013-04-22 08:30:00,60.0
MAC000034,Std,2013-04-22 09:00:00,86.0
MAC000034,Std,2013-04-22 09:30:00,225.0
MAC000034,Std,2013-04-22 10:00:00,140.0
MAC000034,Std,2013-04-22 10:30:00,104.0
MAC000034,Std,2013-04-22 11:00:00,42.0
MAC000034,Std,2013-04-22 11:30:00,47.0
MAC000034,Std,2013-04-22 12:00:00,96.0
MAC000034,Std,2013-04-22 12:30:00,98.0
MAC000034,Std,2013-04-22 13:00:00,82.0
MAC000034,Std,2013-04-22 13:30:00,33.0
MAC000034,Std,2013-04-22 14:00:00,65.0
MAC000034,Std,2013-04-22 14:30:00,31.0
MAC000034,Std,2013-04-22 15:00:00,60.0
MAC000034,Std,2013-04-22 15:30:00,39.0
MAC000034,Std,2013-04-22 16:00:00,53.0
MAC000034,Std,2013-04-22 16:30:00,168.0
MAC000034,Std,2013-04-22 17:00:00,194.0
MAC000034,Std,2013-04-22 17:30:00,133.0
MAC000034,Std,2013-04-22 18:00:00,118.0
MAC000034,Std,2013-04-22 18:30:00,117.0
MAC000034,Std,2013-04-22 19:00:00,121.0
MAC000034,Std,2013-04-22 19:30:00,134.0
MAC000034,Std,2013-04-22 20:00:00,161.0
MAC000034,Std,2013-04-22 20:30:00,193.0
MAC000034,Std,2013-04-22 21:00:00,239.0
MAC000034,Std,2013-04-22 21:30:00,221.0
MAC000034,Std,2013-04-22 22:00:00,162.0
MAC000034,Std,2013-04-22 22:30:00,180.0
MAC000034,Std,2013-04-22 23:00:00,154.0
MAC000034,Std,2013-04-22 23:30:00,186.0
MAC000034,Std,2013-04-23 00:00:00,2776.0
MAC000034,Std,2013-04-23 00:30:00,2242.0001
MAC000034,Std,2013-04-23 01:00:00,2519.0001
MAC000034,Std,2013-04-23 01:30:00,2482.0001
MAC000034,Std,2013-04-23 02:00:00,2280.0
MAC000034,Std,2013-04-23 02:30:00,1667.0001000000002
MAC000034,Std,2013-04-23 03:00:00,1335.0
MAC000034,Std,2013-04-23 03:30:00,681.0
MAC000034,Std,2013-04-23 04:00:00,560.0
MAC000034,Std,2013-04-23 04:30:00,1075.0
MAC000034,Std,2013-04-23 05:00:00,580.0
MAC000034,Std,2013-04-23 05:30:00,911.0
MAC000034,Std,2013-04-23 06:00:00,832.0
MAC000034,Std,2013-04-23 06:30:00,325.0
MAC000034,Std,2013-04-23 07:00:00,61.0
MAC000034,Std,2013-04-23 07:30:00,37.0
MAC000034,Std,2013-04-23 08:00:00,61.0
MAC000034,Std,2013-04-23 08:30:00,48.0
MAC000034,Std,2013-04-23 09:00:00,133.0
MAC000034,Std,2013-04-23 09:30:00,107.0
MAC000034,Std,2013-04-23 10:00:00,185.0
MAC000034,Std,2013-04-23 10:30:00,142.0
MAC000034,Std,2013-04-23 11:00:00,125.0
MAC000034,Std,2013-04-23 11:30:00,90.0
MAC000034,Std,2013-04-23 12:00:00,248.0
MAC000034,Std,2013-04-23 12:30:00,120.0
MAC000034,Std,2013-04-23 13:00:00,157.0
MAC000034,Std,2013-04-23 13:30:00,119.0
MAC000034,Std,2013-04-23 14:00:00,176.0
MAC000034,Std,2013-04-23 14:30:00,127.0
MAC000034,Std,2013-04-23 15:00:00,122.0
MAC000034,Std,2013-04-23 15:30:00,57.0
MAC000034,Std,2013-04-23 16:00:00,49.0
MAC000034,Std,2013-04-23 16:30:00,145.0
MAC000034,Std,2013-04-23 17:00:00,44.0
MAC000034,Std,2013-04-23 17:30:00,64.0
MAC000034,Std,2013-04-23 18:00:00,66.0
MAC000034,Std,2013-04-23 18:30:00,120.0
MAC000034,Std,2013-04-23 19:00:00,219.0
MAC000034,Std,2013-04-23 19:30:00,200.0
MAC000034,Std,2013-04-23 20:00:00,233.0
MAC000034,Std,2013-04-23 20:30:00,214.0
MAC000034,Std,2013-04-23 21:00:00,183.0
MAC000034,Std,2013-04-23 21:30:00,218.0
MAC000034,Std,2013-04-23 22:00:00,194.0
MAC000034,Std,2013-04-23 22:30:00,228.0
MAC000034,Std,2013-04-23 23:00:00,158.0
MAC000034,Std,2013-04-23 23:30:00,40.0
MAC000034,Std,2013-04-24 00:00:00,1068.0
MAC000034,Std,2013-04-24 00:00:00,1068.0
MAC000034,Std,2013-04-24 00:30:00,807.0
MAC000034,Std,2013-04-24 01:00:00,1040.0
MAC000034,Std,2013-04-24 01:30:00,547.0
MAC000034,Std,2013-04-24 02:00:00,588.0
MAC000034,Std,2013-04-24 02:30:00,795.0
MAC000034,Std,2013-04-24 03:00:00,679.0
MAC000034,Std,2013-04-24 03:30:00,552.0
MAC000034,Std,2013-04-24 04:00:00,489.0
MAC000034,Std,2013-04-24 04:30:00,390.0
MAC000034,Std,2013-04-24 05:00:00,476.0
MAC000034,Std,2013-04-24 05:30:00,184.0
MAC000034,Std,2013-04-24 06:00:00,236.0
MAC000034,Std,2013-04-24 06:30:00,466.0
MAC000034,Std,2013-04-24 07:00:00,93.0
MAC000034,Std,2013-04-24 07:30:00,125.0
MAC000034,Std,2013-04-24 08:00:00,120.0
MAC000034,Std,2013-04-24 08:30:00,142.0
MAC000034,Std,2013-04-24 09:00:00,194.0
MAC000034,Std,2013-04-24 09:30:00,89.0
MAC000034,Std,2013-04-24 10:00:00,66.0
MAC000034,Std,2013-04-24 10:30:00,40.0
MAC000034,Std,2013-04-24 11:00:00,99.0
MAC000034,Std,2013-04-24 11:30:00,123.0
MAC000034,Std,2013-04-24 12:00:00,205.0
MAC000034,Std,2013-04-24 12:30:00,66.0
MAC000034,Std,2013-04-24 13:00:00,84.0
MAC000034,Std,2013-04-24 13:30:00,100.0
MAC000034,Std,2013-04-24 14:00:00,116.0
MAC000034,Std,2013-04-24 14:30:00,60.0
MAC000034,Std,2013-04-24 15:00:00,118.0
MAC000034,Std,2013-04-24 15:30:00,121.0
MAC000034,Std,2013-04-24 16:00:00,153.0
MAC000034,Std,2013-04-24 16:30:00,55.0
MAC000034,Std,2013-04-24 17:00:00,105.0
MAC000034,Std,2013-04-24 17:30:00,152.0
MAC000034,Std,2013-04-24 18:00:00,185.0
MAC000034,Std,2013-04-24 18:30:00,177.0
MAC000034,Std,2013-04-24 19:00:00,221.0
MAC000034,Std,2013-04-24 19:30:00,211.0
MAC000034,Std,2013-04-24 20:00:00,212.0
MAC000034,Std,2013-04-24 20:30:00,200.0
MAC000034,Std,2013-04-24 21:00:00,655.0
MAC000034,Std,2013-04-24 21:30:00,646.0
MAC000034,Std,2013-04-24 22:00:00,630.0
MAC000034,Std,2013-04-24 22:30:00,310.0
MAC000034,Std,2013-04-24 23:00:00,118.0
MAC000034,Std,2013-04-24 23:30:00,113.0
MAC000034,Std,2013-04-25 00:00:00,1267.0
MAC000034,Std,2013-04-25 00:30:00,894.0
MAC000034,Std,2013-04-25 01:00:00,1054.9999
MAC000034,Std,2013-04-25 01:30:00,546.0
MAC000034,Std,2013-04-25 02:00:00,612.0
MAC000034,Std,2013-04-25 02:30:00,834.0
MAC000034,Std,2013-04-25 03:00:00,601.0
MAC000034,Std,2013-04-25 03:30:00,496.0
MAC000034,Std,2013-04-25 04:00:00,462.0
MAC000034,Std,2013-04-25 04:30:00,482.0
MAC000034,Std,2013-04-25 05:00:00,474.0
MAC000034,Std,2013-04-25 05:30:00,478.0
MAC000034,Std,2013-04-25 06:00:00,468.0
MAC000034,Std,2013-04-25 06:30:00,45.0
MAC000034,Std,2013-04-25 07:00:00,57.0
MAC000034,Std,2013-04-25 07:30:00,108.0
MAC000034,Std,2013-04-25 08:00:00,101.0
MAC000034,Std,2013-04-25 08:30:00,113.0
MAC000034,Std,2013-04-25 09:00:00,92.0
MAC000034,Std,2013-04-25 09:30:00,123.0
MAC000034,Std,2013-04-25 10:00:00,199.0
MAC000034,Std,2013-04-25 10:30:00,107.0
MAC000034,Std,2013-04-25 11:00:00,123.0
MAC000034,Std,2013-04-25 11:30:00,119.0
MAC000034,Std,2013-04-25 12:00:00,195.0
MAC000034,Std,2013-04-25 12:30:00,171.0
MAC000034,Std,2013-04-25 13:00:00,70.0
MAC000034,Std,2013-04-25 13:30:00,125.0
MAC000034,Std,2013-04-25 14:00:00,161.0
MAC000034,Std,2013-04-25 14:30:00,47.0
MAC000034,Std,2013-04-25 15:00:00,66.0
MAC000034,Std,2013-04-25 15:30:00,93.0
MAC000034,Std,2013-04-25 16:00:00,106.0
MAC000034,Std,2013-04-25 16:30:00,195.0
MAC000034,Std,2013-04-25 17:00:00,71.0
MAC000034,Std,2013-04-25 17:30:00,64.0
MAC000034,Std,2013-04-25 18:00:00,55.0
MAC000034,Std,2013-04-25 18:30:00,83.0
MAC000034,Std,2013-04-25 19:00:00,103.0
MAC000034,Std,2013-04-25 19:30:00,195.0
MAC000034,Std,2013-04-25 20:00:00,252.0
MAC000034,Std,2013-04-25 20:30:00,220.0
MAC000034,Std,2013-04-25 21:00:00,153.0
MAC000034,Std,2013-04-25 21:30:00,156.0
MAC000034,Std,2013-04-25 22:00:00,179.0
MAC000034,Std,2013-04-25 22:30:00,168.0
MAC000034,Std,2013-04-25 23:00:00,154.0
MAC000034,Std,2013-04-25 23:30:00,225.0
MAC000034,Std,2013-04-26 00:00:00,1232.0
MAC000034,Std,2013-04-26 00:30:00,1029.0
MAC000034,Std,2013-04-26 01:00:00,652.0
MAC000034,Std,2013-04-26 01:30:00,886.0
MAC000034,Std,2013-04-26 02:00:00,404.0
MAC000034,Std,2013-04-26 02:30:00,739.0
MAC000034,Std,2013-04-26 03:00:00,772.0
MAC000034,Std,2013-04-26 03:30:00,449.0
MAC000034,Std,2013-04-26 04:00:00,564.0
MAC000034,Std,2013-04-26 04:30:00,490.0
MAC000034,Std,2013-04-26 05:00:00,330.0
MAC000034,Std,2013-04-26 05:30:00,345.0
MAC000034,Std,2013-04-26 06:00:00,361.0
MAC000034,Std,2013-04-26 06:30:00,333.0
MAC000034,Std,2013-04-26 07:00:00,64.0
MAC000034,Std,2013-04-26 07:30:00,34.0
MAC000034,Std,2013-04-26 08:00:00,129.0
MAC000034,Std,2013-04-26 08:30:00,119.0
MAC000034,Std,2013-04-26 09:00:00,136.0
MAC000034,Std,2013-04-26 09:30:00,119.0
MAC000034,Std,2013-04-26 10:00:00,196.0
MAC000034,Std,2013-04-26 10:30:00,124.0
MAC000034,Std,2013-04-26 11:00:00,89.0
MAC000034,Std,2013-04-26 11:30:00,125.0
MAC000034,Std,2013-04-26 12:00:00,118.0
MAC000034,Std,2013-04-26 12:30:00,212.0
MAC000034,Std,2013-04-26 13:00:00,203.0
MAC000034,Std,2013-04-26 13:30:00,93.0
MAC000034,Std,2013-04-26 14:00:00,117.0
MAC000034,Std,2013-04-26 14:30:00,129.0
MAC000034,Std,2013-04-26 15:00:00,108.0
MAC000034,Std,2013-04-26 15:30:00,67.0
MAC000034,Std,2013-04-26 16:00:00,64.0
MAC000034,Std,2013-04-26 16:30:00,99.0
MAC000034,Std,2013-04-26 17:00:00,121.0
MAC000034,Std,2013-04-26 17:30:00,77.0
MAC000034,Std,2013-04-26 18:00:00,208.0
MAC000034,Std,2013-04-26 18:30:00,116.0
MAC000034,Std,2013-04-26 19:00:00,117.0
MAC000034,Std,2013-04-26 19:30:00,128.0
MAC000034,Std,2013-04-26 20:00:00,191.0
MAC000034,Std,2013-04-26 20:30:00,321.0
MAC000034,Std,2013-04-26 21:00:00,284.0
MAC000034,Std,2013-04-26 21:30:00,239.0
MAC000034,Std,2013-04-26 22:00:00,646.0
MAC000034,Std,2013-04-26 22:30:00,660.0
MAC000034,Std,2013-04-26 23:00:00,657.0
MAC000034,Std,2013-04-26 23:30:00,357.0
MAC000034,Std,2013-04-27 00:00:00,1179.9999
MAC000034,Std,2013-04-27 00:30:00,1178.0
MAC000034,Std,2013-04-27 01:00:00,930.0
MAC000034,Std,2013-04-27 01:30:00,646.0
MAC000034,Std,2013-04-27 02:00:00,841.0
MAC000034,Std,2013-04-27 02:30:00,627.0
MAC000034,Std,2013-04-27 03:00:00,728.0
MAC000034,Std,2013-04-27 03:30:00,368.0
MAC000034,Std,2013-04-27 04:00:00,584.0
MAC000034,Std,2013-04-27 04:30:00,565.0
MAC000034,Std,2013-04-27 05:00:00,561.0
MAC000034,Std,2013-04-27 05:30:00,395.0
MAC000034,Std,2013-04-27 06:00:00,121.0
MAC000034,Std,2013-04-27 06:30:00,328.0
MAC000034,Std,2013-04-27 07:00:00,58.0
MAC000034,Std,2013-04-27 07:30:00,41.0
MAC000034,Std,2013-04-27 08:00:00,60.0
MAC000034,Std,2013-04-27 08:30:00,40.0
MAC000034,Std,2013-04-27 09:00:00,174.0
MAC000034,Std,2013-04-27 09:30:00,156.0
MAC000034,Std,2013-04-27 10:00:00,254.0
MAC000034,Std,2013-04-27 10:30:00,98.0
MAC000034,Std,2013-04-27 11:00:00,77.0
MAC000034,Std,2013-04-27 11:30:00,101.0
MAC000034,Std,2013-04-27 12:00:00,111.0
MAC000034,Std,2013-04-27 12:30:00,162.0
MAC000034,Std,2013-04-27 13:00:00,111.0
MAC000034,Std,2013-04-27 13:30:00,156.0
MAC000034,Std,2013-04-27 14:00:00,141.0
MAC000034,Std,2013-04-27 14:30:00,90.0
MAC000034,Std,2013-04-27 15:00:00,92.0
MAC000034,Std,2013-04-27 15:30:00,105.0
MAC000034,Std,2013-04-27 16:00:00,97.0
MAC000034,Std,2013-04-27 16:30:00,142.0
MAC000034,Std,2013-04-27 17:00:00,161.0
MAC000034,Std,2013-04-27 17:30:00,135.0
MAC000034,Std,2013-04-27 18:00:00,105.0
MAC000034,Std,2013-04-27 18:30:00,172.0
MAC000034,Std,2013-04-27 19:00:00,121.0
MAC000034,Std,2013-04-27 19:30:00,152.0
MAC000034,Std,2013-04-27 20:00:00,161.0
MAC000034,Std,2013-04-27 20:30:00,170.0
MAC000034,Std,2013-04-27 21:00:00,142.0
MAC000034,Std,2013-04-27 21:30:00,164.0
MAC000034,Std,2013-04-27 22:00:00,151.0
MAC000034,Std,2013-04-27 22:30:00,228.0
MAC000034,Std,2013-04-27 23:00:00,193.0
MAC000034,Std,2013-04-27 23:30:00,118.0
MAC000034,Std,2013-04-28 00:00:00,1303.0
MAC000034,Std,2013-04-28 00:30:00,1030.0
MAC000034,Std,2013-04-28 01:00:00,777.0
MAC000034,Std,2013-04-28 01:30:00,839.0
MAC000034,Std,2013-04-28 02:00:00,872.0
MAC000034,Std,2013-04-28 02:30:00,789.0
MAC000034,Std,2013-04-28 03:00:00,649.0
MAC000034,Std,2013-04-28 03:30:00,555.0
MAC000034,Std,2013-04-28 04:00:00,700.0
MAC000034,Std,2013-04-28 04:30:00,470.0
MAC000034,Std,2013-04-28 05:00:00,434.0
MAC000034,Std,2013-04-28 05:30:00,349.0
MAC000034,Std,2013-04-28 06:00:00,540.0
MAC000034,Std,2013-04-28 06:30:00,98.0
MAC000034,Std,2013-04-28 07:00:00,71.0
MAC000034,Std,2013-04-28 07:30:00,80.0
MAC000034,Std,2013-04-28 08:00:00,129.0
MAC000034,Std,2013-04-28 08:30:00,65.0
MAC000034,Std,2013-04-28 09:00:00,203.0
MAC000034,Std,2013-04-28 09:30:00,109.0
MAC000034,Std,2013-04-28 10:00:00,115.0
MAC000034,Std,2013-04-28 10:30:00,92.0
MAC000034,Std,2013-04-28 11:00:00,148.0
MAC000034,Std,2013-04-28 11:30:00,46.0
MAC000034,Std,2013-04-28 12:00:00,50.0
MAC000034,Std,2013-04-28 12:30:00,116.0
MAC000034,Std,2013-04-28 13:00:00,97.0
MAC000034,Std,2013-04-28 13:30:00,56.0
MAC000034,Std,2013-04-28 14:00:00,36.0
MAC000034,Std,2013-04-28 14:30:00,61.0
MAC000034,Std,2013-04-28 15:00:00,30.0
MAC000034,Std,2013-04-28 15:30:00,66.0
MAC000034,Std,2013-04-28 16:00:00,28.0
MAC000034,Std,2013-04-28 16:30:00,261.0
MAC000034,Std,2013-04-28 17:00:00,590.0
MAC000034,Std,2013-04-28 17:30:00,606.0
MAC000034,Std,2013-04-28 18:00:00,596.0
MAC000034,Std,2013-04-28 18:30:00,429.0
MAC000034,Std,2013-04-28 19:00:00,184.0
MAC000034,Std,2013-04-28 19:30:00,150.0
MAC000034,Std,2013-04-28 20:00:00,176.0
MAC000034,Std,2013-04-28 20:30:00,155.0
MAC000034,Std,2013-04-28 21:00:00,176.0
MAC000034,Std,2013-04-28 21:30:00,235.0
MAC000034,Std,2013-04-28 22:00:00,282.0
MAC000034,Std,2013-04-28 22:30:00,253.0
MAC000034,Std,2013-04-28 23:00:00,201.0
MAC000034,Std,2013-04-28 23:30:00,184.0
MAC000034,Std,2013-04-29 00:00:00,1320.0001
MAC000034,Std,2013-04-29 00:30:00,979.0
MAC000034,Std,2013-04-29 01:00:00,634.0
MAC000034,Std,2013-04-29 01:30:00,836.0
MAC000034,Std,2013-04-29 02:00:00,842.0
MAC000034,Std,2013-04-29 02:30:00,575.0
MAC000034,Std,2013-04-29 03:00:00,593.0
MAC000034,Std,2013-04-29 03:30:00,658.0
MAC000034,Std,2013-04-29 04:00:00,442.0
MAC000034,Std,2013-04-29 04:30:00,368.0
MAC000034,Std,2013-04-29 05:00:00,363.0
MAC000034,Std,2013-04-29 05:30:00,348.0
MAC000034,Std,2013-04-29 06:00:00,322.0
MAC000034,Std,2013-04-29 06:30:00,444.0
MAC000034,Std,2013-04-29 07:00:00,107.0
MAC000034,Std,2013-04-29 07:30:00,95.0
MAC000034,Std,2013-04-29 08:00:00,47.0
MAC000034,Std,2013-04-29 08:30:00,131.0
MAC000034,Std,2013-04-29 09:00:00,87.0
MAC000034,Std,2013-04-29 09:30:00,114.0
MAC000034,Std,2013-04-29 10:00:00,126.0
MAC000034,Std,2013-04-29 10:30:00,190.0
MAC000034,Std,2013-04-29 11:00:00,93.0
MAC000034,Std,2013-04-29 11:30:00,143.0
MAC000034,Std,2013-04-29 12:00:00,92.0
MAC000034,Std,2013-04-29 12:30:00,130.0
MAC000034,Std,2013-04-29 13:00:00,91.0
MAC000034,Std,2013-04-29 13:30:00,94.0
MAC000034,Std,2013-04-29 14:00:00,33.0
MAC000034,Std,2013-04-29 14:30:00,103.0
MAC000034,Std,2013-04-29 15:00:00,32.0
MAC000034,Std,2013-04-29 15:30:00,68.0
MAC000034,Std,2013-04-29 16:00:00,78.0
MAC000034,Std,2013-04-29 16:30:00,176.0
MAC000034,Std,2013-04-29 17:00:00,172.0
MAC000034,Std,2013-04-29 17:30:00,60.0
MAC000034,Std,2013-04-29 18:00:00,40.0
MAC000034,Std,2013-04-29 18:30:00,90.0
MAC000034,Std,2013-04-29 19:00:00,127.0
MAC000034,Std,2013-04-29 19:30:00,138.0
MAC000034,Std,2013-04-29 20:00:00,175.0
MAC000034,Std,2013-04-29 20:30:00,274.0
MAC000034,Std,2013-04-29 21:00:00,227.0
MAC000034,Std,2013-04-29 21:30:00,159.0
MAC000034,Std,2013-04-29 22:00:00,180.0
MAC000034,Std,2013-04-29 22:30:00,169.0
MAC000034,Std,2013-04-29 23:00:00,194.0
MAC000034,Std,2013-04-29 23:30:00,164.0
MAC000034,Std,2013-04-30 00:00:00,1128.9999
MAC000034,Std,2013-04-30 00:30:00,1173.0
MAC000034,Std,2013-04-30 01:00:00,1021.0
MAC000034,Std,2013-04-30 01:30:00,731.0
MAC000034,Std,2013-04-30 02:00:00,841.0
MAC000034,Std,2013-04-30 02:30:00,759.0
MAC000034,Std,2013-04-30 03:00:00,431.0
MAC000034,Std,2013-04-30 03:30:00,678.0
MAC000034,Std,2013-04-30 04:00:00,356.0
MAC000034,Std,2013-04-30 04:30:00,618.0
MAC000034,Std,2013-04-30 05:00:00,490.0
MAC000034,Std,2013-04-30 05:30:00,372.0
MAC000034,Std,2013-04-30 06:00:00,385.0
MAC000034,Std,2013-04-30 06:30:00,134.0
MAC000034,Std,2013-04-30 07:00:00,46.0
MAC000034,Std,2013-04-30 07:30:00,55.0
MAC000034,Std,2013-04-30 08:00:00,44.0
MAC000034,Std,2013-04-30 08:30:00,61.0
MAC000034,Std,2013-04-30 09:00:00,102.0
MAC000034,Std,2013-04-30 09:30:00,242.0
MAC000034,Std,2013-04-30 10:00:00,163.0
MAC000034,Std,2013-04-30 10:30:00,139.0
MAC000034,Std,2013-04-30 11:00:00,100.0
MAC000034,Std,2013-04-30 11:30:00,88.0
MAC000034,Std,2013-04-30 12:00:00,112.0
MAC000034,Std,2013-04-30 12:30:00,111.0
MAC000034,Std,2013-04-30 13:00:00,100.0
MAC000034,Std,2013-04-30 13:30:00,115.0
MAC000034,Std,2013-04-30 14:00:00,178.0
MAC000034,Std,2013-04-30 14:30:00,1943.0
MAC000034,Std,2013-04-30 15:00:00,97.0
MAC000034,Std,2013-04-30 15:30:00,66.0
MAC000034,Std,2013-04-30 16:00:00,31.0
MAC000034,Std,2013-04-30 16:30:00,67.0
MAC000034,Std,2013-04-30 17:00:00,27.0
MAC000034,Std,2013-04-30 17:30:00,67.0
MAC000034,Std,2013-04-30 18:00:00,173.0
MAC000034,Std,2013-04-30 18:30:00,166.0
MAC000034,Std,2013-04-30 19:00:00,176.0
MAC000034,Std,2013-04-30 19:30:00,185.0
MAC000034,Std,2013-04-30 20:00:00,159.0
MAC000034,Std,2013-04-30 20:30:00,165.0
MAC000034,Std,2013-04-30 21:00:00,176.0
MAC000034,Std,2013-04-30 21:30:00,144.0
MAC000034,Std,2013-04-30 22:00:00,183.0
MAC000034,Std,2013-04-30 22:30:00,236.0
MAC000034,Std,2013-04-30 23:00:00,201.0
MAC000034,Std,2013-04-30 23:30:00,246.0
MAC000034,Std,2013-05-01 00:00:00,1061.0
MAC000034,Std,2013-05-01 00:30:00,1188.0
MAC000034,Std,2013-05-01 01:00:00,515.0
MAC000034,Std,2013-05-01 01:30:00,904.0
MAC000034,Std,2013-05-01 02:00:00,701.0
MAC000034,Std,2013-05-01 02:30:00,883.0
MAC000034,Std,2013-05-01 03:00:00,471.0
MAC000034,Std,2013-05-01 03:30:00,813.0
MAC000034,Std,2013-05-01 04:00:00,455.0
MAC000034,Std,2013-05-01 04:30:00,522.0
MAC000034,Std,2013-05-01 05:00:00,387.0
MAC000034,Std,2013-05-01 05:30:00,520.0
MAC000034,Std,2013-05-01 06:00:00,53.0
MAC000034,Std,2013-05-01 06:30:00,372.0
MAC000034,Std,2013-05-01 07:00:00,104.0
MAC000034,Std,2013-05-01 07:30:00,105.0
MAC000034,Std,2013-05-01 08:00:00,120.0
MAC000034,Std,2013-05-01 08:30:00,178.0
MAC000034,Std,2013-05-01 09:00:00,146.0
MAC000034,Std,2013-05-01 09:30:00,79.0
MAC000034,Std,2013-05-01 10:00:00,47.0
MAC000034,Std,2013-05-01 10:30:00,51.0
MAC000034,Std,2013-05-01 11:00:00,47.0
MAC000034,Std,2013-05-01 11:30:00,111.0
MAC000034,Std,2013-05-01 12:00:00,103.0
MAC000034,Std,2013-05-01 12:30:00,63.0
MAC000034,Std,2013-05-01 13:00:00,43.0
MAC000034,Std,2013-05-01 13:30:00,54.0
MAC000034,Std,2013-05-01 14:00:00,42.0
MAC000034,Std,2013-05-01 14:30:00,55.0
MAC000034,Std,2013-05-01 15:00:00,42.0
MAC000034,Std,2013-05-01 15:30:00,58.0
MAC000034,Std,2013-05-01 16:00:00,91.0
MAC000034,Std,2013-05-01 16:30:00,124.0
MAC000034,Std,2013-05-01 17:00:00,152.0
MAC000034,Std,2013-05-01 17:30:00,68.0
MAC000034,Std,2013-05-01 18:00:00,57.0
MAC000034,Std,2013-05-01 18:30:00,109.0
MAC000034,Std,2013-05-01 19:00:00,118.0
MAC000034,Std,2013-05-01 19:30:00,122.0
MAC000034,Std,2013-05-01 20:00:00,233.0
MAC000034,Std,2013-05-01 20:30:00,216.0
MAC000034,Std,2013-05-01 21:00:00,259.0
MAC000034,Std,2013-05-01 21:30:00,187.0
MAC000034,Std,2013-05-01 22:00:00,141.0
MAC000034,Std,2013-05-01 22:30:00,161.0
MAC000034,Std,2013-05-01 23:00:00,190.0
MAC000034,Std,2013-05-01 23:30:00,61.0
MAC000034,Std,2013-05-02 00:00:00,1126.0
MAC000034,Std,2013-05-02 00:30:00,1174.0
MAC000034,Std,2013-05-02 01:00:00,732.0
MAC000034,Std,2013-05-02 01:30:00,1181.0
MAC000034,Std,2013-05-02 02:00:00,518.0
MAC000034,Std,2013-05-02 02:30:00,634.0
MAC000034,Std,2013-05-02 03:00:00,854.0
MAC000034,Std,2013-05-02 03:30:00,486.0
MAC000034,Std,2013-05-02 04:00:00,389.0
MAC000034,Std,2013-05-02 04:30:00,363.0
MAC000034,Std,2013-05-02 05:00:00,427.0
MAC000034,Std,2013-05-02 05:30:00,421.0
MAC000034,Std,2013-05-02 06:00:00,363.0
MAC000034,Std,2013-05-02 06:30:00,392.0
MAC000034,Std,2013-05-02 07:00:00,36.0
MAC000034,Std,2013-05-02 07:30:00,62.0
MAC000034,Std,2013-05-02 08:00:00,43.0
MAC000034,Std,2013-05-02 08:30:00,57.0
MAC000034,Std,2013-05-02 09:00:00,110.0
MAC000034,Std,2013-05-02 09:30:00,229.0
MAC000034,Std,2013-05-02 10:00:00,185.0
MAC000034,Std,2013-05-02 10:30:00,121.0
MAC000034,Std,2013-05-02 11:00:00,120.0
MAC000034,Std,2013-05-02 11:30:00,98.0
MAC000034,Std,2013-05-02 12:00:00,84.0
MAC000034,Std,2013-05-02 12:30:00,111.0
MAC000034,Std,2013-05-02 13:00:00,100.0
MAC000034,Std,2013-05-02 13:30:00,117.0
MAC000034,Std,2013-05-02 14:00:00,154.0
MAC000034,Std,2013-05-02 14:30:00,132.0
MAC000034,Std,2013-05-02 15:00:00,75.0
MAC000034,Std,2013-05-02 15:30:00,63.0
MAC000034,Std,2013-05-02 16:00:00,40.0
MAC000034,Std,2013-05-02 16:30:00,122.0
MAC000034,Std,2013-05-02 17:00:00,72.0
MAC000034,Std,2013-05-02 17:30:00,52.0
MAC000034,Std,2013-05-02 18:00:00,51.0
MAC000034,Std,2013-05-02 18:30:00,120.0
MAC000034,Std,2013-05-02 19:00:00,168.0
MAC000034,Std,2013-05-02 19:30:00,184.0
MAC000034,Std,2013-05-02 20:00:00,138.0
MAC000034,Std,2013-05-02 20:30:00,168.0
MAC000034,Std,2013-05-02 21:00:00,137.0
MAC000034,Std,2013-05-02 21:30:00,207.0
MAC000034,Std,2013-05-02 22:00:00,262.0
MAC000034,Std,2013-05-02 22:30:00,318.0
MAC000034,Std,2013-05-02 23:00:00,292.0
MAC000034,Std,2013-05-02 23:30:00,228.0
MAC000034,Std,2013-05-03 00:00:00,1226.0
MAC000034,Std,2013-05-03 00:30:00,588.0
MAC000034,Std,2013-05-03 01:00:00,1174.0
MAC000034,Std,2013-05-03 01:30:00,494.0
MAC000034,Std,2013-05-03 02:00:00,903.0
MAC000034,Std,2013-05-03 02:30:00,711.0
MAC000034,Std,2013-05-03 03:00:00,791.0
MAC000034,Std,2013-05-03 03:30:00,423.0
MAC000034,Std,2013-05-03 04:00:00,432.0
MAC000034,Std,2013-05-03 04:30:00,403.0
MAC000034,Std,2013-05-03 05:00:00,379.0
MAC000034,Std,2013-05-03 05:30:00,383.0
MAC000034,Std,2013-05-03 06:00:00,333.0
MAC000034,Std,2013-05-03 06:30:00,379.0
MAC000034,Std,2013-05-03 07:00:00,37.0
MAC000034,Std,2013-05-03 07:30:00,73.0
MAC000034,Std,2013-05-03 08:00:00,110.0
MAC000034,Std,2013-05-03 08:30:00,103.0
MAC000034,Std,2013-05-03 09:00:00,124.0
MAC000034,Std,2013-05-03 09:30:00,91.0
MAC000034,Std,2013-05-03 10:00:00,114.0
MAC000034,Std,2013-05-03 10:30:00,212.0
MAC000034,Std,2013-05-03 11:00:00,102.0
MAC000034,Std,2013-05-03 11:30:00,86.0
MAC000034,Std,2013-05-03 12:00:00,142.0
MAC000034,Std,2013-05-03 12:30:00,198.0
MAC000034,Std,2013-05-03 13:00:00,152.0
MAC000034,Std,2013-05-03 13:30:00,112.0
MAC000034,Std,2013-05-03 14:00:00,44.0
MAC000034,Std,2013-05-03 14:30:00,55.0
MAC000034,Std,2013-05-03 15:00:00,47.0
MAC000034,Std,2013-05-03 15:30:00,86.0
MAC000034,Std,2013-05-03 16:00:00,47.0
MAC000034,Std,2013-05-03 16:30:00,71.0
MAC000034,Std,2013-05-03 17:00:00,202.0
MAC000034,Std,2013-05-03 17:30:00,121.0
MAC000034,Std,2013-05-03 18:00:00,38.0
MAC000034,Std,2013-05-03 18:30:00,108.0
MAC000034,Std,2013-05-03 19:00:00,93.0
MAC000034,Std,2013-05-03 19:30:00,136.0
MAC000034,Std,2013-05-03 20:00:00,159.0
MAC000034,Std,2013-05-03 20:30:00,142.0
MAC000034,Std,2013-05-03 21:00:00,219.0
MAC000034,Std,2013-05-03 21:30:00,206.0
MAC000034,Std,2013-05-03 22:00:00,239.0
MAC000034,Std,2013-05-03 22:30:00,185.0
MAC000034,Std,2013-05-03 23:00:00,210.0
MAC000034,Std,2013-05-03 23:30:00,144.0
MAC000034,Std,2013-05-04 00:00:00,1132.0
MAC000034,Std,2013-05-04 00:30:00,882.0
MAC000034,Std,2013-05-04 01:00:00,810.0
MAC000034,Std,2013-05-04 01:30:00,1003.0
MAC000034,Std,2013-05-04 02:00:00,579.0
MAC000034,Std,2013-05-04 02:30:00,908.0
MAC000034,Std,2013-05-04 03:00:00,469.0
MAC000034,Std,2013-05-04 03:30:00,404.0
MAC000034,Std,2013-05-04 04:00:00,514.0
MAC000034,Std,2013-05-04 04:30:00,642.0
MAC000034,Std,2013-05-04 05:00:00,354.0
MAC000034,Std,2013-05-04 05:30:00,450.0
MAC000034,Std,2013-05-04 06:00:00,427.0
MAC000034,Std,2013-05-04 06:30:00,460.0
MAC000034,Std,2013-05-04 07:00:00,36.0
MAC000034,Std,2013-05-04 07:30:00,65.0
MAC000034,Std,2013-05-04 08:00:00,33.0
MAC000034,Std,2013-05-04 08:30:00,64.0
MAC000034,Std,2013-05-04 09:00:00,37.0
MAC000034,Std,2013-05-04 09:30:00,117.0
MAC000034,Std,2013-05-04 10:00:00,157.0
MAC000034,Std,2013-05-04 10:30:00,270.0
MAC000034,Std,2013-05-04 11:00:00,127.0
MAC000034,Std,2013-05-04 11:30:00,117.0
MAC000034,Std,2013-05-04 12:00:00,138.0
MAC000034,Std,2013-05-04 12:30:00,42.0
MAC000034,Std,2013-05-04 13:00:00,60.0
MAC000034,Std,2013-05-04 13:30:00,37.0
MAC000034,Std,2013-05-04 14:00:00,79.0
MAC000034,Std,2013-05-04 14:30:00,95.0
MAC000034,Std,2013-05-04 15:00:00,124.0
MAC000034,Std,2013-05-04 15:30:00,35.0
MAC000034,Std,2013-05-04 16:00:00,68.0
MAC000034,Std,2013-05-04 16:30:00,34.0
MAC000034,Std,2013-05-04 17:00:00,67.0
MAC000034,Std,2013-05-04 17:30:00,130.0
MAC000034,Std,2013-05-04 18:00:00,119.0
MAC000034,Std,2013-05-04 18:30:00,124.0
MAC000034,Std,2013-05-04 19:00:00,179.0
MAC000034,Std,2013-05-04 19:30:00,186.0
MAC000034,Std,2013-05-04 20:00:00,191.0
MAC000034,Std,2013-05-04 20:30:00,167.0
MAC000034,Std,2013-05-04 21:00:00,167.0
MAC000034,Std,2013-05-04 21:30:00,167.0
MAC000034,Std,2013-05-04 22:00:00,185.0
MAC000034,Std,2013-05-04 22:30:00,184.0
MAC000034,Std,2013-05-04 23:00:00,226.0
MAC000034,Std,2013-05-04 23:30:00,194.0
MAC000034,Std,2013-05-05 00:00:00,1109.0
MAC000034,Std,2013-05-05 00:30:00,1143.0
MAC000034,Std,2013-05-05 01:00:00,633.0
MAC000034,Std,2013-05-05 01:30:00,932.0
MAC000034,Std,2013-05-05 02:00:00,630.0
MAC000034,Std,2013-05-05 02:30:00,826.0
MAC000034,Std,2013-05-05 03:00:00,509.0
MAC000034,Std,2013-05-05 03:30:00,562.0
MAC000034,Std,2013-05-05 04:00:00,836.0
MAC000034,Std,2013-05-05 04:30:00,416.0
MAC000034,Std,2013-05-05 05:00:00,420.0
MAC000034,Std,2013-05-05 05:30:00,451.0
MAC000034,Std,2013-05-05 06:00:00,56.0
MAC000034,Std,2013-05-05 06:30:00,456.0
MAC000034,Std,2013-05-05 07:00:00,54.0
MAC000034,Std,2013-05-05 07:30:00,101.0
MAC000034,Std,2013-05-05 08:00:00,118.0
MAC000034,Std,2013-05-05 08:30:00,57.0
MAC000034,Std,2013-05-05 09:00:00,167.0
MAC000034,Std,2013-05-05 09:30:00,91.0
MAC000034,Std,2013-05-05 10:00:00,125.0
MAC000034,Std,2013-05-05 10:30:00,181.0
MAC000034,Std,2013-05-05 11:00:00,125.0
MAC000034,Std,2013-05-05 11:30:00,99.0
MAC000034,Std,2013-05-05 12:00:00,190.0
MAC000034,Std,2013-05-05 12:30:00,141.0
MAC000034,Std,2013-05-05 13:00:00,73.0
MAC000034,Std,2013-05-05 13:30:00,58.0
MAC000034,Std,2013-05-05 14:00:00,124.0
MAC000034,Std,2013-05-05 14:30:00,101.0
MAC000034,Std,2013-05-05 15:00:00,38.0
MAC000034,Std,2013-05-05 15:30:00,81.0
MAC000034,Std,2013-05-05 16:00:00,84.0
MAC000034,Std,2013-05-05 16:30:00,126.0
MAC000034,Std,2013-05-05 17:00:00,181.0
MAC000034,Std,2013-05-05 17:30:00,56.0
MAC000034,Std,2013-05-05 18:00:00,67.0
MAC000034,Std,2013-05-05 18:30:00,69.0
MAC000034,Std,2013-05-05 19:00:00,147.0
MAC000034,Std,2013-05-05 19:30:00,108.0
MAC000034,Std,2013-05-05 20:00:00,190.0
MAC000034,Std,2013-05-05 20:30:00,214.0
MAC000034,Std,2013-05-05 21:00:00,203.0
MAC000034,Std,2013-05-05 21:30:00,167.0
MAC000034,Std,2013-05-05 22:00:00,134.0
MAC000034,Std,2013-05-05 22:30:00,239.0
MAC000034,Std,2013-05-05 23:00:00,201.0
MAC000034,Std,2013-05-05 23:30:00,65.0
MAC000034,Std,2013-05-06 00:00:00,966.0
MAC000034,Std,2013-05-06 00:30:00,1127.0
MAC000034,Std,2013-05-06 01:00:00,798.0
MAC000034,Std,2013-05-06 01:30:00,815.0
MAC000034,Std,2013-05-06 02:00:00,720.0
MAC000034,Std,2013-05-06 02:30:00,440.0
MAC000034,Std,2013-05-06 03:00:00,668.0
MAC000034,Std,2013-05-06 03:30:00,503.0
MAC000034,Std,2013-05-06 04:00:00,438.0
MAC000034,Std,2013-05-06 04:30:00,507.0
MAC000034,Std,2013-05-06 05:00:00,495.0
MAC000034,Std,2013-05-06 05:30:00,488.0
MAC000034,Std,2013-05-06 06:00:00,63.0
MAC000034,Std,2013-05-06 06:30:00,334.0
MAC000034,Std,2013-05-06 07:00:00,58.0
MAC000034,Std,2013-05-06 07:30:00,52.0
MAC000034,Std,2013-05-06 08:00:00,46.0
MAC000034,Std,2013-05-06 08:30:00,58.0
MAC000034,Std,2013-05-06 09:00:00,128.0
MAC000034,Std,2013-05-06 09:30:00,256.0
MAC000034,Std,2013-05-06 10:00:00,158.0
MAC000034,Std,2013-05-06 10:30:00,126.0
MAC000034,Std,2013-05-06 11:00:00,218.0
MAC000034,Std,2013-05-06 11:30:00,111.0
MAC000034,Std,2013-05-06 12:00:00,52.0
MAC000034,Std,2013-05-06 12:30:00,49.0
MAC000034,Std,2013-05-06 13:00:00,72.0
MAC000034,Std,2013-05-06 13:30:00,96.0
MAC000034,Std,2013-05-06 14:00:00,125.0
MAC000034,Std,2013-05-06 14:30:00,74.0
MAC000034,Std,2013-05-06 15:00:00,38.0
MAC000034,Std,2013-05-06 15:30:00,64.0
MAC000034,Std,2013-05-06 16:00:00,48.0
MAC000034,Std,2013-05-06 16:30:00,48.0
MAC000034,Std,2013-05-06 17:00:00,64.0
MAC000034,Std,2013-05-06 17:30:00,94.0
MAC000034,Std,2013-05-06 18:00:00,106.0
MAC000034,Std,2013-05-06 18:30:00,103.0
MAC000034,Std,2013-05-06 19:00:00,47.0
MAC000034,Std,2013-05-06 19:30:00,55.0
MAC000034,Std,2013-05-06 20:00:00,99.0
MAC000034,Std,2013-05-06 20:30:00,67.0
MAC000034,Std,2013-05-06 21:00:00,126.0
MAC000034,Std,2013-05-06 21:30:00,190.0
MAC000034,Std,2013-05-06 22:00:00,217.0
MAC000034,Std,2013-05-06 22:30:00,238.0
MAC000034,Std,2013-05-06 23:00:00,177.0
MAC000034,Std,2013-05-06 23:30:00,159.0
MAC000034,Std,2013-05-07 00:00:00,1069.0
MAC000034,Std,2013-05-07 00:30:00,919.0
MAC000034,Std,2013-05-07 01:00:00,724.0
MAC000034,Std,2013-05-07 01:30:00,1103.0
MAC000034,Std,2013-05-07 02:00:00,561.0
MAC000034,Std,2013-05-07 02:30:00,540.0
MAC000034,Std,2013-05-07 03:00:00,652.0
MAC000034,Std,2013-05-07 03:30:00,485.0
MAC000034,Std,2013-05-07 04:00:00,565.0
MAC000034,Std,2013-05-07 04:30:00,389.0
MAC000034,Std,2013-05-07 05:00:00,205.0
MAC000034,Std,2013-05-07 05:30:00,307.0
MAC000034,Std,2013-05-07 06:00:00,481.0
MAC000034,Std,2013-05-07 06:30:00,384.0
MAC000034,Std,2013-05-07 07:00:00,122.0
MAC000034,Std,2013-05-07 07:30:00,65.0
MAC000034,Std,2013-05-07 08:00:00,48.0
MAC000034,Std,2013-05-07 08:30:00,85.0
MAC000034,Std,2013-05-07 09:00:00,91.0
MAC000034,Std,2013-05-07 09:30:00,220.0
MAC000034,Std,2013-05-07 10:00:00,127.0
MAC000034,Std,2013-05-07 10:30:00,146.0
MAC000034,Std,2013-05-07 11:00:00,212.0
MAC000034,Std,2013-05-07 11:30:00,88.0
MAC000034,Std,2013-05-07 12:00:00,81.0
MAC000034,Std,2013-05-07 12:30:00,51.0
MAC000034,Std,2013-05-07 13:00:00,49.0
MAC000034,Std,2013-05-07 13:30:00,65.0
MAC000034,Std,2013-05-07 14:00:00,36.0
MAC000034,Std,2013-05-07 14:30:00,78.0
MAC000034,Std,2013-05-07 15:00:00,127.0
MAC000034,Std,2013-05-07 15:30:00,90.0
MAC000034,Std,2013-05-07 16:00:00,88.0
MAC000034,Std,2013-05-07 16:30:00,64.0
MAC000034,Std,2013-05-07 17:00:00,123.0
MAC000034,Std,2013-05-07 17:30:00,66.0
MAC000034,Std,2013-05-07 18:00:00,64.0
MAC000034,Std,2013-05-07 18:30:00,35.0
MAC000034,Std,2013-05-07 19:00:00,158.0
MAC000034,Std,2013-05-07 19:30:00,190.0
MAC000034,Std,2013-05-07 20:00:00,200.0
MAC000034,Std,2013-05-07 20:30:00,153.0
MAC000034,Std,2013-05-07 21:00:00,173.0
MAC000034,Std,2013-05-07 21:30:00,150.0
MAC000034,Std,2013-05-07 22:00:00,150.0
MAC000034,Std,2013-05-07 22:30:00,168.0
MAC000034,Std,2013-05-07 23:00:00,196.0
MAC000034,Std,2013-05-07 23:30:00,289.0
MAC000034,Std,2013-05-08 00:00:00,1182.0
MAC000034,Std,2013-05-08 00:30:00,946.0
MAC000034,Std,2013-05-08 01:00:00,749.0
MAC000034,Std,2013-05-08 01:30:00,825.0
MAC000034,Std,2013-05-08 02:00:00,464.0
MAC000034,Std,2013-05-08 02:30:00,845.0
MAC000034,Std,2013-05-08 03:00:00,634.0
MAC000034,Std,2013-05-08 03:30:00,679.0
MAC000034,Std,2013-05-08 04:00:00,552.0
MAC000034,Std,2013-05-08 04:30:00,345.0
MAC000034,Std,2013-05-08 05:00:00,120.0
MAC000034,Std,2013-05-08 05:30:00,429.0
MAC000034,Std,2013-05-08 06:00:00,358.0
MAC000034,Std,2013-05-08 06:30:00,54.0
MAC000034,Std,2013-05-08 07:00:00,67.0
MAC000034,Std,2013-05-08 07:30:00,95.0
MAC000034,Std,2013-05-08 08:00:00,121.0
MAC000034,Std,2013-05-08 08:30:00,93.0
MAC000034,Std,2013-05-08 09:00:00,95.0
MAC000034,Std,2013-05-08 09:30:00,132.0
MAC000034,Std,2013-05-08 10:00:00,117.0
MAC000034,Std,2013-05-08 10:30:00,197.0
MAC000034,Std,2013-05-08 11:00:00,123.0
MAC000034,Std,2013-05-08 11:30:00,134.0
MAC000034,Std,2013-05-08 12:00:00,1308.0
MAC000034,Std,2013-05-08 12:30:00,552.0
MAC000034,Std,2013-05-08 13:00:00,127.0
MAC000034,Std,2013-05-08 13:30:00,123.0
MAC000034,Std,2013-05-08 14:00:00,116.0
MAC000034,Std,2013-05-08 14:30:00,92.0
MAC000034,Std,2013-05-08 15:00:00,124.0
MAC000034,Std,2013-05-08 15:30:00,129.0
MAC000034,Std,2013-05-08 16:00:00,183.0
MAC000034,Std,2013-05-08 16:30:00,314.0
MAC000034,Std,2013-05-08 17:00:00,199.0
MAC000034,Std,2013-05-08 17:30:00,153.0
MAC000034,Std,2013-05-08 18:00:00,161.0
MAC000034,Std,2013-05-08 18:30:00,176.0
MAC000034,Std,2013-05-08 19:00:00,167.0
MAC000034,Std,2013-05-08 19:30:00,176.0
MAC000034,Std,2013-05-08 20:00:00,231.0
MAC000034,Std,2013-05-08 20:30:00,212.0
MAC000034,Std,2013-05-08 21:00:00,227.0
MAC000034,Std,2013-05-08 21:30:00,179.0
MAC000034,Std,2013-05-08 22:00:00,180.0
MAC000034,Std,2013-05-08 22:30:00,144.0
MAC000034,Std,2013-05-08 23:00:00,177.0
MAC000034,Std,2013-05-08 23:30:00,145.0
MAC000034,Std,2013-05-09 00:00:00,1110.9999
MAC000034,Std,2013-05-09 00:30:00,124.0
MAC000034,Std,2013-05-09 01:00:00,467.0
MAC000034,Std,2013-05-09 01:30:00,380.0
MAC000034,Std,2013-05-09 02:00:00,497.0
MAC000034,Std,2013-05-09 02:30:00,319.0
MAC000034,Std,2013-05-09 03:00:00,115.0
MAC000034,Std,2013-05-09 03:30:00,314.0
MAC000034,Std,2013-05-09 04:00:00,325.0
MAC000034,Std,2013-05-09 04:30:00,133.0
MAC000034,Std,2013-05-09 05:00:00,387.0
MAC000034,Std,2013-05-09 05:30:00,56.0
MAC000034,Std,2013-05-09 06:00:00,325.0
MAC000034,Std,2013-05-09 06:30:00,48.0
MAC000034,Std,2013-05-09 07:00:00,52.0
MAC000034,Std,2013-05-09 07:30:00,61.0
MAC000034,Std,2013-05-09 08:00:00,32.0
MAC000034,Std,2013-05-09 08:30:00,118.0
MAC000034,Std,2013-05-09 09:00:00,254.0
MAC000034,Std,2013-05-09 09:30:00,159.0
MAC000034,Std,2013-05-09 10:00:00,152.0
MAC000034,Std,2013-05-09 10:30:00,92.0
MAC000034,Std,2013-05-09 11:00:00,125.0
MAC000034,Std,2013-05-09 11:30:00,100.0
MAC000034,Std,2013-05-09 12:00:00,81.0
MAC000034,Std,2013-05-09 12:30:00,123.0
MAC000034,Std,2013-05-09 13:00:00,141.0
MAC000034,Std,2013-05-09 13:30:00,184.0
MAC000034,Std,2013-05-09 14:00:00,165.0
MAC000034,Std,2013-05-09 14:30:00,103.0
MAC000034,Std,2013-05-09 15:00:00,66.0
MAC000034,Std,2013-05-09 15:30:00,51.0
MAC000034,Std,2013-05-09 16:00:00,47.0
MAC000034,Std,2013-05-09 16:30:00,65.0
MAC000034,Std,2013-05-09 17:00:00,232.0
MAC000034,Std,2013-05-09 17:30:00,180.0
MAC000034,Std,2013-05-09 18:00:00,173.0
MAC000034,Std,2013-05-09 18:30:00,167.0
MAC000034,Std,2013-05-09 19:00:00,194.0
MAC000034,Std,2013-05-09 19:30:00,195.0
MAC000034,Std,2013-05-09 20:00:00,190.0
MAC000034,Std,2013-05-09 20:30:00,178.0
MAC000034,Std,2013-05-09 21:00:00,187.0
MAC000034,Std,2013-05-09 21:30:00,254.0
MAC000034,Std,2013-05-09 22:00:00,235.0
MAC000034,Std,2013-05-09 22:30:00,209.0
MAC000034,Std,2013-05-09 23:00:00,187.0
MAC000034,Std,2013-05-09 23:30:00,121.0
MAC000034,Std,2013-05-10 00:00:00,942.0
MAC000034,Std,2013-05-10 00:30:00,645.0
MAC000034,Std,2013-05-10 01:00:00,537.0
MAC000034,Std,2013-05-10 01:30:00,649.0
MAC000034,Std,2013-05-10 02:00:00,821.0
MAC000034,Std,2013-05-10 02:30:00,484.0
MAC000034,Std,2013-05-10 03:00:00,490.0
MAC000034,Std,2013-05-10 03:30:00,526.0
MAC000034,Std,2013-05-10 04:00:00,339.0
MAC000034,Std,2013-05-10 04:30:00,302.0
MAC000034,Std,2013-05-10 05:00:00,320.0
MAC000034,Std,2013-05-10 05:30:00,198.0
MAC000034,Std,2013-05-10 06:00:00,236.0
MAC000034,Std,2013-05-10 06:30:00,400.0
MAC000034,Std,2013-05-10 07:00:00,115.0
MAC000034,Std,2013-05-10 07:30:00,41.0
MAC000034,Std,2013-05-10 08:00:00,51.0
MAC000034,Std,2013-05-10 08:30:00,89.0
MAC000034,Std,2013-05-10 09:00:00,87.0
MAC000034,Std,2013-05-10 09:30:00,122.0
MAC000034,Std,2013-05-10 10:00:00,200.0
MAC000034,Std,2013-05-10 10:30:00,139.0
MAC000034,Std,2013-05-10 11:00:00,242.0
MAC000034,Std,2013-05-10 11:30:00,159.0
MAC000034,Std,2013-05-10 12:00:00,200.0
MAC000034,Std,2013-05-10 12:30:00,133.0
MAC000034,Std,2013-05-10 13:00:00,123.0
MAC000034,Std,2013-05-10 13:30:00,91.0
MAC000034,Std,2013-05-10 14:00:00,62.0
MAC000034,Std,2013-05-10 14:30:00,58.0
MAC000034,Std,2013-05-10 15:00:00,90.0
MAC000034,Std,2013-05-10 15:30:00,123.0
MAC000034,Std,2013-05-10 16:00:00,71.0
MAC000034,Std,2013-05-10 16:30:00,165.0
MAC000034,Std,2013-05-10 17:00:00,118.0
MAC000034,Std,2013-05-10 17:30:00,87.0
MAC000034,Std,2013-05-10 18:00:00,115.0
MAC000034,Std,2013-05-10 18:30:00,118.0
MAC000034,Std,2013-05-10 19:00:00,154.0
MAC000034,Std,2013-05-10 19:30:00,247.0
MAC000034,Std,2013-05-10 20:00:00,222.0
MAC000034,Std,2013-05-10 20:30:00,178.0
MAC000034,Std,2013-05-10 21:00:00,136.0
MAC000034,Std,2013-05-10 21:30:00,181.0
MAC000034,Std,2013-05-10 22:00:00,183.0
MAC000034,Std,2013-05-10 22:30:00,147.0
MAC000034,Std,2013-05-10 23:00:00,180.0
MAC000034,Std,2013-05-10 23:30:00,181.0
MAC000034,Std,2013-05-11 00:00:00,908.0
MAC000034,Std,2013-05-11 00:30:00,722.0
MAC000034,Std,2013-05-11 01:00:00,579.0
MAC000034,Std,2013-05-11 01:30:00,804.0
MAC000034,Std,2013-05-11 02:00:00,396.0
MAC000034,Std,2013-05-11 02:30:00,459.0
MAC000034,Std,2013-05-11 03:00:00,713.0
MAC000034,Std,2013-05-11 03:30:00,370.0
MAC000034,Std,2013-05-11 04:00:00,282.0
MAC000034,Std,2013-05-11 04:30:00,388.0
MAC000034,Std,2013-05-11 05:00:00,391.0
MAC000034,Std,2013-05-11 05:30:00,329.0
MAC000034,Std,2013-05-11 06:00:00,33.0
MAC000034,Std,2013-05-11 06:30:00,317.0
MAC000034,Std,2013-05-11 07:00:00,41.0
MAC000034,Std,2013-05-11 07:30:00,55.0
MAC000034,Std,2013-05-11 08:00:00,48.0
MAC000034,Std,2013-05-11 08:30:00,106.0
MAC000034,Std,2013-05-11 09:00:00,154.0
MAC000034,Std,2013-05-11 09:30:00,105.0
MAC000034,Std,2013-05-11 10:00:00,125.0
MAC000034,Std,2013-05-11 10:30:00,170.0
MAC000034,Std,2013-05-11 11:00:00,117.0
MAC000034,Std,2013-05-11 11:30:00,103.0
MAC000034,Std,2013-05-11 12:00:00,115.0
MAC000034,Std,2013-05-11 12:30:00,114.0
MAC000034,Std,2013-05-11 13:00:00,120.0
MAC000034,Std,2013-05-11 13:30:00,179.0
MAC000034,Std,2013-05-11 14:00:00,133.0
MAC000034,Std,2013-05-11 14:30:00,97.0
MAC000034,Std,2013-05-11 15:00:00,118.0
MAC000034,Std,2013-05-11 15:30:00,137.0
MAC000034,Std,2013-05-11 16:00:00,54.0
MAC000034,Std,2013-05-11 16:30:00,66.0
MAC000034,Std,2013-05-11 17:00:00,110.0
MAC000034,Std,2013-05-11 17:30:00,287.0
MAC000034,Std,2013-05-11 18:00:00,188.0
MAC000034,Std,2013-05-11 18:30:00,131.0
MAC000034,Std,2013-05-11 19:00:00,111.0
MAC000034,Std,2013-05-11 19:30:00,117.0
MAC000034,Std,2013-05-11 20:00:00,165.0
MAC000034,Std,2013-05-11 20:30:00,169.0
MAC000034,Std,2013-05-11 21:00:00,160.0
MAC000034,Std,2013-05-11 21:30:00,170.0
MAC000034,Std,2013-05-11 22:00:00,232.0
MAC000034,Std,2013-05-11 22:30:00,235.0
MAC000034,Std,2013-05-11 23:00:00,213.0
MAC000034,Std,2013-05-11 23:30:00,209.0
MAC000034,Std,2013-05-12 00:00:00,1082.9998999999998
MAC000034,Std,2013-05-12 00:30:00,855.0
MAC000034,Std,2013-05-12 01:00:00,628.0
MAC000034,Std,2013-05-12 01:30:00,573.0
MAC000034,Std,2013-05-12 02:00:00,673.0
MAC000034,Std,2013-05-12 02:30:00,552.0
MAC000034,Std,2013-05-12 03:00:00,739.0
MAC000034,Std,2013-05-12 03:30:00,534.0
MAC000034,Std,2013-05-12 04:00:00,335.0
MAC000034,Std,2013-05-12 04:30:00,332.0
MAC000034,Std,2013-05-12 05:00:00,350.0
MAC000034,Std,2013-05-12 05:30:00,378.0
MAC000034,Std,2013-05-12 06:00:00,100.0
MAC000034,Std,2013-05-12 06:30:00,338.0
MAC000034,Std,2013-05-12 07:00:00,92.0
MAC000034,Std,2013-05-12 07:30:00,107.0
MAC000034,Std,2013-05-12 08:00:00,46.0
MAC000034,Std,2013-05-12 08:30:00,51.0
MAC000034,Std,2013-05-12 09:00:00,215.0
MAC000034,Std,2013-05-12 09:30:00,93.0
MAC000034,Std,2013-05-12 10:00:00,135.0
MAC000034,Std,2013-05-12 10:30:00,106.0
MAC000034,Std,2013-05-12 11:00:00,138.0
MAC000034,Std,2013-05-12 11:30:00,223.0
MAC000034,Std,2013-05-12 12:00:00,140.0
MAC000034,Std,2013-05-12 12:30:00,69.0
MAC000034,Std,2013-05-12 13:00:00,37.0
MAC000034,Std,2013-05-12 13:30:00,61.0
MAC000034,Std,2013-05-12 14:00:00,56.0
MAC000034,Std,2013-05-12 14:30:00,37.0
MAC000034,Std,2013-05-12 15:00:00,67.0
MAC000034,Std,2013-05-12 15:30:00,50.0
MAC000034,Std,2013-05-12 16:00:00,119.0
MAC000034,Std,2013-05-12 16:30:00,112.0
MAC000034,Std,2013-05-12 17:00:00,130.0
MAC000034,Std,2013-05-12 17:30:00,77.0
MAC000034,Std,2013-05-12 18:00:00,51.0
MAC000034,Std,2013-05-12 18:30:00,124.0
MAC000034,Std,2013-05-12 19:00:00,166.0
MAC000034,Std,2013-05-12 19:30:00,132.0
MAC000034,Std,2013-05-12 20:00:00,185.0
MAC000034,Std,2013-05-12 20:30:00,195.0
MAC000034,Std,2013-05-12 21:00:00,227.0
MAC000034,Std,2013-05-12 21:30:00,146.0
MAC000034,Std,2013-05-12 22:00:00,221.0
MAC000034,Std,2013-05-12 22:30:00,213.0
MAC000034,Std,2013-05-12 23:00:00,226.0
MAC000034,Std,2013-05-12 23:30:00,152.0
MAC000034,Std,2013-05-13 00:00:00,784.0
MAC000034,Std,2013-05-13 00:30:00,941.0
MAC000034,Std,2013-05-13 01:00:00,570.0
MAC000034,Std,2013-05-13 01:30:00,577.0
MAC000034,Std,2013-05-13 02:00:00,472.0
MAC000034,Std,2013-05-13 02:30:00,498.0
MAC000034,Std,2013-05-13 03:00:00,556.0
MAC000034,Std,2013-05-13 03:30:00,195.0
MAC000034,Std,2013-05-13 04:00:00,498.0
MAC000034,Std,2013-05-13 04:30:00,322.0
MAC000034,Std,2013-05-13 05:00:00,134.0
MAC000034,Std,2013-05-13 05:30:00,450.0
MAC000034,Std,2013-05-13 06:00:00,125.0
MAC000034,Std,2013-05-13 06:30:00,451.0
MAC000034,Std,2013-05-13 07:00:00,70.0
MAC000034,Std,2013-05-13 07:30:00,33.0
MAC000034,Std,2013-05-13 08:00:00,66.0
MAC000034,Std,2013-05-13 08:30:00,37.0
MAC000034,Std,2013-05-13 09:00:00,102.0
MAC000034,Std,2013-05-13 09:30:00,100.0
MAC000034,Std,2013-05-13 10:00:00,213.0
MAC000034,Std,2013-05-13 10:30:00,213.0
MAC000034,Std,2013-05-13 11:00:00,125.0
MAC000034,Std,2013-05-13 11:30:00,120.0
MAC000034,Std,2013-05-13 12:00:00,1226.0
MAC000034,Std,2013-05-13 12:30:00,795.0
MAC000034,Std,2013-05-13 13:00:00,105.0
MAC000034,Std,2013-05-13 13:30:00,126.0
MAC000034,Std,2013-05-13 14:00:00,96.0
MAC000034,Std,2013-05-13 14:30:00,97.0
MAC000034,Std,2013-05-13 15:00:00,125.0
MAC000034,Std,2013-05-13 15:30:00,94.0
MAC000034,Std,2013-05-13 16:00:00,29.0
MAC000034,Std,2013-05-13 16:30:00,67.0
MAC000034,Std,2013-05-13 17:00:00,222.0
MAC000034,Std,2013-05-13 17:30:00,115.0
MAC000034,Std,2013-05-13 18:00:00,116.0
MAC000034,Std,2013-05-13 18:30:00,135.0
MAC000034,Std,2013-05-13 19:00:00,207.0
MAC000034,Std,2013-05-13 19:30:00,193.0
MAC000034,Std,2013-05-13 20:00:00,228.0
MAC000034,Std,2013-05-13 20:30:00,167.0
MAC000034,Std,2013-05-13 21:00:00,165.0
MAC000034,Std,2013-05-13 21:30:00,166.0
MAC000034,Std,2013-05-13 22:00:00,143.0
MAC000034,Std,2013-05-13 22:30:00,158.0
MAC000034,Std,2013-05-13 23:00:00,203.0
MAC000034,Std,2013-05-13 23:30:00,122.0
MAC000034,Std,2013-05-14 00:00:00,836.0
MAC000034,Std,2013-05-14 00:30:00,850.0
MAC000034,Std,2013-05-14 01:00:00,482.0
MAC000034,Std,2013-05-14 01:30:00,498.0
MAC000034,Std,2013-05-14 02:00:00,683.0
MAC000034,Std,2013-05-14 02:30:00,519.0
MAC000034,Std,2013-05-14 03:00:00,523.0
MAC000034,Std,2013-05-14 03:30:00,389.0
MAC000034,Std,2013-05-14 04:00:00,524.0
MAC000034,Std,2013-05-14 04:30:00,498.0
MAC000034,Std,2013-05-14 05:00:00,75.0
MAC000034,Std,2013-05-14 05:30:00,310.0
MAC000034,Std,2013-05-14 06:00:00,387.0
MAC000034,Std,2013-05-14 06:30:00,37.0
MAC000034,Std,2013-05-14 07:00:00,65.0
MAC000034,Std,2013-05-14 07:30:00,69.0
MAC000034,Std,2013-05-14 08:00:00,225.0
MAC000034,Std,2013-05-14 08:30:00,251.0
MAC000034,Std,2013-05-14 09:00:00,73.0
MAC000034,Std,2013-05-14 09:30:00,52.0
MAC000034,Std,2013-05-14 10:00:00,44.0
MAC000034,Std,2013-05-14 10:30:00,62.0
MAC000034,Std,2013-05-14 11:00:00,34.0
MAC000034,Std,2013-05-14 11:30:00,67.0
MAC000034,Std,2013-05-14 12:00:00,37.0
MAC000034,Std,2013-05-14 12:30:00,184.0
MAC000034,Std,2013-05-14 13:00:00,169.0
MAC000034,Std,2013-05-14 13:30:00,124.0
MAC000034,Std,2013-05-14 14:00:00,115.0
MAC000034,Std,2013-05-14 14:30:00,73.0
MAC000034,Std,2013-05-14 15:00:00,66.0
MAC000034,Std,2013-05-14 15:30:00,30.0
MAC000034,Std,2013-05-14 16:00:00,84.0
MAC000034,Std,2013-05-14 16:30:00,247.0
MAC000034,Std,2013-05-14 17:00:00,179.0
MAC000034,Std,2013-05-14 17:30:00,172.0
MAC000034,Std,2013-05-14 18:00:00,120.0
MAC000034,Std,2013-05-14 18:30:00,116.0
MAC000034,Std,2013-05-14 19:00:00,135.0
MAC000034,Std,2013-05-14 19:30:00,126.0
MAC000034,Std,2013-05-14 20:00:00,215.0
MAC000034,Std,2013-05-14 20:30:00,266.0
MAC000034,Std,2013-05-14 21:00:00,250.0
MAC000034,Std,2013-05-14 21:30:00,233.0
MAC000034,Std,2013-05-14 22:00:00,181.0
MAC000034,Std,2013-05-14 22:30:00,178.0
MAC000034,Std,2013-05-14 23:00:00,177.0
MAC000034,Std,2013-05-14 23:30:00,164.0
MAC000034,Std,2013-05-15 00:00:00,869.0
MAC000034,Std,2013-05-15 00:30:00,878.0
MAC000034,Std,2013-05-15 01:00:00,461.0
MAC000034,Std,2013-05-15 01:30:00,845.0
MAC000034,Std,2013-05-15 02:00:00,409.0
MAC000034,Std,2013-05-15 02:30:00,510.0
MAC000034,Std,2013-05-15 03:00:00,474.0
MAC000034,Std,2013-05-15 03:30:00,422.0
MAC000034,Std,2013-05-15 04:00:00,456.0
MAC000034,Std,2013-05-15 04:30:00,427.0
MAC000034,Std,2013-05-15 05:00:00,295.0
MAC000034,Std,2013-05-15 05:30:00,506.0
MAC000034,Std,2013-05-15 06:00:00,123.0
MAC000034,Std,2013-05-15 06:30:00,445.0
MAC000034,Std,2013-05-15 07:00:00,65.0
MAC000034,Std,2013-05-15 07:30:00,36.0
MAC000034,Std,2013-05-15 08:00:00,57.0
MAC000034,Std,2013-05-15 08:30:00,62.0
MAC000034,Std,2013-05-15 09:00:00,112.0
MAC000034,Std,2013-05-15 09:30:00,121.0
MAC000034,Std,2013-05-15 10:00:00,253.0
MAC000034,Std,2013-05-15 10:30:00,185.0
MAC000034,Std,2013-05-15 11:00:00,117.0
MAC000034,Std,2013-05-15 11:30:00,131.0
MAC000034,Std,2013-05-15 12:00:00,102.0
MAC000034,Std,2013-05-15 12:30:00,129.0
MAC000034,Std,2013-05-15 13:00:00,109.0
MAC000034,Std,2013-05-15 13:30:00,101.0
MAC000034,Std,2013-05-15 14:00:00,118.0
MAC000034,Std,2013-05-15 14:30:00,152.0
MAC000034,Std,2013-05-15 15:00:00,229.0
MAC000034,Std,2013-05-15 15:30:00,125.0
MAC000034,Std,2013-05-15 16:00:00,117.0
MAC000034,Std,2013-05-15 16:30:00,104.0
MAC000034,Std,2013-05-15 17:00:00,234.0
MAC000034,Std,2013-05-15 17:30:00,169.0
MAC000034,Std,2013-05-15 18:00:00,142.0
MAC000034,Std,2013-05-15 18:30:00,176.0
MAC000034,Std,2013-05-15 19:00:00,173.0
MAC000034,Std,2013-05-15 19:30:00,189.0
MAC000034,Std,2013-05-15 20:00:00,210.0
MAC000034,Std,2013-05-15 20:30:00,146.0
MAC000034,Std,2013-05-15 21:00:00,204.0
MAC000034,Std,2013-05-15 21:30:00,196.0
MAC000034,Std,2013-05-15 22:00:00,226.0
MAC000034,Std,2013-05-15 22:30:00,372.0
MAC000034,Std,2013-05-15 23:00:00,639.0
MAC000034,Std,2013-05-15 23:30:00,474.0
MAC000034,Std,2013-05-16 00:00:00,952.0
MAC000034,Std,2013-05-16 00:30:00,887.0
MAC000034,Std,2013-05-16 01:00:00,547.0
MAC000034,Std,2013-05-16 01:30:00,599.0
MAC000034,Std,2013-05-16 02:00:00,589.0
MAC000034,Std,2013-05-16 02:30:00,359.0
MAC000034,Std,2013-05-16 03:00:00,406.0
MAC000034,Std,2013-05-16 03:30:00,525.0
MAC000034,Std,2013-05-16 04:00:00,415.0
MAC000034,Std,2013-05-16 04:30:00,439.0
MAC000034,Std,2013-05-16 05:00:00,344.0
MAC000034,Std,2013-05-16 05:30:00,351.0
MAC000034,Std,2013-05-16 06:00:00,313.0
MAC000034,Std,2013-05-16 06:30:00,55.0
MAC000034,Std,2013-05-16 07:00:00,43.0
MAC000034,Std,2013-05-16 07:30:00,52.0
MAC000034,Std,2013-05-16 08:00:00,44.0
MAC000034,Std,2013-05-16 08:30:00,52.0
MAC000034,Std,2013-05-16 09:00:00,113.0
MAC000034,Std,2013-05-16 09:30:00,261.0
MAC000034,Std,2013-05-16 10:00:00,156.0
MAC000034,Std,2013-05-16 10:30:00,97.0
MAC000034,Std,2013-05-16 11:00:00,174.0
MAC000034,Std,2013-05-16 11:30:00,63.0
MAC000034,Std,2013-05-16 12:00:00,126.0
MAC000034,Std,2013-05-16 12:30:00,138.0
MAC000034,Std,2013-05-16 13:00:00,371.0
MAC000034,Std,2013-05-16 13:30:00,167.0
MAC000034,Std,2013-05-16 14:00:00,180.0
MAC000034,Std,2013-05-16 14:30:00,176.0
MAC000034,Std,2013-05-16 15:00:00,125.0
MAC000034,Std,2013-05-16 15:30:00,80.0
MAC000034,Std,2013-05-16 16:00:00,148.0
MAC000034,Std,2013-05-16 16:30:00,74.0
MAC000034,Std,2013-05-16 17:00:00,111.0
MAC000034,Std,2013-05-16 17:30:00,170.0
MAC000034,Std,2013-05-16 18:00:00,220.0
MAC000034,Std,2013-05-16 18:30:00,194.0
MAC000034,Std,2013-05-16 19:00:00,154.0
MAC000034,Std,2013-05-16 19:30:00,172.0
MAC000034,Std,2013-05-16 20:00:00,218.0
MAC000034,Std,2013-05-16 20:30:00,196.0
MAC000034,Std,2013-05-16 21:00:00,156.0
MAC000034,Std,2013-05-16 21:30:00,156.0
MAC000034,Std,2013-05-16 22:00:00,194.0
MAC000034,Std,2013-05-16 22:30:00,226.0
MAC000034,Std,2013-05-16 23:00:00,219.0
MAC000034,Std,2013-05-16 23:30:00,144.0
MAC000034,Std,2013-05-17 00:00:00,1070.0001
MAC000034,Std,2013-05-17 00:30:00,842.0
MAC000034,Std,2013-05-17 01:00:00,507.0
MAC000034,Std,2013-05-17 01:30:00,495.0
MAC000034,Std,2013-05-17 02:00:00,689.0
MAC000034,Std,2013-05-17 02:30:00,417.0
MAC000034,Std,2013-05-17 03:00:00,480.0
MAC000034,Std,2013-05-17 03:30:00,522.0
MAC000034,Std,2013-05-17 04:00:00,469.0
MAC000034,Std,2013-05-17 04:30:00,346.0
MAC000034,Std,2013-05-17 05:00:00,434.0
MAC000034,Std,2013-05-17 05:30:00,70.0
MAC000034,Std,2013-05-17 06:00:00,275.0
MAC000034,Std,2013-05-17 06:30:00,320.0
MAC000034,Std,2013-05-17 07:00:00,95.0
MAC000034,Std,2013-05-17 07:30:00,111.0
MAC000034,Std,2013-05-17 08:00:00,82.0
MAC000034,Std,2013-05-17 08:30:00,42.0
MAC000034,Std,2013-05-17 09:00:00,93.0
MAC000034,Std,2013-05-17 09:30:00,96.0
MAC000034,Std,2013-05-17 10:00:00,144.0
MAC000034,Std,2013-05-17 10:30:00,96.0
MAC000034,Std,2013-05-17 11:00:00,227.0
MAC000034,Std,2013-05-17 11:30:00,182.0
MAC000034,Std,2013-05-17 12:00:00,248.0
MAC000034,Std,2013-05-17 12:30:00,155.0
MAC000034,Std,2013-05-17 13:00:00,229.0
MAC000034,Std,2013-05-17 13:30:00,108.0
MAC000034,Std,2013-05-17 14:00:00,119.0
MAC000034,Std,2013-05-17 14:30:00,109.0
MAC000034,Std,2013-05-17 15:00:00,113.0
MAC000034,Std,2013-05-17 15:30:00,226.0
MAC000034,Std,2013-05-17 16:00:00,152.0
MAC000034,Std,2013-05-17 16:30:00,114.0
MAC000034,Std,2013-05-17 17:00:00,207.0
MAC000034,Std,2013-05-17 17:30:00,135.0
MAC000034,Std,2013-05-17 18:00:00,176.0
MAC000034,Std,2013-05-17 18:30:00,154.0
MAC000034,Std,2013-05-17 19:00:00,136.0
MAC000034,Std,2013-05-17 19:30:00,126.0
MAC000034,Std,2013-05-17 20:00:00,168.0
MAC000034,Std,2013-05-17 20:30:00,228.0
MAC000034,Std,2013-05-17 21:00:00,233.0
MAC000034,Std,2013-05-17 21:30:00,187.0
MAC000034,Std,2013-05-17 22:00:00,163.0
MAC000034,Std,2013-05-17 22:30:00,139.0
MAC000034,Std,2013-05-17 23:00:00,198.0
MAC000034,Std,2013-05-17 23:30:00,56.0
MAC000034,Std,2013-05-18 00:00:00,986.0
MAC000034,Std,2013-05-18 00:30:00,715.0
MAC000034,Std,2013-05-18 01:00:00,652.0
MAC000034,Std,2013-05-18 01:30:00,841.0
MAC000034,Std,2013-05-18 02:00:00,419.0
MAC000034,Std,2013-05-18 02:30:00,375.0
MAC000034,Std,2013-05-18 03:00:00,607.0
MAC000034,Std,2013-05-18 03:30:00,448.0
MAC000034,Std,2013-05-18 04:00:00,179.0
MAC000034,Std,2013-05-18 04:30:00,377.0
MAC000034,Std,2013-05-18 05:00:00,432.0
MAC000034,Std,2013-05-18 05:30:00,367.0
MAC000034,Std,2013-05-18 06:00:00,247.0
MAC000034,Std,2013-05-18 06:30:00,123.0
MAC000034,Std,2013-05-18 07:00:00,27.0
MAC000034,Std,2013-05-18 07:30:00,63.0
MAC000034,Std,2013-05-18 08:00:00,57.0
MAC000034,Std,2013-05-18 08:30:00,61.0
MAC000034,Std,2013-05-18 09:00:00,163.0
MAC000034,Std,2013-05-18 09:30:00,246.0
MAC000034,Std,2013-05-18 10:00:00,177.0
MAC000034,Std,2013-05-18 10:30:00,66.0
MAC000034,Std,2013-05-18 11:00:00,62.0
MAC000034,Std,2013-05-18 11:30:00,63.0
MAC000034,Std,2013-05-18 12:00:00,32.0
MAC000034,Std,2013-05-18 12:30:00,87.0
MAC000034,Std,2013-05-18 13:00:00,96.0
MAC000034,Std,2013-05-18 13:30:00,181.0
MAC000034,Std,2013-05-18 14:00:00,181.0
MAC000034,Std,2013-05-18 14:30:00,147.0
MAC000034,Std,2013-05-18 15:00:00,86.0
MAC000034,Std,2013-05-18 15:30:00,74.0
MAC000034,Std,2013-05-18 16:00:00,106.0
MAC000034,Std,2013-05-18 16:30:00,229.0
MAC000034,Std,2013-05-18 17:00:00,112.0
MAC000034,Std,2013-05-18 17:30:00,103.0
MAC000034,Std,2013-05-18 18:00:00,186.0
MAC000034,Std,2013-05-18 18:30:00,152.0
MAC000034,Std,2013-05-18 19:00:00,84.0
MAC000034,Std,2013-05-18 19:30:00,132.0
MAC000034,Std,2013-05-18 20:00:00,210.0
MAC000034,Std,2013-05-18 20:30:00,139.0
MAC000034,Std,2013-05-18 21:00:00,158.0
MAC000034,Std,2013-05-18 21:30:00,160.0
MAC000034,Std,2013-05-18 22:00:00,169.0
MAC000034,Std,2013-05-18 22:30:00,227.0
MAC000034,Std,2013-05-18 23:00:00,197.0
MAC000034,Std,2013-05-18 23:30:00,154.0
MAC000034,Std,2013-05-19 00:00:00,807.0
MAC000034,Std,2013-05-19 00:30:00,703.0
MAC000034,Std,2013-05-19 01:00:00,476.0
MAC000034,Std,2013-05-19 01:30:00,687.0
MAC000034,Std,2013-05-19 02:00:00,639.0
MAC000034,Std,2013-05-19 02:30:00,514.0
MAC000034,Std,2013-05-19 03:00:00,417.0
MAC000034,Std,2013-05-19 03:30:00,519.0
MAC000034,Std,2013-05-19 04:00:00,506.0
MAC000034,Std,2013-05-19 04:30:00,473.0
MAC000034,Std,2013-05-19 05:00:00,65.0
MAC000034,Std,2013-05-19 05:30:00,344.0
MAC000034,Std,2013-05-19 06:00:00,61.0
MAC000034,Std,2013-05-19 06:30:00,43.0
MAC000034,Std,2013-05-19 07:00:00,101.0
MAC000034,Std,2013-05-19 07:30:00,99.0
MAC000034,Std,2013-05-19 08:00:00,84.0
MAC000034,Std,2013-05-19 08:30:00,46.0
MAC000034,Std,2013-05-19 09:00:00,96.0
MAC000034,Std,2013-05-19 09:30:00,186.0
MAC000034,Std,2013-05-19 10:00:00,199.0
MAC000034,Std,2013-05-19 10:30:00,115.0
MAC000034,Std,2013-05-19 11:00:00,51.0
MAC000034,Std,2013-05-19 11:30:00,98.0
MAC000034,Std,2013-05-19 12:00:00,111.0
MAC000034,Std,2013-05-19 12:30:00,75.0
MAC000034,Std,2013-05-19 13:00:00,47.0
MAC000034,Std,2013-05-19 13:30:00,52.0
MAC000034,Std,2013-05-19 14:00:00,43.0
MAC000034,Std,2013-05-19 14:30:00,57.0
MAC000034,Std,2013-05-19 15:00:00,38.0
MAC000034,Std,2013-05-19 15:30:00,63.0
MAC000034,Std,2013-05-19 16:00:00,90.0
MAC000034,Std,2013-05-19 16:30:00,123.0
MAC000034,Std,2013-05-19 17:00:00,54.0
MAC000034,Std,2013-05-19 17:30:00,62.0
MAC000034,Std,2013-05-19 18:00:00,141.0
MAC000034,Std,2013-05-19 18:30:00,50.0
MAC000034,Std,2013-05-19 19:00:00,110.0
MAC000034,Std,2013-05-19 19:30:00,124.0
MAC000034,Std,2013-05-19 20:00:00,193.0
MAC000034,Std,2013-05-19 20:30:00,273.0
MAC000034,Std,2013-05-19 21:00:00,229.0
MAC000034,Std,2013-05-19 21:30:00,165.0
MAC000034,Std,2013-05-19 22:00:00,188.0
MAC000034,Std,2013-05-19 22:30:00,147.0
MAC000034,Std,2013-05-19 23:00:00,179.0
MAC000034,Std,2013-05-19 23:30:00,112.0
MAC000034,Std,2013-05-20 00:00:00,950.0
MAC000034,Std,2013-05-20 00:30:00,863.0
MAC000034,Std,2013-05-20 01:00:00,799.0
MAC000034,Std,2013-05-20 01:30:00,728.0
MAC000034,Std,2013-05-20 02:00:00,597.0
MAC000034,Std,2013-05-20 02:30:00,387.0
MAC000034,Std,2013-05-20 03:00:00,485.0
MAC000034,Std,2013-05-20 03:30:00,400.0
MAC000034,Std,2013-05-20 04:00:00,148.0
MAC000034,Std,2013-05-20 04:30:00,494.0
MAC000034,Std,2013-05-20 05:00:00,353.0
MAC000034,Std,2013-05-20 05:30:00,162.0
MAC000034,Std,2013-05-20 06:00:00,77.0
MAC000034,Std,2013-05-20 06:30:00,32.0
MAC000034,Std,2013-05-20 07:00:00,66.0
MAC000034,Std,2013-05-20 07:30:00,29.0
MAC000034,Std,2013-05-20 08:00:00,66.0
MAC000034,Std,2013-05-20 08:30:00,38.0
MAC000034,Std,2013-05-20 09:00:00,148.0
MAC000034,Std,2013-05-20 09:30:00,170.0
MAC000034,Std,2013-05-20 10:00:00,257.0
MAC000034,Std,2013-05-20 10:30:00,117.0
MAC000034,Std,2013-05-20 11:00:00,111.0
MAC000034,Std,2013-05-20 11:30:00,91.0
MAC000034,Std,2013-05-20 12:00:00,48.0
MAC000034,Std,2013-05-20 12:30:00,125.0
MAC000034,Std,2013-05-20 13:00:00,89.0
MAC000034,Std,2013-05-20 13:30:00,175.0
MAC000034,Std,2013-05-20 14:00:00,171.0
MAC000034,Std,2013-05-20 14:30:00,131.0
MAC000034,Std,2013-05-20 15:00:00,50.0
MAC000034,Std,2013-05-20 15:30:00,47.0
MAC000034,Std,2013-05-20 16:00:00,56.0
MAC000034,Std,2013-05-20 16:30:00,42.0
MAC000034,Std,2013-05-20 17:00:00,192.0
MAC000034,Std,2013-05-20 17:30:00,111.0
MAC000034,Std,2013-05-20 18:00:00,180.0
MAC000034,Std,2013-05-20 18:30:00,175.0
MAC000034,Std,2013-05-20 19:00:00,136.0
MAC000034,Std,2013-05-20 19:30:00,134.0
MAC000034,Std,2013-05-20 20:00:00,156.0
MAC000034,Std,2013-05-20 20:30:00,154.0
MAC000034,Std,2013-05-20 21:00:00,190.0
MAC000034,Std,2013-05-20 21:30:00,275.0
MAC000034,Std,2013-05-20 22:00:00,299.0
MAC000034,Std,2013-05-20 22:30:00,297.0
MAC000034,Std,2013-05-20 23:00:00,245.0
MAC000034,Std,2013-05-20 23:30:00,194.0
MAC000034,Std,2013-05-21 00:00:00,799.0
MAC000034,Std,2013-05-21 00:30:00,643.0
MAC000034,Std,2013-05-21 01:00:00,690.0
MAC000034,Std,2013-05-21 01:30:00,621.0
MAC000034,Std,2013-05-21 02:00:00,588.0
MAC000034,Std,2013-05-21 02:30:00,484.0
MAC000034,Std,2013-05-21 03:00:00,391.0
MAC000034,Std,2013-05-21 03:30:00,328.0
MAC000034,Std,2013-05-21 04:00:00,470.0
MAC000034,Std,2013-05-21 04:30:00,332.0
MAC000034,Std,2013-05-21 05:00:00,192.0
MAC000034,Std,2013-05-21 05:30:00,385.0
MAC000034,Std,2013-05-21 06:00:00,133.0
MAC000034,Std,2013-05-21 06:30:00,500.0
MAC000034,Std,2013-05-21 07:00:00,53.0
MAC000034,Std,2013-05-21 07:30:00,67.0
MAC000034,Std,2013-05-21 08:00:00,41.0
MAC000034,Std,2013-05-21 08:30:00,59.0
MAC000034,Std,2013-05-21 09:00:00,166.0
MAC000034,Std,2013-05-21 09:30:00,138.0
MAC000034,Std,2013-05-21 10:00:00,174.0
MAC000034,Std,2013-05-21 10:30:00,266.0
MAC000034,Std,2013-05-21 11:00:00,172.0
MAC000034,Std,2013-05-21 11:30:00,89.0
MAC000034,Std,2013-05-21 12:00:00,60.0
MAC000034,Std,2013-05-21 12:30:00,115.0
MAC000034,Std,2013-05-21 13:00:00,102.0
MAC000034,Std,2013-05-21 13:30:00,124.0
MAC000034,Std,2013-05-21 14:00:00,113.0
MAC000034,Std,2013-05-21 14:30:00,153.0
MAC000034,Std,2013-05-21 15:00:00,98.0
MAC000034,Std,2013-05-21 15:30:00,54.0
MAC000034,Std,2013-05-21 16:00:00,52.0
MAC000034,Std,2013-05-21 16:30:00,49.0
MAC000034,Std,2013-05-21 17:00:00,227.0
MAC000034,Std,2013-05-21 17:30:00,117.0
MAC000034,Std,2013-05-21 18:00:00,127.0
MAC000034,Std,2013-05-21 18:30:00,178.0
MAC000034,Std,2013-05-21 19:00:00,174.0
MAC000034,Std,2013-05-21 19:30:00,236.0
MAC000034,Std,2013-05-21 20:00:00,207.0
MAC000034,Std,2013-05-21 20:30:00,166.0
MAC000034,Std,2013-05-21 21:00:00,145.0
MAC000034,Std,2013-05-21 21:30:00,151.0
MAC000034,Std,2013-05-21 22:00:00,178.0
MAC000034,Std,2013-05-21 22:30:00,225.0
MAC000034,Std,2013-05-21 23:00:00,215.0
MAC000034,Std,2013-05-21 23:30:00,178.0
MAC000034,Std,2013-05-22 00:00:00,882.0
MAC000034,Std,2013-05-22 00:30:00,889.0
MAC000034,Std,2013-05-22 01:00:00,651.0
MAC000034,Std,2013-05-22 01:30:00,558.0
MAC000034,Std,2013-05-22 02:00:00,576.0
MAC000034,Std,2013-05-22 02:30:00,502.0
MAC000034,Std,2013-05-22 03:00:00,579.0
MAC000034,Std,2013-05-22 03:30:00,562.0
MAC000034,Std,2013-05-22 04:00:00,457.0
MAC000034,Std,2013-05-22 04:30:00,439.0
MAC000034,Std,2013-05-22 05:00:00,104.0
MAC000034,Std,2013-05-22 05:30:00,362.0
MAC000034,Std,2013-05-22 06:00:00,51.0
MAC000034,Std,2013-05-22 06:30:00,441.0
MAC000034,Std,2013-05-22 07:00:00,118.0
MAC000034,Std,2013-05-22 07:30:00,95.0
MAC000034,Std,2013-05-22 08:00:00,74.0
MAC000034,Std,2013-05-22 08:30:00,31.0
MAC000034,Std,2013-05-22 09:00:00,118.0
MAC000034,Std,2013-05-22 09:30:00,191.0
MAC000034,Std,2013-05-22 10:00:00,132.0
MAC000034,Std,2013-05-22 10:30:00,152.0
MAC000034,Std,2013-05-22 11:00:00,219.0
MAC000034,Std,2013-05-22 11:30:00,237.0
MAC000034,Std,2013-05-22 12:00:00,1722.0
MAC000034,Std,2013-05-22 12:30:00,239.0
MAC000034,Std,2013-05-22 13:00:00,152.0
MAC000034,Std,2013-05-22 13:30:00,131.0
MAC000034,Std,2013-05-22 14:00:00,111.0
MAC000034,Std,2013-05-22 14:30:00,116.0
MAC000034,Std,2013-05-22 15:00:00,83.0
MAC000034,Std,2013-05-22 15:30:00,83.0
MAC000034,Std,2013-05-22 16:00:00,124.0
MAC000034,Std,2013-05-22 16:30:00,87.0
MAC000034,Std,2013-05-22 17:00:00,171.0
MAC000034,Std,2013-05-22 17:30:00,121.0
MAC000034,Std,2013-05-22 18:00:00,118.0
MAC000034,Std,2013-05-22 18:30:00,119.0
MAC000034,Std,2013-05-22 19:00:00,120.0
MAC000034,Std,2013-05-22 19:30:00,164.0
MAC000034,Std,2013-05-22 20:00:00,214.0
MAC000034,Std,2013-05-22 20:30:00,218.0
MAC000034,Std,2013-05-22 21:00:00,162.0
MAC000034,Std,2013-05-22 21:30:00,138.0
MAC000034,Std,2013-05-22 22:00:00,169.0
MAC000034,Std,2013-05-22 22:30:00,182.0
MAC000034,Std,2013-05-22 23:00:00,139.0
MAC000034,Std,2013-05-22 23:30:00,140.0
MAC000034,Std,2013-05-23 00:00:00,883.0
MAC000034,Std,2013-05-23 00:30:00,866.0
MAC000034,Std,2013-05-23 01:00:00,804.0
MAC000034,Std,2013-05-23 01:30:00,552.0
MAC000034,Std,2013-05-23 02:00:00,536.0
MAC000034,Std,2013-05-23 02:30:00,458.0
MAC000034,Std,2013-05-23 03:00:00,469.0
MAC000034,Std,2013-05-23 03:30:00,345.0
MAC000034,Std,2013-05-23 04:00:00,385.0
MAC000034,Std,2013-05-23 04:30:00,420.0
MAC000034,Std,2013-05-23 05:00:00,167.0
MAC000034,Std,2013-05-23 05:30:00,395.0
MAC000034,Std,2013-05-23 06:00:00,460.0
MAC000034,Std,2013-05-23 06:30:00,82.0
MAC000034,Std,2013-05-23 07:00:00,50.0
MAC000034,Std,2013-05-23 07:30:00,59.0
MAC000034,Std,2013-05-23 08:00:00,30.0
MAC000034,Std,2013-05-23 08:30:00,89.0
MAC000034,Std,2013-05-23 09:00:00,125.0
MAC000034,Std,2013-05-23 09:30:00,167.0
MAC000034,Std,2013-05-23 10:00:00,104.0
MAC000034,Std,2013-05-23 10:30:00,106.0
MAC000034,Std,2013-05-23 11:00:00,222.0
MAC000034,Std,2013-05-23 11:30:00,89.0
MAC000034,Std,2013-05-23 12:00:00,76.0
MAC000034,Std,2013-05-23 12:30:00,89.0
MAC000034,Std,2013-05-23 13:00:00,140.0
MAC000034,Std,2013-05-23 13:30:00,161.0
MAC000034,Std,2013-05-23 14:00:00,159.0
MAC000034,Std,2013-05-23 14:30:00,176.0
MAC000034,Std,2013-05-23 15:00:00,182.0
MAC000034,Std,2013-05-23 15:30:00,151.0
MAC000034,Std,2013-05-23 16:00:00,189.0
MAC000034,Std,2013-05-23 16:30:00,240.0
MAC000034,Std,2013-05-23 17:00:00,91.0
MAC000034,Std,2013-05-23 17:30:00,95.0
MAC000034,Std,2013-05-23 18:00:00,115.0
MAC000034,Std,2013-05-23 18:30:00,79.0
MAC000034,Std,2013-05-23 19:00:00,43.0
MAC000034,Std,2013-05-23 19:30:00,54.0
MAC000034,Std,2013-05-23 20:00:00,101.0
MAC000034,Std,2013-05-23 20:30:00,75.0
MAC000034,Std,2013-05-23 21:00:00,92.0
MAC000034,Std,2013-05-23 21:30:00,148.0
MAC000034,Std,2013-05-23 22:00:00,243.0
MAC000034,Std,2013-05-23 22:30:00,225.0
MAC000034,Std,2013-05-23 23:00:00,164.0
MAC000034,Std,2013-05-23 23:30:00,138.0
MAC000034,Std,2013-05-24 00:00:00,908.0
MAC000034,Std,2013-05-24 00:30:00,829.0
MAC000034,Std,2013-05-24 01:00:00,848.0
MAC000034,Std,2013-05-24 01:30:00,488.0
MAC000034,Std,2013-05-24 02:00:00,503.0
MAC000034,Std,2013-05-24 02:30:00,498.0
MAC000034,Std,2013-05-24 03:00:00,558.0
MAC000034,Std,2013-05-24 03:30:00,553.0
MAC000034,Std,2013-05-24 04:00:00,522.0
MAC000034,Std,2013-05-24 04:30:00,540.0
MAC000034,Std,2013-05-24 05:00:00,67.0
MAC000034,Std,2013-05-24 05:30:00,452.0
MAC000034,Std,2013-05-24 06:00:00,60.0
MAC000034,Std,2013-05-24 06:30:00,376.0
MAC000034,Std,2013-05-24 07:00:00,127.0
MAC000034,Std,2013-05-24 07:30:00,76.0
MAC000034,Std,2013-05-24 08:00:00,69.0
MAC000034,Std,2013-05-24 08:30:00,59.0
MAC000034,Std,2013-05-24 09:00:00,114.0
MAC000034,Std,2013-05-24 09:30:00,118.0
MAC000034,Std,2013-05-24 10:00:00,259.0
MAC000034,Std,2013-05-24 10:30:00,113.0
MAC000034,Std,2013-05-24 11:00:00,152.0
MAC000034,Std,2013-05-24 11:30:00,242.0
MAC000034,Std,2013-05-24 12:00:00,231.0
MAC000034,Std,2013-05-24 12:30:00,143.0
MAC000034,Std,2013-05-24 13:00:00,93.0
MAC000034,Std,2013-05-24 13:30:00,123.0
MAC000034,Std,2013-05-24 14:00:00,131.0
MAC000034,Std,2013-05-24 14:30:00,120.0
MAC000034,Std,2013-05-24 15:00:00,82.0
MAC000034,Std,2013-05-24 15:30:00,58.0
MAC000034,Std,2013-05-24 16:00:00,88.0
MAC000034,Std,2013-05-24 16:30:00,254.0
MAC000034,Std,2013-05-24 17:00:00,134.0
MAC000034,Std,2013-05-24 17:30:00,118.0
MAC000034,Std,2013-05-24 18:00:00,118.0
MAC000034,Std,2013-05-24 18:30:00,117.0
MAC000034,Std,2013-05-24 19:00:00,153.0
MAC000034,Std,2013-05-24 19:30:00,155.0
MAC000034,Std,2013-05-24 20:00:00,183.0
MAC000034,Std,2013-05-24 20:30:00,227.0
MAC000034,Std,2013-05-24 21:00:00,223.0
MAC000034,Std,2013-05-24 21:30:00,146.0
MAC000034,Std,2013-05-24 22:00:00,170.0
MAC000034,Std,2013-05-24 22:30:00,181.0
MAC000034,Std,2013-05-24 23:00:00,154.0
MAC000034,Std,2013-05-24 23:30:00,175.0
MAC000034,Std,2013-05-25 00:00:00,794.0
MAC000034,Std,2013-05-25 00:00:00,794.0
MAC000034,Std,2013-05-25 00:30:00,807.0
MAC000034,Std,2013-05-25 01:00:00,864.0
MAC000034,Std,2013-05-25 01:30:00,625.0
MAC000034,Std,2013-05-25 02:00:00,570.0
MAC000034,Std,2013-05-25 02:30:00,563.0
MAC000034,Std,2013-05-25 03:00:00,398.0
MAC000034,Std,2013-05-25 03:30:00,524.0
MAC000034,Std,2013-05-25 04:00:00,481.0
MAC000034,Std,2013-05-25 04:30:00,67.0
MAC000034,Std,2013-05-25 05:00:00,478.0
MAC000034,Std,2013-05-25 05:30:00,531.0
MAC000034,Std,2013-05-25 06:00:00,94.0
MAC000034,Std,2013-05-25 06:30:00,33.0
MAC000034,Std,2013-05-25 07:00:00,67.0
MAC000034,Std,2013-05-25 07:30:00,31.0
MAC000034,Std,2013-05-25 08:00:00,64.0
MAC000034,Std,2013-05-25 08:30:00,81.0
MAC000034,Std,2013-05-25 09:00:00,115.0
MAC000034,Std,2013-05-25 09:30:00,231.0
MAC000034,Std,2013-05-25 10:00:00,154.0
MAC000034,Std,2013-05-25 10:30:00,126.0
MAC000034,Std,2013-05-25 11:00:00,158.0
MAC000034,Std,2013-05-25 11:30:00,137.0
MAC000034,Std,2013-05-25 12:00:00,103.0
MAC000034,Std,2013-05-25 12:30:00,67.0
MAC000034,Std,2013-05-25 13:00:00,76.0
MAC000034,Std,2013-05-25 13:30:00,143.0
MAC000034,Std,2013-05-25 14:00:00,185.0
MAC000034,Std,2013-05-25 14:30:00,106.0
MAC000034,Std,2013-05-25 15:00:00,119.0
MAC000034,Std,2013-05-25 15:30:00,41.0
MAC000034,Std,2013-05-25 16:00:00,64.0
MAC000034,Std,2013-05-25 16:30:00,162.0
MAC000034,Std,2013-05-25 17:00:00,127.0
MAC000034,Std,2013-05-25 17:30:00,97.0
MAC000034,Std,2013-05-25 18:00:00,136.0
MAC000034,Std,2013-05-25 18:30:00,121.0
MAC000034,Std,2013-05-25 19:00:00,123.0
MAC000034,Std,2013-05-25 19:30:00,219.0
MAC000034,Std,2013-05-25 20:00:00,193.0
MAC000034,Std,2013-05-25 20:30:00,139.0
MAC000034,Std,2013-05-25 21:00:00,166.0
MAC000034,Std,2013-05-25 21:30:00,140.0
MAC000034,Std,2013-05-25 22:00:00,181.0
MAC000034,Std,2013-05-25 22:30:00,174.0
MAC000034,Std,2013-05-25 23:00:00,236.0
MAC000034,Std,2013-05-25 23:30:00,171.0
MAC000034,Std,2013-05-26 00:00:00,664.0
MAC000034,Std,2013-05-26 00:30:00,572.0
MAC000034,Std,2013-05-26 01:00:00,832.0
MAC000034,Std,2013-05-26 01:30:00,495.0
MAC000034,Std,2013-05-26 02:00:00,536.0
MAC000034,Std,2013-05-26 02:30:00,460.0
MAC000034,Std,2013-05-26 03:00:00,416.0
MAC000034,Std,2013-05-26 03:30:00,515.0
MAC000034,Std,2013-05-26 04:00:00,538.0
MAC000034,Std,2013-05-26 04:30:00,448.0
MAC000034,Std,2013-05-26 05:00:00,306.0
MAC000034,Std,2013-05-26 05:30:00,160.0
MAC000034,Std,2013-05-26 06:00:00,448.0
MAC000034,Std,2013-05-26 06:30:00,42.0
MAC000034,Std,2013-05-26 07:00:00,54.0
MAC000034,Std,2013-05-26 07:30:00,45.0
MAC000034,Std,2013-05-26 08:00:00,108.0
MAC000034,Std,2013-05-26 08:30:00,158.0
MAC000034,Std,2013-05-26 09:00:00,199.0
MAC000034,Std,2013-05-26 09:30:00,115.0
MAC000034,Std,2013-05-26 10:00:00,123.0
MAC000034,Std,2013-05-26 10:30:00,128.0
MAC000034,Std,2013-05-26 11:00:00,81.0
MAC000034,Std,2013-05-26 11:30:00,65.0
MAC000034,Std,2013-05-26 12:00:00,29.0
MAC000034,Std,2013-05-26 12:30:00,118.0
MAC000034,Std,2013-05-26 13:00:00,89.0
MAC000034,Std,2013-05-26 13:30:00,92.0
MAC000034,Std,2013-05-26 14:00:00,29.0
MAC000034,Std,2013-05-26 14:30:00,67.0
MAC000034,Std,2013-05-26 15:00:00,29.0
MAC000034,Std,2013-05-26 15:30:00,67.0
MAC000034,Std,2013-05-26 16:00:00,29.0
MAC000034,Std,2013-05-26 16:30:00,67.0
MAC000034,Std,2013-05-26 17:00:00,72.0
MAC000034,Std,2013-05-26 17:30:00,123.0
MAC000034,Std,2013-05-26 18:00:00,80.0
MAC000034,Std,2013-05-26 18:30:00,52.0
MAC000034,Std,2013-05-26 19:00:00,52.0
MAC000034,Std,2013-05-26 19:30:00,49.0
MAC000034,Std,2013-05-26 20:00:00,94.0
MAC000034,Std,2013-05-26 20:30:00,72.0
MAC000034,Std,2013-05-26 21:00:00,101.0
MAC000034,Std,2013-05-26 21:30:00,182.0
MAC000034,Std,2013-05-26 22:00:00,307.0
MAC000034,Std,2013-05-26 22:30:00,248.0
MAC000034,Std,2013-05-26 23:00:00,253.0
MAC000034,Std,2013-05-26 23:30:00,146.0
MAC000034,Std,2013-05-27 00:00:00,825.0
MAC000034,Std,2013-05-27 00:30:00,791.0
MAC000034,Std,2013-05-27 01:00:00,769.0
MAC000034,Std,2013-05-27 01:30:00,519.0
MAC000034,Std,2013-05-27 02:00:00,584.0
MAC000034,Std,2013-05-27 02:30:00,577.0
MAC000034,Std,2013-05-27 03:00:00,374.0
MAC000034,Std,2013-05-27 03:30:00,429.0
MAC000034,Std,2013-05-27 04:00:00,485.0
MAC000034,Std,2013-05-27 04:30:00,378.0
MAC000034,Std,2013-05-27 05:00:00,145.0
MAC000034,Std,2013-05-27 05:30:00,473.0
MAC000034,Std,2013-05-27 06:00:00,47.0
MAC000034,Std,2013-05-27 06:30:00,506.0
MAC000034,Std,2013-05-27 07:00:00,105.0
MAC000034,Std,2013-05-27 07:30:00,99.0
MAC000034,Std,2013-05-27 08:00:00,129.0
MAC000034,Std,2013-05-27 08:30:00,186.0
MAC000034,Std,2013-05-27 09:00:00,103.0
MAC000034,Std,2013-05-27 09:30:00,66.0
MAC000034,Std,2013-05-27 10:00:00,48.0
MAC000034,Std,2013-05-27 10:30:00,52.0
MAC000034,Std,2013-05-27 11:00:00,80.0
MAC000034,Std,2013-05-27 11:30:00,116.0
MAC000034,Std,2013-05-27 12:00:00,84.0
MAC000034,Std,2013-05-27 12:30:00,62.0
MAC000034,Std,2013-05-27 13:00:00,36.0
MAC000034,Std,2013-05-27 13:30:00,65.0
MAC000034,Std,2013-05-27 14:00:00,34.0
MAC000034,Std,2013-05-27 14:30:00,67.0
MAC000034,Std,2013-05-27 15:00:00,30.0
MAC000034,Std,2013-05-27 15:30:00,107.0
MAC000034,Std,2013-05-27 16:00:00,105.0
MAC000034,Std,2013-05-27 16:30:00,93.0
MAC000034,Std,2013-05-27 17:00:00,160.0
MAC000034,Std,2013-05-27 17:30:00,86.0
MAC000034,Std,2013-05-27 18:00:00,119.0
MAC000034,Std,2013-05-27 18:30:00,126.0
MAC000034,Std,2013-05-27 19:00:00,140.0
MAC000034,Std,2013-05-27 19:30:00,185.0
MAC000034,Std,2013-05-27 20:00:00,237.0
MAC000034,Std,2013-05-27 20:30:00,230.0
MAC000034,Std,2013-05-27 21:00:00,197.0
MAC000034,Std,2013-05-27 21:30:00,156.0
MAC000034,Std,2013-05-27 22:00:00,156.0
MAC000034,Std,2013-05-27 22:30:00,166.0
MAC000034,Std,2013-05-27 23:00:00,165.0
MAC000034,Std,2013-05-27 23:30:00,168.0
MAC000034,Std,2013-05-28 00:00:00,803.0
MAC000034,Std,2013-05-28 00:30:00,882.0
MAC000034,Std,2013-05-28 01:00:00,597.0
MAC000034,Std,2013-05-28 01:30:00,512.0
MAC000034,Std,2013-05-28 02:00:00,499.0
MAC000034,Std,2013-05-28 02:30:00,391.0
MAC000034,Std,2013-05-28 03:00:00,420.0
MAC000034,Std,2013-05-28 03:30:00,353.0
MAC000034,Std,2013-05-28 04:00:00,367.0
MAC000034,Std,2013-05-28 04:30:00,410.0
MAC000034,Std,2013-05-28 05:00:00,325.0
MAC000034,Std,2013-05-28 05:30:00,96.0
MAC000034,Std,2013-05-28 06:00:00,463.0
MAC000034,Std,2013-05-28 06:30:00,63.0
MAC000034,Std,2013-05-28 07:00:00,52.0
MAC000034,Std,2013-05-28 07:30:00,48.0
MAC000034,Std,2013-05-28 08:00:00,57.0
MAC000034,Std,2013-05-28 08:30:00,55.0
MAC000034,Std,2013-05-28 09:00:00,185.0
MAC000034,Std,2013-05-28 09:30:00,251.0
MAC000034,Std,2013-05-28 10:00:00,206.0
MAC000034,Std,2013-05-28 10:30:00,167.0
MAC000034,Std,2013-05-28 11:00:00,75.0
MAC000034,Std,2013-05-28 11:30:00,117.0
MAC000034,Std,2013-05-28 12:00:00,150.0
MAC000034,Std,2013-05-28 12:30:00,149.0
MAC000034,Std,2013-05-28 13:00:00,147.0
MAC000034,Std,2013-05-28 13:30:00,171.0
MAC000034,Std,2013-05-28 14:00:00,435.0
MAC000034,Std,2013-05-28 14:30:00,226.0
MAC000034,Std,2013-05-28 15:00:00,51.0
MAC000034,Std,2013-05-28 15:30:00,50.0
MAC000034,Std,2013-05-28 16:00:00,66.0
MAC000034,Std,2013-05-28 16:30:00,177.0
MAC000034,Std,2013-05-28 17:00:00,120.0
MAC000034,Std,2013-05-28 17:30:00,166.0
MAC000034,Std,2013-05-28 18:00:00,175.0
MAC000034,Std,2013-05-28 18:30:00,161.0
MAC000034,Std,2013-05-28 19:00:00,130.0
MAC000034,Std,2013-05-28 19:30:00,186.0
MAC000034,Std,2013-05-28 20:00:00,174.0
MAC000034,Std,2013-05-28 20:30:00,160.0
MAC000034,Std,2013-05-28 21:00:00,166.0
MAC000034,Std,2013-05-28 21:30:00,217.0
MAC000034,Std,2013-05-28 22:00:00,238.0
MAC000034,Std,2013-05-28 22:30:00,226.0
MAC000034,Std,2013-05-28 23:00:00,182.0
MAC000034,Std,2013-05-28 23:30:00,99.0
MAC000034,Std,2013-05-29 00:00:00,913.0
MAC000034,Std,2013-05-29 00:30:00,918.0
MAC000034,Std,2013-05-29 01:00:00,851.0
MAC000034,Std,2013-05-29 01:30:00,550.0
MAC000034,Std,2013-05-29 02:00:00,518.0
MAC000034,Std,2013-05-29 02:30:00,645.0
MAC000034,Std,2013-05-29 03:00:00,607.0
MAC000034,Std,2013-05-29 03:30:00,302.0
MAC000034,Std,2013-05-29 04:00:00,483.0
MAC000034,Std,2013-05-29 04:30:00,548.0
MAC000034,Std,2013-05-29 05:00:00,345.0
MAC000034,Std,2013-05-29 05:30:00,52.0
MAC000034,Std,2013-05-29 06:00:00,420.0
MAC000034,Std,2013-05-29 06:30:00,135.0
MAC000034,Std,2013-05-29 07:00:00,97.0
MAC000034,Std,2013-05-29 07:30:00,59.0
MAC000034,Std,2013-05-29 08:00:00,148.0
MAC000034,Std,2013-05-29 08:30:00,30.0
MAC000034,Std,2013-05-29 09:00:00,77.0
MAC000034,Std,2013-05-29 09:30:00,127.0
MAC000034,Std,2013-05-29 10:00:00,108.0
MAC000034,Std,2013-05-29 10:30:00,175.0
MAC000034,Std,2013-05-29 11:00:00,282.0
MAC000034,Std,2013-05-29 11:30:00,165.0
MAC000034,Std,2013-05-29 12:00:00,126.0
MAC000034,Std,2013-05-29 12:30:00,101.0
MAC000034,Std,2013-05-29 13:00:00,133.0
MAC000034,Std,2013-05-29 13:30:00,107.0
MAC000034,Std,2013-05-29 14:00:00,76.0
MAC000034,Std,2013-05-29 14:30:00,51.0
MAC000034,Std,2013-05-29 15:00:00,107.0
MAC000034,Std,2013-05-29 15:30:00,119.0
MAC000034,Std,2013-05-29 16:00:00,59.0
MAC000034,Std,2013-05-29 16:30:00,178.0
MAC000034,Std,2013-05-29 17:00:00,139.0
MAC000034,Std,2013-05-29 17:30:00,116.0
MAC000034,Std,2013-05-29 18:00:00,117.0
MAC000034,Std,2013-05-29 18:30:00,134.0
MAC000034,Std,2013-05-29 19:00:00,214.0
MAC000034,Std,2013-05-29 19:30:00,200.0
MAC000034,Std,2013-05-29 20:00:00,269.0
MAC000034,Std,2013-05-29 20:30:00,580.0
MAC000034,Std,2013-05-29 21:00:00,658.0
MAC000034,Std,2013-05-29 21:30:00,677.0
MAC000034,Std,2013-05-29 22:00:00,712.0
MAC000034,Std,2013-05-29 22:30:00,665.0
MAC000034,Std,2013-05-29 23:00:00,615.0
MAC000034,Std,2013-05-29 23:30:00,353.0
MAC000034,Std,2013-05-30 00:00:00,900.0
MAC000034,Std,2013-05-30 00:30:00,753.0
MAC000034,Std,2013-05-30 01:00:00,720.0
MAC000034,Std,2013-05-30 01:30:00,531.0
MAC000034,Std,2013-05-30 02:00:00,621.0
MAC000034,Std,2013-05-30 02:30:00,530.0
MAC000034,Std,2013-05-30 03:00:00,517.0
MAC000034,Std,2013-05-30 03:30:00,116.0
MAC000034,Std,2013-05-30 04:00:00,559.0
MAC000034,Std,2013-05-30 04:30:00,553.0
MAC000034,Std,2013-05-30 05:00:00,37.0
MAC000034,Std,2013-05-30 05:30:00,476.0
MAC000034,Std,2013-05-30 06:00:00,47.0
MAC000034,Std,2013-05-30 06:30:00,57.0
MAC000034,Std,2013-05-30 07:00:00,52.0
MAC000034,Std,2013-05-30 07:30:00,46.0
MAC000034,Std,2013-05-30 08:00:00,92.0
MAC000034,Std,2013-05-30 08:30:00,117.0
MAC000034,Std,2013-05-30 09:00:00,180.0
MAC000034,Std,2013-05-30 09:30:00,188.0
MAC000034,Std,2013-05-30 10:00:00,133.0
MAC000034,Std,2013-05-30 10:30:00,98.0
MAC000034,Std,2013-05-30 11:00:00,131.0
MAC000034,Std,2013-05-30 11:30:00,77.0
MAC000034,Std,2013-05-30 12:00:00,86.0
MAC000034,Std,2013-05-30 12:30:00,141.0
MAC000034,Std,2013-05-30 13:00:00,241.0
MAC000034,Std,2013-05-30 13:30:00,164.0
MAC000034,Std,2013-05-30 14:00:00,123.0
MAC000034,Std,2013-05-30 14:30:00,143.0
MAC000034,Std,2013-05-30 15:00:00,140.0
MAC000034,Std,2013-05-30 15:30:00,55.0
MAC000034,Std,2013-05-30 16:00:00,62.0
MAC000034,Std,2013-05-30 16:30:00,71.0
MAC000034,Std,2013-05-30 17:00:00,244.0
MAC000034,Std,2013-05-30 17:30:00,177.0
MAC000034,Std,2013-05-30 18:00:00,166.0
MAC000034,Std,2013-05-30 18:30:00,117.0
MAC000034,Std,2013-05-30 19:00:00,132.0
MAC000034,Std,2013-05-30 19:30:00,196.0
MAC000034,Std,2013-05-30 20:00:00,218.0
MAC000034,Std,2013-05-30 20:30:00,175.0
MAC000034,Std,2013-05-30 21:00:00,233.0
MAC000034,Std,2013-05-30 21:30:00,235.0
MAC000034,Std,2013-05-30 22:00:00,261.0
MAC000034,Std,2013-05-30 22:30:00,240.0
MAC000034,Std,2013-05-30 23:00:00,202.0
MAC000034,Std,2013-05-30 23:30:00,252.0
MAC000034,Std,2013-05-31 00:00:00,855.0
MAC000034,Std,2013-05-31 00:30:00,608.0
MAC000034,Std,2013-05-31 01:00:00,711.0
MAC000034,Std,2013-05-31 01:30:00,709.0
MAC000034,Std,2013-05-31 02:00:00,595.0
MAC000034,Std,2013-05-31 02:30:00,426.0
MAC000034,Std,2013-05-31 03:00:00,453.0
MAC000034,Std,2013-05-31 03:30:00,394.0
MAC000034,Std,2013-05-31 04:00:00,411.0
MAC000034,Std,2013-05-31 04:30:00,463.0
MAC000034,Std,2013-05-31 05:00:00,69.0
MAC000034,Std,2013-05-31 05:30:00,542.0
MAC000034,Std,2013-05-31 06:00:00,126.0
MAC000034,Std,2013-05-31 06:30:00,395.0
MAC000034,Std,2013-05-31 07:00:00,57.0
MAC000034,Std,2013-05-31 07:30:00,43.0
MAC000034,Std,2013-05-31 08:00:00,53.0
MAC000034,Std,2013-05-31 08:30:00,69.0
MAC000034,Std,2013-05-31 09:00:00,115.0
MAC000034,Std,2013-05-31 09:30:00,117.0
MAC000034,Std,2013-05-31 10:00:00,289.0
MAC000034,Std,2013-05-31 10:30:00,204.0
MAC000034,Std,2013-05-31 11:00:00,182.0
MAC000034,Std,2013-05-31 11:30:00,186.0
MAC000034,Std,2013-05-31 12:00:00,138.0
MAC000034,Std,2013-05-31 12:30:00,1842.0
MAC000034,Std,2013-05-31 13:00:00,90.0
MAC000034,Std,2013-05-31 13:30:00,127.0
MAC000034,Std,2013-05-31 14:00:00,82.0
MAC000034,Std,2013-05-31 14:30:00,145.0
MAC000034,Std,2013-05-31 15:00:00,165.0
MAC000034,Std,2013-05-31 15:30:00,76.0
MAC000034,Std,2013-05-31 16:00:00,41.0
MAC000034,Std,2013-05-31 16:30:00,66.0
MAC000034,Std,2013-05-31 17:00:00,120.0
MAC000034,Std,2013-05-31 17:30:00,124.0
MAC000034,Std,2013-05-31 18:00:00,177.0
MAC000034,Std,2013-05-31 18:30:00,168.0
MAC000034,Std,2013-05-31 19:00:00,177.0
MAC000034,Std,2013-05-31 19:30:00,221.0
MAC000034,Std,2013-05-31 20:00:00,192.0
MAC000034,Std,2013-05-31 20:30:00,167.0
MAC000034,Std,2013-05-31 21:00:00,167.0
MAC000034,Std,2013-05-31 21:30:00,217.0
MAC000034,Std,2013-05-31 22:00:00,179.0
MAC000034,Std,2013-05-31 22:30:00,231.0
MAC000034,Std,2013-05-31 23:00:00,221.0
MAC000034,Std,2013-05-31 23:30:00,160.0
MAC000034,Std,2013-06-01 00:00:00,745.0
MAC000034,Std,2013-06-01 00:30:00,561.0
MAC000034,Std,2013-06-01 01:00:00,632.0
MAC000034,Std,2013-06-01 01:30:00,565.0
MAC000034,Std,2013-06-01 02:00:00,483.0
MAC000034,Std,2013-06-01 02:30:00,598.0
MAC000034,Std,2013-06-01 03:00:00,688.0
MAC000034,Std,2013-06-01 03:30:00,567.0
MAC000034,Std,2013-06-01 04:00:00,54.0
MAC000034,Std,2013-06-01 04:30:00,491.0
MAC000034,Std,2013-06-01 05:00:00,112.0
MAC000034,Std,2013-06-01 05:30:00,423.0
MAC000034,Std,2013-06-01 06:00:00,50.0
MAC000034,Std,2013-06-01 06:30:00,59.0
MAC000034,Std,2013-06-01 07:00:00,129.0
MAC000034,Std,2013-06-01 07:30:00,89.0
MAC000034,Std,2013-06-01 08:00:00,82.0
MAC000034,Std,2013-06-01 08:30:00,41.0
MAC000034,Std,2013-06-01 09:00:00,89.0
MAC000034,Std,2013-06-01 09:30:00,119.0
MAC000034,Std,2013-06-01 10:00:00,108.0
MAC000034,Std,2013-06-01 10:30:00,229.0
MAC000034,Std,2013-06-01 11:00:00,122.0
MAC000034,Std,2013-06-01 11:30:00,135.0
MAC000034,Std,2013-06-01 12:00:00,96.0
MAC000034,Std,2013-06-01 12:30:00,149.0
MAC000034,Std,2013-06-01 13:00:00,127.0
MAC000034,Std,2013-06-01 13:30:00,38.0
MAC000034,Std,2013-06-01 14:00:00,67.0
MAC000034,Std,2013-06-01 14:30:00,38.0
MAC000034,Std,2013-06-01 15:00:00,81.0
MAC000034,Std,2013-06-01 15:30:00,171.0
MAC000034,Std,2013-06-01 16:00:00,109.0
MAC000034,Std,2013-06-01 16:30:00,91.0
MAC000034,Std,2013-06-01 17:00:00,138.0
MAC000034,Std,2013-06-01 17:30:00,113.0
MAC000034,Std,2013-06-01 18:00:00,122.0
MAC000034,Std,2013-06-01 18:30:00,118.0
MAC000034,Std,2013-06-01 19:00:00,134.0
MAC000034,Std,2013-06-01 19:30:00,184.0
MAC000034,Std,2013-06-01 20:00:00,210.0
MAC000034,Std,2013-06-01 20:30:00,228.0
MAC000034,Std,2013-06-01 21:00:00,168.0
MAC000034,Std,2013-06-01 21:30:00,166.0
MAC000034,Std,2013-06-01 22:00:00,166.0
MAC000034,Std,2013-06-01 22:30:00,175.0
MAC000034,Std,2013-06-01 23:00:00,155.0
MAC000034,Std,2013-06-01 23:30:00,196.0
MAC000034,Std,2013-06-02 00:00:00,895.0
MAC000034,Std,2013-06-02 00:30:00,772.0
MAC000034,Std,2013-06-02 01:00:00,704.0
MAC000034,Std,2013-06-02 01:30:00,687.0
MAC000034,Std,2013-06-02 02:00:00,565.0
MAC000034,Std,2013-06-02 02:30:00,392.0
MAC000034,Std,2013-06-02 03:00:00,502.0
MAC000034,Std,2013-06-02 03:30:00,432.0
MAC000034,Std,2013-06-02 04:00:00,563.0
MAC000034,Std,2013-06-02 04:30:00,555.0
MAC000034,Std,2013-06-02 05:00:00,37.0
MAC000034,Std,2013-06-02 05:30:00,497.0
MAC000034,Std,2013-06-02 06:00:00,46.0
MAC000034,Std,2013-06-02 06:30:00,54.0
MAC000034,Std,2013-06-02 07:00:00,61.0
MAC000034,Std,2013-06-02 07:30:00,42.0
MAC000034,Std,2013-06-02 08:00:00,129.0
MAC000034,Std,2013-06-02 08:30:00,97.0
MAC000034,Std,2013-06-02 09:00:00,98.0
MAC000034,Std,2013-06-02 09:30:00,118.0
MAC000034,Std,2013-06-02 10:00:00,194.0
MAC000034,Std,2013-06-02 10:30:00,108.0
MAC000034,Std,2013-06-02 11:00:00,45.0
MAC000034,Std,2013-06-02 11:30:00,115.0
MAC000034,Std,2013-06-02 12:00:00,114.0
MAC000034,Std,2013-06-02 12:30:00,157.0
MAC000034,Std,2013-06-02 13:00:00,158.0
MAC000034,Std,2013-06-02 13:30:00,66.0
MAC000034,Std,2013-06-02 14:00:00,65.0
MAC000034,Std,2013-06-02 14:30:00,66.0
MAC000034,Std,2013-06-02 15:00:00,101.0
MAC000034,Std,2013-06-02 15:30:00,94.0
MAC000034,Std,2013-06-02 16:00:00,88.0
MAC000034,Std,2013-06-02 16:30:00,266.0
MAC000034,Std,2013-06-02 17:00:00,172.0
MAC000034,Std,2013-06-02 17:30:00,70.0
MAC000034,Std,2013-06-02 18:00:00,62.0
MAC000034,Std,2013-06-02 18:30:00,61.0
MAC000034,Std,2013-06-02 19:00:00,83.0
MAC000034,Std,2013-06-02 19:30:00,119.0
MAC000034,Std,2013-06-02 20:00:00,194.0
MAC000034,Std,2013-06-02 20:30:00,229.0
MAC000034,Std,2013-06-02 21:00:00,223.0
MAC000034,Std,2013-06-02 21:30:00,183.0
MAC000034,Std,2013-06-02 22:00:00,180.0
MAC000034,Std,2013-06-02 22:30:00,179.0
MAC000034,Std,2013-06-02 23:00:00,163.0
MAC000034,Std,2013-06-02 23:30:00,175.0
MAC000034,Std,2013-06-03 00:00:00,788.0
MAC000034,Std,2013-06-03 00:30:00,762.0
MAC000034,Std,2013-06-03 01:00:00,791.0
MAC000034,Std,2013-06-03 01:30:00,701.0
MAC000034,Std,2013-06-03 02:00:00,561.0
MAC000034,Std,2013-06-03 02:30:00,446.0
MAC000034,Std,2013-06-03 03:00:00,336.0
MAC000034,Std,2013-06-03 03:30:00,334.0
MAC000034,Std,2013-06-03 04:00:00,507.0
MAC000034,Std,2013-06-03 04:30:00,527.0
MAC000034,Std,2013-06-03 05:00:00,109.0
MAC000034,Std,2013-06-03 05:30:00,465.0
MAC000034,Std,2013-06-03 06:00:00,37.0
MAC000034,Std,2013-06-03 06:30:00,70.0
MAC000034,Std,2013-06-03 07:00:00,33.0
MAC000034,Std,2013-06-03 07:30:00,66.0
MAC000034,Std,2013-06-03 08:00:00,36.0
MAC000034,Std,2013-06-03 08:30:00,81.0
MAC000034,Std,2013-06-03 09:00:00,249.0
MAC000034,Std,2013-06-03 09:30:00,171.0
MAC000034,Std,2013-06-03 10:00:00,174.0
MAC000034,Std,2013-06-03 10:30:00,62.0
MAC000034,Std,2013-06-03 11:00:00,63.0
MAC000034,Std,2013-06-03 11:30:00,35.0
MAC000034,Std,2013-06-03 12:00:00,68.0
MAC000034,Std,2013-06-03 12:30:00,33.0
MAC000034,Std,2013-06-03 13:00:00,90.0
MAC000034,Std,2013-06-03 13:30:00,108.0
MAC000034,Std,2013-06-03 14:00:00,109.0
MAC000034,Std,2013-06-03 14:30:00,67.0
MAC000034,Std,2013-06-03 15:00:00,31.0
MAC000034,Std,2013-06-03 15:30:00,68.0
MAC000034,Std,2013-06-03 16:00:00,48.0
MAC000034,Std,2013-06-03 16:30:00,150.0
MAC000034,Std,2013-06-03 17:00:00,66.0
MAC000034,Std,2013-06-03 17:30:00,97.0
MAC000034,Std,2013-06-03 18:00:00,159.0
MAC000034,Std,2013-06-03 18:30:00,147.0
MAC000034,Std,2013-06-03 19:00:00,83.0
MAC000034,Std,2013-06-03 19:30:00,127.0
MAC000034,Std,2013-06-03 20:00:00,180.0
MAC000034,Std,2013-06-03 20:30:00,220.0
MAC000034,Std,2013-06-03 21:00:00,239.0
MAC000034,Std,2013-06-03 21:30:00,213.0
MAC000034,Std,2013-06-03 22:00:00,245.0
MAC000034,Std,2013-06-03 22:30:00,195.0
MAC000034,Std,2013-06-03 23:00:00,119.0
MAC000034,Std,2013-06-03 23:30:00,69.0
MAC000034,Std,2013-06-04 00:00:00,838.0
MAC000034,Std,2013-06-04 00:30:00,867.0
MAC000034,Std,2013-06-04 01:00:00,831.0
MAC000034,Std,2013-06-04 01:30:00,653.0
MAC000034,Std,2013-06-04 02:00:00,626.0
MAC000034,Std,2013-06-04 02:30:00,393.0
MAC000034,Std,2013-06-04 03:00:00,586.0
MAC000034,Std,2013-06-04 03:30:00,455.0
MAC000034,Std,2013-06-04 04:00:00,486.0
MAC000034,Std,2013-06-04 04:30:00,46.0
MAC000034,Std,2013-06-04 05:00:00,473.0
MAC000034,Std,2013-06-04 05:30:00,60.0
MAC000034,Std,2013-06-04 06:00:00,512.0
MAC000034,Std,2013-06-04 06:30:00,126.0
MAC000034,Std,2013-06-04 07:00:00,138.0
MAC000034,Std,2013-06-04 07:30:00,206.0
MAC000034,Std,2013-06-04 08:00:00,89.0
MAC000034,Std,2013-06-04 08:30:00,95.0
MAC000034,Std,2013-06-04 09:00:00,38.0
MAC000034,Std,2013-06-04 09:30:00,59.0
MAC000034,Std,2013-06-04 10:00:00,79.0
MAC000034,Std,2013-06-04 10:30:00,111.0
MAC000034,Std,2013-06-04 11:00:00,109.0
MAC000034,Std,2013-06-04 11:30:00,31.0
MAC000034,Std,2013-06-04 12:00:00,66.0
MAC000034,Std,2013-06-04 12:30:00,148.0
MAC000034,Std,2013-06-04 13:00:00,61.0
MAC000034,Std,2013-06-04 13:30:00,121.0
MAC000034,Std,2013-06-04 14:00:00,85.0
MAC000034,Std,2013-06-04 14:30:00,127.0
MAC000034,Std,2013-06-04 15:00:00,122.0
MAC000034,Std,2013-06-04 15:30:00,78.0
MAC000034,Std,2013-06-04 16:00:00,126.0
MAC000034,Std,2013-06-04 16:30:00,52.0
MAC000034,Std,2013-06-04 17:00:00,64.0
MAC000034,Std,2013-06-04 17:30:00,64.0
MAC000034,Std,2013-06-04 18:00:00,58.0
MAC000034,Std,2013-06-04 18:30:00,159.0
MAC000034,Std,2013-06-04 19:00:00,175.0
MAC000034,Std,2013-06-04 19:30:00,162.0
MAC000034,Std,2013-06-04 20:00:00,161.0
MAC000034,Std,2013-06-04 20:30:00,78.0
MAC000034,Std,2013-06-04 21:00:00,186.0
MAC000034,Std,2013-06-04 21:30:00,185.0
MAC000034,Std,2013-06-04 22:00:00,157.0
MAC000034,Std,2013-06-04 22:30:00,227.0
MAC000034,Std,2013-06-04 23:00:00,234.0
MAC000034,Std,2013-06-04 23:30:00,187.0
MAC000034,Std,2013-06-05 00:00:00,748.0
MAC000034,Std,2013-06-05 00:30:00,620.0
MAC000034,Std,2013-06-05 01:00:00,759.0
MAC000034,Std,2013-06-05 01:30:00,522.0
MAC000034,Std,2013-06-05 02:00:00,546.0
MAC000034,Std,2013-06-05 02:30:00,539.0
MAC000034,Std,2013-06-05 03:00:00,371.0
MAC000034,Std,2013-06-05 03:30:00,304.0
MAC000034,Std,2013-06-05 04:00:00,474.0
MAC000034,Std,2013-06-05 04:30:00,511.0
MAC000034,Std,2013-06-05 05:00:00,69.0
MAC000034,Std,2013-06-05 05:30:00,456.0
MAC000034,Std,2013-06-05 06:00:00,67.0
MAC000034,Std,2013-06-05 06:30:00,59.0
MAC000034,Std,2013-06-05 07:00:00,100.0
MAC000034,Std,2013-06-05 07:30:00,122.0
MAC000034,Std,2013-06-05 08:00:00,59.0
MAC000034,Std,2013-06-05 08:30:00,50.0
MAC000034,Std,2013-06-05 09:00:00,67.0
MAC000034,Std,2013-06-05 09:30:00,32.0
MAC000034,Std,2013-06-05 10:00:00,105.0
MAC000034,Std,2013-06-05 10:30:00,111.0
MAC000034,Std,2013-06-05 11:00:00,237.0
MAC000034,Std,2013-06-05 11:30:00,184.0
MAC000034,Std,2013-06-05 12:00:00,157.0
MAC000034,Std,2013-06-05 12:30:00,176.0
MAC000034,Std,2013-06-05 13:00:00,188.0
MAC000034,Std,2013-06-05 13:30:00,112.0
MAC000034,Std,2013-06-05 14:00:00,65.0
MAC000034,Std,2013-06-05 14:30:00,63.0
MAC000034,Std,2013-06-05 15:00:00,104.0
MAC000034,Std,2013-06-05 15:30:00,216.0
MAC000034,Std,2013-06-05 16:00:00,211.0
MAC000034,Std,2013-06-05 16:30:00,256.0
MAC000034,Std,2013-06-05 17:00:00,126.0
MAC000034,Std,2013-06-05 17:30:00,70.0
MAC000034,Std,2013-06-05 18:00:00,88.0
MAC000034,Std,2013-06-05 18:30:00,118.0
MAC000034,Std,2013-06-05 19:00:00,129.0
MAC000034,Std,2013-06-05 19:30:00,212.0
MAC000034,Std,2013-06-05 20:00:00,276.0
MAC000034,Std,2013-06-05 20:30:00,237.0
MAC000034,Std,2013-06-05 21:00:00,188.0
MAC000034,Std,2013-06-05 21:30:00,259.0
MAC000034,Std,2013-06-05 22:00:00,288.0
MAC000034,Std,2013-06-05 22:30:00,154.0
MAC000034,Std,2013-06-05 23:00:00,170.0
MAC000034,Std,2013-06-05 23:30:00,205.0
MAC000034,Std,2013-06-06 00:00:00,923.0
MAC000034,Std,2013-06-06 00:30:00,764.0
MAC000034,Std,2013-06-06 01:00:00,730.0
MAC000034,Std,2013-06-06 01:30:00,700.0
MAC000034,Std,2013-06-06 02:00:00,538.0
MAC000034,Std,2013-06-06 02:30:00,538.0
MAC000034,Std,2013-06-06 03:00:00,339.0
MAC000034,Std,2013-06-06 03:30:00,234.0
MAC000034,Std,2013-06-06 04:00:00,562.0
MAC000034,Std,2013-06-06 04:30:00,550.0
MAC000034,Std,2013-06-06 05:00:00,53.0
MAC000034,Std,2013-06-06 05:30:00,470.0
MAC000034,Std,2013-06-06 06:00:00,46.0
MAC000034,Std,2013-06-06 06:30:00,58.0
MAC000034,Std,2013-06-06 07:00:00,66.0
MAC000034,Std,2013-06-06 07:30:00,28.0
MAC000034,Std,2013-06-06 08:00:00,136.0
MAC000034,Std,2013-06-06 08:30:00,121.0
MAC000034,Std,2013-06-06 09:00:00,84.0
MAC000034,Std,2013-06-06 09:30:00,124.0
MAC000034,Std,2013-06-06 10:00:00,200.0
MAC000034,Std,2013-06-06 10:30:00,104.0
MAC000034,Std,2013-06-06 11:00:00,180.0
MAC000034,Std,2013-06-06 11:30:00,101.0
MAC000034,Std,2013-06-06 12:00:00,70.0
MAC000034,Std,2013-06-06 12:30:00,127.0
MAC000034,Std,2013-06-06 13:00:00,102.0
MAC000034,Std,2013-06-06 13:30:00,58.0
MAC000034,Std,2013-06-06 14:00:00,66.0
MAC000034,Std,2013-06-06 14:30:00,66.0
MAC000034,Std,2013-06-06 15:00:00,36.0
MAC000034,Std,2013-06-06 15:30:00,54.0
MAC000034,Std,2013-06-06 16:00:00,82.0
MAC000034,Std,2013-06-06 16:30:00,125.0
MAC000034,Std,2013-06-06 17:00:00,111.0
MAC000034,Std,2013-06-06 17:30:00,49.0
MAC000034,Std,2013-06-06 18:00:00,66.0
MAC000034,Std,2013-06-06 18:30:00,69.0
MAC000034,Std,2013-06-06 19:00:00,189.0
MAC000034,Std,2013-06-06 19:30:00,120.0
MAC000034,Std,2013-06-06 20:00:00,169.0
MAC000034,Std,2013-06-06 20:30:00,173.0
MAC000034,Std,2013-06-06 21:00:00,192.0
MAC000034,Std,2013-06-06 21:30:00,228.0
MAC000034,Std,2013-06-06 22:00:00,203.0
MAC000034,Std,2013-06-06 22:30:00,179.0
MAC000034,Std,2013-06-06 23:00:00,174.0
MAC000034,Std,2013-06-06 23:30:00,106.0
MAC000034,Std,2013-06-07 00:00:00,904.0
MAC000034,Std,2013-06-07 00:30:00,834.0
MAC000034,Std,2013-06-07 01:00:00,767.0
MAC000034,Std,2013-06-07 01:30:00,601.0
MAC000034,Std,2013-06-07 02:00:00,494.0
MAC000034,Std,2013-06-07 02:30:00,536.0
MAC000034,Std,2013-06-07 03:00:00,513.0
MAC000034,Std,2013-06-07 03:30:00,539.0
MAC000034,Std,2013-06-07 04:00:00,402.0
MAC000034,Std,2013-06-07 04:30:00,171.0
MAC000034,Std,2013-06-07 05:00:00,526.0
MAC000034,Std,2013-06-07 05:30:00,108.0
MAC000034,Std,2013-06-07 06:00:00,41.0
MAC000034,Std,2013-06-07 06:30:00,62.0
MAC000034,Std,2013-06-07 07:00:00,64.0
MAC000034,Std,2013-06-07 07:30:00,28.0
MAC000034,Std,2013-06-07 08:00:00,65.0
MAC000034,Std,2013-06-07 08:30:00,75.0
MAC000034,Std,2013-06-07 09:00:00,98.0
MAC000034,Std,2013-06-07 09:30:00,165.0
MAC000034,Std,2013-06-07 10:00:00,203.0
MAC000034,Std,2013-06-07 10:30:00,82.0
MAC000034,Std,2013-06-07 11:00:00,158.0
MAC000034,Std,2013-06-07 11:30:00,126.0
MAC000034,Std,2013-06-07 12:00:00,315.0
MAC000034,Std,2013-06-07 12:30:00,518.0
MAC000034,Std,2013-06-07 13:00:00,308.0
MAC000034,Std,2013-06-07 13:30:00,191.0
MAC000034,Std,2013-06-07 14:00:00,141.0
MAC000034,Std,2013-06-07 14:30:00,85.0
MAC000034,Std,2013-06-07 15:00:00,120.0
MAC000034,Std,2013-06-07 15:30:00,349.0
MAC000034,Std,2013-06-07 16:00:00,31.0
MAC000034,Std,2013-06-07 16:30:00,148.0
MAC000034,Std,2013-06-07 17:00:00,120.0
MAC000034,Std,2013-06-07 17:30:00,142.0
MAC000034,Std,2013-06-07 18:00:00,127.0
MAC000034,Std,2013-06-07 18:30:00,66.0
MAC000034,Std,2013-06-07 19:00:00,113.0
MAC000034,Std,2013-06-07 19:30:00,188.0
MAC000034,Std,2013-06-07 20:00:00,217.0
MAC000034,Std,2013-06-07 20:30:00,165.0
MAC000034,Std,2013-06-07 21:00:00,214.0
MAC000034,Std,2013-06-07 21:30:00,237.0
MAC000034,Std,2013-06-07 22:00:00,208.0
MAC000034,Std,2013-06-07 22:30:00,162.0
MAC000034,Std,2013-06-07 23:00:00,176.0
MAC000034,Std,2013-06-07 23:30:00,98.0
MAC000034,Std,2013-06-08 00:00:00,878.0
MAC000034,Std,2013-06-08 00:30:00,718.0
MAC000034,Std,2013-06-08 01:00:00,792.0
MAC000034,Std,2013-06-08 01:30:00,797.0
MAC000034,Std,2013-06-08 02:00:00,704.0
MAC000034,Std,2013-06-08 02:30:00,464.0
MAC000034,Std,2013-06-08 03:00:00,521.0
MAC000034,Std,2013-06-08 03:30:00,134.0
MAC000034,Std,2013-06-08 04:00:00,309.0
MAC000034,Std,2013-06-08 04:30:00,343.0
MAC000034,Std,2013-06-08 05:00:00,401.0
MAC000034,Std,2013-06-08 05:30:00,107.0
MAC000034,Std,2013-06-08 06:00:00,546.0
MAC000034,Std,2013-06-08 06:30:00,65.0
MAC000034,Std,2013-06-08 07:00:00,67.0
MAC000034,Std,2013-06-08 07:30:00,46.0
MAC000034,Std,2013-06-08 08:00:00,51.0
MAC000034,Std,2013-06-08 08:30:00,60.0
MAC000034,Std,2013-06-08 09:00:00,82.0
MAC000034,Std,2013-06-08 09:30:00,93.0
MAC000034,Std,2013-06-08 10:00:00,214.0
MAC000034,Std,2013-06-08 10:30:00,174.0
MAC000034,Std,2013-06-08 11:00:00,124.0
MAC000034,Std,2013-06-08 11:30:00,157.0
MAC000034,Std,2013-06-08 12:00:00,124.0
MAC000034,Std,2013-06-08 12:30:00,40.0
MAC000034,Std,2013-06-08 13:00:00,104.0
MAC000034,Std,2013-06-08 13:30:00,119.0
MAC000034,Std,2013-06-08 14:00:00,127.0
MAC000034,Std,2013-06-08 14:30:00,126.0
MAC000034,Std,2013-06-08 15:00:00,121.0
MAC000034,Std,2013-06-08 15:30:00,30.0
MAC000034,Std,2013-06-08 16:00:00,83.0
MAC000034,Std,2013-06-08 16:30:00,212.0
MAC000034,Std,2013-06-08 17:00:00,170.0
MAC000034,Std,2013-06-08 17:30:00,62.0
MAC000034,Std,2013-06-08 18:00:00,124.0
MAC000034,Std,2013-06-08 18:30:00,120.0
MAC000034,Std,2013-06-08 19:00:00,168.0
MAC000034,Std,2013-06-08 19:30:00,214.0
MAC000034,Std,2013-06-08 20:00:00,175.0
MAC000034,Std,2013-06-08 20:30:00,139.0
MAC000034,Std,2013-06-08 21:00:00,167.0
MAC000034,Std,2013-06-08 21:30:00,158.0
MAC000034,Std,2013-06-08 22:00:00,187.0
MAC000034,Std,2013-06-08 22:30:00,225.0
MAC000034,Std,2013-06-08 23:00:00,203.0
MAC000034,Std,2013-06-08 23:30:00,99.0
MAC000034,Std,2013-06-09 00:00:00,857.0
MAC000034,Std,2013-06-09 00:30:00,781.0
MAC000034,Std,2013-06-09 01:00:00,477.0
MAC000034,Std,2013-06-09 01:30:00,654.0
MAC000034,Std,2013-06-09 02:00:00,457.0
MAC000034,Std,2013-06-09 02:30:00,631.0
MAC000034,Std,2013-06-09 03:00:00,588.0
MAC000034,Std,2013-06-09 03:30:00,328.0
MAC000034,Std,2013-06-09 04:00:00,332.0
MAC000034,Std,2013-06-09 04:30:00,322.0
MAC000034,Std,2013-06-09 05:00:00,361.0
MAC000034,Std,2013-06-09 05:30:00,69.0
MAC000034,Std,2013-06-09 06:00:00,438.0
MAC000034,Std,2013-06-09 06:30:00,116.0
MAC000034,Std,2013-06-09 07:00:00,101.0
MAC000034,Std,2013-06-09 07:30:00,98.0
MAC000034,Std,2013-06-09 08:00:00,57.0
MAC000034,Std,2013-06-09 08:30:00,39.0
MAC000034,Std,2013-06-09 09:00:00,97.0
MAC000034,Std,2013-06-09 09:30:00,115.0
MAC000034,Std,2013-06-09 10:00:00,196.0
MAC000034,Std,2013-06-09 10:30:00,101.0
MAC000034,Std,2013-06-09 11:00:00,165.0
MAC000034,Std,2013-06-09 11:30:00,208.0
MAC000034,Std,2013-06-09 12:00:00,180.0
MAC000034,Std,2013-06-09 12:30:00,71.0
MAC000034,Std,2013-06-09 13:00:00,37.0
MAC000034,Std,2013-06-09 13:30:00,60.0
MAC000034,Std,2013-06-09 14:00:00,60.0
MAC000034,Std,2013-06-09 14:30:00,102.0
MAC000034,Std,2013-06-09 15:00:00,145.0
MAC000034,Std,2013-06-09 15:30:00,179.0
MAC000034,Std,2013-06-09 16:00:00,170.0
MAC000034,Std,2013-06-09 16:30:00,81.0
MAC000034,Std,2013-06-09 17:00:00,210.0
MAC000034,Std,2013-06-09 17:30:00,116.0
MAC000034,Std,2013-06-09 18:00:00,116.0
MAC000034,Std,2013-06-09 18:30:00,115.0
MAC000034,Std,2013-06-09 19:00:00,128.0
MAC000034,Std,2013-06-09 19:30:00,211.0
MAC000034,Std,2013-06-09 20:00:00,234.0
MAC000034,Std,2013-06-09 20:30:00,216.0
MAC000034,Std,2013-06-09 21:00:00,166.0
MAC000034,Std,2013-06-09 21:30:00,166.0
MAC000034,Std,2013-06-09 22:00:00,151.0
MAC000034,Std,2013-06-09 22:30:00,192.0
MAC000034,Std,2013-06-09 23:00:00,172.0
MAC000034,Std,2013-06-09 23:30:00,115.0
MAC000034,Std,2013-06-10 00:00:00,950.0
MAC000034,Std,2013-06-10 00:30:00,807.0
MAC000034,Std,2013-06-10 01:00:00,791.0
MAC000034,Std,2013-06-10 01:30:00,687.0
MAC000034,Std,2013-06-10 02:00:00,582.0
MAC000034,Std,2013-06-10 02:30:00,383.0
MAC000034,Std,2013-06-10 03:00:00,388.0
MAC000034,Std,2013-06-10 03:30:00,516.0
MAC000034,Std,2013-06-10 04:00:00,389.0
MAC000034,Std,2013-06-10 04:30:00,361.0
MAC000034,Std,2013-06-10 05:00:00,361.0
MAC000034,Std,2013-06-10 05:30:00,60.0
MAC000034,Std,2013-06-10 06:00:00,473.0
MAC000034,Std,2013-06-10 06:30:00,34.0
MAC000034,Std,2013-06-10 07:00:00,68.0
MAC000034,Std,2013-06-10 07:30:00,45.0
MAC000034,Std,2013-06-10 08:00:00,78.0
MAC000034,Std,2013-06-10 08:30:00,159.0
MAC000034,Std,2013-06-10 09:00:00,239.0
MAC000034,Std,2013-06-10 09:30:00,135.0
MAC000034,Std,2013-06-10 10:00:00,170.0
MAC000034,Std,2013-06-10 10:30:00,50.0
MAC000034,Std,2013-06-10 11:00:00,65.0
MAC000034,Std,2013-06-10 11:30:00,29.0
MAC000034,Std,2013-06-10 12:00:00,69.0
MAC000034,Std,2013-06-10 12:30:00,94.0
MAC000034,Std,2013-06-10 13:00:00,110.0
MAC000034,Std,2013-06-10 13:30:00,101.0
MAC000034,Std,2013-06-10 14:00:00,30.0
MAC000034,Std,2013-06-10 14:30:00,66.0
MAC000034,Std,2013-06-10 15:00:00,50.0
MAC000034,Std,2013-06-10 15:30:00,47.0
MAC000034,Std,2013-06-10 16:00:00,67.0
MAC000034,Std,2013-06-10 16:30:00,126.0
MAC000034,Std,2013-06-10 17:00:00,128.0
MAC000034,Std,2013-06-10 17:30:00,159.0
MAC000034,Std,2013-06-10 18:00:00,120.0
MAC000034,Std,2013-06-10 18:30:00,185.0
MAC000034,Std,2013-06-10 19:00:00,146.0
MAC000034,Std,2013-06-10 19:30:00,121.0
MAC000034,Std,2013-06-10 20:00:00,154.0
MAC000034,Std,2013-06-10 20:30:00,178.0
MAC000034,Std,2013-06-10 21:00:00,246.0
MAC000034,Std,2013-06-10 21:30:00,226.0
MAC000034,Std,2013-06-10 22:00:00,210.0
MAC000034,Std,2013-06-10 22:30:00,140.0
MAC000034,Std,2013-06-10 23:00:00,166.0
MAC000034,Std,2013-06-10 23:30:00,147.0
MAC000034,Std,2013-06-11 00:00:00,746.0
MAC000034,Std,2013-06-11 00:30:00,817.0
MAC000034,Std,2013-06-11 01:00:00,760.0
MAC000034,Std,2013-06-11 01:30:00,728.0
MAC000034,Std,2013-06-11 02:00:00,534.0
MAC000034,Std,2013-06-11 02:30:00,563.0
MAC000034,Std,2013-06-11 03:00:00,520.0
MAC000034,Std,2013-06-11 03:30:00,306.0
MAC000034,Std,2013-06-11 04:00:00,304.0
MAC000034,Std,2013-06-11 04:30:00,533.0
MAC000034,Std,2013-06-11 05:00:00,41.0
MAC000034,Std,2013-06-11 05:30:00,476.0
MAC000034,Std,2013-06-11 06:00:00,125.0
MAC000034,Std,2013-06-11 06:30:00,95.0
MAC000034,Std,2013-06-11 07:00:00,80.0
MAC000034,Std,2013-06-11 07:30:00,39.0
MAC000034,Std,2013-06-11 08:00:00,54.0
MAC000034,Std,2013-06-11 08:30:00,75.0
MAC000034,Std,2013-06-11 09:00:00,95.0
MAC000034,Std,2013-06-11 09:30:00,124.0
MAC000034,Std,2013-06-11 10:00:00,212.0
MAC000034,Std,2013-06-11 10:30:00,229.0
MAC000034,Std,2013-06-11 11:00:00,113.0
MAC000034,Std,2013-06-11 11:30:00,44.0
MAC000034,Std,2013-06-11 12:00:00,67.0
MAC000034,Std,2013-06-11 12:30:00,36.0
MAC000034,Std,2013-06-11 13:00:00,226.0
MAC000034,Std,2013-06-11 13:30:00,118.0
MAC000034,Std,2013-06-11 14:00:00,114.0
MAC000034,Std,2013-06-11 14:30:00,533.0
MAC000034,Std,2013-06-11 15:00:00,297.0
MAC000034,Std,2013-06-11 15:30:00,77.0
MAC000034,Std,2013-06-11 16:00:00,46.0
MAC000034,Std,2013-06-11 16:30:00,261.0
MAC000034,Std,2013-06-11 17:00:00,149.0
MAC000034,Std,2013-06-11 17:30:00,117.0
MAC000034,Std,2013-06-11 18:00:00,181.0
MAC000034,Std,2013-06-11 18:30:00,149.0
MAC000034,Std,2013-06-11 19:00:00,213.0
MAC000034,Std,2013-06-11 19:30:00,180.0
MAC000034,Std,2013-06-11 20:00:00,196.0
MAC000034,Std,2013-06-11 20:30:00,151.0
MAC000034,Std,2013-06-11 21:00:00,260.0
MAC000034,Std,2013-06-11 21:30:00,281.0
MAC000034,Std,2013-06-11 22:00:00,307.0
MAC000034,Std,2013-06-11 22:30:00,222.0
MAC000034,Std,2013-06-11 23:00:00,160.0
MAC000034,Std,2013-06-11 23:30:00,107.0
MAC000034,Std,2013-06-12 00:00:00,830.0
MAC000034,Std,2013-06-12 00:30:00,681.0
MAC000034,Std,2013-06-12 01:00:00,740.0
MAC000034,Std,2013-06-12 01:30:00,658.0
MAC000034,Std,2013-06-12 02:00:00,566.0
MAC000034,Std,2013-06-12 02:30:00,567.0
MAC000034,Std,2013-06-12 03:00:00,398.0
MAC000034,Std,2013-06-12 03:30:00,392.0
MAC000034,Std,2013-06-12 04:00:00,496.0
MAC000034,Std,2013-06-12 04:30:00,71.0
MAC000034,Std,2013-06-12 05:00:00,492.0
MAC000034,Std,2013-06-12 05:30:00,42.0
MAC000034,Std,2013-06-12 06:00:00,357.0
MAC000034,Std,2013-06-12 06:30:00,105.0
MAC000034,Std,2013-06-12 07:00:00,443.0
MAC000034,Std,2013-06-12 07:30:00,380.0
MAC000034,Std,2013-06-12 08:00:00,154.0
MAC000034,Std,2013-06-12 08:30:00,56.0
MAC000034,Std,2013-06-12 09:00:00,40.0
MAC000034,Std,2013-06-12 09:30:00,66.0
MAC000034,Std,2013-06-12 10:00:00,54.0
MAC000034,Std,2013-06-12 10:30:00,42.0
MAC000034,Std,2013-06-12 11:00:00,111.0
MAC000034,Std,2013-06-12 11:30:00,120.0
MAC000034,Std,2013-06-12 12:00:00,78.0
MAC000034,Std,2013-06-12 12:30:00,67.0
MAC000034,Std,2013-06-12 13:00:00,60.0
MAC000034,Std,2013-06-12 13:30:00,36.0
MAC000034,Std,2013-06-12 14:00:00,67.0
MAC000034,Std,2013-06-12 14:30:00,59.0
MAC000034,Std,2013-06-12 15:00:00,49.0
MAC000034,Std,2013-06-12 15:30:00,129.0
MAC000034,Std,2013-06-12 16:00:00,126.0
MAC000034,Std,2013-06-12 16:30:00,255.0
MAC000034,Std,2013-06-12 17:00:00,175.0
MAC000034,Std,2013-06-12 17:30:00,181.0
MAC000034,Std,2013-06-12 18:00:00,230.0
MAC000034,Std,2013-06-12 18:30:00,138.0
MAC000034,Std,2013-06-12 19:00:00,133.0
MAC000034,Std,2013-06-12 19:30:00,217.0
MAC000034,Std,2013-06-12 20:00:00,262.0
MAC000034,Std,2013-06-12 20:30:00,206.0
MAC000034,Std,2013-06-12 21:00:00,167.0
MAC000034,Std,2013-06-12 21:30:00,168.0
MAC000034,Std,2013-06-12 22:00:00,160.0
MAC000034,Std,2013-06-12 22:30:00,188.0
MAC000034,Std,2013-06-12 23:00:00,180.0
MAC000034,Std,2013-06-12 23:30:00,139.0
MAC000034,Std,2013-06-13 00:00:00,858.0
MAC000034,Std,2013-06-13 00:30:00,990.0
MAC000034,Std,2013-06-13 01:00:00,739.0
MAC000034,Std,2013-06-13 01:30:00,573.0
MAC000034,Std,2013-06-13 02:00:00,569.0
MAC000034,Std,2013-06-13 02:30:00,417.0
MAC000034,Std,2013-06-13 03:00:00,521.0
MAC000034,Std,2013-06-13 03:30:00,461.0
MAC000034,Std,2013-06-13 04:00:00,153.0
MAC000034,Std,2013-06-13 04:30:00,554.0
MAC000034,Std,2013-06-13 05:00:00,166.0
MAC000034,Std,2013-06-13 05:30:00,380.0
MAC000034,Std,2013-06-13 06:00:00,69.0
MAC000034,Std,2013-06-13 06:30:00,71.0
MAC000034,Std,2013-06-13 07:00:00,38.0
MAC000034,Std,2013-06-13 07:30:00,56.0
MAC000034,Std,2013-06-13 08:00:00,94.0
MAC000034,Std,2013-06-13 08:30:00,102.0
MAC000034,Std,2013-06-13 09:00:00,204.0
MAC000034,Std,2013-06-13 09:30:00,194.0
MAC000034,Std,2013-06-13 10:00:00,180.0
MAC000034,Std,2013-06-13 10:30:00,264.0
MAC000034,Std,2013-06-13 11:00:00,193.0
MAC000034,Std,2013-06-13 11:30:00,183.0
MAC000034,Std,2013-06-13 12:00:00,162.0
MAC000034,Std,2013-06-13 12:30:00,255.0
MAC000034,Std,2013-06-13 13:00:00,247.0
MAC000034,Std,2013-06-13 13:30:00,191.0
MAC000034,Std,2013-06-13 14:00:00,195.0
MAC000034,Std,2013-06-13 14:30:00,190.0
MAC000034,Std,2013-06-13 15:00:00,1831.0
MAC000034,Std,2013-06-13 15:30:00,332.0
MAC000034,Std,2013-06-13 16:00:00,125.0
MAC000034,Std,2013-06-13 16:30:00,72.0
MAC000034,Std,2013-06-13 17:00:00,224.0
MAC000034,Std,2013-06-13 17:30:00,174.0
MAC000034,Std,2013-06-13 18:00:00,130.0
MAC000034,Std,2013-06-13 18:30:00,157.0
MAC000034,Std,2013-06-13 19:00:00,104.0
MAC000034,Std,2013-06-13 19:30:00,149.0
MAC000034,Std,2013-06-13 20:00:00,156.0
MAC000034,Std,2013-06-13 20:30:00,197.0
MAC000034,Std,2013-06-13 21:00:00,288.0
MAC000034,Std,2013-06-13 21:30:00,284.0
MAC000034,Std,2013-06-13 22:00:00,259.0
MAC000034,Std,2013-06-13 22:30:00,250.0
MAC000034,Std,2013-06-13 23:00:00,247.0
MAC000034,Std,2013-06-13 23:30:00,206.0
MAC000034,Std,2013-06-14 00:00:00,821.0
MAC000034,Std,2013-06-14 00:30:00,751.0
MAC000034,Std,2013-06-14 01:00:00,451.0
MAC000034,Std,2013-06-14 01:30:00,608.0
MAC000034,Std,2013-06-14 02:00:00,594.0
MAC000034,Std,2013-06-14 02:30:00,546.0
MAC000034,Std,2013-06-14 03:00:00,554.0
MAC000034,Std,2013-06-14 03:30:00,534.0
MAC000034,Std,2013-06-14 04:00:00,482.0
MAC000034,Std,2013-06-14 04:30:00,320.0
MAC000034,Std,2013-06-14 05:00:00,302.0
MAC000034,Std,2013-06-14 05:30:00,364.0
MAC000034,Std,2013-06-14 06:00:00,281.0
MAC000034,Std,2013-06-14 06:30:00,37.0
MAC000034,Std,2013-06-14 07:00:00,61.0
MAC000034,Std,2013-06-14 07:30:00,46.0
MAC000034,Std,2013-06-14 08:00:00,49.0
MAC000034,Std,2013-06-14 08:30:00,59.0
MAC000034,Std,2013-06-14 09:00:00,72.0
MAC000034,Std,2013-06-14 09:30:00,189.0
MAC000034,Std,2013-06-14 10:00:00,159.0
MAC000034,Std,2013-06-14 10:30:00,253.0
MAC000034,Std,2013-06-14 11:00:00,116.0
MAC000034,Std,2013-06-14 11:30:00,110.0
MAC000034,Std,2013-06-14 12:00:00,180.0
MAC000034,Std,2013-06-14 12:30:00,127.0
MAC000034,Std,2013-06-14 13:00:00,126.0
MAC000034,Std,2013-06-14 13:30:00,129.0
MAC000034,Std,2013-06-14 14:00:00,113.0
MAC000034,Std,2013-06-14 14:30:00,124.0
MAC000034,Std,2013-06-14 15:00:00,69.0
MAC000034,Std,2013-06-14 15:30:00,45.0
MAC000034,Std,2013-06-14 16:00:00,67.0
MAC000034,Std,2013-06-14 16:30:00,208.0
MAC000034,Std,2013-06-14 17:00:00,160.0
MAC000034,Std,2013-06-14 17:30:00,130.0
MAC000034,Std,2013-06-14 18:00:00,193.0
MAC000034,Std,2013-06-14 18:30:00,207.0
MAC000034,Std,2013-06-14 19:00:00,146.0
MAC000034,Std,2013-06-14 19:30:00,98.0
MAC000034,Std,2013-06-14 20:00:00,203.0
MAC000034,Std,2013-06-14 20:30:00,179.0
MAC000034,Std,2013-06-14 21:00:00,212.0
MAC000034,Std,2013-06-14 21:30:00,227.0
MAC000034,Std,2013-06-14 22:00:00,269.0
MAC000034,Std,2013-06-14 22:30:00,283.0
MAC000034,Std,2013-06-14 23:00:00,244.0
MAC000034,Std,2013-06-14 23:30:00,179.0
MAC000034,Std,2013-06-15 00:00:00,789.0
MAC000034,Std,2013-06-15 00:30:00,591.0
MAC000034,Std,2013-06-15 01:00:00,689.0
MAC000034,Std,2013-06-15 01:30:00,636.0
MAC000034,Std,2013-06-15 02:00:00,485.0
MAC000034,Std,2013-06-15 02:30:00,495.0
MAC000034,Std,2013-06-15 03:00:00,585.0
MAC000034,Std,2013-06-15 03:30:00,523.0
MAC000034,Std,2013-06-15 04:00:00,270.0
MAC000034,Std,2013-06-15 04:30:00,310.0
MAC000034,Std,2013-06-15 05:00:00,69.0
MAC000034,Std,2013-06-15 05:30:00,273.0
MAC000034,Std,2013-06-15 06:00:00,232.0
MAC000034,Std,2013-06-15 06:30:00,532.0
MAC000034,Std,2013-06-15 07:00:00,122.0
MAC000034,Std,2013-06-15 07:30:00,90.0
MAC000034,Std,2013-06-15 08:00:00,60.0
MAC000034,Std,2013-06-15 08:30:00,194.0
MAC000034,Std,2013-06-15 09:00:00,205.0
MAC000034,Std,2013-06-15 09:30:00,66.0
MAC000034,Std,2013-06-15 10:00:00,70.0
MAC000034,Std,2013-06-15 10:30:00,88.0
MAC000034,Std,2013-06-15 11:00:00,106.0
MAC000034,Std,2013-06-15 11:30:00,102.0
MAC000034,Std,2013-06-15 12:00:00,75.0
MAC000034,Std,2013-06-15 12:30:00,64.0
MAC000034,Std,2013-06-15 13:00:00,34.0
MAC000034,Std,2013-06-15 13:30:00,55.0
MAC000034,Std,2013-06-15 14:00:00,65.0
MAC000034,Std,2013-06-15 14:30:00,57.0
MAC000034,Std,2013-06-15 15:00:00,88.0
MAC000034,Std,2013-06-15 15:30:00,124.0
MAC000034,Std,2013-06-15 16:00:00,94.0
MAC000034,Std,2013-06-15 16:30:00,59.0
MAC000034,Std,2013-06-15 17:00:00,26.0
MAC000034,Std,2013-06-15 17:30:00,67.0
MAC000034,Std,2013-06-15 18:00:00,108.0
MAC000034,Std,2013-06-15 18:30:00,98.0
MAC000034,Std,2013-06-15 19:00:00,154.0
MAC000034,Std,2013-06-15 19:30:00,238.0
MAC000034,Std,2013-06-15 20:00:00,212.0
MAC000034,Std,2013-06-15 20:30:00,161.0
MAC000034,Std,2013-06-15 21:00:00,153.0
MAC000034,Std,2013-06-15 21:30:00,155.0
MAC000034,Std,2013-06-15 22:00:00,155.0
MAC000034,Std,2013-06-15 22:30:00,153.0
MAC000034,Std,2013-06-15 23:00:00,185.0
MAC000034,Std,2013-06-15 23:30:00,256.0
MAC000034,Std,2013-06-16 00:00:00,137.0
MAC000034,Std,2013-06-16 00:30:00,88.0
MAC000034,Std,2013-06-16 01:00:00,69.0
MAC000034,Std,2013-06-16 01:30:00,69.0
MAC000034,Std,2013-06-16 02:00:00,33.0
MAC000034,Std,2013-06-16 02:30:00,66.0
MAC000034,Std,2013-06-16 03:00:00,70.0
MAC000034,Std,2013-06-16 03:30:00,128.0
MAC000034,Std,2013-06-16 04:00:00,126.0
MAC000034,Std,2013-06-16 04:30:00,72.0
MAC000034,Std,2013-06-16 05:00:00,71.0
MAC000034,Std,2013-06-16 05:30:00,70.0
MAC000034,Std,2013-06-16 06:00:00,56.0
MAC000034,Std,2013-06-16 06:30:00,49.0
MAC000034,Std,2013-06-16 07:00:00,68.0
MAC000034,Std,2013-06-16 07:30:00,97.0
MAC000034,Std,2013-06-16 08:00:00,123.0
MAC000034,Std,2013-06-16 08:30:00,97.0
MAC000034,Std,2013-06-16 09:00:00,171.0
MAC000034,Std,2013-06-16 09:30:00,171.0
MAC000034,Std,2013-06-16 10:00:00,106.0
MAC000034,Std,2013-06-16 10:30:00,102.0
MAC000034,Std,2013-06-16 11:00:00,116.0
MAC000034,Std,2013-06-16 11:30:00,67.0
MAC000034,Std,2013-06-16 12:00:00,109.0
MAC000034,Std,2013-06-16 12:30:00,177.0
MAC000034,Std,2013-06-16 13:00:00,161.0
MAC000034,Std,2013-06-16 13:30:00,121.0
MAC000034,Std,2013-06-16 14:00:00,134.0
MAC000034,Std,2013-06-16 14:30:00,133.0
MAC000034,Std,2013-06-16 15:00:00,113.0
MAC000034,Std,2013-06-16 15:30:00,99.0
MAC000034,Std,2013-06-16 16:00:00,159.0
MAC000034,Std,2013-06-16 16:30:00,185.0
MAC000034,Std,2013-06-16 17:00:00,149.0
MAC000034,Std,2013-06-16 17:30:00,207.0
MAC000034,Std,2013-06-16 18:00:00,126.0
MAC000034,Std,2013-06-16 18:30:00,102.0
MAC000034,Std,2013-06-16 19:00:00,110.0
MAC000034,Std,2013-06-16 19:30:00,94.0
MAC000034,Std,2013-06-16 20:00:00,213.0
MAC000034,Std,2013-06-16 20:30:00,214.0
MAC000034,Std,2013-06-16 21:00:00,225.0
MAC000034,Std,2013-06-16 21:30:00,257.0
MAC000034,Std,2013-06-16 22:00:00,247.0
MAC000034,Std,2013-06-16 22:30:00,236.0
MAC000034,Std,2013-06-16 23:00:00,103.0
MAC000034,Std,2013-06-16 23:30:00,69.0
MAC000034,Std,2013-06-17 00:00:00,49.0
MAC000034,Std,2013-06-17 00:30:00,100.0
MAC000034,Std,2013-06-17 01:00:00,131.0
MAC000034,Std,2013-06-17 01:30:00,118.0
MAC000034,Std,2013-06-17 02:00:00,35.0
MAC000034,Std,2013-06-17 02:30:00,69.0
MAC000034,Std,2013-06-17 03:00:00,70.0
MAC000034,Std,2013-06-17 03:30:00,44.0
MAC000034,Std,2013-06-17 04:00:00,60.0
MAC000034,Std,2013-06-17 04:30:00,79.0
MAC000034,Std,2013-06-17 05:00:00,115.0
MAC000034,Std,2013-06-17 05:30:00,111.0
MAC000034,Std,2013-06-17 06:00:00,86.0
MAC000034,Std,2013-06-17 06:30:00,52.0
MAC000034,Std,2013-06-17 07:00:00,46.0
MAC000034,Std,2013-06-17 07:30:00,68.0
MAC000034,Std,2013-06-17 08:00:00,70.0
MAC000034,Std,2013-06-17 08:30:00,204.0
MAC000034,Std,2013-06-17 09:00:00,205.0
MAC000034,Std,2013-06-17 09:30:00,256.0
MAC000034,Std,2013-06-17 10:00:00,165.0
MAC000034,Std,2013-06-17 10:30:00,67.0
MAC000034,Std,2013-06-17 11:00:00,43.0
MAC000034,Std,2013-06-17 11:30:00,54.0
MAC000034,Std,2013-06-17 12:00:00,67.0
MAC000034,Std,2013-06-17 12:30:00,43.0
MAC000034,Std,2013-06-17 13:00:00,74.0
MAC000034,Std,2013-06-17 13:30:00,128.0
MAC000034,Std,2013-06-17 14:00:00,113.0
MAC000034,Std,2013-06-17 14:30:00,51.0
MAC000034,Std,2013-06-17 15:00:00,68.0
MAC000034,Std,2013-06-17 15:30:00,63.0
MAC000034,Std,2013-06-17 16:00:00,33.0
MAC000034,Std,2013-06-17 16:30:00,69.0
MAC000034,Std,2013-06-17 17:00:00,66.0
MAC000034,Std,2013-06-17 17:30:00,163.0
MAC000034,Std,2013-06-17 18:00:00,234.0
MAC000034,Std,2013-06-17 18:30:00,158.0
MAC000034,Std,2013-06-17 19:00:00,121.0
MAC000034,Std,2013-06-17 19:30:00,160.0
MAC000034,Std,2013-06-17 20:00:00,144.0
MAC000034,Std,2013-06-17 20:30:00,158.0
MAC000034,Std,2013-06-17 21:00:00,169.0
MAC000034,Std,2013-06-17 21:30:00,193.0
MAC000034,Std,2013-06-17 22:00:00,222.0
MAC000034,Std,2013-06-17 22:30:00,223.0
MAC000034,Std,2013-06-17 23:00:00,137.0
MAC000034,Std,2013-06-17 23:30:00,141.0
MAC000034,Std,2013-06-18 00:00:00,201.0
MAC000034,Std,2013-06-18 00:30:00,39.0
MAC000034,Std,2013-06-18 01:00:00,67.0
MAC000034,Std,2013-06-18 01:30:00,82.0
MAC000034,Std,2013-06-18 02:00:00,96.0
MAC000034,Std,2013-06-18 02:30:00,126.0
MAC000034,Std,2013-06-18 03:00:00,88.0
MAC000034,Std,2013-06-18 03:30:00,55.0
MAC000034,Std,2013-06-18 04:00:00,65.0
MAC000034,Std,2013-06-18 04:30:00,71.0
MAC000034,Std,2013-06-18 05:00:00,33.0
MAC000034,Std,2013-06-18 05:30:00,72.0
MAC000034,Std,2013-06-18 06:00:00,110.0
MAC000034,Std,2013-06-18 06:30:00,99.0
MAC000034,Std,2013-06-18 07:00:00,111.0
MAC000034,Std,2013-06-18 07:30:00,57.0
MAC000034,Std,2013-06-18 08:00:00,38.0
MAC000034,Std,2013-06-18 08:30:00,84.0
MAC000034,Std,2013-06-18 09:00:00,123.0
MAC000034,Std,2013-06-18 09:30:00,95.0
MAC000034,Std,2013-06-18 10:00:00,237.0
MAC000034,Std,2013-06-18 10:30:00,183.0
MAC000034,Std,2013-06-18 11:00:00,213.0
MAC000034,Std,2013-06-18 11:30:00,75.0
MAC000034,Std,2013-06-18 12:00:00,128.0
MAC000034,Std,2013-06-18 12:30:00,220.0
MAC000034,Std,2013-06-18 13:00:00,109.0
MAC000034,Std,2013-06-18 13:30:00,108.0
MAC000034,Std,2013-06-18 14:00:00,163.0
MAC000034,Std,2013-06-18 14:30:00,123.0
MAC000034,Std,2013-06-18 15:00:00,113.0
MAC000034,Std,2013-06-18 15:30:00,73.0
MAC000034,Std,2013-06-18 16:00:00,47.0
MAC000034,Std,2013-06-18 16:30:00,216.0
MAC000034,Std,2013-06-18 17:00:00,115.0
MAC000034,Std,2013-06-18 17:30:00,116.0
MAC000034,Std,2013-06-18 18:00:00,161.0
MAC000034,Std,2013-06-18 18:30:00,226.0
MAC000034,Std,2013-06-18 19:00:00,152.0
MAC000034,Std,2013-06-18 19:30:00,137.0
MAC000034,Std,2013-06-18 20:00:00,168.0
MAC000034,Std,2013-06-18 20:30:00,175.0
MAC000034,Std,2013-06-18 21:00:00,156.0
MAC000034,Std,2013-06-18 21:30:00,139.0
MAC000034,Std,2013-06-18 22:00:00,213.0
MAC000034,Std,2013-06-18 22:30:00,227.0
MAC000034,Std,2013-06-18 23:00:00,248.0
MAC000034,Std,2013-06-18 23:30:00,44.0
MAC000034,Std,2013-06-19 00:00:00,56.0
MAC000034,Std,2013-06-19 00:30:00,72.0
MAC000034,Std,2013-06-19 01:00:00,71.0
MAC000034,Std,2013-06-19 01:30:00,43.0
MAC000034,Std,2013-06-19 02:00:00,86.0
MAC000034,Std,2013-06-19 02:30:00,131.0
MAC000034,Std,2013-06-19 03:00:00,124.0
MAC000034,Std,2013-06-19 03:30:00,55.0
MAC000034,Std,2013-06-19 04:00:00,58.0
MAC000034,Std,2013-06-19 04:30:00,71.0
MAC000034,Std,2013-06-19 05:00:00,68.0
MAC000034,Std,2013-06-19 05:30:00,37.0
MAC000034,Std,2013-06-19 06:00:00,68.0
MAC000034,Std,2013-06-19 06:30:00,132.0
MAC000034,Std,2013-06-19 07:00:00,120.0
MAC000034,Std,2013-06-19 07:30:00,65.0
MAC000034,Std,2013-06-19 08:00:00,55.0
MAC000034,Std,2013-06-19 08:30:00,71.0
MAC000034,Std,2013-06-19 09:00:00,130.0
MAC000034,Std,2013-06-19 09:30:00,90.0
MAC000034,Std,2013-06-19 10:00:00,119.0
MAC000034,Std,2013-06-19 10:30:00,256.0
MAC000034,Std,2013-06-19 11:00:00,181.0
MAC000034,Std,2013-06-19 11:30:00,162.0
MAC000034,Std,2013-06-19 12:00:00,90.0
MAC000034,Std,2013-06-19 12:30:00,133.0
MAC000034,Std,2013-06-19 13:00:00,124.0
MAC000034,Std,2013-06-19 13:30:00,1165.0
MAC000034,Std,2013-06-19 14:00:00,709.0
MAC000034,Std,2013-06-19 14:30:00,123.0
MAC000034,Std,2013-06-19 15:00:00,136.0
MAC000034,Std,2013-06-19 15:30:00,120.0
MAC000034,Std,2013-06-19 16:00:00,75.0
MAC000034,Std,2013-06-19 16:30:00,173.0
MAC000034,Std,2013-06-19 17:00:00,65.0
MAC000034,Std,2013-06-19 17:30:00,110.0
MAC000034,Std,2013-06-19 18:00:00,118.0
MAC000034,Std,2013-06-19 18:30:00,167.0
MAC000034,Std,2013-06-19 19:00:00,203.0
MAC000034,Std,2013-06-19 19:30:00,219.0
MAC000034,Std,2013-06-19 20:00:00,249.0
MAC000034,Std,2013-06-19 20:30:00,228.0
MAC000034,Std,2013-06-19 21:00:00,242.0
MAC000034,Std,2013-06-19 21:30:00,291.0
MAC000034,Std,2013-06-19 22:00:00,291.0
MAC000034,Std,2013-06-19 22:30:00,252.0
MAC000034,Std,2013-06-19 23:00:00,164.0
MAC000034,Std,2013-06-19 23:30:00,123.0
MAC000034,Std,2013-06-20 00:00:00,103.0
MAC000034,Std,2013-06-20 00:30:00,71.0
MAC000034,Std,2013-06-20 01:00:00,71.0
MAC000034,Std,2013-06-20 01:30:00,69.0
MAC000034,Std,2013-06-20 02:00:00,69.0
MAC000034,Std,2013-06-20 02:30:00,79.0
MAC000034,Std,2013-06-20 03:00:00,132.0
MAC000034,Std,2013-06-20 03:30:00,126.0
MAC000034,Std,2013-06-20 04:00:00,109.0
MAC000034,Std,2013-06-20 04:30:00,71.0
MAC000034,Std,2013-06-20 05:00:00,76.0
MAC000034,Std,2013-06-20 05:30:00,68.0
MAC000034,Std,2013-06-20 06:00:00,69.0
MAC000034,Std,2013-06-20 06:30:00,69.0
MAC000034,Std,2013-06-20 07:00:00,125.0
MAC000034,Std,2013-06-20 07:30:00,121.0
MAC000034,Std,2013-06-20 08:00:00,111.0
MAC000034,Std,2013-06-20 08:30:00,66.0
MAC000034,Std,2013-06-20 09:00:00,118.0
MAC000034,Std,2013-06-20 09:30:00,131.0
MAC000034,Std,2013-06-20 10:00:00,215.0
MAC000034,Std,2013-06-20 10:30:00,123.0
MAC000034,Std,2013-06-20 11:00:00,139.0
MAC000034,Std,2013-06-20 11:30:00,167.0
MAC000034,Std,2013-06-20 12:00:00,186.0
MAC000034,Std,2013-06-20 12:30:00,165.0
MAC000034,Std,2013-06-20 13:00:00,185.0
MAC000034,Std,2013-06-20 13:30:00,180.0
MAC000034,Std,2013-06-20 14:00:00,154.0
MAC000034,Std,2013-06-20 14:30:00,66.0
MAC000034,Std,2013-06-20 15:00:00,112.0
MAC000034,Std,2013-06-20 15:30:00,124.0
MAC000034,Std,2013-06-20 16:00:00,121.0
MAC000034,Std,2013-06-20 16:30:00,156.0
MAC000034,Std,2013-06-20 17:00:00,65.0
MAC000034,Std,2013-06-20 17:30:00,103.0
MAC000034,Std,2013-06-20 18:00:00,132.0
MAC000034,Std,2013-06-20 18:30:00,146.0
MAC000034,Std,2013-06-20 19:00:00,172.0
MAC000034,Std,2013-06-20 19:30:00,227.0
MAC000034,Std,2013-06-20 20:00:00,287.0
MAC000034,Std,2013-06-20 20:30:00,243.0
MAC000034,Std,2013-06-20 21:00:00,196.0
MAC000034,Std,2013-06-20 21:30:00,167.0
MAC000034,Std,2013-06-20 22:00:00,168.0
MAC000034,Std,2013-06-20 22:30:00,175.0
MAC000034,Std,2013-06-20 23:00:00,258.0
MAC000034,Std,2013-06-20 23:30:00,356.0
MAC000034,Std,2013-06-21 00:00:00,253.0
MAC000034,Std,2013-06-21 00:30:00,78.0
MAC000034,Std,2013-06-21 01:00:00,69.0
MAC000034,Std,2013-06-21 01:30:00,68.0
MAC000034,Std,2013-06-21 02:00:00,68.0
MAC000034,Std,2013-06-21 02:30:00,69.0
MAC000034,Std,2013-06-21 03:00:00,120.0
MAC000034,Std,2013-06-21 03:30:00,125.0
MAC000034,Std,2013-06-21 04:00:00,124.0
MAC000034,Std,2013-06-21 04:30:00,68.0
MAC000034,Std,2013-06-21 05:00:00,68.0
MAC000034,Std,2013-06-21 05:30:00,69.0
MAC000034,Std,2013-06-21 06:00:00,67.0
MAC000034,Std,2013-06-21 06:30:00,68.0
MAC000034,Std,2013-06-21 07:00:00,113.0
MAC000034,Std,2013-06-21 07:30:00,122.0
MAC000034,Std,2013-06-21 08:00:00,119.0
MAC000034,Std,2013-06-21 08:30:00,83.0
MAC000034,Std,2013-06-21 09:00:00,129.0
MAC000034,Std,2013-06-21 09:30:00,129.0
MAC000034,Std,2013-06-21 10:00:00,160.0
MAC000034,Std,2013-06-21 10:30:00,189.0
MAC000034,Std,2013-06-21 11:00:00,230.0
MAC000034,Std,2013-06-21 11:30:00,249.0
MAC000034,Std,2013-06-21 12:00:00,247.0
MAC000034,Std,2013-06-21 12:30:00,130.0
MAC000034,Std,2013-06-21 13:00:00,122.0
MAC000034,Std,2013-06-21 13:30:00,120.0
MAC000034,Std,2013-06-21 14:00:00,157.0
MAC000034,Std,2013-06-21 14:30:00,72.0
MAC000034,Std,2013-06-21 15:00:00,99.0
MAC000034,Std,2013-06-21 15:30:00,124.0
MAC000034,Std,2013-06-21 16:00:00,122.0
MAC000034,Std,2013-06-21 16:30:00,161.0
MAC000034,Std,2013-06-21 17:00:00,63.0
MAC000034,Std,2013-06-21 17:30:00,62.0
MAC000034,Std,2013-06-21 18:00:00,83.0
MAC000034,Std,2013-06-21 18:30:00,98.0
MAC000034,Std,2013-06-21 19:00:00,186.0
MAC000034,Std,2013-06-21 19:30:00,199.0
MAC000034,Std,2013-06-21 20:00:00,221.0
MAC000034,Std,2013-06-21 20:30:00,189.0
MAC000034,Std,2013-06-21 21:00:00,163.0
MAC000034,Std,2013-06-21 21:30:00,225.0
MAC000034,Std,2013-06-21 22:00:00,213.0
MAC000034,Std,2013-06-21 22:30:00,181.0
MAC000034,Std,2013-06-21 23:00:00,209.0
MAC000034,Std,2013-06-21 23:30:00,140.0
MAC000034,Std,2013-06-22 00:00:00,126.0
MAC000034,Std,2013-06-22 00:30:00,88.0
MAC000034,Std,2013-06-22 01:00:00,68.0
MAC000034,Std,2013-06-22 01:30:00,69.0
MAC000034,Std,2013-06-22 02:00:00,68.0
MAC000034,Std,2013-06-22 02:30:00,68.0
MAC000034,Std,2013-06-22 03:00:00,91.0
MAC000034,Std,2013-06-22 03:30:00,130.0
MAC000034,Std,2013-06-22 04:00:00,123.0
MAC000034,Std,2013-06-22 04:30:00,90.0
MAC000034,Std,2013-06-22 05:00:00,68.0
MAC000034,Std,2013-06-22 05:30:00,35.0
MAC000034,Std,2013-06-22 06:00:00,62.0
MAC000034,Std,2013-06-22 06:30:00,75.0
MAC000034,Std,2013-06-22 07:00:00,71.0
MAC000034,Std,2013-06-22 07:30:00,125.0
MAC000034,Std,2013-06-22 08:00:00,120.0
MAC000034,Std,2013-06-22 08:30:00,97.0
MAC000034,Std,2013-06-22 09:00:00,101.0
MAC000034,Std,2013-06-22 09:30:00,86.0
MAC000034,Std,2013-06-22 10:00:00,194.0
MAC000034,Std,2013-06-22 10:30:00,130.0
MAC000034,Std,2013-06-22 11:00:00,131.0
MAC000034,Std,2013-06-22 11:30:00,141.0
MAC000034,Std,2013-06-22 12:00:00,178.0
MAC000034,Std,2013-06-22 12:30:00,215.0
MAC000034,Std,2013-06-22 13:00:00,179.0
MAC000034,Std,2013-06-22 13:30:00,148.0
MAC000034,Std,2013-06-22 14:00:00,183.0
MAC000034,Std,2013-06-22 14:30:00,122.0
MAC000034,Std,2013-06-22 15:00:00,129.0
MAC000034,Std,2013-06-22 15:30:00,85.0
MAC000034,Std,2013-06-22 16:00:00,124.0
MAC000034,Std,2013-06-22 16:30:00,119.0
MAC000034,Std,2013-06-22 17:00:00,68.0
MAC000034,Std,2013-06-22 17:30:00,105.0
MAC000034,Std,2013-06-22 18:00:00,172.0
MAC000034,Std,2013-06-22 18:30:00,119.0
MAC000034,Std,2013-06-22 19:00:00,131.0
MAC000034,Std,2013-06-22 19:30:00,175.0
MAC000034,Std,2013-06-22 20:00:00,227.0
MAC000034,Std,2013-06-22 20:30:00,279.0
MAC000034,Std,2013-06-22 21:00:00,176.0
MAC000034,Std,2013-06-22 21:30:00,167.0
MAC000034,Std,2013-06-22 22:00:00,153.0
MAC000034,Std,2013-06-22 22:30:00,167.0
MAC000034,Std,2013-06-22 23:00:00,179.0
MAC000034,Std,2013-06-22 23:30:00,160.0
MAC000034,Std,2013-06-23 00:00:00,198.0
MAC000034,Std,2013-06-23 00:30:00,128.0
MAC000034,Std,2013-06-23 01:00:00,80.0
MAC000034,Std,2013-06-23 01:30:00,70.0
MAC000034,Std,2013-06-23 02:00:00,33.0
MAC000034,Std,2013-06-23 02:30:00,70.0
MAC000034,Std,2013-06-23 03:00:00,71.0
MAC000034,Std,2013-06-23 03:30:00,88.0
MAC000034,Std,2013-06-23 04:00:00,94.0
MAC000034,Std,2013-06-23 04:30:00,128.0
MAC000034,Std,2013-06-23 05:00:00,89.0
MAC000034,Std,2013-06-23 05:30:00,63.0
MAC000034,Std,2013-06-23 06:00:00,38.0
MAC000034,Std,2013-06-23 06:30:00,72.0
MAC000034,Std,2013-06-23 07:00:00,67.0
MAC000034,Std,2013-06-23 07:30:00,38.0
MAC000034,Std,2013-06-23 08:00:00,115.0
MAC000034,Std,2013-06-23 08:30:00,125.0
MAC000034,Std,2013-06-23 09:00:00,150.0
MAC000034,Std,2013-06-23 09:30:00,181.0
MAC000034,Std,2013-06-23 10:00:00,134.0
MAC000034,Std,2013-06-23 10:30:00,131.0
MAC000034,Std,2013-06-23 11:00:00,100.0
MAC000034,Std,2013-06-23 11:30:00,126.0
MAC000034,Std,2013-06-23 12:00:00,161.0
MAC000034,Std,2013-06-23 12:30:00,177.0
MAC000034,Std,2013-06-23 13:00:00,1571.0
MAC000034,Std,2013-06-23 13:30:00,342.0
MAC000034,Std,2013-06-23 14:00:00,115.0
MAC000034,Std,2013-06-23 14:30:00,62.0
MAC000034,Std,2013-06-23 15:00:00,96.0
MAC000034,Std,2013-06-23 15:30:00,67.0
MAC000034,Std,2013-06-23 16:00:00,75.0
MAC000034,Std,2013-06-23 16:30:00,168.0
MAC000034,Std,2013-06-23 17:00:00,275.0
MAC000034,Std,2013-06-23 17:30:00,153.0
MAC000034,Std,2013-06-23 18:00:00,154.0
MAC000034,Std,2013-06-23 18:30:00,154.0
MAC000034,Std,2013-06-23 19:00:00,132.0
MAC000034,Std,2013-06-23 19:30:00,129.0
MAC000034,Std,2013-06-23 20:00:00,166.0
MAC000034,Std,2013-06-23 20:30:00,280.0
MAC000034,Std,2013-06-23 21:00:00,291.0
MAC000034,Std,2013-06-23 21:30:00,272.0
MAC000034,Std,2013-06-23 22:00:00,226.0
MAC000034,Std,2013-06-23 22:30:00,195.0
MAC000034,Std,2013-06-23 23:00:00,132.0
MAC000034,Std,2013-06-23 23:30:00,98.0
MAC000034,Std,2013-06-24 00:00:00,62.0
MAC000034,Std,2013-06-24 00:30:00,71.0
MAC000034,Std,2013-06-24 01:00:00,132.0
MAC000034,Std,2013-06-24 01:30:00,126.0
MAC000034,Std,2013-06-24 02:00:00,52.0
MAC000034,Std,2013-06-24 02:30:00,59.0
MAC000034,Std,2013-06-24 03:00:00,71.0
MAC000034,Std,2013-06-24 03:30:00,46.0
MAC000034,Std,2013-06-24 04:00:00,58.0
MAC000034,Std,2013-06-24 04:30:00,72.0
MAC000034,Std,2013-06-24 05:00:00,110.0
MAC000034,Std,2013-06-24 05:30:00,116.0
MAC000034,Std,2013-06-24 06:00:00,92.0
MAC000034,Std,2013-06-24 06:30:00,45.0
MAC000034,Std,2013-06-24 07:00:00,51.0
MAC000034,Std,2013-06-24 07:30:00,66.0
MAC000034,Std,2013-06-24 08:00:00,32.0
MAC000034,Std,2013-06-24 08:30:00,66.0
MAC000034,Std,2013-06-24 09:00:00,135.0
MAC000034,Std,2013-06-24 09:30:00,156.0
MAC000034,Std,2013-06-24 10:00:00,173.0
MAC000034,Std,2013-06-24 10:30:00,196.0
MAC000034,Std,2013-06-24 11:00:00,107.0
MAC000034,Std,2013-06-24 11:30:00,126.0
MAC000034,Std,2013-06-24 12:00:00,91.0
MAC000034,Std,2013-06-24 12:30:00,130.0
MAC000034,Std,2013-06-24 13:00:00,176.0
MAC000034,Std,2013-06-24 13:30:00,218.0
MAC000034,Std,2013-06-24 14:00:00,243.0
MAC000034,Std,2013-06-24 14:30:00,221.0
MAC000034,Std,2013-06-24 15:00:00,158.0
MAC000034,Std,2013-06-24 15:30:00,68.0
MAC000034,Std,2013-06-24 16:00:00,45.0
MAC000034,Std,2013-06-24 16:30:00,53.0
MAC000034,Std,2013-06-24 17:00:00,180.0
MAC000034,Std,2013-06-24 17:30:00,137.0
MAC000034,Std,2013-06-24 18:00:00,186.0
MAC000034,Std,2013-06-24 18:30:00,226.0
MAC000034,Std,2013-06-24 19:00:00,162.0
MAC000034,Std,2013-06-24 19:30:00,265.0
MAC000034,Std,2013-06-24 20:00:00,176.0
MAC000034,Std,2013-06-24 20:30:00,137.0
MAC000034,Std,2013-06-24 21:00:00,159.0
MAC000034,Std,2013-06-24 21:30:00,185.0
MAC000034,Std,2013-06-24 22:00:00,194.0
MAC000034,Std,2013-06-24 22:30:00,229.0
MAC000034,Std,2013-06-24 23:00:00,227.0
MAC000034,Std,2013-06-24 23:30:00,73.0
MAC000034,Std,2013-06-25 00:00:00,71.0
MAC000034,Std,2013-06-25 00:00:00,71.0
MAC000034,Std,2013-06-25 00:30:00,62.0
MAC000034,Std,2013-06-25 01:00:00,39.0
MAC000034,Std,2013-06-25 01:30:00,71.0
MAC000034,Std,2013-06-25 02:00:00,103.0
MAC000034,Std,2013-06-25 02:30:00,110.0
MAC000034,Std,2013-06-25 03:00:00,104.0
MAC000034,Std,2013-06-25 03:30:00,47.0
MAC000034,Std,2013-06-25 04:00:00,55.0
MAC000034,Std,2013-06-25 04:30:00,70.0
MAC000034,Std,2013-06-25 05:00:00,36.0
MAC000034,Std,2013-06-25 05:30:00,66.0
MAC000034,Std,2013-06-25 06:00:00,75.0
MAC000034,Std,2013-06-25 06:30:00,102.0
MAC000034,Std,2013-06-25 07:00:00,123.0
MAC000034,Std,2013-06-25 07:30:00,56.0
MAC000034,Std,2013-06-25 08:00:00,45.0
MAC000034,Std,2013-06-25 08:30:00,66.0
MAC000034,Std,2013-06-25 09:00:00,36.0
MAC000034,Std,2013-06-25 09:30:00,97.0
MAC000034,Std,2013-06-25 10:00:00,209.0
MAC000034,Std,2013-06-25 10:30:00,146.0
MAC000034,Std,2013-06-25 11:00:00,183.0
MAC000034,Std,2013-06-25 11:30:00,220.0
MAC000034,Std,2013-06-25 12:00:00,121.0
MAC000034,Std,2013-06-25 12:30:00,115.0
MAC000034,Std,2013-06-25 13:00:00,273.0
MAC000034,Std,2013-06-25 13:30:00,57.0
MAC000034,Std,2013-06-25 14:00:00,71.0
MAC000034,Std,2013-06-25 14:30:00,95.0
MAC000034,Std,2013-06-25 15:00:00,136.0
MAC000034,Std,2013-06-25 15:30:00,150.0
MAC000034,Std,2013-06-25 16:00:00,468.0
MAC000034,Std,2013-06-25 16:30:00,53.0
MAC000034,Std,2013-06-25 17:00:00,292.0
MAC000034,Std,2013-06-25 17:30:00,66.0
MAC000034,Std,2013-06-25 18:00:00,47.0
MAC000034,Std,2013-06-25 18:30:00,250.0
MAC000034,Std,2013-06-25 19:00:00,195.0
MAC000034,Std,2013-06-25 19:30:00,186.0
MAC000034,Std,2013-06-25 20:00:00,182.0
MAC000034,Std,2013-06-25 20:30:00,166.0
MAC000034,Std,2013-06-25 21:00:00,158.0
MAC000034,Std,2013-06-25 21:30:00,147.0
MAC000034,Std,2013-06-25 22:00:00,179.0
MAC000034,Std,2013-06-25 22:30:00,227.0
MAC000034,Std,2013-06-25 23:00:00,202.0
MAC000034,Std,2013-06-25 23:30:00,208.0
MAC000034,Std,2013-06-26 00:00:00,205.0
MAC000034,Std,2013-06-26 00:30:00,82.0
MAC000034,Std,2013-06-26 01:00:00,38.0
MAC000034,Std,2013-06-26 01:30:00,71.0
MAC000034,Std,2013-06-26 02:00:00,75.0
MAC000034,Std,2013-06-26 02:30:00,104.0
MAC000034,Std,2013-06-26 03:00:00,126.0
MAC000034,Std,2013-06-26 03:30:00,84.0
MAC000034,Std,2013-06-26 04:00:00,35.0
MAC000034,Std,2013-06-26 04:30:00,72.0
MAC000034,Std,2013-06-26 05:00:00,58.0
MAC000034,Std,2013-06-26 05:30:00,46.0
MAC000034,Std,2013-06-26 06:00:00,106.0
MAC000034,Std,2013-06-26 06:30:00,107.0
MAC000034,Std,2013-06-26 07:00:00,109.0
MAC000034,Std,2013-06-26 07:30:00,66.0
MAC000034,Std,2013-06-26 08:00:00,31.0
MAC000034,Std,2013-06-26 08:30:00,63.0
MAC000034,Std,2013-06-26 09:00:00,110.0
MAC000034,Std,2013-06-26 09:30:00,92.0
MAC000034,Std,2013-06-26 10:00:00,282.0
MAC000034,Std,2013-06-26 10:30:00,185.0
MAC000034,Std,2013-06-26 11:00:00,136.0
MAC000034,Std,2013-06-26 11:30:00,130.0
MAC000034,Std,2013-06-26 12:00:00,123.0
MAC000034,Std,2013-06-26 12:30:00,86.0
MAC000034,Std,2013-06-26 13:00:00,124.0
MAC000034,Std,2013-06-26 13:30:00,156.0
MAC000034,Std,2013-06-26 14:00:00,164.0
MAC000034,Std,2013-06-26 14:30:00,1270.0
MAC000034,Std,2013-06-26 15:00:00,910.0
MAC000034,Std,2013-06-26 15:30:00,122.0
MAC000034,Std,2013-06-26 16:00:00,91.0
MAC000034,Std,2013-06-26 16:30:00,182.0
MAC000034,Std,2013-06-26 17:00:00,142.0
MAC000034,Std,2013-06-26 17:30:00,184.0
MAC000034,Std,2013-06-26 18:00:00,139.0
MAC000034,Std,2013-06-26 18:30:00,92.0
MAC000034,Std,2013-06-26 19:00:00,110.0
MAC000034,Std,2013-06-26 19:30:00,141.0
MAC000034,Std,2013-06-26 20:00:00,191.0
MAC000034,Std,2013-06-26 20:30:00,202.0
MAC000034,Std,2013-06-26 21:00:00,218.0
MAC000034,Std,2013-06-26 21:30:00,215.0
MAC000034,Std,2013-06-26 22:00:00,211.0
MAC000034,Std,2013-06-26 22:30:00,224.0
MAC000034,Std,2013-06-26 23:00:00,231.0
MAC000034,Std,2013-06-26 23:30:00,233.0
MAC000034,Std,2013-06-27 00:00:00,133.0
MAC000034,Std,2013-06-27 00:30:00,123.0
MAC000034,Std,2013-06-27 01:00:00,122.0
MAC000034,Std,2013-06-27 01:30:00,122.0
MAC000034,Std,2013-06-27 02:00:00,121.0
MAC000034,Std,2013-06-27 02:30:00,119.0
MAC000034,Std,2013-06-27 03:00:00,119.0
MAC000034,Std,2013-06-27 03:30:00,118.0
MAC000034,Std,2013-06-27 04:00:00,118.0
MAC000034,Std,2013-06-27 04:30:00,117.0
MAC000034,Std,2013-06-27 05:00:00,105.0
MAC000034,Std,2013-06-27 05:30:00,99.0
MAC000034,Std,2013-06-27 06:00:00,119.0
MAC000034,Std,2013-06-27 06:30:00,118.0
MAC000034,Std,2013-06-27 07:00:00,113.0
MAC000034,Std,2013-06-27 07:30:00,113.0
MAC000034,Std,2013-06-27 08:00:00,88.0
MAC000034,Std,2013-06-27 08:30:00,100.0
MAC000034,Std,2013-06-27 09:00:00,252.0
MAC000034,Std,2013-06-27 09:30:00,171.0
MAC000034,Std,2013-06-27 10:00:00,209.0
MAC000034,Std,2013-06-27 10:30:00,184.0
MAC000034,Std,2013-06-27 11:00:00,223.0
MAC000034,Std,2013-06-27 11:30:00,135.0
MAC000034,Std,2013-06-27 12:00:00,113.0
MAC000034,Std,2013-06-27 12:30:00,114.0
MAC000034,Std,2013-06-27 13:00:00,76.0
MAC000034,Std,2013-06-27 13:30:00,151.0
MAC000034,Std,2013-06-27 14:00:00,114.0
MAC000034,Std,2013-06-27 14:30:00,128.0
MAC000034,Std,2013-06-27 15:00:00,113.0
MAC000034,Std,2013-06-27 15:30:00,100.0
MAC000034,Std,2013-06-27 16:00:00,170.0
MAC000034,Std,2013-06-27 16:30:00,226.0
MAC000034,Std,2013-06-27 17:00:00,116.0
MAC000034,Std,2013-06-27 17:30:00,164.0
MAC000034,Std,2013-06-27 18:00:00,238.0
MAC000034,Std,2013-06-27 18:30:00,158.0
MAC000034,Std,2013-06-27 19:00:00,128.0
MAC000034,Std,2013-06-27 19:30:00,176.0
MAC000034,Std,2013-06-27 20:00:00,220.0
MAC000034,Std,2013-06-27 20:30:00,230.0
MAC000034,Std,2013-06-27 21:00:00,206.0
MAC000034,Std,2013-06-27 21:30:00,203.0
MAC000034,Std,2013-06-27 22:00:00,250.0
MAC000034,Std,2013-06-27 22:30:00,286.0
MAC000034,Std,2013-06-27 23:00:00,287.0
MAC000034,Std,2013-06-27 23:30:00,249.0
MAC000034,Std,2013-06-28 00:00:00,193.0
MAC000034,Std,2013-06-28 00:30:00,100.0
MAC000034,Std,2013-06-28 01:00:00,123.0
MAC000034,Std,2013-06-28 01:30:00,121.0
MAC000034,Std,2013-06-28 02:00:00,120.0
MAC000034,Std,2013-06-28 02:30:00,101.0
MAC000034,Std,2013-06-28 03:00:00,101.0
MAC000034,Std,2013-06-28 03:30:00,121.0
MAC000034,Std,2013-06-28 04:00:00,121.0
MAC000034,Std,2013-06-28 04:30:00,120.0
MAC000034,Std,2013-06-28 05:00:00,86.0
MAC000034,Std,2013-06-28 05:30:00,116.0
MAC000034,Std,2013-06-28 06:00:00,120.0
MAC000034,Std,2013-06-28 06:30:00,119.0
MAC000034,Std,2013-06-28 07:00:00,89.0
MAC000034,Std,2013-06-28 07:30:00,107.0
MAC000034,Std,2013-06-28 08:00:00,117.0
MAC000034,Std,2013-06-28 08:30:00,114.0
MAC000034,Std,2013-06-28 09:00:00,113.0
MAC000034,Std,2013-06-28 09:30:00,171.0
MAC000034,Std,2013-06-28 10:00:00,180.0
MAC000034,Std,2013-06-28 10:30:00,179.0
MAC000034,Std,2013-06-28 11:00:00,233.0
MAC000034,Std,2013-06-28 11:30:00,178.0
MAC000034,Std,2013-06-28 12:00:00,180.0
MAC000034,Std,2013-06-28 12:30:00,182.0
MAC000034,Std,2013-06-28 13:00:00,172.0
MAC000034,Std,2013-06-28 13:30:00,147.0
MAC000034,Std,2013-06-28 14:00:00,193.0
MAC000034,Std,2013-06-28 14:30:00,198.0
MAC000034,Std,2013-06-28 15:00:00,169.0
MAC000034,Std,2013-06-28 15:30:00,108.0
MAC000034,Std,2013-06-28 16:00:00,222.0
MAC000034,Std,2013-06-28 16:30:00,116.0
MAC000034,Std,2013-06-28 17:00:00,243.0
MAC000034,Std,2013-06-28 17:30:00,180.0
MAC000034,Std,2013-06-28 18:00:00,191.0
MAC000034,Std,2013-06-28 18:30:00,156.0
MAC000034,Std,2013-06-28 19:00:00,191.0
MAC000034,Std,2013-06-28 19:30:00,167.0
MAC000034,Std,2013-06-28 20:00:00,262.0
MAC000034,Std,2013-06-28 20:30:00,278.0
MAC000034,Std,2013-06-28 21:00:00,252.0
MAC000034,Std,2013-06-28 21:30:00,195.0
MAC000034,Std,2013-06-28 22:00:00,216.0
MAC000034,Std,2013-06-28 22:30:00,243.0
MAC000034,Std,2013-06-28 23:00:00,230.0
MAC000034,Std,2013-06-28 23:30:00,102.0
MAC000034,Std,2013-06-29 00:00:00,120.0
MAC000034,Std,2013-06-29 00:30:00,120.0
MAC000034,Std,2013-06-29 01:00:00,102.0
MAC000034,Std,2013-06-29 01:30:00,97.0
MAC000034,Std,2013-06-29 02:00:00,119.0
MAC000034,Std,2013-06-29 02:30:00,118.0
MAC000034,Std,2013-06-29 03:00:00,101.0
MAC000034,Std,2013-06-29 03:30:00,94.0
MAC000034,Std,2013-06-29 04:00:00,118.0
MAC000034,Std,2013-06-29 04:30:00,117.0
MAC000034,Std,2013-06-29 05:00:00,92.0
MAC000034,Std,2013-06-29 05:30:00,103.0
MAC000034,Std,2013-06-29 06:00:00,117.0
MAC000034,Std,2013-06-29 06:30:00,111.0
MAC000034,Std,2013-06-29 07:00:00,79.0
MAC000034,Std,2013-06-29 07:30:00,114.0
MAC000034,Std,2013-06-29 08:00:00,114.0
MAC000034,Std,2013-06-29 08:30:00,78.0
MAC000034,Std,2013-06-29 09:00:00,134.0
MAC000034,Std,2013-06-29 09:30:00,170.0
MAC000034,Std,2013-06-29 10:00:00,229.0
MAC000034,Std,2013-06-29 10:30:00,171.0
MAC000034,Std,2013-06-29 11:00:00,171.0
MAC000034,Std,2013-06-29 11:30:00,138.0
MAC000034,Std,2013-06-29 12:00:00,234.0
MAC000034,Std,2013-06-29 12:30:00,143.0
MAC000034,Std,2013-06-29 13:00:00,119.0
MAC000034,Std,2013-06-29 13:30:00,143.0
MAC000034,Std,2013-06-29 14:00:00,167.0
MAC000034,Std,2013-06-29 14:30:00,165.0
MAC000034,Std,2013-06-29 15:00:00,164.0
MAC000034,Std,2013-06-29 15:30:00,108.0
MAC000034,Std,2013-06-29 16:00:00,114.0
MAC000034,Std,2013-06-29 16:30:00,113.0
MAC000034,Std,2013-06-29 17:00:00,201.0
MAC000034,Std,2013-06-29 17:30:00,105.0
MAC000034,Std,2013-06-29 18:00:00,74.0
MAC000034,Std,2013-06-29 18:30:00,168.0
MAC000034,Std,2013-06-29 19:00:00,173.0
MAC000034,Std,2013-06-29 19:30:00,178.0
MAC000034,Std,2013-06-29 20:00:00,203.0
MAC000034,Std,2013-06-29 20:30:00,200.0
MAC000034,Std,2013-06-29 21:00:00,213.0
MAC000034,Std,2013-06-29 21:30:00,222.0
MAC000034,Std,2013-06-29 22:00:00,276.0
MAC000034,Std,2013-06-29 22:30:00,295.0
MAC000034,Std,2013-06-29 23:00:00,334.0
MAC000034,Std,2013-06-29 23:30:00,115.0
MAC000034,Std,2013-06-30 00:00:00,118.0
MAC000034,Std,2013-06-30 00:30:00,90.0
MAC000034,Std,2013-06-30 01:00:00,109.0
MAC000034,Std,2013-06-30 01:30:00,119.0
MAC000034,Std,2013-06-30 02:00:00,119.0
MAC000034,Std,2013-06-30 02:30:00,117.0
MAC000034,Std,2013-06-30 03:00:00,107.0
MAC000034,Std,2013-06-30 03:30:00,88.0
MAC000034,Std,2013-06-30 04:00:00,117.0
MAC000034,Std,2013-06-30 04:30:00,117.0
MAC000034,Std,2013-06-30 05:00:00,113.0
MAC000034,Std,2013-06-30 05:30:00,99.0
MAC000034,Std,2013-06-30 06:00:00,91.0
MAC000034,Std,2013-06-30 06:30:00,117.0
MAC000034,Std,2013-06-30 07:00:00,111.0
MAC000034,Std,2013-06-30 07:30:00,112.0
MAC000034,Std,2013-06-30 08:00:00,74.0
MAC000034,Std,2013-06-30 08:30:00,132.0
MAC000034,Std,2013-06-30 09:00:00,165.0
MAC000034,Std,2013-06-30 09:30:00,257.0
MAC000034,Std,2013-06-30 10:00:00,155.0
MAC000034,Std,2013-06-30 10:30:00,123.0
MAC000034,Std,2013-06-30 11:00:00,196.0
MAC000034,Std,2013-06-30 11:30:00,167.0
MAC000034,Std,2013-06-30 12:00:00,114.0
MAC000034,Std,2013-06-30 12:30:00,113.0
MAC000034,Std,2013-06-30 13:00:00,115.0
MAC000034,Std,2013-06-30 13:30:00,114.0
MAC000034,Std,2013-06-30 14:00:00,113.0
MAC000034,Std,2013-06-30 14:30:00,113.0
MAC000034,Std,2013-06-30 15:00:00,111.0
MAC000034,Std,2013-06-30 15:30:00,111.0
MAC000034,Std,2013-06-30 16:00:00,111.0
MAC000034,Std,2013-06-30 16:30:00,111.0
MAC000034,Std,2013-06-30 17:00:00,110.0
MAC000034,Std,2013-06-30 17:30:00,111.0
MAC000034,Std,2013-06-30 18:00:00,110.0
MAC000034,Std,2013-06-30 18:30:00,110.0
MAC000034,Std,2013-06-30 19:00:00,146.0
MAC000034,Std,2013-06-30 19:30:00,170.0
MAC000034,Std,2013-06-30 20:00:00,264.0
MAC000034,Std,2013-06-30 20:30:00,216.0
MAC000034,Std,2013-06-30 21:00:00,202.0
MAC000034,Std,2013-06-30 21:30:00,306.0
MAC000034,Std,2013-06-30 22:00:00,204.0
MAC000034,Std,2013-06-30 22:30:00,203.0
MAC000034,Std,2013-06-30 23:00:00,316.0
MAC000034,Std,2013-06-30 23:30:00,152.0
MAC000034,Std,2013-07-01 00:00:00,117.0
MAC000034,Std,2013-07-01 00:30:00,117.0
MAC000034,Std,2013-07-01 01:00:00,117.0
MAC000034,Std,2013-07-01 01:30:00,116.0
MAC000034,Std,2013-07-01 02:00:00,116.0
MAC000034,Std,2013-07-01 02:30:00,116.0
MAC000034,Std,2013-07-01 03:00:00,116.0
MAC000034,Std,2013-07-01 03:30:00,83.0
MAC000034,Std,2013-07-01 04:00:00,113.0
MAC000034,Std,2013-07-01 04:30:00,119.0
MAC000034,Std,2013-07-01 05:00:00,121.0
MAC000034,Std,2013-07-01 05:30:00,114.0
MAC000034,Std,2013-07-01 06:00:00,113.0
MAC000034,Std,2013-07-01 06:30:00,114.0
MAC000034,Std,2013-07-01 07:00:00,112.0
MAC000034,Std,2013-07-01 07:30:00,81.0
MAC000034,Std,2013-07-01 08:00:00,104.0
MAC000034,Std,2013-07-01 08:30:00,160.0
MAC000034,Std,2013-07-01 09:00:00,165.0
MAC000034,Std,2013-07-01 09:30:00,247.0
MAC000034,Std,2013-07-01 10:00:00,165.0
MAC000034,Std,2013-07-01 10:30:00,166.0
MAC000034,Std,2013-07-01 11:00:00,260.0
MAC000034,Std,2013-07-01 11:30:00,124.0
MAC000034,Std,2013-07-01 12:00:00,113.0
MAC000034,Std,2013-07-01 12:30:00,113.0
MAC000034,Std,2013-07-01 13:00:00,133.0
MAC000034,Std,2013-07-01 13:30:00,162.0
MAC000034,Std,2013-07-01 14:00:00,166.0
MAC000034,Std,2013-07-01 14:30:00,166.0
MAC000034,Std,2013-07-01 15:00:00,166.0
MAC000034,Std,2013-07-01 15:30:00,166.0
MAC000034,Std,2013-07-01 16:00:00,171.0
MAC000034,Std,2013-07-01 16:30:00,171.0
MAC000034,Std,2013-07-01 17:00:00,248.0
MAC000034,Std,2013-07-01 17:30:00,173.0
MAC000034,Std,2013-07-01 18:00:00,135.0
MAC000034,Std,2013-07-01 18:30:00,147.0
MAC000034,Std,2013-07-01 19:00:00,169.0
MAC000034,Std,2013-07-01 19:30:00,224.0
MAC000034,Std,2013-07-01 20:00:00,223.0
MAC000034,Std,2013-07-01 20:30:00,174.0
MAC000034,Std,2013-07-01 21:00:00,172.0
MAC000034,Std,2013-07-01 21:30:00,174.0
MAC000034,Std,2013-07-01 22:00:00,173.0
MAC000034,Std,2013-07-01 22:30:00,181.0
MAC000034,Std,2013-07-01 23:00:00,249.0
MAC000034,Std,2013-07-01 23:30:00,144.0
MAC000034,Std,2013-07-02 00:00:00,115.0
MAC000034,Std,2013-07-02 00:30:00,91.0
MAC000034,Std,2013-07-02 01:00:00,101.0
MAC000034,Std,2013-07-02 01:30:00,117.0
MAC000034,Std,2013-07-02 02:00:00,115.0
MAC000034,Std,2013-07-02 02:30:00,115.0
MAC000034,Std,2013-07-02 03:00:00,114.0
MAC000034,Std,2013-07-02 03:30:00,68.0
MAC000034,Std,2013-07-02 04:00:00,44.0
MAC000034,Std,2013-07-02 04:30:00,68.0
MAC000034,Std,2013-07-02 05:00:00,66.0
MAC000034,Std,2013-07-02 05:30:00,66.0
MAC000034,Std,2013-07-02 06:00:00,28.0
MAC000034,Std,2013-07-02 06:30:00,69.0
MAC000034,Std,2013-07-02 07:00:00,65.0
MAC000034,Std,2013-07-02 07:30:00,65.0
MAC000034,Std,2013-07-02 08:00:00,89.0
MAC000034,Std,2013-07-02 08:30:00,179.0
MAC000034,Std,2013-07-02 09:00:00,215.0
MAC000034,Std,2013-07-02 09:30:00,130.0
MAC000034,Std,2013-07-02 10:00:00,66.0
MAC000034,Std,2013-07-02 10:30:00,75.0
MAC000034,Std,2013-07-02 11:00:00,128.0
MAC000034,Std,2013-07-02 11:30:00,123.0
MAC000034,Std,2013-07-02 12:00:00,120.0
MAC000034,Std,2013-07-02 12:30:00,120.0
MAC000034,Std,2013-07-02 13:00:00,167.0
MAC000034,Std,2013-07-02 13:30:00,148.0
MAC000034,Std,2013-07-02 14:00:00,178.0
MAC000034,Std,2013-07-02 14:30:00,168.0
MAC000034,Std,2013-07-02 15:00:00,174.0
MAC000034,Std,2013-07-02 15:30:00,172.0
MAC000034,Std,2013-07-02 16:00:00,103.0
MAC000034,Std,2013-07-02 16:30:00,145.0
MAC000034,Std,2013-07-02 17:00:00,256.0
MAC000034,Std,2013-07-02 17:30:00,167.0
MAC000034,Std,2013-07-02 18:00:00,163.0
MAC000034,Std,2013-07-02 18:30:00,161.0
MAC000034,Std,2013-07-02 19:00:00,131.0
MAC000034,Std,2013-07-02 19:30:00,174.0
MAC000034,Std,2013-07-02 20:00:00,150.0
MAC000034,Std,2013-07-02 20:30:00,125.0
MAC000034,Std,2013-07-02 21:00:00,125.0
MAC000034,Std,2013-07-02 21:30:00,109.0
MAC000034,Std,2013-07-02 22:00:00,117.0
MAC000034,Std,2013-07-02 22:30:00,218.0
MAC000034,Std,2013-07-02 23:00:00,78.0
MAC000034,Std,2013-07-02 23:30:00,59.0
MAC000034,Std,2013-07-03 00:00:00,35.0
MAC000034,Std,2013-07-03 00:30:00,69.0
MAC000034,Std,2013-07-03 01:00:00,121.0
MAC000034,Std,2013-07-03 01:30:00,125.0
MAC000034,Std,2013-07-03 02:00:00,108.0
MAC000034,Std,2013-07-03 02:30:00,97.0
MAC000034,Std,2013-07-03 03:00:00,97.0
MAC000034,Std,2013-07-03 03:30:00,67.0
MAC000034,Std,2013-07-03 04:00:00,59.0
MAC000034,Std,2013-07-03 04:30:00,35.0
MAC000034,Std,2013-07-03 05:00:00,68.0
MAC000034,Std,2013-07-03 05:30:00,67.0
MAC000034,Std,2013-07-03 06:00:00,43.0
MAC000034,Std,2013-07-03 06:30:00,92.0
MAC000034,Std,2013-07-03 07:00:00,123.0
MAC000034,Std,2013-07-03 07:30:00,118.0
MAC000034,Std,2013-07-03 08:00:00,118.0
MAC000034,Std,2013-07-03 08:30:00,112.0
MAC000034,Std,2013-07-03 09:00:00,209.0
MAC000034,Std,2013-07-03 09:30:00,125.0
MAC000034,Std,2013-07-03 10:00:00,112.0
MAC000034,Std,2013-07-03 10:30:00,100.0
MAC000034,Std,2013-07-03 11:00:00,106.0
MAC000034,Std,2013-07-03 11:30:00,113.0
MAC000034,Std,2013-07-03 12:00:00,81.0
MAC000034,Std,2013-07-03 12:30:00,165.0
MAC000034,Std,2013-07-03 13:00:00,178.0
MAC000034,Std,2013-07-03 13:30:00,172.0
MAC000034,Std,2013-07-03 14:00:00,1304.0
MAC000034,Std,2013-07-03 14:30:00,856.0
MAC000034,Std,2013-07-03 15:00:00,128.0
MAC000034,Std,2013-07-03 15:30:00,118.0
MAC000034,Std,2013-07-03 16:00:00,116.0
MAC000034,Std,2013-07-03 16:30:00,174.0
MAC000034,Std,2013-07-03 17:00:00,106.0
MAC000034,Std,2013-07-03 17:30:00,117.0
MAC000034,Std,2013-07-03 18:00:00,139.0
MAC000034,Std,2013-07-03 18:30:00,154.0
MAC000034,Std,2013-07-03 19:00:00,112.0
MAC000034,Std,2013-07-03 19:30:00,262.0
MAC000034,Std,2013-07-03 20:00:00,226.0
MAC000034,Std,2013-07-03 20:30:00,165.0
MAC000034,Std,2013-07-03 21:00:00,131.0
MAC000034,Std,2013-07-03 21:30:00,132.0
MAC000034,Std,2013-07-03 22:00:00,136.0
MAC000034,Std,2013-07-03 22:30:00,136.0
MAC000034,Std,2013-07-03 23:00:00,160.0
MAC000034,Std,2013-07-03 23:30:00,160.0
MAC000034,Std,2013-07-04 00:00:00,126.0
MAC000034,Std,2013-07-04 00:30:00,122.0
MAC000034,Std,2013-07-04 01:00:00,94.0
MAC000034,Std,2013-07-04 01:30:00,31.0
MAC000034,Std,2013-07-04 02:00:00,64.0
MAC000034,Std,2013-07-04 02:30:00,67.0
MAC000034,Std,2013-07-04 03:00:00,51.0
MAC000034,Std,2013-07-04 03:30:00,49.0
MAC000034,Std,2013-07-04 04:00:00,67.0
MAC000034,Std,2013-07-04 04:30:00,128.0
MAC000034,Std,2013-07-04 05:00:00,94.0
MAC000034,Std,2013-07-04 05:30:00,112.0
MAC000034,Std,2013-07-04 06:00:00,94.0
MAC000034,Std,2013-07-04 06:30:00,55.0
MAC000034,Std,2013-07-04 07:00:00,42.0
MAC000034,Std,2013-07-04 07:30:00,103.0
MAC000034,Std,2013-07-04 08:00:00,186.0
MAC000034,Std,2013-07-04 08:30:00,115.0
MAC000034,Std,2013-07-04 09:00:00,116.0
MAC000034,Std,2013-07-04 09:30:00,127.0
MAC000034,Std,2013-07-04 10:00:00,107.0
MAC000034,Std,2013-07-04 10:30:00,95.0
MAC000034,Std,2013-07-04 11:00:00,81.0
MAC000034,Std,2013-07-04 11:30:00,64.0
MAC000034,Std,2013-07-04 12:00:00,42.0
MAC000034,Std,2013-07-04 12:30:00,105.0
MAC000034,Std,2013-07-04 13:00:00,117.0
MAC000034,Std,2013-07-04 13:30:00,72.0
MAC000034,Std,2013-07-04 14:00:00,82.0
MAC000034,Std,2013-07-04 14:30:00,113.0
MAC000034,Std,2013-07-04 15:00:00,119.0
MAC000034,Std,2013-07-04 15:30:00,111.0
MAC000034,Std,2013-07-04 16:00:00,64.0
MAC000034,Std,2013-07-04 16:30:00,150.0
MAC000034,Std,2013-07-04 17:00:00,78.0
MAC000034,Std,2013-07-04 17:30:00,73.0
MAC000034,Std,2013-07-04 18:00:00,40.0
MAC000034,Std,2013-07-04 18:30:00,100.0
MAC000034,Std,2013-07-04 19:00:00,158.0
MAC000034,Std,2013-07-04 19:30:00,179.0
MAC000034,Std,2013-07-04 20:00:00,228.0
MAC000034,Std,2013-07-04 20:30:00,129.0
MAC000034,Std,2013-07-04 21:00:00,124.0
MAC000034,Std,2013-07-04 21:30:00,112.0
MAC000034,Std,2013-07-04 22:00:00,131.0
MAC000034,Std,2013-07-04 22:30:00,138.0
MAC000034,Std,2013-07-04 23:00:00,156.0
MAC000034,Std,2013-07-04 23:30:00,225.0
MAC000034,Std,2013-07-05 00:00:00,172.0
MAC000034,Std,2013-07-05 00:30:00,92.0
MAC000034,Std,2013-07-05 01:00:00,70.0
MAC000034,Std,2013-07-05 01:30:00,67.0
MAC000034,Std,2013-07-05 02:00:00,65.0
MAC000034,Std,2013-07-05 02:30:00,35.0
MAC000034,Std,2013-07-05 03:00:00,61.0
MAC000034,Std,2013-07-05 03:30:00,66.0
MAC000034,Std,2013-07-05 04:00:00,120.0
MAC000034,Std,2013-07-05 04:30:00,88.0
MAC000034,Std,2013-07-05 05:00:00,122.0
MAC000034,Std,2013-07-05 05:30:00,82.0
MAC000034,Std,2013-07-05 06:00:00,48.0
MAC000034,Std,2013-07-05 06:30:00,46.0
MAC000034,Std,2013-07-05 07:00:00,63.0
MAC000034,Std,2013-07-05 07:30:00,58.0
MAC000034,Std,2013-07-05 08:00:00,45.0
MAC000034,Std,2013-07-05 08:30:00,150.0
MAC000034,Std,2013-07-05 09:00:00,177.0
MAC000034,Std,2013-07-05 09:30:00,159.0
MAC000034,Std,2013-07-05 10:00:00,208.0
MAC000034,Std,2013-07-05 10:30:00,78.0
MAC000034,Std,2013-07-05 11:00:00,64.0
MAC000034,Std,2013-07-05 11:30:00,58.0
MAC000034,Std,2013-07-05 12:00:00,94.0
MAC000034,Std,2013-07-05 12:30:00,118.0
MAC000034,Std,2013-07-05 13:00:00,171.0
MAC000034,Std,2013-07-05 13:30:00,165.0
MAC000034,Std,2013-07-05 14:00:00,119.0
MAC000034,Std,2013-07-05 14:30:00,115.0
MAC000034,Std,2013-07-05 15:00:00,86.0
MAC000034,Std,2013-07-05 15:30:00,89.0
MAC000034,Std,2013-07-05 16:00:00,44.0
MAC000034,Std,2013-07-05 16:30:00,94.0
MAC000034,Std,2013-07-05 17:00:00,200.0
MAC000034,Std,2013-07-05 17:30:00,120.0
MAC000034,Std,2013-07-05 18:00:00,181.0
MAC000034,Std,2013-07-05 18:30:00,179.0
MAC000034,Std,2013-07-05 19:00:00,173.0
MAC000034,Std,2013-07-05 19:30:00,124.0
MAC000034,Std,2013-07-05 20:00:00,123.0
MAC000034,Std,2013-07-05 20:30:00,124.0
MAC000034,Std,2013-07-05 21:00:00,100.0
MAC000034,Std,2013-07-05 21:30:00,148.0
MAC000034,Std,2013-07-05 22:00:00,235.0
MAC000034,Std,2013-07-05 22:30:00,254.0
MAC000034,Std,2013-07-05 23:00:00,270.0
MAC000034,Std,2013-07-05 23:30:00,288.0
MAC000034,Std,2013-07-06 00:00:00,156.0
MAC000034,Std,2013-07-06 00:30:00,36.0
MAC000034,Std,2013-07-06 01:00:00,67.0
MAC000034,Std,2013-07-06 01:30:00,66.0
MAC000034,Std,2013-07-06 02:00:00,65.0
MAC000034,Std,2013-07-06 02:30:00,86.0
MAC000034,Std,2013-07-06 03:00:00,114.0
MAC000034,Std,2013-07-06 03:30:00,121.0
MAC000034,Std,2013-07-06 04:00:00,97.0
MAC000034,Std,2013-07-06 04:30:00,65.0
MAC000034,Std,2013-07-06 05:00:00,36.0
MAC000034,Std,2013-07-06 05:30:00,59.0
MAC000034,Std,2013-07-06 06:00:00,65.0
MAC000034,Std,2013-07-06 06:30:00,66.0
MAC000034,Std,2013-07-06 07:00:00,63.0
MAC000034,Std,2013-07-06 07:30:00,123.0
MAC000034,Std,2013-07-06 08:00:00,117.0
MAC000034,Std,2013-07-06 08:30:00,88.0
MAC000034,Std,2013-07-06 09:00:00,53.0
MAC000034,Std,2013-07-06 09:30:00,35.0
MAC000034,Std,2013-07-06 10:00:00,78.0
MAC000034,Std,2013-07-06 10:30:00,167.0
MAC000034,Std,2013-07-06 11:00:00,136.0
MAC000034,Std,2013-07-06 11:30:00,254.0
MAC000034,Std,2013-07-06 12:00:00,174.0
MAC000034,Std,2013-07-06 12:30:00,146.0
MAC000034,Std,2013-07-06 13:00:00,85.0
MAC000034,Std,2013-07-06 13:30:00,110.0
MAC000034,Std,2013-07-06 14:00:00,127.0
MAC000034,Std,2013-07-06 14:30:00,128.0
MAC000034,Std,2013-07-06 15:00:00,109.0
MAC000034,Std,2013-07-06 15:30:00,92.0
MAC000034,Std,2013-07-06 16:00:00,138.0
MAC000034,Std,2013-07-06 16:30:00,217.0
MAC000034,Std,2013-07-06 17:00:00,129.0
MAC000034,Std,2013-07-06 17:30:00,86.0
MAC000034,Std,2013-07-06 18:00:00,75.0
MAC000034,Std,2013-07-06 18:30:00,76.0
MAC000034,Std,2013-07-06 19:00:00,77.0
MAC000034,Std,2013-07-06 19:30:00,105.0
MAC000034,Std,2013-07-06 20:00:00,155.0
MAC000034,Std,2013-07-06 20:30:00,205.0
MAC000034,Std,2013-07-06 21:00:00,239.0
MAC000034,Std,2013-07-06 21:30:00,213.0
MAC000034,Std,2013-07-06 22:00:00,165.0
MAC000034,Std,2013-07-06 22:30:00,188.0
MAC000034,Std,2013-07-06 23:00:00,256.0
MAC000034,Std,2013-07-06 23:30:00,257.0
MAC000034,Std,2013-07-07 00:00:00,148.0
MAC000034,Std,2013-07-07 00:30:00,129.0
MAC000034,Std,2013-07-07 01:00:00,127.0
MAC000034,Std,2013-07-07 01:30:00,124.0
MAC000034,Std,2013-07-07 02:00:00,95.0
MAC000034,Std,2013-07-07 02:30:00,70.0
MAC000034,Std,2013-07-07 03:00:00,68.0
MAC000034,Std,2013-07-07 03:30:00,70.0
MAC000034,Std,2013-07-07 04:00:00,67.0
MAC000034,Std,2013-07-07 04:30:00,91.0
MAC000034,Std,2013-07-07 05:00:00,128.0
MAC000034,Std,2013-07-07 05:30:00,124.0
MAC000034,Std,2013-07-07 06:00:00,118.0
MAC000034,Std,2013-07-07 06:30:00,67.0
MAC000034,Std,2013-07-07 07:00:00,64.0
MAC000034,Std,2013-07-07 07:30:00,64.0
MAC000034,Std,2013-07-07 08:00:00,64.0
MAC000034,Std,2013-07-07 08:30:00,65.0
MAC000034,Std,2013-07-07 09:00:00,155.0
MAC000034,Std,2013-07-07 09:30:00,174.0
MAC000034,Std,2013-07-07 10:00:00,270.0
MAC000034,Std,2013-07-07 10:30:00,103.0
MAC000034,Std,2013-07-07 11:00:00,111.0
MAC000034,Std,2013-07-07 11:30:00,99.0
MAC000034,Std,2013-07-07 12:00:00,181.0
MAC000034,Std,2013-07-07 12:30:00,110.0
MAC000034,Std,2013-07-07 13:00:00,132.0
MAC000034,Std,2013-07-07 13:30:00,177.0
MAC000034,Std,2013-07-07 14:00:00,173.0
MAC000034,Std,2013-07-07 14:30:00,164.0
MAC000034,Std,2013-07-07 15:00:00,118.0
MAC000034,Std,2013-07-07 15:30:00,117.0
MAC000034,Std,2013-07-07 16:00:00,240.0
MAC000034,Std,2013-07-07 16:30:00,116.0
MAC000034,Std,2013-07-07 17:00:00,120.0
MAC000034,Std,2013-07-07 17:30:00,124.0
MAC000034,Std,2013-07-07 18:00:00,118.0
MAC000034,Std,2013-07-07 18:30:00,137.0
MAC000034,Std,2013-07-07 19:00:00,113.0
MAC000034,Std,2013-07-07 19:30:00,115.0
MAC000034,Std,2013-07-07 20:00:00,119.0
MAC000034,Std,2013-07-07 20:30:00,122.0
MAC000034,Std,2013-07-07 21:00:00,122.0
MAC000034,Std,2013-07-07 21:30:00,205.0
MAC000034,Std,2013-07-07 22:00:00,137.0
MAC000034,Std,2013-07-07 22:30:00,137.0
MAC000034,Std,2013-07-07 23:00:00,136.0
MAC000034,Std,2013-07-07 23:30:00,149.0
MAC000034,Std,2013-07-08 00:00:00,105.0
MAC000034,Std,2013-07-08 00:30:00,68.0
MAC000034,Std,2013-07-08 01:00:00,67.0
MAC000034,Std,2013-07-08 01:30:00,66.0
MAC000034,Std,2013-07-08 02:00:00,66.0
MAC000034,Std,2013-07-08 02:30:00,66.0
MAC000034,Std,2013-07-08 03:00:00,66.0
MAC000034,Std,2013-07-08 03:30:00,66.0
MAC000034,Std,2013-07-08 04:00:00,66.0
MAC000034,Std,2013-07-08 04:30:00,66.0
MAC000034,Std,2013-07-08 05:00:00,67.0
MAC000034,Std,2013-07-08 05:30:00,66.0
MAC000034,Std,2013-07-08 06:00:00,65.0
MAC000034,Std,2013-07-08 06:30:00,66.0
MAC000034,Std,2013-07-08 07:00:00,62.0
MAC000034,Std,2013-07-08 07:30:00,62.0
MAC000034,Std,2013-07-08 08:00:00,61.0
MAC000034,Std,2013-07-08 08:30:00,94.0
MAC000034,Std,2013-07-08 09:00:00,116.0
MAC000034,Std,2013-07-08 09:30:00,187.0
MAC000034,Std,2013-07-08 10:00:00,160.0
MAC000034,Std,2013-07-08 10:30:00,117.0
MAC000034,Std,2013-07-08 11:00:00,116.0
MAC000034,Std,2013-07-08 11:30:00,184.0
MAC000034,Std,2013-07-08 12:00:00,114.0
MAC000034,Std,2013-07-08 12:30:00,136.0
MAC000034,Std,2013-07-08 13:00:00,114.0
MAC000034,Std,2013-07-08 13:30:00,115.0
MAC000034,Std,2013-07-08 14:00:00,120.0
MAC000034,Std,2013-07-08 14:30:00,116.0
MAC000034,Std,2013-07-08 15:00:00,140.0
MAC000034,Std,2013-07-08 15:30:00,115.0
MAC000034,Std,2013-07-08 16:00:00,64.0
MAC000034,Std,2013-07-08 16:30:00,64.0
MAC000034,Std,2013-07-08 17:00:00,150.0
MAC000034,Std,2013-07-08 17:30:00,64.0
MAC000034,Std,2013-07-08 18:00:00,64.0
MAC000034,Std,2013-07-08 18:30:00,62.0
MAC000034,Std,2013-07-08 19:00:00,67.0
MAC000034,Std,2013-07-08 19:30:00,87.0
MAC000034,Std,2013-07-08 20:00:00,123.0
MAC000034,Std,2013-07-08 20:30:00,116.0
MAC000034,Std,2013-07-08 21:00:00,138.0
MAC000034,Std,2013-07-08 21:30:00,137.0
MAC000034,Std,2013-07-08 22:00:00,137.0
MAC000034,Std,2013-07-08 22:30:00,141.0
MAC000034,Std,2013-07-08 23:00:00,181.0
MAC000034,Std,2013-07-08 23:30:00,127.0
MAC000034,Std,2013-07-09 00:00:00,67.0
MAC000034,Std,2013-07-09 00:30:00,67.0
MAC000034,Std,2013-07-09 01:00:00,66.0
MAC000034,Std,2013-07-09 01:30:00,66.0
MAC000034,Std,2013-07-09 02:00:00,66.0
MAC000034,Std,2013-07-09 02:30:00,67.0
MAC000034,Std,2013-07-09 03:00:00,66.0
MAC000034,Std,2013-07-09 03:30:00,65.0
MAC000034,Std,2013-07-09 04:00:00,66.0
MAC000034,Std,2013-07-09 04:30:00,67.0
MAC000034,Std,2013-07-09 05:00:00,66.0
MAC000034,Std,2013-07-09 05:30:00,67.0
MAC000034,Std,2013-07-09 06:00:00,69.0
MAC000034,Std,2013-07-09 06:30:00,66.0
MAC000034,Std,2013-07-09 07:00:00,63.0
MAC000034,Std,2013-07-09 07:30:00,64.0
MAC000034,Std,2013-07-09 08:00:00,64.0
MAC000034,Std,2013-07-09 08:30:00,62.0
MAC000034,Std,2013-07-09 09:00:00,81.0
MAC000034,Std,2013-07-09 09:30:00,122.0
MAC000034,Std,2013-07-09 10:00:00,218.0
MAC000034,Std,2013-07-09 10:30:00,104.0
MAC000034,Std,2013-07-09 11:00:00,113.0
MAC000034,Std,2013-07-09 11:30:00,115.0
MAC000034,Std,2013-07-09 12:00:00,159.0
MAC000034,Std,2013-07-09 12:30:00,86.0
MAC000034,Std,2013-07-09 13:00:00,63.0
MAC000034,Std,2013-07-09 13:30:00,63.0
MAC000034,Std,2013-07-09 14:00:00,63.0
MAC000034,Std,2013-07-09 14:30:00,63.0
MAC000034,Std,2013-07-09 15:00:00,63.0
MAC000034,Std,2013-07-09 15:30:00,63.0
MAC000034,Std,2013-07-09 16:00:00,62.0
MAC000034,Std,2013-07-09 16:30:00,62.0
MAC000034,Std,2013-07-09 17:00:00,175.0
MAC000034,Std,2013-07-09 17:30:00,62.0
MAC000034,Std,2013-07-09 18:00:00,62.0
MAC000034,Std,2013-07-09 18:30:00,107.0
MAC000034,Std,2013-07-09 19:00:00,114.0
MAC000034,Std,2013-07-09 19:30:00,123.0
MAC000034,Std,2013-07-09 20:00:00,174.0
MAC000034,Std,2013-07-09 20:30:00,142.0
MAC000034,Std,2013-07-09 21:00:00,134.0
MAC000034,Std,2013-07-09 21:30:00,136.0
MAC000034,Std,2013-07-09 22:00:00,135.0
MAC000034,Std,2013-07-09 22:30:00,203.0
MAC000034,Std,2013-07-09 23:00:00,189.0
MAC000034,Std,2013-07-09 23:30:00,82.0
MAC000034,Std,2013-07-10 00:00:00,66.0
MAC000034,Std,2013-07-10 00:30:00,66.0
MAC000034,Std,2013-07-10 01:00:00,65.0
MAC000034,Std,2013-07-10 01:30:00,65.0
MAC000034,Std,2013-07-10 02:00:00,65.0
MAC000034,Std,2013-07-10 02:30:00,83.0
MAC000034,Std,2013-07-10 03:00:00,65.0
MAC000034,Std,2013-07-10 03:30:00,65.0
MAC000034,Std,2013-07-10 04:00:00,64.0
MAC000034,Std,2013-07-10 04:30:00,65.0
MAC000034,Std,2013-07-10 05:00:00,65.0
MAC000034,Std,2013-07-10 05:30:00,64.0
MAC000034,Std,2013-07-10 06:00:00,65.0
MAC000034,Std,2013-07-10 06:30:00,64.0
MAC000034,Std,2013-07-10 07:00:00,61.0
MAC000034,Std,2013-07-10 07:30:00,61.0
MAC000034,Std,2013-07-10 08:00:00,107.0
MAC000034,Std,2013-07-10 08:30:00,170.0
MAC000034,Std,2013-07-10 09:00:00,271.0
MAC000034,Std,2013-07-10 09:30:00,251.0
MAC000034,Std,2013-07-10 10:00:00,157.0
MAC000034,Std,2013-07-10 10:30:00,148.0
MAC000034,Std,2013-07-10 11:00:00,92.0
MAC000034,Std,2013-07-10 11:30:00,85.0
MAC000034,Std,2013-07-10 12:00:00,93.0
MAC000034,Std,2013-07-10 12:30:00,87.0
MAC000034,Std,2013-07-10 13:00:00,84.0
MAC000034,Std,2013-07-10 13:30:00,89.0
MAC000034,Std,2013-07-10 14:00:00,85.0
MAC000034,Std,2013-07-10 14:30:00,83.0
MAC000034,Std,2013-07-10 15:00:00,85.0
MAC000034,Std,2013-07-10 15:30:00,88.0
MAC000034,Std,2013-07-10 16:00:00,81.0
MAC000034,Std,2013-07-10 16:30:00,82.0
MAC000034,Std,2013-07-10 17:00:00,180.0
MAC000034,Std,2013-07-10 17:30:00,85.0
MAC000034,Std,2013-07-10 18:00:00,85.0
MAC000034,Std,2013-07-10 18:30:00,150.0
MAC000034,Std,2013-07-10 19:00:00,151.0
MAC000034,Std,2013-07-10 19:30:00,194.0
MAC000034,Std,2013-07-10 20:00:00,152.0
MAC000034,Std,2013-07-10 20:30:00,195.0
MAC000034,Std,2013-07-10 21:00:00,223.0
MAC000034,Std,2013-07-10 21:30:00,205.0
MAC000034,Std,2013-07-10 22:00:00,199.0
MAC000034,Std,2013-07-10 22:30:00,227.0
MAC000034,Std,2013-07-10 23:00:00,284.0
MAC000034,Std,2013-07-10 23:30:00,278.0
MAC000034,Std,2013-07-11 00:00:00,264.0
MAC000034,Std,2013-07-11 00:30:00,97.0
MAC000034,Std,2013-07-11 01:00:00,93.0
MAC000034,Std,2013-07-11 01:30:00,88.0
MAC000034,Std,2013-07-11 02:00:00,85.0
MAC000034,Std,2013-07-11 02:30:00,86.0
MAC000034,Std,2013-07-11 03:00:00,90.0
MAC000034,Std,2013-07-11 03:30:00,86.0
MAC000034,Std,2013-07-11 04:00:00,79.0
MAC000034,Std,2013-07-11 04:30:00,53.0
MAC000034,Std,2013-07-11 05:00:00,92.0
MAC000034,Std,2013-07-11 05:30:00,86.0
MAC000034,Std,2013-07-11 06:00:00,83.0
MAC000034,Std,2013-07-11 06:30:00,88.0
MAC000034,Std,2013-07-11 07:00:00,79.0
MAC000034,Std,2013-07-11 07:30:00,43.0
MAC000034,Std,2013-07-11 08:00:00,82.0
MAC000034,Std,2013-07-11 08:30:00,88.0
MAC000034,Std,2013-07-11 09:00:00,134.0
MAC000034,Std,2013-07-11 09:30:00,149.0
MAC000034,Std,2013-07-11 10:00:00,166.0
MAC000034,Std,2013-07-11 10:30:00,180.0
MAC000034,Std,2013-07-11 11:00:00,232.0
MAC000034,Std,2013-07-11 11:30:00,135.0
MAC000034,Std,2013-07-11 12:00:00,140.0
MAC000034,Std,2013-07-11 12:30:00,225.0
MAC000034,Std,2013-07-11 13:00:00,108.0
MAC000034,Std,2013-07-11 13:30:00,58.0
MAC000034,Std,2013-07-11 14:00:00,99.0
MAC000034,Std,2013-07-11 14:30:00,123.0
MAC000034,Std,2013-07-11 15:00:00,113.0
MAC000034,Std,2013-07-11 15:30:00,123.0
MAC000034,Std,2013-07-11 16:00:00,140.0
MAC000034,Std,2013-07-11 16:30:00,173.0
MAC000034,Std,2013-07-11 17:00:00,98.0
MAC000034,Std,2013-07-11 17:30:00,140.0
MAC000034,Std,2013-07-11 18:00:00,141.0
MAC000034,Std,2013-07-11 18:30:00,125.0
MAC000034,Std,2013-07-11 19:00:00,82.0
MAC000034,Std,2013-07-11 19:30:00,143.0
MAC000034,Std,2013-07-11 20:00:00,158.0
MAC000034,Std,2013-07-11 20:30:00,147.0
MAC000034,Std,2013-07-11 21:00:00,145.0
MAC000034,Std,2013-07-11 21:30:00,150.0
MAC000034,Std,2013-07-11 22:00:00,223.0
MAC000034,Std,2013-07-11 22:30:00,158.0
MAC000034,Std,2013-07-11 23:00:00,122.0
MAC000034,Std,2013-07-11 23:30:00,170.0
MAC000034,Std,2013-07-12 00:00:00,89.0
MAC000034,Std,2013-07-12 00:30:00,91.0
MAC000034,Std,2013-07-12 01:00:00,91.0
MAC000034,Std,2013-07-12 01:30:00,87.0
MAC000034,Std,2013-07-12 02:00:00,56.0
MAC000034,Std,2013-07-12 02:30:00,78.0
MAC000034,Std,2013-07-12 03:00:00,90.0
MAC000034,Std,2013-07-12 03:30:00,89.0
MAC000034,Std,2013-07-12 04:00:00,84.0
MAC000034,Std,2013-07-12 04:30:00,67.0
MAC000034,Std,2013-07-12 05:00:00,64.0
MAC000034,Std,2013-07-12 05:30:00,91.0
MAC000034,Std,2013-07-12 06:00:00,84.0
MAC000034,Std,2013-07-12 06:30:00,83.0
MAC000034,Std,2013-07-12 07:00:00,43.0
MAC000034,Std,2013-07-12 07:30:00,88.0
MAC000034,Std,2013-07-12 08:00:00,86.0
MAC000034,Std,2013-07-12 08:30:00,89.0
MAC000034,Std,2013-07-12 09:00:00,206.0
MAC000034,Std,2013-07-12 09:30:00,142.0
MAC000034,Std,2013-07-12 10:00:00,147.0
MAC000034,Std,2013-07-12 10:30:00,136.0
MAC000034,Std,2013-07-12 11:00:00,98.0
MAC000034,Std,2013-07-12 11:30:00,137.0
MAC000034,Std,2013-07-12 12:00:00,142.0
MAC000034,Std,2013-07-12 12:30:00,105.0
MAC000034,Std,2013-07-12 13:00:00,85.0
MAC000034,Std,2013-07-12 13:30:00,126.0
MAC000034,Std,2013-07-12 14:00:00,137.0
MAC000034,Std,2013-07-12 14:30:00,141.0
MAC000034,Std,2013-07-12 15:00:00,106.0
MAC000034,Std,2013-07-12 15:30:00,83.0
MAC000034,Std,2013-07-12 16:00:00,44.0
MAC000034,Std,2013-07-12 16:30:00,194.0
MAC000034,Std,2013-07-12 17:00:00,168.0
MAC000034,Std,2013-07-12 17:30:00,139.0
MAC000034,Std,2013-07-12 18:00:00,136.0
MAC000034,Std,2013-07-12 18:30:00,156.0
MAC000034,Std,2013-07-12 19:00:00,201.0
MAC000034,Std,2013-07-12 19:30:00,178.0
MAC000034,Std,2013-07-12 20:00:00,206.0
MAC000034,Std,2013-07-12 20:30:00,206.0
MAC000034,Std,2013-07-12 21:00:00,218.0
MAC000034,Std,2013-07-12 21:30:00,220.0
MAC000034,Std,2013-07-12 22:00:00,219.0
MAC000034,Std,2013-07-12 22:30:00,219.0
MAC000034,Std,2013-07-12 23:00:00,228.0
MAC000034,Std,2013-07-12 23:30:00,231.0
MAC000034,Std,2013-07-13 00:00:00,92.0
MAC000034,Std,2013-07-13 00:30:00,71.0
MAC000034,Std,2013-07-13 01:00:00,68.0
MAC000034,Std,2013-07-13 01:30:00,91.0
MAC000034,Std,2013-07-13 02:00:00,90.0
MAC000034,Std,2013-07-13 02:30:00,88.0
MAC000034,Std,2013-07-13 03:00:00,87.0
MAC000034,Std,2013-07-13 03:30:00,77.0
MAC000034,Std,2013-07-13 04:00:00,56.0
MAC000034,Std,2013-07-13 04:30:00,88.0
MAC000034,Std,2013-07-13 05:00:00,86.0
MAC000034,Std,2013-07-13 05:30:00,86.0
MAC000034,Std,2013-07-13 06:00:00,86.0
MAC000034,Std,2013-07-13 06:30:00,57.0
MAC000034,Std,2013-07-13 07:00:00,78.0
MAC000034,Std,2013-07-13 07:30:00,84.0
MAC000034,Std,2013-07-13 08:00:00,86.0
MAC000034,Std,2013-07-13 08:30:00,137.0
MAC000034,Std,2013-07-13 09:00:00,223.0
MAC000034,Std,2013-07-13 09:30:00,179.0
MAC000034,Std,2013-07-13 10:00:00,213.0
MAC000034,Std,2013-07-13 10:30:00,93.0
MAC000034,Std,2013-07-13 11:00:00,76.0
MAC000034,Std,2013-07-13 11:30:00,90.0
MAC000034,Std,2013-07-13 12:00:00,88.0
MAC000034,Std,2013-07-13 12:30:00,88.0
MAC000034,Std,2013-07-13 13:00:00,87.0
MAC000034,Std,2013-07-13 13:30:00,85.0
MAC000034,Std,2013-07-13 14:00:00,85.0
MAC000034,Std,2013-07-13 14:30:00,86.0
MAC000034,Std,2013-07-13 15:00:00,86.0
MAC000034,Std,2013-07-13 15:30:00,85.0
MAC000034,Std,2013-07-13 16:00:00,86.0
MAC000034,Std,2013-07-13 16:30:00,90.0
MAC000034,Std,2013-07-13 17:00:00,184.0
MAC000034,Std,2013-07-13 17:30:00,86.0
MAC000034,Std,2013-07-13 18:00:00,90.0
MAC000034,Std,2013-07-13 18:30:00,149.0
MAC000034,Std,2013-07-13 19:00:00,149.0
MAC000034,Std,2013-07-13 19:30:00,149.0
MAC000034,Std,2013-07-13 20:00:00,254.0
MAC000034,Std,2013-07-13 20:30:00,205.0
MAC000034,Std,2013-07-13 21:00:00,153.0
MAC000034,Std,2013-07-13 21:30:00,154.0
MAC000034,Std,2013-07-13 22:00:00,177.0
MAC000034,Std,2013-07-13 22:30:00,213.0
MAC000034,Std,2013-07-13 23:00:00,156.0
MAC000034,Std,2013-07-13 23:30:00,89.0
MAC000034,Std,2013-07-14 00:00:00,92.0
MAC000034,Std,2013-07-14 00:30:00,92.0
MAC000034,Std,2013-07-14 01:00:00,91.0
MAC000034,Std,2013-07-14 01:30:00,91.0
MAC000034,Std,2013-07-14 02:00:00,90.0
MAC000034,Std,2013-07-14 02:30:00,90.0
MAC000034,Std,2013-07-14 03:00:00,95.0
MAC000034,Std,2013-07-14 03:30:00,90.0
MAC000034,Std,2013-07-14 04:00:00,89.0
MAC000034,Std,2013-07-14 04:30:00,89.0
MAC000034,Std,2013-07-14 05:00:00,95.0
MAC000034,Std,2013-07-14 05:30:00,89.0
MAC000034,Std,2013-07-14 06:00:00,89.0
MAC000034,Std,2013-07-14 06:30:00,89.0
MAC000034,Std,2013-07-14 07:00:00,87.0
MAC000034,Std,2013-07-14 07:30:00,86.0
MAC000034,Std,2013-07-14 08:00:00,87.0
MAC000034,Std,2013-07-14 08:30:00,129.0
MAC000034,Std,2013-07-14 09:00:00,222.0
MAC000034,Std,2013-07-14 09:30:00,138.0
MAC000034,Std,2013-07-14 10:00:00,90.0
MAC000034,Std,2013-07-14 10:30:00,149.0
MAC000034,Std,2013-07-14 11:00:00,144.0
MAC000034,Std,2013-07-14 11:30:00,144.0
MAC000034,Std,2013-07-14 12:00:00,145.0
MAC000034,Std,2013-07-14 12:30:00,163.0
MAC000034,Std,2013-07-14 13:00:00,218.0
MAC000034,Std,2013-07-14 13:30:00,157.0
MAC000034,Std,2013-07-14 14:00:00,135.0
MAC000034,Std,2013-07-14 14:30:00,136.0
MAC000034,Std,2013-07-14 15:00:00,118.0
MAC000034,Std,2013-07-14 15:30:00,110.0
MAC000034,Std,2013-07-14 16:00:00,98.0
MAC000034,Std,2013-07-14 16:30:00,235.0
MAC000034,Std,2013-07-14 17:00:00,102.0
MAC000034,Std,2013-07-14 17:30:00,90.0
MAC000034,Std,2013-07-14 18:00:00,99.0
MAC000034,Std,2013-07-14 18:30:00,96.0
MAC000034,Std,2013-07-14 19:00:00,166.0
MAC000034,Std,2013-07-14 19:30:00,164.0
MAC000034,Std,2013-07-14 20:00:00,146.0
MAC000034,Std,2013-07-14 20:30:00,174.0
MAC000034,Std,2013-07-14 21:00:00,183.0
MAC000034,Std,2013-07-14 21:30:00,166.0
MAC000034,Std,2013-07-14 22:00:00,169.0
MAC000034,Std,2013-07-14 22:30:00,232.0
MAC000034,Std,2013-07-14 23:00:00,318.0
MAC000034,Std,2013-07-14 23:30:00,317.0
MAC000034,Std,2013-07-15 00:00:00,200.0
MAC000034,Std,2013-07-15 00:30:00,129.0
MAC000034,Std,2013-07-15 01:00:00,129.0
MAC000034,Std,2013-07-15 01:30:00,128.0
MAC000034,Std,2013-07-15 02:00:00,129.0
MAC000034,Std,2013-07-15 02:30:00,128.0
MAC000034,Std,2013-07-15 03:00:00,126.0
MAC000034,Std,2013-07-15 03:30:00,126.0
MAC000034,Std,2013-07-15 04:00:00,126.0
MAC000034,Std,2013-07-15 04:30:00,125.0
MAC000034,Std,2013-07-15 05:00:00,125.0
MAC000034,Std,2013-07-15 05:30:00,124.0
MAC000034,Std,2013-07-15 06:00:00,124.0
MAC000034,Std,2013-07-15 06:30:00,124.0
MAC000034,Std,2013-07-15 07:00:00,121.0
MAC000034,Std,2013-07-15 07:30:00,121.0
MAC000034,Std,2013-07-15 08:00:00,221.0
MAC000034,Std,2013-07-15 08:30:00,255.0
MAC000034,Std,2013-07-15 09:00:00,169.0
MAC000034,Std,2013-07-15 09:30:00,129.0
MAC000034,Std,2013-07-15 10:00:00,101.0
MAC000034,Std,2013-07-15 10:30:00,92.0
MAC000034,Std,2013-07-15 11:00:00,86.0
MAC000034,Std,2013-07-15 11:30:00,92.0
MAC000034,Std,2013-07-15 12:00:00,109.0
MAC000034,Std,2013-07-15 12:30:00,141.0
MAC000034,Std,2013-07-15 13:00:00,136.0
MAC000034,Std,2013-07-15 13:30:00,110.0
MAC000034,Std,2013-07-15 14:00:00,95.0
MAC000034,Std,2013-07-15 14:30:00,86.0
MAC000034,Std,2013-07-15 15:00:00,84.0
MAC000034,Std,2013-07-15 15:30:00,93.0
MAC000034,Std,2013-07-15 16:00:00,95.0
MAC000034,Std,2013-07-15 16:30:00,136.0
MAC000034,Std,2013-07-15 17:00:00,211.0
MAC000034,Std,2013-07-15 17:30:00,149.0
MAC000034,Std,2013-07-15 18:00:00,142.0
MAC000034,Std,2013-07-15 18:30:00,105.0
MAC000034,Std,2013-07-15 19:00:00,84.0
MAC000034,Std,2013-07-15 19:30:00,146.0
MAC000034,Std,2013-07-15 20:00:00,216.0
MAC000034,Std,2013-07-15 20:30:00,198.0
MAC000034,Std,2013-07-15 21:00:00,158.0
MAC000034,Std,2013-07-15 21:30:00,175.0
MAC000034,Std,2013-07-15 22:00:00,165.0
MAC000034,Std,2013-07-15 22:30:00,157.0
MAC000034,Std,2013-07-15 23:00:00,155.0
MAC000034,Std,2013-07-15 23:30:00,198.0
MAC000034,Std,2013-07-16 00:00:00,152.0
MAC000034,Std,2013-07-16 00:30:00,95.0
MAC000034,Std,2013-07-16 01:00:00,86.0
MAC000034,Std,2013-07-16 01:30:00,86.0
MAC000034,Std,2013-07-16 02:00:00,92.0
MAC000034,Std,2013-07-16 02:30:00,95.0
MAC000034,Std,2013-07-16 03:00:00,91.0
MAC000034,Std,2013-07-16 03:30:00,85.0
MAC000034,Std,2013-07-16 04:00:00,87.0
MAC000034,Std,2013-07-16 04:30:00,92.0
MAC000034,Std,2013-07-16 05:00:00,95.0
MAC000034,Std,2013-07-16 05:30:00,89.0
MAC000034,Std,2013-07-16 06:00:00,85.0
MAC000034,Std,2013-07-16 06:30:00,87.0
MAC000034,Std,2013-07-16 07:00:00,89.0
MAC000034,Std,2013-07-16 07:30:00,94.0
MAC000034,Std,2013-07-16 08:00:00,159.0
MAC000034,Std,2013-07-16 08:30:00,120.0
MAC000034,Std,2013-07-16 09:00:00,136.0
MAC000034,Std,2013-07-16 09:30:00,230.0
MAC000034,Std,2013-07-16 10:00:00,146.0
MAC000034,Std,2013-07-16 10:30:00,146.0
MAC000034,Std,2013-07-16 11:00:00,142.0
MAC000034,Std,2013-07-16 11:30:00,109.0
MAC000034,Std,2013-07-16 12:00:00,111.0
MAC000034,Std,2013-07-16 12:30:00,141.0
MAC000034,Std,2013-07-16 13:00:00,146.0
MAC000034,Std,2013-07-16 13:30:00,145.0
MAC000034,Std,2013-07-16 14:00:00,145.0
MAC000034,Std,2013-07-16 14:30:00,141.0
MAC000034,Std,2013-07-16 15:00:00,138.0
MAC000034,Std,2013-07-16 15:30:00,115.0
MAC000034,Std,2013-07-16 16:00:00,86.0
MAC000034,Std,2013-07-16 16:30:00,170.0
MAC000034,Std,2013-07-16 17:00:00,93.0
MAC000034,Std,2013-07-16 17:30:00,95.0
MAC000034,Std,2013-07-16 18:00:00,92.0
MAC000034,Std,2013-07-16 18:30:00,89.0
MAC000034,Std,2013-07-16 19:00:00,122.0
MAC000034,Std,2013-07-16 19:30:00,180.0
MAC000034,Std,2013-07-16 20:00:00,201.0
MAC000034,Std,2013-07-16 20:30:00,155.0
MAC000034,Std,2013-07-16 21:00:00,234.0
MAC000034,Std,2013-07-16 21:30:00,243.0
MAC000034,Std,2013-07-16 22:00:00,227.0
MAC000034,Std,2013-07-16 22:30:00,218.0
MAC000034,Std,2013-07-16 23:00:00,182.0
MAC000034,Std,2013-07-16 23:30:00,93.0
MAC000034,Std,2013-07-17 00:00:00,95.0
MAC000034,Std,2013-07-17 00:30:00,89.0
MAC000034,Std,2013-07-17 01:00:00,89.0
MAC000034,Std,2013-07-17 01:30:00,87.0
MAC000034,Std,2013-07-17 02:00:00,91.0
MAC000034,Std,2013-07-17 02:30:00,94.0
MAC000034,Std,2013-07-17 03:00:00,102.0
MAC000034,Std,2013-07-17 03:30:00,94.0
MAC000034,Std,2013-07-17 04:00:00,87.0
MAC000034,Std,2013-07-17 04:30:00,87.0
MAC000034,Std,2013-07-17 05:00:00,86.0
MAC000034,Std,2013-07-17 05:30:00,89.0
MAC000034,Std,2013-07-17 06:00:00,93.0
MAC000034,Std,2013-07-17 06:30:00,93.0
MAC000034,Std,2013-07-17 07:00:00,91.0
MAC000034,Std,2013-07-17 07:30:00,145.0
MAC000034,Std,2013-07-17 08:00:00,82.0
MAC000034,Std,2013-07-17 08:30:00,110.0
MAC000034,Std,2013-07-17 09:00:00,236.0
MAC000034,Std,2013-07-17 09:30:00,204.0
MAC000034,Std,2013-07-17 10:00:00,205.0
MAC000034,Std,2013-07-17 10:30:00,203.0
MAC000034,Std,2013-07-17 11:00:00,162.0
MAC000034,Std,2013-07-17 11:30:00,139.0
MAC000034,Std,2013-07-17 12:00:00,116.0
MAC000034,Std,2013-07-17 12:30:00,122.0
MAC000034,Std,2013-07-17 13:00:00,143.0
MAC000034,Std,2013-07-17 13:30:00,163.0
MAC000034,Std,2013-07-17 14:00:00,240.0
MAC000034,Std,2013-07-17 14:30:00,144.0
MAC000034,Std,2013-07-17 15:00:00,93.0
MAC000034,Std,2013-07-17 15:30:00,92.0
MAC000034,Std,2013-07-17 16:00:00,88.0
MAC000034,Std,2013-07-17 16:30:00,85.0
MAC000034,Std,2013-07-17 17:00:00,86.0
MAC000034,Std,2013-07-17 17:30:00,194.0
MAC000034,Std,2013-07-17 18:00:00,86.0
MAC000034,Std,2013-07-17 18:30:00,89.0
MAC000034,Std,2013-07-17 19:00:00,92.0
MAC000034,Std,2013-07-17 19:30:00,221.0
MAC000034,Std,2013-07-17 20:00:00,204.0
MAC000034,Std,2013-07-17 20:30:00,169.0
MAC000034,Std,2013-07-17 21:00:00,170.0
MAC000034,Std,2013-07-17 21:30:00,168.0
MAC000034,Std,2013-07-17 22:00:00,160.0
MAC000034,Std,2013-07-17 22:30:00,160.0
MAC000034,Std,2013-07-17 23:00:00,275.0
MAC000034,Std,2013-07-17 23:30:00,96.0
MAC000034,Std,2013-07-18 00:00:00,97.0
MAC000034,Std,2013-07-18 00:30:00,98.0
MAC000034,Std,2013-07-18 01:00:00,97.0
MAC000034,Std,2013-07-18 01:30:00,96.0
MAC000034,Std,2013-07-18 02:00:00,95.0
MAC000034,Std,2013-07-18 02:30:00,90.0
MAC000034,Std,2013-07-18 03:00:00,88.0
MAC000034,Std,2013-07-18 03:30:00,89.0
MAC000034,Std,2013-07-18 04:00:00,89.0
MAC000034,Std,2013-07-18 04:30:00,88.0
MAC000034,Std,2013-07-18 05:00:00,94.0
MAC000034,Std,2013-07-18 05:30:00,94.0
MAC000034,Std,2013-07-18 06:00:00,93.0
MAC000034,Std,2013-07-18 06:30:00,92.0
MAC000034,Std,2013-07-18 07:00:00,85.0
MAC000034,Std,2013-07-18 07:30:00,88.0
MAC000034,Std,2013-07-18 08:00:00,85.0
MAC000034,Std,2013-07-18 08:30:00,134.0
MAC000034,Std,2013-07-18 09:00:00,139.0
MAC000034,Std,2013-07-18 09:30:00,229.0
MAC000034,Std,2013-07-18 10:00:00,155.0
MAC000034,Std,2013-07-18 10:30:00,139.0
MAC000034,Std,2013-07-18 11:00:00,170.0
MAC000034,Std,2013-07-18 11:30:00,196.0
MAC000034,Std,2013-07-18 12:00:00,144.0
MAC000034,Std,2013-07-18 12:30:00,122.0
MAC000034,Std,2013-07-18 13:00:00,99.0
MAC000034,Std,2013-07-18 13:30:00,222.0
MAC000034,Std,2013-07-18 14:00:00,162.0
MAC000034,Std,2013-07-18 14:30:00,142.0
MAC000034,Std,2013-07-18 15:00:00,132.0
MAC000034,Std,2013-07-18 15:30:00,113.0
MAC000034,Std,2013-07-18 16:00:00,147.0
MAC000034,Std,2013-07-18 16:30:00,115.0
MAC000034,Std,2013-07-18 17:00:00,180.0
MAC000034,Std,2013-07-18 17:30:00,143.0
MAC000034,Std,2013-07-18 18:00:00,165.0
MAC000034,Std,2013-07-18 18:30:00,90.0
MAC000034,Std,2013-07-18 19:00:00,134.0
MAC000034,Std,2013-07-18 19:30:00,156.0
MAC000034,Std,2013-07-18 20:00:00,162.0
MAC000034,Std,2013-07-18 20:30:00,162.0
MAC000034,Std,2013-07-18 21:00:00,180.0
MAC000034,Std,2013-07-18 21:30:00,169.0
MAC000034,Std,2013-07-18 22:00:00,169.0
MAC000034,Std,2013-07-18 22:30:00,163.0
MAC000034,Std,2013-07-18 23:00:00,163.0
MAC000034,Std,2013-07-18 23:30:00,235.0
MAC000034,Std,2013-07-19 00:00:00,143.0
MAC000034,Std,2013-07-19 00:30:00,91.0
MAC000034,Std,2013-07-19 01:00:00,90.0
MAC000034,Std,2013-07-19 01:30:00,90.0
MAC000034,Std,2013-07-19 02:00:00,90.0
MAC000034,Std,2013-07-19 02:30:00,89.0
MAC000034,Std,2013-07-19 03:00:00,88.0
MAC000034,Std,2013-07-19 03:30:00,93.0
MAC000034,Std,2013-07-19 04:00:00,93.0
MAC000034,Std,2013-07-19 04:30:00,93.0
MAC000034,Std,2013-07-19 05:00:00,92.0
MAC000034,Std,2013-07-19 05:30:00,92.0
MAC000034,Std,2013-07-19 06:00:00,87.0
MAC000034,Std,2013-07-19 06:30:00,86.0
MAC000034,Std,2013-07-19 07:00:00,90.0
MAC000034,Std,2013-07-19 07:30:00,161.0
MAC000034,Std,2013-07-19 08:00:00,92.0
MAC000034,Std,2013-07-19 08:30:00,142.0
MAC000034,Std,2013-07-19 09:00:00,228.0
MAC000034,Std,2013-07-19 09:30:00,173.0
MAC000034,Std,2013-07-19 10:00:00,140.0
MAC000034,Std,2013-07-19 10:30:00,142.0
MAC000034,Std,2013-07-19 11:00:00,142.0
MAC000034,Std,2013-07-19 11:30:00,124.0
MAC000034,Std,2013-07-19 12:00:00,92.0
MAC000034,Std,2013-07-19 12:30:00,106.0
MAC000034,Std,2013-07-19 13:00:00,85.0
MAC000034,Std,2013-07-19 13:30:00,110.0
MAC000034,Std,2013-07-19 14:00:00,223.0
MAC000034,Std,2013-07-19 14:30:00,165.0
MAC000034,Std,2013-07-19 15:00:00,88.0
MAC000034,Std,2013-07-19 15:30:00,88.0
MAC000034,Std,2013-07-19 16:00:00,91.0
MAC000034,Std,2013-07-19 16:30:00,120.0
MAC000034,Std,2013-07-19 17:00:00,246.0
MAC000034,Std,2013-07-19 17:30:00,97.0
MAC000034,Std,2013-07-19 18:00:00,95.0
MAC000034,Std,2013-07-19 18:30:00,89.0
MAC000034,Std,2013-07-19 19:00:00,139.0
MAC000034,Std,2013-07-19 19:30:00,146.0
MAC000034,Std,2013-07-19 20:00:00,147.0
MAC000034,Std,2013-07-19 20:30:00,204.0
MAC000034,Std,2013-07-19 21:00:00,161.0
MAC000034,Std,2013-07-19 21:30:00,206.0
MAC000034,Std,2013-07-19 22:00:00,234.0
MAC000034,Std,2013-07-19 22:30:00,202.0
MAC000034,Std,2013-07-19 23:00:00,203.0
MAC000034,Std,2013-07-19 23:30:00,137.0
MAC000034,Std,2013-07-20 00:00:00,90.0
MAC000034,Std,2013-07-20 00:30:00,90.0
MAC000034,Std,2013-07-20 01:00:00,89.0
MAC000034,Std,2013-07-20 01:30:00,89.0
MAC000034,Std,2013-07-20 02:00:00,87.0
MAC000034,Std,2013-07-20 02:30:00,87.0
MAC000034,Std,2013-07-20 03:00:00,87.0
MAC000034,Std,2013-07-20 03:30:00,87.0
MAC000034,Std,2013-07-20 04:00:00,87.0
MAC000034,Std,2013-07-20 04:30:00,89.0
MAC000034,Std,2013-07-20 05:00:00,91.0
MAC000034,Std,2013-07-20 05:30:00,90.0
MAC000034,Std,2013-07-20 06:00:00,90.0
MAC000034,Std,2013-07-20 06:30:00,90.0
MAC000034,Std,2013-07-20 07:00:00,89.0
MAC000034,Std,2013-07-20 07:30:00,157.0
MAC000034,Std,2013-07-20 08:00:00,104.0
MAC000034,Std,2013-07-20 08:30:00,143.0
MAC000034,Std,2013-07-20 09:00:00,245.0
MAC000034,Std,2013-07-20 09:30:00,109.0
MAC000034,Std,2013-07-20 10:00:00,139.0
MAC000034,Std,2013-07-20 10:30:00,140.0
MAC000034,Std,2013-07-20 11:00:00,139.0
MAC000034,Std,2013-07-20 11:30:00,139.0
MAC000034,Std,2013-07-20 12:00:00,139.0
MAC000034,Std,2013-07-20 12:30:00,181.0
MAC000034,Std,2013-07-20 13:00:00,86.0
MAC000034,Std,2013-07-20 13:30:00,85.0
MAC000034,Std,2013-07-20 14:00:00,83.0
MAC000034,Std,2013-07-20 14:30:00,83.0
MAC000034,Std,2013-07-20 15:00:00,136.0
MAC000034,Std,2013-07-20 15:30:00,147.0
MAC000034,Std,2013-07-20 16:00:00,106.0
MAC000034,Std,2013-07-20 16:30:00,115.0
MAC000034,Std,2013-07-20 17:00:00,248.0
MAC000034,Std,2013-07-20 17:30:00,111.0
MAC000034,Std,2013-07-20 18:00:00,153.0
MAC000034,Std,2013-07-20 18:30:00,158.0
MAC000034,Std,2013-07-20 19:00:00,172.0
MAC000034,Std,2013-07-20 19:30:00,185.0
MAC000034,Std,2013-07-20 20:00:00,217.0
MAC000034,Std,2013-07-20 20:30:00,148.0
MAC000034,Std,2013-07-20 21:00:00,148.0
MAC000034,Std,2013-07-20 21:30:00,148.0
MAC000034,Std,2013-07-20 22:00:00,161.0
MAC000034,Std,2013-07-20 22:30:00,163.0
MAC000034,Std,2013-07-20 23:00:00,158.0
MAC000034,Std,2013-07-20 23:30:00,160.0
MAC000034,Std,2013-07-21 00:00:00,159.0
MAC000034,Std,2013-07-21 00:30:00,113.0
MAC000034,Std,2013-07-21 01:00:00,87.0
MAC000034,Std,2013-07-21 01:30:00,87.0
MAC000034,Std,2013-07-21 02:00:00,87.0
MAC000034,Std,2013-07-21 02:30:00,86.0
MAC000034,Std,2013-07-21 03:00:00,85.0
MAC000034,Std,2013-07-21 03:30:00,85.0
MAC000034,Std,2013-07-21 04:00:00,85.0
MAC000034,Std,2013-07-21 04:30:00,85.0
MAC000034,Std,2013-07-21 05:00:00,85.0
MAC000034,Std,2013-07-21 05:30:00,84.0
MAC000034,Std,2013-07-21 06:00:00,86.0
MAC000034,Std,2013-07-21 06:30:00,84.0
MAC000034,Std,2013-07-21 07:00:00,82.0
MAC000034,Std,2013-07-21 07:30:00,82.0
MAC000034,Std,2013-07-21 08:00:00,83.0
MAC000034,Std,2013-07-21 08:30:00,96.0
MAC000034,Std,2013-07-21 09:00:00,1534.0
MAC000034,Std,2013-07-21 09:30:00,136.0
MAC000034,Std,2013-07-21 10:00:00,229.0
MAC000034,Std,2013-07-21 10:30:00,141.0
MAC000034,Std,2013-07-21 11:00:00,137.0
MAC000034,Std,2013-07-21 11:30:00,137.0
MAC000034,Std,2013-07-21 12:00:00,136.0
MAC000034,Std,2013-07-21 12:30:00,254.0
MAC000034,Std,2013-07-21 13:00:00,92.0
MAC000034,Std,2013-07-21 13:30:00,86.0
MAC000034,Std,2013-07-21 14:00:00,123.0
MAC000034,Std,2013-07-21 14:30:00,127.0
MAC000034,Std,2013-07-21 15:00:00,86.0
MAC000034,Std,2013-07-21 15:30:00,85.0
MAC000034,Std,2013-07-21 16:00:00,204.0
MAC000034,Std,2013-07-21 16:30:00,173.0
MAC000034,Std,2013-07-21 17:00:00,98.0
MAC000034,Std,2013-07-21 17:30:00,163.0
MAC000034,Std,2013-07-21 18:00:00,140.0
MAC000034,Std,2013-07-21 18:30:00,105.0
MAC000034,Std,2013-07-21 19:00:00,156.0
MAC000034,Std,2013-07-21 19:30:00,143.0
MAC000034,Std,2013-07-21 20:00:00,147.0
MAC000034,Std,2013-07-21 20:30:00,148.0
MAC000034,Std,2013-07-21 21:00:00,147.0
MAC000034,Std,2013-07-21 21:30:00,147.0
MAC000034,Std,2013-07-21 22:00:00,148.0
MAC000034,Std,2013-07-21 22:30:00,192.0
MAC000034,Std,2013-07-21 23:00:00,187.0
MAC000034,Std,2013-07-21 23:30:00,129.0
MAC000034,Std,2013-07-22 00:00:00,90.0
MAC000034,Std,2013-07-22 00:30:00,90.0
MAC000034,Std,2013-07-22 01:00:00,90.0
MAC000034,Std,2013-07-22 01:30:00,90.0
MAC000034,Std,2013-07-22 02:00:00,89.0
MAC000034,Std,2013-07-22 02:30:00,88.0
MAC000034,Std,2013-07-22 03:00:00,88.0
MAC000034,Std,2013-07-22 03:30:00,87.0
MAC000034,Std,2013-07-22 04:00:00,88.0
MAC000034,Std,2013-07-22 04:30:00,87.0
MAC000034,Std,2013-07-22 05:00:00,87.0
MAC000034,Std,2013-07-22 05:30:00,87.0
MAC000034,Std,2013-07-22 06:00:00,87.0
MAC000034,Std,2013-07-22 06:30:00,87.0
MAC000034,Std,2013-07-22 07:00:00,85.0
MAC000034,Std,2013-07-22 07:30:00,148.0
MAC000034,Std,2013-07-22 08:00:00,145.0
MAC000034,Std,2013-07-22 08:30:00,261.0
MAC000034,Std,2013-07-22 09:00:00,143.0
MAC000034,Std,2013-07-22 09:30:00,89.0
MAC000034,Std,2013-07-22 10:00:00,88.0
MAC000034,Std,2013-07-22 10:30:00,93.0
MAC000034,Std,2013-07-22 11:00:00,91.0
MAC000034,Std,2013-07-22 11:30:00,96.0
MAC000034,Std,2013-07-22 12:00:00,92.0
MAC000034,Std,2013-07-22 12:30:00,118.0
MAC000034,Std,2013-07-22 13:00:00,143.0
MAC000034,Std,2013-07-22 13:30:00,147.0
MAC000034,Std,2013-07-22 14:00:00,146.0
MAC000034,Std,2013-07-22 14:30:00,156.0
MAC000034,Std,2013-07-22 15:00:00,223.0
MAC000034,Std,2013-07-22 15:30:00,151.0
MAC000034,Std,2013-07-22 16:00:00,149.0
MAC000034,Std,2013-07-22 16:30:00,149.0
MAC000034,Std,2013-07-22 17:00:00,98.0
MAC000034,Std,2013-07-22 17:30:00,92.0
MAC000034,Std,2013-07-22 18:00:00,90.0
MAC000034,Std,2013-07-22 18:30:00,93.0
MAC000034,Std,2013-07-22 19:00:00,185.0
MAC000034,Std,2013-07-22 19:30:00,96.0
MAC000034,Std,2013-07-22 20:00:00,151.0
MAC000034,Std,2013-07-22 20:30:00,160.0
MAC000034,Std,2013-07-22 21:00:00,161.0
MAC000034,Std,2013-07-22 21:30:00,166.0
MAC000034,Std,2013-07-22 22:00:00,163.0
MAC000034,Std,2013-07-22 22:30:00,164.0
MAC000034,Std,2013-07-22 23:00:00,164.0
MAC000034,Std,2013-07-22 23:30:00,164.0
MAC000034,Std,2013-07-23 00:00:00,196.0
MAC000034,Std,2013-07-23 00:30:00,130.0
MAC000034,Std,2013-07-23 01:00:00,94.0
MAC000034,Std,2013-07-23 01:30:00,91.0
MAC000034,Std,2013-07-23 02:00:00,89.0
MAC000034,Std,2013-07-23 02:30:00,89.0
MAC000034,Std,2013-07-23 03:00:00,88.0
MAC000034,Std,2013-07-23 03:30:00,88.0
MAC000034,Std,2013-07-23 04:00:00,88.0
MAC000034,Std,2013-07-23 04:30:00,88.0
MAC000034,Std,2013-07-23 05:00:00,91.0
MAC000034,Std,2013-07-23 05:30:00,92.0
MAC000034,Std,2013-07-23 06:00:00,94.0
MAC000034,Std,2013-07-23 06:30:00,91.0
MAC000034,Std,2013-07-23 07:00:00,88.0
MAC000034,Std,2013-07-23 07:30:00,88.0
MAC000034,Std,2013-07-23 08:00:00,87.0
MAC000034,Std,2013-07-23 08:30:00,107.0
MAC000034,Std,2013-07-23 09:00:00,142.0
MAC000034,Std,2013-07-23 09:30:00,217.0
MAC000034,Std,2013-07-23 10:00:00,138.0
MAC000034,Std,2013-07-23 10:30:00,137.0
MAC000034,Std,2013-07-23 11:00:00,138.0
MAC000034,Std,2013-07-23 11:30:00,145.0
MAC000034,Std,2013-07-23 12:00:00,141.0
MAC000034,Std,2013-07-23 12:30:00,145.0
MAC000034,Std,2013-07-23 13:00:00,144.0
MAC000034,Std,2013-07-23 13:30:00,144.0
MAC000034,Std,2013-07-23 14:00:00,163.0
MAC000034,Std,2013-07-23 14:30:00,103.0
MAC000034,Std,2013-07-23 15:00:00,87.0
MAC000034,Std,2013-07-23 15:30:00,87.0
MAC000034,Std,2013-07-23 16:00:00,89.0
MAC000034,Std,2013-07-23 16:30:00,88.0
MAC000034,Std,2013-07-23 17:00:00,88.0
MAC000034,Std,2013-07-23 17:30:00,195.0
MAC000034,Std,2013-07-23 18:00:00,162.0
MAC000034,Std,2013-07-23 18:30:00,159.0
MAC000034,Std,2013-07-23 19:00:00,144.0
MAC000034,Std,2013-07-23 19:30:00,147.0
MAC000034,Std,2013-07-23 20:00:00,157.0
MAC000034,Std,2013-07-23 20:30:00,168.0
MAC000034,Std,2013-07-23 21:00:00,156.0
MAC000034,Std,2013-07-23 21:30:00,156.0
MAC000034,Std,2013-07-23 22:00:00,182.0
MAC000034,Std,2013-07-23 22:30:00,161.0
MAC000034,Std,2013-07-23 23:00:00,160.0
MAC000034,Std,2013-07-23 23:30:00,144.0
MAC000034,Std,2013-07-24 00:00:00,91.0
MAC000034,Std,2013-07-24 00:30:00,90.0
MAC000034,Std,2013-07-24 01:00:00,92.0
MAC000034,Std,2013-07-24 01:30:00,95.0
MAC000034,Std,2013-07-24 02:00:00,94.0
MAC000034,Std,2013-07-24 02:30:00,93.0
MAC000034,Std,2013-07-24 03:00:00,91.0
MAC000034,Std,2013-07-24 03:30:00,92.0
MAC000034,Std,2013-07-24 04:00:00,92.0
MAC000034,Std,2013-07-24 04:30:00,89.0
MAC000034,Std,2013-07-24 05:00:00,91.0
MAC000034,Std,2013-07-24 05:30:00,86.0
MAC000034,Std,2013-07-24 06:00:00,85.0
MAC000034,Std,2013-07-24 06:30:00,84.0
MAC000034,Std,2013-07-24 07:00:00,82.0
MAC000034,Std,2013-07-24 07:30:00,190.0
MAC000034,Std,2013-07-24 08:00:00,89.0
MAC000034,Std,2013-07-24 08:30:00,86.0
MAC000034,Std,2013-07-24 09:00:00,134.0
MAC000034,Std,2013-07-24 09:30:00,272.0
MAC000034,Std,2013-07-24 10:00:00,155.0
MAC000034,Std,2013-07-24 10:30:00,136.0
MAC000034,Std,2013-07-24 11:00:00,135.0
MAC000034,Std,2013-07-24 11:30:00,94.0
MAC000034,Std,2013-07-24 12:00:00,90.0
MAC000034,Std,2013-07-24 12:30:00,93.0
MAC000034,Std,2013-07-24 13:00:00,88.0
MAC000034,Std,2013-07-24 13:30:00,85.0
MAC000034,Std,2013-07-24 14:00:00,80.0
MAC000034,Std,2013-07-24 14:30:00,173.0
MAC000034,Std,2013-07-24 15:00:00,100.0
MAC000034,Std,2013-07-24 15:30:00,90.0
MAC000034,Std,2013-07-24 16:00:00,89.0
MAC000034,Std,2013-07-24 16:30:00,92.0
MAC000034,Std,2013-07-24 17:00:00,96.0
MAC000034,Std,2013-07-24 17:30:00,83.0
MAC000034,Std,2013-07-24 18:00:00,86.0
MAC000034,Std,2013-07-24 18:30:00,82.0
MAC000034,Std,2013-07-24 19:00:00,81.0
MAC000034,Std,2013-07-24 19:30:00,101.0
MAC000034,Std,2013-07-24 20:00:00,211.0
MAC000034,Std,2013-07-24 20:30:00,151.0
MAC000034,Std,2013-07-24 21:00:00,150.0
MAC000034,Std,2013-07-24 21:30:00,227.0
MAC000034,Std,2013-07-24 22:00:00,217.0
MAC000034,Std,2013-07-24 22:30:00,214.0
MAC000034,Std,2013-07-24 23:00:00,214.0
MAC000034,Std,2013-07-24 23:30:00,195.0
MAC000034,Std,2013-07-25 00:00:00,87.0
MAC000034,Std,2013-07-25 00:30:00,93.0
MAC000034,Std,2013-07-25 01:00:00,92.0
MAC000034,Std,2013-07-25 01:30:00,92.0
MAC000034,Std,2013-07-25 02:00:00,92.0
MAC000034,Std,2013-07-25 02:30:00,91.0
MAC000034,Std,2013-07-25 03:00:00,84.0
MAC000034,Std,2013-07-25 03:30:00,84.0
MAC000034,Std,2013-07-25 04:00:00,84.0
MAC000034,Std,2013-07-25 04:30:00,86.0
MAC000034,Std,2013-07-25 05:00:00,91.0
MAC000034,Std,2013-07-25 05:30:00,91.0
MAC000034,Std,2013-07-25 06:00:00,91.0
MAC000034,Std,2013-07-25 06:30:00,90.0
MAC000034,Std,2013-07-25 07:00:00,89.0
MAC000034,Std,2013-07-25 07:30:00,140.0
MAC000034,Std,2013-07-25 08:00:00,104.0
MAC000034,Std,2013-07-25 08:30:00,138.0
MAC000034,Std,2013-07-25 09:00:00,261.0
MAC000034,Std,2013-07-25 09:30:00,142.0
MAC000034,Std,2013-07-25 10:00:00,182.0
MAC000034,Std,2013-07-25 10:30:00,145.0
MAC000034,Std,2013-07-25 11:00:00,155.0
MAC000034,Std,2013-07-25 11:30:00,202.0
MAC000034,Std,2013-07-25 12:00:00,103.0
MAC000034,Std,2013-07-25 12:30:00,141.0
MAC000034,Std,2013-07-25 13:00:00,140.0
MAC000034,Std,2013-07-25 13:30:00,145.0
MAC000034,Std,2013-07-25 14:00:00,152.0
MAC000034,Std,2013-07-25 14:30:00,237.0
MAC000034,Std,2013-07-25 15:00:00,143.0
MAC000034,Std,2013-07-25 15:30:00,112.0
MAC000034,Std,2013-07-25 16:00:00,82.0
MAC000034,Std,2013-07-25 16:30:00,174.0
MAC000034,Std,2013-07-25 17:00:00,93.0
MAC000034,Std,2013-07-25 17:30:00,92.0
MAC000034,Std,2013-07-25 18:00:00,91.0
MAC000034,Std,2013-07-25 18:30:00,84.0
MAC000034,Std,2013-07-25 19:00:00,81.0
MAC000034,Std,2013-07-25 19:30:00,141.0
MAC000034,Std,2013-07-25 20:00:00,261.0
MAC000034,Std,2013-07-25 20:30:00,273.0
MAC000034,Std,2013-07-25 21:00:00,234.0
MAC000034,Std,2013-07-25 21:30:00,231.0
MAC000034,Std,2013-07-25 22:00:00,227.0
MAC000034,Std,2013-07-25 22:30:00,234.0
MAC000034,Std,2013-07-25 23:00:00,268.0
MAC000034,Std,2013-07-25 23:30:00,205.0
MAC000034,Std,2013-07-26 00:00:00,138.0
MAC000034,Std,2013-07-26 00:00:00,138.0
MAC000034,Std,2013-07-26 00:30:00,94.0
MAC000034,Std,2013-07-26 01:00:00,89.0
MAC000034,Std,2013-07-26 01:30:00,86.0
MAC000034,Std,2013-07-26 02:00:00,84.0
MAC000034,Std,2013-07-26 02:30:00,87.0
MAC000034,Std,2013-07-26 03:00:00,92.0
MAC000034,Std,2013-07-26 03:30:00,91.0
MAC000034,Std,2013-07-26 04:00:00,91.0
MAC000034,Std,2013-07-26 04:30:00,90.0
MAC000034,Std,2013-07-26 05:00:00,83.0
MAC000034,Std,2013-07-26 05:30:00,81.0
MAC000034,Std,2013-07-26 06:00:00,79.0
MAC000034,Std,2013-07-26 06:30:00,89.0
MAC000034,Std,2013-07-26 07:00:00,86.0
MAC000034,Std,2013-07-26 07:30:00,85.0
MAC000034,Std,2013-07-26 08:00:00,88.0
MAC000034,Std,2013-07-26 08:30:00,107.0
MAC000034,Std,2013-07-26 09:00:00,138.0
MAC000034,Std,2013-07-26 09:30:00,135.0
MAC000034,Std,2013-07-26 10:00:00,232.0
MAC000034,Std,2013-07-26 10:30:00,225.0
MAC000034,Std,2013-07-26 11:00:00,106.0
MAC000034,Std,2013-07-26 11:30:00,85.0
MAC000034,Std,2013-07-26 12:00:00,80.0
MAC000034,Std,2013-07-26 12:30:00,81.0
MAC000034,Std,2013-07-26 13:00:00,83.0
MAC000034,Std,2013-07-26 13:30:00,89.0
MAC000034,Std,2013-07-26 14:00:00,88.0
MAC000034,Std,2013-07-26 14:30:00,88.0
MAC000034,Std,2013-07-26 15:00:00,88.0
MAC000034,Std,2013-07-26 15:30:00,79.0
MAC000034,Std,2013-07-26 16:00:00,78.0
MAC000034,Std,2013-07-26 16:30:00,79.0
MAC000034,Std,2013-07-26 17:00:00,87.0
MAC000034,Std,2013-07-26 17:30:00,89.0
MAC000034,Std,2013-07-26 18:00:00,87.0
MAC000034,Std,2013-07-26 18:30:00,87.0
MAC000034,Std,2013-07-26 19:00:00,79.0
MAC000034,Std,2013-07-26 19:30:00,78.0
MAC000034,Std,2013-07-26 20:00:00,77.0
MAC000034,Std,2013-07-26 20:30:00,87.0
MAC000034,Std,2013-07-26 21:00:00,118.0
MAC000034,Std,2013-07-26 21:30:00,152.0
MAC000034,Std,2013-07-26 22:00:00,158.0
MAC000034,Std,2013-07-26 22:30:00,146.0
MAC000034,Std,2013-07-26 23:00:00,80.0
MAC000034,Std,2013-07-26 23:30:00,79.0
MAC000034,Std,2013-07-27 00:00:00,93.0
MAC000034,Std,2013-07-27 00:30:00,92.0
MAC000034,Std,2013-07-27 01:00:00,92.0
MAC000034,Std,2013-07-27 01:30:00,91.0
MAC000034,Std,2013-07-27 02:00:00,84.0
MAC000034,Std,2013-07-27 02:30:00,81.0
MAC000034,Std,2013-07-27 03:00:00,80.0
MAC000034,Std,2013-07-27 03:30:00,89.0
MAC000034,Std,2013-07-27 04:00:00,91.0
MAC000034,Std,2013-07-27 04:30:00,96.0
MAC000034,Std,2013-07-27 05:00:00,90.0
MAC000034,Std,2013-07-27 05:30:00,87.0
MAC000034,Std,2013-07-27 06:00:00,81.0
MAC000034,Std,2013-07-27 06:30:00,79.0
MAC000034,Std,2013-07-27 07:00:00,89.0
MAC000034,Std,2013-07-27 07:30:00,154.0
MAC000034,Std,2013-07-27 08:00:00,99.0
MAC000034,Std,2013-07-27 08:30:00,140.0
MAC000034,Std,2013-07-27 09:00:00,210.0
MAC000034,Std,2013-07-27 09:30:00,150.0
MAC000034,Std,2013-07-27 10:00:00,85.0
MAC000034,Std,2013-07-27 10:30:00,92.0
MAC000034,Std,2013-07-27 11:00:00,90.0
MAC000034,Std,2013-07-27 11:30:00,92.0
MAC000034,Std,2013-07-27 12:00:00,84.0
MAC000034,Std,2013-07-27 12:30:00,78.0
MAC000034,Std,2013-07-27 13:00:00,79.0
MAC000034,Std,2013-07-27 13:30:00,92.0
MAC000034,Std,2013-07-27 14:00:00,92.0
MAC000034,Std,2013-07-27 14:30:00,92.0
MAC000034,Std,2013-07-27 15:00:00,86.0
MAC000034,Std,2013-07-27 15:30:00,205.0
MAC000034,Std,2013-07-27 16:00:00,134.0
MAC000034,Std,2013-07-27 16:30:00,133.0
MAC000034,Std,2013-07-27 17:00:00,130.0
MAC000034,Std,2013-07-27 17:30:00,142.0
MAC000034,Std,2013-07-27 18:00:00,141.0
MAC000034,Std,2013-07-27 18:30:00,184.0
MAC000034,Std,2013-07-27 19:00:00,152.0
MAC000034,Std,2013-07-27 19:30:00,151.0
MAC000034,Std,2013-07-27 20:00:00,165.0
MAC000034,Std,2013-07-27 20:30:00,177.0
MAC000034,Std,2013-07-27 21:00:00,171.0
MAC000034,Std,2013-07-27 21:30:00,215.0
MAC000034,Std,2013-07-27 22:00:00,262.0
MAC000034,Std,2013-07-27 22:30:00,263.0
MAC000034,Std,2013-07-27 23:00:00,305.0
MAC000034,Std,2013-07-27 23:30:00,221.0
MAC000034,Std,2013-07-28 00:00:00,94.0
MAC000034,Std,2013-07-28 00:30:00,90.0
MAC000034,Std,2013-07-28 01:00:00,83.0
MAC000034,Std,2013-07-28 01:30:00,83.0
MAC000034,Std,2013-07-28 02:00:00,90.0
MAC000034,Std,2013-07-28 02:30:00,94.0
MAC000034,Std,2013-07-28 03:00:00,92.0
MAC000034,Std,2013-07-28 03:30:00,99.0
MAC000034,Std,2013-07-28 04:00:00,81.0
MAC000034,Std,2013-07-28 04:30:00,79.0
MAC000034,Std,2013-07-28 05:00:00,85.0
MAC000034,Std,2013-07-28 05:30:00,91.0
MAC000034,Std,2013-07-28 06:00:00,90.0
MAC000034,Std,2013-07-28 06:30:00,91.0
MAC000034,Std,2013-07-28 07:00:00,81.0
MAC000034,Std,2013-07-28 07:30:00,148.0
MAC000034,Std,2013-07-28 08:00:00,81.0
MAC000034,Std,2013-07-28 08:30:00,235.0
MAC000034,Std,2013-07-28 09:00:00,141.0
MAC000034,Std,2013-07-28 09:30:00,141.0
MAC000034,Std,2013-07-28 10:00:00,170.0
MAC000034,Std,2013-07-28 10:30:00,131.0
MAC000034,Std,2013-07-28 11:00:00,131.0
MAC000034,Std,2013-07-28 11:30:00,126.0
MAC000034,Std,2013-07-28 12:00:00,89.0
MAC000034,Std,2013-07-28 12:30:00,89.0
MAC000034,Std,2013-07-28 13:00:00,91.0
MAC000034,Std,2013-07-28 13:30:00,93.0
MAC000034,Std,2013-07-28 14:00:00,86.0
MAC000034,Std,2013-07-28 14:30:00,93.0
MAC000034,Std,2013-07-28 15:00:00,163.0
MAC000034,Std,2013-07-28 15:30:00,190.0
MAC000034,Std,2013-07-28 16:00:00,145.0
MAC000034,Std,2013-07-28 16:30:00,142.0
MAC000034,Std,2013-07-28 17:00:00,141.0
MAC000034,Std,2013-07-28 17:30:00,132.0
MAC000034,Std,2013-07-28 18:00:00,133.0
MAC000034,Std,2013-07-28 18:30:00,162.0
MAC000034,Std,2013-07-28 19:00:00,148.0
MAC000034,Std,2013-07-28 19:30:00,170.0
MAC000034,Std,2013-07-28 20:00:00,185.0
MAC000034,Std,2013-07-28 20:30:00,146.0
MAC000034,Std,2013-07-28 21:00:00,166.0
MAC000034,Std,2013-07-28 21:30:00,160.0
MAC000034,Std,2013-07-28 22:00:00,162.0
MAC000034,Std,2013-07-28 22:30:00,167.0
MAC000034,Std,2013-07-28 23:00:00,171.0
MAC000034,Std,2013-07-28 23:30:00,78.0
MAC000034,Std,2013-07-29 00:00:00,80.0
MAC000034,Std,2013-07-29 00:30:00,92.0
MAC000034,Std,2013-07-29 01:00:00,93.0
MAC000034,Std,2013-07-29 01:30:00,92.0
MAC000034,Std,2013-07-29 02:00:00,86.0
MAC000034,Std,2013-07-29 02:30:00,79.0
MAC000034,Std,2013-07-29 03:00:00,79.0
MAC000034,Std,2013-07-29 03:30:00,91.0
MAC000034,Std,2013-07-29 04:00:00,90.0
MAC000034,Std,2013-07-29 04:30:00,90.0
MAC000034,Std,2013-07-29 05:00:00,81.0
MAC000034,Std,2013-07-29 05:30:00,77.0
MAC000034,Std,2013-07-29 06:00:00,84.0
MAC000034,Std,2013-07-29 06:30:00,89.0
MAC000034,Std,2013-07-29 07:00:00,89.0
MAC000034,Std,2013-07-29 07:30:00,89.0
MAC000034,Std,2013-07-29 08:00:00,62.0
MAC000034,Std,2013-07-29 08:30:00,129.0
MAC000034,Std,2013-07-29 09:00:00,152.0
MAC000034,Std,2013-07-29 09:30:00,145.0
MAC000034,Std,2013-07-29 10:00:00,225.0
MAC000034,Std,2013-07-29 10:30:00,92.0
MAC000034,Std,2013-07-29 11:00:00,78.0
MAC000034,Std,2013-07-29 11:30:00,84.0
MAC000034,Std,2013-07-29 12:00:00,96.0
MAC000034,Std,2013-07-29 12:30:00,143.0
MAC000034,Std,2013-07-29 13:00:00,140.0
MAC000034,Std,2013-07-29 13:30:00,130.0
MAC000034,Std,2013-07-29 14:00:00,128.0
MAC000034,Std,2013-07-29 14:30:00,141.0
MAC000034,Std,2013-07-29 15:00:00,143.0
MAC000034,Std,2013-07-29 15:30:00,193.0
MAC000034,Std,2013-07-29 16:00:00,82.0
MAC000034,Std,2013-07-29 16:30:00,77.0
MAC000034,Std,2013-07-29 17:00:00,179.0
MAC000034,Std,2013-07-29 17:30:00,145.0
MAC000034,Std,2013-07-29 18:00:00,144.0
MAC000034,Std,2013-07-29 18:30:00,141.0
MAC000034,Std,2013-07-29 19:00:00,199.0
MAC000034,Std,2013-07-29 19:30:00,336.0
MAC000034,Std,2013-07-29 20:00:00,167.0
MAC000034,Std,2013-07-29 20:30:00,153.0
MAC000034,Std,2013-07-29 21:00:00,151.0
MAC000034,Std,2013-07-29 21:30:00,145.0
MAC000034,Std,2013-07-29 22:00:00,138.0
MAC000034,Std,2013-07-29 22:30:00,138.0
MAC000034,Std,2013-07-29 23:00:00,149.0
MAC000034,Std,2013-07-29 23:30:00,150.0
MAC000034,Std,2013-07-30 00:00:00,188.0
MAC000034,Std,2013-07-30 00:30:00,118.0
MAC000034,Std,2013-07-30 01:00:00,80.0
MAC000034,Std,2013-07-30 01:30:00,83.0
MAC000034,Std,2013-07-30 02:00:00,92.0
MAC000034,Std,2013-07-30 02:30:00,92.0
MAC000034,Std,2013-07-30 03:00:00,92.0
MAC000034,Std,2013-07-30 03:30:00,82.0
MAC000034,Std,2013-07-30 04:00:00,79.0
MAC000034,Std,2013-07-30 04:30:00,86.0
MAC000034,Std,2013-07-30 05:00:00,92.0
MAC000034,Std,2013-07-30 05:30:00,78.0
MAC000034,Std,2013-07-30 06:00:00,65.0
MAC000034,Std,2013-07-30 06:30:00,81.0
MAC000034,Std,2013-07-30 07:00:00,76.0
MAC000034,Std,2013-07-30 07:30:00,154.0
MAC000034,Std,2013-07-30 08:00:00,167.0
MAC000034,Std,2013-07-30 08:30:00,205.0
MAC000034,Std,2013-07-30 09:00:00,278.0
MAC000034,Std,2013-07-30 09:30:00,130.0
MAC000034,Std,2013-07-30 10:00:00,167.0
MAC000034,Std,2013-07-30 10:30:00,150.0
MAC000034,Std,2013-07-30 11:00:00,167.0
MAC000034,Std,2013-07-30 11:30:00,135.0
MAC000034,Std,2013-07-30 12:00:00,95.0
MAC000034,Std,2013-07-30 12:30:00,68.0
MAC000034,Std,2013-07-30 13:00:00,78.0
MAC000034,Std,2013-07-30 13:30:00,150.0
MAC000034,Std,2013-07-30 14:00:00,148.0
MAC000034,Std,2013-07-30 14:30:00,148.0
MAC000034,Std,2013-07-30 15:00:00,153.0
MAC000034,Std,2013-07-30 15:30:00,141.0
MAC000034,Std,2013-07-30 16:00:00,72.0
MAC000034,Std,2013-07-30 16:30:00,47.0
MAC000034,Std,2013-07-30 17:00:00,227.0
MAC000034,Std,2013-07-30 17:30:00,144.0
MAC000034,Std,2013-07-30 18:00:00,134.0
MAC000034,Std,2013-07-30 18:30:00,131.0
MAC000034,Std,2013-07-30 19:00:00,143.0
MAC000034,Std,2013-07-30 19:30:00,173.0
MAC000034,Std,2013-07-30 20:00:00,150.0
MAC000034,Std,2013-07-30 20:30:00,151.0
MAC000034,Std,2013-07-30 21:00:00,154.0
MAC000034,Std,2013-07-30 21:30:00,163.0
MAC000034,Std,2013-07-30 22:00:00,168.0
MAC000034,Std,2013-07-30 22:30:00,161.0
MAC000034,Std,2013-07-30 23:00:00,149.0
MAC000034,Std,2013-07-30 23:30:00,129.0
MAC000034,Std,2013-07-31 00:00:00,57.0
MAC000034,Std,2013-07-31 00:30:00,85.0
MAC000034,Std,2013-07-31 01:00:00,93.0
MAC000034,Std,2013-07-31 01:30:00,82.0
MAC000034,Std,2013-07-31 02:00:00,75.0
MAC000034,Std,2013-07-31 02:30:00,87.0
MAC000034,Std,2013-07-31 03:00:00,84.0
MAC000034,Std,2013-07-31 03:30:00,52.0
MAC000034,Std,2013-07-31 04:00:00,85.0
MAC000034,Std,2013-07-31 04:30:00,75.0
MAC000034,Std,2013-07-31 05:00:00,87.0
MAC000034,Std,2013-07-31 05:30:00,90.0
MAC000034,Std,2013-07-31 06:00:00,73.0
MAC000034,Std,2013-07-31 06:30:00,56.0
MAC000034,Std,2013-07-31 07:00:00,167.0
MAC000034,Std,2013-07-31 07:30:00,140.0
MAC000034,Std,2013-07-31 08:00:00,237.0
MAC000034,Std,2013-07-31 08:30:00,121.0
MAC000034,Std,2013-07-31 09:00:00,56.0
MAC000034,Std,2013-07-31 09:30:00,66.0
MAC000034,Std,2013-07-31 10:00:00,79.0
MAC000034,Std,2013-07-31 10:30:00,89.0
MAC000034,Std,2013-07-31 11:00:00,87.0
MAC000034,Std,2013-07-31 11:30:00,84.0
MAC000034,Std,2013-07-31 12:00:00,60.0
MAC000034,Std,2013-07-31 12:30:00,179.0
MAC000034,Std,2013-07-31 13:00:00,205.0
MAC000034,Std,2013-07-31 13:30:00,213.0
MAC000034,Std,2013-07-31 14:00:00,194.0
MAC000034,Std,2013-07-31 14:30:00,108.0
MAC000034,Std,2013-07-31 15:00:00,88.0
MAC000034,Std,2013-07-31 15:30:00,90.0
MAC000034,Std,2013-07-31 16:00:00,91.0
MAC000034,Std,2013-07-31 16:30:00,74.0
MAC000034,Std,2013-07-31 17:00:00,153.0
MAC000034,Std,2013-07-31 17:30:00,111.0
MAC000034,Std,2013-07-31 18:00:00,143.0
MAC000034,Std,2013-07-31 18:30:00,137.0
MAC000034,Std,2013-07-31 19:00:00,187.0
MAC000034,Std,2013-07-31 19:30:00,145.0
MAC000034,Std,2013-07-31 20:00:00,149.0
MAC000034,Std,2013-07-31 20:30:00,160.0
MAC000034,Std,2013-07-31 21:00:00,151.0
MAC000034,Std,2013-07-31 21:30:00,147.0
MAC000034,Std,2013-07-31 22:00:00,206.0
MAC000034,Std,2013-07-31 22:30:00,326.0
MAC000034,Std,2013-07-31 23:00:00,187.0
MAC000034,Std,2013-07-31 23:30:00,75.0
MAC000034,Std,2013-08-01 00:00:00,78.0
MAC000034,Std,2013-08-01 00:30:00,93.0
MAC000034,Std,2013-08-01 01:00:00,92.0
MAC000034,Std,2013-08-01 01:30:00,76.0
MAC000034,Std,2013-08-01 02:00:00,45.0
MAC000034,Std,2013-08-01 02:30:00,84.0
MAC000034,Std,2013-08-01 03:00:00,92.0
MAC000034,Std,2013-08-01 03:30:00,91.0
MAC000034,Std,2013-08-01 04:00:00,84.0
MAC000034,Std,2013-08-01 04:30:00,74.0
MAC000034,Std,2013-08-01 05:00:00,86.0
MAC000034,Std,2013-08-01 05:30:00,92.0
MAC000034,Std,2013-08-01 06:00:00,90.0
MAC000034,Std,2013-08-01 06:30:00,48.0
MAC000034,Std,2013-08-01 07:00:00,62.0
MAC000034,Std,2013-08-01 07:30:00,88.0
MAC000034,Std,2013-08-01 08:00:00,87.0
MAC000034,Std,2013-08-01 08:30:00,105.0
MAC000034,Std,2013-08-01 09:00:00,131.0
MAC000034,Std,2013-08-01 09:30:00,219.0
MAC000034,Std,2013-08-01 10:00:00,143.0
MAC000034,Std,2013-08-01 10:30:00,141.0
MAC000034,Std,2013-08-01 11:00:00,139.0
MAC000034,Std,2013-08-01 11:30:00,126.0
MAC000034,Std,2013-08-01 12:00:00,137.0
MAC000034,Std,2013-08-01 12:30:00,142.0
MAC000034,Std,2013-08-01 13:00:00,144.0
MAC000034,Std,2013-08-01 13:30:00,214.0
MAC000034,Std,2013-08-01 14:00:00,164.0
MAC000034,Std,2013-08-01 14:30:00,109.0
MAC000034,Std,2013-08-01 15:00:00,96.0
MAC000034,Std,2013-08-01 15:30:00,95.0
MAC000034,Std,2013-08-01 16:00:00,89.0
MAC000034,Std,2013-08-01 16:30:00,83.0
MAC000034,Std,2013-08-01 17:00:00,133.0
MAC000034,Std,2013-08-01 17:30:00,97.0
MAC000034,Std,2013-08-01 18:00:00,112.0
MAC000034,Std,2013-08-01 18:30:00,85.0
MAC000034,Std,2013-08-01 19:00:00,78.0
MAC000034,Std,2013-08-01 19:30:00,137.0
MAC000034,Std,2013-08-01 20:00:00,215.0
MAC000034,Std,2013-08-01 20:30:00,158.0
MAC000034,Std,2013-08-01 21:00:00,137.0
MAC000034,Std,2013-08-01 21:30:00,159.0
MAC000034,Std,2013-08-01 22:00:00,333.0
MAC000034,Std,2013-08-01 22:30:00,186.0
MAC000034,Std,2013-08-01 23:00:00,178.0
MAC000034,Std,2013-08-01 23:30:00,196.0
MAC000034,Std,2013-08-02 00:00:00,225.0
MAC000034,Std,2013-08-02 00:30:00,87.0
MAC000034,Std,2013-08-02 01:00:00,93.0
MAC000034,Std,2013-08-02 01:30:00,101.0
MAC000034,Std,2013-08-02 02:00:00,98.0
MAC000034,Std,2013-08-02 02:30:00,84.0
MAC000034,Std,2013-08-02 03:00:00,81.0
MAC000034,Std,2013-08-02 03:30:00,97.0
MAC000034,Std,2013-08-02 04:00:00,97.0
MAC000034,Std,2013-08-02 04:30:00,90.0
MAC000034,Std,2013-08-02 05:00:00,80.0
MAC000034,Std,2013-08-02 05:30:00,86.0
MAC000034,Std,2013-08-02 06:00:00,96.0
MAC000034,Std,2013-08-02 06:30:00,95.0
MAC000034,Std,2013-08-02 07:00:00,79.0
MAC000034,Std,2013-08-02 07:30:00,80.0
MAC000034,Std,2013-08-02 08:00:00,91.0
MAC000034,Std,2013-08-02 08:30:00,117.0
MAC000034,Std,2013-08-02 09:00:00,165.0
MAC000034,Std,2013-08-02 09:30:00,136.0
MAC000034,Std,2013-08-02 10:00:00,229.0
MAC000034,Std,2013-08-02 10:30:00,153.0
MAC000034,Std,2013-08-02 11:00:00,153.0
MAC000034,Std,2013-08-02 11:30:00,141.0
MAC000034,Std,2013-08-02 12:00:00,206.0
MAC000034,Std,2013-08-02 12:30:00,198.0
MAC000034,Std,2013-08-02 13:00:00,154.0
MAC000034,Std,2013-08-02 13:30:00,147.0
MAC000034,Std,2013-08-02 14:00:00,135.0
MAC000034,Std,2013-08-02 14:30:00,132.0
MAC000034,Std,2013-08-02 15:00:00,116.0
MAC000034,Std,2013-08-02 15:30:00,96.0
MAC000034,Std,2013-08-02 16:00:00,91.0
MAC000034,Std,2013-08-02 16:30:00,169.0
MAC000034,Std,2013-08-02 17:00:00,92.0
MAC000034,Std,2013-08-02 17:30:00,147.0
MAC000034,Std,2013-08-02 18:00:00,195.0
MAC000034,Std,2013-08-02 18:30:00,142.0
MAC000034,Std,2013-08-02 19:00:00,130.0
MAC000034,Std,2013-08-02 19:30:00,148.0
MAC000034,Std,2013-08-02 20:00:00,158.0
MAC000034,Std,2013-08-02 20:30:00,174.0
MAC000034,Std,2013-08-02 21:00:00,166.0
MAC000034,Std,2013-08-02 21:30:00,164.0
MAC000034,Std,2013-08-02 22:00:00,226.0
MAC000034,Std,2013-08-02 22:30:00,169.0
MAC000034,Std,2013-08-02 23:00:00,152.0
MAC000034,Std,2013-08-02 23:30:00,156.0
MAC000034,Std,2013-08-03 00:00:00,202.0
MAC000034,Std,2013-08-03 00:30:00,178.0
MAC000034,Std,2013-08-03 01:00:00,86.0
MAC000034,Std,2013-08-03 01:30:00,80.0
MAC000034,Std,2013-08-03 02:00:00,95.0
MAC000034,Std,2013-08-03 02:30:00,98.0
MAC000034,Std,2013-08-03 03:00:00,90.0
MAC000034,Std,2013-08-03 03:30:00,80.0
MAC000034,Std,2013-08-03 04:00:00,88.0
MAC000034,Std,2013-08-03 04:30:00,96.0
MAC000034,Std,2013-08-03 05:00:00,97.0
MAC000034,Std,2013-08-03 05:30:00,83.0
MAC000034,Std,2013-08-03 06:00:00,81.0
MAC000034,Std,2013-08-03 06:30:00,94.0
MAC000034,Std,2013-08-03 07:00:00,91.0
MAC000034,Std,2013-08-03 07:30:00,83.0
MAC000034,Std,2013-08-03 08:00:00,75.0
MAC000034,Std,2013-08-03 08:30:00,93.0
MAC000034,Std,2013-08-03 09:00:00,125.0
MAC000034,Std,2013-08-03 09:30:00,125.0
MAC000034,Std,2013-08-03 10:00:00,223.0
MAC000034,Std,2013-08-03 10:30:00,134.0
MAC000034,Std,2013-08-03 11:00:00,283.0
MAC000034,Std,2013-08-03 11:30:00,169.0
MAC000034,Std,2013-08-03 12:00:00,149.0
MAC000034,Std,2013-08-03 12:30:00,217.0
MAC000034,Std,2013-08-03 13:00:00,164.0
MAC000034,Std,2013-08-03 13:30:00,146.0
MAC000034,Std,2013-08-03 14:00:00,119.0
MAC000034,Std,2013-08-03 14:30:00,95.0
MAC000034,Std,2013-08-03 15:00:00,81.0
MAC000034,Std,2013-08-03 15:30:00,82.0
MAC000034,Std,2013-08-03 16:00:00,225.0
MAC000034,Std,2013-08-03 16:30:00,120.0
MAC000034,Std,2013-08-03 17:00:00,87.0
MAC000034,Std,2013-08-03 17:30:00,112.0
MAC000034,Std,2013-08-03 18:00:00,125.0
MAC000034,Std,2013-08-03 18:30:00,189.0
MAC000034,Std,2013-08-03 19:00:00,152.0
MAC000034,Std,2013-08-03 19:30:00,129.0
MAC000034,Std,2013-08-03 20:00:00,143.0
MAC000034,Std,2013-08-03 20:30:00,159.0
MAC000034,Std,2013-08-03 21:00:00,156.0
MAC000034,Std,2013-08-03 21:30:00,145.0
MAC000034,Std,2013-08-03 22:00:00,144.0
MAC000034,Std,2013-08-03 22:30:00,162.0
MAC000034,Std,2013-08-03 23:00:00,175.0
MAC000034,Std,2013-08-03 23:30:00,150.0
MAC000034,Std,2013-08-04 00:00:00,81.0
MAC000034,Std,2013-08-04 00:30:00,82.0
MAC000034,Std,2013-08-04 01:00:00,97.0
MAC000034,Std,2013-08-04 01:30:00,97.0
MAC000034,Std,2013-08-04 02:00:00,89.0
MAC000034,Std,2013-08-04 02:30:00,84.0
MAC000034,Std,2013-08-04 03:00:00,92.0
MAC000034,Std,2013-08-04 03:30:00,96.0
MAC000034,Std,2013-08-04 04:00:00,95.0
MAC000034,Std,2013-08-04 04:30:00,79.0
MAC000034,Std,2013-08-04 05:00:00,82.0
MAC000034,Std,2013-08-04 05:30:00,71.0
MAC000034,Std,2013-08-04 06:00:00,74.0
MAC000034,Std,2013-08-04 06:30:00,88.0
MAC000034,Std,2013-08-04 07:00:00,76.0
MAC000034,Std,2013-08-04 07:30:00,90.0
MAC000034,Std,2013-08-04 08:00:00,93.0
MAC000034,Std,2013-08-04 08:30:00,137.0
MAC000034,Std,2013-08-04 09:00:00,224.0
MAC000034,Std,2013-08-04 09:30:00,139.0
MAC000034,Std,2013-08-04 10:00:00,183.0
MAC000034,Std,2013-08-04 10:30:00,143.0
MAC000034,Std,2013-08-04 11:00:00,127.0
MAC000034,Std,2013-08-04 11:30:00,136.0
MAC000034,Std,2013-08-04 12:00:00,145.0
MAC000034,Std,2013-08-04 12:30:00,153.0
MAC000034,Std,2013-08-04 13:00:00,131.0
MAC000034,Std,2013-08-04 13:30:00,1276.0
MAC000034,Std,2013-08-04 14:00:00,145.0
MAC000034,Std,2013-08-04 14:30:00,147.0
MAC000034,Std,2013-08-04 15:00:00,113.0
MAC000034,Std,2013-08-04 15:30:00,75.0
MAC000034,Std,2013-08-04 16:00:00,86.0
MAC000034,Std,2013-08-04 16:30:00,177.0
MAC000034,Std,2013-08-04 17:00:00,97.0
MAC000034,Std,2013-08-04 17:30:00,89.0
MAC000034,Std,2013-08-04 18:00:00,80.0
MAC000034,Std,2013-08-04 18:30:00,213.0
MAC000034,Std,2013-08-04 19:00:00,212.0
MAC000034,Std,2013-08-04 19:30:00,204.0
MAC000034,Std,2013-08-04 20:00:00,151.0
MAC000034,Std,2013-08-04 20:30:00,161.0
MAC000034,Std,2013-08-04 21:00:00,166.0
MAC000034,Std,2013-08-04 21:30:00,158.0
MAC000034,Std,2013-08-04 22:00:00,175.0
MAC000034,Std,2013-08-04 22:30:00,209.0
MAC000034,Std,2013-08-04 23:00:00,217.0
MAC000034,Std,2013-08-04 23:30:00,109.0
MAC000034,Std,2013-08-05 00:00:00,76.0
MAC000034,Std,2013-08-05 00:30:00,88.0
MAC000034,Std,2013-08-05 01:00:00,94.0
MAC000034,Std,2013-08-05 01:30:00,93.0
MAC000034,Std,2013-08-05 02:00:00,74.0
MAC000034,Std,2013-08-05 02:30:00,83.0
MAC000034,Std,2013-08-05 03:00:00,92.0
MAC000034,Std,2013-08-05 03:30:00,93.0
MAC000034,Std,2013-08-05 04:00:00,73.0
MAC000034,Std,2013-08-05 04:30:00,82.0
MAC000034,Std,2013-08-05 05:00:00,92.0
MAC000034,Std,2013-08-05 05:30:00,91.0
MAC000034,Std,2013-08-05 06:00:00,64.0
MAC000034,Std,2013-08-05 06:30:00,66.0
MAC000034,Std,2013-08-05 07:00:00,90.0
MAC000034,Std,2013-08-05 07:30:00,130.0
MAC000034,Std,2013-08-05 08:00:00,135.0
MAC000034,Std,2013-08-05 08:30:00,128.0
MAC000034,Std,2013-08-05 09:00:00,152.0
MAC000034,Std,2013-08-05 09:30:00,232.0
MAC000034,Std,2013-08-05 10:00:00,135.0
MAC000034,Std,2013-08-05 10:30:00,139.0
MAC000034,Std,2013-08-05 11:00:00,163.0
MAC000034,Std,2013-08-05 11:30:00,148.0
MAC000034,Std,2013-08-05 12:00:00,84.0
MAC000034,Std,2013-08-05 12:30:00,74.0
MAC000034,Std,2013-08-05 13:00:00,87.0
MAC000034,Std,2013-08-05 13:30:00,92.0
MAC000034,Std,2013-08-05 14:00:00,85.0
MAC000034,Std,2013-08-05 14:30:00,72.0
MAC000034,Std,2013-08-05 15:00:00,82.0
MAC000034,Std,2013-08-05 15:30:00,90.0
MAC000034,Std,2013-08-05 16:00:00,87.0
MAC000034,Std,2013-08-05 16:30:00,71.0
MAC000034,Std,2013-08-05 17:00:00,82.0
MAC000034,Std,2013-08-05 17:30:00,90.0
MAC000034,Std,2013-08-05 18:00:00,86.0
MAC000034,Std,2013-08-05 18:30:00,71.0
MAC000034,Std,2013-08-05 19:00:00,83.0
MAC000034,Std,2013-08-05 19:30:00,90.0
MAC000034,Std,2013-08-05 20:00:00,84.0
MAC000034,Std,2013-08-05 20:30:00,69.0
MAC000034,Std,2013-08-05 21:00:00,84.0
MAC000034,Std,2013-08-05 21:30:00,90.0
MAC000034,Std,2013-08-05 22:00:00,84.0
MAC000034,Std,2013-08-05 22:30:00,69.0
MAC000034,Std,2013-08-05 23:00:00,85.0
MAC000034,Std,2013-08-05 23:30:00,89.0
MAC000034,Std,2013-08-06 00:00:00,87.0
MAC000034,Std,2013-08-06 00:30:00,73.0
MAC000034,Std,2013-08-06 01:00:00,89.0
MAC000034,Std,2013-08-06 01:30:00,65.0
MAC000034,Std,2013-08-06 02:00:00,68.0
MAC000034,Std,2013-08-06 02:30:00,73.0
MAC000034,Std,2013-08-06 03:00:00,92.0
MAC000034,Std,2013-08-06 03:30:00,92.0
MAC000034,Std,2013-08-06 04:00:00,83.0
MAC000034,Std,2013-08-06 04:30:00,72.0
MAC000034,Std,2013-08-06 05:00:00,92.0
MAC000034,Std,2013-08-06 05:30:00,57.0
MAC000034,Std,2013-08-06 06:00:00,70.0
MAC000034,Std,2013-08-06 06:30:00,76.0
MAC000034,Std,2013-08-06 07:00:00,88.0
MAC000034,Std,2013-08-06 07:30:00,87.0
MAC000034,Std,2013-08-06 08:00:00,58.0
MAC000034,Std,2013-08-06 08:30:00,47.0
MAC000034,Std,2013-08-06 09:00:00,90.0
MAC000034,Std,2013-08-06 09:30:00,88.0
MAC000034,Std,2013-08-06 10:00:00,67.0
MAC000034,Std,2013-08-06 10:30:00,80.0
MAC000034,Std,2013-08-06 11:00:00,239.0
MAC000034,Std,2013-08-06 11:30:00,118.0
MAC000034,Std,2013-08-06 12:00:00,154.0
MAC000034,Std,2013-08-06 12:30:00,143.0
MAC000034,Std,2013-08-06 13:00:00,146.0
MAC000034,Std,2013-08-06 13:30:00,91.0
MAC000034,Std,2013-08-06 14:00:00,75.0
MAC000034,Std,2013-08-06 14:30:00,76.0
MAC000034,Std,2013-08-06 15:00:00,91.0
MAC000034,Std,2013-08-06 15:30:00,90.0
MAC000034,Std,2013-08-06 16:00:00,73.0
MAC000034,Std,2013-08-06 16:30:00,77.0
MAC000034,Std,2013-08-06 17:00:00,222.0
MAC000034,Std,2013-08-06 17:30:00,98.0
MAC000034,Std,2013-08-06 18:00:00,138.0
MAC000034,Std,2013-08-06 18:30:00,162.0
MAC000034,Std,2013-08-06 19:00:00,229.0
MAC000034,Std,2013-08-06 19:30:00,207.0
MAC000034,Std,2013-08-06 20:00:00,149.0
MAC000034,Std,2013-08-06 20:30:00,345.0
MAC000034,Std,2013-08-06 21:00:00,230.0
MAC000034,Std,2013-08-06 21:30:00,184.0
MAC000034,Std,2013-08-06 22:00:00,154.0
MAC000034,Std,2013-08-06 22:30:00,234.0
MAC000034,Std,2013-08-06 23:00:00,202.0
MAC000034,Std,2013-08-06 23:30:00,93.0
MAC000034,Std,2013-08-07 00:00:00,79.0
MAC000034,Std,2013-08-07 00:30:00,84.0
MAC000034,Std,2013-08-07 01:00:00,95.0
MAC000034,Std,2013-08-07 01:30:00,93.0
MAC000034,Std,2013-08-07 02:00:00,73.0
MAC000034,Std,2013-08-07 02:30:00,87.0
MAC000034,Std,2013-08-07 03:00:00,94.0
MAC000034,Std,2013-08-07 03:30:00,89.0
MAC000034,Std,2013-08-07 04:00:00,72.0
MAC000034,Std,2013-08-07 04:30:00,157.0
MAC000034,Std,2013-08-07 05:00:00,96.0
MAC000034,Std,2013-08-07 05:30:00,82.0
MAC000034,Std,2013-08-07 06:00:00,77.0
MAC000034,Std,2013-08-07 06:30:00,93.0
MAC000034,Std,2013-08-07 07:00:00,149.0
MAC000034,Std,2013-08-07 07:30:00,67.0
MAC000034,Std,2013-08-07 08:00:00,81.0
MAC000034,Std,2013-08-07 08:30:00,206.0
MAC000034,Std,2013-08-07 09:00:00,109.0
MAC000034,Std,2013-08-07 09:30:00,112.0
MAC000034,Std,2013-08-07 10:00:00,109.0
MAC000034,Std,2013-08-07 10:30:00,651.0
MAC000034,Std,2013-08-07 11:00:00,521.0
MAC000034,Std,2013-08-07 11:30:00,105.0
MAC000034,Std,2013-08-07 12:00:00,90.0
MAC000034,Std,2013-08-07 12:30:00,96.0
MAC000034,Std,2013-08-07 13:00:00,79.0
MAC000034,Std,2013-08-07 13:30:00,182.0
MAC000034,Std,2013-08-07 14:00:00,112.0
MAC000034,Std,2013-08-07 14:30:00,96.0
MAC000034,Std,2013-08-07 15:00:00,246.0
MAC000034,Std,2013-08-07 15:30:00,77.0
MAC000034,Std,2013-08-07 16:00:00,90.0
MAC000034,Std,2013-08-07 16:30:00,216.0
MAC000034,Std,2013-08-07 17:00:00,115.0
MAC000034,Std,2013-08-07 17:30:00,85.0
MAC000034,Std,2013-08-07 18:00:00,153.0
MAC000034,Std,2013-08-07 18:30:00,147.0
MAC000034,Std,2013-08-07 19:00:00,105.0
MAC000034,Std,2013-08-07 19:30:00,151.0
MAC000034,Std,2013-08-07 20:00:00,160.0
MAC000034,Std,2013-08-07 20:30:00,157.0
MAC000034,Std,2013-08-07 21:00:00,145.0
MAC000034,Std,2013-08-07 21:30:00,160.0
MAC000034,Std,2013-08-07 22:00:00,164.0
MAC000034,Std,2013-08-07 22:30:00,179.0
MAC000034,Std,2013-08-07 23:00:00,204.0
MAC000034,Std,2013-08-07 23:30:00,100.0
MAC000034,Std,2013-08-08 00:00:00,94.0
MAC000034,Std,2013-08-08 00:30:00,85.0
MAC000034,Std,2013-08-08 01:00:00,50.0
MAC000034,Std,2013-08-08 01:30:00,76.0
MAC000034,Std,2013-08-08 02:00:00,95.0
MAC000034,Std,2013-08-08 02:30:00,79.0
MAC000034,Std,2013-08-08 03:00:00,77.0
MAC000034,Std,2013-08-08 03:30:00,92.0
MAC000034,Std,2013-08-08 04:00:00,92.0
MAC000034,Std,2013-08-08 04:30:00,35.0
MAC000034,Std,2013-08-08 05:00:00,82.0
MAC000034,Std,2013-08-08 05:30:00,93.0
MAC000034,Std,2013-08-08 06:00:00,92.0
MAC000034,Std,2013-08-08 06:30:00,60.0
MAC000034,Std,2013-08-08 07:00:00,59.0
MAC000034,Std,2013-08-08 07:30:00,90.0
MAC000034,Std,2013-08-08 08:00:00,85.0
MAC000034,Std,2013-08-08 08:30:00,150.0
MAC000034,Std,2013-08-08 09:00:00,106.0
MAC000034,Std,2013-08-08 09:30:00,225.0
MAC000034,Std,2013-08-08 10:00:00,129.0
MAC000034,Std,2013-08-08 10:30:00,144.0
MAC000034,Std,2013-08-08 11:00:00,141.0
MAC000034,Std,2013-08-08 11:30:00,146.0
MAC000034,Std,2013-08-08 12:00:00,171.0
MAC000034,Std,2013-08-08 12:30:00,151.0
MAC000034,Std,2013-08-08 13:00:00,137.0
MAC000034,Std,2013-08-08 13:30:00,124.0
MAC000034,Std,2013-08-08 14:00:00,147.0
MAC000034,Std,2013-08-08 14:30:00,92.0
MAC000034,Std,2013-08-08 15:00:00,70.0
MAC000034,Std,2013-08-08 15:30:00,81.0
MAC000034,Std,2013-08-08 16:00:00,89.0
MAC000034,Std,2013-08-08 16:30:00,84.0
MAC000034,Std,2013-08-08 17:00:00,152.0
MAC000034,Std,2013-08-08 17:30:00,132.0
MAC000034,Std,2013-08-08 18:00:00,142.0
MAC000034,Std,2013-08-08 18:30:00,131.0
MAC000034,Std,2013-08-08 19:00:00,124.0
MAC000034,Std,2013-08-08 19:30:00,194.0
MAC000034,Std,2013-08-08 20:00:00,175.0
MAC000034,Std,2013-08-08 20:30:00,133.0
MAC000034,Std,2013-08-08 21:00:00,134.0
MAC000034,Std,2013-08-08 21:30:00,161.0
MAC000034,Std,2013-08-08 22:00:00,161.0
MAC000034,Std,2013-08-08 22:30:00,143.0
MAC000034,Std,2013-08-08 23:00:00,210.0
MAC000034,Std,2013-08-08 23:30:00,98.0
MAC000034,Std,2013-08-09 00:00:00,80.0
MAC000034,Std,2013-08-09 00:30:00,79.0
MAC000034,Std,2013-08-09 01:00:00,95.0
MAC000034,Std,2013-08-09 01:30:00,88.0
MAC000034,Std,2013-08-09 02:00:00,68.0
MAC000034,Std,2013-08-09 02:30:00,93.0
MAC000034,Std,2013-08-09 03:00:00,92.0
MAC000034,Std,2013-08-09 03:30:00,69.0
MAC000034,Std,2013-08-09 04:00:00,85.0
MAC000034,Std,2013-08-09 04:30:00,92.0
MAC000034,Std,2013-08-09 05:00:00,76.0
MAC000034,Std,2013-08-09 05:30:00,78.0
MAC000034,Std,2013-08-09 06:00:00,90.0
MAC000034,Std,2013-08-09 06:30:00,92.0
MAC000034,Std,2013-08-09 07:00:00,67.0
MAC000034,Std,2013-08-09 07:30:00,89.0
MAC000034,Std,2013-08-09 08:00:00,88.0
MAC000034,Std,2013-08-09 08:30:00,99.0
MAC000034,Std,2013-08-09 09:00:00,149.0
MAC000034,Std,2013-08-09 09:30:00,243.0
MAC000034,Std,2013-08-09 10:00:00,120.0
MAC000034,Std,2013-08-09 10:30:00,147.0
MAC000034,Std,2013-08-09 11:00:00,157.0
MAC000034,Std,2013-08-09 11:30:00,145.0
MAC000034,Std,2013-08-09 12:00:00,138.0
MAC000034,Std,2013-08-09 12:30:00,198.0
MAC000034,Std,2013-08-09 13:00:00,150.0
MAC000034,Std,2013-08-09 13:30:00,127.0
MAC000034,Std,2013-08-09 14:00:00,131.0
MAC000034,Std,2013-08-09 14:30:00,144.0
MAC000034,Std,2013-08-09 15:00:00,123.0
MAC000034,Std,2013-08-09 15:30:00,69.0
MAC000034,Std,2013-08-09 16:00:00,187.0
MAC000034,Std,2013-08-09 16:30:00,203.0
MAC000034,Std,2013-08-09 17:00:00,156.0
MAC000034,Std,2013-08-09 17:30:00,138.0
MAC000034,Std,2013-08-09 18:00:00,143.0
MAC000034,Std,2013-08-09 18:30:00,90.0
MAC000034,Std,2013-08-09 19:00:00,185.0
MAC000034,Std,2013-08-09 19:30:00,208.0
MAC000034,Std,2013-08-09 20:00:00,190.0
MAC000034,Std,2013-08-09 20:30:00,142.0
MAC000034,Std,2013-08-09 21:00:00,164.0
MAC000034,Std,2013-08-09 21:30:00,165.0
MAC000034,Std,2013-08-09 22:00:00,192.0
MAC000034,Std,2013-08-09 22:30:00,200.0
MAC000034,Std,2013-08-09 23:00:00,128.0
MAC000034,Std,2013-08-09 23:30:00,92.0
MAC000034,Std,2013-08-10 00:00:00,73.0
MAC000034,Std,2013-08-10 00:30:00,88.0
MAC000034,Std,2013-08-10 01:00:00,80.0
MAC000034,Std,2013-08-10 01:30:00,58.0
MAC000034,Std,2013-08-10 02:00:00,76.0
MAC000034,Std,2013-08-10 02:30:00,94.0
MAC000034,Std,2013-08-10 03:00:00,94.0
MAC000034,Std,2013-08-10 03:30:00,69.0
MAC000034,Std,2013-08-10 04:00:00,88.0
MAC000034,Std,2013-08-10 04:30:00,67.0
MAC000034,Std,2013-08-10 05:00:00,135.0
MAC000034,Std,2013-08-10 05:30:00,141.0
MAC000034,Std,2013-08-10 06:00:00,154.0
MAC000034,Std,2013-08-10 06:30:00,150.0
MAC000034,Std,2013-08-10 07:00:00,72.0
MAC000034,Std,2013-08-10 07:30:00,85.0
MAC000034,Std,2013-08-10 08:00:00,53.0
MAC000034,Std,2013-08-10 08:30:00,133.0
MAC000034,Std,2013-08-10 09:00:00,138.0
MAC000034,Std,2013-08-10 09:30:00,263.0
MAC000034,Std,2013-08-10 10:00:00,142.0
MAC000034,Std,2013-08-10 10:30:00,130.0
MAC000034,Std,2013-08-10 11:00:00,193.0
MAC000034,Std,2013-08-10 11:30:00,176.0
MAC000034,Std,2013-08-10 12:00:00,188.0
MAC000034,Std,2013-08-10 12:30:00,173.0
MAC000034,Std,2013-08-10 13:00:00,1097.0
MAC000034,Std,2013-08-10 13:30:00,160.0
MAC000034,Std,2013-08-10 14:00:00,80.0
MAC000034,Std,2013-08-10 14:30:00,95.0
MAC000034,Std,2013-08-10 15:00:00,98.0
MAC000034,Std,2013-08-10 15:30:00,82.0
MAC000034,Std,2013-08-10 16:00:00,84.0
MAC000034,Std,2013-08-10 16:30:00,198.0
MAC000034,Std,2013-08-10 17:00:00,124.0
MAC000034,Std,2013-08-10 17:30:00,100.0
MAC000034,Std,2013-08-10 18:00:00,245.0
MAC000034,Std,2013-08-10 18:30:00,228.0
MAC000034,Std,2013-08-10 19:00:00,233.0
MAC000034,Std,2013-08-10 19:30:00,195.0
MAC000034,Std,2013-08-10 20:00:00,210.0
MAC000034,Std,2013-08-10 20:30:00,317.0
MAC000034,Std,2013-08-10 21:00:00,288.0
MAC000034,Std,2013-08-10 21:30:00,226.0
MAC000034,Std,2013-08-10 22:00:00,184.0
MAC000034,Std,2013-08-10 22:30:00,247.0
MAC000034,Std,2013-08-10 23:00:00,169.0
MAC000034,Std,2013-08-10 23:30:00,154.0
MAC000034,Std,2013-08-11 00:00:00,154.0
MAC000034,Std,2013-08-11 00:30:00,99.0
MAC000034,Std,2013-08-11 01:00:00,79.0
MAC000034,Std,2013-08-11 01:30:00,88.0
MAC000034,Std,2013-08-11 02:00:00,99.0
MAC000034,Std,2013-08-11 02:30:00,70.0
MAC000034,Std,2013-08-11 03:00:00,50.0
MAC000034,Std,2013-08-11 03:30:00,99.0
MAC000034,Std,2013-08-11 04:00:00,98.0
MAC000034,Std,2013-08-11 04:30:00,79.0
MAC000034,Std,2013-08-11 05:00:00,90.0
MAC000034,Std,2013-08-11 05:30:00,115.0
MAC000034,Std,2013-08-11 06:00:00,73.0
MAC000034,Std,2013-08-11 06:30:00,79.0
MAC000034,Std,2013-08-11 07:00:00,92.0
MAC000034,Std,2013-08-11 07:30:00,85.0
MAC000034,Std,2013-08-11 08:00:00,135.0
MAC000034,Std,2013-08-11 08:30:00,189.0
MAC000034,Std,2013-08-11 09:00:00,208.0
MAC000034,Std,2013-08-11 09:30:00,164.0
MAC000034,Std,2013-08-11 10:00:00,352.0
MAC000034,Std,2013-08-11 10:30:00,214.0
MAC000034,Std,2013-08-11 11:00:00,458.0
MAC000034,Std,2013-08-11 11:30:00,188.0
MAC000034,Std,2013-08-11 12:00:00,297.0
MAC000034,Std,2013-08-11 12:30:00,140.0
MAC000034,Std,2013-08-11 13:00:00,136.0
MAC000034,Std,2013-08-11 13:30:00,224.0
MAC000034,Std,2013-08-11 14:00:00,150.0
MAC000034,Std,2013-08-11 14:30:00,128.0
MAC000034,Std,2013-08-11 15:00:00,120.0
MAC000034,Std,2013-08-11 15:30:00,94.0
MAC000034,Std,2013-08-11 16:00:00,246.0
MAC000034,Std,2013-08-11 16:30:00,106.0
MAC000034,Std,2013-08-11 17:00:00,107.0
MAC000034,Std,2013-08-11 17:30:00,120.0
MAC000034,Std,2013-08-11 18:00:00,154.0
MAC000034,Std,2013-08-11 18:30:00,275.0
MAC000034,Std,2013-08-11 19:00:00,146.0
MAC000034,Std,2013-08-11 19:30:00,238.0
MAC000034,Std,2013-08-11 20:00:00,172.0
MAC000034,Std,2013-08-11 20:30:00,309.0
MAC000034,Std,2013-08-11 21:00:00,322.0
MAC000034,Std,2013-08-11 21:30:00,226.0
MAC000034,Std,2013-08-11 22:00:00,86.0
MAC000034,Std,2013-08-11 22:30:00,83.0
MAC000034,Std,2013-08-11 23:00:00,96.0
MAC000034,Std,2013-08-11 23:30:00,83.0
MAC000034,Std,2013-08-12 00:00:00,79.0
MAC000034,Std,2013-08-12 00:30:00,98.0
MAC000034,Std,2013-08-12 01:00:00,92.0
MAC000034,Std,2013-08-12 01:30:00,73.0
MAC000034,Std,2013-08-12 02:00:00,62.0
MAC000034,Std,2013-08-12 02:30:00,88.0
MAC000034,Std,2013-08-12 03:00:00,71.0
MAC000034,Std,2013-08-12 03:30:00,99.0
MAC000034,Std,2013-08-12 04:00:00,98.0
MAC000034,Std,2013-08-12 04:30:00,76.0
MAC000034,Std,2013-08-12 05:00:00,184.0
MAC000034,Std,2013-08-12 05:30:00,73.0
MAC000034,Std,2013-08-12 06:00:00,45.0
MAC000034,Std,2013-08-12 06:30:00,228.0
MAC000034,Std,2013-08-12 07:00:00,262.0
MAC000034,Std,2013-08-12 07:30:00,151.0
MAC000034,Std,2013-08-12 08:00:00,88.0
MAC000034,Std,2013-08-12 08:30:00,95.0
MAC000034,Std,2013-08-12 09:00:00,44.0
MAC000034,Std,2013-08-12 09:30:00,71.0
MAC000034,Std,2013-08-12 10:00:00,95.0
MAC000034,Std,2013-08-12 10:30:00,78.0
MAC000034,Std,2013-08-12 11:00:00,76.0
MAC000034,Std,2013-08-12 11:30:00,76.0
MAC000034,Std,2013-08-12 12:00:00,54.0
MAC000034,Std,2013-08-12 12:30:00,78.0
MAC000034,Std,2013-08-12 13:00:00,177.0
MAC000034,Std,2013-08-12 13:30:00,203.0
MAC000034,Std,2013-08-12 14:00:00,131.0
MAC000034,Std,2013-08-12 14:30:00,119.0
MAC000034,Std,2013-08-12 15:00:00,118.0
MAC000034,Std,2013-08-12 15:30:00,124.0
MAC000034,Std,2013-08-12 16:00:00,198.0
MAC000034,Std,2013-08-12 16:30:00,264.0
MAC000034,Std,2013-08-12 17:00:00,124.0
MAC000034,Std,2013-08-12 17:30:00,147.0
MAC000034,Std,2013-08-12 18:00:00,180.0
MAC000034,Std,2013-08-12 18:30:00,274.0
MAC000034,Std,2013-08-12 19:00:00,178.0
MAC000034,Std,2013-08-12 19:30:00,145.0
MAC000034,Std,2013-08-12 20:00:00,142.0
MAC000034,Std,2013-08-12 20:30:00,185.0
MAC000034,Std,2013-08-12 21:00:00,122.0
MAC000034,Std,2013-08-12 21:30:00,92.0
MAC000034,Std,2013-08-12 22:00:00,114.0
MAC000034,Std,2013-08-12 22:30:00,104.0
MAC000034,Std,2013-08-12 23:00:00,108.0
MAC000034,Std,2013-08-12 23:30:00,80.0
MAC000034,Std,2013-08-13 00:00:00,84.0
MAC000034,Std,2013-08-13 00:30:00,78.0
MAC000034,Std,2013-08-13 01:00:00,95.0
MAC000034,Std,2013-08-13 01:30:00,52.0
MAC000034,Std,2013-08-13 02:00:00,61.0
MAC000034,Std,2013-08-13 02:30:00,98.0
MAC000034,Std,2013-08-13 03:00:00,79.0
MAC000034,Std,2013-08-13 03:30:00,79.0
MAC000034,Std,2013-08-13 04:00:00,56.0
MAC000034,Std,2013-08-13 04:30:00,65.0
MAC000034,Std,2013-08-13 05:00:00,95.0
MAC000034,Std,2013-08-13 05:30:00,79.0
MAC000034,Std,2013-08-13 06:00:00,33.0
MAC000034,Std,2013-08-13 06:30:00,97.0
MAC000034,Std,2013-08-13 07:00:00,80.0
MAC000034,Std,2013-08-13 07:30:00,52.0
MAC000034,Std,2013-08-13 08:00:00,81.0
MAC000034,Std,2013-08-13 08:30:00,124.0
MAC000034,Std,2013-08-13 09:00:00,278.0
MAC000034,Std,2013-08-13 09:30:00,176.0
MAC000034,Std,2013-08-13 10:00:00,84.0
MAC000034,Std,2013-08-13 10:30:00,84.0
MAC000034,Std,2013-08-13 11:00:00,89.0
MAC000034,Std,2013-08-13 11:30:00,69.0
MAC000034,Std,2013-08-13 12:00:00,61.0
MAC000034,Std,2013-08-13 12:30:00,70.0
MAC000034,Std,2013-08-13 13:00:00,77.0
MAC000034,Std,2013-08-13 13:30:00,112.0
MAC000034,Std,2013-08-13 14:00:00,106.0
MAC000034,Std,2013-08-13 14:30:00,110.0
MAC000034,Std,2013-08-13 15:00:00,181.0
MAC000034,Std,2013-08-13 15:30:00,124.0
MAC000034,Std,2013-08-13 16:00:00,152.0
MAC000034,Std,2013-08-13 16:30:00,208.0
MAC000034,Std,2013-08-13 17:00:00,128.0
MAC000034,Std,2013-08-13 17:30:00,155.0
MAC000034,Std,2013-08-13 18:00:00,139.0
MAC000034,Std,2013-08-13 18:30:00,100.0
MAC000034,Std,2013-08-13 19:00:00,200.0
MAC000034,Std,2013-08-13 19:30:00,160.0
MAC000034,Std,2013-08-13 20:00:00,202.0
MAC000034,Std,2013-08-13 20:30:00,177.0
MAC000034,Std,2013-08-13 21:00:00,101.0
MAC000034,Std,2013-08-13 21:30:00,200.0
MAC000034,Std,2013-08-13 22:00:00,205.0
MAC000034,Std,2013-08-13 22:30:00,136.0
MAC000034,Std,2013-08-13 23:00:00,128.0
MAC000034,Std,2013-08-13 23:30:00,147.0
MAC000034,Std,2013-08-14 00:00:00,127.0
MAC000034,Std,2013-08-14 00:30:00,94.0
MAC000034,Std,2013-08-14 01:00:00,35.0
MAC000034,Std,2013-08-14 01:30:00,82.0
MAC000034,Std,2013-08-14 02:00:00,95.0
MAC000034,Std,2013-08-14 02:30:00,56.0
MAC000034,Std,2013-08-14 03:00:00,57.0
MAC000034,Std,2013-08-14 03:30:00,92.0
MAC000034,Std,2013-08-14 04:00:00,71.0
MAC000034,Std,2013-08-14 04:30:00,69.0
MAC000034,Std,2013-08-14 05:00:00,61.0
MAC000034,Std,2013-08-14 05:30:00,83.0
MAC000034,Std,2013-08-14 06:00:00,88.0
MAC000034,Std,2013-08-14 06:30:00,29.0
MAC000034,Std,2013-08-14 07:00:00,92.0
MAC000034,Std,2013-08-14 07:30:00,88.0
MAC000034,Std,2013-08-14 08:00:00,35.0
MAC000034,Std,2013-08-14 08:30:00,75.0
MAC000034,Std,2013-08-14 09:00:00,106.0
MAC000034,Std,2013-08-14 09:30:00,131.0
MAC000034,Std,2013-08-14 10:00:00,122.0
MAC000034,Std,2013-08-14 10:30:00,124.0
MAC000034,Std,2013-08-14 11:00:00,211.0
MAC000034,Std,2013-08-14 11:30:00,202.0
MAC000034,Std,2013-08-14 12:00:00,87.0
MAC000034,Std,2013-08-14 12:30:00,143.0
MAC000034,Std,2013-08-14 13:00:00,80.0
MAC000034,Std,2013-08-14 13:30:00,36.0
MAC000034,Std,2013-08-14 14:00:00,89.0
MAC000034,Std,2013-08-14 14:30:00,85.0
MAC000034,Std,2013-08-14 15:00:00,138.0
MAC000034,Std,2013-08-14 15:30:00,125.0
MAC000034,Std,2013-08-14 16:00:00,64.0
MAC000034,Std,2013-08-14 16:30:00,201.0
MAC000034,Std,2013-08-14 17:00:00,145.0
MAC000034,Std,2013-08-14 17:30:00,118.0
MAC000034,Std,2013-08-14 18:00:00,161.0
MAC000034,Std,2013-08-14 18:30:00,170.0
MAC000034,Std,2013-08-14 19:00:00,134.0
MAC000034,Std,2013-08-14 19:30:00,142.0
MAC000034,Std,2013-08-14 20:00:00,182.0
MAC000034,Std,2013-08-14 20:30:00,150.0
MAC000034,Std,2013-08-14 21:00:00,148.0
MAC000034,Std,2013-08-14 21:30:00,165.0
MAC000034,Std,2013-08-14 22:00:00,199.0
MAC000034,Std,2013-08-14 22:30:00,226.0
MAC000034,Std,2013-08-14 23:00:00,203.0
MAC000034,Std,2013-08-14 23:30:00,48.0
MAC000034,Std,2013-08-15 00:00:00,74.0
MAC000034,Std,2013-08-15 00:30:00,87.0
MAC000034,Std,2013-08-15 01:00:00,77.0
MAC000034,Std,2013-08-15 01:30:00,97.0
MAC000034,Std,2013-08-15 02:00:00,48.0
MAC000034,Std,2013-08-15 02:30:00,66.0
MAC000034,Std,2013-08-15 03:00:00,97.0
MAC000034,Std,2013-08-15 03:30:00,68.0
MAC000034,Std,2013-08-15 04:00:00,90.0
MAC000034,Std,2013-08-15 04:30:00,55.0
MAC000034,Std,2013-08-15 05:00:00,60.0
MAC000034,Std,2013-08-15 05:30:00,102.0
MAC000034,Std,2013-08-15 06:00:00,87.0
MAC000034,Std,2013-08-15 06:30:00,62.0
MAC000034,Std,2013-08-15 07:00:00,58.0
MAC000034,Std,2013-08-15 07:30:00,76.0
MAC000034,Std,2013-08-15 08:00:00,90.0
MAC000034,Std,2013-08-15 08:30:00,146.0
MAC000034,Std,2013-08-15 09:00:00,100.0
MAC000034,Std,2013-08-15 09:30:00,221.0
MAC000034,Std,2013-08-15 10:00:00,191.0
MAC000034,Std,2013-08-15 10:30:00,210.0
MAC000034,Std,2013-08-15 11:00:00,753.0
MAC000034,Std,2013-08-15 11:30:00,636.0
MAC000034,Std,2013-08-15 12:00:00,33.0
MAC000034,Std,2013-08-15 12:30:00,106.0
MAC000034,Std,2013-08-15 13:00:00,147.0
MAC000034,Std,2013-08-15 13:30:00,195.0
MAC000034,Std,2013-08-15 14:00:00,194.0
MAC000034,Std,2013-08-15 14:30:00,178.0
MAC000034,Std,2013-08-15 15:00:00,136.0
MAC000034,Std,2013-08-15 15:30:00,166.0
MAC000034,Std,2013-08-15 16:00:00,257.0
MAC000034,Std,2013-08-15 16:30:00,125.0
MAC000034,Std,2013-08-15 17:00:00,104.0
MAC000034,Std,2013-08-15 17:30:00,94.0
MAC000034,Std,2013-08-15 18:00:00,72.0
MAC000034,Std,2013-08-15 18:30:00,156.0
MAC000034,Std,2013-08-15 19:00:00,137.0
MAC000034,Std,2013-08-15 19:30:00,192.0
MAC000034,Std,2013-08-15 20:00:00,215.0
MAC000034,Std,2013-08-15 20:30:00,196.0
MAC000034,Std,2013-08-15 21:00:00,210.0
MAC000034,Std,2013-08-15 21:30:00,247.0
MAC000034,Std,2013-08-15 22:00:00,167.0
MAC000034,Std,2013-08-15 22:30:00,105.0
MAC000034,Std,2013-08-15 23:00:00,59.0
MAC000034,Std,2013-08-15 23:30:00,57.0
MAC000034,Std,2013-08-16 00:00:00,102.0
MAC000034,Std,2013-08-16 00:30:00,89.0
MAC000034,Std,2013-08-16 01:00:00,80.0
MAC000034,Std,2013-08-16 01:30:00,100.0
MAC000034,Std,2013-08-16 02:00:00,77.0
MAC000034,Std,2013-08-16 02:30:00,87.0
MAC000034,Std,2013-08-16 03:00:00,63.0
MAC000034,Std,2013-08-16 03:30:00,56.0
MAC000034,Std,2013-08-16 04:00:00,104.0
MAC000034,Std,2013-08-16 04:30:00,197.0
MAC000034,Std,2013-08-16 05:00:00,74.0
MAC000034,Std,2013-08-16 05:30:00,100.0
MAC000034,Std,2013-08-16 06:00:00,79.0
MAC000034,Std,2013-08-16 06:30:00,56.0
MAC000034,Std,2013-08-16 07:00:00,141.0
MAC000034,Std,2013-08-16 07:30:00,62.0
MAC000034,Std,2013-08-16 08:00:00,196.0
MAC000034,Std,2013-08-16 08:30:00,180.0
MAC000034,Std,2013-08-16 09:00:00,148.0
MAC000034,Std,2013-08-16 09:30:00,146.0
MAC000034,Std,2013-08-16 10:00:00,139.0
MAC000034,Std,2013-08-16 10:30:00,119.0
MAC000034,Std,2013-08-16 11:00:00,202.0
MAC000034,Std,2013-08-16 11:30:00,263.0
MAC000034,Std,2013-08-16 12:00:00,144.0
MAC000034,Std,2013-08-16 12:30:00,236.0
MAC000034,Std,2013-08-16 13:00:00,207.0
MAC000034,Std,2013-08-16 13:30:00,165.0
MAC000034,Std,2013-08-16 14:00:00,202.0
MAC000034,Std,2013-08-16 14:30:00,103.0
MAC000034,Std,2013-08-16 15:00:00,147.0
MAC000034,Std,2013-08-16 15:30:00,140.0
MAC000034,Std,2013-08-16 16:00:00,251.0
MAC000034,Std,2013-08-16 16:30:00,97.0
MAC000034,Std,2013-08-16 17:00:00,95.0
MAC000034,Std,2013-08-16 17:30:00,66.0
MAC000034,Std,2013-08-16 18:00:00,98.0
MAC000034,Std,2013-08-16 18:30:00,84.0
MAC000034,Std,2013-08-16 19:00:00,73.0
MAC000034,Std,2013-08-16 19:30:00,94.0
MAC000034,Std,2013-08-16 20:00:00,72.0
MAC000034,Std,2013-08-16 20:30:00,81.0
MAC000034,Std,2013-08-16 21:00:00,94.0
MAC000034,Std,2013-08-16 21:30:00,62.0
MAC000034,Std,2013-08-16 22:00:00,92.0
MAC000034,Std,2013-08-16 22:30:00,86.0
MAC000034,Std,2013-08-16 23:00:00,69.0
MAC000034,Std,2013-08-16 23:30:00,94.0
MAC000034,Std,2013-08-17 00:00:00,77.0
MAC000034,Std,2013-08-17 00:30:00,84.0
MAC000034,Std,2013-08-17 01:00:00,97.0
MAC000034,Std,2013-08-17 01:30:00,63.0
MAC000034,Std,2013-08-17 02:00:00,97.0
MAC000034,Std,2013-08-17 02:30:00,87.0
MAC000034,Std,2013-08-17 03:00:00,73.0
MAC000034,Std,2013-08-17 03:30:00,65.0
MAC000034,Std,2013-08-17 04:00:00,60.0
MAC000034,Std,2013-08-17 04:30:00,88.0
MAC000034,Std,2013-08-17 05:00:00,96.0
MAC000034,Std,2013-08-17 05:30:00,64.0
MAC000034,Std,2013-08-17 06:00:00,189.0
MAC000034,Std,2013-08-17 06:30:00,77.0
MAC000034,Std,2013-08-17 07:00:00,70.0
MAC000034,Std,2013-08-17 07:30:00,55.0
MAC000034,Std,2013-08-17 08:00:00,63.0
MAC000034,Std,2013-08-17 08:30:00,94.0
MAC000034,Std,2013-08-17 09:00:00,167.0
MAC000034,Std,2013-08-17 09:30:00,76.0
MAC000034,Std,2013-08-17 10:00:00,170.0
MAC000034,Std,2013-08-17 10:30:00,105.0
MAC000034,Std,2013-08-17 11:00:00,110.0
MAC000034,Std,2013-08-17 11:30:00,94.0
MAC000034,Std,2013-08-17 12:00:00,463.0
MAC000034,Std,2013-08-17 12:30:00,96.0
MAC000034,Std,2013-08-17 13:00:00,71.0
MAC000034,Std,2013-08-17 13:30:00,174.0
MAC000034,Std,2013-08-17 14:00:00,108.0
MAC000034,Std,2013-08-17 14:30:00,63.0
MAC000034,Std,2013-08-17 15:00:00,142.0
MAC000034,Std,2013-08-17 15:30:00,102.0
MAC000034,Std,2013-08-17 16:00:00,72.0
MAC000034,Std,2013-08-17 16:30:00,131.0
MAC000034,Std,2013-08-17 17:00:00,130.0
MAC000034,Std,2013-08-17 17:30:00,140.0
MAC000034,Std,2013-08-17 18:00:00,212.0
MAC000034,Std,2013-08-17 18:30:00,173.0
MAC000034,Std,2013-08-17 19:00:00,263.0
MAC000034,Std,2013-08-17 19:30:00,217.0
MAC000034,Std,2013-08-17 20:00:00,153.0
MAC000034,Std,2013-08-17 20:30:00,241.0
MAC000034,Std,2013-08-17 21:00:00,175.0
MAC000034,Std,2013-08-17 21:30:00,194.0
MAC000034,Std,2013-08-17 22:00:00,251.0
MAC000034,Std,2013-08-17 22:30:00,204.0
MAC000034,Std,2013-08-17 23:00:00,235.0
MAC000034,Std,2013-08-17 23:30:00,158.0
MAC000034,Std,2013-08-18 00:00:00,83.0
MAC000034,Std,2013-08-18 00:30:00,104.0
MAC000034,Std,2013-08-18 01:00:00,58.0
MAC000034,Std,2013-08-18 01:30:00,69.0
MAC000034,Std,2013-08-18 02:00:00,99.0
MAC000034,Std,2013-08-18 02:30:00,77.0
MAC000034,Std,2013-08-18 03:00:00,103.0
MAC000034,Std,2013-08-18 03:30:00,80.0
MAC000034,Std,2013-08-18 04:00:00,90.0
MAC000034,Std,2013-08-18 04:30:00,102.0
MAC000034,Std,2013-08-18 05:00:00,67.0
MAC000034,Std,2013-08-18 05:30:00,68.0
MAC000034,Std,2013-08-18 06:00:00,75.0
MAC000034,Std,2013-08-18 06:30:00,83.0
MAC000034,Std,2013-08-18 07:00:00,96.0
MAC000034,Std,2013-08-18 07:30:00,131.0
MAC000034,Std,2013-08-18 08:00:00,89.0
MAC000034,Std,2013-08-18 08:30:00,156.0
MAC000034,Std,2013-08-18 09:00:00,85.0
MAC000034,Std,2013-08-18 09:30:00,109.0
MAC000034,Std,2013-08-18 10:00:00,100.0
MAC000034,Std,2013-08-18 10:30:00,171.0
MAC000034,Std,2013-08-18 11:00:00,219.0
MAC000034,Std,2013-08-18 11:30:00,124.0
MAC000034,Std,2013-08-18 12:00:00,361.0
MAC000034,Std,2013-08-18 12:30:00,218.0
MAC000034,Std,2013-08-18 13:00:00,117.0
MAC000034,Std,2013-08-18 13:30:00,161.0
MAC000034,Std,2013-08-18 14:00:00,253.0
MAC000034,Std,2013-08-18 14:30:00,240.0
MAC000034,Std,2013-08-18 15:00:00,190.0
MAC000034,Std,2013-08-18 15:30:00,194.0
MAC000034,Std,2013-08-18 16:00:00,183.0
MAC000034,Std,2013-08-18 16:30:00,63.0
MAC000034,Std,2013-08-18 17:00:00,97.0
MAC000034,Std,2013-08-18 17:30:00,77.0
MAC000034,Std,2013-08-18 18:00:00,78.0
MAC000034,Std,2013-08-18 18:30:00,286.0
MAC000034,Std,2013-08-18 19:00:00,158.0
MAC000034,Std,2013-08-18 19:30:00,194.0
MAC000034,Std,2013-08-18 20:00:00,211.0
MAC000034,Std,2013-08-18 20:30:00,228.0
MAC000034,Std,2013-08-18 21:00:00,221.0
MAC000034,Std,2013-08-18 21:30:00,184.0
MAC000034,Std,2013-08-18 22:00:00,240.0
MAC000034,Std,2013-08-18 22:30:00,227.0
MAC000034,Std,2013-08-18 23:00:00,220.0
MAC000034,Std,2013-08-18 23:30:00,203.0
MAC000034,Std,2013-08-19 00:00:00,127.0
MAC000034,Std,2013-08-19 00:30:00,102.0
MAC000034,Std,2013-08-19 01:00:00,90.0
MAC000034,Std,2013-08-19 01:30:00,79.0
MAC000034,Std,2013-08-19 02:00:00,101.0
MAC000034,Std,2013-08-19 02:30:00,50.0
MAC000034,Std,2013-08-19 03:00:00,72.0
MAC000034,Std,2013-08-19 03:30:00,89.0
MAC000034,Std,2013-08-19 04:00:00,78.0
MAC000034,Std,2013-08-19 04:30:00,98.0
MAC000034,Std,2013-08-19 05:00:00,38.0
MAC000034,Std,2013-08-19 05:30:00,81.0
MAC000034,Std,2013-08-19 06:00:00,84.0
MAC000034,Std,2013-08-19 06:30:00,81.0
MAC000034,Std,2013-08-19 07:00:00,87.0
MAC000034,Std,2013-08-19 07:30:00,29.0
MAC000034,Std,2013-08-19 08:00:00,98.0
MAC000034,Std,2013-08-19 08:30:00,74.0
MAC000034,Std,2013-08-19 09:00:00,105.0
MAC000034,Std,2013-08-19 09:30:00,108.0
MAC000034,Std,2013-08-19 10:00:00,118.0
MAC000034,Std,2013-08-19 10:30:00,229.0
MAC000034,Std,2013-08-19 11:00:00,153.0
MAC000034,Std,2013-08-19 11:30:00,196.0
MAC000034,Std,2013-08-19 12:00:00,164.0
MAC000034,Std,2013-08-19 12:30:00,146.0
MAC000034,Std,2013-08-19 13:00:00,95.0
MAC000034,Std,2013-08-19 13:30:00,127.0
MAC000034,Std,2013-08-19 14:00:00,111.0
MAC000034,Std,2013-08-19 14:30:00,69.0
MAC000034,Std,2013-08-19 15:00:00,101.0
MAC000034,Std,2013-08-19 15:30:00,82.0
MAC000034,Std,2013-08-19 16:00:00,83.0
MAC000034,Std,2013-08-19 16:30:00,240.0
MAC000034,Std,2013-08-19 17:00:00,115.0
MAC000034,Std,2013-08-19 17:30:00,150.0
MAC000034,Std,2013-08-19 18:00:00,110.0
MAC000034,Std,2013-08-19 18:30:00,161.0
MAC000034,Std,2013-08-19 19:00:00,166.0
MAC000034,Std,2013-08-19 19:30:00,124.0
MAC000034,Std,2013-08-19 20:00:00,194.0
MAC000034,Std,2013-08-19 20:30:00,211.0
MAC000034,Std,2013-08-19 21:00:00,213.0
MAC000034,Std,2013-08-19 21:30:00,228.0
MAC000034,Std,2013-08-19 22:00:00,244.0
MAC000034,Std,2013-08-19 22:30:00,272.0
MAC000034,Std,2013-08-19 23:00:00,238.0
MAC000034,Std,2013-08-19 23:30:00,99.0
MAC000034,Std,2013-08-20 00:00:00,94.0
MAC000034,Std,2013-08-20 00:30:00,73.0
MAC000034,Std,2013-08-20 01:00:00,100.0
MAC000034,Std,2013-08-20 01:30:00,51.0
MAC000034,Std,2013-08-20 02:00:00,70.0
MAC000034,Std,2013-08-20 02:30:00,90.0
MAC000034,Std,2013-08-20 03:00:00,78.0
MAC000034,Std,2013-08-20 03:30:00,99.0
MAC000034,Std,2013-08-20 04:00:00,65.0
MAC000034,Std,2013-08-20 04:30:00,64.0
MAC000034,Std,2013-08-20 05:00:00,68.0
MAC000034,Std,2013-08-20 05:30:00,89.0
MAC000034,Std,2013-08-20 06:00:00,92.0
MAC000034,Std,2013-08-20 06:30:00,71.0
MAC000034,Std,2013-08-20 07:00:00,57.0
MAC000034,Std,2013-08-20 07:30:00,59.0
MAC000034,Std,2013-08-20 08:00:00,98.0
MAC000034,Std,2013-08-20 08:30:00,76.0
MAC000034,Std,2013-08-20 09:00:00,77.0
MAC000034,Std,2013-08-20 09:30:00,91.0
MAC000034,Std,2013-08-20 10:00:00,127.0
MAC000034,Std,2013-08-20 10:30:00,150.0
MAC000034,Std,2013-08-20 11:00:00,209.0
MAC000034,Std,2013-08-20 11:30:00,133.0
MAC000034,Std,2013-08-20 12:00:00,150.0
MAC000034,Std,2013-08-20 12:30:00,132.0
MAC000034,Std,2013-08-20 13:00:00,153.0
MAC000034,Std,2013-08-20 13:30:00,118.0
MAC000034,Std,2013-08-20 14:00:00,161.0
MAC000034,Std,2013-08-20 14:30:00,119.0
MAC000034,Std,2013-08-20 15:00:00,91.0
MAC000034,Std,2013-08-20 15:30:00,87.0
MAC000034,Std,2013-08-20 16:00:00,75.0
MAC000034,Std,2013-08-20 16:30:00,189.0
MAC000034,Std,2013-08-20 17:00:00,64.0
MAC000034,Std,2013-08-20 17:30:00,99.0
MAC000034,Std,2013-08-20 18:00:00,113.0
MAC000034,Std,2013-08-20 18:30:00,138.0
MAC000034,Std,2013-08-20 19:00:00,158.0
MAC000034,Std,2013-08-20 19:30:00,147.0
MAC000034,Std,2013-08-20 20:00:00,163.0
MAC000034,Std,2013-08-20 20:30:00,154.0
MAC000034,Std,2013-08-20 21:00:00,152.0
MAC000034,Std,2013-08-20 21:30:00,170.0
MAC000034,Std,2013-08-20 22:00:00,135.0
MAC000034,Std,2013-08-20 22:30:00,169.0
MAC000034,Std,2013-08-20 23:00:00,183.0
MAC000034,Std,2013-08-20 23:30:00,89.0
MAC000034,Std,2013-08-21 00:00:00,96.0
MAC000034,Std,2013-08-21 00:30:00,69.0
MAC000034,Std,2013-08-21 01:00:00,68.0
MAC000034,Std,2013-08-21 01:30:00,56.0
MAC000034,Std,2013-08-21 02:00:00,97.0
MAC000034,Std,2013-08-21 02:30:00,84.0
MAC000034,Std,2013-08-21 03:00:00,76.0
MAC000034,Std,2013-08-21 03:30:00,97.0
MAC000034,Std,2013-08-21 04:00:00,58.0
MAC000034,Std,2013-08-21 04:30:00,58.0
MAC000034,Std,2013-08-21 05:00:00,68.0
MAC000034,Std,2013-08-21 05:30:00,92.0
MAC000034,Std,2013-08-21 06:00:00,83.0
MAC000034,Std,2013-08-21 06:30:00,83.0
MAC000034,Std,2013-08-21 07:00:00,66.0
MAC000034,Std,2013-08-21 07:30:00,45.0
MAC000034,Std,2013-08-21 08:00:00,95.0
MAC000034,Std,2013-08-21 08:30:00,63.0
MAC000034,Std,2013-08-21 09:00:00,110.0
MAC000034,Std,2013-08-21 09:30:00,134.0
MAC000034,Std,2013-08-21 10:00:00,125.0
MAC000034,Std,2013-08-21 10:30:00,153.0
MAC000034,Std,2013-08-21 11:00:00,221.0
MAC000034,Std,2013-08-21 11:30:00,155.0
MAC000034,Std,2013-08-21 12:00:00,190.0
MAC000034,Std,2013-08-21 12:30:00,290.0
MAC000034,Std,2013-08-21 13:00:00,133.0
MAC000034,Std,2013-08-21 13:30:00,97.0
MAC000034,Std,2013-08-21 14:00:00,123.0
MAC000034,Std,2013-08-21 14:30:00,64.0
MAC000034,Std,2013-08-21 15:00:00,98.0
MAC000034,Std,2013-08-21 15:30:00,176.0
MAC000034,Std,2013-08-21 16:00:00,80.0
MAC000034,Std,2013-08-21 16:30:00,178.0
MAC000034,Std,2013-08-21 17:00:00,68.0
MAC000034,Std,2013-08-21 17:30:00,191.0
MAC000034,Std,2013-08-21 18:00:00,92.0
MAC000034,Std,2013-08-21 18:30:00,141.0
MAC000034,Std,2013-08-21 19:00:00,176.0
MAC000034,Std,2013-08-21 19:30:00,172.0
MAC000034,Std,2013-08-21 20:00:00,174.0
MAC000034,Std,2013-08-21 20:30:00,122.0
MAC000034,Std,2013-08-21 21:00:00,124.0
MAC000034,Std,2013-08-21 21:30:00,222.0
MAC000034,Std,2013-08-21 22:00:00,203.0
MAC000034,Std,2013-08-21 22:30:00,202.0
MAC000034,Std,2013-08-21 23:00:00,168.0
MAC000034,Std,2013-08-21 23:30:00,117.0
MAC000034,Std,2013-08-22 00:00:00,35.0
MAC000034,Std,2013-08-22 00:30:00,59.0
MAC000034,Std,2013-08-22 01:00:00,46.0
MAC000034,Std,2013-08-22 01:30:00,46.0
MAC000034,Std,2013-08-22 02:00:00,58.0
MAC000034,Std,2013-08-22 02:30:00,36.0
MAC000034,Std,2013-08-22 03:00:00,64.0
MAC000034,Std,2013-08-22 03:30:00,54.0
MAC000034,Std,2013-08-22 04:00:00,93.0
MAC000034,Std,2013-08-22 04:30:00,70.0
MAC000034,Std,2013-08-22 05:00:00,88.0
MAC000034,Std,2013-08-22 05:30:00,76.0
MAC000034,Std,2013-08-22 06:00:00,74.0
MAC000034,Std,2013-08-22 06:30:00,90.0
MAC000034,Std,2013-08-22 07:00:00,108.0
MAC000034,Std,2013-08-22 07:30:00,56.0
MAC000034,Std,2013-08-22 08:00:00,23.0
MAC000034,Std,2013-08-22 08:30:00,211.0
MAC000034,Std,2013-08-22 09:00:00,117.0
MAC000034,Std,2013-08-22 09:30:00,138.0
MAC000034,Std,2013-08-22 10:00:00,151.0
MAC000034,Std,2013-08-22 10:30:00,147.0
MAC000034,Std,2013-08-22 11:00:00,234.0
MAC000034,Std,2013-08-22 11:30:00,259.0
MAC000034,Std,2013-08-22 12:00:00,163.0
MAC000034,Std,2013-08-22 12:30:00,1404.0
MAC000034,Std,2013-08-22 13:00:00,175.0
MAC000034,Std,2013-08-22 13:30:00,118.0
MAC000034,Std,2013-08-22 14:00:00,71.0
MAC000034,Std,2013-08-22 14:30:00,151.0
MAC000034,Std,2013-08-22 15:00:00,131.0
MAC000034,Std,2013-08-22 15:30:00,166.0
MAC000034,Std,2013-08-22 16:00:00,111.0
MAC000034,Std,2013-08-22 16:30:00,245.0
MAC000034,Std,2013-08-22 17:00:00,156.0
MAC000034,Std,2013-08-22 17:30:00,165.0
MAC000034,Std,2013-08-22 18:00:00,180.0
MAC000034,Std,2013-08-22 18:30:00,195.0
MAC000034,Std,2013-08-22 19:00:00,171.0
MAC000034,Std,2013-08-22 19:30:00,212.0
MAC000034,Std,2013-08-22 20:00:00,169.0
MAC000034,Std,2013-08-22 20:30:00,187.0
MAC000034,Std,2013-08-22 21:00:00,154.0
MAC000034,Std,2013-08-22 21:30:00,188.0
MAC000034,Std,2013-08-22 22:00:00,159.0
MAC000034,Std,2013-08-22 22:30:00,179.0
MAC000034,Std,2013-08-22 23:00:00,177.0
MAC000034,Std,2013-08-22 23:30:00,122.0
MAC000034,Std,2013-08-23 00:00:00,106.0
MAC000034,Std,2013-08-23 00:30:00,68.0
MAC000034,Std,2013-08-23 01:00:00,105.0
MAC000034,Std,2013-08-23 01:30:00,79.0
MAC000034,Std,2013-08-23 02:00:00,93.0
MAC000034,Std,2013-08-23 02:30:00,92.0
MAC000034,Std,2013-08-23 03:00:00,78.0
MAC000034,Std,2013-08-23 03:30:00,128.0
MAC000034,Std,2013-08-23 04:00:00,96.0
MAC000034,Std,2013-08-23 04:30:00,131.0
MAC000034,Std,2013-08-23 05:00:00,103.0
MAC000034,Std,2013-08-23 05:30:00,124.0
MAC000034,Std,2013-08-23 06:00:00,116.0
MAC000034,Std,2013-08-23 06:30:00,108.0
MAC000034,Std,2013-08-23 07:00:00,103.0
MAC000034,Std,2013-08-23 07:30:00,62.0
MAC000034,Std,2013-08-23 08:00:00,97.0
MAC000034,Std,2013-08-23 08:30:00,65.0
MAC000034,Std,2013-08-23 09:00:00,137.0
MAC000034,Std,2013-08-23 09:30:00,132.0
MAC000034,Std,2013-08-23 10:00:00,143.0
MAC000034,Std,2013-08-23 10:30:00,138.0
MAC000034,Std,2013-08-23 11:00:00,223.0
MAC000034,Std,2013-08-23 11:30:00,175.0
MAC000034,Std,2013-08-23 12:00:00,122.0
MAC000034,Std,2013-08-23 12:30:00,153.0
MAC000034,Std,2013-08-23 13:00:00,115.0
MAC000034,Std,2013-08-23 13:30:00,158.0
MAC000034,Std,2013-08-23 14:00:00,126.0
MAC000034,Std,2013-08-23 14:30:00,142.0
MAC000034,Std,2013-08-23 15:00:00,150.0
MAC000034,Std,2013-08-23 15:30:00,115.0
MAC000034,Std,2013-08-23 16:00:00,101.0
MAC000034,Std,2013-08-23 16:30:00,95.0
MAC000034,Std,2013-08-23 17:00:00,161.0
MAC000034,Std,2013-08-23 17:30:00,128.0
MAC000034,Std,2013-08-23 18:00:00,152.0
MAC000034,Std,2013-08-23 18:30:00,136.0
MAC000034,Std,2013-08-23 19:00:00,151.0
MAC000034,Std,2013-08-23 19:30:00,160.0
MAC000034,Std,2013-08-23 20:00:00,130.0
MAC000034,Std,2013-08-23 20:30:00,204.0
MAC000034,Std,2013-08-23 21:00:00,142.0
MAC000034,Std,2013-08-23 21:30:00,180.0
MAC000034,Std,2013-08-23 22:00:00,156.0
MAC000034,Std,2013-08-23 22:30:00,171.0
MAC000034,Std,2013-08-23 23:00:00,163.0
MAC000034,Std,2013-08-23 23:30:00,111.0
MAC000034,Std,2013-08-24 00:00:00,100.0
MAC000034,Std,2013-08-24 00:30:00,70.0
MAC000034,Std,2013-08-24 01:00:00,103.0
MAC000034,Std,2013-08-24 01:30:00,67.0
MAC000034,Std,2013-08-24 02:00:00,107.0
MAC000034,Std,2013-08-24 02:30:00,81.0
MAC000034,Std,2013-08-24 03:00:00,93.0
MAC000034,Std,2013-08-24 03:30:00,86.0
MAC000034,Std,2013-08-24 04:00:00,81.0
MAC000034,Std,2013-08-24 04:30:00,95.0
MAC000034,Std,2013-08-24 05:00:00,78.0
MAC000034,Std,2013-08-24 05:30:00,101.0
MAC000034,Std,2013-08-24 06:00:00,64.0
MAC000034,Std,2013-08-24 06:30:00,102.0
MAC000034,Std,2013-08-24 07:00:00,67.0
MAC000034,Std,2013-08-24 07:30:00,91.0
MAC000034,Std,2013-08-24 08:00:00,80.0
MAC000034,Std,2013-08-24 08:30:00,79.0
MAC000034,Std,2013-08-24 09:00:00,101.0
MAC000034,Std,2013-08-24 09:30:00,119.0
MAC000034,Std,2013-08-24 10:00:00,158.0
MAC000034,Std,2013-08-24 10:30:00,135.0
MAC000034,Std,2013-08-24 11:00:00,159.0
MAC000034,Std,2013-08-24 11:30:00,225.0
MAC000034,Std,2013-08-24 12:00:00,155.0
MAC000034,Std,2013-08-24 12:30:00,99.0
MAC000034,Std,2013-08-24 13:00:00,64.0
MAC000034,Std,2013-08-24 13:30:00,158.0
MAC000034,Std,2013-08-24 14:00:00,130.0
MAC000034,Std,2013-08-24 14:30:00,195.0
MAC000034,Std,2013-08-24 15:00:00,147.0
MAC000034,Std,2013-08-24 15:30:00,134.0
MAC000034,Std,2013-08-24 16:00:00,159.0
MAC000034,Std,2013-08-24 16:30:00,81.0
MAC000034,Std,2013-08-24 17:00:00,98.0
MAC000034,Std,2013-08-24 17:30:00,68.0
MAC000034,Std,2013-08-24 18:00:00,217.0
MAC000034,Std,2013-08-24 18:30:00,149.0
MAC000034,Std,2013-08-24 19:00:00,156.0
MAC000034,Std,2013-08-24 19:30:00,224.0
MAC000034,Std,2013-08-24 20:00:00,198.0
MAC000034,Std,2013-08-24 20:30:00,168.0
MAC000034,Std,2013-08-24 21:00:00,149.0
MAC000034,Std,2013-08-24 21:30:00,157.0
MAC000034,Std,2013-08-24 22:00:00,165.0
MAC000034,Std,2013-08-24 22:30:00,143.0
MAC000034,Std,2013-08-24 23:00:00,172.0
MAC000034,Std,2013-08-24 23:30:00,123.0
MAC000034,Std,2013-08-25 00:00:00,103.0
MAC000034,Std,2013-08-25 00:30:00,72.0
MAC000034,Std,2013-08-25 01:00:00,96.0
MAC000034,Std,2013-08-25 01:30:00,83.0
MAC000034,Std,2013-08-25 02:00:00,85.0
MAC000034,Std,2013-08-25 02:30:00,91.0
MAC000034,Std,2013-08-25 03:00:00,72.0
MAC000034,Std,2013-08-25 03:30:00,100.0
MAC000034,Std,2013-08-25 04:00:00,63.0
MAC000034,Std,2013-08-25 04:30:00,99.0
MAC000034,Std,2013-08-25 05:00:00,50.0
MAC000034,Std,2013-08-25 05:30:00,99.0
MAC000034,Std,2013-08-25 06:00:00,68.0
MAC000034,Std,2013-08-25 06:30:00,81.0
MAC000034,Std,2013-08-25 07:00:00,76.0
MAC000034,Std,2013-08-25 07:30:00,80.0
MAC000034,Std,2013-08-25 08:00:00,71.0
MAC000034,Std,2013-08-25 08:30:00,117.0
MAC000034,Std,2013-08-25 09:00:00,164.0
MAC000034,Std,2013-08-25 09:30:00,113.0
MAC000034,Std,2013-08-25 10:00:00,253.0
MAC000034,Std,2013-08-25 10:30:00,122.0
MAC000034,Std,2013-08-25 11:00:00,152.0
MAC000034,Std,2013-08-25 11:30:00,112.0
MAC000034,Std,2013-08-25 12:00:00,216.0
MAC000034,Std,2013-08-25 12:30:00,194.0
MAC000034,Std,2013-08-25 13:00:00,77.0
MAC000034,Std,2013-08-25 13:30:00,114.0
MAC000034,Std,2013-08-25 14:00:00,87.0
MAC000034,Std,2013-08-25 14:30:00,119.0
MAC000034,Std,2013-08-25 15:00:00,225.0
MAC000034,Std,2013-08-25 15:30:00,184.0
MAC000034,Std,2013-08-25 16:00:00,97.0
MAC000034,Std,2013-08-25 16:30:00,97.0
MAC000034,Std,2013-08-25 17:00:00,101.0
MAC000034,Std,2013-08-25 17:30:00,150.0
MAC000034,Std,2013-08-25 18:00:00,215.0
MAC000034,Std,2013-08-25 18:30:00,220.0
MAC000034,Std,2013-08-25 19:00:00,268.0
MAC000034,Std,2013-08-25 19:30:00,204.0
MAC000034,Std,2013-08-25 20:00:00,248.0
MAC000034,Std,2013-08-25 20:30:00,238.0
MAC000034,Std,2013-08-25 21:00:00,223.0
MAC000034,Std,2013-08-25 21:30:00,241.0
MAC000034,Std,2013-08-25 22:00:00,173.0
MAC000034,Std,2013-08-25 22:30:00,155.0
MAC000034,Std,2013-08-25 23:00:00,116.0
MAC000034,Std,2013-08-25 23:30:00,96.0
MAC000034,Std,2013-08-26 00:00:00,85.0
MAC000034,Std,2013-08-26 00:00:00,85.0
MAC000034,Std,2013-08-26 00:30:00,89.0
MAC000034,Std,2013-08-26 01:00:00,93.0
MAC000034,Std,2013-08-26 01:30:00,81.0
MAC000034,Std,2013-08-26 02:00:00,100.0
MAC000034,Std,2013-08-26 02:30:00,72.0
MAC000034,Std,2013-08-26 03:00:00,105.0
MAC000034,Std,2013-08-26 03:30:00,68.0
MAC000034,Std,2013-08-26 04:00:00,105.0
MAC000034,Std,2013-08-26 04:30:00,67.0
MAC000034,Std,2013-08-26 05:00:00,105.0
MAC000034,Std,2013-08-26 05:30:00,69.0
MAC000034,Std,2013-08-26 06:00:00,150.0
MAC000034,Std,2013-08-26 06:30:00,76.0
MAC000034,Std,2013-08-26 07:00:00,90.0
MAC000034,Std,2013-08-26 07:30:00,76.0
MAC000034,Std,2013-08-26 08:00:00,88.0
MAC000034,Std,2013-08-26 08:30:00,202.0
MAC000034,Std,2013-08-26 09:00:00,100.0
MAC000034,Std,2013-08-26 09:30:00,156.0
MAC000034,Std,2013-08-26 10:00:00,118.0
MAC000034,Std,2013-08-26 10:30:00,167.0
MAC000034,Std,2013-08-26 11:00:00,1388.0
MAC000034,Std,2013-08-26 11:30:00,141.0
MAC000034,Std,2013-08-26 12:00:00,117.0
MAC000034,Std,2013-08-26 12:30:00,170.0
MAC000034,Std,2013-08-26 13:00:00,168.0
MAC000034,Std,2013-08-26 13:30:00,68.0
MAC000034,Std,2013-08-26 14:00:00,186.0
MAC000034,Std,2013-08-26 14:30:00,113.0
MAC000034,Std,2013-08-26 15:00:00,151.0
MAC000034,Std,2013-08-26 15:30:00,71.0
MAC000034,Std,2013-08-26 16:00:00,179.0
MAC000034,Std,2013-08-26 16:30:00,82.0
MAC000034,Std,2013-08-26 17:00:00,80.0
MAC000034,Std,2013-08-26 17:30:00,98.0
MAC000034,Std,2013-08-26 18:00:00,132.0
MAC000034,Std,2013-08-26 18:30:00,199.0
MAC000034,Std,2013-08-26 19:00:00,113.0
MAC000034,Std,2013-08-26 19:30:00,161.0
MAC000034,Std,2013-08-26 20:00:00,142.0
MAC000034,Std,2013-08-26 20:30:00,191.0
MAC000034,Std,2013-08-26 21:00:00,166.0
MAC000034,Std,2013-08-26 21:30:00,198.0
MAC000034,Std,2013-08-26 22:00:00,174.0
MAC000034,Std,2013-08-26 22:30:00,139.0
MAC000034,Std,2013-08-26 23:00:00,77.0
MAC000034,Std,2013-08-26 23:30:00,86.0
MAC000034,Std,2013-08-27 00:00:00,84.0
MAC000034,Std,2013-08-27 00:30:00,83.0
MAC000034,Std,2013-08-27 01:00:00,88.0
MAC000034,Std,2013-08-27 01:30:00,78.0
MAC000034,Std,2013-08-27 02:00:00,90.0
MAC000034,Std,2013-08-27 02:30:00,74.0
MAC000034,Std,2013-08-27 03:00:00,94.0
MAC000034,Std,2013-08-27 03:30:00,70.0
MAC000034,Std,2013-08-27 04:00:00,96.0
MAC000034,Std,2013-08-27 04:30:00,67.0
MAC000034,Std,2013-08-27 05:00:00,98.0
MAC000034,Std,2013-08-27 05:30:00,70.0
MAC000034,Std,2013-08-27 06:00:00,99.0
MAC000034,Std,2013-08-27 06:30:00,62.0
MAC000034,Std,2013-08-27 07:00:00,97.0
MAC000034,Std,2013-08-27 07:30:00,59.0
MAC000034,Std,2013-08-27 08:00:00,96.0
MAC000034,Std,2013-08-27 08:30:00,68.0
MAC000034,Std,2013-08-27 09:00:00,142.0
MAC000034,Std,2013-08-27 09:30:00,103.0
MAC000034,Std,2013-08-27 10:00:00,256.0
MAC000034,Std,2013-08-27 10:30:00,121.0
MAC000034,Std,2013-08-27 11:00:00,158.0
MAC000034,Std,2013-08-27 11:30:00,130.0
MAC000034,Std,2013-08-27 12:00:00,171.0
MAC000034,Std,2013-08-27 12:30:00,187.0
MAC000034,Std,2013-08-27 13:00:00,203.0
MAC000034,Std,2013-08-27 13:30:00,154.0
MAC000034,Std,2013-08-27 14:00:00,146.0
MAC000034,Std,2013-08-27 14:30:00,103.0
MAC000034,Std,2013-08-27 15:00:00,99.0
MAC000034,Std,2013-08-27 15:30:00,85.0
MAC000034,Std,2013-08-27 16:00:00,77.0
MAC000034,Std,2013-08-27 16:30:00,184.0
MAC000034,Std,2013-08-27 17:00:00,74.0
MAC000034,Std,2013-08-27 17:30:00,145.0
MAC000034,Std,2013-08-27 18:00:00,117.0
MAC000034,Std,2013-08-27 18:30:00,169.0
MAC000034,Std,2013-08-27 19:00:00,118.0
MAC000034,Std,2013-08-27 19:30:00,218.0
MAC000034,Std,2013-08-27 20:00:00,128.0
MAC000034,Std,2013-08-27 20:30:00,172.0
MAC000034,Std,2013-08-27 21:00:00,129.0
MAC000034,Std,2013-08-27 21:30:00,165.0
MAC000034,Std,2013-08-27 22:00:00,136.0
MAC000034,Std,2013-08-27 22:30:00,158.0
MAC000034,Std,2013-08-27 23:00:00,141.0
MAC000034,Std,2013-08-27 23:30:00,152.0
MAC000034,Std,2013-08-28 00:00:00,184.0
MAC000034,Std,2013-08-28 00:30:00,86.0
MAC000034,Std,2013-08-28 01:00:00,87.0
MAC000034,Std,2013-08-28 01:30:00,80.0
MAC000034,Std,2013-08-28 02:00:00,91.0
MAC000034,Std,2013-08-28 02:30:00,78.0
MAC000034,Std,2013-08-28 03:00:00,92.0
MAC000034,Std,2013-08-28 03:30:00,74.0
MAC000034,Std,2013-08-28 04:00:00,94.0
MAC000034,Std,2013-08-28 04:30:00,72.0
MAC000034,Std,2013-08-28 05:00:00,82.0
MAC000034,Std,2013-08-28 05:30:00,70.0
MAC000034,Std,2013-08-28 06:00:00,96.0
MAC000034,Std,2013-08-28 06:30:00,68.0
MAC000034,Std,2013-08-28 07:00:00,94.0
MAC000034,Std,2013-08-28 07:30:00,61.0
MAC000034,Std,2013-08-28 08:00:00,84.0
MAC000034,Std,2013-08-28 08:30:00,65.0
MAC000034,Std,2013-08-28 09:00:00,161.0
MAC000034,Std,2013-08-28 09:30:00,107.0
MAC000034,Std,2013-08-28 10:00:00,147.0
MAC000034,Std,2013-08-28 10:30:00,214.0
MAC000034,Std,2013-08-28 11:00:00,112.0
MAC000034,Std,2013-08-28 11:30:00,184.0
MAC000034,Std,2013-08-28 12:00:00,86.0
MAC000034,Std,2013-08-28 12:30:00,118.0
MAC000034,Std,2013-08-28 13:00:00,156.0
MAC000034,Std,2013-08-28 13:30:00,115.0
MAC000034,Std,2013-08-28 14:00:00,100.0
MAC000034,Std,2013-08-28 14:30:00,75.0
MAC000034,Std,2013-08-28 15:00:00,100.0
MAC000034,Std,2013-08-28 15:30:00,62.0
MAC000034,Std,2013-08-28 16:00:00,100.0
MAC000034,Std,2013-08-28 16:30:00,151.0
MAC000034,Std,2013-08-28 17:00:00,100.0
MAC000034,Std,2013-08-28 17:30:00,62.0
MAC000034,Std,2013-08-28 18:00:00,98.0
MAC000034,Std,2013-08-28 18:30:00,61.0
MAC000034,Std,2013-08-28 19:00:00,130.0
MAC000034,Std,2013-08-28 19:30:00,135.0
MAC000034,Std,2013-08-28 20:00:00,225.0
MAC000034,Std,2013-08-28 20:30:00,133.0
MAC000034,Std,2013-08-28 21:00:00,162.0
MAC000034,Std,2013-08-28 21:30:00,170.0
MAC000034,Std,2013-08-28 22:00:00,233.0
MAC000034,Std,2013-08-28 22:30:00,183.0
MAC000034,Std,2013-08-28 23:00:00,188.0
MAC000034,Std,2013-08-28 23:30:00,181.0
MAC000034,Std,2013-08-29 00:00:00,87.0
MAC000034,Std,2013-08-29 00:30:00,93.0
MAC000034,Std,2013-08-29 01:00:00,79.0
MAC000034,Std,2013-08-29 01:30:00,94.0
MAC000034,Std,2013-08-29 02:00:00,77.0
MAC000034,Std,2013-08-29 02:30:00,96.0
MAC000034,Std,2013-08-29 03:00:00,73.0
MAC000034,Std,2013-08-29 03:30:00,97.0
MAC000034,Std,2013-08-29 04:00:00,84.0
MAC000034,Std,2013-08-29 04:30:00,84.0
MAC000034,Std,2013-08-29 05:00:00,69.0
MAC000034,Std,2013-08-29 05:30:00,99.0
MAC000034,Std,2013-08-29 06:00:00,68.0
MAC000034,Std,2013-08-29 06:30:00,85.0
MAC000034,Std,2013-08-29 07:00:00,65.0
MAC000034,Std,2013-08-29 07:30:00,96.0
MAC000034,Std,2013-08-29 08:00:00,64.0
MAC000034,Std,2013-08-29 08:30:00,86.0
MAC000034,Std,2013-08-29 09:00:00,129.0
MAC000034,Std,2013-08-29 09:30:00,249.0
MAC000034,Std,2013-08-29 10:00:00,116.0
MAC000034,Std,2013-08-29 10:30:00,145.0
MAC000034,Std,2013-08-29 11:00:00,130.0
MAC000034,Std,2013-08-29 11:30:00,170.0
MAC000034,Std,2013-08-29 12:00:00,325.0
MAC000034,Std,2013-08-29 12:30:00,178.0
MAC000034,Std,2013-08-29 13:00:00,109.0
MAC000034,Std,2013-08-29 13:30:00,90.0
MAC000034,Std,2013-08-29 14:00:00,100.0
MAC000034,Std,2013-08-29 14:30:00,89.0
MAC000034,Std,2013-08-29 15:00:00,115.0
MAC000034,Std,2013-08-29 15:30:00,69.0
MAC000034,Std,2013-08-29 16:00:00,248.0
MAC000034,Std,2013-08-29 16:30:00,126.0
MAC000034,Std,2013-08-29 17:00:00,551.0
MAC000034,Std,2013-08-29 17:30:00,276.0
MAC000034,Std,2013-08-29 18:00:00,110.0
MAC000034,Std,2013-08-29 18:30:00,172.0
MAC000034,Std,2013-08-29 19:00:00,202.0
MAC000034,Std,2013-08-29 19:30:00,160.0
MAC000034,Std,2013-08-29 20:00:00,177.0
MAC000034,Std,2013-08-29 20:30:00,330.0
MAC000034,Std,2013-08-29 21:00:00,252.0
MAC000034,Std,2013-08-29 21:30:00,214.0
MAC000034,Std,2013-08-29 22:00:00,191.0
MAC000034,Std,2013-08-29 22:30:00,188.0
MAC000034,Std,2013-08-29 23:00:00,143.0
MAC000034,Std,2013-08-29 23:30:00,162.0
MAC000034,Std,2013-08-30 00:00:00,73.0
MAC000034,Std,2013-08-30 00:30:00,107.0
MAC000034,Std,2013-08-30 01:00:00,77.0
MAC000034,Std,2013-08-30 01:30:00,101.0
MAC000034,Std,2013-08-30 02:00:00,79.0
MAC000034,Std,2013-08-30 02:30:00,97.0
MAC000034,Std,2013-08-30 03:00:00,82.0
MAC000034,Std,2013-08-30 03:30:00,93.0
MAC000034,Std,2013-08-30 04:00:00,74.0
MAC000034,Std,2013-08-30 04:30:00,90.0
MAC000034,Std,2013-08-30 05:00:00,87.0
MAC000034,Std,2013-08-30 05:30:00,135.0
MAC000034,Std,2013-08-30 06:00:00,94.0
MAC000034,Std,2013-08-30 06:30:00,76.0
MAC000034,Std,2013-08-30 07:00:00,91.0
MAC000034,Std,2013-08-30 07:30:00,150.0
MAC000034,Std,2013-08-30 08:00:00,140.0
MAC000034,Std,2013-08-30 08:30:00,131.0
MAC000034,Std,2013-08-30 09:00:00,153.0
MAC000034,Std,2013-08-30 09:30:00,920.0
MAC000034,Std,2013-08-30 10:00:00,609.0
MAC000034,Std,2013-08-30 10:30:00,106.0
MAC000034,Std,2013-08-30 11:00:00,102.0
MAC000034,Std,2013-08-30 11:30:00,62.0
MAC000034,Std,2013-08-30 12:00:00,102.0
MAC000034,Std,2013-08-30 12:30:00,63.0
MAC000034,Std,2013-08-30 13:00:00,199.0
MAC000034,Std,2013-08-30 13:30:00,148.0
MAC000034,Std,2013-08-30 14:00:00,75.0
MAC000034,Std,2013-08-30 14:30:00,104.0
MAC000034,Std,2013-08-30 15:00:00,70.0
MAC000034,Std,2013-08-30 15:30:00,101.0
MAC000034,Std,2013-08-30 16:00:00,175.0
MAC000034,Std,2013-08-30 16:30:00,103.0
MAC000034,Std,2013-08-30 17:00:00,67.0
MAC000034,Std,2013-08-30 17:30:00,156.0
MAC000034,Std,2013-08-30 18:00:00,118.0
MAC000034,Std,2013-08-30 18:30:00,163.0
MAC000034,Std,2013-08-30 19:00:00,121.0
MAC000034,Std,2013-08-30 19:30:00,173.0
MAC000034,Std,2013-08-30 20:00:00,138.0
MAC000034,Std,2013-08-30 20:30:00,172.0
MAC000034,Std,2013-08-30 21:00:00,167.0
MAC000034,Std,2013-08-30 21:30:00,187.0
MAC000034,Std,2013-08-30 22:00:00,152.0
MAC000034,Std,2013-08-30 22:30:00,208.0
MAC000034,Std,2013-08-30 23:00:00,178.0
MAC000034,Std,2013-08-30 23:30:00,198.0
MAC000034,Std,2013-08-31 00:00:00,147.0
MAC000034,Std,2013-08-31 00:30:00,104.0
MAC000034,Std,2013-08-31 01:00:00,70.0
MAC000034,Std,2013-08-31 01:30:00,101.0
MAC000034,Std,2013-08-31 02:00:00,71.0
MAC000034,Std,2013-08-31 02:30:00,105.0
MAC000034,Std,2013-08-31 03:00:00,97.0
MAC000034,Std,2013-08-31 03:30:00,93.0
MAC000034,Std,2013-08-31 04:00:00,75.0
MAC000034,Std,2013-08-31 04:30:00,90.0
MAC000034,Std,2013-08-31 05:00:00,78.0
MAC000034,Std,2013-08-31 05:30:00,87.0
MAC000034,Std,2013-08-31 06:00:00,82.0
MAC000034,Std,2013-08-31 06:30:00,81.0
MAC000034,Std,2013-08-31 07:00:00,83.0
MAC000034,Std,2013-08-31 07:30:00,63.0
MAC000034,Std,2013-08-31 08:00:00,87.0
MAC000034,Std,2013-08-31 08:30:00,66.0
MAC000034,Std,2013-08-31 09:00:00,116.0
MAC000034,Std,2013-08-31 09:30:00,157.0
MAC000034,Std,2013-08-31 10:00:00,152.0
MAC000034,Std,2013-08-31 10:30:00,147.0
MAC000034,Std,2013-08-31 11:00:00,129.0
MAC000034,Std,2013-08-31 11:30:00,62.0
MAC000034,Std,2013-08-31 12:00:00,102.0
MAC000034,Std,2013-08-31 12:30:00,50.0
MAC000034,Std,2013-08-31 13:00:00,102.0
MAC000034,Std,2013-08-31 13:30:00,60.0
MAC000034,Std,2013-08-31 14:00:00,95.0
MAC000034,Std,2013-08-31 14:30:00,65.0
MAC000034,Std,2013-08-31 15:00:00,89.0
MAC000034,Std,2013-08-31 15:30:00,71.0
MAC000034,Std,2013-08-31 16:00:00,83.0
MAC000034,Std,2013-08-31 16:30:00,78.0
MAC000034,Std,2013-08-31 17:00:00,77.0
MAC000034,Std,2013-08-31 17:30:00,83.0
MAC000034,Std,2013-08-31 18:00:00,82.0
MAC000034,Std,2013-08-31 18:30:00,138.0
MAC000034,Std,2013-08-31 19:00:00,164.0
MAC000034,Std,2013-08-31 19:30:00,187.0
MAC000034,Std,2013-08-31 20:00:00,174.0
MAC000034,Std,2013-08-31 20:30:00,209.0
MAC000034,Std,2013-08-31 21:00:00,153.0
MAC000034,Std,2013-08-31 21:30:00,166.0
MAC000034,Std,2013-08-31 22:00:00,138.0
MAC000034,Std,2013-08-31 22:30:00,171.0
MAC000034,Std,2013-08-31 23:00:00,135.0
MAC000034,Std,2013-08-31 23:30:00,243.0
MAC000034,Std,2013-09-01 00:00:00,127.0
MAC000034,Std,2013-09-01 00:30:00,105.0
MAC000034,Std,2013-09-01 01:00:00,66.0
MAC000034,Std,2013-09-01 01:30:00,104.0
MAC000034,Std,2013-09-01 02:00:00,52.0
MAC000034,Std,2013-09-01 02:30:00,103.0
MAC000034,Std,2013-09-01 03:00:00,65.0
MAC000034,Std,2013-09-01 03:30:00,94.0
MAC000034,Std,2013-09-01 04:00:00,60.0
MAC000034,Std,2013-09-01 04:30:00,87.0
MAC000034,Std,2013-09-01 05:00:00,68.0
MAC000034,Std,2013-09-01 05:30:00,78.0
MAC000034,Std,2013-09-01 06:00:00,77.0
MAC000034,Std,2013-09-01 06:30:00,68.0
MAC000034,Std,2013-09-01 07:00:00,80.0
MAC000034,Std,2013-09-01 07:30:00,62.0
MAC000034,Std,2013-09-01 08:00:00,85.0
MAC000034,Std,2013-09-01 08:30:00,61.0
MAC000034,Std,2013-09-01 09:00:00,86.0
MAC000034,Std,2013-09-01 09:30:00,90.0
MAC000034,Std,2013-09-01 10:00:00,160.0
MAC000034,Std,2013-09-01 10:30:00,198.0
MAC000034,Std,2013-09-01 11:00:00,129.0
MAC000034,Std,2013-09-01 11:30:00,68.0
MAC000034,Std,2013-09-01 12:00:00,115.0
MAC000034,Std,2013-09-01 12:30:00,117.0
MAC000034,Std,2013-09-01 13:00:00,216.0
MAC000034,Std,2013-09-01 13:30:00,156.0
MAC000034,Std,2013-09-01 14:00:00,76.0
MAC000034,Std,2013-09-01 14:30:00,89.0
MAC000034,Std,2013-09-01 15:00:00,72.0
MAC000034,Std,2013-09-01 15:30:00,79.0
MAC000034,Std,2013-09-01 16:00:00,78.0
MAC000034,Std,2013-09-01 16:30:00,234.0
MAC000034,Std,2013-09-01 17:00:00,153.0
MAC000034,Std,2013-09-01 17:30:00,220.0
MAC000034,Std,2013-09-01 18:00:00,209.0
MAC000034,Std,2013-09-01 18:30:00,282.0
MAC000034,Std,2013-09-01 19:00:00,175.0
MAC000034,Std,2013-09-01 19:30:00,234.0
MAC000034,Std,2013-09-01 20:00:00,206.0
MAC000034,Std,2013-09-01 20:30:00,168.0
MAC000034,Std,2013-09-01 21:00:00,155.0
MAC000034,Std,2013-09-01 21:30:00,172.0
MAC000034,Std,2013-09-01 22:00:00,180.0
MAC000034,Std,2013-09-01 22:30:00,215.0
MAC000034,Std,2013-09-01 23:00:00,70.0
MAC000034,Std,2013-09-01 23:30:00,96.0
MAC000034,Std,2013-09-02 00:00:00,67.0
MAC000034,Std,2013-09-02 00:30:00,104.0
MAC000034,Std,2013-09-02 01:00:00,67.0
MAC000034,Std,2013-09-02 01:30:00,104.0
MAC000034,Std,2013-09-02 02:00:00,53.0
MAC000034,Std,2013-09-02 02:30:00,105.0
MAC000034,Std,2013-09-02 03:00:00,67.0
MAC000034,Std,2013-09-02 03:30:00,108.0
MAC000034,Std,2013-09-02 04:00:00,53.0
MAC000034,Std,2013-09-02 04:30:00,99.0
MAC000034,Std,2013-09-02 05:00:00,67.0
MAC000034,Std,2013-09-02 05:30:00,84.0
MAC000034,Std,2013-09-02 06:00:00,79.0
MAC000034,Std,2013-09-02 06:30:00,143.0
MAC000034,Std,2013-09-02 07:00:00,81.0
MAC000034,Std,2013-09-02 07:30:00,173.0
MAC000034,Std,2013-09-02 08:00:00,154.0
MAC000034,Std,2013-09-02 08:30:00,149.0
MAC000034,Std,2013-09-02 09:00:00,131.0
MAC000034,Std,2013-09-02 09:30:00,56.0
MAC000034,Std,2013-09-02 10:00:00,86.0
MAC000034,Std,2013-09-02 10:30:00,59.0
MAC000034,Std,2013-09-02 11:00:00,85.0
MAC000034,Std,2013-09-02 11:30:00,59.0
MAC000034,Std,2013-09-02 12:00:00,85.0
MAC000034,Std,2013-09-02 12:30:00,60.0
MAC000034,Std,2013-09-02 13:00:00,176.0
MAC000034,Std,2013-09-02 13:30:00,68.0
MAC000034,Std,2013-09-02 14:00:00,88.0
MAC000034,Std,2013-09-02 14:30:00,72.0
MAC000034,Std,2013-09-02 15:00:00,82.0
MAC000034,Std,2013-09-02 15:30:00,77.0
MAC000034,Std,2013-09-02 16:00:00,175.0
MAC000034,Std,2013-09-02 16:30:00,84.0
MAC000034,Std,2013-09-02 17:00:00,72.0
MAC000034,Std,2013-09-02 17:30:00,171.0
MAC000034,Std,2013-09-02 18:00:00,160.0
MAC000034,Std,2013-09-02 18:30:00,151.0
MAC000034,Std,2013-09-02 19:00:00,124.0
MAC000034,Std,2013-09-02 19:30:00,167.0
MAC000034,Std,2013-09-02 20:00:00,152.0
MAC000034,Std,2013-09-02 20:30:00,197.0
MAC000034,Std,2013-09-02 21:00:00,163.0
MAC000034,Std,2013-09-02 21:30:00,164.0
MAC000034,Std,2013-09-02 22:00:00,155.0
MAC000034,Std,2013-09-02 22:30:00,163.0
MAC000034,Std,2013-09-02 23:00:00,167.0
MAC000034,Std,2013-09-02 23:30:00,146.0
MAC000034,Std,2013-09-03 00:00:00,141.0
MAC000034,Std,2013-09-03 00:30:00,150.0
MAC000034,Std,2013-09-03 01:00:00,139.0
MAC000034,Std,2013-09-03 01:30:00,149.0
MAC000034,Std,2013-09-03 02:00:00,138.0
MAC000034,Std,2013-09-03 02:30:00,151.0
MAC000034,Std,2013-09-03 03:00:00,134.0
MAC000034,Std,2013-09-03 03:30:00,153.0
MAC000034,Std,2013-09-03 04:00:00,133.0
MAC000034,Std,2013-09-03 04:30:00,157.0
MAC000034,Std,2013-09-03 05:00:00,133.0
MAC000034,Std,2013-09-03 05:30:00,145.0
MAC000034,Std,2013-09-03 06:00:00,128.0
MAC000034,Std,2013-09-03 06:30:00,160.0
MAC000034,Std,2013-09-03 07:00:00,115.0
MAC000034,Std,2013-09-03 07:30:00,151.0
MAC000034,Std,2013-09-03 08:00:00,95.0
MAC000034,Std,2013-09-03 08:30:00,102.0
MAC000034,Std,2013-09-03 09:00:00,121.0
MAC000034,Std,2013-09-03 09:30:00,235.0
MAC000034,Std,2013-09-03 10:00:00,130.0
MAC000034,Std,2013-09-03 10:30:00,190.0
MAC000034,Std,2013-09-03 11:00:00,232.0
MAC000034,Std,2013-09-03 11:30:00,200.0
MAC000034,Std,2013-09-03 12:00:00,65.0
MAC000034,Std,2013-09-03 12:30:00,97.0
MAC000034,Std,2013-09-03 13:00:00,64.0
MAC000034,Std,2013-09-03 13:30:00,83.0
MAC000034,Std,2013-09-03 14:00:00,64.0
MAC000034,Std,2013-09-03 14:30:00,98.0
MAC000034,Std,2013-09-03 15:00:00,62.0
MAC000034,Std,2013-09-03 15:30:00,99.0
MAC000034,Std,2013-09-03 16:00:00,62.0
MAC000034,Std,2013-09-03 16:30:00,201.0
MAC000034,Std,2013-09-03 17:00:00,61.0
MAC000034,Std,2013-09-03 17:30:00,146.0
MAC000034,Std,2013-09-03 18:00:00,155.0
MAC000034,Std,2013-09-03 18:30:00,178.0
MAC000034,Std,2013-09-03 19:00:00,192.0
MAC000034,Std,2013-09-03 19:30:00,157.0
MAC000034,Std,2013-09-03 20:00:00,154.0
MAC000034,Std,2013-09-03 20:30:00,143.0
MAC000034,Std,2013-09-03 21:00:00,153.0
MAC000034,Std,2013-09-03 21:30:00,141.0
MAC000034,Std,2013-09-03 22:00:00,156.0
MAC000034,Std,2013-09-03 22:30:00,134.0
MAC000034,Std,2013-09-03 23:00:00,133.0
MAC000034,Std,2013-09-03 23:30:00,110.0
MAC000034,Std,2013-09-04 00:00:00,95.0
MAC000034,Std,2013-09-04 00:30:00,75.0
MAC000034,Std,2013-09-04 01:00:00,94.0
MAC000034,Std,2013-09-04 01:30:00,75.0
MAC000034,Std,2013-09-04 02:00:00,92.0
MAC000034,Std,2013-09-04 02:30:00,77.0
MAC000034,Std,2013-09-04 03:00:00,89.0
MAC000034,Std,2013-09-04 03:30:00,79.0
MAC000034,Std,2013-09-04 04:00:00,87.0
MAC000034,Std,2013-09-04 04:30:00,80.0
MAC000034,Std,2013-09-04 05:00:00,71.0
MAC000034,Std,2013-09-04 05:30:00,84.0
MAC000034,Std,2013-09-04 06:00:00,81.0
MAC000034,Std,2013-09-04 06:30:00,86.0
MAC000034,Std,2013-09-04 07:00:00,60.0
MAC000034,Std,2013-09-04 07:30:00,86.0
MAC000034,Std,2013-09-04 08:00:00,71.0
MAC000034,Std,2013-09-04 08:30:00,94.0
MAC000034,Std,2013-09-04 09:00:00,222.0
MAC000034,Std,2013-09-04 09:30:00,175.0
MAC000034,Std,2013-09-04 10:00:00,166.0
MAC000034,Std,2013-09-04 10:30:00,89.0
MAC000034,Std,2013-09-04 11:00:00,71.0
MAC000034,Std,2013-09-04 11:30:00,92.0
MAC000034,Std,2013-09-04 12:00:00,67.0
MAC000034,Std,2013-09-04 12:30:00,94.0
MAC000034,Std,2013-09-04 13:00:00,62.0
MAC000034,Std,2013-09-04 13:30:00,97.0
MAC000034,Std,2013-09-04 14:00:00,60.0
MAC000034,Std,2013-09-04 14:30:00,101.0
MAC000034,Std,2013-09-04 15:00:00,60.0
MAC000034,Std,2013-09-04 15:30:00,100.0
MAC000034,Std,2013-09-04 16:00:00,59.0
MAC000034,Std,2013-09-04 16:30:00,101.0
MAC000034,Std,2013-09-04 17:00:00,147.0
MAC000034,Std,2013-09-04 17:30:00,146.0
MAC000034,Std,2013-09-04 18:00:00,110.0
MAC000034,Std,2013-09-04 18:30:00,156.0
MAC000034,Std,2013-09-04 19:00:00,136.0
MAC000034,Std,2013-09-04 19:30:00,176.0
MAC000034,Std,2013-09-04 20:00:00,179.0
MAC000034,Std,2013-09-04 20:30:00,158.0
MAC000034,Std,2013-09-04 21:00:00,150.0
MAC000034,Std,2013-09-04 21:30:00,195.0
MAC000034,Std,2013-09-04 22:00:00,179.0
MAC000034,Std,2013-09-04 22:30:00,193.0
MAC000034,Std,2013-09-04 23:00:00,150.0
MAC000034,Std,2013-09-04 23:30:00,143.0
MAC000034,Std,2013-09-05 00:00:00,81.0
MAC000034,Std,2013-09-05 00:30:00,93.0
MAC000034,Std,2013-09-05 01:00:00,80.0
MAC000034,Std,2013-09-05 01:30:00,94.0
MAC000034,Std,2013-09-05 02:00:00,85.0
MAC000034,Std,2013-09-05 02:30:00,94.0
MAC000034,Std,2013-09-05 03:00:00,76.0
MAC000034,Std,2013-09-05 03:30:00,94.0
MAC000034,Std,2013-09-05 04:00:00,74.0
MAC000034,Std,2013-09-05 04:30:00,97.0
MAC000034,Std,2013-09-05 05:00:00,72.0
MAC000034,Std,2013-09-05 05:30:00,100.0
MAC000034,Std,2013-09-05 06:00:00,70.0
MAC000034,Std,2013-09-05 06:30:00,102.0
MAC000034,Std,2013-09-05 07:00:00,64.0
MAC000034,Std,2013-09-05 07:30:00,100.0
MAC000034,Std,2013-09-05 08:00:00,62.0
MAC000034,Std,2013-09-05 08:30:00,108.0
MAC000034,Std,2013-09-05 09:00:00,115.0
MAC000034,Std,2013-09-05 09:30:00,247.0
MAC000034,Std,2013-09-05 10:00:00,112.0
MAC000034,Std,2013-09-05 10:30:00,105.0
MAC000034,Std,2013-09-05 11:00:00,100.0
MAC000034,Std,2013-09-05 11:30:00,131.0
MAC000034,Std,2013-09-05 12:00:00,85.0
MAC000034,Std,2013-09-05 12:30:00,226.0
MAC000034,Std,2013-09-05 13:00:00,162.0
MAC000034,Std,2013-09-05 13:30:00,191.0
MAC000034,Std,2013-09-05 14:00:00,142.0
MAC000034,Std,2013-09-05 14:30:00,112.0
MAC000034,Std,2013-09-05 15:00:00,93.0
MAC000034,Std,2013-09-05 15:30:00,83.0
MAC000034,Std,2013-09-05 16:00:00,170.0
MAC000034,Std,2013-09-05 16:30:00,86.0
MAC000034,Std,2013-09-05 17:00:00,92.0
MAC000034,Std,2013-09-05 17:30:00,237.0
MAC000034,Std,2013-09-05 18:00:00,371.0
MAC000034,Std,2013-09-05 18:30:00,284.0
MAC000034,Std,2013-09-05 19:00:00,251.0
MAC000034,Std,2013-09-05 19:30:00,286.0
MAC000034,Std,2013-09-05 20:00:00,178.0
MAC000034,Std,2013-09-05 20:30:00,190.0
MAC000034,Std,2013-09-05 21:00:00,165.0
MAC000034,Std,2013-09-05 21:30:00,350.0
MAC000034,Std,2013-09-05 22:00:00,270.0
MAC000034,Std,2013-09-05 22:30:00,183.0
MAC000034,Std,2013-09-05 23:00:00,138.0
MAC000034,Std,2013-09-05 23:30:00,105.0
MAC000034,Std,2013-09-06 00:00:00,77.0
MAC000034,Std,2013-09-06 00:30:00,110.0
MAC000034,Std,2013-09-06 01:00:00,73.0
MAC000034,Std,2013-09-06 01:30:00,111.0
MAC000034,Std,2013-09-06 02:00:00,68.0
MAC000034,Std,2013-09-06 02:30:00,114.0
MAC000034,Std,2013-09-06 03:00:00,69.0
MAC000034,Std,2013-09-06 03:30:00,113.0
MAC000034,Std,2013-09-06 04:00:00,68.0
MAC000034,Std,2013-09-06 04:30:00,112.0
MAC000034,Std,2013-09-06 05:00:00,72.0
MAC000034,Std,2013-09-06 05:30:00,185.0
MAC000034,Std,2013-09-06 06:00:00,65.0
MAC000034,Std,2013-09-06 06:30:00,109.0
MAC000034,Std,2013-09-06 07:00:00,62.0
MAC000034,Std,2013-09-06 07:30:00,108.0
MAC000034,Std,2013-09-06 08:00:00,226.0
MAC000034,Std,2013-09-06 08:30:00,181.0
MAC000034,Std,2013-09-06 09:00:00,188.0
MAC000034,Std,2013-09-06 09:30:00,299.0
MAC000034,Std,2013-09-06 10:00:00,170.0
MAC000034,Std,2013-09-06 10:30:00,182.0
MAC000034,Std,2013-09-06 11:00:00,100.0
MAC000034,Std,2013-09-06 11:30:00,178.0
MAC000034,Std,2013-09-06 12:00:00,181.0
MAC000034,Std,2013-09-06 12:30:00,170.0
MAC000034,Std,2013-09-06 13:00:00,241.0
MAC000034,Std,2013-09-06 13:30:00,269.0
MAC000034,Std,2013-09-06 14:00:00,196.0
MAC000034,Std,2013-09-06 14:30:00,176.0
MAC000034,Std,2013-09-06 15:00:00,143.0
MAC000034,Std,2013-09-06 15:30:00,167.0
MAC000034,Std,2013-09-06 16:00:00,118.0
MAC000034,Std,2013-09-06 16:30:00,274.0
MAC000034,Std,2013-09-06 17:00:00,120.0
MAC000034,Std,2013-09-06 17:30:00,166.0
MAC000034,Std,2013-09-06 18:00:00,120.0
MAC000034,Std,2013-09-06 18:30:00,198.0
MAC000034,Std,2013-09-06 19:00:00,140.0
MAC000034,Std,2013-09-06 19:30:00,173.0
MAC000034,Std,2013-09-06 20:00:00,155.0
MAC000034,Std,2013-09-06 20:30:00,185.0
MAC000034,Std,2013-09-06 21:00:00,155.0
MAC000034,Std,2013-09-06 21:30:00,204.0
MAC000034,Std,2013-09-06 22:00:00,187.0
MAC000034,Std,2013-09-06 22:30:00,197.0
MAC000034,Std,2013-09-06 23:00:00,184.0
MAC000034,Std,2013-09-06 23:30:00,87.0
MAC000034,Std,2013-09-07 00:00:00,87.0
MAC000034,Std,2013-09-07 00:30:00,80.0
MAC000034,Std,2013-09-07 01:00:00,93.0
MAC000034,Std,2013-09-07 01:30:00,73.0
MAC000034,Std,2013-09-07 02:00:00,99.0
MAC000034,Std,2013-09-07 02:30:00,64.0
MAC000034,Std,2013-09-07 03:00:00,105.0
MAC000034,Std,2013-09-07 03:30:00,64.0
MAC000034,Std,2013-09-07 04:00:00,104.0
MAC000034,Std,2013-09-07 04:30:00,65.0
MAC000034,Std,2013-09-07 05:00:00,102.0
MAC000034,Std,2013-09-07 05:30:00,64.0
MAC000034,Std,2013-09-07 06:00:00,100.0
MAC000034,Std,2013-09-07 06:30:00,81.0
MAC000034,Std,2013-09-07 07:00:00,113.0
MAC000034,Std,2013-09-07 07:30:00,105.0
MAC000034,Std,2013-09-07 08:00:00,56.0
MAC000034,Std,2013-09-07 08:30:00,89.0
MAC000034,Std,2013-09-07 09:00:00,75.0
MAC000034,Std,2013-09-07 09:30:00,104.0
MAC000034,Std,2013-09-07 10:00:00,114.0
MAC000034,Std,2013-09-07 10:30:00,278.0
MAC000034,Std,2013-09-07 11:00:00,140.0
MAC000034,Std,2013-09-07 11:30:00,170.0
MAC000034,Std,2013-09-07 12:00:00,93.0
MAC000034,Std,2013-09-07 12:30:00,94.0
MAC000034,Std,2013-09-07 13:00:00,100.0
MAC000034,Std,2013-09-07 13:30:00,80.0
MAC000034,Std,2013-09-07 14:00:00,1801.0
MAC000034,Std,2013-09-07 14:30:00,129.0
MAC000034,Std,2013-09-07 15:00:00,129.0
MAC000034,Std,2013-09-07 15:30:00,122.0
MAC000034,Std,2013-09-07 16:00:00,106.0
MAC000034,Std,2013-09-07 16:30:00,48.0
MAC000034,Std,2013-09-07 17:00:00,208.0
MAC000034,Std,2013-09-07 17:30:00,114.0
MAC000034,Std,2013-09-07 18:00:00,154.0
MAC000034,Std,2013-09-07 18:30:00,106.0
MAC000034,Std,2013-09-07 19:00:00,192.0
MAC000034,Std,2013-09-07 19:30:00,164.0
MAC000034,Std,2013-09-07 20:00:00,202.0
MAC000034,Std,2013-09-07 20:30:00,171.0
MAC000034,Std,2013-09-07 21:00:00,200.0
MAC000034,Std,2013-09-07 21:30:00,165.0
MAC000034,Std,2013-09-07 22:00:00,179.0
MAC000034,Std,2013-09-07 22:30:00,156.0
MAC000034,Std,2013-09-07 23:00:00,124.0
MAC000034,Std,2013-09-07 23:30:00,118.0
MAC000034,Std,2013-09-08 00:00:00,65.0
MAC000034,Std,2013-09-08 00:30:00,92.0
MAC000034,Std,2013-09-08 01:00:00,59.0
MAC000034,Std,2013-09-08 01:30:00,98.0
MAC000034,Std,2013-09-08 02:00:00,50.0
MAC000034,Std,2013-09-08 02:30:00,103.0
MAC000034,Std,2013-09-08 03:00:00,50.0
MAC000034,Std,2013-09-08 03:30:00,75.0
MAC000034,Std,2013-09-08 04:00:00,73.0
MAC000034,Std,2013-09-08 04:30:00,66.0
MAC000034,Std,2013-09-08 05:00:00,79.0
MAC000034,Std,2013-09-08 05:30:00,51.0
MAC000034,Std,2013-09-08 06:00:00,103.0
MAC000034,Std,2013-09-08 06:30:00,50.0
MAC000034,Std,2013-09-08 07:00:00,84.0
MAC000034,Std,2013-09-08 07:30:00,48.0
MAC000034,Std,2013-09-08 08:00:00,75.0
MAC000034,Std,2013-09-08 08:30:00,72.0
MAC000034,Std,2013-09-08 09:00:00,62.0
MAC000034,Std,2013-09-08 09:30:00,144.0
MAC000034,Std,2013-09-08 10:00:00,111.0
MAC000034,Std,2013-09-08 10:30:00,147.0
MAC000034,Std,2013-09-08 11:00:00,104.0
MAC000034,Std,2013-09-08 11:30:00,241.0
MAC000034,Std,2013-09-08 12:00:00,107.0
MAC000034,Std,2013-09-08 12:30:00,136.0
MAC000034,Std,2013-09-08 13:00:00,131.0
MAC000034,Std,2013-09-08 13:30:00,116.0
MAC000034,Std,2013-09-08 14:00:00,147.0
MAC000034,Std,2013-09-08 14:30:00,164.0
MAC000034,Std,2013-09-08 15:00:00,169.0
MAC000034,Std,2013-09-08 15:30:00,84.0
MAC000034,Std,2013-09-08 16:00:00,204.0
MAC000034,Std,2013-09-08 16:30:00,117.0
MAC000034,Std,2013-09-08 17:00:00,151.0
MAC000034,Std,2013-09-08 17:30:00,90.0
MAC000034,Std,2013-09-08 18:00:00,54.0
MAC000034,Std,2013-09-08 18:30:00,120.0
MAC000034,Std,2013-09-08 19:00:00,153.0
MAC000034,Std,2013-09-08 19:30:00,224.0
MAC000034,Std,2013-09-08 20:00:00,134.0
MAC000034,Std,2013-09-08 20:30:00,164.0
MAC000034,Std,2013-09-08 21:00:00,140.0
MAC000034,Std,2013-09-08 21:30:00,163.0
MAC000034,Std,2013-09-08 22:00:00,155.0
MAC000034,Std,2013-09-08 22:30:00,180.0
MAC000034,Std,2013-09-08 23:00:00,155.0
MAC000034,Std,2013-09-08 23:30:00,194.0
MAC000034,Std,2013-09-09 00:00:00,85.0
MAC000034,Std,2013-09-09 00:30:00,52.0
MAC000034,Std,2013-09-09 01:00:00,89.0
MAC000034,Std,2013-09-09 01:30:00,51.0
MAC000034,Std,2013-09-09 02:00:00,88.0
MAC000034,Std,2013-09-09 02:30:00,54.0
MAC000034,Std,2013-09-09 03:00:00,76.0
MAC000034,Std,2013-09-09 03:30:00,74.0
MAC000034,Std,2013-09-09 04:00:00,53.0
MAC000034,Std,2013-09-09 04:30:00,87.0
MAC000034,Std,2013-09-09 05:00:00,53.0
MAC000034,Std,2013-09-09 05:30:00,88.0
MAC000034,Std,2013-09-09 06:00:00,52.0
MAC000034,Std,2013-09-09 06:30:00,78.0
MAC000034,Std,2013-09-09 07:00:00,59.0
MAC000034,Std,2013-09-09 07:30:00,52.0
MAC000034,Std,2013-09-09 08:00:00,92.0
MAC000034,Std,2013-09-09 08:30:00,116.0
MAC000034,Std,2013-09-09 09:00:00,253.0
MAC000034,Std,2013-09-09 09:30:00,140.0
MAC000034,Std,2013-09-09 10:00:00,269.0
MAC000034,Std,2013-09-09 10:30:00,218.0
MAC000034,Std,2013-09-09 11:00:00,116.0
MAC000034,Std,2013-09-09 11:30:00,67.0
MAC000034,Std,2013-09-09 12:00:00,52.0
MAC000034,Std,2013-09-09 12:30:00,82.0
MAC000034,Std,2013-09-09 13:00:00,49.0
MAC000034,Std,2013-09-09 13:30:00,85.0
MAC000034,Std,2013-09-09 14:00:00,51.0
MAC000034,Std,2013-09-09 14:30:00,85.0
MAC000034,Std,2013-09-09 15:00:00,61.0
MAC000034,Std,2013-09-09 15:30:00,64.0
MAC000034,Std,2013-09-09 16:00:00,70.0
MAC000034,Std,2013-09-09 16:30:00,68.0
MAC000034,Std,2013-09-09 17:00:00,138.0
MAC000034,Std,2013-09-09 17:30:00,116.0
MAC000034,Std,2013-09-09 18:00:00,256.0
MAC000034,Std,2013-09-09 18:30:00,117.0
MAC000034,Std,2013-09-09 19:00:00,150.0
MAC000034,Std,2013-09-09 19:30:00,146.0
MAC000034,Std,2013-09-09 20:00:00,170.0
MAC000034,Std,2013-09-09 20:30:00,179.0
MAC000034,Std,2013-09-09 21:00:00,174.0
MAC000034,Std,2013-09-09 21:30:00,200.0
MAC000034,Std,2013-09-09 22:00:00,172.0
MAC000034,Std,2013-09-09 22:30:00,198.0
MAC000034,Std,2013-09-09 23:00:00,197.0
MAC000034,Std,2013-09-09 23:30:00,743.0
MAC000034,Std,2013-09-10 00:00:00,83.0
MAC000034,Std,2013-09-10 00:30:00,78.0
MAC000034,Std,2013-09-10 01:00:00,66.0
MAC000034,Std,2013-09-10 01:30:00,63.0
MAC000034,Std,2013-09-10 02:00:00,79.0
MAC000034,Std,2013-09-10 02:30:00,54.0
MAC000034,Std,2013-09-10 03:00:00,89.0
MAC000034,Std,2013-09-10 03:30:00,56.0
MAC000034,Std,2013-09-10 04:00:00,92.0
MAC000034,Std,2013-09-10 04:30:00,52.0
MAC000034,Std,2013-09-10 05:00:00,73.0
MAC000034,Std,2013-09-10 05:30:00,69.0
MAC000034,Std,2013-09-10 06:00:00,50.0
MAC000034,Std,2013-09-10 06:30:00,86.0
MAC000034,Std,2013-09-10 07:00:00,49.0
MAC000034,Std,2013-09-10 07:30:00,82.0
MAC000034,Std,2013-09-10 08:00:00,48.0
MAC000034,Std,2013-09-10 08:30:00,67.0
MAC000034,Std,2013-09-10 09:00:00,63.0
MAC000034,Std,2013-09-10 09:30:00,73.0
MAC000034,Std,2013-09-10 10:00:00,228.0
MAC000034,Std,2013-09-10 10:30:00,118.0
MAC000034,Std,2013-09-10 11:00:00,166.0
MAC000034,Std,2013-09-10 11:30:00,133.0
MAC000034,Std,2013-09-10 12:00:00,142.0
MAC000034,Std,2013-09-10 12:30:00,124.0
MAC000034,Std,2013-09-10 13:00:00,107.0
MAC000034,Std,2013-09-10 13:30:00,137.0
MAC000034,Std,2013-09-10 14:00:00,103.0
MAC000034,Std,2013-09-10 14:30:00,183.0
MAC000034,Std,2013-09-10 15:00:00,79.0
MAC000034,Std,2013-09-10 15:30:00,89.0
MAC000034,Std,2013-09-10 16:00:00,69.0
MAC000034,Std,2013-09-10 16:30:00,191.0
MAC000034,Std,2013-09-10 17:00:00,143.0
MAC000034,Std,2013-09-10 17:30:00,112.0
MAC000034,Std,2013-09-10 18:00:00,152.0
MAC000034,Std,2013-09-10 18:30:00,148.0
MAC000034,Std,2013-09-10 19:00:00,213.0
MAC000034,Std,2013-09-10 19:30:00,131.0
MAC000034,Std,2013-09-10 20:00:00,194.0
MAC000034,Std,2013-09-10 20:30:00,132.0
MAC000034,Std,2013-09-10 21:00:00,222.0
MAC000034,Std,2013-09-10 21:30:00,204.0
MAC000034,Std,2013-09-10 22:00:00,241.0
MAC000034,Std,2013-09-10 22:30:00,214.0
MAC000034,Std,2013-09-10 23:00:00,246.0
MAC000034,Std,2013-09-10 23:30:00,417.0
MAC000034,Std,2013-09-11 00:00:00,55.0
MAC000034,Std,2013-09-11 00:30:00,102.0
MAC000034,Std,2013-09-11 01:00:00,54.0
MAC000034,Std,2013-09-11 01:30:00,92.0
MAC000034,Std,2013-09-11 02:00:00,52.0
MAC000034,Std,2013-09-11 02:30:00,84.0
MAC000034,Std,2013-09-11 03:00:00,57.0
MAC000034,Std,2013-09-11 03:30:00,69.0
MAC000034,Std,2013-09-11 04:00:00,71.0
MAC000034,Std,2013-09-11 04:30:00,52.0
MAC000034,Std,2013-09-11 05:00:00,89.0
MAC000034,Std,2013-09-11 05:30:00,52.0
MAC000034,Std,2013-09-11 06:00:00,87.0
MAC000034,Std,2013-09-11 06:30:00,52.0
MAC000034,Std,2013-09-11 07:00:00,73.0
MAC000034,Std,2013-09-11 07:30:00,60.0
MAC000034,Std,2013-09-11 08:00:00,55.0
MAC000034,Std,2013-09-11 08:30:00,118.0
MAC000034,Std,2013-09-11 09:00:00,110.0
MAC000034,Std,2013-09-11 09:30:00,146.0
MAC000034,Std,2013-09-11 10:00:00,205.0
MAC000034,Std,2013-09-11 10:30:00,136.0
MAC000034,Std,2013-09-11 11:00:00,114.0
MAC000034,Std,2013-09-11 11:30:00,127.0
MAC000034,Std,2013-09-11 12:00:00,115.0
MAC000034,Std,2013-09-11 12:30:00,80.0
MAC000034,Std,2013-09-11 13:00:00,123.0
MAC000034,Std,2013-09-11 13:30:00,119.0
MAC000034,Std,2013-09-11 14:00:00,150.0
MAC000034,Std,2013-09-11 14:30:00,139.0
MAC000034,Std,2013-09-11 15:00:00,77.0
MAC000034,Std,2013-09-11 15:30:00,69.0
MAC000034,Std,2013-09-11 16:00:00,56.0
MAC000034,Std,2013-09-11 16:30:00,91.0
MAC000034,Std,2013-09-11 17:00:00,200.0
MAC000034,Std,2013-09-11 17:30:00,152.0
MAC000034,Std,2013-09-11 18:00:00,113.0
MAC000034,Std,2013-09-11 18:30:00,149.0
MAC000034,Std,2013-09-11 19:00:00,135.0
MAC000034,Std,2013-09-11 19:30:00,158.0
MAC000034,Std,2013-09-11 20:00:00,130.0
MAC000034,Std,2013-09-11 20:30:00,161.0
MAC000034,Std,2013-09-11 21:00:00,147.0
MAC000034,Std,2013-09-11 21:30:00,151.0
MAC000034,Std,2013-09-11 22:00:00,157.0
MAC000034,Std,2013-09-11 22:30:00,453.0
MAC000034,Std,2013-09-11 23:00:00,92.0
MAC000034,Std,2013-09-11 23:30:00,53.0
MAC000034,Std,2013-09-12 00:00:00,98.0
MAC000034,Std,2013-09-12 00:30:00,50.0
MAC000034,Std,2013-09-12 01:00:00,98.0
MAC000034,Std,2013-09-12 01:30:00,57.0
MAC000034,Std,2013-09-12 02:00:00,70.0
MAC000034,Std,2013-09-12 02:30:00,84.0
MAC000034,Std,2013-09-12 03:00:00,51.0
MAC000034,Std,2013-09-12 03:30:00,93.0
MAC000034,Std,2013-09-12 04:00:00,61.0
MAC000034,Std,2013-09-12 04:30:00,79.0
MAC000034,Std,2013-09-12 05:00:00,63.0
MAC000034,Std,2013-09-12 05:30:00,58.0
MAC000034,Std,2013-09-12 06:00:00,99.0
MAC000034,Std,2013-09-12 06:30:00,52.0
MAC000034,Std,2013-09-12 07:00:00,87.0
MAC000034,Std,2013-09-12 07:30:00,50.0
MAC000034,Std,2013-09-12 08:00:00,68.0
MAC000034,Std,2013-09-12 08:30:00,126.0
MAC000034,Std,2013-09-12 09:00:00,115.0
MAC000034,Std,2013-09-12 09:30:00,148.0
MAC000034,Std,2013-09-12 10:00:00,205.0
MAC000034,Std,2013-09-12 10:30:00,142.0
MAC000034,Std,2013-09-12 11:00:00,139.0
MAC000034,Std,2013-09-12 11:30:00,140.0
MAC000034,Std,2013-09-12 12:00:00,187.0
MAC000034,Std,2013-09-12 12:30:00,126.0
MAC000034,Std,2013-09-12 13:00:00,149.0
MAC000034,Std,2013-09-12 13:30:00,144.0
MAC000034,Std,2013-09-12 14:00:00,177.0
MAC000034,Std,2013-09-12 14:30:00,117.0
MAC000034,Std,2013-09-12 15:00:00,139.0
MAC000034,Std,2013-09-12 15:30:00,90.0
MAC000034,Std,2013-09-12 16:00:00,72.0
MAC000034,Std,2013-09-12 16:30:00,76.0
MAC000034,Std,2013-09-12 17:00:00,219.0
MAC000034,Std,2013-09-12 17:30:00,214.0
MAC000034,Std,2013-09-12 18:00:00,174.0
MAC000034,Std,2013-09-12 18:30:00,223.0
MAC000034,Std,2013-09-12 19:00:00,140.0
MAC000034,Std,2013-09-12 19:30:00,218.0
MAC000034,Std,2013-09-12 20:00:00,190.0
MAC000034,Std,2013-09-12 20:30:00,178.0
MAC000034,Std,2013-09-12 21:00:00,148.0
MAC000034,Std,2013-09-12 21:30:00,170.0
MAC000034,Std,2013-09-12 22:00:00,175.0
MAC000034,Std,2013-09-12 22:30:00,190.0
MAC000034,Std,2013-09-12 23:00:00,182.0
MAC000034,Std,2013-09-12 23:30:00,436.0
MAC000034,Std,2013-09-13 00:00:00,95.0
MAC000034,Std,2013-09-13 00:30:00,65.0
MAC000034,Std,2013-09-13 01:00:00,107.0
MAC000034,Std,2013-09-13 01:30:00,50.0
MAC000034,Std,2013-09-13 02:00:00,108.0
MAC000034,Std,2013-09-13 02:30:00,64.0
MAC000034,Std,2013-09-13 03:00:00,97.0
MAC000034,Std,2013-09-13 03:30:00,55.0
MAC000034,Std,2013-09-13 04:00:00,85.0
MAC000034,Std,2013-09-13 04:30:00,83.0
MAC000034,Std,2013-09-13 05:00:00,55.0
MAC000034,Std,2013-09-13 05:30:00,98.0
MAC000034,Std,2013-09-13 06:00:00,48.0
MAC000034,Std,2013-09-13 06:30:00,106.0
MAC000034,Std,2013-09-13 07:00:00,60.0
MAC000034,Std,2013-09-13 07:30:00,82.0
MAC000034,Std,2013-09-13 08:00:00,67.0
MAC000034,Std,2013-09-13 08:30:00,71.0
MAC000034,Std,2013-09-13 09:00:00,181.0
MAC000034,Std,2013-09-13 09:30:00,243.0
MAC000034,Std,2013-09-13 10:00:00,165.0
MAC000034,Std,2013-09-13 10:30:00,68.0
MAC000034,Std,2013-09-13 11:00:00,90.0
MAC000034,Std,2013-09-13 11:30:00,89.0
MAC000034,Std,2013-09-13 12:00:00,120.0
MAC000034,Std,2013-09-13 12:30:00,128.0
MAC000034,Std,2013-09-13 13:00:00,151.0
MAC000034,Std,2013-09-13 13:30:00,136.0
MAC000034,Std,2013-09-13 14:00:00,154.0
MAC000034,Std,2013-09-13 14:30:00,97.0
MAC000034,Std,2013-09-13 15:00:00,87.0
MAC000034,Std,2013-09-13 15:30:00,105.0
MAC000034,Std,2013-09-13 16:00:00,144.0
MAC000034,Std,2013-09-13 16:30:00,225.0
MAC000034,Std,2013-09-13 17:00:00,122.0
MAC000034,Std,2013-09-13 17:30:00,155.0
MAC000034,Std,2013-09-13 18:00:00,112.0
MAC000034,Std,2013-09-13 18:30:00,175.0
MAC000034,Std,2013-09-13 19:00:00,125.0
MAC000034,Std,2013-09-13 19:30:00,178.0
MAC000034,Std,2013-09-13 20:00:00,135.0
MAC000034,Std,2013-09-13 20:30:00,186.0
MAC000034,Std,2013-09-13 21:00:00,185.0
MAC000034,Std,2013-09-13 21:30:00,188.0
MAC000034,Std,2013-09-13 22:00:00,195.0
MAC000034,Std,2013-09-13 22:30:00,191.0
MAC000034,Std,2013-09-13 23:00:00,216.0
MAC000034,Std,2013-09-13 23:30:00,166.0
MAC000034,Std,2013-09-14 00:00:00,109.0
MAC000034,Std,2013-09-14 00:30:00,65.0
MAC000034,Std,2013-09-14 01:00:00,107.0
MAC000034,Std,2013-09-14 01:30:00,65.0
MAC000034,Std,2013-09-14 02:00:00,115.0
MAC000034,Std,2013-09-14 02:30:00,70.0
MAC000034,Std,2013-09-14 03:00:00,88.0
MAC000034,Std,2013-09-14 03:30:00,71.0
MAC000034,Std,2013-09-14 04:00:00,70.0
MAC000034,Std,2013-09-14 04:30:00,96.0
MAC000034,Std,2013-09-14 05:00:00,51.0
MAC000034,Std,2013-09-14 05:30:00,106.0
MAC000034,Std,2013-09-14 06:00:00,50.0
MAC000034,Std,2013-09-14 06:30:00,101.0
MAC000034,Std,2013-09-14 07:00:00,58.0
MAC000034,Std,2013-09-14 07:30:00,81.0
MAC000034,Std,2013-09-14 08:00:00,69.0
MAC000034,Std,2013-09-14 08:30:00,72.0
MAC000034,Std,2013-09-14 09:00:00,155.0
MAC000034,Std,2013-09-14 09:30:00,107.0
MAC000034,Std,2013-09-14 10:00:00,253.0
MAC000034,Std,2013-09-14 10:30:00,201.0
MAC000034,Std,2013-09-14 11:00:00,146.0
MAC000034,Std,2013-09-14 11:30:00,72.0
MAC000034,Std,2013-09-14 12:00:00,62.0
MAC000034,Std,2013-09-14 12:30:00,82.0
MAC000034,Std,2013-09-14 13:00:00,128.0
MAC000034,Std,2013-09-14 13:30:00,163.0
MAC000034,Std,2013-09-14 14:00:00,150.0
MAC000034,Std,2013-09-14 14:30:00,177.0
MAC000034,Std,2013-09-14 15:00:00,122.0
MAC000034,Std,2013-09-14 15:30:00,166.0
MAC000034,Std,2013-09-14 16:00:00,156.0
MAC000034,Std,2013-09-14 16:30:00,242.0
MAC000034,Std,2013-09-14 17:00:00,167.0
MAC000034,Std,2013-09-14 17:30:00,95.0
MAC000034,Std,2013-09-14 18:00:00,123.0
MAC000034,Std,2013-09-14 18:30:00,125.0
MAC000034,Std,2013-09-14 19:00:00,204.0
MAC000034,Std,2013-09-14 19:30:00,150.0
MAC000034,Std,2013-09-14 20:00:00,166.0
MAC000034,Std,2013-09-14 20:30:00,135.0
MAC000034,Std,2013-09-14 21:00:00,159.0
MAC000034,Std,2013-09-14 21:30:00,151.0
MAC000034,Std,2013-09-14 22:00:00,147.0
MAC000034,Std,2013-09-14 22:30:00,192.0
MAC000034,Std,2013-09-14 23:00:00,161.0
MAC000034,Std,2013-09-14 23:30:00,206.0
MAC000034,Std,2013-09-15 00:00:00,52.0
MAC000034,Std,2013-09-15 00:30:00,93.0
MAC000034,Std,2013-09-15 01:00:00,62.0
MAC000034,Std,2013-09-15 01:30:00,70.0
MAC000034,Std,2013-09-15 02:00:00,69.0
MAC000034,Std,2013-09-15 02:30:00,62.0
MAC000034,Std,2013-09-15 03:00:00,91.0
MAC000034,Std,2013-09-15 03:30:00,49.0
MAC000034,Std,2013-09-15 04:00:00,86.0
MAC000034,Std,2013-09-15 04:30:00,60.0
MAC000034,Std,2013-09-15 05:00:00,73.0
MAC000034,Std,2013-09-15 05:30:00,68.0
MAC000034,Std,2013-09-15 06:00:00,54.0
MAC000034,Std,2013-09-15 06:30:00,85.0
MAC000034,Std,2013-09-15 07:00:00,52.0
MAC000034,Std,2013-09-15 07:30:00,85.0
MAC000034,Std,2013-09-15 08:00:00,52.0
MAC000034,Std,2013-09-15 08:30:00,63.0
MAC000034,Std,2013-09-15 09:00:00,148.0
MAC000034,Std,2013-09-15 09:30:00,52.0
MAC000034,Std,2013-09-15 10:00:00,253.0
MAC000034,Std,2013-09-15 10:30:00,102.0
MAC000034,Std,2013-09-15 11:00:00,129.0
MAC000034,Std,2013-09-15 11:30:00,122.0
MAC000034,Std,2013-09-15 12:00:00,60.0
MAC000034,Std,2013-09-15 12:30:00,84.0
MAC000034,Std,2013-09-15 13:00:00,81.0
MAC000034,Std,2013-09-15 13:30:00,154.0
MAC000034,Std,2013-09-15 14:00:00,104.0
MAC000034,Std,2013-09-15 14:30:00,119.0
MAC000034,Std,2013-09-15 15:00:00,88.0
MAC000034,Std,2013-09-15 15:30:00,70.0
MAC000034,Std,2013-09-15 16:00:00,185.0
MAC000034,Std,2013-09-15 16:30:00,144.0
MAC000034,Std,2013-09-15 17:00:00,299.0
MAC000034,Std,2013-09-15 17:30:00,146.0
MAC000034,Std,2013-09-15 18:00:00,212.0
MAC000034,Std,2013-09-15 18:30:00,118.0
MAC000034,Std,2013-09-15 19:00:00,141.0
MAC000034,Std,2013-09-15 19:30:00,172.0
MAC000034,Std,2013-09-15 20:00:00,151.0
MAC000034,Std,2013-09-15 20:30:00,208.0
MAC000034,Std,2013-09-15 21:00:00,165.0
MAC000034,Std,2013-09-15 21:30:00,216.0
MAC000034,Std,2013-09-15 22:00:00,199.0
MAC000034,Std,2013-09-15 22:30:00,181.0
MAC000034,Std,2013-09-15 23:00:00,200.0
MAC000034,Std,2013-09-15 23:30:00,112.0
MAC000034,Std,2013-09-16 00:00:00,99.0
MAC000034,Std,2013-09-16 00:30:00,58.0
MAC000034,Std,2013-09-16 01:00:00,81.0
MAC000034,Std,2013-09-16 01:30:00,62.0
MAC000034,Std,2013-09-16 02:00:00,56.0
MAC000034,Std,2013-09-16 02:30:00,83.0
MAC000034,Std,2013-09-16 03:00:00,51.0
MAC000034,Std,2013-09-16 03:30:00,92.0
MAC000034,Std,2013-09-16 04:00:00,53.0
MAC000034,Std,2013-09-16 04:30:00,72.0
MAC000034,Std,2013-09-16 05:00:00,71.0
MAC000034,Std,2013-09-16 05:30:00,52.0
MAC000034,Std,2013-09-16 06:00:00,91.0
MAC000034,Std,2013-09-16 06:30:00,51.0
MAC000034,Std,2013-09-16 07:00:00,79.0
MAC000034,Std,2013-09-16 07:30:00,58.0
MAC000034,Std,2013-09-16 08:00:00,47.0
MAC000034,Std,2013-09-16 08:30:00,84.0
MAC000034,Std,2013-09-16 09:00:00,62.0
MAC000034,Std,2013-09-16 09:30:00,137.0
MAC000034,Std,2013-09-16 10:00:00,220.0
MAC000034,Std,2013-09-16 10:30:00,117.0
MAC000034,Std,2013-09-16 11:00:00,143.0
MAC000034,Std,2013-09-16 11:30:00,179.0
MAC000034,Std,2013-09-16 12:00:00,165.0
MAC000034,Std,2013-09-16 12:30:00,117.0
MAC000034,Std,2013-09-16 13:00:00,137.0
MAC000034,Std,2013-09-16 13:30:00,109.0
MAC000034,Std,2013-09-16 14:00:00,134.0
MAC000034,Std,2013-09-16 14:30:00,167.0
MAC000034,Std,2013-09-16 15:00:00,104.0
MAC000034,Std,2013-09-16 15:30:00,92.0
MAC000034,Std,2013-09-16 16:00:00,50.0
MAC000034,Std,2013-09-16 16:30:00,155.0
MAC000034,Std,2013-09-16 17:00:00,141.0
MAC000034,Std,2013-09-16 17:30:00,64.0
MAC000034,Std,2013-09-16 18:00:00,162.0
MAC000034,Std,2013-09-16 18:30:00,159.0
MAC000034,Std,2013-09-16 19:00:00,224.0
MAC000034,Std,2013-09-16 19:30:00,194.0
MAC000034,Std,2013-09-16 20:00:00,176.0
MAC000034,Std,2013-09-16 20:30:00,211.0
MAC000034,Std,2013-09-16 21:00:00,190.0
MAC000034,Std,2013-09-16 21:30:00,223.0
MAC000034,Std,2013-09-16 22:00:00,174.0
MAC000034,Std,2013-09-16 22:30:00,168.0
MAC000034,Std,2013-09-16 23:00:00,427.0
MAC000034,Std,2013-09-16 23:30:00,232.0
MAC000034,Std,2013-09-17 00:00:00,102.0
MAC000034,Std,2013-09-17 00:30:00,64.0
MAC000034,Std,2013-09-17 01:00:00,100.0
MAC000034,Std,2013-09-17 01:30:00,73.0
MAC000034,Std,2013-09-17 02:00:00,69.0
MAC000034,Std,2013-09-17 02:30:00,101.0
MAC000034,Std,2013-09-17 03:00:00,65.0
MAC000034,Std,2013-09-17 03:30:00,99.0
MAC000034,Std,2013-09-17 04:00:00,65.0
MAC000034,Std,2013-09-17 04:30:00,66.0
MAC000034,Std,2013-09-17 05:00:00,95.0
MAC000034,Std,2013-09-17 05:30:00,63.0
MAC000034,Std,2013-09-17 06:00:00,96.0
MAC000034,Std,2013-09-17 06:30:00,65.0
MAC000034,Std,2013-09-17 07:00:00,58.0
MAC000034,Std,2013-09-17 07:30:00,83.0
MAC000034,Std,2013-09-17 08:00:00,48.0
MAC000034,Std,2013-09-17 08:30:00,78.0
MAC000034,Std,2013-09-17 09:00:00,202.0
MAC000034,Std,2013-09-17 09:30:00,110.0
MAC000034,Std,2013-09-17 10:00:00,125.0
MAC000034,Std,2013-09-17 10:30:00,144.0
MAC000034,Std,2013-09-17 11:00:00,158.0
MAC000034,Std,2013-09-17 11:30:00,65.0
MAC000034,Std,2013-09-17 12:00:00,75.0
MAC000034,Std,2013-09-17 12:30:00,140.0
MAC000034,Std,2013-09-17 13:00:00,109.0
MAC000034,Std,2013-09-17 13:30:00,131.0
MAC000034,Std,2013-09-17 14:00:00,110.0
MAC000034,Std,2013-09-17 14:30:00,106.0
MAC000034,Std,2013-09-17 15:00:00,156.0
MAC000034,Std,2013-09-17 15:30:00,82.0
MAC000034,Std,2013-09-17 16:00:00,123.0
MAC000034,Std,2013-09-17 16:30:00,224.0
MAC000034,Std,2013-09-17 17:00:00,167.0
MAC000034,Std,2013-09-17 17:30:00,155.0
MAC000034,Std,2013-09-17 18:00:00,142.0
MAC000034,Std,2013-09-17 18:30:00,168.0
MAC000034,Std,2013-09-17 19:00:00,176.0
MAC000034,Std,2013-09-17 19:30:00,207.0
MAC000034,Std,2013-09-17 20:00:00,161.0
MAC000034,Std,2013-09-17 20:30:00,196.0
MAC000034,Std,2013-09-17 21:00:00,192.0
MAC000034,Std,2013-09-17 21:30:00,198.0
MAC000034,Std,2013-09-17 22:00:00,238.0
MAC000034,Std,2013-09-17 22:30:00,171.0
MAC000034,Std,2013-09-17 23:00:00,388.0
MAC000034,Std,2013-09-17 23:30:00,89.0
MAC000034,Std,2013-09-18 00:00:00,61.0
MAC000034,Std,2013-09-18 00:30:00,88.0
MAC000034,Std,2013-09-18 01:00:00,62.0
MAC000034,Std,2013-09-18 01:30:00,91.0
MAC000034,Std,2013-09-18 02:00:00,52.0
MAC000034,Std,2013-09-18 02:30:00,72.0
MAC000034,Std,2013-09-18 03:00:00,87.0
MAC000034,Std,2013-09-18 03:30:00,58.0
MAC000034,Std,2013-09-18 04:00:00,90.0
MAC000034,Std,2013-09-18 04:30:00,53.0
MAC000034,Std,2013-09-18 05:00:00,77.0
MAC000034,Std,2013-09-18 05:30:00,80.0
MAC000034,Std,2013-09-18 06:00:00,52.0
MAC000034,Std,2013-09-18 06:30:00,90.0
MAC000034,Std,2013-09-18 07:00:00,49.0
MAC000034,Std,2013-09-18 07:30:00,70.0
MAC000034,Std,2013-09-18 08:00:00,90.0
MAC000034,Std,2013-09-18 08:30:00,101.0
MAC000034,Std,2013-09-18 09:00:00,256.0
MAC000034,Std,2013-09-18 09:30:00,103.0
MAC000034,Std,2013-09-18 10:00:00,124.0
MAC000034,Std,2013-09-18 10:30:00,118.0
MAC000034,Std,2013-09-18 11:00:00,103.0
MAC000034,Std,2013-09-18 11:30:00,158.0
MAC000034,Std,2013-09-18 12:00:00,2069.9999
MAC000034,Std,2013-09-18 12:30:00,163.0
MAC000034,Std,2013-09-18 13:00:00,124.0
MAC000034,Std,2013-09-18 13:30:00,103.0
MAC000034,Std,2013-09-18 14:00:00,134.0
MAC000034,Std,2013-09-18 14:30:00,59.0
MAC000034,Std,2013-09-18 15:00:00,84.0
MAC000034,Std,2013-09-18 15:30:00,60.0
MAC000034,Std,2013-09-18 16:00:00,51.0
MAC000034,Std,2013-09-18 16:30:00,245.0
MAC000034,Std,2013-09-18 17:00:00,115.0
MAC000034,Std,2013-09-18 17:30:00,142.0
MAC000034,Std,2013-09-18 18:00:00,125.0
MAC000034,Std,2013-09-18 18:30:00,152.0
MAC000034,Std,2013-09-18 19:00:00,199.0
MAC000034,Std,2013-09-18 19:30:00,159.0
MAC000034,Std,2013-09-18 20:00:00,202.0
MAC000034,Std,2013-09-18 20:30:00,162.0
MAC000034,Std,2013-09-18 21:00:00,187.0
MAC000034,Std,2013-09-18 21:30:00,161.0
MAC000034,Std,2013-09-18 22:00:00,158.0
MAC000034,Std,2013-09-18 22:30:00,262.0
MAC000034,Std,2013-09-18 23:00:00,483.0
MAC000034,Std,2013-09-18 23:30:00,130.0
MAC000034,Std,2013-09-19 00:00:00,59.0
MAC000034,Std,2013-09-19 00:30:00,59.0
MAC000034,Std,2013-09-19 01:00:00,101.0
MAC000034,Std,2013-09-19 01:30:00,52.0
MAC000034,Std,2013-09-19 02:00:00,87.0
MAC000034,Std,2013-09-19 02:30:00,55.0
MAC000034,Std,2013-09-19 03:00:00,64.0
MAC000034,Std,2013-09-19 03:30:00,92.0
MAC000034,Std,2013-09-19 04:00:00,52.0
MAC000034,Std,2013-09-19 04:30:00,87.0
MAC000034,Std,2013-09-19 05:00:00,57.0
MAC000034,Std,2013-09-19 05:30:00,55.0
MAC000034,Std,2013-09-19 06:00:00,89.0
MAC000034,Std,2013-09-19 06:30:00,55.0
MAC000034,Std,2013-09-19 07:00:00,79.0
MAC000034,Std,2013-09-19 07:30:00,56.0
MAC000034,Std,2013-09-19 08:00:00,49.0
MAC000034,Std,2013-09-19 08:30:00,95.0
MAC000034,Std,2013-09-19 09:00:00,112.0
MAC000034,Std,2013-09-19 09:30:00,136.0
MAC000034,Std,2013-09-19 10:00:00,220.0
MAC000034,Std,2013-09-19 10:30:00,84.0
MAC000034,Std,2013-09-19 11:00:00,91.0
MAC000034,Std,2013-09-19 11:30:00,186.0
MAC000034,Std,2013-09-19 12:00:00,83.0
MAC000034,Std,2013-09-19 12:30:00,62.0
MAC000034,Std,2013-09-19 13:00:00,50.0
MAC000034,Std,2013-09-19 13:30:00,88.0
MAC000034,Std,2013-09-19 14:00:00,58.0
MAC000034,Std,2013-09-19 14:30:00,135.0
MAC000034,Std,2013-09-19 15:00:00,125.0
MAC000034,Std,2013-09-19 15:30:00,116.0
MAC000034,Std,2013-09-19 16:00:00,154.0
MAC000034,Std,2013-09-19 16:30:00,116.0
MAC000034,Std,2013-09-19 17:00:00,257.0
MAC000034,Std,2013-09-19 17:30:00,116.0
MAC000034,Std,2013-09-19 18:00:00,148.0
MAC000034,Std,2013-09-19 18:30:00,143.0
MAC000034,Std,2013-09-19 19:00:00,169.0
MAC000034,Std,2013-09-19 19:30:00,224.0
MAC000034,Std,2013-09-19 20:00:00,215.0
MAC000034,Std,2013-09-19 20:30:00,261.0
MAC000034,Std,2013-09-19 21:00:00,179.0
MAC000034,Std,2013-09-19 21:30:00,209.0
MAC000034,Std,2013-09-19 22:00:00,180.0
MAC000034,Std,2013-09-19 22:30:00,190.0
MAC000034,Std,2013-09-19 23:00:00,360.0
MAC000034,Std,2013-09-19 23:30:00,603.0
MAC000034,Std,2013-09-20 00:00:00,274.0
MAC000034,Std,2013-09-20 00:30:00,55.0
MAC000034,Std,2013-09-20 01:00:00,92.0
MAC000034,Std,2013-09-20 01:30:00,74.0
MAC000034,Std,2013-09-20 02:00:00,55.0
MAC000034,Std,2013-09-20 02:30:00,101.0
MAC000034,Std,2013-09-20 03:00:00,50.0
MAC000034,Std,2013-09-20 03:30:00,106.0
MAC000034,Std,2013-09-20 04:00:00,50.0
MAC000034,Std,2013-09-20 04:30:00,77.0
MAC000034,Std,2013-09-20 05:00:00,78.0
MAC000034,Std,2013-09-20 05:30:00,53.0
MAC000034,Std,2013-09-20 06:00:00,101.0
MAC000034,Std,2013-09-20 06:30:00,54.0
MAC000034,Std,2013-09-20 07:00:00,68.0
MAC000034,Std,2013-09-20 07:30:00,83.0
MAC000034,Std,2013-09-20 08:00:00,51.0
MAC000034,Std,2013-09-20 08:30:00,86.0
MAC000034,Std,2013-09-20 09:00:00,49.0
MAC000034,Std,2013-09-20 09:30:00,84.0
MAC000034,Std,2013-09-20 10:00:00,182.0
MAC000034,Std,2013-09-20 10:30:00,125.0
MAC000034,Std,2013-09-20 11:00:00,87.0
MAC000034,Std,2013-09-20 11:30:00,51.0
MAC000034,Std,2013-09-20 12:00:00,97.0
MAC000034,Std,2013-09-20 12:30:00,115.0
MAC000034,Std,2013-09-20 13:00:00,110.0
MAC000034,Std,2013-09-20 13:30:00,132.0
MAC000034,Std,2013-09-20 14:00:00,116.0
MAC000034,Std,2013-09-20 14:30:00,154.0
MAC000034,Std,2013-09-20 15:00:00,116.0
MAC000034,Std,2013-09-20 15:30:00,137.0
MAC000034,Std,2013-09-20 16:00:00,136.0
MAC000034,Std,2013-09-20 16:30:00,118.0
MAC000034,Std,2013-09-20 17:00:00,257.0
MAC000034,Std,2013-09-20 17:30:00,97.0
MAC000034,Std,2013-09-20 18:00:00,100.0
MAC000034,Std,2013-09-20 18:30:00,165.0
MAC000034,Std,2013-09-20 19:00:00,235.0
MAC000034,Std,2013-09-20 19:30:00,182.0
MAC000034,Std,2013-09-20 20:00:00,173.0
MAC000034,Std,2013-09-20 20:30:00,215.0
MAC000034,Std,2013-09-20 21:00:00,177.0
MAC000034,Std,2013-09-20 21:30:00,167.0
MAC000034,Std,2013-09-20 22:00:00,145.0
MAC000034,Std,2013-09-20 22:30:00,197.0
MAC000034,Std,2013-09-20 23:00:00,184.0
MAC000034,Std,2013-09-20 23:30:00,520.0
MAC000034,Std,2013-09-21 00:00:00,591.0
MAC000034,Std,2013-09-21 00:30:00,105.0
MAC000034,Std,2013-09-21 01:00:00,108.0
MAC000034,Std,2013-09-21 01:30:00,65.0
MAC000034,Std,2013-09-21 02:00:00,104.0
MAC000034,Std,2013-09-21 02:30:00,68.0
MAC000034,Std,2013-09-21 03:00:00,84.0
MAC000034,Std,2013-09-21 03:30:00,72.0
MAC000034,Std,2013-09-21 04:00:00,64.0
MAC000034,Std,2013-09-21 04:30:00,92.0
MAC000034,Std,2013-09-21 05:00:00,56.0
MAC000034,Std,2013-09-21 05:30:00,92.0
MAC000034,Std,2013-09-21 06:00:00,58.0
MAC000034,Std,2013-09-21 06:30:00,59.0
MAC000034,Std,2013-09-21 07:00:00,92.0
MAC000034,Std,2013-09-21 07:30:00,49.0
MAC000034,Std,2013-09-21 08:00:00,88.0
MAC000034,Std,2013-09-21 08:30:00,48.0
MAC000034,Std,2013-09-21 09:00:00,75.0
MAC000034,Std,2013-09-21 09:30:00,232.0
MAC000034,Std,2013-09-21 10:00:00,101.0
MAC000034,Std,2013-09-21 10:30:00,162.0
MAC000034,Std,2013-09-21 11:00:00,122.0
MAC000034,Std,2013-09-21 11:30:00,162.0
MAC000034,Std,2013-09-21 12:00:00,188.0
MAC000034,Std,2013-09-21 12:30:00,89.0
MAC000034,Std,2013-09-21 13:00:00,82.0
MAC000034,Std,2013-09-21 13:30:00,66.0
MAC000034,Std,2013-09-21 14:00:00,102.0
MAC000034,Std,2013-09-21 14:30:00,115.0
MAC000034,Std,2013-09-21 15:00:00,155.0
MAC000034,Std,2013-09-21 15:30:00,153.0
MAC000034,Std,2013-09-21 16:00:00,190.0
MAC000034,Std,2013-09-21 16:30:00,265.0
MAC000034,Std,2013-09-21 17:00:00,149.0
MAC000034,Std,2013-09-21 17:30:00,118.0
MAC000034,Std,2013-09-21 18:00:00,138.0
MAC000034,Std,2013-09-21 18:30:00,152.0
MAC000034,Std,2013-09-21 19:00:00,250.0
MAC000034,Std,2013-09-21 19:30:00,314.0
MAC000034,Std,2013-09-21 20:00:00,234.0
MAC000034,Std,2013-09-21 20:30:00,276.0
MAC000034,Std,2013-09-21 21:00:00,233.0
MAC000034,Std,2013-09-21 21:30:00,266.0
MAC000034,Std,2013-09-21 22:00:00,227.0
MAC000034,Std,2013-09-21 22:30:00,284.0
MAC000034,Std,2013-09-21 23:00:00,274.0
MAC000034,Std,2013-09-21 23:30:00,532.0
MAC000034,Std,2013-09-22 00:00:00,99.0
MAC000034,Std,2013-09-22 00:30:00,53.0
MAC000034,Std,2013-09-22 01:00:00,112.0
MAC000034,Std,2013-09-22 01:30:00,55.0
MAC000034,Std,2013-09-22 02:00:00,104.0
MAC000034,Std,2013-09-22 02:30:00,58.0
MAC000034,Std,2013-09-22 03:00:00,86.0
MAC000034,Std,2013-09-22 03:30:00,76.0
MAC000034,Std,2013-09-22 04:00:00,58.0
MAC000034,Std,2013-09-22 04:30:00,102.0
MAC000034,Std,2013-09-22 05:00:00,53.0
MAC000034,Std,2013-09-22 05:30:00,114.0
MAC000034,Std,2013-09-22 06:00:00,55.0
MAC000034,Std,2013-09-22 06:30:00,79.0
MAC000034,Std,2013-09-22 07:00:00,80.0
MAC000034,Std,2013-09-22 07:30:00,57.0
MAC000034,Std,2013-09-22 08:00:00,192.0
MAC000034,Std,2013-09-22 08:30:00,238.0
MAC000034,Std,2013-09-22 09:00:00,171.0
MAC000034,Std,2013-09-22 09:30:00,87.0
MAC000034,Std,2013-09-22 10:00:00,84.0
MAC000034,Std,2013-09-22 10:30:00,67.0
MAC000034,Std,2013-09-22 11:00:00,250.0
MAC000034,Std,2013-09-22 11:30:00,134.0
MAC000034,Std,2013-09-22 12:00:00,113.0
MAC000034,Std,2013-09-22 12:30:00,57.0
MAC000034,Std,2013-09-22 13:00:00,119.0
MAC000034,Std,2013-09-22 13:30:00,265.0
MAC000034,Std,2013-09-22 14:00:00,192.0
MAC000034,Std,2013-09-22 14:30:00,136.0
MAC000034,Std,2013-09-22 15:00:00,142.0
MAC000034,Std,2013-09-22 15:30:00,164.0
MAC000034,Std,2013-09-22 16:00:00,188.0
MAC000034,Std,2013-09-22 16:30:00,164.0
MAC000034,Std,2013-09-22 17:00:00,188.0
MAC000034,Std,2013-09-22 17:30:00,211.0
MAC000034,Std,2013-09-22 18:00:00,130.0
MAC000034,Std,2013-09-22 18:30:00,224.0
MAC000034,Std,2013-09-22 19:00:00,227.0
MAC000034,Std,2013-09-22 19:30:00,292.0
MAC000034,Std,2013-09-22 20:00:00,229.0
MAC000034,Std,2013-09-22 20:30:00,189.0
MAC000034,Std,2013-09-22 21:00:00,236.0
MAC000034,Std,2013-09-22 21:30:00,188.0
MAC000034,Std,2013-09-22 22:00:00,194.0
MAC000034,Std,2013-09-22 22:30:00,220.0
MAC000034,Std,2013-09-22 23:00:00,253.0
MAC000034,Std,2013-09-22 23:30:00,196.0
MAC000034,Std,2013-09-23 00:00:00,80.0
MAC000034,Std,2013-09-23 00:30:00,101.0
MAC000034,Std,2013-09-23 01:00:00,61.0
MAC000034,Std,2013-09-23 01:30:00,115.0
MAC000034,Std,2013-09-23 02:00:00,70.0
MAC000034,Std,2013-09-23 02:30:00,87.0
MAC000034,Std,2013-09-23 03:00:00,83.0
MAC000034,Std,2013-09-23 03:30:00,82.0
MAC000034,Std,2013-09-23 04:00:00,88.0
MAC000034,Std,2013-09-23 04:30:00,75.0
MAC000034,Std,2013-09-23 05:00:00,114.0
MAC000034,Std,2013-09-23 05:30:00,70.0
MAC000034,Std,2013-09-23 06:00:00,99.0
MAC000034,Std,2013-09-23 06:30:00,84.0
MAC000034,Std,2013-09-23 07:00:00,108.0
MAC000034,Std,2013-09-23 07:30:00,361.0
MAC000034,Std,2013-09-23 08:00:00,1099.0
MAC000034,Std,2013-09-23 08:30:00,231.0
MAC000034,Std,2013-09-23 09:00:00,141.0
MAC000034,Std,2013-09-23 09:30:00,113.0
MAC000034,Std,2013-09-23 10:00:00,66.0
MAC000034,Std,2013-09-23 10:30:00,87.0
MAC000034,Std,2013-09-23 11:00:00,153.0
MAC000034,Std,2013-09-23 11:30:00,125.0
MAC000034,Std,2013-09-23 12:00:00,155.0
MAC000034,Std,2013-09-23 12:30:00,167.0
MAC000034,Std,2013-09-23 13:00:00,178.0
MAC000034,Std,2013-09-23 13:30:00,173.0
MAC000034,Std,2013-09-23 14:00:00,249.0
MAC000034,Std,2013-09-23 14:30:00,218.0
MAC000034,Std,2013-09-23 15:00:00,312.0
MAC000034,Std,2013-09-23 15:30:00,290.0
MAC000034,Std,2013-09-23 16:00:00,219.0
MAC000034,Std,2013-09-23 16:30:00,158.0
MAC000034,Std,2013-09-23 17:00:00,115.0
MAC000034,Std,2013-09-23 17:30:00,153.0
MAC000034,Std,2013-09-23 18:00:00,131.0
MAC000034,Std,2013-09-23 18:30:00,171.0
MAC000034,Std,2013-09-23 19:00:00,172.0
MAC000034,Std,2013-09-23 19:30:00,186.0
MAC000034,Std,2013-09-23 20:00:00,208.0
MAC000034,Std,2013-09-23 20:30:00,169.0
MAC000034,Std,2013-09-23 21:00:00,202.0
MAC000034,Std,2013-09-23 21:30:00,161.0
MAC000034,Std,2013-09-23 22:00:00,207.0
MAC000034,Std,2013-09-23 22:30:00,175.0
MAC000034,Std,2013-09-23 23:00:00,133.0
MAC000034,Std,2013-09-23 23:30:00,107.0
MAC000034,Std,2013-09-24 00:00:00,81.0
MAC000034,Std,2013-09-24 00:30:00,98.0
MAC000034,Std,2013-09-24 01:00:00,66.0
MAC000034,Std,2013-09-24 01:30:00,109.0
MAC000034,Std,2013-09-24 02:00:00,64.0
MAC000034,Std,2013-09-24 02:30:00,76.0
MAC000034,Std,2013-09-24 03:00:00,80.0
MAC000034,Std,2013-09-24 03:30:00,68.0
MAC000034,Std,2013-09-24 04:00:00,88.0
MAC000034,Std,2013-09-24 04:30:00,70.0
MAC000034,Std,2013-09-24 05:00:00,102.0
MAC000034,Std,2013-09-24 05:30:00,53.0
MAC000034,Std,2013-09-24 06:00:00,77.0
MAC000034,Std,2013-09-24 06:30:00,85.0
MAC000034,Std,2013-09-24 07:00:00,59.0
MAC000034,Std,2013-09-24 07:30:00,103.0
MAC000034,Std,2013-09-24 08:00:00,46.0
MAC000034,Std,2013-09-24 08:30:00,135.0
MAC000034,Std,2013-09-24 09:00:00,220.0
MAC000034,Std,2013-09-24 09:30:00,124.0
MAC000034,Std,2013-09-24 10:00:00,187.0
MAC000034,Std,2013-09-24 10:30:00,107.0
MAC000034,Std,2013-09-24 11:00:00,146.0
MAC000034,Std,2013-09-24 11:30:00,130.0
MAC000034,Std,2013-09-24 12:00:00,92.0
MAC000034,Std,2013-09-24 12:30:00,86.0
MAC000034,Std,2013-09-24 13:00:00,88.0
MAC000034,Std,2013-09-24 13:30:00,151.0
MAC000034,Std,2013-09-24 14:00:00,63.0
MAC000034,Std,2013-09-24 14:30:00,80.0
MAC000034,Std,2013-09-24 15:00:00,89.0
MAC000034,Std,2013-09-24 15:30:00,45.0
MAC000034,Std,2013-09-24 16:00:00,105.0
MAC000034,Std,2013-09-24 16:30:00,45.0
MAC000034,Std,2013-09-24 17:00:00,211.0
MAC000034,Std,2013-09-24 17:30:00,131.0
MAC000034,Std,2013-09-24 18:00:00,112.0
MAC000034,Std,2013-09-24 18:30:00,211.0
MAC000034,Std,2013-09-24 19:00:00,212.0
MAC000034,Std,2013-09-24 19:30:00,276.0
MAC000034,Std,2013-09-24 20:00:00,178.0
MAC000034,Std,2013-09-24 20:30:00,213.0
MAC000034,Std,2013-09-24 21:00:00,181.0
MAC000034,Std,2013-09-24 21:30:00,216.0
MAC000034,Std,2013-09-24 22:00:00,207.0
MAC000034,Std,2013-09-24 22:30:00,173.0
MAC000034,Std,2013-09-24 23:00:00,216.0
MAC000034,Std,2013-09-24 23:30:00,152.0
MAC000034,Std,2013-09-25 00:00:00,162.0
MAC000034,Std,2013-09-25 00:30:00,141.0
MAC000034,Std,2013-09-25 01:00:00,50.0
MAC000034,Std,2013-09-25 01:30:00,111.0
MAC000034,Std,2013-09-25 02:00:00,65.0
MAC000034,Std,2013-09-25 02:30:00,78.0
MAC000034,Std,2013-09-25 03:00:00,81.0
MAC000034,Std,2013-09-25 03:30:00,47.0
MAC000034,Std,2013-09-25 04:00:00,109.0
MAC000034,Std,2013-09-25 04:30:00,62.0
MAC000034,Std,2013-09-25 05:00:00,82.0
MAC000034,Std,2013-09-25 05:30:00,77.0
MAC000034,Std,2013-09-25 06:00:00,55.0
MAC000034,Std,2013-09-25 06:30:00,106.0
MAC000034,Std,2013-09-25 07:00:00,45.0
MAC000034,Std,2013-09-25 07:30:00,94.0
MAC000034,Std,2013-09-25 08:00:00,55.0
MAC000034,Std,2013-09-25 08:30:00,64.0
MAC000034,Std,2013-09-25 09:00:00,130.0
MAC000034,Std,2013-09-25 09:30:00,215.0
MAC000034,Std,2013-09-25 10:00:00,142.0
MAC000034,Std,2013-09-25 10:30:00,158.0
MAC000034,Std,2013-09-25 11:00:00,136.0
MAC000034,Std,2013-09-25 11:30:00,165.0
MAC000034,Std,2013-09-25 12:00:00,64.0
MAC000034,Std,2013-09-25 12:30:00,95.0
MAC000034,Std,2013-09-25 13:00:00,71.0
MAC000034,Std,2013-09-25 13:30:00,55.0
MAC000034,Std,2013-09-25 14:00:00,98.0
MAC000034,Std,2013-09-25 14:30:00,63.0
MAC000034,Std,2013-09-25 15:00:00,96.0
MAC000034,Std,2013-09-25 15:30:00,59.0
MAC000034,Std,2013-09-25 16:00:00,90.0
MAC000034,Std,2013-09-25 16:30:00,181.0
MAC000034,Std,2013-09-25 17:00:00,56.0
MAC000034,Std,2013-09-25 17:30:00,102.0
MAC000034,Std,2013-09-25 18:00:00,135.0
MAC000034,Std,2013-09-25 18:30:00,226.0
MAC000034,Std,2013-09-25 19:00:00,212.0
MAC000034,Std,2013-09-25 19:30:00,253.0
MAC000034,Std,2013-09-25 20:00:00,174.0
MAC000034,Std,2013-09-25 20:30:00,179.0
MAC000034,Std,2013-09-25 21:00:00,194.0
MAC000034,Std,2013-09-25 21:30:00,173.0
MAC000034,Std,2013-09-25 22:00:00,219.0
MAC000034,Std,2013-09-25 22:30:00,160.0
MAC000034,Std,2013-09-25 23:00:00,193.0
MAC000034,Std,2013-09-25 23:30:00,189.0
MAC000034,Std,2013-09-26 00:00:00,148.0
MAC000034,Std,2013-09-26 00:00:00,148.0
MAC000034,Std,2013-09-26 00:30:00,96.0
MAC000034,Std,2013-09-26 01:00:00,66.0
MAC000034,Std,2013-09-26 01:30:00,97.0
MAC000034,Std,2013-09-26 02:00:00,70.0
MAC000034,Std,2013-09-26 02:30:00,62.0
MAC000034,Std,2013-09-26 03:00:00,109.0
MAC000034,Std,2013-09-26 03:30:00,57.0
MAC000034,Std,2013-09-26 04:00:00,89.0
MAC000034,Std,2013-09-26 04:30:00,75.0
MAC000034,Std,2013-09-26 05:00:00,54.0
MAC000034,Std,2013-09-26 05:30:00,106.0
MAC000034,Std,2013-09-26 06:00:00,65.0
MAC000034,Std,2013-09-26 06:30:00,86.0
MAC000034,Std,2013-09-26 07:00:00,70.0
MAC000034,Std,2013-09-26 07:30:00,58.0
MAC000034,Std,2013-09-26 08:00:00,95.0
MAC000034,Std,2013-09-26 08:30:00,72.0
MAC000034,Std,2013-09-26 09:00:00,196.0
MAC000034,Std,2013-09-26 09:30:00,179.0
MAC000034,Std,2013-09-26 10:00:00,257.0
MAC000034,Std,2013-09-26 10:30:00,146.0
MAC000034,Std,2013-09-26 11:00:00,100.0
MAC000034,Std,2013-09-26 11:30:00,131.0
MAC000034,Std,2013-09-26 12:00:00,47.0
MAC000034,Std,2013-09-26 12:30:00,130.0
MAC000034,Std,2013-09-26 13:00:00,147.0
MAC000034,Std,2013-09-26 13:30:00,113.0
MAC000034,Std,2013-09-26 14:00:00,150.0
MAC000034,Std,2013-09-26 14:30:00,119.0
MAC000034,Std,2013-09-26 15:00:00,114.0
MAC000034,Std,2013-09-26 15:30:00,66.0
MAC000034,Std,2013-09-26 16:00:00,61.0
MAC000034,Std,2013-09-26 16:30:00,105.0
MAC000034,Std,2013-09-26 17:00:00,191.0
MAC000034,Std,2013-09-26 17:30:00,148.0
MAC000034,Std,2013-09-26 18:00:00,133.0
MAC000034,Std,2013-09-26 18:30:00,226.0
MAC000034,Std,2013-09-26 19:00:00,270.0
MAC000034,Std,2013-09-26 19:30:00,209.0
MAC000034,Std,2013-09-26 20:00:00,224.0
MAC000034,Std,2013-09-26 20:30:00,230.0
MAC000034,Std,2013-09-26 21:00:00,251.0
MAC000034,Std,2013-09-26 21:30:00,184.0
MAC000034,Std,2013-09-26 22:00:00,187.0
MAC000034,Std,2013-09-26 22:30:00,190.0
MAC000034,Std,2013-09-26 23:00:00,173.0
MAC000034,Std,2013-09-26 23:30:00,228.0
MAC000034,Std,2013-09-27 00:00:00,86.0
MAC000034,Std,2013-09-27 00:30:00,80.0
MAC000034,Std,2013-09-27 01:00:00,84.0
MAC000034,Std,2013-09-27 01:30:00,55.0
MAC000034,Std,2013-09-27 02:00:00,104.0
MAC000034,Std,2013-09-27 02:30:00,55.0
MAC000034,Std,2013-09-27 03:00:00,91.0
MAC000034,Std,2013-09-27 03:30:00,63.0
MAC000034,Std,2013-09-27 04:00:00,66.0
MAC000034,Std,2013-09-27 04:30:00,94.0
MAC000034,Std,2013-09-27 05:00:00,62.0
MAC000034,Std,2013-09-27 05:30:00,85.0
MAC000034,Std,2013-09-27 06:00:00,61.0
MAC000034,Std,2013-09-27 06:30:00,71.0
MAC000034,Std,2013-09-27 07:00:00,90.0
MAC000034,Std,2013-09-27 07:30:00,54.0
MAC000034,Std,2013-09-27 08:00:00,87.0
MAC000034,Std,2013-09-27 08:30:00,73.0
MAC000034,Std,2013-09-27 09:00:00,210.0
MAC000034,Std,2013-09-27 09:30:00,193.0
MAC000034,Std,2013-09-27 10:00:00,139.0
MAC000034,Std,2013-09-27 10:30:00,105.0
MAC000034,Std,2013-09-27 11:00:00,59.0
MAC000034,Std,2013-09-27 11:30:00,48.0
MAC000034,Std,2013-09-27 12:00:00,107.0
MAC000034,Std,2013-09-27 12:30:00,48.0
MAC000034,Std,2013-09-27 13:00:00,82.0
MAC000034,Std,2013-09-27 13:30:00,73.0
MAC000034,Std,2013-09-27 14:00:00,48.0
MAC000034,Std,2013-09-27 14:30:00,108.0
MAC000034,Std,2013-09-27 15:00:00,48.0
MAC000034,Std,2013-09-27 15:30:00,71.0
MAC000034,Std,2013-09-27 16:00:00,84.0
MAC000034,Std,2013-09-27 16:30:00,162.0
MAC000034,Std,2013-09-27 17:00:00,183.0
MAC000034,Std,2013-09-27 17:30:00,99.0
MAC000034,Std,2013-09-27 18:00:00,125.0
MAC000034,Std,2013-09-27 18:30:00,212.0
MAC000034,Std,2013-09-27 19:00:00,229.0
MAC000034,Std,2013-09-27 19:30:00,213.0
MAC000034,Std,2013-09-27 20:00:00,210.0
MAC000034,Std,2013-09-27 20:30:00,195.0
MAC000034,Std,2013-09-27 21:00:00,203.0
MAC000034,Std,2013-09-27 21:30:00,173.0
MAC000034,Std,2013-09-27 22:00:00,232.0
MAC000034,Std,2013-09-27 22:30:00,187.0
MAC000034,Std,2013-09-27 23:00:00,220.0
MAC000034,Std,2013-09-27 23:30:00,335.0
MAC000034,Std,2013-09-28 00:00:00,249.0
MAC000034,Std,2013-09-28 00:30:00,110.0
MAC000034,Std,2013-09-28 01:00:00,48.0
MAC000034,Std,2013-09-28 01:30:00,78.0
MAC000034,Std,2013-09-28 02:00:00,80.0
MAC000034,Std,2013-09-28 02:30:00,66.0
MAC000034,Std,2013-09-28 03:00:00,87.0
MAC000034,Std,2013-09-28 03:30:00,69.0
MAC000034,Std,2013-09-28 04:00:00,52.0
MAC000034,Std,2013-09-28 04:30:00,102.0
MAC000034,Std,2013-09-28 05:00:00,50.0
MAC000034,Std,2013-09-28 05:30:00,83.0
MAC000034,Std,2013-09-28 06:00:00,73.0
MAC000034,Std,2013-09-28 06:30:00,49.0
MAC000034,Std,2013-09-28 07:00:00,109.0
MAC000034,Std,2013-09-28 07:30:00,45.0
MAC000034,Std,2013-09-28 08:00:00,77.0
MAC000034,Std,2013-09-28 08:30:00,84.0
MAC000034,Std,2013-09-28 09:00:00,104.0
MAC000034,Std,2013-09-28 09:30:00,225.0
MAC000034,Std,2013-09-28 10:00:00,98.0
MAC000034,Std,2013-09-28 10:30:00,136.0
MAC000034,Std,2013-09-28 11:00:00,140.0
MAC000034,Std,2013-09-28 11:30:00,146.0
MAC000034,Std,2013-09-28 12:00:00,225.0
MAC000034,Std,2013-09-28 12:30:00,184.0
MAC000034,Std,2013-09-28 13:00:00,76.0
MAC000034,Std,2013-09-28 13:30:00,242.0
MAC000034,Std,2013-09-28 14:00:00,114.0
MAC000034,Std,2013-09-28 14:30:00,168.0
MAC000034,Std,2013-09-28 15:00:00,171.0
MAC000034,Std,2013-09-28 15:30:00,186.0
MAC000034,Std,2013-09-28 16:00:00,287.0
MAC000034,Std,2013-09-28 16:30:00,67.0
MAC000034,Std,2013-09-28 17:00:00,99.0
MAC000034,Std,2013-09-28 17:30:00,53.0
MAC000034,Std,2013-09-28 18:00:00,81.0
MAC000034,Std,2013-09-28 18:30:00,92.0
MAC000034,Std,2013-09-28 19:00:00,85.0
MAC000034,Std,2013-09-28 19:30:00,135.0
MAC000034,Std,2013-09-28 20:00:00,93.0
MAC000034,Std,2013-09-28 20:30:00,109.0
MAC000034,Std,2013-09-28 21:00:00,114.0
MAC000034,Std,2013-09-28 21:30:00,133.0
MAC000034,Std,2013-09-28 22:00:00,234.0
MAC000034,Std,2013-09-28 22:30:00,196.0
MAC000034,Std,2013-09-28 23:00:00,173.0
MAC000034,Std,2013-09-28 23:30:00,191.0
MAC000034,Std,2013-09-29 00:00:00,314.0
MAC000034,Std,2013-09-29 00:30:00,103.0
MAC000034,Std,2013-09-29 01:00:00,83.0
MAC000034,Std,2013-09-29 01:30:00,67.0
MAC000034,Std,2013-09-29 02:00:00,105.0
MAC000034,Std,2013-09-29 02:30:00,78.0
MAC000034,Std,2013-09-29 03:00:00,88.0
MAC000034,Std,2013-09-29 03:30:00,81.0
MAC000034,Std,2013-09-29 04:00:00,78.0
MAC000034,Std,2013-09-29 04:30:00,107.0
MAC000034,Std,2013-09-29 05:00:00,62.0
MAC000034,Std,2013-09-29 05:30:00,85.0
MAC000034,Std,2013-09-29 06:00:00,99.0
MAC000034,Std,2013-09-29 06:30:00,62.0
MAC000034,Std,2013-09-29 07:00:00,97.0
MAC000034,Std,2013-09-29 07:30:00,80.0
MAC000034,Std,2013-09-29 08:00:00,59.0
MAC000034,Std,2013-09-29 08:30:00,107.0
MAC000034,Std,2013-09-29 09:00:00,98.0
MAC000034,Std,2013-09-29 09:30:00,118.0
MAC000034,Std,2013-09-29 10:00:00,147.0
MAC000034,Std,2013-09-29 10:30:00,224.0
MAC000034,Std,2013-09-29 11:00:00,193.0
MAC000034,Std,2013-09-29 11:30:00,180.0
MAC000034,Std,2013-09-29 12:00:00,169.0
MAC000034,Std,2013-09-29 12:30:00,215.0
MAC000034,Std,2013-09-29 13:00:00,160.0
MAC000034,Std,2013-09-29 13:30:00,128.0
MAC000034,Std,2013-09-29 14:00:00,163.0
MAC000034,Std,2013-09-29 14:30:00,101.0
MAC000034,Std,2013-09-29 15:00:00,149.0
MAC000034,Std,2013-09-29 15:30:00,113.0
MAC000034,Std,2013-09-29 16:00:00,138.0
MAC000034,Std,2013-09-29 16:30:00,121.0
MAC000034,Std,2013-09-29 17:00:00,196.0
MAC000034,Std,2013-09-29 17:30:00,136.0
MAC000034,Std,2013-09-29 18:00:00,142.0
MAC000034,Std,2013-09-29 18:30:00,132.0
MAC000034,Std,2013-09-29 19:00:00,198.0
MAC000034,Std,2013-09-29 19:30:00,194.0
MAC000034,Std,2013-09-29 20:00:00,177.0
MAC000034,Std,2013-09-29 20:30:00,192.0
MAC000034,Std,2013-09-29 21:00:00,161.0
MAC000034,Std,2013-09-29 21:30:00,212.0
MAC000034,Std,2013-09-29 22:00:00,168.0
MAC000034,Std,2013-09-29 22:30:00,179.0
MAC000034,Std,2013-09-29 23:00:00,142.0
MAC000034,Std,2013-09-29 23:30:00,94.0
MAC000034,Std,2013-09-30 00:00:00,94.0
MAC000034,Std,2013-09-30 00:30:00,84.0
MAC000034,Std,2013-09-30 01:00:00,50.0
MAC000034,Std,2013-09-30 01:30:00,111.0
MAC000034,Std,2013-09-30 02:00:00,50.0
MAC000034,Std,2013-09-30 02:30:00,77.0
MAC000034,Std,2013-09-30 03:00:00,83.0
MAC000034,Std,2013-09-30 03:30:00,66.0
MAC000034,Std,2013-09-30 04:00:00,82.0
MAC000034,Std,2013-09-30 04:30:00,75.0
MAC000034,Std,2013-09-30 05:00:00,52.0
MAC000034,Std,2013-09-30 05:30:00,101.0
MAC000034,Std,2013-09-30 06:00:00,64.0
MAC000034,Std,2013-09-30 06:30:00,63.0
MAC000034,Std,2013-09-30 07:00:00,80.0
MAC000034,Std,2013-09-30 07:30:00,171.0
MAC000034,Std,2013-09-30 08:00:00,175.0
MAC000034,Std,2013-09-30 08:30:00,124.0
MAC000034,Std,2013-09-30 09:00:00,127.0
MAC000034,Std,2013-09-30 09:30:00,269.0
MAC000034,Std,2013-09-30 10:00:00,119.0
MAC000034,Std,2013-09-30 10:30:00,158.0
MAC000034,Std,2013-09-30 11:00:00,166.0
MAC000034,Std,2013-09-30 11:30:00,145.0
MAC000034,Std,2013-09-30 12:00:00,156.0
MAC000034,Std,2013-09-30 12:30:00,100.0
MAC000034,Std,2013-09-30 13:00:00,111.0
MAC000034,Std,2013-09-30 13:30:00,104.0
MAC000034,Std,2013-09-30 14:00:00,127.0
MAC000034,Std,2013-09-30 14:30:00,158.0
MAC000034,Std,2013-09-30 15:00:00,107.0
MAC000034,Std,2013-09-30 15:30:00,132.0
MAC000034,Std,2013-09-30 16:00:00,157.0
MAC000034,Std,2013-09-30 16:30:00,107.0
MAC000034,Std,2013-09-30 17:00:00,246.0
MAC000034,Std,2013-09-30 17:30:00,129.0
MAC000034,Std,2013-09-30 18:00:00,111.0
MAC000034,Std,2013-09-30 18:30:00,193.0
MAC000034,Std,2013-09-30 19:00:00,162.0
MAC000034,Std,2013-09-30 19:30:00,214.0
MAC000034,Std,2013-09-30 20:00:00,206.0
MAC000034,Std,2013-09-30 20:30:00,188.0
MAC000034,Std,2013-09-30 21:00:00,206.0
MAC000034,Std,2013-09-30 21:30:00,171.0
MAC000034,Std,2013-09-30 22:00:00,220.0
MAC000034,Std,2013-09-30 22:30:00,191.0
MAC000034,Std,2013-09-30 23:00:00,176.0
MAC000034,Std,2013-09-30 23:30:00,105.0
MAC000034,Std,2013-10-01 00:00:00,78.0
MAC000034,Std,2013-10-01 00:30:00,100.0
MAC000034,Std,2013-10-01 01:00:00,65.0
MAC000034,Std,2013-10-01 01:30:00,93.0
MAC000034,Std,2013-10-01 02:00:00,69.0
MAC000034,Std,2013-10-01 02:30:00,73.0
MAC000034,Std,2013-10-01 03:00:00,88.0
MAC000034,Std,2013-10-01 03:30:00,65.0
MAC000034,Std,2013-10-01 04:00:00,89.0
MAC000034,Std,2013-10-01 04:30:00,71.0
MAC000034,Std,2013-10-01 05:00:00,55.0
MAC000034,Std,2013-10-01 05:30:00,104.0
MAC000034,Std,2013-10-01 06:00:00,56.0
MAC000034,Std,2013-10-01 06:30:00,97.0
MAC000034,Std,2013-10-01 07:00:00,59.0
MAC000034,Std,2013-10-01 07:30:00,99.0
MAC000034,Std,2013-10-01 08:00:00,155.0
MAC000034,Std,2013-10-01 08:30:00,116.0
MAC000034,Std,2013-10-01 09:00:00,203.0
MAC000034,Std,2013-10-01 09:30:00,71.0
MAC000034,Std,2013-10-01 10:00:00,70.0
MAC000034,Std,2013-10-01 10:30:00,97.0
MAC000034,Std,2013-10-01 11:00:00,69.0
MAC000034,Std,2013-10-01 11:30:00,69.0
MAC000034,Std,2013-10-01 12:00:00,92.0
MAC000034,Std,2013-10-01 12:30:00,54.0
MAC000034,Std,2013-10-01 13:00:00,183.0
MAC000034,Std,2013-10-01 13:30:00,183.0
MAC000034,Std,2013-10-01 14:00:00,181.0
MAC000034,Std,2013-10-01 14:30:00,224.0
MAC000034,Std,2013-10-01 15:00:00,130.0
MAC000034,Std,2013-10-01 15:30:00,147.0
MAC000034,Std,2013-10-01 16:00:00,122.0
MAC000034,Std,2013-10-01 16:30:00,116.0
MAC000034,Std,2013-10-01 17:00:00,286.0
MAC000034,Std,2013-10-01 17:30:00,119.0
MAC000034,Std,2013-10-01 18:00:00,156.0
MAC000034,Std,2013-10-01 18:30:00,151.0
MAC000034,Std,2013-10-01 19:00:00,222.0
MAC000034,Std,2013-10-01 19:30:00,246.0
MAC000034,Std,2013-10-01 20:00:00,162.0
MAC000034,Std,2013-10-01 20:30:00,214.0
MAC000034,Std,2013-10-01 21:00:00,167.0
MAC000034,Std,2013-10-01 21:30:00,200.0
MAC000034,Std,2013-10-01 22:00:00,225.0
MAC000034,Std,2013-10-01 22:30:00,197.0
MAC000034,Std,2013-10-01 23:00:00,235.0
MAC000034,Std,2013-10-01 23:30:00,189.0
MAC000034,Std,2013-10-02 00:00:00,54.0
MAC000034,Std,2013-10-02 00:30:00,110.0
MAC000034,Std,2013-10-02 01:00:00,49.0
MAC000034,Std,2013-10-02 01:30:00,91.0
MAC000034,Std,2013-10-02 02:00:00,68.0
MAC000034,Std,2013-10-02 02:30:00,66.0
MAC000034,Std,2013-10-02 03:00:00,93.0
MAC000034,Std,2013-10-02 03:30:00,67.0
MAC000034,Std,2013-10-02 04:00:00,53.0
MAC000034,Std,2013-10-02 04:30:00,106.0
MAC000034,Std,2013-10-02 05:00:00,48.0
MAC000034,Std,2013-10-02 05:30:00,91.0
MAC000034,Std,2013-10-02 06:00:00,68.0
MAC000034,Std,2013-10-02 06:30:00,63.0
MAC000034,Std,2013-10-02 07:00:00,91.0
MAC000034,Std,2013-10-02 07:30:00,56.0
MAC000034,Std,2013-10-02 08:00:00,59.0
MAC000034,Std,2013-10-02 08:30:00,91.0
MAC000034,Std,2013-10-02 09:00:00,120.0
MAC000034,Std,2013-10-02 09:30:00,240.0
MAC000034,Std,2013-10-02 10:00:00,156.0
MAC000034,Std,2013-10-02 10:30:00,83.0
MAC000034,Std,2013-10-02 11:00:00,109.0
MAC000034,Std,2013-10-02 11:30:00,800.0
MAC000034,Std,2013-10-02 12:00:00,991.0
MAC000034,Std,2013-10-02 12:30:00,184.0
MAC000034,Std,2013-10-02 13:00:00,198.0
MAC000034,Std,2013-10-02 13:30:00,163.0
MAC000034,Std,2013-10-02 14:00:00,97.0
MAC000034,Std,2013-10-02 14:30:00,85.0
MAC000034,Std,2013-10-02 15:00:00,88.0
MAC000034,Std,2013-10-02 15:30:00,103.0
MAC000034,Std,2013-10-02 16:00:00,162.0
MAC000034,Std,2013-10-02 16:30:00,66.0
MAC000034,Std,2013-10-02 17:00:00,60.0
MAC000034,Std,2013-10-02 17:30:00,96.0
MAC000034,Std,2013-10-02 18:00:00,46.0
MAC000034,Std,2013-10-02 18:30:00,127.0
MAC000034,Std,2013-10-02 19:00:00,321.0
MAC000034,Std,2013-10-02 19:30:00,203.0
MAC000034,Std,2013-10-02 20:00:00,335.0
MAC000034,Std,2013-10-02 20:30:00,186.0
MAC000034,Std,2013-10-02 21:00:00,234.0
MAC000034,Std,2013-10-02 21:30:00,187.0
MAC000034,Std,2013-10-02 22:00:00,205.0
MAC000034,Std,2013-10-02 22:30:00,237.0
MAC000034,Std,2013-10-02 23:00:00,191.0
MAC000034,Std,2013-10-02 23:30:00,118.0
MAC000034,Std,2013-10-03 00:00:00,80.0
MAC000034,Std,2013-10-03 00:30:00,60.0
MAC000034,Std,2013-10-03 01:00:00,108.0
MAC000034,Std,2013-10-03 01:30:00,68.0
MAC000034,Std,2013-10-03 02:00:00,74.0
MAC000034,Std,2013-10-03 02:30:00,90.0
MAC000034,Std,2013-10-03 03:00:00,50.0
MAC000034,Std,2013-10-03 03:30:00,113.0
MAC000034,Std,2013-10-03 04:00:00,54.0
MAC000034,Std,2013-10-03 04:30:00,73.0
MAC000034,Std,2013-10-03 05:00:00,103.0
MAC000034,Std,2013-10-03 05:30:00,58.0
MAC000034,Std,2013-10-03 06:00:00,92.0
MAC000034,Std,2013-10-03 06:30:00,81.0
MAC000034,Std,2013-10-03 07:00:00,63.0
MAC000034,Std,2013-10-03 07:30:00,145.0
MAC000034,Std,2013-10-03 08:00:00,57.0
MAC000034,Std,2013-10-03 08:30:00,124.0
MAC000034,Std,2013-10-03 09:00:00,190.0
MAC000034,Std,2013-10-03 09:30:00,130.0
MAC000034,Std,2013-10-03 10:00:00,355.0
MAC000034,Std,2013-10-03 10:30:00,183.0
MAC000034,Std,2013-10-03 11:00:00,124.0
MAC000034,Std,2013-10-03 11:30:00,118.0
MAC000034,Std,2013-10-03 12:00:00,46.0
MAC000034,Std,2013-10-03 12:30:00,89.0
MAC000034,Std,2013-10-03 13:00:00,72.0
MAC000034,Std,2013-10-03 13:30:00,257.0
MAC000034,Std,2013-10-03 14:00:00,151.0
MAC000034,Std,2013-10-03 14:30:00,123.0
MAC000034,Std,2013-10-03 15:00:00,154.0
MAC000034,Std,2013-10-03 15:30:00,118.0
MAC000034,Std,2013-10-03 16:00:00,136.0
MAC000034,Std,2013-10-03 16:30:00,166.0
MAC000034,Std,2013-10-03 17:00:00,296.0
MAC000034,Std,2013-10-03 17:30:00,214.0
MAC000034,Std,2013-10-03 18:00:00,158.0
MAC000034,Std,2013-10-03 18:30:00,195.0
MAC000034,Std,2013-10-03 19:00:00,215.0
MAC000034,Std,2013-10-03 19:30:00,173.0
MAC000034,Std,2013-10-03 20:00:00,196.0
MAC000034,Std,2013-10-03 20:30:00,155.0
MAC000034,Std,2013-10-03 21:00:00,165.0
MAC000034,Std,2013-10-03 21:30:00,190.0
MAC000034,Std,2013-10-03 22:00:00,174.0
MAC000034,Std,2013-10-03 22:30:00,241.0
MAC000034,Std,2013-10-03 23:00:00,190.0
MAC000034,Std,2013-10-03 23:30:00,222.0
MAC000034,Std,2013-10-04 00:00:00,262.0
MAC000034,Std,2013-10-04 00:30:00,90.0
MAC000034,Std,2013-10-04 01:00:00,113.0
MAC000034,Std,2013-10-04 01:30:00,54.0
MAC000034,Std,2013-10-04 02:00:00,79.0
MAC000034,Std,2013-10-04 02:30:00,103.0
MAC000034,Std,2013-10-04 03:00:00,50.0
MAC000034,Std,2013-10-04 03:30:00,100.0
MAC000034,Std,2013-10-04 04:00:00,78.0
MAC000034,Std,2013-10-04 04:30:00,51.0
MAC000034,Std,2013-10-04 05:00:00,112.0
MAC000034,Std,2013-10-04 05:30:00,67.0
MAC000034,Std,2013-10-04 06:00:00,71.0
MAC000034,Std,2013-10-04 06:30:00,90.0
MAC000034,Std,2013-10-04 07:00:00,69.0
MAC000034,Std,2013-10-04 07:30:00,89.0
MAC000034,Std,2013-10-04 08:00:00,68.0
MAC000034,Std,2013-10-04 08:30:00,85.0
MAC000034,Std,2013-10-04 09:00:00,208.0
MAC000034,Std,2013-10-04 09:30:00,270.0
MAC000034,Std,2013-10-04 10:00:00,152.0
MAC000034,Std,2013-10-04 10:30:00,126.0
MAC000034,Std,2013-10-04 11:00:00,126.0
MAC000034,Std,2013-10-04 11:30:00,171.0
MAC000034,Std,2013-10-04 12:00:00,166.0
MAC000034,Std,2013-10-04 12:30:00,168.0
MAC000034,Std,2013-10-04 13:00:00,147.0
MAC000034,Std,2013-10-04 13:30:00,111.0
MAC000034,Std,2013-10-04 14:00:00,190.0
MAC000034,Std,2013-10-04 14:30:00,82.0
MAC000034,Std,2013-10-04 15:00:00,84.0
MAC000034,Std,2013-10-04 15:30:00,92.0
MAC000034,Std,2013-10-04 16:00:00,65.0
MAC000034,Std,2013-10-04 16:30:00,107.0
MAC000034,Std,2013-10-04 17:00:00,125.0
MAC000034,Std,2013-10-04 17:30:00,164.0
MAC000034,Std,2013-10-04 18:00:00,150.0
MAC000034,Std,2013-10-04 18:30:00,131.0
MAC000034,Std,2013-10-04 19:00:00,190.0
MAC000034,Std,2013-10-04 19:30:00,219.0
MAC000034,Std,2013-10-04 20:00:00,176.0
MAC000034,Std,2013-10-04 20:30:00,220.0
MAC000034,Std,2013-10-04 21:00:00,176.0
MAC000034,Std,2013-10-04 21:30:00,204.0
MAC000034,Std,2013-10-04 22:00:00,195.0
MAC000034,Std,2013-10-04 22:30:00,173.0
MAC000034,Std,2013-10-04 23:00:00,218.0
MAC000034,Std,2013-10-04 23:30:00,173.0
MAC000034,Std,2013-10-05 00:00:00,91.0
MAC000034,Std,2013-10-05 00:30:00,89.0
MAC000034,Std,2013-10-05 01:00:00,50.0
MAC000034,Std,2013-10-05 01:30:00,111.0
MAC000034,Std,2013-10-05 02:00:00,66.0
MAC000034,Std,2013-10-05 02:30:00,64.0
MAC000034,Std,2013-10-05 03:00:00,95.0
MAC000034,Std,2013-10-05 03:30:00,64.0
MAC000034,Std,2013-10-05 04:00:00,81.0
MAC000034,Std,2013-10-05 04:30:00,76.0
MAC000034,Std,2013-10-05 05:00:00,60.0
MAC000034,Std,2013-10-05 05:30:00,97.0
MAC000034,Std,2013-10-05 06:00:00,66.0
MAC000034,Std,2013-10-05 06:30:00,67.0
MAC000034,Std,2013-10-05 07:00:00,89.0
MAC000034,Std,2013-10-05 07:30:00,53.0
MAC000034,Std,2013-10-05 08:00:00,91.0
MAC000034,Std,2013-10-05 08:30:00,75.0
MAC000034,Std,2013-10-05 09:00:00,93.0
MAC000034,Std,2013-10-05 09:30:00,161.0
MAC000034,Std,2013-10-05 10:00:00,169.0
MAC000034,Std,2013-10-05 10:30:00,147.0
MAC000034,Std,2013-10-05 11:00:00,208.0
MAC000034,Std,2013-10-05 11:30:00,75.0
MAC000034,Std,2013-10-05 12:00:00,110.0
MAC000034,Std,2013-10-05 12:30:00,52.0
MAC000034,Std,2013-10-05 13:00:00,72.0
MAC000034,Std,2013-10-05 13:30:00,83.0
MAC000034,Std,2013-10-05 14:00:00,63.0
MAC000034,Std,2013-10-05 14:30:00,77.0
MAC000034,Std,2013-10-05 15:00:00,77.0
MAC000034,Std,2013-10-05 15:30:00,45.0
MAC000034,Std,2013-10-05 16:00:00,109.0
MAC000034,Std,2013-10-05 16:30:00,52.0
MAC000034,Std,2013-10-05 17:00:00,68.0
MAC000034,Std,2013-10-05 17:30:00,90.0
MAC000034,Std,2013-10-05 18:00:00,51.0
MAC000034,Std,2013-10-05 18:30:00,108.0
MAC000034,Std,2013-10-05 19:00:00,98.0
MAC000034,Std,2013-10-05 19:30:00,95.0
MAC000034,Std,2013-10-05 20:00:00,134.0
MAC000034,Std,2013-10-05 20:30:00,93.0
MAC000034,Std,2013-10-05 21:00:00,100.0
MAC000034,Std,2013-10-05 21:30:00,195.0
MAC000034,Std,2013-10-05 22:00:00,159.0
MAC000034,Std,2013-10-05 22:30:00,194.0
MAC000034,Std,2013-10-05 23:00:00,178.0
MAC000034,Std,2013-10-05 23:30:00,192.0
MAC000034,Std,2013-10-06 00:00:00,119.0
MAC000034,Std,2013-10-06 00:30:00,49.0
MAC000034,Std,2013-10-06 01:00:00,72.0
MAC000034,Std,2013-10-06 01:30:00,89.0
MAC000034,Std,2013-10-06 02:00:00,67.0
MAC000034,Std,2013-10-06 02:30:00,72.0
MAC000034,Std,2013-10-06 03:00:00,77.0
MAC000034,Std,2013-10-06 03:30:00,58.0
MAC000034,Std,2013-10-06 04:00:00,87.0
MAC000034,Std,2013-10-06 04:30:00,67.0
MAC000034,Std,2013-10-06 05:00:00,52.0
MAC000034,Std,2013-10-06 05:30:00,91.0
MAC000034,Std,2013-10-06 06:00:00,61.0
MAC000034,Std,2013-10-06 06:30:00,64.0
MAC000034,Std,2013-10-06 07:00:00,77.0
MAC000034,Std,2013-10-06 07:30:00,55.0
MAC000034,Std,2013-10-06 08:00:00,80.0
MAC000034,Std,2013-10-06 08:30:00,74.0
MAC000034,Std,2013-10-06 09:00:00,101.0
MAC000034,Std,2013-10-06 09:30:00,249.0
MAC000034,Std,2013-10-06 10:00:00,100.0
MAC000034,Std,2013-10-06 10:30:00,75.0
MAC000034,Std,2013-10-06 11:00:00,100.0
MAC000034,Std,2013-10-06 11:30:00,96.0
MAC000034,Std,2013-10-06 12:00:00,137.0
MAC000034,Std,2013-10-06 12:30:00,100.0
MAC000034,Std,2013-10-06 13:00:00,57.0
MAC000034,Std,2013-10-06 13:30:00,82.0
MAC000034,Std,2013-10-06 14:00:00,69.0
MAC000034,Std,2013-10-06 14:30:00,65.0
MAC000034,Std,2013-10-06 15:00:00,85.0
MAC000034,Std,2013-10-06 15:30:00,175.0
MAC000034,Std,2013-10-06 16:00:00,211.0
MAC000034,Std,2013-10-06 16:30:00,202.0
MAC000034,Std,2013-10-06 17:00:00,63.0
MAC000034,Std,2013-10-06 17:30:00,154.0
MAC000034,Std,2013-10-06 18:00:00,60.0
MAC000034,Std,2013-10-06 18:30:00,206.0
MAC000034,Std,2013-10-06 19:00:00,181.0
MAC000034,Std,2013-10-06 19:30:00,197.0
MAC000034,Std,2013-10-06 20:00:00,228.0
MAC000034,Std,2013-10-06 20:30:00,205.0
MAC000034,Std,2013-10-06 21:00:00,202.0
MAC000034,Std,2013-10-06 21:30:00,172.0
MAC000034,Std,2013-10-06 22:00:00,180.0
MAC000034,Std,2013-10-06 22:30:00,207.0
MAC000034,Std,2013-10-06 23:00:00,334.0
MAC000034,Std,2013-10-06 23:30:00,276.0
MAC000034,Std,2013-10-07 00:00:00,76.0
MAC000034,Std,2013-10-07 00:30:00,65.0
MAC000034,Std,2013-10-07 01:00:00,88.0
MAC000034,Std,2013-10-07 01:30:00,53.0
MAC000034,Std,2013-10-07 02:00:00,64.0
MAC000034,Std,2013-10-07 02:30:00,94.0
MAC000034,Std,2013-10-07 03:00:00,48.0
MAC000034,Std,2013-10-07 03:30:00,74.0
MAC000034,Std,2013-10-07 04:00:00,84.0
MAC000034,Std,2013-10-07 04:30:00,50.0
MAC000034,Std,2013-10-07 05:00:00,78.0
MAC000034,Std,2013-10-07 05:30:00,80.0
MAC000034,Std,2013-10-07 06:00:00,48.0
MAC000034,Std,2013-10-07 06:30:00,89.0
MAC000034,Std,2013-10-07 07:00:00,57.0
MAC000034,Std,2013-10-07 07:30:00,58.0
MAC000034,Std,2013-10-07 08:00:00,90.0
MAC000034,Std,2013-10-07 08:30:00,46.0
MAC000034,Std,2013-10-07 09:00:00,47.0
MAC000034,Std,2013-10-07 09:30:00,154.0
MAC000034,Std,2013-10-07 10:00:00,127.0
MAC000034,Std,2013-10-07 10:30:00,241.0
MAC000034,Std,2013-10-07 11:00:00,198.0
MAC000034,Std,2013-10-07 11:30:00,87.0
MAC000034,Std,2013-10-07 12:00:00,163.0
MAC000034,Std,2013-10-07 12:30:00,121.0
MAC000034,Std,2013-10-07 13:00:00,116.0
MAC000034,Std,2013-10-07 13:30:00,144.0
MAC000034,Std,2013-10-07 14:00:00,99.0
MAC000034,Std,2013-10-07 14:30:00,124.0
MAC000034,Std,2013-10-07 15:00:00,109.0
MAC000034,Std,2013-10-07 15:30:00,78.0
MAC000034,Std,2013-10-07 16:00:00,118.0
MAC000034,Std,2013-10-07 16:30:00,67.0
MAC000034,Std,2013-10-07 17:00:00,47.0
MAC000034,Std,2013-10-07 17:30:00,159.0
MAC000034,Std,2013-10-07 18:00:00,195.0
MAC000034,Std,2013-10-07 18:30:00,146.0
MAC000034,Std,2013-10-07 19:00:00,187.0
MAC000034,Std,2013-10-07 19:30:00,159.0
MAC000034,Std,2013-10-07 20:00:00,253.0
MAC000034,Std,2013-10-07 20:30:00,204.0
MAC000034,Std,2013-10-07 21:00:00,174.0
MAC000034,Std,2013-10-07 21:30:00,240.0
MAC000034,Std,2013-10-07 22:00:00,199.0
MAC000034,Std,2013-10-07 22:30:00,199.0
MAC000034,Std,2013-10-07 23:00:00,204.0
MAC000034,Std,2013-10-07 23:30:00,145.0
MAC000034,Std,2013-10-08 00:00:00,239.0
MAC000034,Std,2013-10-08 00:30:00,65.0
MAC000034,Std,2013-10-08 01:00:00,65.0
MAC000034,Std,2013-10-08 01:30:00,99.0
MAC000034,Std,2013-10-08 02:00:00,62.0
MAC000034,Std,2013-10-08 02:30:00,47.0
MAC000034,Std,2013-10-08 03:00:00,112.0
MAC000034,Std,2013-10-08 03:30:00,47.0
MAC000034,Std,2013-10-08 04:00:00,80.0
MAC000034,Std,2013-10-08 04:30:00,86.0
MAC000034,Std,2013-10-08 05:00:00,65.0
MAC000034,Std,2013-10-08 05:30:00,76.0
MAC000034,Std,2013-10-08 06:00:00,82.0
MAC000034,Std,2013-10-08 06:30:00,49.0
MAC000034,Std,2013-10-08 07:00:00,96.0
MAC000034,Std,2013-10-08 07:30:00,76.0
MAC000034,Std,2013-10-08 08:00:00,96.0
MAC000034,Std,2013-10-08 08:30:00,163.0
MAC000034,Std,2013-10-08 09:00:00,200.0
MAC000034,Std,2013-10-08 09:30:00,123.0
MAC000034,Std,2013-10-08 10:00:00,145.0
MAC000034,Std,2013-10-08 10:30:00,178.0
MAC000034,Std,2013-10-08 11:00:00,202.0
MAC000034,Std,2013-10-08 11:30:00,84.0
MAC000034,Std,2013-10-08 12:00:00,49.0
MAC000034,Std,2013-10-08 12:30:00,157.0
MAC000034,Std,2013-10-08 13:00:00,103.0
MAC000034,Std,2013-10-08 13:30:00,112.0
MAC000034,Std,2013-10-08 14:00:00,155.0
MAC000034,Std,2013-10-08 14:30:00,117.0
MAC000034,Std,2013-10-08 15:00:00,102.0
MAC000034,Std,2013-10-08 15:30:00,113.0
MAC000034,Std,2013-10-08 16:00:00,49.0
MAC000034,Std,2013-10-08 16:30:00,89.0
MAC000034,Std,2013-10-08 17:00:00,191.0
MAC000034,Std,2013-10-08 17:30:00,115.0
MAC000034,Std,2013-10-08 18:00:00,162.0
MAC000034,Std,2013-10-08 18:30:00,130.0
MAC000034,Std,2013-10-08 19:00:00,204.0
MAC000034,Std,2013-10-08 19:30:00,215.0
MAC000034,Std,2013-10-08 20:00:00,211.0
MAC000034,Std,2013-10-08 20:30:00,275.0
MAC000034,Std,2013-10-08 21:00:00,233.0
MAC000034,Std,2013-10-08 21:30:00,258.0
MAC000034,Std,2013-10-08 22:00:00,185.0
MAC000034,Std,2013-10-08 22:30:00,156.0
MAC000034,Std,2013-10-08 23:00:00,533.0
MAC000034,Std,2013-10-08 23:30:00,95.0
MAC000034,Std,2013-10-09 00:00:00,73.0
MAC000034,Std,2013-10-09 00:30:00,90.0
MAC000034,Std,2013-10-09 01:00:00,65.0
MAC000034,Std,2013-10-09 01:30:00,91.0
MAC000034,Std,2013-10-09 02:00:00,68.0
MAC000034,Std,2013-10-09 02:30:00,60.0
MAC000034,Std,2013-10-09 03:00:00,100.0
MAC000034,Std,2013-10-09 03:30:00,65.0
MAC000034,Std,2013-10-09 04:00:00,71.0
MAC000034,Std,2013-10-09 04:30:00,90.0
MAC000034,Std,2013-10-09 05:00:00,48.0
MAC000034,Std,2013-10-09 05:30:00,106.0
MAC000034,Std,2013-10-09 06:00:00,64.0
MAC000034,Std,2013-10-09 06:30:00,63.0
MAC000034,Std,2013-10-09 07:00:00,109.0
MAC000034,Std,2013-10-09 07:30:00,43.0
MAC000034,Std,2013-10-09 08:00:00,73.0
MAC000034,Std,2013-10-09 08:30:00,86.0
MAC000034,Std,2013-10-09 09:00:00,115.0
MAC000034,Std,2013-10-09 09:30:00,234.0
MAC000034,Std,2013-10-09 10:00:00,130.0
MAC000034,Std,2013-10-09 10:30:00,115.0
MAC000034,Std,2013-10-09 11:00:00,139.0
MAC000034,Std,2013-10-09 11:30:00,497.0
MAC000034,Std,2013-10-09 12:00:00,1508.0
MAC000034,Std,2013-10-09 12:30:00,186.0
MAC000034,Std,2013-10-09 13:00:00,115.0
MAC000034,Std,2013-10-09 13:30:00,134.0
MAC000034,Std,2013-10-09 14:00:00,108.0
MAC000034,Std,2013-10-09 14:30:00,48.0
MAC000034,Std,2013-10-09 15:00:00,105.0
MAC000034,Std,2013-10-09 15:30:00,47.0
MAC000034,Std,2013-10-09 16:00:00,59.0
MAC000034,Std,2013-10-09 16:30:00,111.0
MAC000034,Std,2013-10-09 17:00:00,257.0
MAC000034,Std,2013-10-09 17:30:00,187.0
MAC000034,Std,2013-10-09 18:00:00,222.0
MAC000034,Std,2013-10-09 18:30:00,130.0
MAC000034,Std,2013-10-09 19:00:00,191.0
MAC000034,Std,2013-10-09 19:30:00,183.0
MAC000034,Std,2013-10-09 20:00:00,171.0
MAC000034,Std,2013-10-09 20:30:00,194.0
MAC000034,Std,2013-10-09 21:00:00,152.0
MAC000034,Std,2013-10-09 21:30:00,183.0
MAC000034,Std,2013-10-09 22:00:00,174.0
MAC000034,Std,2013-10-09 22:30:00,150.0
MAC000034,Std,2013-10-09 23:00:00,283.0
MAC000034,Std,2013-10-09 23:30:00,141.0
MAC000034,Std,2013-10-10 00:00:00,74.0
MAC000034,Std,2013-10-10 00:30:00,100.0
MAC000034,Std,2013-10-10 01:00:00,48.0
MAC000034,Std,2013-10-10 01:30:00,90.0
MAC000034,Std,2013-10-10 02:00:00,69.0
MAC000034,Std,2013-10-10 02:30:00,60.0
MAC000034,Std,2013-10-10 03:00:00,89.0
MAC000034,Std,2013-10-10 03:30:00,60.0
MAC000034,Std,2013-10-10 04:00:00,61.0
MAC000034,Std,2013-10-10 04:30:00,92.0
MAC000034,Std,2013-10-10 05:00:00,56.0
MAC000034,Std,2013-10-10 05:30:00,57.0
MAC000034,Std,2013-10-10 06:00:00,92.0
MAC000034,Std,2013-10-10 06:30:00,50.0
MAC000034,Std,2013-10-10 07:00:00,61.0
MAC000034,Std,2013-10-10 07:30:00,92.0
MAC000034,Std,2013-10-10 08:00:00,45.0
MAC000034,Std,2013-10-10 08:30:00,53.0
MAC000034,Std,2013-10-10 09:00:00,127.0
MAC000034,Std,2013-10-10 09:30:00,119.0
MAC000034,Std,2013-10-10 10:00:00,216.0
MAC000034,Std,2013-10-10 10:30:00,140.0
MAC000034,Std,2013-10-10 11:00:00,107.0
MAC000034,Std,2013-10-10 11:30:00,98.0
MAC000034,Std,2013-10-10 12:00:00,78.0
MAC000034,Std,2013-10-10 12:30:00,128.0
MAC000034,Std,2013-10-10 13:00:00,155.0
MAC000034,Std,2013-10-10 13:30:00,153.0
MAC000034,Std,2013-10-10 14:00:00,129.0
MAC000034,Std,2013-10-10 14:30:00,157.0
MAC000034,Std,2013-10-10 15:00:00,144.0
MAC000034,Std,2013-10-10 15:30:00,264.0
MAC000034,Std,2013-10-10 16:00:00,149.0
MAC000034,Std,2013-10-10 16:30:00,67.0
MAC000034,Std,2013-10-10 17:00:00,174.0
MAC000034,Std,2013-10-10 17:30:00,136.0
MAC000034,Std,2013-10-10 18:00:00,132.0
MAC000034,Std,2013-10-10 18:30:00,143.0
MAC000034,Std,2013-10-10 19:00:00,211.0
MAC000034,Std,2013-10-10 19:30:00,187.0
MAC000034,Std,2013-10-10 20:00:00,239.0
MAC000034,Std,2013-10-10 20:30:00,181.0
MAC000034,Std,2013-10-10 21:00:00,170.0
MAC000034,Std,2013-10-10 21:30:00,215.0
MAC000034,Std,2013-10-10 22:00:00,211.0
MAC000034,Std,2013-10-10 22:30:00,211.0
MAC000034,Std,2013-10-10 23:00:00,445.0
MAC000034,Std,2013-10-10 23:30:00,136.0
MAC000034,Std,2013-10-11 00:00:00,56.0
MAC000034,Std,2013-10-11 00:30:00,89.0
MAC000034,Std,2013-10-11 01:00:00,50.0
MAC000034,Std,2013-10-11 01:30:00,64.0
MAC000034,Std,2013-10-11 02:00:00,87.0
MAC000034,Std,2013-10-11 02:30:00,54.0
MAC000034,Std,2013-10-11 03:00:00,70.0
MAC000034,Std,2013-10-11 03:30:00,77.0
MAC000034,Std,2013-10-11 04:00:00,49.0
MAC000034,Std,2013-10-11 04:30:00,66.0
MAC000034,Std,2013-10-11 05:00:00,81.0
MAC000034,Std,2013-10-11 05:30:00,49.0
MAC000034,Std,2013-10-11 06:00:00,65.0
MAC000034,Std,2013-10-11 06:30:00,83.0
MAC000034,Std,2013-10-11 07:00:00,49.0
MAC000034,Std,2013-10-11 07:30:00,63.0
MAC000034,Std,2013-10-11 08:00:00,79.0
MAC000034,Std,2013-10-11 08:30:00,49.0
MAC000034,Std,2013-10-11 09:00:00,106.0
MAC000034,Std,2013-10-11 09:30:00,142.0
MAC000034,Std,2013-10-11 10:00:00,223.0
MAC000034,Std,2013-10-11 10:30:00,152.0
MAC000034,Std,2013-10-11 11:00:00,161.0
MAC000034,Std,2013-10-11 11:30:00,136.0
MAC000034,Std,2013-10-11 12:00:00,109.0
MAC000034,Std,2013-10-11 12:30:00,139.0
MAC000034,Std,2013-10-11 13:00:00,104.0
MAC000034,Std,2013-10-11 13:30:00,115.0
MAC000034,Std,2013-10-11 14:00:00,132.0
MAC000034,Std,2013-10-11 14:30:00,86.0
MAC000034,Std,2013-10-11 15:00:00,61.0
MAC000034,Std,2013-10-11 15:30:00,97.0
MAC000034,Std,2013-10-11 16:00:00,135.0
MAC000034,Std,2013-10-11 16:30:00,121.0
MAC000034,Std,2013-10-11 17:00:00,139.0
MAC000034,Std,2013-10-11 17:30:00,234.0
MAC000034,Std,2013-10-11 18:00:00,144.0
MAC000034,Std,2013-10-11 18:30:00,174.0
MAC000034,Std,2013-10-11 19:00:00,165.0
MAC000034,Std,2013-10-11 19:30:00,192.0
MAC000034,Std,2013-10-11 20:00:00,224.0
MAC000034,Std,2013-10-11 20:30:00,157.0
MAC000034,Std,2013-10-11 21:00:00,201.0
MAC000034,Std,2013-10-11 21:30:00,158.0
MAC000034,Std,2013-10-11 22:00:00,149.0
MAC000034,Std,2013-10-11 22:30:00,422.0
MAC000034,Std,2013-10-11 23:00:00,86.0
MAC000034,Std,2013-10-11 23:30:00,80.0
MAC000034,Std,2013-10-12 00:00:00,94.0
MAC000034,Std,2013-10-12 00:30:00,50.0
MAC000034,Std,2013-10-12 01:00:00,55.0
MAC000034,Std,2013-10-12 01:30:00,94.0
MAC000034,Std,2013-10-12 02:00:00,54.0
MAC000034,Std,2013-10-12 02:30:00,62.0
MAC000034,Std,2013-10-12 03:00:00,84.0
MAC000034,Std,2013-10-12 03:30:00,49.0
MAC000034,Std,2013-10-12 04:00:00,61.0
MAC000034,Std,2013-10-12 04:30:00,81.0
MAC000034,Std,2013-10-12 05:00:00,49.0
MAC000034,Std,2013-10-12 05:30:00,64.0
MAC000034,Std,2013-10-12 06:00:00,86.0
MAC000034,Std,2013-10-12 06:30:00,53.0
MAC000034,Std,2013-10-12 07:00:00,61.0
MAC000034,Std,2013-10-12 07:30:00,78.0
MAC000034,Std,2013-10-12 08:00:00,45.0
MAC000034,Std,2013-10-12 08:30:00,58.0
MAC000034,Std,2013-10-12 09:00:00,77.0
MAC000034,Std,2013-10-12 09:30:00,47.0
MAC000034,Std,2013-10-12 10:00:00,112.0
MAC000034,Std,2013-10-12 10:30:00,238.0
MAC000034,Std,2013-10-12 11:00:00,100.0
MAC000034,Std,2013-10-12 11:30:00,114.0
MAC000034,Std,2013-10-12 12:00:00,139.0
MAC000034,Std,2013-10-12 12:30:00,127.0
MAC000034,Std,2013-10-12 13:00:00,120.0
MAC000034,Std,2013-10-12 13:30:00,95.0
MAC000034,Std,2013-10-12 14:00:00,59.0
MAC000034,Std,2013-10-12 14:30:00,74.0
MAC000034,Std,2013-10-12 15:00:00,69.0
MAC000034,Std,2013-10-12 15:30:00,50.0
MAC000034,Std,2013-10-12 16:00:00,76.0
MAC000034,Std,2013-10-12 16:30:00,65.0
MAC000034,Std,2013-10-12 17:00:00,194.0
MAC000034,Std,2013-10-12 17:30:00,132.0
MAC000034,Std,2013-10-12 18:00:00,125.0
MAC000034,Std,2013-10-12 18:30:00,130.0
MAC000034,Std,2013-10-12 19:00:00,246.0
MAC000034,Std,2013-10-12 19:30:00,186.0
MAC000034,Std,2013-10-12 20:00:00,170.0
MAC000034,Std,2013-10-12 20:30:00,216.0
MAC000034,Std,2013-10-12 21:00:00,180.0
MAC000034,Std,2013-10-12 21:30:00,215.0
MAC000034,Std,2013-10-12 22:00:00,207.0
MAC000034,Std,2013-10-12 22:30:00,173.0
MAC000034,Std,2013-10-12 23:00:00,210.0
MAC000034,Std,2013-10-12 23:30:00,160.0
MAC000034,Std,2013-10-13 00:00:00,263.0
MAC000034,Std,2013-10-13 00:30:00,184.0
MAC000034,Std,2013-10-13 01:00:00,51.0
MAC000034,Std,2013-10-13 01:30:00,64.0
MAC000034,Std,2013-10-13 02:00:00,95.0
MAC000034,Std,2013-10-13 02:30:00,49.0
MAC000034,Std,2013-10-13 03:00:00,67.0
MAC000034,Std,2013-10-13 03:30:00,93.0
MAC000034,Std,2013-10-13 04:00:00,49.0
MAC000034,Std,2013-10-13 04:30:00,59.0
MAC000034,Std,2013-10-13 05:00:00,96.0
MAC000034,Std,2013-10-13 05:30:00,53.0
MAC000034,Std,2013-10-13 06:00:00,62.0
MAC000034,Std,2013-10-13 06:30:00,80.0
MAC000034,Std,2013-10-13 07:00:00,47.0
MAC000034,Std,2013-10-13 07:30:00,71.0
MAC000034,Std,2013-10-13 08:00:00,86.0
MAC000034,Std,2013-10-13 08:30:00,46.0
MAC000034,Std,2013-10-13 09:00:00,63.0
MAC000034,Std,2013-10-13 09:30:00,128.0
MAC000034,Std,2013-10-13 10:00:00,108.0
MAC000034,Std,2013-10-13 10:30:00,239.0
MAC000034,Std,2013-10-13 11:00:00,136.0
MAC000034,Std,2013-10-13 11:30:00,114.0
MAC000034,Std,2013-10-13 12:00:00,152.0
MAC000034,Std,2013-10-13 12:30:00,161.0
MAC000034,Std,2013-10-13 13:00:00,135.0
MAC000034,Std,2013-10-13 13:30:00,98.0
MAC000034,Std,2013-10-13 14:00:00,104.0
MAC000034,Std,2013-10-13 14:30:00,93.0
MAC000034,Std,2013-10-13 15:00:00,115.0
MAC000034,Std,2013-10-13 15:30:00,64.0
MAC000034,Std,2013-10-13 16:00:00,87.0
MAC000034,Std,2013-10-13 16:30:00,125.0
MAC000034,Std,2013-10-13 17:00:00,90.0
MAC000034,Std,2013-10-13 17:30:00,85.0
MAC000034,Std,2013-10-13 18:00:00,261.0
MAC000034,Std,2013-10-13 18:30:00,122.0
MAC000034,Std,2013-10-13 19:00:00,141.0
MAC000034,Std,2013-10-13 19:30:00,1497.0
MAC000034,Std,2013-10-13 20:00:00,139.0
MAC000034,Std,2013-10-13 20:30:00,183.0
MAC000034,Std,2013-10-13 21:00:00,217.0
MAC000034,Std,2013-10-13 21:30:00,164.0
MAC000034,Std,2013-10-13 22:00:00,157.0
MAC000034,Std,2013-10-13 22:30:00,199.0
MAC000034,Std,2013-10-13 23:00:00,213.0
MAC000034,Std,2013-10-13 23:30:00,94.0
MAC000034,Std,2013-10-14 00:00:00,95.0
MAC000034,Std,2013-10-14 00:30:00,51.0
MAC000034,Std,2013-10-14 01:00:00,50.0
MAC000034,Std,2013-10-14 01:30:00,91.0
MAC000034,Std,2013-10-14 02:00:00,53.0
MAC000034,Std,2013-10-14 02:30:00,53.0
MAC000034,Std,2013-10-14 03:00:00,90.0
MAC000034,Std,2013-10-14 03:30:00,59.0
MAC000034,Std,2013-10-14 04:00:00,52.0
MAC000034,Std,2013-10-14 04:30:00,82.0
MAC000034,Std,2013-10-14 05:00:00,59.0
MAC000034,Std,2013-10-14 05:30:00,49.0
MAC000034,Std,2013-10-14 06:00:00,75.0
MAC000034,Std,2013-10-14 06:30:00,66.0
MAC000034,Std,2013-10-14 07:00:00,45.0
MAC000034,Std,2013-10-14 07:30:00,66.0
MAC000034,Std,2013-10-14 08:00:00,69.0
MAC000034,Std,2013-10-14 08:30:00,45.0
MAC000034,Std,2013-10-14 09:00:00,78.0
MAC000034,Std,2013-10-14 09:30:00,142.0
MAC000034,Std,2013-10-14 10:00:00,109.0
MAC000034,Std,2013-10-14 10:30:00,213.0
MAC000034,Std,2013-10-14 11:00:00,150.0
MAC000034,Std,2013-10-14 11:30:00,107.0
MAC000034,Std,2013-10-14 12:00:00,116.0
MAC000034,Std,2013-10-14 12:30:00,198.0
MAC000034,Std,2013-10-14 13:00:00,162.0
MAC000034,Std,2013-10-14 13:30:00,161.0
MAC000034,Std,2013-10-14 14:00:00,205.0
MAC000034,Std,2013-10-14 14:30:00,156.0
MAC000034,Std,2013-10-14 15:00:00,168.0
MAC000034,Std,2013-10-14 15:30:00,91.0
MAC000034,Std,2013-10-14 16:00:00,48.0
MAC000034,Std,2013-10-14 16:30:00,50.0
MAC000034,Std,2013-10-14 17:00:00,87.0
MAC000034,Std,2013-10-14 17:30:00,70.0
MAC000034,Std,2013-10-14 18:00:00,226.0
MAC000034,Std,2013-10-14 18:30:00,192.0
MAC000034,Std,2013-10-14 19:00:00,164.0
MAC000034,Std,2013-10-14 19:30:00,204.0
MAC000034,Std,2013-10-14 20:00:00,236.0
MAC000034,Std,2013-10-14 20:30:00,172.0
MAC000034,Std,2013-10-14 21:00:00,201.0
MAC000034,Std,2013-10-14 21:30:00,173.0
MAC000034,Std,2013-10-14 22:00:00,171.0
MAC000034,Std,2013-10-14 22:30:00,192.0
MAC000034,Std,2013-10-14 23:00:00,167.0
MAC000034,Std,2013-10-14 23:30:00,478.0
MAC000034,Std,2013-10-15 00:00:00,146.0
MAC000034,Std,2013-10-15 00:30:00,50.0
MAC000034,Std,2013-10-15 01:00:00,54.0
MAC000034,Std,2013-10-15 01:30:00,96.0
MAC000034,Std,2013-10-15 02:00:00,58.0
MAC000034,Std,2013-10-15 02:30:00,62.0
MAC000034,Std,2013-10-15 03:00:00,86.0
MAC000034,Std,2013-10-15 03:30:00,48.0
MAC000034,Std,2013-10-15 04:00:00,56.0
MAC000034,Std,2013-10-15 04:30:00,88.0
MAC000034,Std,2013-10-15 05:00:00,55.0
MAC000034,Std,2013-10-15 05:30:00,60.0
MAC000034,Std,2013-10-15 06:00:00,94.0
MAC000034,Std,2013-10-15 06:30:00,57.0
MAC000034,Std,2013-10-15 07:00:00,46.0
MAC000034,Std,2013-10-15 07:30:00,91.0
MAC000034,Std,2013-10-15 08:00:00,74.0
MAC000034,Std,2013-10-15 08:30:00,133.0
MAC000034,Std,2013-10-15 09:00:00,250.0
MAC000034,Std,2013-10-15 09:30:00,111.0
MAC000034,Std,2013-10-15 10:00:00,124.0
MAC000034,Std,2013-10-15 10:30:00,93.0
MAC000034,Std,2013-10-15 11:00:00,50.0
MAC000034,Std,2013-10-15 11:30:00,49.0
MAC000034,Std,2013-10-15 12:00:00,91.0
MAC000034,Std,2013-10-15 12:30:00,49.0
MAC000034,Std,2013-10-15 13:00:00,47.0
MAC000034,Std,2013-10-15 13:30:00,83.0
MAC000034,Std,2013-10-15 14:00:00,51.0
MAC000034,Std,2013-10-15 14:30:00,46.0
MAC000034,Std,2013-10-15 15:00:00,74.0
MAC000034,Std,2013-10-15 15:30:00,59.0
MAC000034,Std,2013-10-15 16:00:00,44.0
MAC000034,Std,2013-10-15 16:30:00,67.0
MAC000034,Std,2013-10-15 17:00:00,230.0
MAC000034,Std,2013-10-15 17:30:00,109.0
MAC000034,Std,2013-10-15 18:00:00,136.0
MAC000034,Std,2013-10-15 18:30:00,212.0
MAC000034,Std,2013-10-15 19:00:00,176.0
MAC000034,Std,2013-10-15 19:30:00,197.0
MAC000034,Std,2013-10-15 20:00:00,178.0
MAC000034,Std,2013-10-15 20:30:00,200.0
MAC000034,Std,2013-10-15 21:00:00,251.0
MAC000034,Std,2013-10-15 21:30:00,203.0
MAC000034,Std,2013-10-15 22:00:00,201.0
MAC000034,Std,2013-10-15 22:30:00,241.0
MAC000034,Std,2013-10-15 23:00:00,412.0
MAC000034,Std,2013-10-15 23:30:00,546.0
MAC000034,Std,2013-10-16 00:00:00,582.0
MAC000034,Std,2013-10-16 00:30:00,480.0
MAC000034,Std,2013-10-16 01:00:00,48.0
MAC000034,Std,2013-10-16 01:30:00,96.0
MAC000034,Std,2013-10-16 02:00:00,56.0
MAC000034,Std,2013-10-16 02:30:00,52.0
MAC000034,Std,2013-10-16 03:00:00,89.0
MAC000034,Std,2013-10-16 03:30:00,57.0
MAC000034,Std,2013-10-16 04:00:00,49.0
MAC000034,Std,2013-10-16 04:30:00,80.0
MAC000034,Std,2013-10-16 05:00:00,62.0
MAC000034,Std,2013-10-16 05:30:00,49.0
MAC000034,Std,2013-10-16 06:00:00,68.0
MAC000034,Std,2013-10-16 06:30:00,79.0
MAC000034,Std,2013-10-16 07:00:00,45.0
MAC000034,Std,2013-10-16 07:30:00,52.0
MAC000034,Std,2013-10-16 08:00:00,87.0
MAC000034,Std,2013-10-16 08:30:00,90.0
MAC000034,Std,2013-10-16 09:00:00,132.0
MAC000034,Std,2013-10-16 09:30:00,148.0
MAC000034,Std,2013-10-16 10:00:00,221.0
MAC000034,Std,2013-10-16 10:30:00,105.0
MAC000034,Std,2013-10-16 11:00:00,150.0
MAC000034,Std,2013-10-16 11:30:00,107.0
MAC000034,Std,2013-10-16 12:00:00,114.0
MAC000034,Std,2013-10-16 12:30:00,138.0
MAC000034,Std,2013-10-16 13:00:00,121.0
MAC000034,Std,2013-10-16 13:30:00,107.0
MAC000034,Std,2013-10-16 14:00:00,123.0
MAC000034,Std,2013-10-16 14:30:00,130.0
MAC000034,Std,2013-10-16 15:00:00,54.0
MAC000034,Std,2013-10-16 15:30:00,158.0
MAC000034,Std,2013-10-16 16:00:00,333.0
MAC000034,Std,2013-10-16 16:30:00,54.0
MAC000034,Std,2013-10-16 17:00:00,189.0
MAC000034,Std,2013-10-16 17:30:00,133.0
MAC000034,Std,2013-10-16 18:00:00,120.0
MAC000034,Std,2013-10-16 18:30:00,146.0
MAC000034,Std,2013-10-16 19:00:00,191.0
MAC000034,Std,2013-10-16 19:30:00,210.0
MAC000034,Std,2013-10-16 20:00:00,224.0
MAC000034,Std,2013-10-16 20:30:00,184.0
MAC000034,Std,2013-10-16 21:00:00,162.0
MAC000034,Std,2013-10-16 21:30:00,201.0
MAC000034,Std,2013-10-16 22:00:00,202.0
MAC000034,Std,2013-10-16 22:30:00,616.0
MAC000034,Std,2013-10-16 23:00:00,652.0
MAC000034,Std,2013-10-16 23:30:00,335.0
MAC000034,Std,2013-10-17 00:00:00,74.0
MAC000034,Std,2013-10-17 00:30:00,92.0
MAC000034,Std,2013-10-17 01:00:00,55.0
MAC000034,Std,2013-10-17 01:30:00,76.0
MAC000034,Std,2013-10-17 02:00:00,83.0
MAC000034,Std,2013-10-17 02:30:00,51.0
MAC000034,Std,2013-10-17 03:00:00,77.0
MAC000034,Std,2013-10-17 03:30:00,87.0
MAC000034,Std,2013-10-17 04:00:00,50.0
MAC000034,Std,2013-10-17 04:30:00,75.0
MAC000034,Std,2013-10-17 05:00:00,72.0
MAC000034,Std,2013-10-17 05:30:00,59.0
MAC000034,Std,2013-10-17 06:00:00,86.0
MAC000034,Std,2013-10-17 06:30:00,68.0
MAC000034,Std,2013-10-17 07:00:00,47.0
MAC000034,Std,2013-10-17 07:30:00,81.0
MAC000034,Std,2013-10-17 08:00:00,63.0
MAC000034,Std,2013-10-17 08:30:00,49.0
MAC000034,Std,2013-10-17 09:00:00,107.0
MAC000034,Std,2013-10-17 09:30:00,219.0
MAC000034,Std,2013-10-17 10:00:00,111.0
MAC000034,Std,2013-10-17 10:30:00,136.0
MAC000034,Std,2013-10-17 11:00:00,97.0
MAC000034,Std,2013-10-17 11:30:00,55.0
MAC000034,Std,2013-10-17 12:00:00,82.0
MAC000034,Std,2013-10-17 12:30:00,127.0
MAC000034,Std,2013-10-17 13:00:00,110.0
MAC000034,Std,2013-10-17 13:30:00,145.0
MAC000034,Std,2013-10-17 14:00:00,152.0
MAC000034,Std,2013-10-17 14:30:00,82.0
MAC000034,Std,2013-10-17 15:00:00,94.0
MAC000034,Std,2013-10-17 15:30:00,47.0
MAC000034,Std,2013-10-17 16:00:00,46.0
MAC000034,Std,2013-10-17 16:30:00,91.0
MAC000034,Std,2013-10-17 17:00:00,212.0
MAC000034,Std,2013-10-17 17:30:00,137.0
MAC000034,Std,2013-10-17 18:00:00,143.0
MAC000034,Std,2013-10-17 18:30:00,136.0
MAC000034,Std,2013-10-17 19:00:00,189.0
MAC000034,Std,2013-10-17 19:30:00,162.0
MAC000034,Std,2013-10-17 20:00:00,152.0
MAC000034,Std,2013-10-17 20:30:00,255.0
MAC000034,Std,2013-10-17 21:00:00,163.0
MAC000034,Std,2013-10-17 21:30:00,189.0
MAC000034,Std,2013-10-17 22:00:00,213.0
MAC000034,Std,2013-10-17 22:30:00,150.0
MAC000034,Std,2013-10-17 23:00:00,190.0
MAC000034,Std,2013-10-17 23:30:00,587.0
MAC000034,Std,2013-10-18 00:00:00,50.0
MAC000034,Std,2013-10-18 00:30:00,91.0
MAC000034,Std,2013-10-18 01:00:00,73.0
MAC000034,Std,2013-10-18 01:30:00,49.0
MAC000034,Std,2013-10-18 02:00:00,96.0
MAC000034,Std,2013-10-18 02:30:00,61.0
MAC000034,Std,2013-10-18 03:00:00,54.0
MAC000034,Std,2013-10-18 03:30:00,94.0
MAC000034,Std,2013-10-18 04:00:00,47.0
MAC000034,Std,2013-10-18 04:30:00,65.0
MAC000034,Std,2013-10-18 05:00:00,94.0
MAC000034,Std,2013-10-18 05:30:00,48.0
MAC000034,Std,2013-10-18 06:00:00,59.0
MAC000034,Std,2013-10-18 06:30:00,91.0
MAC000034,Std,2013-10-18 07:00:00,60.0
MAC000034,Std,2013-10-18 07:30:00,63.0
MAC000034,Std,2013-10-18 08:00:00,72.0
MAC000034,Std,2013-10-18 08:30:00,51.0
MAC000034,Std,2013-10-18 09:00:00,141.0
MAC000034,Std,2013-10-18 09:30:00,202.0
MAC000034,Std,2013-10-18 10:00:00,137.0
MAC000034,Std,2013-10-18 10:30:00,132.0
MAC000034,Std,2013-10-18 11:00:00,69.0
MAC000034,Std,2013-10-18 11:30:00,131.0
MAC000034,Std,2013-10-18 12:00:00,155.0
MAC000034,Std,2013-10-18 12:30:00,56.0
MAC000034,Std,2013-10-18 13:00:00,51.0
MAC000034,Std,2013-10-18 13:30:00,166.0
MAC000034,Std,2013-10-18 14:00:00,113.0
MAC000034,Std,2013-10-18 14:30:00,132.0
MAC000034,Std,2013-10-18 15:00:00,109.0
MAC000034,Std,2013-10-18 15:30:00,160.0
MAC000034,Std,2013-10-18 16:00:00,86.0
MAC000034,Std,2013-10-18 16:30:00,100.0
MAC000034,Std,2013-10-18 17:00:00,88.0
MAC000034,Std,2013-10-18 17:30:00,121.0
MAC000034,Std,2013-10-18 18:00:00,108.0
MAC000034,Std,2013-10-18 18:30:00,130.0
MAC000034,Std,2013-10-18 19:00:00,205.0
MAC000034,Std,2013-10-18 19:30:00,159.0
MAC000034,Std,2013-10-18 20:00:00,174.0
MAC000034,Std,2013-10-18 20:30:00,233.0
MAC000034,Std,2013-10-18 21:00:00,165.0
MAC000034,Std,2013-10-18 21:30:00,202.0
MAC000034,Std,2013-10-18 22:00:00,194.0
MAC000034,Std,2013-10-18 22:30:00,168.0
MAC000034,Std,2013-10-18 23:00:00,206.0
MAC000034,Std,2013-10-18 23:30:00,155.0
MAC000034,Std,2013-10-19 00:00:00,391.0
MAC000034,Std,2013-10-19 00:30:00,96.0
MAC000034,Std,2013-10-19 01:00:00,67.0
MAC000034,Std,2013-10-19 01:30:00,51.0
MAC000034,Std,2013-10-19 02:00:00,110.0
MAC000034,Std,2013-10-19 02:30:00,47.0
MAC000034,Std,2013-10-19 03:00:00,72.0
MAC000034,Std,2013-10-19 03:30:00,88.0
MAC000034,Std,2013-10-19 04:00:00,47.0
MAC000034,Std,2013-10-19 04:30:00,89.0
MAC000034,Std,2013-10-19 05:00:00,71.0
MAC000034,Std,2013-10-19 05:30:00,59.0
MAC000034,Std,2013-10-19 06:00:00,84.0
MAC000034,Std,2013-10-19 06:30:00,62.0
MAC000034,Std,2013-10-19 07:00:00,62.0
MAC000034,Std,2013-10-19 07:30:00,87.0
MAC000034,Std,2013-10-19 08:00:00,56.0
MAC000034,Std,2013-10-19 08:30:00,60.0
MAC000034,Std,2013-10-19 09:00:00,119.0
MAC000034,Std,2013-10-19 09:30:00,118.0
MAC000034,Std,2013-10-19 10:00:00,115.0
MAC000034,Std,2013-10-19 10:30:00,246.0
MAC000034,Std,2013-10-19 11:00:00,114.0
MAC000034,Std,2013-10-19 11:30:00,115.0
MAC000034,Std,2013-10-19 12:00:00,290.0
MAC000034,Std,2013-10-19 12:30:00,113.0
MAC000034,Std,2013-10-19 13:00:00,126.0
MAC000034,Std,2013-10-19 13:30:00,144.0
MAC000034,Std,2013-10-19 14:00:00,92.0
MAC000034,Std,2013-10-19 14:30:00,71.0
MAC000034,Std,2013-10-19 15:00:00,75.0
MAC000034,Std,2013-10-19 15:30:00,61.0
MAC000034,Std,2013-10-19 16:00:00,72.0
MAC000034,Std,2013-10-19 16:30:00,64.0
MAC000034,Std,2013-10-19 17:00:00,62.0
MAC000034,Std,2013-10-19 17:30:00,131.0
MAC000034,Std,2013-10-19 18:00:00,264.0
MAC000034,Std,2013-10-19 18:30:00,147.0
MAC000034,Std,2013-10-19 19:00:00,213.0
MAC000034,Std,2013-10-19 19:30:00,176.0
MAC000034,Std,2013-10-19 20:00:00,198.0
MAC000034,Std,2013-10-19 20:30:00,249.0
MAC000034,Std,2013-10-19 21:00:00,166.0
MAC000034,Std,2013-10-19 21:30:00,223.0
MAC000034,Std,2013-10-19 22:00:00,178.0
MAC000034,Std,2013-10-19 22:30:00,176.0
MAC000034,Std,2013-10-19 23:00:00,209.0
MAC000034,Std,2013-10-19 23:30:00,185.0
MAC000034,Std,2013-10-20 00:00:00,134.0
MAC000034,Std,2013-10-20 00:30:00,91.0
MAC000034,Std,2013-10-20 01:00:00,65.0
MAC000034,Std,2013-10-20 01:30:00,107.0
MAC000034,Std,2013-10-20 02:00:00,54.0
MAC000034,Std,2013-10-20 02:30:00,66.0
MAC000034,Std,2013-10-20 03:00:00,114.0
MAC000034,Std,2013-10-20 03:30:00,46.0
MAC000034,Std,2013-10-20 04:00:00,75.0
MAC000034,Std,2013-10-20 04:30:00,88.0
MAC000034,Std,2013-10-20 05:00:00,60.0
MAC000034,Std,2013-10-20 05:30:00,78.0
MAC000034,Std,2013-10-20 06:00:00,81.0
MAC000034,Std,2013-10-20 06:30:00,59.0
MAC000034,Std,2013-10-20 07:00:00,83.0
MAC000034,Std,2013-10-20 07:30:00,71.0
MAC000034,Std,2013-10-20 08:00:00,47.0
MAC000034,Std,2013-10-20 08:30:00,97.0
MAC000034,Std,2013-10-20 09:00:00,91.0
MAC000034,Std,2013-10-20 09:30:00,108.0
MAC000034,Std,2013-10-20 10:00:00,249.0
MAC000034,Std,2013-10-20 10:30:00,97.0
MAC000034,Std,2013-10-20 11:00:00,176.0
MAC000034,Std,2013-10-20 11:30:00,99.0
MAC000034,Std,2013-10-20 12:00:00,53.0
MAC000034,Std,2013-10-20 12:30:00,78.0
MAC000034,Std,2013-10-20 13:00:00,72.0
MAC000034,Std,2013-10-20 13:30:00,61.0
MAC000034,Std,2013-10-20 14:00:00,76.0
MAC000034,Std,2013-10-20 14:30:00,79.0
MAC000034,Std,2013-10-20 15:00:00,45.0
MAC000034,Std,2013-10-20 15:30:00,92.0
MAC000034,Std,2013-10-20 16:00:00,63.0
MAC000034,Std,2013-10-20 16:30:00,186.0
MAC000034,Std,2013-10-20 17:00:00,164.0
MAC000034,Std,2013-10-20 17:30:00,116.0
MAC000034,Std,2013-10-20 18:00:00,123.0
MAC000034,Std,2013-10-20 18:30:00,183.0
MAC000034,Std,2013-10-20 19:00:00,167.0
MAC000034,Std,2013-10-20 19:30:00,222.0
MAC000034,Std,2013-10-20 20:00:00,256.0
MAC000034,Std,2013-10-20 20:30:00,185.0
MAC000034,Std,2013-10-20 21:00:00,221.0
MAC000034,Std,2013-10-20 21:30:00,190.0
MAC000034,Std,2013-10-20 22:00:00,181.0
MAC000034,Std,2013-10-20 22:30:00,226.0
MAC000034,Std,2013-10-20 23:00:00,421.0
MAC000034,Std,2013-10-20 23:30:00,138.0
MAC000034,Std,2013-10-21 00:00:00,97.0
MAC000034,Std,2013-10-21 00:30:00,66.0
MAC000034,Std,2013-10-21 01:00:00,86.0
MAC000034,Std,2013-10-21 01:30:00,76.0
MAC000034,Std,2013-10-21 02:00:00,66.0
MAC000034,Std,2013-10-21 02:30:00,87.0
MAC000034,Std,2013-10-21 03:00:00,72.0
MAC000034,Std,2013-10-21 03:30:00,51.0
MAC000034,Std,2013-10-21 04:00:00,108.0
MAC000034,Std,2013-10-21 04:30:00,50.0
MAC000034,Std,2013-10-21 05:00:00,63.0
MAC000034,Std,2013-10-21 05:30:00,102.0
MAC000034,Std,2013-10-21 06:00:00,60.0
MAC000034,Std,2013-10-21 06:30:00,73.0
MAC000034,Std,2013-10-21 07:00:00,89.0
MAC000034,Std,2013-10-21 07:30:00,57.0
MAC000034,Std,2013-10-21 08:00:00,63.0
MAC000034,Std,2013-10-21 08:30:00,125.0
MAC000034,Std,2013-10-21 09:00:00,215.0
MAC000034,Std,2013-10-21 09:30:00,132.0
MAC000034,Std,2013-10-21 10:00:00,279.0
MAC000034,Std,2013-10-21 10:30:00,130.0
MAC000034,Std,2013-10-21 11:00:00,93.0
MAC000034,Std,2013-10-21 11:30:00,63.0
MAC000034,Std,2013-10-21 12:00:00,52.0
MAC000034,Std,2013-10-21 12:30:00,96.0
MAC000034,Std,2013-10-21 13:00:00,52.0
MAC000034,Std,2013-10-21 13:30:00,63.0
MAC000034,Std,2013-10-21 14:00:00,90.0
MAC000034,Std,2013-10-21 14:30:00,65.0
MAC000034,Std,2013-10-21 15:00:00,46.0
MAC000034,Std,2013-10-21 15:30:00,100.0
MAC000034,Std,2013-10-21 16:00:00,55.0
MAC000034,Std,2013-10-21 16:30:00,44.0
MAC000034,Std,2013-10-21 17:00:00,254.0
MAC000034,Std,2013-10-21 17:30:00,138.0
MAC000034,Std,2013-10-21 18:00:00,172.0
MAC000034,Std,2013-10-21 18:30:00,231.0
MAC000034,Std,2013-10-21 19:00:00,202.0
MAC000034,Std,2013-10-21 19:30:00,225.0
MAC000034,Std,2013-10-21 20:00:00,225.0
MAC000034,Std,2013-10-21 20:30:00,201.0
MAC000034,Std,2013-10-21 21:00:00,227.0
MAC000034,Std,2013-10-21 21:30:00,263.0
MAC000034,Std,2013-10-21 22:00:00,250.0
MAC000034,Std,2013-10-21 22:30:00,276.0
MAC000034,Std,2013-10-21 23:00:00,240.0
MAC000034,Std,2013-10-21 23:30:00,268.0
MAC000034,Std,2013-10-22 00:00:00,114.0
MAC000034,Std,2013-10-22 00:30:00,66.0
MAC000034,Std,2013-10-22 01:00:00,60.0
MAC000034,Std,2013-10-22 01:30:00,101.0
MAC000034,Std,2013-10-22 02:00:00,65.0
MAC000034,Std,2013-10-22 02:30:00,60.0
MAC000034,Std,2013-10-22 03:00:00,100.0
MAC000034,Std,2013-10-22 03:30:00,65.0
MAC000034,Std,2013-10-22 04:00:00,60.0
MAC000034,Std,2013-10-22 04:30:00,99.0
MAC000034,Std,2013-10-22 05:00:00,49.0
MAC000034,Std,2013-10-22 05:30:00,81.0
MAC000034,Std,2013-10-22 06:00:00,93.0
MAC000034,Std,2013-10-22 06:30:00,52.0
MAC000034,Std,2013-10-22 07:00:00,86.0
MAC000034,Std,2013-10-22 07:30:00,70.0
MAC000034,Std,2013-10-22 08:00:00,67.0
MAC000034,Std,2013-10-22 08:30:00,155.0
MAC000034,Std,2013-10-22 09:00:00,229.0
MAC000034,Std,2013-10-22 09:30:00,124.0
MAC000034,Std,2013-10-22 10:00:00,164.0
MAC000034,Std,2013-10-22 10:30:00,127.0
MAC000034,Std,2013-10-22 11:00:00,254.0
MAC000034,Std,2013-10-22 11:30:00,1712.0
MAC000034,Std,2013-10-22 12:00:00,120.0
MAC000034,Std,2013-10-22 12:30:00,121.0
MAC000034,Std,2013-10-22 13:00:00,173.0
MAC000034,Std,2013-10-22 13:30:00,117.0
MAC000034,Std,2013-10-22 14:00:00,55.0
MAC000034,Std,2013-10-22 14:30:00,106.0
MAC000034,Std,2013-10-22 15:00:00,53.0
MAC000034,Std,2013-10-22 15:30:00,70.0
MAC000034,Std,2013-10-22 16:00:00,94.0
MAC000034,Std,2013-10-22 16:30:00,43.0
MAC000034,Std,2013-10-22 17:00:00,100.0
MAC000034,Std,2013-10-22 17:30:00,252.0
MAC000034,Std,2013-10-22 18:00:00,169.0
MAC000034,Std,2013-10-22 18:30:00,203.0
MAC000034,Std,2013-10-22 19:00:00,182.0
MAC000034,Std,2013-10-22 19:30:00,205.0
MAC000034,Std,2013-10-22 20:00:00,211.0
MAC000034,Std,2013-10-22 20:30:00,173.0
MAC000034,Std,2013-10-22 21:00:00,201.0
MAC000034,Std,2013-10-22 21:30:00,197.0
MAC000034,Std,2013-10-22 22:00:00,173.0
MAC000034,Std,2013-10-22 22:30:00,218.0
MAC000034,Std,2013-10-22 23:00:00,237.0
MAC000034,Std,2013-10-22 23:30:00,207.0
MAC000034,Std,2013-10-23 00:00:00,118.0
MAC000034,Std,2013-10-23 00:30:00,66.0
MAC000034,Std,2013-10-23 01:00:00,71.0
MAC000034,Std,2013-10-23 01:30:00,92.0
MAC000034,Std,2013-10-23 02:00:00,66.0
MAC000034,Std,2013-10-23 02:30:00,89.0
MAC000034,Std,2013-10-23 03:00:00,88.0
MAC000034,Std,2013-10-23 03:30:00,49.0
MAC000034,Std,2013-10-23 04:00:00,100.0
MAC000034,Std,2013-10-23 04:30:00,80.0
MAC000034,Std,2013-10-23 05:00:00,47.0
MAC000034,Std,2013-10-23 05:30:00,110.0
MAC000034,Std,2013-10-23 06:00:00,62.0
MAC000034,Std,2013-10-23 06:30:00,55.0
MAC000034,Std,2013-10-23 07:00:00,111.0
MAC000034,Std,2013-10-23 07:30:00,43.0
MAC000034,Std,2013-10-23 08:00:00,62.0
MAC000034,Std,2013-10-23 08:30:00,92.0
MAC000034,Std,2013-10-23 09:00:00,68.0
MAC000034,Std,2013-10-23 09:30:00,85.0
MAC000034,Std,2013-10-23 10:00:00,165.0
MAC000034,Std,2013-10-23 10:30:00,190.0
MAC000034,Std,2013-10-23 11:00:00,125.0
MAC000034,Std,2013-10-23 11:30:00,189.0
MAC000034,Std,2013-10-23 12:00:00,61.0
MAC000034,Std,2013-10-23 12:30:00,75.0
MAC000034,Std,2013-10-23 13:00:00,84.0
MAC000034,Std,2013-10-23 13:30:00,51.0
MAC000034,Std,2013-10-23 14:00:00,85.0
MAC000034,Std,2013-10-23 14:30:00,72.0
MAC000034,Std,2013-10-23 15:00:00,52.0
MAC000034,Std,2013-10-23 15:30:00,85.0
MAC000034,Std,2013-10-23 16:00:00,69.0
MAC000034,Std,2013-10-23 16:30:00,43.0
MAC000034,Std,2013-10-23 17:00:00,237.0
MAC000034,Std,2013-10-23 17:30:00,133.0
MAC000034,Std,2013-10-23 18:00:00,130.0
MAC000034,Std,2013-10-23 18:30:00,227.0
MAC000034,Std,2013-10-23 19:00:00,224.0
MAC000034,Std,2013-10-23 19:30:00,244.0
MAC000034,Std,2013-10-23 20:00:00,246.0
MAC000034,Std,2013-10-23 20:30:00,167.0
MAC000034,Std,2013-10-23 21:00:00,202.0
MAC000034,Std,2013-10-23 21:30:00,182.0
MAC000034,Std,2013-10-23 22:00:00,163.0
MAC000034,Std,2013-10-23 22:30:00,217.0
MAC000034,Std,2013-10-23 23:00:00,159.0
MAC000034,Std,2013-10-23 23:30:00,179.0
MAC000034,Std,2013-10-24 00:00:00,128.0
MAC000034,Std,2013-10-24 00:30:00,66.0
MAC000034,Std,2013-10-24 01:00:00,103.0
MAC000034,Std,2013-10-24 01:30:00,82.0
MAC000034,Std,2013-10-24 02:00:00,67.0
MAC000034,Std,2013-10-24 02:30:00,115.0
MAC000034,Std,2013-10-24 03:00:00,67.0
MAC000034,Std,2013-10-24 03:30:00,62.0
MAC000034,Std,2013-10-24 04:00:00,100.0
MAC000034,Std,2013-10-24 04:30:00,48.0
MAC000034,Std,2013-10-24 05:00:00,78.0
MAC000034,Std,2013-10-24 05:30:00,86.0
MAC000034,Std,2013-10-24 06:00:00,61.0
MAC000034,Std,2013-10-24 06:30:00,81.0
MAC000034,Std,2013-10-24 07:00:00,79.0
MAC000034,Std,2013-10-24 07:30:00,47.0
MAC000034,Std,2013-10-24 08:00:00,85.0
MAC000034,Std,2013-10-24 08:30:00,103.0
MAC000034,Std,2013-10-24 09:00:00,108.0
MAC000034,Std,2013-10-24 09:30:00,235.0
MAC000034,Std,2013-10-24 10:00:00,158.0
MAC000034,Std,2013-10-24 10:30:00,103.0
MAC000034,Std,2013-10-24 11:00:00,137.0
MAC000034,Std,2013-10-24 11:30:00,114.0
MAC000034,Std,2013-10-24 12:00:00,141.0
MAC000034,Std,2013-10-24 12:30:00,144.0
MAC000034,Std,2013-10-24 13:00:00,125.0
MAC000034,Std,2013-10-24 13:30:00,122.0
MAC000034,Std,2013-10-24 14:00:00,137.0
MAC000034,Std,2013-10-24 14:30:00,127.0
MAC000034,Std,2013-10-24 15:00:00,101.0
MAC000034,Std,2013-10-24 15:30:00,104.0
MAC000034,Std,2013-10-24 16:00:00,63.0
MAC000034,Std,2013-10-24 16:30:00,47.0
MAC000034,Std,2013-10-24 17:00:00,263.0
MAC000034,Std,2013-10-24 17:30:00,108.0
MAC000034,Std,2013-10-24 18:00:00,118.0
MAC000034,Std,2013-10-24 18:30:00,182.0
MAC000034,Std,2013-10-24 19:00:00,257.0
MAC000034,Std,2013-10-24 19:30:00,270.0
MAC000034,Std,2013-10-24 20:00:00,256.0
MAC000034,Std,2013-10-24 20:30:00,261.0
MAC000034,Std,2013-10-24 21:00:00,297.0
MAC000034,Std,2013-10-24 21:30:00,283.0
MAC000034,Std,2013-10-24 22:00:00,228.0
MAC000034,Std,2013-10-24 22:30:00,229.0
MAC000034,Std,2013-10-24 23:00:00,192.0
MAC000034,Std,2013-10-24 23:30:00,487.0
MAC000034,Std,2013-10-25 00:00:00,127.0
MAC000034,Std,2013-10-25 00:30:00,95.0
MAC000034,Std,2013-10-25 01:00:00,115.0
MAC000034,Std,2013-10-25 01:30:00,115.0
MAC000034,Std,2013-10-25 02:00:00,78.0
MAC000034,Std,2013-10-25 02:30:00,140.0
MAC000034,Std,2013-10-25 03:00:00,83.0
MAC000034,Std,2013-10-25 03:30:00,98.0
MAC000034,Std,2013-10-25 04:00:00,126.0
MAC000034,Std,2013-10-25 04:30:00,99.0
MAC000034,Std,2013-10-25 05:00:00,80.0
MAC000034,Std,2013-10-25 05:30:00,147.0
MAC000034,Std,2013-10-25 06:00:00,78.0
MAC000034,Std,2013-10-25 06:30:00,106.0
MAC000034,Std,2013-10-25 07:00:00,116.0
MAC000034,Std,2013-10-25 07:30:00,94.0
MAC000034,Std,2013-10-25 08:00:00,88.0
MAC000034,Std,2013-10-25 08:30:00,128.0
MAC000034,Std,2013-10-25 09:00:00,78.0
MAC000034,Std,2013-10-25 09:30:00,171.0
MAC000034,Std,2013-10-25 10:00:00,177.0
MAC000034,Std,2013-10-25 10:30:00,239.0
MAC000034,Std,2013-10-25 11:00:00,124.0
MAC000034,Std,2013-10-25 11:30:00,98.0
MAC000034,Std,2013-10-25 12:00:00,224.0
MAC000034,Std,2013-10-25 12:30:00,425.0
MAC000034,Std,2013-10-25 13:00:00,358.0
MAC000034,Std,2013-10-25 13:30:00,173.0
MAC000034,Std,2013-10-25 14:00:00,226.0
MAC000034,Std,2013-10-25 14:30:00,211.0
MAC000034,Std,2013-10-25 15:00:00,146.0
MAC000034,Std,2013-10-25 15:30:00,146.0
MAC000034,Std,2013-10-25 16:00:00,109.0
MAC000034,Std,2013-10-25 16:30:00,301.0
MAC000034,Std,2013-10-25 17:00:00,165.0
MAC000034,Std,2013-10-25 17:30:00,187.0
MAC000034,Std,2013-10-25 18:00:00,299.0
MAC000034,Std,2013-10-25 18:30:00,268.0
MAC000034,Std,2013-10-25 19:00:00,225.0
MAC000034,Std,2013-10-25 19:30:00,259.0
MAC000034,Std,2013-10-25 20:00:00,240.0
MAC000034,Std,2013-10-25 20:30:00,249.0
MAC000034,Std,2013-10-25 21:00:00,275.0
MAC000034,Std,2013-10-25 21:30:00,235.0
MAC000034,Std,2013-10-25 22:00:00,263.0
MAC000034,Std,2013-10-25 22:30:00,254.0
MAC000034,Std,2013-10-25 23:00:00,222.0
MAC000034,Std,2013-10-25 23:30:00,567.0
MAC000034,Std,2013-10-26 00:00:00,109.0
MAC000034,Std,2013-10-26 00:30:00,79.0
MAC000034,Std,2013-10-26 01:00:00,146.0
MAC000034,Std,2013-10-26 01:30:00,94.0
MAC000034,Std,2013-10-26 02:00:00,83.0
MAC000034,Std,2013-10-26 02:30:00,149.0
MAC000034,Std,2013-10-26 03:00:00,88.0
MAC000034,Std,2013-10-26 03:30:00,95.0
MAC000034,Std,2013-10-26 04:00:00,140.0
MAC000034,Std,2013-10-26 04:30:00,77.0
MAC000034,Std,2013-10-26 05:00:00,118.0
MAC000034,Std,2013-10-26 05:30:00,126.0
MAC000034,Std,2013-10-26 06:00:00,82.0
MAC000034,Std,2013-10-26 06:30:00,118.0
MAC000034,Std,2013-10-26 07:00:00,108.0
MAC000034,Std,2013-10-26 07:30:00,93.0
MAC000034,Std,2013-10-26 08:00:00,100.0
MAC000034,Std,2013-10-26 08:30:00,134.0
MAC000034,Std,2013-10-26 09:00:00,143.0
MAC000034,Std,2013-10-26 09:30:00,150.0
MAC000034,Std,2013-10-26 10:00:00,219.0
MAC000034,Std,2013-10-26 10:30:00,142.0
MAC000034,Std,2013-10-26 11:00:00,207.0
MAC000034,Std,2013-10-26 11:30:00,136.0
MAC000034,Std,2013-10-26 12:00:00,158.0
MAC000034,Std,2013-10-26 12:30:00,210.0
MAC000034,Std,2013-10-26 13:00:00,187.0
MAC000034,Std,2013-10-26 13:30:00,176.0
MAC000034,Std,2013-10-26 14:00:00,152.0
MAC000034,Std,2013-10-26 14:30:00,124.0
MAC000034,Std,2013-10-26 15:00:00,153.0
MAC000034,Std,2013-10-26 15:30:00,171.0
MAC000034,Std,2013-10-26 16:00:00,101.0
MAC000034,Std,2013-10-26 16:30:00,236.0
MAC000034,Std,2013-10-26 17:00:00,141.0
MAC000034,Std,2013-10-26 17:30:00,122.0
MAC000034,Std,2013-10-26 18:00:00,165.0
MAC000034,Std,2013-10-26 18:30:00,156.0
MAC000034,Std,2013-10-26 19:00:00,162.0
MAC000034,Std,2013-10-26 19:30:00,207.0
MAC000034,Std,2013-10-26 20:00:00,158.0
MAC000034,Std,2013-10-26 20:30:00,174.0
MAC000034,Std,2013-10-26 21:00:00,211.0
MAC000034,Std,2013-10-26 21:30:00,166.0
MAC000034,Std,2013-10-26 22:00:00,193.0
MAC000034,Std,2013-10-26 22:30:00,196.0
MAC000034,Std,2013-10-26 23:00:00,186.0
MAC000034,Std,2013-10-26 23:30:00,163.0
MAC000034,Std,2013-10-27 00:00:00,116.0
MAC000034,Std,2013-10-27 00:00:00,116.0
MAC000034,Std,2013-10-27 00:30:00,97.0
MAC000034,Std,2013-10-27 01:00:00,136.0
MAC000034,Std,2013-10-27 01:30:00,74.0
MAC000034,Std,2013-10-27 02:00:00,67.0
MAC000034,Std,2013-10-27 02:30:00,118.0
MAC000034,Std,2013-10-27 03:00:00,66.0
MAC000034,Std,2013-10-27 03:30:00,67.0
MAC000034,Std,2013-10-27 04:00:00,116.0
MAC000034,Std,2013-10-27 04:30:00,65.0
MAC000034,Std,2013-10-27 05:00:00,54.0
MAC000034,Std,2013-10-27 05:30:00,118.0
MAC000034,Std,2013-10-27 06:00:00,66.0
MAC000034,Std,2013-10-27 06:30:00,59.0
MAC000034,Std,2013-10-27 07:00:00,105.0
MAC000034,Std,2013-10-27 07:30:00,47.0
MAC000034,Std,2013-10-27 08:00:00,75.0
MAC000034,Std,2013-10-27 08:30:00,92.0
MAC000034,Std,2013-10-27 09:00:00,76.0
MAC000034,Std,2013-10-27 09:30:00,134.0
MAC000034,Std,2013-10-27 10:00:00,242.0
MAC000034,Std,2013-10-27 10:30:00,117.0
MAC000034,Std,2013-10-27 11:00:00,134.0
MAC000034,Std,2013-10-27 11:30:00,147.0
MAC000034,Std,2013-10-27 12:00:00,182.0
MAC000034,Std,2013-10-27 12:30:00,98.0
MAC000034,Std,2013-10-27 13:00:00,96.0
MAC000034,Std,2013-10-27 13:30:00,47.0
MAC000034,Std,2013-10-27 14:00:00,86.0
MAC000034,Std,2013-10-27 14:30:00,77.0
MAC000034,Std,2013-10-27 15:00:00,80.0
MAC000034,Std,2013-10-27 15:30:00,148.0
MAC000034,Std,2013-10-27 16:00:00,145.0
MAC000034,Std,2013-10-27 16:30:00,114.0
MAC000034,Std,2013-10-27 17:00:00,165.0
MAC000034,Std,2013-10-27 17:30:00,119.0
MAC000034,Std,2013-10-27 18:00:00,232.0
MAC000034,Std,2013-10-27 18:30:00,188.0
MAC000034,Std,2013-10-27 19:00:00,150.0
MAC000034,Std,2013-10-27 19:30:00,165.0
MAC000034,Std,2013-10-27 20:00:00,227.0
MAC000034,Std,2013-10-27 20:30:00,209.0
MAC000034,Std,2013-10-27 21:00:00,193.0
MAC000034,Std,2013-10-27 21:30:00,208.0
MAC000034,Std,2013-10-27 22:00:00,172.0
MAC000034,Std,2013-10-27 22:30:00,197.0
MAC000034,Std,2013-10-27 23:00:00,192.0
MAC000034,Std,2013-10-27 23:30:00,166.0
MAC000034,Std,2013-10-28 00:00:00,415.0
MAC000034,Std,2013-10-28 00:30:00,187.0
MAC000034,Std,2013-10-28 01:00:00,48.0
MAC000034,Std,2013-10-28 01:30:00,119.0
MAC000034,Std,2013-10-28 02:00:00,65.0
MAC000034,Std,2013-10-28 02:30:00,61.0
MAC000034,Std,2013-10-28 03:00:00,104.0
MAC000034,Std,2013-10-28 03:30:00,64.0
MAC000034,Std,2013-10-28 04:00:00,71.0
MAC000034,Std,2013-10-28 04:30:00,90.0
MAC000034,Std,2013-10-28 05:00:00,65.0
MAC000034,Std,2013-10-28 05:30:00,75.0
MAC000034,Std,2013-10-28 06:00:00,88.0
MAC000034,Std,2013-10-28 06:30:00,66.0
MAC000034,Std,2013-10-28 07:00:00,62.0
MAC000034,Std,2013-10-28 07:30:00,104.0
MAC000034,Std,2013-10-28 08:00:00,55.0
MAC000034,Std,2013-10-28 08:30:00,58.0
MAC000034,Std,2013-10-28 09:00:00,101.0
MAC000034,Std,2013-10-28 09:30:00,45.0
MAC000034,Std,2013-10-28 10:00:00,309.0
MAC000034,Std,2013-10-28 10:30:00,279.0
MAC000034,Std,2013-10-28 11:00:00,124.0
MAC000034,Std,2013-10-28 11:30:00,91.0
MAC000034,Std,2013-10-28 12:00:00,76.0
MAC000034,Std,2013-10-28 12:30:00,61.0
MAC000034,Std,2013-10-28 13:00:00,65.0
MAC000034,Std,2013-10-28 13:30:00,82.0
MAC000034,Std,2013-10-28 14:00:00,52.0
MAC000034,Std,2013-10-28 14:30:00,59.0
MAC000034,Std,2013-10-28 15:00:00,94.0
MAC000034,Std,2013-10-28 15:30:00,44.0
MAC000034,Std,2013-10-28 16:00:00,67.0
MAC000034,Std,2013-10-28 16:30:00,86.0
MAC000034,Std,2013-10-28 17:00:00,42.0
MAC000034,Std,2013-10-28 17:30:00,70.0
MAC000034,Std,2013-10-28 18:00:00,250.0
MAC000034,Std,2013-10-28 18:30:00,149.0
MAC000034,Std,2013-10-28 19:00:00,177.0
MAC000034,Std,2013-10-28 19:30:00,207.0
MAC000034,Std,2013-10-28 20:00:00,169.0
MAC000034,Std,2013-10-28 20:30:00,186.0
MAC000034,Std,2013-10-28 21:00:00,249.0
MAC000034,Std,2013-10-28 21:30:00,167.0
MAC000034,Std,2013-10-28 22:00:00,189.0
MAC000034,Std,2013-10-28 22:30:00,199.0
MAC000034,Std,2013-10-28 23:00:00,168.0
MAC000034,Std,2013-10-28 23:30:00,304.0
MAC000034,Std,2013-10-29 00:00:00,423.0
MAC000034,Std,2013-10-29 00:30:00,66.0
MAC000034,Std,2013-10-29 01:00:00,97.0
MAC000034,Std,2013-10-29 01:30:00,84.0
MAC000034,Std,2013-10-29 02:00:00,63.0
MAC000034,Std,2013-10-29 02:30:00,78.0
MAC000034,Std,2013-10-29 03:00:00,80.0
MAC000034,Std,2013-10-29 03:30:00,47.0
MAC000034,Std,2013-10-29 04:00:00,88.0
MAC000034,Std,2013-10-29 04:30:00,70.0
MAC000034,Std,2013-10-29 05:00:00,45.0
MAC000034,Std,2013-10-29 05:30:00,82.0
MAC000034,Std,2013-10-29 06:00:00,75.0
MAC000034,Std,2013-10-29 06:30:00,46.0
MAC000034,Std,2013-10-29 07:00:00,61.0
MAC000034,Std,2013-10-29 07:30:00,94.0
MAC000034,Std,2013-10-29 08:00:00,372.0
MAC000034,Std,2013-10-29 08:30:00,197.0
MAC000034,Std,2013-10-29 09:00:00,141.0
MAC000034,Std,2013-10-29 09:30:00,86.0
MAC000034,Std,2013-10-29 10:00:00,55.0
MAC000034,Std,2013-10-29 10:30:00,97.0
MAC000034,Std,2013-10-29 11:00:00,51.0
MAC000034,Std,2013-10-29 11:30:00,51.0
MAC000034,Std,2013-10-29 12:00:00,102.0
MAC000034,Std,2013-10-29 12:30:00,61.0
MAC000034,Std,2013-10-29 13:00:00,54.0
MAC000034,Std,2013-10-29 13:30:00,79.0
MAC000034,Std,2013-10-29 14:00:00,68.0
MAC000034,Std,2013-10-29 14:30:00,52.0
MAC000034,Std,2013-10-29 15:00:00,68.0
MAC000034,Std,2013-10-29 15:30:00,93.0
MAC000034,Std,2013-10-29 16:00:00,56.0
MAC000034,Std,2013-10-29 16:30:00,51.0
MAC000034,Std,2013-10-29 17:00:00,263.0
MAC000034,Std,2013-10-29 17:30:00,148.0
MAC000034,Std,2013-10-29 18:00:00,130.0
MAC000034,Std,2013-10-29 18:30:00,202.0
MAC000034,Std,2013-10-29 19:00:00,167.0
MAC000034,Std,2013-10-29 19:30:00,212.0
MAC000034,Std,2013-10-29 20:00:00,210.0
MAC000034,Std,2013-10-29 20:30:00,184.0
MAC000034,Std,2013-10-29 21:00:00,200.0
MAC000034,Std,2013-10-29 21:30:00,198.0
MAC000034,Std,2013-10-29 22:00:00,178.0
MAC000034,Std,2013-10-29 22:30:00,218.0
MAC000034,Std,2013-10-29 23:00:00,170.0
MAC000034,Std,2013-10-29 23:30:00,160.0
MAC000034,Std,2013-10-30 00:00:00,465.0
MAC000034,Std,2013-10-30 00:30:00,68.0
MAC000034,Std,2013-10-30 01:00:00,53.0
MAC000034,Std,2013-10-30 01:30:00,97.0
MAC000034,Std,2013-10-30 02:00:00,55.0
MAC000034,Std,2013-10-30 02:30:00,61.0
MAC000034,Std,2013-10-30 03:00:00,97.0
MAC000034,Std,2013-10-30 03:30:00,51.0
MAC000034,Std,2013-10-30 04:00:00,48.0
MAC000034,Std,2013-10-30 04:30:00,88.0
MAC000034,Std,2013-10-30 05:00:00,66.0
MAC000034,Std,2013-10-30 05:30:00,66.0
MAC000034,Std,2013-10-30 06:00:00,78.0
MAC000034,Std,2013-10-30 06:30:00,70.0
MAC000034,Std,2013-10-30 07:00:00,46.0
MAC000034,Std,2013-10-30 07:30:00,51.0
MAC000034,Std,2013-10-30 08:00:00,88.0
MAC000034,Std,2013-10-30 08:30:00,42.0
MAC000034,Std,2013-10-30 09:00:00,44.0
MAC000034,Std,2013-10-30 09:30:00,92.0
MAC000034,Std,2013-10-30 10:00:00,86.0
MAC000034,Std,2013-10-30 10:30:00,203.0
MAC000034,Std,2013-10-30 11:00:00,133.0
MAC000034,Std,2013-10-30 11:30:00,125.0
MAC000034,Std,2013-10-30 12:00:00,104.0
MAC000034,Std,2013-10-30 12:30:00,98.0
MAC000034,Std,2013-10-30 13:00:00,251.0
MAC000034,Std,2013-10-30 13:30:00,159.0
MAC000034,Std,2013-10-30 14:00:00,97.0
MAC000034,Std,2013-10-30 14:30:00,139.0
MAC000034,Std,2013-10-30 15:00:00,88.0
MAC000034,Std,2013-10-30 15:30:00,108.0
MAC000034,Std,2013-10-30 16:00:00,104.0
MAC000034,Std,2013-10-30 16:30:00,93.0
MAC000034,Std,2013-10-30 17:00:00,85.0
MAC000034,Std,2013-10-30 17:30:00,245.0
MAC000034,Std,2013-10-30 18:00:00,184.0
MAC000034,Std,2013-10-30 18:30:00,157.0
MAC000034,Std,2013-10-30 19:00:00,173.0
MAC000034,Std,2013-10-30 19:30:00,224.0
MAC000034,Std,2013-10-30 20:00:00,175.0
MAC000034,Std,2013-10-30 20:30:00,218.0
MAC000034,Std,2013-10-30 21:00:00,256.0
MAC000034,Std,2013-10-30 21:30:00,171.0
MAC000034,Std,2013-10-30 22:00:00,201.0
MAC000034,Std,2013-10-30 22:30:00,216.0
MAC000034,Std,2013-10-30 23:00:00,172.0
MAC000034,Std,2013-10-30 23:30:00,183.0
MAC000034,Std,2013-10-31 00:00:00,336.0
MAC000034,Std,2013-10-31 00:30:00,594.0
MAC000034,Std,2013-10-31 01:00:00,364.0
MAC000034,Std,2013-10-31 01:30:00,99.0
MAC000034,Std,2013-10-31 02:00:00,69.0
MAC000034,Std,2013-10-31 02:30:00,90.0
MAC000034,Std,2013-10-31 03:00:00,97.0
MAC000034,Std,2013-10-31 03:30:00,68.0
MAC000034,Std,2013-10-31 04:00:00,83.0
MAC000034,Std,2013-10-31 04:30:00,98.0
MAC000034,Std,2013-10-31 05:00:00,67.0
MAC000034,Std,2013-10-31 05:30:00,76.0
MAC000034,Std,2013-10-31 06:00:00,103.0
MAC000034,Std,2013-10-31 06:30:00,66.0
MAC000034,Std,2013-10-31 07:00:00,64.0
MAC000034,Std,2013-10-31 07:30:00,107.0
MAC000034,Std,2013-10-31 08:00:00,62.0
MAC000034,Std,2013-10-31 08:30:00,63.0
MAC000034,Std,2013-10-31 09:00:00,125.0
MAC000034,Std,2013-10-31 09:30:00,157.0
MAC000034,Std,2013-10-31 10:00:00,150.0
MAC000034,Std,2013-10-31 10:30:00,167.0
MAC000034,Std,2013-10-31 11:00:00,193.0
MAC000034,Std,2013-10-31 11:30:00,124.0
MAC000034,Std,2013-10-31 12:00:00,168.0
MAC000034,Std,2013-10-31 12:30:00,75.0
MAC000034,Std,2013-10-31 13:00:00,129.0
MAC000034,Std,2013-10-31 13:30:00,325.0
MAC000034,Std,2013-10-31 14:00:00,170.0
MAC000034,Std,2013-10-31 14:30:00,158.0
MAC000034,Std,2013-10-31 15:00:00,153.0
MAC000034,Std,2013-10-31 15:30:00,153.0
MAC000034,Std,2013-10-31 16:00:00,215.0
MAC000034,Std,2013-10-31 16:30:00,115.0
MAC000034,Std,2013-10-31 17:00:00,73.0
MAC000034,Std,2013-10-31 17:30:00,375.0
MAC000034,Std,2013-10-31 18:00:00,116.0
MAC000034,Std,2013-10-31 18:30:00,167.0
MAC000034,Std,2013-10-31 19:00:00,195.0
MAC000034,Std,2013-10-31 19:30:00,303.0
MAC000034,Std,2013-10-31 20:00:00,312.0
MAC000034,Std,2013-10-31 20:30:00,295.0
MAC000034,Std,2013-10-31 21:00:00,304.0
MAC000034,Std,2013-10-31 21:30:00,237.0
MAC000034,Std,2013-10-31 22:00:00,235.0
MAC000034,Std,2013-10-31 22:30:00,242.0
MAC000034,Std,2013-10-31 23:00:00,293.0
MAC000034,Std,2013-10-31 23:30:00,349.0
MAC000034,Std,2013-11-01 00:00:00,182.0
MAC000034,Std,2013-11-01 00:30:00,590.0
MAC000034,Std,2013-11-01 01:00:00,78.0
MAC000034,Std,2013-11-01 01:30:00,52.0
MAC000034,Std,2013-11-01 02:00:00,110.0
MAC000034,Std,2013-11-01 02:30:00,66.0
MAC000034,Std,2013-11-01 03:00:00,58.0
MAC000034,Std,2013-11-01 03:30:00,103.0
MAC000034,Std,2013-11-01 04:00:00,64.0
MAC000034,Std,2013-11-01 04:30:00,60.0
MAC000034,Std,2013-11-01 05:00:00,93.0
MAC000034,Std,2013-11-01 05:30:00,72.0
MAC000034,Std,2013-11-01 06:00:00,73.0
MAC000034,Std,2013-11-01 06:30:00,80.0
MAC000034,Std,2013-11-01 07:00:00,85.0
MAC000034,Std,2013-11-01 07:30:00,44.0
MAC000034,Std,2013-11-01 08:00:00,172.0
MAC000034,Std,2013-11-01 08:30:00,67.0
MAC000034,Std,2013-11-01 09:00:00,48.0
MAC000034,Std,2013-11-01 09:30:00,646.0
MAC000034,Std,2013-11-01 10:00:00,535.0
MAC000034,Std,2013-11-01 10:30:00,541.0
MAC000034,Std,2013-11-01 11:00:00,212.0
MAC000034,Std,2013-11-01 11:30:00,293.0
MAC000034,Std,2013-11-01 12:00:00,314.0
MAC000034,Std,2013-11-01 12:30:00,143.0
MAC000034,Std,2013-11-01 13:00:00,84.0
MAC000034,Std,2013-11-01 13:30:00,61.0
MAC000034,Std,2013-11-01 14:00:00,94.0
MAC000034,Std,2013-11-01 14:30:00,193.0
MAC000034,Std,2013-11-01 15:00:00,141.0
MAC000034,Std,2013-11-01 15:30:00,177.0
MAC000034,Std,2013-11-01 16:00:00,152.0
MAC000034,Std,2013-11-01 16:30:00,144.0
MAC000034,Std,2013-11-01 17:00:00,154.0
MAC000034,Std,2013-11-01 17:30:00,257.0
MAC000034,Std,2013-11-01 18:00:00,154.0
MAC000034,Std,2013-11-01 18:30:00,238.0
MAC000034,Std,2013-11-01 19:00:00,219.0
MAC000034,Std,2013-11-01 19:30:00,224.0
MAC000034,Std,2013-11-01 20:00:00,205.0
MAC000034,Std,2013-11-01 20:30:00,198.0
MAC000034,Std,2013-11-01 21:00:00,220.0
MAC000034,Std,2013-11-01 21:30:00,227.0
MAC000034,Std,2013-11-01 22:00:00,209.0
MAC000034,Std,2013-11-01 22:30:00,250.0
MAC000034,Std,2013-11-01 23:00:00,237.0
MAC000034,Std,2013-11-01 23:30:00,205.0
MAC000034,Std,2013-11-02 00:00:00,227.0
MAC000034,Std,2013-11-02 00:30:00,95.0
MAC000034,Std,2013-11-02 01:00:00,68.0
MAC000034,Std,2013-11-02 01:30:00,120.0
MAC000034,Std,2013-11-02 02:00:00,69.0
MAC000034,Std,2013-11-02 02:30:00,68.0
MAC000034,Std,2013-11-02 03:00:00,118.0
MAC000034,Std,2013-11-02 03:30:00,67.0
MAC000034,Std,2013-11-02 04:00:00,67.0
MAC000034,Std,2013-11-02 04:30:00,120.0
MAC000034,Std,2013-11-02 05:00:00,69.0
MAC000034,Std,2013-11-02 05:30:00,41.0
MAC000034,Std,2013-11-02 06:00:00,109.0
MAC000034,Std,2013-11-02 06:30:00,88.0
MAC000034,Std,2013-11-02 07:00:00,63.0
MAC000034,Std,2013-11-02 07:30:00,72.0
MAC000034,Std,2013-11-02 08:00:00,79.0
MAC000034,Std,2013-11-02 08:30:00,62.0
MAC000034,Std,2013-11-02 09:00:00,81.0
MAC000034,Std,2013-11-02 09:30:00,65.0
MAC000034,Std,2013-11-02 10:00:00,62.0
MAC000034,Std,2013-11-02 10:30:00,84.0
MAC000034,Std,2013-11-02 11:00:00,140.0
MAC000034,Std,2013-11-02 11:30:00,125.0
MAC000034,Std,2013-11-02 12:00:00,225.0
MAC000034,Std,2013-11-02 12:30:00,220.0
MAC000034,Std,2013-11-02 13:00:00,154.0
MAC000034,Std,2013-11-02 13:30:00,148.0
MAC000034,Std,2013-11-02 14:00:00,190.0
MAC000034,Std,2013-11-02 14:30:00,107.0
MAC000034,Std,2013-11-02 15:00:00,146.0
MAC000034,Std,2013-11-02 15:30:00,205.0
MAC000034,Std,2013-11-02 16:00:00,129.0
MAC000034,Std,2013-11-02 16:30:00,152.0
MAC000034,Std,2013-11-02 17:00:00,217.0
MAC000034,Std,2013-11-02 17:30:00,168.0
MAC000034,Std,2013-11-02 18:00:00,497.0
MAC000034,Std,2013-11-02 18:30:00,195.0
MAC000034,Std,2013-11-02 19:00:00,173.0
MAC000034,Std,2013-11-02 19:30:00,163.0
MAC000034,Std,2013-11-02 20:00:00,213.0
MAC000034,Std,2013-11-02 20:30:00,238.0
MAC000034,Std,2013-11-02 21:00:00,182.0
MAC000034,Std,2013-11-02 21:30:00,224.0
MAC000034,Std,2013-11-02 22:00:00,172.0
MAC000034,Std,2013-11-02 22:30:00,148.0
MAC000034,Std,2013-11-02 23:00:00,213.0
MAC000034,Std,2013-11-02 23:30:00,161.0
MAC000034,Std,2013-11-03 00:00:00,130.0
MAC000034,Std,2013-11-03 00:30:00,197.0
MAC000034,Std,2013-11-03 01:00:00,175.0
MAC000034,Std,2013-11-03 01:30:00,74.0
MAC000034,Std,2013-11-03 02:00:00,118.0
MAC000034,Std,2013-11-03 02:30:00,47.0
MAC000034,Std,2013-11-03 03:00:00,53.0
MAC000034,Std,2013-11-03 03:30:00,98.0
MAC000034,Std,2013-11-03 04:00:00,55.0
MAC000034,Std,2013-11-03 04:30:00,61.0
MAC000034,Std,2013-11-03 05:00:00,73.0
MAC000034,Std,2013-11-03 05:30:00,69.0
MAC000034,Std,2013-11-03 06:00:00,88.0
MAC000034,Std,2013-11-03 06:30:00,53.0
MAC000034,Std,2013-11-03 07:00:00,85.0
MAC000034,Std,2013-11-03 07:30:00,59.0
MAC000034,Std,2013-11-03 08:00:00,47.0
MAC000034,Std,2013-11-03 08:30:00,83.0
MAC000034,Std,2013-11-03 09:00:00,60.0
MAC000034,Std,2013-11-03 09:30:00,50.0
MAC000034,Std,2013-11-03 10:00:00,108.0
MAC000034,Std,2013-11-03 10:30:00,195.0
MAC000034,Std,2013-11-03 11:00:00,167.0
MAC000034,Std,2013-11-03 11:30:00,154.0
MAC000034,Std,2013-11-03 12:00:00,206.0
MAC000034,Std,2013-11-03 12:30:00,243.0
MAC000034,Std,2013-11-03 13:00:00,96.0
MAC000034,Std,2013-11-03 13:30:00,127.0
MAC000034,Std,2013-11-03 14:00:00,87.0
MAC000034,Std,2013-11-03 14:30:00,503.0
MAC000034,Std,2013-11-03 15:00:00,177.0
MAC000034,Std,2013-11-03 15:30:00,147.0
MAC000034,Std,2013-11-03 16:00:00,115.0
MAC000034,Std,2013-11-03 16:30:00,129.0
MAC000034,Std,2013-11-03 17:00:00,155.0
MAC000034,Std,2013-11-03 17:30:00,116.0
MAC000034,Std,2013-11-03 18:00:00,158.0
MAC000034,Std,2013-11-03 18:30:00,299.0
MAC000034,Std,2013-11-03 19:00:00,170.0
MAC000034,Std,2013-11-03 19:30:00,182.0
MAC000034,Std,2013-11-03 20:00:00,211.0
MAC000034,Std,2013-11-03 20:30:00,222.0
MAC000034,Std,2013-11-03 21:00:00,213.0
MAC000034,Std,2013-11-03 21:30:00,195.0
MAC000034,Std,2013-11-03 22:00:00,171.0
MAC000034,Std,2013-11-03 22:30:00,197.0
MAC000034,Std,2013-11-03 23:00:00,533.0
MAC000034,Std,2013-11-03 23:30:00,606.0
MAC000034,Std,2013-11-04 00:00:00,608.0
MAC000034,Std,2013-11-04 00:30:00,244.0
MAC000034,Std,2013-11-04 01:00:00,42.0
MAC000034,Std,2013-11-04 01:30:00,86.0
MAC000034,Std,2013-11-04 02:00:00,75.0
MAC000034,Std,2013-11-04 02:30:00,68.0
MAC000034,Std,2013-11-04 03:00:00,51.0
MAC000034,Std,2013-11-04 03:30:00,103.0
MAC000034,Std,2013-11-04 04:00:00,50.0
MAC000034,Std,2013-11-04 04:30:00,48.0
MAC000034,Std,2013-11-04 05:00:00,112.0
MAC000034,Std,2013-11-04 05:30:00,44.0
MAC000034,Std,2013-11-04 06:00:00,51.0
MAC000034,Std,2013-11-04 06:30:00,92.0
MAC000034,Std,2013-11-04 07:00:00,67.0
MAC000034,Std,2013-11-04 07:30:00,44.0
MAC000034,Std,2013-11-04 08:00:00,65.0
MAC000034,Std,2013-11-04 08:30:00,85.0
MAC000034,Std,2013-11-04 09:00:00,41.0
MAC000034,Std,2013-11-04 09:30:00,51.0
MAC000034,Std,2013-11-04 10:00:00,147.0
MAC000034,Std,2013-11-04 10:30:00,207.0
MAC000034,Std,2013-11-04 11:00:00,99.0
MAC000034,Std,2013-11-04 11:30:00,126.0
MAC000034,Std,2013-11-04 12:00:00,142.0
MAC000034,Std,2013-11-04 12:30:00,101.0
MAC000034,Std,2013-11-04 13:00:00,112.0
MAC000034,Std,2013-11-04 13:30:00,155.0
MAC000034,Std,2013-11-04 14:00:00,104.0
MAC000034,Std,2013-11-04 14:30:00,99.0
MAC000034,Std,2013-11-04 15:00:00,127.0
MAC000034,Std,2013-11-04 15:30:00,130.0
MAC000034,Std,2013-11-04 16:00:00,82.0
MAC000034,Std,2013-11-04 16:30:00,88.0
MAC000034,Std,2013-11-04 17:00:00,126.0
MAC000034,Std,2013-11-04 17:30:00,618.0
MAC000034,Std,2013-11-04 18:00:00,147.0
MAC000034,Std,2013-11-04 18:30:00,187.0
MAC000034,Std,2013-11-04 19:00:00,161.0
MAC000034,Std,2013-11-04 19:30:00,176.0
MAC000034,Std,2013-11-04 20:00:00,236.0
MAC000034,Std,2013-11-04 20:30:00,171.0
MAC000034,Std,2013-11-04 21:00:00,159.0
MAC000034,Std,2013-11-04 21:30:00,241.0
MAC000034,Std,2013-11-04 22:00:00,181.0
MAC000034,Std,2013-11-04 22:30:00,174.0
MAC000034,Std,2013-11-04 23:00:00,196.0
MAC000034,Std,2013-11-04 23:30:00,168.0
MAC000034,Std,2013-11-05 00:00:00,245.0
MAC000034,Std,2013-11-05 00:30:00,175.0
MAC000034,Std,2013-11-05 01:00:00,66.0
MAC000034,Std,2013-11-05 01:30:00,56.0
MAC000034,Std,2013-11-05 02:00:00,103.0
MAC000034,Std,2013-11-05 02:30:00,45.0
MAC000034,Std,2013-11-05 03:00:00,62.0
MAC000034,Std,2013-11-05 03:30:00,98.0
MAC000034,Std,2013-11-05 04:00:00,48.0
MAC000034,Std,2013-11-05 04:30:00,64.0
MAC000034,Std,2013-11-05 05:00:00,85.0
MAC000034,Std,2013-11-05 05:30:00,57.0
MAC000034,Std,2013-11-05 06:00:00,62.0
MAC000034,Std,2013-11-05 06:30:00,62.0
MAC000034,Std,2013-11-05 07:00:00,71.0
MAC000034,Std,2013-11-05 07:30:00,58.0
MAC000034,Std,2013-11-05 08:00:00,66.0
MAC000034,Std,2013-11-05 08:30:00,85.0
MAC000034,Std,2013-11-05 09:00:00,47.0
MAC000034,Std,2013-11-05 09:30:00,55.0
MAC000034,Std,2013-11-05 10:00:00,129.0
MAC000034,Std,2013-11-05 10:30:00,117.0
MAC000034,Std,2013-11-05 11:00:00,248.0
MAC000034,Std,2013-11-05 11:30:00,114.0
MAC000034,Std,2013-11-05 12:00:00,147.0
MAC000034,Std,2013-11-05 12:30:00,95.0
MAC000034,Std,2013-11-05 13:00:00,161.0
MAC000034,Std,2013-11-05 13:30:00,160.0
MAC000034,Std,2013-11-05 14:00:00,120.0
MAC000034,Std,2013-11-05 14:30:00,99.0
MAC000034,Std,2013-11-05 15:00:00,106.0
MAC000034,Std,2013-11-05 15:30:00,156.0
MAC000034,Std,2013-11-05 16:00:00,74.0
MAC000034,Std,2013-11-05 16:30:00,48.0
MAC000034,Std,2013-11-05 17:00:00,66.0
MAC000034,Std,2013-11-05 17:30:00,68.0
MAC000034,Std,2013-11-05 18:00:00,280.0
MAC000034,Std,2013-11-05 18:30:00,152.0
MAC000034,Std,2013-11-05 19:00:00,219.0
MAC000034,Std,2013-11-05 19:30:00,164.0
MAC000034,Std,2013-11-05 20:00:00,184.0
MAC000034,Std,2013-11-05 20:30:00,221.0
MAC000034,Std,2013-11-05 21:00:00,165.0
MAC000034,Std,2013-11-05 21:30:00,195.0
MAC000034,Std,2013-11-05 22:00:00,193.0
MAC000034,Std,2013-11-05 22:30:00,154.0
MAC000034,Std,2013-11-05 23:00:00,184.0
MAC000034,Std,2013-11-05 23:30:00,253.0
MAC000034,Std,2013-11-06 00:00:00,598.0
MAC000034,Std,2013-11-06 00:30:00,635.0
MAC000034,Std,2013-11-06 01:00:00,366.0
MAC000034,Std,2013-11-06 01:30:00,56.0
MAC000034,Std,2013-11-06 02:00:00,59.0
MAC000034,Std,2013-11-06 02:30:00,94.0
MAC000034,Std,2013-11-06 03:00:00,54.0
MAC000034,Std,2013-11-06 03:30:00,69.0
MAC000034,Std,2013-11-06 04:00:00,84.0
MAC000034,Std,2013-11-06 04:30:00,57.0
MAC000034,Std,2013-11-06 05:00:00,61.0
MAC000034,Std,2013-11-06 05:30:00,65.0
MAC000034,Std,2013-11-06 06:00:00,75.0
MAC000034,Std,2013-11-06 06:30:00,57.0
MAC000034,Std,2013-11-06 07:00:00,72.0
MAC000034,Std,2013-11-06 07:30:00,88.0
MAC000034,Std,2013-11-06 08:00:00,43.0
MAC000034,Std,2013-11-06 08:30:00,54.0
MAC000034,Std,2013-11-06 09:00:00,78.0
MAC000034,Std,2013-11-06 09:30:00,62.0
MAC000034,Std,2013-11-06 10:00:00,91.0
MAC000034,Std,2013-11-06 10:30:00,229.0
MAC000034,Std,2013-11-06 11:00:00,160.0
MAC000034,Std,2013-11-06 11:30:00,106.0
MAC000034,Std,2013-11-06 12:00:00,113.0
MAC000034,Std,2013-11-06 12:30:00,150.0
MAC000034,Std,2013-11-06 13:00:00,312.0
MAC000034,Std,2013-11-06 13:30:00,228.0
MAC000034,Std,2013-11-06 14:00:00,116.0
MAC000034,Std,2013-11-06 14:30:00,159.0
MAC000034,Std,2013-11-06 15:00:00,99.0
MAC000034,Std,2013-11-06 15:30:00,91.0
MAC000034,Std,2013-11-06 16:00:00,115.0
MAC000034,Std,2013-11-06 16:30:00,75.0
MAC000034,Std,2013-11-06 17:00:00,62.0
MAC000034,Std,2013-11-06 17:30:00,51.0
MAC000034,Std,2013-11-06 18:00:00,175.0
MAC000034,Std,2013-11-06 18:30:00,270.0
MAC000034,Std,2013-11-06 19:00:00,227.0
MAC000034,Std,2013-11-06 19:30:00,271.0
MAC000034,Std,2013-11-06 20:00:00,226.0
MAC000034,Std,2013-11-06 20:30:00,229.0
MAC000034,Std,2013-11-06 21:00:00,252.0
MAC000034,Std,2013-11-06 21:30:00,171.0
MAC000034,Std,2013-11-06 22:00:00,184.0
MAC000034,Std,2013-11-06 22:30:00,215.0
MAC000034,Std,2013-11-06 23:00:00,197.0
MAC000034,Std,2013-11-06 23:30:00,219.0
MAC000034,Std,2013-11-07 00:00:00,196.0
MAC000034,Std,2013-11-07 00:30:00,602.0
MAC000034,Std,2013-11-07 01:00:00,392.0
MAC000034,Std,2013-11-07 01:30:00,98.0
MAC000034,Std,2013-11-07 02:00:00,44.0
MAC000034,Std,2013-11-07 02:30:00,86.0
MAC000034,Std,2013-11-07 03:00:00,77.0
MAC000034,Std,2013-11-07 03:30:00,69.0
MAC000034,Std,2013-11-07 04:00:00,52.0
MAC000034,Std,2013-11-07 04:30:00,108.0
MAC000034,Std,2013-11-07 05:00:00,44.0
MAC000034,Std,2013-11-07 05:30:00,64.0
MAC000034,Std,2013-11-07 06:00:00,96.0
MAC000034,Std,2013-11-07 06:30:00,55.0
MAC000034,Std,2013-11-07 07:00:00,53.0
MAC000034,Std,2013-11-07 07:30:00,100.0
MAC000034,Std,2013-11-07 08:00:00,61.0
MAC000034,Std,2013-11-07 08:30:00,67.0
MAC000034,Std,2013-11-07 09:00:00,104.0
MAC000034,Std,2013-11-07 09:30:00,105.0
MAC000034,Std,2013-11-07 10:00:00,124.0
MAC000034,Std,2013-11-07 10:30:00,261.0
MAC000034,Std,2013-11-07 11:00:00,573.0
MAC000034,Std,2013-11-07 11:30:00,196.0
MAC000034,Std,2013-11-07 12:00:00,71.0
MAC000034,Std,2013-11-07 12:30:00,76.0
MAC000034,Std,2013-11-07 13:00:00,85.0
MAC000034,Std,2013-11-07 13:30:00,145.0
MAC000034,Std,2013-11-07 14:00:00,196.0
MAC000034,Std,2013-11-07 14:30:00,115.0
MAC000034,Std,2013-11-07 15:00:00,123.0
MAC000034,Std,2013-11-07 15:30:00,168.0
MAC000034,Std,2013-11-07 16:00:00,145.0
MAC000034,Std,2013-11-07 16:30:00,98.0
MAC000034,Std,2013-11-07 17:00:00,125.0
MAC000034,Std,2013-11-07 17:30:00,238.0
MAC000034,Std,2013-11-07 18:00:00,148.0
MAC000034,Std,2013-11-07 18:30:00,182.0
MAC000034,Std,2013-11-07 19:00:00,181.0
MAC000034,Std,2013-11-07 19:30:00,162.0
MAC000034,Std,2013-11-07 20:00:00,231.0
MAC000034,Std,2013-11-07 20:30:00,245.0
MAC000034,Std,2013-11-07 21:00:00,223.0
MAC000034,Std,2013-11-07 21:30:00,210.0
MAC000034,Std,2013-11-07 22:00:00,206.0
MAC000034,Std,2013-11-07 22:30:00,213.0
MAC000034,Std,2013-11-07 23:00:00,263.0
MAC000034,Std,2013-11-07 23:30:00,234.0
MAC000034,Std,2013-11-08 00:00:00,604.0
MAC000034,Std,2013-11-08 00:30:00,640.0
MAC000034,Std,2013-11-08 01:00:00,125.0
MAC000034,Std,2013-11-08 01:30:00,69.0
MAC000034,Std,2013-11-08 02:00:00,92.0
MAC000034,Std,2013-11-08 02:30:00,69.0
MAC000034,Std,2013-11-08 03:00:00,44.0
MAC000034,Std,2013-11-08 03:30:00,104.0
MAC000034,Std,2013-11-08 04:00:00,57.0
MAC000034,Std,2013-11-08 04:30:00,46.0
MAC000034,Std,2013-11-08 05:00:00,93.0
MAC000034,Std,2013-11-08 05:30:00,61.0
MAC000034,Std,2013-11-08 06:00:00,52.0
MAC000034,Std,2013-11-08 06:30:00,71.0
MAC000034,Std,2013-11-08 07:00:00,74.0
MAC000034,Std,2013-11-08 07:30:00,68.0
MAC000034,Std,2013-11-08 08:00:00,50.0
MAC000034,Std,2013-11-08 08:30:00,83.0
MAC000034,Std,2013-11-08 09:00:00,50.0
MAC000034,Std,2013-11-08 09:30:00,50.0
MAC000034,Std,2013-11-08 10:00:00,75.0
MAC000034,Std,2013-11-08 10:30:00,62.0
MAC000034,Std,2013-11-08 11:00:00,85.0
MAC000034,Std,2013-11-08 11:30:00,220.0
MAC000034,Std,2013-11-08 12:00:00,133.0
MAC000034,Std,2013-11-08 12:30:00,109.0
MAC000034,Std,2013-11-08 13:00:00,54.0
MAC000034,Std,2013-11-08 13:30:00,166.0
MAC000034,Std,2013-11-08 14:00:00,113.0
MAC000034,Std,2013-11-08 14:30:00,98.0
MAC000034,Std,2013-11-08 15:00:00,151.0
MAC000034,Std,2013-11-08 15:30:00,116.0
MAC000034,Std,2013-11-08 16:00:00,75.0
MAC000034,Std,2013-11-08 16:30:00,198.0
MAC000034,Std,2013-11-08 17:00:00,609.0
MAC000034,Std,2013-11-08 17:30:00,1548.0
MAC000034,Std,2013-11-08 18:00:00,235.0
MAC000034,Std,2013-11-08 18:30:00,177.0
MAC000034,Std,2013-11-08 19:00:00,165.0
MAC000034,Std,2013-11-08 19:30:00,164.0
MAC000034,Std,2013-11-08 20:00:00,225.0
MAC000034,Std,2013-11-08 20:30:00,224.0
MAC000034,Std,2013-11-08 21:00:00,182.0
MAC000034,Std,2013-11-08 21:30:00,217.0
MAC000034,Std,2013-11-08 22:00:00,172.0
MAC000034,Std,2013-11-08 22:30:00,144.0
MAC000034,Std,2013-11-08 23:00:00,316.0
MAC000034,Std,2013-11-08 23:30:00,604.0
MAC000034,Std,2013-11-09 00:00:00,593.0
MAC000034,Std,2013-11-09 00:30:00,606.0
MAC000034,Std,2013-11-09 01:00:00,47.0
MAC000034,Std,2013-11-09 01:30:00,67.0
MAC000034,Std,2013-11-09 02:00:00,86.0
MAC000034,Std,2013-11-09 02:30:00,60.0
MAC000034,Std,2013-11-09 03:00:00,61.0
MAC000034,Std,2013-11-09 03:30:00,67.0
MAC000034,Std,2013-11-09 04:00:00,79.0
MAC000034,Std,2013-11-09 04:30:00,56.0
MAC000034,Std,2013-11-09 05:00:00,45.0
MAC000034,Std,2013-11-09 05:30:00,95.0
MAC000034,Std,2013-11-09 06:00:00,62.0
MAC000034,Std,2013-11-09 06:30:00,44.0
MAC000034,Std,2013-11-09 07:00:00,84.0
MAC000034,Std,2013-11-09 07:30:00,58.0
MAC000034,Std,2013-11-09 08:00:00,53.0
MAC000034,Std,2013-11-09 08:30:00,53.0
MAC000034,Std,2013-11-09 09:00:00,82.0
MAC000034,Std,2013-11-09 09:30:00,62.0
MAC000034,Std,2013-11-09 10:00:00,99.0
MAC000034,Std,2013-11-09 10:30:00,148.0
MAC000034,Std,2013-11-09 11:00:00,240.0
MAC000034,Std,2013-11-09 11:30:00,132.0
MAC000034,Std,2013-11-09 12:00:00,147.0
MAC000034,Std,2013-11-09 12:30:00,155.0
MAC000034,Std,2013-11-09 13:00:00,135.0
MAC000034,Std,2013-11-09 13:30:00,130.0
MAC000034,Std,2013-11-09 14:00:00,170.0
MAC000034,Std,2013-11-09 14:30:00,226.0
MAC000034,Std,2013-11-09 15:00:00,554.0
MAC000034,Std,2013-11-09 15:30:00,556.0
MAC000034,Std,2013-11-09 16:00:00,577.0
MAC000034,Std,2013-11-09 16:30:00,558.0
MAC000034,Std,2013-11-09 17:00:00,557.0
MAC000034,Std,2013-11-09 17:30:00,538.0
MAC000034,Std,2013-11-09 18:00:00,688.0
MAC000034,Std,2013-11-09 18:30:00,548.0
MAC000034,Std,2013-11-09 19:00:00,585.0
MAC000034,Std,2013-11-09 19:30:00,621.0
MAC000034,Std,2013-11-09 20:00:00,606.0
MAC000034,Std,2013-11-09 20:30:00,606.0
MAC000034,Std,2013-11-09 21:00:00,594.0
MAC000034,Std,2013-11-09 21:30:00,580.0
MAC000034,Std,2013-11-09 22:00:00,571.0
MAC000034,Std,2013-11-09 22:30:00,602.0
MAC000034,Std,2013-11-09 23:00:00,574.0
MAC000034,Std,2013-11-09 23:30:00,821.0
MAC000034,Std,2013-11-10 00:00:00,1013.0
MAC000034,Std,2013-11-10 00:30:00,990.0
MAC000034,Std,2013-11-10 01:00:00,857.0
MAC000034,Std,2013-11-10 01:30:00,502.0
MAC000034,Std,2013-11-10 02:00:00,461.0
MAC000034,Std,2013-11-10 02:30:00,474.0
MAC000034,Std,2013-11-10 03:00:00,489.0
MAC000034,Std,2013-11-10 03:30:00,483.0
MAC000034,Std,2013-11-10 04:00:00,457.0
MAC000034,Std,2013-11-10 04:30:00,470.0
MAC000034,Std,2013-11-10 05:00:00,511.0
MAC000034,Std,2013-11-10 05:30:00,456.0
MAC000034,Std,2013-11-10 06:00:00,454.0
MAC000034,Std,2013-11-10 06:30:00,477.0
MAC000034,Std,2013-11-10 07:00:00,508.0
MAC000034,Std,2013-11-10 07:30:00,458.0
MAC000034,Std,2013-11-10 08:00:00,450.0
MAC000034,Std,2013-11-10 08:30:00,496.0
MAC000034,Std,2013-11-10 09:00:00,455.0
MAC000034,Std,2013-11-10 09:30:00,516.0
MAC000034,Std,2013-11-10 10:00:00,650.0
MAC000034,Std,2013-11-10 10:30:00,550.0
MAC000034,Std,2013-11-10 11:00:00,509.0
MAC000034,Std,2013-11-10 11:30:00,515.0
MAC000034,Std,2013-11-10 12:00:00,481.0
MAC000034,Std,2013-11-10 12:30:00,95.0
MAC000034,Std,2013-11-10 13:00:00,46.0
MAC000034,Std,2013-11-10 13:30:00,39.0
MAC000034,Std,2013-11-10 14:00:00,84.0
MAC000034,Std,2013-11-10 14:30:00,43.0
MAC000034,Std,2013-11-10 15:00:00,47.0
MAC000034,Std,2013-11-10 15:30:00,67.0
MAC000034,Std,2013-11-10 16:00:00,71.0
MAC000034,Std,2013-11-10 16:30:00,39.0
MAC000034,Std,2013-11-10 17:00:00,74.0
MAC000034,Std,2013-11-10 17:30:00,316.0
MAC000034,Std,2013-11-10 18:00:00,160.0
MAC000034,Std,2013-11-10 18:30:00,129.0
MAC000034,Std,2013-11-10 19:00:00,180.0
MAC000034,Std,2013-11-10 19:30:00,222.0
MAC000034,Std,2013-11-10 20:00:00,163.0
MAC000034,Std,2013-11-10 20:30:00,195.0
MAC000034,Std,2013-11-10 21:00:00,204.0
MAC000034,Std,2013-11-10 21:30:00,167.0
MAC000034,Std,2013-11-10 22:00:00,154.0
MAC000034,Std,2013-11-10 22:30:00,156.0
MAC000034,Std,2013-11-10 23:00:00,518.0
MAC000034,Std,2013-11-10 23:30:00,588.0
MAC000034,Std,2013-11-11 00:00:00,301.0
MAC000034,Std,2013-11-11 00:30:00,61.0
MAC000034,Std,2013-11-11 01:00:00,91.0
MAC000034,Std,2013-11-11 01:30:00,54.0
MAC000034,Std,2013-11-11 02:00:00,45.0
MAC000034,Std,2013-11-11 02:30:00,66.0
MAC000034,Std,2013-11-11 03:00:00,67.0
MAC000034,Std,2013-11-11 03:30:00,53.0
MAC000034,Std,2013-11-11 04:00:00,51.0
MAC000034,Std,2013-11-11 04:30:00,84.0
MAC000034,Std,2013-11-11 05:00:00,55.0
MAC000034,Std,2013-11-11 05:30:00,43.0
MAC000034,Std,2013-11-11 06:00:00,54.0
MAC000034,Std,2013-11-11 06:30:00,102.0
MAC000034,Std,2013-11-11 07:00:00,52.0
MAC000034,Std,2013-11-11 07:30:00,48.0
MAC000034,Std,2013-11-11 08:00:00,261.0
MAC000034,Std,2013-11-11 08:30:00,261.0
MAC000034,Std,2013-11-11 09:00:00,199.0
MAC000034,Std,2013-11-11 09:30:00,112.0
MAC000034,Std,2013-11-11 10:00:00,74.0
MAC000034,Std,2013-11-11 10:30:00,90.0
MAC000034,Std,2013-11-11 11:00:00,46.0
MAC000034,Std,2013-11-11 11:30:00,40.0
MAC000034,Std,2013-11-11 12:00:00,42.0
MAC000034,Std,2013-11-11 12:30:00,80.0
MAC000034,Std,2013-11-11 13:00:00,45.0
MAC000034,Std,2013-11-11 13:30:00,45.0
MAC000034,Std,2013-11-11 14:00:00,58.0
MAC000034,Std,2013-11-11 14:30:00,75.0
MAC000034,Std,2013-11-11 15:00:00,37.0
MAC000034,Std,2013-11-11 15:30:00,38.0
MAC000034,Std,2013-11-11 16:00:00,59.0
MAC000034,Std,2013-11-11 16:30:00,70.0
MAC000034,Std,2013-11-11 17:00:00,70.0
MAC000034,Std,2013-11-11 17:30:00,265.0
MAC000034,Std,2013-11-11 18:00:00,171.0
MAC000034,Std,2013-11-11 18:30:00,221.0
MAC000034,Std,2013-11-11 19:00:00,205.0
MAC000034,Std,2013-11-11 19:30:00,256.0
MAC000034,Std,2013-11-11 20:00:00,190.0
MAC000034,Std,2013-11-11 20:30:00,169.0
MAC000034,Std,2013-11-11 21:00:00,168.0
MAC000034,Std,2013-11-11 21:30:00,185.0
MAC000034,Std,2013-11-11 22:00:00,164.0
MAC000034,Std,2013-11-11 22:30:00,147.0
MAC000034,Std,2013-11-11 23:00:00,358.0
MAC000034,Std,2013-11-11 23:30:00,608.0
MAC000034,Std,2013-11-12 00:00:00,578.0
MAC000034,Std,2013-11-12 00:30:00,594.0
MAC000034,Std,2013-11-12 01:00:00,558.0
MAC000034,Std,2013-11-12 01:30:00,55.0
MAC000034,Std,2013-11-12 02:00:00,58.0
MAC000034,Std,2013-11-12 02:30:00,95.0
MAC000034,Std,2013-11-12 03:00:00,44.0
MAC000034,Std,2013-11-12 03:30:00,51.0
MAC000034,Std,2013-11-12 04:00:00,75.0
MAC000034,Std,2013-11-12 04:30:00,79.0
MAC000034,Std,2013-11-12 05:00:00,44.0
MAC000034,Std,2013-11-12 05:30:00,46.0
MAC000034,Std,2013-11-12 06:00:00,99.0
MAC000034,Std,2013-11-12 06:30:00,67.0
MAC000034,Std,2013-11-12 07:00:00,50.0
MAC000034,Std,2013-11-12 07:30:00,46.0
MAC000034,Std,2013-11-12 08:00:00,91.0
MAC000034,Std,2013-11-12 08:30:00,53.0
MAC000034,Std,2013-11-12 09:00:00,48.0
MAC000034,Std,2013-11-12 09:30:00,77.0
MAC000034,Std,2013-11-12 10:00:00,201.0
MAC000034,Std,2013-11-12 10:30:00,149.0
MAC000034,Std,2013-11-12 11:00:00,123.0
MAC000034,Std,2013-11-12 11:30:00,90.0
MAC000034,Std,2013-11-12 12:00:00,41.0
MAC000034,Std,2013-11-12 12:30:00,41.0
MAC000034,Std,2013-11-12 13:00:00,84.0
MAC000034,Std,2013-11-12 13:30:00,63.0
MAC000034,Std,2013-11-12 14:00:00,44.0
MAC000034,Std,2013-11-12 14:30:00,48.0
MAC000034,Std,2013-11-12 15:00:00,79.0
MAC000034,Std,2013-11-12 15:30:00,50.0
MAC000034,Std,2013-11-12 16:00:00,50.0
MAC000034,Std,2013-11-12 16:30:00,84.0
MAC000034,Std,2013-11-12 17:00:00,66.0
MAC000034,Std,2013-11-12 17:30:00,250.0
MAC000034,Std,2013-11-12 18:00:00,164.0
MAC000034,Std,2013-11-12 18:30:00,167.0
MAC000034,Std,2013-11-12 19:00:00,163.0
MAC000034,Std,2013-11-12 19:30:00,190.0
MAC000034,Std,2013-11-12 20:00:00,187.0
MAC000034,Std,2013-11-12 20:30:00,163.0
MAC000034,Std,2013-11-12 21:00:00,182.0
MAC000034,Std,2013-11-12 21:30:00,212.0
MAC000034,Std,2013-11-12 22:00:00,166.0
MAC000034,Std,2013-11-12 22:30:00,188.0
MAC000034,Std,2013-11-12 23:00:00,198.0
MAC000034,Std,2013-11-12 23:30:00,142.0
MAC000034,Std,2013-11-13 00:00:00,534.0
MAC000034,Std,2013-11-13 00:30:00,596.0
MAC000034,Std,2013-11-13 01:00:00,559.0
MAC000034,Std,2013-11-13 01:30:00,277.0
MAC000034,Std,2013-11-13 02:00:00,92.0
MAC000034,Std,2013-11-13 02:30:00,52.0
MAC000034,Std,2013-11-13 03:00:00,62.0
MAC000034,Std,2013-11-13 03:30:00,83.0
MAC000034,Std,2013-11-13 04:00:00,58.0
MAC000034,Std,2013-11-13 04:30:00,59.0
MAC000034,Std,2013-11-13 05:00:00,57.0
MAC000034,Std,2013-11-13 05:30:00,75.0
MAC000034,Std,2013-11-13 06:00:00,57.0
MAC000034,Std,2013-11-13 06:30:00,67.0
MAC000034,Std,2013-11-13 07:00:00,80.0
MAC000034,Std,2013-11-13 07:30:00,45.0
MAC000034,Std,2013-11-13 08:00:00,53.0
MAC000034,Std,2013-11-13 08:30:00,57.0
MAC000034,Std,2013-11-13 09:00:00,72.0
MAC000034,Std,2013-11-13 09:30:00,43.0
MAC000034,Std,2013-11-13 10:00:00,50.0
MAC000034,Std,2013-11-13 10:30:00,140.0
MAC000034,Std,2013-11-13 11:00:00,107.0
MAC000034,Std,2013-11-13 11:30:00,101.0
MAC000034,Std,2013-11-13 12:00:00,214.0
MAC000034,Std,2013-11-13 12:30:00,154.0
MAC000034,Std,2013-11-13 13:00:00,99.0
MAC000034,Std,2013-11-13 13:30:00,97.0
MAC000034,Std,2013-11-13 14:00:00,128.0
MAC000034,Std,2013-11-13 14:30:00,129.0
MAC000034,Std,2013-11-13 15:00:00,92.0
MAC000034,Std,2013-11-13 15:30:00,134.0
MAC000034,Std,2013-11-13 16:00:00,603.0
MAC000034,Std,2013-11-13 16:30:00,535.0
MAC000034,Std,2013-11-13 17:00:00,467.0
MAC000034,Std,2013-11-13 17:30:00,629.0
MAC000034,Std,2013-11-13 18:00:00,617.0
MAC000034,Std,2013-11-13 18:30:00,578.0
MAC000034,Std,2013-11-13 19:00:00,562.0
MAC000034,Std,2013-11-13 19:30:00,594.0
MAC000034,Std,2013-11-13 20:00:00,657.0
MAC000034,Std,2013-11-13 20:30:00,622.0
MAC000034,Std,2013-11-13 21:00:00,633.0
MAC000034,Std,2013-11-13 21:30:00,720.0
MAC000034,Std,2013-11-13 22:00:00,628.0
MAC000034,Std,2013-11-13 22:30:00,578.0
MAC000034,Std,2013-11-13 23:00:00,627.0
MAC000034,Std,2013-11-13 23:30:00,559.0
MAC000034,Std,2013-11-14 00:00:00,557.0
MAC000034,Std,2013-11-14 00:30:00,988.0
MAC000034,Std,2013-11-14 01:00:00,975.0
MAC000034,Std,2013-11-14 01:30:00,1302.0
MAC000034,Std,2013-11-14 02:00:00,2020.0
MAC000034,Std,2013-11-14 02:30:00,2069.0
MAC000034,Std,2013-11-14 03:00:00,2040.0
MAC000034,Std,2013-11-14 03:30:00,2015.0001
MAC000034,Std,2013-11-14 04:00:00,2040.0
MAC000034,Std,2013-11-14 04:30:00,2019.0001
MAC000034,Std,2013-11-14 05:00:00,1992.0
MAC000034,Std,2013-11-14 05:30:00,1592.0
MAC000034,Std,2013-11-14 06:00:00,980.0
MAC000034,Std,2013-11-14 06:30:00,814.0
MAC000034,Std,2013-11-14 07:00:00,443.0
MAC000034,Std,2013-11-14 07:30:00,503.0
MAC000034,Std,2013-11-14 08:00:00,469.0
MAC000034,Std,2013-11-14 08:30:00,449.0
MAC000034,Std,2013-11-14 09:00:00,451.0
MAC000034,Std,2013-11-14 09:30:00,497.0
MAC000034,Std,2013-11-14 10:00:00,467.0
MAC000034,Std,2013-11-14 10:30:00,454.0
MAC000034,Std,2013-11-14 11:00:00,539.0
MAC000034,Std,2013-11-14 11:30:00,549.0
MAC000034,Std,2013-11-14 12:00:00,641.0
MAC000034,Std,2013-11-14 12:30:00,514.0
MAC000034,Std,2013-11-14 13:00:00,577.0
MAC000034,Std,2013-11-14 13:30:00,103.0
MAC000034,Std,2013-11-14 14:00:00,130.0
MAC000034,Std,2013-11-14 14:30:00,105.0
MAC000034,Std,2013-11-14 15:00:00,129.0
MAC000034,Std,2013-11-14 15:30:00,120.0
MAC000034,Std,2013-11-14 16:00:00,130.0
MAC000034,Std,2013-11-14 16:30:00,95.0
MAC000034,Std,2013-11-14 17:00:00,46.0
MAC000034,Std,2013-11-14 17:30:00,39.0
MAC000034,Std,2013-11-14 18:00:00,241.0
MAC000034,Std,2013-11-14 18:30:00,189.0
MAC000034,Std,2013-11-14 19:00:00,163.0
MAC000034,Std,2013-11-14 19:30:00,158.0
MAC000034,Std,2013-11-14 20:00:00,269.0
MAC000034,Std,2013-11-14 20:30:00,226.0
MAC000034,Std,2013-11-14 21:00:00,171.0
MAC000034,Std,2013-11-14 21:30:00,212.0
MAC000034,Std,2013-11-14 22:00:00,164.0
MAC000034,Std,2013-11-14 22:30:00,225.0
MAC000034,Std,2013-11-14 23:00:00,228.0
MAC000034,Std,2013-11-14 23:30:00,162.0
MAC000034,Std,2013-11-15 00:00:00,1677.0
MAC000034,Std,2013-11-15 00:30:00,2017.0
MAC000034,Std,2013-11-15 01:00:00,2180.0001
MAC000034,Std,2013-11-15 01:30:00,1626.0
MAC000034,Std,2013-11-15 02:00:00,1651.0
MAC000034,Std,2013-11-15 02:30:00,1669.0
MAC000034,Std,2013-11-15 03:00:00,604.0
MAC000034,Std,2013-11-15 03:30:00,353.0
MAC000034,Std,2013-11-15 04:00:00,416.0
MAC000034,Std,2013-11-15 04:30:00,400.0
MAC000034,Std,2013-11-15 05:00:00,351.0
MAC000034,Std,2013-11-15 05:30:00,684.0
MAC000034,Std,2013-11-15 06:00:00,564.0
MAC000034,Std,2013-11-15 06:30:00,328.0
MAC000034,Std,2013-11-15 07:00:00,57.0
MAC000034,Std,2013-11-15 07:30:00,87.0
MAC000034,Std,2013-11-15 08:00:00,48.0
MAC000034,Std,2013-11-15 08:30:00,50.0
MAC000034,Std,2013-11-15 09:00:00,68.0
MAC000034,Std,2013-11-15 09:30:00,66.0
MAC000034,Std,2013-11-15 10:00:00,83.0
MAC000034,Std,2013-11-15 10:30:00,103.0
MAC000034,Std,2013-11-15 11:00:00,258.0
MAC000034,Std,2013-11-15 11:30:00,186.0
MAC000034,Std,2013-11-15 12:00:00,454.0
MAC000034,Std,2013-11-15 12:30:00,272.0
MAC000034,Std,2013-11-15 13:00:00,256.0
MAC000034,Std,2013-11-15 13:30:00,189.0
MAC000034,Std,2013-11-15 14:00:00,153.0
MAC000034,Std,2013-11-15 14:30:00,135.0
MAC000034,Std,2013-11-15 15:00:00,235.0
MAC000034,Std,2013-11-15 15:30:00,113.0
MAC000034,Std,2013-11-15 16:00:00,84.0
MAC000034,Std,2013-11-15 16:30:00,186.0
MAC000034,Std,2013-11-15 17:00:00,143.0
MAC000034,Std,2013-11-15 17:30:00,152.0
MAC000034,Std,2013-11-15 18:00:00,152.0
MAC000034,Std,2013-11-15 18:30:00,150.0
MAC000034,Std,2013-11-15 19:00:00,184.0
MAC000034,Std,2013-11-15 19:30:00,222.0
MAC000034,Std,2013-11-15 20:00:00,188.0
MAC000034,Std,2013-11-15 20:30:00,203.0
MAC000034,Std,2013-11-15 21:00:00,167.0
MAC000034,Std,2013-11-15 21:30:00,199.0
MAC000034,Std,2013-11-15 22:00:00,197.0
MAC000034,Std,2013-11-15 22:30:00,224.0
MAC000034,Std,2013-11-15 23:00:00,167.0
MAC000034,Std,2013-11-15 23:30:00,433.0
MAC000034,Std,2013-11-16 00:00:00,2155.9999
MAC000034,Std,2013-11-16 00:30:00,2128.9999000000003
MAC000034,Std,2013-11-16 01:00:00,1699.0
MAC000034,Std,2013-11-16 01:30:00,1661.9999
MAC000034,Std,2013-11-16 02:00:00,1645.0
MAC000034,Std,2013-11-16 02:30:00,1637.0
MAC000034,Std,2013-11-16 03:00:00,702.0
MAC000034,Std,2013-11-16 03:30:00,285.0
MAC000034,Std,2013-11-16 04:00:00,466.0
MAC000034,Std,2013-11-16 04:30:00,368.0
MAC000034,Std,2013-11-16 05:00:00,441.0
MAC000034,Std,2013-11-16 05:30:00,484.0
MAC000034,Std,2013-11-16 06:00:00,420.0
MAC000034,Std,2013-11-16 06:30:00,706.0
MAC000034,Std,2013-11-16 07:00:00,87.0
MAC000034,Std,2013-11-16 07:30:00,51.0
MAC000034,Std,2013-11-16 08:00:00,40.0
MAC000034,Std,2013-11-16 08:30:00,40.0
MAC000034,Std,2013-11-16 09:00:00,93.0
MAC000034,Std,2013-11-16 09:30:00,84.0
MAC000034,Std,2013-11-16 10:00:00,96.0
MAC000034,Std,2013-11-16 10:30:00,179.0
MAC000034,Std,2013-11-16 11:00:00,85.0
MAC000034,Std,2013-11-16 11:30:00,371.0
MAC000034,Std,2013-11-16 12:00:00,128.0
MAC000034,Std,2013-11-16 12:30:00,350.0
MAC000034,Std,2013-11-16 13:00:00,684.0
MAC000034,Std,2013-11-16 13:30:00,731.0
MAC000034,Std,2013-11-16 14:00:00,701.0
MAC000034,Std,2013-11-16 14:30:00,702.0
MAC000034,Std,2013-11-16 15:00:00,358.0
MAC000034,Std,2013-11-16 15:30:00,204.0
MAC000034,Std,2013-11-16 16:00:00,139.0
MAC000034,Std,2013-11-16 16:30:00,128.0
MAC000034,Std,2013-11-16 17:00:00,160.0
MAC000034,Std,2013-11-16 17:30:00,317.0
MAC000034,Std,2013-11-16 18:00:00,116.0
MAC000034,Std,2013-11-16 18:30:00,222.0
MAC000034,Std,2013-11-16 19:00:00,188.0
MAC000034,Std,2013-11-16 19:30:00,305.0
MAC000034,Std,2013-11-16 20:00:00,218.0
MAC000034,Std,2013-11-16 20:30:00,209.0
MAC000034,Std,2013-11-16 21:00:00,176.0
MAC000034,Std,2013-11-16 21:30:00,173.0
MAC000034,Std,2013-11-16 22:00:00,224.0
MAC000034,Std,2013-11-16 22:30:00,198.0
MAC000034,Std,2013-11-16 23:00:00,162.0
MAC000034,Std,2013-11-16 23:30:00,212.0
MAC000034,Std,2013-11-17 00:00:00,1678.0
MAC000034,Std,2013-11-17 00:30:00,1612.0
MAC000034,Std,2013-11-17 01:00:00,1633.0
MAC000034,Std,2013-11-17 01:30:00,1677.0
MAC000034,Std,2013-11-17 02:00:00,1633.9999
MAC000034,Std,2013-11-17 02:30:00,1638.0
MAC000034,Std,2013-11-17 03:00:00,719.0
MAC000034,Std,2013-11-17 03:30:00,60.0
MAC000034,Std,2013-11-17 04:00:00,385.0
MAC000034,Std,2013-11-17 04:30:00,454.0
MAC000034,Std,2013-11-17 05:00:00,392.0
MAC000034,Std,2013-11-17 05:30:00,611.0
MAC000034,Std,2013-11-17 06:00:00,562.0
MAC000034,Std,2013-11-17 06:30:00,491.0
MAC000034,Std,2013-11-17 07:00:00,62.0
MAC000034,Std,2013-11-17 07:30:00,45.0
MAC000034,Std,2013-11-17 08:00:00,59.0
MAC000034,Std,2013-11-17 08:30:00,106.0
MAC000034,Std,2013-11-17 09:00:00,45.0
MAC000034,Std,2013-11-17 09:30:00,58.0
MAC000034,Std,2013-11-17 10:00:00,137.0
MAC000034,Std,2013-11-17 10:30:00,144.0
MAC000034,Std,2013-11-17 11:00:00,216.0
MAC000034,Std,2013-11-17 11:30:00,113.0
MAC000034,Std,2013-11-17 12:00:00,161.0
MAC000034,Std,2013-11-17 12:30:00,115.0
MAC000034,Std,2013-11-17 13:00:00,107.0
MAC000034,Std,2013-11-17 13:30:00,115.0
MAC000034,Std,2013-11-17 14:00:00,164.0
MAC000034,Std,2013-11-17 14:30:00,109.0
MAC000034,Std,2013-11-17 15:00:00,334.0
MAC000034,Std,2013-11-17 15:30:00,220.0
MAC000034,Std,2013-11-17 16:00:00,83.0
MAC000034,Std,2013-11-17 16:30:00,38.0
MAC000034,Std,2013-11-17 17:00:00,39.0
MAC000034,Std,2013-11-17 17:30:00,89.0
MAC000034,Std,2013-11-17 18:00:00,247.0
MAC000034,Std,2013-11-17 18:30:00,148.0
MAC000034,Std,2013-11-17 19:00:00,177.0
MAC000034,Std,2013-11-17 19:30:00,189.0
MAC000034,Std,2013-11-17 20:00:00,198.0
MAC000034,Std,2013-11-17 20:30:00,192.0
MAC000034,Std,2013-11-17 21:00:00,240.0
MAC000034,Std,2013-11-17 21:30:00,215.0
MAC000034,Std,2013-11-17 22:00:00,189.0
MAC000034,Std,2013-11-17 22:30:00,237.0
MAC000034,Std,2013-11-17 23:00:00,271.0
MAC000034,Std,2013-11-17 23:30:00,632.0
MAC000034,Std,2013-11-18 00:00:00,2175.0
MAC000034,Std,2013-11-18 00:30:00,2030.9999
MAC000034,Std,2013-11-18 01:00:00,1655.0
MAC000034,Std,2013-11-18 01:30:00,1648.0
MAC000034,Std,2013-11-18 02:00:00,1694.0
MAC000034,Std,2013-11-18 02:30:00,1378.9999
MAC000034,Std,2013-11-18 03:00:00,503.0
MAC000034,Std,2013-11-18 03:30:00,444.0
MAC000034,Std,2013-11-18 04:00:00,460.0
MAC000034,Std,2013-11-18 04:30:00,341.0
MAC000034,Std,2013-11-18 05:00:00,463.0
MAC000034,Std,2013-11-18 05:30:00,482.0
MAC000034,Std,2013-11-18 06:00:00,370.0
MAC000034,Std,2013-11-18 06:30:00,396.0
MAC000034,Std,2013-11-18 07:00:00,104.0
MAC000034,Std,2013-11-18 07:30:00,69.0
MAC000034,Std,2013-11-18 08:00:00,47.0
MAC000034,Std,2013-11-18 08:30:00,62.0
MAC000034,Std,2013-11-18 09:00:00,105.0
MAC000034,Std,2013-11-18 09:30:00,104.0
MAC000034,Std,2013-11-18 10:00:00,116.0
MAC000034,Std,2013-11-18 10:30:00,148.0
MAC000034,Std,2013-11-18 11:00:00,205.0
MAC000034,Std,2013-11-18 11:30:00,116.0
MAC000034,Std,2013-11-18 12:00:00,123.0
MAC000034,Std,2013-11-18 12:30:00,153.0
MAC000034,Std,2013-11-18 13:00:00,461.0
MAC000034,Std,2013-11-18 13:30:00,113.0
MAC000034,Std,2013-11-18 14:00:00,144.0
MAC000034,Std,2013-11-18 14:30:00,109.0
MAC000034,Std,2013-11-18 15:00:00,116.0
MAC000034,Std,2013-11-18 15:30:00,81.0
MAC000034,Std,2013-11-18 16:00:00,61.0
MAC000034,Std,2013-11-18 16:30:00,55.0
MAC000034,Std,2013-11-18 17:00:00,87.0
MAC000034,Std,2013-11-18 17:30:00,290.0
MAC000034,Std,2013-11-18 18:00:00,123.0
MAC000034,Std,2013-11-18 18:30:00,148.0
MAC000034,Std,2013-11-18 19:00:00,213.0
MAC000034,Std,2013-11-18 19:30:00,168.0
MAC000034,Std,2013-11-18 20:00:00,209.0
MAC000034,Std,2013-11-18 20:30:00,248.0
MAC000034,Std,2013-11-18 21:00:00,166.0
MAC000034,Std,2013-11-18 21:30:00,174.0
MAC000034,Std,2013-11-18 22:00:00,242.0
MAC000034,Std,2013-11-18 22:30:00,245.0
MAC000034,Std,2013-11-18 23:00:00,529.0
MAC000034,Std,2013-11-18 23:30:00,696.0
MAC000034,Std,2013-11-19 00:00:00,1849.0
MAC000034,Std,2013-11-19 00:30:00,1631.0
MAC000034,Std,2013-11-19 01:00:00,1655.0
MAC000034,Std,2013-11-19 01:30:00,1632.0
MAC000034,Std,2013-11-19 02:00:00,1622.0
MAC000034,Std,2013-11-19 02:30:00,1614.0
MAC000034,Std,2013-11-19 03:00:00,605.0
MAC000034,Std,2013-11-19 03:30:00,56.0
MAC000034,Std,2013-11-19 04:00:00,422.0
MAC000034,Std,2013-11-19 04:30:00,625.0
MAC000034,Std,2013-11-19 05:00:00,497.0
MAC000034,Std,2013-11-19 05:30:00,572.0
MAC000034,Std,2013-11-19 06:00:00,415.0
MAC000034,Std,2013-11-19 06:30:00,527.0
MAC000034,Std,2013-11-19 07:00:00,40.0
MAC000034,Std,2013-11-19 07:30:00,55.0
MAC000034,Std,2013-11-19 08:00:00,89.0
MAC000034,Std,2013-11-19 08:30:00,302.0
MAC000034,Std,2013-11-19 09:00:00,233.0
MAC000034,Std,2013-11-19 09:30:00,224.0
MAC000034,Std,2013-11-19 10:00:00,172.0
MAC000034,Std,2013-11-19 10:30:00,80.0
MAC000034,Std,2013-11-19 11:00:00,43.0
MAC000034,Std,2013-11-19 11:30:00,57.0
MAC000034,Std,2013-11-19 12:00:00,90.0
MAC000034,Std,2013-11-19 12:30:00,38.0
MAC000034,Std,2013-11-19 13:00:00,42.0
MAC000034,Std,2013-11-19 13:30:00,67.0
MAC000034,Std,2013-11-19 14:00:00,79.0
MAC000034,Std,2013-11-19 14:30:00,38.0
MAC000034,Std,2013-11-19 15:00:00,38.0
MAC000034,Std,2013-11-19 15:30:00,76.0
MAC000034,Std,2013-11-19 16:00:00,69.0
MAC000034,Std,2013-11-19 16:30:00,43.0
MAC000034,Std,2013-11-19 17:00:00,175.0
MAC000034,Std,2013-11-19 17:30:00,160.0
MAC000034,Std,2013-11-19 18:00:00,141.0
MAC000034,Std,2013-11-19 18:30:00,150.0
MAC000034,Std,2013-11-19 19:00:00,139.0
MAC000034,Std,2013-11-19 19:30:00,227.0
MAC000034,Std,2013-11-19 20:00:00,175.0
MAC000034,Std,2013-11-19 20:30:00,149.0
MAC000034,Std,2013-11-19 21:00:00,218.0
MAC000034,Std,2013-11-19 21:30:00,167.0
MAC000034,Std,2013-11-19 22:00:00,171.0
MAC000034,Std,2013-11-19 22:30:00,157.0
MAC000034,Std,2013-11-19 23:00:00,191.0
MAC000034,Std,2013-11-19 23:30:00,496.0
MAC000034,Std,2013-11-20 00:00:00,2098.0
MAC000034,Std,2013-11-20 00:30:00,2178.9999
MAC000034,Std,2013-11-20 01:00:00,1639.0001
MAC000034,Std,2013-11-20 01:30:00,1620.0
MAC000034,Std,2013-11-20 02:00:00,1625.0
MAC000034,Std,2013-11-20 02:30:00,1656.9999
MAC000034,Std,2013-11-20 03:00:00,798.0
MAC000034,Std,2013-11-20 03:30:00,340.0
MAC000034,Std,2013-11-20 04:00:00,436.0
MAC000034,Std,2013-11-20 04:30:00,470.0
MAC000034,Std,2013-11-20 05:00:00,423.0
MAC000034,Std,2013-11-20 05:30:00,359.0
MAC000034,Std,2013-11-20 06:00:00,576.0
MAC000034,Std,2013-11-20 06:30:00,465.0
MAC000034,Std,2013-11-20 07:00:00,40.0
MAC000034,Std,2013-11-20 07:30:00,68.0
MAC000034,Std,2013-11-20 08:00:00,75.0
MAC000034,Std,2013-11-20 08:30:00,65.0
MAC000034,Std,2013-11-20 09:00:00,37.0
MAC000034,Std,2013-11-20 09:30:00,69.0
MAC000034,Std,2013-11-20 10:00:00,135.0
MAC000034,Std,2013-11-20 10:30:00,127.0
MAC000034,Std,2013-11-20 11:00:00,205.0
MAC000034,Std,2013-11-20 11:30:00,97.0
MAC000034,Std,2013-11-20 12:00:00,266.0
MAC000034,Std,2013-11-20 12:30:00,726.0
MAC000034,Std,2013-11-20 13:00:00,108.0
MAC000034,Std,2013-11-20 13:30:00,38.0
MAC000034,Std,2013-11-20 14:00:00,62.0
MAC000034,Std,2013-11-20 14:30:00,74.0
MAC000034,Std,2013-11-20 15:00:00,49.0
MAC000034,Std,2013-11-20 15:30:00,37.0
MAC000034,Std,2013-11-20 16:00:00,51.0
MAC000034,Std,2013-11-20 16:30:00,76.0
MAC000034,Std,2013-11-20 17:00:00,61.0
MAC000034,Std,2013-11-20 17:30:00,122.0
MAC000034,Std,2013-11-20 18:00:00,128.0
MAC000034,Std,2013-11-20 18:30:00,175.0
MAC000034,Std,2013-11-20 19:00:00,163.0
MAC000034,Std,2013-11-20 19:30:00,306.0
MAC000034,Std,2013-11-20 20:00:00,209.0
MAC000034,Std,2013-11-20 20:30:00,161.0
MAC000034,Std,2013-11-20 21:00:00,163.0
MAC000034,Std,2013-11-20 21:30:00,252.0
MAC000034,Std,2013-11-20 22:00:00,179.0
MAC000034,Std,2013-11-20 22:30:00,152.0
MAC000034,Std,2013-11-20 23:00:00,188.0
MAC000034,Std,2013-11-20 23:30:00,158.0
MAC000034,Std,2013-11-21 00:00:00,1895.0
MAC000034,Std,2013-11-21 00:30:00,2118.0
MAC000034,Std,2013-11-21 01:00:00,2148.9999000000003
MAC000034,Std,2013-11-21 01:30:00,1752.0
MAC000034,Std,2013-11-21 02:00:00,1625.0
MAC000034,Std,2013-11-21 02:30:00,1651.0
MAC000034,Std,2013-11-21 03:00:00,1095.0
MAC000034,Std,2013-11-21 03:30:00,174.0
MAC000034,Std,2013-11-21 04:00:00,293.0
MAC000034,Std,2013-11-21 04:30:00,484.0
MAC000034,Std,2013-11-21 05:00:00,471.0
MAC000034,Std,2013-11-21 05:30:00,457.0
MAC000034,Std,2013-11-21 06:00:00,500.0
MAC000034,Std,2013-11-21 06:30:00,526.0
MAC000034,Std,2013-11-21 07:00:00,50.0
MAC000034,Std,2013-11-21 07:30:00,51.0
MAC000034,Std,2013-11-21 08:00:00,52.0
MAC000034,Std,2013-11-21 08:30:00,79.0
MAC000034,Std,2013-11-21 09:00:00,43.0
MAC000034,Std,2013-11-21 09:30:00,54.0
MAC000034,Std,2013-11-21 10:00:00,114.0
MAC000034,Std,2013-11-21 10:30:00,145.0
MAC000034,Std,2013-11-21 11:00:00,211.0
MAC000034,Std,2013-11-21 11:30:00,113.0
MAC000034,Std,2013-11-21 12:00:00,122.0
MAC000034,Std,2013-11-21 12:30:00,166.0
MAC000034,Std,2013-11-21 13:00:00,136.0
MAC000034,Std,2013-11-21 13:30:00,129.0
MAC000034,Std,2013-11-21 14:00:00,183.0
MAC000034,Std,2013-11-21 14:30:00,218.0
MAC000034,Std,2013-11-21 15:00:00,163.0
MAC000034,Std,2013-11-21 15:30:00,82.0
MAC000034,Std,2013-11-21 16:00:00,117.0
MAC000034,Std,2013-11-21 16:30:00,138.0
MAC000034,Std,2013-11-21 17:00:00,118.0
MAC000034,Std,2013-11-21 17:30:00,47.0
MAC000034,Std,2013-11-21 18:00:00,244.0
MAC000034,Std,2013-11-21 18:30:00,160.0
MAC000034,Std,2013-11-21 19:00:00,177.0
MAC000034,Std,2013-11-21 19:30:00,164.0
MAC000034,Std,2013-11-21 20:00:00,224.0
MAC000034,Std,2013-11-21 20:30:00,274.0
MAC000034,Std,2013-11-21 21:00:00,146.0
MAC000034,Std,2013-11-21 21:30:00,173.0
MAC000034,Std,2013-11-21 22:00:00,248.0
MAC000034,Std,2013-11-21 22:30:00,230.0
MAC000034,Std,2013-11-21 23:00:00,166.0
MAC000034,Std,2013-11-21 23:30:00,212.0
MAC000034,Std,2013-11-22 00:00:00,1752.0
MAC000034,Std,2013-11-22 00:30:00,2204.9999
MAC000034,Std,2013-11-22 01:00:00,2178.9999
MAC000034,Std,2013-11-22 01:30:00,2131.0
MAC000034,Std,2013-11-22 02:00:00,1589.0
MAC000034,Std,2013-11-22 02:30:00,1619.0
MAC000034,Std,2013-11-22 03:00:00,1200.0
MAC000034,Std,2013-11-22 03:30:00,79.0
MAC000034,Std,2013-11-22 04:00:00,452.0
MAC000034,Std,2013-11-22 04:30:00,472.0
MAC000034,Std,2013-11-22 05:00:00,455.0
MAC000034,Std,2013-11-22 05:30:00,443.0
MAC000034,Std,2013-11-22 06:00:00,477.0
MAC000034,Std,2013-11-22 06:30:00,525.0
MAC000034,Std,2013-11-22 07:00:00,90.0
MAC000034,Std,2013-11-22 07:30:00,38.0
MAC000034,Std,2013-11-22 08:00:00,41.0
MAC000034,Std,2013-11-22 08:30:00,49.0
MAC000034,Std,2013-11-22 09:00:00,93.0
MAC000034,Std,2013-11-22 09:30:00,42.0
MAC000034,Std,2013-11-22 10:00:00,38.0
MAC000034,Std,2013-11-22 10:30:00,53.0
MAC000034,Std,2013-11-22 11:00:00,227.0
MAC000034,Std,2013-11-22 11:30:00,273.0
MAC000034,Std,2013-11-22 12:00:00,98.0
MAC000034,Std,2013-11-22 12:30:00,89.0
MAC000034,Std,2013-11-22 13:00:00,145.0
MAC000034,Std,2013-11-22 13:30:00,103.0
MAC000034,Std,2013-11-22 14:00:00,106.0
MAC000034,Std,2013-11-22 14:30:00,89.0
MAC000034,Std,2013-11-22 15:00:00,134.0
MAC000034,Std,2013-11-22 15:30:00,511.0
MAC000034,Std,2013-11-22 16:00:00,55.0
MAC000034,Std,2013-11-22 16:30:00,46.0
MAC000034,Std,2013-11-22 17:00:00,81.0
MAC000034,Std,2013-11-22 17:30:00,36.0
MAC000034,Std,2013-11-22 18:00:00,51.0
MAC000034,Std,2013-11-22 18:30:00,301.0
MAC000034,Std,2013-11-22 19:00:00,271.0
MAC000034,Std,2013-11-22 19:30:00,164.0
MAC000034,Std,2013-11-22 20:00:00,140.0
MAC000034,Std,2013-11-22 20:30:00,230.0
MAC000034,Std,2013-11-22 21:00:00,257.0
MAC000034,Std,2013-11-22 21:30:00,165.0
MAC000034,Std,2013-11-22 22:00:00,184.0
MAC000034,Std,2013-11-22 22:30:00,190.0
MAC000034,Std,2013-11-22 23:00:00,159.0
MAC000034,Std,2013-11-22 23:30:00,272.0
MAC000034,Std,2013-11-23 00:00:00,2128.9999000000003
MAC000034,Std,2013-11-23 00:30:00,2124.0001
MAC000034,Std,2013-11-23 01:00:00,2148.9999000000003
MAC000034,Std,2013-11-23 01:30:00,1818.0
MAC000034,Std,2013-11-23 02:00:00,1635.0
MAC000034,Std,2013-11-23 02:30:00,1636.0
MAC000034,Std,2013-11-23 03:00:00,977.0
MAC000034,Std,2013-11-23 03:30:00,63.0
MAC000034,Std,2013-11-23 04:00:00,515.0
MAC000034,Std,2013-11-23 04:30:00,545.0
MAC000034,Std,2013-11-23 05:00:00,445.0
MAC000034,Std,2013-11-23 05:30:00,428.0
MAC000034,Std,2013-11-23 06:00:00,394.0
MAC000034,Std,2013-11-23 06:30:00,487.0
MAC000034,Std,2013-11-23 07:00:00,125.0
MAC000034,Std,2013-11-23 07:30:00,46.0
MAC000034,Std,2013-11-23 08:00:00,36.0
MAC000034,Std,2013-11-23 08:30:00,53.0
MAC000034,Std,2013-11-23 09:00:00,80.0
MAC000034,Std,2013-11-23 09:30:00,48.0
MAC000034,Std,2013-11-23 10:00:00,40.0
MAC000034,Std,2013-11-23 10:30:00,80.0
MAC000034,Std,2013-11-23 11:00:00,129.0
MAC000034,Std,2013-11-23 11:30:00,199.0
MAC000034,Std,2013-11-23 12:00:00,107.0
MAC000034,Std,2013-11-23 12:30:00,129.0
MAC000034,Std,2013-11-23 13:00:00,120.0
MAC000034,Std,2013-11-23 13:30:00,108.0
MAC000034,Std,2013-11-23 14:00:00,107.0
MAC000034,Std,2013-11-23 14:30:00,220.0
MAC000034,Std,2013-11-23 15:00:00,121.0
MAC000034,Std,2013-11-23 15:30:00,99.0
MAC000034,Std,2013-11-23 16:00:00,120.0
MAC000034,Std,2013-11-23 16:30:00,187.0
MAC000034,Std,2013-11-23 17:00:00,225.0
MAC000034,Std,2013-11-23 17:30:00,267.0
MAC000034,Std,2013-11-23 18:00:00,173.0
MAC000034,Std,2013-11-23 18:30:00,248.0
MAC000034,Std,2013-11-23 19:00:00,249.0
MAC000034,Std,2013-11-23 19:30:00,243.0
MAC000034,Std,2013-11-23 20:00:00,234.0
MAC000034,Std,2013-11-23 20:30:00,249.0
MAC000034,Std,2013-11-23 21:00:00,214.0
MAC000034,Std,2013-11-23 21:30:00,223.0
MAC000034,Std,2013-11-23 22:00:00,229.0
MAC000034,Std,2013-11-23 22:30:00,242.0
MAC000034,Std,2013-11-23 23:00:00,571.0
MAC000034,Std,2013-11-23 23:30:00,627.0
MAC000034,Std,2013-11-24 00:00:00,1967.0
MAC000034,Std,2013-11-24 00:30:00,1704.0
MAC000034,Std,2013-11-24 01:00:00,1684.0
MAC000034,Std,2013-11-24 01:30:00,1681.0
MAC000034,Std,2013-11-24 02:00:00,1715.0
MAC000034,Std,2013-11-24 02:30:00,1679.0
MAC000034,Std,2013-11-24 03:00:00,820.0
MAC000034,Std,2013-11-24 03:30:00,108.0
MAC000034,Std,2013-11-24 04:00:00,488.0
MAC000034,Std,2013-11-24 04:30:00,437.0
MAC000034,Std,2013-11-24 05:00:00,762.0
MAC000034,Std,2013-11-24 05:30:00,534.0
MAC000034,Std,2013-11-24 06:00:00,484.0
MAC000034,Std,2013-11-24 06:30:00,476.0
MAC000034,Std,2013-11-24 07:00:00,91.0
MAC000034,Std,2013-11-24 07:30:00,95.0
MAC000034,Std,2013-11-24 08:00:00,131.0
MAC000034,Std,2013-11-24 08:30:00,109.0
MAC000034,Std,2013-11-24 09:00:00,85.0
MAC000034,Std,2013-11-24 09:30:00,98.0
MAC000034,Std,2013-11-24 10:00:00,190.0
MAC000034,Std,2013-11-24 10:30:00,171.0
MAC000034,Std,2013-11-24 11:00:00,247.0
MAC000034,Std,2013-11-24 11:30:00,146.0
MAC000034,Std,2013-11-24 12:00:00,178.0
MAC000034,Std,2013-11-24 12:30:00,184.0
MAC000034,Std,2013-11-24 13:00:00,469.0
MAC000034,Std,2013-11-24 13:30:00,185.0
MAC000034,Std,2013-11-24 14:00:00,132.0
MAC000034,Std,2013-11-24 14:30:00,68.0
MAC000034,Std,2013-11-24 15:00:00,43.0
MAC000034,Std,2013-11-24 15:30:00,40.0
MAC000034,Std,2013-11-24 16:00:00,160.0
MAC000034,Std,2013-11-24 16:30:00,95.0
MAC000034,Std,2013-11-24 17:00:00,96.0
MAC000034,Std,2013-11-24 17:30:00,84.0
MAC000034,Std,2013-11-24 18:00:00,262.0
MAC000034,Std,2013-11-24 18:30:00,116.0
MAC000034,Std,2013-11-24 19:00:00,133.0
MAC000034,Std,2013-11-24 19:30:00,122.0
MAC000034,Std,2013-11-24 20:00:00,194.0
MAC000034,Std,2013-11-24 20:30:00,214.0
MAC000034,Std,2013-11-24 21:00:00,177.0
MAC000034,Std,2013-11-24 21:30:00,174.0
MAC000034,Std,2013-11-24 22:00:00,180.0
MAC000034,Std,2013-11-24 22:30:00,155.0
MAC000034,Std,2013-11-24 23:00:00,153.0
MAC000034,Std,2013-11-24 23:30:00,185.0
MAC000034,Std,2013-11-25 00:00:00,1883.9999
MAC000034,Std,2013-11-25 00:30:00,2153.0001
MAC000034,Std,2013-11-25 01:00:00,2026.0
MAC000034,Std,2013-11-25 01:30:00,1650.0
MAC000034,Std,2013-11-25 02:00:00,1646.0
MAC000034,Std,2013-11-25 02:30:00,1647.0
MAC000034,Std,2013-11-25 03:00:00,781.0
MAC000034,Std,2013-11-25 03:30:00,49.0
MAC000034,Std,2013-11-25 04:00:00,457.0
MAC000034,Std,2013-11-25 04:30:00,624.0
MAC000034,Std,2013-11-25 05:00:00,398.0
MAC000034,Std,2013-11-25 05:30:00,469.0
MAC000034,Std,2013-11-25 06:00:00,447.0
MAC000034,Std,2013-11-25 06:30:00,547.0
MAC000034,Std,2013-11-25 07:00:00,84.0
MAC000034,Std,2013-11-25 07:30:00,49.0
MAC000034,Std,2013-11-25 08:00:00,44.0
MAC000034,Std,2013-11-25 08:30:00,49.0
MAC000034,Std,2013-11-25 09:00:00,88.0
MAC000034,Std,2013-11-25 09:30:00,34.0
MAC000034,Std,2013-11-25 10:00:00,52.0
MAC000034,Std,2013-11-25 10:30:00,107.0
MAC000034,Std,2013-11-25 11:00:00,151.0
MAC000034,Std,2013-11-25 11:30:00,201.0
MAC000034,Std,2013-11-25 12:00:00,96.0
MAC000034,Std,2013-11-25 12:30:00,116.0
MAC000034,Std,2013-11-25 13:00:00,182.0
MAC000034,Std,2013-11-25 13:30:00,137.0
MAC000034,Std,2013-11-25 14:00:00,138.0
MAC000034,Std,2013-11-25 14:30:00,128.0
MAC000034,Std,2013-11-25 15:00:00,121.0
MAC000034,Std,2013-11-25 15:30:00,389.0
MAC000034,Std,2013-11-25 16:00:00,99.0
MAC000034,Std,2013-11-25 16:30:00,112.0
MAC000034,Std,2013-11-25 17:00:00,155.0
MAC000034,Std,2013-11-25 17:30:00,126.0
MAC000034,Std,2013-11-25 18:00:00,238.0
MAC000034,Std,2013-11-25 18:30:00,191.0
MAC000034,Std,2013-11-25 19:00:00,271.0
MAC000034,Std,2013-11-25 19:30:00,200.0
MAC000034,Std,2013-11-25 20:00:00,233.0
MAC000034,Std,2013-11-25 20:30:00,230.0
MAC000034,Std,2013-11-25 21:00:00,249.0
MAC000034,Std,2013-11-25 21:30:00,226.0
MAC000034,Std,2013-11-25 22:00:00,249.0
MAC000034,Std,2013-11-25 22:30:00,211.0
MAC000034,Std,2013-11-25 23:00:00,159.0
MAC000034,Std,2013-11-25 23:30:00,161.0
MAC000034,Std,2013-11-26 00:00:00,1726.0
MAC000034,Std,2013-11-26 00:30:00,1732.0
MAC000034,Std,2013-11-26 01:00:00,1695.0001
MAC000034,Std,2013-11-26 01:30:00,1653.0
MAC000034,Std,2013-11-26 02:00:00,1620.0
MAC000034,Std,2013-11-26 02:30:00,1599.0
MAC000034,Std,2013-11-26 03:00:00,1011.0
MAC000034,Std,2013-11-26 03:30:00,74.0
MAC000034,Std,2013-11-26 04:00:00,442.0
MAC000034,Std,2013-11-26 04:30:00,464.0
MAC000034,Std,2013-11-26 05:00:00,488.0
MAC000034,Std,2013-11-26 05:30:00,400.0
MAC000034,Std,2013-11-26 06:00:00,539.0
MAC000034,Std,2013-11-26 06:30:00,651.0
MAC000034,Std,2013-11-26 07:00:00,77.0
MAC000034,Std,2013-11-26 07:30:00,55.0
MAC000034,Std,2013-11-26 08:00:00,38.0
MAC000034,Std,2013-11-26 08:30:00,73.0
MAC000034,Std,2013-11-26 09:00:00,61.0
MAC000034,Std,2013-11-26 09:30:00,106.0
MAC000034,Std,2013-11-26 10:00:00,105.0
MAC000034,Std,2013-11-26 10:30:00,143.0
MAC000034,Std,2013-11-26 11:00:00,98.0
MAC000034,Std,2013-11-26 11:30:00,215.0
MAC000034,Std,2013-11-26 12:00:00,106.0
MAC000034,Std,2013-11-26 12:30:00,452.0
MAC000034,Std,2013-11-26 13:00:00,67.0
MAC000034,Std,2013-11-26 13:30:00,72.0
MAC000034,Std,2013-11-26 14:00:00,46.0
MAC000034,Std,2013-11-26 14:30:00,108.0
MAC000034,Std,2013-11-26 15:00:00,87.0
MAC000034,Std,2013-11-26 15:30:00,54.0
MAC000034,Std,2013-11-26 16:00:00,56.0
MAC000034,Std,2013-11-26 16:30:00,66.0
MAC000034,Std,2013-11-26 17:00:00,39.0
MAC000034,Std,2013-11-26 17:30:00,213.0
MAC000034,Std,2013-11-26 18:00:00,154.0
MAC000034,Std,2013-11-26 18:30:00,148.0
MAC000034,Std,2013-11-26 19:00:00,157.0
MAC000034,Std,2013-11-26 19:30:00,170.0
MAC000034,Std,2013-11-26 20:00:00,206.0
MAC000034,Std,2013-11-26 20:30:00,176.0
MAC000034,Std,2013-11-26 21:00:00,211.0
MAC000034,Std,2013-11-26 21:30:00,218.0
MAC000034,Std,2013-11-26 22:00:00,160.0
MAC000034,Std,2013-11-26 22:30:00,137.0
MAC000034,Std,2013-11-26 23:00:00,323.0
MAC000034,Std,2013-11-26 23:30:00,590.0
MAC000034,Std,2013-11-27 00:00:00,2155.9999
MAC000034,Std,2013-11-27 00:00:00,2155.9999
MAC000034,Std,2013-11-27 00:30:00,2020.9999
MAC000034,Std,2013-11-27 01:00:00,1607.0
MAC000034,Std,2013-11-27 01:30:00,1637.0
MAC000034,Std,2013-11-27 02:00:00,1630.0
MAC000034,Std,2013-11-27 02:30:00,1646.0
MAC000034,Std,2013-11-27 03:00:00,768.0
MAC000034,Std,2013-11-27 03:30:00,60.0
MAC000034,Std,2013-11-27 04:00:00,557.0
MAC000034,Std,2013-11-27 04:30:00,490.0
MAC000034,Std,2013-11-27 05:00:00,505.0
MAC000034,Std,2013-11-27 05:30:00,490.0
MAC000034,Std,2013-11-27 06:00:00,625.0
MAC000034,Std,2013-11-27 06:30:00,133.0
MAC000034,Std,2013-11-27 07:00:00,46.0
MAC000034,Std,2013-11-27 07:30:00,99.0
MAC000034,Std,2013-11-27 08:00:00,77.0
MAC000034,Std,2013-11-27 08:30:00,40.0
MAC000034,Std,2013-11-27 09:00:00,42.0
MAC000034,Std,2013-11-27 09:30:00,93.0
MAC000034,Std,2013-11-27 10:00:00,141.0
MAC000034,Std,2013-11-27 10:30:00,98.0
MAC000034,Std,2013-11-27 11:00:00,198.0
MAC000034,Std,2013-11-27 11:30:00,154.0
MAC000034,Std,2013-11-27 12:00:00,109.0
MAC000034,Std,2013-11-27 12:30:00,99.0
MAC000034,Std,2013-11-27 13:00:00,128.0
MAC000034,Std,2013-11-27 13:30:00,183.0
MAC000034,Std,2013-11-27 14:00:00,133.0
MAC000034,Std,2013-11-27 14:30:00,109.0
MAC000034,Std,2013-11-27 15:00:00,329.0
MAC000034,Std,2013-11-27 15:30:00,248.0
MAC000034,Std,2013-11-27 16:00:00,59.0
MAC000034,Std,2013-11-27 16:30:00,46.0
MAC000034,Std,2013-11-27 17:00:00,58.0
MAC000034,Std,2013-11-27 17:30:00,263.0
MAC000034,Std,2013-11-27 18:00:00,131.0
MAC000034,Std,2013-11-27 18:30:00,131.0
MAC000034,Std,2013-11-27 19:00:00,181.0
MAC000034,Std,2013-11-27 19:30:00,186.0
MAC000034,Std,2013-11-27 20:00:00,165.0
MAC000034,Std,2013-11-27 20:30:00,185.0
MAC000034,Std,2013-11-27 21:00:00,125.0
MAC000034,Std,2013-11-27 21:30:00,144.0
MAC000034,Std,2013-11-27 22:00:00,173.0
MAC000034,Std,2013-11-27 22:30:00,116.0
MAC000034,Std,2013-11-27 23:00:00,162.0
MAC000034,Std,2013-11-27 23:30:00,170.0
MAC000034,Std,2013-11-28 00:00:00,1670.0
MAC000034,Std,2013-11-28 00:30:00,1621.0001
MAC000034,Std,2013-11-28 01:00:00,1638.0
MAC000034,Std,2013-11-28 01:30:00,1656.9999
MAC000034,Std,2013-11-28 02:00:00,1625.0
MAC000034,Std,2013-11-28 02:30:00,1602.0
MAC000034,Std,2013-11-28 03:00:00,683.0
MAC000034,Std,2013-11-28 03:30:00,47.0
MAC000034,Std,2013-11-28 04:00:00,621.0
MAC000034,Std,2013-11-28 04:30:00,285.0
MAC000034,Std,2013-11-28 05:00:00,584.0
MAC000034,Std,2013-11-28 05:30:00,406.0
MAC000034,Std,2013-11-28 06:00:00,401.0
MAC000034,Std,2013-11-28 06:30:00,450.0
MAC000034,Std,2013-11-28 07:00:00,47.0
MAC000034,Std,2013-11-28 07:30:00,55.0
MAC000034,Std,2013-11-28 08:00:00,52.0
MAC000034,Std,2013-11-28 08:30:00,73.0
MAC000034,Std,2013-11-28 09:00:00,66.0
MAC000034,Std,2013-11-28 09:30:00,113.0
MAC000034,Std,2013-11-28 10:00:00,143.0
MAC000034,Std,2013-11-28 10:30:00,118.0
MAC000034,Std,2013-11-28 11:00:00,239.0
MAC000034,Std,2013-11-28 11:30:00,176.0
MAC000034,Std,2013-11-28 12:00:00,229.0
MAC000034,Std,2013-11-28 12:30:00,187.0
MAC000034,Std,2013-11-28 13:00:00,183.0
MAC000034,Std,2013-11-28 13:30:00,213.0
MAC000034,Std,2013-11-28 14:00:00,170.0
MAC000034,Std,2013-11-28 14:30:00,153.0
MAC000034,Std,2013-11-28 15:00:00,110.0
MAC000034,Std,2013-11-28 15:30:00,140.0
MAC000034,Std,2013-11-28 16:00:00,84.0
MAC000034,Std,2013-11-28 16:30:00,62.0
MAC000034,Std,2013-11-28 17:00:00,87.0
MAC000034,Std,2013-11-28 17:30:00,226.0
MAC000034,Std,2013-11-28 18:00:00,127.0
MAC000034,Std,2013-11-28 18:30:00,131.0
MAC000034,Std,2013-11-28 19:00:00,197.0
MAC000034,Std,2013-11-28 19:30:00,128.0
MAC000034,Std,2013-11-28 20:00:00,164.0
MAC000034,Std,2013-11-28 20:30:00,176.0
MAC000034,Std,2013-11-28 21:00:00,134.0
MAC000034,Std,2013-11-28 21:30:00,155.0
MAC000034,Std,2013-11-28 22:00:00,197.0
MAC000034,Std,2013-11-28 22:30:00,145.0
MAC000034,Std,2013-11-28 23:00:00,159.0
MAC000034,Std,2013-11-28 23:30:00,252.0
MAC000034,Std,2013-11-29 00:00:00,2085.0
MAC000034,Std,2013-11-29 00:30:00,2168.9999000000003
MAC000034,Std,2013-11-29 01:00:00,1918.0
MAC000034,Std,2013-11-29 01:30:00,1652.0
MAC000034,Std,2013-11-29 02:00:00,1603.0
MAC000034,Std,2013-11-29 02:30:00,1647.0
MAC000034,Std,2013-11-29 03:00:00,583.0
MAC000034,Std,2013-11-29 03:30:00,61.0
MAC000034,Std,2013-11-29 04:00:00,353.0
MAC000034,Std,2013-11-29 04:30:00,443.0
MAC000034,Std,2013-11-29 05:00:00,515.0
MAC000034,Std,2013-11-29 05:30:00,422.0
MAC000034,Std,2013-11-29 06:00:00,502.0
MAC000034,Std,2013-11-29 06:30:00,512.0
MAC000034,Std,2013-11-29 07:00:00,44.0
MAC000034,Std,2013-11-29 07:30:00,58.0
MAC000034,Std,2013-11-29 08:00:00,42.0
MAC000034,Std,2013-11-29 08:30:00,100.0
MAC000034,Std,2013-11-29 09:00:00,43.0
MAC000034,Std,2013-11-29 09:30:00,46.0
MAC000034,Std,2013-11-29 10:00:00,154.0
MAC000034,Std,2013-11-29 10:30:00,107.0
MAC000034,Std,2013-11-29 11:00:00,200.0
MAC000034,Std,2013-11-29 11:30:00,113.0
MAC000034,Std,2013-11-29 12:00:00,142.0
MAC000034,Std,2013-11-29 12:30:00,112.0
MAC000034,Std,2013-11-29 13:00:00,107.0
MAC000034,Std,2013-11-29 13:30:00,116.0
MAC000034,Std,2013-11-29 14:00:00,159.0
MAC000034,Std,2013-11-29 14:30:00,101.0
MAC000034,Std,2013-11-29 15:00:00,98.0
MAC000034,Std,2013-11-29 15:30:00,146.0
MAC000034,Std,2013-11-29 16:00:00,171.0
MAC000034,Std,2013-11-29 16:30:00,170.0
MAC000034,Std,2013-11-29 17:00:00,480.0
MAC000034,Std,2013-11-29 17:30:00,1276.0
MAC000034,Std,2013-11-29 18:00:00,213.0
MAC000034,Std,2013-11-29 18:30:00,116.0
MAC000034,Std,2013-11-29 19:00:00,172.0
MAC000034,Std,2013-11-29 19:30:00,131.0
MAC000034,Std,2013-11-29 20:00:00,128.0
MAC000034,Std,2013-11-29 20:30:00,208.0
MAC000034,Std,2013-11-29 21:00:00,190.0
MAC000034,Std,2013-11-29 21:30:00,137.0
MAC000034,Std,2013-11-29 22:00:00,146.0
MAC000034,Std,2013-11-29 22:30:00,154.0
MAC000034,Std,2013-11-29 23:00:00,116.0
MAC000034,Std,2013-11-29 23:30:00,413.0
MAC000034,Std,2013-11-30 00:00:00,2226.0001
MAC000034,Std,2013-11-30 00:30:00,1704.0
MAC000034,Std,2013-11-30 01:00:00,1638.0
MAC000034,Std,2013-11-30 01:30:00,1658.0
MAC000034,Std,2013-11-30 02:00:00,1633.0
MAC000034,Std,2013-11-30 02:30:00,1633.9999
MAC000034,Std,2013-11-30 03:00:00,796.0
MAC000034,Std,2013-11-30 03:30:00,81.0
MAC000034,Std,2013-11-30 04:00:00,406.0
MAC000034,Std,2013-11-30 04:30:00,496.0
MAC000034,Std,2013-11-30 05:00:00,296.0
MAC000034,Std,2013-11-30 05:30:00,426.0
MAC000034,Std,2013-11-30 06:00:00,521.0
MAC000034,Std,2013-11-30 06:30:00,454.0
MAC000034,Std,2013-11-30 07:00:00,59.0
MAC000034,Std,2013-11-30 07:30:00,56.0
MAC000034,Std,2013-11-30 08:00:00,36.0
MAC000034,Std,2013-11-30 08:30:00,99.0
MAC000034,Std,2013-11-30 09:00:00,53.0
MAC000034,Std,2013-11-30 09:30:00,35.0
MAC000034,Std,2013-11-30 10:00:00,107.0
MAC000034,Std,2013-11-30 10:30:00,165.0
MAC000034,Std,2013-11-30 11:00:00,107.0
MAC000034,Std,2013-11-30 11:30:00,194.0
MAC000034,Std,2013-11-30 12:00:00,136.0
MAC000034,Std,2013-11-30 12:30:00,124.0
MAC000034,Std,2013-11-30 13:00:00,95.0
MAC000034,Std,2013-11-30 13:30:00,110.0
MAC000034,Std,2013-11-30 14:00:00,523.0
MAC000034,Std,2013-11-30 14:30:00,219.0
MAC000034,Std,2013-11-30 15:00:00,253.0
MAC000034,Std,2013-11-30 15:30:00,273.0
MAC000034,Std,2013-11-30 16:00:00,226.0
MAC000034,Std,2013-11-30 16:30:00,272.0
MAC000034,Std,2013-11-30 17:00:00,291.0
MAC000034,Std,2013-11-30 17:30:00,383.0
MAC000034,Std,2013-11-30 18:00:00,309.0
MAC000034,Std,2013-11-30 18:30:00,262.0
MAC000034,Std,2013-11-30 19:00:00,270.0
MAC000034,Std,2013-11-30 19:30:00,297.0
MAC000034,Std,2013-11-30 20:00:00,286.0
MAC000034,Std,2013-11-30 20:30:00,269.0
MAC000034,Std,2013-11-30 21:00:00,252.0
MAC000034,Std,2013-11-30 21:30:00,296.0
MAC000034,Std,2013-11-30 22:00:00,264.0
MAC000034,Std,2013-11-30 22:30:00,244.0
MAC000034,Std,2013-11-30 23:00:00,553.0
MAC000034,Std,2013-11-30 23:30:00,651.0
MAC000034,Std,2013-12-01 00:00:00,2170.0001
MAC000034,Std,2013-12-01 00:30:00,2076.0
MAC000034,Std,2013-12-01 01:00:00,1699.0
MAC000034,Std,2013-12-01 01:30:00,1653.0
MAC000034,Std,2013-12-01 02:00:00,1622.0
MAC000034,Std,2013-12-01 02:30:00,1636.0
MAC000034,Std,2013-12-01 03:00:00,949.0
MAC000034,Std,2013-12-01 03:30:00,56.0
MAC000034,Std,2013-12-01 04:00:00,83.0
MAC000034,Std,2013-12-01 04:30:00,681.0
MAC000034,Std,2013-12-01 05:00:00,410.0
MAC000034,Std,2013-12-01 05:30:00,473.0
MAC000034,Std,2013-12-01 06:00:00,437.0
MAC000034,Std,2013-12-01 06:30:00,489.0
MAC000034,Std,2013-12-01 07:00:00,47.0
MAC000034,Std,2013-12-01 07:30:00,46.0
MAC000034,Std,2013-12-01 08:00:00,42.0
MAC000034,Std,2013-12-01 08:30:00,84.0
MAC000034,Std,2013-12-01 09:00:00,38.0
MAC000034,Std,2013-12-01 09:30:00,45.0
MAC000034,Std,2013-12-01 10:00:00,55.0
MAC000034,Std,2013-12-01 10:30:00,156.0
MAC000034,Std,2013-12-01 11:00:00,103.0
MAC000034,Std,2013-12-01 11:30:00,98.0
MAC000034,Std,2013-12-01 12:00:00,192.0
MAC000034,Std,2013-12-01 12:30:00,145.0
MAC000034,Std,2013-12-01 13:00:00,105.0
MAC000034,Std,2013-12-01 13:30:00,110.0
MAC000034,Std,2013-12-01 14:00:00,127.0
MAC000034,Std,2013-12-01 14:30:00,128.0
MAC000034,Std,2013-12-01 15:00:00,94.0
MAC000034,Std,2013-12-01 15:30:00,374.0
MAC000034,Std,2013-12-01 16:00:00,530.0
MAC000034,Std,2013-12-01 16:30:00,498.0
MAC000034,Std,2013-12-01 17:00:00,521.0
MAC000034,Std,2013-12-01 17:30:00,696.0
MAC000034,Std,2013-12-01 18:00:00,592.0
MAC000034,Std,2013-12-01 18:30:00,553.0
MAC000034,Std,2013-12-01 19:00:00,555.0
MAC000034,Std,2013-12-01 19:30:00,559.0
MAC000034,Std,2013-12-01 20:00:00,559.0
MAC000034,Std,2013-12-01 20:30:00,547.0
MAC000034,Std,2013-12-01 21:00:00,552.0
MAC000034,Std,2013-12-01 21:30:00,613.0
MAC000034,Std,2013-12-01 22:00:00,639.0
MAC000034,Std,2013-12-01 22:30:00,576.0
MAC000034,Std,2013-12-01 23:00:00,577.0
MAC000034,Std,2013-12-01 23:30:00,592.0
MAC000034,Std,2013-12-02 00:00:00,3859.9999
MAC000034,Std,2013-12-02 00:30:00,3440.0001
MAC000034,Std,2013-12-02 01:00:00,3318.0001
MAC000034,Std,2013-12-02 01:30:00,3378.0
MAC000034,Std,2013-12-02 02:00:00,3342.0
MAC000034,Std,2013-12-02 02:30:00,3313.0
MAC000034,Std,2013-12-02 03:00:00,2375.0
MAC000034,Std,2013-12-02 03:30:00,2216.0001
MAC000034,Std,2013-12-02 04:00:00,2177.0
MAC000034,Std,2013-12-02 04:30:00,1357.0
MAC000034,Std,2013-12-02 05:00:00,1266.0
MAC000034,Std,2013-12-02 05:30:00,1348.0
MAC000034,Std,2013-12-02 06:00:00,869.0
MAC000034,Std,2013-12-02 06:30:00,821.0
MAC000034,Std,2013-12-02 07:00:00,106.0
MAC000034,Std,2013-12-02 07:30:00,42.0
MAC000034,Std,2013-12-02 08:00:00,39.0
MAC000034,Std,2013-12-02 08:30:00,87.0
MAC000034,Std,2013-12-02 09:00:00,60.0
MAC000034,Std,2013-12-02 09:30:00,38.0
MAC000034,Std,2013-12-02 10:00:00,50.0
MAC000034,Std,2013-12-02 10:30:00,262.0
MAC000034,Std,2013-12-02 11:00:00,289.0
MAC000034,Std,2013-12-02 11:30:00,148.0
MAC000034,Std,2013-12-02 12:00:00,57.0
MAC000034,Std,2013-12-02 12:30:00,89.0
MAC000034,Std,2013-12-02 13:00:00,37.0
MAC000034,Std,2013-12-02 13:30:00,38.0
MAC000034,Std,2013-12-02 14:00:00,68.0
MAC000034,Std,2013-12-02 14:30:00,77.0
MAC000034,Std,2013-12-02 15:00:00,36.0
MAC000034,Std,2013-12-02 15:30:00,42.0
MAC000034,Std,2013-12-02 16:00:00,75.0
MAC000034,Std,2013-12-02 16:30:00,65.0
MAC000034,Std,2013-12-02 17:00:00,36.0
MAC000034,Std,2013-12-02 17:30:00,45.0
MAC000034,Std,2013-12-02 18:00:00,117.0
MAC000034,Std,2013-12-02 18:30:00,122.0
MAC000034,Std,2013-12-02 19:00:00,209.0
MAC000034,Std,2013-12-02 19:30:00,129.0
MAC000034,Std,2013-12-02 20:00:00,174.0
MAC000034,Std,2013-12-02 20:30:00,181.0
MAC000034,Std,2013-12-02 21:00:00,184.0
MAC000034,Std,2013-12-02 21:30:00,180.0
MAC000034,Std,2013-12-02 22:00:00,139.0
MAC000034,Std,2013-12-02 22:30:00,151.0
MAC000034,Std,2013-12-02 23:00:00,158.0
MAC000034,Std,2013-12-02 23:30:00,148.0
MAC000034,Std,2013-12-03 00:00:00,3249.0001
MAC000034,Std,2013-12-03 00:30:00,2693.0001
MAC000034,Std,2013-12-03 01:00:00,2732.0001
MAC000034,Std,2013-12-03 01:30:00,2644.0001
MAC000034,Std,2013-12-03 02:00:00,2532.0001
MAC000034,Std,2013-12-03 02:30:00,2609.0
MAC000034,Std,2013-12-03 03:00:00,1614.0
MAC000034,Std,2013-12-03 03:30:00,730.0
MAC000034,Std,2013-12-03 04:00:00,1212.0
MAC000034,Std,2013-12-03 04:30:00,1292.0001000000002
MAC000034,Std,2013-12-03 05:00:00,861.0
MAC000034,Std,2013-12-03 05:30:00,747.0
MAC000034,Std,2013-12-03 06:00:00,649.0
MAC000034,Std,2013-12-03 06:30:00,872.0
MAC000034,Std,2013-12-03 07:00:00,82.0
MAC000034,Std,2013-12-03 07:30:00,61.0
MAC000034,Std,2013-12-03 08:00:00,48.0
MAC000034,Std,2013-12-03 08:30:00,46.0
MAC000034,Std,2013-12-03 09:00:00,97.0
MAC000034,Std,2013-12-03 09:30:00,44.0
MAC000034,Std,2013-12-03 10:00:00,38.0
MAC000034,Std,2013-12-03 10:30:00,90.0
MAC000034,Std,2013-12-03 11:00:00,136.0
MAC000034,Std,2013-12-03 11:30:00,135.0
MAC000034,Std,2013-12-03 12:00:00,241.0
MAC000034,Std,2013-12-03 12:30:00,170.0
MAC000034,Std,2013-12-03 13:00:00,145.0
MAC000034,Std,2013-12-03 13:30:00,140.0
MAC000034,Std,2013-12-03 14:00:00,139.0
MAC000034,Std,2013-12-03 14:30:00,171.0
MAC000034,Std,2013-12-03 15:00:00,147.0
MAC000034,Std,2013-12-03 15:30:00,559.0
MAC000034,Std,2013-12-03 16:00:00,546.0
MAC000034,Std,2013-12-03 16:30:00,487.0
MAC000034,Std,2013-12-03 17:00:00,459.0
MAC000034,Std,2013-12-03 17:30:00,466.0
MAC000034,Std,2013-12-03 18:00:00,655.0
MAC000034,Std,2013-12-03 18:30:00,546.0
MAC000034,Std,2013-12-03 19:00:00,516.0
MAC000034,Std,2013-12-03 19:30:00,555.0
MAC000034,Std,2013-12-03 20:00:00,576.0
MAC000034,Std,2013-12-03 20:30:00,544.0
MAC000034,Std,2013-12-03 21:00:00,559.0
MAC000034,Std,2013-12-03 21:30:00,623.0
MAC000034,Std,2013-12-03 22:00:00,547.0
MAC000034,Std,2013-12-03 22:30:00,557.0
MAC000034,Std,2013-12-03 23:00:00,580.0
MAC000034,Std,2013-12-03 23:30:00,549.0
MAC000034,Std,2013-12-04 00:00:00,3480.9999000000003
MAC000034,Std,2013-12-04 00:30:00,3036.0
MAC000034,Std,2013-12-04 01:00:00,2855.0
MAC000034,Std,2013-12-04 01:30:00,2693.0001
MAC000034,Std,2013-12-04 02:00:00,2378.9999000000003
MAC000034,Std,2013-12-04 02:30:00,2450.0
MAC000034,Std,2013-12-04 03:00:00,1966.0
MAC000034,Std,2013-12-04 03:30:00,886.0
MAC000034,Std,2013-12-04 04:00:00,1121.0001
MAC000034,Std,2013-12-04 04:30:00,997.0
MAC000034,Std,2013-12-04 05:00:00,877.0
MAC000034,Std,2013-12-04 05:30:00,1002.0
MAC000034,Std,2013-12-04 06:00:00,1118.0
MAC000034,Std,2013-12-04 06:30:00,380.0
MAC000034,Std,2013-12-04 07:00:00,60.0
MAC000034,Std,2013-12-04 07:30:00,76.0
MAC000034,Std,2013-12-04 08:00:00,43.0
MAC000034,Std,2013-12-04 08:30:00,57.0
MAC000034,Std,2013-12-04 09:00:00,84.0
MAC000034,Std,2013-12-04 09:30:00,71.0
MAC000034,Std,2013-12-04 10:00:00,100.0
MAC000034,Std,2013-12-04 10:30:00,100.0
MAC000034,Std,2013-12-04 11:00:00,250.0
MAC000034,Std,2013-12-04 11:30:00,110.0
MAC000034,Std,2013-12-04 12:00:00,97.0
MAC000034,Std,2013-12-04 12:30:00,98.0
MAC000034,Std,2013-12-04 13:00:00,133.0
MAC000034,Std,2013-12-04 13:30:00,122.0
MAC000034,Std,2013-12-04 14:00:00,139.0
MAC000034,Std,2013-12-04 14:30:00,168.0
MAC000034,Std,2013-12-04 15:00:00,134.0
MAC000034,Std,2013-12-04 15:30:00,44.0
MAC000034,Std,2013-12-04 16:00:00,40.0
MAC000034,Std,2013-12-04 16:30:00,143.0
MAC000034,Std,2013-12-04 17:00:00,141.0
MAC000034,Std,2013-12-04 17:30:00,236.0
MAC000034,Std,2013-12-04 18:00:00,134.0
MAC000034,Std,2013-12-04 18:30:00,180.0
MAC000034,Std,2013-12-04 19:00:00,131.0
MAC000034,Std,2013-12-04 19:30:00,131.0
MAC000034,Std,2013-12-04 20:00:00,262.0
MAC000034,Std,2013-12-04 20:30:00,171.0
MAC000034,Std,2013-12-04 21:00:00,141.0
MAC000034,Std,2013-12-04 21:30:00,178.0
MAC000034,Std,2013-12-04 22:00:00,127.0
MAC000034,Std,2013-12-04 22:30:00,126.0
MAC000034,Std,2013-12-04 23:00:00,176.0
MAC000034,Std,2013-12-04 23:30:00,160.0
MAC000034,Std,2013-12-05 00:00:00,3323.0
MAC000034,Std,2013-12-05 00:30:00,2509.0001
MAC000034,Std,2013-12-05 01:00:00,2701.0
MAC000034,Std,2013-12-05 01:30:00,2676.0001
MAC000034,Std,2013-12-05 02:00:00,2630.0001
MAC000034,Std,2013-12-05 02:30:00,2132.0
MAC000034,Std,2013-12-05 03:00:00,1959.0
MAC000034,Std,2013-12-05 03:30:00,844.0
MAC000034,Std,2013-12-05 04:00:00,1319.0
MAC000034,Std,2013-12-05 04:30:00,523.0
MAC000034,Std,2013-12-05 05:00:00,1081.0
MAC000034,Std,2013-12-05 05:30:00,926.0
MAC000034,Std,2013-12-05 06:00:00,952.0
MAC000034,Std,2013-12-05 06:30:00,615.0
MAC000034,Std,2013-12-05 07:00:00,48.0
MAC000034,Std,2013-12-05 07:30:00,61.0
MAC000034,Std,2013-12-05 08:00:00,75.0
MAC000034,Std,2013-12-05 08:30:00,37.0
MAC000034,Std,2013-12-05 09:00:00,62.0
MAC000034,Std,2013-12-05 09:30:00,119.0
MAC000034,Std,2013-12-05 10:00:00,406.0
MAC000034,Std,2013-12-05 10:30:00,104.0
MAC000034,Std,2013-12-05 11:00:00,194.0
MAC000034,Std,2013-12-05 11:30:00,94.0
MAC000034,Std,2013-12-05 12:00:00,71.0
MAC000034,Std,2013-12-05 12:30:00,49.0
MAC000034,Std,2013-12-05 13:00:00,47.0
MAC000034,Std,2013-12-05 13:30:00,84.0
MAC000034,Std,2013-12-05 14:00:00,38.0
MAC000034,Std,2013-12-05 14:30:00,42.0
MAC000034,Std,2013-12-05 15:00:00,72.0
MAC000034,Std,2013-12-05 15:30:00,190.0
MAC000034,Std,2013-12-05 16:00:00,283.0
MAC000034,Std,2013-12-05 16:30:00,167.0
MAC000034,Std,2013-12-05 17:00:00,211.0
MAC000034,Std,2013-12-05 17:30:00,168.0
MAC000034,Std,2013-12-05 18:00:00,143.0
MAC000034,Std,2013-12-05 18:30:00,116.0
MAC000034,Std,2013-12-05 19:00:00,150.0
MAC000034,Std,2013-12-05 19:30:00,169.0
MAC000034,Std,2013-12-05 20:00:00,249.0
MAC000034,Std,2013-12-05 20:30:00,185.0
MAC000034,Std,2013-12-05 21:00:00,164.0
MAC000034,Std,2013-12-05 21:30:00,148.0
MAC000034,Std,2013-12-05 22:00:00,198.0
MAC000034,Std,2013-12-05 22:30:00,194.0
MAC000034,Std,2013-12-05 23:00:00,124.0
MAC000034,Std,2013-12-05 23:30:00,160.0
MAC000034,Std,2013-12-06 00:00:00,3874.0001
MAC000034,Std,2013-12-06 00:30:00,4032.0001
MAC000034,Std,2013-12-06 01:00:00,4034.9998
MAC000034,Std,2013-12-06 01:30:00,3650.0001
MAC000034,Std,2013-12-06 02:00:00,3313.9999000000003
MAC000034,Std,2013-12-06 02:30:00,3336.0
MAC000034,Std,2013-12-06 03:00:00,2917.0001
MAC000034,Std,2013-12-06 03:30:00,1628.0
MAC000034,Std,2013-12-06 04:00:00,956.0
MAC000034,Std,2013-12-06 04:30:00,1317.0
MAC000034,Std,2013-12-06 05:30:00,1020.0
MAC000034,Std,2013-12-06 06:00:00,1036.9999
MAC000034,Std,2013-12-06 06:30:00,965.0
MAC000034,Std,2013-12-06 07:00:00,55.0
MAC000034,Std,2013-12-06 07:30:00,49.0
MAC000034,Std,2013-12-06 08:00:00,47.0
MAC000034,Std,2013-12-06 08:30:00,86.0
MAC000034,Std,2013-12-06 09:00:00,37.0
MAC000034,Std,2013-12-06 09:30:00,88.0
MAC000034,Std,2013-12-06 10:00:00,213.0
MAC000034,Std,2013-12-06 10:30:00,147.0
MAC000034,Std,2013-12-06 11:00:00,108.0
MAC000034,Std,2013-12-06 11:30:00,126.0
MAC000034,Std,2013-12-06 12:00:00,100.0
MAC000034,Std,2013-12-06 12:30:00,134.0
MAC000034,Std,2013-12-06 13:00:00,325.0
MAC000034,Std,2013-12-06 13:30:00,192.0
MAC000034,Std,2013-12-06 14:00:00,105.0
MAC000034,Std,2013-12-06 14:30:00,128.0
MAC000034,Std,2013-12-06 15:00:00,53.0
MAC000034,Std,2013-12-06 15:30:00,127.0
MAC000034,Std,2013-12-06 16:00:00,119.0
MAC000034,Std,2013-12-06 16:30:00,395.0
MAC000034,Std,2013-12-06 17:00:00,316.0
MAC000034,Std,2013-12-06 17:30:00,205.0
MAC000034,Std,2013-12-06 18:00:00,190.0
MAC000034,Std,2013-12-06 18:30:00,194.0
MAC000034,Std,2013-12-06 19:00:00,215.0
MAC000034,Std,2013-12-06 19:30:00,225.0
MAC000034,Std,2013-12-06 20:00:00,201.0
MAC000034,Std,2013-12-06 20:30:00,98.0
MAC000034,Std,2013-12-06 21:00:00,155.0
MAC000034,Std,2013-12-06 21:30:00,214.0
MAC000034,Std,2013-12-06 22:00:00,127.0
MAC000034,Std,2013-12-06 22:30:00,136.0
MAC000034,Std,2013-12-06 23:00:00,155.0
MAC000034,Std,2013-12-06 23:30:00,133.0
MAC000034,Std,2013-12-07 00:00:00,3658.0
MAC000034,Std,2013-12-07 00:30:00,3026.0
MAC000034,Std,2013-12-07 01:00:00,3437.0
MAC000034,Std,2013-12-07 01:30:00,3265.0001
MAC000034,Std,2013-12-07 02:00:00,3079.9999
MAC000034,Std,2013-12-07 02:30:00,3209.0001
MAC000034,Std,2013-12-07 03:00:00,2050.0
MAC000034,Std,2013-12-07 03:30:00,1326.0
MAC000034,Std,2013-12-07 04:00:00,1528.0
MAC000034,Std,2013-12-07 04:30:00,1105.0
MAC000034,Std,2013-12-07 05:00:00,1304.9999
MAC000034,Std,2013-12-07 05:30:00,1965.0
MAC000034,Std,2013-12-07 06:00:00,623.0
MAC000034,Std,2013-12-07 06:30:00,429.0
MAC000034,Std,2013-12-07 07:00:00,50.0
MAC000034,Std,2013-12-07 07:30:00,69.0
MAC000034,Std,2013-12-07 08:00:00,76.0
MAC000034,Std,2013-12-07 08:30:00,44.0
MAC000034,Std,2013-12-07 09:00:00,49.0
MAC000034,Std,2013-12-07 09:30:00,87.0
MAC000034,Std,2013-12-07 10:00:00,46.0
MAC000034,Std,2013-12-07 10:30:00,44.0
MAC000034,Std,2013-12-07 11:00:00,96.0
MAC000034,Std,2013-12-07 11:30:00,153.0
MAC000034,Std,2013-12-07 12:00:00,102.0
MAC000034,Std,2013-12-07 12:30:00,212.0
MAC000034,Std,2013-12-07 13:00:00,151.0
MAC000034,Std,2013-12-07 13:30:00,162.0
MAC000034,Std,2013-12-07 14:00:00,148.0
MAC000034,Std,2013-12-07 14:30:00,92.0
MAC000034,Std,2013-12-07 15:00:00,286.0
MAC000034,Std,2013-12-07 15:30:00,315.0
MAC000034,Std,2013-12-07 16:00:00,64.0
MAC000034,Std,2013-12-07 16:30:00,37.0
MAC000034,Std,2013-12-07 17:00:00,85.0
MAC000034,Std,2013-12-07 17:30:00,50.0
MAC000034,Std,2013-12-07 18:00:00,227.0
MAC000034,Std,2013-12-07 18:30:00,129.0
MAC000034,Std,2013-12-07 19:00:00,149.0
MAC000034,Std,2013-12-07 19:30:00,125.0
MAC000034,Std,2013-12-07 20:00:00,135.0
MAC000034,Std,2013-12-07 20:30:00,176.0
MAC000034,Std,2013-12-07 21:00:00,183.0
MAC000034,Std,2013-12-07 21:30:00,144.0
MAC000034,Std,2013-12-07 22:00:00,161.0
MAC000034,Std,2013-12-07 22:30:00,125.0
MAC000034,Std,2013-12-07 23:00:00,131.0
MAC000034,Std,2013-12-07 23:30:00,199.0
MAC000034,Std,2013-12-08 00:00:00,4698.9999
MAC000034,Std,2013-12-08 00:30:00,4005.0001
MAC000034,Std,2013-12-08 01:00:00,4178.9999
MAC000034,Std,2013-12-08 01:30:00,3806.0
MAC000034,Std,2013-12-08 02:00:00,3596.0
MAC000034,Std,2013-12-08 02:30:00,3701.0
MAC000034,Std,2013-12-08 03:00:00,2809.9999000000003
MAC000034,Std,2013-12-08 03:30:00,1750.0
MAC000034,Std,2013-12-08 04:00:00,2105.9999000000003
MAC000034,Std,2013-12-08 04:30:00,1582.9998999999998
MAC000034,Std,2013-12-08 05:00:00,1577.0
MAC000034,Std,2013-12-08 05:30:00,1316.0
MAC000034,Std,2013-12-08 06:00:00,1544.0
MAC000034,Std,2013-12-08 06:30:00,1300.0
MAC000034,Std,2013-12-08 07:00:00,47.0
MAC000034,Std,2013-12-08 07:30:00,51.0
MAC000034,Std,2013-12-08 08:00:00,97.0
MAC000034,Std,2013-12-08 08:30:00,53.0
MAC000034,Std,2013-12-08 09:00:00,38.0
MAC000034,Std,2013-12-08 09:30:00,51.0
MAC000034,Std,2013-12-08 10:00:00,91.0
MAC000034,Std,2013-12-08 10:30:00,62.0
MAC000034,Std,2013-12-08 11:00:00,61.0
MAC000034,Std,2013-12-08 11:30:00,144.0
MAC000034,Std,2013-12-08 12:00:00,210.0
MAC000034,Std,2013-12-08 12:30:00,103.0
MAC000034,Std,2013-12-08 13:00:00,132.0
MAC000034,Std,2013-12-08 13:30:00,203.0
MAC000034,Std,2013-12-08 14:00:00,98.0
MAC000034,Std,2013-12-08 14:30:00,124.0
MAC000034,Std,2013-12-08 15:00:00,145.0
MAC000034,Std,2013-12-08 15:30:00,141.0
MAC000034,Std,2013-12-08 16:00:00,68.0
MAC000034,Std,2013-12-08 16:30:00,78.0
MAC000034,Std,2013-12-08 17:00:00,94.0
MAC000034,Std,2013-12-08 17:30:00,255.0
MAC000034,Std,2013-12-08 18:00:00,115.0
MAC000034,Std,2013-12-08 18:30:00,115.0
MAC000034,Std,2013-12-08 19:00:00,192.0
MAC000034,Std,2013-12-08 19:30:00,127.0
MAC000034,Std,2013-12-08 20:00:00,127.0
MAC000034,Std,2013-12-08 20:30:00,164.0
MAC000034,Std,2013-12-08 21:00:00,233.0
MAC000034,Std,2013-12-08 21:30:00,161.0
MAC000034,Std,2013-12-08 22:00:00,189.0
MAC000034,Std,2013-12-08 22:30:00,151.0
MAC000034,Std,2013-12-08 23:00:00,122.0
MAC000034,Std,2013-12-08 23:30:00,129.0
MAC000034,Std,2013-12-09 00:00:00,4302.0
MAC000034,Std,2013-12-09 00:30:00,4204.9999
MAC000034,Std,2013-12-09 01:00:00,3289.0
MAC000034,Std,2013-12-09 01:30:00,3457.0
MAC000034,Std,2013-12-09 02:00:00,3204.0
MAC000034,Std,2013-12-09 02:30:00,3157.0001
MAC000034,Std,2013-12-09 03:00:00,2345.0
MAC000034,Std,2013-12-09 03:30:00,1357.0
MAC000034,Std,2013-12-09 04:00:00,1470.0
MAC000034,Std,2013-12-09 04:30:00,1691.0
MAC000034,Std,2013-12-09 05:00:00,1140.0
MAC000034,Std,2013-12-09 05:30:00,1473.0
MAC000034,Std,2013-12-09 06:00:00,1207.0
MAC000034,Std,2013-12-09 06:30:00,1103.0
MAC000034,Std,2013-12-09 07:00:00,86.0
MAC000034,Std,2013-12-09 07:30:00,57.0
MAC000034,Std,2013-12-09 08:00:00,44.0
MAC000034,Std,2013-12-09 08:30:00,38.0
MAC000034,Std,2013-12-09 09:00:00,97.0
MAC000034,Std,2013-12-09 09:30:00,54.0
MAC000034,Std,2013-12-09 10:00:00,41.0
MAC000034,Std,2013-12-09 10:30:00,109.0
MAC000034,Std,2013-12-09 11:00:00,232.0
MAC000034,Std,2013-12-09 11:30:00,90.0
MAC000034,Std,2013-12-09 12:00:00,45.0
MAC000034,Std,2013-12-09 12:30:00,200.0
MAC000034,Std,2013-12-09 13:00:00,310.0
MAC000034,Std,2013-12-09 13:30:00,483.0
MAC000034,Std,2013-12-09 14:00:00,146.0
MAC000034,Std,2013-12-09 14:30:00,90.0
MAC000034,Std,2013-12-09 15:00:00,109.0
MAC000034,Std,2013-12-09 15:30:00,134.0
MAC000034,Std,2013-12-09 16:00:00,130.0
MAC000034,Std,2013-12-09 16:30:00,63.0
MAC000034,Std,2013-12-09 17:00:00,96.0
MAC000034,Std,2013-12-09 17:30:00,251.0
MAC000034,Std,2013-12-09 18:00:00,130.0
MAC000034,Std,2013-12-09 18:30:00,137.0
MAC000034,Std,2013-12-09 19:00:00,176.0
MAC000034,Std,2013-12-09 19:30:00,129.0
MAC000034,Std,2013-12-09 20:00:00,139.0
MAC000034,Std,2013-12-09 20:30:00,242.0
MAC000034,Std,2013-12-09 21:00:00,140.0
MAC000034,Std,2013-12-09 21:30:00,130.0
MAC000034,Std,2013-12-09 22:00:00,183.0
MAC000034,Std,2013-12-09 22:30:00,127.0
MAC000034,Std,2013-12-09 23:00:00,139.0
MAC000034,Std,2013-12-09 23:30:00,182.0
MAC000034,Std,2013-12-10 00:00:00,4232.9998
MAC000034,Std,2013-12-10 00:30:00,3786.0
MAC000034,Std,2013-12-10 01:00:00,3467.9999000000003
MAC000034,Std,2013-12-10 01:30:00,3555.0001
MAC000034,Std,2013-12-10 02:00:00,3318.0001
MAC000034,Std,2013-12-10 02:30:00,3482.0001
MAC000034,Std,2013-12-10 03:00:00,2007.0
MAC000034,Std,2013-12-10 03:30:00,2033.0
MAC000034,Std,2013-12-10 04:00:00,977.0
MAC000034,Std,2013-12-10 04:30:00,1877.0
MAC000034,Std,2013-12-10 05:00:00,1573.0
MAC000034,Std,2013-12-10 05:30:00,1300.0
MAC000034,Std,2013-12-10 06:00:00,1551.0
MAC000034,Std,2013-12-10 06:30:00,1148.0
MAC000034,Std,2013-12-10 07:00:00,61.0
MAC000034,Std,2013-12-10 07:30:00,39.0
MAC000034,Std,2013-12-10 08:00:00,49.0
MAC000034,Std,2013-12-10 08:30:00,91.0
MAC000034,Std,2013-12-10 09:00:00,47.0
MAC000034,Std,2013-12-10 09:30:00,38.0
MAC000034,Std,2013-12-10 10:00:00,84.0
MAC000034,Std,2013-12-10 10:30:00,156.0
MAC000034,Std,2013-12-10 11:00:00,200.0
MAC000034,Std,2013-12-10 11:30:00,97.0
MAC000034,Std,2013-12-10 12:00:00,123.0
MAC000034,Std,2013-12-10 12:30:00,359.0
MAC000034,Std,2013-12-10 13:00:00,64.0
MAC000034,Std,2013-12-10 13:30:00,37.0
MAC000034,Std,2013-12-10 14:00:00,66.0
MAC000034,Std,2013-12-10 14:30:00,66.0
MAC000034,Std,2013-12-10 15:00:00,49.0
MAC000034,Std,2013-12-10 15:30:00,39.0
MAC000034,Std,2013-12-10 16:00:00,82.0
MAC000034,Std,2013-12-10 16:30:00,46.0
MAC000034,Std,2013-12-10 17:00:00,48.0
MAC000034,Std,2013-12-10 17:30:00,47.0
MAC000034,Std,2013-12-10 18:00:00,248.0
MAC000034,Std,2013-12-10 18:30:00,121.0
MAC000034,Std,2013-12-10 19:00:00,109.0
MAC000034,Std,2013-12-10 19:30:00,159.0
MAC000034,Std,2013-12-10 20:00:00,119.0
MAC000034,Std,2013-12-10 20:30:00,135.0
MAC000034,Std,2013-12-10 21:00:00,209.0
MAC000034,Std,2013-12-10 21:30:00,173.0
MAC000034,Std,2013-12-10 22:00:00,124.0
MAC000034,Std,2013-12-10 22:30:00,149.0
MAC000034,Std,2013-12-10 23:00:00,151.0
MAC000034,Std,2013-12-10 23:30:00,228.0
MAC000034,Std,2013-12-11 00:00:00,4791.9998000000005
MAC000034,Std,2013-12-11 00:30:00,4460.0
MAC000034,Std,2013-12-11 01:00:00,4085.0
MAC000034,Std,2013-12-11 01:30:00,4196.0001
MAC000034,Std,2013-12-11 02:00:00,3112.0
MAC000034,Std,2013-12-11 02:30:00,3224.0
MAC000034,Std,2013-12-11 03:00:00,2496.0001
MAC000034,Std,2013-12-11 03:30:00,1429.0
MAC000034,Std,2013-12-11 04:00:00,1818.0
MAC000034,Std,2013-12-11 04:30:00,1368.0
MAC000034,Std,2013-12-11 05:00:00,1467.0
MAC000034,Std,2013-12-11 05:30:00,1173.0
MAC000034,Std,2013-12-11 06:00:00,1586.0
MAC000034,Std,2013-12-11 06:30:00,1165.0
MAC000034,Std,2013-12-11 07:00:00,44.0
MAC000034,Std,2013-12-11 07:30:00,44.0
MAC000034,Std,2013-12-11 08:00:00,90.0
MAC000034,Std,2013-12-11 08:30:00,49.0
MAC000034,Std,2013-12-11 09:00:00,48.0
MAC000034,Std,2013-12-11 09:30:00,41.0
MAC000034,Std,2013-12-11 10:00:00,109.0
MAC000034,Std,2013-12-11 10:30:00,105.0
MAC000034,Std,2013-12-11 11:00:00,209.0
MAC000034,Std,2013-12-11 11:30:00,107.0
MAC000034,Std,2013-12-11 12:00:00,168.0
MAC000034,Std,2013-12-11 12:30:00,594.0
MAC000034,Std,2013-12-11 13:00:00,231.0
MAC000034,Std,2013-12-11 13:30:00,295.0
MAC000034,Std,2013-12-11 14:00:00,274.0
MAC000034,Std,2013-12-11 14:30:00,244.0
MAC000034,Std,2013-12-11 15:00:00,266.0
MAC000034,Std,2013-12-11 15:30:00,277.0
MAC000034,Std,2013-12-11 16:00:00,173.0
MAC000034,Std,2013-12-11 16:30:00,185.0
MAC000034,Std,2013-12-11 17:00:00,212.0
MAC000034,Std,2013-12-11 17:30:00,178.0
MAC000034,Std,2013-12-11 18:00:00,331.0
MAC000034,Std,2013-12-11 18:30:00,274.0
MAC000034,Std,2013-12-11 19:00:00,281.0
MAC000034,Std,2013-12-11 19:30:00,263.0
MAC000034,Std,2013-12-11 20:00:00,284.0
MAC000034,Std,2013-12-11 20:30:00,189.0
MAC000034,Std,2013-12-11 21:00:00,147.0
MAC000034,Std,2013-12-11 21:30:00,149.0
MAC000034,Std,2013-12-11 22:00:00,165.0
MAC000034,Std,2013-12-11 22:30:00,127.0
MAC000034,Std,2013-12-11 23:00:00,131.0
MAC000034,Std,2013-12-11 23:30:00,153.0
MAC000034,Std,2013-12-12 00:00:00,4776.0
MAC000034,Std,2013-12-12 00:30:00,4032.0001
MAC000034,Std,2013-12-12 01:00:00,3579.9999
MAC000034,Std,2013-12-12 01:30:00,3727.9999
MAC000034,Std,2013-12-12 02:00:00,3122.9999
MAC000034,Std,2013-12-12 02:30:00,3657.0001
MAC000034,Std,2013-12-12 03:00:00,2484.9999000000003
MAC000034,Std,2013-12-12 03:30:00,1485.0
MAC000034,Std,2013-12-12 04:00:00,1324.0
MAC000034,Std,2013-12-12 04:30:00,1761.0
MAC000034,Std,2013-12-12 05:00:00,1192.0
MAC000034,Std,2013-12-12 05:30:00,1035.0
MAC000034,Std,2013-12-12 06:00:00,923.0
MAC000034,Std,2013-12-12 06:30:00,1684.9999
MAC000034,Std,2013-12-12 07:00:00,87.0
MAC000034,Std,2013-12-12 07:30:00,37.0
MAC000034,Std,2013-12-12 08:00:00,51.0
MAC000034,Std,2013-12-12 08:30:00,51.0
MAC000034,Std,2013-12-12 09:00:00,86.0
MAC000034,Std,2013-12-12 09:30:00,59.0
MAC000034,Std,2013-12-12 10:00:00,145.0
MAC000034,Std,2013-12-12 10:30:00,107.0
MAC000034,Std,2013-12-12 11:00:00,153.0
MAC000034,Std,2013-12-12 11:30:00,220.0
MAC000034,Std,2013-12-12 12:00:00,125.0
MAC000034,Std,2013-12-12 12:30:00,142.0
MAC000034,Std,2013-12-12 13:00:00,494.0
MAC000034,Std,2013-12-12 13:30:00,127.0
MAC000034,Std,2013-12-12 14:00:00,121.0
MAC000034,Std,2013-12-12 14:30:00,116.0
MAC000034,Std,2013-12-12 15:00:00,152.0
MAC000034,Std,2013-12-12 15:30:00,115.0
MAC000034,Std,2013-12-12 16:00:00,115.0
MAC000034,Std,2013-12-12 16:30:00,169.0
MAC000034,Std,2013-12-12 17:00:00,143.0
MAC000034,Std,2013-12-12 17:30:00,75.0
MAC000034,Std,2013-12-12 18:00:00,239.0
MAC000034,Std,2013-12-12 18:30:00,150.0
MAC000034,Std,2013-12-12 19:00:00,132.0
MAC000034,Std,2013-12-12 19:30:00,163.0
MAC000034,Std,2013-12-12 20:00:00,154.0
MAC000034,Std,2013-12-12 20:30:00,132.0
MAC000034,Std,2013-12-12 21:00:00,220.0
MAC000034,Std,2013-12-12 21:30:00,160.0
MAC000034,Std,2013-12-12 22:00:00,128.0
MAC000034,Std,2013-12-12 22:30:00,171.0
MAC000034,Std,2013-12-12 23:00:00,160.0
MAC000034,Std,2013-12-12 23:30:00,184.0
MAC000034,Std,2013-12-13 00:00:00,5040.0
MAC000034,Std,2013-12-13 00:30:00,4673.9998
MAC000034,Std,2013-12-13 01:00:00,5301.0001
MAC000034,Std,2013-12-13 01:30:00,4370.9998
MAC000034,Std,2013-12-13 02:00:00,3834.0001
MAC000034,Std,2013-12-13 02:30:00,3556.0
MAC000034,Std,2013-12-13 03:00:00,3282.0001
MAC000034,Std,2013-12-13 03:30:00,1922.0001
MAC000034,Std,2013-12-13 04:00:00,1797.0001
MAC000034,Std,2013-12-13 04:30:00,1848.0
MAC000034,Std,2013-12-13 05:00:00,1574.0
MAC000034,Std,2013-12-13 05:30:00,1932.0
MAC000034,Std,2013-12-13 06:00:00,1154.0
MAC000034,Std,2013-12-13 06:30:00,1582.0
MAC000034,Std,2013-12-13 07:00:00,92.0
MAC000034,Std,2013-12-13 07:30:00,78.0
MAC000034,Std,2013-12-13 08:00:00,39.0
MAC000034,Std,2013-12-13 08:30:00,45.0
MAC000034,Std,2013-12-13 09:00:00,95.0
MAC000034,Std,2013-12-13 09:30:00,78.0
MAC000034,Std,2013-12-13 10:00:00,98.0
MAC000034,Std,2013-12-13 10:30:00,113.0
MAC000034,Std,2013-12-13 11:00:00,166.0
MAC000034,Std,2013-12-13 11:30:00,201.0
MAC000034,Std,2013-12-13 12:00:00,133.0
MAC000034,Std,2013-12-13 12:30:00,158.0
MAC000034,Std,2013-12-13 13:00:00,525.0
MAC000034,Std,2013-12-13 13:30:00,570.0
MAC000034,Std,2013-12-13 14:00:00,552.0
MAC000034,Std,2013-12-13 14:30:00,591.0
MAC000034,Std,2013-12-13 15:00:00,480.0
MAC000034,Std,2013-12-13 15:30:00,451.0
MAC000034,Std,2013-12-13 16:00:00,469.0
MAC000034,Std,2013-12-13 16:30:00,506.0
MAC000034,Std,2013-12-13 17:00:00,451.0
MAC000034,Std,2013-12-13 17:30:00,483.0
MAC000034,Std,2013-12-13 18:00:00,670.0
MAC000034,Std,2013-12-13 18:30:00,558.0
MAC000034,Std,2013-12-13 19:00:00,516.0
MAC000034,Std,2013-12-13 19:30:00,533.0
MAC000034,Std,2013-12-13 20:00:00,584.0
MAC000034,Std,2013-12-13 20:30:00,550.0
MAC000034,Std,2013-12-13 21:00:00,570.0
MAC000034,Std,2013-12-13 21:30:00,599.0
MAC000034,Std,2013-12-13 22:00:00,522.0
MAC000034,Std,2013-12-13 22:30:00,546.0
MAC000034,Std,2013-12-13 23:00:00,560.0
MAC000034,Std,2013-12-13 23:30:00,918.0
MAC000034,Std,2013-12-14 00:00:00,5599.999900000001
MAC000034,Std,2013-12-14 00:30:00,4842.9999
MAC000034,Std,2013-12-14 01:00:00,3742.0001
MAC000034,Std,2013-12-14 01:30:00,3780.9999
MAC000034,Std,2013-12-14 02:00:00,3760.0
MAC000034,Std,2013-12-14 02:30:00,3622.9999
MAC000034,Std,2013-12-14 03:00:00,2400.0001
MAC000034,Std,2013-12-14 03:30:00,1889.0001
MAC000034,Std,2013-12-14 04:00:00,1807.0
MAC000034,Std,2013-12-14 04:30:00,1161.9999
MAC000034,Std,2013-12-14 05:00:00,1753.0
MAC000034,Std,2013-12-14 05:30:00,1808.0
MAC000034,Std,2013-12-14 06:00:00,965.0
MAC000034,Std,2013-12-14 06:30:00,1315.0001
MAC000034,Std,2013-12-14 07:00:00,42.0
MAC000034,Std,2013-12-14 07:30:00,62.0
MAC000034,Std,2013-12-14 08:00:00,87.0
MAC000034,Std,2013-12-14 08:30:00,40.0
MAC000034,Std,2013-12-14 09:00:00,56.0
MAC000034,Std,2013-12-14 09:30:00,74.0
MAC000034,Std,2013-12-14 10:00:00,56.0
MAC000034,Std,2013-12-14 10:30:00,54.0
MAC000034,Std,2013-12-14 11:00:00,100.0
MAC000034,Std,2013-12-14 11:30:00,244.0
MAC000034,Std,2013-12-14 12:00:00,98.0
MAC000034,Std,2013-12-14 12:30:00,309.0
MAC000034,Std,2013-12-14 13:00:00,196.0
MAC000034,Std,2013-12-14 13:30:00,51.0
MAC000034,Std,2013-12-14 14:00:00,41.0
MAC000034,Std,2013-12-14 14:30:00,56.0
MAC000034,Std,2013-12-14 15:00:00,89.0
MAC000034,Std,2013-12-14 15:30:00,37.0
MAC000034,Std,2013-12-14 16:00:00,168.0
MAC000034,Std,2013-12-14 16:30:00,209.0
MAC000034,Std,2013-12-14 17:00:00,138.0
MAC000034,Std,2013-12-14 17:30:00,138.0
MAC000034,Std,2013-12-14 18:00:00,256.0
MAC000034,Std,2013-12-14 18:30:00,151.0
MAC000034,Std,2013-12-14 19:00:00,118.0
MAC000034,Std,2013-12-14 19:30:00,116.0
MAC000034,Std,2013-12-14 20:00:00,223.0
MAC000034,Std,2013-12-14 20:30:00,181.0
MAC000034,Std,2013-12-14 21:00:00,154.0
MAC000034,Std,2013-12-14 21:30:00,164.0
MAC000034,Std,2013-12-14 22:00:00,125.0
MAC000034,Std,2013-12-14 22:30:00,141.0
MAC000034,Std,2013-12-14 23:00:00,188.0
MAC000034,Std,2013-12-14 23:30:00,149.0
MAC000034,Std,2013-12-15 00:00:00,4716.000099999999
MAC000034,Std,2013-12-15 00:30:00,3944.0
MAC000034,Std,2013-12-15 01:00:00,3914.0
MAC000034,Std,2013-12-15 01:30:00,3796.9999
MAC000034,Std,2013-12-15 02:00:00,3950.0
MAC000034,Std,2013-12-15 02:30:00,3716.0001
MAC000034,Std,2013-12-15 03:00:00,2145.9999000000003
MAC000034,Std,2013-12-15 03:30:00,1762.0
MAC000034,Std,2013-12-15 04:00:00,1816.0
MAC000034,Std,2013-12-15 04:30:00,1672.0001
MAC000034,Std,2013-12-15 05:00:00,1406.0
MAC000034,Std,2013-12-15 05:30:00,1364.0
MAC000034,Std,2013-12-15 06:00:00,1659.0
MAC000034,Std,2013-12-15 06:30:00,1217.0
MAC000034,Std,2013-12-15 07:00:00,98.0
MAC000034,Std,2013-12-15 07:30:00,72.0
MAC000034,Std,2013-12-15 08:00:00,58.0
MAC000034,Std,2013-12-15 08:30:00,48.0
MAC000034,Std,2013-12-15 09:00:00,101.0
MAC000034,Std,2013-12-15 09:30:00,38.0
MAC000034,Std,2013-12-15 10:00:00,65.0
MAC000034,Std,2013-12-15 10:30:00,156.0
MAC000034,Std,2013-12-15 11:00:00,191.0
MAC000034,Std,2013-12-15 11:30:00,120.0
MAC000034,Std,2013-12-15 12:00:00,129.0
MAC000034,Std,2013-12-15 12:30:00,242.0
MAC000034,Std,2013-12-15 13:00:00,347.0
MAC000034,Std,2013-12-15 13:30:00,90.0
MAC000034,Std,2013-12-15 14:00:00,165.0
MAC000034,Std,2013-12-15 14:30:00,127.0
MAC000034,Std,2013-12-15 15:00:00,114.0
MAC000034,Std,2013-12-15 15:30:00,181.0
MAC000034,Std,2013-12-15 16:00:00,97.0
MAC000034,Std,2013-12-15 16:30:00,65.0
MAC000034,Std,2013-12-15 17:00:00,139.0
MAC000034,Std,2013-12-15 17:30:00,270.0
MAC000034,Std,2013-12-15 18:00:00,174.0
MAC000034,Std,2013-12-15 18:30:00,59.0
MAC000034,Std,2013-12-15 19:00:00,151.0
MAC000034,Std,2013-12-15 19:30:00,104.0
MAC000034,Std,2013-12-15 20:00:00,85.0
MAC000034,Std,2013-12-15 20:30:00,130.0
MAC000034,Std,2013-12-15 21:00:00,183.0
MAC000034,Std,2013-12-15 21:30:00,174.0
MAC000034,Std,2013-12-15 22:00:00,159.0
MAC000034,Std,2013-12-15 22:30:00,181.0
MAC000034,Std,2013-12-15 23:00:00,136.0
MAC000034,Std,2013-12-15 23:30:00,143.0
MAC000034,Std,2013-12-16 00:00:00,4576.0002
MAC000034,Std,2013-12-16 00:30:00,3634.0001
MAC000034,Std,2013-12-16 01:00:00,3492.0001
MAC000034,Std,2013-12-16 01:30:00,3915.9999
MAC000034,Std,2013-12-16 02:00:00,3394.0001
MAC000034,Std,2013-12-16 02:30:00,3086.9999
MAC000034,Std,2013-12-16 03:00:00,2300.0
MAC000034,Std,2013-12-16 03:30:00,1478.0
MAC000034,Std,2013-12-16 04:00:00,2091.0001
MAC000034,Std,2013-12-16 04:30:00,1585.0
MAC000034,Std,2013-12-16 05:00:00,1870.0
MAC000034,Std,2013-12-16 05:30:00,892.0
MAC000034,Std,2013-12-16 06:00:00,1771.0
MAC000034,Std,2013-12-16 06:30:00,1124.0
MAC000034,Std,2013-12-16 07:00:00,91.0
MAC000034,Std,2013-12-16 07:30:00,41.0
MAC000034,Std,2013-12-16 08:00:00,48.0
MAC000034,Std,2013-12-16 08:30:00,101.0
MAC000034,Std,2013-12-16 09:00:00,58.0
MAC000034,Std,2013-12-16 09:30:00,196.0
MAC000034,Std,2013-12-16 10:00:00,131.0
MAC000034,Std,2013-12-16 10:30:00,346.0
MAC000034,Std,2013-12-16 11:00:00,495.0
MAC000034,Std,2013-12-16 11:30:00,327.0
MAC000034,Std,2013-12-16 12:00:00,141.0
MAC000034,Std,2013-12-16 12:30:00,89.0
MAC000034,Std,2013-12-16 13:00:00,107.0
MAC000034,Std,2013-12-16 13:30:00,124.0
MAC000034,Std,2013-12-16 14:00:00,106.0
MAC000034,Std,2013-12-16 14:30:00,108.0
MAC000034,Std,2013-12-16 15:00:00,95.0
MAC000034,Std,2013-12-16 15:30:00,136.0
MAC000034,Std,2013-12-16 16:00:00,107.0
MAC000034,Std,2013-12-16 16:30:00,91.0
MAC000034,Std,2013-12-16 17:00:00,121.0
MAC000034,Std,2013-12-16 17:30:00,121.0
MAC000034,Std,2013-12-16 18:00:00,94.0
MAC000034,Std,2013-12-16 18:30:00,91.0
MAC000034,Std,2013-12-16 19:00:00,150.0
MAC000034,Std,2013-12-16 19:30:00,103.0
MAC000034,Std,2013-12-16 20:00:00,146.0
MAC000034,Std,2013-12-16 20:30:00,171.0
MAC000034,Std,2013-12-16 21:00:00,131.0
MAC000034,Std,2013-12-16 21:30:00,129.0
MAC000034,Std,2013-12-16 22:00:00,156.0
MAC000034,Std,2013-12-16 22:30:00,171.0
MAC000034,Std,2013-12-16 23:00:00,155.0
MAC000034,Std,2013-12-16 23:30:00,154.0
MAC000034,Std,2013-12-17 00:00:00,4541.9998000000005
MAC000034,Std,2013-12-17 00:30:00,3898.9999
MAC000034,Std,2013-12-17 01:00:00,4033.9999
MAC000034,Std,2013-12-17 01:30:00,3938.0
MAC000034,Std,2013-12-17 02:00:00,3750.9999
MAC000034,Std,2013-12-17 02:30:00,3293.0
MAC000034,Std,2013-12-17 03:00:00,2420.0001
MAC000034,Std,2013-12-17 03:30:00,1553.0
MAC000034,Std,2013-12-17 04:00:00,2059.9999000000003
MAC000034,Std,2013-12-17 04:30:00,1623.0
MAC000034,Std,2013-12-17 05:00:00,1434.0
MAC000034,Std,2013-12-17 05:30:00,1762.0
MAC000034,Std,2013-12-17 06:00:00,1253.9999
MAC000034,Std,2013-12-17 06:30:00,1881.0
MAC000034,Std,2013-12-17 07:00:00,81.0
MAC000034,Std,2013-12-17 07:30:00,52.0
MAC000034,Std,2013-12-17 08:00:00,46.0
MAC000034,Std,2013-12-17 08:30:00,92.0
MAC000034,Std,2013-12-17 09:00:00,54.0
MAC000034,Std,2013-12-17 09:30:00,94.0
MAC000034,Std,2013-12-17 10:00:00,61.0
MAC000034,Std,2013-12-17 10:30:00,208.0
MAC000034,Std,2013-12-17 11:00:00,73.0
MAC000034,Std,2013-12-17 11:30:00,80.0
MAC000034,Std,2013-12-17 12:00:00,133.0
MAC000034,Std,2013-12-17 12:30:00,124.0
MAC000034,Std,2013-12-17 13:00:00,79.0
MAC000034,Std,2013-12-17 13:30:00,99.0
MAC000034,Std,2013-12-17 14:00:00,145.0
MAC000034,Std,2013-12-17 14:30:00,162.0
MAC000034,Std,2013-12-17 15:00:00,118.0
MAC000034,Std,2013-12-17 15:30:00,95.0
MAC000034,Std,2013-12-17 16:00:00,58.0
MAC000034,Std,2013-12-17 16:30:00,52.0
MAC000034,Std,2013-12-17 17:00:00,50.0
MAC000034,Std,2013-12-17 17:30:00,225.0
MAC000034,Std,2013-12-17 18:00:00,129.0
MAC000034,Std,2013-12-17 18:30:00,126.0
MAC000034,Std,2013-12-17 19:00:00,157.0
MAC000034,Std,2013-12-17 19:30:00,150.0
MAC000034,Std,2013-12-17 20:00:00,184.0
MAC000034,Std,2013-12-17 20:30:00,215.0
MAC000034,Std,2013-12-17 21:00:00,166.0
MAC000034,Std,2013-12-17 21:30:00,85.0
MAC000034,Std,2013-12-17 22:00:00,78.0
MAC000034,Std,2013-12-17 22:30:00,163.0
MAC000034,Std,2013-12-17 23:00:00,146.0
MAC000034,Std,2013-12-17 23:30:00,145.0
MAC000034,Std,2013-12-18 00:00:00,4567.9998
MAC000034,Std,2013-12-18 00:30:00,3401.0
MAC000034,Std,2013-12-18 01:00:00,3816.0
MAC000034,Std,2013-12-18 01:30:00,3780.0
MAC000034,Std,2013-12-18 02:00:00,3563.0
MAC000034,Std,2013-12-18 02:30:00,3461.0
MAC000034,Std,2013-12-18 03:00:00,2608.0
MAC000034,Std,2013-12-18 03:30:00,1533.0
MAC000034,Std,2013-12-18 04:00:00,1728.0
MAC000034,Std,2013-12-18 04:30:00,1463.0001
MAC000034,Std,2013-12-18 05:00:00,1740.0
MAC000034,Std,2013-12-18 05:30:00,1572.0
MAC000034,Std,2013-12-18 06:00:00,1309.0
MAC000034,Std,2013-12-18 06:30:00,1258.9999
MAC000034,Std,2013-12-18 07:00:00,67.0
MAC000034,Std,2013-12-18 07:30:00,64.0
MAC000034,Std,2013-12-18 08:00:00,48.0
MAC000034,Std,2013-12-18 08:30:00,52.0
MAC000034,Std,2013-12-18 09:00:00,75.0
MAC000034,Std,2013-12-18 09:30:00,61.0
MAC000034,Std,2013-12-18 10:00:00,104.0
MAC000034,Std,2013-12-18 10:30:00,216.0
MAC000034,Std,2013-12-18 11:00:00,140.0
MAC000034,Std,2013-12-18 11:30:00,85.0
MAC000034,Std,2013-12-18 12:00:00,59.0
MAC000034,Std,2013-12-18 12:30:00,78.0
MAC000034,Std,2013-12-18 13:00:00,409.0
MAC000034,Std,2013-12-18 13:30:00,55.0
MAC000034,Std,2013-12-18 14:00:00,53.0
MAC000034,Std,2013-12-18 14:30:00,85.0
MAC000034,Std,2013-12-18 15:00:00,52.0
MAC000034,Std,2013-12-18 15:30:00,43.0
MAC000034,Std,2013-12-18 16:00:00,53.0
MAC000034,Std,2013-12-18 16:30:00,95.0
MAC000034,Std,2013-12-18 17:00:00,37.0
MAC000034,Std,2013-12-18 17:30:00,45.0
MAC000034,Std,2013-12-18 18:00:00,59.0
MAC000034,Std,2013-12-18 18:30:00,247.0
MAC000034,Std,2013-12-18 19:00:00,127.0
MAC000034,Std,2013-12-18 19:30:00,116.0
MAC000034,Std,2013-12-18 20:00:00,156.0
MAC000034,Std,2013-12-18 20:30:00,159.0
MAC000034,Std,2013-12-18 21:00:00,158.0
MAC000034,Std,2013-12-18 21:30:00,188.0
MAC000034,Std,2013-12-18 22:00:00,149.0
MAC000034,Std,2013-12-18 22:30:00,136.0
MAC000034,Std,2013-12-18 23:00:00,162.0
MAC000034,Std,2013-12-18 23:30:00,160.0
MAC000034,Std,2013-12-19 00:00:00,4604.0001
MAC000034,Std,2013-12-19 00:30:00,3831.0001
MAC000034,Std,2013-12-19 01:00:00,3895.9999
MAC000034,Std,2013-12-19 01:30:00,3713.0001
MAC000034,Std,2013-12-19 02:00:00,3622.9999
MAC000034,Std,2013-12-19 02:30:00,3415.0
MAC000034,Std,2013-12-19 03:00:00,2599.9999
MAC000034,Std,2013-12-19 03:30:00,1531.0
MAC000034,Std,2013-12-19 04:00:00,1842.0
MAC000034,Std,2013-12-19 04:30:00,1547.0001
MAC000034,Std,2013-12-19 05:00:00,1925.0
MAC000034,Std,2013-12-19 05:30:00,1396.0
MAC000034,Std,2013-12-19 06:00:00,1192.0
MAC000034,Std,2013-12-19 06:30:00,1719.0
MAC000034,Std,2013-12-19 07:00:00,59.0
MAC000034,Std,2013-12-19 07:30:00,46.0
MAC000034,Std,2013-12-19 08:00:00,66.0
MAC000034,Std,2013-12-19 08:30:00,83.0
MAC000034,Std,2013-12-19 09:00:00,49.0
MAC000034,Std,2013-12-19 09:30:00,92.0
MAC000034,Std,2013-12-19 10:00:00,264.0
MAC000034,Std,2013-12-19 10:30:00,100.0
MAC000034,Std,2013-12-19 11:00:00,88.0
MAC000034,Std,2013-12-19 11:30:00,146.0
MAC000034,Std,2013-12-19 12:00:00,158.0
MAC000034,Std,2013-12-19 12:30:00,45.0
MAC000034,Std,2013-12-19 13:00:00,36.0
MAC000034,Std,2013-12-19 13:30:00,53.0
MAC000034,Std,2013-12-19 14:00:00,155.0
MAC000034,Std,2013-12-19 14:30:00,127.0
MAC000034,Std,2013-12-19 15:00:00,112.0
MAC000034,Std,2013-12-19 15:30:00,160.0
MAC000034,Std,2013-12-19 16:00:00,160.0
MAC000034,Std,2013-12-19 16:30:00,368.0
MAC000034,Std,2013-12-19 17:00:00,189.0
MAC000034,Std,2013-12-19 17:30:00,170.0
MAC000034,Std,2013-12-19 18:00:00,134.0
MAC000034,Std,2013-12-19 18:30:00,136.0
MAC000034,Std,2013-12-19 19:00:00,192.0
MAC000034,Std,2013-12-19 19:30:00,161.0
MAC000034,Std,2013-12-19 20:00:00,165.0
MAC000034,Std,2013-12-19 20:30:00,187.0
MAC000034,Std,2013-12-19 21:00:00,141.0
MAC000034,Std,2013-12-19 21:30:00,116.0
MAC000034,Std,2013-12-19 22:00:00,180.0
MAC000034,Std,2013-12-19 22:30:00,98.0
MAC000034,Std,2013-12-19 23:00:00,109.0
MAC000034,Std,2013-12-19 23:30:00,120.0
MAC000034,Std,2013-12-20 00:00:00,4663.000099999999
MAC000034,Std,2013-12-20 00:30:00,4218.9999
MAC000034,Std,2013-12-20 01:00:00,4300.0002
MAC000034,Std,2013-12-20 01:30:00,3561.0001
MAC000034,Std,2013-12-20 02:00:00,3808.0001
MAC000034,Std,2013-12-20 02:30:00,3204.9999
MAC000034,Std,2013-12-20 03:00:00,3109.0
MAC000034,Std,2013-12-20 03:30:00,1489.0
MAC000034,Std,2013-12-20 04:00:00,1640.0
MAC000034,Std,2013-12-20 04:30:00,1855.0
MAC000034,Std,2013-12-20 05:00:00,2128.9999000000003
MAC000034,Std,2013-12-20 05:30:00,1874.0
MAC000034,Std,2013-12-20 06:00:00,1652.0
MAC000034,Std,2013-12-20 06:30:00,1381.0
MAC000034,Std,2013-12-20 07:00:00,98.0
MAC000034,Std,2013-12-20 07:30:00,53.0
MAC000034,Std,2013-12-20 08:00:00,37.0
MAC000034,Std,2013-12-20 08:30:00,44.0
MAC000034,Std,2013-12-20 09:00:00,98.0
MAC000034,Std,2013-12-20 09:30:00,56.0
MAC000034,Std,2013-12-20 10:00:00,96.0
MAC000034,Std,2013-12-20 10:30:00,210.0
MAC000034,Std,2013-12-20 11:00:00,160.0
MAC000034,Std,2013-12-20 11:30:00,101.0
MAC000034,Std,2013-12-20 12:00:00,88.0
MAC000034,Std,2013-12-20 12:30:00,74.0
MAC000034,Std,2013-12-20 13:00:00,116.0
MAC000034,Std,2013-12-20 13:30:00,95.0
MAC000034,Std,2013-12-20 14:00:00,105.0
MAC000034,Std,2013-12-20 14:30:00,136.0
MAC000034,Std,2013-12-20 15:00:00,109.0
MAC000034,Std,2013-12-20 15:30:00,87.0
MAC000034,Std,2013-12-20 16:00:00,68.0
MAC000034,Std,2013-12-20 16:30:00,75.0
MAC000034,Std,2013-12-20 17:00:00,65.0
MAC000034,Std,2013-12-20 17:30:00,45.0
MAC000034,Std,2013-12-20 18:00:00,52.0
MAC000034,Std,2013-12-20 18:30:00,109.0
MAC000034,Std,2013-12-20 19:00:00,256.0
MAC000034,Std,2013-12-20 19:30:00,118.0
MAC000034,Std,2013-12-20 20:00:00,137.0
MAC000034,Std,2013-12-20 20:30:00,186.0
MAC000034,Std,2013-12-20 21:00:00,130.0
MAC000034,Std,2013-12-20 21:30:00,135.0
MAC000034,Std,2013-12-20 22:00:00,158.0
MAC000034,Std,2013-12-20 22:30:00,138.0
MAC000034,Std,2013-12-20 23:00:00,328.0
MAC000034,Std,2013-12-20 23:30:00,778.0
MAC000034,Std,2013-12-21 00:00:00,5122.0002
MAC000034,Std,2013-12-21 00:30:00,3818.0001
MAC000034,Std,2013-12-21 01:00:00,3951.9999
MAC000034,Std,2013-12-21 01:30:00,3885.9999
MAC000034,Std,2013-12-21 02:00:00,3693.0001
MAC000034,Std,2013-12-21 02:30:00,3431.9999000000003
MAC000034,Std,2013-12-21 03:00:00,2928.0
MAC000034,Std,2013-12-21 03:30:00,1526.0
MAC000034,Std,2013-12-21 04:00:00,1576.0
MAC000034,Std,2013-12-21 04:30:00,1815.0001
MAC000034,Std,2013-12-21 05:00:00,1402.0
MAC000034,Std,2013-12-21 05:30:00,1325.0
MAC000034,Std,2013-12-21 06:00:00,1179.9999
MAC000034,Std,2013-12-21 06:30:00,1563.0
MAC000034,Std,2013-12-21 07:00:00,62.0
MAC000034,Std,2013-12-21 07:30:00,75.0
MAC000034,Std,2013-12-21 08:00:00,54.0
MAC000034,Std,2013-12-21 08:30:00,43.0
MAC000034,Std,2013-12-21 09:00:00,72.0
MAC000034,Std,2013-12-21 09:30:00,92.0
MAC000034,Std,2013-12-21 10:00:00,215.0
MAC000034,Std,2013-12-21 10:30:00,58.0
MAC000034,Std,2013-12-21 11:00:00,241.0
MAC000034,Std,2013-12-21 11:30:00,297.0
MAC000034,Std,2013-12-21 12:00:00,67.0
MAC000034,Std,2013-12-21 12:30:00,41.0
MAC000034,Std,2013-12-21 13:00:00,96.0
MAC000034,Std,2013-12-21 13:30:00,54.0
MAC000034,Std,2013-12-21 14:00:00,113.0
MAC000034,Std,2013-12-21 14:30:00,151.0
MAC000034,Std,2013-12-21 15:00:00,146.0
MAC000034,Std,2013-12-21 15:30:00,138.0
MAC000034,Std,2013-12-21 16:00:00,145.0
MAC000034,Std,2013-12-21 16:30:00,180.0
MAC000034,Std,2013-12-21 17:00:00,162.0
MAC000034,Std,2013-12-21 17:30:00,141.0
MAC000034,Std,2013-12-21 18:00:00,290.0
MAC000034,Std,2013-12-21 18:30:00,140.0
MAC000034,Std,2013-12-21 19:00:00,169.0
MAC000034,Std,2013-12-21 19:30:00,198.0
MAC000034,Std,2013-12-21 20:00:00,200.0
MAC000034,Std,2013-12-21 20:30:00,161.0
MAC000034,Std,2013-12-21 21:00:00,126.0
MAC000034,Std,2013-12-21 21:30:00,115.0
MAC000034,Std,2013-12-21 22:00:00,185.0
MAC000034,Std,2013-12-21 22:30:00,120.0
MAC000034,Std,2013-12-21 23:00:00,115.0
MAC000034,Std,2013-12-21 23:30:00,174.0
MAC000034,Std,2013-12-22 00:00:00,4427.0
MAC000034,Std,2013-12-22 00:30:00,3826.0
MAC000034,Std,2013-12-22 01:00:00,3740.0
MAC000034,Std,2013-12-22 01:30:00,3585.0
MAC000034,Std,2013-12-22 02:00:00,3454.9999
MAC000034,Std,2013-12-22 02:30:00,3359.0
MAC000034,Std,2013-12-22 03:00:00,2411.0
MAC000034,Std,2013-12-22 03:30:00,1454.0
MAC000034,Std,2013-12-22 04:00:00,1659.0
MAC000034,Std,2013-12-22 04:30:00,1747.0
MAC000034,Std,2013-12-22 05:00:00,1292.0001000000002
MAC000034,Std,2013-12-22 05:30:00,1377.0
MAC000034,Std,2013-12-22 06:00:00,1395.0
MAC000034,Std,2013-12-22 06:30:00,1521.0
MAC000034,Std,2013-12-22 07:00:00,50.0
MAC000034,Std,2013-12-22 07:30:00,77.0
MAC000034,Std,2013-12-22 08:00:00,54.0
MAC000034,Std,2013-12-22 08:30:00,58.0
MAC000034,Std,2013-12-22 09:00:00,57.0
MAC000034,Std,2013-12-22 09:30:00,95.0
MAC000034,Std,2013-12-22 10:00:00,156.0
MAC000034,Std,2013-12-22 10:30:00,192.0
MAC000034,Std,2013-12-22 11:00:00,229.0
MAC000034,Std,2013-12-22 11:30:00,123.0
MAC000034,Std,2013-12-22 12:00:00,112.0
MAC000034,Std,2013-12-22 12:30:00,98.0
MAC000034,Std,2013-12-22 13:00:00,107.0
MAC000034,Std,2013-12-22 13:30:00,128.0
MAC000034,Std,2013-12-22 14:00:00,153.0
MAC000034,Std,2013-12-22 14:30:00,240.0
MAC000034,Std,2013-12-22 15:00:00,222.0
MAC000034,Std,2013-12-22 15:30:00,52.0
MAC000034,Std,2013-12-22 16:00:00,71.0
MAC000034,Std,2013-12-22 16:30:00,107.0
MAC000034,Std,2013-12-22 17:00:00,151.0
MAC000034,Std,2013-12-22 17:30:00,147.0
MAC000034,Std,2013-12-22 18:00:00,273.0
MAC000034,Std,2013-12-22 18:30:00,114.0
MAC000034,Std,2013-12-22 19:00:00,97.0
MAC000034,Std,2013-12-22 19:30:00,93.0
MAC000034,Std,2013-12-22 20:00:00,91.0
MAC000034,Std,2013-12-22 20:30:00,200.0
MAC000034,Std,2013-12-22 21:00:00,199.0
MAC000034,Std,2013-12-22 21:30:00,133.0
MAC000034,Std,2013-12-22 22:00:00,161.0
MAC000034,Std,2013-12-22 22:30:00,207.0
MAC000034,Std,2013-12-22 23:00:00,195.0
MAC000034,Std,2013-12-22 23:30:00,140.0
MAC000034,Std,2013-12-23 00:00:00,4777.9999
MAC000034,Std,2013-12-23 00:30:00,4481.9999
MAC000034,Std,2013-12-23 01:00:00,3822.0
MAC000034,Std,2013-12-23 01:30:00,3971.0
MAC000034,Std,2013-12-23 02:00:00,3451.0
MAC000034,Std,2013-12-23 02:30:00,3499.0001
MAC000034,Std,2013-12-23 03:00:00,2701.9999000000003
MAC000034,Std,2013-12-23 03:30:00,1457.0
MAC000034,Std,2013-12-23 04:00:00,1875.0
MAC000034,Std,2013-12-23 04:30:00,1776.0
MAC000034,Std,2013-12-23 05:00:00,1388.0
MAC000034,Std,2013-12-23 05:30:00,1577.9999
MAC000034,Std,2013-12-23 06:00:00,1327.0
MAC000034,Std,2013-12-23 06:30:00,1130.0
MAC000034,Std,2013-12-23 07:00:00,60.0
MAC000034,Std,2013-12-23 07:30:00,86.0
MAC000034,Std,2013-12-23 08:00:00,37.0
MAC000034,Std,2013-12-23 08:30:00,48.0
MAC000034,Std,2013-12-23 09:00:00,68.0
MAC000034,Std,2013-12-23 09:30:00,103.0
MAC000034,Std,2013-12-23 10:00:00,96.0
MAC000034,Std,2013-12-23 10:30:00,208.0
MAC000034,Std,2013-12-23 11:00:00,136.0
MAC000034,Std,2013-12-23 11:30:00,125.0
MAC000034,Std,2013-12-23 12:00:00,126.0
MAC000034,Std,2013-12-23 12:30:00,118.0
MAC000034,Std,2013-12-23 13:00:00,217.0
MAC000034,Std,2013-12-23 13:30:00,72.0
MAC000034,Std,2013-12-23 14:00:00,36.0
MAC000034,Std,2013-12-23 14:30:00,46.0
MAC000034,Std,2013-12-23 15:00:00,108.0
MAC000034,Std,2013-12-23 15:30:00,81.0
MAC000034,Std,2013-12-23 16:00:00,109.0
MAC000034,Std,2013-12-23 16:30:00,114.0
MAC000034,Std,2013-12-23 17:00:00,215.0
MAC000034,Std,2013-12-23 17:30:00,127.0
MAC000034,Std,2013-12-23 18:00:00,82.0
MAC000034,Std,2013-12-23 18:30:00,77.0
MAC000034,Std,2013-12-23 19:00:00,114.0
MAC000034,Std,2013-12-23 19:30:00,266.0
MAC000034,Std,2013-12-23 20:00:00,138.0
MAC000034,Std,2013-12-23 20:30:00,168.0
MAC000034,Std,2013-12-23 21:00:00,187.0
MAC000034,Std,2013-12-23 21:30:00,126.0
MAC000034,Std,2013-12-23 22:00:00,160.0
MAC000034,Std,2013-12-23 22:30:00,183.0
MAC000034,Std,2013-12-23 23:00:00,214.0
MAC000034,Std,2013-12-23 23:30:00,330.0
MAC000034,Std,2013-12-24 00:00:00,4510.0002
MAC000034,Std,2013-12-24 00:30:00,3806.0
MAC000034,Std,2013-12-24 01:00:00,3849.0
MAC000034,Std,2013-12-24 01:30:00,3469.0001
MAC000034,Std,2013-12-24 02:00:00,3562.0
MAC000034,Std,2013-12-24 02:30:00,4270.9999
MAC000034,Std,2013-12-24 03:00:00,2308.0001
MAC000034,Std,2013-12-24 03:30:00,1424.0
MAC000034,Std,2013-12-24 05:00:00,1063.0
MAC000034,Std,2013-12-24 05:30:00,1580.0
MAC000034,Std,2013-12-24 06:00:00,913.0
MAC000034,Std,2013-12-24 07:00:00,47.0
MAC000034,Std,2013-12-24 07:30:00,41.0
MAC000034,Std,2013-12-24 08:00:00,111.0
MAC000034,Std,2013-12-24 08:30:00,60.0
MAC000034,Std,2013-12-24 09:00:00,163.0
MAC000034,Std,2013-12-24 09:30:00,77.0
MAC000034,Std,2013-12-24 10:00:00,178.0
MAC000034,Std,2013-12-24 10:30:00,110.0
MAC000034,Std,2013-12-24 11:00:00,84.0
MAC000034,Std,2013-12-24 11:30:00,73.0
MAC000034,Std,2013-12-24 12:00:00,79.0
MAC000034,Std,2013-12-24 12:30:00,36.0
MAC000034,Std,2013-12-24 13:00:00,55.0
MAC000034,Std,2013-12-24 13:30:00,80.0
MAC000034,Std,2013-12-24 14:00:00,53.0
MAC000034,Std,2013-12-24 14:30:00,58.0
MAC000034,Std,2013-12-24 15:00:00,35.0
MAC000034,Std,2013-12-24 15:30:00,92.0
MAC000034,Std,2013-12-24 16:00:00,56.0
MAC000034,Std,2013-12-24 16:30:00,32.0
MAC000034,Std,2013-12-24 17:00:00,55.0
MAC000034,Std,2013-12-24 17:30:00,93.0
MAC000034,Std,2013-12-24 18:00:00,41.0
MAC000034,Std,2013-12-24 18:30:00,62.0
MAC000034,Std,2013-12-24 19:00:00,44.0
MAC000034,Std,2013-12-24 19:30:00,94.0
MAC000034,Std,2013-12-24 20:00:00,60.0
MAC000034,Std,2013-12-24 20:30:00,46.0
MAC000034,Std,2013-12-24 21:00:00,42.0
MAC000034,Std,2013-12-24 21:30:00,109.0
MAC000034,Std,2013-12-24 22:00:00,50.0
MAC000034,Std,2013-12-24 22:30:00,40.0
MAC000034,Std,2013-12-24 23:00:00,56.0
MAC000034,Std,2013-12-24 23:30:00,105.0
MAC000034,Std,2013-12-25 00:00:00,4494.9999
MAC000034,Std,2013-12-25 00:30:00,4184.9999
MAC000034,Std,2013-12-25 01:00:00,4494.9999
MAC000034,Std,2013-12-25 01:30:00,3624.0001
MAC000034,Std,2013-12-25 02:00:00,3697.0
MAC000034,Std,2013-12-25 02:30:00,3492.0001
MAC000034,Std,2013-12-25 03:00:00,2865.9999
MAC000034,Std,2013-12-25 03:30:00,1409.0
MAC000034,Std,2013-12-25 04:00:00,1366.0001
MAC000034,Std,2013-12-25 04:30:00,2132.9999000000003
MAC000034,Std,2013-12-25 05:00:00,1554.0
MAC000034,Std,2013-12-25 05:30:00,1603.0
MAC000034,Std,2013-12-25 06:00:00,1092.0
MAC000034,Std,2013-12-25 06:30:00,1159.0
MAC000034,Std,2013-12-25 07:00:00,33.0
MAC000034,Std,2013-12-25 07:30:00,79.0
MAC000034,Std,2013-12-25 08:00:00,64.0
MAC000034,Std,2013-12-25 08:30:00,38.0
MAC000034,Std,2013-12-25 09:00:00,36.0
MAC000034,Std,2013-12-25 09:30:00,69.0
MAC000034,Std,2013-12-25 10:00:00,75.0
MAC000034,Std,2013-12-25 10:30:00,34.0
MAC000034,Std,2013-12-25 11:00:00,39.0
MAC000034,Std,2013-12-25 11:30:00,54.0
MAC000034,Std,2013-12-25 12:00:00,87.0
MAC000034,Std,2013-12-25 12:30:00,34.0
MAC000034,Std,2013-12-25 13:00:00,42.0
MAC000034,Std,2013-12-25 13:30:00,48.0
MAC000034,Std,2013-12-25 14:00:00,91.0
MAC000034,Std,2013-12-25 14:30:00,33.0
MAC000034,Std,2013-12-25 15:00:00,45.0
MAC000034,Std,2013-12-25 15:30:00,48.0
MAC000034,Std,2013-12-25 16:00:00,76.0
MAC000034,Std,2013-12-25 16:30:00,45.0
MAC000034,Std,2013-12-25 17:00:00,47.0
MAC000034,Std,2013-12-25 17:30:00,49.0
MAC000034,Std,2013-12-25 18:00:00,62.0
MAC000034,Std,2013-12-25 18:30:00,68.0
MAC000034,Std,2013-12-25 19:00:00,54.0
MAC000034,Std,2013-12-25 19:30:00,54.0
MAC000034,Std,2013-12-25 20:00:00,43.0
MAC000034,Std,2013-12-25 20:30:00,88.0
MAC000034,Std,2013-12-25 21:00:00,53.0
MAC000034,Std,2013-12-25 21:30:00,53.0
MAC000034,Std,2013-12-25 22:00:00,45.0
MAC000034,Std,2013-12-25 22:30:00,78.0
MAC000034,Std,2013-12-25 23:00:00,63.0
MAC000034,Std,2013-12-25 23:30:00,54.0
MAC000034,Std,2013-12-26 00:00:00,4579.9999
MAC000034,Std,2013-12-26 00:30:00,4061.9998
MAC000034,Std,2013-12-26 01:00:00,3966.0001
MAC000034,Std,2013-12-26 01:30:00,4178.9999
MAC000034,Std,2013-12-26 02:00:00,3622.9999
MAC000034,Std,2013-12-26 02:30:00,3569.9999
MAC000034,Std,2013-12-26 03:00:00,3006.0
MAC000034,Std,2013-12-26 03:30:00,1674.0
MAC000034,Std,2013-12-26 04:00:00,1508.0
MAC000034,Std,2013-12-26 04:30:00,1643.0
MAC000034,Std,2013-12-26 05:00:00,1646.0
MAC000034,Std,2013-12-26 05:30:00,1443.0
MAC000034,Std,2013-12-26 06:00:00,1332.9998999999998
MAC000034,Std,2013-12-26 06:30:00,1346.0
MAC000034,Std,2013-12-26 07:00:00,33.0
MAC000034,Std,2013-12-26 07:30:00,90.0
MAC000034,Std,2013-12-26 08:00:00,44.0
MAC000034,Std,2013-12-26 08:30:00,44.0
MAC000034,Std,2013-12-26 09:00:00,40.0
MAC000034,Std,2013-12-26 09:30:00,60.0
MAC000034,Std,2013-12-26 10:00:00,59.0
MAC000034,Std,2013-12-26 10:30:00,43.0
MAC000034,Std,2013-12-26 11:00:00,44.0
MAC000034,Std,2013-12-26 11:30:00,43.0
MAC000034,Std,2013-12-26 12:00:00,84.0
MAC000034,Std,2013-12-26 12:30:00,34.0
MAC000034,Std,2013-12-26 13:00:00,40.0
MAC000034,Std,2013-12-26 13:30:00,43.0
MAC000034,Std,2013-12-26 14:00:00,64.0
MAC000034,Std,2013-12-26 14:30:00,70.0
MAC000034,Std,2013-12-26 15:00:00,35.0
MAC000034,Std,2013-12-26 15:30:00,34.0
MAC000034,Std,2013-12-26 16:00:00,44.0
MAC000034,Std,2013-12-26 16:30:00,89.0
MAC000034,Std,2013-12-26 17:00:00,44.0
MAC000034,Std,2013-12-26 17:30:00,41.0
MAC000034,Std,2013-12-26 18:00:00,39.0
MAC000034,Std,2013-12-26 18:30:00,51.0
MAC000034,Std,2013-12-26 19:00:00,87.0
MAC000034,Std,2013-12-26 19:30:00,50.0
MAC000034,Std,2013-12-26 20:00:00,49.0
MAC000034,Std,2013-12-26 20:30:00,44.0
MAC000034,Std,2013-12-26 21:00:00,74.0
MAC000034,Std,2013-12-26 21:30:00,59.0
MAC000034,Std,2013-12-26 22:00:00,49.0
MAC000034,Std,2013-12-26 22:30:00,49.0
MAC000034,Std,2013-12-26 23:00:00,50.0
MAC000034,Std,2013-12-26 23:30:00,90.0
MAC000034,Std,2013-12-27 00:00:00,4644.0001
MAC000034,Std,2013-12-27 00:30:00,4135.0002
MAC000034,Std,2013-12-27 01:00:00,4004.0002
MAC000034,Std,2013-12-27 01:30:00,4158.0
MAC000034,Std,2013-12-27 02:00:00,4097.0001
MAC000034,Std,2013-12-27 02:30:00,3621.0001
MAC000034,Std,2013-12-27 03:00:00,2614.0001
MAC000034,Std,2013-12-27 03:30:00,1406.0
MAC000034,Std,2013-12-27 04:00:00,1908.0
MAC000034,Std,2013-12-27 04:30:00,1846.0
MAC000034,Std,2013-12-27 05:00:00,1309.0
MAC000034,Std,2013-12-27 05:30:00,1650.0
MAC000034,Std,2013-12-27 06:00:00,1434.0
MAC000034,Std,2013-12-27 06:30:00,1163.0
MAC000034,Std,2013-12-27 07:00:00,43.0
MAC000034,Std,2013-12-27 07:30:00,43.0
MAC000034,Std,2013-12-27 08:00:00,34.0
MAC000034,Std,2013-12-27 08:30:00,69.0
MAC000034,Std,2013-12-27 09:00:00,57.0
MAC000034,Std,2013-12-27 09:30:00,44.0
MAC000034,Std,2013-12-27 10:00:00,44.0
MAC000034,Std,2013-12-27 10:30:00,40.0
MAC000034,Std,2013-12-27 11:00:00,82.0
MAC000034,Std,2013-12-27 11:30:00,39.0
MAC000034,Std,2013-12-27 12:00:00,44.0
MAC000034,Std,2013-12-27 12:30:00,44.0
MAC000034,Std,2013-12-27 13:00:00,78.0
MAC000034,Std,2013-12-27 13:30:00,50.0
MAC000034,Std,2013-12-27 14:00:00,35.0
MAC000034,Std,2013-12-27 14:30:00,43.0
MAC000034,Std,2013-12-27 15:00:00,50.0
MAC000034,Std,2013-12-27 15:30:00,126.0
MAC000034,Std,2013-12-27 16:00:00,99.0
MAC000034,Std,2013-12-27 16:30:00,100.0
MAC000034,Std,2013-12-27 17:00:00,137.0
MAC000034,Std,2013-12-27 17:30:00,222.0
MAC000034,Std,2013-12-27 18:00:00,133.0
MAC000034,Std,2013-12-27 18:30:00,132.0
MAC000034,Std,2013-12-27 19:00:00,181.0
MAC000034,Std,2013-12-27 19:30:00,105.0
MAC000034,Std,2013-12-27 20:00:00,114.0
MAC000034,Std,2013-12-27 20:30:00,104.0
MAC000034,Std,2013-12-27 21:00:00,163.0
MAC000034,Std,2013-12-27 21:30:00,143.0
MAC000034,Std,2013-12-27 22:00:00,114.0
MAC000034,Std,2013-12-27 22:30:00,202.0
MAC000034,Std,2013-12-27 23:00:00,166.0
MAC000034,Std,2013-12-27 23:30:00,147.0
MAC000034,Std,2013-12-28 00:00:00,4771.9998
MAC000034,Std,2013-12-28 00:00:00,4771.9998
MAC000034,Std,2013-12-28 00:30:00,4744.0
MAC000034,Std,2013-12-28 01:00:00,4771.9998
MAC000034,Std,2013-12-28 01:30:00,4349.999900000001
MAC000034,Std,2013-12-28 02:00:00,3969.0001
MAC000034,Std,2013-12-28 02:30:00,3717.9999
MAC000034,Std,2013-12-28 03:00:00,2746.0001
MAC000034,Std,2013-12-28 03:30:00,1959.0
MAC000034,Std,2013-12-28 04:00:00,1539.0
MAC000034,Std,2013-12-28 04:30:00,2046.9999
MAC000034,Std,2013-12-28 05:00:00,1370.0
MAC000034,Std,2013-12-28 05:30:00,1630.0
MAC000034,Std,2013-12-28 06:00:00,1367.0
MAC000034,Std,2013-12-28 06:30:00,1195.0001
MAC000034,Std,2013-12-28 07:00:00,52.0
MAC000034,Std,2013-12-28 07:30:00,49.0
MAC000034,Std,2013-12-28 08:00:00,46.0
MAC000034,Std,2013-12-28 08:30:00,80.0
MAC000034,Std,2013-12-28 09:00:00,42.0
MAC000034,Std,2013-12-28 09:30:00,46.0
MAC000034,Std,2013-12-28 10:00:00,45.0
MAC000034,Std,2013-12-28 10:30:00,91.0
MAC000034,Std,2013-12-28 11:00:00,48.0
MAC000034,Std,2013-12-28 11:30:00,106.0
MAC000034,Std,2013-12-28 12:00:00,107.0
MAC000034,Std,2013-12-28 12:30:00,149.0
MAC000034,Std,2013-12-28 13:00:00,105.0
MAC000034,Std,2013-12-28 13:30:00,104.0
MAC000034,Std,2013-12-28 14:00:00,103.0
MAC000034,Std,2013-12-28 14:30:00,169.0
MAC000034,Std,2013-12-28 15:00:00,153.0
MAC000034,Std,2013-12-28 15:30:00,134.0
MAC000034,Std,2013-12-28 16:00:00,237.0
MAC000034,Std,2013-12-28 16:30:00,161.0
MAC000034,Std,2013-12-28 17:00:00,106.0
MAC000034,Std,2013-12-28 17:30:00,98.0
MAC000034,Std,2013-12-28 18:00:00,183.0
MAC000034,Std,2013-12-28 18:30:00,147.0
MAC000034,Std,2013-12-28 19:00:00,141.0
MAC000034,Std,2013-12-28 19:30:00,133.0
MAC000034,Std,2013-12-28 20:00:00,132.0
MAC000034,Std,2013-12-28 20:30:00,141.0
MAC000034,Std,2013-12-28 21:00:00,151.0
MAC000034,Std,2013-12-28 21:30:00,140.0
MAC000034,Std,2013-12-28 22:00:00,213.0
MAC000034,Std,2013-12-28 22:30:00,159.0
MAC000034,Std,2013-12-28 23:00:00,120.0
MAC000034,Std,2013-12-28 23:30:00,173.0
MAC000034,Std,2013-12-29 00:00:00,4616.0002
MAC000034,Std,2013-12-29 00:30:00,4156.0001
MAC000034,Std,2013-12-29 01:00:00,3714.0
MAC000034,Std,2013-12-29 01:30:00,3944.9999
MAC000034,Std,2013-12-29 02:00:00,3382.9999000000003
MAC000034,Std,2013-12-29 02:30:00,3460.0
MAC000034,Std,2013-12-29 03:00:00,2694.9999
MAC000034,Std,2013-12-29 03:30:00,1832.0
MAC000034,Std,2013-12-29 04:00:00,1330.0
MAC000034,Std,2013-12-29 04:30:00,1437.0
MAC000034,Std,2013-12-29 05:00:00,1865.0
MAC000034,Std,2013-12-29 05:30:00,1426.0
MAC000034,Std,2013-12-29 06:00:00,1462.0
MAC000034,Std,2013-12-29 06:30:00,1348.0
MAC000034,Std,2013-12-29 07:00:00,51.0
MAC000034,Std,2013-12-29 07:30:00,98.0
MAC000034,Std,2013-12-29 08:00:00,48.0
MAC000034,Std,2013-12-29 08:30:00,40.0
MAC000034,Std,2013-12-29 09:00:00,37.0
MAC000034,Std,2013-12-29 09:30:00,94.0
MAC000034,Std,2013-12-29 10:00:00,85.0
MAC000034,Std,2013-12-29 10:30:00,114.0
MAC000034,Std,2013-12-29 11:00:00,94.0
MAC000034,Std,2013-12-29 11:30:00,265.0
MAC000034,Std,2013-12-29 12:00:00,107.0
MAC000034,Std,2013-12-29 12:30:00,409.0
MAC000034,Std,2013-12-29 13:00:00,42.0
MAC000034,Std,2013-12-29 13:30:00,81.0
MAC000034,Std,2013-12-29 14:00:00,51.0
MAC000034,Std,2013-12-29 14:30:00,47.0
MAC000034,Std,2013-12-29 15:00:00,50.0
MAC000034,Std,2013-12-29 15:30:00,142.0
MAC000034,Std,2013-12-29 16:00:00,149.0
MAC000034,Std,2013-12-29 16:30:00,138.0
MAC000034,Std,2013-12-29 17:00:00,135.0
MAC000034,Std,2013-12-29 17:30:00,149.0
MAC000034,Std,2013-12-29 18:00:00,153.0
MAC000034,Std,2013-12-29 18:30:00,89.0
MAC000034,Std,2013-12-29 19:00:00,230.0
MAC000034,Std,2013-12-29 19:30:00,150.0
MAC000034,Std,2013-12-29 20:00:00,172.0
MAC000034,Std,2013-12-29 20:30:00,172.0
MAC000034,Std,2013-12-29 21:00:00,146.0
MAC000034,Std,2013-12-29 21:30:00,199.0
MAC000034,Std,2013-12-29 22:00:00,226.0
MAC000034,Std,2013-12-29 22:30:00,176.0
MAC000034,Std,2013-12-29 23:00:00,653.0
MAC000034,Std,2013-12-29 23:30:00,824.0
MAC000034,Std,2013-12-30 00:00:00,5089.0002
MAC000034,Std,2013-12-30 00:30:00,4275.000099999999
MAC000034,Std,2013-12-30 01:00:00,4269.0001
MAC000034,Std,2013-12-30 01:30:00,3806.9999
MAC000034,Std,2013-12-30 02:00:00,3630.0001
MAC000034,Std,2013-12-30 02:30:00,3687.0
MAC000034,Std,2013-12-30 03:00:00,2734.9999000000003
MAC000034,Std,2013-12-30 03:30:00,1444.0
MAC000034,Std,2013-12-30 04:00:00,1650.0
MAC000034,Std,2013-12-30 04:30:00,1941.0
MAC000034,Std,2013-12-30 05:00:00,1420.0
MAC000034,Std,2013-12-30 05:30:00,1497.0
MAC000034,Std,2013-12-30 06:00:00,1293.0
MAC000034,Std,2013-12-30 06:30:00,1113.0
MAC000034,Std,2013-12-30 07:00:00,68.0
MAC000034,Std,2013-12-30 07:30:00,63.0
MAC000034,Std,2013-12-30 08:00:00,53.0
MAC000034,Std,2013-12-30 08:30:00,49.0
MAC000034,Std,2013-12-30 09:00:00,59.0
MAC000034,Std,2013-12-30 09:30:00,71.0
MAC000034,Std,2013-12-30 10:00:00,52.0
MAC000034,Std,2013-12-30 10:30:00,56.0
MAC000034,Std,2013-12-30 11:00:00,118.0
MAC000034,Std,2013-12-30 11:30:00,245.0
MAC000034,Std,2013-12-30 12:00:00,112.0
MAC000034,Std,2013-12-30 12:30:00,97.0
MAC000034,Std,2013-12-30 13:00:00,81.0
MAC000034,Std,2013-12-30 13:30:00,424.0
MAC000034,Std,2013-12-30 14:00:00,272.0
MAC000034,Std,2013-12-30 14:30:00,95.0
MAC000034,Std,2013-12-30 15:00:00,136.0
MAC000034,Std,2013-12-30 15:30:00,138.0
MAC000034,Std,2013-12-30 16:00:00,127.0
MAC000034,Std,2013-12-30 16:30:00,82.0
MAC000034,Std,2013-12-30 17:00:00,77.0
MAC000034,Std,2013-12-30 17:30:00,143.0
MAC000034,Std,2013-12-30 18:00:00,216.0
MAC000034,Std,2013-12-30 18:30:00,118.0
MAC000034,Std,2013-12-30 19:00:00,117.0
MAC000034,Std,2013-12-30 19:30:00,174.0
MAC000034,Std,2013-12-30 20:00:00,137.0
MAC000034,Std,2013-12-30 20:30:00,135.0
MAC000034,Std,2013-12-30 21:00:00,141.0
MAC000034,Std,2013-12-30 21:30:00,170.0
MAC000034,Std,2013-12-30 22:00:00,158.0
MAC000034,Std,2013-12-30 22:30:00,157.0
MAC000034,Std,2013-12-30 23:00:00,168.0
MAC000034,Std,2013-12-30 23:30:00,319.0
MAC000034,Std,2013-12-31 00:00:00,6337.9998000000005
MAC000034,Std,2013-12-31 00:30:00,5428.9999
MAC000034,Std,2013-12-31 01:00:00,4988.9998000000005
MAC000034,Std,2013-12-31 01:30:00,4932.0002
MAC000034,Std,2013-12-31 02:00:00,4918.0002
MAC000034,Std,2013-12-31 02:30:00,4803.0
MAC000034,Std,2013-12-31 03:00:00,3849.9999
MAC000034,Std,2013-12-31 03:30:00,3045.0001
MAC000034,Std,2013-12-31 04:00:00,2772.0001
MAC000034,Std,2013-12-31 04:30:00,2701.9999000000003
MAC000034,Std,2013-12-31 05:00:00,1927.0
MAC000034,Std,2013-12-31 05:30:00,1602.0
MAC000034,Std,2013-12-31 06:00:00,1967.0
MAC000034,Std,2013-12-31 06:30:00,1031.9999
MAC000034,Std,2013-12-31 07:00:00,54.0
MAC000034,Std,2013-12-31 07:30:00,73.0
MAC000034,Std,2013-12-31 08:00:00,58.0
MAC000034,Std,2013-12-31 08:30:00,79.0
MAC000034,Std,2013-12-31 09:00:00,50.0
MAC000034,Std,2013-12-31 09:30:00,69.0
MAC000034,Std,2013-12-31 10:00:00,76.0
MAC000034,Std,2013-12-31 10:30:00,111.0
MAC000034,Std,2013-12-31 11:00:00,192.0
MAC000034,Std,2013-12-31 11:30:00,143.0
MAC000034,Std,2013-12-31 12:00:00,168.0
MAC000034,Std,2013-12-31 12:30:00,156.0
MAC000034,Std,2013-12-31 13:00:00,224.0
MAC000034,Std,2013-12-31 13:30:00,373.0
MAC000034,Std,2013-12-31 14:00:00,120.0
MAC000034,Std,2013-12-31 14:30:00,112.0
MAC000034,Std,2013-12-31 15:00:00,146.0
MAC000034,Std,2013-12-31 15:30:00,319.0
MAC000034,Std,2013-12-31 16:00:00,137.0
MAC000034,Std,2013-12-31 16:30:00,134.0
MAC000034,Std,2013-12-31 17:00:00,330.0
MAC000034,Std,2013-12-31 17:30:00,147.0
MAC000034,Std,2013-12-31 18:00:00,357.0
MAC000034,Std,2013-12-31 18:30:00,528.0
MAC000034,Std,2013-12-31 19:00:00,551.0
MAC000034,Std,2013-12-31 19:30:00,575.0
MAC000034,Std,2013-12-31 20:00:00,693.0
MAC000034,Std,2013-12-31 20:30:00,508.0
MAC000034,Std,2013-12-31 21:00:00,524.0
MAC000034,Std,2013-12-31 21:30:00,558.0
MAC000034,Std,2013-12-31 22:00:00,502.0
MAC000034,Std,2013-12-31 22:30:00,653.0
MAC000034,Std,2013-12-31 23:00:00,462.0
MAC000034,Std,2013-12-31 23:30:00,248.0
