ss_id,datetime_GMT,generation_Wh
3116,2013-01-01 00:30:00+00:00,0.0
3116,2013-01-01 01:00:00+00:00,0.0
3116,2013-01-01 01:30:00+00:00,0.0
3116,2013-01-01 02:00:00+00:00,0.0
3116,2013-01-01 02:30:00+00:00,0.0
3116,2013-01-01 03:00:00+00:00,0.0
3116,2013-01-01 03:30:00+00:00,0.0
3116,2013-01-01 04:00:00+00:00,0.0
3116,2013-01-01 04:30:00+00:00,0.0
3116,2013-01-01 05:00:00+00:00,0.0
3116,2013-01-01 05:30:00+00:00,0.0
3116,2013-01-01 06:00:00+00:00,0.0
3116,2013-01-01 06:30:00+00:00,0.0
3116,2013-01-01 07:00:00+00:00,0.0
3116,2013-01-01 07:30:00+00:00,0.0
3116,2013-01-01 08:00:00+00:00,0.01
3116,2013-01-01 08:30:00+00:00,30.97
3116,2013-01-01 09:00:00+00:00,265.1
3116,2013-01-01 09:30:00+00:00,497.15
3116,2013-01-01 10:00:00+00:00,661.35
3116,2013-01-01 10:30:00+00:00,790.7
3116,2013-01-01 11:00:00+00:00,884.0
3116,2013-01-01 11:30:00+00:00,933.45
3116,2013-01-01 12:00:00+00:00,956.6
3116,2013-01-01 12:30:00+00:00,942.9
3116,2013-01-01 13:00:00+00:00,899.65
3116,2013-01-01 13:30:00+00:00,710.6
3116,2013-01-01 14:00:00+00:00,658.3
3116,2013-01-01 14:30:00+00:00,486.06
3116,2013-01-01 15:00:00+00:00,86.33
3116,2013-01-01 15:30:00+00:00,69.33
3116,2013-01-01 16:00:00+00:00,6.96
3116,2013-01-01 16:30:00+00:00,0.0
3116,2013-01-01 17:00:00+00:00,0.0
3116,2013-01-01 17:30:00+00:00,0.0
3116,2013-01-01 18:00:00+00:00,0.0
3116,2013-01-01 18:30:00+00:00,0.0
3116,2013-01-01 19:00:00+00:00,0.0
3116,2013-01-01 19:30:00+00:00,0.0
3116,2013-01-01 20:00:00+00:00,0.0
3116,2013-01-01 20:30:00+00:00,0.0
3116,2013-01-01 21:00:00+00:00,0.0
3116,2013-01-01 21:30:00+00:00,0.0
3116,2013-01-01 22:00:00+00:00,0.0
3116,2013-01-01 22:30:00+00:00,0.0
3116,2013-01-01 23:00:00+00:00,0.0
3116,2013-01-01 23:30:00+00:00,0.0
3116,2013-01-02 00:00:00+00:00,0.0
3116,2013-01-02 00:30:00+00:00,0.0
3116,2013-01-02 01:00:00+00:00,0.0
3116,2013-01-02 01:30:00+00:00,0.0
3116,2013-01-02 02:00:00+00:00,0.0
3116,2013-01-02 02:30:00+00:00,0.0
3116,2013-01-02 03:00:00+00:00,0.0
3116,2013-01-02 03:30:00+00:00,0.0
3116,2013-01-02 04:00:00+00:00,0.0
3116,2013-01-02 04:30:00+00:00,0.0
3116,2013-01-02 05:00:00+00:00,0.0
3116,2013-01-02 05:30:00+00:00,0.0
3116,2013-01-02 06:00:00+00:00,0.0
3116,2013-01-02 06:30:00+00:00,0.0
3116,2013-01-02 07:00:00+00:00,0.0
3116,2013-01-02 07:30:00+00:00,0.0
3116,2013-01-02 08:00:00+00:00,0.02
3116,2013-01-02 08:30:00+00:00,2.16
3116,2013-01-02 09:00:00+00:00,19.11
3116,2013-01-02 09:30:00+00:00,26.01
3116,2013-01-02 10:00:00+00:00,28.06
3116,2013-01-02 10:30:00+00:00,37.66
3116,2013-01-02 11:00:00+00:00,46.73
3116,2013-01-02 11:30:00+00:00,46.11
3116,2013-01-02 12:00:00+00:00,55.66
3116,2013-01-02 12:30:00+00:00,52.72
3116,2013-01-02 13:00:00+00:00,59.65
3116,2013-01-02 13:30:00+00:00,56.99
3116,2013-01-02 14:00:00+00:00,40.18
3116,2013-01-02 14:30:00+00:00,30.12
3116,2013-01-02 15:00:00+00:00,2.81
3116,2013-01-02 15:30:00+00:00,0.02
3116,2013-01-02 16:00:00+00:00,0.0
3116,2013-01-02 16:30:00+00:00,0.0
3116,2013-01-02 17:00:00+00:00,0.0
3116,2013-01-02 17:30:00+00:00,0.0
3116,2013-01-02 18:00:00+00:00,0.0
3116,2013-01-02 18:30:00+00:00,0.0
3116,2013-01-02 19:00:00+00:00,0.0
3116,2013-01-02 19:30:00+00:00,0.0
3116,2013-01-02 20:00:00+00:00,0.0
3116,2013-01-02 20:30:00+00:00,0.0
3116,2013-01-02 21:00:00+00:00,0.0
3116,2013-01-02 21:30:00+00:00,0.0
3116,2013-01-02 22:00:00+00:00,0.0
3116,2013-01-02 22:30:00+00:00,0.0
3116,2013-01-02 23:00:00+00:00,0.0
3116,2013-01-02 23:30:00+00:00,0.0
3116,2013-01-03 00:00:00+00:00,0.0
3116,2013-01-03 00:30:00+00:00,0.0
3116,2013-01-03 01:00:00+00:00,0.0
3116,2013-01-03 01:30:00+00:00,0.0
3116,2013-01-03 02:00:00+00:00,0.0
3116,2013-01-03 02:30:00+00:00,0.0
3116,2013-01-03 03:00:00+00:00,0.0
3116,2013-01-03 03:30:00+00:00,0.0
3116,2013-01-03 04:00:00+00:00,0.0
3116,2013-01-03 04:30:00+00:00,0.0
3116,2013-01-03 05:00:00+00:00,0.0
3116,2013-01-03 05:30:00+00:00,0.0
3116,2013-01-03 06:00:00+00:00,0.0
3116,2013-01-03 06:30:00+00:00,0.0
3116,2013-01-03 07:00:00+00:00,0.0
3116,2013-01-03 07:30:00+00:00,0.0
3116,2013-01-03 08:00:00+00:00,0.01
3116,2013-01-03 08:30:00+00:00,4.91
3116,2013-01-03 09:00:00+00:00,36.16
3116,2013-01-03 09:30:00+00:00,31.62
3116,2013-01-03 10:00:00+00:00,81.82
3116,2013-01-03 10:30:00+00:00,107.58
3116,2013-01-03 11:00:00+00:00,121.26
3116,2013-01-03 11:30:00+00:00,189.65
3116,2013-01-03 12:00:00+00:00,240.39
3116,2013-01-03 12:30:00+00:00,227.69
3116,2013-01-03 13:00:00+00:00,282.57
3116,2013-01-03 13:30:00+00:00,194.84
3116,2013-01-03 14:00:00+00:00,158.89
3116,2013-01-03 14:30:00+00:00,105.97
3116,2013-01-03 15:00:00+00:00,53.41
3116,2013-01-03 15:30:00+00:00,21.7
3116,2013-01-03 16:00:00+00:00,2.61
3116,2013-01-03 16:30:00+00:00,0.0
3116,2013-01-03 17:00:00+00:00,0.0
3116,2013-01-03 17:30:00+00:00,0.0
3116,2013-01-03 18:00:00+00:00,0.0
3116,2013-01-03 18:30:00+00:00,0.0
3116,2013-01-03 19:00:00+00:00,0.0
3116,2013-01-03 19:30:00+00:00,0.0
3116,2013-01-03 20:00:00+00:00,0.0
3116,2013-01-03 20:30:00+00:00,0.0
3116,2013-01-03 21:00:00+00:00,0.0
3116,2013-01-03 21:30:00+00:00,0.0
3116,2013-01-03 22:00:00+00:00,0.0
3116,2013-01-03 22:30:00+00:00,0.0
3116,2013-01-03 23:00:00+00:00,0.0
3116,2013-01-03 23:30:00+00:00,0.0
3116,2013-01-04 00:00:00+00:00,0.0
3116,2013-01-04 00:30:00+00:00,0.0
3116,2013-01-04 01:00:00+00:00,0.0
3116,2013-01-04 01:30:00+00:00,0.0
3116,2013-01-04 02:00:00+00:00,0.0
3116,2013-01-04 02:30:00+00:00,0.0
3116,2013-01-04 03:00:00+00:00,0.0
3116,2013-01-04 03:30:00+00:00,0.0
3116,2013-01-04 04:00:00+00:00,0.0
3116,2013-01-04 04:30:00+00:00,0.0
3116,2013-01-04 05:00:00+00:00,0.0
3116,2013-01-04 05:30:00+00:00,0.0
3116,2013-01-04 06:00:00+00:00,0.0
3116,2013-01-04 06:30:00+00:00,0.0
3116,2013-01-04 07:00:00+00:00,0.0
3116,2013-01-04 07:30:00+00:00,0.0
3116,2013-01-04 08:00:00+00:00,0.0
3116,2013-01-04 08:30:00+00:00,0.02
3116,2013-01-04 09:00:00+00:00,0.02
3116,2013-01-04 09:30:00+00:00,3.49
3116,2013-01-04 10:00:00+00:00,35.16
3116,2013-01-04 10:30:00+00:00,52.23
3116,2013-01-04 11:00:00+00:00,50.0
3116,2013-01-04 11:30:00+00:00,42.84
3116,2013-01-04 12:00:00+00:00,142.93
3116,2013-01-04 12:30:00+00:00,381.63
3116,2013-01-04 13:00:00+00:00,439.85
3116,2013-01-04 13:30:00+00:00,234.99
3116,2013-01-04 14:00:00+00:00,253.43
3116,2013-01-04 14:30:00+00:00,80.43
3116,2013-01-04 15:00:00+00:00,51.16
3116,2013-01-04 15:30:00+00:00,29.06
3116,2013-01-04 16:00:00+00:00,0.68
3116,2013-01-04 16:30:00+00:00,0.0
3116,2013-01-04 17:00:00+00:00,0.0
3116,2013-01-04 17:30:00+00:00,0.0
3116,2013-01-04 18:00:00+00:00,0.0
3116,2013-01-04 18:30:00+00:00,0.0
3116,2013-01-04 19:00:00+00:00,0.0
3116,2013-01-04 19:30:00+00:00,0.0
3116,2013-01-04 20:00:00+00:00,0.0
3116,2013-01-04 20:30:00+00:00,0.0
3116,2013-01-04 21:00:00+00:00,0.0
3116,2013-01-04 21:30:00+00:00,0.0
3116,2013-01-04 22:00:00+00:00,0.0
3116,2013-01-04 22:30:00+00:00,0.0
3116,2013-01-04 23:00:00+00:00,0.0
3116,2013-01-04 23:30:00+00:00,0.0
3116,2013-01-05 00:00:00+00:00,0.0
3116,2013-01-05 00:30:00+00:00,0.0
3116,2013-01-05 01:00:00+00:00,0.0
3116,2013-01-05 01:30:00+00:00,0.0
3116,2013-01-05 02:00:00+00:00,0.0
3116,2013-01-05 02:30:00+00:00,0.0
3116,2013-01-05 03:00:00+00:00,0.0
3116,2013-01-05 03:30:00+00:00,0.0
3116,2013-01-05 04:00:00+00:00,0.0
3116,2013-01-05 04:30:00+00:00,0.0
3116,2013-01-05 05:00:00+00:00,0.0
3116,2013-01-05 05:30:00+00:00,0.0
3116,2013-01-05 06:00:00+00:00,0.0
3116,2013-01-05 06:30:00+00:00,0.0
3116,2013-01-05 07:00:00+00:00,0.0
3116,2013-01-05 07:30:00+00:00,0.0
3116,2013-01-05 08:00:00+00:00,0.0
3116,2013-01-05 08:30:00+00:00,0.01
3116,2013-01-05 09:00:00+00:00,0.03
3116,2013-01-05 09:30:00+00:00,3.02
3116,2013-01-05 10:00:00+00:00,24.07
3116,2013-01-05 10:30:00+00:00,29.64
3116,2013-01-05 11:00:00+00:00,39.32
3116,2013-01-05 11:30:00+00:00,49.15
3116,2013-01-05 12:00:00+00:00,71.36
3116,2013-01-05 12:30:00+00:00,65.67
3116,2013-01-05 13:00:00+00:00,100.97
3116,2013-01-05 13:30:00+00:00,153.78
3116,2013-01-05 14:00:00+00:00,115.54
3116,2013-01-05 14:30:00+00:00,122.42
3116,2013-01-05 15:00:00+00:00,58.68
3116,2013-01-05 15:30:00+00:00,37.18
3116,2013-01-05 16:00:00+00:00,2.13
3116,2013-01-05 16:30:00+00:00,0.0
3116,2013-01-05 17:00:00+00:00,0.0
3116,2013-01-05 17:30:00+00:00,0.0
3116,2013-01-05 18:00:00+00:00,0.0
3116,2013-01-05 18:30:00+00:00,0.0
3116,2013-01-05 19:00:00+00:00,0.0
3116,2013-01-05 19:30:00+00:00,0.0
3116,2013-01-05 20:00:00+00:00,0.0
3116,2013-01-05 20:30:00+00:00,0.0
3116,2013-01-05 21:00:00+00:00,0.0
3116,2013-01-05 21:30:00+00:00,0.0
3116,2013-01-05 22:00:00+00:00,0.0
3116,2013-01-05 22:30:00+00:00,0.0
3116,2013-01-05 23:00:00+00:00,0.0
3116,2013-01-05 23:30:00+00:00,0.0
3116,2013-01-06 00:00:00+00:00,0.0
3116,2013-01-06 00:30:00+00:00,0.0
3116,2013-01-06 01:00:00+00:00,0.0
3116,2013-01-06 01:30:00+00:00,0.0
3116,2013-01-06 02:00:00+00:00,0.0
3116,2013-01-06 02:30:00+00:00,0.0
3116,2013-01-06 03:00:00+00:00,0.0
3116,2013-01-06 03:30:00+00:00,0.0
3116,2013-01-06 04:00:00+00:00,0.0
3116,2013-01-06 04:30:00+00:00,0.0
3116,2013-01-06 05:00:00+00:00,0.0
3116,2013-01-06 05:30:00+00:00,0.0
3116,2013-01-06 06:00:00+00:00,0.0
3116,2013-01-06 06:30:00+00:00,0.0
3116,2013-01-06 07:00:00+00:00,0.0
3116,2013-01-06 07:30:00+00:00,0.0
3116,2013-01-06 08:00:00+00:00,0.0
3116,2013-01-06 08:30:00+00:00,0.01
3116,2013-01-06 09:00:00+00:00,8.03
3116,2013-01-06 09:30:00+00:00,38.47
3116,2013-01-06 10:00:00+00:00,42.74
3116,2013-01-06 10:30:00+00:00,37.17
3116,2013-01-06 11:00:00+00:00,61.77
3116,2013-01-06 11:30:00+00:00,70.91
3116,2013-01-06 12:00:00+00:00,85.68
3116,2013-01-06 12:30:00+00:00,83.12
3116,2013-01-06 13:00:00+00:00,55.93
3116,2013-01-06 13:30:00+00:00,58.72
3116,2013-01-06 14:00:00+00:00,34.04
3116,2013-01-06 14:30:00+00:00,37.99
3116,2013-01-06 15:00:00+00:00,63.03
3116,2013-01-06 15:30:00+00:00,8.6
3116,2013-01-06 16:00:00+00:00,0.0
3116,2013-01-06 16:30:00+00:00,0.0
3116,2013-01-06 17:00:00+00:00,0.0
3116,2013-01-06 17:30:00+00:00,0.0
3116,2013-01-06 18:00:00+00:00,0.0
3116,2013-01-06 18:30:00+00:00,0.0
3116,2013-01-06 19:00:00+00:00,0.0
3116,2013-01-06 19:30:00+00:00,0.0
3116,2013-01-06 20:00:00+00:00,0.0
3116,2013-01-06 20:30:00+00:00,0.0
3116,2013-01-06 21:00:00+00:00,0.0
3116,2013-01-06 21:30:00+00:00,0.0
3116,2013-01-06 22:00:00+00:00,0.0
3116,2013-01-06 22:30:00+00:00,0.0
3116,2013-01-06 23:00:00+00:00,0.0
3116,2013-01-06 23:30:00+00:00,0.0
3116,2013-01-07 00:00:00+00:00,0.0
3116,2013-01-07 00:30:00+00:00,0.0
3116,2013-01-07 01:00:00+00:00,0.0
3116,2013-01-07 01:30:00+00:00,0.0
3116,2013-01-07 02:00:00+00:00,0.0
3116,2013-01-07 02:30:00+00:00,0.0
3116,2013-01-07 03:00:00+00:00,0.0
3116,2013-01-07 03:30:00+00:00,0.0
3116,2013-01-07 04:00:00+00:00,0.0
3116,2013-01-07 04:30:00+00:00,0.0
3116,2013-01-07 05:00:00+00:00,0.0
3116,2013-01-07 05:30:00+00:00,0.0
3116,2013-01-07 06:00:00+00:00,0.0
3116,2013-01-07 06:30:00+00:00,0.0
3116,2013-01-07 07:00:00+00:00,0.0
3116,2013-01-07 07:30:00+00:00,0.0
3116,2013-01-07 08:00:00+00:00,0.0
3116,2013-01-07 08:30:00+00:00,0.0
3116,2013-01-07 09:00:00+00:00,0.04
3116,2013-01-07 09:30:00+00:00,11.55
3116,2013-01-07 10:00:00+00:00,24.96
3116,2013-01-07 10:30:00+00:00,37.18
3116,2013-01-07 11:00:00+00:00,37.51
3116,2013-01-07 11:30:00+00:00,27.65
3116,2013-01-07 12:00:00+00:00,27.95
3116,2013-01-07 12:30:00+00:00,61.56
3116,2013-01-07 13:00:00+00:00,102.96
3116,2013-01-07 13:30:00+00:00,69.82
3116,2013-01-07 14:00:00+00:00,74.41
3116,2013-01-07 14:30:00+00:00,49.12
3116,2013-01-07 15:00:00+00:00,16.84
3116,2013-01-07 15:30:00+00:00,3.87
3116,2013-01-07 16:00:00+00:00,0.07
3116,2013-01-07 16:30:00+00:00,0.0
3116,2013-01-07 17:00:00+00:00,0.0
3116,2013-01-07 17:30:00+00:00,0.0
3116,2013-01-07 18:00:00+00:00,0.0
3116,2013-01-07 18:30:00+00:00,0.0
3116,2013-01-07 19:00:00+00:00,0.0
3116,2013-01-07 19:30:00+00:00,0.0
3116,2013-01-07 20:00:00+00:00,0.0
3116,2013-01-07 20:30:00+00:00,0.0
3116,2013-01-07 21:00:00+00:00,0.0
3116,2013-01-07 21:30:00+00:00,0.0
3116,2013-01-07 22:00:00+00:00,0.0
3116,2013-01-07 22:30:00+00:00,0.0
3116,2013-01-07 23:00:00+00:00,0.0
3116,2013-01-07 23:30:00+00:00,0.0
3116,2013-01-08 00:00:00+00:00,0.0
3116,2013-01-08 00:30:00+00:00,0.0
3116,2013-01-08 01:00:00+00:00,0.0
3116,2013-01-08 01:30:00+00:00,0.0
3116,2013-01-08 02:00:00+00:00,0.0
3116,2013-01-08 02:30:00+00:00,0.0
3116,2013-01-08 03:00:00+00:00,0.0
3116,2013-01-08 03:30:00+00:00,0.0
3116,2013-01-08 04:00:00+00:00,0.0
3116,2013-01-08 04:30:00+00:00,0.0
3116,2013-01-08 05:00:00+00:00,0.0
3116,2013-01-08 05:30:00+00:00,0.0
3116,2013-01-08 06:00:00+00:00,0.0
3116,2013-01-08 06:30:00+00:00,0.0
3116,2013-01-08 07:00:00+00:00,0.0
3116,2013-01-08 07:30:00+00:00,0.0
3116,2013-01-08 08:00:00+00:00,0.0
3116,2013-01-08 08:30:00+00:00,15.36
3116,2013-01-08 09:00:00+00:00,140.13
3116,2013-01-08 09:30:00+00:00,255.86
3116,2013-01-08 10:00:00+00:00,444.01
3116,2013-01-08 10:30:00+00:00,165.15
3116,2013-01-08 11:00:00+00:00,283.44
3116,2013-01-08 11:30:00+00:00,169.44
3116,2013-01-08 12:00:00+00:00,310.41
3116,2013-01-08 12:30:00+00:00,511.5
3116,2013-01-08 13:00:00+00:00,493.0
3116,2013-01-08 13:30:00+00:00,613.4
3116,2013-01-08 14:00:00+00:00,290.66
3116,2013-01-08 14:30:00+00:00,110.87
3116,2013-01-08 15:00:00+00:00,45.88
3116,2013-01-08 15:30:00+00:00,23.87
3116,2013-01-08 16:00:00+00:00,3.67
3116,2013-01-08 16:30:00+00:00,0.0
3116,2013-01-08 17:00:00+00:00,0.0
3116,2013-01-08 17:30:00+00:00,0.0
3116,2013-01-08 18:00:00+00:00,0.0
3116,2013-01-08 18:30:00+00:00,0.0
3116,2013-01-08 19:00:00+00:00,0.0
3116,2013-01-08 19:30:00+00:00,0.0
3116,2013-01-08 20:00:00+00:00,0.0
3116,2013-01-08 20:30:00+00:00,0.0
3116,2013-01-08 21:00:00+00:00,0.0
3116,2013-01-08 21:30:00+00:00,0.0
3116,2013-01-08 22:00:00+00:00,0.0
3116,2013-01-08 22:30:00+00:00,0.0
3116,2013-01-08 23:00:00+00:00,0.0
3116,2013-01-08 23:30:00+00:00,0.0
3116,2013-01-09 00:00:00+00:00,0.0
3116,2013-01-09 00:30:00+00:00,0.0
3116,2013-01-09 01:00:00+00:00,0.0
3116,2013-01-09 01:30:00+00:00,0.0
3116,2013-01-09 02:00:00+00:00,0.0
3116,2013-01-09 02:30:00+00:00,0.0
3116,2013-01-09 03:00:00+00:00,0.0
3116,2013-01-09 03:30:00+00:00,0.0
3116,2013-01-09 04:00:00+00:00,0.0
3116,2013-01-09 04:30:00+00:00,0.0
3116,2013-01-09 05:00:00+00:00,0.0
3116,2013-01-09 05:30:00+00:00,0.0
3116,2013-01-09 06:00:00+00:00,0.0
3116,2013-01-09 06:30:00+00:00,0.0
3116,2013-01-09 07:00:00+00:00,0.0
3116,2013-01-09 07:30:00+00:00,0.0
3116,2013-01-09 08:00:00+00:00,0.0
3116,2013-01-09 08:30:00+00:00,0.0
3116,2013-01-09 09:00:00+00:00,0.01
3116,2013-01-09 09:30:00+00:00,0.3
3116,2013-01-09 10:00:00+00:00,21.1
3116,2013-01-09 10:30:00+00:00,55.72
3116,2013-01-09 11:00:00+00:00,70.29
3116,2013-01-09 11:30:00+00:00,70.64
3116,2013-01-09 12:00:00+00:00,99.56
3116,2013-01-09 12:30:00+00:00,266.19
3116,2013-01-09 13:00:00+00:00,726.3
3116,2013-01-09 13:30:00+00:00,704.25
3116,2013-01-09 14:00:00+00:00,594.4
3116,2013-01-09 14:30:00+00:00,600.4
3116,2013-01-09 15:00:00+00:00,450.45
3116,2013-01-09 15:30:00+00:00,194.02
3116,2013-01-09 16:00:00+00:00,58.66
3116,2013-01-09 16:30:00+00:00,0.0
3116,2013-01-09 17:00:00+00:00,0.0
3116,2013-01-09 17:30:00+00:00,0.0
3116,2013-01-09 18:00:00+00:00,0.0
3116,2013-01-09 18:30:00+00:00,0.0
3116,2013-01-09 19:00:00+00:00,0.0
3116,2013-01-09 19:30:00+00:00,0.0
3116,2013-01-09 20:00:00+00:00,0.0
3116,2013-01-09 20:30:00+00:00,0.0
3116,2013-01-09 21:00:00+00:00,0.0
3116,2013-01-09 21:30:00+00:00,0.0
3116,2013-01-09 22:00:00+00:00,0.0
3116,2013-01-09 22:30:00+00:00,0.0
3116,2013-01-09 23:00:00+00:00,0.0
3116,2013-01-09 23:30:00+00:00,0.0
3116,2013-01-10 00:00:00+00:00,0.0
3116,2013-01-10 00:30:00+00:00,0.0
3116,2013-01-10 01:00:00+00:00,0.0
3116,2013-01-10 01:30:00+00:00,0.0
3116,2013-01-10 02:00:00+00:00,0.0
3116,2013-01-10 02:30:00+00:00,0.0
3116,2013-01-10 03:00:00+00:00,0.0
3116,2013-01-10 03:30:00+00:00,0.0
3116,2013-01-10 04:00:00+00:00,0.0
3116,2013-01-10 04:30:00+00:00,0.0
3116,2013-01-10 05:00:00+00:00,0.0
3116,2013-01-10 05:30:00+00:00,0.0
3116,2013-01-10 06:00:00+00:00,0.0
3116,2013-01-10 06:30:00+00:00,0.0
3116,2013-01-10 07:00:00+00:00,0.0
3116,2013-01-10 07:30:00+00:00,0.0
3116,2013-01-10 08:00:00+00:00,0.0
3116,2013-01-10 08:30:00+00:00,0.21
3116,2013-01-10 09:00:00+00:00,22.91
3116,2013-01-10 09:30:00+00:00,57.54
3116,2013-01-10 10:00:00+00:00,78.92
3116,2013-01-10 10:30:00+00:00,80.83
3116,2013-01-10 11:00:00+00:00,85.47
3116,2013-01-10 11:30:00+00:00,79.41
3116,2013-01-10 12:00:00+00:00,110.8
3116,2013-01-10 12:30:00+00:00,89.61
3116,2013-01-10 13:00:00+00:00,80.23
3116,2013-01-10 13:30:00+00:00,63.51
3116,2013-01-10 14:00:00+00:00,55.82
3116,2013-01-10 14:30:00+00:00,43.48
3116,2013-01-10 15:00:00+00:00,15.1
3116,2013-01-10 15:30:00+00:00,0.0
3116,2013-01-10 16:00:00+00:00,0.0
3116,2013-01-10 16:30:00+00:00,0.0
3116,2013-01-10 17:00:00+00:00,0.0
3116,2013-01-10 17:30:00+00:00,0.0
3116,2013-01-10 18:00:00+00:00,0.0
3116,2013-01-10 18:30:00+00:00,0.0
3116,2013-01-10 19:00:00+00:00,0.0
3116,2013-01-10 19:30:00+00:00,0.0
3116,2013-01-10 20:00:00+00:00,0.0
3116,2013-01-10 20:30:00+00:00,0.0
3116,2013-01-10 21:00:00+00:00,0.0
3116,2013-01-10 21:30:00+00:00,0.0
3116,2013-01-10 22:00:00+00:00,0.0
3116,2013-01-10 22:30:00+00:00,0.0
3116,2013-01-10 23:00:00+00:00,0.0
3116,2013-01-10 23:30:00+00:00,0.0
3116,2013-01-11 00:00:00+00:00,0.0
3116,2013-01-11 00:30:00+00:00,0.0
3116,2013-01-11 01:00:00+00:00,0.0
3116,2013-01-11 01:30:00+00:00,0.0
3116,2013-01-11 02:00:00+00:00,0.0
3116,2013-01-11 02:30:00+00:00,0.0
3116,2013-01-11 03:00:00+00:00,0.0
3116,2013-01-11 03:30:00+00:00,0.0
3116,2013-01-11 04:00:00+00:00,0.0
3116,2013-01-11 04:30:00+00:00,0.0
3116,2013-01-11 05:00:00+00:00,0.0
3116,2013-01-11 05:30:00+00:00,0.0
3116,2013-01-11 06:00:00+00:00,0.0
3116,2013-01-11 06:30:00+00:00,0.0
3116,2013-01-11 07:00:00+00:00,0.0
3116,2013-01-11 07:30:00+00:00,0.0
3116,2013-01-11 08:00:00+00:00,0.0
3116,2013-01-11 08:30:00+00:00,0.02
3116,2013-01-11 09:00:00+00:00,8.39
3116,2013-01-11 09:30:00+00:00,32.05
3116,2013-01-11 10:00:00+00:00,34.77
3116,2013-01-11 10:30:00+00:00,56.49
3116,2013-01-11 11:00:00+00:00,148.68
3116,2013-01-11 11:30:00+00:00,130.48
3116,2013-01-11 12:00:00+00:00,113.43
3116,2013-01-11 12:30:00+00:00,312.37
3116,2013-01-11 13:00:00+00:00,470.27
3116,2013-01-11 13:30:00+00:00,423.78
3116,2013-01-11 14:00:00+00:00,433.6
3116,2013-01-11 14:30:00+00:00,584.5
3116,2013-01-11 15:00:00+00:00,41.73
3116,2013-01-11 15:30:00+00:00,63.74
3116,2013-01-11 16:00:00+00:00,1.15
3116,2013-01-11 16:30:00+00:00,0.0
3116,2013-01-11 17:00:00+00:00,0.0
3116,2013-01-11 17:30:00+00:00,0.0
3116,2013-01-11 18:00:00+00:00,0.0
3116,2013-01-11 18:30:00+00:00,0.0
3116,2013-01-11 19:00:00+00:00,0.0
3116,2013-01-11 19:30:00+00:00,0.0
3116,2013-01-11 20:00:00+00:00,0.0
3116,2013-01-11 20:30:00+00:00,0.0
3116,2013-01-11 21:00:00+00:00,0.0
3116,2013-01-11 21:30:00+00:00,0.0
3116,2013-01-11 22:00:00+00:00,0.0
3116,2013-01-11 22:30:00+00:00,0.0
3116,2013-01-11 23:00:00+00:00,0.0
3116,2013-01-11 23:30:00+00:00,0.0
3116,2013-01-12 00:00:00+00:00,0.0
3116,2013-01-12 00:30:00+00:00,0.0
3116,2013-01-12 01:00:00+00:00,0.0
3116,2013-01-12 01:30:00+00:00,0.0
3116,2013-01-12 02:00:00+00:00,0.0
3116,2013-01-12 02:30:00+00:00,0.0
3116,2013-01-12 03:00:00+00:00,0.0
3116,2013-01-12 03:30:00+00:00,0.0
3116,2013-01-12 04:00:00+00:00,0.0
3116,2013-01-12 04:30:00+00:00,0.0
3116,2013-01-12 05:00:00+00:00,0.0
3116,2013-01-12 05:30:00+00:00,0.0
3116,2013-01-12 06:00:00+00:00,0.0
3116,2013-01-12 06:30:00+00:00,0.0
3116,2013-01-12 07:00:00+00:00,0.0
3116,2013-01-12 07:30:00+00:00,0.0
3116,2013-01-12 08:00:00+00:00,0.0
3116,2013-01-12 08:30:00+00:00,1.07
3116,2013-01-12 09:00:00+00:00,12.85
3116,2013-01-12 09:30:00+00:00,23.24
3116,2013-01-12 10:00:00+00:00,60.27
3116,2013-01-12 10:30:00+00:00,115.97
3116,2013-01-12 11:00:00+00:00,80.2
3116,2013-01-12 11:30:00+00:00,71.92
3116,2013-01-12 12:00:00+00:00,95.28
3116,2013-01-12 12:30:00+00:00,115.69
3116,2013-01-12 13:00:00+00:00,93.15
3116,2013-01-12 13:30:00+00:00,60.85
3116,2013-01-12 14:00:00+00:00,59.5
3116,2013-01-12 14:30:00+00:00,45.33
3116,2013-01-12 15:00:00+00:00,49.9
3116,2013-01-12 15:30:00+00:00,33.05
3116,2013-01-12 16:00:00+00:00,6.19
3116,2013-01-12 16:30:00+00:00,0.0
3116,2013-01-12 17:00:00+00:00,0.0
3116,2013-01-12 17:30:00+00:00,0.0
3116,2013-01-12 18:00:00+00:00,0.0
3116,2013-01-12 18:30:00+00:00,0.0
3116,2013-01-12 19:00:00+00:00,0.0
3116,2013-01-12 19:30:00+00:00,0.0
3116,2013-01-12 20:00:00+00:00,0.0
3116,2013-01-12 20:30:00+00:00,0.0
3116,2013-01-12 21:00:00+00:00,0.0
3116,2013-01-12 21:30:00+00:00,0.0
3116,2013-01-12 22:00:00+00:00,0.0
3116,2013-01-12 22:30:00+00:00,0.0
3116,2013-01-12 23:00:00+00:00,0.0
3116,2013-01-12 23:30:00+00:00,0.0
3116,2013-01-13 00:00:00+00:00,0.0
3116,2013-01-13 00:30:00+00:00,0.0
3116,2013-01-13 01:00:00+00:00,0.0
3116,2013-01-13 01:30:00+00:00,0.0
3116,2013-01-13 02:00:00+00:00,0.0
3116,2013-01-13 02:30:00+00:00,0.0
3116,2013-01-13 03:00:00+00:00,0.0
3116,2013-01-13 03:30:00+00:00,0.0
3116,2013-01-13 04:00:00+00:00,0.0
3116,2013-01-13 04:30:00+00:00,0.0
3116,2013-01-13 05:00:00+00:00,0.0
3116,2013-01-13 05:30:00+00:00,0.0
3116,2013-01-13 06:00:00+00:00,0.0
3116,2013-01-13 06:30:00+00:00,0.0
3116,2013-01-13 07:00:00+00:00,0.0
3116,2013-01-13 07:30:00+00:00,0.0
3116,2013-01-13 08:00:00+00:00,0.0
3116,2013-01-13 08:30:00+00:00,0.02
3116,2013-01-13 09:00:00+00:00,4.38
3116,2013-01-13 09:30:00+00:00,19.04
3116,2013-01-13 10:00:00+00:00,61.38
3116,2013-01-13 10:30:00+00:00,114.67
3116,2013-01-13 11:00:00+00:00,176.62
3116,2013-01-13 11:30:00+00:00,71.26
3116,2013-01-13 12:00:00+00:00,143.19
3116,2013-01-13 12:30:00+00:00,268.37
3116,2013-01-13 13:00:00+00:00,621.35
3116,2013-01-13 13:30:00+00:00,711.7
3116,2013-01-13 14:00:00+00:00,739.0
3116,2013-01-13 14:30:00+00:00,668.5
3116,2013-01-13 15:00:00+00:00,251.96
3116,2013-01-13 15:30:00+00:00,6.49
3116,2013-01-13 16:00:00+00:00,0.0
3116,2013-01-13 16:30:00+00:00,0.0
3116,2013-01-13 17:00:00+00:00,0.0
3116,2013-01-13 17:30:00+00:00,0.0
3116,2013-01-13 18:00:00+00:00,0.0
3116,2013-01-13 18:30:00+00:00,0.0
3116,2013-01-13 19:00:00+00:00,0.0
3116,2013-01-13 19:30:00+00:00,0.0
3116,2013-01-13 20:00:00+00:00,0.0
3116,2013-01-13 20:30:00+00:00,0.0
3116,2013-01-13 21:00:00+00:00,0.0
3116,2013-01-13 21:30:00+00:00,0.0
3116,2013-01-13 22:00:00+00:00,0.0
3116,2013-01-13 22:30:00+00:00,0.0
3116,2013-01-13 23:00:00+00:00,0.0
3116,2013-01-13 23:30:00+00:00,0.0
3116,2013-01-14 00:00:00+00:00,0.0
3116,2013-01-14 00:30:00+00:00,0.0
3116,2013-01-14 01:00:00+00:00,0.0
3116,2013-01-14 01:30:00+00:00,0.0
3116,2013-01-14 02:00:00+00:00,0.0
3116,2013-01-14 02:30:00+00:00,0.0
3116,2013-01-14 03:00:00+00:00,0.0
3116,2013-01-14 03:30:00+00:00,0.0
3116,2013-01-14 04:00:00+00:00,0.0
3116,2013-01-14 04:30:00+00:00,0.0
3116,2013-01-14 05:00:00+00:00,0.0
3116,2013-01-14 05:30:00+00:00,0.0
3116,2013-01-14 06:00:00+00:00,0.0
3116,2013-01-14 06:30:00+00:00,0.0
3116,2013-01-14 07:00:00+00:00,0.0
3116,2013-01-14 07:30:00+00:00,0.0
3116,2013-01-14 08:00:00+00:00,0.0
3116,2013-01-14 08:30:00+00:00,0.02
3116,2013-01-14 09:00:00+00:00,6.89
3116,2013-01-14 09:30:00+00:00,38.54
3116,2013-01-14 10:00:00+00:00,117.58
3116,2013-01-14 10:30:00+00:00,406.43
3116,2013-01-14 11:00:00+00:00,131.98
3116,2013-01-14 11:30:00+00:00,98.39
3116,2013-01-14 12:00:00+00:00,79.78
3116,2013-01-14 12:30:00+00:00,41.92
3116,2013-01-14 13:00:00+00:00,45.72
3116,2013-01-14 13:30:00+00:00,68.92
3116,2013-01-14 14:00:00+00:00,46.8
3116,2013-01-14 14:30:00+00:00,21.46
3116,2013-01-14 15:00:00+00:00,8.23
3116,2013-01-14 15:30:00+00:00,0.0
3116,2013-01-14 16:00:00+00:00,0.0
3116,2013-01-14 16:30:00+00:00,0.0
3116,2013-01-14 17:00:00+00:00,0.0
3116,2013-01-14 17:30:00+00:00,0.0
3116,2013-01-14 18:00:00+00:00,0.0
3116,2013-01-14 18:30:00+00:00,0.0
3116,2013-01-14 19:00:00+00:00,0.0
3116,2013-01-14 19:30:00+00:00,0.0
3116,2013-01-14 20:00:00+00:00,0.0
3116,2013-01-14 20:30:00+00:00,0.0
3116,2013-01-14 21:00:00+00:00,0.0
3116,2013-01-14 21:30:00+00:00,0.0
3116,2013-01-14 22:00:00+00:00,0.0
3116,2013-01-14 22:30:00+00:00,0.0
3116,2013-01-14 23:00:00+00:00,0.0
3116,2013-01-14 23:30:00+00:00,0.0
3116,2013-01-15 00:00:00+00:00,0.0
3116,2013-01-15 00:30:00+00:00,0.0
3116,2013-01-15 01:00:00+00:00,0.0
3116,2013-01-15 01:30:00+00:00,0.0
3116,2013-01-15 02:00:00+00:00,0.0
3116,2013-01-15 02:30:00+00:00,0.0
3116,2013-01-15 03:00:00+00:00,0.0
3116,2013-01-15 03:30:00+00:00,0.0
3116,2013-01-15 04:00:00+00:00,0.0
3116,2013-01-15 04:30:00+00:00,0.0
3116,2013-01-15 05:00:00+00:00,0.0
3116,2013-01-15 05:30:00+00:00,0.0
3116,2013-01-15 06:00:00+00:00,0.0
3116,2013-01-15 06:30:00+00:00,0.0
3116,2013-01-15 07:00:00+00:00,0.0
3116,2013-01-15 07:30:00+00:00,0.0
3116,2013-01-15 08:00:00+00:00,0.02
3116,2013-01-15 08:30:00+00:00,17.24
3116,2013-01-15 09:00:00+00:00,203.95
3116,2013-01-15 09:30:00+00:00,446.94
3116,2013-01-15 10:00:00+00:00,198.35
3116,2013-01-15 10:30:00+00:00,314.32
3116,2013-01-15 11:00:00+00:00,397.56
3116,2013-01-15 11:30:00+00:00,378.1
3116,2013-01-15 12:00:00+00:00,448.12
3116,2013-01-15 12:30:00+00:00,152.72
3116,2013-01-15 13:00:00+00:00,138.3
3116,2013-01-15 13:30:00+00:00,154.21
3116,2013-01-15 14:00:00+00:00,93.33
3116,2013-01-15 14:30:00+00:00,37.49
3116,2013-01-15 15:00:00+00:00,6.32
3116,2013-01-15 15:30:00+00:00,17.87
3116,2013-01-15 16:00:00+00:00,6.92
3116,2013-01-15 16:30:00+00:00,0.0
3116,2013-01-15 17:00:00+00:00,0.0
3116,2013-01-15 17:30:00+00:00,0.0
3116,2013-01-15 18:00:00+00:00,0.0
3116,2013-01-15 18:30:00+00:00,0.0
3116,2013-01-15 19:00:00+00:00,0.0
3116,2013-01-15 19:30:00+00:00,0.0
3116,2013-01-15 20:00:00+00:00,0.0
3116,2013-01-15 20:30:00+00:00,0.0
3116,2013-01-15 21:00:00+00:00,0.0
3116,2013-01-15 21:30:00+00:00,0.0
3116,2013-01-15 22:00:00+00:00,0.0
3116,2013-01-15 22:30:00+00:00,0.0
3116,2013-01-15 23:00:00+00:00,0.0
3116,2013-01-15 23:30:00+00:00,0.0
3116,2013-01-16 00:00:00+00:00,0.0
3116,2013-01-16 00:30:00+00:00,0.0
3116,2013-01-16 01:00:00+00:00,0.0
3116,2013-01-16 01:30:00+00:00,0.0
3116,2013-01-16 02:00:00+00:00,0.0
3116,2013-01-16 02:30:00+00:00,0.0
3116,2013-01-16 03:00:00+00:00,0.0
3116,2013-01-16 03:30:00+00:00,0.0
3116,2013-01-16 04:00:00+00:00,0.0
3116,2013-01-16 04:30:00+00:00,0.0
3116,2013-01-16 05:00:00+00:00,0.0
3116,2013-01-16 05:30:00+00:00,0.0
3116,2013-01-16 06:00:00+00:00,0.0
3116,2013-01-16 06:30:00+00:00,0.0
3116,2013-01-16 07:00:00+00:00,0.0
3116,2013-01-16 07:30:00+00:00,0.0
3116,2013-01-16 08:00:00+00:00,0.03
3116,2013-01-16 08:30:00+00:00,5.43
3116,2013-01-16 09:00:00+00:00,77.69
3116,2013-01-16 09:30:00+00:00,161.17
3116,2013-01-16 10:00:00+00:00,106.86
3116,2013-01-16 10:30:00+00:00,222.53
3116,2013-01-16 11:00:00+00:00,203.49
3116,2013-01-16 11:30:00+00:00,647.0
3116,2013-01-16 12:00:00+00:00,976.3
3116,2013-01-16 12:30:00+00:00,978.9
3116,2013-01-16 13:00:00+00:00,944.65
3116,2013-01-16 13:30:00+00:00,873.0
3116,2013-01-16 14:00:00+00:00,783.05
3116,2013-01-16 14:30:00+00:00,611.05
3116,2013-01-16 15:00:00+00:00,405.51
3116,2013-01-16 15:30:00+00:00,156.72
3116,2013-01-16 16:00:00+00:00,49.43
3116,2013-01-16 16:30:00+00:00,1.17
3116,2013-01-16 17:00:00+00:00,0.0
3116,2013-01-16 17:30:00+00:00,0.0
3116,2013-01-16 18:00:00+00:00,0.0
3116,2013-01-16 18:30:00+00:00,0.0
3116,2013-01-16 19:00:00+00:00,0.0
3116,2013-01-16 19:30:00+00:00,0.0
3116,2013-01-16 20:00:00+00:00,0.0
3116,2013-01-16 20:30:00+00:00,0.0
3116,2013-01-16 21:00:00+00:00,0.0
3116,2013-01-16 21:30:00+00:00,0.0
3116,2013-01-16 22:00:00+00:00,0.0
3116,2013-01-16 22:30:00+00:00,0.0
3116,2013-01-16 23:00:00+00:00,0.0
3116,2013-01-16 23:30:00+00:00,0.0
3116,2013-01-17 00:00:00+00:00,0.0
3116,2013-01-17 00:30:00+00:00,0.0
3116,2013-01-17 01:00:00+00:00,0.0
3116,2013-01-17 01:30:00+00:00,0.0
3116,2013-01-17 02:00:00+00:00,0.0
3116,2013-01-17 02:30:00+00:00,0.0
3116,2013-01-17 03:00:00+00:00,0.0
3116,2013-01-17 03:30:00+00:00,0.0
3116,2013-01-17 04:00:00+00:00,0.0
3116,2013-01-17 04:30:00+00:00,0.0
3116,2013-01-17 05:00:00+00:00,0.0
3116,2013-01-17 05:30:00+00:00,0.0
3116,2013-01-17 06:00:00+00:00,0.0
3116,2013-01-17 06:30:00+00:00,0.0
3116,2013-01-17 07:00:00+00:00,0.0
3116,2013-01-17 07:30:00+00:00,0.0
3116,2013-01-17 08:00:00+00:00,0.02
3116,2013-01-17 08:30:00+00:00,75.93
3116,2013-01-17 09:00:00+00:00,338.89
3116,2013-01-17 09:30:00+00:00,569.55
3116,2013-01-17 10:00:00+00:00,717.3
3116,2013-01-17 10:30:00+00:00,844.65
3116,2013-01-17 11:00:00+00:00,927.0
3116,2013-01-17 11:30:00+00:00,986.6
3116,2013-01-17 12:00:00+00:00,1009.75
3116,2013-01-17 12:30:00+00:00,997.1
3116,2013-01-17 13:00:00+00:00,945.5
3116,2013-01-17 13:30:00+00:00,922.8
3116,2013-01-17 14:00:00+00:00,781.0
3116,2013-01-17 14:30:00+00:00,671.85
3116,2013-01-17 15:00:00+00:00,522.0
3116,2013-01-17 15:30:00+00:00,247.47
3116,2013-01-17 16:00:00+00:00,53.84
3116,2013-01-17 16:30:00+00:00,0.35
3116,2013-01-17 17:00:00+00:00,0.0
3116,2013-01-17 17:30:00+00:00,0.0
3116,2013-01-17 18:00:00+00:00,0.0
3116,2013-01-17 18:30:00+00:00,0.0
3116,2013-01-17 19:00:00+00:00,0.0
3116,2013-01-17 19:30:00+00:00,0.0
3116,2013-01-17 20:00:00+00:00,0.0
3116,2013-01-17 20:30:00+00:00,0.0
3116,2013-01-17 21:00:00+00:00,0.0
3116,2013-01-17 21:30:00+00:00,0.0
3116,2013-01-17 22:00:00+00:00,0.0
3116,2013-01-17 22:30:00+00:00,0.0
3116,2013-01-17 23:00:00+00:00,0.0
3116,2013-01-17 23:30:00+00:00,0.0
3116,2013-01-18 00:00:00+00:00,0.0
3116,2013-01-18 00:30:00+00:00,0.0
3116,2013-01-18 01:00:00+00:00,0.0
3116,2013-01-18 01:30:00+00:00,0.0
3116,2013-01-18 02:00:00+00:00,0.0
3116,2013-01-18 02:30:00+00:00,0.0
3116,2013-01-18 03:00:00+00:00,0.0
3116,2013-01-18 03:30:00+00:00,0.0
3116,2013-01-18 04:00:00+00:00,0.0
3116,2013-01-18 04:30:00+00:00,0.0
3116,2013-01-18 05:00:00+00:00,0.0
3116,2013-01-18 05:30:00+00:00,0.0
3116,2013-01-18 06:00:00+00:00,0.0
3116,2013-01-18 06:30:00+00:00,0.0
3116,2013-01-18 07:00:00+00:00,0.0
3116,2013-01-18 07:30:00+00:00,0.0
3116,2013-01-18 08:00:00+00:00,0.0
3116,2013-01-18 08:30:00+00:00,0.0
3116,2013-01-18 09:00:00+00:00,0.02
3116,2013-01-18 09:30:00+00:00,0.25
3116,2013-01-18 10:00:00+00:00,12.01
3116,2013-01-18 10:30:00+00:00,29.64
3116,2013-01-18 11:00:00+00:00,70.94
3116,2013-01-18 11:30:00+00:00,101.14
3116,2013-01-18 12:00:00+00:00,86.52
3116,2013-01-18 12:30:00+00:00,83.76
3116,2013-01-18 13:00:00+00:00,59.82
3116,2013-01-18 13:30:00+00:00,69.5
3116,2013-01-18 14:00:00+00:00,62.07
3116,2013-01-18 14:30:00+00:00,75.62
3116,2013-01-18 15:00:00+00:00,43.9
3116,2013-01-18 15:30:00+00:00,31.5
3116,2013-01-18 16:00:00+00:00,17.77
3116,2013-01-18 16:30:00+00:00,0.0
3116,2013-01-18 17:00:00+00:00,0.0
3116,2013-01-18 17:30:00+00:00,0.0
3116,2013-01-18 18:00:00+00:00,0.0
3116,2013-01-18 18:30:00+00:00,0.0
3116,2013-01-18 19:00:00+00:00,0.0
3116,2013-01-18 19:30:00+00:00,0.0
3116,2013-01-18 20:00:00+00:00,0.0
3116,2013-01-18 20:30:00+00:00,0.0
3116,2013-01-18 21:00:00+00:00,0.0
3116,2013-01-18 21:30:00+00:00,0.0
3116,2013-01-18 22:00:00+00:00,0.0
3116,2013-01-18 22:30:00+00:00,0.0
3116,2013-01-18 23:00:00+00:00,0.0
3116,2013-01-18 23:30:00+00:00,0.0
3116,2013-01-19 00:00:00+00:00,0.0
3116,2013-01-19 00:30:00+00:00,0.0
3116,2013-01-19 01:00:00+00:00,0.0
3116,2013-01-19 01:30:00+00:00,0.0
3116,2013-01-19 02:00:00+00:00,0.0
3116,2013-01-19 02:30:00+00:00,0.0
3116,2013-01-19 03:00:00+00:00,0.0
3116,2013-01-19 03:30:00+00:00,0.0
3116,2013-01-19 04:00:00+00:00,0.0
3116,2013-01-19 04:30:00+00:00,0.0
3116,2013-01-19 05:00:00+00:00,0.0
3116,2013-01-19 05:30:00+00:00,0.0
3116,2013-01-19 06:00:00+00:00,0.0
3116,2013-01-19 06:30:00+00:00,0.0
3116,2013-01-19 07:00:00+00:00,0.0
3116,2013-01-19 07:30:00+00:00,0.0
3116,2013-01-19 08:00:00+00:00,0.0
3116,2013-01-19 08:30:00+00:00,0.0
3116,2013-01-19 09:00:00+00:00,0.01
3116,2013-01-19 09:30:00+00:00,0.0
3116,2013-01-19 10:00:00+00:00,0.49
3116,2013-01-19 10:30:00+00:00,0.37
3116,2013-01-19 11:00:00+00:00,0.0
3116,2013-01-19 11:30:00+00:00,5.33
3116,2013-01-19 12:00:00+00:00,17.28
3116,2013-01-19 12:30:00+00:00,20.24
3116,2013-01-19 13:00:00+00:00,13.75
3116,2013-01-19 13:30:00+00:00,27.8
3116,2013-01-19 14:00:00+00:00,22.46
3116,2013-01-19 14:30:00+00:00,5.53
3116,2013-01-19 15:00:00+00:00,0.42
3116,2013-01-19 15:30:00+00:00,0.0
3116,2013-01-19 16:00:00+00:00,0.0
3116,2013-01-19 16:30:00+00:00,0.0
3116,2013-01-19 17:00:00+00:00,0.0
3116,2013-01-19 17:30:00+00:00,0.0
3116,2013-01-19 18:00:00+00:00,0.0
3116,2013-01-19 18:30:00+00:00,0.0
3116,2013-01-19 19:00:00+00:00,0.0
3116,2013-01-19 19:30:00+00:00,0.0
3116,2013-01-19 20:00:00+00:00,0.0
3116,2013-01-19 20:30:00+00:00,0.0
3116,2013-01-19 21:00:00+00:00,0.0
3116,2013-01-19 21:30:00+00:00,0.0
3116,2013-01-19 22:00:00+00:00,0.0
3116,2013-01-19 22:30:00+00:00,0.0
3116,2013-01-19 23:00:00+00:00,0.0
3116,2013-01-19 23:30:00+00:00,0.0
3116,2013-01-20 00:00:00+00:00,0.0
3116,2013-01-20 00:30:00+00:00,0.0
3116,2013-01-20 01:00:00+00:00,0.0
3116,2013-01-20 01:30:00+00:00,0.0
3116,2013-01-20 02:00:00+00:00,0.0
3116,2013-01-20 02:30:00+00:00,0.0
3116,2013-01-20 03:00:00+00:00,0.0
3116,2013-01-20 03:30:00+00:00,0.0
3116,2013-01-20 04:00:00+00:00,0.0
3116,2013-01-20 04:30:00+00:00,0.0
3116,2013-01-20 05:00:00+00:00,0.0
3116,2013-01-20 05:30:00+00:00,0.0
3116,2013-01-20 06:00:00+00:00,0.0
3116,2013-01-20 06:30:00+00:00,0.0
3116,2013-01-20 07:00:00+00:00,0.0
3116,2013-01-20 07:30:00+00:00,0.0
3116,2013-01-20 08:00:00+00:00,0.0
3116,2013-01-20 08:30:00+00:00,0.0
3116,2013-01-20 09:00:00+00:00,0.03
3116,2013-01-20 09:30:00+00:00,0.01
3116,2013-01-20 10:00:00+00:00,0.0
3116,2013-01-20 10:30:00+00:00,0.0
3116,2013-01-20 11:00:00+00:00,0.0
3116,2013-01-20 11:30:00+00:00,0.0
3116,2013-01-20 12:00:00+00:00,0.03
3116,2013-01-20 12:30:00+00:00,0.0
3116,2013-01-20 13:00:00+00:00,0.0
3116,2013-01-20 13:30:00+00:00,0.0
3116,2013-01-20 14:00:00+00:00,0.0
3116,2013-01-20 14:30:00+00:00,0.03
3116,2013-01-20 15:00:00+00:00,0.0
3116,2013-01-20 15:30:00+00:00,0.01
3116,2013-01-20 16:00:00+00:00,0.0
3116,2013-01-20 16:30:00+00:00,0.0
3116,2013-01-20 17:00:00+00:00,0.0
3116,2013-01-20 17:30:00+00:00,0.0
3116,2013-01-20 18:00:00+00:00,0.0
3116,2013-01-20 18:30:00+00:00,0.0
3116,2013-01-20 19:00:00+00:00,0.0
3116,2013-01-20 19:30:00+00:00,0.0
3116,2013-01-20 20:00:00+00:00,0.0
3116,2013-01-20 20:30:00+00:00,0.0
3116,2013-01-20 21:00:00+00:00,0.0
3116,2013-01-20 21:30:00+00:00,0.0
3116,2013-01-20 22:00:00+00:00,0.0
3116,2013-01-20 22:30:00+00:00,0.0
3116,2013-01-20 23:00:00+00:00,0.0
3116,2013-01-20 23:30:00+00:00,0.0
3116,2013-01-21 00:00:00+00:00,0.0
3116,2013-01-21 00:30:00+00:00,0.0
3116,2013-01-21 01:00:00+00:00,0.0
3116,2013-01-21 01:30:00+00:00,0.0
3116,2013-01-21 02:00:00+00:00,0.0
3116,2013-01-21 02:30:00+00:00,0.0
3116,2013-01-21 03:00:00+00:00,0.0
3116,2013-01-21 03:30:00+00:00,0.0
3116,2013-01-21 04:00:00+00:00,0.0
3116,2013-01-21 04:30:00+00:00,0.0
3116,2013-01-21 05:00:00+00:00,0.0
3116,2013-01-21 05:30:00+00:00,0.0
3116,2013-01-21 06:00:00+00:00,0.0
3116,2013-01-21 06:30:00+00:00,0.0
3116,2013-01-21 07:00:00+00:00,0.0
3116,2013-01-21 07:30:00+00:00,0.0
3116,2013-01-21 08:00:00+00:00,0.0
3116,2013-01-21 08:30:00+00:00,0.0
3116,2013-01-21 09:00:00+00:00,0.02
3116,2013-01-21 09:30:00+00:00,0.0
3116,2013-01-21 10:00:00+00:00,0.0
3116,2013-01-21 10:30:00+00:00,0.05
3116,2013-01-21 11:00:00+00:00,0.0
3116,2013-01-21 11:30:00+00:00,0.0
3116,2013-01-21 12:00:00+00:00,0.0
3116,2013-01-21 12:30:00+00:00,0.0
3116,2013-01-21 13:00:00+00:00,0.0
3116,2013-01-21 13:30:00+00:00,0.0
3116,2013-01-21 14:00:00+00:00,1.97
3116,2013-01-21 14:30:00+00:00,2.44
3116,2013-01-21 15:00:00+00:00,0.0
3116,2013-01-21 15:30:00+00:00,0.0
3116,2013-01-21 16:00:00+00:00,0.0
3116,2013-01-21 16:30:00+00:00,0.0
3116,2013-01-21 17:00:00+00:00,0.0
3116,2013-01-21 17:30:00+00:00,0.0
3116,2013-01-21 18:00:00+00:00,0.0
3116,2013-01-21 18:30:00+00:00,0.0
3116,2013-01-21 19:00:00+00:00,0.0
3116,2013-01-21 19:30:00+00:00,0.0
3116,2013-01-21 20:00:00+00:00,0.0
3116,2013-01-21 20:30:00+00:00,0.0
3116,2013-01-21 21:00:00+00:00,0.0
3116,2013-01-21 21:30:00+00:00,0.0
3116,2013-01-21 22:00:00+00:00,0.0
3116,2013-01-21 22:30:00+00:00,0.0
3116,2013-01-21 23:00:00+00:00,0.0
3116,2013-01-21 23:30:00+00:00,0.0
3116,2013-01-22 00:00:00+00:00,0.0
3116,2013-01-22 00:30:00+00:00,0.0
3116,2013-01-22 01:00:00+00:00,0.0
3116,2013-01-22 01:30:00+00:00,0.0
3116,2013-01-22 02:00:00+00:00,0.0
3116,2013-01-22 02:30:00+00:00,0.0
3116,2013-01-22 03:00:00+00:00,0.0
3116,2013-01-22 03:30:00+00:00,0.0
3116,2013-01-22 04:00:00+00:00,0.0
3116,2013-01-22 04:30:00+00:00,0.0
3116,2013-01-22 05:00:00+00:00,0.0
3116,2013-01-22 05:30:00+00:00,0.0
3116,2013-01-22 06:00:00+00:00,0.0
3116,2013-01-22 06:30:00+00:00,0.0
3116,2013-01-22 07:00:00+00:00,0.0
3116,2013-01-22 07:30:00+00:00,0.0
3116,2013-01-22 08:00:00+00:00,0.0
3116,2013-01-22 08:30:00+00:00,0.02
3116,2013-01-22 09:00:00+00:00,1.23
3116,2013-01-22 09:30:00+00:00,4.75
3116,2013-01-22 10:00:00+00:00,69.9
3116,2013-01-22 10:30:00+00:00,57.41
3116,2013-01-22 11:00:00+00:00,81.44
3116,2013-01-22 11:30:00+00:00,237.3
3116,2013-01-22 12:00:00+00:00,151.64
3116,2013-01-22 12:30:00+00:00,247.63
3116,2013-01-22 13:00:00+00:00,151.75
3116,2013-01-22 13:30:00+00:00,254.51
3116,2013-01-22 14:00:00+00:00,190.51
3116,2013-01-22 14:30:00+00:00,124.2
3116,2013-01-22 15:00:00+00:00,81.49
3116,2013-01-22 15:30:00+00:00,42.22
3116,2013-01-22 16:00:00+00:00,16.76
3116,2013-01-22 16:30:00+00:00,0.0
3116,2013-01-22 17:00:00+00:00,0.0
3116,2013-01-22 17:30:00+00:00,0.0
3116,2013-01-22 18:00:00+00:00,0.0
3116,2013-01-22 18:30:00+00:00,0.0
3116,2013-01-22 19:00:00+00:00,0.0
3116,2013-01-22 19:30:00+00:00,0.0
3116,2013-01-22 20:00:00+00:00,0.0
3116,2013-01-22 20:30:00+00:00,0.0
3116,2013-01-22 21:00:00+00:00,0.0
3116,2013-01-22 21:30:00+00:00,0.0
3116,2013-01-22 22:00:00+00:00,0.0
3116,2013-01-22 22:30:00+00:00,0.0
3116,2013-01-22 23:00:00+00:00,0.0
3116,2013-01-22 23:30:00+00:00,0.0
3116,2013-01-23 00:00:00+00:00,0.0
3116,2013-01-23 00:30:00+00:00,0.0
3116,2013-01-23 01:00:00+00:00,0.0
3116,2013-01-23 01:30:00+00:00,0.0
3116,2013-01-23 02:00:00+00:00,0.0
3116,2013-01-23 02:30:00+00:00,0.0
3116,2013-01-23 03:00:00+00:00,0.0
3116,2013-01-23 03:30:00+00:00,0.0
3116,2013-01-23 04:00:00+00:00,0.0
3116,2013-01-23 04:30:00+00:00,0.0
3116,2013-01-23 05:00:00+00:00,0.0
3116,2013-01-23 05:30:00+00:00,0.0
3116,2013-01-23 06:00:00+00:00,0.0
3116,2013-01-23 06:30:00+00:00,0.0
3116,2013-01-23 07:00:00+00:00,0.0
3116,2013-01-23 07:30:00+00:00,0.0
3116,2013-01-23 08:00:00+00:00,0.01
3116,2013-01-23 08:30:00+00:00,0.01
3116,2013-01-23 09:00:00+00:00,1.38
3116,2013-01-23 09:30:00+00:00,18.18
3116,2013-01-23 10:00:00+00:00,106.7
3116,2013-01-23 10:30:00+00:00,80.85
3116,2013-01-23 11:00:00+00:00,42.91
3116,2013-01-23 11:30:00+00:00,47.17
3116,2013-01-23 12:00:00+00:00,34.72
3116,2013-01-23 12:30:00+00:00,110.84
3116,2013-01-23 13:00:00+00:00,95.7
3116,2013-01-23 13:30:00+00:00,104.62
3116,2013-01-23 14:00:00+00:00,99.59
3116,2013-01-23 14:30:00+00:00,80.95
3116,2013-01-23 15:00:00+00:00,62.92
3116,2013-01-23 15:30:00+00:00,52.88
3116,2013-01-23 16:00:00+00:00,17.4
3116,2013-01-23 16:30:00+00:00,1.59
3116,2013-01-23 17:00:00+00:00,0.0
3116,2013-01-23 17:30:00+00:00,0.0
3116,2013-01-23 18:00:00+00:00,0.0
3116,2013-01-23 18:30:00+00:00,0.0
3116,2013-01-23 19:00:00+00:00,0.0
3116,2013-01-23 19:30:00+00:00,0.0
3116,2013-01-23 20:00:00+00:00,0.0
3116,2013-01-23 20:30:00+00:00,0.0
3116,2013-01-23 21:00:00+00:00,0.0
3116,2013-01-23 21:30:00+00:00,0.0
3116,2013-01-23 22:00:00+00:00,0.0
3116,2013-01-23 22:30:00+00:00,0.0
3116,2013-01-23 23:00:00+00:00,0.0
3116,2013-01-23 23:30:00+00:00,0.0
3116,2013-01-24 00:00:00+00:00,0.0
3116,2013-01-24 00:30:00+00:00,0.0
3116,2013-01-24 01:00:00+00:00,0.0
3116,2013-01-24 01:30:00+00:00,0.0
3116,2013-01-24 02:00:00+00:00,0.0
3116,2013-01-24 02:30:00+00:00,0.0
3116,2013-01-24 03:00:00+00:00,0.0
3116,2013-01-24 03:30:00+00:00,0.0
3116,2013-01-24 04:00:00+00:00,0.0
3116,2013-01-24 04:30:00+00:00,0.0
3116,2013-01-24 05:00:00+00:00,0.0
3116,2013-01-24 05:30:00+00:00,0.0
3116,2013-01-24 06:00:00+00:00,0.0
3116,2013-01-24 06:30:00+00:00,0.0
3116,2013-01-24 07:00:00+00:00,0.0
3116,2013-01-24 07:30:00+00:00,0.0
3116,2013-01-24 08:00:00+00:00,0.0
3116,2013-01-24 08:30:00+00:00,0.0
3116,2013-01-24 09:00:00+00:00,0.02
3116,2013-01-24 09:30:00+00:00,0.05
3116,2013-01-24 10:00:00+00:00,8.54
3116,2013-01-24 10:30:00+00:00,25.78
3116,2013-01-24 11:00:00+00:00,53.92
3116,2013-01-24 11:30:00+00:00,71.44
3116,2013-01-24 12:00:00+00:00,91.48
3116,2013-01-24 12:30:00+00:00,126.01
3116,2013-01-24 13:00:00+00:00,110.04
3116,2013-01-24 13:30:00+00:00,66.42
3116,2013-01-24 14:00:00+00:00,79.08
3116,2013-01-24 14:30:00+00:00,74.37
3116,2013-01-24 15:00:00+00:00,37.16
3116,2013-01-24 15:30:00+00:00,22.53
3116,2013-01-24 16:00:00+00:00,1.86
3116,2013-01-24 16:30:00+00:00,0.0
3116,2013-01-24 17:00:00+00:00,0.0
3116,2013-01-24 17:30:00+00:00,0.0
3116,2013-01-24 18:00:00+00:00,0.0
3116,2013-01-24 18:30:00+00:00,0.0
3116,2013-01-24 19:00:00+00:00,0.0
3116,2013-01-24 19:30:00+00:00,0.0
3116,2013-01-24 20:00:00+00:00,0.0
3116,2013-01-24 20:30:00+00:00,0.0
3116,2013-01-24 21:00:00+00:00,0.0
3116,2013-01-24 21:30:00+00:00,0.0
3116,2013-01-24 22:00:00+00:00,0.0
3116,2013-01-24 22:30:00+00:00,0.0
3116,2013-01-24 23:00:00+00:00,0.0
3116,2013-01-24 23:30:00+00:00,0.0
3116,2013-01-25 00:00:00+00:00,0.0
3116,2013-01-25 00:30:00+00:00,0.0
3116,2013-01-25 01:00:00+00:00,0.0
3116,2013-01-25 01:30:00+00:00,0.0
3116,2013-01-25 02:00:00+00:00,0.0
3116,2013-01-25 02:30:00+00:00,0.0
3116,2013-01-25 03:00:00+00:00,0.0
3116,2013-01-25 03:30:00+00:00,0.0
3116,2013-01-25 04:00:00+00:00,0.0
3116,2013-01-25 04:30:00+00:00,0.0
3116,2013-01-25 05:00:00+00:00,0.0
3116,2013-01-25 05:30:00+00:00,0.0
3116,2013-01-25 06:00:00+00:00,0.0
3116,2013-01-25 06:30:00+00:00,0.0
3116,2013-01-25 07:00:00+00:00,0.0
3116,2013-01-25 07:30:00+00:00,0.0
3116,2013-01-25 08:00:00+00:00,0.0
3116,2013-01-25 08:30:00+00:00,3.08
3116,2013-01-25 09:00:00+00:00,26.62
3116,2013-01-25 09:30:00+00:00,43.95
3116,2013-01-25 10:00:00+00:00,63.0
3116,2013-01-25 10:30:00+00:00,86.37
3116,2013-01-25 11:00:00+00:00,113.39
3116,2013-01-25 11:30:00+00:00,70.91
3116,2013-01-25 12:00:00+00:00,56.41
3116,2013-01-25 12:30:00+00:00,41.28
3116,2013-01-25 13:00:00+00:00,68.1
3116,2013-01-25 13:30:00+00:00,170.99
3116,2013-01-25 14:00:00+00:00,243.71
3116,2013-01-25 14:30:00+00:00,158.79
3116,2013-01-25 15:00:00+00:00,100.56
3116,2013-01-25 15:30:00+00:00,72.73
3116,2013-01-25 16:00:00+00:00,22.68
3116,2013-01-25 16:30:00+00:00,0.39
3116,2013-01-25 17:00:00+00:00,0.0
3116,2013-01-25 17:30:00+00:00,0.0
3116,2013-01-25 18:00:00+00:00,0.0
3116,2013-01-25 18:30:00+00:00,0.0
3116,2013-01-25 19:00:00+00:00,0.0
3116,2013-01-25 19:30:00+00:00,0.0
3116,2013-01-25 20:00:00+00:00,0.0
3116,2013-01-25 20:30:00+00:00,0.0
3116,2013-01-25 21:00:00+00:00,0.0
3116,2013-01-25 21:30:00+00:00,0.0
3116,2013-01-25 22:00:00+00:00,0.0
3116,2013-01-25 22:30:00+00:00,0.0
3116,2013-01-25 23:00:00+00:00,0.0
3116,2013-01-25 23:30:00+00:00,0.0
3116,2013-01-26 00:00:00+00:00,0.0
3116,2013-01-26 00:30:00+00:00,0.0
3116,2013-01-26 01:00:00+00:00,0.0
3116,2013-01-26 01:30:00+00:00,0.0
3116,2013-01-26 02:00:00+00:00,0.0
3116,2013-01-26 02:30:00+00:00,0.0
3116,2013-01-26 03:00:00+00:00,0.0
3116,2013-01-26 03:30:00+00:00,0.0
3116,2013-01-26 04:00:00+00:00,0.0
3116,2013-01-26 04:30:00+00:00,0.0
3116,2013-01-26 05:00:00+00:00,0.0
3116,2013-01-26 05:30:00+00:00,0.0
3116,2013-01-26 06:00:00+00:00,0.0
3116,2013-01-26 06:30:00+00:00,0.0
3116,2013-01-26 07:00:00+00:00,0.0
3116,2013-01-26 07:30:00+00:00,0.0
3116,2013-01-26 08:00:00+00:00,0.03
3116,2013-01-26 08:30:00+00:00,119.74
3116,2013-01-26 09:00:00+00:00,470.27
3116,2013-01-26 09:30:00+00:00,675.25
3116,2013-01-26 10:00:00+00:00,724.1
3116,2013-01-26 10:30:00+00:00,804.1
3116,2013-01-26 11:00:00+00:00,854.3
3116,2013-01-26 11:30:00+00:00,928.9
3116,2013-01-26 12:00:00+00:00,976.0
3116,2013-01-26 12:30:00+00:00,1055.45
3116,2013-01-26 13:00:00+00:00,1013.25
3116,2013-01-26 13:30:00+00:00,691.5
3116,2013-01-26 14:00:00+00:00,506.95
3116,2013-01-26 14:30:00+00:00,437.32
3116,2013-01-26 15:00:00+00:00,203.15
3116,2013-01-26 15:30:00+00:00,166.93
3116,2013-01-26 16:00:00+00:00,114.97
3116,2013-01-26 16:30:00+00:00,16.36
3116,2013-01-26 17:00:00+00:00,0.0
3116,2013-01-26 17:30:00+00:00,0.0
3116,2013-01-26 18:00:00+00:00,0.0
3116,2013-01-26 18:30:00+00:00,0.0
3116,2013-01-26 19:00:00+00:00,0.0
3116,2013-01-26 19:30:00+00:00,0.0
3116,2013-01-26 20:00:00+00:00,0.0
3116,2013-01-26 20:30:00+00:00,0.0
3116,2013-01-26 21:00:00+00:00,0.0
3116,2013-01-26 21:30:00+00:00,0.0
3116,2013-01-26 22:00:00+00:00,0.0
3116,2013-01-26 22:30:00+00:00,0.0
3116,2013-01-26 23:00:00+00:00,0.0
3116,2013-01-26 23:30:00+00:00,0.0
3116,2013-01-27 00:00:00+00:00,0.0
3116,2013-01-27 00:30:00+00:00,0.0
3116,2013-01-27 01:00:00+00:00,0.0
3116,2013-01-27 01:30:00+00:00,0.0
3116,2013-01-27 02:00:00+00:00,0.0
3116,2013-01-27 02:30:00+00:00,0.0
3116,2013-01-27 03:00:00+00:00,0.0
3116,2013-01-27 03:30:00+00:00,0.0
3116,2013-01-27 04:00:00+00:00,0.0
3116,2013-01-27 04:30:00+00:00,0.0
3116,2013-01-27 05:00:00+00:00,0.0
3116,2013-01-27 05:30:00+00:00,0.0
3116,2013-01-27 06:00:00+00:00,0.0
3116,2013-01-27 06:30:00+00:00,0.0
3116,2013-01-27 07:00:00+00:00,0.0
3116,2013-01-27 07:30:00+00:00,0.0
3116,2013-01-27 08:00:00+00:00,0.0
3116,2013-01-27 08:30:00+00:00,0.02
3116,2013-01-27 09:00:00+00:00,13.32
3116,2013-01-27 09:30:00+00:00,11.46
3116,2013-01-27 10:00:00+00:00,105.69
3116,2013-01-27 10:30:00+00:00,866.6
3116,2013-01-27 11:00:00+00:00,983.5
3116,2013-01-27 11:30:00+00:00,1053.55
3116,2013-01-27 12:00:00+00:00,1083.45
3116,2013-01-27 12:30:00+00:00,1085.85
3116,2013-01-27 13:00:00+00:00,1040.35
3116,2013-01-27 13:30:00+00:00,972.6
3116,2013-01-27 14:00:00+00:00,903.8
3116,2013-01-27 14:30:00+00:00,511.9
3116,2013-01-27 15:00:00+00:00,409.33
3116,2013-01-27 15:30:00+00:00,327.45
3116,2013-01-27 16:00:00+00:00,103.64
3116,2013-01-27 16:30:00+00:00,17.43
3116,2013-01-27 17:00:00+00:00,0.0
3116,2013-01-27 17:30:00+00:00,0.0
3116,2013-01-27 18:00:00+00:00,0.0
3116,2013-01-27 18:30:00+00:00,0.0
3116,2013-01-27 19:00:00+00:00,0.0
3116,2013-01-27 19:30:00+00:00,0.0
3116,2013-01-27 20:00:00+00:00,0.0
3116,2013-01-27 20:30:00+00:00,0.0
3116,2013-01-27 21:00:00+00:00,0.0
3116,2013-01-27 21:30:00+00:00,0.0
3116,2013-01-27 22:00:00+00:00,0.0
3116,2013-01-27 22:30:00+00:00,0.0
3116,2013-01-27 23:00:00+00:00,0.0
3116,2013-01-27 23:30:00+00:00,0.0
3116,2013-01-28 00:00:00+00:00,0.0
3116,2013-01-28 00:30:00+00:00,0.0
3116,2013-01-28 01:00:00+00:00,0.0
3116,2013-01-28 01:30:00+00:00,0.0
3116,2013-01-28 02:00:00+00:00,0.0
3116,2013-01-28 02:30:00+00:00,0.0
3116,2013-01-28 03:00:00+00:00,0.0
3116,2013-01-28 03:30:00+00:00,0.0
3116,2013-01-28 04:00:00+00:00,0.0
3116,2013-01-28 04:30:00+00:00,0.0
3116,2013-01-28 05:00:00+00:00,0.0
3116,2013-01-28 05:30:00+00:00,0.0
3116,2013-01-28 06:00:00+00:00,0.0
3116,2013-01-28 06:30:00+00:00,0.0
3116,2013-01-28 07:00:00+00:00,0.0
3116,2013-01-28 07:30:00+00:00,0.0
3116,2013-01-28 08:00:00+00:00,3.64
3116,2013-01-28 08:30:00+00:00,167.58
3116,2013-01-28 09:00:00+00:00,431.52
3116,2013-01-28 09:30:00+00:00,657.8
3116,2013-01-28 10:00:00+00:00,837.65
3116,2013-01-28 10:30:00+00:00,616.6
3116,2013-01-28 11:00:00+00:00,492.37
3116,2013-01-28 11:30:00+00:00,302.82
3116,2013-01-28 12:00:00+00:00,369.12
3116,2013-01-28 12:30:00+00:00,205.5
3116,2013-01-28 13:00:00+00:00,111.9
3116,2013-01-28 13:30:00+00:00,122.43
3116,2013-01-28 14:00:00+00:00,52.78
3116,2013-01-28 14:30:00+00:00,21.29
3116,2013-01-28 15:00:00+00:00,19.92
3116,2013-01-28 15:30:00+00:00,25.93
3116,2013-01-28 16:00:00+00:00,12.16
3116,2013-01-28 16:30:00+00:00,0.04
3116,2013-01-28 17:00:00+00:00,0.0
3116,2013-01-28 17:30:00+00:00,0.0
3116,2013-01-28 18:00:00+00:00,0.0
3116,2013-01-28 18:30:00+00:00,0.0
3116,2013-01-28 19:00:00+00:00,0.0
3116,2013-01-28 19:30:00+00:00,0.0
3116,2013-01-28 20:00:00+00:00,0.0
3116,2013-01-28 20:30:00+00:00,0.0
3116,2013-01-28 21:00:00+00:00,0.0
3116,2013-01-28 21:30:00+00:00,0.0
3116,2013-01-28 22:00:00+00:00,0.0
3116,2013-01-28 22:30:00+00:00,0.0
3116,2013-01-28 23:00:00+00:00,0.0
3116,2013-01-28 23:30:00+00:00,0.0
3116,2013-01-29 00:00:00+00:00,0.0
3116,2013-01-29 00:30:00+00:00,0.0
3116,2013-01-29 01:00:00+00:00,0.0
3116,2013-01-29 01:30:00+00:00,0.0
3116,2013-01-29 02:00:00+00:00,0.0
3116,2013-01-29 02:30:00+00:00,0.0
3116,2013-01-29 03:00:00+00:00,0.0
3116,2013-01-29 03:30:00+00:00,0.0
3116,2013-01-29 04:00:00+00:00,0.0
3116,2013-01-29 04:30:00+00:00,0.0
3116,2013-01-29 05:00:00+00:00,0.0
3116,2013-01-29 05:30:00+00:00,0.0
3116,2013-01-29 06:00:00+00:00,0.0
3116,2013-01-29 06:30:00+00:00,0.0
3116,2013-01-29 07:00:00+00:00,0.0
3116,2013-01-29 07:30:00+00:00,0.0
3116,2013-01-29 08:00:00+00:00,0.0
3116,2013-01-29 08:30:00+00:00,0.03
3116,2013-01-29 09:00:00+00:00,0.84
3116,2013-01-29 09:30:00+00:00,7.23
3116,2013-01-29 10:00:00+00:00,25.99
3116,2013-01-29 10:30:00+00:00,33.66
3116,2013-01-29 11:00:00+00:00,90.18
3116,2013-01-29 11:30:00+00:00,86.03
3116,2013-01-29 12:00:00+00:00,72.72
3116,2013-01-29 12:30:00+00:00,87.04
3116,2013-01-29 13:00:00+00:00,66.53
3116,2013-01-29 13:30:00+00:00,80.73
3116,2013-01-29 14:00:00+00:00,52.42
3116,2013-01-29 14:30:00+00:00,34.07
3116,2013-01-29 15:00:00+00:00,25.16
3116,2013-01-29 15:30:00+00:00,9.45
3116,2013-01-29 16:00:00+00:00,0.03
3116,2013-01-29 16:30:00+00:00,0.0
3116,2013-01-29 17:00:00+00:00,0.0
3116,2013-01-29 17:30:00+00:00,0.0
3116,2013-01-29 18:00:00+00:00,0.0
3116,2013-01-29 18:30:00+00:00,0.0
3116,2013-01-29 19:00:00+00:00,0.0
3116,2013-01-29 19:30:00+00:00,0.0
3116,2013-01-29 20:00:00+00:00,0.0
3116,2013-01-29 20:30:00+00:00,0.0
3116,2013-01-29 21:00:00+00:00,0.0
3116,2013-01-29 21:30:00+00:00,0.0
3116,2013-01-29 22:00:00+00:00,0.0
3116,2013-01-29 22:30:00+00:00,0.0
3116,2013-01-29 23:00:00+00:00,0.0
3116,2013-01-29 23:30:00+00:00,0.0
3116,2013-01-30 00:00:00+00:00,0.0
3116,2013-01-30 00:30:00+00:00,0.0
3116,2013-01-30 01:00:00+00:00,0.0
3116,2013-01-30 01:30:00+00:00,0.0
3116,2013-01-30 02:00:00+00:00,0.0
3116,2013-01-30 02:30:00+00:00,0.0
3116,2013-01-30 03:00:00+00:00,0.0
3116,2013-01-30 03:30:00+00:00,0.0
3116,2013-01-30 04:00:00+00:00,0.0
3116,2013-01-30 04:30:00+00:00,0.0
3116,2013-01-30 05:00:00+00:00,0.0
3116,2013-01-30 05:30:00+00:00,0.0
3116,2013-01-30 06:00:00+00:00,0.0
3116,2013-01-30 06:30:00+00:00,0.0
3116,2013-01-30 07:00:00+00:00,0.0
3116,2013-01-30 07:30:00+00:00,0.0
3116,2013-01-30 08:00:00+00:00,0.02
3116,2013-01-30 08:30:00+00:00,42.89
3116,2013-01-30 09:00:00+00:00,271.07
3116,2013-01-30 09:30:00+00:00,160.09
3116,2013-01-30 10:00:00+00:00,232.18
3116,2013-01-30 10:30:00+00:00,447.23
3116,2013-01-30 11:00:00+00:00,448.91
3116,2013-01-30 11:30:00+00:00,1050.15
3116,2013-01-30 12:00:00+00:00,1021.85
3116,2013-01-30 12:30:00+00:00,1055.8
3116,2013-01-30 13:00:00+00:00,795.55
3116,2013-01-30 13:30:00+00:00,775.85
3116,2013-01-30 14:00:00+00:00,655.4
3116,2013-01-30 14:30:00+00:00,732.2
3116,2013-01-30 15:00:00+00:00,591.2
3116,2013-01-30 15:30:00+00:00,326.29
3116,2013-01-30 16:00:00+00:00,180.61
3116,2013-01-30 16:30:00+00:00,41.17
3116,2013-01-30 17:00:00+00:00,0.15
3116,2013-01-30 17:30:00+00:00,0.0
3116,2013-01-30 18:00:00+00:00,0.0
3116,2013-01-30 18:30:00+00:00,0.0
3116,2013-01-30 19:00:00+00:00,0.0
3116,2013-01-30 19:30:00+00:00,0.0
3116,2013-01-30 20:00:00+00:00,0.0
3116,2013-01-30 20:30:00+00:00,0.0
3116,2013-01-30 21:00:00+00:00,0.0
3116,2013-01-30 21:30:00+00:00,0.0
3116,2013-01-30 22:00:00+00:00,0.0
3116,2013-01-30 22:30:00+00:00,0.0
3116,2013-01-30 23:00:00+00:00,0.0
3116,2013-01-30 23:30:00+00:00,0.0
3116,2013-01-31 00:00:00+00:00,0.0
3116,2013-01-31 00:30:00+00:00,0.0
3116,2013-01-31 01:00:00+00:00,0.0
3116,2013-01-31 01:30:00+00:00,0.0
3116,2013-01-31 02:00:00+00:00,0.0
3116,2013-01-31 02:30:00+00:00,0.0
3116,2013-01-31 03:00:00+00:00,0.0
3116,2013-01-31 03:30:00+00:00,0.0
3116,2013-01-31 04:00:00+00:00,0.0
3116,2013-01-31 04:30:00+00:00,0.0
3116,2013-01-31 05:00:00+00:00,0.0
3116,2013-01-31 05:30:00+00:00,0.0
3116,2013-01-31 06:00:00+00:00,0.0
3116,2013-01-31 06:30:00+00:00,0.0
3116,2013-01-31 07:00:00+00:00,0.0
3116,2013-01-31 07:30:00+00:00,0.0
3116,2013-01-31 08:00:00+00:00,0.04
3116,2013-01-31 08:30:00+00:00,23.21
3116,2013-01-31 09:00:00+00:00,201.54
3116,2013-01-31 09:30:00+00:00,447.33
3116,2013-01-31 10:00:00+00:00,678.15
3116,2013-01-31 10:30:00+00:00,331.0
3116,2013-01-31 11:00:00+00:00,160.86
3116,2013-01-31 11:30:00+00:00,833.5
3116,2013-01-31 12:00:00+00:00,1045.35
3116,2013-01-31 12:30:00+00:00,998.9
3116,2013-01-31 13:00:00+00:00,945.35
3116,2013-01-31 13:30:00+00:00,1024.9
3116,2013-01-31 14:00:00+00:00,770.95
3116,2013-01-31 14:30:00+00:00,407.83
3116,2013-01-31 15:00:00+00:00,305.45
3116,2013-01-31 15:30:00+00:00,374.99
3116,2013-01-31 16:00:00+00:00,135.74
3116,2013-01-31 16:30:00+00:00,44.25
3116,2013-01-31 17:00:00+00:00,0.12
3116,2013-01-31 17:30:00+00:00,0.0
3116,2013-01-31 18:00:00+00:00,0.0
3116,2013-01-31 18:30:00+00:00,0.0
3116,2013-01-31 19:00:00+00:00,0.0
3116,2013-01-31 19:30:00+00:00,0.0
3116,2013-01-31 20:00:00+00:00,0.0
3116,2013-01-31 20:30:00+00:00,0.0
3116,2013-01-31 21:00:00+00:00,0.0
3116,2013-01-31 21:30:00+00:00,0.0
3116,2013-01-31 22:00:00+00:00,0.0
3116,2013-01-31 22:30:00+00:00,0.0
3116,2013-01-31 23:00:00+00:00,0.0
3116,2013-01-31 23:30:00+00:00,0.0
3116,2013-02-01 00:30:00+00:00,0.0
3116,2013-02-01 01:00:00+00:00,0.0
3116,2013-02-01 01:30:00+00:00,0.0
3116,2013-02-01 02:00:00+00:00,0.0
3116,2013-02-01 02:30:00+00:00,0.0
3116,2013-02-01 03:00:00+00:00,0.0
3116,2013-02-01 03:30:00+00:00,0.0
3116,2013-02-01 04:00:00+00:00,0.0
3116,2013-02-01 04:30:00+00:00,0.0
3116,2013-02-01 05:00:00+00:00,0.0
3116,2013-02-01 05:30:00+00:00,0.0
3116,2013-02-01 06:00:00+00:00,0.0
3116,2013-02-01 06:30:00+00:00,0.0
3116,2013-02-01 07:00:00+00:00,0.0
3116,2013-02-01 07:30:00+00:00,0.0
3116,2013-02-01 08:00:00+00:00,0.01
3116,2013-02-01 08:30:00+00:00,0.02
3116,2013-02-01 09:00:00+00:00,0.0
3116,2013-02-01 09:30:00+00:00,1.26
3116,2013-02-01 10:00:00+00:00,16.41
3116,2013-02-01 10:30:00+00:00,107.47
3116,2013-02-01 11:00:00+00:00,165.24
3116,2013-02-01 11:30:00+00:00,101.99
3116,2013-02-01 12:00:00+00:00,147.8
3116,2013-02-01 12:30:00+00:00,239.02
3116,2013-02-01 13:00:00+00:00,336.1
3116,2013-02-01 13:30:00+00:00,419.22
3116,2013-02-01 14:00:00+00:00,448.66
3116,2013-02-01 14:30:00+00:00,470.77
3116,2013-02-01 15:00:00+00:00,302.1
3116,2013-02-01 15:30:00+00:00,261.44
3116,2013-02-01 16:00:00+00:00,79.28
3116,2013-02-01 16:30:00+00:00,18.9
3116,2013-02-01 17:00:00+00:00,0.0
3116,2013-02-01 17:30:00+00:00,0.0
3116,2013-02-01 18:00:00+00:00,0.0
3116,2013-02-01 18:30:00+00:00,0.0
3116,2013-02-01 19:00:00+00:00,0.0
3116,2013-02-01 19:30:00+00:00,0.0
3116,2013-02-01 20:00:00+00:00,0.0
3116,2013-02-01 20:30:00+00:00,0.0
3116,2013-02-01 21:00:00+00:00,0.0
3116,2013-02-01 21:30:00+00:00,0.0
3116,2013-02-01 22:00:00+00:00,0.0
3116,2013-02-01 22:30:00+00:00,0.0
3116,2013-02-01 23:00:00+00:00,0.0
3116,2013-02-01 23:30:00+00:00,0.0
3116,2013-02-02 00:00:00+00:00,0.0
3116,2013-02-02 00:30:00+00:00,0.0
3116,2013-02-02 01:00:00+00:00,0.0
3116,2013-02-02 01:30:00+00:00,0.0
3116,2013-02-02 02:00:00+00:00,0.0
3116,2013-02-02 02:30:00+00:00,0.0
3116,2013-02-02 03:00:00+00:00,0.0
3116,2013-02-02 03:30:00+00:00,0.0
3116,2013-02-02 04:00:00+00:00,0.0
3116,2013-02-02 04:30:00+00:00,0.0
3116,2013-02-02 05:00:00+00:00,0.0
3116,2013-02-02 05:30:00+00:00,0.0
3116,2013-02-02 06:00:00+00:00,0.0
3116,2013-02-02 06:30:00+00:00,0.0
3116,2013-02-02 07:00:00+00:00,0.0
3116,2013-02-02 07:30:00+00:00,0.0
3116,2013-02-02 08:00:00+00:00,24.52
3116,2013-02-02 08:30:00+00:00,138.82
3116,2013-02-02 09:00:00+00:00,445.41
3116,2013-02-02 09:30:00+00:00,507.05
3116,2013-02-02 10:00:00+00:00,575.9
3116,2013-02-02 10:30:00+00:00,549.8
3116,2013-02-02 11:00:00+00:00,1020.9
3116,2013-02-02 11:30:00+00:00,963.0
3116,2013-02-02 12:00:00+00:00,435.68
3116,2013-02-02 12:30:00+00:00,404.02
3116,2013-02-02 13:00:00+00:00,360.12
3116,2013-02-02 13:30:00+00:00,267.81
3116,2013-02-02 14:00:00+00:00,718.3
3116,2013-02-02 14:30:00+00:00,437.46
3116,2013-02-02 15:00:00+00:00,252.26
3116,2013-02-02 15:30:00+00:00,230.85
3116,2013-02-02 16:00:00+00:00,26.0
3116,2013-02-02 16:30:00+00:00,1.63
3116,2013-02-02 17:00:00+00:00,0.0
3116,2013-02-02 17:30:00+00:00,0.0
3116,2013-02-02 18:00:00+00:00,0.0
3116,2013-02-02 18:30:00+00:00,0.0
3116,2013-02-02 19:00:00+00:00,0.0
3116,2013-02-02 19:30:00+00:00,0.0
3116,2013-02-02 20:00:00+00:00,0.0
3116,2013-02-02 20:30:00+00:00,0.0
3116,2013-02-02 21:00:00+00:00,0.0
3116,2013-02-02 21:30:00+00:00,0.0
3116,2013-02-02 22:00:00+00:00,0.0
3116,2013-02-02 22:30:00+00:00,0.0
3116,2013-02-02 23:00:00+00:00,0.0
3116,2013-02-02 23:30:00+00:00,0.0
3116,2013-02-03 00:00:00+00:00,0.0
3116,2013-02-03 00:30:00+00:00,0.0
3116,2013-02-03 01:00:00+00:00,0.0
3116,2013-02-03 01:30:00+00:00,0.0
3116,2013-02-03 02:00:00+00:00,0.0
3116,2013-02-03 02:30:00+00:00,0.0
3116,2013-02-03 03:00:00+00:00,0.0
3116,2013-02-03 03:30:00+00:00,0.0
3116,2013-02-03 04:00:00+00:00,0.0
3116,2013-02-03 04:30:00+00:00,0.0
3116,2013-02-03 05:00:00+00:00,0.0
3116,2013-02-03 05:30:00+00:00,0.0
3116,2013-02-03 06:00:00+00:00,0.0
3116,2013-02-03 06:30:00+00:00,0.0
3116,2013-02-03 07:00:00+00:00,0.0
3116,2013-02-03 07:30:00+00:00,0.0
3116,2013-02-03 08:00:00+00:00,0.0
3116,2013-02-03 08:30:00+00:00,19.24
3116,2013-02-03 09:00:00+00:00,44.43
3116,2013-02-03 09:30:00+00:00,56.99
3116,2013-02-03 10:00:00+00:00,67.01
3116,2013-02-03 10:30:00+00:00,85.75
3116,2013-02-03 11:00:00+00:00,99.82
3116,2013-02-03 11:30:00+00:00,101.02
3116,2013-02-03 12:00:00+00:00,139.53
3116,2013-02-03 12:30:00+00:00,143.43
3116,2013-02-03 13:00:00+00:00,164.11
3116,2013-02-03 13:30:00+00:00,96.21
3116,2013-02-03 14:00:00+00:00,108.88
3116,2013-02-03 14:30:00+00:00,79.01
3116,2013-02-03 15:00:00+00:00,67.81
3116,2013-02-03 15:30:00+00:00,50.36
3116,2013-02-03 16:00:00+00:00,20.58
3116,2013-02-03 16:30:00+00:00,5.12
3116,2013-02-03 17:00:00+00:00,0.0
3116,2013-02-03 17:30:00+00:00,0.0
3116,2013-02-03 18:00:00+00:00,0.0
3116,2013-02-03 18:30:00+00:00,0.0
3116,2013-02-03 19:00:00+00:00,0.0
3116,2013-02-03 19:30:00+00:00,0.0
3116,2013-02-03 20:00:00+00:00,0.0
3116,2013-02-03 20:30:00+00:00,0.0
3116,2013-02-03 21:00:00+00:00,0.0
3116,2013-02-03 21:30:00+00:00,0.0
3116,2013-02-03 22:00:00+00:00,0.0
3116,2013-02-03 22:30:00+00:00,0.0
3116,2013-02-03 23:00:00+00:00,0.0
3116,2013-02-03 23:30:00+00:00,0.0
3116,2013-02-04 00:00:00+00:00,0.0
3116,2013-02-04 00:30:00+00:00,0.0
3116,2013-02-04 01:00:00+00:00,0.0
3116,2013-02-04 01:30:00+00:00,0.0
3116,2013-02-04 02:00:00+00:00,0.0
3116,2013-02-04 02:30:00+00:00,0.0
3116,2013-02-04 03:00:00+00:00,0.0
3116,2013-02-04 03:30:00+00:00,0.0
3116,2013-02-04 04:00:00+00:00,0.0
3116,2013-02-04 04:30:00+00:00,0.0
3116,2013-02-04 05:00:00+00:00,0.0
3116,2013-02-04 05:30:00+00:00,0.0
3116,2013-02-04 06:00:00+00:00,0.0
3116,2013-02-04 06:30:00+00:00,0.0
3116,2013-02-04 07:00:00+00:00,0.0
3116,2013-02-04 07:30:00+00:00,0.0
3116,2013-02-04 08:00:00+00:00,0.01
3116,2013-02-04 08:30:00+00:00,11.83
3116,2013-02-04 09:00:00+00:00,79.63
3116,2013-02-04 09:30:00+00:00,373.18
3116,2013-02-04 10:00:00+00:00,385.2
3116,2013-02-04 10:30:00+00:00,857.1
3116,2013-02-04 11:00:00+00:00,1052.2
3116,2013-02-04 11:30:00+00:00,1131.15
3116,2013-02-04 12:00:00+00:00,695.0
3116,2013-02-04 12:30:00+00:00,464.15
3116,2013-02-04 13:00:00+00:00,692.3
3116,2013-02-04 13:30:00+00:00,645.85
3116,2013-02-04 14:00:00+00:00,598.5
3116,2013-02-04 14:30:00+00:00,778.55
3116,2013-02-04 15:00:00+00:00,345.34
3116,2013-02-04 15:30:00+00:00,233.65
3116,2013-02-04 16:00:00+00:00,135.16
3116,2013-02-04 16:30:00+00:00,36.7
3116,2013-02-04 17:00:00+00:00,0.0
3116,2013-02-04 17:30:00+00:00,0.0
3116,2013-02-04 18:00:00+00:00,0.0
3116,2013-02-04 18:30:00+00:00,0.0
3116,2013-02-04 19:00:00+00:00,0.0
3116,2013-02-04 19:30:00+00:00,0.0
3116,2013-02-04 20:00:00+00:00,0.0
3116,2013-02-04 20:30:00+00:00,0.0
3116,2013-02-04 21:00:00+00:00,0.0
3116,2013-02-04 21:30:00+00:00,0.0
3116,2013-02-04 22:00:00+00:00,0.0
3116,2013-02-04 22:30:00+00:00,0.0
3116,2013-02-04 23:00:00+00:00,0.0
3116,2013-02-04 23:30:00+00:00,0.0
3116,2013-02-05 00:00:00+00:00,0.0
3116,2013-02-05 00:30:00+00:00,0.0
3116,2013-02-05 01:00:00+00:00,0.0
3116,2013-02-05 01:30:00+00:00,0.0
3116,2013-02-05 02:00:00+00:00,0.0
3116,2013-02-05 02:30:00+00:00,0.0
3116,2013-02-05 03:00:00+00:00,0.0
3116,2013-02-05 03:30:00+00:00,0.0
3116,2013-02-05 04:00:00+00:00,0.0
3116,2013-02-05 04:30:00+00:00,0.0
3116,2013-02-05 05:00:00+00:00,0.0
3116,2013-02-05 05:30:00+00:00,0.0
3116,2013-02-05 06:00:00+00:00,0.0
3116,2013-02-05 06:30:00+00:00,0.0
3116,2013-02-05 07:00:00+00:00,0.0
3116,2013-02-05 07:30:00+00:00,0.01
3116,2013-02-05 08:00:00+00:00,9.22
3116,2013-02-05 08:30:00+00:00,270.76
3116,2013-02-05 09:00:00+00:00,468.38
3116,2013-02-05 09:30:00+00:00,689.0
3116,2013-02-05 10:00:00+00:00,815.65
3116,2013-02-05 10:30:00+00:00,918.45
3116,2013-02-05 11:00:00+00:00,979.4
3116,2013-02-05 11:30:00+00:00,939.9
3116,2013-02-05 12:00:00+00:00,969.15
3116,2013-02-05 12:30:00+00:00,555.65
3116,2013-02-05 13:00:00+00:00,575.15
3116,2013-02-05 13:30:00+00:00,825.85
3116,2013-02-05 14:00:00+00:00,520.25
3116,2013-02-05 14:30:00+00:00,512.1
3116,2013-02-05 15:00:00+00:00,405.32
3116,2013-02-05 15:30:00+00:00,160.59
3116,2013-02-05 16:00:00+00:00,77.25
3116,2013-02-05 16:30:00+00:00,10.68
3116,2013-02-05 17:00:00+00:00,0.07
3116,2013-02-05 17:30:00+00:00,0.0
3116,2013-02-05 18:00:00+00:00,0.0
3116,2013-02-05 18:30:00+00:00,0.0
3116,2013-02-05 19:00:00+00:00,0.0
3116,2013-02-05 19:30:00+00:00,0.0
3116,2013-02-05 20:00:00+00:00,0.0
3116,2013-02-05 20:30:00+00:00,0.0
3116,2013-02-05 21:00:00+00:00,0.0
3116,2013-02-05 21:30:00+00:00,0.0
3116,2013-02-05 22:00:00+00:00,0.0
3116,2013-02-05 22:30:00+00:00,0.0
3116,2013-02-05 23:00:00+00:00,0.0
3116,2013-02-05 23:30:00+00:00,0.0
3116,2013-02-06 00:00:00+00:00,0.0
3116,2013-02-06 00:30:00+00:00,0.0
3116,2013-02-06 01:00:00+00:00,0.0
3116,2013-02-06 01:30:00+00:00,0.0
3116,2013-02-06 02:00:00+00:00,0.0
3116,2013-02-06 02:30:00+00:00,0.0
3116,2013-02-06 03:00:00+00:00,0.0
3116,2013-02-06 03:30:00+00:00,0.0
3116,2013-02-06 04:00:00+00:00,0.0
3116,2013-02-06 04:30:00+00:00,0.0
3116,2013-02-06 05:00:00+00:00,0.0
3116,2013-02-06 05:30:00+00:00,0.0
3116,2013-02-06 06:00:00+00:00,0.0
3116,2013-02-06 06:30:00+00:00,0.0
3116,2013-02-06 07:00:00+00:00,0.0
3116,2013-02-06 07:30:00+00:00,0.0
3116,2013-02-06 08:00:00+00:00,0.08
3116,2013-02-06 08:30:00+00:00,10.61
3116,2013-02-06 09:00:00+00:00,64.7
3116,2013-02-06 09:30:00+00:00,440.8
3116,2013-02-06 10:00:00+00:00,420.94
3116,2013-02-06 10:30:00+00:00,306.86
3116,2013-02-06 11:00:00+00:00,135.0
3116,2013-02-06 11:30:00+00:00,282.45
3116,2013-02-06 12:00:00+00:00,261.36
3116,2013-02-06 12:30:00+00:00,261.47
3116,2013-02-06 13:00:00+00:00,424.85
3116,2013-02-06 13:30:00+00:00,218.89
3116,2013-02-06 14:00:00+00:00,224.72
3116,2013-02-06 14:30:00+00:00,371.15
3116,2013-02-06 15:00:00+00:00,71.94
3116,2013-02-06 15:30:00+00:00,86.37
3116,2013-02-06 16:00:00+00:00,58.88
3116,2013-02-06 16:30:00+00:00,70.34
3116,2013-02-06 17:00:00+00:00,0.0
3116,2013-02-06 17:30:00+00:00,0.0
3116,2013-02-06 18:00:00+00:00,0.0
3116,2013-02-06 18:30:00+00:00,0.0
3116,2013-02-06 19:00:00+00:00,0.0
3116,2013-02-06 19:30:00+00:00,0.0
3116,2013-02-06 20:00:00+00:00,0.0
3116,2013-02-06 20:30:00+00:00,0.0
3116,2013-02-06 21:00:00+00:00,0.0
3116,2013-02-06 21:30:00+00:00,0.0
3116,2013-02-06 22:00:00+00:00,0.0
3116,2013-02-06 22:30:00+00:00,0.0
3116,2013-02-06 23:00:00+00:00,0.0
3116,2013-02-06 23:30:00+00:00,0.0
3116,2013-02-07 00:00:00+00:00,0.0
3116,2013-02-07 00:30:00+00:00,0.0
3116,2013-02-07 01:00:00+00:00,0.0
3116,2013-02-07 01:30:00+00:00,0.0
3116,2013-02-07 02:00:00+00:00,0.0
3116,2013-02-07 02:30:00+00:00,0.0
3116,2013-02-07 03:00:00+00:00,0.0
3116,2013-02-07 03:30:00+00:00,0.0
3116,2013-02-07 04:00:00+00:00,0.0
3116,2013-02-07 04:30:00+00:00,0.0
3116,2013-02-07 05:00:00+00:00,0.0
3116,2013-02-07 05:30:00+00:00,0.0
3116,2013-02-07 06:00:00+00:00,0.0
3116,2013-02-07 06:30:00+00:00,0.0
3116,2013-02-07 07:00:00+00:00,0.0
3116,2013-02-07 07:30:00+00:00,0.03
3116,2013-02-07 08:00:00+00:00,97.86
3116,2013-02-07 08:30:00+00:00,338.31
3116,2013-02-07 09:00:00+00:00,586.3
3116,2013-02-07 09:30:00+00:00,800.95
3116,2013-02-07 10:00:00+00:00,961.9
3116,2013-02-07 10:30:00+00:00,872.8
3116,2013-02-07 11:00:00+00:00,943.2
3116,2013-02-07 11:30:00+00:00,823.15
3116,2013-02-07 12:00:00+00:00,418.26
3116,2013-02-07 12:30:00+00:00,507.25
3116,2013-02-07 13:00:00+00:00,508.6
3116,2013-02-07 13:30:00+00:00,622.1
3116,2013-02-07 14:00:00+00:00,706.95
3116,2013-02-07 14:30:00+00:00,792.55
3116,2013-02-07 15:00:00+00:00,461.18
3116,2013-02-07 15:30:00+00:00,178.58
3116,2013-02-07 16:00:00+00:00,56.64
3116,2013-02-07 16:30:00+00:00,42.97
3116,2013-02-07 17:00:00+00:00,5.17
3116,2013-02-07 17:30:00+00:00,0.0
3116,2013-02-07 18:00:00+00:00,0.0
3116,2013-02-07 18:30:00+00:00,0.0
3116,2013-02-07 19:00:00+00:00,0.0
3116,2013-02-07 19:30:00+00:00,0.0
3116,2013-02-07 20:00:00+00:00,0.0
3116,2013-02-07 20:30:00+00:00,0.0
3116,2013-02-07 21:00:00+00:00,0.0
3116,2013-02-07 21:30:00+00:00,0.0
3116,2013-02-07 22:00:00+00:00,0.0
3116,2013-02-07 22:30:00+00:00,0.0
3116,2013-02-07 23:00:00+00:00,0.0
3116,2013-02-07 23:30:00+00:00,0.0
3116,2013-02-08 00:00:00+00:00,0.0
3116,2013-02-08 00:30:00+00:00,0.0
3116,2013-02-08 01:00:00+00:00,0.0
3116,2013-02-08 01:30:00+00:00,0.0
3116,2013-02-08 02:00:00+00:00,0.0
3116,2013-02-08 02:30:00+00:00,0.0
3116,2013-02-08 03:00:00+00:00,0.0
3116,2013-02-08 03:30:00+00:00,0.0
3116,2013-02-08 04:00:00+00:00,0.0
3116,2013-02-08 04:30:00+00:00,0.0
3116,2013-02-08 05:00:00+00:00,0.0
3116,2013-02-08 05:30:00+00:00,0.0
3116,2013-02-08 06:00:00+00:00,0.0
3116,2013-02-08 06:30:00+00:00,0.0
3116,2013-02-08 07:00:00+00:00,0.0
3116,2013-02-08 07:30:00+00:00,0.0
3116,2013-02-08 08:00:00+00:00,67.56
3116,2013-02-08 08:30:00+00:00,363.15
3116,2013-02-08 09:00:00+00:00,595.1
3116,2013-02-08 09:30:00+00:00,755.25
3116,2013-02-08 10:00:00+00:00,923.4
3116,2013-02-08 10:30:00+00:00,866.95
3116,2013-02-08 11:00:00+00:00,1142.95
3116,2013-02-08 11:30:00+00:00,926.1
3116,2013-02-08 12:00:00+00:00,932.05
3116,2013-02-08 12:30:00+00:00,1083.0
3116,2013-02-08 13:00:00+00:00,1095.1
3116,2013-02-08 13:30:00+00:00,767.95
3116,2013-02-08 14:00:00+00:00,672.75
3116,2013-02-08 14:30:00+00:00,305.26
3116,2013-02-08 15:00:00+00:00,175.11
3116,2013-02-08 15:30:00+00:00,147.33
3116,2013-02-08 16:00:00+00:00,94.47
3116,2013-02-08 16:30:00+00:00,5.34
3116,2013-02-08 17:00:00+00:00,0.0
3116,2013-02-08 17:30:00+00:00,0.0
3116,2013-02-08 18:00:00+00:00,0.0
3116,2013-02-08 18:30:00+00:00,0.0
3116,2013-02-08 19:00:00+00:00,0.0
3116,2013-02-08 19:30:00+00:00,0.0
3116,2013-02-08 20:00:00+00:00,0.0
3116,2013-02-08 20:30:00+00:00,0.0
3116,2013-02-08 21:00:00+00:00,0.0
3116,2013-02-08 21:30:00+00:00,0.0
3116,2013-02-08 22:00:00+00:00,0.0
3116,2013-02-08 22:30:00+00:00,0.0
3116,2013-02-08 23:00:00+00:00,0.0
3116,2013-02-08 23:30:00+00:00,0.0
3116,2013-02-09 00:00:00+00:00,0.0
3116,2013-02-09 00:30:00+00:00,0.0
3116,2013-02-09 01:00:00+00:00,0.0
3116,2013-02-09 01:30:00+00:00,0.0
3116,2013-02-09 02:00:00+00:00,0.0
3116,2013-02-09 02:30:00+00:00,0.0
3116,2013-02-09 03:00:00+00:00,0.0
3116,2013-02-09 03:30:00+00:00,0.0
3116,2013-02-09 04:00:00+00:00,0.0
3116,2013-02-09 04:30:00+00:00,0.0
3116,2013-02-09 05:00:00+00:00,0.0
3116,2013-02-09 05:30:00+00:00,0.0
3116,2013-02-09 06:00:00+00:00,0.0
3116,2013-02-09 06:30:00+00:00,0.0
3116,2013-02-09 07:00:00+00:00,0.0
3116,2013-02-09 07:30:00+00:00,0.0
3116,2013-02-09 08:00:00+00:00,0.13
3116,2013-02-09 08:30:00+00:00,10.65
3116,2013-02-09 09:00:00+00:00,47.82
3116,2013-02-09 09:30:00+00:00,109.88
3116,2013-02-09 10:00:00+00:00,169.74
3116,2013-02-09 10:30:00+00:00,188.67
3116,2013-02-09 11:00:00+00:00,174.66
3116,2013-02-09 11:30:00+00:00,123.76
3116,2013-02-09 12:00:00+00:00,179.06
3116,2013-02-09 12:30:00+00:00,199.9
3116,2013-02-09 13:00:00+00:00,151.35
3116,2013-02-09 13:30:00+00:00,128.78
3116,2013-02-09 14:00:00+00:00,101.76
3116,2013-02-09 14:30:00+00:00,76.22
3116,2013-02-09 15:00:00+00:00,38.76
3116,2013-02-09 15:30:00+00:00,31.12
3116,2013-02-09 16:00:00+00:00,25.52
3116,2013-02-09 16:30:00+00:00,7.58
3116,2013-02-09 17:00:00+00:00,0.0
3116,2013-02-09 17:30:00+00:00,0.0
3116,2013-02-09 18:00:00+00:00,0.0
3116,2013-02-09 18:30:00+00:00,0.0
3116,2013-02-09 19:00:00+00:00,0.0
3116,2013-02-09 19:30:00+00:00,0.0
3116,2013-02-09 20:00:00+00:00,0.0
3116,2013-02-09 20:30:00+00:00,0.0
3116,2013-02-09 21:00:00+00:00,0.0
3116,2013-02-09 21:30:00+00:00,0.0
3116,2013-02-09 22:00:00+00:00,0.0
3116,2013-02-09 22:30:00+00:00,0.0
3116,2013-02-09 23:00:00+00:00,0.0
3116,2013-02-09 23:30:00+00:00,0.0
3116,2013-02-10 00:00:00+00:00,0.0
3116,2013-02-10 00:30:00+00:00,0.0
3116,2013-02-10 01:00:00+00:00,0.0
3116,2013-02-10 01:30:00+00:00,0.0
3116,2013-02-10 02:00:00+00:00,0.0
3116,2013-02-10 02:30:00+00:00,0.0
3116,2013-02-10 03:00:00+00:00,0.0
3116,2013-02-10 03:30:00+00:00,0.0
3116,2013-02-10 04:00:00+00:00,0.0
3116,2013-02-10 04:30:00+00:00,0.0
3116,2013-02-10 05:00:00+00:00,0.0
3116,2013-02-10 05:30:00+00:00,0.0
3116,2013-02-10 06:00:00+00:00,0.0
3116,2013-02-10 06:30:00+00:00,0.0
3116,2013-02-10 07:00:00+00:00,0.0
3116,2013-02-10 07:30:00+00:00,0.0
3116,2013-02-10 08:00:00+00:00,0.06
3116,2013-02-10 08:30:00+00:00,0.78
3116,2013-02-10 09:00:00+00:00,12.14
3116,2013-02-10 09:30:00+00:00,31.89
3116,2013-02-10 10:00:00+00:00,56.79
3116,2013-02-10 10:30:00+00:00,56.65
3116,2013-02-10 11:00:00+00:00,40.09
3116,2013-02-10 11:30:00+00:00,37.59
3116,2013-02-10 12:00:00+00:00,52.57
3116,2013-02-10 12:30:00+00:00,91.88
3116,2013-02-10 13:00:00+00:00,133.03
3116,2013-02-10 13:30:00+00:00,80.19
3116,2013-02-10 14:00:00+00:00,35.32
3116,2013-02-10 14:30:00+00:00,41.51
3116,2013-02-10 15:00:00+00:00,34.31
3116,2013-02-10 15:30:00+00:00,22.87
3116,2013-02-10 16:00:00+00:00,0.0
3116,2013-02-10 16:30:00+00:00,0.06
3116,2013-02-10 17:00:00+00:00,0.0
3116,2013-02-10 17:30:00+00:00,0.0
3116,2013-02-10 18:00:00+00:00,0.0
3116,2013-02-10 18:30:00+00:00,0.0
3116,2013-02-10 19:00:00+00:00,0.0
3116,2013-02-10 19:30:00+00:00,0.0
3116,2013-02-10 20:00:00+00:00,0.0
3116,2013-02-10 20:30:00+00:00,0.0
3116,2013-02-10 21:00:00+00:00,0.0
3116,2013-02-10 21:30:00+00:00,0.0
3116,2013-02-10 22:00:00+00:00,0.0
3116,2013-02-10 22:30:00+00:00,0.0
3116,2013-02-10 23:00:00+00:00,0.0
3116,2013-02-10 23:30:00+00:00,0.0
3116,2013-02-11 00:00:00+00:00,0.0
3116,2013-02-11 00:30:00+00:00,0.0
3116,2013-02-11 01:00:00+00:00,0.0
3116,2013-02-11 01:30:00+00:00,0.0
3116,2013-02-11 02:00:00+00:00,0.0
3116,2013-02-11 02:30:00+00:00,0.0
3116,2013-02-11 03:00:00+00:00,0.0
3116,2013-02-11 03:30:00+00:00,0.0
3116,2013-02-11 04:00:00+00:00,0.0
3116,2013-02-11 04:30:00+00:00,0.0
3116,2013-02-11 05:00:00+00:00,0.0
3116,2013-02-11 05:30:00+00:00,0.0
3116,2013-02-11 06:00:00+00:00,0.0
3116,2013-02-11 06:30:00+00:00,0.0
3116,2013-02-11 07:00:00+00:00,0.0
3116,2013-02-11 07:30:00+00:00,0.0
3116,2013-02-11 08:00:00+00:00,0.07
3116,2013-02-11 08:30:00+00:00,16.31
3116,2013-02-11 09:00:00+00:00,13.82
3116,2013-02-11 09:30:00+00:00,27.92
3116,2013-02-11 10:00:00+00:00,40.61
3116,2013-02-11 10:30:00+00:00,14.64
3116,2013-02-11 11:00:00+00:00,30.19
3116,2013-02-11 11:30:00+00:00,64.9
3116,2013-02-11 12:00:00+00:00,60.79
3116,2013-02-11 12:30:00+00:00,96.0
3116,2013-02-11 13:00:00+00:00,79.51
3116,2013-02-11 13:30:00+00:00,81.95
3116,2013-02-11 14:00:00+00:00,121.11
3116,2013-02-11 14:30:00+00:00,108.23
3116,2013-02-11 15:00:00+00:00,36.27
3116,2013-02-11 15:30:00+00:00,11.1
3116,2013-02-11 16:00:00+00:00,5.32
3116,2013-02-11 16:30:00+00:00,1.6
3116,2013-02-11 17:00:00+00:00,0.0
3116,2013-02-11 17:30:00+00:00,0.0
3116,2013-02-11 18:00:00+00:00,0.0
3116,2013-02-11 18:30:00+00:00,0.0
3116,2013-02-11 19:00:00+00:00,0.0
3116,2013-02-11 19:30:00+00:00,0.0
3116,2013-02-11 20:00:00+00:00,0.0
3116,2013-02-11 20:30:00+00:00,0.0
3116,2013-02-11 21:00:00+00:00,0.0
3116,2013-02-11 21:30:00+00:00,0.0
3116,2013-02-11 22:00:00+00:00,0.0
3116,2013-02-11 22:30:00+00:00,0.0
3116,2013-02-11 23:00:00+00:00,0.0
3116,2013-02-11 23:30:00+00:00,0.0
3116,2013-02-12 00:00:00+00:00,0.0
3116,2013-02-12 00:30:00+00:00,0.0
3116,2013-02-12 01:00:00+00:00,0.0
3116,2013-02-12 01:30:00+00:00,0.0
3116,2013-02-12 02:00:00+00:00,0.0
3116,2013-02-12 02:30:00+00:00,0.0
3116,2013-02-12 03:00:00+00:00,0.0
3116,2013-02-12 03:30:00+00:00,0.0
3116,2013-02-12 04:00:00+00:00,0.0
3116,2013-02-12 04:30:00+00:00,0.0
3116,2013-02-12 05:00:00+00:00,0.0
3116,2013-02-12 05:30:00+00:00,0.0
3116,2013-02-12 06:00:00+00:00,0.0
3116,2013-02-12 06:30:00+00:00,0.0
3116,2013-02-12 07:00:00+00:00,0.0
3116,2013-02-12 07:30:00+00:00,0.0
3116,2013-02-12 08:00:00+00:00,0.03
3116,2013-02-12 08:30:00+00:00,0.41
3116,2013-02-12 09:00:00+00:00,22.34
3116,2013-02-12 09:30:00+00:00,38.59
3116,2013-02-12 10:00:00+00:00,43.91
3116,2013-02-12 10:30:00+00:00,38.97
3116,2013-02-12 11:00:00+00:00,59.81
3116,2013-02-12 11:30:00+00:00,67.09
3116,2013-02-12 12:00:00+00:00,76.74
3116,2013-02-12 12:30:00+00:00,85.53
3116,2013-02-12 13:00:00+00:00,90.1
3116,2013-02-12 13:30:00+00:00,46.66
3116,2013-02-12 14:00:00+00:00,43.1
3116,2013-02-12 14:30:00+00:00,63.5
3116,2013-02-12 15:00:00+00:00,75.03
3116,2013-02-12 15:30:00+00:00,44.37
3116,2013-02-12 16:00:00+00:00,9.33
3116,2013-02-12 16:30:00+00:00,0.0
3116,2013-02-12 17:00:00+00:00,0.0
3116,2013-02-12 17:30:00+00:00,0.0
3116,2013-02-12 18:00:00+00:00,0.0
3116,2013-02-12 18:30:00+00:00,0.0
3116,2013-02-12 19:00:00+00:00,0.0
3116,2013-02-12 19:30:00+00:00,0.0
3116,2013-02-12 20:00:00+00:00,0.0
3116,2013-02-12 20:30:00+00:00,0.0
3116,2013-02-12 21:00:00+00:00,0.0
3116,2013-02-12 21:30:00+00:00,0.0
3116,2013-02-12 22:00:00+00:00,0.0
3116,2013-02-12 22:30:00+00:00,0.0
3116,2013-02-12 23:00:00+00:00,0.0
3116,2013-02-12 23:30:00+00:00,0.0
3116,2013-02-13 00:00:00+00:00,0.0
3116,2013-02-13 00:30:00+00:00,0.0
3116,2013-02-13 01:00:00+00:00,0.0
3116,2013-02-13 01:30:00+00:00,0.0
3116,2013-02-13 02:00:00+00:00,0.0
3116,2013-02-13 02:30:00+00:00,0.0
3116,2013-02-13 03:00:00+00:00,0.0
3116,2013-02-13 03:30:00+00:00,0.0
3116,2013-02-13 04:00:00+00:00,0.0
3116,2013-02-13 04:30:00+00:00,0.0
3116,2013-02-13 05:00:00+00:00,0.0
3116,2013-02-13 05:30:00+00:00,0.0
3116,2013-02-13 06:00:00+00:00,0.0
3116,2013-02-13 06:30:00+00:00,0.0
3116,2013-02-13 07:00:00+00:00,0.0
3116,2013-02-13 07:30:00+00:00,0.68
3116,2013-02-13 08:00:00+00:00,79.08
3116,2013-02-13 08:30:00+00:00,155.08
3116,2013-02-13 09:00:00+00:00,130.45
3116,2013-02-13 09:30:00+00:00,317.45
3116,2013-02-13 10:00:00+00:00,604.65
3116,2013-02-13 10:30:00+00:00,483.54
3116,2013-02-13 11:00:00+00:00,847.45
3116,2013-02-13 11:30:00+00:00,624.45
3116,2013-02-13 12:00:00+00:00,386.07
3116,2013-02-13 12:30:00+00:00,278.5
3116,2013-02-13 13:00:00+00:00,214.62
3116,2013-02-13 13:30:00+00:00,122.55
3116,2013-02-13 14:00:00+00:00,98.96
3116,2013-02-13 14:30:00+00:00,85.01
3116,2013-02-13 15:00:00+00:00,44.55
3116,2013-02-13 15:30:00+00:00,48.25
3116,2013-02-13 16:00:00+00:00,48.91
3116,2013-02-13 16:30:00+00:00,9.88
3116,2013-02-13 17:00:00+00:00,0.0
3116,2013-02-13 17:30:00+00:00,0.0
3116,2013-02-13 18:00:00+00:00,0.0
3116,2013-02-13 18:30:00+00:00,0.0
3116,2013-02-13 19:00:00+00:00,0.0
3116,2013-02-13 19:30:00+00:00,0.0
3116,2013-02-13 20:00:00+00:00,0.0
3116,2013-02-13 20:30:00+00:00,0.0
3116,2013-02-13 21:00:00+00:00,0.0
3116,2013-02-13 21:30:00+00:00,0.0
3116,2013-02-13 22:00:00+00:00,0.0
3116,2013-02-13 22:30:00+00:00,0.0
3116,2013-02-13 23:00:00+00:00,0.0
3116,2013-02-13 23:30:00+00:00,0.0
3116,2013-02-14 00:00:00+00:00,0.0
3116,2013-02-14 00:30:00+00:00,0.0
3116,2013-02-14 01:00:00+00:00,0.0
3116,2013-02-14 01:30:00+00:00,0.0
3116,2013-02-14 02:00:00+00:00,0.0
3116,2013-02-14 02:30:00+00:00,0.0
3116,2013-02-14 03:00:00+00:00,0.0
3116,2013-02-14 03:30:00+00:00,0.0
3116,2013-02-14 04:00:00+00:00,0.0
3116,2013-02-14 04:30:00+00:00,0.0
3116,2013-02-14 05:00:00+00:00,0.0
3116,2013-02-14 05:30:00+00:00,0.0
3116,2013-02-14 06:00:00+00:00,0.0
3116,2013-02-14 06:30:00+00:00,0.0
3116,2013-02-14 07:00:00+00:00,0.0
3116,2013-02-14 07:30:00+00:00,0.0
3116,2013-02-14 08:00:00+00:00,0.02
3116,2013-02-14 08:30:00+00:00,0.06
3116,2013-02-14 09:00:00+00:00,17.26
3116,2013-02-14 09:30:00+00:00,107.29
3116,2013-02-14 10:00:00+00:00,100.98
3116,2013-02-14 10:30:00+00:00,91.06
3116,2013-02-14 11:00:00+00:00,426.59
3116,2013-02-14 11:30:00+00:00,998.7
3116,2013-02-14 12:00:00+00:00,306.06
3116,2013-02-14 12:30:00+00:00,1184.3
3116,2013-02-14 13:00:00+00:00,919.75
3116,2013-02-14 13:30:00+00:00,316.83
3116,2013-02-14 14:00:00+00:00,512.25
3116,2013-02-14 14:30:00+00:00,242.03
3116,2013-02-14 15:00:00+00:00,673.25
3116,2013-02-14 15:30:00+00:00,345.61
3116,2013-02-14 16:00:00+00:00,79.26
3116,2013-02-14 16:30:00+00:00,61.27
3116,2013-02-14 17:00:00+00:00,9.51
3116,2013-02-14 17:30:00+00:00,0.04
3116,2013-02-14 18:00:00+00:00,0.0
3116,2013-02-14 18:30:00+00:00,0.0
3116,2013-02-14 19:00:00+00:00,0.0
3116,2013-02-14 19:30:00+00:00,0.0
3116,2013-02-14 20:00:00+00:00,0.0
3116,2013-02-14 20:30:00+00:00,0.0
3116,2013-02-14 21:00:00+00:00,0.0
3116,2013-02-14 21:30:00+00:00,0.0
3116,2013-02-14 22:00:00+00:00,0.0
3116,2013-02-14 22:30:00+00:00,0.0
3116,2013-02-14 23:00:00+00:00,0.0
3116,2013-02-14 23:30:00+00:00,0.0
3116,2013-02-15 00:00:00+00:00,0.0
3116,2013-02-15 00:30:00+00:00,0.0
3116,2013-02-15 01:00:00+00:00,0.0
3116,2013-02-15 01:30:00+00:00,0.0
3116,2013-02-15 02:00:00+00:00,0.0
3116,2013-02-15 02:30:00+00:00,0.0
3116,2013-02-15 03:00:00+00:00,0.0
3116,2013-02-15 03:30:00+00:00,0.0
3116,2013-02-15 04:00:00+00:00,0.0
3116,2013-02-15 04:30:00+00:00,0.0
3116,2013-02-15 05:00:00+00:00,0.0
3116,2013-02-15 05:30:00+00:00,0.0
3116,2013-02-15 06:00:00+00:00,0.0
3116,2013-02-15 06:30:00+00:00,0.0
3116,2013-02-15 07:00:00+00:00,0.0
3116,2013-02-15 07:30:00+00:00,0.32
3116,2013-02-15 08:00:00+00:00,160.73
3116,2013-02-15 08:30:00+00:00,144.01
3116,2013-02-15 09:00:00+00:00,133.16
3116,2013-02-15 09:30:00+00:00,218.1
3116,2013-02-15 10:00:00+00:00,340.94
3116,2013-02-15 10:30:00+00:00,441.33
3116,2013-02-15 11:00:00+00:00,632.3
3116,2013-02-15 11:30:00+00:00,705.9
3116,2013-02-15 12:00:00+00:00,849.35
3116,2013-02-15 12:30:00+00:00,927.55
3116,2013-02-15 13:00:00+00:00,1036.05
3116,2013-02-15 13:30:00+00:00,1034.15
3116,2013-02-15 14:00:00+00:00,487.28
3116,2013-02-15 14:30:00+00:00,183.34
3116,2013-02-15 15:00:00+00:00,167.46
3116,2013-02-15 15:30:00+00:00,84.61
3116,2013-02-15 16:00:00+00:00,49.12
3116,2013-02-15 16:30:00+00:00,6.1
3116,2013-02-15 17:00:00+00:00,2.75
3116,2013-02-15 17:30:00+00:00,0.0
3116,2013-02-15 18:00:00+00:00,0.0
3116,2013-02-15 18:30:00+00:00,0.0
3116,2013-02-15 19:00:00+00:00,0.0
3116,2013-02-15 19:30:00+00:00,0.0
3116,2013-02-15 20:00:00+00:00,0.0
3116,2013-02-15 20:30:00+00:00,0.0
3116,2013-02-15 21:00:00+00:00,0.0
3116,2013-02-15 21:30:00+00:00,0.0
3116,2013-02-15 22:00:00+00:00,0.0
3116,2013-02-15 22:30:00+00:00,0.0
3116,2013-02-15 23:00:00+00:00,0.0
3116,2013-02-15 23:30:00+00:00,0.0
3116,2013-02-16 00:00:00+00:00,0.0
3116,2013-02-16 00:30:00+00:00,0.0
3116,2013-02-16 01:00:00+00:00,0.0
3116,2013-02-16 01:30:00+00:00,0.0
3116,2013-02-16 02:00:00+00:00,0.0
3116,2013-02-16 02:30:00+00:00,0.0
3116,2013-02-16 03:00:00+00:00,0.0
3116,2013-02-16 03:30:00+00:00,0.0
3116,2013-02-16 04:00:00+00:00,0.0
3116,2013-02-16 04:30:00+00:00,0.0
3116,2013-02-16 05:00:00+00:00,0.0
3116,2013-02-16 05:30:00+00:00,0.0
3116,2013-02-16 06:00:00+00:00,0.0
3116,2013-02-16 06:30:00+00:00,0.0
3116,2013-02-16 07:00:00+00:00,0.0
3116,2013-02-16 07:30:00+00:00,0.07
3116,2013-02-16 08:00:00+00:00,11.62
3116,2013-02-16 08:30:00+00:00,53.9
3116,2013-02-16 09:00:00+00:00,91.86
3116,2013-02-16 09:30:00+00:00,147.49
3116,2013-02-16 10:00:00+00:00,170.93
3116,2013-02-16 10:30:00+00:00,154.17
3116,2013-02-16 11:00:00+00:00,223.52
3116,2013-02-16 11:30:00+00:00,233.02
3116,2013-02-16 12:00:00+00:00,292.87
3116,2013-02-16 12:30:00+00:00,257.17
3116,2013-02-16 13:00:00+00:00,273.46
3116,2013-02-16 13:30:00+00:00,349.53
3116,2013-02-16 14:00:00+00:00,344.64
3116,2013-02-16 14:30:00+00:00,224.22
3116,2013-02-16 15:00:00+00:00,163.59
3116,2013-02-16 15:30:00+00:00,193.88
3116,2013-02-16 16:00:00+00:00,120.99
3116,2013-02-16 16:30:00+00:00,72.66
3116,2013-02-16 17:00:00+00:00,27.89
3116,2013-02-16 17:30:00+00:00,0.1
3116,2013-02-16 18:00:00+00:00,0.0
3116,2013-02-16 18:30:00+00:00,0.0
3116,2013-02-16 19:00:00+00:00,0.0
3116,2013-02-16 19:30:00+00:00,0.0
3116,2013-02-16 20:00:00+00:00,0.0
3116,2013-02-16 20:30:00+00:00,0.0
3116,2013-02-16 21:00:00+00:00,0.0
3116,2013-02-16 21:30:00+00:00,0.0
3116,2013-02-16 22:00:00+00:00,0.0
3116,2013-02-16 22:30:00+00:00,0.0
3116,2013-02-16 23:00:00+00:00,0.0
3116,2013-02-16 23:30:00+00:00,0.0
3116,2013-02-17 00:00:00+00:00,0.0
3116,2013-02-17 00:30:00+00:00,0.0
3116,2013-02-17 01:00:00+00:00,0.0
3116,2013-02-17 01:30:00+00:00,0.0
3116,2013-02-17 02:00:00+00:00,0.0
3116,2013-02-17 02:30:00+00:00,0.0
3116,2013-02-17 03:00:00+00:00,0.0
3116,2013-02-17 03:30:00+00:00,0.0
3116,2013-02-17 04:00:00+00:00,0.0
3116,2013-02-17 04:30:00+00:00,0.0
3116,2013-02-17 05:00:00+00:00,0.0
3116,2013-02-17 05:30:00+00:00,0.0
3116,2013-02-17 06:00:00+00:00,0.0
3116,2013-02-17 06:30:00+00:00,0.0
3116,2013-02-17 07:00:00+00:00,0.0
3116,2013-02-17 07:30:00+00:00,1.88
3116,2013-02-17 08:00:00+00:00,122.17
3116,2013-02-17 08:30:00+00:00,274.54
3116,2013-02-17 09:00:00+00:00,498.9
3116,2013-02-17 09:30:00+00:00,802.1
3116,2013-02-17 10:00:00+00:00,897.65
3116,2013-02-17 10:30:00+00:00,996.75
3116,2013-02-17 11:00:00+00:00,1064.2
3116,2013-02-17 11:30:00+00:00,1152.25
3116,2013-02-17 12:00:00+00:00,1205.65
3116,2013-02-17 12:30:00+00:00,1198.3
3116,2013-02-17 13:00:00+00:00,1161.6
3116,2013-02-17 13:30:00+00:00,1095.45
3116,2013-02-17 14:00:00+00:00,746.1
3116,2013-02-17 14:30:00+00:00,550.8
3116,2013-02-17 15:00:00+00:00,373.88
3116,2013-02-17 15:30:00+00:00,171.63
3116,2013-02-17 16:00:00+00:00,64.86
3116,2013-02-17 16:30:00+00:00,20.57
3116,2013-02-17 17:00:00+00:00,0.92
3116,2013-02-17 17:30:00+00:00,0.0
3116,2013-02-17 18:00:00+00:00,0.0
3116,2013-02-17 18:30:00+00:00,0.0
3116,2013-02-17 19:00:00+00:00,0.0
3116,2013-02-17 19:30:00+00:00,0.0
3116,2013-02-17 20:00:00+00:00,0.0
3116,2013-02-17 20:30:00+00:00,0.0
3116,2013-02-17 21:00:00+00:00,0.0
3116,2013-02-17 21:30:00+00:00,0.0
3116,2013-02-17 22:00:00+00:00,0.0
3116,2013-02-17 22:30:00+00:00,0.0
3116,2013-02-17 23:00:00+00:00,0.0
3116,2013-02-17 23:30:00+00:00,0.0
3116,2013-02-18 00:00:00+00:00,0.0
3116,2013-02-18 00:30:00+00:00,0.0
3116,2013-02-18 01:00:00+00:00,0.0
3116,2013-02-18 01:30:00+00:00,0.0
3116,2013-02-18 02:00:00+00:00,0.0
3116,2013-02-18 02:30:00+00:00,0.0
3116,2013-02-18 03:00:00+00:00,0.0
3116,2013-02-18 03:30:00+00:00,0.0
3116,2013-02-18 04:00:00+00:00,0.0
3116,2013-02-18 04:30:00+00:00,0.0
3116,2013-02-18 05:00:00+00:00,0.0
3116,2013-02-18 05:30:00+00:00,0.0
3116,2013-02-18 06:00:00+00:00,0.0
3116,2013-02-18 06:30:00+00:00,0.0
3116,2013-02-18 07:00:00+00:00,0.01
3116,2013-02-18 07:30:00+00:00,0.06
3116,2013-02-18 08:00:00+00:00,17.12
3116,2013-02-18 08:30:00+00:00,65.65
3116,2013-02-18 09:00:00+00:00,142.1
3116,2013-02-18 09:30:00+00:00,175.27
3116,2013-02-18 10:00:00+00:00,160.39
3116,2013-02-18 10:30:00+00:00,269.87
3116,2013-02-18 11:00:00+00:00,581.45
3116,2013-02-18 11:30:00+00:00,1045.5
3116,2013-02-18 12:00:00+00:00,1079.55
3116,2013-02-18 12:30:00+00:00,1124.75
3116,2013-02-18 13:00:00+00:00,1176.7
3116,2013-02-18 13:30:00+00:00,879.25
3116,2013-02-18 14:00:00+00:00,815.0
3116,2013-02-18 14:30:00+00:00,692.6
3116,2013-02-18 15:00:00+00:00,519.6
3116,2013-02-18 15:30:00+00:00,391.02
3116,2013-02-18 16:00:00+00:00,341.08
3116,2013-02-18 16:30:00+00:00,189.71
3116,2013-02-18 17:00:00+00:00,57.0
3116,2013-02-18 17:30:00+00:00,2.31
3116,2013-02-18 18:00:00+00:00,0.0
3116,2013-02-18 18:30:00+00:00,0.0
3116,2013-02-18 19:00:00+00:00,0.0
3116,2013-02-18 19:30:00+00:00,0.0
3116,2013-02-18 20:00:00+00:00,0.0
3116,2013-02-18 20:30:00+00:00,0.0
3116,2013-02-18 21:00:00+00:00,0.0
3116,2013-02-18 21:30:00+00:00,0.0
3116,2013-02-18 22:00:00+00:00,0.0
3116,2013-02-18 22:30:00+00:00,0.0
3116,2013-02-18 23:00:00+00:00,0.0
3116,2013-02-18 23:30:00+00:00,0.0
3116,2013-02-19 00:00:00+00:00,0.0
3116,2013-02-19 00:30:00+00:00,0.0
3116,2013-02-19 01:00:00+00:00,0.0
3116,2013-02-19 01:30:00+00:00,0.0
3116,2013-02-19 02:00:00+00:00,0.0
3116,2013-02-19 02:30:00+00:00,0.0
3116,2013-02-19 03:00:00+00:00,0.0
3116,2013-02-19 03:30:00+00:00,0.0
3116,2013-02-19 04:00:00+00:00,0.0
3116,2013-02-19 04:30:00+00:00,0.0
3116,2013-02-19 05:00:00+00:00,0.0
3116,2013-02-19 05:30:00+00:00,0.0
3116,2013-02-19 06:00:00+00:00,0.0
3116,2013-02-19 06:30:00+00:00,0.0
3116,2013-02-19 07:00:00+00:00,0.0
3116,2013-02-19 07:30:00+00:00,17.6
3116,2013-02-19 08:00:00+00:00,204.99
3116,2013-02-19 08:30:00+00:00,441.82
3116,2013-02-19 09:00:00+00:00,653.4
3116,2013-02-19 09:30:00+00:00,816.95
3116,2013-02-19 10:00:00+00:00,940.55
3116,2013-02-19 10:30:00+00:00,1030.95
3116,2013-02-19 11:00:00+00:00,1126.45
3116,2013-02-19 11:30:00+00:00,1177.15
3116,2013-02-19 12:00:00+00:00,1179.0
3116,2013-02-19 12:30:00+00:00,1163.65
3116,2013-02-19 13:00:00+00:00,1132.3
3116,2013-02-19 13:30:00+00:00,1076.15
3116,2013-02-19 14:00:00+00:00,1008.5
3116,2013-02-19 14:30:00+00:00,897.05
3116,2013-02-19 15:00:00+00:00,760.35
3116,2013-02-19 15:30:00+00:00,613.0
3116,2013-02-19 16:00:00+00:00,408.69
3116,2013-02-19 16:30:00+00:00,200.87
3116,2013-02-19 17:00:00+00:00,72.74
3116,2013-02-19 17:30:00+00:00,2.39
3116,2013-02-19 18:00:00+00:00,0.0
3116,2013-02-19 18:30:00+00:00,0.0
3116,2013-02-19 19:00:00+00:00,0.0
3116,2013-02-19 19:30:00+00:00,0.0
3116,2013-02-19 20:00:00+00:00,0.0
3116,2013-02-19 20:30:00+00:00,0.0
3116,2013-02-19 21:00:00+00:00,0.0
3116,2013-02-19 21:30:00+00:00,0.0
3116,2013-02-19 22:00:00+00:00,0.0
3116,2013-02-19 22:30:00+00:00,0.0
3116,2013-02-19 23:00:00+00:00,0.0
3116,2013-02-19 23:30:00+00:00,0.0
3116,2013-02-20 00:00:00+00:00,0.0
3116,2013-02-20 00:30:00+00:00,0.0
3116,2013-02-20 01:00:00+00:00,0.0
3116,2013-02-20 01:30:00+00:00,0.0
3116,2013-02-20 02:00:00+00:00,0.0
3116,2013-02-20 02:30:00+00:00,0.0
3116,2013-02-20 03:00:00+00:00,0.0
3116,2013-02-20 03:30:00+00:00,0.0
3116,2013-02-20 04:00:00+00:00,0.0
3116,2013-02-20 04:30:00+00:00,0.0
3116,2013-02-20 05:00:00+00:00,0.0
3116,2013-02-20 05:30:00+00:00,0.0
3116,2013-02-20 06:00:00+00:00,0.0
3116,2013-02-20 06:30:00+00:00,0.0
3116,2013-02-20 07:00:00+00:00,0.0
3116,2013-02-20 07:30:00+00:00,0.07
3116,2013-02-20 08:00:00+00:00,23.8
3116,2013-02-20 08:30:00+00:00,117.14
3116,2013-02-20 09:00:00+00:00,156.86
3116,2013-02-20 09:30:00+00:00,103.81
3116,2013-02-20 10:00:00+00:00,112.82
3116,2013-02-20 10:30:00+00:00,116.85
3116,2013-02-20 11:00:00+00:00,165.64
3116,2013-02-20 11:30:00+00:00,149.4
3116,2013-02-20 12:00:00+00:00,172.02
3116,2013-02-20 12:30:00+00:00,144.34
3116,2013-02-20 13:00:00+00:00,148.15
3116,2013-02-20 13:30:00+00:00,180.41
3116,2013-02-20 14:00:00+00:00,161.23
3116,2013-02-20 14:30:00+00:00,247.88
3116,2013-02-20 15:00:00+00:00,711.1
3116,2013-02-20 15:30:00+00:00,671.0
3116,2013-02-20 16:00:00+00:00,342.32
3116,2013-02-20 16:30:00+00:00,181.08
3116,2013-02-20 17:00:00+00:00,93.95
3116,2013-02-20 17:30:00+00:00,2.11
3116,2013-02-20 18:00:00+00:00,0.0
3116,2013-02-20 18:30:00+00:00,0.0
3116,2013-02-20 19:00:00+00:00,0.0
3116,2013-02-20 19:30:00+00:00,0.0
3116,2013-02-20 20:00:00+00:00,0.0
3116,2013-02-20 20:30:00+00:00,0.0
3116,2013-02-20 21:00:00+00:00,0.0
3116,2013-02-20 21:30:00+00:00,0.0
3116,2013-02-20 22:00:00+00:00,0.0
3116,2013-02-20 22:30:00+00:00,0.0
3116,2013-02-20 23:00:00+00:00,0.0
3116,2013-02-20 23:30:00+00:00,0.0
3116,2013-02-21 00:00:00+00:00,0.0
3116,2013-02-21 00:30:00+00:00,0.0
3116,2013-02-21 01:00:00+00:00,0.0
3116,2013-02-21 01:30:00+00:00,0.0
3116,2013-02-21 02:00:00+00:00,0.0
3116,2013-02-21 02:30:00+00:00,0.0
3116,2013-02-21 03:00:00+00:00,0.0
3116,2013-02-21 03:30:00+00:00,0.0
3116,2013-02-21 04:00:00+00:00,0.0
3116,2013-02-21 04:30:00+00:00,0.0
3116,2013-02-21 05:00:00+00:00,0.0
3116,2013-02-21 05:30:00+00:00,0.0
3116,2013-02-21 06:00:00+00:00,0.0
3116,2013-02-21 06:30:00+00:00,0.0
3116,2013-02-21 07:00:00+00:00,0.0
3116,2013-02-21 07:30:00+00:00,0.02
3116,2013-02-21 08:00:00+00:00,1.33
3116,2013-02-21 08:30:00+00:00,14.93
3116,2013-02-21 09:00:00+00:00,16.79
3116,2013-02-21 09:30:00+00:00,38.16
3116,2013-02-21 10:00:00+00:00,64.71
3116,2013-02-21 10:30:00+00:00,75.09
3116,2013-02-21 11:00:00+00:00,81.43
3116,2013-02-21 11:30:00+00:00,77.32
3116,2013-02-21 12:00:00+00:00,72.81
3116,2013-02-21 12:30:00+00:00,97.23
3116,2013-02-21 13:00:00+00:00,125.28
3116,2013-02-21 13:30:00+00:00,164.43
3116,2013-02-21 14:00:00+00:00,219.72
3116,2013-02-21 14:30:00+00:00,156.5
3116,2013-02-21 15:00:00+00:00,120.86
3116,2013-02-21 15:30:00+00:00,60.64
3116,2013-02-21 16:00:00+00:00,48.79
3116,2013-02-21 16:30:00+00:00,14.19
3116,2013-02-21 17:00:00+00:00,0.92
3116,2013-02-21 17:30:00+00:00,0.0
3116,2013-02-21 18:00:00+00:00,0.0
3116,2013-02-21 18:30:00+00:00,0.0
3116,2013-02-21 19:00:00+00:00,0.0
3116,2013-02-21 19:30:00+00:00,0.0
3116,2013-02-21 20:00:00+00:00,0.0
3116,2013-02-21 20:30:00+00:00,0.0
3116,2013-02-21 21:00:00+00:00,0.0
3116,2013-02-21 21:30:00+00:00,0.0
3116,2013-02-21 22:00:00+00:00,0.0
3116,2013-02-21 22:30:00+00:00,0.0
3116,2013-02-21 23:00:00+00:00,0.0
3116,2013-02-21 23:30:00+00:00,0.0
3116,2013-02-22 00:00:00+00:00,0.0
3116,2013-02-22 00:30:00+00:00,0.0
3116,2013-02-22 01:00:00+00:00,0.0
3116,2013-02-22 01:30:00+00:00,0.0
3116,2013-02-22 02:00:00+00:00,0.0
3116,2013-02-22 02:30:00+00:00,0.0
3116,2013-02-22 03:00:00+00:00,0.0
3116,2013-02-22 03:30:00+00:00,0.0
3116,2013-02-22 04:00:00+00:00,0.0
3116,2013-02-22 04:30:00+00:00,0.0
3116,2013-02-22 05:00:00+00:00,0.0
3116,2013-02-22 05:30:00+00:00,0.0
3116,2013-02-22 06:00:00+00:00,0.0
3116,2013-02-22 06:30:00+00:00,0.0
3116,2013-02-22 07:00:00+00:00,0.0
3116,2013-02-22 07:30:00+00:00,0.01
3116,2013-02-22 08:00:00+00:00,0.0
3116,2013-02-22 08:30:00+00:00,21.5
3116,2013-02-22 09:00:00+00:00,50.36
3116,2013-02-22 09:30:00+00:00,108.76
3116,2013-02-22 10:00:00+00:00,160.65
3116,2013-02-22 10:30:00+00:00,122.93
3116,2013-02-22 11:00:00+00:00,134.17
3116,2013-02-22 11:30:00+00:00,149.12
3116,2013-02-22 12:00:00+00:00,199.06
3116,2013-02-22 12:30:00+00:00,203.26
3116,2013-02-22 13:00:00+00:00,278.74
3116,2013-02-22 13:30:00+00:00,262.93
3116,2013-02-22 14:00:00+00:00,256.95
3116,2013-02-22 14:30:00+00:00,143.21
3116,2013-02-22 15:00:00+00:00,193.38
3116,2013-02-22 15:30:00+00:00,64.46
3116,2013-02-22 16:00:00+00:00,36.39
3116,2013-02-22 16:30:00+00:00,8.24
3116,2013-02-22 17:00:00+00:00,0.0
3116,2013-02-22 17:30:00+00:00,0.01
3116,2013-02-22 18:00:00+00:00,0.0
3116,2013-02-22 18:30:00+00:00,0.0
3116,2013-02-22 19:00:00+00:00,0.0
3116,2013-02-22 19:30:00+00:00,0.0
3116,2013-02-22 20:00:00+00:00,0.0
3116,2013-02-22 20:30:00+00:00,0.0
3116,2013-02-22 21:00:00+00:00,0.0
3116,2013-02-22 21:30:00+00:00,0.0
3116,2013-02-22 22:00:00+00:00,0.0
3116,2013-02-22 22:30:00+00:00,0.0
3116,2013-02-22 23:00:00+00:00,0.0
3116,2013-02-22 23:30:00+00:00,0.0
3116,2013-02-23 00:00:00+00:00,0.0
3116,2013-02-23 00:30:00+00:00,0.0
3116,2013-02-23 01:00:00+00:00,0.0
3116,2013-02-23 01:30:00+00:00,0.0
3116,2013-02-23 02:00:00+00:00,0.0
3116,2013-02-23 02:30:00+00:00,0.0
3116,2013-02-23 03:00:00+00:00,0.0
3116,2013-02-23 03:30:00+00:00,0.0
3116,2013-02-23 04:00:00+00:00,0.0
3116,2013-02-23 04:30:00+00:00,0.0
3116,2013-02-23 05:00:00+00:00,0.0
3116,2013-02-23 05:30:00+00:00,0.0
3116,2013-02-23 06:00:00+00:00,0.0
3116,2013-02-23 06:30:00+00:00,0.0
3116,2013-02-23 07:00:00+00:00,0.0
3116,2013-02-23 07:30:00+00:00,5.16
3116,2013-02-23 08:00:00+00:00,27.75
3116,2013-02-23 08:30:00+00:00,87.78
3116,2013-02-23 09:00:00+00:00,101.75
3116,2013-02-23 09:30:00+00:00,171.2
3116,2013-02-23 10:00:00+00:00,313.46
3116,2013-02-23 10:30:00+00:00,438.73
3116,2013-02-23 11:00:00+00:00,406.27
3116,2013-02-23 11:30:00+00:00,530.5
3116,2013-02-23 12:00:00+00:00,304.53
3116,2013-02-23 12:30:00+00:00,299.04
3116,2013-02-23 13:00:00+00:00,197.52
3116,2013-02-23 13:30:00+00:00,112.88
3116,2013-02-23 14:00:00+00:00,147.5
3116,2013-02-23 14:30:00+00:00,168.33
3116,2013-02-23 15:00:00+00:00,155.33
3116,2013-02-23 15:30:00+00:00,98.26
3116,2013-02-23 16:00:00+00:00,66.26
3116,2013-02-23 16:30:00+00:00,26.57
3116,2013-02-23 17:00:00+00:00,6.76
3116,2013-02-23 17:30:00+00:00,0.0
3116,2013-02-23 18:00:00+00:00,0.0
3116,2013-02-23 18:30:00+00:00,0.0
3116,2013-02-23 19:00:00+00:00,0.0
3116,2013-02-23 19:30:00+00:00,0.0
3116,2013-02-23 20:00:00+00:00,0.0
3116,2013-02-23 20:30:00+00:00,0.0
3116,2013-02-23 21:00:00+00:00,0.0
3116,2013-02-23 21:30:00+00:00,0.0
3116,2013-02-23 22:00:00+00:00,0.0
3116,2013-02-23 22:30:00+00:00,0.0
3116,2013-02-23 23:00:00+00:00,0.0
3116,2013-02-23 23:30:00+00:00,0.0
3116,2013-02-24 00:00:00+00:00,0.0
3116,2013-02-24 00:30:00+00:00,0.0
3116,2013-02-24 01:00:00+00:00,0.0
3116,2013-02-24 01:30:00+00:00,0.0
3116,2013-02-24 02:00:00+00:00,0.0
3116,2013-02-24 02:30:00+00:00,0.0
3116,2013-02-24 03:00:00+00:00,0.0
3116,2013-02-24 03:30:00+00:00,0.0
3116,2013-02-24 04:00:00+00:00,0.0
3116,2013-02-24 04:30:00+00:00,0.0
3116,2013-02-24 05:00:00+00:00,0.0
3116,2013-02-24 05:30:00+00:00,0.0
3116,2013-02-24 06:00:00+00:00,0.0
3116,2013-02-24 06:30:00+00:00,0.0
3116,2013-02-24 07:00:00+00:00,0.0
3116,2013-02-24 07:30:00+00:00,0.01
3116,2013-02-24 08:00:00+00:00,0.3
3116,2013-02-24 08:30:00+00:00,11.25
3116,2013-02-24 09:00:00+00:00,13.76
3116,2013-02-24 09:30:00+00:00,30.84
3116,2013-02-24 10:00:00+00:00,44.71
3116,2013-02-24 10:30:00+00:00,51.85
3116,2013-02-24 11:00:00+00:00,52.94
3116,2013-02-24 11:30:00+00:00,68.56
3116,2013-02-24 12:00:00+00:00,93.59
3116,2013-02-24 12:30:00+00:00,96.53
3116,2013-02-24 13:00:00+00:00,101.92
3116,2013-02-24 13:30:00+00:00,84.3
3116,2013-02-24 14:00:00+00:00,64.99
3116,2013-02-24 14:30:00+00:00,78.33
3116,2013-02-24 15:00:00+00:00,103.62
3116,2013-02-24 15:30:00+00:00,162.83
3116,2013-02-24 16:00:00+00:00,104.24
3116,2013-02-24 16:30:00+00:00,58.78
3116,2013-02-24 17:00:00+00:00,16.96
3116,2013-02-24 17:30:00+00:00,0.0
3116,2013-02-24 18:00:00+00:00,0.0
3116,2013-02-24 18:30:00+00:00,0.0
3116,2013-02-24 19:00:00+00:00,0.0
3116,2013-02-24 19:30:00+00:00,0.0
3116,2013-02-24 20:00:00+00:00,0.0
3116,2013-02-24 20:30:00+00:00,0.0
3116,2013-02-24 21:00:00+00:00,0.0
3116,2013-02-24 21:30:00+00:00,0.0
3116,2013-02-24 22:00:00+00:00,0.0
3116,2013-02-24 22:30:00+00:00,0.0
3116,2013-02-24 23:00:00+00:00,0.0
3116,2013-02-24 23:30:00+00:00,0.0
3116,2013-02-25 00:00:00+00:00,0.0
3116,2013-02-25 00:30:00+00:00,0.0
3116,2013-02-25 01:00:00+00:00,0.0
3116,2013-02-25 01:30:00+00:00,0.0
3116,2013-02-25 02:00:00+00:00,0.0
3116,2013-02-25 02:30:00+00:00,0.0
3116,2013-02-25 03:00:00+00:00,0.0
3116,2013-02-25 03:30:00+00:00,0.0
3116,2013-02-25 04:00:00+00:00,0.0
3116,2013-02-25 04:30:00+00:00,0.0
3116,2013-02-25 05:00:00+00:00,0.0
3116,2013-02-25 05:30:00+00:00,0.0
3116,2013-02-25 06:00:00+00:00,0.0
3116,2013-02-25 06:30:00+00:00,0.0
3116,2013-02-25 07:00:00+00:00,0.0
3116,2013-02-25 07:30:00+00:00,0.03
3116,2013-02-25 08:00:00+00:00,0.64
3116,2013-02-25 08:30:00+00:00,16.39
3116,2013-02-25 09:00:00+00:00,19.9
3116,2013-02-25 09:30:00+00:00,39.78
3116,2013-02-25 10:00:00+00:00,50.31
3116,2013-02-25 10:30:00+00:00,77.89
3116,2013-02-25 11:00:00+00:00,99.96
3116,2013-02-25 11:30:00+00:00,96.85
3116,2013-02-25 12:00:00+00:00,103.05
3116,2013-02-25 12:30:00+00:00,68.88
3116,2013-02-25 13:00:00+00:00,48.52
3116,2013-02-25 13:30:00+00:00,49.45
3116,2013-02-25 14:00:00+00:00,56.19
3116,2013-02-25 14:30:00+00:00,37.88
3116,2013-02-25 15:00:00+00:00,23.9
3116,2013-02-25 15:30:00+00:00,22.22
3116,2013-02-25 16:00:00+00:00,14.72
3116,2013-02-25 16:30:00+00:00,0.73
3116,2013-02-25 17:00:00+00:00,0.0
3116,2013-02-25 17:30:00+00:00,0.01
3116,2013-02-25 18:00:00+00:00,0.0
3116,2013-02-25 18:30:00+00:00,0.0
3116,2013-02-25 19:00:00+00:00,0.0
3116,2013-02-25 19:30:00+00:00,0.0
3116,2013-02-25 20:00:00+00:00,0.0
3116,2013-02-25 20:30:00+00:00,0.0
3116,2013-02-25 21:00:00+00:00,0.0
3116,2013-02-25 21:30:00+00:00,0.0
3116,2013-02-25 22:00:00+00:00,0.0
3116,2013-02-25 22:30:00+00:00,0.0
3116,2013-02-25 23:00:00+00:00,0.0
3116,2013-02-25 23:30:00+00:00,0.0
3116,2013-02-26 00:00:00+00:00,0.0
3116,2013-02-26 00:30:00+00:00,0.0
3116,2013-02-26 01:00:00+00:00,0.0
3116,2013-02-26 01:30:00+00:00,0.0
3116,2013-02-26 02:00:00+00:00,0.0
3116,2013-02-26 02:30:00+00:00,0.0
3116,2013-02-26 03:00:00+00:00,0.0
3116,2013-02-26 03:30:00+00:00,0.0
3116,2013-02-26 04:00:00+00:00,0.0
3116,2013-02-26 04:30:00+00:00,0.0
3116,2013-02-26 05:00:00+00:00,0.0
3116,2013-02-26 05:30:00+00:00,0.0
3116,2013-02-26 06:00:00+00:00,0.0
3116,2013-02-26 06:30:00+00:00,0.0
3116,2013-02-26 07:00:00+00:00,0.0
3116,2013-02-26 07:30:00+00:00,0.0
3116,2013-02-26 08:00:00+00:00,0.07
3116,2013-02-26 08:30:00+00:00,1.22
3116,2013-02-26 09:00:00+00:00,4.52
3116,2013-02-26 09:30:00+00:00,20.93
3116,2013-02-26 10:00:00+00:00,24.14
3116,2013-02-26 10:30:00+00:00,44.08
3116,2013-02-26 11:00:00+00:00,52.12
3116,2013-02-26 11:30:00+00:00,49.36
3116,2013-02-26 12:00:00+00:00,63.46
3116,2013-02-26 12:30:00+00:00,80.39
3116,2013-02-26 13:00:00+00:00,80.43
3116,2013-02-26 13:30:00+00:00,71.1
3116,2013-02-26 14:00:00+00:00,49.33
3116,2013-02-26 14:30:00+00:00,54.53
3116,2013-02-26 15:00:00+00:00,63.41
3116,2013-02-26 15:30:00+00:00,31.72
3116,2013-02-26 16:00:00+00:00,8.07
3116,2013-02-26 16:30:00+00:00,0.56
3116,2013-02-26 17:00:00+00:00,0.05
3116,2013-02-26 17:30:00+00:00,0.01
3116,2013-02-26 18:00:00+00:00,0.0
3116,2013-02-26 18:30:00+00:00,0.0
3116,2013-02-26 19:00:00+00:00,0.0
3116,2013-02-26 19:30:00+00:00,0.0
3116,2013-02-26 20:00:00+00:00,0.0
3116,2013-02-26 20:30:00+00:00,0.0
3116,2013-02-26 21:00:00+00:00,0.0
3116,2013-02-26 21:30:00+00:00,0.0
3116,2013-02-26 22:00:00+00:00,0.0
3116,2013-02-26 22:30:00+00:00,0.0
3116,2013-02-26 23:00:00+00:00,0.0
3116,2013-02-26 23:30:00+00:00,0.0
3116,2013-02-27 00:00:00+00:00,0.0
3116,2013-02-27 00:30:00+00:00,0.0
3116,2013-02-27 01:00:00+00:00,0.0
3116,2013-02-27 01:30:00+00:00,0.0
3116,2013-02-27 02:00:00+00:00,0.0
3116,2013-02-27 02:30:00+00:00,0.0
3116,2013-02-27 03:00:00+00:00,0.0
3116,2013-02-27 03:30:00+00:00,0.0
3116,2013-02-27 04:00:00+00:00,0.0
3116,2013-02-27 04:30:00+00:00,0.0
3116,2013-02-27 05:00:00+00:00,0.0
3116,2013-02-27 05:30:00+00:00,0.0
3116,2013-02-27 06:00:00+00:00,0.0
3116,2013-02-27 06:30:00+00:00,0.0
3116,2013-02-27 07:00:00+00:00,0.0
3116,2013-02-27 07:30:00+00:00,0.03
3116,2013-02-27 08:00:00+00:00,0.02
3116,2013-02-27 08:30:00+00:00,5.5
3116,2013-02-27 09:00:00+00:00,27.46
3116,2013-02-27 09:30:00+00:00,44.08
3116,2013-02-27 10:00:00+00:00,92.61
3116,2013-02-27 10:30:00+00:00,125.41
3116,2013-02-27 11:00:00+00:00,186.34
3116,2013-02-27 11:30:00+00:00,196.87
3116,2013-02-27 12:00:00+00:00,272.38
3116,2013-02-27 12:30:00+00:00,442.5
3116,2013-02-27 13:00:00+00:00,798.95
3116,2013-02-27 13:30:00+00:00,363.76
3116,2013-02-27 14:00:00+00:00,461.25
3116,2013-02-27 14:30:00+00:00,786.95
3116,2013-02-27 15:00:00+00:00,634.85
3116,2013-02-27 15:30:00+00:00,604.3
3116,2013-02-27 16:00:00+00:00,377.07
3116,2013-02-27 16:30:00+00:00,264.33
3116,2013-02-27 17:00:00+00:00,108.36
3116,2013-02-27 17:30:00+00:00,22.12
3116,2013-02-27 18:00:00+00:00,0.0
3116,2013-02-27 18:30:00+00:00,0.0
3116,2013-02-27 19:00:00+00:00,0.0
3116,2013-02-27 19:30:00+00:00,0.0
3116,2013-02-27 20:00:00+00:00,0.0
3116,2013-02-27 20:30:00+00:00,0.0
3116,2013-02-27 21:00:00+00:00,0.0
3116,2013-02-27 21:30:00+00:00,0.0
3116,2013-02-27 22:00:00+00:00,0.0
3116,2013-02-27 22:30:00+00:00,0.0
3116,2013-02-27 23:00:00+00:00,0.0
3116,2013-02-27 23:30:00+00:00,0.0
3116,2013-02-28 00:00:00+00:00,0.0
3116,2013-02-28 00:30:00+00:00,0.0
3116,2013-02-28 01:00:00+00:00,0.0
3116,2013-02-28 01:30:00+00:00,0.0
3116,2013-02-28 02:00:00+00:00,0.0
3116,2013-02-28 02:30:00+00:00,0.0
3116,2013-02-28 03:00:00+00:00,0.0
3116,2013-02-28 03:30:00+00:00,0.0
3116,2013-02-28 04:00:00+00:00,0.0
3116,2013-02-28 04:30:00+00:00,0.0
3116,2013-02-28 05:00:00+00:00,0.0
3116,2013-02-28 05:30:00+00:00,0.0
3116,2013-02-28 06:00:00+00:00,0.0
3116,2013-02-28 06:30:00+00:00,0.0
3116,2013-02-28 07:00:00+00:00,0.01
3116,2013-02-28 07:30:00+00:00,5.36
3116,2013-02-28 08:00:00+00:00,40.54
3116,2013-02-28 08:30:00+00:00,98.49
3116,2013-02-28 09:00:00+00:00,178.59
3116,2013-02-28 09:30:00+00:00,264.88
3116,2013-02-28 10:00:00+00:00,258.1
3116,2013-02-28 10:30:00+00:00,183.5
3116,2013-02-28 11:00:00+00:00,175.62
3116,2013-02-28 11:30:00+00:00,157.24
3116,2013-02-28 12:00:00+00:00,175.4
3116,2013-02-28 12:30:00+00:00,223.22
3116,2013-02-28 13:00:00+00:00,286.09
3116,2013-02-28 13:30:00+00:00,327.87
3116,2013-02-28 14:00:00+00:00,539.45
3116,2013-02-28 14:30:00+00:00,665.0
3116,2013-02-28 15:00:00+00:00,678.65
3116,2013-02-28 15:30:00+00:00,534.85
3116,2013-02-28 16:00:00+00:00,382.21
3116,2013-02-28 16:30:00+00:00,207.65
3116,2013-02-28 17:00:00+00:00,80.82
3116,2013-02-28 17:30:00+00:00,10.15
3116,2013-02-28 18:00:00+00:00,0.0
3116,2013-02-28 18:30:00+00:00,0.0
3116,2013-02-28 19:00:00+00:00,0.0
3116,2013-02-28 19:30:00+00:00,0.0
3116,2013-02-28 20:00:00+00:00,0.0
3116,2013-02-28 20:30:00+00:00,0.0
3116,2013-02-28 21:00:00+00:00,0.0
3116,2013-02-28 21:30:00+00:00,0.0
3116,2013-02-28 22:00:00+00:00,0.0
3116,2013-02-28 22:30:00+00:00,0.0
3116,2013-02-28 23:00:00+00:00,0.0
3116,2013-02-28 23:30:00+00:00,0.0
3116,2013-03-01 00:30:00+00:00,0.0
3116,2013-03-01 01:00:00+00:00,0.0
3116,2013-03-01 01:30:00+00:00,0.0
3116,2013-03-01 02:00:00+00:00,0.0
3116,2013-03-01 02:30:00+00:00,0.0
3116,2013-03-01 03:00:00+00:00,0.0
3116,2013-03-01 03:30:00+00:00,0.0
3116,2013-03-01 04:00:00+00:00,0.0
3116,2013-03-01 04:30:00+00:00,0.0
3116,2013-03-01 05:00:00+00:00,0.0
3116,2013-03-01 05:30:00+00:00,0.0
3116,2013-03-01 06:00:00+00:00,0.0
3116,2013-03-01 06:30:00+00:00,0.0
3116,2013-03-01 07:00:00+00:00,0.02
3116,2013-03-01 07:30:00+00:00,0.05
3116,2013-03-01 08:00:00+00:00,5.8
3116,2013-03-01 08:30:00+00:00,23.76
3116,2013-03-01 09:00:00+00:00,71.07
3116,2013-03-01 09:30:00+00:00,93.93
3116,2013-03-01 10:00:00+00:00,195.36
3116,2013-03-01 10:30:00+00:00,280.84
3116,2013-03-01 11:00:00+00:00,132.81
3116,2013-03-01 11:30:00+00:00,374.92
3116,2013-03-01 12:00:00+00:00,194.94
3116,2013-03-01 12:30:00+00:00,292.51
3116,2013-03-01 13:00:00+00:00,175.51
3116,2013-03-01 13:30:00+00:00,164.63
3116,2013-03-01 14:00:00+00:00,152.13
3116,2013-03-01 14:30:00+00:00,156.82
3116,2013-03-01 15:00:00+00:00,157.73
3116,2013-03-01 15:30:00+00:00,113.36
3116,2013-03-01 16:00:00+00:00,73.28
3116,2013-03-01 16:30:00+00:00,41.98
3116,2013-03-01 17:00:00+00:00,15.05
3116,2013-03-01 17:30:00+00:00,1.08
3116,2013-03-01 18:00:00+00:00,0.0
3116,2013-03-01 18:30:00+00:00,0.0
3116,2013-03-01 19:00:00+00:00,0.0
3116,2013-03-01 19:30:00+00:00,0.0
3116,2013-03-01 20:00:00+00:00,0.0
3116,2013-03-01 20:30:00+00:00,0.0
3116,2013-03-01 21:00:00+00:00,0.0
3116,2013-03-01 21:30:00+00:00,0.0
3116,2013-03-01 22:00:00+00:00,0.0
3116,2013-03-01 22:30:00+00:00,0.0
3116,2013-03-01 23:00:00+00:00,0.0
3116,2013-03-01 23:30:00+00:00,0.0
3116,2013-03-02 00:00:00+00:00,0.0
3116,2013-03-02 00:30:00+00:00,0.0
3116,2013-03-02 01:00:00+00:00,0.0
3116,2013-03-02 01:30:00+00:00,0.0
3116,2013-03-02 02:00:00+00:00,0.0
3116,2013-03-02 02:30:00+00:00,0.0
3116,2013-03-02 03:00:00+00:00,0.0
3116,2013-03-02 03:30:00+00:00,0.0
3116,2013-03-02 04:00:00+00:00,0.0
3116,2013-03-02 04:30:00+00:00,0.0
3116,2013-03-02 05:00:00+00:00,0.0
3116,2013-03-02 05:30:00+00:00,0.0
3116,2013-03-02 06:00:00+00:00,0.0
3116,2013-03-02 06:30:00+00:00,0.0
3116,2013-03-02 07:00:00+00:00,0.02
3116,2013-03-02 07:30:00+00:00,0.96
3116,2013-03-02 08:00:00+00:00,24.2
3116,2013-03-02 08:30:00+00:00,52.84
3116,2013-03-02 09:00:00+00:00,78.73
3116,2013-03-02 09:30:00+00:00,92.4
3116,2013-03-02 10:00:00+00:00,109.55
3116,2013-03-02 10:30:00+00:00,131.72
3116,2013-03-02 11:00:00+00:00,165.14
3116,2013-03-02 11:30:00+00:00,211.99
3116,2013-03-02 12:00:00+00:00,251.27
3116,2013-03-02 12:30:00+00:00,247.11
3116,2013-03-02 13:00:00+00:00,289.52
3116,2013-03-02 13:30:00+00:00,343.31
3116,2013-03-02 14:00:00+00:00,352.44
3116,2013-03-02 14:30:00+00:00,421.37
3116,2013-03-02 15:00:00+00:00,303.5
3116,2013-03-02 15:30:00+00:00,219.86
3116,2013-03-02 16:00:00+00:00,144.18
3116,2013-03-02 16:30:00+00:00,166.93
3116,2013-03-02 17:00:00+00:00,112.74
3116,2013-03-02 17:30:00+00:00,22.09
3116,2013-03-02 18:00:00+00:00,0.0
3116,2013-03-02 18:30:00+00:00,0.0
3116,2013-03-02 19:00:00+00:00,0.0
3116,2013-03-02 19:30:00+00:00,0.0
3116,2013-03-02 20:00:00+00:00,0.0
3116,2013-03-02 20:30:00+00:00,0.0
3116,2013-03-02 21:00:00+00:00,0.0
3116,2013-03-02 21:30:00+00:00,0.0
3116,2013-03-02 22:00:00+00:00,0.0
3116,2013-03-02 22:30:00+00:00,0.0
3116,2013-03-02 23:00:00+00:00,0.0
3116,2013-03-02 23:30:00+00:00,0.0
3116,2013-03-03 00:00:00+00:00,0.0
3116,2013-03-03 00:30:00+00:00,0.0
3116,2013-03-03 01:00:00+00:00,0.0
3116,2013-03-03 01:30:00+00:00,0.0
3116,2013-03-03 02:00:00+00:00,0.0
3116,2013-03-03 02:30:00+00:00,0.0
3116,2013-03-03 03:00:00+00:00,0.0
3116,2013-03-03 03:30:00+00:00,0.0
3116,2013-03-03 04:00:00+00:00,0.0
3116,2013-03-03 04:30:00+00:00,0.0
3116,2013-03-03 05:00:00+00:00,0.0
3116,2013-03-03 05:30:00+00:00,0.0
3116,2013-03-03 06:00:00+00:00,0.0
3116,2013-03-03 06:30:00+00:00,0.0
3116,2013-03-03 07:00:00+00:00,0.07
3116,2013-03-03 07:30:00+00:00,15.96
3116,2013-03-03 08:00:00+00:00,92.33
3116,2013-03-03 08:30:00+00:00,163.87
3116,2013-03-03 09:00:00+00:00,255.05
3116,2013-03-03 09:30:00+00:00,451.81
3116,2013-03-03 10:00:00+00:00,481.48
3116,2013-03-03 10:30:00+00:00,1201.1
3116,2013-03-03 11:00:00+00:00,1052.1
3116,2013-03-03 11:30:00+00:00,481.35
3116,2013-03-03 12:00:00+00:00,544.0
3116,2013-03-03 12:30:00+00:00,611.2
3116,2013-03-03 13:00:00+00:00,983.15
3116,2013-03-03 13:30:00+00:00,981.4
3116,2013-03-03 14:00:00+00:00,802.0
3116,2013-03-03 14:30:00+00:00,491.75
3116,2013-03-03 15:00:00+00:00,448.76
3116,2013-03-03 15:30:00+00:00,374.83
3116,2013-03-03 16:00:00+00:00,252.01
3116,2013-03-03 16:30:00+00:00,119.27
3116,2013-03-03 17:00:00+00:00,44.7
3116,2013-03-03 17:30:00+00:00,31.08
3116,2013-03-03 18:00:00+00:00,0.01
3116,2013-03-03 18:30:00+00:00,0.0
3116,2013-03-03 19:00:00+00:00,0.0
3116,2013-03-03 19:30:00+00:00,0.0
3116,2013-03-03 20:00:00+00:00,0.0
3116,2013-03-03 20:30:00+00:00,0.0
3116,2013-03-03 21:00:00+00:00,0.0
3116,2013-03-03 21:30:00+00:00,0.0
3116,2013-03-03 22:00:00+00:00,0.0
3116,2013-03-03 22:30:00+00:00,0.0
3116,2013-03-03 23:00:00+00:00,0.0
3116,2013-03-03 23:30:00+00:00,0.0
3116,2013-03-04 00:00:00+00:00,0.0
3116,2013-03-04 00:30:00+00:00,0.0
3116,2013-03-04 01:00:00+00:00,0.0
3116,2013-03-04 01:30:00+00:00,0.0
3116,2013-03-04 02:00:00+00:00,0.0
3116,2013-03-04 02:30:00+00:00,0.0
3116,2013-03-04 03:00:00+00:00,0.0
3116,2013-03-04 03:30:00+00:00,0.0
3116,2013-03-04 04:00:00+00:00,0.0
3116,2013-03-04 04:30:00+00:00,0.0
3116,2013-03-04 05:00:00+00:00,0.0
3116,2013-03-04 05:30:00+00:00,0.0
3116,2013-03-04 06:00:00+00:00,0.0
3116,2013-03-04 06:30:00+00:00,0.0
3116,2013-03-04 07:00:00+00:00,0.03
3116,2013-03-04 07:30:00+00:00,33.25
3116,2013-03-04 08:00:00+00:00,149.89
3116,2013-03-04 08:30:00+00:00,271.39
3116,2013-03-04 09:00:00+00:00,352.49
3116,2013-03-04 09:30:00+00:00,627.3
3116,2013-03-04 10:00:00+00:00,965.85
3116,2013-03-04 10:30:00+00:00,1188.8
3116,2013-03-04 11:00:00+00:00,1200.8
3116,2013-03-04 11:30:00+00:00,1342.0
3116,2013-03-04 12:00:00+00:00,1334.6
3116,2013-03-04 12:30:00+00:00,1341.7
3116,2013-03-04 13:00:00+00:00,1313.25
3116,2013-03-04 13:30:00+00:00,1233.5
3116,2013-03-04 14:00:00+00:00,1102.95
3116,2013-03-04 14:30:00+00:00,971.8
3116,2013-03-04 15:00:00+00:00,881.7
3116,2013-03-04 15:30:00+00:00,689.85
3116,2013-03-04 16:00:00+00:00,496.21
3116,2013-03-04 16:30:00+00:00,250.07
3116,2013-03-04 17:00:00+00:00,99.78
3116,2013-03-04 17:30:00+00:00,18.27
3116,2013-03-04 18:00:00+00:00,0.0
3116,2013-03-04 18:30:00+00:00,0.0
3116,2013-03-04 19:00:00+00:00,0.0
3116,2013-03-04 19:30:00+00:00,0.0
3116,2013-03-04 20:00:00+00:00,0.0
3116,2013-03-04 20:30:00+00:00,0.0
3116,2013-03-04 21:00:00+00:00,0.0
3116,2013-03-04 21:30:00+00:00,0.0
3116,2013-03-04 22:00:00+00:00,0.0
3116,2013-03-04 22:30:00+00:00,0.0
3116,2013-03-04 23:00:00+00:00,0.0
3116,2013-03-04 23:30:00+00:00,0.0
3116,2013-03-05 00:00:00+00:00,0.0
3116,2013-03-05 00:30:00+00:00,0.0
3116,2013-03-05 01:00:00+00:00,0.0
3116,2013-03-05 01:30:00+00:00,0.0
3116,2013-03-05 02:00:00+00:00,0.0
3116,2013-03-05 02:30:00+00:00,0.0
3116,2013-03-05 03:00:00+00:00,0.0
3116,2013-03-05 03:30:00+00:00,0.0
3116,2013-03-05 04:00:00+00:00,0.0
3116,2013-03-05 04:30:00+00:00,0.0
3116,2013-03-05 05:00:00+00:00,0.0
3116,2013-03-05 05:30:00+00:00,0.0
3116,2013-03-05 06:00:00+00:00,0.0
3116,2013-03-05 06:30:00+00:00,0.0
3116,2013-03-05 07:00:00+00:00,6.27
3116,2013-03-05 07:30:00+00:00,110.3
3116,2013-03-05 08:00:00+00:00,295.99
3116,2013-03-05 08:30:00+00:00,495.07
3116,2013-03-05 09:00:00+00:00,693.15
3116,2013-03-05 09:30:00+00:00,848.1
3116,2013-03-05 10:00:00+00:00,977.85
3116,2013-03-05 10:30:00+00:00,1090.75
3116,2013-03-05 11:00:00+00:00,1165.5
3116,2013-03-05 11:30:00+00:00,1192.55
3116,2013-03-05 12:00:00+00:00,1184.1
3116,2013-03-05 12:30:00+00:00,1189.5
3116,2013-03-05 13:00:00+00:00,1106.6
3116,2013-03-05 13:30:00+00:00,1120.8
3116,2013-03-05 14:00:00+00:00,1042.5
3116,2013-03-05 14:30:00+00:00,952.15
3116,2013-03-05 15:00:00+00:00,806.0
3116,2013-03-05 15:30:00+00:00,651.55
3116,2013-03-05 16:00:00+00:00,488.73
3116,2013-03-05 16:30:00+00:00,299.57
3116,2013-03-05 17:00:00+00:00,136.51
3116,2013-03-05 17:30:00+00:00,32.9
3116,2013-03-05 18:00:00+00:00,0.05
3116,2013-03-05 18:30:00+00:00,0.0
3116,2013-03-05 19:00:00+00:00,0.0
3116,2013-03-05 19:30:00+00:00,0.0
3116,2013-03-05 20:00:00+00:00,0.0
3116,2013-03-05 20:30:00+00:00,0.0
3116,2013-03-05 21:00:00+00:00,0.0
3116,2013-03-05 21:30:00+00:00,0.0
3116,2013-03-05 22:00:00+00:00,0.0
3116,2013-03-05 22:30:00+00:00,0.0
3116,2013-03-05 23:00:00+00:00,0.0
3116,2013-03-05 23:30:00+00:00,0.0
3116,2013-03-06 00:00:00+00:00,0.0
3116,2013-03-06 00:30:00+00:00,0.0
3116,2013-03-06 01:00:00+00:00,0.0
3116,2013-03-06 01:30:00+00:00,0.0
3116,2013-03-06 02:00:00+00:00,0.0
3116,2013-03-06 02:30:00+00:00,0.0
3116,2013-03-06 03:00:00+00:00,0.0
3116,2013-03-06 03:30:00+00:00,0.0
3116,2013-03-06 04:00:00+00:00,0.0
3116,2013-03-06 04:30:00+00:00,0.0
3116,2013-03-06 05:00:00+00:00,0.0
3116,2013-03-06 05:30:00+00:00,0.0
3116,2013-03-06 06:00:00+00:00,0.0
3116,2013-03-06 06:30:00+00:00,0.0
3116,2013-03-06 07:00:00+00:00,0.02
3116,2013-03-06 07:30:00+00:00,3.18
3116,2013-03-06 08:00:00+00:00,22.96
3116,2013-03-06 08:30:00+00:00,55.67
3116,2013-03-06 09:00:00+00:00,144.78
3116,2013-03-06 09:30:00+00:00,226.45
3116,2013-03-06 10:00:00+00:00,241.08
3116,2013-03-06 10:30:00+00:00,217.94
3116,2013-03-06 11:00:00+00:00,325.84
3116,2013-03-06 11:30:00+00:00,928.0
3116,2013-03-06 12:00:00+00:00,1259.5
3116,2013-03-06 12:30:00+00:00,970.7
3116,2013-03-06 13:00:00+00:00,333.51
3116,2013-03-06 13:30:00+00:00,374.25
3116,2013-03-06 14:00:00+00:00,404.18
3116,2013-03-06 14:30:00+00:00,297.65
3116,2013-03-06 15:00:00+00:00,239.47
3116,2013-03-06 15:30:00+00:00,176.25
3116,2013-03-06 16:00:00+00:00,112.48
3116,2013-03-06 16:30:00+00:00,53.28
3116,2013-03-06 17:00:00+00:00,20.43
3116,2013-03-06 17:30:00+00:00,2.7
3116,2013-03-06 18:00:00+00:00,0.0
3116,2013-03-06 18:30:00+00:00,0.0
3116,2013-03-06 19:00:00+00:00,0.0
3116,2013-03-06 19:30:00+00:00,0.0
3116,2013-03-06 20:00:00+00:00,0.0
3116,2013-03-06 20:30:00+00:00,0.0
3116,2013-03-06 21:00:00+00:00,0.0
3116,2013-03-06 21:30:00+00:00,0.0
3116,2013-03-06 22:00:00+00:00,0.0
3116,2013-03-06 22:30:00+00:00,0.0
3116,2013-03-06 23:00:00+00:00,0.0
3116,2013-03-06 23:30:00+00:00,0.0
3116,2013-03-07 00:00:00+00:00,0.0
3116,2013-03-07 00:30:00+00:00,0.0
3116,2013-03-07 01:00:00+00:00,0.0
3116,2013-03-07 01:30:00+00:00,0.0
3116,2013-03-07 02:00:00+00:00,0.0
3116,2013-03-07 02:30:00+00:00,0.0
3116,2013-03-07 03:00:00+00:00,0.0
3116,2013-03-07 03:30:00+00:00,0.0
3116,2013-03-07 04:00:00+00:00,0.0
3116,2013-03-07 04:30:00+00:00,0.0
3116,2013-03-07 05:00:00+00:00,0.0
3116,2013-03-07 05:30:00+00:00,0.0
3116,2013-03-07 06:00:00+00:00,0.0
3116,2013-03-07 06:30:00+00:00,0.0
3116,2013-03-07 07:00:00+00:00,0.07
3116,2013-03-07 07:30:00+00:00,7.11
3116,2013-03-07 08:00:00+00:00,42.99
3116,2013-03-07 08:30:00+00:00,76.94
3116,2013-03-07 09:00:00+00:00,87.24
3116,2013-03-07 09:30:00+00:00,92.79
3116,2013-03-07 10:00:00+00:00,141.59
3116,2013-03-07 10:30:00+00:00,170.49
3116,2013-03-07 11:00:00+00:00,212.01
3116,2013-03-07 11:30:00+00:00,181.41
3116,2013-03-07 12:00:00+00:00,173.43
3116,2013-03-07 12:30:00+00:00,203.61
3116,2013-03-07 13:00:00+00:00,204.56
3116,2013-03-07 13:30:00+00:00,194.18
3116,2013-03-07 14:00:00+00:00,129.2
3116,2013-03-07 14:30:00+00:00,43.52
3116,2013-03-07 15:00:00+00:00,82.34
3116,2013-03-07 15:30:00+00:00,107.74
3116,2013-03-07 16:00:00+00:00,31.0
3116,2013-03-07 16:30:00+00:00,16.57
3116,2013-03-07 17:00:00+00:00,12.44
3116,2013-03-07 17:30:00+00:00,0.04
3116,2013-03-07 18:00:00+00:00,0.0
3116,2013-03-07 18:30:00+00:00,0.0
3116,2013-03-07 19:00:00+00:00,0.0
3116,2013-03-07 19:30:00+00:00,0.0
3116,2013-03-07 20:00:00+00:00,0.0
3116,2013-03-07 20:30:00+00:00,0.0
3116,2013-03-07 21:00:00+00:00,0.0
3116,2013-03-07 21:30:00+00:00,0.0
3116,2013-03-07 22:00:00+00:00,0.0
3116,2013-03-07 22:30:00+00:00,0.0
3116,2013-03-07 23:00:00+00:00,0.0
3116,2013-03-07 23:30:00+00:00,0.0
3116,2013-03-08 00:00:00+00:00,0.0
3116,2013-03-08 00:30:00+00:00,0.0
3116,2013-03-08 01:00:00+00:00,0.0
3116,2013-03-08 01:30:00+00:00,0.0
3116,2013-03-08 02:00:00+00:00,0.0
3116,2013-03-08 02:30:00+00:00,0.0
3116,2013-03-08 03:00:00+00:00,0.0
3116,2013-03-08 03:30:00+00:00,0.0
3116,2013-03-08 04:00:00+00:00,0.0
3116,2013-03-08 04:30:00+00:00,0.0
3116,2013-03-08 05:00:00+00:00,0.0
3116,2013-03-08 05:30:00+00:00,0.0
3116,2013-03-08 06:00:00+00:00,0.0
3116,2013-03-08 06:30:00+00:00,0.0
3116,2013-03-08 07:00:00+00:00,0.02
3116,2013-03-08 07:30:00+00:00,4.59
3116,2013-03-08 08:00:00+00:00,14.35
3116,2013-03-08 08:30:00+00:00,22.89
3116,2013-03-08 09:00:00+00:00,48.04
3116,2013-03-08 09:30:00+00:00,52.92
3116,2013-03-08 10:00:00+00:00,71.9
3116,2013-03-08 10:30:00+00:00,68.86
3116,2013-03-08 11:00:00+00:00,77.85
3116,2013-03-08 11:30:00+00:00,73.1
3116,2013-03-08 12:00:00+00:00,54.8
3116,2013-03-08 12:30:00+00:00,108.83
3116,2013-03-08 13:00:00+00:00,127.57
3116,2013-03-08 13:30:00+00:00,92.14
3116,2013-03-08 14:00:00+00:00,27.65
3116,2013-03-08 14:30:00+00:00,1.35
3116,2013-03-08 15:00:00+00:00,2.85
3116,2013-03-08 15:30:00+00:00,20.21
3116,2013-03-08 16:00:00+00:00,21.88
3116,2013-03-08 16:30:00+00:00,19.44
3116,2013-03-08 17:00:00+00:00,0.95
3116,2013-03-08 17:30:00+00:00,0.03
3116,2013-03-08 18:00:00+00:00,0.0
3116,2013-03-08 18:30:00+00:00,0.0
3116,2013-03-08 19:00:00+00:00,0.0
3116,2013-03-08 19:30:00+00:00,0.0
3116,2013-03-08 20:00:00+00:00,0.0
3116,2013-03-08 20:30:00+00:00,0.0
3116,2013-03-08 21:00:00+00:00,0.0
3116,2013-03-08 21:30:00+00:00,0.0
3116,2013-03-08 22:00:00+00:00,0.0
3116,2013-03-08 22:30:00+00:00,0.0
3116,2013-03-08 23:00:00+00:00,0.0
3116,2013-03-08 23:30:00+00:00,0.0
3116,2013-03-09 00:00:00+00:00,0.0
3116,2013-03-09 00:30:00+00:00,0.0
3116,2013-03-09 01:00:00+00:00,0.0
3116,2013-03-09 01:30:00+00:00,0.0
3116,2013-03-09 02:00:00+00:00,0.0
3116,2013-03-09 02:30:00+00:00,0.0
3116,2013-03-09 03:00:00+00:00,0.0
3116,2013-03-09 03:30:00+00:00,0.0
3116,2013-03-09 04:00:00+00:00,0.0
3116,2013-03-09 04:30:00+00:00,0.0
3116,2013-03-09 05:00:00+00:00,0.0
3116,2013-03-09 05:30:00+00:00,0.0
3116,2013-03-09 06:00:00+00:00,0.0
3116,2013-03-09 06:30:00+00:00,0.0
3116,2013-03-09 07:00:00+00:00,0.01
3116,2013-03-09 07:30:00+00:00,0.03
3116,2013-03-09 08:00:00+00:00,4.74
3116,2013-03-09 08:30:00+00:00,11.09
3116,2013-03-09 09:00:00+00:00,32.86
3116,2013-03-09 09:30:00+00:00,53.71
3116,2013-03-09 10:00:00+00:00,58.09
3116,2013-03-09 10:30:00+00:00,87.56
3116,2013-03-09 11:00:00+00:00,95.0
3116,2013-03-09 11:30:00+00:00,124.02
3116,2013-03-09 12:00:00+00:00,177.5
3116,2013-03-09 12:30:00+00:00,163.25
3116,2013-03-09 13:00:00+00:00,178.76
3116,2013-03-09 13:30:00+00:00,147.46
3116,2013-03-09 14:00:00+00:00,193.91
3116,2013-03-09 14:30:00+00:00,128.62
3116,2013-03-09 15:00:00+00:00,97.73
3116,2013-03-09 15:30:00+00:00,74.33
3116,2013-03-09 16:00:00+00:00,38.46
3116,2013-03-09 16:30:00+00:00,19.33
3116,2013-03-09 17:00:00+00:00,4.16
3116,2013-03-09 17:30:00+00:00,0.0
3116,2013-03-09 18:00:00+00:00,0.0
3116,2013-03-09 18:30:00+00:00,0.0
3116,2013-03-09 19:00:00+00:00,0.0
3116,2013-03-09 19:30:00+00:00,0.0
3116,2013-03-09 20:00:00+00:00,0.0
3116,2013-03-09 20:30:00+00:00,0.0
3116,2013-03-09 21:00:00+00:00,0.0
3116,2013-03-09 21:30:00+00:00,0.0
3116,2013-03-09 22:00:00+00:00,0.0
3116,2013-03-09 22:30:00+00:00,0.0
3116,2013-03-09 23:00:00+00:00,0.0
3116,2013-03-09 23:30:00+00:00,0.0
3116,2013-03-10 00:00:00+00:00,0.0
3116,2013-03-10 00:30:00+00:00,0.0
3116,2013-03-10 01:00:00+00:00,0.0
3116,2013-03-10 01:30:00+00:00,0.0
3116,2013-03-10 02:00:00+00:00,0.0
3116,2013-03-10 02:30:00+00:00,0.0
3116,2013-03-10 03:00:00+00:00,0.0
3116,2013-03-10 03:30:00+00:00,0.0
3116,2013-03-10 04:00:00+00:00,0.0
3116,2013-03-10 04:30:00+00:00,0.0
3116,2013-03-10 05:00:00+00:00,0.0
3116,2013-03-10 05:30:00+00:00,0.0
3116,2013-03-10 06:00:00+00:00,0.0
3116,2013-03-10 06:30:00+00:00,0.0
3116,2013-03-10 07:00:00+00:00,0.05
3116,2013-03-10 07:30:00+00:00,5.91
3116,2013-03-10 08:00:00+00:00,21.3
3116,2013-03-10 08:30:00+00:00,50.63
3116,2013-03-10 09:00:00+00:00,63.19
3116,2013-03-10 09:30:00+00:00,70.65
3116,2013-03-10 10:00:00+00:00,93.66
3116,2013-03-10 10:30:00+00:00,156.04
3116,2013-03-10 11:00:00+00:00,149.78
3116,2013-03-10 11:30:00+00:00,161.64
3116,2013-03-10 12:00:00+00:00,114.72
3116,2013-03-10 12:30:00+00:00,76.31
3116,2013-03-10 13:00:00+00:00,52.61
3116,2013-03-10 13:30:00+00:00,51.85
3116,2013-03-10 14:00:00+00:00,46.66
3116,2013-03-10 14:30:00+00:00,26.37
3116,2013-03-10 15:00:00+00:00,27.05
3116,2013-03-10 15:30:00+00:00,16.77
3116,2013-03-10 16:00:00+00:00,10.59
3116,2013-03-10 16:30:00+00:00,20.13
3116,2013-03-10 17:00:00+00:00,7.75
3116,2013-03-10 17:30:00+00:00,0.0
3116,2013-03-10 18:00:00+00:00,0.0
3116,2013-03-10 18:30:00+00:00,0.0
3116,2013-03-10 19:00:00+00:00,0.0
3116,2013-03-10 19:30:00+00:00,0.0
3116,2013-03-10 20:00:00+00:00,0.0
3116,2013-03-10 20:30:00+00:00,0.0
3116,2013-03-10 21:00:00+00:00,0.0
3116,2013-03-10 21:30:00+00:00,0.0
3116,2013-03-10 22:00:00+00:00,0.0
3116,2013-03-10 22:30:00+00:00,0.0
3116,2013-03-10 23:00:00+00:00,0.0
3116,2013-03-10 23:30:00+00:00,0.0
3116,2013-03-11 00:00:00+00:00,0.0
3116,2013-03-11 00:30:00+00:00,0.0
3116,2013-03-11 01:00:00+00:00,0.0
3116,2013-03-11 01:30:00+00:00,0.0
3116,2013-03-11 02:00:00+00:00,0.0
3116,2013-03-11 02:30:00+00:00,0.0
3116,2013-03-11 03:00:00+00:00,0.0
3116,2013-03-11 03:30:00+00:00,0.0
3116,2013-03-11 04:00:00+00:00,0.0
3116,2013-03-11 04:30:00+00:00,0.0
3116,2013-03-11 05:00:00+00:00,0.0
3116,2013-03-11 05:30:00+00:00,0.0
3116,2013-03-11 06:00:00+00:00,0.0
3116,2013-03-11 06:30:00+00:00,0.0
3116,2013-03-11 07:00:00+00:00,2.18
3116,2013-03-11 07:30:00+00:00,30.53
3116,2013-03-11 08:00:00+00:00,48.93
3116,2013-03-11 08:30:00+00:00,67.07
3116,2013-03-11 09:00:00+00:00,106.73
3116,2013-03-11 09:30:00+00:00,272.71
3116,2013-03-11 10:00:00+00:00,442.8
3116,2013-03-11 10:30:00+00:00,158.62
3116,2013-03-11 11:00:00+00:00,202.55
3116,2013-03-11 11:30:00+00:00,229.07
3116,2013-03-11 12:00:00+00:00,258.42
3116,2013-03-11 12:30:00+00:00,252.18
3116,2013-03-11 13:00:00+00:00,256.51
3116,2013-03-11 13:30:00+00:00,155.3
3116,2013-03-11 14:00:00+00:00,215.7
3116,2013-03-11 14:30:00+00:00,196.37
3116,2013-03-11 15:00:00+00:00,103.27
3116,2013-03-11 15:30:00+00:00,183.33
3116,2013-03-11 16:00:00+00:00,175.25
3116,2013-03-11 16:30:00+00:00,104.73
3116,2013-03-11 17:00:00+00:00,47.06
3116,2013-03-11 17:30:00+00:00,6.41
3116,2013-03-11 18:00:00+00:00,0.0
3116,2013-03-11 18:30:00+00:00,0.0
3116,2013-03-11 19:00:00+00:00,0.0
3116,2013-03-11 19:30:00+00:00,0.0
3116,2013-03-11 20:00:00+00:00,0.0
3116,2013-03-11 20:30:00+00:00,0.0
3116,2013-03-11 21:00:00+00:00,0.0
3116,2013-03-11 21:30:00+00:00,0.0
3116,2013-03-11 22:00:00+00:00,0.0
3116,2013-03-11 22:30:00+00:00,0.0
3116,2013-03-11 23:00:00+00:00,0.0
3116,2013-03-11 23:30:00+00:00,0.0
3116,2013-03-12 00:00:00+00:00,0.0
3116,2013-03-12 00:30:00+00:00,0.0
3116,2013-03-12 01:00:00+00:00,0.0
3116,2013-03-12 01:30:00+00:00,0.0
3116,2013-03-12 02:00:00+00:00,0.0
3116,2013-03-12 02:30:00+00:00,0.0
3116,2013-03-12 03:00:00+00:00,0.0
3116,2013-03-12 03:30:00+00:00,0.0
3116,2013-03-12 04:00:00+00:00,0.0
3116,2013-03-12 04:30:00+00:00,0.0
3116,2013-03-12 05:00:00+00:00,0.0
3116,2013-03-12 05:30:00+00:00,0.0
3116,2013-03-12 06:00:00+00:00,0.0
3116,2013-03-12 06:30:00+00:00,0.0
3116,2013-03-12 07:00:00+00:00,4.29
3116,2013-03-12 07:30:00+00:00,67.47
3116,2013-03-12 08:00:00+00:00,104.68
3116,2013-03-12 08:30:00+00:00,180.35
3116,2013-03-12 09:00:00+00:00,251.8
3116,2013-03-12 09:30:00+00:00,366.9
3116,2013-03-12 10:00:00+00:00,841.15
3116,2013-03-12 10:30:00+00:00,1120.4
3116,2013-03-12 11:00:00+00:00,1276.8
3116,2013-03-12 11:30:00+00:00,1211.1
3116,2013-03-12 12:00:00+00:00,1078.15
3116,2013-03-12 12:30:00+00:00,1532.7
3116,2013-03-12 13:00:00+00:00,1245.45
3116,2013-03-12 13:30:00+00:00,1010.7
3116,2013-03-12 14:00:00+00:00,708.7
3116,2013-03-12 14:30:00+00:00,929.35
3116,2013-03-12 15:00:00+00:00,737.15
3116,2013-03-12 15:30:00+00:00,796.2
3116,2013-03-12 16:00:00+00:00,356.02
3116,2013-03-12 16:30:00+00:00,340.39
3116,2013-03-12 17:00:00+00:00,156.68
3116,2013-03-12 17:30:00+00:00,42.66
3116,2013-03-12 18:00:00+00:00,2.14
3116,2013-03-12 18:30:00+00:00,0.0
3116,2013-03-12 19:00:00+00:00,0.0
3116,2013-03-12 19:30:00+00:00,0.0
3116,2013-03-12 20:00:00+00:00,0.0
3116,2013-03-12 20:30:00+00:00,0.0
3116,2013-03-12 21:00:00+00:00,0.0
3116,2013-03-12 21:30:00+00:00,0.0
3116,2013-03-12 22:00:00+00:00,0.0
3116,2013-03-12 22:30:00+00:00,0.0
3116,2013-03-12 23:00:00+00:00,0.0
3116,2013-03-12 23:30:00+00:00,0.0
3116,2013-03-13 00:00:00+00:00,0.0
3116,2013-03-13 00:30:00+00:00,0.0
3116,2013-03-13 01:00:00+00:00,0.0
3116,2013-03-13 01:30:00+00:00,0.0
3116,2013-03-13 02:00:00+00:00,0.0
3116,2013-03-13 02:30:00+00:00,0.0
3116,2013-03-13 03:00:00+00:00,0.0
3116,2013-03-13 03:30:00+00:00,0.0
3116,2013-03-13 04:00:00+00:00,0.0
3116,2013-03-13 04:30:00+00:00,0.0
3116,2013-03-13 05:00:00+00:00,0.0
3116,2013-03-13 05:30:00+00:00,0.0
3116,2013-03-13 06:00:00+00:00,0.0
3116,2013-03-13 06:30:00+00:00,0.21
3116,2013-03-13 07:00:00+00:00,88.87
3116,2013-03-13 07:30:00+00:00,122.05
3116,2013-03-13 08:00:00+00:00,218.14
3116,2013-03-13 08:30:00+00:00,487.09
3116,2013-03-13 09:00:00+00:00,876.3
3116,2013-03-13 09:30:00+00:00,818.15
3116,2013-03-13 10:00:00+00:00,472.5
3116,2013-03-13 10:30:00+00:00,799.3
3116,2013-03-13 11:00:00+00:00,1126.6
3116,2013-03-13 11:30:00+00:00,680.0
3116,2013-03-13 12:00:00+00:00,720.7
3116,2013-03-13 12:30:00+00:00,974.95
3116,2013-03-13 13:00:00+00:00,342.77
3116,2013-03-13 13:30:00+00:00,589.0
3116,2013-03-13 14:00:00+00:00,321.31
3116,2013-03-13 14:30:00+00:00,656.85
3116,2013-03-13 15:00:00+00:00,466.68
3116,2013-03-13 15:30:00+00:00,362.88
3116,2013-03-13 16:00:00+00:00,492.33
3116,2013-03-13 16:30:00+00:00,70.93
3116,2013-03-13 17:00:00+00:00,128.19
3116,2013-03-13 17:30:00+00:00,26.83
3116,2013-03-13 18:00:00+00:00,6.6
3116,2013-03-13 18:30:00+00:00,0.0
3116,2013-03-13 19:00:00+00:00,0.0
3116,2013-03-13 19:30:00+00:00,0.0
3116,2013-03-13 20:00:00+00:00,0.0
3116,2013-03-13 20:30:00+00:00,0.0
3116,2013-03-13 21:00:00+00:00,0.0
3116,2013-03-13 21:30:00+00:00,0.0
3116,2013-03-13 22:00:00+00:00,0.0
3116,2013-03-13 22:30:00+00:00,0.0
3116,2013-03-13 23:00:00+00:00,0.0
3116,2013-03-13 23:30:00+00:00,0.0
3116,2013-03-14 00:00:00+00:00,0.0
3116,2013-03-14 00:30:00+00:00,0.0
3116,2013-03-14 01:00:00+00:00,0.0
3116,2013-03-14 01:30:00+00:00,0.0
3116,2013-03-14 02:00:00+00:00,0.0
3116,2013-03-14 02:30:00+00:00,0.0
3116,2013-03-14 03:00:00+00:00,0.0
3116,2013-03-14 03:30:00+00:00,0.0
3116,2013-03-14 04:00:00+00:00,0.0
3116,2013-03-14 04:30:00+00:00,0.0
3116,2013-03-14 05:00:00+00:00,0.0
3116,2013-03-14 05:30:00+00:00,0.0
3116,2013-03-14 06:00:00+00:00,0.0
3116,2013-03-14 06:30:00+00:00,0.46
3116,2013-03-14 07:00:00+00:00,62.22
3116,2013-03-14 07:30:00+00:00,234.23
3116,2013-03-14 08:00:00+00:00,519.15
3116,2013-03-14 08:30:00+00:00,756.75
3116,2013-03-14 09:00:00+00:00,891.0
3116,2013-03-14 09:30:00+00:00,1077.35
3116,2013-03-14 10:00:00+00:00,1188.25
3116,2013-03-14 10:30:00+00:00,1244.0
3116,2013-03-14 11:00:00+00:00,1195.4
3116,2013-03-14 11:30:00+00:00,981.25
3116,2013-03-14 12:00:00+00:00,808.25
3116,2013-03-14 12:30:00+00:00,372.66
3116,2013-03-14 13:00:00+00:00,758.25
3116,2013-03-14 13:30:00+00:00,770.05
3116,2013-03-14 14:00:00+00:00,543.5
3116,2013-03-14 14:30:00+00:00,750.3
3116,2013-03-14 15:00:00+00:00,918.5
3116,2013-03-14 15:30:00+00:00,854.1
3116,2013-03-14 16:00:00+00:00,539.25
3116,2013-03-14 16:30:00+00:00,242.83
3116,2013-03-14 17:00:00+00:00,109.05
3116,2013-03-14 17:30:00+00:00,20.87
3116,2013-03-14 18:00:00+00:00,1.72
3116,2013-03-14 18:30:00+00:00,0.0
3116,2013-03-14 19:00:00+00:00,0.0
3116,2013-03-14 19:30:00+00:00,0.0
3116,2013-03-14 20:00:00+00:00,0.0
3116,2013-03-14 20:30:00+00:00,0.0
3116,2013-03-14 21:00:00+00:00,0.0
3116,2013-03-14 21:30:00+00:00,0.0
3116,2013-03-14 22:00:00+00:00,0.0
3116,2013-03-14 22:30:00+00:00,0.0
3116,2013-03-14 23:00:00+00:00,0.0
3116,2013-03-14 23:30:00+00:00,0.0
3116,2013-03-15 00:00:00+00:00,0.0
3116,2013-03-15 00:30:00+00:00,0.0
3116,2013-03-15 01:00:00+00:00,0.0
3116,2013-03-15 01:30:00+00:00,0.0
3116,2013-03-15 02:00:00+00:00,0.0
3116,2013-03-15 02:30:00+00:00,0.0
3116,2013-03-15 03:00:00+00:00,0.0
3116,2013-03-15 03:30:00+00:00,0.0
3116,2013-03-15 04:00:00+00:00,0.0
3116,2013-03-15 04:30:00+00:00,0.0
3116,2013-03-15 05:00:00+00:00,0.0
3116,2013-03-15 05:30:00+00:00,0.0
3116,2013-03-15 06:00:00+00:00,0.0
3116,2013-03-15 06:30:00+00:00,0.01
3116,2013-03-15 07:00:00+00:00,3.23
3116,2013-03-15 07:30:00+00:00,34.9
3116,2013-03-15 08:00:00+00:00,52.85
3116,2013-03-15 08:30:00+00:00,129.54
3116,2013-03-15 09:00:00+00:00,194.79
3116,2013-03-15 09:30:00+00:00,516.65
3116,2013-03-15 10:00:00+00:00,429.2
3116,2013-03-15 10:30:00+00:00,586.1
3116,2013-03-15 11:00:00+00:00,523.2
3116,2013-03-15 11:30:00+00:00,498.94
3116,2013-03-15 12:00:00+00:00,424.83
3116,2013-03-15 12:30:00+00:00,420.6
3116,2013-03-15 13:00:00+00:00,396.69
3116,2013-03-15 13:30:00+00:00,183.02
3116,2013-03-15 14:00:00+00:00,226.14
3116,2013-03-15 14:30:00+00:00,154.42
3116,2013-03-15 15:00:00+00:00,220.08
3116,2013-03-15 15:30:00+00:00,139.06
3116,2013-03-15 16:00:00+00:00,186.06
3116,2013-03-15 16:30:00+00:00,80.34
3116,2013-03-15 17:00:00+00:00,15.07
3116,2013-03-15 17:30:00+00:00,3.8
3116,2013-03-15 18:00:00+00:00,0.01
3116,2013-03-15 18:30:00+00:00,0.0
3116,2013-03-15 19:00:00+00:00,0.0
3116,2013-03-15 19:30:00+00:00,0.0
3116,2013-03-15 20:00:00+00:00,0.0
3116,2013-03-15 20:30:00+00:00,0.0
3116,2013-03-15 21:00:00+00:00,0.0
3116,2013-03-15 21:30:00+00:00,0.0
3116,2013-03-15 22:00:00+00:00,0.0
3116,2013-03-15 22:30:00+00:00,0.0
3116,2013-03-15 23:00:00+00:00,0.0
3116,2013-03-15 23:30:00+00:00,0.0
3116,2013-03-16 00:00:00+00:00,0.0
3116,2013-03-16 00:30:00+00:00,0.0
3116,2013-03-16 01:00:00+00:00,0.0
3116,2013-03-16 01:30:00+00:00,0.0
3116,2013-03-16 02:00:00+00:00,0.0
3116,2013-03-16 02:30:00+00:00,0.0
3116,2013-03-16 03:00:00+00:00,0.0
3116,2013-03-16 03:30:00+00:00,0.0
3116,2013-03-16 04:00:00+00:00,0.0
3116,2013-03-16 04:30:00+00:00,0.0
3116,2013-03-16 05:00:00+00:00,0.0
3116,2013-03-16 05:30:00+00:00,0.0
3116,2013-03-16 06:00:00+00:00,0.0
3116,2013-03-16 06:30:00+00:00,0.03
3116,2013-03-16 07:00:00+00:00,0.95
3116,2013-03-16 07:30:00+00:00,38.31
3116,2013-03-16 08:00:00+00:00,49.41
3116,2013-03-16 08:30:00+00:00,41.39
3116,2013-03-16 09:00:00+00:00,120.26
3116,2013-03-16 09:30:00+00:00,127.69
3116,2013-03-16 10:00:00+00:00,171.01
3116,2013-03-16 10:30:00+00:00,145.74
3116,2013-03-16 11:00:00+00:00,132.74
3116,2013-03-16 11:30:00+00:00,123.81
3116,2013-03-16 12:00:00+00:00,101.77
3116,2013-03-16 12:30:00+00:00,90.43
3116,2013-03-16 13:00:00+00:00,57.39
3116,2013-03-16 13:30:00+00:00,62.73
3116,2013-03-16 14:00:00+00:00,95.59
3116,2013-03-16 14:30:00+00:00,92.2
3116,2013-03-16 15:00:00+00:00,147.03
3116,2013-03-16 15:30:00+00:00,93.48
3116,2013-03-16 16:00:00+00:00,206.93
3116,2013-03-16 16:30:00+00:00,104.89
3116,2013-03-16 17:00:00+00:00,144.39
3116,2013-03-16 17:30:00+00:00,43.01
3116,2013-03-16 18:00:00+00:00,0.35
3116,2013-03-16 18:30:00+00:00,0.0
3116,2013-03-16 19:00:00+00:00,0.0
3116,2013-03-16 19:30:00+00:00,0.0
3116,2013-03-16 20:00:00+00:00,0.0
3116,2013-03-16 20:30:00+00:00,0.0
3116,2013-03-16 21:00:00+00:00,0.0
3116,2013-03-16 21:30:00+00:00,0.0
3116,2013-03-16 22:00:00+00:00,0.0
3116,2013-03-16 22:30:00+00:00,0.0
3116,2013-03-16 23:00:00+00:00,0.0
3116,2013-03-16 23:30:00+00:00,0.0
3116,2013-03-17 00:00:00+00:00,0.0
3116,2013-03-17 00:30:00+00:00,0.0
3116,2013-03-17 01:00:00+00:00,0.0
3116,2013-03-17 01:30:00+00:00,0.0
3116,2013-03-17 02:00:00+00:00,0.0
3116,2013-03-17 02:30:00+00:00,0.0
3116,2013-03-17 03:00:00+00:00,0.0
3116,2013-03-17 03:30:00+00:00,0.0
3116,2013-03-17 04:00:00+00:00,0.0
3116,2013-03-17 04:30:00+00:00,0.0
3116,2013-03-17 05:00:00+00:00,0.0
3116,2013-03-17 05:30:00+00:00,0.0
3116,2013-03-17 06:00:00+00:00,0.0
3116,2013-03-17 06:30:00+00:00,1.18
3116,2013-03-17 07:00:00+00:00,9.38
3116,2013-03-17 07:30:00+00:00,44.73
3116,2013-03-17 08:00:00+00:00,77.07
3116,2013-03-17 08:30:00+00:00,174.54
3116,2013-03-17 09:00:00+00:00,151.21
3116,2013-03-17 09:30:00+00:00,200.33
3116,2013-03-17 10:00:00+00:00,247.62
3116,2013-03-17 10:30:00+00:00,183.87
3116,2013-03-17 11:00:00+00:00,350.34
3116,2013-03-17 11:30:00+00:00,444.96
3116,2013-03-17 12:00:00+00:00,831.7
3116,2013-03-17 12:30:00+00:00,312.14
3116,2013-03-17 13:00:00+00:00,265.84
3116,2013-03-17 13:30:00+00:00,160.92
3116,2013-03-17 14:00:00+00:00,140.61
3116,2013-03-17 14:30:00+00:00,59.62
3116,2013-03-17 15:00:00+00:00,348.59
3116,2013-03-17 15:30:00+00:00,611.2
3116,2013-03-17 16:00:00+00:00,256.95
3116,2013-03-17 16:30:00+00:00,24.76
3116,2013-03-17 17:00:00+00:00,21.5
3116,2013-03-17 17:30:00+00:00,15.26
3116,2013-03-17 18:00:00+00:00,0.0
3116,2013-03-17 18:30:00+00:00,0.0
3116,2013-03-17 19:00:00+00:00,0.0
3116,2013-03-17 19:30:00+00:00,0.0
3116,2013-03-17 20:00:00+00:00,0.0
3116,2013-03-17 20:30:00+00:00,0.0
3116,2013-03-17 21:00:00+00:00,0.0
3116,2013-03-17 21:30:00+00:00,0.0
3116,2013-03-17 22:00:00+00:00,0.0
3116,2013-03-17 22:30:00+00:00,0.0
3116,2013-03-17 23:00:00+00:00,0.0
3116,2013-03-17 23:30:00+00:00,0.0
3116,2013-03-18 00:00:00+00:00,0.0
3116,2013-03-18 00:30:00+00:00,0.0
3116,2013-03-18 01:00:00+00:00,0.0
3116,2013-03-18 01:30:00+00:00,0.0
3116,2013-03-18 02:00:00+00:00,0.0
3116,2013-03-18 02:30:00+00:00,0.0
3116,2013-03-18 03:00:00+00:00,0.0
3116,2013-03-18 03:30:00+00:00,0.0
3116,2013-03-18 04:00:00+00:00,0.0
3116,2013-03-18 04:30:00+00:00,0.0
3116,2013-03-18 05:00:00+00:00,0.0
3116,2013-03-18 05:30:00+00:00,0.0
3116,2013-03-18 06:00:00+00:00,0.0
3116,2013-03-18 06:30:00+00:00,5.55
3116,2013-03-18 07:00:00+00:00,55.2
3116,2013-03-18 07:30:00+00:00,172.1
3116,2013-03-18 08:00:00+00:00,194.22
3116,2013-03-18 08:30:00+00:00,440.62
3116,2013-03-18 09:00:00+00:00,645.3
3116,2013-03-18 09:30:00+00:00,831.25
3116,2013-03-18 10:00:00+00:00,1107.9
3116,2013-03-18 10:30:00+00:00,1317.7
3116,2013-03-18 11:00:00+00:00,985.15
3116,2013-03-18 11:30:00+00:00,690.6
3116,2013-03-18 12:00:00+00:00,382.54
3116,2013-03-18 12:30:00+00:00,515.8
3116,2013-03-18 13:00:00+00:00,283.14
3116,2013-03-18 13:30:00+00:00,173.52
3116,2013-03-18 14:00:00+00:00,277.47
3116,2013-03-18 14:30:00+00:00,228.09
3116,2013-03-18 15:00:00+00:00,188.68
3116,2013-03-18 15:30:00+00:00,175.43
3116,2013-03-18 16:00:00+00:00,154.25
3116,2013-03-18 16:30:00+00:00,236.49
3116,2013-03-18 17:00:00+00:00,126.89
3116,2013-03-18 17:30:00+00:00,40.2
3116,2013-03-18 18:00:00+00:00,7.42
3116,2013-03-18 18:30:00+00:00,0.0
3116,2013-03-18 19:00:00+00:00,0.0
3116,2013-03-18 19:30:00+00:00,0.0
3116,2013-03-18 20:00:00+00:00,0.0
3116,2013-03-18 20:30:00+00:00,0.0
3116,2013-03-18 21:00:00+00:00,0.0
3116,2013-03-18 21:30:00+00:00,0.0
3116,2013-03-18 22:00:00+00:00,0.0
3116,2013-03-18 22:30:00+00:00,0.0
3116,2013-03-18 23:00:00+00:00,0.0
3116,2013-03-18 23:30:00+00:00,0.0
3116,2013-03-19 00:00:00+00:00,0.0
3116,2013-03-19 00:30:00+00:00,0.0
3116,2013-03-19 01:00:00+00:00,0.0
3116,2013-03-19 01:30:00+00:00,0.0
3116,2013-03-19 02:00:00+00:00,0.0
3116,2013-03-19 02:30:00+00:00,0.0
3116,2013-03-19 03:00:00+00:00,0.0
3116,2013-03-19 03:30:00+00:00,0.0
3116,2013-03-19 04:00:00+00:00,0.0
3116,2013-03-19 04:30:00+00:00,0.0
3116,2013-03-19 05:00:00+00:00,0.0
3116,2013-03-19 05:30:00+00:00,0.0
3116,2013-03-19 06:00:00+00:00,0.0
3116,2013-03-19 06:30:00+00:00,0.02
3116,2013-03-19 07:00:00+00:00,3.01
3116,2013-03-19 07:30:00+00:00,6.51
3116,2013-03-19 08:00:00+00:00,24.48
3116,2013-03-19 08:30:00+00:00,55.21
3116,2013-03-19 09:00:00+00:00,247.32
3116,2013-03-19 09:30:00+00:00,339.28
3116,2013-03-19 10:00:00+00:00,335.11
3116,2013-03-19 10:30:00+00:00,375.59
3116,2013-03-19 11:00:00+00:00,290.06
3116,2013-03-19 11:30:00+00:00,180.79
3116,2013-03-19 12:00:00+00:00,259.54
3116,2013-03-19 12:30:00+00:00,325.72
3116,2013-03-19 13:00:00+00:00,417.2
3116,2013-03-19 13:30:00+00:00,315.71
3116,2013-03-19 14:00:00+00:00,240.37
3116,2013-03-19 14:30:00+00:00,176.51
3116,2013-03-19 15:00:00+00:00,282.19
3116,2013-03-19 15:30:00+00:00,268.56
3116,2013-03-19 16:00:00+00:00,179.74
3116,2013-03-19 16:30:00+00:00,138.68
3116,2013-03-19 17:00:00+00:00,80.92
3116,2013-03-19 17:30:00+00:00,44.49
3116,2013-03-19 18:00:00+00:00,3.65
3116,2013-03-19 18:30:00+00:00,0.0
3116,2013-03-19 19:00:00+00:00,0.0
3116,2013-03-19 19:30:00+00:00,0.0
3116,2013-03-19 20:00:00+00:00,0.0
3116,2013-03-19 20:30:00+00:00,0.0
3116,2013-03-19 21:00:00+00:00,0.0
3116,2013-03-19 21:30:00+00:00,0.0
3116,2013-03-19 22:00:00+00:00,0.0
3116,2013-03-19 22:30:00+00:00,0.0
3116,2013-03-19 23:00:00+00:00,0.0
3116,2013-03-19 23:30:00+00:00,0.0
3116,2013-03-20 00:00:00+00:00,0.0
3116,2013-03-20 00:30:00+00:00,0.0
3116,2013-03-20 01:00:00+00:00,0.0
3116,2013-03-20 01:30:00+00:00,0.0
3116,2013-03-20 02:00:00+00:00,0.0
3116,2013-03-20 02:30:00+00:00,0.0
3116,2013-03-20 03:00:00+00:00,0.0
3116,2013-03-20 03:30:00+00:00,0.0
3116,2013-03-20 04:00:00+00:00,0.0
3116,2013-03-20 04:30:00+00:00,0.0
3116,2013-03-20 05:00:00+00:00,0.0
3116,2013-03-20 05:30:00+00:00,0.0
3116,2013-03-20 06:00:00+00:00,0.0
3116,2013-03-20 06:30:00+00:00,0.07
3116,2013-03-20 07:00:00+00:00,30.77
3116,2013-03-20 07:30:00+00:00,115.77
3116,2013-03-20 08:00:00+00:00,165.89
3116,2013-03-20 08:30:00+00:00,372.16
3116,2013-03-20 09:00:00+00:00,299.1
3116,2013-03-20 09:30:00+00:00,271.06
3116,2013-03-20 10:00:00+00:00,156.2
3116,2013-03-20 10:30:00+00:00,72.57
3116,2013-03-20 11:00:00+00:00,100.13
3116,2013-03-20 11:30:00+00:00,136.36
3116,2013-03-20 12:00:00+00:00,96.95
3116,2013-03-20 12:30:00+00:00,140.09
3116,2013-03-20 13:00:00+00:00,147.65
3116,2013-03-20 13:30:00+00:00,72.64
3116,2013-03-20 14:00:00+00:00,48.11
3116,2013-03-20 14:30:00+00:00,42.58
3116,2013-03-20 15:00:00+00:00,51.22
3116,2013-03-20 15:30:00+00:00,23.46
3116,2013-03-20 16:00:00+00:00,18.52
3116,2013-03-20 16:30:00+00:00,29.67
3116,2013-03-20 17:00:00+00:00,20.0
3116,2013-03-20 17:30:00+00:00,3.02
3116,2013-03-20 18:00:00+00:00,0.0
3116,2013-03-20 18:30:00+00:00,0.0
3116,2013-03-20 19:00:00+00:00,0.0
3116,2013-03-20 19:30:00+00:00,0.0
3116,2013-03-20 20:00:00+00:00,0.0
3116,2013-03-20 20:30:00+00:00,0.0
3116,2013-03-20 21:00:00+00:00,0.0
3116,2013-03-20 21:30:00+00:00,0.0
3116,2013-03-20 22:00:00+00:00,0.0
3116,2013-03-20 22:30:00+00:00,0.0
3116,2013-03-20 23:00:00+00:00,0.0
3116,2013-03-20 23:30:00+00:00,0.0
3116,2013-03-21 00:00:00+00:00,0.0
3116,2013-03-21 00:30:00+00:00,0.0
3116,2013-03-21 01:00:00+00:00,0.0
3116,2013-03-21 01:30:00+00:00,0.0
3116,2013-03-21 02:00:00+00:00,0.0
3116,2013-03-21 02:30:00+00:00,0.0
3116,2013-03-21 03:00:00+00:00,0.0
3116,2013-03-21 03:30:00+00:00,0.0
3116,2013-03-21 04:00:00+00:00,0.0
3116,2013-03-21 04:30:00+00:00,0.0
3116,2013-03-21 05:00:00+00:00,0.0
3116,2013-03-21 05:30:00+00:00,0.0
3116,2013-03-21 06:00:00+00:00,0.01
3116,2013-03-21 06:30:00+00:00,23.8
3116,2013-03-21 07:00:00+00:00,170.61
3116,2013-03-21 07:30:00+00:00,352.38
3116,2013-03-21 08:00:00+00:00,387.27
3116,2013-03-21 08:30:00+00:00,133.1
3116,2013-03-21 09:00:00+00:00,211.47
3116,2013-03-21 09:30:00+00:00,512.8
3116,2013-03-21 10:00:00+00:00,731.05
3116,2013-03-21 10:30:00+00:00,539.45
3116,2013-03-21 11:00:00+00:00,598.4
3116,2013-03-21 11:30:00+00:00,928.05
3116,2013-03-21 12:00:00+00:00,1142.8
3116,2013-03-21 12:30:00+00:00,1042.8
3116,2013-03-21 13:00:00+00:00,693.5
3116,2013-03-21 13:30:00+00:00,546.5
3116,2013-03-21 14:00:00+00:00,528.65
3116,2013-03-21 14:30:00+00:00,414.26
3116,2013-03-21 15:00:00+00:00,302.94
3116,2013-03-21 15:30:00+00:00,209.32
3116,2013-03-21 16:00:00+00:00,171.62
3116,2013-03-21 16:30:00+00:00,166.56
3116,2013-03-21 17:00:00+00:00,115.42
3116,2013-03-21 17:30:00+00:00,61.42
3116,2013-03-21 18:00:00+00:00,12.24
3116,2013-03-21 18:30:00+00:00,0.0
3116,2013-03-21 19:00:00+00:00,0.0
3116,2013-03-21 19:30:00+00:00,0.0
3116,2013-03-21 20:00:00+00:00,0.0
3116,2013-03-21 20:30:00+00:00,0.0
3116,2013-03-21 21:00:00+00:00,0.0
3116,2013-03-21 21:30:00+00:00,0.0
3116,2013-03-21 22:00:00+00:00,0.0
3116,2013-03-21 22:30:00+00:00,0.0
3116,2013-03-21 23:00:00+00:00,0.0
3116,2013-03-21 23:30:00+00:00,0.0
3116,2013-03-22 00:00:00+00:00,0.0
3116,2013-03-22 00:30:00+00:00,0.0
3116,2013-03-22 01:00:00+00:00,0.0
3116,2013-03-22 01:30:00+00:00,0.0
3116,2013-03-22 02:00:00+00:00,0.0
3116,2013-03-22 02:30:00+00:00,0.0
3116,2013-03-22 03:00:00+00:00,0.0
3116,2013-03-22 03:30:00+00:00,0.0
3116,2013-03-22 04:00:00+00:00,0.0
3116,2013-03-22 04:30:00+00:00,0.0
3116,2013-03-22 05:00:00+00:00,0.0
3116,2013-03-22 05:30:00+00:00,0.0
3116,2013-03-22 06:00:00+00:00,0.0
3116,2013-03-22 06:30:00+00:00,0.17
3116,2013-03-22 07:00:00+00:00,8.97
3116,2013-03-22 07:30:00+00:00,34.32
3116,2013-03-22 08:00:00+00:00,46.37
3116,2013-03-22 08:30:00+00:00,78.56
3116,2013-03-22 09:00:00+00:00,109.49
3116,2013-03-22 09:30:00+00:00,161.73
3116,2013-03-22 10:00:00+00:00,290.35
3116,2013-03-22 10:30:00+00:00,457.31
3116,2013-03-22 11:00:00+00:00,526.15
3116,2013-03-22 11:30:00+00:00,419.51
3116,2013-03-22 12:00:00+00:00,610.65
3116,2013-03-22 12:30:00+00:00,607.65
3116,2013-03-22 13:00:00+00:00,546.15
3116,2013-03-22 13:30:00+00:00,440.89
3116,2013-03-22 14:00:00+00:00,561.6
3116,2013-03-22 14:30:00+00:00,401.4
3116,2013-03-22 15:00:00+00:00,453.45
3116,2013-03-22 15:30:00+00:00,294.6
3116,2013-03-22 16:00:00+00:00,156.24
3116,2013-03-22 16:30:00+00:00,120.42
3116,2013-03-22 17:00:00+00:00,69.19
3116,2013-03-22 17:30:00+00:00,17.51
3116,2013-03-22 18:00:00+00:00,0.0
3116,2013-03-22 18:30:00+00:00,0.0
3116,2013-03-22 19:00:00+00:00,0.0
3116,2013-03-22 19:30:00+00:00,0.0
3116,2013-03-22 20:00:00+00:00,0.0
3116,2013-03-22 20:30:00+00:00,0.0
3116,2013-03-22 21:00:00+00:00,0.0
3116,2013-03-22 21:30:00+00:00,0.0
3116,2013-03-22 22:00:00+00:00,0.0
3116,2013-03-22 22:30:00+00:00,0.0
3116,2013-03-22 23:00:00+00:00,0.0
3116,2013-03-22 23:30:00+00:00,0.0
3116,2013-03-23 00:00:00+00:00,0.0
3116,2013-03-23 00:30:00+00:00,0.0
3116,2013-03-23 01:00:00+00:00,0.0
3116,2013-03-23 01:30:00+00:00,0.0
3116,2013-03-23 02:00:00+00:00,0.0
3116,2013-03-23 02:30:00+00:00,0.0
3116,2013-03-23 03:00:00+00:00,0.0
3116,2013-03-23 03:30:00+00:00,0.0
3116,2013-03-23 04:00:00+00:00,0.0
3116,2013-03-23 04:30:00+00:00,0.0
3116,2013-03-23 05:00:00+00:00,0.0
3116,2013-03-23 05:30:00+00:00,0.0
3116,2013-03-23 06:00:00+00:00,0.0
3116,2013-03-23 06:30:00+00:00,0.0
3116,2013-03-23 07:00:00+00:00,0.06
3116,2013-03-23 07:30:00+00:00,0.06
3116,2013-03-23 08:00:00+00:00,0.0
3116,2013-03-23 08:30:00+00:00,0.51
3116,2013-03-23 09:00:00+00:00,13.52
3116,2013-03-23 09:30:00+00:00,19.2
3116,2013-03-23 10:00:00+00:00,28.11
3116,2013-03-23 10:30:00+00:00,34.5
3116,2013-03-23 11:00:00+00:00,52.56
3116,2013-03-23 11:30:00+00:00,55.83
3116,2013-03-23 12:00:00+00:00,30.76
3116,2013-03-23 12:30:00+00:00,41.07
3116,2013-03-23 13:00:00+00:00,54.63
3116,2013-03-23 13:30:00+00:00,38.83
3116,2013-03-23 14:00:00+00:00,33.85
3116,2013-03-23 14:30:00+00:00,57.96
3116,2013-03-23 15:00:00+00:00,53.33
3116,2013-03-23 15:30:00+00:00,21.49
3116,2013-03-23 16:00:00+00:00,12.96
3116,2013-03-23 16:30:00+00:00,3.45
3116,2013-03-23 17:00:00+00:00,0.0
3116,2013-03-23 17:30:00+00:00,0.02
3116,2013-03-23 18:00:00+00:00,0.01
3116,2013-03-23 18:30:00+00:00,0.0
3116,2013-03-23 19:00:00+00:00,0.0
3116,2013-03-23 19:30:00+00:00,0.0
3116,2013-03-23 20:00:00+00:00,0.0
3116,2013-03-23 20:30:00+00:00,0.0
3116,2013-03-23 21:00:00+00:00,0.0
3116,2013-03-23 21:30:00+00:00,0.0
3116,2013-03-23 22:00:00+00:00,0.0
3116,2013-03-23 22:30:00+00:00,0.0
3116,2013-03-23 23:00:00+00:00,0.0
3116,2013-03-23 23:30:00+00:00,0.0
3116,2013-03-24 00:00:00+00:00,0.0
3116,2013-03-24 00:30:00+00:00,0.0
3116,2013-03-24 01:00:00+00:00,0.0
3116,2013-03-24 01:30:00+00:00,0.0
3116,2013-03-24 02:00:00+00:00,0.0
3116,2013-03-24 02:30:00+00:00,0.0
3116,2013-03-24 03:00:00+00:00,0.0
3116,2013-03-24 03:30:00+00:00,0.0
3116,2013-03-24 04:00:00+00:00,0.0
3116,2013-03-24 04:30:00+00:00,0.0
3116,2013-03-24 05:00:00+00:00,0.0
3116,2013-03-24 05:30:00+00:00,0.0
3116,2013-03-24 06:00:00+00:00,0.0
3116,2013-03-24 06:30:00+00:00,0.01
3116,2013-03-24 07:00:00+00:00,2.44
3116,2013-03-24 07:30:00+00:00,12.19
3116,2013-03-24 08:00:00+00:00,8.43
3116,2013-03-24 08:30:00+00:00,18.61
3116,2013-03-24 09:00:00+00:00,25.04
3116,2013-03-24 09:30:00+00:00,51.0
3116,2013-03-24 10:00:00+00:00,56.85
3116,2013-03-24 10:30:00+00:00,46.99
3116,2013-03-24 11:00:00+00:00,62.77
3116,2013-03-24 11:30:00+00:00,58.42
3116,2013-03-24 12:00:00+00:00,72.31
3116,2013-03-24 12:30:00+00:00,71.68
3116,2013-03-24 13:00:00+00:00,71.59
3116,2013-03-24 13:30:00+00:00,73.75
3116,2013-03-24 14:00:00+00:00,117.27
3116,2013-03-24 14:30:00+00:00,149.49
3116,2013-03-24 15:00:00+00:00,119.32
3116,2013-03-24 15:30:00+00:00,101.05
3116,2013-03-24 16:00:00+00:00,85.86
3116,2013-03-24 16:30:00+00:00,58.42
3116,2013-03-24 17:00:00+00:00,29.18
3116,2013-03-24 17:30:00+00:00,12.2
3116,2013-03-24 18:00:00+00:00,0.05
3116,2013-03-24 18:30:00+00:00,0.0
3116,2013-03-24 19:00:00+00:00,0.0
3116,2013-03-24 19:30:00+00:00,0.0
3116,2013-03-24 20:00:00+00:00,0.0
3116,2013-03-24 20:30:00+00:00,0.0
3116,2013-03-24 21:00:00+00:00,0.0
3116,2013-03-24 21:30:00+00:00,0.0
3116,2013-03-24 22:00:00+00:00,0.0
3116,2013-03-24 22:30:00+00:00,0.0
3116,2013-03-24 23:00:00+00:00,0.0
3116,2013-03-24 23:30:00+00:00,0.0
3116,2013-03-25 00:00:00+00:00,0.0
3116,2013-03-25 00:30:00+00:00,0.0
3116,2013-03-25 01:00:00+00:00,0.0
3116,2013-03-25 01:30:00+00:00,0.0
3116,2013-03-25 02:00:00+00:00,0.0
3116,2013-03-25 02:30:00+00:00,0.0
3116,2013-03-25 03:00:00+00:00,0.0
3116,2013-03-25 03:30:00+00:00,0.0
3116,2013-03-25 04:00:00+00:00,0.0
3116,2013-03-25 04:30:00+00:00,0.0
3116,2013-03-25 05:00:00+00:00,0.0
3116,2013-03-25 05:30:00+00:00,0.0
3116,2013-03-25 06:00:00+00:00,0.0
3116,2013-03-25 06:30:00+00:00,0.04
3116,2013-03-25 07:00:00+00:00,5.74
3116,2013-03-25 07:30:00+00:00,22.41
3116,2013-03-25 08:00:00+00:00,48.57
3116,2013-03-25 08:30:00+00:00,97.58
3116,2013-03-25 09:00:00+00:00,113.36
3116,2013-03-25 09:30:00+00:00,178.45
3116,2013-03-25 10:00:00+00:00,159.35
3116,2013-03-25 10:30:00+00:00,179.65
3116,2013-03-25 11:00:00+00:00,182.1
3116,2013-03-25 11:30:00+00:00,169.13
3116,2013-03-25 12:00:00+00:00,152.3
3116,2013-03-25 12:30:00+00:00,169.88
3116,2013-03-25 13:00:00+00:00,168.37
3116,2013-03-25 13:30:00+00:00,151.07
3116,2013-03-25 14:00:00+00:00,161.77
3116,2013-03-25 14:30:00+00:00,231.74
3116,2013-03-25 15:00:00+00:00,190.68
3116,2013-03-25 15:30:00+00:00,154.02
3116,2013-03-25 16:00:00+00:00,89.67
3116,2013-03-25 16:30:00+00:00,74.26
3116,2013-03-25 17:00:00+00:00,52.81
3116,2013-03-25 17:30:00+00:00,40.06
3116,2013-03-25 18:00:00+00:00,9.35
3116,2013-03-25 18:30:00+00:00,0.0
3116,2013-03-25 19:00:00+00:00,0.0
3116,2013-03-25 19:30:00+00:00,0.0
3116,2013-03-25 20:00:00+00:00,0.0
3116,2013-03-25 20:30:00+00:00,0.0
3116,2013-03-25 21:00:00+00:00,0.0
3116,2013-03-25 21:30:00+00:00,0.0
3116,2013-03-25 22:00:00+00:00,0.0
3116,2013-03-25 22:30:00+00:00,0.0
3116,2013-03-25 23:00:00+00:00,0.0
3116,2013-03-25 23:30:00+00:00,0.0
3116,2013-03-26 00:00:00+00:00,0.0
3116,2013-03-26 00:30:00+00:00,0.0
3116,2013-03-26 01:00:00+00:00,0.0
3116,2013-03-26 01:30:00+00:00,0.0
3116,2013-03-26 02:00:00+00:00,0.0
3116,2013-03-26 02:30:00+00:00,0.0
3116,2013-03-26 03:00:00+00:00,0.0
3116,2013-03-26 03:30:00+00:00,0.0
3116,2013-03-26 04:00:00+00:00,0.0
3116,2013-03-26 04:30:00+00:00,0.0
3116,2013-03-26 05:00:00+00:00,0.0
3116,2013-03-26 05:30:00+00:00,0.0
3116,2013-03-26 06:00:00+00:00,0.0
3116,2013-03-26 06:30:00+00:00,0.02
3116,2013-03-26 07:00:00+00:00,4.08
3116,2013-03-26 07:30:00+00:00,17.64
3116,2013-03-26 08:00:00+00:00,66.59
3116,2013-03-26 08:30:00+00:00,123.21
3116,2013-03-26 09:00:00+00:00,110.68
3116,2013-03-26 09:30:00+00:00,152.65
3116,2013-03-26 10:00:00+00:00,196.24
3116,2013-03-26 10:30:00+00:00,244.97
3116,2013-03-26 11:00:00+00:00,234.83
3116,2013-03-26 11:30:00+00:00,254.59
3116,2013-03-26 12:00:00+00:00,327.19
3116,2013-03-26 12:30:00+00:00,325.02
3116,2013-03-26 13:00:00+00:00,557.95
3116,2013-03-26 13:30:00+00:00,396.34
3116,2013-03-26 14:00:00+00:00,344.59
3116,2013-03-26 14:30:00+00:00,191.65
3116,2013-03-26 15:00:00+00:00,270.91
3116,2013-03-26 15:30:00+00:00,207.21
3116,2013-03-26 16:00:00+00:00,219.96
3116,2013-03-26 16:30:00+00:00,161.89
3116,2013-03-26 17:00:00+00:00,137.13
3116,2013-03-26 17:30:00+00:00,83.78
3116,2013-03-26 18:00:00+00:00,30.73
3116,2013-03-26 18:30:00+00:00,1.9
3116,2013-03-26 19:00:00+00:00,0.0
3116,2013-03-26 19:30:00+00:00,0.0
3116,2013-03-26 20:00:00+00:00,0.0
3116,2013-03-26 20:30:00+00:00,0.0
3116,2013-03-26 21:00:00+00:00,0.0
3116,2013-03-26 21:30:00+00:00,0.0
3116,2013-03-26 22:00:00+00:00,0.0
3116,2013-03-26 22:30:00+00:00,0.0
3116,2013-03-26 23:00:00+00:00,0.0
3116,2013-03-26 23:30:00+00:00,0.0
3116,2013-03-27 00:00:00+00:00,0.0
3116,2013-03-27 00:30:00+00:00,0.0
3116,2013-03-27 01:00:00+00:00,0.0
3116,2013-03-27 01:30:00+00:00,0.0
3116,2013-03-27 02:00:00+00:00,0.0
3116,2013-03-27 02:30:00+00:00,0.0
3116,2013-03-27 03:00:00+00:00,0.0
3116,2013-03-27 03:30:00+00:00,0.0
3116,2013-03-27 04:00:00+00:00,0.0
3116,2013-03-27 04:30:00+00:00,0.0
3116,2013-03-27 05:00:00+00:00,0.0
3116,2013-03-27 05:30:00+00:00,0.0
3116,2013-03-27 06:00:00+00:00,0.01
3116,2013-03-27 06:30:00+00:00,18.06
3116,2013-03-27 07:00:00+00:00,126.82
3116,2013-03-27 07:30:00+00:00,303.77
3116,2013-03-27 08:00:00+00:00,387.11
3116,2013-03-27 08:30:00+00:00,227.21
3116,2013-03-27 09:00:00+00:00,228.78
3116,2013-03-27 09:30:00+00:00,383.92
3116,2013-03-27 10:00:00+00:00,769.3
3116,2013-03-27 10:30:00+00:00,548.8
3116,2013-03-27 11:00:00+00:00,856.25
3116,2013-03-27 11:30:00+00:00,1217.5
3116,2013-03-27 12:00:00+00:00,1215.15
3116,2013-03-27 12:30:00+00:00,268.01
3116,2013-03-27 13:00:00+00:00,594.35
3116,2013-03-27 13:30:00+00:00,353.42
3116,2013-03-27 14:00:00+00:00,670.45
3116,2013-03-27 14:30:00+00:00,507.75
3116,2013-03-27 15:00:00+00:00,616.85
3116,2013-03-27 15:30:00+00:00,416.56
3116,2013-03-27 16:00:00+00:00,323.78
3116,2013-03-27 16:30:00+00:00,252.14
3116,2013-03-27 17:00:00+00:00,85.55
3116,2013-03-27 17:30:00+00:00,40.56
3116,2013-03-27 18:00:00+00:00,26.94
3116,2013-03-27 18:30:00+00:00,1.14
3116,2013-03-27 19:00:00+00:00,0.0
3116,2013-03-27 19:30:00+00:00,0.0
3116,2013-03-27 20:00:00+00:00,0.0
3116,2013-03-27 20:30:00+00:00,0.0
3116,2013-03-27 21:00:00+00:00,0.0
3116,2013-03-27 21:30:00+00:00,0.0
3116,2013-03-27 22:00:00+00:00,0.0
3116,2013-03-27 22:30:00+00:00,0.0
3116,2013-03-27 23:00:00+00:00,0.0
3116,2013-03-27 23:30:00+00:00,0.0
3116,2013-03-28 00:00:00+00:00,0.0
3116,2013-03-28 00:30:00+00:00,0.0
3116,2013-03-28 01:00:00+00:00,0.0
3116,2013-03-28 01:30:00+00:00,0.0
3116,2013-03-28 02:00:00+00:00,0.0
3116,2013-03-28 02:30:00+00:00,0.0
3116,2013-03-28 03:00:00+00:00,0.0
3116,2013-03-28 03:30:00+00:00,0.0
3116,2013-03-28 04:00:00+00:00,0.0
3116,2013-03-28 04:30:00+00:00,0.0
3116,2013-03-28 05:00:00+00:00,0.0
3116,2013-03-28 05:30:00+00:00,0.0
3116,2013-03-28 06:00:00+00:00,0.03
3116,2013-03-28 06:30:00+00:00,25.23
3116,2013-03-28 07:00:00+00:00,148.9
3116,2013-03-28 07:30:00+00:00,379.9
3116,2013-03-28 08:00:00+00:00,509.7
3116,2013-03-28 08:30:00+00:00,643.6
3116,2013-03-28 09:00:00+00:00,813.4
3116,2013-03-28 09:30:00+00:00,806.05
3116,2013-03-28 10:00:00+00:00,508.5
3116,2013-03-28 10:30:00+00:00,392.02
3116,2013-03-28 11:00:00+00:00,321.48
3116,2013-03-28 11:30:00+00:00,475.68
3116,2013-03-28 12:00:00+00:00,651.55
3116,2013-03-28 12:30:00+00:00,334.27
3116,2013-03-28 13:00:00+00:00,370.54
3116,2013-03-28 13:30:00+00:00,612.75
3116,2013-03-28 14:00:00+00:00,303.47
3116,2013-03-28 14:30:00+00:00,308.85
3116,2013-03-28 15:00:00+00:00,413.16
3116,2013-03-28 15:30:00+00:00,319.49
3116,2013-03-28 16:00:00+00:00,308.87
3116,2013-03-28 16:30:00+00:00,101.69
3116,2013-03-28 17:00:00+00:00,71.31
3116,2013-03-28 17:30:00+00:00,28.56
3116,2013-03-28 18:00:00+00:00,12.88
3116,2013-03-28 18:30:00+00:00,0.0
3116,2013-03-28 19:00:00+00:00,0.0
3116,2013-03-28 19:30:00+00:00,0.0
3116,2013-03-28 20:00:00+00:00,0.0
3116,2013-03-28 20:30:00+00:00,0.0
3116,2013-03-28 21:00:00+00:00,0.0
3116,2013-03-28 21:30:00+00:00,0.0
3116,2013-03-28 22:00:00+00:00,0.0
3116,2013-03-28 22:30:00+00:00,0.0
3116,2013-03-28 23:00:00+00:00,0.0
3116,2013-03-28 23:30:00+00:00,0.0
3116,2013-03-29 00:00:00+00:00,0.0
3116,2013-03-29 00:30:00+00:00,0.0
3116,2013-03-29 01:00:00+00:00,0.0
3116,2013-03-29 01:30:00+00:00,0.0
3116,2013-03-29 02:00:00+00:00,0.0
3116,2013-03-29 02:30:00+00:00,0.0
3116,2013-03-29 03:00:00+00:00,0.0
3116,2013-03-29 03:30:00+00:00,0.0
3116,2013-03-29 04:00:00+00:00,0.0
3116,2013-03-29 04:30:00+00:00,0.0
3116,2013-03-29 05:00:00+00:00,0.0
3116,2013-03-29 05:30:00+00:00,0.0
3116,2013-03-29 06:00:00+00:00,0.04
3116,2013-03-29 06:30:00+00:00,44.3
3116,2013-03-29 07:00:00+00:00,240.66
3116,2013-03-29 07:30:00+00:00,156.82
3116,2013-03-29 08:00:00+00:00,141.28
3116,2013-03-29 08:30:00+00:00,196.36
3116,2013-03-29 09:00:00+00:00,453.77
3116,2013-03-29 09:30:00+00:00,1149.1
3116,2013-03-29 10:00:00+00:00,1229.35
3116,2013-03-29 10:30:00+00:00,1121.1
3116,2013-03-29 11:00:00+00:00,1077.45
3116,2013-03-29 11:30:00+00:00,382.83
3116,2013-03-29 12:00:00+00:00,398.5
3116,2013-03-29 12:30:00+00:00,601.8
3116,2013-03-29 13:00:00+00:00,417.87
3116,2013-03-29 13:30:00+00:00,542.55
3116,2013-03-29 14:00:00+00:00,475.23
3116,2013-03-29 14:30:00+00:00,291.11
3116,2013-03-29 15:00:00+00:00,205.07
3116,2013-03-29 15:30:00+00:00,304.78
3116,2013-03-29 16:00:00+00:00,159.98
3116,2013-03-29 16:30:00+00:00,444.56
3116,2013-03-29 17:00:00+00:00,87.13
3116,2013-03-29 17:30:00+00:00,69.36
3116,2013-03-29 18:00:00+00:00,32.43
3116,2013-03-29 18:30:00+00:00,0.0
3116,2013-03-29 19:00:00+00:00,0.0
3116,2013-03-29 19:30:00+00:00,0.0
3116,2013-03-29 20:00:00+00:00,0.0
3116,2013-03-29 20:30:00+00:00,0.0
3116,2013-03-29 21:00:00+00:00,0.0
3116,2013-03-29 21:30:00+00:00,0.0
3116,2013-03-29 22:00:00+00:00,0.0
3116,2013-03-29 22:30:00+00:00,0.0
3116,2013-03-29 23:00:00+00:00,0.0
3116,2013-03-29 23:30:00+00:00,0.0
3116,2013-03-30 00:00:00+00:00,0.0
3116,2013-03-30 00:30:00+00:00,0.0
3116,2013-03-30 01:00:00+00:00,0.0
3116,2013-03-30 01:30:00+00:00,0.0
3116,2013-03-30 02:00:00+00:00,0.0
3116,2013-03-30 02:30:00+00:00,0.0
3116,2013-03-30 03:00:00+00:00,0.0
3116,2013-03-30 03:30:00+00:00,0.0
3116,2013-03-30 04:00:00+00:00,0.0
3116,2013-03-30 04:30:00+00:00,0.0
3116,2013-03-30 05:00:00+00:00,0.0
3116,2013-03-30 05:30:00+00:00,0.0
3116,2013-03-30 06:00:00+00:00,0.0
3116,2013-03-30 06:30:00+00:00,0.04
3116,2013-03-30 07:00:00+00:00,12.49
3116,2013-03-30 07:30:00+00:00,79.97
3116,2013-03-30 08:00:00+00:00,144.56
3116,2013-03-30 08:30:00+00:00,422.2
3116,2013-03-30 09:00:00+00:00,524.9
3116,2013-03-30 09:30:00+00:00,525.0
3116,2013-03-30 10:00:00+00:00,330.8
3116,2013-03-30 10:30:00+00:00,602.6
3116,2013-03-30 11:00:00+00:00,430.74
3116,2013-03-30 11:30:00+00:00,889.5
3116,2013-03-30 12:00:00+00:00,254.84
3116,2013-03-30 12:30:00+00:00,264.23
3116,2013-03-30 13:00:00+00:00,724.9
3116,2013-03-30 13:30:00+00:00,628.35
3116,2013-03-30 14:00:00+00:00,649.7
3116,2013-03-30 14:30:00+00:00,111.69
3116,2013-03-30 15:00:00+00:00,489.68
3116,2013-03-30 15:30:00+00:00,105.2
3116,2013-03-30 16:00:00+00:00,197.39
3116,2013-03-30 16:30:00+00:00,84.22
3116,2013-03-30 17:00:00+00:00,35.62
3116,2013-03-30 17:30:00+00:00,36.34
3116,2013-03-30 18:00:00+00:00,29.6
3116,2013-03-30 18:30:00+00:00,1.28
3116,2013-03-30 19:00:00+00:00,0.0
3116,2013-03-30 19:30:00+00:00,0.0
3116,2013-03-30 20:00:00+00:00,0.0
3116,2013-03-30 20:30:00+00:00,0.0
3116,2013-03-30 21:00:00+00:00,0.0
3116,2013-03-30 21:30:00+00:00,0.0
3116,2013-03-30 22:00:00+00:00,0.0
3116,2013-03-30 22:30:00+00:00,0.0
3116,2013-03-30 23:00:00+00:00,0.0
3116,2013-03-30 23:30:00+00:00,0.0
3116,2013-03-31 00:00:00+00:00,0.0
3116,2013-03-31 00:30:00+00:00,0.0
3116,2013-03-31 01:00:00+00:00,0.0
3116,2013-03-31 01:30:00+00:00,0.0
3116,2013-03-31 02:00:00+00:00,0.0
3116,2013-03-31 02:30:00+00:00,0.0
3116,2013-03-31 03:00:00+00:00,0.0
3116,2013-03-31 03:30:00+00:00,0.0
3116,2013-03-31 04:00:00+00:00,0.0
3116,2013-03-31 04:30:00+00:00,0.0
3116,2013-03-31 05:00:00+00:00,0.0
3116,2013-03-31 05:30:00+00:00,0.0
3116,2013-03-31 06:00:00+00:00,6.28
3116,2013-03-31 06:30:00+00:00,91.98
3116,2013-03-31 07:00:00+00:00,315.03
3116,2013-03-31 07:30:00+00:00,525.05
3116,2013-03-31 08:00:00+00:00,712.65
3116,2013-03-31 08:30:00+00:00,439.13
3116,2013-03-31 09:00:00+00:00,300.95
3116,2013-03-31 09:30:00+00:00,305.58
3116,2013-03-31 10:00:00+00:00,522.3
3116,2013-03-31 10:30:00+00:00,862.45
3116,2013-03-31 11:00:00+00:00,1424.7
3116,2013-03-31 11:30:00+00:00,825.35
3116,2013-03-31 12:00:00+00:00,457.1
3116,2013-03-31 12:30:00+00:00,516.75
3116,2013-03-31 13:00:00+00:00,584.8
3116,2013-03-31 13:30:00+00:00,532.7
3116,2013-03-31 14:00:00+00:00,330.91
3116,2013-03-31 14:30:00+00:00,409.07
3116,2013-03-31 15:00:00+00:00,305.47
3116,2013-03-31 15:30:00+00:00,220.74
3116,2013-03-31 16:00:00+00:00,169.66
3116,2013-03-31 16:30:00+00:00,97.25
3116,2013-03-31 17:00:00+00:00,77.15
3116,2013-03-31 17:30:00+00:00,21.05
3116,2013-03-31 18:00:00+00:00,12.02
3116,2013-03-31 18:30:00+00:00,4.09
3116,2013-03-31 19:00:00+00:00,0.0
3116,2013-03-31 19:30:00+00:00,0.0
3116,2013-03-31 20:00:00+00:00,0.0
3116,2013-03-31 20:30:00+00:00,0.0
3116,2013-03-31 21:00:00+00:00,0.0
3116,2013-03-31 21:30:00+00:00,0.0
3116,2013-03-31 22:00:00+00:00,0.0
3116,2013-03-31 22:30:00+00:00,0.0
3116,2013-03-31 23:00:00+00:00,0.0
3116,2013-03-31 23:30:00+00:00,0.0
3116,2013-04-01 00:30:00+00:00,0.0
3116,2013-04-01 01:00:00+00:00,0.0
3116,2013-04-01 01:30:00+00:00,0.0
3116,2013-04-01 02:00:00+00:00,0.0
3116,2013-04-01 02:30:00+00:00,0.0
3116,2013-04-01 03:00:00+00:00,0.0
3116,2013-04-01 03:30:00+00:00,0.0
3116,2013-04-01 04:00:00+00:00,0.0
3116,2013-04-01 04:30:00+00:00,0.0
3116,2013-04-01 05:00:00+00:00,0.0
3116,2013-04-01 05:30:00+00:00,0.0
3116,2013-04-01 06:00:00+00:00,0.0
3116,2013-04-01 06:30:00+00:00,0.06
3116,2013-04-01 07:00:00+00:00,9.95
3116,2013-04-01 07:30:00+00:00,14.82
3116,2013-04-01 08:00:00+00:00,40.32
3116,2013-04-01 08:30:00+00:00,72.52
3116,2013-04-01 09:00:00+00:00,652.0
3116,2013-04-01 09:30:00+00:00,511.25
3116,2013-04-01 10:00:00+00:00,263.07
3116,2013-04-01 10:30:00+00:00,453.27
3116,2013-04-01 11:00:00+00:00,203.97
3116,2013-04-01 11:30:00+00:00,246.59
3116,2013-04-01 12:00:00+00:00,354.17
3116,2013-04-01 12:30:00+00:00,476.27
3116,2013-04-01 13:00:00+00:00,815.5
3116,2013-04-01 13:30:00+00:00,836.95
3116,2013-04-01 14:00:00+00:00,924.45
3116,2013-04-01 14:30:00+00:00,1043.65
3116,2013-04-01 15:00:00+00:00,1048.3
3116,2013-04-01 15:30:00+00:00,862.05
3116,2013-04-01 16:00:00+00:00,464.35
3116,2013-04-01 16:30:00+00:00,462.29
3116,2013-04-01 17:00:00+00:00,285.21
3116,2013-04-01 17:30:00+00:00,116.03
3116,2013-04-01 18:00:00+00:00,32.98
3116,2013-04-01 18:30:00+00:00,4.81
3116,2013-04-01 19:00:00+00:00,0.0
3116,2013-04-01 19:30:00+00:00,0.0
3116,2013-04-01 20:00:00+00:00,0.0
3116,2013-04-01 20:30:00+00:00,0.0
3116,2013-04-01 21:00:00+00:00,0.0
3116,2013-04-01 21:30:00+00:00,0.0
3116,2013-04-01 22:00:00+00:00,0.0
3116,2013-04-01 22:30:00+00:00,0.0
3116,2013-04-01 23:00:00+00:00,0.0
3116,2013-04-01 23:30:00+00:00,0.0
3116,2013-04-02 00:00:00+00:00,0.0
3116,2013-04-02 00:30:00+00:00,0.0
3116,2013-04-02 01:00:00+00:00,0.0
3116,2013-04-02 01:30:00+00:00,0.0
3116,2013-04-02 02:00:00+00:00,0.0
3116,2013-04-02 02:30:00+00:00,0.0
3116,2013-04-02 03:00:00+00:00,0.0
3116,2013-04-02 03:30:00+00:00,0.0
3116,2013-04-02 04:00:00+00:00,0.0
3116,2013-04-02 04:30:00+00:00,0.0
3116,2013-04-02 05:00:00+00:00,0.0
3116,2013-04-02 05:30:00+00:00,0.0
3116,2013-04-02 06:00:00+00:00,13.81
3116,2013-04-02 06:30:00+00:00,131.64
3116,2013-04-02 07:00:00+00:00,295.06
3116,2013-04-02 07:30:00+00:00,496.42
3116,2013-04-02 08:00:00+00:00,711.4
3116,2013-04-02 08:30:00+00:00,914.5
3116,2013-04-02 09:00:00+00:00,996.6
3116,2013-04-02 09:30:00+00:00,1097.2
3116,2013-04-02 10:00:00+00:00,1317.8
3116,2013-04-02 10:30:00+00:00,1425.25
3116,2013-04-02 11:00:00+00:00,1464.1
3116,2013-04-02 11:30:00+00:00,1443.3
3116,2013-04-02 12:00:00+00:00,575.6
3116,2013-04-02 12:30:00+00:00,1349.75
3116,2013-04-02 13:00:00+00:00,1497.65
3116,2013-04-02 13:30:00+00:00,1404.5
3116,2013-04-02 14:00:00+00:00,1272.6
3116,2013-04-02 14:30:00+00:00,1218.9
3116,2013-04-02 15:00:00+00:00,1079.8
3116,2013-04-02 15:30:00+00:00,905.5
3116,2013-04-02 16:00:00+00:00,704.2
3116,2013-04-02 16:30:00+00:00,496.45
3116,2013-04-02 17:00:00+00:00,291.31
3116,2013-04-02 17:30:00+00:00,116.48
3116,2013-04-02 18:00:00+00:00,32.22
3116,2013-04-02 18:30:00+00:00,5.25
3116,2013-04-02 19:00:00+00:00,0.0
3116,2013-04-02 19:30:00+00:00,0.0
3116,2013-04-02 20:00:00+00:00,0.0
3116,2013-04-02 20:30:00+00:00,0.0
3116,2013-04-02 21:00:00+00:00,0.0
3116,2013-04-02 21:30:00+00:00,0.0
3116,2013-04-02 22:00:00+00:00,0.0
3116,2013-04-02 22:30:00+00:00,0.0
3116,2013-04-02 23:00:00+00:00,0.0
3116,2013-04-02 23:30:00+00:00,0.0
3116,2013-04-03 00:00:00+00:00,0.0
3116,2013-04-03 00:30:00+00:00,0.0
3116,2013-04-03 01:00:00+00:00,0.0
3116,2013-04-03 01:30:00+00:00,0.0
3116,2013-04-03 02:00:00+00:00,0.0
3116,2013-04-03 02:30:00+00:00,0.0
3116,2013-04-03 03:00:00+00:00,0.0
3116,2013-04-03 03:30:00+00:00,0.0
3116,2013-04-03 04:00:00+00:00,0.0
3116,2013-04-03 04:30:00+00:00,0.0
3116,2013-04-03 05:00:00+00:00,0.0
3116,2013-04-03 05:30:00+00:00,0.01
3116,2013-04-03 06:00:00+00:00,5.96
3116,2013-04-03 06:30:00+00:00,49.2
3116,2013-04-03 07:00:00+00:00,56.72
3116,2013-04-03 07:30:00+00:00,68.59
3116,2013-04-03 08:00:00+00:00,90.95
3116,2013-04-03 08:30:00+00:00,97.87
3116,2013-04-03 09:00:00+00:00,112.99
3116,2013-04-03 09:30:00+00:00,138.67
3116,2013-04-03 10:00:00+00:00,179.51
3116,2013-04-03 10:30:00+00:00,183.07
3116,2013-04-03 11:00:00+00:00,249.41
3116,2013-04-03 11:30:00+00:00,272.07
3116,2013-04-03 12:00:00+00:00,304.11
3116,2013-04-03 12:30:00+00:00,328.88
3116,2013-04-03 13:00:00+00:00,257.47
3116,2013-04-03 13:30:00+00:00,218.65
3116,2013-04-03 14:00:00+00:00,134.23
3116,2013-04-03 14:30:00+00:00,182.54
3116,2013-04-03 15:00:00+00:00,172.7
3116,2013-04-03 15:30:00+00:00,61.53
3116,2013-04-03 16:00:00+00:00,73.08
3116,2013-04-03 16:30:00+00:00,98.62
3116,2013-04-03 17:00:00+00:00,53.42
3116,2013-04-03 17:30:00+00:00,25.92
3116,2013-04-03 18:00:00+00:00,13.26
3116,2013-04-03 18:30:00+00:00,0.25
3116,2013-04-03 19:00:00+00:00,0.0
3116,2013-04-03 19:30:00+00:00,0.0
3116,2013-04-03 20:00:00+00:00,0.0
3116,2013-04-03 20:30:00+00:00,0.0
3116,2013-04-03 21:00:00+00:00,0.0
3116,2013-04-03 21:30:00+00:00,0.0
3116,2013-04-03 22:00:00+00:00,0.0
3116,2013-04-03 22:30:00+00:00,0.0
3116,2013-04-03 23:00:00+00:00,0.0
3116,2013-04-03 23:30:00+00:00,0.0
3116,2013-04-04 00:00:00+00:00,0.0
3116,2013-04-04 00:30:00+00:00,0.0
3116,2013-04-04 01:00:00+00:00,0.0
3116,2013-04-04 01:30:00+00:00,0.0
3116,2013-04-04 02:00:00+00:00,0.0
3116,2013-04-04 02:30:00+00:00,0.0
3116,2013-04-04 03:00:00+00:00,0.0
3116,2013-04-04 03:30:00+00:00,0.0
3116,2013-04-04 04:00:00+00:00,0.0
3116,2013-04-04 04:30:00+00:00,0.0
3116,2013-04-04 05:00:00+00:00,0.0
3116,2013-04-04 05:30:00+00:00,0.0
3116,2013-04-04 06:00:00+00:00,1.31
3116,2013-04-04 06:30:00+00:00,1.9
3116,2013-04-04 07:00:00+00:00,26.91
3116,2013-04-04 07:30:00+00:00,62.56
3116,2013-04-04 08:00:00+00:00,97.57
3116,2013-04-04 08:30:00+00:00,38.92
3116,2013-04-04 09:00:00+00:00,54.8
3116,2013-04-04 09:30:00+00:00,106.59
3116,2013-04-04 10:00:00+00:00,92.24
3116,2013-04-04 10:30:00+00:00,66.6
3116,2013-04-04 11:00:00+00:00,54.8
3116,2013-04-04 11:30:00+00:00,161.89
3116,2013-04-04 12:00:00+00:00,285.24
3116,2013-04-04 12:30:00+00:00,305.55
3116,2013-04-04 13:00:00+00:00,207.34
3116,2013-04-04 13:30:00+00:00,134.84
3116,2013-04-04 14:00:00+00:00,61.23
3116,2013-04-04 14:30:00+00:00,37.66
3116,2013-04-04 15:00:00+00:00,13.17
3116,2013-04-04 15:30:00+00:00,0.03
3116,2013-04-04 16:00:00+00:00,0.0
3116,2013-04-04 16:30:00+00:00,0.19
3116,2013-04-04 17:00:00+00:00,10.81
3116,2013-04-04 17:30:00+00:00,32.95
3116,2013-04-04 18:00:00+00:00,14.83
3116,2013-04-04 18:30:00+00:00,1.69
3116,2013-04-04 19:00:00+00:00,0.0
3116,2013-04-04 19:30:00+00:00,0.0
3116,2013-04-04 20:00:00+00:00,0.0
3116,2013-04-04 20:30:00+00:00,0.0
3116,2013-04-04 21:00:00+00:00,0.0
3116,2013-04-04 21:30:00+00:00,0.0
3116,2013-04-04 22:00:00+00:00,0.0
3116,2013-04-04 22:30:00+00:00,0.0
3116,2013-04-04 23:00:00+00:00,0.0
3116,2013-04-04 23:30:00+00:00,0.0
3116,2013-04-05 00:00:00+00:00,0.0
3116,2013-04-05 00:30:00+00:00,0.0
3116,2013-04-05 01:00:00+00:00,0.0
3116,2013-04-05 01:30:00+00:00,0.0
3116,2013-04-05 02:00:00+00:00,0.0
3116,2013-04-05 02:30:00+00:00,0.0
3116,2013-04-05 03:00:00+00:00,0.0
3116,2013-04-05 03:30:00+00:00,0.0
3116,2013-04-05 04:00:00+00:00,0.0
3116,2013-04-05 04:30:00+00:00,0.0
3116,2013-04-05 05:00:00+00:00,0.0
3116,2013-04-05 05:30:00+00:00,0.0
3116,2013-04-05 06:00:00+00:00,0.02
3116,2013-04-05 06:30:00+00:00,0.05
3116,2013-04-05 07:00:00+00:00,27.82
3116,2013-04-05 07:30:00+00:00,65.21
3116,2013-04-05 08:00:00+00:00,66.47
3116,2013-04-05 08:30:00+00:00,50.89
3116,2013-04-05 09:00:00+00:00,141.6
3116,2013-04-05 09:30:00+00:00,217.96
3116,2013-04-05 10:00:00+00:00,293.79
3116,2013-04-05 10:30:00+00:00,292.87
3116,2013-04-05 11:00:00+00:00,290.64
3116,2013-04-05 11:30:00+00:00,400.45
3116,2013-04-05 12:00:00+00:00,610.95
3116,2013-04-05 12:30:00+00:00,656.5
3116,2013-04-05 13:00:00+00:00,692.5
3116,2013-04-05 13:30:00+00:00,772.85
3116,2013-04-05 14:00:00+00:00,653.1
3116,2013-04-05 14:30:00+00:00,586.6
3116,2013-04-05 15:00:00+00:00,440.38
3116,2013-04-05 15:30:00+00:00,402.33
3116,2013-04-05 16:00:00+00:00,366.9
3116,2013-04-05 16:30:00+00:00,233.43
3116,2013-04-05 17:00:00+00:00,162.78
3116,2013-04-05 17:30:00+00:00,125.15
3116,2013-04-05 18:00:00+00:00,63.46
3116,2013-04-05 18:30:00+00:00,12.55
3116,2013-04-05 19:00:00+00:00,0.0
3116,2013-04-05 19:30:00+00:00,0.0
3116,2013-04-05 20:00:00+00:00,0.0
3116,2013-04-05 20:30:00+00:00,0.0
3116,2013-04-05 21:00:00+00:00,0.0
3116,2013-04-05 21:30:00+00:00,0.0
3116,2013-04-05 22:00:00+00:00,0.0
3116,2013-04-05 22:30:00+00:00,0.0
3116,2013-04-05 23:00:00+00:00,0.0
3116,2013-04-05 23:30:00+00:00,0.0
3116,2013-04-06 00:00:00+00:00,0.0
3116,2013-04-06 00:30:00+00:00,0.0
3116,2013-04-06 01:00:00+00:00,0.0
3116,2013-04-06 01:30:00+00:00,0.0
3116,2013-04-06 02:00:00+00:00,0.0
3116,2013-04-06 02:30:00+00:00,0.0
3116,2013-04-06 03:00:00+00:00,0.0
3116,2013-04-06 03:30:00+00:00,0.0
3116,2013-04-06 04:00:00+00:00,0.0
3116,2013-04-06 04:30:00+00:00,0.0
3116,2013-04-06 05:00:00+00:00,0.0
3116,2013-04-06 05:30:00+00:00,0.02
3116,2013-04-06 06:00:00+00:00,25.35
3116,2013-04-06 06:30:00+00:00,149.88
3116,2013-04-06 07:00:00+00:00,334.09
3116,2013-04-06 07:30:00+00:00,548.1
3116,2013-04-06 08:00:00+00:00,752.8
3116,2013-04-06 08:30:00+00:00,921.85
3116,2013-04-06 09:00:00+00:00,1073.55
3116,2013-04-06 09:30:00+00:00,1166.8
3116,2013-04-06 10:00:00+00:00,1126.8
3116,2013-04-06 10:30:00+00:00,1224.8
3116,2013-04-06 11:00:00+00:00,969.4
3116,2013-04-06 11:30:00+00:00,578.85
3116,2013-04-06 12:00:00+00:00,558.85
3116,2013-04-06 12:30:00+00:00,754.9
3116,2013-04-06 13:00:00+00:00,587.65
3116,2013-04-06 13:30:00+00:00,659.3
3116,2013-04-06 14:00:00+00:00,711.2
3116,2013-04-06 14:30:00+00:00,564.65
3116,2013-04-06 15:00:00+00:00,955.4
3116,2013-04-06 15:30:00+00:00,551.45
3116,2013-04-06 16:00:00+00:00,683.05
3116,2013-04-06 16:30:00+00:00,440.09
3116,2013-04-06 17:00:00+00:00,267.66
3116,2013-04-06 17:30:00+00:00,131.41
3116,2013-04-06 18:00:00+00:00,42.9
3116,2013-04-06 18:30:00+00:00,9.49
3116,2013-04-06 19:00:00+00:00,0.0
3116,2013-04-06 19:30:00+00:00,0.0
3116,2013-04-06 20:00:00+00:00,0.0
3116,2013-04-06 20:30:00+00:00,0.0
3116,2013-04-06 21:00:00+00:00,0.0
3116,2013-04-06 21:30:00+00:00,0.0
3116,2013-04-06 22:00:00+00:00,0.0
3116,2013-04-06 22:30:00+00:00,0.0
3116,2013-04-06 23:00:00+00:00,0.0
3116,2013-04-06 23:30:00+00:00,0.0
3116,2013-04-07 00:00:00+00:00,0.0
3116,2013-04-07 00:30:00+00:00,0.0
3116,2013-04-07 01:00:00+00:00,0.0
3116,2013-04-07 01:30:00+00:00,0.0
3116,2013-04-07 02:00:00+00:00,0.0
3116,2013-04-07 02:30:00+00:00,0.0
3116,2013-04-07 03:00:00+00:00,0.0
3116,2013-04-07 03:30:00+00:00,0.0
3116,2013-04-07 04:00:00+00:00,0.0
3116,2013-04-07 04:30:00+00:00,0.0
3116,2013-04-07 05:00:00+00:00,0.0
3116,2013-04-07 05:30:00+00:00,0.05
3116,2013-04-07 06:00:00+00:00,16.32
3116,2013-04-07 06:30:00+00:00,138.5
3116,2013-04-07 07:00:00+00:00,394.5
3116,2013-04-07 07:30:00+00:00,523.25
3116,2013-04-07 08:00:00+00:00,751.8
3116,2013-04-07 08:30:00+00:00,861.95
3116,2013-04-07 09:00:00+00:00,984.35
3116,2013-04-07 09:30:00+00:00,1018.05
3116,2013-04-07 10:00:00+00:00,1159.45
3116,2013-04-07 10:30:00+00:00,1208.3
3116,2013-04-07 11:00:00+00:00,1131.65
3116,2013-04-07 11:30:00+00:00,1136.0
3116,2013-04-07 12:00:00+00:00,1262.45
3116,2013-04-07 12:30:00+00:00,1325.7
3116,2013-04-07 13:00:00+00:00,1325.8
3116,2013-04-07 13:30:00+00:00,1196.45
3116,2013-04-07 14:00:00+00:00,1096.2
3116,2013-04-07 14:30:00+00:00,1028.0
3116,2013-04-07 15:00:00+00:00,683.5
3116,2013-04-07 15:30:00+00:00,403.57
3116,2013-04-07 16:00:00+00:00,466.69
3116,2013-04-07 16:30:00+00:00,356.12
3116,2013-04-07 17:00:00+00:00,189.16
3116,2013-04-07 17:30:00+00:00,135.44
3116,2013-04-07 18:00:00+00:00,57.63
3116,2013-04-07 18:30:00+00:00,9.19
3116,2013-04-07 19:00:00+00:00,0.0
3116,2013-04-07 19:30:00+00:00,0.0
3116,2013-04-07 20:00:00+00:00,0.0
3116,2013-04-07 20:30:00+00:00,0.0
3116,2013-04-07 21:00:00+00:00,0.0
3116,2013-04-07 21:30:00+00:00,0.0
3116,2013-04-07 22:00:00+00:00,0.0
3116,2013-04-07 22:30:00+00:00,0.0
3116,2013-04-07 23:00:00+00:00,0.0
3116,2013-04-07 23:30:00+00:00,0.0
3116,2013-04-08 00:00:00+00:00,0.0
3116,2013-04-08 00:30:00+00:00,0.0
3116,2013-04-08 01:00:00+00:00,0.0
3116,2013-04-08 01:30:00+00:00,0.0
3116,2013-04-08 02:00:00+00:00,0.0
3116,2013-04-08 02:30:00+00:00,0.0
3116,2013-04-08 03:00:00+00:00,0.0
3116,2013-04-08 03:30:00+00:00,0.0
3116,2013-04-08 04:00:00+00:00,0.0
3116,2013-04-08 04:30:00+00:00,0.0
3116,2013-04-08 05:00:00+00:00,0.0
3116,2013-04-08 05:30:00+00:00,0.01
3116,2013-04-08 06:00:00+00:00,4.43
3116,2013-04-08 06:30:00+00:00,44.63
3116,2013-04-08 07:00:00+00:00,145.0
3116,2013-04-08 07:30:00+00:00,251.85
3116,2013-04-08 08:00:00+00:00,409.55
3116,2013-04-08 08:30:00+00:00,457.86
3116,2013-04-08 09:00:00+00:00,547.5
3116,2013-04-08 09:30:00+00:00,669.15
3116,2013-04-08 10:00:00+00:00,643.8
3116,2013-04-08 10:30:00+00:00,647.3
3116,2013-04-08 11:00:00+00:00,656.1
3116,2013-04-08 11:30:00+00:00,822.35
3116,2013-04-08 12:00:00+00:00,869.85
3116,2013-04-08 12:30:00+00:00,853.2
3116,2013-04-08 13:00:00+00:00,894.2
3116,2013-04-08 13:30:00+00:00,795.5
3116,2013-04-08 14:00:00+00:00,824.35
3116,2013-04-08 14:30:00+00:00,838.95
3116,2013-04-08 15:00:00+00:00,807.6
3116,2013-04-08 15:30:00+00:00,652.4
3116,2013-04-08 16:00:00+00:00,598.75
3116,2013-04-08 16:30:00+00:00,471.49
3116,2013-04-08 17:00:00+00:00,232.54
3116,2013-04-08 17:30:00+00:00,155.4
3116,2013-04-08 18:00:00+00:00,80.62
3116,2013-04-08 18:30:00+00:00,25.33
3116,2013-04-08 19:00:00+00:00,0.07
3116,2013-04-08 19:30:00+00:00,0.0
3116,2013-04-08 20:00:00+00:00,0.0
3116,2013-04-08 20:30:00+00:00,0.0
3116,2013-04-08 21:00:00+00:00,0.0
3116,2013-04-08 21:30:00+00:00,0.0
3116,2013-04-08 22:00:00+00:00,0.0
3116,2013-04-08 22:30:00+00:00,0.0
3116,2013-04-08 23:00:00+00:00,0.0
3116,2013-04-08 23:30:00+00:00,0.0
3116,2013-04-09 00:00:00+00:00,0.0
3116,2013-04-09 00:30:00+00:00,0.0
3116,2013-04-09 01:00:00+00:00,0.0
3116,2013-04-09 01:30:00+00:00,0.0
3116,2013-04-09 02:00:00+00:00,0.0
3116,2013-04-09 02:30:00+00:00,0.0
3116,2013-04-09 03:00:00+00:00,0.0
3116,2013-04-09 03:30:00+00:00,0.0
3116,2013-04-09 04:00:00+00:00,0.0
3116,2013-04-09 04:30:00+00:00,0.0
3116,2013-04-09 05:00:00+00:00,0.0
3116,2013-04-09 05:30:00+00:00,0.0
3116,2013-04-09 06:00:00+00:00,1.21
3116,2013-04-09 06:30:00+00:00,29.6
3116,2013-04-09 07:00:00+00:00,77.81
3116,2013-04-09 07:30:00+00:00,157.11
3116,2013-04-09 08:00:00+00:00,202.97
3116,2013-04-09 08:30:00+00:00,218.09
3116,2013-04-09 09:00:00+00:00,164.11
3116,2013-04-09 09:30:00+00:00,159.69
3116,2013-04-09 10:00:00+00:00,171.72
3116,2013-04-09 10:30:00+00:00,540.2
3116,2013-04-09 11:00:00+00:00,470.04
3116,2013-04-09 11:30:00+00:00,488.54
3116,2013-04-09 12:00:00+00:00,315.28
3116,2013-04-09 12:30:00+00:00,483.27
3116,2013-04-09 13:00:00+00:00,481.0
3116,2013-04-09 13:30:00+00:00,383.24
3116,2013-04-09 14:00:00+00:00,236.83
3116,2013-04-09 14:30:00+00:00,219.76
3116,2013-04-09 15:00:00+00:00,255.94
3116,2013-04-09 15:30:00+00:00,236.48
3116,2013-04-09 16:00:00+00:00,114.36
3116,2013-04-09 16:30:00+00:00,110.91
3116,2013-04-09 17:00:00+00:00,62.93
3116,2013-04-09 17:30:00+00:00,18.76
3116,2013-04-09 18:00:00+00:00,2.75
3116,2013-04-09 18:30:00+00:00,0.0
3116,2013-04-09 19:00:00+00:00,0.0
3116,2013-04-09 19:30:00+00:00,0.0
3116,2013-04-09 20:00:00+00:00,0.0
3116,2013-04-09 20:30:00+00:00,0.0
3116,2013-04-09 21:00:00+00:00,0.0
3116,2013-04-09 21:30:00+00:00,0.0
3116,2013-04-09 22:00:00+00:00,0.0
3116,2013-04-09 22:30:00+00:00,0.0
3116,2013-04-09 23:00:00+00:00,0.0
3116,2013-04-09 23:30:00+00:00,0.0
3116,2013-04-10 00:00:00+00:00,0.0
3116,2013-04-10 00:30:00+00:00,0.0
3116,2013-04-10 01:00:00+00:00,0.0
3116,2013-04-10 01:30:00+00:00,0.0
3116,2013-04-10 02:00:00+00:00,0.0
3116,2013-04-10 02:30:00+00:00,0.0
3116,2013-04-10 03:00:00+00:00,0.0
3116,2013-04-10 03:30:00+00:00,0.0
3116,2013-04-10 04:00:00+00:00,0.0
3116,2013-04-10 04:30:00+00:00,0.0
3116,2013-04-10 05:00:00+00:00,0.0
3116,2013-04-10 05:30:00+00:00,0.02
3116,2013-04-10 06:00:00+00:00,0.34
3116,2013-04-10 06:30:00+00:00,17.33
3116,2013-04-10 07:00:00+00:00,63.79
3116,2013-04-10 07:30:00+00:00,125.32
3116,2013-04-10 08:00:00+00:00,153.79
3116,2013-04-10 08:30:00+00:00,211.2
3116,2013-04-10 09:00:00+00:00,310.84
3116,2013-04-10 09:30:00+00:00,718.95
3116,2013-04-10 10:00:00+00:00,1002.35
3116,2013-04-10 10:30:00+00:00,1235.75
3116,2013-04-10 11:00:00+00:00,1299.95
3116,2013-04-10 11:30:00+00:00,1321.65
3116,2013-04-10 12:00:00+00:00,1338.15
3116,2013-04-10 12:30:00+00:00,1090.15
3116,2013-04-10 13:00:00+00:00,1166.35
3116,2013-04-10 13:30:00+00:00,968.1
3116,2013-04-10 14:00:00+00:00,832.95
3116,2013-04-10 14:30:00+00:00,514.65
3116,2013-04-10 15:00:00+00:00,385.13
3116,2013-04-10 15:30:00+00:00,391.66
3116,2013-04-10 16:00:00+00:00,437.41
3116,2013-04-10 16:30:00+00:00,264.33
3116,2013-04-10 17:00:00+00:00,154.68
3116,2013-04-10 17:30:00+00:00,101.21
3116,2013-04-10 18:00:00+00:00,35.72
3116,2013-04-10 18:30:00+00:00,1.54
3116,2013-04-10 19:00:00+00:00,0.0
3116,2013-04-10 19:30:00+00:00,0.0
3116,2013-04-10 20:00:00+00:00,0.0
3116,2013-04-10 20:30:00+00:00,0.0
3116,2013-04-10 21:00:00+00:00,0.0
3116,2013-04-10 21:30:00+00:00,0.0
3116,2013-04-10 22:00:00+00:00,0.0
3116,2013-04-10 22:30:00+00:00,0.0
3116,2013-04-10 23:00:00+00:00,0.0
3116,2013-04-10 23:30:00+00:00,0.0
3116,2013-04-11 00:00:00+00:00,0.0
3116,2013-04-11 00:30:00+00:00,0.0
3116,2013-04-11 01:00:00+00:00,0.0
3116,2013-04-11 01:30:00+00:00,0.0
3116,2013-04-11 02:00:00+00:00,0.0
3116,2013-04-11 02:30:00+00:00,0.0
3116,2013-04-11 03:00:00+00:00,0.0
3116,2013-04-11 03:30:00+00:00,0.0
3116,2013-04-11 04:00:00+00:00,0.0
3116,2013-04-11 04:30:00+00:00,0.0
3116,2013-04-11 05:00:00+00:00,0.0
3116,2013-04-11 05:30:00+00:00,0.0
3116,2013-04-11 06:00:00+00:00,0.07
3116,2013-04-11 06:30:00+00:00,0.57
3116,2013-04-11 07:00:00+00:00,7.66
3116,2013-04-11 07:30:00+00:00,24.95
3116,2013-04-11 08:00:00+00:00,42.49
3116,2013-04-11 08:30:00+00:00,52.53
3116,2013-04-11 09:00:00+00:00,83.31
3116,2013-04-11 09:30:00+00:00,123.63
3116,2013-04-11 10:00:00+00:00,106.18
3116,2013-04-11 10:30:00+00:00,135.93
3116,2013-04-11 11:00:00+00:00,202.08
3116,2013-04-11 11:30:00+00:00,178.1
3116,2013-04-11 12:00:00+00:00,174.42
3116,2013-04-11 12:30:00+00:00,268.72
3116,2013-04-11 13:00:00+00:00,201.37
3116,2013-04-11 13:30:00+00:00,127.26
3116,2013-04-11 14:00:00+00:00,243.7
3116,2013-04-11 14:30:00+00:00,225.01
3116,2013-04-11 15:00:00+00:00,354.58
3116,2013-04-11 15:30:00+00:00,153.49
3116,2013-04-11 16:00:00+00:00,157.23
3116,2013-04-11 16:30:00+00:00,197.25
3116,2013-04-11 17:00:00+00:00,207.46
3116,2013-04-11 17:30:00+00:00,207.1
3116,2013-04-11 18:00:00+00:00,108.61
3116,2013-04-11 18:30:00+00:00,21.17
3116,2013-04-11 19:00:00+00:00,0.0
3116,2013-04-11 19:30:00+00:00,0.0
3116,2013-04-11 20:00:00+00:00,0.0
3116,2013-04-11 20:30:00+00:00,0.0
3116,2013-04-11 21:00:00+00:00,0.0
3116,2013-04-11 21:30:00+00:00,0.0
3116,2013-04-11 22:00:00+00:00,0.0
3116,2013-04-11 22:30:00+00:00,0.0
3116,2013-04-11 23:00:00+00:00,0.0
3116,2013-04-11 23:30:00+00:00,0.0
3116,2013-04-12 00:00:00+00:00,0.0
3116,2013-04-12 00:30:00+00:00,0.0
3116,2013-04-12 01:00:00+00:00,0.0
3116,2013-04-12 01:30:00+00:00,0.0
3116,2013-04-12 02:00:00+00:00,0.0
3116,2013-04-12 02:30:00+00:00,0.0
3116,2013-04-12 03:00:00+00:00,0.0
3116,2013-04-12 03:30:00+00:00,0.0
3116,2013-04-12 04:00:00+00:00,0.0
3116,2013-04-12 04:30:00+00:00,0.0
3116,2013-04-12 05:00:00+00:00,0.0
3116,2013-04-12 05:30:00+00:00,0.01
3116,2013-04-12 06:00:00+00:00,0.07
3116,2013-04-12 06:30:00+00:00,17.13
3116,2013-04-12 07:00:00+00:00,75.49
3116,2013-04-12 07:30:00+00:00,202.66
3116,2013-04-12 08:00:00+00:00,254.26
3116,2013-04-12 08:30:00+00:00,123.23
3116,2013-04-12 09:00:00+00:00,160.11
3116,2013-04-12 09:30:00+00:00,551.05
3116,2013-04-12 10:00:00+00:00,326.46
3116,2013-04-12 10:30:00+00:00,410.57
3116,2013-04-12 11:00:00+00:00,569.3
3116,2013-04-12 11:30:00+00:00,451.99
3116,2013-04-12 12:00:00+00:00,154.38
3116,2013-04-12 12:30:00+00:00,554.45
3116,2013-04-12 13:00:00+00:00,71.45
3116,2013-04-12 13:30:00+00:00,539.65
3116,2013-04-12 14:00:00+00:00,231.71
3116,2013-04-12 14:30:00+00:00,598.75
3116,2013-04-12 15:00:00+00:00,580.45
3116,2013-04-12 15:30:00+00:00,298.42
3116,2013-04-12 16:00:00+00:00,361.55
3116,2013-04-12 16:30:00+00:00,202.83
3116,2013-04-12 17:00:00+00:00,279.44
3116,2013-04-12 17:30:00+00:00,102.13
3116,2013-04-12 18:00:00+00:00,7.68
3116,2013-04-12 18:30:00+00:00,42.35
3116,2013-04-12 19:00:00+00:00,0.0
3116,2013-04-12 19:30:00+00:00,0.0
3116,2013-04-12 20:00:00+00:00,0.0
3116,2013-04-12 20:30:00+00:00,0.0
3116,2013-04-12 21:00:00+00:00,0.0
3116,2013-04-12 21:30:00+00:00,0.0
3116,2013-04-12 22:00:00+00:00,0.0
3116,2013-04-12 22:30:00+00:00,0.0
3116,2013-04-12 23:00:00+00:00,0.0
3116,2013-04-12 23:30:00+00:00,0.0
3116,2013-04-13 00:00:00+00:00,0.0
3116,2013-04-13 00:30:00+00:00,0.0
3116,2013-04-13 01:00:00+00:00,0.0
3116,2013-04-13 01:30:00+00:00,0.0
3116,2013-04-13 02:00:00+00:00,0.0
3116,2013-04-13 02:30:00+00:00,0.0
3116,2013-04-13 03:00:00+00:00,0.0
3116,2013-04-13 03:30:00+00:00,0.0
3116,2013-04-13 04:00:00+00:00,0.0
3116,2013-04-13 04:30:00+00:00,0.0
3116,2013-04-13 05:00:00+00:00,0.0
3116,2013-04-13 05:30:00+00:00,0.19
3116,2013-04-13 06:00:00+00:00,49.93
3116,2013-04-13 06:30:00+00:00,201.88
3116,2013-04-13 07:00:00+00:00,392.44
3116,2013-04-13 07:30:00+00:00,599.0
3116,2013-04-13 08:00:00+00:00,790.0
3116,2013-04-13 08:30:00+00:00,514.25
3116,2013-04-13 09:00:00+00:00,324.2
3116,2013-04-13 09:30:00+00:00,1044.65
3116,2013-04-13 10:00:00+00:00,851.25
3116,2013-04-13 10:30:00+00:00,801.4
3116,2013-04-13 11:00:00+00:00,727.0
3116,2013-04-13 11:30:00+00:00,682.35
3116,2013-04-13 12:00:00+00:00,319.12
3116,2013-04-13 12:30:00+00:00,409.46
3116,2013-04-13 13:00:00+00:00,257.87
3116,2013-04-13 13:30:00+00:00,282.56
3116,2013-04-13 14:00:00+00:00,139.27
3116,2013-04-13 14:30:00+00:00,117.57
3116,2013-04-13 15:00:00+00:00,109.95
3116,2013-04-13 15:30:00+00:00,79.29
3116,2013-04-13 16:00:00+00:00,85.69
3116,2013-04-13 16:30:00+00:00,64.72
3116,2013-04-13 17:00:00+00:00,48.78
3116,2013-04-13 17:30:00+00:00,41.84
3116,2013-04-13 18:00:00+00:00,15.14
3116,2013-04-13 18:30:00+00:00,0.02
3116,2013-04-13 19:00:00+00:00,0.0
3116,2013-04-13 19:30:00+00:00,0.0
3116,2013-04-13 20:00:00+00:00,0.0
3116,2013-04-13 20:30:00+00:00,0.0
3116,2013-04-13 21:00:00+00:00,0.0
3116,2013-04-13 21:30:00+00:00,0.0
3116,2013-04-13 22:00:00+00:00,0.0
3116,2013-04-13 22:30:00+00:00,0.0
3116,2013-04-13 23:00:00+00:00,0.0
3116,2013-04-13 23:30:00+00:00,0.0
3116,2013-04-14 00:00:00+00:00,0.0
3116,2013-04-14 00:30:00+00:00,0.0
3116,2013-04-14 01:00:00+00:00,0.0
3116,2013-04-14 01:30:00+00:00,0.0
3116,2013-04-14 02:00:00+00:00,0.0
3116,2013-04-14 02:30:00+00:00,0.0
3116,2013-04-14 03:00:00+00:00,0.0
3116,2013-04-14 03:30:00+00:00,0.0
3116,2013-04-14 04:00:00+00:00,0.0
3116,2013-04-14 04:30:00+00:00,0.0
3116,2013-04-14 05:00:00+00:00,0.0
3116,2013-04-14 05:30:00+00:00,0.82
3116,2013-04-14 06:00:00+00:00,24.77
3116,2013-04-14 06:30:00+00:00,70.2
3116,2013-04-14 07:00:00+00:00,167.32
3116,2013-04-14 07:30:00+00:00,173.42
3116,2013-04-14 08:00:00+00:00,213.49
3116,2013-04-14 08:30:00+00:00,175.82
3116,2013-04-14 09:00:00+00:00,600.5
3116,2013-04-14 09:30:00+00:00,754.85
3116,2013-04-14 10:00:00+00:00,1148.85
3116,2013-04-14 10:30:00+00:00,1065.35
3116,2013-04-14 11:00:00+00:00,1471.35
3116,2013-04-14 11:30:00+00:00,1389.3
3116,2013-04-14 12:00:00+00:00,962.4
3116,2013-04-14 12:30:00+00:00,955.3
3116,2013-04-14 13:00:00+00:00,1313.55
3116,2013-04-14 13:30:00+00:00,1236.9
3116,2013-04-14 14:00:00+00:00,1198.35
3116,2013-04-14 14:30:00+00:00,1038.95
3116,2013-04-14 15:00:00+00:00,849.05
3116,2013-04-14 15:30:00+00:00,713.15
3116,2013-04-14 16:00:00+00:00,563.5
3116,2013-04-14 16:30:00+00:00,238.76
3116,2013-04-14 17:00:00+00:00,123.1
3116,2013-04-14 17:30:00+00:00,112.28
3116,2013-04-14 18:00:00+00:00,64.95
3116,2013-04-14 18:30:00+00:00,24.75
3116,2013-04-14 19:00:00+00:00,2.52
3116,2013-04-14 19:30:00+00:00,0.0
3116,2013-04-14 20:00:00+00:00,0.0
3116,2013-04-14 20:30:00+00:00,0.0
3116,2013-04-14 21:00:00+00:00,0.0
3116,2013-04-14 21:30:00+00:00,0.0
3116,2013-04-14 22:00:00+00:00,0.0
3116,2013-04-14 22:30:00+00:00,0.0
3116,2013-04-14 23:00:00+00:00,0.0
3116,2013-04-14 23:30:00+00:00,0.0
3116,2013-04-15 00:00:00+00:00,0.0
3116,2013-04-15 00:30:00+00:00,0.0
3116,2013-04-15 01:00:00+00:00,0.0
3116,2013-04-15 01:30:00+00:00,0.0
3116,2013-04-15 02:00:00+00:00,0.0
3116,2013-04-15 02:30:00+00:00,0.0
3116,2013-04-15 03:00:00+00:00,0.0
3116,2013-04-15 03:30:00+00:00,0.0
3116,2013-04-15 04:00:00+00:00,0.0
3116,2013-04-15 04:30:00+00:00,0.0
3116,2013-04-15 05:00:00+00:00,0.0
3116,2013-04-15 05:30:00+00:00,0.09
3116,2013-04-15 06:00:00+00:00,18.01
3116,2013-04-15 06:30:00+00:00,145.76
3116,2013-04-15 07:00:00+00:00,369.09
3116,2013-04-15 07:30:00+00:00,554.6
3116,2013-04-15 08:00:00+00:00,459.91
3116,2013-04-15 08:30:00+00:00,898.4
3116,2013-04-15 09:00:00+00:00,1097.9
3116,2013-04-15 09:30:00+00:00,1060.5
3116,2013-04-15 10:00:00+00:00,1315.4
3116,2013-04-15 10:30:00+00:00,1152.7
3116,2013-04-15 11:00:00+00:00,839.4
3116,2013-04-15 11:30:00+00:00,720.7
3116,2013-04-15 12:00:00+00:00,785.65
3116,2013-04-15 12:30:00+00:00,791.5
3116,2013-04-15 13:00:00+00:00,612.35
3116,2013-04-15 13:30:00+00:00,531.1
3116,2013-04-15 14:00:00+00:00,989.75
3116,2013-04-15 14:30:00+00:00,861.55
3116,2013-04-15 15:00:00+00:00,1049.1
3116,2013-04-15 15:30:00+00:00,764.7
3116,2013-04-15 16:00:00+00:00,646.75
3116,2013-04-15 16:30:00+00:00,279.53
3116,2013-04-15 17:00:00+00:00,210.04
3116,2013-04-15 17:30:00+00:00,91.83
3116,2013-04-15 18:00:00+00:00,49.18
3116,2013-04-15 18:30:00+00:00,30.23
3116,2013-04-15 19:00:00+00:00,0.52
3116,2013-04-15 19:30:00+00:00,0.0
3116,2013-04-15 20:00:00+00:00,0.0
3116,2013-04-15 20:30:00+00:00,0.0
3116,2013-04-15 21:00:00+00:00,0.0
3116,2013-04-15 21:30:00+00:00,0.0
3116,2013-04-15 22:00:00+00:00,0.0
3116,2013-04-15 22:30:00+00:00,0.0
3116,2013-04-15 23:00:00+00:00,0.0
3116,2013-04-15 23:30:00+00:00,0.0
3116,2013-04-16 00:00:00+00:00,0.0
3116,2013-04-16 00:30:00+00:00,0.0
3116,2013-04-16 01:00:00+00:00,0.0
3116,2013-04-16 01:30:00+00:00,0.0
3116,2013-04-16 02:00:00+00:00,0.0
3116,2013-04-16 02:30:00+00:00,0.0
3116,2013-04-16 03:00:00+00:00,0.0
3116,2013-04-16 03:30:00+00:00,0.0
3116,2013-04-16 04:00:00+00:00,0.0
3116,2013-04-16 04:30:00+00:00,0.0
3116,2013-04-16 05:00:00+00:00,0.0
3116,2013-04-16 05:30:00+00:00,0.03
3116,2013-04-16 06:00:00+00:00,1.19
3116,2013-04-16 06:30:00+00:00,3.36
3116,2013-04-16 07:00:00+00:00,62.98
3116,2013-04-16 07:30:00+00:00,73.09
3116,2013-04-16 08:00:00+00:00,371.37
3116,2013-04-16 08:30:00+00:00,331.19
3116,2013-04-16 09:00:00+00:00,807.6
3116,2013-04-16 09:30:00+00:00,482.13
3116,2013-04-16 10:00:00+00:00,539.3
3116,2013-04-16 10:30:00+00:00,514.1
3116,2013-04-16 11:00:00+00:00,605.75
3116,2013-04-16 11:30:00+00:00,521.9
3116,2013-04-16 12:00:00+00:00,469.6
3116,2013-04-16 12:30:00+00:00,455.67
3116,2013-04-16 13:00:00+00:00,560.05
3116,2013-04-16 13:30:00+00:00,490.45
3116,2013-04-16 14:00:00+00:00,639.95
3116,2013-04-16 14:30:00+00:00,841.75
3116,2013-04-16 15:00:00+00:00,917.4
3116,2013-04-16 15:30:00+00:00,715.75
3116,2013-04-16 16:00:00+00:00,680.5
3116,2013-04-16 16:30:00+00:00,433.63
3116,2013-04-16 17:00:00+00:00,265.41
3116,2013-04-16 17:30:00+00:00,154.02
3116,2013-04-16 18:00:00+00:00,55.6
3116,2013-04-16 18:30:00+00:00,19.41
3116,2013-04-16 19:00:00+00:00,3.68
3116,2013-04-16 19:30:00+00:00,0.0
3116,2013-04-16 20:00:00+00:00,0.0
3116,2013-04-16 20:30:00+00:00,0.0
3116,2013-04-16 21:00:00+00:00,0.0
3116,2013-04-16 21:30:00+00:00,0.0
3116,2013-04-16 22:00:00+00:00,0.0
3116,2013-04-16 22:30:00+00:00,0.0
3116,2013-04-16 23:00:00+00:00,0.0
3116,2013-04-16 23:30:00+00:00,0.0
3116,2013-04-17 00:00:00+00:00,0.0
3116,2013-04-17 00:30:00+00:00,0.0
3116,2013-04-17 01:00:00+00:00,0.0
3116,2013-04-17 01:30:00+00:00,0.0
3116,2013-04-17 02:00:00+00:00,0.0
3116,2013-04-17 02:30:00+00:00,0.0
3116,2013-04-17 03:00:00+00:00,0.0
3116,2013-04-17 03:30:00+00:00,0.0
3116,2013-04-17 04:00:00+00:00,0.0
3116,2013-04-17 04:30:00+00:00,0.0
3116,2013-04-17 05:00:00+00:00,0.0
3116,2013-04-17 05:30:00+00:00,0.06
3116,2013-04-17 06:00:00+00:00,8.8
3116,2013-04-17 06:30:00+00:00,19.01
3116,2013-04-17 07:00:00+00:00,79.92
3116,2013-04-17 07:30:00+00:00,115.82
3116,2013-04-17 08:00:00+00:00,100.34
3116,2013-04-17 08:30:00+00:00,76.2
3116,2013-04-17 09:00:00+00:00,65.83
3116,2013-04-17 09:30:00+00:00,116.91
3116,2013-04-17 10:00:00+00:00,173.15
3116,2013-04-17 10:30:00+00:00,175.64
3116,2013-04-17 11:00:00+00:00,197.29
3116,2013-04-17 11:30:00+00:00,610.35
3116,2013-04-17 12:00:00+00:00,1102.8
3116,2013-04-17 12:30:00+00:00,951.4
3116,2013-04-17 13:00:00+00:00,939.75
3116,2013-04-17 13:30:00+00:00,1107.95
3116,2013-04-17 14:00:00+00:00,1126.0
3116,2013-04-17 14:30:00+00:00,811.2
3116,2013-04-17 15:00:00+00:00,544.1
3116,2013-04-17 15:30:00+00:00,589.6
3116,2013-04-17 16:00:00+00:00,565.5
3116,2013-04-17 16:30:00+00:00,382.29
3116,2013-04-17 17:00:00+00:00,293.37
3116,2013-04-17 17:30:00+00:00,139.56
3116,2013-04-17 18:00:00+00:00,75.74
3116,2013-04-17 18:30:00+00:00,18.09
3116,2013-04-17 19:00:00+00:00,0.0
3116,2013-04-17 19:30:00+00:00,0.0
3116,2013-04-17 20:00:00+00:00,0.0
3116,2013-04-17 20:30:00+00:00,0.0
3116,2013-04-17 21:00:00+00:00,0.0
3116,2013-04-17 21:30:00+00:00,0.0
3116,2013-04-17 22:00:00+00:00,0.0
3116,2013-04-17 22:30:00+00:00,0.0
3116,2013-04-17 23:00:00+00:00,0.0
3116,2013-04-17 23:30:00+00:00,0.0
3116,2013-04-18 00:00:00+00:00,0.0
3116,2013-04-18 00:30:00+00:00,0.0
3116,2013-04-18 01:00:00+00:00,0.0
3116,2013-04-18 01:30:00+00:00,0.0
3116,2013-04-18 02:00:00+00:00,0.0
3116,2013-04-18 02:30:00+00:00,0.0
3116,2013-04-18 03:00:00+00:00,0.0
3116,2013-04-18 03:30:00+00:00,0.0
3116,2013-04-18 04:00:00+00:00,0.0
3116,2013-04-18 04:30:00+00:00,0.0
3116,2013-04-18 05:00:00+00:00,0.01
3116,2013-04-18 05:30:00+00:00,8.53
3116,2013-04-18 06:00:00+00:00,88.26
3116,2013-04-18 06:30:00+00:00,163.01
3116,2013-04-18 07:00:00+00:00,279.76
3116,2013-04-18 07:30:00+00:00,355.63
3116,2013-04-18 08:00:00+00:00,481.39
3116,2013-04-18 08:30:00+00:00,559.9
3116,2013-04-18 09:00:00+00:00,471.08
3116,2013-04-18 09:30:00+00:00,630.15
3116,2013-04-18 10:00:00+00:00,977.0
3116,2013-04-18 10:30:00+00:00,1154.4
3116,2013-04-18 11:00:00+00:00,1023.65
3116,2013-04-18 11:30:00+00:00,1085.95
3116,2013-04-18 12:00:00+00:00,1276.4
3116,2013-04-18 12:30:00+00:00,1095.05
3116,2013-04-18 13:00:00+00:00,713.1
3116,2013-04-18 13:30:00+00:00,916.3
3116,2013-04-18 14:00:00+00:00,827.3
3116,2013-04-18 14:30:00+00:00,230.36
3116,2013-04-18 15:00:00+00:00,238.02
3116,2013-04-18 15:30:00+00:00,226.36
3116,2013-04-18 16:00:00+00:00,805.65
3116,2013-04-18 16:30:00+00:00,545.35
3116,2013-04-18 17:00:00+00:00,353.91
3116,2013-04-18 17:30:00+00:00,121.75
3116,2013-04-18 18:00:00+00:00,78.62
3116,2013-04-18 18:30:00+00:00,38.21
3116,2013-04-18 19:00:00+00:00,7.97
3116,2013-04-18 19:30:00+00:00,0.0
3116,2013-04-18 20:00:00+00:00,0.0
3116,2013-04-18 20:30:00+00:00,0.0
3116,2013-04-18 21:00:00+00:00,0.0
3116,2013-04-18 21:30:00+00:00,0.0
3116,2013-04-18 22:00:00+00:00,0.0
3116,2013-04-18 22:30:00+00:00,0.0
3116,2013-04-18 23:00:00+00:00,0.0
3116,2013-04-18 23:30:00+00:00,0.0
3116,2013-04-19 00:00:00+00:00,0.0
3116,2013-04-19 00:30:00+00:00,0.0
3116,2013-04-19 01:00:00+00:00,0.0
3116,2013-04-19 01:30:00+00:00,0.0
3116,2013-04-19 02:00:00+00:00,0.0
3116,2013-04-19 02:30:00+00:00,0.0
3116,2013-04-19 03:00:00+00:00,0.0
3116,2013-04-19 03:30:00+00:00,0.0
3116,2013-04-19 04:00:00+00:00,0.0
3116,2013-04-19 04:30:00+00:00,0.0
3116,2013-04-19 05:00:00+00:00,0.0
3116,2013-04-19 05:30:00+00:00,2.13
3116,2013-04-19 06:00:00+00:00,29.47
3116,2013-04-19 06:30:00+00:00,32.17
3116,2013-04-19 07:00:00+00:00,193.82
3116,2013-04-19 07:30:00+00:00,404.55
3116,2013-04-19 08:00:00+00:00,460.83
3116,2013-04-19 08:30:00+00:00,295.14
3116,2013-04-19 09:00:00+00:00,313.19
3116,2013-04-19 09:30:00+00:00,498.29
3116,2013-04-19 10:00:00+00:00,426.79
3116,2013-04-19 10:30:00+00:00,317.86
3116,2013-04-19 11:00:00+00:00,284.46
3116,2013-04-19 11:30:00+00:00,382.33
3116,2013-04-19 12:00:00+00:00,452.71
3116,2013-04-19 12:30:00+00:00,564.55
3116,2013-04-19 13:00:00+00:00,598.95
3116,2013-04-19 13:30:00+00:00,540.65
3116,2013-04-19 14:00:00+00:00,207.35
3116,2013-04-19 14:30:00+00:00,300.13
3116,2013-04-19 15:00:00+00:00,145.45
3116,2013-04-19 15:30:00+00:00,216.64
3116,2013-04-19 16:00:00+00:00,117.43
3116,2013-04-19 16:30:00+00:00,51.89
3116,2013-04-19 17:00:00+00:00,175.88
3116,2013-04-19 17:30:00+00:00,141.26
3116,2013-04-19 18:00:00+00:00,61.36
3116,2013-04-19 18:30:00+00:00,31.08
3116,2013-04-19 19:00:00+00:00,3.16
3116,2013-04-19 19:30:00+00:00,0.0
3116,2013-04-19 20:00:00+00:00,0.0
3116,2013-04-19 20:30:00+00:00,0.0
3116,2013-04-19 21:00:00+00:00,0.0
3116,2013-04-19 21:30:00+00:00,0.0
3116,2013-04-19 22:00:00+00:00,0.0
3116,2013-04-19 22:30:00+00:00,0.0
3116,2013-04-19 23:00:00+00:00,0.0
3116,2013-04-19 23:30:00+00:00,0.0
3116,2013-04-20 00:00:00+00:00,0.0
3116,2013-04-20 00:30:00+00:00,0.0
3116,2013-04-20 01:00:00+00:00,0.0
3116,2013-04-20 01:30:00+00:00,0.0
3116,2013-04-20 02:00:00+00:00,0.0
3116,2013-04-20 02:30:00+00:00,0.0
3116,2013-04-20 03:00:00+00:00,0.0
3116,2013-04-20 03:30:00+00:00,0.0
3116,2013-04-20 04:00:00+00:00,0.0
3116,2013-04-20 04:30:00+00:00,0.0
3116,2013-04-20 05:00:00+00:00,0.03
3116,2013-04-20 05:30:00+00:00,15.13
3116,2013-04-20 06:00:00+00:00,104.84
3116,2013-04-20 06:30:00+00:00,259.7
3116,2013-04-20 07:00:00+00:00,461.86
3116,2013-04-20 07:30:00+00:00,659.3
3116,2013-04-20 08:00:00+00:00,852.2
3116,2013-04-20 08:30:00+00:00,990.3
3116,2013-04-20 09:00:00+00:00,1156.5
3116,2013-04-20 09:30:00+00:00,1273.55
3116,2013-04-20 10:00:00+00:00,1363.6
3116,2013-04-20 10:30:00+00:00,1440.9
3116,2013-04-20 11:00:00+00:00,1479.8
3116,2013-04-20 11:30:00+00:00,1499.75
3116,2013-04-20 12:00:00+00:00,1496.9
3116,2013-04-20 12:30:00+00:00,1484.75
3116,2013-04-20 13:00:00+00:00,1439.6
3116,2013-04-20 13:30:00+00:00,1391.4
3116,2013-04-20 14:00:00+00:00,1310.3
3116,2013-04-20 14:30:00+00:00,1207.5
3116,2013-04-20 15:00:00+00:00,1075.7
3116,2013-04-20 15:30:00+00:00,922.3
3116,2013-04-20 16:00:00+00:00,744.9
3116,2013-04-20 16:30:00+00:00,548.0
3116,2013-04-20 17:00:00+00:00,344.73
3116,2013-04-20 17:30:00+00:00,157.13
3116,2013-04-20 18:00:00+00:00,45.98
3116,2013-04-20 18:30:00+00:00,20.92
3116,2013-04-20 19:00:00+00:00,4.13
3116,2013-04-20 19:30:00+00:00,0.0
3116,2013-04-20 20:00:00+00:00,0.0
3116,2013-04-20 20:30:00+00:00,0.0
3116,2013-04-20 21:00:00+00:00,0.0
3116,2013-04-20 21:30:00+00:00,0.0
3116,2013-04-20 22:00:00+00:00,0.0
3116,2013-04-20 22:30:00+00:00,0.0
3116,2013-04-20 23:00:00+00:00,0.0
3116,2013-04-20 23:30:00+00:00,0.0
3116,2013-04-21 00:00:00+00:00,0.0
3116,2013-04-21 00:30:00+00:00,0.0
3116,2013-04-21 01:00:00+00:00,0.0
3116,2013-04-21 01:30:00+00:00,0.0
3116,2013-04-21 02:00:00+00:00,0.0
3116,2013-04-21 02:30:00+00:00,0.0
3116,2013-04-21 03:00:00+00:00,0.0
3116,2013-04-21 03:30:00+00:00,0.0
3116,2013-04-21 04:00:00+00:00,0.0
3116,2013-04-21 04:30:00+00:00,0.0
3116,2013-04-21 05:00:00+00:00,0.03
3116,2013-04-21 05:30:00+00:00,18.64
3116,2013-04-21 06:00:00+00:00,99.45
3116,2013-04-21 06:30:00+00:00,235.05
3116,2013-04-21 07:00:00+00:00,420.21
3116,2013-04-21 07:30:00+00:00,659.25
3116,2013-04-21 08:00:00+00:00,644.45
3116,2013-04-21 08:30:00+00:00,908.5
3116,2013-04-21 09:00:00+00:00,1158.7
3116,2013-04-21 09:30:00+00:00,1244.6
3116,2013-04-21 10:00:00+00:00,1329.3
3116,2013-04-21 10:30:00+00:00,1389.55
3116,2013-04-21 11:00:00+00:00,1427.9
3116,2013-04-21 11:30:00+00:00,1430.4
3116,2013-04-21 12:00:00+00:00,1422.35
3116,2013-04-21 12:30:00+00:00,1395.1
3116,2013-04-21 13:00:00+00:00,1399.05
3116,2013-04-21 13:30:00+00:00,1259.25
3116,2013-04-21 14:00:00+00:00,1249.05
3116,2013-04-21 14:30:00+00:00,1147.4
3116,2013-04-21 15:00:00+00:00,865.1
3116,2013-04-21 15:30:00+00:00,436.42
3116,2013-04-21 16:00:00+00:00,462.94
3116,2013-04-21 16:30:00+00:00,247.25
3116,2013-04-21 17:00:00+00:00,172.63
3116,2013-04-21 17:30:00+00:00,179.13
3116,2013-04-21 18:00:00+00:00,129.95
3116,2013-04-21 18:30:00+00:00,21.41
3116,2013-04-21 19:00:00+00:00,2.4
3116,2013-04-21 19:30:00+00:00,0.0
3116,2013-04-21 20:00:00+00:00,0.0
3116,2013-04-21 20:30:00+00:00,0.0
3116,2013-04-21 21:00:00+00:00,0.0
3116,2013-04-21 21:30:00+00:00,0.0
3116,2013-04-21 22:00:00+00:00,0.0
3116,2013-04-21 22:30:00+00:00,0.0
3116,2013-04-21 23:00:00+00:00,0.0
3116,2013-04-21 23:30:00+00:00,0.0
3116,2013-04-22 00:00:00+00:00,0.0
3116,2013-04-22 00:30:00+00:00,0.0
3116,2013-04-22 01:00:00+00:00,0.0
3116,2013-04-22 01:30:00+00:00,0.0
3116,2013-04-22 02:00:00+00:00,0.0
3116,2013-04-22 02:30:00+00:00,0.0
3116,2013-04-22 03:00:00+00:00,0.0
3116,2013-04-22 03:30:00+00:00,0.0
3116,2013-04-22 04:00:00+00:00,0.0
3116,2013-04-22 04:30:00+00:00,0.0
3116,2013-04-22 05:00:00+00:00,0.02
3116,2013-04-22 05:30:00+00:00,2.79
3116,2013-04-22 06:00:00+00:00,38.82
3116,2013-04-22 06:30:00+00:00,120.92
3116,2013-04-22 07:00:00+00:00,160.77
3116,2013-04-22 07:30:00+00:00,269.67
3116,2013-04-22 08:00:00+00:00,382.2
3116,2013-04-22 08:30:00+00:00,445.65
3116,2013-04-22 09:00:00+00:00,1021.4
3116,2013-04-22 09:30:00+00:00,591.95
3116,2013-04-22 10:00:00+00:00,602.6
3116,2013-04-22 10:30:00+00:00,1059.7
3116,2013-04-22 11:00:00+00:00,856.55
3116,2013-04-22 11:30:00+00:00,940.35
3116,2013-04-22 12:00:00+00:00,830.85
3116,2013-04-22 12:30:00+00:00,1013.2
3116,2013-04-22 13:00:00+00:00,987.05
3116,2013-04-22 13:30:00+00:00,793.7
3116,2013-04-22 14:00:00+00:00,652.6
3116,2013-04-22 14:30:00+00:00,463.56
3116,2013-04-22 15:00:00+00:00,402.33
3116,2013-04-22 15:30:00+00:00,228.42
3116,2013-04-22 16:00:00+00:00,326.76
3116,2013-04-22 16:30:00+00:00,240.01
3116,2013-04-22 17:00:00+00:00,77.96
3116,2013-04-22 17:30:00+00:00,73.8
3116,2013-04-22 18:00:00+00:00,14.59
3116,2013-04-22 18:30:00+00:00,0.45
3116,2013-04-22 19:00:00+00:00,0.01
3116,2013-04-22 19:30:00+00:00,0.0
3116,2013-04-22 20:00:00+00:00,0.0
3116,2013-04-22 20:30:00+00:00,0.0
3116,2013-04-22 21:00:00+00:00,0.0
3116,2013-04-22 21:30:00+00:00,0.0
3116,2013-04-22 22:00:00+00:00,0.0
3116,2013-04-22 22:30:00+00:00,0.0
3116,2013-04-22 23:00:00+00:00,0.0
3116,2013-04-22 23:30:00+00:00,0.0
3116,2013-04-23 00:00:00+00:00,0.0
3116,2013-04-23 00:30:00+00:00,0.0
3116,2013-04-23 01:00:00+00:00,0.0
3116,2013-04-23 01:30:00+00:00,0.0
3116,2013-04-23 02:00:00+00:00,0.0
3116,2013-04-23 02:30:00+00:00,0.0
3116,2013-04-23 03:00:00+00:00,0.0
3116,2013-04-23 03:30:00+00:00,0.0
3116,2013-04-23 04:00:00+00:00,0.0
3116,2013-04-23 04:30:00+00:00,0.0
3116,2013-04-23 05:00:00+00:00,0.04
3116,2013-04-23 05:30:00+00:00,16.08
3116,2013-04-23 06:00:00+00:00,89.25
3116,2013-04-23 06:30:00+00:00,241.24
3116,2013-04-23 07:00:00+00:00,436.87
3116,2013-04-23 07:30:00+00:00,587.5
3116,2013-04-23 08:00:00+00:00,862.85
3116,2013-04-23 08:30:00+00:00,970.95
3116,2013-04-23 09:00:00+00:00,1082.55
3116,2013-04-23 09:30:00+00:00,1202.15
3116,2013-04-23 10:00:00+00:00,1266.2
3116,2013-04-23 10:30:00+00:00,1379.9
3116,2013-04-23 11:00:00+00:00,1420.45
3116,2013-04-23 11:30:00+00:00,1430.45
3116,2013-04-23 12:00:00+00:00,1395.3
3116,2013-04-23 12:30:00+00:00,1395.15
3116,2013-04-23 13:00:00+00:00,1378.9
3116,2013-04-23 13:30:00+00:00,1304.6
3116,2013-04-23 14:00:00+00:00,1178.65
3116,2013-04-23 14:30:00+00:00,1096.85
3116,2013-04-23 15:00:00+00:00,865.8
3116,2013-04-23 15:30:00+00:00,674.6
3116,2013-04-23 16:00:00+00:00,694.15
3116,2013-04-23 16:30:00+00:00,480.86
3116,2013-04-23 17:00:00+00:00,310.97
3116,2013-04-23 17:30:00+00:00,153.01
3116,2013-04-23 18:00:00+00:00,55.69
3116,2013-04-23 18:30:00+00:00,32.81
3116,2013-04-23 19:00:00+00:00,6.62
3116,2013-04-23 19:30:00+00:00,0.0
3116,2013-04-23 20:00:00+00:00,0.0
3116,2013-04-23 20:30:00+00:00,0.0
3116,2013-04-23 21:00:00+00:00,0.0
3116,2013-04-23 21:30:00+00:00,0.0
3116,2013-04-23 22:00:00+00:00,0.0
3116,2013-04-23 22:30:00+00:00,0.0
3116,2013-04-23 23:00:00+00:00,0.0
3116,2013-04-23 23:30:00+00:00,0.0
3116,2013-04-24 00:00:00+00:00,0.0
3116,2013-04-24 00:30:00+00:00,0.0
3116,2013-04-24 01:00:00+00:00,0.0
3116,2013-04-24 01:30:00+00:00,0.0
3116,2013-04-24 02:00:00+00:00,0.0
3116,2013-04-24 02:30:00+00:00,0.0
3116,2013-04-24 03:00:00+00:00,0.0
3116,2013-04-24 03:30:00+00:00,0.0
3116,2013-04-24 04:00:00+00:00,0.0
3116,2013-04-24 04:30:00+00:00,0.0
3116,2013-04-24 05:00:00+00:00,0.03
3116,2013-04-24 05:30:00+00:00,20.73
3116,2013-04-24 06:00:00+00:00,80.08
3116,2013-04-24 06:30:00+00:00,280.32
3116,2013-04-24 07:00:00+00:00,363.41
3116,2013-04-24 07:30:00+00:00,625.25
3116,2013-04-24 08:00:00+00:00,793.2
3116,2013-04-24 08:30:00+00:00,954.3
3116,2013-04-24 09:00:00+00:00,1038.35
3116,2013-04-24 09:30:00+00:00,1067.55
3116,2013-04-24 10:00:00+00:00,1265.85
3116,2013-04-24 10:30:00+00:00,1391.95
3116,2013-04-24 11:00:00+00:00,1412.15
3116,2013-04-24 11:30:00+00:00,968.0
3116,2013-04-24 12:00:00+00:00,715.65
3116,2013-04-24 12:30:00+00:00,1119.25
3116,2013-04-24 13:00:00+00:00,1034.85
3116,2013-04-24 13:30:00+00:00,805.45
3116,2013-04-24 14:00:00+00:00,1049.4
3116,2013-04-24 14:30:00+00:00,920.0
3116,2013-04-24 15:00:00+00:00,492.86
3116,2013-04-24 15:30:00+00:00,382.67
3116,2013-04-24 16:00:00+00:00,252.04
3116,2013-04-24 16:30:00+00:00,266.7
3116,2013-04-24 17:00:00+00:00,169.73
3116,2013-04-24 17:30:00+00:00,112.14
3116,2013-04-24 18:00:00+00:00,43.29
3116,2013-04-24 18:30:00+00:00,10.12
3116,2013-04-24 19:00:00+00:00,0.0
3116,2013-04-24 19:30:00+00:00,0.0
3116,2013-04-24 20:00:00+00:00,0.0
3116,2013-04-24 20:30:00+00:00,0.0
3116,2013-04-24 21:00:00+00:00,0.0
3116,2013-04-24 21:30:00+00:00,0.0
3116,2013-04-24 22:00:00+00:00,0.0
3116,2013-04-24 22:30:00+00:00,0.0
3116,2013-04-24 23:00:00+00:00,0.0
3116,2013-04-24 23:30:00+00:00,0.0
3116,2013-04-25 00:00:00+00:00,0.0
3116,2013-04-25 00:30:00+00:00,0.0
3116,2013-04-25 01:00:00+00:00,0.0
3116,2013-04-25 01:30:00+00:00,0.0
3116,2013-04-25 02:00:00+00:00,0.0
3116,2013-04-25 02:30:00+00:00,0.0
3116,2013-04-25 03:00:00+00:00,0.0
3116,2013-04-25 03:30:00+00:00,0.0
3116,2013-04-25 04:00:00+00:00,0.0
3116,2013-04-25 04:30:00+00:00,0.0
3116,2013-04-25 05:00:00+00:00,0.05
3116,2013-04-25 05:30:00+00:00,8.67
3116,2013-04-25 06:00:00+00:00,61.93
3116,2013-04-25 06:30:00+00:00,142.61
3116,2013-04-25 07:00:00+00:00,184.58
3116,2013-04-25 07:30:00+00:00,430.62
3116,2013-04-25 08:00:00+00:00,790.55
3116,2013-04-25 08:30:00+00:00,755.95
3116,2013-04-25 09:00:00+00:00,1070.85
3116,2013-04-25 09:30:00+00:00,1057.1
3116,2013-04-25 10:00:00+00:00,1297.95
3116,2013-04-25 10:30:00+00:00,1431.85
3116,2013-04-25 11:00:00+00:00,903.2
3116,2013-04-25 11:30:00+00:00,823.65
3116,2013-04-25 12:00:00+00:00,1166.0
3116,2013-04-25 12:30:00+00:00,1086.85
3116,2013-04-25 13:00:00+00:00,956.6
3116,2013-04-25 13:30:00+00:00,1076.05
3116,2013-04-25 14:00:00+00:00,915.2
3116,2013-04-25 14:30:00+00:00,1086.5
3116,2013-04-25 15:00:00+00:00,824.6
3116,2013-04-25 15:30:00+00:00,678.1
3116,2013-04-25 16:00:00+00:00,719.15
3116,2013-04-25 16:30:00+00:00,485.19
3116,2013-04-25 17:00:00+00:00,247.98
3116,2013-04-25 17:30:00+00:00,202.03
3116,2013-04-25 18:00:00+00:00,53.24
3116,2013-04-25 18:30:00+00:00,34.86
3116,2013-04-25 19:00:00+00:00,6.82
3116,2013-04-25 19:30:00+00:00,0.0
3116,2013-04-25 20:00:00+00:00,0.0
3116,2013-04-25 20:30:00+00:00,0.0
3116,2013-04-25 21:00:00+00:00,0.0
3116,2013-04-25 21:30:00+00:00,0.0
3116,2013-04-25 22:00:00+00:00,0.0
3116,2013-04-25 22:30:00+00:00,0.0
3116,2013-04-25 23:00:00+00:00,0.0
3116,2013-04-25 23:30:00+00:00,0.0
3116,2013-04-26 00:00:00+00:00,0.0
3116,2013-04-26 00:30:00+00:00,0.0
3116,2013-04-26 01:00:00+00:00,0.0
3116,2013-04-26 01:30:00+00:00,0.0
3116,2013-04-26 02:00:00+00:00,0.0
3116,2013-04-26 02:30:00+00:00,0.0
3116,2013-04-26 03:00:00+00:00,0.0
3116,2013-04-26 03:30:00+00:00,0.0
3116,2013-04-26 04:00:00+00:00,0.0
3116,2013-04-26 04:30:00+00:00,0.0
3116,2013-04-26 05:00:00+00:00,0.0
3116,2013-04-26 05:30:00+00:00,0.02
3116,2013-04-26 06:00:00+00:00,0.03
3116,2013-04-26 06:30:00+00:00,15.82
3116,2013-04-26 07:00:00+00:00,37.31
3116,2013-04-26 07:30:00+00:00,45.14
3116,2013-04-26 08:00:00+00:00,82.73
3116,2013-04-26 08:30:00+00:00,74.58
3116,2013-04-26 09:00:00+00:00,150.18
3116,2013-04-26 09:30:00+00:00,287.22
3116,2013-04-26 10:00:00+00:00,626.75
3116,2013-04-26 10:30:00+00:00,584.5
3116,2013-04-26 11:00:00+00:00,796.85
3116,2013-04-26 11:30:00+00:00,1262.05
3116,2013-04-26 12:00:00+00:00,455.33
3116,2013-04-26 12:30:00+00:00,1097.75
3116,2013-04-26 13:00:00+00:00,920.5
3116,2013-04-26 13:30:00+00:00,439.78
3116,2013-04-26 14:00:00+00:00,384.79
3116,2013-04-26 14:30:00+00:00,992.65
3116,2013-04-26 15:00:00+00:00,797.4
3116,2013-04-26 15:30:00+00:00,397.88
3116,2013-04-26 16:00:00+00:00,397.98
3116,2013-04-26 16:30:00+00:00,618.15
3116,2013-04-26 17:00:00+00:00,150.4
3116,2013-04-26 17:30:00+00:00,108.11
3116,2013-04-26 18:00:00+00:00,161.08
3116,2013-04-26 18:30:00+00:00,49.32
3116,2013-04-26 19:00:00+00:00,11.33
3116,2013-04-26 19:30:00+00:00,0.0
3116,2013-04-26 20:00:00+00:00,0.0
3116,2013-04-26 20:30:00+00:00,0.0
3116,2013-04-26 21:00:00+00:00,0.0
3116,2013-04-26 21:30:00+00:00,0.0
3116,2013-04-26 22:00:00+00:00,0.0
3116,2013-04-26 22:30:00+00:00,0.0
3116,2013-04-26 23:00:00+00:00,0.0
3116,2013-04-26 23:30:00+00:00,0.0
3116,2013-04-27 00:00:00+00:00,0.0
3116,2013-04-27 00:30:00+00:00,0.0
3116,2013-04-27 01:00:00+00:00,0.0
3116,2013-04-27 01:30:00+00:00,0.0
3116,2013-04-27 02:00:00+00:00,0.0
3116,2013-04-27 02:30:00+00:00,0.0
3116,2013-04-27 03:00:00+00:00,0.0
3116,2013-04-27 03:30:00+00:00,0.0
3116,2013-04-27 04:00:00+00:00,0.0
3116,2013-04-27 04:30:00+00:00,0.0
3116,2013-04-27 05:00:00+00:00,0.01
3116,2013-04-27 05:30:00+00:00,4.23
3116,2013-04-27 06:00:00+00:00,39.66
3116,2013-04-27 06:30:00+00:00,102.39
3116,2013-04-27 07:00:00+00:00,223.58
3116,2013-04-27 07:30:00+00:00,439.07
3116,2013-04-27 08:00:00+00:00,441.52
3116,2013-04-27 08:30:00+00:00,672.6
3116,2013-04-27 09:00:00+00:00,1119.0
3116,2013-04-27 09:30:00+00:00,1192.95
3116,2013-04-27 10:00:00+00:00,1187.95
3116,2013-04-27 10:30:00+00:00,1074.25
3116,2013-04-27 11:00:00+00:00,724.0
3116,2013-04-27 11:30:00+00:00,487.58
3116,2013-04-27 12:00:00+00:00,1231.3
3116,2013-04-27 12:30:00+00:00,1083.5
3116,2013-04-27 13:00:00+00:00,802.75
3116,2013-04-27 13:30:00+00:00,1060.3
3116,2013-04-27 14:00:00+00:00,242.57
3116,2013-04-27 14:30:00+00:00,105.33
3116,2013-04-27 15:00:00+00:00,144.22
3116,2013-04-27 15:30:00+00:00,574.45
3116,2013-04-27 16:00:00+00:00,696.25
3116,2013-04-27 16:30:00+00:00,518.0
3116,2013-04-27 17:00:00+00:00,347.57
3116,2013-04-27 17:30:00+00:00,103.31
3116,2013-04-27 18:00:00+00:00,39.49
3116,2013-04-27 18:30:00+00:00,27.28
3116,2013-04-27 19:00:00+00:00,2.36
3116,2013-04-27 19:30:00+00:00,0.0
3116,2013-04-27 20:00:00+00:00,0.0
3116,2013-04-27 20:30:00+00:00,0.0
3116,2013-04-27 21:00:00+00:00,0.0
3116,2013-04-27 21:30:00+00:00,0.0
3116,2013-04-27 22:00:00+00:00,0.0
3116,2013-04-27 22:30:00+00:00,0.0
3116,2013-04-27 23:00:00+00:00,0.0
3116,2013-04-27 23:30:00+00:00,0.0
3116,2013-04-28 00:00:00+00:00,0.0
3116,2013-04-28 00:30:00+00:00,0.0
3116,2013-04-28 01:00:00+00:00,0.0
3116,2013-04-28 01:30:00+00:00,0.0
3116,2013-04-28 02:00:00+00:00,0.0
3116,2013-04-28 02:30:00+00:00,0.0
3116,2013-04-28 03:00:00+00:00,0.0
3116,2013-04-28 03:30:00+00:00,0.0
3116,2013-04-28 04:00:00+00:00,0.0
3116,2013-04-28 04:30:00+00:00,0.0
3116,2013-04-28 05:00:00+00:00,0.65
3116,2013-04-28 05:30:00+00:00,34.34
3116,2013-04-28 06:00:00+00:00,135.23
3116,2013-04-28 06:30:00+00:00,308.3
3116,2013-04-28 07:00:00+00:00,508.25
3116,2013-04-28 07:30:00+00:00,703.75
3116,2013-04-28 08:00:00+00:00,889.65
3116,2013-04-28 08:30:00+00:00,1043.0
3116,2013-04-28 09:00:00+00:00,1173.7
3116,2013-04-28 09:30:00+00:00,1278.9
3116,2013-04-28 10:00:00+00:00,1373.55
3116,2013-04-28 10:30:00+00:00,1451.5
3116,2013-04-28 11:00:00+00:00,1400.5
3116,2013-04-28 11:30:00+00:00,1412.6
3116,2013-04-28 12:00:00+00:00,1226.7
3116,2013-04-28 12:30:00+00:00,1455.6
3116,2013-04-28 13:00:00+00:00,1097.8
3116,2013-04-28 13:30:00+00:00,1100.9
3116,2013-04-28 14:00:00+00:00,751.75
3116,2013-04-28 14:30:00+00:00,608.35
3116,2013-04-28 15:00:00+00:00,769.15
3116,2013-04-28 15:30:00+00:00,725.8
3116,2013-04-28 16:00:00+00:00,307.51
3116,2013-04-28 16:30:00+00:00,341.7
3116,2013-04-28 17:00:00+00:00,228.53
3116,2013-04-28 17:30:00+00:00,159.92
3116,2013-04-28 18:00:00+00:00,96.3
3116,2013-04-28 18:30:00+00:00,30.46
3116,2013-04-28 19:00:00+00:00,10.57
3116,2013-04-28 19:30:00+00:00,0.0
3116,2013-04-28 20:00:00+00:00,0.0
3116,2013-04-28 20:30:00+00:00,0.0
3116,2013-04-28 21:00:00+00:00,0.0
3116,2013-04-28 21:30:00+00:00,0.0
3116,2013-04-28 22:00:00+00:00,0.0
3116,2013-04-28 22:30:00+00:00,0.0
3116,2013-04-28 23:00:00+00:00,0.0
3116,2013-04-28 23:30:00+00:00,0.0
3116,2013-04-29 00:00:00+00:00,0.0
3116,2013-04-29 00:30:00+00:00,0.0
3116,2013-04-29 01:00:00+00:00,0.0
3116,2013-04-29 01:30:00+00:00,0.0
3116,2013-04-29 02:00:00+00:00,0.0
3116,2013-04-29 02:30:00+00:00,0.0
3116,2013-04-29 03:00:00+00:00,0.0
3116,2013-04-29 03:30:00+00:00,0.0
3116,2013-04-29 04:00:00+00:00,0.0
3116,2013-04-29 04:30:00+00:00,0.0
3116,2013-04-29 05:00:00+00:00,0.02
3116,2013-04-29 05:30:00+00:00,2.97
3116,2013-04-29 06:00:00+00:00,20.18
3116,2013-04-29 06:30:00+00:00,202.31
3116,2013-04-29 07:00:00+00:00,429.88
3116,2013-04-29 07:30:00+00:00,688.15
3116,2013-04-29 08:00:00+00:00,885.3
3116,2013-04-29 08:30:00+00:00,1044.1
3116,2013-04-29 09:00:00+00:00,1168.05
3116,2013-04-29 09:30:00+00:00,1324.65
3116,2013-04-29 10:00:00+00:00,1428.45
3116,2013-04-29 10:30:00+00:00,1102.5
3116,2013-04-29 11:00:00+00:00,788.9
3116,2013-04-29 11:30:00+00:00,547.85
3116,2013-04-29 12:00:00+00:00,1108.05
3116,2013-04-29 12:30:00+00:00,1009.6
3116,2013-04-29 13:00:00+00:00,731.95
3116,2013-04-29 13:30:00+00:00,1172.65
3116,2013-04-29 14:00:00+00:00,898.55
3116,2013-04-29 14:30:00+00:00,554.05
3116,2013-04-29 15:00:00+00:00,395.88
3116,2013-04-29 15:30:00+00:00,493.27
3116,2013-04-29 16:00:00+00:00,605.05
3116,2013-04-29 16:30:00+00:00,637.55
3116,2013-04-29 17:00:00+00:00,377.03
3116,2013-04-29 17:30:00+00:00,174.92
3116,2013-04-29 18:00:00+00:00,78.96
3116,2013-04-29 18:30:00+00:00,65.39
3116,2013-04-29 19:00:00+00:00,13.46
3116,2013-04-29 19:30:00+00:00,0.0
3116,2013-04-29 20:00:00+00:00,0.0
3116,2013-04-29 20:30:00+00:00,0.0
3116,2013-04-29 21:00:00+00:00,0.0
3116,2013-04-29 21:30:00+00:00,0.0
3116,2013-04-29 22:00:00+00:00,0.0
3116,2013-04-29 22:30:00+00:00,0.0
3116,2013-04-29 23:00:00+00:00,0.0
3116,2013-04-29 23:30:00+00:00,0.0
3116,2013-04-30 00:00:00+00:00,0.0
3116,2013-04-30 00:30:00+00:00,0.0
3116,2013-04-30 01:00:00+00:00,0.0
3116,2013-04-30 01:30:00+00:00,0.0
3116,2013-04-30 02:00:00+00:00,0.0
3116,2013-04-30 02:30:00+00:00,0.0
3116,2013-04-30 03:00:00+00:00,0.0
3116,2013-04-30 03:30:00+00:00,0.0
3116,2013-04-30 04:00:00+00:00,0.0
3116,2013-04-30 04:30:00+00:00,0.0
3116,2013-04-30 05:00:00+00:00,1.64
3116,2013-04-30 05:30:00+00:00,27.36
3116,2013-04-30 06:00:00+00:00,91.41
3116,2013-04-30 06:30:00+00:00,316.68
3116,2013-04-30 07:00:00+00:00,517.45
3116,2013-04-30 07:30:00+00:00,729.45
3116,2013-04-30 08:00:00+00:00,871.0
3116,2013-04-30 08:30:00+00:00,1060.35
3116,2013-04-30 09:00:00+00:00,1218.05
3116,2013-04-30 09:30:00+00:00,1268.1
3116,2013-04-30 10:00:00+00:00,1399.5
3116,2013-04-30 10:30:00+00:00,1350.3
3116,2013-04-30 11:00:00+00:00,1336.4
3116,2013-04-30 11:30:00+00:00,1301.95
3116,2013-04-30 12:00:00+00:00,1135.35
3116,2013-04-30 12:30:00+00:00,1306.4
3116,2013-04-30 13:00:00+00:00,954.0
3116,2013-04-30 13:30:00+00:00,662.15
3116,2013-04-30 14:00:00+00:00,872.9
3116,2013-04-30 14:30:00+00:00,943.7
3116,2013-04-30 15:00:00+00:00,1062.65
3116,2013-04-30 15:30:00+00:00,857.7
3116,2013-04-30 16:00:00+00:00,626.05
3116,2013-04-30 16:30:00+00:00,532.9
3116,2013-04-30 17:00:00+00:00,349.62
3116,2013-04-30 17:30:00+00:00,194.86
3116,2013-04-30 18:00:00+00:00,84.3
3116,2013-04-30 18:30:00+00:00,54.23
3116,2013-04-30 19:00:00+00:00,26.76
3116,2013-04-30 19:30:00+00:00,0.58
3116,2013-04-30 20:00:00+00:00,0.0
3116,2013-04-30 20:30:00+00:00,0.0
3116,2013-04-30 21:00:00+00:00,0.0
3116,2013-04-30 21:30:00+00:00,0.0
3116,2013-04-30 22:00:00+00:00,0.0
3116,2013-04-30 22:30:00+00:00,0.0
3116,2013-04-30 23:00:00+00:00,0.0
3116,2013-04-30 23:30:00+00:00,0.0
3116,2013-05-01 00:30:00+00:00,0.0
3116,2013-05-01 01:00:00+00:00,0.0
3116,2013-05-01 01:30:00+00:00,0.0
3116,2013-05-01 02:00:00+00:00,0.0
3116,2013-05-01 02:30:00+00:00,0.0
3116,2013-05-01 03:00:00+00:00,0.0
3116,2013-05-01 03:30:00+00:00,0.0
3116,2013-05-01 04:00:00+00:00,0.0
3116,2013-05-01 04:30:00+00:00,0.0
3116,2013-05-01 05:00:00+00:00,1.91
3116,2013-05-01 05:30:00+00:00,40.98
3116,2013-05-01 06:00:00+00:00,133.66
3116,2013-05-01 06:30:00+00:00,281.57
3116,2013-05-01 07:00:00+00:00,422.28
3116,2013-05-01 07:30:00+00:00,487.44
3116,2013-05-01 08:00:00+00:00,591.55
3116,2013-05-01 08:30:00+00:00,899.5
3116,2013-05-01 09:00:00+00:00,1182.7
3116,2013-05-01 09:30:00+00:00,1097.85
3116,2013-05-01 10:00:00+00:00,1301.95
3116,2013-05-01 10:30:00+00:00,1373.6
3116,2013-05-01 11:00:00+00:00,1444.9
3116,2013-05-01 11:30:00+00:00,1496.4
3116,2013-05-01 12:00:00+00:00,1258.65
3116,2013-05-01 12:30:00+00:00,1256.1
3116,2013-05-01 13:00:00+00:00,1366.5
3116,2013-05-01 13:30:00+00:00,1340.65
3116,2013-05-01 14:00:00+00:00,1258.95
3116,2013-05-01 14:30:00+00:00,1172.45
3116,2013-05-01 15:00:00+00:00,1040.7
3116,2013-05-01 15:30:00+00:00,900.8
3116,2013-05-01 16:00:00+00:00,736.35
3116,2013-05-01 16:30:00+00:00,558.75
3116,2013-05-01 17:00:00+00:00,363.98
3116,2013-05-01 17:30:00+00:00,184.84
3116,2013-05-01 18:00:00+00:00,66.11
3116,2013-05-01 18:30:00+00:00,33.23
3116,2013-05-01 19:00:00+00:00,14.71
3116,2013-05-01 19:30:00+00:00,0.07
3116,2013-05-01 20:00:00+00:00,0.0
3116,2013-05-01 20:30:00+00:00,0.0
3116,2013-05-01 21:00:00+00:00,0.0
3116,2013-05-01 21:30:00+00:00,0.0
3116,2013-05-01 22:00:00+00:00,0.0
3116,2013-05-01 22:30:00+00:00,0.0
3116,2013-05-01 23:00:00+00:00,0.0
3116,2013-05-01 23:30:00+00:00,0.0
3116,2013-05-02 00:00:00+00:00,0.0
3116,2013-05-02 00:30:00+00:00,0.0
3116,2013-05-02 01:00:00+00:00,0.0
3116,2013-05-02 01:30:00+00:00,0.0
3116,2013-05-02 02:00:00+00:00,0.0
3116,2013-05-02 02:30:00+00:00,0.0
3116,2013-05-02 03:00:00+00:00,0.0
3116,2013-05-02 03:30:00+00:00,0.0
3116,2013-05-02 04:00:00+00:00,0.0
3116,2013-05-02 04:30:00+00:00,0.0
3116,2013-05-02 05:00:00+00:00,0.53
3116,2013-05-02 05:30:00+00:00,29.05
3116,2013-05-02 06:00:00+00:00,121.39
3116,2013-05-02 06:30:00+00:00,303.01
3116,2013-05-02 07:00:00+00:00,494.57
3116,2013-05-02 07:30:00+00:00,707.05
3116,2013-05-02 08:00:00+00:00,909.25
3116,2013-05-02 08:30:00+00:00,1059.55
3116,2013-05-02 09:00:00+00:00,1186.3
3116,2013-05-02 09:30:00+00:00,1281.65
3116,2013-05-02 10:00:00+00:00,1352.95
3116,2013-05-02 10:30:00+00:00,1409.95
3116,2013-05-02 11:00:00+00:00,1433.75
3116,2013-05-02 11:30:00+00:00,1457.5
3116,2013-05-02 12:00:00+00:00,1470.6
3116,2013-05-02 12:30:00+00:00,1458.9
3116,2013-05-02 13:00:00+00:00,1420.85
3116,2013-05-02 13:30:00+00:00,1362.45
3116,2013-05-02 14:00:00+00:00,1268.1
3116,2013-05-02 14:30:00+00:00,1174.65
3116,2013-05-02 15:00:00+00:00,1050.55
3116,2013-05-02 15:30:00+00:00,893.75
3116,2013-05-02 16:00:00+00:00,713.15
3116,2013-05-02 16:30:00+00:00,537.7
3116,2013-05-02 17:00:00+00:00,351.29
3116,2013-05-02 17:30:00+00:00,203.66
3116,2013-05-02 18:00:00+00:00,90.07
3116,2013-05-02 18:30:00+00:00,45.9
3116,2013-05-02 19:00:00+00:00,18.66
3116,2013-05-02 19:30:00+00:00,0.82
3116,2013-05-02 20:00:00+00:00,0.0
3116,2013-05-02 20:30:00+00:00,0.0
3116,2013-05-02 21:00:00+00:00,0.0
3116,2013-05-02 21:30:00+00:00,0.0
3116,2013-05-02 22:00:00+00:00,0.0
3116,2013-05-02 22:30:00+00:00,0.0
3116,2013-05-02 23:00:00+00:00,0.0
3116,2013-05-02 23:30:00+00:00,0.0
3116,2013-05-03 00:00:00+00:00,0.0
3116,2013-05-03 00:30:00+00:00,0.0
3116,2013-05-03 01:00:00+00:00,0.0
3116,2013-05-03 01:30:00+00:00,0.0
3116,2013-05-03 02:00:00+00:00,0.0
3116,2013-05-03 02:30:00+00:00,0.0
3116,2013-05-03 03:00:00+00:00,0.0
3116,2013-05-03 03:30:00+00:00,0.0
3116,2013-05-03 04:00:00+00:00,0.0
3116,2013-05-03 04:30:00+00:00,0.02
3116,2013-05-03 05:00:00+00:00,3.86
3116,2013-05-03 05:30:00+00:00,42.74
3116,2013-05-03 06:00:00+00:00,132.13
3116,2013-05-03 06:30:00+00:00,298.04
3116,2013-05-03 07:00:00+00:00,481.96
3116,2013-05-03 07:30:00+00:00,673.45
3116,2013-05-03 08:00:00+00:00,843.25
3116,2013-05-03 08:30:00+00:00,986.45
3116,2013-05-03 09:00:00+00:00,1111.4
3116,2013-05-03 09:30:00+00:00,1211.5
3116,2013-05-03 10:00:00+00:00,1279.8
3116,2013-05-03 10:30:00+00:00,1340.25
3116,2013-05-03 11:00:00+00:00,1356.65
3116,2013-05-03 11:30:00+00:00,1374.15
3116,2013-05-03 12:00:00+00:00,1381.7
3116,2013-05-03 12:30:00+00:00,1368.45
3116,2013-05-03 13:00:00+00:00,1316.6
3116,2013-05-03 13:30:00+00:00,1274.6
3116,2013-05-03 14:00:00+00:00,1218.35
3116,2013-05-03 14:30:00+00:00,1111.05
3116,2013-05-03 15:00:00+00:00,992.0
3116,2013-05-03 15:30:00+00:00,826.15
3116,2013-05-03 16:00:00+00:00,672.6
3116,2013-05-03 16:30:00+00:00,491.49
3116,2013-05-03 17:00:00+00:00,350.23
3116,2013-05-03 17:30:00+00:00,179.71
3116,2013-05-03 18:00:00+00:00,73.94
3116,2013-05-03 18:30:00+00:00,37.88
3116,2013-05-03 19:00:00+00:00,11.77
3116,2013-05-03 19:30:00+00:00,0.0
3116,2013-05-03 20:00:00+00:00,0.0
3116,2013-05-03 20:30:00+00:00,0.0
3116,2013-05-03 21:00:00+00:00,0.0
3116,2013-05-03 21:30:00+00:00,0.0
3116,2013-05-03 22:00:00+00:00,0.0
3116,2013-05-03 22:30:00+00:00,0.0
3116,2013-05-03 23:00:00+00:00,0.0
3116,2013-05-03 23:30:00+00:00,0.0
3116,2013-05-04 00:00:00+00:00,0.0
3116,2013-05-04 00:30:00+00:00,0.0
3116,2013-05-04 01:00:00+00:00,0.0
3116,2013-05-04 01:30:00+00:00,0.0
3116,2013-05-04 02:00:00+00:00,0.0
3116,2013-05-04 02:30:00+00:00,0.0
3116,2013-05-04 03:00:00+00:00,0.0
3116,2013-05-04 03:30:00+00:00,0.0
3116,2013-05-04 04:00:00+00:00,0.0
3116,2013-05-04 04:30:00+00:00,0.02
3116,2013-05-04 05:00:00+00:00,3.36
3116,2013-05-04 05:30:00+00:00,34.5
3116,2013-05-04 06:00:00+00:00,125.88
3116,2013-05-04 06:30:00+00:00,311.96
3116,2013-05-04 07:00:00+00:00,468.54
3116,2013-05-04 07:30:00+00:00,364.61
3116,2013-05-04 08:00:00+00:00,414.28
3116,2013-05-04 08:30:00+00:00,422.26
3116,2013-05-04 09:00:00+00:00,630.35
3116,2013-05-04 09:30:00+00:00,486.3
3116,2013-05-04 10:00:00+00:00,487.7
3116,2013-05-04 10:30:00+00:00,784.95
3116,2013-05-04 11:00:00+00:00,361.21
3116,2013-05-04 11:30:00+00:00,1040.1
3116,2013-05-04 12:00:00+00:00,713.95
3116,2013-05-04 12:30:00+00:00,668.2
3116,2013-05-04 13:00:00+00:00,866.95
3116,2013-05-04 13:30:00+00:00,614.85
3116,2013-05-04 14:00:00+00:00,583.25
3116,2013-05-04 14:30:00+00:00,692.95
3116,2013-05-04 15:00:00+00:00,1103.25
3116,2013-05-04 15:30:00+00:00,919.7
3116,2013-05-04 16:00:00+00:00,709.25
3116,2013-05-04 16:30:00+00:00,506.75
3116,2013-05-04 17:00:00+00:00,188.74
3116,2013-05-04 17:30:00+00:00,168.05
3116,2013-05-04 18:00:00+00:00,56.49
3116,2013-05-04 18:30:00+00:00,9.76
3116,2013-05-04 19:00:00+00:00,11.81
3116,2013-05-04 19:30:00+00:00,0.82
3116,2013-05-04 20:00:00+00:00,0.0
3116,2013-05-04 20:30:00+00:00,0.0
3116,2013-05-04 21:00:00+00:00,0.0
3116,2013-05-04 21:30:00+00:00,0.0
3116,2013-05-04 22:00:00+00:00,0.0
3116,2013-05-04 22:30:00+00:00,0.0
3116,2013-05-04 23:00:00+00:00,0.0
3116,2013-05-04 23:30:00+00:00,0.0
3116,2013-05-05 00:00:00+00:00,0.0
3116,2013-05-05 00:30:00+00:00,0.0
3116,2013-05-05 01:00:00+00:00,0.0
3116,2013-05-05 01:30:00+00:00,0.0
3116,2013-05-05 02:00:00+00:00,0.0
3116,2013-05-05 02:30:00+00:00,0.0
3116,2013-05-05 03:00:00+00:00,0.0
3116,2013-05-05 03:30:00+00:00,0.0
3116,2013-05-05 04:00:00+00:00,0.0
3116,2013-05-05 04:30:00+00:00,0.04
3116,2013-05-05 05:00:00+00:00,6.55
3116,2013-05-05 05:30:00+00:00,45.41
3116,2013-05-05 06:00:00+00:00,146.29
3116,2013-05-05 06:30:00+00:00,316.79
3116,2013-05-05 07:00:00+00:00,508.55
3116,2013-05-05 07:30:00+00:00,695.5
3116,2013-05-05 08:00:00+00:00,862.55
3116,2013-05-05 08:30:00+00:00,1007.5
3116,2013-05-05 09:00:00+00:00,1168.85
3116,2013-05-05 09:30:00+00:00,1021.85
3116,2013-05-05 10:00:00+00:00,1222.1
3116,2013-05-05 10:30:00+00:00,1331.3
3116,2013-05-05 11:00:00+00:00,1156.95
3116,2013-05-05 11:30:00+00:00,1302.65
3116,2013-05-05 12:00:00+00:00,1224.45
3116,2013-05-05 12:30:00+00:00,1025.0
3116,2013-05-05 13:00:00+00:00,1404.15
3116,2013-05-05 13:30:00+00:00,1077.25
3116,2013-05-05 14:00:00+00:00,713.6
3116,2013-05-05 14:30:00+00:00,848.95
3116,2013-05-05 15:00:00+00:00,850.2
3116,2013-05-05 15:30:00+00:00,535.0
3116,2013-05-05 16:00:00+00:00,732.45
3116,2013-05-05 16:30:00+00:00,224.81
3116,2013-05-05 17:00:00+00:00,206.59
3116,2013-05-05 17:30:00+00:00,185.69
3116,2013-05-05 18:00:00+00:00,92.67
3116,2013-05-05 18:30:00+00:00,58.16
3116,2013-05-05 19:00:00+00:00,17.17
3116,2013-05-05 19:30:00+00:00,0.68
3116,2013-05-05 20:00:00+00:00,0.0
3116,2013-05-05 20:30:00+00:00,0.0
3116,2013-05-05 21:00:00+00:00,0.0
3116,2013-05-05 21:30:00+00:00,0.0
3116,2013-05-05 22:00:00+00:00,0.0
3116,2013-05-05 22:30:00+00:00,0.0
3116,2013-05-05 23:00:00+00:00,0.0
3116,2013-05-05 23:30:00+00:00,0.0
3116,2013-05-06 00:00:00+00:00,0.0
3116,2013-05-06 00:30:00+00:00,0.0
3116,2013-05-06 01:00:00+00:00,0.0
3116,2013-05-06 01:30:00+00:00,0.0
3116,2013-05-06 02:00:00+00:00,0.0
3116,2013-05-06 02:30:00+00:00,0.0
3116,2013-05-06 03:00:00+00:00,0.0
3116,2013-05-06 03:30:00+00:00,0.0
3116,2013-05-06 04:00:00+00:00,0.0
3116,2013-05-06 04:30:00+00:00,0.03
3116,2013-05-06 05:00:00+00:00,5.91
3116,2013-05-06 05:30:00+00:00,43.27
3116,2013-05-06 06:00:00+00:00,105.33
3116,2013-05-06 06:30:00+00:00,191.98
3116,2013-05-06 07:00:00+00:00,402.72
3116,2013-05-06 07:30:00+00:00,644.95
3116,2013-05-06 08:00:00+00:00,750.0
3116,2013-05-06 08:30:00+00:00,940.7
3116,2013-05-06 09:00:00+00:00,1060.95
3116,2013-05-06 09:30:00+00:00,1174.75
3116,2013-05-06 10:00:00+00:00,1241.45
3116,2013-05-06 10:30:00+00:00,676.1
3116,2013-05-06 11:00:00+00:00,285.52
3116,2013-05-06 11:30:00+00:00,255.4
3116,2013-05-06 12:00:00+00:00,438.77
3116,2013-05-06 12:30:00+00:00,597.05
3116,2013-05-06 13:00:00+00:00,686.35
3116,2013-05-06 13:30:00+00:00,707.1
3116,2013-05-06 14:00:00+00:00,856.05
3116,2013-05-06 14:30:00+00:00,1140.65
3116,2013-05-06 15:00:00+00:00,999.8
3116,2013-05-06 15:30:00+00:00,883.1
3116,2013-05-06 16:00:00+00:00,788.4
3116,2013-05-06 16:30:00+00:00,518.85
3116,2013-05-06 17:00:00+00:00,342.75
3116,2013-05-06 17:30:00+00:00,186.46
3116,2013-05-06 18:00:00+00:00,81.13
3116,2013-05-06 18:30:00+00:00,43.94
3116,2013-05-06 19:00:00+00:00,18.62
3116,2013-05-06 19:30:00+00:00,0.16
3116,2013-05-06 20:00:00+00:00,0.0
3116,2013-05-06 20:30:00+00:00,0.0
3116,2013-05-06 21:00:00+00:00,0.0
3116,2013-05-06 21:30:00+00:00,0.0
3116,2013-05-06 22:00:00+00:00,0.0
3116,2013-05-06 22:30:00+00:00,0.0
3116,2013-05-06 23:00:00+00:00,0.0
3116,2013-05-06 23:30:00+00:00,0.0
3116,2013-05-07 00:00:00+00:00,0.0
3116,2013-05-07 00:30:00+00:00,0.0
3116,2013-05-07 01:00:00+00:00,0.0
3116,2013-05-07 01:30:00+00:00,0.0
3116,2013-05-07 02:00:00+00:00,0.0
3116,2013-05-07 02:30:00+00:00,0.0
3116,2013-05-07 03:00:00+00:00,0.0
3116,2013-05-07 03:30:00+00:00,0.0
3116,2013-05-07 04:00:00+00:00,0.0
3116,2013-05-07 04:30:00+00:00,0.01
3116,2013-05-07 05:00:00+00:00,0.45
3116,2013-05-07 05:30:00+00:00,26.83
3116,2013-05-07 06:00:00+00:00,73.24
3116,2013-05-07 06:30:00+00:00,82.54
3116,2013-05-07 07:00:00+00:00,199.1
3116,2013-05-07 07:30:00+00:00,319.88
3116,2013-05-07 08:00:00+00:00,186.9
3116,2013-05-07 08:30:00+00:00,123.5
3116,2013-05-07 09:00:00+00:00,124.07
3116,2013-05-07 09:30:00+00:00,132.3
3116,2013-05-07 10:00:00+00:00,359.55
3116,2013-05-07 10:30:00+00:00,927.6
3116,2013-05-07 11:00:00+00:00,703.45
3116,2013-05-07 11:30:00+00:00,295.49
3116,2013-05-07 12:00:00+00:00,517.65
3116,2013-05-07 12:30:00+00:00,596.45
3116,2013-05-07 13:00:00+00:00,463.54
3116,2013-05-07 13:30:00+00:00,720.05
3116,2013-05-07 14:00:00+00:00,858.25
3116,2013-05-07 14:30:00+00:00,869.55
3116,2013-05-07 15:00:00+00:00,948.6
3116,2013-05-07 15:30:00+00:00,657.15
3116,2013-05-07 16:00:00+00:00,672.05
3116,2013-05-07 16:30:00+00:00,506.05
3116,2013-05-07 17:00:00+00:00,338.48
3116,2013-05-07 17:30:00+00:00,194.49
3116,2013-05-07 18:00:00+00:00,97.58
3116,2013-05-07 18:30:00+00:00,51.62
3116,2013-05-07 19:00:00+00:00,19.8
3116,2013-05-07 19:30:00+00:00,0.3
3116,2013-05-07 20:00:00+00:00,0.0
3116,2013-05-07 20:30:00+00:00,0.0
3116,2013-05-07 21:00:00+00:00,0.0
3116,2013-05-07 21:30:00+00:00,0.0
3116,2013-05-07 22:00:00+00:00,0.0
3116,2013-05-07 22:30:00+00:00,0.0
3116,2013-05-07 23:00:00+00:00,0.0
3116,2013-05-07 23:30:00+00:00,0.0
3116,2013-05-08 00:00:00+00:00,0.0
3116,2013-05-08 00:30:00+00:00,0.0
3116,2013-05-08 01:00:00+00:00,0.0
3116,2013-05-08 01:30:00+00:00,0.0
3116,2013-05-08 02:00:00+00:00,0.0
3116,2013-05-08 02:30:00+00:00,0.0
3116,2013-05-08 03:00:00+00:00,0.0
3116,2013-05-08 03:30:00+00:00,0.0
3116,2013-05-08 04:00:00+00:00,0.0
3116,2013-05-08 04:30:00+00:00,0.35
3116,2013-05-08 05:00:00+00:00,0.05
3116,2013-05-08 05:30:00+00:00,0.61
3116,2013-05-08 06:00:00+00:00,29.49
3116,2013-05-08 06:30:00+00:00,8.09
3116,2013-05-08 07:00:00+00:00,22.25
3116,2013-05-08 07:30:00+00:00,83.85
3116,2013-05-08 08:00:00+00:00,168.72
3116,2013-05-08 08:30:00+00:00,256.63
3116,2013-05-08 09:00:00+00:00,514.6
3116,2013-05-08 09:30:00+00:00,453.86
3116,2013-05-08 10:00:00+00:00,745.3
3116,2013-05-08 10:30:00+00:00,447.81
3116,2013-05-08 11:00:00+00:00,616.65
3116,2013-05-08 11:30:00+00:00,673.0
3116,2013-05-08 12:00:00+00:00,749.2
3116,2013-05-08 12:30:00+00:00,897.35
3116,2013-05-08 13:00:00+00:00,989.65
3116,2013-05-08 13:30:00+00:00,534.95
3116,2013-05-08 14:00:00+00:00,503.5
3116,2013-05-08 14:30:00+00:00,521.25
3116,2013-05-08 15:00:00+00:00,631.8
3116,2013-05-08 15:30:00+00:00,835.35
3116,2013-05-08 16:00:00+00:00,750.6
3116,2013-05-08 16:30:00+00:00,515.8
3116,2013-05-08 17:00:00+00:00,331.0
3116,2013-05-08 17:30:00+00:00,130.54
3116,2013-05-08 18:00:00+00:00,87.81
3116,2013-05-08 18:30:00+00:00,56.75
3116,2013-05-08 19:00:00+00:00,14.29
3116,2013-05-08 19:30:00+00:00,0.0
3116,2013-05-08 20:00:00+00:00,0.0
3116,2013-05-08 20:30:00+00:00,0.0
3116,2013-05-08 21:00:00+00:00,0.0
3116,2013-05-08 21:30:00+00:00,0.0
3116,2013-05-08 22:00:00+00:00,0.0
3116,2013-05-08 22:30:00+00:00,0.0
3116,2013-05-08 23:00:00+00:00,0.0
3116,2013-05-08 23:30:00+00:00,0.0
3116,2013-05-09 00:00:00+00:00,0.0
3116,2013-05-09 00:30:00+00:00,0.0
3116,2013-05-09 01:00:00+00:00,0.0
3116,2013-05-09 01:30:00+00:00,0.0
3116,2013-05-09 02:00:00+00:00,0.0
3116,2013-05-09 02:30:00+00:00,0.0
3116,2013-05-09 03:00:00+00:00,0.0
3116,2013-05-09 03:30:00+00:00,0.0
3116,2013-05-09 04:00:00+00:00,0.0
3116,2013-05-09 04:30:00+00:00,0.05
3116,2013-05-09 05:00:00+00:00,12.33
3116,2013-05-09 05:30:00+00:00,58.23
3116,2013-05-09 06:00:00+00:00,154.42
3116,2013-05-09 06:30:00+00:00,322.63
3116,2013-05-09 07:00:00+00:00,436.89
3116,2013-05-09 07:30:00+00:00,701.8
3116,2013-05-09 08:00:00+00:00,663.75
3116,2013-05-09 08:30:00+00:00,703.75
3116,2013-05-09 09:00:00+00:00,982.6
3116,2013-05-09 09:30:00+00:00,1301.0
3116,2013-05-09 10:00:00+00:00,1273.95
3116,2013-05-09 10:30:00+00:00,1342.65
3116,2013-05-09 11:00:00+00:00,1470.6
3116,2013-05-09 11:30:00+00:00,1101.25
3116,2013-05-09 12:00:00+00:00,834.4
3116,2013-05-09 12:30:00+00:00,732.7
3116,2013-05-09 13:00:00+00:00,567.8
3116,2013-05-09 13:30:00+00:00,825.95
3116,2013-05-09 14:00:00+00:00,739.9
3116,2013-05-09 14:30:00+00:00,757.0
3116,2013-05-09 15:00:00+00:00,624.6
3116,2013-05-09 15:30:00+00:00,749.45
3116,2013-05-09 16:00:00+00:00,619.05
3116,2013-05-09 16:30:00+00:00,421.88
3116,2013-05-09 17:00:00+00:00,196.1
3116,2013-05-09 17:30:00+00:00,164.36
3116,2013-05-09 18:00:00+00:00,139.56
3116,2013-05-09 18:30:00+00:00,64.45
3116,2013-05-09 19:00:00+00:00,3.35
3116,2013-05-09 19:30:00+00:00,0.01
3116,2013-05-09 20:00:00+00:00,0.0
3116,2013-05-09 20:30:00+00:00,0.0
3116,2013-05-09 21:00:00+00:00,0.0
3116,2013-05-09 21:30:00+00:00,0.0
3116,2013-05-09 22:00:00+00:00,0.0
3116,2013-05-09 22:30:00+00:00,0.0
3116,2013-05-09 23:00:00+00:00,0.0
3116,2013-05-09 23:30:00+00:00,0.0
3116,2013-05-10 00:00:00+00:00,0.0
3116,2013-05-10 00:30:00+00:00,0.0
3116,2013-05-10 01:00:00+00:00,0.0
3116,2013-05-10 01:30:00+00:00,0.0
3116,2013-05-10 02:00:00+00:00,0.0
3116,2013-05-10 02:30:00+00:00,0.0
3116,2013-05-10 03:00:00+00:00,0.0
3116,2013-05-10 03:30:00+00:00,0.0
3116,2013-05-10 04:00:00+00:00,0.0
3116,2013-05-10 04:30:00+00:00,0.0
3116,2013-05-10 05:00:00+00:00,1.06
3116,2013-05-10 05:30:00+00:00,0.55
3116,2013-05-10 06:00:00+00:00,6.01
3116,2013-05-10 06:30:00+00:00,67.53
3116,2013-05-10 07:00:00+00:00,136.32
3116,2013-05-10 07:30:00+00:00,309.42
3116,2013-05-10 08:00:00+00:00,233.24
3116,2013-05-10 08:30:00+00:00,269.44
3116,2013-05-10 09:00:00+00:00,262.36
3116,2013-05-10 09:30:00+00:00,369.63
3116,2013-05-10 10:00:00+00:00,406.2
3116,2013-05-10 10:30:00+00:00,564.15
3116,2013-05-10 11:00:00+00:00,272.89
3116,2013-05-10 11:30:00+00:00,978.45
3116,2013-05-10 12:00:00+00:00,1252.15
3116,2013-05-10 12:30:00+00:00,1098.05
3116,2013-05-10 13:00:00+00:00,1001.2
3116,2013-05-10 13:30:00+00:00,1293.6
3116,2013-05-10 14:00:00+00:00,1295.75
3116,2013-05-10 14:30:00+00:00,1158.35
3116,2013-05-10 15:00:00+00:00,984.75
3116,2013-05-10 15:30:00+00:00,903.75
3116,2013-05-10 16:00:00+00:00,609.85
3116,2013-05-10 16:30:00+00:00,251.97
3116,2013-05-10 17:00:00+00:00,329.32
3116,2013-05-10 17:30:00+00:00,210.81
3116,2013-05-10 18:00:00+00:00,131.28
3116,2013-05-10 18:30:00+00:00,55.38
3116,2013-05-10 19:00:00+00:00,22.47
3116,2013-05-10 19:30:00+00:00,1.1
3116,2013-05-10 20:00:00+00:00,0.0
3116,2013-05-10 20:30:00+00:00,0.0
3116,2013-05-10 21:00:00+00:00,0.0
3116,2013-05-10 21:30:00+00:00,0.0
3116,2013-05-10 22:00:00+00:00,0.0
3116,2013-05-10 22:30:00+00:00,0.0
3116,2013-05-10 23:00:00+00:00,0.0
3116,2013-05-10 23:30:00+00:00,0.0
3116,2013-05-11 00:00:00+00:00,0.0
3116,2013-05-11 00:30:00+00:00,0.0
3116,2013-05-11 01:00:00+00:00,0.0
3116,2013-05-11 01:30:00+00:00,0.0
3116,2013-05-11 02:00:00+00:00,0.0
3116,2013-05-11 02:30:00+00:00,0.0
3116,2013-05-11 03:00:00+00:00,0.0
3116,2013-05-11 03:30:00+00:00,0.0
3116,2013-05-11 04:00:00+00:00,0.0
3116,2013-05-11 04:30:00+00:00,0.03
3116,2013-05-11 05:00:00+00:00,8.13
3116,2013-05-11 05:30:00+00:00,47.43
3116,2013-05-11 06:00:00+00:00,99.39
3116,2013-05-11 06:30:00+00:00,341.63
3116,2013-05-11 07:00:00+00:00,533.75
3116,2013-05-11 07:30:00+00:00,387.2
3116,2013-05-11 08:00:00+00:00,474.13
3116,2013-05-11 08:30:00+00:00,551.55
3116,2013-05-11 09:00:00+00:00,333.77
3116,2013-05-11 09:30:00+00:00,649.4
3116,2013-05-11 10:00:00+00:00,1176.25
3116,2013-05-11 10:30:00+00:00,771.35
3116,2013-05-11 11:00:00+00:00,1081.85
3116,2013-05-11 11:30:00+00:00,1001.6
3116,2013-05-11 12:00:00+00:00,963.05
3116,2013-05-11 12:30:00+00:00,505.3
3116,2013-05-11 13:00:00+00:00,408.4
3116,2013-05-11 13:30:00+00:00,757.3
3116,2013-05-11 14:00:00+00:00,624.1
3116,2013-05-11 14:30:00+00:00,467.86
3116,2013-05-11 15:00:00+00:00,327.65
3116,2013-05-11 15:30:00+00:00,367.05
3116,2013-05-11 16:00:00+00:00,207.01
3116,2013-05-11 16:30:00+00:00,210.34
3116,2013-05-11 17:00:00+00:00,322.88
3116,2013-05-11 17:30:00+00:00,271.82
3116,2013-05-11 18:00:00+00:00,70.52
3116,2013-05-11 18:30:00+00:00,81.67
3116,2013-05-11 19:00:00+00:00,11.73
3116,2013-05-11 19:30:00+00:00,0.0
3116,2013-05-11 20:00:00+00:00,0.0
3116,2013-05-11 20:30:00+00:00,0.0
3116,2013-05-11 21:00:00+00:00,0.0
3116,2013-05-11 21:30:00+00:00,0.0
3116,2013-05-11 22:00:00+00:00,0.0
3116,2013-05-11 22:30:00+00:00,0.0
3116,2013-05-11 23:00:00+00:00,0.0
3116,2013-05-11 23:30:00+00:00,0.0
3116,2013-05-12 00:00:00+00:00,0.0
3116,2013-05-12 00:30:00+00:00,0.0
3116,2013-05-12 01:00:00+00:00,0.0
3116,2013-05-12 01:30:00+00:00,0.0
3116,2013-05-12 02:00:00+00:00,0.0
3116,2013-05-12 02:30:00+00:00,0.0
3116,2013-05-12 03:00:00+00:00,0.0
3116,2013-05-12 03:30:00+00:00,0.0
3116,2013-05-12 04:00:00+00:00,0.0
3116,2013-05-12 04:30:00+00:00,0.05
3116,2013-05-12 05:00:00+00:00,7.14
3116,2013-05-12 05:30:00+00:00,54.42
3116,2013-05-12 06:00:00+00:00,88.67
3116,2013-05-12 06:30:00+00:00,331.46
3116,2013-05-12 07:00:00+00:00,532.15
3116,2013-05-12 07:30:00+00:00,738.45
3116,2013-05-12 08:00:00+00:00,901.95
3116,2013-05-12 08:30:00+00:00,1005.85
3116,2013-05-12 09:00:00+00:00,875.55
3116,2013-05-12 09:30:00+00:00,906.95
3116,2013-05-12 10:00:00+00:00,1053.7
3116,2013-05-12 10:30:00+00:00,1439.5
3116,2013-05-12 11:00:00+00:00,1262.35
3116,2013-05-12 11:30:00+00:00,1034.3
3116,2013-05-12 12:00:00+00:00,1247.7
3116,2013-05-12 12:30:00+00:00,1455.25
3116,2013-05-12 13:00:00+00:00,1322.3
3116,2013-05-12 13:30:00+00:00,1034.3
3116,2013-05-12 14:00:00+00:00,652.7
3116,2013-05-12 14:30:00+00:00,544.9
3116,2013-05-12 15:00:00+00:00,358.1
3116,2013-05-12 15:30:00+00:00,222.36
3116,2013-05-12 16:00:00+00:00,194.99
3116,2013-05-12 16:30:00+00:00,186.46
3116,2013-05-12 17:00:00+00:00,153.21
3116,2013-05-12 17:30:00+00:00,65.8
3116,2013-05-12 18:00:00+00:00,26.78
3116,2013-05-12 18:30:00+00:00,6.38
3116,2013-05-12 19:00:00+00:00,0.31
3116,2013-05-12 19:30:00+00:00,0.02
3116,2013-05-12 20:00:00+00:00,0.0
3116,2013-05-12 20:30:00+00:00,0.0
3116,2013-05-12 21:00:00+00:00,0.0
3116,2013-05-12 21:30:00+00:00,0.0
3116,2013-05-12 22:00:00+00:00,0.0
3116,2013-05-12 22:30:00+00:00,0.0
3116,2013-05-12 23:00:00+00:00,0.0
3116,2013-05-12 23:30:00+00:00,0.0
3116,2013-05-13 00:00:00+00:00,0.0
3116,2013-05-13 00:30:00+00:00,0.0
3116,2013-05-13 01:00:00+00:00,0.0
3116,2013-05-13 01:30:00+00:00,0.0
3116,2013-05-13 02:00:00+00:00,0.0
3116,2013-05-13 02:30:00+00:00,0.0
3116,2013-05-13 03:00:00+00:00,0.0
3116,2013-05-13 03:30:00+00:00,0.0
3116,2013-05-13 04:00:00+00:00,0.0
3116,2013-05-13 04:30:00+00:00,0.02
3116,2013-05-13 05:00:00+00:00,8.74
3116,2013-05-13 05:30:00+00:00,33.82
3116,2013-05-13 06:00:00+00:00,98.15
3116,2013-05-13 06:30:00+00:00,186.87
3116,2013-05-13 07:00:00+00:00,286.12
3116,2013-05-13 07:30:00+00:00,508.15
3116,2013-05-13 08:00:00+00:00,639.55
3116,2013-05-13 08:30:00+00:00,806.3
3116,2013-05-13 09:00:00+00:00,527.0
3116,2013-05-13 09:30:00+00:00,999.65
3116,2013-05-13 10:00:00+00:00,821.25
3116,2013-05-13 10:30:00+00:00,1114.0
3116,2013-05-13 11:00:00+00:00,1060.55
3116,2013-05-13 11:30:00+00:00,756.25
3116,2013-05-13 12:00:00+00:00,814.45
3116,2013-05-13 12:30:00+00:00,690.1
3116,2013-05-13 13:00:00+00:00,619.6
3116,2013-05-13 13:30:00+00:00,840.7
3116,2013-05-13 14:00:00+00:00,1014.65
3116,2013-05-13 14:30:00+00:00,756.95
3116,2013-05-13 15:00:00+00:00,873.4
3116,2013-05-13 15:30:00+00:00,608.0
3116,2013-05-13 16:00:00+00:00,696.1
3116,2013-05-13 16:30:00+00:00,308.47
3116,2013-05-13 17:00:00+00:00,79.2
3116,2013-05-13 17:30:00+00:00,158.64
3116,2013-05-13 18:00:00+00:00,113.03
3116,2013-05-13 18:30:00+00:00,73.94
3116,2013-05-13 19:00:00+00:00,30.62
3116,2013-05-13 19:30:00+00:00,3.99
3116,2013-05-13 20:00:00+00:00,0.0
3116,2013-05-13 20:30:00+00:00,0.0
3116,2013-05-13 21:00:00+00:00,0.0
3116,2013-05-13 21:30:00+00:00,0.0
3116,2013-05-13 22:00:00+00:00,0.0
3116,2013-05-13 22:30:00+00:00,0.0
3116,2013-05-13 23:00:00+00:00,0.0
3116,2013-05-13 23:30:00+00:00,0.0
3116,2013-05-14 00:00:00+00:00,0.0
3116,2013-05-14 00:30:00+00:00,0.0
3116,2013-05-14 01:00:00+00:00,0.0
3116,2013-05-14 01:30:00+00:00,0.0
3116,2013-05-14 02:00:00+00:00,0.0
3116,2013-05-14 02:30:00+00:00,0.0
3116,2013-05-14 03:00:00+00:00,0.0
3116,2013-05-14 03:30:00+00:00,0.0
3116,2013-05-14 04:00:00+00:00,0.0
3116,2013-05-14 04:30:00+00:00,0.55
3116,2013-05-14 05:00:00+00:00,17.7
3116,2013-05-14 05:30:00+00:00,114.19
3116,2013-05-14 06:00:00+00:00,142.53
3116,2013-05-14 06:30:00+00:00,256.2
3116,2013-05-14 07:00:00+00:00,353.51
3116,2013-05-14 07:30:00+00:00,538.45
3116,2013-05-14 08:00:00+00:00,646.6
3116,2013-05-14 08:30:00+00:00,851.55
3116,2013-05-14 09:00:00+00:00,648.5
3116,2013-05-14 09:30:00+00:00,502.7
3116,2013-05-14 10:00:00+00:00,803.65
3116,2013-05-14 10:30:00+00:00,651.55
3116,2013-05-14 11:00:00+00:00,298.46
3116,2013-05-14 11:30:00+00:00,582.3
3116,2013-05-14 12:00:00+00:00,938.7
3116,2013-05-14 12:30:00+00:00,485.63
3116,2013-05-14 13:00:00+00:00,616.35
3116,2013-05-14 13:30:00+00:00,452.19
3116,2013-05-14 14:00:00+00:00,750.2
3116,2013-05-14 14:30:00+00:00,389.18
3116,2013-05-14 15:00:00+00:00,360.23
3116,2013-05-14 15:30:00+00:00,437.64
3116,2013-05-14 16:00:00+00:00,214.95
3116,2013-05-14 16:30:00+00:00,174.77
3116,2013-05-14 17:00:00+00:00,92.6
3116,2013-05-14 17:30:00+00:00,56.32
3116,2013-05-14 18:00:00+00:00,26.09
3116,2013-05-14 18:30:00+00:00,8.44
3116,2013-05-14 19:00:00+00:00,0.09
3116,2013-05-14 19:30:00+00:00,0.01
3116,2013-05-14 20:00:00+00:00,0.0
3116,2013-05-14 20:30:00+00:00,0.0
3116,2013-05-14 21:00:00+00:00,0.0
3116,2013-05-14 21:30:00+00:00,0.0
3116,2013-05-14 22:00:00+00:00,0.0
3116,2013-05-14 22:30:00+00:00,0.0
3116,2013-05-14 23:00:00+00:00,0.0
3116,2013-05-14 23:30:00+00:00,0.0
3116,2013-05-15 00:00:00+00:00,0.0
3116,2013-05-15 00:30:00+00:00,0.0
3116,2013-05-15 01:00:00+00:00,0.0
3116,2013-05-15 01:30:00+00:00,0.0
3116,2013-05-15 02:00:00+00:00,0.0
3116,2013-05-15 02:30:00+00:00,0.0
3116,2013-05-15 03:00:00+00:00,0.0
3116,2013-05-15 03:30:00+00:00,0.0
3116,2013-05-15 04:00:00+00:00,0.0
3116,2013-05-15 04:30:00+00:00,0.01
3116,2013-05-15 05:00:00+00:00,0.03
3116,2013-05-15 05:30:00+00:00,10.1
3116,2013-05-15 06:00:00+00:00,78.04
3116,2013-05-15 06:30:00+00:00,123.75
3116,2013-05-15 07:00:00+00:00,159.8
3116,2013-05-15 07:30:00+00:00,318.99
3116,2013-05-15 08:00:00+00:00,327.88
3116,2013-05-15 08:30:00+00:00,322.58
3116,2013-05-15 09:00:00+00:00,343.13
3116,2013-05-15 09:30:00+00:00,287.8
3116,2013-05-15 10:00:00+00:00,390.34
3116,2013-05-15 10:30:00+00:00,251.16
3116,2013-05-15 11:00:00+00:00,347.25
3116,2013-05-15 11:30:00+00:00,307.87
3116,2013-05-15 12:00:00+00:00,367.45
3116,2013-05-15 12:30:00+00:00,580.7
3116,2013-05-15 13:00:00+00:00,704.3
3116,2013-05-15 13:30:00+00:00,563.1
3116,2013-05-15 14:00:00+00:00,636.2
3116,2013-05-15 14:30:00+00:00,596.2
3116,2013-05-15 15:00:00+00:00,496.49
3116,2013-05-15 15:30:00+00:00,574.55
3116,2013-05-15 16:00:00+00:00,729.45
3116,2013-05-15 16:30:00+00:00,552.7
3116,2013-05-15 17:00:00+00:00,266.84
3116,2013-05-15 17:30:00+00:00,227.73
3116,2013-05-15 18:00:00+00:00,114.16
3116,2013-05-15 18:30:00+00:00,45.62
3116,2013-05-15 19:00:00+00:00,19.01
3116,2013-05-15 19:30:00+00:00,2.44
3116,2013-05-15 20:00:00+00:00,0.0
3116,2013-05-15 20:30:00+00:00,0.0
3116,2013-05-15 21:00:00+00:00,0.0
3116,2013-05-15 21:30:00+00:00,0.0
3116,2013-05-15 22:00:00+00:00,0.0
3116,2013-05-15 22:30:00+00:00,0.0
3116,2013-05-15 23:00:00+00:00,0.0
3116,2013-05-15 23:30:00+00:00,0.0
3116,2013-05-16 00:00:00+00:00,0.0
3116,2013-05-16 00:30:00+00:00,0.0
3116,2013-05-16 01:00:00+00:00,0.0
3116,2013-05-16 01:30:00+00:00,0.0
3116,2013-05-16 02:00:00+00:00,0.0
3116,2013-05-16 02:30:00+00:00,0.0
3116,2013-05-16 03:00:00+00:00,0.0
3116,2013-05-16 03:30:00+00:00,0.0
3116,2013-05-16 04:00:00+00:00,0.0
3116,2013-05-16 04:30:00+00:00,0.02
3116,2013-05-16 05:00:00+00:00,36.18
3116,2013-05-16 05:30:00+00:00,51.5
3116,2013-05-16 06:00:00+00:00,114.8
3116,2013-05-16 06:30:00+00:00,265.82
3116,2013-05-16 07:00:00+00:00,229.25
3116,2013-05-16 07:30:00+00:00,321.29
3116,2013-05-16 08:00:00+00:00,578.0
3116,2013-05-16 08:30:00+00:00,1064.35
3116,2013-05-16 09:00:00+00:00,1083.55
3116,2013-05-16 09:30:00+00:00,1185.25
3116,2013-05-16 10:00:00+00:00,1333.4
3116,2013-05-16 10:30:00+00:00,1147.9
3116,2013-05-16 11:00:00+00:00,1454.5
3116,2013-05-16 11:30:00+00:00,1481.9
3116,2013-05-16 12:00:00+00:00,1448.95
3116,2013-05-16 12:30:00+00:00,1383.15
3116,2013-05-16 13:00:00+00:00,1365.55
3116,2013-05-16 13:30:00+00:00,1326.85
3116,2013-05-16 14:00:00+00:00,747.6
3116,2013-05-16 14:30:00+00:00,763.2
3116,2013-05-16 15:00:00+00:00,544.9
3116,2013-05-16 15:30:00+00:00,837.0
3116,2013-05-16 16:00:00+00:00,785.1
3116,2013-05-16 16:30:00+00:00,593.35
3116,2013-05-16 17:00:00+00:00,405.97
3116,2013-05-16 17:30:00+00:00,230.16
3116,2013-05-16 18:00:00+00:00,107.11
3116,2013-05-16 18:30:00+00:00,96.19
3116,2013-05-16 19:00:00+00:00,50.58
3116,2013-05-16 19:30:00+00:00,13.29
3116,2013-05-16 20:00:00+00:00,0.0
3116,2013-05-16 20:30:00+00:00,0.0
3116,2013-05-16 21:00:00+00:00,0.0
3116,2013-05-16 21:30:00+00:00,0.0
3116,2013-05-16 22:00:00+00:00,0.0
3116,2013-05-16 22:30:00+00:00,0.0
3116,2013-05-16 23:00:00+00:00,0.0
3116,2013-05-16 23:30:00+00:00,0.0
3116,2013-05-17 00:00:00+00:00,0.0
3116,2013-05-17 00:30:00+00:00,0.0
3116,2013-05-17 01:00:00+00:00,0.0
3116,2013-05-17 01:30:00+00:00,0.0
3116,2013-05-17 02:00:00+00:00,0.0
3116,2013-05-17 02:30:00+00:00,0.0
3116,2013-05-17 03:00:00+00:00,0.0
3116,2013-05-17 03:30:00+00:00,0.0
3116,2013-05-17 04:00:00+00:00,0.0
3116,2013-05-17 04:30:00+00:00,0.01
3116,2013-05-17 05:00:00+00:00,16.66
3116,2013-05-17 05:30:00+00:00,33.9
3116,2013-05-17 06:00:00+00:00,34.31
3116,2013-05-17 06:30:00+00:00,132.57
3116,2013-05-17 07:00:00+00:00,154.03
3116,2013-05-17 07:30:00+00:00,338.24
3116,2013-05-17 08:00:00+00:00,442.0
3116,2013-05-17 08:30:00+00:00,339.73
3116,2013-05-17 09:00:00+00:00,329.2
3116,2013-05-17 09:30:00+00:00,244.88
3116,2013-05-17 10:00:00+00:00,290.94
3116,2013-05-17 10:30:00+00:00,120.12
3116,2013-05-17 11:00:00+00:00,409.89
3116,2013-05-17 11:30:00+00:00,220.67
3116,2013-05-17 12:00:00+00:00,566.55
3116,2013-05-17 12:30:00+00:00,97.69
3116,2013-05-17 13:00:00+00:00,343.86
3116,2013-05-17 13:30:00+00:00,316.09
3116,2013-05-17 14:00:00+00:00,72.18
3116,2013-05-17 14:30:00+00:00,146.82
3116,2013-05-17 15:00:00+00:00,174.53
3116,2013-05-17 15:30:00+00:00,88.98
3116,2013-05-17 16:00:00+00:00,289.57
3116,2013-05-17 16:30:00+00:00,214.62
3116,2013-05-17 17:00:00+00:00,121.26
3116,2013-05-17 17:30:00+00:00,149.17
3116,2013-05-17 18:00:00+00:00,128.37
3116,2013-05-17 18:30:00+00:00,66.87
3116,2013-05-17 19:00:00+00:00,24.36
3116,2013-05-17 19:30:00+00:00,0.5
3116,2013-05-17 20:00:00+00:00,0.0
3116,2013-05-17 20:30:00+00:00,0.0
3116,2013-05-17 21:00:00+00:00,0.0
3116,2013-05-17 21:30:00+00:00,0.0
3116,2013-05-17 22:00:00+00:00,0.0
3116,2013-05-17 22:30:00+00:00,0.0
3116,2013-05-17 23:00:00+00:00,0.0
3116,2013-05-17 23:30:00+00:00,0.0
3116,2013-05-18 00:00:00+00:00,0.0
3116,2013-05-18 00:30:00+00:00,0.0
3116,2013-05-18 01:00:00+00:00,0.0
3116,2013-05-18 01:30:00+00:00,0.0
3116,2013-05-18 02:00:00+00:00,0.0
3116,2013-05-18 02:30:00+00:00,0.0
3116,2013-05-18 03:00:00+00:00,0.0
3116,2013-05-18 03:30:00+00:00,0.0
3116,2013-05-18 04:00:00+00:00,0.0
3116,2013-05-18 04:30:00+00:00,0.02
3116,2013-05-18 05:00:00+00:00,4.02
3116,2013-05-18 05:30:00+00:00,34.46
3116,2013-05-18 06:00:00+00:00,76.19
3116,2013-05-18 06:30:00+00:00,211.92
3116,2013-05-18 07:00:00+00:00,249.46
3116,2013-05-18 07:30:00+00:00,323.77
3116,2013-05-18 08:00:00+00:00,240.02
3116,2013-05-18 08:30:00+00:00,581.85
3116,2013-05-18 09:00:00+00:00,732.35
3116,2013-05-18 09:30:00+00:00,597.25
3116,2013-05-18 10:00:00+00:00,597.9
3116,2013-05-18 10:30:00+00:00,560.95
3116,2013-05-18 11:00:00+00:00,488.01
3116,2013-05-18 11:30:00+00:00,670.1
3116,2013-05-18 12:00:00+00:00,392.95
3116,2013-05-18 12:30:00+00:00,289.03
3116,2013-05-18 13:00:00+00:00,328.16
3116,2013-05-18 13:30:00+00:00,208.46
3116,2013-05-18 14:00:00+00:00,333.53
3116,2013-05-18 14:30:00+00:00,398.93
3116,2013-05-18 15:00:00+00:00,430.17
3116,2013-05-18 15:30:00+00:00,417.62
3116,2013-05-18 16:00:00+00:00,363.98
3116,2013-05-18 16:30:00+00:00,346.09
3116,2013-05-18 17:00:00+00:00,146.05
3116,2013-05-18 17:30:00+00:00,68.71
3116,2013-05-18 18:00:00+00:00,65.32
3116,2013-05-18 18:30:00+00:00,123.46
3116,2013-05-18 19:00:00+00:00,46.43
3116,2013-05-18 19:30:00+00:00,20.37
3116,2013-05-18 20:00:00+00:00,0.56
3116,2013-05-18 20:30:00+00:00,0.0
3116,2013-05-18 21:00:00+00:00,0.0
3116,2013-05-18 21:30:00+00:00,0.0
3116,2013-05-18 22:00:00+00:00,0.0
3116,2013-05-18 22:30:00+00:00,0.0
3116,2013-05-18 23:00:00+00:00,0.0
3116,2013-05-18 23:30:00+00:00,0.0
3116,2013-05-19 00:00:00+00:00,0.0
3116,2013-05-19 00:30:00+00:00,0.0
3116,2013-05-19 01:00:00+00:00,0.0
3116,2013-05-19 01:30:00+00:00,0.0
3116,2013-05-19 02:00:00+00:00,0.0
3116,2013-05-19 02:30:00+00:00,0.0
3116,2013-05-19 03:00:00+00:00,0.0
3116,2013-05-19 03:30:00+00:00,0.0
3116,2013-05-19 04:00:00+00:00,0.0
3116,2013-05-19 04:30:00+00:00,0.03
3116,2013-05-19 05:00:00+00:00,13.97
3116,2013-05-19 05:30:00+00:00,55.58
3116,2013-05-19 06:00:00+00:00,121.49
3116,2013-05-19 06:30:00+00:00,146.18
3116,2013-05-19 07:00:00+00:00,258.58
3116,2013-05-19 07:30:00+00:00,283.14
3116,2013-05-19 08:00:00+00:00,192.21
3116,2013-05-19 08:30:00+00:00,396.8
3116,2013-05-19 09:00:00+00:00,1124.95
3116,2013-05-19 09:30:00+00:00,435.14
3116,2013-05-19 10:00:00+00:00,482.48
3116,2013-05-19 10:30:00+00:00,530.0
3116,2013-05-19 11:00:00+00:00,560.1
3116,2013-05-19 11:30:00+00:00,625.55
3116,2013-05-19 12:00:00+00:00,801.45
3116,2013-05-19 12:30:00+00:00,1326.3
3116,2013-05-19 13:00:00+00:00,1264.0
3116,2013-05-19 13:30:00+00:00,964.25
3116,2013-05-19 14:00:00+00:00,987.1
3116,2013-05-19 14:30:00+00:00,1065.3
3116,2013-05-19 15:00:00+00:00,804.5
3116,2013-05-19 15:30:00+00:00,769.4
3116,2013-05-19 16:00:00+00:00,415.19
3116,2013-05-19 16:30:00+00:00,492.91
3116,2013-05-19 17:00:00+00:00,414.85
3116,2013-05-19 17:30:00+00:00,279.88
3116,2013-05-19 18:00:00+00:00,184.27
3116,2013-05-19 18:30:00+00:00,90.6
3116,2013-05-19 19:00:00+00:00,44.74
3116,2013-05-19 19:30:00+00:00,12.7
3116,2013-05-19 20:00:00+00:00,0.0
3116,2013-05-19 20:30:00+00:00,0.0
3116,2013-05-19 21:00:00+00:00,0.0
3116,2013-05-19 21:30:00+00:00,0.0
3116,2013-05-19 22:00:00+00:00,0.0
3116,2013-05-19 22:30:00+00:00,0.0
3116,2013-05-19 23:00:00+00:00,0.0
3116,2013-05-19 23:30:00+00:00,0.0
3116,2013-05-20 00:00:00+00:00,0.0
3116,2013-05-20 00:30:00+00:00,0.0
3116,2013-05-20 01:00:00+00:00,0.0
3116,2013-05-20 01:30:00+00:00,0.0
3116,2013-05-20 02:00:00+00:00,0.0
3116,2013-05-20 02:30:00+00:00,0.0
3116,2013-05-20 03:00:00+00:00,0.0
3116,2013-05-20 03:30:00+00:00,0.0
3116,2013-05-20 04:00:00+00:00,0.0
3116,2013-05-20 04:30:00+00:00,0.0
3116,2013-05-20 05:00:00+00:00,0.0
3116,2013-05-20 05:30:00+00:00,0.1
3116,2013-05-20 06:00:00+00:00,7.78
3116,2013-05-20 06:30:00+00:00,34.48
3116,2013-05-20 07:00:00+00:00,66.99
3116,2013-05-20 07:30:00+00:00,87.22
3116,2013-05-20 08:00:00+00:00,132.51
3116,2013-05-20 08:30:00+00:00,163.0
3116,2013-05-20 09:00:00+00:00,233.42
3116,2013-05-20 09:30:00+00:00,433.63
3116,2013-05-20 10:00:00+00:00,272.31
3116,2013-05-20 10:30:00+00:00,132.54
3116,2013-05-20 11:00:00+00:00,136.99
3116,2013-05-20 11:30:00+00:00,179.63
3116,2013-05-20 12:00:00+00:00,178.66
3116,2013-05-20 12:30:00+00:00,264.51
3116,2013-05-20 13:00:00+00:00,314.64
3116,2013-05-20 13:30:00+00:00,427.42
3116,2013-05-20 14:00:00+00:00,496.03
3116,2013-05-20 14:30:00+00:00,369.89
3116,2013-05-20 15:00:00+00:00,206.83
3116,2013-05-20 15:30:00+00:00,246.34
3116,2013-05-20 16:00:00+00:00,264.47
3116,2013-05-20 16:30:00+00:00,169.44
3116,2013-05-20 17:00:00+00:00,93.52
3116,2013-05-20 17:30:00+00:00,72.33
3116,2013-05-20 18:00:00+00:00,19.07
3116,2013-05-20 18:30:00+00:00,33.71
3116,2013-05-20 19:00:00+00:00,18.74
3116,2013-05-20 19:30:00+00:00,2.0
3116,2013-05-20 20:00:00+00:00,0.0
3116,2013-05-20 20:30:00+00:00,0.0
3116,2013-05-20 21:00:00+00:00,0.0
3116,2013-05-20 21:30:00+00:00,0.0
3116,2013-05-20 22:00:00+00:00,0.0
3116,2013-05-20 22:30:00+00:00,0.0
3116,2013-05-20 23:00:00+00:00,0.0
3116,2013-05-20 23:30:00+00:00,0.0
3116,2013-05-21 00:00:00+00:00,0.0
3116,2013-05-21 00:30:00+00:00,0.0
3116,2013-05-21 01:00:00+00:00,0.0
3116,2013-05-21 01:30:00+00:00,0.0
3116,2013-05-21 02:00:00+00:00,0.0
3116,2013-05-21 02:30:00+00:00,0.0
3116,2013-05-21 03:00:00+00:00,0.0
3116,2013-05-21 03:30:00+00:00,0.0
3116,2013-05-21 04:00:00+00:00,0.0
3116,2013-05-21 04:30:00+00:00,0.04
3116,2013-05-21 05:00:00+00:00,0.06
3116,2013-05-21 05:30:00+00:00,6.07
3116,2013-05-21 06:00:00+00:00,21.59
3116,2013-05-21 06:30:00+00:00,71.29
3116,2013-05-21 07:00:00+00:00,79.95
3116,2013-05-21 07:30:00+00:00,100.53
3116,2013-05-21 08:00:00+00:00,131.88
3116,2013-05-21 08:30:00+00:00,107.4
3116,2013-05-21 09:00:00+00:00,104.16
3116,2013-05-21 09:30:00+00:00,122.42
3116,2013-05-21 10:00:00+00:00,160.59
3116,2013-05-21 10:30:00+00:00,135.86
3116,2013-05-21 11:00:00+00:00,233.26
3116,2013-05-21 11:30:00+00:00,294.45
3116,2013-05-21 12:00:00+00:00,291.57
3116,2013-05-21 12:30:00+00:00,262.36
3116,2013-05-21 13:00:00+00:00,513.9
3116,2013-05-21 13:30:00+00:00,702.6
3116,2013-05-21 14:00:00+00:00,683.9
3116,2013-05-21 14:30:00+00:00,546.9
3116,2013-05-21 15:00:00+00:00,291.64
3116,2013-05-21 15:30:00+00:00,193.37
3116,2013-05-21 16:00:00+00:00,361.85
3116,2013-05-21 16:30:00+00:00,424.6
3116,2013-05-21 17:00:00+00:00,205.97
3116,2013-05-21 17:30:00+00:00,210.88
3116,2013-05-21 18:00:00+00:00,112.99
3116,2013-05-21 18:30:00+00:00,61.08
3116,2013-05-21 19:00:00+00:00,46.06
3116,2013-05-21 19:30:00+00:00,18.43
3116,2013-05-21 20:00:00+00:00,0.0
3116,2013-05-21 20:30:00+00:00,0.0
3116,2013-05-21 21:00:00+00:00,0.0
3116,2013-05-21 21:30:00+00:00,0.0
3116,2013-05-21 22:00:00+00:00,0.0
3116,2013-05-21 22:30:00+00:00,0.0
3116,2013-05-21 23:00:00+00:00,0.0
3116,2013-05-21 23:30:00+00:00,0.0
3116,2013-05-22 00:00:00+00:00,0.0
3116,2013-05-22 00:30:00+00:00,0.0
3116,2013-05-22 01:00:00+00:00,0.0
3116,2013-05-22 01:30:00+00:00,0.0
3116,2013-05-22 02:00:00+00:00,0.0
3116,2013-05-22 02:30:00+00:00,0.0
3116,2013-05-22 03:00:00+00:00,0.0
3116,2013-05-22 03:30:00+00:00,0.0
3116,2013-05-22 04:00:00+00:00,0.0
3116,2013-05-22 04:30:00+00:00,0.02
3116,2013-05-22 05:00:00+00:00,0.02
3116,2013-05-22 05:30:00+00:00,18.48
3116,2013-05-22 06:00:00+00:00,56.99
3116,2013-05-22 06:30:00+00:00,134.07
3116,2013-05-22 07:00:00+00:00,183.29
3116,2013-05-22 07:30:00+00:00,294.48
3116,2013-05-22 08:00:00+00:00,342.44
3116,2013-05-22 08:30:00+00:00,336.65
3116,2013-05-22 09:00:00+00:00,273.59
3116,2013-05-22 09:30:00+00:00,340.5
3116,2013-05-22 10:00:00+00:00,303.6
3116,2013-05-22 10:30:00+00:00,241.35
3116,2013-05-22 11:00:00+00:00,247.07
3116,2013-05-22 11:30:00+00:00,181.53
3116,2013-05-22 12:00:00+00:00,226.19
3116,2013-05-22 12:30:00+00:00,132.63
3116,2013-05-22 13:00:00+00:00,117.09
3116,2013-05-22 13:30:00+00:00,153.24
3116,2013-05-22 14:00:00+00:00,146.43
3116,2013-05-22 14:30:00+00:00,366.0
3116,2013-05-22 15:00:00+00:00,451.09
3116,2013-05-22 15:30:00+00:00,327.32
3116,2013-05-22 16:00:00+00:00,284.9
3116,2013-05-22 16:30:00+00:00,619.9
3116,2013-05-22 17:00:00+00:00,351.52
3116,2013-05-22 17:30:00+00:00,265.17
3116,2013-05-22 18:00:00+00:00,123.0
3116,2013-05-22 18:30:00+00:00,54.78
3116,2013-05-22 19:00:00+00:00,46.43
3116,2013-05-22 19:30:00+00:00,20.48
3116,2013-05-22 20:00:00+00:00,0.0
3116,2013-05-22 20:30:00+00:00,0.0
3116,2013-05-22 21:00:00+00:00,0.0
3116,2013-05-22 21:30:00+00:00,0.0
3116,2013-05-22 22:00:00+00:00,0.0
3116,2013-05-22 22:30:00+00:00,0.0
3116,2013-05-22 23:00:00+00:00,0.0
3116,2013-05-22 23:30:00+00:00,0.0
3116,2013-05-23 00:00:00+00:00,0.0
3116,2013-05-23 00:30:00+00:00,0.0
3116,2013-05-23 01:00:00+00:00,0.0
3116,2013-05-23 01:30:00+00:00,0.0
3116,2013-05-23 02:00:00+00:00,0.0
3116,2013-05-23 02:30:00+00:00,0.0
3116,2013-05-23 03:00:00+00:00,0.0
3116,2013-05-23 03:30:00+00:00,0.0
3116,2013-05-23 04:00:00+00:00,0.0
3116,2013-05-23 04:30:00+00:00,0.01
3116,2013-05-23 05:00:00+00:00,0.03
3116,2013-05-23 05:30:00+00:00,26.92
3116,2013-05-23 06:00:00+00:00,140.78
3116,2013-05-23 06:30:00+00:00,158.18
3116,2013-05-23 07:00:00+00:00,200.28
3116,2013-05-23 07:30:00+00:00,584.15
3116,2013-05-23 08:00:00+00:00,591.9
3116,2013-05-23 08:30:00+00:00,769.75
3116,2013-05-23 09:00:00+00:00,740.05
3116,2013-05-23 09:30:00+00:00,371.99
3116,2013-05-23 10:00:00+00:00,560.85
3116,2013-05-23 10:30:00+00:00,523.05
3116,2013-05-23 11:00:00+00:00,748.2
3116,2013-05-23 11:30:00+00:00,898.5
3116,2013-05-23 12:00:00+00:00,1140.15
3116,2013-05-23 12:30:00+00:00,1235.75
3116,2013-05-23 13:00:00+00:00,698.9
3116,2013-05-23 13:30:00+00:00,558.15
3116,2013-05-23 14:00:00+00:00,1286.9
3116,2013-05-23 14:30:00+00:00,383.33
3116,2013-05-23 15:00:00+00:00,192.33
3116,2013-05-23 15:30:00+00:00,1040.25
3116,2013-05-23 16:00:00+00:00,589.2
3116,2013-05-23 16:30:00+00:00,479.94
3116,2013-05-23 17:00:00+00:00,255.23
3116,2013-05-23 17:30:00+00:00,211.86
3116,2013-05-23 18:00:00+00:00,161.74
3116,2013-05-23 18:30:00+00:00,81.8
3116,2013-05-23 19:00:00+00:00,66.01
3116,2013-05-23 19:30:00+00:00,22.1
3116,2013-05-23 20:00:00+00:00,0.49
3116,2013-05-23 20:30:00+00:00,0.0
3116,2013-05-23 21:00:00+00:00,0.0
3116,2013-05-23 21:30:00+00:00,0.0
3116,2013-05-23 22:00:00+00:00,0.0
3116,2013-05-23 22:30:00+00:00,0.0
3116,2013-05-23 23:00:00+00:00,0.0
3116,2013-05-23 23:30:00+00:00,0.0
3116,2013-05-24 00:00:00+00:00,0.0
3116,2013-05-24 00:30:00+00:00,0.0
3116,2013-05-24 01:00:00+00:00,0.0
3116,2013-05-24 01:30:00+00:00,0.0
3116,2013-05-24 02:00:00+00:00,0.0
3116,2013-05-24 02:30:00+00:00,0.0
3116,2013-05-24 03:00:00+00:00,0.0
3116,2013-05-24 03:30:00+00:00,0.0
3116,2013-05-24 04:00:00+00:00,0.0
3116,2013-05-24 04:30:00+00:00,0.02
3116,2013-05-24 05:00:00+00:00,1.12
3116,2013-05-24 05:30:00+00:00,23.87
3116,2013-05-24 06:00:00+00:00,51.11
3116,2013-05-24 06:30:00+00:00,98.57
3116,2013-05-24 07:00:00+00:00,92.87
3116,2013-05-24 07:30:00+00:00,245.1
3116,2013-05-24 08:00:00+00:00,362.79
3116,2013-05-24 08:30:00+00:00,422.66
3116,2013-05-24 09:00:00+00:00,310.92
3116,2013-05-24 09:30:00+00:00,185.9
3116,2013-05-24 10:00:00+00:00,251.55
3116,2013-05-24 10:30:00+00:00,213.31
3116,2013-05-24 11:00:00+00:00,161.25
3116,2013-05-24 11:30:00+00:00,160.11
3116,2013-05-24 12:00:00+00:00,307.44
3116,2013-05-24 12:30:00+00:00,406.81
3116,2013-05-24 13:00:00+00:00,364.64
3116,2013-05-24 13:30:00+00:00,291.75
3116,2013-05-24 14:00:00+00:00,220.78
3116,2013-05-24 14:30:00+00:00,319.48
3116,2013-05-24 15:00:00+00:00,466.49
3116,2013-05-24 15:30:00+00:00,486.3
3116,2013-05-24 16:00:00+00:00,169.36
3116,2013-05-24 16:30:00+00:00,335.02
3116,2013-05-24 17:00:00+00:00,276.66
3116,2013-05-24 17:30:00+00:00,212.52
3116,2013-05-24 18:00:00+00:00,113.65
3116,2013-05-24 18:30:00+00:00,47.27
3116,2013-05-24 19:00:00+00:00,57.48
3116,2013-05-24 19:30:00+00:00,22.9
3116,2013-05-24 20:00:00+00:00,1.78
3116,2013-05-24 20:30:00+00:00,0.0
3116,2013-05-24 21:00:00+00:00,0.0
3116,2013-05-24 21:30:00+00:00,0.0
3116,2013-05-24 22:00:00+00:00,0.0
3116,2013-05-24 22:30:00+00:00,0.0
3116,2013-05-24 23:00:00+00:00,0.0
3116,2013-05-24 23:30:00+00:00,0.0
3116,2013-05-25 00:00:00+00:00,0.0
3116,2013-05-25 00:30:00+00:00,0.0
3116,2013-05-25 01:00:00+00:00,0.0
3116,2013-05-25 01:30:00+00:00,0.0
3116,2013-05-25 02:00:00+00:00,0.0
3116,2013-05-25 02:30:00+00:00,0.0
3116,2013-05-25 03:00:00+00:00,0.0
3116,2013-05-25 03:30:00+00:00,0.0
3116,2013-05-25 04:00:00+00:00,0.0
3116,2013-05-25 04:30:00+00:00,6.25
3116,2013-05-25 05:00:00+00:00,40.6
3116,2013-05-25 05:30:00+00:00,89.06
3116,2013-05-25 06:00:00+00:00,186.71
3116,2013-05-25 06:30:00+00:00,362.91
3116,2013-05-25 07:00:00+00:00,569.55
3116,2013-05-25 07:30:00+00:00,584.15
3116,2013-05-25 08:00:00+00:00,716.85
3116,2013-05-25 08:30:00+00:00,839.7
3116,2013-05-25 09:00:00+00:00,859.85
3116,2013-05-25 09:30:00+00:00,796.3
3116,2013-05-25 10:00:00+00:00,683.35
3116,2013-05-25 10:30:00+00:00,1070.2
3116,2013-05-25 11:00:00+00:00,1049.6
3116,2013-05-25 11:30:00+00:00,1051.9
3116,2013-05-25 12:00:00+00:00,1168.7
3116,2013-05-25 12:30:00+00:00,1382.2
3116,2013-05-25 13:00:00+00:00,1222.6
3116,2013-05-25 13:30:00+00:00,1386.45
3116,2013-05-25 14:00:00+00:00,1201.8
3116,2013-05-25 14:30:00+00:00,1207.65
3116,2013-05-25 15:00:00+00:00,1102.85
3116,2013-05-25 15:30:00+00:00,916.25
3116,2013-05-25 16:00:00+00:00,769.25
3116,2013-05-25 16:30:00+00:00,587.95
3116,2013-05-25 17:00:00+00:00,423.86
3116,2013-05-25 17:30:00+00:00,239.08
3116,2013-05-25 18:00:00+00:00,94.05
3116,2013-05-25 18:30:00+00:00,52.74
3116,2013-05-25 19:00:00+00:00,47.0
3116,2013-05-25 19:30:00+00:00,27.5
3116,2013-05-25 20:00:00+00:00,2.31
3116,2013-05-25 20:30:00+00:00,0.0
3116,2013-05-25 21:00:00+00:00,0.0
3116,2013-05-25 21:30:00+00:00,0.0
3116,2013-05-25 22:00:00+00:00,0.0
3116,2013-05-25 22:30:00+00:00,0.0
3116,2013-05-25 23:00:00+00:00,0.0
3116,2013-05-25 23:30:00+00:00,0.0
3116,2013-05-26 00:00:00+00:00,0.0
3116,2013-05-26 00:30:00+00:00,0.0
3116,2013-05-26 01:00:00+00:00,0.0
3116,2013-05-26 01:30:00+00:00,0.0
3116,2013-05-26 02:00:00+00:00,0.0
3116,2013-05-26 02:30:00+00:00,0.0
3116,2013-05-26 03:00:00+00:00,0.0
3116,2013-05-26 03:30:00+00:00,0.0
3116,2013-05-26 04:00:00+00:00,0.0
3116,2013-05-26 04:30:00+00:00,1.23
3116,2013-05-26 05:00:00+00:00,27.21
3116,2013-05-26 05:30:00+00:00,55.97
3116,2013-05-26 06:00:00+00:00,126.63
3116,2013-05-26 06:30:00+00:00,294.73
3116,2013-05-26 07:00:00+00:00,495.86
3116,2013-05-26 07:30:00+00:00,614.55
3116,2013-05-26 08:00:00+00:00,811.3
3116,2013-05-26 08:30:00+00:00,929.25
3116,2013-05-26 09:00:00+00:00,1105.7
3116,2013-05-26 09:30:00+00:00,1214.45
3116,2013-05-26 10:00:00+00:00,1296.05
3116,2013-05-26 10:30:00+00:00,1380.4
3116,2013-05-26 11:00:00+00:00,1420.85
3116,2013-05-26 11:30:00+00:00,1403.45
3116,2013-05-26 12:00:00+00:00,1397.85
3116,2013-05-26 12:30:00+00:00,1393.75
3116,2013-05-26 13:00:00+00:00,1403.4
3116,2013-05-26 13:30:00+00:00,1353.65
3116,2013-05-26 14:00:00+00:00,1203.25
3116,2013-05-26 14:30:00+00:00,1048.8
3116,2013-05-26 15:00:00+00:00,1007.3
3116,2013-05-26 15:30:00+00:00,930.05
3116,2013-05-26 16:00:00+00:00,761.2
3116,2013-05-26 16:30:00+00:00,564.55
3116,2013-05-26 17:00:00+00:00,390.89
3116,2013-05-26 17:30:00+00:00,249.23
3116,2013-05-26 18:00:00+00:00,110.04
3116,2013-05-26 18:30:00+00:00,53.15
3116,2013-05-26 19:00:00+00:00,35.1
3116,2013-05-26 19:30:00+00:00,17.12
3116,2013-05-26 20:00:00+00:00,1.18
3116,2013-05-26 20:30:00+00:00,0.0
3116,2013-05-26 21:00:00+00:00,0.0
3116,2013-05-26 21:30:00+00:00,0.0
3116,2013-05-26 22:00:00+00:00,0.0
3116,2013-05-26 22:30:00+00:00,0.0
3116,2013-05-26 23:00:00+00:00,0.0
3116,2013-05-26 23:30:00+00:00,0.0
3116,2013-05-27 00:00:00+00:00,0.0
3116,2013-05-27 00:30:00+00:00,0.0
3116,2013-05-27 01:00:00+00:00,0.0
3116,2013-05-27 01:30:00+00:00,0.0
3116,2013-05-27 02:00:00+00:00,0.0
3116,2013-05-27 02:30:00+00:00,0.0
3116,2013-05-27 03:00:00+00:00,0.0
3116,2013-05-27 03:30:00+00:00,0.0
3116,2013-05-27 04:00:00+00:00,0.04
3116,2013-05-27 04:30:00+00:00,3.66
3116,2013-05-27 05:00:00+00:00,21.29
3116,2013-05-27 05:30:00+00:00,57.93
3116,2013-05-27 06:00:00+00:00,160.53
3116,2013-05-27 06:30:00+00:00,368.04
3116,2013-05-27 07:00:00+00:00,568.45
3116,2013-05-27 07:30:00+00:00,752.45
3116,2013-05-27 08:00:00+00:00,916.55
3116,2013-05-27 08:30:00+00:00,1063.6
3116,2013-05-27 09:00:00+00:00,1172.2
3116,2013-05-27 09:30:00+00:00,1273.1
3116,2013-05-27 10:00:00+00:00,1354.6
3116,2013-05-27 10:30:00+00:00,1440.85
3116,2013-05-27 11:00:00+00:00,1211.35
3116,2013-05-27 11:30:00+00:00,1449.95
3116,2013-05-27 12:00:00+00:00,1305.6
3116,2013-05-27 12:30:00+00:00,1187.7
3116,2013-05-27 13:00:00+00:00,1511.85
3116,2013-05-27 13:30:00+00:00,1455.75
3116,2013-05-27 14:00:00+00:00,1218.85
3116,2013-05-27 14:30:00+00:00,1152.55
3116,2013-05-27 15:00:00+00:00,1090.4
3116,2013-05-27 15:30:00+00:00,955.95
3116,2013-05-27 16:00:00+00:00,842.75
3116,2013-05-27 16:30:00+00:00,440.1
3116,2013-05-27 17:00:00+00:00,448.94
3116,2013-05-27 17:30:00+00:00,321.22
3116,2013-05-27 18:00:00+00:00,134.05
3116,2013-05-27 18:30:00+00:00,41.55
3116,2013-05-27 19:00:00+00:00,23.77
3116,2013-05-27 19:30:00+00:00,7.31
3116,2013-05-27 20:00:00+00:00,0.52
3116,2013-05-27 20:30:00+00:00,0.0
3116,2013-05-27 21:00:00+00:00,0.0
3116,2013-05-27 21:30:00+00:00,0.0
3116,2013-05-27 22:00:00+00:00,0.0
3116,2013-05-27 22:30:00+00:00,0.0
3116,2013-05-27 23:00:00+00:00,0.0
3116,2013-05-27 23:30:00+00:00,0.0
3116,2013-05-28 00:00:00+00:00,0.0
3116,2013-05-28 00:30:00+00:00,0.0
3116,2013-05-28 01:00:00+00:00,0.0
3116,2013-05-28 01:30:00+00:00,0.0
3116,2013-05-28 02:00:00+00:00,0.0
3116,2013-05-28 02:30:00+00:00,0.0
3116,2013-05-28 03:00:00+00:00,0.0
3116,2013-05-28 03:30:00+00:00,0.0
3116,2013-05-28 04:00:00+00:00,0.0
3116,2013-05-28 04:30:00+00:00,0.03
3116,2013-05-28 05:00:00+00:00,12.69
3116,2013-05-28 05:30:00+00:00,39.67
3116,2013-05-28 06:00:00+00:00,37.91
3116,2013-05-28 06:30:00+00:00,61.38
3116,2013-05-28 07:00:00+00:00,108.36
3116,2013-05-28 07:30:00+00:00,67.42
3116,2013-05-28 08:00:00+00:00,154.47
3116,2013-05-28 08:30:00+00:00,179.1
3116,2013-05-28 09:00:00+00:00,227.41
3116,2013-05-28 09:30:00+00:00,326.19
3116,2013-05-28 10:00:00+00:00,301.05
3116,2013-05-28 10:30:00+00:00,300.03
3116,2013-05-28 11:00:00+00:00,186.3
3116,2013-05-28 11:30:00+00:00,180.76
3116,2013-05-28 12:00:00+00:00,142.37
3116,2013-05-28 12:30:00+00:00,149.87
3116,2013-05-28 13:00:00+00:00,137.56
3116,2013-05-28 13:30:00+00:00,56.2
3116,2013-05-28 14:00:00+00:00,109.61
3116,2013-05-28 14:30:00+00:00,168.21
3116,2013-05-28 15:00:00+00:00,193.04
3116,2013-05-28 15:30:00+00:00,284.8
3116,2013-05-28 16:00:00+00:00,326.21
3116,2013-05-28 16:30:00+00:00,386.28
3116,2013-05-28 17:00:00+00:00,304.61
3116,2013-05-28 17:30:00+00:00,87.26
3116,2013-05-28 18:00:00+00:00,106.35
3116,2013-05-28 18:30:00+00:00,46.84
3116,2013-05-28 19:00:00+00:00,58.84
3116,2013-05-28 19:30:00+00:00,33.86
3116,2013-05-28 20:00:00+00:00,2.67
3116,2013-05-28 20:30:00+00:00,0.0
3116,2013-05-28 21:00:00+00:00,0.0
3116,2013-05-28 21:30:00+00:00,0.0
3116,2013-05-28 22:00:00+00:00,0.0
3116,2013-05-28 22:30:00+00:00,0.0
3116,2013-05-28 23:00:00+00:00,0.0
3116,2013-05-28 23:30:00+00:00,0.0
3116,2013-05-29 00:00:00+00:00,0.0
3116,2013-05-29 00:30:00+00:00,0.0
3116,2013-05-29 01:00:00+00:00,0.0
3116,2013-05-29 01:30:00+00:00,0.0
3116,2013-05-29 02:00:00+00:00,0.0
3116,2013-05-29 02:30:00+00:00,0.0
3116,2013-05-29 03:00:00+00:00,0.0
3116,2013-05-29 03:30:00+00:00,0.0
3116,2013-05-29 04:00:00+00:00,0.01
3116,2013-05-29 04:30:00+00:00,9.1
3116,2013-05-29 05:00:00+00:00,50.15
3116,2013-05-29 05:30:00+00:00,72.57
3116,2013-05-29 06:00:00+00:00,98.58
3116,2013-05-29 06:30:00+00:00,186.02
3116,2013-05-29 07:00:00+00:00,207.53
3116,2013-05-29 07:30:00+00:00,202.55
3116,2013-05-29 08:00:00+00:00,239.97
3116,2013-05-29 08:30:00+00:00,233.09
3116,2013-05-29 09:00:00+00:00,323.16
3116,2013-05-29 09:30:00+00:00,228.36
3116,2013-05-29 10:00:00+00:00,158.19
3116,2013-05-29 10:30:00+00:00,109.7
3116,2013-05-29 11:00:00+00:00,110.28
3116,2013-05-29 11:30:00+00:00,83.71
3116,2013-05-29 12:00:00+00:00,135.08
3116,2013-05-29 12:30:00+00:00,110.15
3116,2013-05-29 13:00:00+00:00,195.84
3116,2013-05-29 13:30:00+00:00,353.62
3116,2013-05-29 14:00:00+00:00,168.75
3116,2013-05-29 14:30:00+00:00,136.75
3116,2013-05-29 15:00:00+00:00,84.09
3116,2013-05-29 15:30:00+00:00,84.53
3116,2013-05-29 16:00:00+00:00,73.45
3116,2013-05-29 16:30:00+00:00,110.07
3116,2013-05-29 17:00:00+00:00,57.75
3116,2013-05-29 17:30:00+00:00,157.28
3116,2013-05-29 18:00:00+00:00,110.14
3116,2013-05-29 18:30:00+00:00,51.75
3116,2013-05-29 19:00:00+00:00,24.6
3116,2013-05-29 19:30:00+00:00,15.12
3116,2013-05-29 20:00:00+00:00,0.0
3116,2013-05-29 20:30:00+00:00,0.0
3116,2013-05-29 21:00:00+00:00,0.0
3116,2013-05-29 21:30:00+00:00,0.0
3116,2013-05-29 22:00:00+00:00,0.0
3116,2013-05-29 22:30:00+00:00,0.0
3116,2013-05-29 23:00:00+00:00,0.0
3116,2013-05-29 23:30:00+00:00,0.0
3116,2013-05-30 00:00:00+00:00,0.0
3116,2013-05-30 00:30:00+00:00,0.0
3116,2013-05-30 01:00:00+00:00,0.0
3116,2013-05-30 01:30:00+00:00,0.0
3116,2013-05-30 02:00:00+00:00,0.0
3116,2013-05-30 02:30:00+00:00,0.0
3116,2013-05-30 03:00:00+00:00,0.0
3116,2013-05-30 03:30:00+00:00,0.0
3116,2013-05-30 04:00:00+00:00,0.0
3116,2013-05-30 04:30:00+00:00,0.02
3116,2013-05-30 05:00:00+00:00,0.31
3116,2013-05-30 05:30:00+00:00,27.66
3116,2013-05-30 06:00:00+00:00,79.2
3116,2013-05-30 06:30:00+00:00,88.04
3116,2013-05-30 07:00:00+00:00,81.59
3116,2013-05-30 07:30:00+00:00,267.13
3116,2013-05-30 08:00:00+00:00,170.57
3116,2013-05-30 08:30:00+00:00,152.42
3116,2013-05-30 09:00:00+00:00,139.85
3116,2013-05-30 09:30:00+00:00,197.45
3116,2013-05-30 10:00:00+00:00,243.1
3116,2013-05-30 10:30:00+00:00,246.44
3116,2013-05-30 11:00:00+00:00,210.31
3116,2013-05-30 11:30:00+00:00,331.38
3116,2013-05-30 12:00:00+00:00,270.81
3116,2013-05-30 12:30:00+00:00,189.41
3116,2013-05-30 13:00:00+00:00,197.05
3116,2013-05-30 13:30:00+00:00,245.88
3116,2013-05-30 14:00:00+00:00,277.96
3116,2013-05-30 14:30:00+00:00,222.7
3116,2013-05-30 15:00:00+00:00,148.56
3116,2013-05-30 15:30:00+00:00,144.96
3116,2013-05-30 16:00:00+00:00,80.81
3116,2013-05-30 16:30:00+00:00,85.11
3116,2013-05-30 17:00:00+00:00,81.53
3116,2013-05-30 17:30:00+00:00,88.82
3116,2013-05-30 18:00:00+00:00,76.56
3116,2013-05-30 18:30:00+00:00,19.28
3116,2013-05-30 19:00:00+00:00,8.97
3116,2013-05-30 19:30:00+00:00,0.64
3116,2013-05-30 20:00:00+00:00,0.0
3116,2013-05-30 20:30:00+00:00,0.0
3116,2013-05-30 21:00:00+00:00,0.0
3116,2013-05-30 21:30:00+00:00,0.0
3116,2013-05-30 22:00:00+00:00,0.0
3116,2013-05-30 22:30:00+00:00,0.0
3116,2013-05-30 23:00:00+00:00,0.0
3116,2013-05-30 23:30:00+00:00,0.0
3116,2013-05-31 00:00:00+00:00,0.0
3116,2013-05-31 00:30:00+00:00,0.0
3116,2013-05-31 01:00:00+00:00,0.0
3116,2013-05-31 01:30:00+00:00,0.0
3116,2013-05-31 02:00:00+00:00,0.0
3116,2013-05-31 02:30:00+00:00,0.0
3116,2013-05-31 03:00:00+00:00,0.0
3116,2013-05-31 03:30:00+00:00,0.0
3116,2013-05-31 04:00:00+00:00,0.0
3116,2013-05-31 04:30:00+00:00,0.06
3116,2013-05-31 05:00:00+00:00,2.24
3116,2013-05-31 05:30:00+00:00,12.67
3116,2013-05-31 06:00:00+00:00,20.94
3116,2013-05-31 06:30:00+00:00,34.41
3116,2013-05-31 07:00:00+00:00,79.5
3116,2013-05-31 07:30:00+00:00,204.14
3116,2013-05-31 08:00:00+00:00,322.69
3116,2013-05-31 08:30:00+00:00,177.7
3116,2013-05-31 09:00:00+00:00,211.54
3116,2013-05-31 09:30:00+00:00,321.58
3116,2013-05-31 10:00:00+00:00,412.03
3116,2013-05-31 10:30:00+00:00,517.75
3116,2013-05-31 11:00:00+00:00,871.6
3116,2013-05-31 11:30:00+00:00,979.4
3116,2013-05-31 12:00:00+00:00,1386.85
3116,2013-05-31 12:30:00+00:00,1161.1
3116,2013-05-31 13:00:00+00:00,1120.2
3116,2013-05-31 13:30:00+00:00,965.25
3116,2013-05-31 14:00:00+00:00,1017.2
3116,2013-05-31 14:30:00+00:00,796.25
3116,2013-05-31 15:00:00+00:00,630.55
3116,2013-05-31 15:30:00+00:00,827.6
3116,2013-05-31 16:00:00+00:00,646.2
3116,2013-05-31 16:30:00+00:00,437.38
3116,2013-05-31 17:00:00+00:00,404.49
3116,2013-05-31 17:30:00+00:00,192.19
3116,2013-05-31 18:00:00+00:00,124.64
3116,2013-05-31 18:30:00+00:00,70.8
3116,2013-05-31 19:00:00+00:00,41.23
3116,2013-05-31 19:30:00+00:00,13.08
3116,2013-05-31 20:00:00+00:00,1.09
3116,2013-05-31 20:30:00+00:00,0.0
3116,2013-05-31 21:00:00+00:00,0.0
3116,2013-05-31 21:30:00+00:00,0.0
3116,2013-05-31 22:00:00+00:00,0.0
3116,2013-05-31 22:30:00+00:00,0.0
3116,2013-05-31 23:00:00+00:00,0.0
3116,2013-05-31 23:30:00+00:00,0.0
3116,2013-06-01 00:30:00+00:00,0.0
3116,2013-06-01 01:00:00+00:00,0.0
3116,2013-06-01 01:30:00+00:00,0.0
3116,2013-06-01 02:00:00+00:00,0.0
3116,2013-06-01 02:30:00+00:00,0.0
3116,2013-06-01 03:00:00+00:00,0.0
3116,2013-06-01 03:30:00+00:00,0.0
3116,2013-06-01 04:00:00+00:00,0.04
3116,2013-06-01 04:30:00+00:00,4.44
3116,2013-06-01 05:00:00+00:00,41.76
3116,2013-06-01 05:30:00+00:00,62.17
3116,2013-06-01 06:00:00+00:00,104.9
3116,2013-06-01 06:30:00+00:00,179.4
3116,2013-06-01 07:00:00+00:00,330.56
3116,2013-06-01 07:30:00+00:00,335.4
3116,2013-06-01 08:00:00+00:00,550.9
3116,2013-06-01 08:30:00+00:00,904.6
3116,2013-06-01 09:00:00+00:00,474.6
3116,2013-06-01 09:30:00+00:00,325.59
3116,2013-06-01 10:00:00+00:00,362.74
3116,2013-06-01 10:30:00+00:00,853.85
3116,2013-06-01 11:00:00+00:00,763.2
3116,2013-06-01 11:30:00+00:00,470.29
3116,2013-06-01 12:00:00+00:00,697.45
3116,2013-06-01 12:30:00+00:00,416.67
3116,2013-06-01 13:00:00+00:00,555.1
3116,2013-06-01 13:30:00+00:00,432.53
3116,2013-06-01 14:00:00+00:00,312.13
3116,2013-06-01 14:30:00+00:00,375.15
3116,2013-06-01 15:00:00+00:00,425.12
3116,2013-06-01 15:30:00+00:00,406.84
3116,2013-06-01 16:00:00+00:00,339.59
3116,2013-06-01 16:30:00+00:00,102.26
3116,2013-06-01 17:00:00+00:00,143.26
3116,2013-06-01 17:30:00+00:00,305.65
3116,2013-06-01 18:00:00+00:00,190.62
3116,2013-06-01 18:30:00+00:00,108.51
3116,2013-06-01 19:00:00+00:00,54.08
3116,2013-06-01 19:30:00+00:00,17.77
3116,2013-06-01 20:00:00+00:00,0.05
3116,2013-06-01 20:30:00+00:00,0.0
3116,2013-06-01 21:00:00+00:00,0.0
3116,2013-06-01 21:30:00+00:00,0.0
3116,2013-06-01 22:00:00+00:00,0.0
3116,2013-06-01 22:30:00+00:00,0.0
3116,2013-06-01 23:00:00+00:00,0.0
3116,2013-06-01 23:30:00+00:00,0.0
3116,2013-06-02 00:00:00+00:00,0.0
3116,2013-06-02 00:30:00+00:00,0.0
3116,2013-06-02 01:00:00+00:00,0.0
3116,2013-06-02 01:30:00+00:00,0.0
3116,2013-06-02 02:00:00+00:00,0.0
3116,2013-06-02 02:30:00+00:00,0.0
3116,2013-06-02 03:00:00+00:00,0.0
3116,2013-06-02 03:30:00+00:00,0.0
3116,2013-06-02 04:00:00+00:00,0.05
3116,2013-06-02 04:30:00+00:00,4.22
3116,2013-06-02 05:00:00+00:00,27.65
3116,2013-06-02 05:30:00+00:00,79.78
3116,2013-06-02 06:00:00+00:00,237.31
3116,2013-06-02 06:30:00+00:00,207.34
3116,2013-06-02 07:00:00+00:00,328.23
3116,2013-06-02 07:30:00+00:00,662.85
3116,2013-06-02 08:00:00+00:00,883.9
3116,2013-06-02 08:30:00+00:00,1023.45
3116,2013-06-02 09:00:00+00:00,1145.35
3116,2013-06-02 09:30:00+00:00,1257.2
3116,2013-06-02 10:00:00+00:00,1321.95
3116,2013-06-02 10:30:00+00:00,1357.75
3116,2013-06-02 11:00:00+00:00,1326.15
3116,2013-06-02 11:30:00+00:00,769.6
3116,2013-06-02 12:00:00+00:00,669.75
3116,2013-06-02 12:30:00+00:00,836.15
3116,2013-06-02 13:00:00+00:00,813.55
3116,2013-06-02 13:30:00+00:00,1021.7
3116,2013-06-02 14:00:00+00:00,1004.9
3116,2013-06-02 14:30:00+00:00,994.35
3116,2013-06-02 15:00:00+00:00,699.4
3116,2013-06-02 15:30:00+00:00,601.85
3116,2013-06-02 16:00:00+00:00,512.35
3116,2013-06-02 16:30:00+00:00,653.85
3116,2013-06-02 17:00:00+00:00,465.35
3116,2013-06-02 17:30:00+00:00,288.11
3116,2013-06-02 18:00:00+00:00,130.11
3116,2013-06-02 18:30:00+00:00,74.13
3116,2013-06-02 19:00:00+00:00,44.26
3116,2013-06-02 19:30:00+00:00,22.75
3116,2013-06-02 20:00:00+00:00,3.83
3116,2013-06-02 20:30:00+00:00,0.0
3116,2013-06-02 21:00:00+00:00,0.0
3116,2013-06-02 21:30:00+00:00,0.0
3116,2013-06-02 22:00:00+00:00,0.0
3116,2013-06-02 22:30:00+00:00,0.0
3116,2013-06-02 23:00:00+00:00,0.0
3116,2013-06-02 23:30:00+00:00,0.0
3116,2013-06-03 00:00:00+00:00,0.0
3116,2013-06-03 00:30:00+00:00,0.0
3116,2013-06-03 01:00:00+00:00,0.0
3116,2013-06-03 01:30:00+00:00,0.0
3116,2013-06-03 02:00:00+00:00,0.0
3116,2013-06-03 02:30:00+00:00,0.0
3116,2013-06-03 03:00:00+00:00,0.0
3116,2013-06-03 03:30:00+00:00,0.0
3116,2013-06-03 04:00:00+00:00,0.01
3116,2013-06-03 04:30:00+00:00,6.55
3116,2013-06-03 05:00:00+00:00,39.48
3116,2013-06-03 05:30:00+00:00,104.97
3116,2013-06-03 06:00:00+00:00,201.43
3116,2013-06-03 06:30:00+00:00,358.13
3116,2013-06-03 07:00:00+00:00,569.75
3116,2013-06-03 07:30:00+00:00,623.45
3116,2013-06-03 08:00:00+00:00,884.2
3116,2013-06-03 08:30:00+00:00,1036.75
3116,2013-06-03 09:00:00+00:00,1072.8
3116,2013-06-03 09:30:00+00:00,1210.05
3116,2013-06-03 10:00:00+00:00,1230.6
3116,2013-06-03 10:30:00+00:00,1119.1
3116,2013-06-03 11:00:00+00:00,1337.85
3116,2013-06-03 11:30:00+00:00,1411.8
3116,2013-06-03 12:00:00+00:00,762.4
3116,2013-06-03 12:30:00+00:00,964.05
3116,2013-06-03 13:00:00+00:00,1219.5
3116,2013-06-03 13:30:00+00:00,1250.8
3116,2013-06-03 14:00:00+00:00,1264.95
3116,2013-06-03 14:30:00+00:00,1206.1
3116,2013-06-03 15:00:00+00:00,1096.25
3116,2013-06-03 15:30:00+00:00,958.05
3116,2013-06-03 16:00:00+00:00,822.4
3116,2013-06-03 16:30:00+00:00,583.1
3116,2013-06-03 17:00:00+00:00,395.75
3116,2013-06-03 17:30:00+00:00,306.8
3116,2013-06-03 18:00:00+00:00,185.9
3116,2013-06-03 18:30:00+00:00,130.98
3116,2013-06-03 19:00:00+00:00,67.69
3116,2013-06-03 19:30:00+00:00,27.85
3116,2013-06-03 20:00:00+00:00,4.19
3116,2013-06-03 20:30:00+00:00,0.0
3116,2013-06-03 21:00:00+00:00,0.0
3116,2013-06-03 21:30:00+00:00,0.0
3116,2013-06-03 22:00:00+00:00,0.0
3116,2013-06-03 22:30:00+00:00,0.0
3116,2013-06-03 23:00:00+00:00,0.0
3116,2013-06-03 23:30:00+00:00,0.0
3116,2013-06-04 00:00:00+00:00,0.0
3116,2013-06-04 00:30:00+00:00,0.0
3116,2013-06-04 01:00:00+00:00,0.0
3116,2013-06-04 01:30:00+00:00,0.0
3116,2013-06-04 02:00:00+00:00,0.0
3116,2013-06-04 02:30:00+00:00,0.0
3116,2013-06-04 03:00:00+00:00,0.0
3116,2013-06-04 03:30:00+00:00,0.0
3116,2013-06-04 04:00:00+00:00,0.06
3116,2013-06-04 04:30:00+00:00,13.1
3116,2013-06-04 05:00:00+00:00,44.62
3116,2013-06-04 05:30:00+00:00,86.7
3116,2013-06-04 06:00:00+00:00,171.16
3116,2013-06-04 06:30:00+00:00,367.34
3116,2013-06-04 07:00:00+00:00,560.3
3116,2013-06-04 07:30:00+00:00,739.85
3116,2013-06-04 08:00:00+00:00,892.45
3116,2013-06-04 08:30:00+00:00,1033.0
3116,2013-06-04 09:00:00+00:00,1149.5
3116,2013-06-04 09:30:00+00:00,1249.8
3116,2013-06-04 10:00:00+00:00,1281.35
3116,2013-06-04 10:30:00+00:00,1281.5
3116,2013-06-04 11:00:00+00:00,1311.15
3116,2013-06-04 11:30:00+00:00,1424.25
3116,2013-06-04 12:00:00+00:00,1448.45
3116,2013-06-04 12:30:00+00:00,1425.25
3116,2013-06-04 13:00:00+00:00,1361.25
3116,2013-06-04 13:30:00+00:00,1325.8
3116,2013-06-04 14:00:00+00:00,1249.8
3116,2013-06-04 14:30:00+00:00,1172.4
3116,2013-06-04 15:00:00+00:00,1028.25
3116,2013-06-04 15:30:00+00:00,907.95
3116,2013-06-04 16:00:00+00:00,770.55
3116,2013-06-04 16:30:00+00:00,578.95
3116,2013-06-04 17:00:00+00:00,362.7
3116,2013-06-04 17:30:00+00:00,225.24
3116,2013-06-04 18:00:00+00:00,92.92
3116,2013-06-04 18:30:00+00:00,60.61
3116,2013-06-04 19:00:00+00:00,43.46
3116,2013-06-04 19:30:00+00:00,26.6
3116,2013-06-04 20:00:00+00:00,5.02
3116,2013-06-04 20:30:00+00:00,0.0
3116,2013-06-04 21:00:00+00:00,0.0
3116,2013-06-04 21:30:00+00:00,0.0
3116,2013-06-04 22:00:00+00:00,0.0
3116,2013-06-04 22:30:00+00:00,0.0
3116,2013-06-04 23:00:00+00:00,0.0
3116,2013-06-04 23:30:00+00:00,0.0
3116,2013-06-05 00:00:00+00:00,0.0
3116,2013-06-05 00:30:00+00:00,0.0
3116,2013-06-05 01:00:00+00:00,0.0
3116,2013-06-05 01:30:00+00:00,0.0
3116,2013-06-05 02:00:00+00:00,0.0
3116,2013-06-05 02:30:00+00:00,0.0
3116,2013-06-05 03:00:00+00:00,0.0
3116,2013-06-05 03:30:00+00:00,0.0
3116,2013-06-05 04:00:00+00:00,0.04
3116,2013-06-05 04:30:00+00:00,1.74
3116,2013-06-05 05:00:00+00:00,28.25
3116,2013-06-05 05:30:00+00:00,55.96
3116,2013-06-05 06:00:00+00:00,96.78
3116,2013-06-05 06:30:00+00:00,146.51
3116,2013-06-05 07:00:00+00:00,297.84
3116,2013-06-05 07:30:00+00:00,685.9
3116,2013-06-05 08:00:00+00:00,775.85
3116,2013-06-05 08:30:00+00:00,811.25
3116,2013-06-05 09:00:00+00:00,1033.1
3116,2013-06-05 09:30:00+00:00,1223.55
3116,2013-06-05 10:00:00+00:00,1297.05
3116,2013-06-05 10:30:00+00:00,1346.25
3116,2013-06-05 11:00:00+00:00,1387.2
3116,2013-06-05 11:30:00+00:00,1409.2
3116,2013-06-05 12:00:00+00:00,1395.55
3116,2013-06-05 12:30:00+00:00,1375.1
3116,2013-06-05 13:00:00+00:00,1342.05
3116,2013-06-05 13:30:00+00:00,1273.2
3116,2013-06-05 14:00:00+00:00,1236.1
3116,2013-06-05 14:30:00+00:00,1145.5
3116,2013-06-05 15:00:00+00:00,1039.6
3116,2013-06-05 15:30:00+00:00,916.3
3116,2013-06-05 16:00:00+00:00,768.4
3116,2013-06-05 16:30:00+00:00,600.1
3116,2013-06-05 17:00:00+00:00,420.25
3116,2013-06-05 17:30:00+00:00,249.23
3116,2013-06-05 18:00:00+00:00,110.38
3116,2013-06-05 18:30:00+00:00,49.9
3116,2013-06-05 19:00:00+00:00,35.72
3116,2013-06-05 19:30:00+00:00,18.85
3116,2013-06-05 20:00:00+00:00,3.22
3116,2013-06-05 20:30:00+00:00,0.0
3116,2013-06-05 21:00:00+00:00,0.0
3116,2013-06-05 21:30:00+00:00,0.0
3116,2013-06-05 22:00:00+00:00,0.0
3116,2013-06-05 22:30:00+00:00,0.0
3116,2013-06-05 23:00:00+00:00,0.0
3116,2013-06-05 23:30:00+00:00,0.0
3116,2013-06-06 00:00:00+00:00,0.0
3116,2013-06-06 00:30:00+00:00,0.0
3116,2013-06-06 01:00:00+00:00,0.0
3116,2013-06-06 01:30:00+00:00,0.0
3116,2013-06-06 02:00:00+00:00,0.0
3116,2013-06-06 02:30:00+00:00,0.0
3116,2013-06-06 03:00:00+00:00,0.0
3116,2013-06-06 03:30:00+00:00,0.0
3116,2013-06-06 04:00:00+00:00,0.01
3116,2013-06-06 04:30:00+00:00,8.76
3116,2013-06-06 05:00:00+00:00,39.3
3116,2013-06-06 05:30:00+00:00,79.93
3116,2013-06-06 06:00:00+00:00,140.92
3116,2013-06-06 06:30:00+00:00,265.29
3116,2013-06-06 07:00:00+00:00,353.07
3116,2013-06-06 07:30:00+00:00,651.6
3116,2013-06-06 08:00:00+00:00,841.15
3116,2013-06-06 08:30:00+00:00,981.1
3116,2013-06-06 09:00:00+00:00,1091.5
3116,2013-06-06 09:30:00+00:00,1180.1
3116,2013-06-06 10:00:00+00:00,1257.35
3116,2013-06-06 10:30:00+00:00,1318.9
3116,2013-06-06 11:00:00+00:00,1353.4
3116,2013-06-06 11:30:00+00:00,1371.15
3116,2013-06-06 12:00:00+00:00,1364.95
3116,2013-06-06 12:30:00+00:00,1343.35
3116,2013-06-06 13:00:00+00:00,1311.2
3116,2013-06-06 13:30:00+00:00,1266.35
3116,2013-06-06 14:00:00+00:00,1205.75
3116,2013-06-06 14:30:00+00:00,1116.85
3116,2013-06-06 15:00:00+00:00,1016.4
3116,2013-06-06 15:30:00+00:00,890.95
3116,2013-06-06 16:00:00+00:00,738.5
3116,2013-06-06 16:30:00+00:00,578.8
3116,2013-06-06 17:00:00+00:00,413.48
3116,2013-06-06 17:30:00+00:00,253.92
3116,2013-06-06 18:00:00+00:00,126.11
3116,2013-06-06 18:30:00+00:00,63.79
3116,2013-06-06 19:00:00+00:00,43.39
3116,2013-06-06 19:30:00+00:00,23.88
3116,2013-06-06 20:00:00+00:00,3.98
3116,2013-06-06 20:30:00+00:00,0.0
3116,2013-06-06 21:00:00+00:00,0.0
3116,2013-06-06 21:30:00+00:00,0.0
3116,2013-06-06 22:00:00+00:00,0.0
3116,2013-06-06 22:30:00+00:00,0.0
3116,2013-06-06 23:00:00+00:00,0.0
3116,2013-06-06 23:30:00+00:00,0.0
3116,2013-06-07 00:00:00+00:00,0.0
3116,2013-06-07 00:30:00+00:00,0.0
3116,2013-06-07 01:00:00+00:00,0.0
3116,2013-06-07 01:30:00+00:00,0.0
3116,2013-06-07 02:00:00+00:00,0.0
3116,2013-06-07 02:30:00+00:00,0.0
3116,2013-06-07 03:00:00+00:00,0.0
3116,2013-06-07 03:30:00+00:00,0.0
3116,2013-06-07 04:00:00+00:00,7.37
3116,2013-06-07 04:30:00+00:00,53.82
3116,2013-06-07 05:00:00+00:00,46.1
3116,2013-06-07 05:30:00+00:00,35.73
3116,2013-06-07 06:00:00+00:00,77.32
3116,2013-06-07 06:30:00+00:00,84.17
3116,2013-06-07 07:00:00+00:00,121.05
3116,2013-06-07 07:30:00+00:00,166.61
3116,2013-06-07 08:00:00+00:00,222.95
3116,2013-06-07 08:30:00+00:00,286.72
3116,2013-06-07 09:00:00+00:00,659.0
3116,2013-06-07 09:30:00+00:00,1160.2
3116,2013-06-07 10:00:00+00:00,1229.5
3116,2013-06-07 10:30:00+00:00,1303.2
3116,2013-06-07 11:00:00+00:00,1336.2
3116,2013-06-07 11:30:00+00:00,1371.05
3116,2013-06-07 12:00:00+00:00,1374.5
3116,2013-06-07 12:30:00+00:00,1317.0
3116,2013-06-07 13:00:00+00:00,1031.6
3116,2013-06-07 13:30:00+00:00,1089.6
3116,2013-06-07 14:00:00+00:00,1194.65
3116,2013-06-07 14:30:00+00:00,961.8
3116,2013-06-07 15:00:00+00:00,427.02
3116,2013-06-07 15:30:00+00:00,379.26
3116,2013-06-07 16:00:00+00:00,531.8
3116,2013-06-07 16:30:00+00:00,434.25
3116,2013-06-07 17:00:00+00:00,414.72
3116,2013-06-07 17:30:00+00:00,289.89
3116,2013-06-07 18:00:00+00:00,136.78
3116,2013-06-07 18:30:00+00:00,83.8
3116,2013-06-07 19:00:00+00:00,52.07
3116,2013-06-07 19:30:00+00:00,29.0
3116,2013-06-07 20:00:00+00:00,5.44
3116,2013-06-07 20:30:00+00:00,0.0
3116,2013-06-07 21:00:00+00:00,0.0
3116,2013-06-07 21:30:00+00:00,0.0
3116,2013-06-07 22:00:00+00:00,0.0
3116,2013-06-07 22:30:00+00:00,0.0
3116,2013-06-07 23:00:00+00:00,0.0
3116,2013-06-07 23:30:00+00:00,0.0
3116,2013-06-08 00:00:00+00:00,0.0
3116,2013-06-08 00:30:00+00:00,0.0
3116,2013-06-08 01:00:00+00:00,0.0
3116,2013-06-08 01:30:00+00:00,0.0
3116,2013-06-08 02:00:00+00:00,0.0
3116,2013-06-08 02:30:00+00:00,0.0
3116,2013-06-08 03:00:00+00:00,0.0
3116,2013-06-08 03:30:00+00:00,0.0
3116,2013-06-08 04:00:00+00:00,0.06
3116,2013-06-08 04:30:00+00:00,2.87
3116,2013-06-08 05:00:00+00:00,23.78
3116,2013-06-08 05:30:00+00:00,58.22
3116,2013-06-08 06:00:00+00:00,106.09
3116,2013-06-08 06:30:00+00:00,145.46
3116,2013-06-08 07:00:00+00:00,193.74
3116,2013-06-08 07:30:00+00:00,274.55
3116,2013-06-08 08:00:00+00:00,372.52
3116,2013-06-08 08:30:00+00:00,432.26
3116,2013-06-08 09:00:00+00:00,363.61
3116,2013-06-08 09:30:00+00:00,448.72
3116,2013-06-08 10:00:00+00:00,892.4
3116,2013-06-08 10:30:00+00:00,1032.15
3116,2013-06-08 11:00:00+00:00,1048.7
3116,2013-06-08 11:30:00+00:00,946.85
3116,2013-06-08 12:00:00+00:00,1150.35
3116,2013-06-08 12:30:00+00:00,820.55
3116,2013-06-08 13:00:00+00:00,797.15
3116,2013-06-08 13:30:00+00:00,955.65
3116,2013-06-08 14:00:00+00:00,930.0
3116,2013-06-08 14:30:00+00:00,941.2
3116,2013-06-08 15:00:00+00:00,933.5
3116,2013-06-08 15:30:00+00:00,818.4
3116,2013-06-08 16:00:00+00:00,693.05
3116,2013-06-08 16:30:00+00:00,596.75
3116,2013-06-08 17:00:00+00:00,434.49
3116,2013-06-08 17:30:00+00:00,315.66
3116,2013-06-08 18:00:00+00:00,136.25
3116,2013-06-08 18:30:00+00:00,74.38
3116,2013-06-08 19:00:00+00:00,42.11
3116,2013-06-08 19:30:00+00:00,12.57
3116,2013-06-08 20:00:00+00:00,0.13
3116,2013-06-08 20:30:00+00:00,0.0
3116,2013-06-08 21:00:00+00:00,0.0
3116,2013-06-08 21:30:00+00:00,0.0
3116,2013-06-08 22:00:00+00:00,0.0
3116,2013-06-08 22:30:00+00:00,0.0
3116,2013-06-08 23:00:00+00:00,0.0
3116,2013-06-08 23:30:00+00:00,0.0
3116,2013-06-09 00:00:00+00:00,0.0
3116,2013-06-09 00:30:00+00:00,0.0
3116,2013-06-09 01:00:00+00:00,0.0
3116,2013-06-09 01:30:00+00:00,0.0
3116,2013-06-09 02:00:00+00:00,0.0
3116,2013-06-09 02:30:00+00:00,0.0
3116,2013-06-09 03:00:00+00:00,0.0
3116,2013-06-09 03:30:00+00:00,0.0
3116,2013-06-09 04:00:00+00:00,0.01
3116,2013-06-09 04:30:00+00:00,0.03
3116,2013-06-09 05:00:00+00:00,5.76
3116,2013-06-09 05:30:00+00:00,24.72
3116,2013-06-09 06:00:00+00:00,51.16
3116,2013-06-09 06:30:00+00:00,62.76
3116,2013-06-09 07:00:00+00:00,69.45
3116,2013-06-09 07:30:00+00:00,109.67
3116,2013-06-09 08:00:00+00:00,98.14
3116,2013-06-09 08:30:00+00:00,138.36
3116,2013-06-09 09:00:00+00:00,239.25
3116,2013-06-09 09:30:00+00:00,245.05
3116,2013-06-09 10:00:00+00:00,307.59
3116,2013-06-09 10:30:00+00:00,260.61
3116,2013-06-09 11:00:00+00:00,317.34
3116,2013-06-09 11:30:00+00:00,298.29
3116,2013-06-09 12:00:00+00:00,291.38
3116,2013-06-09 12:30:00+00:00,265.92
3116,2013-06-09 13:00:00+00:00,334.02
3116,2013-06-09 13:30:00+00:00,335.98
3116,2013-06-09 14:00:00+00:00,364.43
3116,2013-06-09 14:30:00+00:00,337.18
3116,2013-06-09 15:00:00+00:00,363.49
3116,2013-06-09 15:30:00+00:00,269.39
3116,2013-06-09 16:00:00+00:00,204.81
3116,2013-06-09 16:30:00+00:00,164.3
3116,2013-06-09 17:00:00+00:00,136.17
3116,2013-06-09 17:30:00+00:00,124.42
3116,2013-06-09 18:00:00+00:00,80.08
3116,2013-06-09 18:30:00+00:00,52.92
3116,2013-06-09 19:00:00+00:00,25.68
3116,2013-06-09 19:30:00+00:00,6.72
3116,2013-06-09 20:00:00+00:00,0.0
3116,2013-06-09 20:30:00+00:00,0.0
3116,2013-06-09 21:00:00+00:00,0.0
3116,2013-06-09 21:30:00+00:00,0.0
3116,2013-06-09 22:00:00+00:00,0.0
3116,2013-06-09 22:30:00+00:00,0.0
3116,2013-06-09 23:00:00+00:00,0.0
3116,2013-06-09 23:30:00+00:00,0.0
3116,2013-06-10 00:00:00+00:00,0.0
3116,2013-06-10 00:30:00+00:00,0.0
3116,2013-06-10 01:00:00+00:00,0.0
3116,2013-06-10 01:30:00+00:00,0.0
3116,2013-06-10 02:00:00+00:00,0.0
3116,2013-06-10 02:30:00+00:00,0.0
3116,2013-06-10 03:00:00+00:00,0.0
3116,2013-06-10 03:30:00+00:00,0.0
3116,2013-06-10 04:00:00+00:00,0.0
3116,2013-06-10 04:30:00+00:00,0.04
3116,2013-06-10 05:00:00+00:00,0.46
3116,2013-06-10 05:30:00+00:00,9.63
3116,2013-06-10 06:00:00+00:00,26.2
3116,2013-06-10 06:30:00+00:00,40.23
3116,2013-06-10 07:00:00+00:00,73.11
3116,2013-06-10 07:30:00+00:00,116.76
3116,2013-06-10 08:00:00+00:00,146.15
3116,2013-06-10 08:30:00+00:00,195.28
3116,2013-06-10 09:00:00+00:00,241.21
3116,2013-06-10 09:30:00+00:00,259.49
3116,2013-06-10 10:00:00+00:00,271.64
3116,2013-06-10 10:30:00+00:00,297.38
3116,2013-06-10 11:00:00+00:00,294.27
3116,2013-06-10 11:30:00+00:00,329.02
3116,2013-06-10 12:00:00+00:00,364.99
3116,2013-06-10 12:30:00+00:00,342.16
3116,2013-06-10 13:00:00+00:00,329.03
3116,2013-06-10 13:30:00+00:00,363.95
3116,2013-06-10 14:00:00+00:00,277.76
3116,2013-06-10 14:30:00+00:00,234.68
3116,2013-06-10 15:00:00+00:00,222.67
3116,2013-06-10 15:30:00+00:00,280.83
3116,2013-06-10 16:00:00+00:00,563.85
3116,2013-06-10 16:30:00+00:00,616.25
3116,2013-06-10 17:00:00+00:00,257.09
3116,2013-06-10 17:30:00+00:00,195.97
3116,2013-06-10 18:00:00+00:00,168.33
3116,2013-06-10 18:30:00+00:00,98.16
3116,2013-06-10 19:00:00+00:00,38.69
3116,2013-06-10 19:30:00+00:00,21.43
3116,2013-06-10 20:00:00+00:00,4.48
3116,2013-06-10 20:30:00+00:00,0.0
3116,2013-06-10 21:00:00+00:00,0.0
3116,2013-06-10 21:30:00+00:00,0.0
3116,2013-06-10 22:00:00+00:00,0.0
3116,2013-06-10 22:30:00+00:00,0.0
3116,2013-06-10 23:00:00+00:00,0.0
3116,2013-06-10 23:30:00+00:00,0.0
3116,2013-06-11 00:00:00+00:00,0.0
3116,2013-06-11 00:30:00+00:00,0.0
3116,2013-06-11 01:00:00+00:00,0.0
3116,2013-06-11 01:30:00+00:00,0.0
3116,2013-06-11 02:00:00+00:00,0.0
3116,2013-06-11 02:30:00+00:00,0.0
3116,2013-06-11 03:00:00+00:00,0.0
3116,2013-06-11 03:30:00+00:00,0.0
3116,2013-06-11 04:00:00+00:00,0.84
3116,2013-06-11 04:30:00+00:00,38.46
3116,2013-06-11 05:00:00+00:00,72.97
3116,2013-06-11 05:30:00+00:00,60.88
3116,2013-06-11 06:00:00+00:00,56.61
3116,2013-06-11 06:30:00+00:00,42.8
3116,2013-06-11 07:00:00+00:00,59.82
3116,2013-06-11 07:30:00+00:00,80.72
3116,2013-06-11 08:00:00+00:00,191.53
3116,2013-06-11 08:30:00+00:00,336.57
3116,2013-06-11 09:00:00+00:00,519.85
3116,2013-06-11 09:30:00+00:00,666.35
3116,2013-06-11 10:00:00+00:00,852.45
3116,2013-06-11 10:30:00+00:00,835.35
3116,2013-06-11 11:00:00+00:00,822.95
3116,2013-06-11 11:30:00+00:00,673.25
3116,2013-06-11 12:00:00+00:00,458.63
3116,2013-06-11 12:30:00+00:00,447.01
3116,2013-06-11 13:00:00+00:00,287.47
3116,2013-06-11 13:30:00+00:00,335.07
3116,2013-06-11 14:00:00+00:00,287.32
3116,2013-06-11 14:30:00+00:00,148.24
3116,2013-06-11 15:00:00+00:00,221.96
3116,2013-06-11 15:30:00+00:00,254.15
3116,2013-06-11 16:00:00+00:00,220.83
3116,2013-06-11 16:30:00+00:00,145.24
3116,2013-06-11 17:00:00+00:00,190.47
3116,2013-06-11 17:30:00+00:00,92.05
3116,2013-06-11 18:00:00+00:00,113.53
3116,2013-06-11 18:30:00+00:00,122.05
3116,2013-06-11 19:00:00+00:00,43.9
3116,2013-06-11 19:30:00+00:00,34.46
3116,2013-06-11 20:00:00+00:00,3.71
3116,2013-06-11 20:30:00+00:00,0.0
3116,2013-06-11 21:00:00+00:00,0.0
3116,2013-06-11 21:30:00+00:00,0.0
3116,2013-06-11 22:00:00+00:00,0.0
3116,2013-06-11 22:30:00+00:00,0.0
3116,2013-06-11 23:00:00+00:00,0.0
3116,2013-06-11 23:30:00+00:00,0.0
3116,2013-06-12 00:00:00+00:00,0.0
3116,2013-06-12 00:30:00+00:00,0.0
3116,2013-06-12 01:00:00+00:00,0.0
3116,2013-06-12 01:30:00+00:00,0.0
3116,2013-06-12 02:00:00+00:00,0.0
3116,2013-06-12 02:30:00+00:00,0.0
3116,2013-06-12 03:00:00+00:00,0.0
3116,2013-06-12 03:30:00+00:00,0.0
3116,2013-06-12 04:00:00+00:00,0.02
3116,2013-06-12 04:30:00+00:00,0.0
3116,2013-06-12 05:00:00+00:00,7.51
3116,2013-06-12 05:30:00+00:00,26.92
3116,2013-06-12 06:00:00+00:00,24.7
3116,2013-06-12 06:30:00+00:00,32.28
3116,2013-06-12 07:00:00+00:00,53.04
3116,2013-06-12 07:30:00+00:00,68.48
3116,2013-06-12 08:00:00+00:00,82.92
3116,2013-06-12 08:30:00+00:00,155.05
3116,2013-06-12 09:00:00+00:00,224.74
3116,2013-06-12 09:30:00+00:00,345.87
3116,2013-06-12 10:00:00+00:00,540.2
3116,2013-06-12 10:30:00+00:00,472.19
3116,2013-06-12 11:00:00+00:00,558.8
3116,2013-06-12 11:30:00+00:00,652.7
3116,2013-06-12 12:00:00+00:00,524.15
3116,2013-06-12 12:30:00+00:00,410.21
3116,2013-06-12 13:00:00+00:00,367.3
3116,2013-06-12 13:30:00+00:00,319.69
3116,2013-06-12 14:00:00+00:00,173.9
3116,2013-06-12 14:30:00+00:00,160.0
3116,2013-06-12 15:00:00+00:00,149.27
3116,2013-06-12 15:30:00+00:00,121.56
3116,2013-06-12 16:00:00+00:00,110.12
3116,2013-06-12 16:30:00+00:00,79.8
3116,2013-06-12 17:00:00+00:00,41.46
3116,2013-06-12 17:30:00+00:00,71.67
3116,2013-06-12 18:00:00+00:00,30.01
3116,2013-06-12 18:30:00+00:00,11.63
3116,2013-06-12 19:00:00+00:00,4.69
3116,2013-06-12 19:30:00+00:00,1.47
3116,2013-06-12 20:00:00+00:00,0.0
3116,2013-06-12 20:30:00+00:00,0.0
3116,2013-06-12 21:00:00+00:00,0.0
3116,2013-06-12 21:30:00+00:00,0.0
3116,2013-06-12 22:00:00+00:00,0.0
3116,2013-06-12 22:30:00+00:00,0.0
3116,2013-06-12 23:00:00+00:00,0.0
3116,2013-06-12 23:30:00+00:00,0.0
3116,2013-06-13 00:00:00+00:00,0.0
3116,2013-06-13 00:30:00+00:00,0.0
3116,2013-06-13 01:00:00+00:00,0.0
3116,2013-06-13 01:30:00+00:00,0.0
3116,2013-06-13 02:00:00+00:00,0.0
3116,2013-06-13 02:30:00+00:00,0.0
3116,2013-06-13 03:00:00+00:00,0.0
3116,2013-06-13 03:30:00+00:00,0.0
3116,2013-06-13 04:00:00+00:00,0.02
3116,2013-06-13 04:30:00+00:00,0.94
3116,2013-06-13 05:00:00+00:00,8.29
3116,2013-06-13 05:30:00+00:00,19.94
3116,2013-06-13 06:00:00+00:00,105.73
3116,2013-06-13 06:30:00+00:00,71.26
3116,2013-06-13 07:00:00+00:00,125.15
3116,2013-06-13 07:30:00+00:00,44.86
3116,2013-06-13 08:00:00+00:00,90.34
3116,2013-06-13 08:30:00+00:00,155.94
3116,2013-06-13 09:00:00+00:00,258.29
3116,2013-06-13 09:30:00+00:00,219.96
3116,2013-06-13 10:00:00+00:00,220.77
3116,2013-06-13 10:30:00+00:00,159.6
3116,2013-06-13 11:00:00+00:00,274.5
3116,2013-06-13 11:30:00+00:00,264.54
3116,2013-06-13 12:00:00+00:00,137.44
3116,2013-06-13 12:30:00+00:00,136.44
3116,2013-06-13 13:00:00+00:00,400.29
3116,2013-06-13 13:30:00+00:00,347.34
3116,2013-06-13 14:00:00+00:00,267.12
3116,2013-06-13 14:30:00+00:00,334.91
3116,2013-06-13 15:00:00+00:00,789.75
3116,2013-06-13 15:30:00+00:00,629.6
3116,2013-06-13 16:00:00+00:00,277.19
3116,2013-06-13 16:30:00+00:00,374.12
3116,2013-06-13 17:00:00+00:00,381.93
3116,2013-06-13 17:30:00+00:00,128.32
3116,2013-06-13 18:00:00+00:00,104.62
3116,2013-06-13 18:30:00+00:00,95.63
3116,2013-06-13 19:00:00+00:00,42.46
3116,2013-06-13 19:30:00+00:00,21.79
3116,2013-06-13 20:00:00+00:00,1.09
3116,2013-06-13 20:30:00+00:00,0.0
3116,2013-06-13 21:00:00+00:00,0.0
3116,2013-06-13 21:30:00+00:00,0.0
3116,2013-06-13 22:00:00+00:00,0.0
3116,2013-06-13 22:30:00+00:00,0.0
3116,2013-06-13 23:00:00+00:00,0.0
3116,2013-06-13 23:30:00+00:00,0.0
3116,2013-06-14 00:00:00+00:00,0.0
3116,2013-06-14 00:30:00+00:00,0.0
3116,2013-06-14 01:00:00+00:00,0.0
3116,2013-06-14 01:30:00+00:00,0.0
3116,2013-06-14 02:00:00+00:00,0.0
3116,2013-06-14 02:30:00+00:00,0.0
3116,2013-06-14 03:00:00+00:00,0.0
3116,2013-06-14 03:30:00+00:00,0.0
3116,2013-06-14 04:00:00+00:00,0.18
3116,2013-06-14 04:30:00+00:00,21.13
3116,2013-06-14 05:00:00+00:00,53.35
3116,2013-06-14 05:30:00+00:00,151.24
3116,2013-06-14 06:00:00+00:00,185.38
3116,2013-06-14 06:30:00+00:00,262.67
3116,2013-06-14 07:00:00+00:00,276.98
3116,2013-06-14 07:30:00+00:00,435.39
3116,2013-06-14 08:00:00+00:00,528.7
3116,2013-06-14 08:30:00+00:00,484.75
3116,2013-06-14 09:00:00+00:00,314.98
3116,2013-06-14 09:30:00+00:00,178.84
3116,2013-06-14 10:00:00+00:00,363.4
3116,2013-06-14 10:30:00+00:00,431.24
3116,2013-06-14 11:00:00+00:00,594.85
3116,2013-06-14 11:30:00+00:00,812.5
3116,2013-06-14 12:00:00+00:00,1194.7
3116,2013-06-14 12:30:00+00:00,867.45
3116,2013-06-14 13:00:00+00:00,1194.9
3116,2013-06-14 13:30:00+00:00,978.8
3116,2013-06-14 14:00:00+00:00,1127.45
3116,2013-06-14 14:30:00+00:00,1143.55
3116,2013-06-14 15:00:00+00:00,1084.4
3116,2013-06-14 15:30:00+00:00,946.3
3116,2013-06-14 16:00:00+00:00,794.2
3116,2013-06-14 16:30:00+00:00,627.0
3116,2013-06-14 17:00:00+00:00,449.37
3116,2013-06-14 17:30:00+00:00,272.44
3116,2013-06-14 18:00:00+00:00,112.64
3116,2013-06-14 18:30:00+00:00,55.24
3116,2013-06-14 19:00:00+00:00,40.16
3116,2013-06-14 19:30:00+00:00,24.96
3116,2013-06-14 20:00:00+00:00,3.95
3116,2013-06-14 20:30:00+00:00,0.0
3116,2013-06-14 21:00:00+00:00,0.0
3116,2013-06-14 21:30:00+00:00,0.0
3116,2013-06-14 22:00:00+00:00,0.0
3116,2013-06-14 22:30:00+00:00,0.0
3116,2013-06-14 23:00:00+00:00,0.0
3116,2013-06-14 23:30:00+00:00,0.0
3116,2013-06-15 00:00:00+00:00,0.0
3116,2013-06-15 00:30:00+00:00,0.0
3116,2013-06-15 01:00:00+00:00,0.0
3116,2013-06-15 01:30:00+00:00,0.0
3116,2013-06-15 02:00:00+00:00,0.0
3116,2013-06-15 02:30:00+00:00,0.0
3116,2013-06-15 03:00:00+00:00,0.0
3116,2013-06-15 03:30:00+00:00,0.0
3116,2013-06-15 04:00:00+00:00,0.0
3116,2013-06-15 04:30:00+00:00,0.62
3116,2013-06-15 05:00:00+00:00,30.47
3116,2013-06-15 05:30:00+00:00,87.26
3116,2013-06-15 06:00:00+00:00,156.5
3116,2013-06-15 06:30:00+00:00,327.08
3116,2013-06-15 07:00:00+00:00,531.0
3116,2013-06-15 07:30:00+00:00,666.7
3116,2013-06-15 08:00:00+00:00,709.05
3116,2013-06-15 08:30:00+00:00,623.9
3116,2013-06-15 09:00:00+00:00,802.8
3116,2013-06-15 09:30:00+00:00,906.0
3116,2013-06-15 10:00:00+00:00,976.85
3116,2013-06-15 10:30:00+00:00,1192.15
3116,2013-06-15 11:00:00+00:00,1117.75
3116,2013-06-15 11:30:00+00:00,1267.85
3116,2013-06-15 12:00:00+00:00,1006.25
3116,2013-06-15 12:30:00+00:00,709.0
3116,2013-06-15 13:00:00+00:00,388.49
3116,2013-06-15 13:30:00+00:00,287.82
3116,2013-06-15 14:00:00+00:00,113.28
3116,2013-06-15 14:30:00+00:00,280.17
3116,2013-06-15 15:00:00+00:00,575.3
3116,2013-06-15 15:30:00+00:00,245.74
3116,2013-06-15 16:00:00+00:00,103.78
3116,2013-06-15 16:30:00+00:00,311.88
3116,2013-06-15 17:00:00+00:00,409.01
3116,2013-06-15 17:30:00+00:00,273.47
3116,2013-06-15 18:00:00+00:00,181.74
3116,2013-06-15 18:30:00+00:00,118.54
3116,2013-06-15 19:00:00+00:00,57.47
3116,2013-06-15 19:30:00+00:00,27.67
3116,2013-06-15 20:00:00+00:00,0.22
3116,2013-06-15 20:30:00+00:00,0.0
3116,2013-06-15 21:00:00+00:00,0.0
3116,2013-06-15 21:30:00+00:00,0.0
3116,2013-06-15 22:00:00+00:00,0.0
3116,2013-06-15 22:30:00+00:00,0.0
3116,2013-06-15 23:00:00+00:00,0.0
3116,2013-06-15 23:30:00+00:00,0.0
3116,2013-06-16 00:00:00+00:00,0.0
3116,2013-06-16 00:30:00+00:00,0.0
3116,2013-06-16 01:00:00+00:00,0.0
3116,2013-06-16 01:30:00+00:00,0.0
3116,2013-06-16 02:00:00+00:00,0.0
3116,2013-06-16 02:30:00+00:00,0.0
3116,2013-06-16 03:00:00+00:00,0.0
3116,2013-06-16 03:30:00+00:00,0.0
3116,2013-06-16 04:00:00+00:00,0.04
3116,2013-06-16 04:30:00+00:00,13.86
3116,2013-06-16 05:00:00+00:00,67.15
3116,2013-06-16 05:30:00+00:00,93.8
3116,2013-06-16 06:00:00+00:00,158.78
3116,2013-06-16 06:30:00+00:00,225.8
3116,2013-06-16 07:00:00+00:00,335.88
3116,2013-06-16 07:30:00+00:00,460.3
3116,2013-06-16 08:00:00+00:00,733.0
3116,2013-06-16 08:30:00+00:00,845.6
3116,2013-06-16 09:00:00+00:00,875.3
3116,2013-06-16 09:30:00+00:00,772.85
3116,2013-06-16 10:00:00+00:00,894.75
3116,2013-06-16 10:30:00+00:00,795.8
3116,2013-06-16 11:00:00+00:00,651.95
3116,2013-06-16 11:30:00+00:00,497.52
3116,2013-06-16 12:00:00+00:00,581.85
3116,2013-06-16 12:30:00+00:00,780.9
3116,2013-06-16 13:00:00+00:00,546.05
3116,2013-06-16 13:30:00+00:00,364.21
3116,2013-06-16 14:00:00+00:00,644.8
3116,2013-06-16 14:30:00+00:00,893.75
3116,2013-06-16 15:00:00+00:00,844.55
3116,2013-06-16 15:30:00+00:00,631.75
3116,2013-06-16 16:00:00+00:00,691.25
3116,2013-06-16 16:30:00+00:00,686.6
3116,2013-06-16 17:00:00+00:00,236.18
3116,2013-06-16 17:30:00+00:00,261.86
3116,2013-06-16 18:00:00+00:00,146.95
3116,2013-06-16 18:30:00+00:00,64.73
3116,2013-06-16 19:00:00+00:00,55.92
3116,2013-06-16 19:30:00+00:00,36.13
3116,2013-06-16 20:00:00+00:00,7.56
3116,2013-06-16 20:30:00+00:00,0.0
3116,2013-06-16 21:00:00+00:00,0.0
3116,2013-06-16 21:30:00+00:00,0.0
3116,2013-06-16 22:00:00+00:00,0.0
3116,2013-06-16 22:30:00+00:00,0.0
3116,2013-06-16 23:00:00+00:00,0.0
3116,2013-06-16 23:30:00+00:00,0.0
3116,2013-06-17 00:00:00+00:00,0.0
3116,2013-06-17 00:30:00+00:00,0.0
3116,2013-06-17 01:00:00+00:00,0.0
3116,2013-06-17 01:30:00+00:00,0.0
3116,2013-06-17 02:00:00+00:00,0.0
3116,2013-06-17 02:30:00+00:00,0.0
3116,2013-06-17 03:00:00+00:00,0.0
3116,2013-06-17 03:30:00+00:00,0.0
3116,2013-06-17 04:00:00+00:00,0.06
3116,2013-06-17 04:30:00+00:00,0.03
3116,2013-06-17 05:00:00+00:00,10.43
3116,2013-06-17 05:30:00+00:00,28.99
3116,2013-06-17 06:00:00+00:00,92.74
3116,2013-06-17 06:30:00+00:00,174.54
3116,2013-06-17 07:00:00+00:00,271.82
3116,2013-06-17 07:30:00+00:00,190.01
3116,2013-06-17 08:00:00+00:00,369.43
3116,2013-06-17 08:30:00+00:00,408.67
3116,2013-06-17 09:00:00+00:00,600.3
3116,2013-06-17 09:30:00+00:00,623.45
3116,2013-06-17 10:00:00+00:00,504.35
3116,2013-06-17 10:30:00+00:00,485.05
3116,2013-06-17 11:00:00+00:00,533.8
3116,2013-06-17 11:30:00+00:00,534.45
3116,2013-06-17 12:00:00+00:00,1229.85
3116,2013-06-17 12:30:00+00:00,993.25
3116,2013-06-17 13:00:00+00:00,751.1
3116,2013-06-17 13:30:00+00:00,632.25
3116,2013-06-17 14:00:00+00:00,684.65
3116,2013-06-17 14:30:00+00:00,1006.9
3116,2013-06-17 15:00:00+00:00,871.65
3116,2013-06-17 15:30:00+00:00,559.95
3116,2013-06-17 16:00:00+00:00,633.05
3116,2013-06-17 16:30:00+00:00,522.0
3116,2013-06-17 17:00:00+00:00,300.12
3116,2013-06-17 17:30:00+00:00,296.3
3116,2013-06-17 18:00:00+00:00,156.46
3116,2013-06-17 18:30:00+00:00,110.05
3116,2013-06-17 19:00:00+00:00,52.44
3116,2013-06-17 19:30:00+00:00,32.45
3116,2013-06-17 20:00:00+00:00,5.16
3116,2013-06-17 20:30:00+00:00,0.0
3116,2013-06-17 21:00:00+00:00,0.0
3116,2013-06-17 21:30:00+00:00,0.0
3116,2013-06-17 22:00:00+00:00,0.0
3116,2013-06-17 22:30:00+00:00,0.0
3116,2013-06-17 23:00:00+00:00,0.0
3116,2013-06-17 23:30:00+00:00,0.0
3116,2013-06-18 00:00:00+00:00,0.0
3116,2013-06-18 00:30:00+00:00,0.0
3116,2013-06-18 01:00:00+00:00,0.0
3116,2013-06-18 01:30:00+00:00,0.0
3116,2013-06-18 02:00:00+00:00,0.0
3116,2013-06-18 02:30:00+00:00,0.0
3116,2013-06-18 03:00:00+00:00,0.0
3116,2013-06-18 03:30:00+00:00,0.0
3116,2013-06-18 04:00:00+00:00,0.06
3116,2013-06-18 04:30:00+00:00,10.1
3116,2013-06-18 05:00:00+00:00,52.14
3116,2013-06-18 05:30:00+00:00,79.67
3116,2013-06-18 06:00:00+00:00,172.41
3116,2013-06-18 06:30:00+00:00,149.96
3116,2013-06-18 07:00:00+00:00,182.52
3116,2013-06-18 07:30:00+00:00,374.61
3116,2013-06-18 08:00:00+00:00,400.28
3116,2013-06-18 08:30:00+00:00,218.67
3116,2013-06-18 09:00:00+00:00,334.83
3116,2013-06-18 09:30:00+00:00,793.5
3116,2013-06-18 10:00:00+00:00,1141.55
3116,2013-06-18 10:30:00+00:00,893.8
3116,2013-06-18 11:00:00+00:00,556.55
3116,2013-06-18 11:30:00+00:00,320.53
3116,2013-06-18 12:00:00+00:00,255.94
3116,2013-06-18 12:30:00+00:00,283.47
3116,2013-06-18 13:00:00+00:00,175.25
3116,2013-06-18 13:30:00+00:00,105.88
3116,2013-06-18 14:00:00+00:00,117.95
3116,2013-06-18 14:30:00+00:00,193.95
3116,2013-06-18 15:00:00+00:00,654.75
3116,2013-06-18 15:30:00+00:00,357.13
3116,2013-06-18 16:00:00+00:00,297.23
3116,2013-06-18 16:30:00+00:00,300.58
3116,2013-06-18 17:00:00+00:00,329.58
3116,2013-06-18 17:30:00+00:00,230.32
3116,2013-06-18 18:00:00+00:00,202.53
3116,2013-06-18 18:30:00+00:00,92.85
3116,2013-06-18 19:00:00+00:00,94.24
3116,2013-06-18 19:30:00+00:00,65.58
3116,2013-06-18 20:00:00+00:00,9.85
3116,2013-06-18 20:30:00+00:00,0.0
3116,2013-06-18 21:00:00+00:00,0.0
3116,2013-06-18 21:30:00+00:00,0.0
3116,2013-06-18 22:00:00+00:00,0.0
3116,2013-06-18 22:30:00+00:00,0.0
3116,2013-06-18 23:00:00+00:00,0.0
3116,2013-06-18 23:30:00+00:00,0.0
3116,2013-06-19 00:00:00+00:00,0.0
3116,2013-06-19 00:30:00+00:00,0.0
3116,2013-06-19 01:00:00+00:00,0.0
3116,2013-06-19 01:30:00+00:00,0.0
3116,2013-06-19 02:00:00+00:00,0.0
3116,2013-06-19 02:30:00+00:00,0.0
3116,2013-06-19 03:00:00+00:00,0.0
3116,2013-06-19 03:30:00+00:00,0.0
3116,2013-06-19 04:00:00+00:00,0.02
3116,2013-06-19 04:30:00+00:00,0.08
3116,2013-06-19 05:00:00+00:00,11.7
3116,2013-06-19 05:30:00+00:00,18.18
3116,2013-06-19 06:00:00+00:00,33.01
3116,2013-06-19 06:30:00+00:00,103.3
3116,2013-06-19 07:00:00+00:00,235.71
3116,2013-06-19 07:30:00+00:00,319.04
3116,2013-06-19 08:00:00+00:00,256.82
3116,2013-06-19 08:30:00+00:00,223.69
3116,2013-06-19 09:00:00+00:00,445.02
3116,2013-06-19 09:30:00+00:00,464.18
3116,2013-06-19 10:00:00+00:00,239.24
3116,2013-06-19 10:30:00+00:00,458.05
3116,2013-06-19 11:00:00+00:00,730.0
3116,2013-06-19 11:30:00+00:00,988.0
3116,2013-06-19 12:00:00+00:00,1189.1
3116,2013-06-19 12:30:00+00:00,1264.4
3116,2013-06-19 13:00:00+00:00,1237.3
3116,2013-06-19 13:30:00+00:00,1224.25
3116,2013-06-19 14:00:00+00:00,1128.55
3116,2013-06-19 14:30:00+00:00,978.45
3116,2013-06-19 15:00:00+00:00,611.55
3116,2013-06-19 15:30:00+00:00,570.9
3116,2013-06-19 16:00:00+00:00,761.95
3116,2013-06-19 16:30:00+00:00,484.45
3116,2013-06-19 17:00:00+00:00,288.5
3116,2013-06-19 17:30:00+00:00,268.36
3116,2013-06-19 18:00:00+00:00,223.49
3116,2013-06-19 18:30:00+00:00,144.35
3116,2013-06-19 19:00:00+00:00,67.84
3116,2013-06-19 19:30:00+00:00,47.13
3116,2013-06-19 20:00:00+00:00,2.61
3116,2013-06-19 20:30:00+00:00,0.0
3116,2013-06-19 21:00:00+00:00,0.0
3116,2013-06-19 21:30:00+00:00,0.0
3116,2013-06-19 22:00:00+00:00,0.0
3116,2013-06-19 22:30:00+00:00,0.0
3116,2013-06-19 23:00:00+00:00,0.0
3116,2013-06-19 23:30:00+00:00,0.0
3116,2013-06-20 00:00:00+00:00,0.0
3116,2013-06-20 00:30:00+00:00,0.0
3116,2013-06-20 01:00:00+00:00,0.0
3116,2013-06-20 01:30:00+00:00,0.0
3116,2013-06-20 02:00:00+00:00,0.0
3116,2013-06-20 02:30:00+00:00,0.0
3116,2013-06-20 03:00:00+00:00,0.0
3116,2013-06-20 03:30:00+00:00,0.0
3116,2013-06-20 04:00:00+00:00,0.05
3116,2013-06-20 04:30:00+00:00,5.35
3116,2013-06-20 05:00:00+00:00,32.16
3116,2013-06-20 05:30:00+00:00,36.96
3116,2013-06-20 06:00:00+00:00,93.37
3116,2013-06-20 06:30:00+00:00,123.6
3116,2013-06-20 07:00:00+00:00,211.11
3116,2013-06-20 07:30:00+00:00,330.83
3116,2013-06-20 08:00:00+00:00,767.5
3116,2013-06-20 08:30:00+00:00,673.65
3116,2013-06-20 09:00:00+00:00,556.65
3116,2013-06-20 09:30:00+00:00,417.82
3116,2013-06-20 10:00:00+00:00,242.47
3116,2013-06-20 10:30:00+00:00,123.88
3116,2013-06-20 11:00:00+00:00,109.35
3116,2013-06-20 11:30:00+00:00,92.95
3116,2013-06-20 12:00:00+00:00,181.17
3116,2013-06-20 12:30:00+00:00,187.19
3116,2013-06-20 13:00:00+00:00,265.63
3116,2013-06-20 13:30:00+00:00,217.39
3116,2013-06-20 14:00:00+00:00,254.28
3116,2013-06-20 14:30:00+00:00,445.21
3116,2013-06-20 15:00:00+00:00,270.88
3116,2013-06-20 15:30:00+00:00,408.62
3116,2013-06-20 16:00:00+00:00,389.99
3116,2013-06-20 16:30:00+00:00,218.4
3116,2013-06-20 17:00:00+00:00,286.05
3116,2013-06-20 17:30:00+00:00,289.91
3116,2013-06-20 18:00:00+00:00,241.29
3116,2013-06-20 18:30:00+00:00,140.7
3116,2013-06-20 19:00:00+00:00,66.25
3116,2013-06-20 19:30:00+00:00,46.1
3116,2013-06-20 20:00:00+00:00,6.73
3116,2013-06-20 20:30:00+00:00,0.0
3116,2013-06-20 21:00:00+00:00,0.0
3116,2013-06-20 21:30:00+00:00,0.0
3116,2013-06-20 22:00:00+00:00,0.0
3116,2013-06-20 22:30:00+00:00,0.0
3116,2013-06-20 23:00:00+00:00,0.0
3116,2013-06-20 23:30:00+00:00,0.0
3116,2013-06-21 00:00:00+00:00,0.0
3116,2013-06-21 00:30:00+00:00,0.0
3116,2013-06-21 01:00:00+00:00,0.0
3116,2013-06-21 01:30:00+00:00,0.0
3116,2013-06-21 02:00:00+00:00,0.0
3116,2013-06-21 02:30:00+00:00,0.0
3116,2013-06-21 03:00:00+00:00,0.0
3116,2013-06-21 03:30:00+00:00,0.0
3116,2013-06-21 04:00:00+00:00,0.0
3116,2013-06-21 04:30:00+00:00,0.06
3116,2013-06-21 05:00:00+00:00,15.23
3116,2013-06-21 05:30:00+00:00,25.14
3116,2013-06-21 06:00:00+00:00,48.03
3116,2013-06-21 06:30:00+00:00,26.36
3116,2013-06-21 07:00:00+00:00,78.77
3116,2013-06-21 07:30:00+00:00,111.1
3116,2013-06-21 08:00:00+00:00,145.81
3116,2013-06-21 08:30:00+00:00,293.95
3116,2013-06-21 09:00:00+00:00,307.28
3116,2013-06-21 09:30:00+00:00,486.66
3116,2013-06-21 10:00:00+00:00,288.69
3116,2013-06-21 10:30:00+00:00,343.69
3116,2013-06-21 11:00:00+00:00,623.5
3116,2013-06-21 11:30:00+00:00,1029.35
3116,2013-06-21 12:00:00+00:00,948.5
3116,2013-06-21 12:30:00+00:00,760.5
3116,2013-06-21 13:00:00+00:00,839.75
3116,2013-06-21 13:30:00+00:00,886.75
3116,2013-06-21 14:00:00+00:00,969.85
3116,2013-06-21 14:30:00+00:00,525.4
3116,2013-06-21 15:00:00+00:00,125.63
3116,2013-06-21 15:30:00+00:00,277.14
3116,2013-06-21 16:00:00+00:00,199.14
3116,2013-06-21 16:30:00+00:00,205.78
3116,2013-06-21 17:00:00+00:00,190.85
3116,2013-06-21 17:30:00+00:00,114.06
3116,2013-06-21 18:00:00+00:00,117.71
3116,2013-06-21 18:30:00+00:00,117.21
3116,2013-06-21 19:00:00+00:00,44.84
3116,2013-06-21 19:30:00+00:00,28.17
3116,2013-06-21 20:00:00+00:00,5.85
3116,2013-06-21 20:30:00+00:00,0.0
3116,2013-06-21 21:00:00+00:00,0.0
3116,2013-06-21 21:30:00+00:00,0.0
3116,2013-06-21 22:00:00+00:00,0.0
3116,2013-06-21 22:30:00+00:00,0.0
3116,2013-06-21 23:00:00+00:00,0.0
3116,2013-06-21 23:30:00+00:00,0.0
3116,2013-06-22 00:00:00+00:00,0.0
3116,2013-06-22 00:30:00+00:00,0.0
3116,2013-06-22 01:00:00+00:00,0.0
3116,2013-06-22 01:30:00+00:00,0.0
3116,2013-06-22 02:00:00+00:00,0.0
3116,2013-06-22 02:30:00+00:00,0.0
3116,2013-06-22 03:00:00+00:00,0.0
3116,2013-06-22 03:30:00+00:00,0.0
3116,2013-06-22 04:00:00+00:00,0.01
3116,2013-06-22 04:30:00+00:00,0.05
3116,2013-06-22 05:00:00+00:00,14.32
3116,2013-06-22 05:30:00+00:00,38.52
3116,2013-06-22 06:00:00+00:00,67.98
3116,2013-06-22 06:30:00+00:00,134.85
3116,2013-06-22 07:00:00+00:00,125.93
3116,2013-06-22 07:30:00+00:00,114.23
3116,2013-06-22 08:00:00+00:00,136.71
3116,2013-06-22 08:30:00+00:00,134.34
3116,2013-06-22 09:00:00+00:00,176.53
3116,2013-06-22 09:30:00+00:00,247.03
3116,2013-06-22 10:00:00+00:00,1087.6
3116,2013-06-22 10:30:00+00:00,1360.15
3116,2013-06-22 11:00:00+00:00,1446.75
3116,2013-06-22 11:30:00+00:00,900.6
3116,2013-06-22 12:00:00+00:00,1024.25
3116,2013-06-22 12:30:00+00:00,1060.45
3116,2013-06-22 13:00:00+00:00,797.0
3116,2013-06-22 13:30:00+00:00,609.5
3116,2013-06-22 14:00:00+00:00,373.53
3116,2013-06-22 14:30:00+00:00,403.0
3116,2013-06-22 15:00:00+00:00,375.62
3116,2013-06-22 15:30:00+00:00,198.74
3116,2013-06-22 16:00:00+00:00,435.39
3116,2013-06-22 16:30:00+00:00,246.9
3116,2013-06-22 17:00:00+00:00,309.55
3116,2013-06-22 17:30:00+00:00,242.24
3116,2013-06-22 18:00:00+00:00,155.41
3116,2013-06-22 18:30:00+00:00,111.95
3116,2013-06-22 19:00:00+00:00,72.9
3116,2013-06-22 19:30:00+00:00,34.17
3116,2013-06-22 20:00:00+00:00,5.23
3116,2013-06-22 20:30:00+00:00,0.01
3116,2013-06-22 21:00:00+00:00,0.0
3116,2013-06-22 21:30:00+00:00,0.0
3116,2013-06-22 22:00:00+00:00,0.0
3116,2013-06-22 22:30:00+00:00,0.0
3116,2013-06-22 23:00:00+00:00,0.0
3116,2013-06-22 23:30:00+00:00,0.0
3116,2013-06-23 00:00:00+00:00,0.0
3116,2013-06-23 00:30:00+00:00,0.0
3116,2013-06-23 01:00:00+00:00,0.0
3116,2013-06-23 01:30:00+00:00,0.0
3116,2013-06-23 02:00:00+00:00,0.0
3116,2013-06-23 02:30:00+00:00,0.0
3116,2013-06-23 03:00:00+00:00,0.0
3116,2013-06-23 03:30:00+00:00,0.0
3116,2013-06-23 04:00:00+00:00,0.0
3116,2013-06-23 04:30:00+00:00,0.05
3116,2013-06-23 05:00:00+00:00,13.3
3116,2013-06-23 05:30:00+00:00,62.09
3116,2013-06-23 06:00:00+00:00,141.92
3116,2013-06-23 06:30:00+00:00,236.43
3116,2013-06-23 07:00:00+00:00,297.81
3116,2013-06-23 07:30:00+00:00,336.7
3116,2013-06-23 08:00:00+00:00,631.7
3116,2013-06-23 08:30:00+00:00,517.45
3116,2013-06-23 09:00:00+00:00,994.0
3116,2013-06-23 09:30:00+00:00,998.65
3116,2013-06-23 10:00:00+00:00,417.62
3116,2013-06-23 10:30:00+00:00,316.19
3116,2013-06-23 11:00:00+00:00,304.99
3116,2013-06-23 11:30:00+00:00,448.16
3116,2013-06-23 12:00:00+00:00,636.95
3116,2013-06-23 12:30:00+00:00,433.11
3116,2013-06-23 13:00:00+00:00,251.46
3116,2013-06-23 13:30:00+00:00,674.85
3116,2013-06-23 14:00:00+00:00,508.75
3116,2013-06-23 14:30:00+00:00,550.1
3116,2013-06-23 15:00:00+00:00,279.32
3116,2013-06-23 15:30:00+00:00,460.26
3116,2013-06-23 16:00:00+00:00,158.52
3116,2013-06-23 16:30:00+00:00,212.77
3116,2013-06-23 17:00:00+00:00,248.45
3116,2013-06-23 17:30:00+00:00,216.0
3116,2013-06-23 18:00:00+00:00,65.09
3116,2013-06-23 18:30:00+00:00,62.66
3116,2013-06-23 19:00:00+00:00,72.97
3116,2013-06-23 19:30:00+00:00,26.82
3116,2013-06-23 20:00:00+00:00,15.52
3116,2013-06-23 20:30:00+00:00,0.0
3116,2013-06-23 21:00:00+00:00,0.0
3116,2013-06-23 21:30:00+00:00,0.0
3116,2013-06-23 22:00:00+00:00,0.0
3116,2013-06-23 22:30:00+00:00,0.0
3116,2013-06-23 23:00:00+00:00,0.0
3116,2013-06-23 23:30:00+00:00,0.0
3116,2013-06-24 00:00:00+00:00,0.0
3116,2013-06-24 00:30:00+00:00,0.0
3116,2013-06-24 01:00:00+00:00,0.0
3116,2013-06-24 01:30:00+00:00,0.0
3116,2013-06-24 02:00:00+00:00,0.0
3116,2013-06-24 02:30:00+00:00,0.0
3116,2013-06-24 03:00:00+00:00,0.0
3116,2013-06-24 03:30:00+00:00,0.0
3116,2013-06-24 04:00:00+00:00,0.0
3116,2013-06-24 04:30:00+00:00,0.03
3116,2013-06-24 05:00:00+00:00,4.29
3116,2013-06-24 05:30:00+00:00,36.27
3116,2013-06-24 06:00:00+00:00,57.79
3116,2013-06-24 06:30:00+00:00,71.66
3116,2013-06-24 07:00:00+00:00,105.26
3116,2013-06-24 07:30:00+00:00,129.79
3116,2013-06-24 08:00:00+00:00,241.43
3116,2013-06-24 08:30:00+00:00,375.07
3116,2013-06-24 09:00:00+00:00,448.48
3116,2013-06-24 09:30:00+00:00,395.69
3116,2013-06-24 10:00:00+00:00,332.5
3116,2013-06-24 10:30:00+00:00,314.75
3116,2013-06-24 11:00:00+00:00,588.35
3116,2013-06-24 11:30:00+00:00,494.18
3116,2013-06-24 12:00:00+00:00,368.34
3116,2013-06-24 12:30:00+00:00,504.9
3116,2013-06-24 13:00:00+00:00,452.75
3116,2013-06-24 13:30:00+00:00,707.7
3116,2013-06-24 14:00:00+00:00,762.9
3116,2013-06-24 14:30:00+00:00,493.37
3116,2013-06-24 15:00:00+00:00,364.82
3116,2013-06-24 15:30:00+00:00,502.55
3116,2013-06-24 16:00:00+00:00,473.2
3116,2013-06-24 16:30:00+00:00,436.87
3116,2013-06-24 17:00:00+00:00,331.42
3116,2013-06-24 17:30:00+00:00,293.92
3116,2013-06-24 18:00:00+00:00,185.33
3116,2013-06-24 18:30:00+00:00,114.96
3116,2013-06-24 19:00:00+00:00,82.81
3116,2013-06-24 19:30:00+00:00,33.54
3116,2013-06-24 20:00:00+00:00,9.54
3116,2013-06-24 20:30:00+00:00,0.0
3116,2013-06-24 21:00:00+00:00,0.0
3116,2013-06-24 21:30:00+00:00,0.0
3116,2013-06-24 22:00:00+00:00,0.0
3116,2013-06-24 22:30:00+00:00,0.0
3116,2013-06-24 23:00:00+00:00,0.0
3116,2013-06-24 23:30:00+00:00,0.0
3116,2013-06-25 00:00:00+00:00,0.0
3116,2013-06-25 00:30:00+00:00,0.0
3116,2013-06-25 01:00:00+00:00,0.0
3116,2013-06-25 01:30:00+00:00,0.0
3116,2013-06-25 02:00:00+00:00,0.0
3116,2013-06-25 02:30:00+00:00,0.0
3116,2013-06-25 03:00:00+00:00,0.0
3116,2013-06-25 03:30:00+00:00,0.0
3116,2013-06-25 04:00:00+00:00,0.07
3116,2013-06-25 04:30:00+00:00,17.1
3116,2013-06-25 05:00:00+00:00,42.78
3116,2013-06-25 05:30:00+00:00,85.39
3116,2013-06-25 06:00:00+00:00,168.69
3116,2013-06-25 06:30:00+00:00,313.59
3116,2013-06-25 07:00:00+00:00,475.37
3116,2013-06-25 07:30:00+00:00,639.75
3116,2013-06-25 08:00:00+00:00,787.9
3116,2013-06-25 08:30:00+00:00,912.0
3116,2013-06-25 09:00:00+00:00,1028.7
3116,2013-06-25 09:30:00+00:00,1142.85
3116,2013-06-25 10:00:00+00:00,1207.75
3116,2013-06-25 10:30:00+00:00,1162.65
3116,2013-06-25 11:00:00+00:00,973.8
3116,2013-06-25 11:30:00+00:00,1124.1
3116,2013-06-25 12:00:00+00:00,1214.8
3116,2013-06-25 12:30:00+00:00,990.6
3116,2013-06-25 13:00:00+00:00,997.35
3116,2013-06-25 13:30:00+00:00,556.75
3116,2013-06-25 14:00:00+00:00,1026.4
3116,2013-06-25 14:30:00+00:00,977.55
3116,2013-06-25 15:00:00+00:00,1040.7
3116,2013-06-25 15:30:00+00:00,1025.45
3116,2013-06-25 16:00:00+00:00,762.0
3116,2013-06-25 16:30:00+00:00,459.88
3116,2013-06-25 17:00:00+00:00,300.85
3116,2013-06-25 17:30:00+00:00,269.61
3116,2013-06-25 18:00:00+00:00,186.84
3116,2013-06-25 18:30:00+00:00,89.11
3116,2013-06-25 19:00:00+00:00,77.09
3116,2013-06-25 19:30:00+00:00,31.05
3116,2013-06-25 20:00:00+00:00,6.69
3116,2013-06-25 20:30:00+00:00,0.0
3116,2013-06-25 21:00:00+00:00,0.0
3116,2013-06-25 21:30:00+00:00,0.0
3116,2013-06-25 22:00:00+00:00,0.0
3116,2013-06-25 22:30:00+00:00,0.0
3116,2013-06-25 23:00:00+00:00,0.0
3116,2013-06-25 23:30:00+00:00,0.0
3116,2013-06-26 00:00:00+00:00,0.0
3116,2013-06-26 00:30:00+00:00,0.0
3116,2013-06-26 01:00:00+00:00,0.0
3116,2013-06-26 01:30:00+00:00,0.0
3116,2013-06-26 02:00:00+00:00,0.0
3116,2013-06-26 02:30:00+00:00,0.0
3116,2013-06-26 03:00:00+00:00,0.0
3116,2013-06-26 03:30:00+00:00,0.0
3116,2013-06-26 04:00:00+00:00,0.03
3116,2013-06-26 04:30:00+00:00,3.43
3116,2013-06-26 05:00:00+00:00,41.57
3116,2013-06-26 05:30:00+00:00,80.87
3116,2013-06-26 06:00:00+00:00,104.11
3116,2013-06-26 06:30:00+00:00,108.72
3116,2013-06-26 07:00:00+00:00,143.47
3116,2013-06-26 07:30:00+00:00,176.21
3116,2013-06-26 08:00:00+00:00,210.62
3116,2013-06-26 08:30:00+00:00,400.42
3116,2013-06-26 09:00:00+00:00,569.55
3116,2013-06-26 09:30:00+00:00,630.6
3116,2013-06-26 10:00:00+00:00,788.15
3116,2013-06-26 10:30:00+00:00,989.3
3116,2013-06-26 11:00:00+00:00,826.1
3116,2013-06-26 11:30:00+00:00,1073.95
3116,2013-06-26 12:00:00+00:00,1031.6
3116,2013-06-26 12:30:00+00:00,622.75
3116,2013-06-26 13:00:00+00:00,699.85
3116,2013-06-26 13:30:00+00:00,315.9
3116,2013-06-26 14:00:00+00:00,408.4
3116,2013-06-26 14:30:00+00:00,484.5
3116,2013-06-26 15:00:00+00:00,720.25
3116,2013-06-26 15:30:00+00:00,523.4
3116,2013-06-26 16:00:00+00:00,500.1
3116,2013-06-26 16:30:00+00:00,471.32
3116,2013-06-26 17:00:00+00:00,364.34
3116,2013-06-26 17:30:00+00:00,188.94
3116,2013-06-26 18:00:00+00:00,177.14
3116,2013-06-26 18:30:00+00:00,118.18
3116,2013-06-26 19:00:00+00:00,65.06
3116,2013-06-26 19:30:00+00:00,33.1
3116,2013-06-26 20:00:00+00:00,11.26
3116,2013-06-26 20:30:00+00:00,0.0
3116,2013-06-26 21:00:00+00:00,0.0
3116,2013-06-26 21:30:00+00:00,0.0
3116,2013-06-26 22:00:00+00:00,0.0
3116,2013-06-26 22:30:00+00:00,0.0
3116,2013-06-26 23:00:00+00:00,0.0
3116,2013-06-26 23:30:00+00:00,0.0
3116,2013-06-27 00:00:00+00:00,0.0
3116,2013-06-27 00:30:00+00:00,0.0
3116,2013-06-27 01:00:00+00:00,0.0
3116,2013-06-27 01:30:00+00:00,0.0
3116,2013-06-27 02:00:00+00:00,0.0
3116,2013-06-27 02:30:00+00:00,0.0
3116,2013-06-27 03:00:00+00:00,0.0
3116,2013-06-27 03:30:00+00:00,0.0
3116,2013-06-27 04:00:00+00:00,0.02
3116,2013-06-27 04:30:00+00:00,5.71
3116,2013-06-27 05:00:00+00:00,40.65
3116,2013-06-27 05:30:00+00:00,53.77
3116,2013-06-27 06:00:00+00:00,132.1
3116,2013-06-27 06:30:00+00:00,184.13
3116,2013-06-27 07:00:00+00:00,191.87
3116,2013-06-27 07:30:00+00:00,380.25
3116,2013-06-27 08:00:00+00:00,766.9
3116,2013-06-27 08:30:00+00:00,809.35
3116,2013-06-27 09:00:00+00:00,870.85
3116,2013-06-27 09:30:00+00:00,526.9
3116,2013-06-27 10:00:00+00:00,1157.8
3116,2013-06-27 10:30:00+00:00,1021.85
3116,2013-06-27 11:00:00+00:00,1049.4
3116,2013-06-27 11:30:00+00:00,1002.1
3116,2013-06-27 12:00:00+00:00,1136.6
3116,2013-06-27 12:30:00+00:00,1068.05
3116,2013-06-27 13:00:00+00:00,810.85
3116,2013-06-27 13:30:00+00:00,894.45
3116,2013-06-27 14:00:00+00:00,629.1
3116,2013-06-27 14:30:00+00:00,727.75
3116,2013-06-27 15:00:00+00:00,508.65
3116,2013-06-27 15:30:00+00:00,519.3
3116,2013-06-27 16:00:00+00:00,314.41
3116,2013-06-27 16:30:00+00:00,312.32
3116,2013-06-27 17:00:00+00:00,146.28
3116,2013-06-27 17:30:00+00:00,103.8
3116,2013-06-27 18:00:00+00:00,92.65
3116,2013-06-27 18:30:00+00:00,73.16
3116,2013-06-27 19:00:00+00:00,39.67
3116,2013-06-27 19:30:00+00:00,9.9
3116,2013-06-27 20:00:00+00:00,0.0
3116,2013-06-27 20:30:00+00:00,0.0
3116,2013-06-27 21:00:00+00:00,0.0
3116,2013-06-27 21:30:00+00:00,0.0
3116,2013-06-27 22:00:00+00:00,0.0
3116,2013-06-27 22:30:00+00:00,0.0
3116,2013-06-27 23:00:00+00:00,0.0
3116,2013-06-27 23:30:00+00:00,0.0
3116,2013-06-28 00:00:00+00:00,0.0
3116,2013-06-28 00:30:00+00:00,0.0
3116,2013-06-28 01:00:00+00:00,0.0
3116,2013-06-28 01:30:00+00:00,0.0
3116,2013-06-28 02:00:00+00:00,0.0
3116,2013-06-28 02:30:00+00:00,0.0
3116,2013-06-28 03:00:00+00:00,0.0
3116,2013-06-28 03:30:00+00:00,0.0
3116,2013-06-28 04:00:00+00:00,0.03
3116,2013-06-28 04:30:00+00:00,0.26
3116,2013-06-28 05:00:00+00:00,0.38
3116,2013-06-28 05:30:00+00:00,26.12
3116,2013-06-28 06:00:00+00:00,91.5
3116,2013-06-28 06:30:00+00:00,223.67
3116,2013-06-28 07:00:00+00:00,220.08
3116,2013-06-28 07:30:00+00:00,196.26
3116,2013-06-28 08:00:00+00:00,245.5
3116,2013-06-28 08:30:00+00:00,324.56
3116,2013-06-28 09:00:00+00:00,301.51
3116,2013-06-28 09:30:00+00:00,276.63
3116,2013-06-28 10:00:00+00:00,324.37
3116,2013-06-28 10:30:00+00:00,559.9
3116,2013-06-28 11:00:00+00:00,454.73
3116,2013-06-28 11:30:00+00:00,423.03
3116,2013-06-28 12:00:00+00:00,426.98
3116,2013-06-28 12:30:00+00:00,271.89
3116,2013-06-28 13:00:00+00:00,386.19
3116,2013-06-28 13:30:00+00:00,341.06
3116,2013-06-28 14:00:00+00:00,147.33
3116,2013-06-28 14:30:00+00:00,340.2
3116,2013-06-28 15:00:00+00:00,505.15
3116,2013-06-28 15:30:00+00:00,364.52
3116,2013-06-28 16:00:00+00:00,297.8
3116,2013-06-28 16:30:00+00:00,293.62
3116,2013-06-28 17:00:00+00:00,149.0
3116,2013-06-28 17:30:00+00:00,126.16
3116,2013-06-28 18:00:00+00:00,62.39
3116,2013-06-28 18:30:00+00:00,85.0
3116,2013-06-28 19:00:00+00:00,26.66
3116,2013-06-28 19:30:00+00:00,2.28
3116,2013-06-28 20:00:00+00:00,0.0
3116,2013-06-28 20:30:00+00:00,0.0
3116,2013-06-28 21:00:00+00:00,0.0
3116,2013-06-28 21:30:00+00:00,0.0
3116,2013-06-28 22:00:00+00:00,0.0
3116,2013-06-28 22:30:00+00:00,0.0
3116,2013-06-28 23:00:00+00:00,0.0
3116,2013-06-28 23:30:00+00:00,0.0
3116,2013-06-29 00:00:00+00:00,0.0
3116,2013-06-29 00:30:00+00:00,0.0
3116,2013-06-29 01:00:00+00:00,0.0
3116,2013-06-29 01:30:00+00:00,0.0
3116,2013-06-29 02:00:00+00:00,0.0
3116,2013-06-29 02:30:00+00:00,0.0
3116,2013-06-29 03:00:00+00:00,0.0
3116,2013-06-29 03:30:00+00:00,0.0
3116,2013-06-29 04:00:00+00:00,0.02
3116,2013-06-29 04:30:00+00:00,4.59
3116,2013-06-29 05:00:00+00:00,35.86
3116,2013-06-29 05:30:00+00:00,68.97
3116,2013-06-29 06:00:00+00:00,143.19
3116,2013-06-29 06:30:00+00:00,266.44
3116,2013-06-29 07:00:00+00:00,212.54
3116,2013-06-29 07:30:00+00:00,281.84
3116,2013-06-29 08:00:00+00:00,496.02
3116,2013-06-29 08:30:00+00:00,893.4
3116,2013-06-29 09:00:00+00:00,697.95
3116,2013-06-29 09:30:00+00:00,947.85
3116,2013-06-29 10:00:00+00:00,882.7
3116,2013-06-29 10:30:00+00:00,806.3
3116,2013-06-29 11:00:00+00:00,745.25
3116,2013-06-29 11:30:00+00:00,829.65
3116,2013-06-29 12:00:00+00:00,974.3
3116,2013-06-29 12:30:00+00:00,1103.3
3116,2013-06-29 13:00:00+00:00,1214.1
3116,2013-06-29 13:30:00+00:00,1106.3
3116,2013-06-29 14:00:00+00:00,1134.35
3116,2013-06-29 14:30:00+00:00,1103.75
3116,2013-06-29 15:00:00+00:00,949.8
3116,2013-06-29 15:30:00+00:00,879.85
3116,2013-06-29 16:00:00+00:00,763.55
3116,2013-06-29 16:30:00+00:00,550.05
3116,2013-06-29 17:00:00+00:00,359.74
3116,2013-06-29 17:30:00+00:00,276.44
3116,2013-06-29 18:00:00+00:00,154.4
3116,2013-06-29 18:30:00+00:00,96.35
3116,2013-06-29 19:00:00+00:00,43.23
3116,2013-06-29 19:30:00+00:00,23.92
3116,2013-06-29 20:00:00+00:00,6.87
3116,2013-06-29 20:30:00+00:00,0.0
3116,2013-06-29 21:00:00+00:00,0.0
3116,2013-06-29 21:30:00+00:00,0.0
3116,2013-06-29 22:00:00+00:00,0.0
3116,2013-06-29 22:30:00+00:00,0.0
3116,2013-06-29 23:00:00+00:00,0.0
3116,2013-06-29 23:30:00+00:00,0.0
3116,2013-06-30 00:00:00+00:00,0.0
3116,2013-06-30 00:30:00+00:00,0.0
3116,2013-06-30 01:00:00+00:00,0.0
3116,2013-06-30 01:30:00+00:00,0.0
3116,2013-06-30 02:00:00+00:00,0.0
3116,2013-06-30 02:30:00+00:00,0.0
3116,2013-06-30 03:00:00+00:00,0.0
3116,2013-06-30 03:30:00+00:00,0.0
3116,2013-06-30 04:00:00+00:00,0.01
3116,2013-06-30 04:30:00+00:00,2.61
3116,2013-06-30 05:00:00+00:00,22.15
3116,2013-06-30 05:30:00+00:00,64.78
3116,2013-06-30 06:00:00+00:00,138.35
3116,2013-06-30 06:30:00+00:00,322.39
3116,2013-06-30 07:00:00+00:00,483.96
3116,2013-06-30 07:30:00+00:00,632.2
3116,2013-06-30 08:00:00+00:00,769.0
3116,2013-06-30 08:30:00+00:00,971.1
3116,2013-06-30 09:00:00+00:00,837.45
3116,2013-06-30 09:30:00+00:00,1086.15
3116,2013-06-30 10:00:00+00:00,1288.75
3116,2013-06-30 10:30:00+00:00,1202.9
3116,2013-06-30 11:00:00+00:00,1130.15
3116,2013-06-30 11:30:00+00:00,1173.2
3116,2013-06-30 12:00:00+00:00,1318.45
3116,2013-06-30 12:30:00+00:00,1242.45
3116,2013-06-30 13:00:00+00:00,1214.05
3116,2013-06-30 13:30:00+00:00,1282.2
3116,2013-06-30 14:00:00+00:00,1182.95
3116,2013-06-30 14:30:00+00:00,1151.9
3116,2013-06-30 15:00:00+00:00,982.45
3116,2013-06-30 15:30:00+00:00,690.8
3116,2013-06-30 16:00:00+00:00,695.55
3116,2013-06-30 16:30:00+00:00,577.05
3116,2013-06-30 17:00:00+00:00,456.75
3116,2013-06-30 17:30:00+00:00,279.39
3116,2013-06-30 18:00:00+00:00,184.32
3116,2013-06-30 18:30:00+00:00,81.07
3116,2013-06-30 19:00:00+00:00,36.45
3116,2013-06-30 19:30:00+00:00,16.27
3116,2013-06-30 20:00:00+00:00,1.24
3116,2013-06-30 20:30:00+00:00,0.0
3116,2013-06-30 21:00:00+00:00,0.0
3116,2013-06-30 21:30:00+00:00,0.0
3116,2013-06-30 22:00:00+00:00,0.0
3116,2013-06-30 22:30:00+00:00,0.0
3116,2013-06-30 23:00:00+00:00,0.0
3116,2013-06-30 23:30:00+00:00,0.0
3116,2013-07-01 00:30:00+00:00,0.0
3116,2013-07-01 01:00:00+00:00,0.0
3116,2013-07-01 01:30:00+00:00,0.0
3116,2013-07-01 02:00:00+00:00,0.0
3116,2013-07-01 02:30:00+00:00,0.0
3116,2013-07-01 03:00:00+00:00,0.0
3116,2013-07-01 03:30:00+00:00,0.0
3116,2013-07-01 04:00:00+00:00,0.0
3116,2013-07-01 04:30:00+00:00,4.06
3116,2013-07-01 05:00:00+00:00,39.89
3116,2013-07-01 05:30:00+00:00,81.79
3116,2013-07-01 06:00:00+00:00,145.75
3116,2013-07-01 06:30:00+00:00,334.26
3116,2013-07-01 07:00:00+00:00,468.1
3116,2013-07-01 07:30:00+00:00,675.2
3116,2013-07-01 08:00:00+00:00,693.7
3116,2013-07-01 08:30:00+00:00,798.95
3116,2013-07-01 09:00:00+00:00,854.85
3116,2013-07-01 09:30:00+00:00,1029.4
3116,2013-07-01 10:00:00+00:00,902.4
3116,2013-07-01 10:30:00+00:00,758.65
3116,2013-07-01 11:00:00+00:00,1074.8
3116,2013-07-01 11:30:00+00:00,1118.45
3116,2013-07-01 12:00:00+00:00,1261.0
3116,2013-07-01 12:30:00+00:00,973.25
3116,2013-07-01 13:00:00+00:00,840.35
3116,2013-07-01 13:30:00+00:00,583.95
3116,2013-07-01 14:00:00+00:00,411.11
3116,2013-07-01 14:30:00+00:00,287.65
3116,2013-07-01 15:00:00+00:00,546.3
3116,2013-07-01 15:30:00+00:00,697.5
3116,2013-07-01 16:00:00+00:00,511.55
3116,2013-07-01 16:30:00+00:00,329.91
3116,2013-07-01 17:00:00+00:00,277.77
3116,2013-07-01 17:30:00+00:00,245.94
3116,2013-07-01 18:00:00+00:00,175.18
3116,2013-07-01 18:30:00+00:00,145.06
3116,2013-07-01 19:00:00+00:00,81.86
3116,2013-07-01 19:30:00+00:00,46.49
3116,2013-07-01 20:00:00+00:00,12.56
3116,2013-07-01 20:30:00+00:00,0.0
3116,2013-07-01 21:00:00+00:00,0.0
3116,2013-07-01 21:30:00+00:00,0.0
3116,2013-07-01 22:00:00+00:00,0.0
3116,2013-07-01 22:30:00+00:00,0.0
3116,2013-07-01 23:00:00+00:00,0.0
3116,2013-07-01 23:30:00+00:00,0.0
3116,2013-07-02 00:00:00+00:00,0.0
3116,2013-07-02 00:30:00+00:00,0.0
3116,2013-07-02 01:00:00+00:00,0.0
3116,2013-07-02 01:30:00+00:00,0.0
3116,2013-07-02 02:00:00+00:00,0.0
3116,2013-07-02 02:30:00+00:00,0.0
3116,2013-07-02 03:00:00+00:00,0.0
3116,2013-07-02 03:30:00+00:00,0.0
3116,2013-07-02 04:00:00+00:00,0.05
3116,2013-07-02 04:30:00+00:00,16.12
3116,2013-07-02 05:00:00+00:00,43.72
3116,2013-07-02 05:30:00+00:00,112.47
3116,2013-07-02 06:00:00+00:00,167.14
3116,2013-07-02 06:30:00+00:00,346.6
3116,2013-07-02 07:00:00+00:00,503.1
3116,2013-07-02 07:30:00+00:00,637.6
3116,2013-07-02 08:00:00+00:00,365.34
3116,2013-07-02 08:30:00+00:00,327.41
3116,2013-07-02 09:00:00+00:00,281.35
3116,2013-07-02 09:30:00+00:00,287.81
3116,2013-07-02 10:00:00+00:00,354.0
3116,2013-07-02 10:30:00+00:00,314.48
3116,2013-07-02 11:00:00+00:00,306.76
3116,2013-07-02 11:30:00+00:00,300.15
3116,2013-07-02 12:00:00+00:00,317.94
3116,2013-07-02 12:30:00+00:00,378.07
3116,2013-07-02 13:00:00+00:00,463.55
3116,2013-07-02 13:30:00+00:00,313.1
3116,2013-07-02 14:00:00+00:00,160.61
3116,2013-07-02 14:30:00+00:00,187.96
3116,2013-07-02 15:00:00+00:00,167.03
3116,2013-07-02 15:30:00+00:00,203.12
3116,2013-07-02 16:00:00+00:00,253.85
3116,2013-07-02 16:30:00+00:00,176.69
3116,2013-07-02 17:00:00+00:00,174.15
3116,2013-07-02 17:30:00+00:00,109.19
3116,2013-07-02 18:00:00+00:00,89.61
3116,2013-07-02 18:30:00+00:00,53.5
3116,2013-07-02 19:00:00+00:00,35.53
3116,2013-07-02 19:30:00+00:00,20.81
3116,2013-07-02 20:00:00+00:00,0.05
3116,2013-07-02 20:30:00+00:00,0.0
3116,2013-07-02 21:00:00+00:00,0.0
3116,2013-07-02 21:30:00+00:00,0.0
3116,2013-07-02 22:00:00+00:00,0.0
3116,2013-07-02 22:30:00+00:00,0.0
3116,2013-07-02 23:00:00+00:00,0.0
3116,2013-07-02 23:30:00+00:00,0.0
3116,2013-07-03 00:00:00+00:00,0.0
3116,2013-07-03 00:30:00+00:00,0.0
3116,2013-07-03 01:00:00+00:00,0.0
3116,2013-07-03 01:30:00+00:00,0.0
3116,2013-07-03 02:00:00+00:00,0.0
3116,2013-07-03 02:30:00+00:00,0.0
3116,2013-07-03 03:00:00+00:00,0.0
3116,2013-07-03 03:30:00+00:00,0.0
3116,2013-07-03 04:00:00+00:00,0.0
3116,2013-07-03 04:30:00+00:00,0.01
3116,2013-07-03 05:00:00+00:00,6.21
3116,2013-07-03 05:30:00+00:00,15.46
3116,2013-07-03 06:00:00+00:00,47.13
3116,2013-07-03 06:30:00+00:00,103.65
3116,2013-07-03 07:00:00+00:00,128.1
3116,2013-07-03 07:30:00+00:00,90.14
3116,2013-07-03 08:00:00+00:00,85.96
3116,2013-07-03 08:30:00+00:00,83.42
3116,2013-07-03 09:00:00+00:00,326.58
3116,2013-07-03 09:30:00+00:00,537.75
3116,2013-07-03 10:00:00+00:00,411.0
3116,2013-07-03 10:30:00+00:00,469.77
3116,2013-07-03 11:00:00+00:00,290.36
3116,2013-07-03 11:30:00+00:00,595.9
3116,2013-07-03 12:00:00+00:00,158.25
3116,2013-07-03 12:30:00+00:00,721.9
3116,2013-07-03 13:00:00+00:00,294.2
3116,2013-07-03 13:30:00+00:00,535.1
3116,2013-07-03 14:00:00+00:00,490.11
3116,2013-07-03 14:30:00+00:00,378.52
3116,2013-07-03 15:00:00+00:00,349.52
3116,2013-07-03 15:30:00+00:00,78.81
3116,2013-07-03 16:00:00+00:00,265.27
3116,2013-07-03 16:30:00+00:00,243.41
3116,2013-07-03 17:00:00+00:00,122.76
3116,2013-07-03 17:30:00+00:00,86.48
3116,2013-07-03 18:00:00+00:00,92.44
3116,2013-07-03 18:30:00+00:00,103.88
3116,2013-07-03 19:00:00+00:00,48.82
3116,2013-07-03 19:30:00+00:00,34.18
3116,2013-07-03 20:00:00+00:00,11.84
3116,2013-07-03 20:30:00+00:00,0.0
3116,2013-07-03 21:00:00+00:00,0.0
3116,2013-07-03 21:30:00+00:00,0.0
3116,2013-07-03 22:00:00+00:00,0.0
3116,2013-07-03 22:30:00+00:00,0.0
3116,2013-07-03 23:00:00+00:00,0.0
3116,2013-07-03 23:30:00+00:00,0.0
3116,2013-07-04 00:00:00+00:00,0.0
3116,2013-07-04 00:30:00+00:00,0.0
3116,2013-07-04 01:00:00+00:00,0.0
3116,2013-07-04 01:30:00+00:00,0.0
3116,2013-07-04 02:00:00+00:00,0.0
3116,2013-07-04 02:30:00+00:00,0.0
3116,2013-07-04 03:00:00+00:00,0.0
3116,2013-07-04 03:30:00+00:00,0.0
3116,2013-07-04 04:00:00+00:00,0.05
3116,2013-07-04 04:30:00+00:00,6.33
3116,2013-07-04 05:00:00+00:00,40.2
3116,2013-07-04 05:30:00+00:00,56.76
3116,2013-07-04 06:00:00+00:00,80.9
3116,2013-07-04 06:30:00+00:00,118.1
3116,2013-07-04 07:00:00+00:00,139.96
3116,2013-07-04 07:30:00+00:00,172.51
3116,2013-07-04 08:00:00+00:00,263.68
3116,2013-07-04 08:30:00+00:00,293.95
3116,2013-07-04 09:00:00+00:00,296.47
3116,2013-07-04 09:30:00+00:00,353.47
3116,2013-07-04 10:00:00+00:00,613.5
3116,2013-07-04 10:30:00+00:00,972.45
3116,2013-07-04 11:00:00+00:00,1206.1
3116,2013-07-04 11:30:00+00:00,1158.35
3116,2013-07-04 12:00:00+00:00,1139.05
3116,2013-07-04 12:30:00+00:00,828.8
3116,2013-07-04 13:00:00+00:00,765.05
3116,2013-07-04 13:30:00+00:00,1082.15
3116,2013-07-04 14:00:00+00:00,462.09
3116,2013-07-04 14:30:00+00:00,559.9
3116,2013-07-04 15:00:00+00:00,335.23
3116,2013-07-04 15:30:00+00:00,244.85
3116,2013-07-04 16:00:00+00:00,745.9
3116,2013-07-04 16:30:00+00:00,626.7
3116,2013-07-04 17:00:00+00:00,397.86
3116,2013-07-04 17:30:00+00:00,308.83
3116,2013-07-04 18:00:00+00:00,167.62
3116,2013-07-04 18:30:00+00:00,101.26
3116,2013-07-04 19:00:00+00:00,72.0
3116,2013-07-04 19:30:00+00:00,29.07
3116,2013-07-04 20:00:00+00:00,7.6
3116,2013-07-04 20:30:00+00:00,0.0
3116,2013-07-04 21:00:00+00:00,0.0
3116,2013-07-04 21:30:00+00:00,0.0
3116,2013-07-04 22:00:00+00:00,0.0
3116,2013-07-04 22:30:00+00:00,0.0
3116,2013-07-04 23:00:00+00:00,0.0
3116,2013-07-04 23:30:00+00:00,0.0
3116,2013-07-05 00:00:00+00:00,0.0
3116,2013-07-05 00:30:00+00:00,0.0
3116,2013-07-05 01:00:00+00:00,0.0
3116,2013-07-05 01:30:00+00:00,0.0
3116,2013-07-05 02:00:00+00:00,0.0
3116,2013-07-05 02:30:00+00:00,0.0
3116,2013-07-05 03:00:00+00:00,0.0
3116,2013-07-05 03:30:00+00:00,0.0
3116,2013-07-05 04:00:00+00:00,0.0
3116,2013-07-05 04:30:00+00:00,2.91
3116,2013-07-05 05:00:00+00:00,20.54
3116,2013-07-05 05:30:00+00:00,62.63
3116,2013-07-05 06:00:00+00:00,149.54
3116,2013-07-05 06:30:00+00:00,272.44
3116,2013-07-05 07:00:00+00:00,479.61
3116,2013-07-05 07:30:00+00:00,375.73
3116,2013-07-05 08:00:00+00:00,450.35
3116,2013-07-05 08:30:00+00:00,763.8
3116,2013-07-05 09:00:00+00:00,1000.4
3116,2013-07-05 09:30:00+00:00,1105.55
3116,2013-07-05 10:00:00+00:00,1156.9
3116,2013-07-05 10:30:00+00:00,1203.7
3116,2013-07-05 11:00:00+00:00,790.3
3116,2013-07-05 11:30:00+00:00,1055.65
3116,2013-07-05 12:00:00+00:00,911.1
3116,2013-07-05 12:30:00+00:00,880.55
3116,2013-07-05 13:00:00+00:00,1223.8
3116,2013-07-05 13:30:00+00:00,1195.6
3116,2013-07-05 14:00:00+00:00,1138.45
3116,2013-07-05 14:30:00+00:00,1128.55
3116,2013-07-05 15:00:00+00:00,982.4
3116,2013-07-05 15:30:00+00:00,876.9
3116,2013-07-05 16:00:00+00:00,726.2
3116,2013-07-05 16:30:00+00:00,568.8
3116,2013-07-05 17:00:00+00:00,418.37
3116,2013-07-05 17:30:00+00:00,273.52
3116,2013-07-05 18:00:00+00:00,163.47
3116,2013-07-05 18:30:00+00:00,96.17
3116,2013-07-05 19:00:00+00:00,61.39
3116,2013-07-05 19:30:00+00:00,24.36
3116,2013-07-05 20:00:00+00:00,4.12
3116,2013-07-05 20:30:00+00:00,0.0
3116,2013-07-05 21:00:00+00:00,0.0
3116,2013-07-05 21:30:00+00:00,0.0
3116,2013-07-05 22:00:00+00:00,0.0
3116,2013-07-05 22:30:00+00:00,0.0
3116,2013-07-05 23:00:00+00:00,0.0
3116,2013-07-05 23:30:00+00:00,0.0
3116,2013-07-06 00:00:00+00:00,0.0
3116,2013-07-06 00:30:00+00:00,0.0
3116,2013-07-06 01:00:00+00:00,0.0
3116,2013-07-06 01:30:00+00:00,0.0
3116,2013-07-06 02:00:00+00:00,0.0
3116,2013-07-06 02:30:00+00:00,0.0
3116,2013-07-06 03:00:00+00:00,0.0
3116,2013-07-06 03:30:00+00:00,0.0
3116,2013-07-06 04:00:00+00:00,0.03
3116,2013-07-06 04:30:00+00:00,6.49
3116,2013-07-06 05:00:00+00:00,36.4
3116,2013-07-06 05:30:00+00:00,78.32
3116,2013-07-06 06:00:00+00:00,161.8
3116,2013-07-06 06:30:00+00:00,324.04
3116,2013-07-06 07:00:00+00:00,498.27
3116,2013-07-06 07:30:00+00:00,656.65
3116,2013-07-06 08:00:00+00:00,795.2
3116,2013-07-06 08:30:00+00:00,923.8
3116,2013-07-06 09:00:00+00:00,1039.0
3116,2013-07-06 09:30:00+00:00,1109.25
3116,2013-07-06 10:00:00+00:00,1234.95
3116,2013-07-06 10:30:00+00:00,1301.65
3116,2013-07-06 11:00:00+00:00,1238.2
3116,2013-07-06 11:30:00+00:00,1351.25
3116,2013-07-06 12:00:00+00:00,1374.05
3116,2013-07-06 12:30:00+00:00,1381.65
3116,2013-07-06 13:00:00+00:00,1326.65
3116,2013-07-06 13:30:00+00:00,1272.75
3116,2013-07-06 14:00:00+00:00,1180.55
3116,2013-07-06 14:30:00+00:00,1084.75
3116,2013-07-06 15:00:00+00:00,994.15
3116,2013-07-06 15:30:00+00:00,891.2
3116,2013-07-06 16:00:00+00:00,794.1
3116,2013-07-06 16:30:00+00:00,583.0
3116,2013-07-06 17:00:00+00:00,432.29
3116,2013-07-06 17:30:00+00:00,275.34
3116,2013-07-06 18:00:00+00:00,151.07
3116,2013-07-06 18:30:00+00:00,82.36
3116,2013-07-06 19:00:00+00:00,50.65
3116,2013-07-06 19:30:00+00:00,25.4
3116,2013-07-06 20:00:00+00:00,8.05
3116,2013-07-06 20:30:00+00:00,0.0
3116,2013-07-06 21:00:00+00:00,0.0
3116,2013-07-06 21:30:00+00:00,0.0
3116,2013-07-06 22:00:00+00:00,0.0
3116,2013-07-06 22:30:00+00:00,0.0
3116,2013-07-06 23:00:00+00:00,0.0
3116,2013-07-06 23:30:00+00:00,0.0
3116,2013-07-07 00:00:00+00:00,0.0
3116,2013-07-07 00:30:00+00:00,0.0
3116,2013-07-07 01:00:00+00:00,0.0
3116,2013-07-07 01:30:00+00:00,0.0
3116,2013-07-07 02:00:00+00:00,0.0
3116,2013-07-07 02:30:00+00:00,0.0
3116,2013-07-07 03:00:00+00:00,0.0
3116,2013-07-07 03:30:00+00:00,0.0
3116,2013-07-07 04:00:00+00:00,0.03
3116,2013-07-07 04:30:00+00:00,3.69
3116,2013-07-07 05:00:00+00:00,28.97
3116,2013-07-07 05:30:00+00:00,74.58
3116,2013-07-07 06:00:00+00:00,154.43
3116,2013-07-07 06:30:00+00:00,302.98
3116,2013-07-07 07:00:00+00:00,469.88
3116,2013-07-07 07:30:00+00:00,635.35
3116,2013-07-07 08:00:00+00:00,790.3
3116,2013-07-07 08:30:00+00:00,927.95
3116,2013-07-07 09:00:00+00:00,1002.85
3116,2013-07-07 09:30:00+00:00,1094.5
3116,2013-07-07 10:00:00+00:00,1178.25
3116,2013-07-07 10:30:00+00:00,1184.95
3116,2013-07-07 11:00:00+00:00,1298.75
3116,2013-07-07 11:30:00+00:00,1343.35
3116,2013-07-07 12:00:00+00:00,1301.65
3116,2013-07-07 12:30:00+00:00,1326.2
3116,2013-07-07 13:00:00+00:00,1280.4
3116,2013-07-07 13:30:00+00:00,1241.6
3116,2013-07-07 14:00:00+00:00,1184.6
3116,2013-07-07 14:30:00+00:00,1095.2
3116,2013-07-07 15:00:00+00:00,996.6
3116,2013-07-07 15:30:00+00:00,880.4
3116,2013-07-07 16:00:00+00:00,740.7
3116,2013-07-07 16:30:00+00:00,592.2
3116,2013-07-07 17:00:00+00:00,433.8
3116,2013-07-07 17:30:00+00:00,279.7
3116,2013-07-07 18:00:00+00:00,152.96
3116,2013-07-07 18:30:00+00:00,80.55
3116,2013-07-07 19:00:00+00:00,55.8
3116,2013-07-07 19:30:00+00:00,32.13
3116,2013-07-07 20:00:00+00:00,8.96
3116,2013-07-07 20:30:00+00:00,0.0
3116,2013-07-07 21:00:00+00:00,0.0
3116,2013-07-07 21:30:00+00:00,0.0
3116,2013-07-07 22:00:00+00:00,0.0
3116,2013-07-07 22:30:00+00:00,0.0
3116,2013-07-07 23:00:00+00:00,0.0
3116,2013-07-07 23:30:00+00:00,0.0
3116,2013-07-08 00:00:00+00:00,0.0
3116,2013-07-08 00:30:00+00:00,0.0
3116,2013-07-08 01:00:00+00:00,0.0
3116,2013-07-08 01:30:00+00:00,0.0
3116,2013-07-08 02:00:00+00:00,0.0
3116,2013-07-08 02:30:00+00:00,0.0
3116,2013-07-08 03:00:00+00:00,0.0
3116,2013-07-08 03:30:00+00:00,0.0
3116,2013-07-08 04:00:00+00:00,0.03
3116,2013-07-08 04:30:00+00:00,4.32
3116,2013-07-08 05:00:00+00:00,28.0
3116,2013-07-08 05:30:00+00:00,67.23
3116,2013-07-08 06:00:00+00:00,139.7
3116,2013-07-08 06:30:00+00:00,295.26
3116,2013-07-08 07:00:00+00:00,476.83
3116,2013-07-08 07:30:00+00:00,649.2
3116,2013-07-08 08:00:00+00:00,803.95
3116,2013-07-08 08:30:00+00:00,944.0
3116,2013-07-08 09:00:00+00:00,1060.35
3116,2013-07-08 09:30:00+00:00,1156.75
3116,2013-07-08 10:00:00+00:00,1232.0
3116,2013-07-08 10:30:00+00:00,1291.75
3116,2013-07-08 11:00:00+00:00,1330.6
3116,2013-07-08 11:30:00+00:00,1347.95
3116,2013-07-08 12:00:00+00:00,1352.0
3116,2013-07-08 12:30:00+00:00,1339.15
3116,2013-07-08 13:00:00+00:00,1308.35
3116,2013-07-08 13:30:00+00:00,1252.7
3116,2013-07-08 14:00:00+00:00,1186.05
3116,2013-07-08 14:30:00+00:00,1100.9
3116,2013-07-08 15:00:00+00:00,998.35
3116,2013-07-08 15:30:00+00:00,879.05
3116,2013-07-08 16:00:00+00:00,739.45
3116,2013-07-08 16:30:00+00:00,583.4
3116,2013-07-08 17:00:00+00:00,421.52
3116,2013-07-08 17:30:00+00:00,270.15
3116,2013-07-08 18:00:00+00:00,144.28
3116,2013-07-08 18:30:00+00:00,72.51
3116,2013-07-08 19:00:00+00:00,43.64
3116,2013-07-08 19:30:00+00:00,23.86
3116,2013-07-08 20:00:00+00:00,5.5
3116,2013-07-08 20:30:00+00:00,0.0
3116,2013-07-08 21:00:00+00:00,0.0
3116,2013-07-08 21:30:00+00:00,0.0
3116,2013-07-08 22:00:00+00:00,0.0
3116,2013-07-08 22:30:00+00:00,0.0
3116,2013-07-08 23:00:00+00:00,0.0
3116,2013-07-08 23:30:00+00:00,0.0
3116,2013-07-09 00:00:00+00:00,0.0
3116,2013-07-09 00:30:00+00:00,0.0
3116,2013-07-09 01:00:00+00:00,0.0
3116,2013-07-09 01:30:00+00:00,0.0
3116,2013-07-09 02:00:00+00:00,0.0
3116,2013-07-09 02:30:00+00:00,0.0
3116,2013-07-09 03:00:00+00:00,0.0
3116,2013-07-09 03:30:00+00:00,0.0
3116,2013-07-09 04:00:00+00:00,0.03
3116,2013-07-09 04:30:00+00:00,3.5
3116,2013-07-09 05:00:00+00:00,28.55
3116,2013-07-09 05:30:00+00:00,70.96
3116,2013-07-09 06:00:00+00:00,149.23
3116,2013-07-09 06:30:00+00:00,306.79
3116,2013-07-09 07:00:00+00:00,483.78
3116,2013-07-09 07:30:00+00:00,647.6
3116,2013-07-09 08:00:00+00:00,802.45
3116,2013-07-09 08:30:00+00:00,937.4
3116,2013-07-09 09:00:00+00:00,1060.15
3116,2013-07-09 09:30:00+00:00,1155.35
3116,2013-07-09 10:00:00+00:00,1237.2
3116,2013-07-09 10:30:00+00:00,1288.7
3116,2013-07-09 11:00:00+00:00,1331.35
3116,2013-07-09 11:30:00+00:00,1355.45
3116,2013-07-09 12:00:00+00:00,1356.45
3116,2013-07-09 12:30:00+00:00,1346.1
3116,2013-07-09 13:00:00+00:00,1303.4
3116,2013-07-09 13:30:00+00:00,1259.25
3116,2013-07-09 14:00:00+00:00,1191.0
3116,2013-07-09 14:30:00+00:00,1104.25
3116,2013-07-09 15:00:00+00:00,1004.5
3116,2013-07-09 15:30:00+00:00,875.6
3116,2013-07-09 16:00:00+00:00,738.9
3116,2013-07-09 16:30:00+00:00,583.9
3116,2013-07-09 17:00:00+00:00,427.06
3116,2013-07-09 17:30:00+00:00,279.82
3116,2013-07-09 18:00:00+00:00,156.89
3116,2013-07-09 18:30:00+00:00,87.11
3116,2013-07-09 19:00:00+00:00,56.5
3116,2013-07-09 19:30:00+00:00,29.66
3116,2013-07-09 20:00:00+00:00,5.47
3116,2013-07-09 20:30:00+00:00,0.0
3116,2013-07-09 21:00:00+00:00,0.0
3116,2013-07-09 21:30:00+00:00,0.0
3116,2013-07-09 22:00:00+00:00,0.0
3116,2013-07-09 22:30:00+00:00,0.0
3116,2013-07-09 23:00:00+00:00,0.0
3116,2013-07-09 23:30:00+00:00,0.0
3116,2013-07-10 00:00:00+00:00,0.0
3116,2013-07-10 00:30:00+00:00,0.0
3116,2013-07-10 01:00:00+00:00,0.0
3116,2013-07-10 01:30:00+00:00,0.0
3116,2013-07-10 02:00:00+00:00,0.0
3116,2013-07-10 02:30:00+00:00,0.0
3116,2013-07-10 03:00:00+00:00,0.0
3116,2013-07-10 03:30:00+00:00,0.0
3116,2013-07-10 04:00:00+00:00,0.01
3116,2013-07-10 04:30:00+00:00,1.91
3116,2013-07-10 05:00:00+00:00,26.19
3116,2013-07-10 05:30:00+00:00,68.17
3116,2013-07-10 06:00:00+00:00,141.65
3116,2013-07-10 06:30:00+00:00,294.76
3116,2013-07-10 07:00:00+00:00,481.69
3116,2013-07-10 07:30:00+00:00,652.4
3116,2013-07-10 08:00:00+00:00,797.25
3116,2013-07-10 08:30:00+00:00,934.35
3116,2013-07-10 09:00:00+00:00,1072.55
3116,2013-07-10 09:30:00+00:00,1043.05
3116,2013-07-10 10:00:00+00:00,1005.75
3116,2013-07-10 10:30:00+00:00,946.65
3116,2013-07-10 11:00:00+00:00,1172.5
3116,2013-07-10 11:30:00+00:00,1020.95
3116,2013-07-10 12:00:00+00:00,956.1
3116,2013-07-10 12:30:00+00:00,758.15
3116,2013-07-10 13:00:00+00:00,850.45
3116,2013-07-10 13:30:00+00:00,1020.8
3116,2013-07-10 14:00:00+00:00,942.3
3116,2013-07-10 14:30:00+00:00,969.85
3116,2013-07-10 15:00:00+00:00,996.75
3116,2013-07-10 15:30:00+00:00,920.05
3116,2013-07-10 16:00:00+00:00,776.15
3116,2013-07-10 16:30:00+00:00,625.2
3116,2013-07-10 17:00:00+00:00,449.71
3116,2013-07-10 17:30:00+00:00,296.61
3116,2013-07-10 18:00:00+00:00,151.96
3116,2013-07-10 18:30:00+00:00,69.25
3116,2013-07-10 19:00:00+00:00,40.98
3116,2013-07-10 19:30:00+00:00,23.19
3116,2013-07-10 20:00:00+00:00,4.53
3116,2013-07-10 20:30:00+00:00,0.0
3116,2013-07-10 21:00:00+00:00,0.0
3116,2013-07-10 21:30:00+00:00,0.0
3116,2013-07-10 22:00:00+00:00,0.0
3116,2013-07-10 22:30:00+00:00,0.0
3116,2013-07-10 23:00:00+00:00,0.0
3116,2013-07-10 23:30:00+00:00,0.0
3116,2013-07-11 00:00:00+00:00,0.0
3116,2013-07-11 00:30:00+00:00,0.0
3116,2013-07-11 01:00:00+00:00,0.0
3116,2013-07-11 01:30:00+00:00,0.0
3116,2013-07-11 02:00:00+00:00,0.0
3116,2013-07-11 02:30:00+00:00,0.0
3116,2013-07-11 03:00:00+00:00,0.0
3116,2013-07-11 03:30:00+00:00,0.0
3116,2013-07-11 04:00:00+00:00,0.0
3116,2013-07-11 04:30:00+00:00,0.04
3116,2013-07-11 05:00:00+00:00,3.34
3116,2013-07-11 05:30:00+00:00,30.33
3116,2013-07-11 06:00:00+00:00,57.2
3116,2013-07-11 06:30:00+00:00,101.49
3116,2013-07-11 07:00:00+00:00,146.8
3116,2013-07-11 07:30:00+00:00,210.4
3116,2013-07-11 08:00:00+00:00,258.1
3116,2013-07-11 08:30:00+00:00,358.66
3116,2013-07-11 09:00:00+00:00,401.17
3116,2013-07-11 09:30:00+00:00,627.25
3116,2013-07-11 10:00:00+00:00,962.05
3116,2013-07-11 10:30:00+00:00,1415.35
3116,2013-07-11 11:00:00+00:00,1432.7
3116,2013-07-11 11:30:00+00:00,1323.45
3116,2013-07-11 12:00:00+00:00,1385.95
3116,2013-07-11 12:30:00+00:00,1351.9
3116,2013-07-11 13:00:00+00:00,1336.35
3116,2013-07-11 13:30:00+00:00,1278.5
3116,2013-07-11 14:00:00+00:00,1211.75
3116,2013-07-11 14:30:00+00:00,1123.8
3116,2013-07-11 15:00:00+00:00,1026.2
3116,2013-07-11 15:30:00+00:00,899.55
3116,2013-07-11 16:00:00+00:00,742.55
3116,2013-07-11 16:30:00+00:00,605.6
3116,2013-07-11 17:00:00+00:00,445.43
3116,2013-07-11 17:30:00+00:00,281.74
3116,2013-07-11 18:00:00+00:00,147.79
3116,2013-07-11 18:30:00+00:00,74.44
3116,2013-07-11 19:00:00+00:00,44.32
3116,2013-07-11 19:30:00+00:00,23.46
3116,2013-07-11 20:00:00+00:00,7.29
3116,2013-07-11 20:30:00+00:00,0.0
3116,2013-07-11 21:00:00+00:00,0.0
3116,2013-07-11 21:30:00+00:00,0.0
3116,2013-07-11 22:00:00+00:00,0.0
3116,2013-07-11 22:30:00+00:00,0.0
3116,2013-07-11 23:00:00+00:00,0.0
3116,2013-07-11 23:30:00+00:00,0.0
3116,2013-07-12 00:00:00+00:00,0.0
3116,2013-07-12 00:30:00+00:00,0.0
3116,2013-07-12 01:00:00+00:00,0.0
3116,2013-07-12 01:30:00+00:00,0.0
3116,2013-07-12 02:00:00+00:00,0.0
3116,2013-07-12 02:30:00+00:00,0.0
3116,2013-07-12 03:00:00+00:00,0.0
3116,2013-07-12 03:30:00+00:00,0.0
3116,2013-07-12 04:00:00+00:00,0.0
3116,2013-07-12 04:30:00+00:00,0.02
3116,2013-07-12 05:00:00+00:00,0.92
3116,2013-07-12 05:30:00+00:00,14.7
3116,2013-07-12 06:00:00+00:00,37.97
3116,2013-07-12 06:30:00+00:00,58.02
3116,2013-07-12 07:00:00+00:00,69.71
3116,2013-07-12 07:30:00+00:00,91.0
3116,2013-07-12 08:00:00+00:00,125.02
3116,2013-07-12 08:30:00+00:00,210.96
3116,2013-07-12 09:00:00+00:00,257.52
3116,2013-07-12 09:30:00+00:00,352.98
3116,2013-07-12 10:00:00+00:00,338.8
3116,2013-07-12 10:30:00+00:00,466.47
3116,2013-07-12 11:00:00+00:00,664.0
3116,2013-07-12 11:30:00+00:00,755.65
3116,2013-07-12 12:00:00+00:00,1247.05
3116,2013-07-12 12:30:00+00:00,1338.05
3116,2013-07-12 13:00:00+00:00,1265.3
3116,2013-07-12 13:30:00+00:00,1163.75
3116,2013-07-12 14:00:00+00:00,1120.6
3116,2013-07-12 14:30:00+00:00,1045.05
3116,2013-07-12 15:00:00+00:00,968.55
3116,2013-07-12 15:30:00+00:00,839.55
3116,2013-07-12 16:00:00+00:00,725.7
3116,2013-07-12 16:30:00+00:00,501.9
3116,2013-07-12 17:00:00+00:00,362.28
3116,2013-07-12 17:30:00+00:00,322.06
3116,2013-07-12 18:00:00+00:00,162.89
3116,2013-07-12 18:30:00+00:00,132.83
3116,2013-07-12 19:00:00+00:00,64.89
3116,2013-07-12 19:30:00+00:00,29.4
3116,2013-07-12 20:00:00+00:00,4.74
3116,2013-07-12 20:30:00+00:00,0.0
3116,2013-07-12 21:00:00+00:00,0.0
3116,2013-07-12 21:30:00+00:00,0.0
3116,2013-07-12 22:00:00+00:00,0.0
3116,2013-07-12 22:30:00+00:00,0.0
3116,2013-07-12 23:00:00+00:00,0.0
3116,2013-07-12 23:30:00+00:00,0.0
3116,2013-07-13 00:00:00+00:00,0.0
3116,2013-07-13 00:30:00+00:00,0.0
3116,2013-07-13 01:00:00+00:00,0.0
3116,2013-07-13 01:30:00+00:00,0.0
3116,2013-07-13 02:00:00+00:00,0.0
3116,2013-07-13 02:30:00+00:00,0.0
3116,2013-07-13 03:00:00+00:00,0.0
3116,2013-07-13 03:30:00+00:00,0.0
3116,2013-07-13 04:00:00+00:00,0.0
3116,2013-07-13 04:30:00+00:00,1.4
3116,2013-07-13 05:00:00+00:00,33.57
3116,2013-07-13 05:30:00+00:00,89.85
3116,2013-07-13 06:00:00+00:00,155.42
3116,2013-07-13 06:30:00+00:00,232.13
3116,2013-07-13 07:00:00+00:00,344.56
3116,2013-07-13 07:30:00+00:00,495.81
3116,2013-07-13 08:00:00+00:00,664.45
3116,2013-07-13 08:30:00+00:00,812.6
3116,2013-07-13 09:00:00+00:00,929.1
3116,2013-07-13 09:30:00+00:00,1053.4
3116,2013-07-13 10:00:00+00:00,1136.35
3116,2013-07-13 10:30:00+00:00,1202.45
3116,2013-07-13 11:00:00+00:00,1236.35
3116,2013-07-13 11:30:00+00:00,1257.15
3116,2013-07-13 12:00:00+00:00,1266.2
3116,2013-07-13 12:30:00+00:00,1195.85
3116,2013-07-13 13:00:00+00:00,1164.4
3116,2013-07-13 13:30:00+00:00,1162.35
3116,2013-07-13 14:00:00+00:00,1100.95
3116,2013-07-13 14:30:00+00:00,1030.7
3116,2013-07-13 15:00:00+00:00,980.6
3116,2013-07-13 15:30:00+00:00,856.45
3116,2013-07-13 16:00:00+00:00,707.2
3116,2013-07-13 16:30:00+00:00,566.65
3116,2013-07-13 17:00:00+00:00,412.91
3116,2013-07-13 17:30:00+00:00,265.19
3116,2013-07-13 18:00:00+00:00,145.22
3116,2013-07-13 18:30:00+00:00,71.96
3116,2013-07-13 19:00:00+00:00,45.52
3116,2013-07-13 19:30:00+00:00,18.04
3116,2013-07-13 20:00:00+00:00,0.51
3116,2013-07-13 20:30:00+00:00,0.0
3116,2013-07-13 21:00:00+00:00,0.0
3116,2013-07-13 21:30:00+00:00,0.0
3116,2013-07-13 22:00:00+00:00,0.0
3116,2013-07-13 22:30:00+00:00,0.0
3116,2013-07-13 23:00:00+00:00,0.0
3116,2013-07-13 23:30:00+00:00,0.0
3116,2013-07-14 00:00:00+00:00,0.0
3116,2013-07-14 00:30:00+00:00,0.0
3116,2013-07-14 01:00:00+00:00,0.0
3116,2013-07-14 01:30:00+00:00,0.0
3116,2013-07-14 02:00:00+00:00,0.0
3116,2013-07-14 02:30:00+00:00,0.0
3116,2013-07-14 03:00:00+00:00,0.0
3116,2013-07-14 03:30:00+00:00,0.0
3116,2013-07-14 04:00:00+00:00,0.0
3116,2013-07-14 04:30:00+00:00,1.08
3116,2013-07-14 05:00:00+00:00,33.06
3116,2013-07-14 05:30:00+00:00,101.7
3116,2013-07-14 06:00:00+00:00,128.71
3116,2013-07-14 06:30:00+00:00,206.07
3116,2013-07-14 07:00:00+00:00,333.74
3116,2013-07-14 07:30:00+00:00,472.15
3116,2013-07-14 08:00:00+00:00,658.9
3116,2013-07-14 08:30:00+00:00,746.55
3116,2013-07-14 09:00:00+00:00,813.1
3116,2013-07-14 09:30:00+00:00,995.0
3116,2013-07-14 10:00:00+00:00,840.35
3116,2013-07-14 10:30:00+00:00,1107.95
3116,2013-07-14 11:00:00+00:00,1039.1
3116,2013-07-14 11:30:00+00:00,1308.85
3116,2013-07-14 12:00:00+00:00,1041.5
3116,2013-07-14 12:30:00+00:00,1049.55
3116,2013-07-14 13:00:00+00:00,1168.3
3116,2013-07-14 13:30:00+00:00,1192.95
3116,2013-07-14 14:00:00+00:00,1092.6
3116,2013-07-14 14:30:00+00:00,1046.4
3116,2013-07-14 15:00:00+00:00,920.25
3116,2013-07-14 15:30:00+00:00,789.7
3116,2013-07-14 16:00:00+00:00,534.1
3116,2013-07-14 16:30:00+00:00,561.6
3116,2013-07-14 17:00:00+00:00,379.28
3116,2013-07-14 17:30:00+00:00,259.22
3116,2013-07-14 18:00:00+00:00,153.09
3116,2013-07-14 18:30:00+00:00,113.97
3116,2013-07-14 19:00:00+00:00,74.52
3116,2013-07-14 19:30:00+00:00,36.45
3116,2013-07-14 20:00:00+00:00,3.08
3116,2013-07-14 20:30:00+00:00,0.0
3116,2013-07-14 21:00:00+00:00,0.0
3116,2013-07-14 21:30:00+00:00,0.0
3116,2013-07-14 22:00:00+00:00,0.0
3116,2013-07-14 22:30:00+00:00,0.0
3116,2013-07-14 23:00:00+00:00,0.0
3116,2013-07-14 23:30:00+00:00,0.0
3116,2013-07-15 00:00:00+00:00,0.0
3116,2013-07-15 00:30:00+00:00,0.0
3116,2013-07-15 01:00:00+00:00,0.0
3116,2013-07-15 01:30:00+00:00,0.0
3116,2013-07-15 02:00:00+00:00,0.0
3116,2013-07-15 02:30:00+00:00,0.0
3116,2013-07-15 03:00:00+00:00,0.0
3116,2013-07-15 03:30:00+00:00,0.0
3116,2013-07-15 04:00:00+00:00,0.0
3116,2013-07-15 04:30:00+00:00,1.36
3116,2013-07-15 05:00:00+00:00,23.38
3116,2013-07-15 05:30:00+00:00,55.37
3116,2013-07-15 06:00:00+00:00,123.37
3116,2013-07-15 06:30:00+00:00,274.37
3116,2013-07-15 07:00:00+00:00,470.14
3116,2013-07-15 07:30:00+00:00,641.4
3116,2013-07-15 08:00:00+00:00,809.15
3116,2013-07-15 08:30:00+00:00,912.45
3116,2013-07-15 09:00:00+00:00,1039.9
3116,2013-07-15 09:30:00+00:00,1140.5
3116,2013-07-15 10:00:00+00:00,1203.3
3116,2013-07-15 10:30:00+00:00,1265.95
3116,2013-07-15 11:00:00+00:00,1296.65
3116,2013-07-15 11:30:00+00:00,1309.6
3116,2013-07-15 12:00:00+00:00,1315.4
3116,2013-07-15 12:30:00+00:00,1302.3
3116,2013-07-15 13:00:00+00:00,1158.95
3116,2013-07-15 13:30:00+00:00,1140.9
3116,2013-07-15 14:00:00+00:00,1178.25
3116,2013-07-15 14:30:00+00:00,705.05
3116,2013-07-15 15:00:00+00:00,661.75
3116,2013-07-15 15:30:00+00:00,780.85
3116,2013-07-15 16:00:00+00:00,765.3
3116,2013-07-15 16:30:00+00:00,512.15
3116,2013-07-15 17:00:00+00:00,430.55
3116,2013-07-15 17:30:00+00:00,294.48
3116,2013-07-15 18:00:00+00:00,216.31
3116,2013-07-15 18:30:00+00:00,133.44
3116,2013-07-15 19:00:00+00:00,78.83
3116,2013-07-15 19:30:00+00:00,26.3
3116,2013-07-15 20:00:00+00:00,2.56
3116,2013-07-15 20:30:00+00:00,0.0
3116,2013-07-15 21:00:00+00:00,0.0
3116,2013-07-15 21:30:00+00:00,0.0
3116,2013-07-15 22:00:00+00:00,0.0
3116,2013-07-15 22:30:00+00:00,0.0
3116,2013-07-15 23:00:00+00:00,0.0
3116,2013-07-15 23:30:00+00:00,0.0
3116,2013-07-16 00:00:00+00:00,0.0
3116,2013-07-16 00:30:00+00:00,0.0
3116,2013-07-16 01:00:00+00:00,0.0
3116,2013-07-16 01:30:00+00:00,0.0
3116,2013-07-16 02:00:00+00:00,0.0
3116,2013-07-16 02:30:00+00:00,0.0
3116,2013-07-16 03:00:00+00:00,0.0
3116,2013-07-16 03:30:00+00:00,0.0
3116,2013-07-16 04:00:00+00:00,0.0
3116,2013-07-16 04:30:00+00:00,0.22
3116,2013-07-16 05:00:00+00:00,20.22
3116,2013-07-16 05:30:00+00:00,64.17
3116,2013-07-16 06:00:00+00:00,134.28
3116,2013-07-16 06:30:00+00:00,231.5
3116,2013-07-16 07:00:00+00:00,328.96
3116,2013-07-16 07:30:00+00:00,362.78
3116,2013-07-16 08:00:00+00:00,476.9
3116,2013-07-16 08:30:00+00:00,532.6
3116,2013-07-16 09:00:00+00:00,575.5
3116,2013-07-16 09:30:00+00:00,791.8
3116,2013-07-16 10:00:00+00:00,894.5
3116,2013-07-16 10:30:00+00:00,1055.15
3116,2013-07-16 11:00:00+00:00,1122.2
3116,2013-07-16 11:30:00+00:00,1157.45
3116,2013-07-16 12:00:00+00:00,1099.25
3116,2013-07-16 12:30:00+00:00,1065.3
3116,2013-07-16 13:00:00+00:00,1081.6
3116,2013-07-16 13:30:00+00:00,976.8
3116,2013-07-16 14:00:00+00:00,861.8
3116,2013-07-16 14:30:00+00:00,856.9
3116,2013-07-16 15:00:00+00:00,817.65
3116,2013-07-16 15:30:00+00:00,690.8
3116,2013-07-16 16:00:00+00:00,579.15
3116,2013-07-16 16:30:00+00:00,393.76
3116,2013-07-16 17:00:00+00:00,281.99
3116,2013-07-16 17:30:00+00:00,197.88
3116,2013-07-16 18:00:00+00:00,167.42
3116,2013-07-16 18:30:00+00:00,118.88
3116,2013-07-16 19:00:00+00:00,60.06
3116,2013-07-16 19:30:00+00:00,13.23
3116,2013-07-16 20:00:00+00:00,0.0
3116,2013-07-16 20:30:00+00:00,0.0
3116,2013-07-16 21:00:00+00:00,0.0
3116,2013-07-16 21:30:00+00:00,0.0
3116,2013-07-16 22:00:00+00:00,0.0
3116,2013-07-16 22:30:00+00:00,0.0
3116,2013-07-16 23:00:00+00:00,0.0
3116,2013-07-16 23:30:00+00:00,0.0
3116,2013-07-17 00:00:00+00:00,0.0
3116,2013-07-17 00:30:00+00:00,0.0
3116,2013-07-17 01:00:00+00:00,0.0
3116,2013-07-17 01:30:00+00:00,0.0
3116,2013-07-17 02:00:00+00:00,0.0
3116,2013-07-17 02:30:00+00:00,0.0
3116,2013-07-17 03:00:00+00:00,0.0
3116,2013-07-17 03:30:00+00:00,0.0
3116,2013-07-17 04:00:00+00:00,0.0
3116,2013-07-17 04:30:00+00:00,0.04
3116,2013-07-17 05:00:00+00:00,14.17
3116,2013-07-17 05:30:00+00:00,58.15
3116,2013-07-17 06:00:00+00:00,99.72
3116,2013-07-17 06:30:00+00:00,164.37
3116,2013-07-17 07:00:00+00:00,386.93
3116,2013-07-17 07:30:00+00:00,590.35
3116,2013-07-17 08:00:00+00:00,746.95
3116,2013-07-17 08:30:00+00:00,884.75
3116,2013-07-17 09:00:00+00:00,951.5
3116,2013-07-17 09:30:00+00:00,997.3
3116,2013-07-17 10:00:00+00:00,1136.45
3116,2013-07-17 10:30:00+00:00,1213.75
3116,2013-07-17 11:00:00+00:00,1253.75
3116,2013-07-17 11:30:00+00:00,1321.15
3116,2013-07-17 12:00:00+00:00,1304.7
3116,2013-07-17 12:30:00+00:00,1264.55
3116,2013-07-17 13:00:00+00:00,1227.3
3116,2013-07-17 13:30:00+00:00,1188.8
3116,2013-07-17 14:00:00+00:00,1163.2
3116,2013-07-17 14:30:00+00:00,1057.65
3116,2013-07-17 15:00:00+00:00,965.75
3116,2013-07-17 15:30:00+00:00,842.0
3116,2013-07-17 16:00:00+00:00,708.5
3116,2013-07-17 16:30:00+00:00,559.25
3116,2013-07-17 17:00:00+00:00,406.29
3116,2013-07-17 17:30:00+00:00,255.03
3116,2013-07-17 18:00:00+00:00,138.93
3116,2013-07-17 18:30:00+00:00,74.24
3116,2013-07-17 19:00:00+00:00,47.27
3116,2013-07-17 19:30:00+00:00,20.3
3116,2013-07-17 20:00:00+00:00,1.4
3116,2013-07-17 20:30:00+00:00,0.0
3116,2013-07-17 21:00:00+00:00,0.0
3116,2013-07-17 21:30:00+00:00,0.0
3116,2013-07-17 22:00:00+00:00,0.0
3116,2013-07-17 22:30:00+00:00,0.0
3116,2013-07-17 23:00:00+00:00,0.0
3116,2013-07-17 23:30:00+00:00,0.0
3116,2013-07-18 00:00:00+00:00,0.0
3116,2013-07-18 00:30:00+00:00,0.0
3116,2013-07-18 01:00:00+00:00,0.0
3116,2013-07-18 01:30:00+00:00,0.0
3116,2013-07-18 02:00:00+00:00,0.0
3116,2013-07-18 02:30:00+00:00,0.0
3116,2013-07-18 03:00:00+00:00,0.0
3116,2013-07-18 03:30:00+00:00,0.0
3116,2013-07-18 04:00:00+00:00,0.0
3116,2013-07-18 04:30:00+00:00,0.93
3116,2013-07-18 05:00:00+00:00,20.54
3116,2013-07-18 05:30:00+00:00,64.31
3116,2013-07-18 06:00:00+00:00,135.09
3116,2013-07-18 06:30:00+00:00,255.28
3116,2013-07-18 07:00:00+00:00,409.48
3116,2013-07-18 07:30:00+00:00,579.85
3116,2013-07-18 08:00:00+00:00,746.7
3116,2013-07-18 08:30:00+00:00,893.65
3116,2013-07-18 09:00:00+00:00,1011.8
3116,2013-07-18 09:30:00+00:00,1114.4
3116,2013-07-18 10:00:00+00:00,1189.5
3116,2013-07-18 10:30:00+00:00,1238.0
3116,2013-07-18 11:00:00+00:00,1280.9
3116,2013-07-18 11:30:00+00:00,1298.4
3116,2013-07-18 12:00:00+00:00,1276.95
3116,2013-07-18 12:30:00+00:00,1285.4
3116,2013-07-18 13:00:00+00:00,1028.7
3116,2013-07-18 13:30:00+00:00,1173.85
3116,2013-07-18 14:00:00+00:00,1194.0
3116,2013-07-18 14:30:00+00:00,1118.0
3116,2013-07-18 15:00:00+00:00,1006.75
3116,2013-07-18 15:30:00+00:00,885.25
3116,2013-07-18 16:00:00+00:00,747.9
3116,2013-07-18 16:30:00+00:00,592.65
3116,2013-07-18 17:00:00+00:00,425.57
3116,2013-07-18 17:30:00+00:00,262.68
3116,2013-07-18 18:00:00+00:00,125.58
3116,2013-07-18 18:30:00+00:00,52.15
3116,2013-07-18 19:00:00+00:00,32.58
3116,2013-07-18 19:30:00+00:00,17.81
3116,2013-07-18 20:00:00+00:00,2.26
3116,2013-07-18 20:30:00+00:00,0.0
3116,2013-07-18 21:00:00+00:00,0.0
3116,2013-07-18 21:30:00+00:00,0.0
3116,2013-07-18 22:00:00+00:00,0.0
3116,2013-07-18 22:30:00+00:00,0.0
3116,2013-07-18 23:00:00+00:00,0.0
3116,2013-07-18 23:30:00+00:00,0.0
3116,2013-07-19 00:00:00+00:00,0.0
3116,2013-07-19 00:30:00+00:00,0.0
3116,2013-07-19 01:00:00+00:00,0.0
3116,2013-07-19 01:30:00+00:00,0.0
3116,2013-07-19 02:00:00+00:00,0.0
3116,2013-07-19 02:30:00+00:00,0.0
3116,2013-07-19 03:00:00+00:00,0.0
3116,2013-07-19 03:30:00+00:00,0.0
3116,2013-07-19 04:00:00+00:00,0.0
3116,2013-07-19 04:30:00+00:00,0.27
3116,2013-07-19 05:00:00+00:00,14.37
3116,2013-07-19 05:30:00+00:00,44.32
3116,2013-07-19 06:00:00+00:00,110.64
3116,2013-07-19 06:30:00+00:00,262.68
3116,2013-07-19 07:00:00+00:00,445.52
3116,2013-07-19 07:30:00+00:00,619.45
3116,2013-07-19 08:00:00+00:00,777.2
3116,2013-07-19 08:30:00+00:00,912.25
3116,2013-07-19 09:00:00+00:00,1037.15
3116,2013-07-19 09:30:00+00:00,1142.7
3116,2013-07-19 10:00:00+00:00,1226.8
3116,2013-07-19 10:30:00+00:00,1288.55
3116,2013-07-19 11:00:00+00:00,1345.85
3116,2013-07-19 11:30:00+00:00,1368.6
3116,2013-07-19 12:00:00+00:00,1369.05
3116,2013-07-19 12:30:00+00:00,1368.85
3116,2013-07-19 13:00:00+00:00,1320.0
3116,2013-07-19 13:30:00+00:00,1266.7
3116,2013-07-19 14:00:00+00:00,1211.6
3116,2013-07-19 14:30:00+00:00,1127.75
3116,2013-07-19 15:00:00+00:00,1021.55
3116,2013-07-19 15:30:00+00:00,900.65
3116,2013-07-19 16:00:00+00:00,753.9
3116,2013-07-19 16:30:00+00:00,593.4
3116,2013-07-19 17:00:00+00:00,421.66
3116,2013-07-19 17:30:00+00:00,253.44
3116,2013-07-19 18:00:00+00:00,112.38
3116,2013-07-19 18:30:00+00:00,38.51
3116,2013-07-19 19:00:00+00:00,24.02
3116,2013-07-19 19:30:00+00:00,12.73
3116,2013-07-19 20:00:00+00:00,1.32
3116,2013-07-19 20:30:00+00:00,0.0
3116,2013-07-19 21:00:00+00:00,0.0
3116,2013-07-19 21:30:00+00:00,0.0
3116,2013-07-19 22:00:00+00:00,0.0
3116,2013-07-19 22:30:00+00:00,0.0
3116,2013-07-19 23:00:00+00:00,0.0
3116,2013-07-19 23:30:00+00:00,0.0
3116,2013-07-20 00:00:00+00:00,0.0
3116,2013-07-20 00:30:00+00:00,0.0
3116,2013-07-20 01:00:00+00:00,0.0
3116,2013-07-20 01:30:00+00:00,0.0
3116,2013-07-20 02:00:00+00:00,0.0
3116,2013-07-20 02:30:00+00:00,0.0
3116,2013-07-20 03:00:00+00:00,0.0
3116,2013-07-20 03:30:00+00:00,0.0
3116,2013-07-20 04:00:00+00:00,0.0
3116,2013-07-20 04:30:00+00:00,0.05
3116,2013-07-20 05:00:00+00:00,7.8
3116,2013-07-20 05:30:00+00:00,72.37
3116,2013-07-20 06:00:00+00:00,123.11
3116,2013-07-20 06:30:00+00:00,144.53
3116,2013-07-20 07:00:00+00:00,159.26
3116,2013-07-20 07:30:00+00:00,219.41
3116,2013-07-20 08:00:00+00:00,270.46
3116,2013-07-20 08:30:00+00:00,233.41
3116,2013-07-20 09:00:00+00:00,267.39
3116,2013-07-20 09:30:00+00:00,198.47
3116,2013-07-20 10:00:00+00:00,218.64
3116,2013-07-20 10:30:00+00:00,278.14
3116,2013-07-20 11:00:00+00:00,427.06
3116,2013-07-20 11:30:00+00:00,440.56
3116,2013-07-20 12:00:00+00:00,836.9
3116,2013-07-20 12:30:00+00:00,660.8
3116,2013-07-20 13:00:00+00:00,555.3
3116,2013-07-20 13:30:00+00:00,541.15
3116,2013-07-20 14:00:00+00:00,488.03
3116,2013-07-20 14:30:00+00:00,555.75
3116,2013-07-20 15:00:00+00:00,682.1
3116,2013-07-20 15:30:00+00:00,575.95
3116,2013-07-20 16:00:00+00:00,349.74
3116,2013-07-20 16:30:00+00:00,263.52
3116,2013-07-20 17:00:00+00:00,201.1
3116,2013-07-20 17:30:00+00:00,152.39
3116,2013-07-20 18:00:00+00:00,71.34
3116,2013-07-20 18:30:00+00:00,54.31
3116,2013-07-20 19:00:00+00:00,25.04
3116,2013-07-20 19:30:00+00:00,6.64
3116,2013-07-20 20:00:00+00:00,0.0
3116,2013-07-20 20:30:00+00:00,0.0
3116,2013-07-20 21:00:00+00:00,0.0
3116,2013-07-20 21:30:00+00:00,0.0
3116,2013-07-20 22:00:00+00:00,0.0
3116,2013-07-20 22:30:00+00:00,0.0
3116,2013-07-20 23:00:00+00:00,0.0
3116,2013-07-20 23:30:00+00:00,0.0
3116,2013-07-21 00:00:00+00:00,0.0
3116,2013-07-21 00:30:00+00:00,0.0
3116,2013-07-21 01:00:00+00:00,0.0
3116,2013-07-21 01:30:00+00:00,0.0
3116,2013-07-21 02:00:00+00:00,0.0
3116,2013-07-21 02:30:00+00:00,0.0
3116,2013-07-21 03:00:00+00:00,0.0
3116,2013-07-21 03:30:00+00:00,0.0
3116,2013-07-21 04:00:00+00:00,0.0
3116,2013-07-21 04:30:00+00:00,0.0
3116,2013-07-21 05:00:00+00:00,0.06
3116,2013-07-21 05:30:00+00:00,3.48
3116,2013-07-21 06:00:00+00:00,16.61
3116,2013-07-21 06:30:00+00:00,43.05
3116,2013-07-21 07:00:00+00:00,73.42
3116,2013-07-21 07:30:00+00:00,111.21
3116,2013-07-21 08:00:00+00:00,121.38
3116,2013-07-21 08:30:00+00:00,165.27
3116,2013-07-21 09:00:00+00:00,224.68
3116,2013-07-21 09:30:00+00:00,305.96
3116,2013-07-21 10:00:00+00:00,562.55
3116,2013-07-21 10:30:00+00:00,528.4
3116,2013-07-21 11:00:00+00:00,430.68
3116,2013-07-21 11:30:00+00:00,722.5
3116,2013-07-21 12:00:00+00:00,975.6
3116,2013-07-21 12:30:00+00:00,1280.6
3116,2013-07-21 13:00:00+00:00,1278.7
3116,2013-07-21 13:30:00+00:00,1089.65
3116,2013-07-21 14:00:00+00:00,1207.2
3116,2013-07-21 14:30:00+00:00,1049.35
3116,2013-07-21 15:00:00+00:00,966.75
3116,2013-07-21 15:30:00+00:00,861.45
3116,2013-07-21 16:00:00+00:00,719.55
3116,2013-07-21 16:30:00+00:00,563.6
3116,2013-07-21 17:00:00+00:00,401.56
3116,2013-07-21 17:30:00+00:00,254.21
3116,2013-07-21 18:00:00+00:00,138.19
3116,2013-07-21 18:30:00+00:00,72.67
3116,2013-07-21 19:00:00+00:00,44.29
3116,2013-07-21 19:30:00+00:00,18.8
3116,2013-07-21 20:00:00+00:00,1.08
3116,2013-07-21 20:30:00+00:00,0.0
3116,2013-07-21 21:00:00+00:00,0.0
3116,2013-07-21 21:30:00+00:00,0.0
3116,2013-07-21 22:00:00+00:00,0.0
3116,2013-07-21 22:30:00+00:00,0.0
3116,2013-07-21 23:00:00+00:00,0.0
3116,2013-07-21 23:30:00+00:00,0.0
3116,2013-07-22 00:00:00+00:00,0.0
3116,2013-07-22 00:30:00+00:00,0.0
3116,2013-07-22 01:00:00+00:00,0.0
3116,2013-07-22 01:30:00+00:00,0.0
3116,2013-07-22 02:00:00+00:00,0.0
3116,2013-07-22 02:30:00+00:00,0.0
3116,2013-07-22 03:00:00+00:00,0.0
3116,2013-07-22 03:30:00+00:00,0.0
3116,2013-07-22 04:00:00+00:00,0.0
3116,2013-07-22 04:30:00+00:00,0.06
3116,2013-07-22 05:00:00+00:00,18.66
3116,2013-07-22 05:30:00+00:00,68.3
3116,2013-07-22 06:00:00+00:00,164.32
3116,2013-07-22 06:30:00+00:00,194.02
3116,2013-07-22 07:00:00+00:00,253.14
3116,2013-07-22 07:30:00+00:00,461.03
3116,2013-07-22 08:00:00+00:00,594.15
3116,2013-07-22 08:30:00+00:00,698.7
3116,2013-07-22 09:00:00+00:00,878.8
3116,2013-07-22 09:30:00+00:00,857.7
3116,2013-07-22 10:00:00+00:00,977.25
3116,2013-07-22 10:30:00+00:00,1122.5
3116,2013-07-22 11:00:00+00:00,1225.45
3116,2013-07-22 11:30:00+00:00,1250.55
3116,2013-07-22 12:00:00+00:00,1255.45
3116,2013-07-22 12:30:00+00:00,1244.75
3116,2013-07-22 13:00:00+00:00,1191.75
3116,2013-07-22 13:30:00+00:00,1201.25
3116,2013-07-22 14:00:00+00:00,1084.45
3116,2013-07-22 14:30:00+00:00,1083.0
3116,2013-07-22 15:00:00+00:00,965.15
3116,2013-07-22 15:30:00+00:00,787.15
3116,2013-07-22 16:00:00+00:00,681.0
3116,2013-07-22 16:30:00+00:00,462.76
3116,2013-07-22 17:00:00+00:00,423.36
3116,2013-07-22 17:30:00+00:00,257.69
3116,2013-07-22 18:00:00+00:00,169.47
3116,2013-07-22 18:30:00+00:00,85.18
3116,2013-07-22 19:00:00+00:00,31.23
3116,2013-07-22 19:30:00+00:00,18.48
3116,2013-07-22 20:00:00+00:00,0.3
3116,2013-07-22 20:30:00+00:00,0.0
3116,2013-07-22 21:00:00+00:00,0.0
3116,2013-07-22 21:30:00+00:00,0.0
3116,2013-07-22 22:00:00+00:00,0.0
3116,2013-07-22 22:30:00+00:00,0.0
3116,2013-07-22 23:00:00+00:00,0.0
3116,2013-07-22 23:30:00+00:00,0.0
3116,2013-07-23 00:00:00+00:00,0.0
3116,2013-07-23 00:30:00+00:00,0.0
3116,2013-07-23 01:00:00+00:00,0.0
3116,2013-07-23 01:30:00+00:00,0.0
3116,2013-07-23 02:00:00+00:00,0.0
3116,2013-07-23 02:30:00+00:00,0.0
3116,2013-07-23 03:00:00+00:00,0.0
3116,2013-07-23 03:30:00+00:00,0.0
3116,2013-07-23 04:00:00+00:00,0.0
3116,2013-07-23 04:30:00+00:00,0.0
3116,2013-07-23 05:00:00+00:00,0.0
3116,2013-07-23 05:30:00+00:00,0.01
3116,2013-07-23 06:00:00+00:00,0.03
3116,2013-07-23 06:30:00+00:00,3.6
3116,2013-07-23 07:00:00+00:00,56.09
3116,2013-07-23 07:30:00+00:00,75.29
3116,2013-07-23 08:00:00+00:00,114.43
3116,2013-07-23 08:30:00+00:00,240.18
3116,2013-07-23 09:00:00+00:00,391.74
3116,2013-07-23 09:30:00+00:00,421.6
3116,2013-07-23 10:00:00+00:00,503.9
3116,2013-07-23 10:30:00+00:00,966.95
3116,2013-07-23 11:00:00+00:00,1198.75
3116,2013-07-23 11:30:00+00:00,447.86
3116,2013-07-23 12:00:00+00:00,416.3
3116,2013-07-23 12:30:00+00:00,518.55
3116,2013-07-23 13:00:00+00:00,940.0
3116,2013-07-23 13:30:00+00:00,895.6
3116,2013-07-23 14:00:00+00:00,1193.8
3116,2013-07-23 14:30:00+00:00,610.85
3116,2013-07-23 15:00:00+00:00,675.3
3116,2013-07-23 15:30:00+00:00,392.85
3116,2013-07-23 16:00:00+00:00,447.74
3116,2013-07-23 16:30:00+00:00,306.42
3116,2013-07-23 17:00:00+00:00,179.45
3116,2013-07-23 17:30:00+00:00,140.88
3116,2013-07-23 18:00:00+00:00,81.79
3116,2013-07-23 18:30:00+00:00,57.66
3116,2013-07-23 19:00:00+00:00,20.67
3116,2013-07-23 19:30:00+00:00,11.25
3116,2013-07-23 20:00:00+00:00,0.65
3116,2013-07-23 20:30:00+00:00,0.0
3116,2013-07-23 21:00:00+00:00,0.0
3116,2013-07-23 21:30:00+00:00,0.0
3116,2013-07-23 22:00:00+00:00,0.0
3116,2013-07-23 22:30:00+00:00,0.0
3116,2013-07-23 23:00:00+00:00,0.0
3116,2013-07-23 23:30:00+00:00,0.0
3116,2013-07-24 00:00:00+00:00,0.0
3116,2013-07-24 00:30:00+00:00,0.0
3116,2013-07-24 01:00:00+00:00,0.0
3116,2013-07-24 01:30:00+00:00,0.0
3116,2013-07-24 02:00:00+00:00,0.0
3116,2013-07-24 02:30:00+00:00,0.0
3116,2013-07-24 03:00:00+00:00,0.0
3116,2013-07-24 03:30:00+00:00,0.0
3116,2013-07-24 04:00:00+00:00,0.0
3116,2013-07-24 04:30:00+00:00,0.05
3116,2013-07-24 05:00:00+00:00,15.37
3116,2013-07-24 05:30:00+00:00,83.5
3116,2013-07-24 06:00:00+00:00,249.75
3116,2013-07-24 06:30:00+00:00,211.96
3116,2013-07-24 07:00:00+00:00,310.88
3116,2013-07-24 07:30:00+00:00,254.06
3116,2013-07-24 08:00:00+00:00,531.7
3116,2013-07-24 08:30:00+00:00,586.55
3116,2013-07-24 09:00:00+00:00,542.8
3116,2013-07-24 09:30:00+00:00,555.4
3116,2013-07-24 10:00:00+00:00,597.05
3116,2013-07-24 10:30:00+00:00,568.8
3116,2013-07-24 11:00:00+00:00,1162.85
3116,2013-07-24 11:30:00+00:00,1430.6
3116,2013-07-24 12:00:00+00:00,1262.75
3116,2013-07-24 12:30:00+00:00,1356.8
3116,2013-07-24 13:00:00+00:00,1309.05
3116,2013-07-24 13:30:00+00:00,1258.65
3116,2013-07-24 14:00:00+00:00,1185.8
3116,2013-07-24 14:30:00+00:00,1104.6
3116,2013-07-24 15:00:00+00:00,889.75
3116,2013-07-24 15:30:00+00:00,681.65
3116,2013-07-24 16:00:00+00:00,703.15
3116,2013-07-24 16:30:00+00:00,330.07
3116,2013-07-24 17:00:00+00:00,320.42
3116,2013-07-24 17:30:00+00:00,210.06
3116,2013-07-24 18:00:00+00:00,116.32
3116,2013-07-24 18:30:00+00:00,43.95
3116,2013-07-24 19:00:00+00:00,25.3
3116,2013-07-24 19:30:00+00:00,11.89
3116,2013-07-24 20:00:00+00:00,0.1
3116,2013-07-24 20:30:00+00:00,0.0
3116,2013-07-24 21:00:00+00:00,0.0
3116,2013-07-24 21:30:00+00:00,0.0
3116,2013-07-24 22:00:00+00:00,0.0
3116,2013-07-24 22:30:00+00:00,0.0
3116,2013-07-24 23:00:00+00:00,0.0
3116,2013-07-24 23:30:00+00:00,0.0
3116,2013-07-25 00:00:00+00:00,0.0
3116,2013-07-25 00:30:00+00:00,0.0
3116,2013-07-25 01:00:00+00:00,0.0
3116,2013-07-25 01:30:00+00:00,0.0
3116,2013-07-25 02:00:00+00:00,0.0
3116,2013-07-25 02:30:00+00:00,0.0
3116,2013-07-25 03:00:00+00:00,0.0
3116,2013-07-25 03:30:00+00:00,0.0
3116,2013-07-25 04:00:00+00:00,0.0
3116,2013-07-25 04:30:00+00:00,0.0
3116,2013-07-25 05:00:00+00:00,0.02
3116,2013-07-25 05:30:00+00:00,3.75
3116,2013-07-25 06:00:00+00:00,38.42
3116,2013-07-25 06:30:00+00:00,135.7
3116,2013-07-25 07:00:00+00:00,176.74
3116,2013-07-25 07:30:00+00:00,205.01
3116,2013-07-25 08:00:00+00:00,713.25
3116,2013-07-25 08:30:00+00:00,853.2
3116,2013-07-25 09:00:00+00:00,768.9
3116,2013-07-25 09:30:00+00:00,554.15
3116,2013-07-25 10:00:00+00:00,828.05
3116,2013-07-25 10:30:00+00:00,650.85
3116,2013-07-25 11:00:00+00:00,490.81
3116,2013-07-25 11:30:00+00:00,371.83
3116,2013-07-25 12:00:00+00:00,1027.8
3116,2013-07-25 12:30:00+00:00,847.7
3116,2013-07-25 13:00:00+00:00,716.65
3116,2013-07-25 13:30:00+00:00,868.85
3116,2013-07-25 14:00:00+00:00,589.7
3116,2013-07-25 14:30:00+00:00,851.35
3116,2013-07-25 15:00:00+00:00,827.35
3116,2013-07-25 15:30:00+00:00,699.35
3116,2013-07-25 16:00:00+00:00,790.75
3116,2013-07-25 16:30:00+00:00,620.35
3116,2013-07-25 17:00:00+00:00,438.61
3116,2013-07-25 17:30:00+00:00,260.1
3116,2013-07-25 18:00:00+00:00,114.06
3116,2013-07-25 18:30:00+00:00,45.84
3116,2013-07-25 19:00:00+00:00,32.59
3116,2013-07-25 19:30:00+00:00,13.63
3116,2013-07-25 20:00:00+00:00,0.04
3116,2013-07-25 20:30:00+00:00,0.0
3116,2013-07-25 21:00:00+00:00,0.0
3116,2013-07-25 21:30:00+00:00,0.0
3116,2013-07-25 22:00:00+00:00,0.0
3116,2013-07-25 22:30:00+00:00,0.0
3116,2013-07-25 23:00:00+00:00,0.0
3116,2013-07-25 23:30:00+00:00,0.0
3116,2013-07-26 00:00:00+00:00,0.0
3116,2013-07-26 00:30:00+00:00,0.0
3116,2013-07-26 01:00:00+00:00,0.0
3116,2013-07-26 01:30:00+00:00,0.0
3116,2013-07-26 02:00:00+00:00,0.0
3116,2013-07-26 02:30:00+00:00,0.0
3116,2013-07-26 03:00:00+00:00,0.0
3116,2013-07-26 03:30:00+00:00,0.0
3116,2013-07-26 04:00:00+00:00,0.0
3116,2013-07-26 04:30:00+00:00,0.02
3116,2013-07-26 05:00:00+00:00,0.84
3116,2013-07-26 05:30:00+00:00,20.23
3116,2013-07-26 06:00:00+00:00,102.31
3116,2013-07-26 06:30:00+00:00,222.26
3116,2013-07-26 07:00:00+00:00,227.71
3116,2013-07-26 07:30:00+00:00,202.79
3116,2013-07-26 08:00:00+00:00,455.03
3116,2013-07-26 08:30:00+00:00,356.67
3116,2013-07-26 09:00:00+00:00,570.45
3116,2013-07-26 09:30:00+00:00,388.25
3116,2013-07-26 10:00:00+00:00,882.85
3116,2013-07-26 10:30:00+00:00,716.2
3116,2013-07-26 11:00:00+00:00,687.7
3116,2013-07-26 11:30:00+00:00,891.85
3116,2013-07-26 12:00:00+00:00,1121.1
3116,2013-07-26 12:30:00+00:00,837.15
3116,2013-07-26 13:00:00+00:00,1372.45
3116,2013-07-26 13:30:00+00:00,689.0
3116,2013-07-26 14:00:00+00:00,1173.4
3116,2013-07-26 14:30:00+00:00,814.25
3116,2013-07-26 15:00:00+00:00,870.2
3116,2013-07-26 15:30:00+00:00,606.75
3116,2013-07-26 16:00:00+00:00,502.05
3116,2013-07-26 16:30:00+00:00,593.9
3116,2013-07-26 17:00:00+00:00,433.2
3116,2013-07-26 17:30:00+00:00,299.11
3116,2013-07-26 18:00:00+00:00,86.37
3116,2013-07-26 18:30:00+00:00,76.2
3116,2013-07-26 19:00:00+00:00,44.08
3116,2013-07-26 19:30:00+00:00,13.99
3116,2013-07-26 20:00:00+00:00,1.76
3116,2013-07-26 20:30:00+00:00,0.0
3116,2013-07-26 21:00:00+00:00,0.0
3116,2013-07-26 21:30:00+00:00,0.0
3116,2013-07-26 22:00:00+00:00,0.0
3116,2013-07-26 22:30:00+00:00,0.0
3116,2013-07-26 23:00:00+00:00,0.0
3116,2013-07-26 23:30:00+00:00,0.0
3116,2013-07-27 00:00:00+00:00,0.0
3116,2013-07-27 00:30:00+00:00,0.0
3116,2013-07-27 01:00:00+00:00,0.0
3116,2013-07-27 01:30:00+00:00,0.0
3116,2013-07-27 02:00:00+00:00,0.0
3116,2013-07-27 02:30:00+00:00,0.0
3116,2013-07-27 03:00:00+00:00,0.0
3116,2013-07-27 03:30:00+00:00,0.0
3116,2013-07-27 04:00:00+00:00,0.0
3116,2013-07-27 04:30:00+00:00,0.03
3116,2013-07-27 05:00:00+00:00,2.68
3116,2013-07-27 05:30:00+00:00,29.48
3116,2013-07-27 06:00:00+00:00,86.34
3116,2013-07-27 06:30:00+00:00,133.67
3116,2013-07-27 07:00:00+00:00,164.13
3116,2013-07-27 07:30:00+00:00,233.82
3116,2013-07-27 08:00:00+00:00,263.07
3116,2013-07-27 08:30:00+00:00,387.75
3116,2013-07-27 09:00:00+00:00,314.37
3116,2013-07-27 09:30:00+00:00,751.6
3116,2013-07-27 10:00:00+00:00,644.6
3116,2013-07-27 10:30:00+00:00,985.15
3116,2013-07-27 11:00:00+00:00,1047.25
3116,2013-07-27 11:30:00+00:00,1062.3
3116,2013-07-27 12:00:00+00:00,1323.35
3116,2013-07-27 12:30:00+00:00,1177.65
3116,2013-07-27 13:00:00+00:00,1257.2
3116,2013-07-27 13:30:00+00:00,1228.6
3116,2013-07-27 14:00:00+00:00,948.8
3116,2013-07-27 14:30:00+00:00,851.85
3116,2013-07-27 15:00:00+00:00,510.8
3116,2013-07-27 15:30:00+00:00,341.17
3116,2013-07-27 16:00:00+00:00,646.35
3116,2013-07-27 16:30:00+00:00,364.8
3116,2013-07-27 17:00:00+00:00,249.69
3116,2013-07-27 17:30:00+00:00,128.93
3116,2013-07-27 18:00:00+00:00,58.03
3116,2013-07-27 18:30:00+00:00,10.22
3116,2013-07-27 19:00:00+00:00,0.01
3116,2013-07-27 19:30:00+00:00,0.0
3116,2013-07-27 20:00:00+00:00,0.0
3116,2013-07-27 20:30:00+00:00,0.0
3116,2013-07-27 21:00:00+00:00,0.0
3116,2013-07-27 21:30:00+00:00,0.0
3116,2013-07-27 22:00:00+00:00,0.0
3116,2013-07-27 22:30:00+00:00,0.0
3116,2013-07-27 23:00:00+00:00,0.0
3116,2013-07-27 23:30:00+00:00,0.0
3116,2013-07-28 00:00:00+00:00,0.0
3116,2013-07-28 00:30:00+00:00,0.0
3116,2013-07-28 01:00:00+00:00,0.0
3116,2013-07-28 01:30:00+00:00,0.0
3116,2013-07-28 02:00:00+00:00,0.0
3116,2013-07-28 02:30:00+00:00,0.0
3116,2013-07-28 03:00:00+00:00,0.0
3116,2013-07-28 03:30:00+00:00,0.0
3116,2013-07-28 04:00:00+00:00,0.0
3116,2013-07-28 04:30:00+00:00,0.03
3116,2013-07-28 05:00:00+00:00,2.11
3116,2013-07-28 05:30:00+00:00,34.76
3116,2013-07-28 06:00:00+00:00,112.4
3116,2013-07-28 06:30:00+00:00,194.0
3116,2013-07-28 07:00:00+00:00,303.11
3116,2013-07-28 07:30:00+00:00,459.03
3116,2013-07-28 08:00:00+00:00,435.51
3116,2013-07-28 08:30:00+00:00,662.4
3116,2013-07-28 09:00:00+00:00,784.75
3116,2013-07-28 09:30:00+00:00,957.1
3116,2013-07-28 10:00:00+00:00,921.3
3116,2013-07-28 10:30:00+00:00,732.85
3116,2013-07-28 11:00:00+00:00,836.25
3116,2013-07-28 11:30:00+00:00,604.1
3116,2013-07-28 12:00:00+00:00,1282.4
3116,2013-07-28 12:30:00+00:00,1086.1
3116,2013-07-28 13:00:00+00:00,1302.05
3116,2013-07-28 13:30:00+00:00,910.95
3116,2013-07-28 14:00:00+00:00,1114.95
3116,2013-07-28 14:30:00+00:00,1096.0
3116,2013-07-28 15:00:00+00:00,990.35
3116,2013-07-28 15:30:00+00:00,912.7
3116,2013-07-28 16:00:00+00:00,507.75
3116,2013-07-28 16:30:00+00:00,581.85
3116,2013-07-28 17:00:00+00:00,384.54
3116,2013-07-28 17:30:00+00:00,205.01
3116,2013-07-28 18:00:00+00:00,124.7
3116,2013-07-28 18:30:00+00:00,48.72
3116,2013-07-28 19:00:00+00:00,22.51
3116,2013-07-28 19:30:00+00:00,7.23
3116,2013-07-28 20:00:00+00:00,0.0
3116,2013-07-28 20:30:00+00:00,0.0
3116,2013-07-28 21:00:00+00:00,0.0
3116,2013-07-28 21:30:00+00:00,0.0
3116,2013-07-28 22:00:00+00:00,0.0
3116,2013-07-28 22:30:00+00:00,0.0
3116,2013-07-28 23:00:00+00:00,0.0
3116,2013-07-28 23:30:00+00:00,0.0
3116,2013-07-29 00:00:00+00:00,0.0
3116,2013-07-29 00:30:00+00:00,0.0
3116,2013-07-29 01:00:00+00:00,0.0
3116,2013-07-29 01:30:00+00:00,0.0
3116,2013-07-29 02:00:00+00:00,0.0
3116,2013-07-29 02:30:00+00:00,0.0
3116,2013-07-29 03:00:00+00:00,0.0
3116,2013-07-29 03:30:00+00:00,0.0
3116,2013-07-29 04:00:00+00:00,0.0
3116,2013-07-29 04:30:00+00:00,0.02
3116,2013-07-29 05:00:00+00:00,0.41
3116,2013-07-29 05:30:00+00:00,14.52
3116,2013-07-29 06:00:00+00:00,75.31
3116,2013-07-29 06:30:00+00:00,253.1
3116,2013-07-29 07:00:00+00:00,311.22
3116,2013-07-29 07:30:00+00:00,329.81
3116,2013-07-29 08:00:00+00:00,304.9
3116,2013-07-29 08:30:00+00:00,703.0
3116,2013-07-29 09:00:00+00:00,375.29
3116,2013-07-29 09:30:00+00:00,493.12
3116,2013-07-29 10:00:00+00:00,980.6
3116,2013-07-29 10:30:00+00:00,727.85
3116,2013-07-29 11:00:00+00:00,815.95
3116,2013-07-29 11:30:00+00:00,881.05
3116,2013-07-29 12:00:00+00:00,982.7
3116,2013-07-29 12:30:00+00:00,948.1
3116,2013-07-29 13:00:00+00:00,1187.05
3116,2013-07-29 13:30:00+00:00,1000.7
3116,2013-07-29 14:00:00+00:00,891.9
3116,2013-07-29 14:30:00+00:00,1053.95
3116,2013-07-29 15:00:00+00:00,1019.85
3116,2013-07-29 15:30:00+00:00,827.85
3116,2013-07-29 16:00:00+00:00,728.2
3116,2013-07-29 16:30:00+00:00,566.9
3116,2013-07-29 17:00:00+00:00,422.52
3116,2013-07-29 17:30:00+00:00,237.97
3116,2013-07-29 18:00:00+00:00,108.71
3116,2013-07-29 18:30:00+00:00,23.89
3116,2013-07-29 19:00:00+00:00,7.51
3116,2013-07-29 19:30:00+00:00,0.89
3116,2013-07-29 20:00:00+00:00,0.0
3116,2013-07-29 20:30:00+00:00,0.0
3116,2013-07-29 21:00:00+00:00,0.0
3116,2013-07-29 21:30:00+00:00,0.0
3116,2013-07-29 22:00:00+00:00,0.0
3116,2013-07-29 22:30:00+00:00,0.0
3116,2013-07-29 23:00:00+00:00,0.0
3116,2013-07-29 23:30:00+00:00,0.0
3116,2013-07-30 00:00:00+00:00,0.0
3116,2013-07-30 00:30:00+00:00,0.0
3116,2013-07-30 01:00:00+00:00,0.0
3116,2013-07-30 01:30:00+00:00,0.0
3116,2013-07-30 02:00:00+00:00,0.0
3116,2013-07-30 02:30:00+00:00,0.0
3116,2013-07-30 03:00:00+00:00,0.0
3116,2013-07-30 03:30:00+00:00,0.0
3116,2013-07-30 04:00:00+00:00,0.0
3116,2013-07-30 04:30:00+00:00,0.01
3116,2013-07-30 05:00:00+00:00,4.5
3116,2013-07-30 05:30:00+00:00,35.35
3116,2013-07-30 06:00:00+00:00,52.34
3116,2013-07-30 06:30:00+00:00,141.48
3116,2013-07-30 07:00:00+00:00,137.0
3116,2013-07-30 07:30:00+00:00,95.86
3116,2013-07-30 08:00:00+00:00,100.63
3116,2013-07-30 08:30:00+00:00,89.83
3116,2013-07-30 09:00:00+00:00,120.31
3116,2013-07-30 09:30:00+00:00,90.17
3116,2013-07-30 10:00:00+00:00,112.94
3116,2013-07-30 10:30:00+00:00,276.57
3116,2013-07-30 11:00:00+00:00,317.27
3116,2013-07-30 11:30:00+00:00,242.62
3116,2013-07-30 12:00:00+00:00,278.6
3116,2013-07-30 12:30:00+00:00,279.74
3116,2013-07-30 13:00:00+00:00,231.52
3116,2013-07-30 13:30:00+00:00,203.28
3116,2013-07-30 14:00:00+00:00,243.92
3116,2013-07-30 14:30:00+00:00,347.75
3116,2013-07-30 15:00:00+00:00,183.44
3116,2013-07-30 15:30:00+00:00,422.24
3116,2013-07-30 16:00:00+00:00,478.89
3116,2013-07-30 16:30:00+00:00,462.68
3116,2013-07-30 17:00:00+00:00,284.08
3116,2013-07-30 17:30:00+00:00,134.19
3116,2013-07-30 18:00:00+00:00,101.69
3116,2013-07-30 18:30:00+00:00,80.25
3116,2013-07-30 19:00:00+00:00,30.31
3116,2013-07-30 19:30:00+00:00,10.09
3116,2013-07-30 20:00:00+00:00,0.0
3116,2013-07-30 20:30:00+00:00,0.0
3116,2013-07-30 21:00:00+00:00,0.0
3116,2013-07-30 21:30:00+00:00,0.0
3116,2013-07-30 22:00:00+00:00,0.0
3116,2013-07-30 22:30:00+00:00,0.0
3116,2013-07-30 23:00:00+00:00,0.0
3116,2013-07-30 23:30:00+00:00,0.0
3116,2013-07-31 00:00:00+00:00,0.0
3116,2013-07-31 00:30:00+00:00,0.0
3116,2013-07-31 01:00:00+00:00,0.0
3116,2013-07-31 01:30:00+00:00,0.0
3116,2013-07-31 02:00:00+00:00,0.0
3116,2013-07-31 02:30:00+00:00,0.0
3116,2013-07-31 03:00:00+00:00,0.0
3116,2013-07-31 03:30:00+00:00,0.0
3116,2013-07-31 04:00:00+00:00,0.0
3116,2013-07-31 04:30:00+00:00,0.02
3116,2013-07-31 05:00:00+00:00,0.32
3116,2013-07-31 05:30:00+00:00,36.67
3116,2013-07-31 06:00:00+00:00,90.92
3116,2013-07-31 06:30:00+00:00,212.41
3116,2013-07-31 07:00:00+00:00,306.7
3116,2013-07-31 07:30:00+00:00,324.49
3116,2013-07-31 08:00:00+00:00,418.7
3116,2013-07-31 08:30:00+00:00,309.14
3116,2013-07-31 09:00:00+00:00,272.33
3116,2013-07-31 09:30:00+00:00,204.41
3116,2013-07-31 10:00:00+00:00,303.07
3116,2013-07-31 10:30:00+00:00,319.52
3116,2013-07-31 11:00:00+00:00,531.8
3116,2013-07-31 11:30:00+00:00,837.25
3116,2013-07-31 12:00:00+00:00,872.95
3116,2013-07-31 12:30:00+00:00,421.66
3116,2013-07-31 13:00:00+00:00,459.48
3116,2013-07-31 13:30:00+00:00,834.65
3116,2013-07-31 14:00:00+00:00,1000.85
3116,2013-07-31 14:30:00+00:00,799.8
3116,2013-07-31 15:00:00+00:00,562.75
3116,2013-07-31 15:30:00+00:00,606.95
3116,2013-07-31 16:00:00+00:00,219.59
3116,2013-07-31 16:30:00+00:00,215.21
3116,2013-07-31 17:00:00+00:00,207.69
3116,2013-07-31 17:30:00+00:00,206.62
3116,2013-07-31 18:00:00+00:00,158.64
3116,2013-07-31 18:30:00+00:00,73.36
3116,2013-07-31 19:00:00+00:00,17.29
3116,2013-07-31 19:30:00+00:00,1.18
3116,2013-07-31 20:00:00+00:00,0.0
3116,2013-07-31 20:30:00+00:00,0.0
3116,2013-07-31 21:00:00+00:00,0.0
3116,2013-07-31 21:30:00+00:00,0.0
3116,2013-07-31 22:00:00+00:00,0.0
3116,2013-07-31 22:30:00+00:00,0.0
3116,2013-07-31 23:00:00+00:00,0.0
3116,2013-07-31 23:30:00+00:00,0.0
3116,2013-08-01 00:30:00+00:00,0.0
3116,2013-08-01 01:00:00+00:00,0.0
3116,2013-08-01 01:30:00+00:00,0.0
3116,2013-08-01 02:00:00+00:00,0.0
3116,2013-08-01 02:30:00+00:00,0.0
3116,2013-08-01 03:00:00+00:00,0.0
3116,2013-08-01 03:30:00+00:00,0.0
3116,2013-08-01 04:00:00+00:00,0.0
3116,2013-08-01 04:30:00+00:00,0.02
3116,2013-08-01 05:00:00+00:00,3.69
3116,2013-08-01 05:30:00+00:00,29.71
3116,2013-08-01 06:00:00+00:00,98.85
3116,2013-08-01 06:30:00+00:00,243.47
3116,2013-08-01 07:00:00+00:00,410.35
3116,2013-08-01 07:30:00+00:00,586.15
3116,2013-08-01 08:00:00+00:00,754.65
3116,2013-08-01 08:30:00+00:00,898.0
3116,2013-08-01 09:00:00+00:00,1024.0
3116,2013-08-01 09:30:00+00:00,1127.55
3116,2013-08-01 10:00:00+00:00,1216.25
3116,2013-08-01 10:30:00+00:00,1272.9
3116,2013-08-01 11:00:00+00:00,1314.05
3116,2013-08-01 11:30:00+00:00,1336.35
3116,2013-08-01 12:00:00+00:00,1346.8
3116,2013-08-01 12:30:00+00:00,1334.05
3116,2013-08-01 13:00:00+00:00,1297.85
3116,2013-08-01 13:30:00+00:00,1241.3
3116,2013-08-01 14:00:00+00:00,1162.55
3116,2013-08-01 14:30:00+00:00,1082.7
3116,2013-08-01 15:00:00+00:00,972.4
3116,2013-08-01 15:30:00+00:00,845.5
3116,2013-08-01 16:00:00+00:00,703.4
3116,2013-08-01 16:30:00+00:00,536.55
3116,2013-08-01 17:00:00+00:00,288.68
3116,2013-08-01 17:30:00+00:00,261.15
3116,2013-08-01 18:00:00+00:00,100.48
3116,2013-08-01 18:30:00+00:00,37.84
3116,2013-08-01 19:00:00+00:00,31.7
3116,2013-08-01 19:30:00+00:00,13.51
3116,2013-08-01 20:00:00+00:00,0.0
3116,2013-08-01 20:30:00+00:00,0.0
3116,2013-08-01 21:00:00+00:00,0.0
3116,2013-08-01 21:30:00+00:00,0.0
3116,2013-08-01 22:00:00+00:00,0.0
3116,2013-08-01 22:30:00+00:00,0.0
3116,2013-08-01 23:00:00+00:00,0.0
3116,2013-08-01 23:30:00+00:00,0.0
3116,2013-08-02 00:00:00+00:00,0.0
3116,2013-08-02 00:30:00+00:00,0.0
3116,2013-08-02 01:00:00+00:00,0.0
3116,2013-08-02 01:30:00+00:00,0.0
3116,2013-08-02 02:00:00+00:00,0.0
3116,2013-08-02 02:30:00+00:00,0.0
3116,2013-08-02 03:00:00+00:00,0.0
3116,2013-08-02 03:30:00+00:00,0.0
3116,2013-08-02 04:00:00+00:00,0.0
3116,2013-08-02 04:30:00+00:00,0.03
3116,2013-08-02 05:00:00+00:00,3.13
3116,2013-08-02 05:30:00+00:00,31.67
3116,2013-08-02 06:00:00+00:00,126.39
3116,2013-08-02 06:30:00+00:00,216.36
3116,2013-08-02 07:00:00+00:00,183.63
3116,2013-08-02 07:30:00+00:00,328.48
3116,2013-08-02 08:00:00+00:00,373.64
3116,2013-08-02 08:30:00+00:00,143.18
3116,2013-08-02 09:00:00+00:00,0.0
3116,2013-08-02 09:30:00+00:00,223.11
3116,2013-08-02 10:00:00+00:00,491.27
3116,2013-08-02 10:30:00+00:00,427.24
3116,2013-08-02 11:00:00+00:00,204.16
3116,2013-08-02 11:30:00+00:00,459.66
3116,2013-08-02 12:00:00+00:00,454.03
3116,2013-08-02 12:30:00+00:00,433.94
3116,2013-08-02 13:00:00+00:00,626.1
3116,2013-08-02 13:30:00+00:00,560.4
3116,2013-08-02 14:00:00+00:00,716.5
3116,2013-08-02 14:30:00+00:00,367.16
3116,2013-08-02 15:00:00+00:00,868.3
3116,2013-08-02 15:30:00+00:00,715.85
3116,2013-08-02 16:00:00+00:00,798.0
3116,2013-08-02 16:30:00+00:00,527.6
3116,2013-08-02 17:00:00+00:00,405.15
3116,2013-08-02 17:30:00+00:00,229.65
3116,2013-08-02 18:00:00+00:00,93.01
3116,2013-08-02 18:30:00+00:00,36.69
3116,2013-08-02 19:00:00+00:00,25.65
3116,2013-08-02 19:30:00+00:00,4.98
3116,2013-08-02 20:00:00+00:00,0.0
3116,2013-08-02 20:30:00+00:00,0.0
3116,2013-08-02 21:00:00+00:00,0.0
3116,2013-08-02 21:30:00+00:00,0.0
3116,2013-08-02 22:00:00+00:00,0.0
3116,2013-08-02 22:30:00+00:00,0.0
3116,2013-08-02 23:00:00+00:00,0.0
3116,2013-08-02 23:30:00+00:00,0.0
3116,2013-08-03 00:00:00+00:00,0.0
3116,2013-08-03 00:30:00+00:00,0.0
3116,2013-08-03 01:00:00+00:00,0.0
3116,2013-08-03 01:30:00+00:00,0.0
3116,2013-08-03 02:00:00+00:00,0.0
3116,2013-08-03 02:30:00+00:00,0.0
3116,2013-08-03 03:00:00+00:00,0.0
3116,2013-08-03 03:30:00+00:00,0.0
3116,2013-08-03 04:00:00+00:00,0.0
3116,2013-08-03 04:30:00+00:00,0.01
3116,2013-08-03 05:00:00+00:00,4.13
3116,2013-08-03 05:30:00+00:00,29.9
3116,2013-08-03 06:00:00+00:00,96.85
3116,2013-08-03 06:30:00+00:00,242.15
3116,2013-08-03 07:00:00+00:00,326.65
3116,2013-08-03 07:30:00+00:00,426.78
3116,2013-08-03 08:00:00+00:00,525.1
3116,2013-08-03 08:30:00+00:00,575.8
3116,2013-08-03 09:00:00+00:00,956.45
3116,2013-08-03 09:30:00+00:00,986.8
3116,2013-08-03 10:00:00+00:00,1014.1
3116,2013-08-03 10:30:00+00:00,1014.05
3116,2013-08-03 11:00:00+00:00,900.8
3116,2013-08-03 11:30:00+00:00,1355.85
3116,2013-08-03 12:00:00+00:00,650.7
3116,2013-08-03 12:30:00+00:00,710.45
3116,2013-08-03 13:00:00+00:00,658.55
3116,2013-08-03 13:30:00+00:00,622.55
3116,2013-08-03 14:00:00+00:00,972.55
3116,2013-08-03 14:30:00+00:00,997.1
3116,2013-08-03 15:00:00+00:00,764.85
3116,2013-08-03 15:30:00+00:00,825.5
3116,2013-08-03 16:00:00+00:00,740.6
3116,2013-08-03 16:30:00+00:00,559.9
3116,2013-08-03 17:00:00+00:00,333.51
3116,2013-08-03 17:30:00+00:00,198.87
3116,2013-08-03 18:00:00+00:00,97.53
3116,2013-08-03 18:30:00+00:00,42.69
3116,2013-08-03 19:00:00+00:00,21.7
3116,2013-08-03 19:30:00+00:00,4.71
3116,2013-08-03 20:00:00+00:00,0.0
3116,2013-08-03 20:30:00+00:00,0.0
3116,2013-08-03 21:00:00+00:00,0.0
3116,2013-08-03 21:30:00+00:00,0.0
3116,2013-08-03 22:00:00+00:00,0.0
3116,2013-08-03 22:30:00+00:00,0.0
3116,2013-08-03 23:00:00+00:00,0.0
3116,2013-08-03 23:30:00+00:00,0.0
3116,2013-08-04 00:00:00+00:00,0.0
3116,2013-08-04 00:30:00+00:00,0.0
3116,2013-08-04 01:00:00+00:00,0.0
3116,2013-08-04 01:30:00+00:00,0.0
3116,2013-08-04 02:00:00+00:00,0.0
3116,2013-08-04 02:30:00+00:00,0.0
3116,2013-08-04 03:00:00+00:00,0.0
3116,2013-08-04 03:30:00+00:00,0.0
3116,2013-08-04 04:00:00+00:00,0.0
3116,2013-08-04 04:30:00+00:00,0.04
3116,2013-08-04 05:00:00+00:00,23.13
3116,2013-08-04 05:30:00+00:00,68.09
3116,2013-08-04 06:00:00+00:00,98.44
3116,2013-08-04 06:30:00+00:00,240.97
3116,2013-08-04 07:00:00+00:00,415.21
3116,2013-08-04 07:30:00+00:00,554.3
3116,2013-08-04 08:00:00+00:00,792.85
3116,2013-08-04 08:30:00+00:00,786.15
3116,2013-08-04 09:00:00+00:00,1061.35
3116,2013-08-04 09:30:00+00:00,763.2
3116,2013-08-04 10:00:00+00:00,995.35
3116,2013-08-04 10:30:00+00:00,1168.2
3116,2013-08-04 11:00:00+00:00,361.83
3116,2013-08-04 11:30:00+00:00,681.4
3116,2013-08-04 12:00:00+00:00,791.65
3116,2013-08-04 12:30:00+00:00,898.0
3116,2013-08-04 13:00:00+00:00,989.25
3116,2013-08-04 13:30:00+00:00,762.6
3116,2013-08-04 14:00:00+00:00,846.15
3116,2013-08-04 14:30:00+00:00,1126.45
3116,2013-08-04 15:00:00+00:00,868.2
3116,2013-08-04 15:30:00+00:00,771.55
3116,2013-08-04 16:00:00+00:00,769.5
3116,2013-08-04 16:30:00+00:00,462.69
3116,2013-08-04 17:00:00+00:00,293.06
3116,2013-08-04 17:30:00+00:00,243.98
3116,2013-08-04 18:00:00+00:00,128.98
3116,2013-08-04 18:30:00+00:00,66.64
3116,2013-08-04 19:00:00+00:00,34.45
3116,2013-08-04 19:30:00+00:00,1.76
3116,2013-08-04 20:00:00+00:00,0.0
3116,2013-08-04 20:30:00+00:00,0.0
3116,2013-08-04 21:00:00+00:00,0.0
3116,2013-08-04 21:30:00+00:00,0.0
3116,2013-08-04 22:00:00+00:00,0.0
3116,2013-08-04 22:30:00+00:00,0.0
3116,2013-08-04 23:00:00+00:00,0.0
3116,2013-08-04 23:30:00+00:00,0.0
3116,2013-08-05 00:00:00+00:00,0.0
3116,2013-08-05 00:30:00+00:00,0.0
3116,2013-08-05 01:00:00+00:00,0.0
3116,2013-08-05 01:30:00+00:00,0.0
3116,2013-08-05 02:00:00+00:00,0.0
3116,2013-08-05 02:30:00+00:00,0.0
3116,2013-08-05 03:00:00+00:00,0.0
3116,2013-08-05 03:30:00+00:00,0.0
3116,2013-08-05 04:00:00+00:00,0.0
3116,2013-08-05 04:30:00+00:00,0.0
3116,2013-08-05 05:00:00+00:00,0.03
3116,2013-08-05 05:30:00+00:00,27.15
3116,2013-08-05 06:00:00+00:00,66.87
3116,2013-08-05 06:30:00+00:00,122.2
3116,2013-08-05 07:00:00+00:00,263.05
3116,2013-08-05 07:30:00+00:00,310.03
3116,2013-08-05 08:00:00+00:00,455.25
3116,2013-08-05 08:30:00+00:00,579.15
3116,2013-08-05 09:00:00+00:00,790.3
3116,2013-08-05 09:30:00+00:00,698.1
3116,2013-08-05 10:00:00+00:00,953.35
3116,2013-08-05 10:30:00+00:00,769.5
3116,2013-08-05 11:00:00+00:00,870.6
3116,2013-08-05 11:30:00+00:00,623.35
3116,2013-08-05 12:00:00+00:00,363.76
3116,2013-08-05 12:30:00+00:00,110.27
3116,2013-08-05 13:00:00+00:00,73.05
3116,2013-08-05 13:30:00+00:00,913.15
3116,2013-08-05 14:00:00+00:00,1009.45
3116,2013-08-05 14:30:00+00:00,895.75
3116,2013-08-05 15:00:00+00:00,987.75
3116,2013-08-05 15:30:00+00:00,833.6
3116,2013-08-05 16:00:00+00:00,589.9
3116,2013-08-05 16:30:00+00:00,286.45
3116,2013-08-05 17:00:00+00:00,0.71
3116,2013-08-05 17:30:00+00:00,38.5
3116,2013-08-05 18:00:00+00:00,143.22
3116,2013-08-05 18:30:00+00:00,41.05
3116,2013-08-05 19:00:00+00:00,30.11
3116,2013-08-05 19:30:00+00:00,11.58
3116,2013-08-05 20:00:00+00:00,0.0
3116,2013-08-05 20:30:00+00:00,0.0
3116,2013-08-05 21:00:00+00:00,0.0
3116,2013-08-05 21:30:00+00:00,0.0
3116,2013-08-05 22:00:00+00:00,0.0
3116,2013-08-05 22:30:00+00:00,0.0
3116,2013-08-05 23:00:00+00:00,0.0
3116,2013-08-05 23:30:00+00:00,0.0
3116,2013-08-06 00:00:00+00:00,0.0
3116,2013-08-06 00:30:00+00:00,0.0
3116,2013-08-06 01:00:00+00:00,0.0
3116,2013-08-06 01:30:00+00:00,0.0
3116,2013-08-06 02:00:00+00:00,0.0
3116,2013-08-06 02:30:00+00:00,0.0
3116,2013-08-06 03:00:00+00:00,0.0
3116,2013-08-06 03:30:00+00:00,0.0
3116,2013-08-06 04:00:00+00:00,0.0
3116,2013-08-06 04:30:00+00:00,0.01
3116,2013-08-06 05:00:00+00:00,1.14
3116,2013-08-06 05:30:00+00:00,23.03
3116,2013-08-06 06:00:00+00:00,95.74
3116,2013-08-06 06:30:00+00:00,160.14
3116,2013-08-06 07:00:00+00:00,288.89
3116,2013-08-06 07:30:00+00:00,587.8
3116,2013-08-06 08:00:00+00:00,663.1
3116,2013-08-06 08:30:00+00:00,909.15
3116,2013-08-06 09:00:00+00:00,1057.7
3116,2013-08-06 09:30:00+00:00,1118.35
3116,2013-08-06 10:00:00+00:00,1109.85
3116,2013-08-06 10:30:00+00:00,956.85
3116,2013-08-06 11:00:00+00:00,847.15
3116,2013-08-06 11:30:00+00:00,776.0
3116,2013-08-06 12:00:00+00:00,1283.55
3116,2013-08-06 12:30:00+00:00,922.15
3116,2013-08-06 13:00:00+00:00,554.35
3116,2013-08-06 13:30:00+00:00,928.2
3116,2013-08-06 14:00:00+00:00,948.55
3116,2013-08-06 14:30:00+00:00,695.85
3116,2013-08-06 15:00:00+00:00,750.3
3116,2013-08-06 15:30:00+00:00,380.09
3116,2013-08-06 16:00:00+00:00,403.07
3116,2013-08-06 16:30:00+00:00,361.7
3116,2013-08-06 17:00:00+00:00,146.75
3116,2013-08-06 17:30:00+00:00,153.38
3116,2013-08-06 18:00:00+00:00,33.87
3116,2013-08-06 18:30:00+00:00,19.84
3116,2013-08-06 19:00:00+00:00,29.38
3116,2013-08-06 19:30:00+00:00,3.39
3116,2013-08-06 20:00:00+00:00,0.0
3116,2013-08-06 20:30:00+00:00,0.0
3116,2013-08-06 21:00:00+00:00,0.0
3116,2013-08-06 21:30:00+00:00,0.0
3116,2013-08-06 22:00:00+00:00,0.0
3116,2013-08-06 22:30:00+00:00,0.0
3116,2013-08-06 23:00:00+00:00,0.0
3116,2013-08-06 23:30:00+00:00,0.0
3116,2013-08-07 00:00:00+00:00,0.0
3116,2013-08-07 00:30:00+00:00,0.0
3116,2013-08-07 01:00:00+00:00,0.0
3116,2013-08-07 01:30:00+00:00,0.0
3116,2013-08-07 02:00:00+00:00,0.0
3116,2013-08-07 02:30:00+00:00,0.0
3116,2013-08-07 03:00:00+00:00,0.0
3116,2013-08-07 03:30:00+00:00,0.0
3116,2013-08-07 04:00:00+00:00,0.0
3116,2013-08-07 04:30:00+00:00,0.0
3116,2013-08-07 05:00:00+00:00,1.57
3116,2013-08-07 05:30:00+00:00,24.15
3116,2013-08-07 06:00:00+00:00,38.44
3116,2013-08-07 06:30:00+00:00,95.27
3116,2013-08-07 07:00:00+00:00,146.85
3116,2013-08-07 07:30:00+00:00,228.42
3116,2013-08-07 08:00:00+00:00,263.24
3116,2013-08-07 08:30:00+00:00,321.94
3116,2013-08-07 09:00:00+00:00,392.17
3116,2013-08-07 09:30:00+00:00,583.7
3116,2013-08-07 10:00:00+00:00,513.75
3116,2013-08-07 10:30:00+00:00,1013.65
3116,2013-08-07 11:00:00+00:00,800.45
3116,2013-08-07 11:30:00+00:00,690.8
3116,2013-08-07 12:00:00+00:00,1178.15
3116,2013-08-07 12:30:00+00:00,817.6
3116,2013-08-07 13:00:00+00:00,1097.4
3116,2013-08-07 13:30:00+00:00,1233.9
3116,2013-08-07 14:00:00+00:00,1043.45
3116,2013-08-07 14:30:00+00:00,710.1
3116,2013-08-07 15:00:00+00:00,658.4
3116,2013-08-07 15:30:00+00:00,447.76
3116,2013-08-07 16:00:00+00:00,556.35
3116,2013-08-07 16:30:00+00:00,547.2
3116,2013-08-07 17:00:00+00:00,330.78
3116,2013-08-07 17:30:00+00:00,192.23
3116,2013-08-07 18:00:00+00:00,104.19
3116,2013-08-07 18:30:00+00:00,22.28
3116,2013-08-07 19:00:00+00:00,4.52
3116,2013-08-07 19:30:00+00:00,0.0
3116,2013-08-07 20:00:00+00:00,0.0
3116,2013-08-07 20:30:00+00:00,0.0
3116,2013-08-07 21:00:00+00:00,0.0
3116,2013-08-07 21:30:00+00:00,0.0
3116,2013-08-07 22:00:00+00:00,0.0
3116,2013-08-07 22:30:00+00:00,0.0
3116,2013-08-07 23:00:00+00:00,0.0
3116,2013-08-07 23:30:00+00:00,0.0
3116,2013-08-08 00:00:00+00:00,0.0
3116,2013-08-08 00:30:00+00:00,0.0
3116,2013-08-08 01:00:00+00:00,0.0
3116,2013-08-08 01:30:00+00:00,0.0
3116,2013-08-08 02:00:00+00:00,0.0
3116,2013-08-08 02:30:00+00:00,0.0
3116,2013-08-08 03:00:00+00:00,0.0
3116,2013-08-08 03:30:00+00:00,0.0
3116,2013-08-08 04:00:00+00:00,0.0
3116,2013-08-08 04:30:00+00:00,0.0
3116,2013-08-08 05:00:00+00:00,0.68
3116,2013-08-08 05:30:00+00:00,25.8
3116,2013-08-08 06:00:00+00:00,97.64
3116,2013-08-08 06:30:00+00:00,245.12
3116,2013-08-08 07:00:00+00:00,406.11
3116,2013-08-08 07:30:00+00:00,585.5
3116,2013-08-08 08:00:00+00:00,750.7
3116,2013-08-08 08:30:00+00:00,897.75
3116,2013-08-08 09:00:00+00:00,1024.0
3116,2013-08-08 09:30:00+00:00,1063.95
3116,2013-08-08 10:00:00+00:00,1045.75
3116,2013-08-08 10:30:00+00:00,823.2
3116,2013-08-08 11:00:00+00:00,710.25
3116,2013-08-08 11:30:00+00:00,866.95
3116,2013-08-08 12:00:00+00:00,927.1
3116,2013-08-08 12:30:00+00:00,691.05
3116,2013-08-08 13:00:00+00:00,1185.6
3116,2013-08-08 13:30:00+00:00,1308.4
3116,2013-08-08 14:00:00+00:00,1081.05
3116,2013-08-08 14:30:00+00:00,888.55
3116,2013-08-08 15:00:00+00:00,915.25
3116,2013-08-08 15:30:00+00:00,832.2
3116,2013-08-08 16:00:00+00:00,707.55
3116,2013-08-08 16:30:00+00:00,560.45
3116,2013-08-08 17:00:00+00:00,350.62
3116,2013-08-08 17:30:00+00:00,171.97
3116,2013-08-08 18:00:00+00:00,94.38
3116,2013-08-08 18:30:00+00:00,38.34
3116,2013-08-08 19:00:00+00:00,20.55
3116,2013-08-08 19:30:00+00:00,0.07
3116,2013-08-08 20:00:00+00:00,0.0
3116,2013-08-08 20:30:00+00:00,0.0
3116,2013-08-08 21:00:00+00:00,0.0
3116,2013-08-08 21:30:00+00:00,0.0
3116,2013-08-08 22:00:00+00:00,0.0
3116,2013-08-08 22:30:00+00:00,0.0
3116,2013-08-08 23:00:00+00:00,0.0
3116,2013-08-08 23:30:00+00:00,0.0
3116,2013-08-09 00:00:00+00:00,0.0
3116,2013-08-09 00:30:00+00:00,0.0
3116,2013-08-09 01:00:00+00:00,0.0
3116,2013-08-09 01:30:00+00:00,0.0
3116,2013-08-09 02:00:00+00:00,0.0
3116,2013-08-09 02:30:00+00:00,0.0
3116,2013-08-09 03:00:00+00:00,0.0
3116,2013-08-09 03:30:00+00:00,0.0
3116,2013-08-09 04:00:00+00:00,0.0
3116,2013-08-09 04:30:00+00:00,0.0
3116,2013-08-09 05:00:00+00:00,0.06
3116,2013-08-09 05:30:00+00:00,43.67
3116,2013-08-09 06:00:00+00:00,99.34
3116,2013-08-09 06:30:00+00:00,0.06
3116,2013-08-09 07:00:00+00:00,26.63
3116,2013-08-09 07:30:00+00:00,74.57
3116,2013-08-09 08:00:00+00:00,158.23
3116,2013-08-09 08:30:00+00:00,252.43
3116,2013-08-09 09:00:00+00:00,251.47
3116,2013-08-09 09:30:00+00:00,359.01
3116,2013-08-09 10:00:00+00:00,838.85
3116,2013-08-09 10:30:00+00:00,685.75
3116,2013-08-09 11:00:00+00:00,694.05
3116,2013-08-09 11:30:00+00:00,1288.2
3116,2013-08-09 12:00:00+00:00,967.2
3116,2013-08-09 12:30:00+00:00,662.95
3116,2013-08-09 13:00:00+00:00,1397.5
3116,2013-08-09 13:30:00+00:00,1228.65
3116,2013-08-09 14:00:00+00:00,772.75
3116,2013-08-09 14:30:00+00:00,876.55
3116,2013-08-09 15:00:00+00:00,839.5
3116,2013-08-09 15:30:00+00:00,603.95
3116,2013-08-09 16:00:00+00:00,690.15
3116,2013-08-09 16:30:00+00:00,472.87
3116,2013-08-09 17:00:00+00:00,351.2
3116,2013-08-09 17:30:00+00:00,198.52
3116,2013-08-09 18:00:00+00:00,129.1
3116,2013-08-09 18:30:00+00:00,51.38
3116,2013-08-09 19:00:00+00:00,22.43
3116,2013-08-09 19:30:00+00:00,0.01
3116,2013-08-09 20:00:00+00:00,0.0
3116,2013-08-09 20:30:00+00:00,0.0
3116,2013-08-09 21:00:00+00:00,0.0
3116,2013-08-09 21:30:00+00:00,0.0
3116,2013-08-09 22:00:00+00:00,0.0
3116,2013-08-09 22:30:00+00:00,0.0
3116,2013-08-09 23:00:00+00:00,0.0
3116,2013-08-09 23:30:00+00:00,0.0
3116,2013-08-10 00:00:00+00:00,0.0
3116,2013-08-10 00:30:00+00:00,0.0
3116,2013-08-10 01:00:00+00:00,0.0
3116,2013-08-10 01:30:00+00:00,0.0
3116,2013-08-10 02:00:00+00:00,0.0
3116,2013-08-10 02:30:00+00:00,0.0
3116,2013-08-10 03:00:00+00:00,0.0
3116,2013-08-10 03:30:00+00:00,0.0
3116,2013-08-10 04:00:00+00:00,0.0
3116,2013-08-10 04:30:00+00:00,0.0
3116,2013-08-10 05:00:00+00:00,0.05
3116,2013-08-10 05:30:00+00:00,18.39
3116,2013-08-10 06:00:00+00:00,48.12
3116,2013-08-10 06:30:00+00:00,89.68
3116,2013-08-10 07:00:00+00:00,136.61
3116,2013-08-10 07:30:00+00:00,218.16
3116,2013-08-10 08:00:00+00:00,337.27
3116,2013-08-10 08:30:00+00:00,410.98
3116,2013-08-10 09:00:00+00:00,499.41
3116,2013-08-10 09:30:00+00:00,439.28
3116,2013-08-10 10:00:00+00:00,600.1
3116,2013-08-10 10:30:00+00:00,535.55
3116,2013-08-10 11:00:00+00:00,590.35
3116,2013-08-10 11:30:00+00:00,491.28
3116,2013-08-10 12:00:00+00:00,671.8
3116,2013-08-10 12:30:00+00:00,703.25
3116,2013-08-10 13:00:00+00:00,642.4
3116,2013-08-10 13:30:00+00:00,554.1
3116,2013-08-10 14:00:00+00:00,392.47
3116,2013-08-10 14:30:00+00:00,639.75
3116,2013-08-10 15:00:00+00:00,387.14
3116,2013-08-10 15:30:00+00:00,555.15
3116,2013-08-10 16:00:00+00:00,642.75
3116,2013-08-10 16:30:00+00:00,360.71
3116,2013-08-10 17:00:00+00:00,265.27
3116,2013-08-10 17:30:00+00:00,171.41
3116,2013-08-10 18:00:00+00:00,108.21
3116,2013-08-10 18:30:00+00:00,57.19
3116,2013-08-10 19:00:00+00:00,21.05
3116,2013-08-10 19:30:00+00:00,0.09
3116,2013-08-10 20:00:00+00:00,0.0
3116,2013-08-10 20:30:00+00:00,0.0
3116,2013-08-10 21:00:00+00:00,0.0
3116,2013-08-10 21:30:00+00:00,0.0
3116,2013-08-10 22:00:00+00:00,0.0
3116,2013-08-10 22:30:00+00:00,0.0
3116,2013-08-10 23:00:00+00:00,0.0
3116,2013-08-10 23:30:00+00:00,0.0
3116,2013-08-11 00:00:00+00:00,0.0
3116,2013-08-11 00:30:00+00:00,0.0
3116,2013-08-11 01:00:00+00:00,0.0
3116,2013-08-11 01:30:00+00:00,0.0
3116,2013-08-11 02:00:00+00:00,0.0
3116,2013-08-11 02:30:00+00:00,0.0
3116,2013-08-11 03:00:00+00:00,0.0
3116,2013-08-11 03:30:00+00:00,0.0
3116,2013-08-11 04:00:00+00:00,0.0
3116,2013-08-11 04:30:00+00:00,0.0
3116,2013-08-11 05:00:00+00:00,0.04
3116,2013-08-11 05:30:00+00:00,10.56
3116,2013-08-11 06:00:00+00:00,46.22
3116,2013-08-11 06:30:00+00:00,87.2
3116,2013-08-11 07:00:00+00:00,252.44
3116,2013-08-11 07:30:00+00:00,545.4
3116,2013-08-11 08:00:00+00:00,724.1
3116,2013-08-11 08:30:00+00:00,511.25
3116,2013-08-11 09:00:00+00:00,464.08
3116,2013-08-11 09:30:00+00:00,303.11
3116,2013-08-11 10:00:00+00:00,414.8
3116,2013-08-11 10:30:00+00:00,540.9
3116,2013-08-11 11:00:00+00:00,855.85
3116,2013-08-11 11:30:00+00:00,744.5
3116,2013-08-11 12:00:00+00:00,648.65
3116,2013-08-11 12:30:00+00:00,811.35
3116,2013-08-11 13:00:00+00:00,1040.15
3116,2013-08-11 13:30:00+00:00,805.55
3116,2013-08-11 14:00:00+00:00,1141.2
3116,2013-08-11 14:30:00+00:00,1115.0
3116,2013-08-11 15:00:00+00:00,1003.65
3116,2013-08-11 15:30:00+00:00,820.3
3116,2013-08-11 16:00:00+00:00,702.8
3116,2013-08-11 16:30:00+00:00,564.25
3116,2013-08-11 17:00:00+00:00,397.97
3116,2013-08-11 17:30:00+00:00,182.58
3116,2013-08-11 18:00:00+00:00,103.36
3116,2013-08-11 18:30:00+00:00,36.68
3116,2013-08-11 19:00:00+00:00,17.75
3116,2013-08-11 19:30:00+00:00,1.08
3116,2013-08-11 20:00:00+00:00,0.0
3116,2013-08-11 20:30:00+00:00,0.0
3116,2013-08-11 21:00:00+00:00,0.0
3116,2013-08-11 21:30:00+00:00,0.0
3116,2013-08-11 22:00:00+00:00,0.0
3116,2013-08-11 22:30:00+00:00,0.0
3116,2013-08-11 23:00:00+00:00,0.0
3116,2013-08-11 23:30:00+00:00,0.0
3116,2013-08-12 00:00:00+00:00,0.0
3116,2013-08-12 00:30:00+00:00,0.0
3116,2013-08-12 01:00:00+00:00,0.0
3116,2013-08-12 01:30:00+00:00,0.0
3116,2013-08-12 02:00:00+00:00,0.0
3116,2013-08-12 02:30:00+00:00,0.0
3116,2013-08-12 03:00:00+00:00,0.0
3116,2013-08-12 03:30:00+00:00,0.0
3116,2013-08-12 04:00:00+00:00,0.0
3116,2013-08-12 04:30:00+00:00,0.0
3116,2013-08-12 05:00:00+00:00,0.05
3116,2013-08-12 05:30:00+00:00,4.81
3116,2013-08-12 06:00:00+00:00,20.84
3116,2013-08-12 06:30:00+00:00,68.79
3116,2013-08-12 07:00:00+00:00,181.89
3116,2013-08-12 07:30:00+00:00,244.34
3116,2013-08-12 08:00:00+00:00,359.01
3116,2013-08-12 08:30:00+00:00,534.4
3116,2013-08-12 09:00:00+00:00,679.25
3116,2013-08-12 09:30:00+00:00,807.5
3116,2013-08-12 10:00:00+00:00,844.6
3116,2013-08-12 10:30:00+00:00,789.25
3116,2013-08-12 11:00:00+00:00,545.45
3116,2013-08-12 11:30:00+00:00,1070.15
3116,2013-08-12 12:00:00+00:00,953.25
3116,2013-08-12 12:30:00+00:00,757.95
3116,2013-08-12 13:00:00+00:00,968.8
3116,2013-08-12 13:30:00+00:00,926.85
3116,2013-08-12 14:00:00+00:00,904.5
3116,2013-08-12 14:30:00+00:00,695.95
3116,2013-08-12 15:00:00+00:00,599.2
3116,2013-08-12 15:30:00+00:00,451.37
3116,2013-08-12 16:00:00+00:00,424.59
3116,2013-08-12 16:30:00+00:00,417.89
3116,2013-08-12 17:00:00+00:00,231.32
3116,2013-08-12 17:30:00+00:00,147.96
3116,2013-08-12 18:00:00+00:00,101.14
3116,2013-08-12 18:30:00+00:00,54.02
3116,2013-08-12 19:00:00+00:00,21.45
3116,2013-08-12 19:30:00+00:00,0.22
3116,2013-08-12 20:00:00+00:00,0.0
3116,2013-08-12 20:30:00+00:00,0.0
3116,2013-08-12 21:00:00+00:00,0.0
3116,2013-08-12 21:30:00+00:00,0.0
3116,2013-08-12 22:00:00+00:00,0.0
3116,2013-08-12 22:30:00+00:00,0.0
3116,2013-08-12 23:00:00+00:00,0.0
3116,2013-08-12 23:30:00+00:00,0.0
3116,2013-08-13 00:00:00+00:00,0.0
3116,2013-08-13 00:30:00+00:00,0.0
3116,2013-08-13 01:00:00+00:00,0.0
3116,2013-08-13 01:30:00+00:00,0.0
3116,2013-08-13 02:00:00+00:00,0.0
3116,2013-08-13 02:30:00+00:00,0.0
3116,2013-08-13 03:00:00+00:00,0.0
3116,2013-08-13 03:30:00+00:00,0.0
3116,2013-08-13 04:00:00+00:00,0.0
3116,2013-08-13 04:30:00+00:00,0.0
3116,2013-08-13 05:00:00+00:00,0.03
3116,2013-08-13 05:30:00+00:00,19.14
3116,2013-08-13 06:00:00+00:00,103.23
3116,2013-08-13 06:30:00+00:00,346.68
3116,2013-08-13 07:00:00+00:00,502.05
3116,2013-08-13 07:30:00+00:00,444.79
3116,2013-08-13 08:00:00+00:00,699.95
3116,2013-08-13 08:30:00+00:00,653.45
3116,2013-08-13 09:00:00+00:00,976.8
3116,2013-08-13 09:30:00+00:00,721.4
3116,2013-08-13 10:00:00+00:00,1138.05
3116,2013-08-13 10:30:00+00:00,1087.35
3116,2013-08-13 11:00:00+00:00,1132.1
3116,2013-08-13 11:30:00+00:00,786.3
3116,2013-08-13 12:00:00+00:00,484.54
3116,2013-08-13 12:30:00+00:00,384.83
3116,2013-08-13 13:00:00+00:00,604.7
3116,2013-08-13 13:30:00+00:00,498.7
3116,2013-08-13 14:00:00+00:00,540.25
3116,2013-08-13 14:30:00+00:00,424.05
3116,2013-08-13 15:00:00+00:00,219.55
3116,2013-08-13 15:30:00+00:00,155.79
3116,2013-08-13 16:00:00+00:00,146.18
3116,2013-08-13 16:30:00+00:00,217.2
3116,2013-08-13 17:00:00+00:00,175.26
3116,2013-08-13 17:30:00+00:00,145.64
3116,2013-08-13 18:00:00+00:00,107.7
3116,2013-08-13 18:30:00+00:00,66.84
3116,2013-08-13 19:00:00+00:00,12.92
3116,2013-08-13 19:30:00+00:00,0.0
3116,2013-08-13 20:00:00+00:00,0.0
3116,2013-08-13 20:30:00+00:00,0.0
3116,2013-08-13 21:00:00+00:00,0.0
3116,2013-08-13 21:30:00+00:00,0.0
3116,2013-08-13 22:00:00+00:00,0.0
3116,2013-08-13 22:30:00+00:00,0.0
3116,2013-08-13 23:00:00+00:00,0.0
3116,2013-08-13 23:30:00+00:00,0.0
3116,2013-08-14 00:00:00+00:00,0.0
3116,2013-08-14 00:30:00+00:00,0.0
3116,2013-08-14 01:00:00+00:00,0.0
3116,2013-08-14 01:30:00+00:00,0.0
3116,2013-08-14 02:00:00+00:00,0.0
3116,2013-08-14 02:30:00+00:00,0.0
3116,2013-08-14 03:00:00+00:00,0.0
3116,2013-08-14 03:30:00+00:00,0.0
3116,2013-08-14 04:00:00+00:00,0.0
3116,2013-08-14 04:30:00+00:00,0.0
3116,2013-08-14 05:00:00+00:00,0.1
3116,2013-08-14 05:30:00+00:00,14.01
3116,2013-08-14 06:00:00+00:00,78.8
3116,2013-08-14 06:30:00+00:00,231.77
3116,2013-08-14 07:00:00+00:00,403.38
3116,2013-08-14 07:30:00+00:00,582.7
3116,2013-08-14 08:00:00+00:00,745.45
3116,2013-08-14 08:30:00+00:00,890.5
3116,2013-08-14 09:00:00+00:00,1031.6
3116,2013-08-14 09:30:00+00:00,1172.2
3116,2013-08-14 10:00:00+00:00,1063.05
3116,2013-08-14 10:30:00+00:00,862.35
3116,2013-08-14 11:00:00+00:00,1111.75
3116,2013-08-14 11:30:00+00:00,1089.15
3116,2013-08-14 12:00:00+00:00,945.2
3116,2013-08-14 12:30:00+00:00,760.4
3116,2013-08-14 13:00:00+00:00,668.1
3116,2013-08-14 13:30:00+00:00,773.8
3116,2013-08-14 14:00:00+00:00,751.25
3116,2013-08-14 14:30:00+00:00,906.6
3116,2013-08-14 15:00:00+00:00,668.1
3116,2013-08-14 15:30:00+00:00,524.75
3116,2013-08-14 16:00:00+00:00,343.35
3116,2013-08-14 16:30:00+00:00,391.65
3116,2013-08-14 17:00:00+00:00,261.98
3116,2013-08-14 17:30:00+00:00,133.48
3116,2013-08-14 18:00:00+00:00,52.56
3116,2013-08-14 18:30:00+00:00,29.06
3116,2013-08-14 19:00:00+00:00,14.4
3116,2013-08-14 19:30:00+00:00,0.0
3116,2013-08-14 20:00:00+00:00,0.0
3116,2013-08-14 20:30:00+00:00,0.0
3116,2013-08-14 21:00:00+00:00,0.0
3116,2013-08-14 21:30:00+00:00,0.0
3116,2013-08-14 22:00:00+00:00,0.0
3116,2013-08-14 22:30:00+00:00,0.0
3116,2013-08-14 23:00:00+00:00,0.0
3116,2013-08-14 23:30:00+00:00,0.0
3116,2013-08-15 00:00:00+00:00,0.0
3116,2013-08-15 00:30:00+00:00,0.0
3116,2013-08-15 01:00:00+00:00,0.0
3116,2013-08-15 01:30:00+00:00,0.0
3116,2013-08-15 02:00:00+00:00,0.0
3116,2013-08-15 02:30:00+00:00,0.0
3116,2013-08-15 03:00:00+00:00,0.0
3116,2013-08-15 03:30:00+00:00,0.0
3116,2013-08-15 04:00:00+00:00,0.0
3116,2013-08-15 04:30:00+00:00,0.0
3116,2013-08-15 05:00:00+00:00,0.0
3116,2013-08-15 05:30:00+00:00,4.44
3116,2013-08-15 06:00:00+00:00,52.99
3116,2013-08-15 06:30:00+00:00,102.28
3116,2013-08-15 07:00:00+00:00,147.5
3116,2013-08-15 07:30:00+00:00,145.78
3116,2013-08-15 08:00:00+00:00,279.74
3116,2013-08-15 08:30:00+00:00,494.11
3116,2013-08-15 09:00:00+00:00,667.5
3116,2013-08-15 09:30:00+00:00,246.86
3116,2013-08-15 10:00:00+00:00,264.4
3116,2013-08-15 10:30:00+00:00,412.82
3116,2013-08-15 11:00:00+00:00,763.25
3116,2013-08-15 11:30:00+00:00,1268.6
3116,2013-08-15 12:00:00+00:00,1070.25
3116,2013-08-15 12:30:00+00:00,1127.1
3116,2013-08-15 13:00:00+00:00,666.35
3116,2013-08-15 13:30:00+00:00,716.5
3116,2013-08-15 14:00:00+00:00,717.15
3116,2013-08-15 14:30:00+00:00,798.3
3116,2013-08-15 15:00:00+00:00,411.26
3116,2013-08-15 15:30:00+00:00,305.62
3116,2013-08-15 16:00:00+00:00,205.45
3116,2013-08-15 16:30:00+00:00,226.28
3116,2013-08-15 17:00:00+00:00,338.39
3116,2013-08-15 17:30:00+00:00,158.16
3116,2013-08-15 18:00:00+00:00,96.54
3116,2013-08-15 18:30:00+00:00,75.66
3116,2013-08-15 19:00:00+00:00,1.19
3116,2013-08-15 19:30:00+00:00,0.0
3116,2013-08-15 20:00:00+00:00,0.0
3116,2013-08-15 20:30:00+00:00,0.0
3116,2013-08-15 21:00:00+00:00,0.0
3116,2013-08-15 21:30:00+00:00,0.0
3116,2013-08-15 22:00:00+00:00,0.0
3116,2013-08-15 22:30:00+00:00,0.0
3116,2013-08-15 23:00:00+00:00,0.0
3116,2013-08-15 23:30:00+00:00,0.0
3116,2013-08-16 00:00:00+00:00,0.0
3116,2013-08-16 00:30:00+00:00,0.0
3116,2013-08-16 01:00:00+00:00,0.0
3116,2013-08-16 01:30:00+00:00,0.0
3116,2013-08-16 02:00:00+00:00,0.0
3116,2013-08-16 02:30:00+00:00,0.0
3116,2013-08-16 03:00:00+00:00,0.0
3116,2013-08-16 03:30:00+00:00,0.0
3116,2013-08-16 04:00:00+00:00,0.0
3116,2013-08-16 04:30:00+00:00,0.0
3116,2013-08-16 05:00:00+00:00,0.02
3116,2013-08-16 05:30:00+00:00,8.5
3116,2013-08-16 06:00:00+00:00,31.56
3116,2013-08-16 06:30:00+00:00,69.25
3116,2013-08-16 07:00:00+00:00,124.54
3116,2013-08-16 07:30:00+00:00,135.31
3116,2013-08-16 08:00:00+00:00,88.29
3116,2013-08-16 08:30:00+00:00,151.92
3116,2013-08-16 09:00:00+00:00,209.04
3116,2013-08-16 09:30:00+00:00,227.1
3116,2013-08-16 10:00:00+00:00,253.93
3116,2013-08-16 10:30:00+00:00,426.41
3116,2013-08-16 11:00:00+00:00,572.85
3116,2013-08-16 11:30:00+00:00,365.12
3116,2013-08-16 12:00:00+00:00,281.3
3116,2013-08-16 12:30:00+00:00,490.29
3116,2013-08-16 13:00:00+00:00,369.54
3116,2013-08-16 13:30:00+00:00,490.92
3116,2013-08-16 14:00:00+00:00,309.86
3116,2013-08-16 14:30:00+00:00,259.28
3116,2013-08-16 15:00:00+00:00,275.83
3116,2013-08-16 15:30:00+00:00,303.02
3116,2013-08-16 16:00:00+00:00,460.11
3116,2013-08-16 16:30:00+00:00,322.8
3116,2013-08-16 17:00:00+00:00,373.61
3116,2013-08-16 17:30:00+00:00,220.83
3116,2013-08-16 18:00:00+00:00,105.3
3116,2013-08-16 18:30:00+00:00,56.27
3116,2013-08-16 19:00:00+00:00,24.43
3116,2013-08-16 19:30:00+00:00,0.1
3116,2013-08-16 20:00:00+00:00,0.0
3116,2013-08-16 20:30:00+00:00,0.0
3116,2013-08-16 21:00:00+00:00,0.0
3116,2013-08-16 21:30:00+00:00,0.0
3116,2013-08-16 22:00:00+00:00,0.0
3116,2013-08-16 22:30:00+00:00,0.0
3116,2013-08-16 23:00:00+00:00,0.0
3116,2013-08-16 23:30:00+00:00,0.0
3116,2013-08-17 00:00:00+00:00,0.0
3116,2013-08-17 00:30:00+00:00,0.0
3116,2013-08-17 01:00:00+00:00,0.0
3116,2013-08-17 01:30:00+00:00,0.0
3116,2013-08-17 02:00:00+00:00,0.0
3116,2013-08-17 02:30:00+00:00,0.0
3116,2013-08-17 03:00:00+00:00,0.0
3116,2013-08-17 03:30:00+00:00,0.0
3116,2013-08-17 04:00:00+00:00,0.0
3116,2013-08-17 04:30:00+00:00,0.0
3116,2013-08-17 05:00:00+00:00,0.02
3116,2013-08-17 05:30:00+00:00,19.97
3116,2013-08-17 06:00:00+00:00,37.7
3116,2013-08-17 06:30:00+00:00,86.15
3116,2013-08-17 07:00:00+00:00,301.11
3116,2013-08-17 07:30:00+00:00,432.61
3116,2013-08-17 08:00:00+00:00,603.1
3116,2013-08-17 08:30:00+00:00,764.55
3116,2013-08-17 09:00:00+00:00,403.2
3116,2013-08-17 09:30:00+00:00,639.1
3116,2013-08-17 10:00:00+00:00,1234.7
3116,2013-08-17 10:30:00+00:00,535.3
3116,2013-08-17 11:00:00+00:00,533.8
3116,2013-08-17 11:30:00+00:00,486.69
3116,2013-08-17 12:00:00+00:00,764.5
3116,2013-08-17 12:30:00+00:00,758.0
3116,2013-08-17 13:00:00+00:00,528.8
3116,2013-08-17 13:30:00+00:00,446.42
3116,2013-08-17 14:00:00+00:00,334.16
3116,2013-08-17 14:30:00+00:00,224.96
3116,2013-08-17 15:00:00+00:00,210.2
3116,2013-08-17 15:30:00+00:00,130.36
3116,2013-08-17 16:00:00+00:00,205.47
3116,2013-08-17 16:30:00+00:00,309.29
3116,2013-08-17 17:00:00+00:00,298.57
3116,2013-08-17 17:30:00+00:00,124.51
3116,2013-08-17 18:00:00+00:00,55.28
3116,2013-08-17 18:30:00+00:00,47.73
3116,2013-08-17 19:00:00+00:00,1.14
3116,2013-08-17 19:30:00+00:00,0.01
3116,2013-08-17 20:00:00+00:00,0.0
3116,2013-08-17 20:30:00+00:00,0.0
3116,2013-08-17 21:00:00+00:00,0.0
3116,2013-08-17 21:30:00+00:00,0.0
3116,2013-08-17 22:00:00+00:00,0.0
3116,2013-08-17 22:30:00+00:00,0.0
3116,2013-08-17 23:00:00+00:00,0.0
3116,2013-08-17 23:30:00+00:00,0.0
3116,2013-08-18 00:00:00+00:00,0.0
3116,2013-08-18 00:30:00+00:00,0.0
3116,2013-08-18 01:00:00+00:00,0.0
3116,2013-08-18 01:30:00+00:00,0.0
3116,2013-08-18 02:00:00+00:00,0.0
3116,2013-08-18 02:30:00+00:00,0.0
3116,2013-08-18 03:00:00+00:00,0.0
3116,2013-08-18 03:30:00+00:00,0.0
3116,2013-08-18 04:00:00+00:00,0.0
3116,2013-08-18 04:30:00+00:00,0.0
3116,2013-08-18 05:00:00+00:00,0.02
3116,2013-08-18 05:30:00+00:00,2.47
3116,2013-08-18 06:00:00+00:00,41.29
3116,2013-08-18 06:30:00+00:00,174.09
3116,2013-08-18 07:00:00+00:00,363.55
3116,2013-08-18 07:30:00+00:00,352.72
3116,2013-08-18 08:00:00+00:00,636.65
3116,2013-08-18 08:30:00+00:00,709.45
3116,2013-08-18 09:00:00+00:00,846.85
3116,2013-08-18 09:30:00+00:00,1018.95
3116,2013-08-18 10:00:00+00:00,842.2
3116,2013-08-18 10:30:00+00:00,501.05
3116,2013-08-18 11:00:00+00:00,512.0
3116,2013-08-18 11:30:00+00:00,485.25
3116,2013-08-18 12:00:00+00:00,633.5
3116,2013-08-18 12:30:00+00:00,459.55
3116,2013-08-18 13:00:00+00:00,968.9
3116,2013-08-18 13:30:00+00:00,1099.35
3116,2013-08-18 14:00:00+00:00,1133.8
3116,2013-08-18 14:30:00+00:00,773.0
3116,2013-08-18 15:00:00+00:00,470.58
3116,2013-08-18 15:30:00+00:00,711.65
3116,2013-08-18 16:00:00+00:00,684.8
3116,2013-08-18 16:30:00+00:00,436.4
3116,2013-08-18 17:00:00+00:00,341.69
3116,2013-08-18 17:30:00+00:00,138.58
3116,2013-08-18 18:00:00+00:00,81.12
3116,2013-08-18 18:30:00+00:00,45.81
3116,2013-08-18 19:00:00+00:00,12.14
3116,2013-08-18 19:30:00+00:00,0.0
3116,2013-08-18 20:00:00+00:00,0.0
3116,2013-08-18 20:30:00+00:00,0.0
3116,2013-08-18 21:00:00+00:00,0.0
3116,2013-08-18 21:30:00+00:00,0.0
3116,2013-08-18 22:00:00+00:00,0.0
3116,2013-08-18 22:30:00+00:00,0.0
3116,2013-08-18 23:00:00+00:00,0.0
3116,2013-08-18 23:30:00+00:00,0.0
3116,2013-08-19 00:00:00+00:00,0.0
3116,2013-08-19 00:30:00+00:00,0.0
3116,2013-08-19 01:00:00+00:00,0.0
3116,2013-08-19 01:30:00+00:00,0.0
3116,2013-08-19 02:00:00+00:00,0.0
3116,2013-08-19 02:30:00+00:00,0.0
3116,2013-08-19 03:00:00+00:00,0.0
3116,2013-08-19 03:30:00+00:00,0.0
3116,2013-08-19 04:00:00+00:00,0.0
3116,2013-08-19 04:30:00+00:00,0.0
3116,2013-08-19 05:00:00+00:00,0.04
3116,2013-08-19 05:30:00+00:00,13.48
3116,2013-08-19 06:00:00+00:00,72.46
3116,2013-08-19 06:30:00+00:00,224.14
3116,2013-08-19 07:00:00+00:00,313.69
3116,2013-08-19 07:30:00+00:00,574.4
3116,2013-08-19 08:00:00+00:00,759.65
3116,2013-08-19 08:30:00+00:00,913.4
3116,2013-08-19 09:00:00+00:00,1032.6
3116,2013-08-19 09:30:00+00:00,1061.6
3116,2013-08-19 10:00:00+00:00,946.25
3116,2013-08-19 10:30:00+00:00,609.3
3116,2013-08-19 11:00:00+00:00,891.75
3116,2013-08-19 11:30:00+00:00,1165.0
3116,2013-08-19 12:00:00+00:00,672.05
3116,2013-08-19 12:30:00+00:00,1025.55
3116,2013-08-19 13:00:00+00:00,961.85
3116,2013-08-19 13:30:00+00:00,651.35
3116,2013-08-19 14:00:00+00:00,1034.7
3116,2013-08-19 14:30:00+00:00,785.1
3116,2013-08-19 15:00:00+00:00,977.05
3116,2013-08-19 15:30:00+00:00,649.4
3116,2013-08-19 16:00:00+00:00,699.7
3116,2013-08-19 16:30:00+00:00,452.94
3116,2013-08-19 17:00:00+00:00,185.98
3116,2013-08-19 17:30:00+00:00,213.63
3116,2013-08-19 18:00:00+00:00,51.44
3116,2013-08-19 18:30:00+00:00,35.97
3116,2013-08-19 19:00:00+00:00,11.49
3116,2013-08-19 19:30:00+00:00,0.0
3116,2013-08-19 20:00:00+00:00,0.0
3116,2013-08-19 20:30:00+00:00,0.0
3116,2013-08-19 21:00:00+00:00,0.0
3116,2013-08-19 21:30:00+00:00,0.0
3116,2013-08-19 22:00:00+00:00,0.0
3116,2013-08-19 22:30:00+00:00,0.0
3116,2013-08-19 23:00:00+00:00,0.0
3116,2013-08-19 23:30:00+00:00,0.0
3116,2013-08-20 00:00:00+00:00,0.0
3116,2013-08-20 00:30:00+00:00,0.0
3116,2013-08-20 01:00:00+00:00,0.0
3116,2013-08-20 01:30:00+00:00,0.0
3116,2013-08-20 02:00:00+00:00,0.0
3116,2013-08-20 02:30:00+00:00,0.0
3116,2013-08-20 03:00:00+00:00,0.0
3116,2013-08-20 03:30:00+00:00,0.0
3116,2013-08-20 04:00:00+00:00,0.0
3116,2013-08-20 04:30:00+00:00,0.0
3116,2013-08-20 05:00:00+00:00,0.0
3116,2013-08-20 05:30:00+00:00,1.96
3116,2013-08-20 06:00:00+00:00,25.29
3116,2013-08-20 06:30:00+00:00,84.04
3116,2013-08-20 07:00:00+00:00,161.39
3116,2013-08-20 07:30:00+00:00,260.39
3116,2013-08-20 08:00:00+00:00,398.74
3116,2013-08-20 08:30:00+00:00,616.6
3116,2013-08-20 09:00:00+00:00,1035.15
3116,2013-08-20 09:30:00+00:00,1110.2
3116,2013-08-20 10:00:00+00:00,1187.45
3116,2013-08-20 10:30:00+00:00,1256.85
3116,2013-08-20 11:00:00+00:00,1301.25
3116,2013-08-20 11:30:00+00:00,1087.95
3116,2013-08-20 12:00:00+00:00,1080.5
3116,2013-08-20 12:30:00+00:00,1370.3
3116,2013-08-20 13:00:00+00:00,1187.5
3116,2013-08-20 13:30:00+00:00,750.7
3116,2013-08-20 14:00:00+00:00,934.2
3116,2013-08-20 14:30:00+00:00,873.05
3116,2013-08-20 15:00:00+00:00,934.05
3116,2013-08-20 15:30:00+00:00,824.1
3116,2013-08-20 16:00:00+00:00,649.1
3116,2013-08-20 16:30:00+00:00,451.02
3116,2013-08-20 17:00:00+00:00,322.51
3116,2013-08-20 17:30:00+00:00,158.58
3116,2013-08-20 18:00:00+00:00,64.61
3116,2013-08-20 18:30:00+00:00,28.58
3116,2013-08-20 19:00:00+00:00,3.5
3116,2013-08-20 19:30:00+00:00,0.0
3116,2013-08-20 20:00:00+00:00,0.0
3116,2013-08-20 20:30:00+00:00,0.0
3116,2013-08-20 21:00:00+00:00,0.0
3116,2013-08-20 21:30:00+00:00,0.0
3116,2013-08-20 22:00:00+00:00,0.0
3116,2013-08-20 22:30:00+00:00,0.0
3116,2013-08-20 23:00:00+00:00,0.0
3116,2013-08-20 23:30:00+00:00,0.0
3116,2013-08-21 00:00:00+00:00,0.0
3116,2013-08-21 00:30:00+00:00,0.0
3116,2013-08-21 01:00:00+00:00,0.0
3116,2013-08-21 01:30:00+00:00,0.0
3116,2013-08-21 02:00:00+00:00,0.0
3116,2013-08-21 02:30:00+00:00,0.0
3116,2013-08-21 03:00:00+00:00,0.0
3116,2013-08-21 03:30:00+00:00,0.0
3116,2013-08-21 04:00:00+00:00,0.0
3116,2013-08-21 04:30:00+00:00,0.0
3116,2013-08-21 05:00:00+00:00,0.01
3116,2013-08-21 05:30:00+00:00,9.83
3116,2013-08-21 06:00:00+00:00,66.83
3116,2013-08-21 06:30:00+00:00,233.31
3116,2013-08-21 07:00:00+00:00,235.4
3116,2013-08-21 07:30:00+00:00,409.64
3116,2013-08-21 08:00:00+00:00,590.05
3116,2013-08-21 08:30:00+00:00,804.1
3116,2013-08-21 09:00:00+00:00,972.6
3116,2013-08-21 09:30:00+00:00,1064.3
3116,2013-08-21 10:00:00+00:00,1098.65
3116,2013-08-21 10:30:00+00:00,1110.85
3116,2013-08-21 11:00:00+00:00,1305.5
3116,2013-08-21 11:30:00+00:00,1296.55
3116,2013-08-21 12:00:00+00:00,1285.55
3116,2013-08-21 12:30:00+00:00,1262.75
3116,2013-08-21 13:00:00+00:00,1087.75
3116,2013-08-21 13:30:00+00:00,949.4
3116,2013-08-21 14:00:00+00:00,1101.5
3116,2013-08-21 14:30:00+00:00,1032.7
3116,2013-08-21 15:00:00+00:00,915.8
3116,2013-08-21 15:30:00+00:00,740.65
3116,2013-08-21 16:00:00+00:00,471.72
3116,2013-08-21 16:30:00+00:00,499.37
3116,2013-08-21 17:00:00+00:00,260.37
3116,2013-08-21 17:30:00+00:00,129.5
3116,2013-08-21 18:00:00+00:00,120.54
3116,2013-08-21 18:30:00+00:00,66.23
3116,2013-08-21 19:00:00+00:00,14.05
3116,2013-08-21 19:30:00+00:00,0.0
3116,2013-08-21 20:00:00+00:00,0.0
3116,2013-08-21 20:30:00+00:00,0.0
3116,2013-08-21 21:00:00+00:00,0.0
3116,2013-08-21 21:30:00+00:00,0.0
3116,2013-08-21 22:00:00+00:00,0.0
3116,2013-08-21 22:30:00+00:00,0.0
3116,2013-08-21 23:00:00+00:00,0.0
3116,2013-08-21 23:30:00+00:00,0.0
3116,2013-08-22 00:00:00+00:00,0.0
3116,2013-08-22 00:30:00+00:00,0.0
3116,2013-08-22 01:00:00+00:00,0.0
3116,2013-08-22 01:30:00+00:00,0.0
3116,2013-08-22 02:00:00+00:00,0.0
3116,2013-08-22 02:30:00+00:00,0.0
3116,2013-08-22 03:00:00+00:00,0.0
3116,2013-08-22 03:30:00+00:00,0.0
3116,2013-08-22 04:00:00+00:00,0.0
3116,2013-08-22 04:30:00+00:00,0.0
3116,2013-08-22 05:00:00+00:00,0.0
3116,2013-08-22 05:30:00+00:00,0.05
3116,2013-08-22 06:00:00+00:00,0.03
3116,2013-08-22 06:30:00+00:00,8.28
3116,2013-08-22 07:00:00+00:00,34.05
3116,2013-08-22 07:30:00+00:00,43.12
3116,2013-08-22 08:00:00+00:00,3.16
3116,2013-08-22 08:30:00+00:00,49.33
3116,2013-08-22 09:00:00+00:00,101.97
3116,2013-08-22 09:30:00+00:00,137.82
3116,2013-08-22 10:00:00+00:00,98.81
3116,2013-08-22 10:30:00+00:00,65.92
3116,2013-08-22 11:00:00+00:00,65.77
3116,2013-08-22 11:30:00+00:00,172.09
3116,2013-08-22 12:00:00+00:00,140.48
3116,2013-08-22 12:30:00+00:00,150.2
3116,2013-08-22 13:00:00+00:00,253.23
3116,2013-08-22 13:30:00+00:00,175.42
3116,2013-08-22 14:00:00+00:00,101.94
3116,2013-08-22 14:30:00+00:00,43.7
3116,2013-08-22 15:00:00+00:00,120.33
3116,2013-08-22 15:30:00+00:00,161.63
3116,2013-08-22 16:00:00+00:00,154.64
3116,2013-08-22 16:30:00+00:00,153.72
3116,2013-08-22 17:00:00+00:00,170.1
3116,2013-08-22 17:30:00+00:00,161.1
3116,2013-08-22 18:00:00+00:00,140.09
3116,2013-08-22 18:30:00+00:00,26.75
3116,2013-08-22 19:00:00+00:00,2.22
3116,2013-08-22 19:30:00+00:00,0.0
3116,2013-08-22 20:00:00+00:00,0.0
3116,2013-08-22 20:30:00+00:00,0.0
3116,2013-08-22 21:00:00+00:00,0.0
3116,2013-08-22 21:30:00+00:00,0.0
3116,2013-08-22 22:00:00+00:00,0.0
3116,2013-08-22 22:30:00+00:00,0.0
3116,2013-08-22 23:00:00+00:00,0.0
3116,2013-08-22 23:30:00+00:00,0.0
3116,2013-08-23 00:00:00+00:00,0.0
3116,2013-08-23 00:30:00+00:00,0.0
3116,2013-08-23 01:00:00+00:00,0.0
3116,2013-08-23 01:30:00+00:00,0.0
3116,2013-08-23 02:00:00+00:00,0.0
3116,2013-08-23 02:30:00+00:00,0.0
3116,2013-08-23 03:00:00+00:00,0.0
3116,2013-08-23 03:30:00+00:00,0.0
3116,2013-08-23 04:00:00+00:00,0.0
3116,2013-08-23 04:30:00+00:00,0.0
3116,2013-08-23 05:00:00+00:00,0.01
3116,2013-08-23 05:30:00+00:00,0.72
3116,2013-08-23 06:00:00+00:00,47.76
3116,2013-08-23 06:30:00+00:00,96.79
3116,2013-08-23 07:00:00+00:00,219.12
3116,2013-08-23 07:30:00+00:00,458.22
3116,2013-08-23 08:00:00+00:00,696.95
3116,2013-08-23 08:30:00+00:00,851.35
3116,2013-08-23 09:00:00+00:00,987.45
3116,2013-08-23 09:30:00+00:00,1088.65
3116,2013-08-23 10:00:00+00:00,1181.95
3116,2013-08-23 10:30:00+00:00,1241.1
3116,2013-08-23 11:00:00+00:00,1243.8
3116,2013-08-23 11:30:00+00:00,1345.65
3116,2013-08-23 12:00:00+00:00,1170.3
3116,2013-08-23 12:30:00+00:00,1241.55
3116,2013-08-23 13:00:00+00:00,1286.4
3116,2013-08-23 13:30:00+00:00,1161.0
3116,2013-08-23 14:00:00+00:00,966.6
3116,2013-08-23 14:30:00+00:00,588.45
3116,2013-08-23 15:00:00+00:00,516.85
3116,2013-08-23 15:30:00+00:00,368.87
3116,2013-08-23 16:00:00+00:00,317.09
3116,2013-08-23 16:30:00+00:00,155.11
3116,2013-08-23 17:00:00+00:00,101.94
3116,2013-08-23 17:30:00+00:00,72.72
3116,2013-08-23 18:00:00+00:00,35.79
3116,2013-08-23 18:30:00+00:00,6.4
3116,2013-08-23 19:00:00+00:00,0.0
3116,2013-08-23 19:30:00+00:00,0.0
3116,2013-08-23 20:00:00+00:00,0.0
3116,2013-08-23 20:30:00+00:00,0.0
3116,2013-08-23 21:00:00+00:00,0.0
3116,2013-08-23 21:30:00+00:00,0.0
3116,2013-08-23 22:00:00+00:00,0.0
3116,2013-08-23 22:30:00+00:00,0.0
3116,2013-08-23 23:00:00+00:00,0.0
3116,2013-08-23 23:30:00+00:00,0.0
3116,2013-08-24 00:00:00+00:00,0.0
3116,2013-08-24 00:30:00+00:00,0.0
3116,2013-08-24 01:00:00+00:00,0.0
3116,2013-08-24 01:30:00+00:00,0.0
3116,2013-08-24 02:00:00+00:00,0.0
3116,2013-08-24 02:30:00+00:00,0.0
3116,2013-08-24 03:00:00+00:00,0.0
3116,2013-08-24 03:30:00+00:00,0.0
3116,2013-08-24 04:00:00+00:00,0.0
3116,2013-08-24 04:30:00+00:00,0.0
3116,2013-08-24 05:00:00+00:00,0.0
3116,2013-08-24 05:30:00+00:00,0.03
3116,2013-08-24 06:00:00+00:00,3.2
3116,2013-08-24 06:30:00+00:00,29.08
3116,2013-08-24 07:00:00+00:00,67.27
3116,2013-08-24 07:30:00+00:00,74.1
3116,2013-08-24 08:00:00+00:00,87.72
3116,2013-08-24 08:30:00+00:00,27.9
3116,2013-08-24 09:00:00+00:00,0.0
3116,2013-08-24 09:30:00+00:00,67.05
3116,2013-08-24 10:00:00+00:00,133.02
3116,2013-08-24 10:30:00+00:00,134.83
3116,2013-08-24 11:00:00+00:00,112.62
3116,2013-08-24 11:30:00+00:00,89.43
3116,2013-08-24 12:00:00+00:00,32.97
3116,2013-08-24 12:30:00+00:00,24.8
3116,2013-08-24 13:00:00+00:00,151.76
3116,2013-08-24 13:30:00+00:00,169.44
3116,2013-08-24 14:00:00+00:00,197.46
3116,2013-08-24 14:30:00+00:00,137.71
3116,2013-08-24 15:00:00+00:00,80.74
3116,2013-08-24 15:30:00+00:00,33.66
3116,2013-08-24 16:00:00+00:00,21.9
3116,2013-08-24 16:30:00+00:00,10.37
3116,2013-08-24 17:00:00+00:00,60.24
3116,2013-08-24 17:30:00+00:00,63.72
3116,2013-08-24 18:00:00+00:00,24.54
3116,2013-08-24 18:30:00+00:00,6.59
3116,2013-08-24 19:00:00+00:00,0.0
3116,2013-08-24 19:30:00+00:00,0.0
3116,2013-08-24 20:00:00+00:00,0.0
3116,2013-08-24 20:30:00+00:00,0.0
3116,2013-08-24 21:00:00+00:00,0.0
3116,2013-08-24 21:30:00+00:00,0.0
3116,2013-08-24 22:00:00+00:00,0.0
3116,2013-08-24 22:30:00+00:00,0.0
3116,2013-08-24 23:00:00+00:00,0.0
3116,2013-08-24 23:30:00+00:00,0.0
3116,2013-08-25 00:00:00+00:00,0.0
3116,2013-08-25 00:30:00+00:00,0.0
3116,2013-08-25 01:00:00+00:00,0.0
3116,2013-08-25 01:30:00+00:00,0.0
3116,2013-08-25 02:00:00+00:00,0.0
3116,2013-08-25 02:30:00+00:00,0.0
3116,2013-08-25 03:00:00+00:00,0.0
3116,2013-08-25 03:30:00+00:00,0.0
3116,2013-08-25 04:00:00+00:00,0.0
3116,2013-08-25 04:30:00+00:00,0.0
3116,2013-08-25 05:00:00+00:00,0.0
3116,2013-08-25 05:30:00+00:00,0.04
3116,2013-08-25 06:00:00+00:00,7.94
3116,2013-08-25 06:30:00+00:00,26.43
3116,2013-08-25 07:00:00+00:00,82.9
3116,2013-08-25 07:30:00+00:00,203.38
3116,2013-08-25 08:00:00+00:00,275.75
3116,2013-08-25 08:30:00+00:00,262.41
3116,2013-08-25 09:00:00+00:00,340.65
3116,2013-08-25 09:30:00+00:00,315.19
3116,2013-08-25 10:00:00+00:00,540.05
3116,2013-08-25 10:30:00+00:00,644.9
3116,2013-08-25 11:00:00+00:00,768.3
3116,2013-08-25 11:30:00+00:00,1116.35
3116,2013-08-25 12:00:00+00:00,1277.15
3116,2013-08-25 12:30:00+00:00,1240.35
3116,2013-08-25 13:00:00+00:00,1356.35
3116,2013-08-25 13:30:00+00:00,1084.1
3116,2013-08-25 14:00:00+00:00,1055.6
3116,2013-08-25 14:30:00+00:00,936.55
3116,2013-08-25 15:00:00+00:00,656.65
3116,2013-08-25 15:30:00+00:00,645.3
3116,2013-08-25 16:00:00+00:00,618.4
3116,2013-08-25 16:30:00+00:00,527.7
3116,2013-08-25 17:00:00+00:00,233.8
3116,2013-08-25 17:30:00+00:00,71.34
3116,2013-08-25 18:00:00+00:00,66.16
3116,2013-08-25 18:30:00+00:00,25.89
3116,2013-08-25 19:00:00+00:00,1.46
3116,2013-08-25 19:30:00+00:00,0.0
3116,2013-08-25 20:00:00+00:00,0.0
3116,2013-08-25 20:30:00+00:00,0.0
3116,2013-08-25 21:00:00+00:00,0.0
3116,2013-08-25 21:30:00+00:00,0.0
3116,2013-08-25 22:00:00+00:00,0.0
3116,2013-08-25 22:30:00+00:00,0.0
3116,2013-08-25 23:00:00+00:00,0.0
3116,2013-08-25 23:30:00+00:00,0.0
3116,2013-08-26 00:00:00+00:00,0.0
3116,2013-08-26 00:30:00+00:00,0.0
3116,2013-08-26 01:00:00+00:00,0.0
3116,2013-08-26 01:30:00+00:00,0.0
3116,2013-08-26 02:00:00+00:00,0.0
3116,2013-08-26 02:30:00+00:00,0.0
3116,2013-08-26 03:00:00+00:00,0.0
3116,2013-08-26 03:30:00+00:00,0.0
3116,2013-08-26 04:00:00+00:00,0.0
3116,2013-08-26 04:30:00+00:00,0.0
3116,2013-08-26 05:00:00+00:00,0.0
3116,2013-08-26 05:30:00+00:00,0.05
3116,2013-08-26 06:00:00+00:00,21.83
3116,2013-08-26 06:30:00+00:00,75.07
3116,2013-08-26 07:00:00+00:00,104.25
3116,2013-08-26 07:30:00+00:00,236.54
3116,2013-08-26 08:00:00+00:00,372.52
3116,2013-08-26 08:30:00+00:00,874.7
3116,2013-08-26 09:00:00+00:00,821.3
3116,2013-08-26 09:30:00+00:00,1000.1
3116,2013-08-26 10:00:00+00:00,1197.7
3116,2013-08-26 10:30:00+00:00,1199.2
3116,2013-08-26 11:00:00+00:00,1124.9
3116,2013-08-26 11:30:00+00:00,1269.5
3116,2013-08-26 12:00:00+00:00,1362.0
3116,2013-08-26 12:30:00+00:00,1325.55
3116,2013-08-26 13:00:00+00:00,1287.25
3116,2013-08-26 13:30:00+00:00,1259.55
3116,2013-08-26 14:00:00+00:00,1176.6
3116,2013-08-26 14:30:00+00:00,1077.85
3116,2013-08-26 15:00:00+00:00,954.3
3116,2013-08-26 15:30:00+00:00,810.2
3116,2013-08-26 16:00:00+00:00,654.9
3116,2013-08-26 16:30:00+00:00,481.09
3116,2013-08-26 17:00:00+00:00,300.66
3116,2013-08-26 17:30:00+00:00,142.12
3116,2013-08-26 18:00:00+00:00,46.74
3116,2013-08-26 18:30:00+00:00,19.07
3116,2013-08-26 19:00:00+00:00,1.6
3116,2013-08-26 19:30:00+00:00,0.0
3116,2013-08-26 20:00:00+00:00,0.0
3116,2013-08-26 20:30:00+00:00,0.0
3116,2013-08-26 21:00:00+00:00,0.0
3116,2013-08-26 21:30:00+00:00,0.0
3116,2013-08-26 22:00:00+00:00,0.0
3116,2013-08-26 22:30:00+00:00,0.0
3116,2013-08-26 23:00:00+00:00,0.0
3116,2013-08-26 23:30:00+00:00,0.0
3116,2013-08-27 00:00:00+00:00,0.0
3116,2013-08-27 00:30:00+00:00,0.0
3116,2013-08-27 01:00:00+00:00,0.0
3116,2013-08-27 01:30:00+00:00,0.0
3116,2013-08-27 02:00:00+00:00,0.0
3116,2013-08-27 02:30:00+00:00,0.0
3116,2013-08-27 03:00:00+00:00,0.0
3116,2013-08-27 03:30:00+00:00,0.0
3116,2013-08-27 04:00:00+00:00,0.0
3116,2013-08-27 04:30:00+00:00,0.0
3116,2013-08-27 05:00:00+00:00,0.0
3116,2013-08-27 05:30:00+00:00,0.2
3116,2013-08-27 06:00:00+00:00,13.75
3116,2013-08-27 06:30:00+00:00,59.24
3116,2013-08-27 07:00:00+00:00,95.95
3116,2013-08-27 07:30:00+00:00,172.5
3116,2013-08-27 08:00:00+00:00,332.0
3116,2013-08-27 08:30:00+00:00,443.21
3116,2013-08-27 09:00:00+00:00,948.8
3116,2013-08-27 09:30:00+00:00,1114.55
3116,2013-08-27 10:00:00+00:00,1244.25
3116,2013-08-27 10:30:00+00:00,1292.35
3116,2013-08-27 11:00:00+00:00,1327.45
3116,2013-08-27 11:30:00+00:00,1353.0
3116,2013-08-27 12:00:00+00:00,1354.0
3116,2013-08-27 12:30:00+00:00,1335.2
3116,2013-08-27 13:00:00+00:00,1298.8
3116,2013-08-27 13:30:00+00:00,1231.75
3116,2013-08-27 14:00:00+00:00,1166.05
3116,2013-08-27 14:30:00+00:00,1055.95
3116,2013-08-27 15:00:00+00:00,945.4
3116,2013-08-27 15:30:00+00:00,804.4
3116,2013-08-27 16:00:00+00:00,650.05
3116,2013-08-27 16:30:00+00:00,474.45
3116,2013-08-27 17:00:00+00:00,298.13
3116,2013-08-27 17:30:00+00:00,138.76
3116,2013-08-27 18:00:00+00:00,44.67
3116,2013-08-27 18:30:00+00:00,16.3
3116,2013-08-27 19:00:00+00:00,0.04
3116,2013-08-27 19:30:00+00:00,0.0
3116,2013-08-27 20:00:00+00:00,0.0
3116,2013-08-27 20:30:00+00:00,0.0
3116,2013-08-27 21:00:00+00:00,0.0
3116,2013-08-27 21:30:00+00:00,0.0
3116,2013-08-27 22:00:00+00:00,0.0
3116,2013-08-27 22:30:00+00:00,0.0
3116,2013-08-27 23:00:00+00:00,0.0
3116,2013-08-27 23:30:00+00:00,0.0
3116,2013-08-28 00:00:00+00:00,0.0
3116,2013-08-28 00:30:00+00:00,0.0
3116,2013-08-28 01:00:00+00:00,0.0
3116,2013-08-28 01:30:00+00:00,0.0
3116,2013-08-28 02:00:00+00:00,0.0
3116,2013-08-28 02:30:00+00:00,0.0
3116,2013-08-28 03:00:00+00:00,0.0
3116,2013-08-28 03:30:00+00:00,0.0
3116,2013-08-28 04:00:00+00:00,0.0
3116,2013-08-28 04:30:00+00:00,0.0
3116,2013-08-28 05:00:00+00:00,0.0
3116,2013-08-28 05:30:00+00:00,0.01
3116,2013-08-28 06:00:00+00:00,4.55
3116,2013-08-28 06:30:00+00:00,30.89
3116,2013-08-28 07:00:00+00:00,73.94
3116,2013-08-28 07:30:00+00:00,201.98
3116,2013-08-28 08:00:00+00:00,442.28
3116,2013-08-28 08:30:00+00:00,875.3
3116,2013-08-28 09:00:00+00:00,1001.35
3116,2013-08-28 09:30:00+00:00,1106.9
3116,2013-08-28 10:00:00+00:00,1162.55
3116,2013-08-28 10:30:00+00:00,1242.1
3116,2013-08-28 11:00:00+00:00,1289.7
3116,2013-08-28 11:30:00+00:00,1297.0
3116,2013-08-28 12:00:00+00:00,1321.55
3116,2013-08-28 12:30:00+00:00,1296.5
3116,2013-08-28 13:00:00+00:00,1261.35
3116,2013-08-28 13:30:00+00:00,1200.5
3116,2013-08-28 14:00:00+00:00,1113.8
3116,2013-08-28 14:30:00+00:00,1004.65
3116,2013-08-28 15:00:00+00:00,891.1
3116,2013-08-28 15:30:00+00:00,681.9
3116,2013-08-28 16:00:00+00:00,537.55
3116,2013-08-28 16:30:00+00:00,386.38
3116,2013-08-28 17:00:00+00:00,274.0
3116,2013-08-28 17:30:00+00:00,131.26
3116,2013-08-28 18:00:00+00:00,48.12
3116,2013-08-28 18:30:00+00:00,12.29
3116,2013-08-28 19:00:00+00:00,0.0
3116,2013-08-28 19:30:00+00:00,0.0
3116,2013-08-28 20:00:00+00:00,0.0
3116,2013-08-28 20:30:00+00:00,0.0
3116,2013-08-28 21:00:00+00:00,0.0
3116,2013-08-28 21:30:00+00:00,0.0
3116,2013-08-28 22:00:00+00:00,0.0
3116,2013-08-28 22:30:00+00:00,0.0
3116,2013-08-28 23:00:00+00:00,0.0
3116,2013-08-28 23:30:00+00:00,0.0
3116,2013-08-29 00:00:00+00:00,0.0
3116,2013-08-29 00:30:00+00:00,0.0
3116,2013-08-29 01:00:00+00:00,0.0
3116,2013-08-29 01:30:00+00:00,0.0
3116,2013-08-29 02:00:00+00:00,0.0
3116,2013-08-29 02:30:00+00:00,0.0
3116,2013-08-29 03:00:00+00:00,0.0
3116,2013-08-29 03:30:00+00:00,0.0
3116,2013-08-29 04:00:00+00:00,0.0
3116,2013-08-29 04:30:00+00:00,0.0
3116,2013-08-29 05:00:00+00:00,0.0
3116,2013-08-29 05:30:00+00:00,0.03
3116,2013-08-29 06:00:00+00:00,26.77
3116,2013-08-29 06:30:00+00:00,73.02
3116,2013-08-29 07:00:00+00:00,226.47
3116,2013-08-29 07:30:00+00:00,228.67
3116,2013-08-29 08:00:00+00:00,609.65
3116,2013-08-29 08:30:00+00:00,771.1
3116,2013-08-29 09:00:00+00:00,955.1
3116,2013-08-29 09:30:00+00:00,1094.3
3116,2013-08-29 10:00:00+00:00,1185.6
3116,2013-08-29 10:30:00+00:00,1264.1
3116,2013-08-29 11:00:00+00:00,1293.95
3116,2013-08-29 11:30:00+00:00,1310.9
3116,2013-08-29 12:00:00+00:00,1342.85
3116,2013-08-29 12:30:00+00:00,1336.55
3116,2013-08-29 13:00:00+00:00,1140.55
3116,2013-08-29 13:30:00+00:00,1095.0
3116,2013-08-29 14:00:00+00:00,1170.9
3116,2013-08-29 14:30:00+00:00,732.85
3116,2013-08-29 15:00:00+00:00,901.9
3116,2013-08-29 15:30:00+00:00,670.35
3116,2013-08-29 16:00:00+00:00,509.05
3116,2013-08-29 16:30:00+00:00,421.18
3116,2013-08-29 17:00:00+00:00,214.48
3116,2013-08-29 17:30:00+00:00,171.1
3116,2013-08-29 18:00:00+00:00,78.73
3116,2013-08-29 18:30:00+00:00,19.58
3116,2013-08-29 19:00:00+00:00,0.05
3116,2013-08-29 19:30:00+00:00,0.0
3116,2013-08-29 20:00:00+00:00,0.0
3116,2013-08-29 20:30:00+00:00,0.0
3116,2013-08-29 21:00:00+00:00,0.0
3116,2013-08-29 21:30:00+00:00,0.0
3116,2013-08-29 22:00:00+00:00,0.0
3116,2013-08-29 22:30:00+00:00,0.0
3116,2013-08-29 23:00:00+00:00,0.0
3116,2013-08-29 23:30:00+00:00,0.0
3116,2013-08-30 00:00:00+00:00,0.0
3116,2013-08-30 00:30:00+00:00,0.0
3116,2013-08-30 01:00:00+00:00,0.0
3116,2013-08-30 01:30:00+00:00,0.0
3116,2013-08-30 02:00:00+00:00,0.0
3116,2013-08-30 02:30:00+00:00,0.0
3116,2013-08-30 03:00:00+00:00,0.0
3116,2013-08-30 03:30:00+00:00,0.0
3116,2013-08-30 04:00:00+00:00,0.0
3116,2013-08-30 04:30:00+00:00,0.0
3116,2013-08-30 05:00:00+00:00,0.0
3116,2013-08-30 05:30:00+00:00,0.03
3116,2013-08-30 06:00:00+00:00,12.19
3116,2013-08-30 06:30:00+00:00,132.59
3116,2013-08-30 07:00:00+00:00,269.45
3116,2013-08-30 07:30:00+00:00,479.64
3116,2013-08-30 08:00:00+00:00,725.8
3116,2013-08-30 08:30:00+00:00,855.3
3116,2013-08-30 09:00:00+00:00,961.9
3116,2013-08-30 09:30:00+00:00,1155.85
3116,2013-08-30 10:00:00+00:00,994.25
3116,2013-08-30 10:30:00+00:00,978.15
3116,2013-08-30 11:00:00+00:00,842.8
3116,2013-08-30 11:30:00+00:00,720.8
3116,2013-08-30 12:00:00+00:00,1025.45
3116,2013-08-30 12:30:00+00:00,617.65
3116,2013-08-30 13:00:00+00:00,1003.35
3116,2013-08-30 13:30:00+00:00,757.7
3116,2013-08-30 14:00:00+00:00,1029.95
3116,2013-08-30 14:30:00+00:00,1056.0
3116,2013-08-30 15:00:00+00:00,934.45
3116,2013-08-30 15:30:00+00:00,746.25
3116,2013-08-30 16:00:00+00:00,571.55
3116,2013-08-30 16:30:00+00:00,466.05
3116,2013-08-30 17:00:00+00:00,194.41
3116,2013-08-30 17:30:00+00:00,90.84
3116,2013-08-30 18:00:00+00:00,71.48
3116,2013-08-30 18:30:00+00:00,24.99
3116,2013-08-30 19:00:00+00:00,0.83
3116,2013-08-30 19:30:00+00:00,0.0
3116,2013-08-30 20:00:00+00:00,0.0
3116,2013-08-30 20:30:00+00:00,0.0
3116,2013-08-30 21:00:00+00:00,0.0
3116,2013-08-30 21:30:00+00:00,0.0
3116,2013-08-30 22:00:00+00:00,0.0
3116,2013-08-30 22:30:00+00:00,0.0
3116,2013-08-30 23:00:00+00:00,0.0
3116,2013-08-30 23:30:00+00:00,0.0
3116,2013-08-31 00:00:00+00:00,0.0
3116,2013-08-31 00:30:00+00:00,0.0
3116,2013-08-31 01:00:00+00:00,0.0
3116,2013-08-31 01:30:00+00:00,0.0
3116,2013-08-31 02:00:00+00:00,0.0
3116,2013-08-31 02:30:00+00:00,0.0
3116,2013-08-31 03:00:00+00:00,0.0
3116,2013-08-31 03:30:00+00:00,0.0
3116,2013-08-31 04:00:00+00:00,0.0
3116,2013-08-31 04:30:00+00:00,0.0
3116,2013-08-31 05:00:00+00:00,0.0
3116,2013-08-31 05:30:00+00:00,0.02
3116,2013-08-31 06:00:00+00:00,13.02
3116,2013-08-31 06:30:00+00:00,47.75
3116,2013-08-31 07:00:00+00:00,127.38
3116,2013-08-31 07:30:00+00:00,300.63
3116,2013-08-31 08:00:00+00:00,456.5
3116,2013-08-31 08:30:00+00:00,843.55
3116,2013-08-31 09:00:00+00:00,1051.85
3116,2013-08-31 09:30:00+00:00,1164.7
3116,2013-08-31 10:00:00+00:00,1258.5
3116,2013-08-31 10:30:00+00:00,1327.0
3116,2013-08-31 11:00:00+00:00,1374.0
3116,2013-08-31 11:30:00+00:00,1388.1
3116,2013-08-31 12:00:00+00:00,1387.45
3116,2013-08-31 12:30:00+00:00,1368.6
3116,2013-08-31 13:00:00+00:00,1329.9
3116,2013-08-31 13:30:00+00:00,1271.7
3116,2013-08-31 14:00:00+00:00,1182.5
3116,2013-08-31 14:30:00+00:00,1075.95
3116,2013-08-31 15:00:00+00:00,934.3
3116,2013-08-31 15:30:00+00:00,797.3
3116,2013-08-31 16:00:00+00:00,651.15
3116,2013-08-31 16:30:00+00:00,430.28
3116,2013-08-31 17:00:00+00:00,203.9
3116,2013-08-31 17:30:00+00:00,106.89
3116,2013-08-31 18:00:00+00:00,108.85
3116,2013-08-31 18:30:00+00:00,12.32
3116,2013-08-31 19:00:00+00:00,0.0
3116,2013-08-31 19:30:00+00:00,0.0
3116,2013-08-31 20:00:00+00:00,0.0
3116,2013-08-31 20:30:00+00:00,0.0
3116,2013-08-31 21:00:00+00:00,0.0
3116,2013-08-31 21:30:00+00:00,0.0
3116,2013-08-31 22:00:00+00:00,0.0
3116,2013-08-31 22:30:00+00:00,0.0
3116,2013-08-31 23:00:00+00:00,0.0
3116,2013-08-31 23:30:00+00:00,0.0
3116,2013-09-01 00:30:00+00:00,0.0
3116,2013-09-01 01:00:00+00:00,0.0
3116,2013-09-01 01:30:00+00:00,0.0
3116,2013-09-01 02:00:00+00:00,0.0
3116,2013-09-01 02:30:00+00:00,0.0
3116,2013-09-01 03:00:00+00:00,0.0
3116,2013-09-01 03:30:00+00:00,0.0
3116,2013-09-01 04:00:00+00:00,0.0
3116,2013-09-01 04:30:00+00:00,0.0
3116,2013-09-01 05:00:00+00:00,0.0
3116,2013-09-01 05:30:00+00:00,0.12
3116,2013-09-01 06:00:00+00:00,23.36
3116,2013-09-01 06:30:00+00:00,73.17
3116,2013-09-01 07:00:00+00:00,147.44
3116,2013-09-01 07:30:00+00:00,278.84
3116,2013-09-01 08:00:00+00:00,452.86
3116,2013-09-01 08:30:00+00:00,591.7
3116,2013-09-01 09:00:00+00:00,462.47
3116,2013-09-01 09:30:00+00:00,434.13
3116,2013-09-01 10:00:00+00:00,461.56
3116,2013-09-01 10:30:00+00:00,654.55
3116,2013-09-01 11:00:00+00:00,1142.7
3116,2013-09-01 11:30:00+00:00,1186.35
3116,2013-09-01 12:00:00+00:00,1002.6
3116,2013-09-01 12:30:00+00:00,1090.45
3116,2013-09-01 13:00:00+00:00,1111.7
3116,2013-09-01 13:30:00+00:00,921.1
3116,2013-09-01 14:00:00+00:00,648.35
3116,2013-09-01 14:30:00+00:00,405.57
3116,2013-09-01 15:00:00+00:00,465.01
3116,2013-09-01 15:30:00+00:00,480.85
3116,2013-09-01 16:00:00+00:00,424.8
3116,2013-09-01 16:30:00+00:00,227.49
3116,2013-09-01 17:00:00+00:00,157.64
3116,2013-09-01 17:30:00+00:00,113.18
3116,2013-09-01 18:00:00+00:00,30.88
3116,2013-09-01 18:30:00+00:00,3.25
3116,2013-09-01 19:00:00+00:00,0.0
3116,2013-09-01 19:30:00+00:00,0.0
3116,2013-09-01 20:00:00+00:00,0.0
3116,2013-09-01 20:30:00+00:00,0.0
3116,2013-09-01 21:00:00+00:00,0.0
3116,2013-09-01 21:30:00+00:00,0.0
3116,2013-09-01 22:00:00+00:00,0.0
3116,2013-09-01 22:30:00+00:00,0.0
3116,2013-09-01 23:00:00+00:00,0.0
3116,2013-09-01 23:30:00+00:00,0.0
3116,2013-09-02 00:00:00+00:00,0.0
3116,2013-09-02 00:30:00+00:00,0.0
3116,2013-09-02 01:00:00+00:00,0.0
3116,2013-09-02 01:30:00+00:00,0.0
3116,2013-09-02 02:00:00+00:00,0.0
3116,2013-09-02 02:30:00+00:00,0.0
3116,2013-09-02 03:00:00+00:00,0.0
3116,2013-09-02 03:30:00+00:00,0.0
3116,2013-09-02 04:00:00+00:00,0.0
3116,2013-09-02 04:30:00+00:00,0.0
3116,2013-09-02 05:00:00+00:00,0.0
3116,2013-09-02 05:30:00+00:00,0.13
3116,2013-09-02 06:00:00+00:00,44.16
3116,2013-09-02 06:30:00+00:00,172.71
3116,2013-09-02 07:00:00+00:00,347.49
3116,2013-09-02 07:30:00+00:00,544.8
3116,2013-09-02 08:00:00+00:00,745.95
3116,2013-09-02 08:30:00+00:00,893.35
3116,2013-09-02 09:00:00+00:00,1030.15
3116,2013-09-02 09:30:00+00:00,1029.45
3116,2013-09-02 10:00:00+00:00,1056.75
3116,2013-09-02 10:30:00+00:00,1093.45
3116,2013-09-02 11:00:00+00:00,1122.75
3116,2013-09-02 11:30:00+00:00,1356.4
3116,2013-09-02 12:00:00+00:00,1317.35
3116,2013-09-02 12:30:00+00:00,1230.8
3116,2013-09-02 13:00:00+00:00,1232.4
3116,2013-09-02 13:30:00+00:00,1212.4
3116,2013-09-02 14:00:00+00:00,1049.5
3116,2013-09-02 14:30:00+00:00,1029.55
3116,2013-09-02 15:00:00+00:00,868.2
3116,2013-09-02 15:30:00+00:00,779.0
3116,2013-09-02 16:00:00+00:00,601.9
3116,2013-09-02 16:30:00+00:00,419.35
3116,2013-09-02 17:00:00+00:00,245.3
3116,2013-09-02 17:30:00+00:00,98.69
3116,2013-09-02 18:00:00+00:00,26.8
3116,2013-09-02 18:30:00+00:00,4.84
3116,2013-09-02 19:00:00+00:00,0.0
3116,2013-09-02 19:30:00+00:00,0.0
3116,2013-09-02 20:00:00+00:00,0.0
3116,2013-09-02 20:30:00+00:00,0.0
3116,2013-09-02 21:00:00+00:00,0.0
3116,2013-09-02 21:30:00+00:00,0.0
3116,2013-09-02 22:00:00+00:00,0.0
3116,2013-09-02 22:30:00+00:00,0.0
3116,2013-09-02 23:00:00+00:00,0.0
3116,2013-09-02 23:30:00+00:00,0.0
3116,2013-09-03 00:00:00+00:00,0.0
3116,2013-09-03 00:30:00+00:00,0.0
3116,2013-09-03 01:00:00+00:00,0.0
3116,2013-09-03 01:30:00+00:00,0.0
3116,2013-09-03 02:00:00+00:00,0.0
3116,2013-09-03 02:30:00+00:00,0.0
3116,2013-09-03 03:00:00+00:00,0.0
3116,2013-09-03 03:30:00+00:00,0.0
3116,2013-09-03 04:00:00+00:00,0.0
3116,2013-09-03 04:30:00+00:00,0.0
3116,2013-09-03 05:00:00+00:00,0.0
3116,2013-09-03 05:30:00+00:00,0.11
3116,2013-09-03 06:00:00+00:00,38.14
3116,2013-09-03 06:30:00+00:00,162.78
3116,2013-09-03 07:00:00+00:00,331.53
3116,2013-09-03 07:30:00+00:00,492.08
3116,2013-09-03 08:00:00+00:00,673.1
3116,2013-09-03 08:30:00+00:00,707.7
3116,2013-09-03 09:00:00+00:00,708.7
3116,2013-09-03 09:30:00+00:00,833.0
3116,2013-09-03 10:00:00+00:00,817.6
3116,2013-09-03 10:30:00+00:00,716.95
3116,2013-09-03 11:00:00+00:00,850.65
3116,2013-09-03 11:30:00+00:00,922.1
3116,2013-09-03 12:00:00+00:00,1227.15
3116,2013-09-03 12:30:00+00:00,716.75
3116,2013-09-03 13:00:00+00:00,903.85
3116,2013-09-03 13:30:00+00:00,518.65
3116,2013-09-03 14:00:00+00:00,290.52
3116,2013-09-03 14:30:00+00:00,309.6
3116,2013-09-03 15:00:00+00:00,285.07
3116,2013-09-03 15:30:00+00:00,347.77
3116,2013-09-03 16:00:00+00:00,398.62
3116,2013-09-03 16:30:00+00:00,167.49
3116,2013-09-03 17:00:00+00:00,121.62
3116,2013-09-03 17:30:00+00:00,84.26
3116,2013-09-03 18:00:00+00:00,38.05
3116,2013-09-03 18:30:00+00:00,7.7
3116,2013-09-03 19:00:00+00:00,0.0
3116,2013-09-03 19:30:00+00:00,0.0
3116,2013-09-03 20:00:00+00:00,0.0
3116,2013-09-03 20:30:00+00:00,0.0
3116,2013-09-03 21:00:00+00:00,0.0
3116,2013-09-03 21:30:00+00:00,0.0
3116,2013-09-03 22:00:00+00:00,0.0
3116,2013-09-03 22:30:00+00:00,0.0
3116,2013-09-03 23:00:00+00:00,0.0
3116,2013-09-03 23:30:00+00:00,0.0
3116,2013-09-04 00:00:00+00:00,0.0
3116,2013-09-04 00:30:00+00:00,0.0
3116,2013-09-04 01:00:00+00:00,0.0
3116,2013-09-04 01:30:00+00:00,0.0
3116,2013-09-04 02:00:00+00:00,0.0
3116,2013-09-04 02:30:00+00:00,0.0
3116,2013-09-04 03:00:00+00:00,0.0
3116,2013-09-04 03:30:00+00:00,0.0
3116,2013-09-04 04:00:00+00:00,0.0
3116,2013-09-04 04:30:00+00:00,0.0
3116,2013-09-04 05:00:00+00:00,0.0
3116,2013-09-04 05:30:00+00:00,0.05
3116,2013-09-04 06:00:00+00:00,9.72
3116,2013-09-04 06:30:00+00:00,43.5
3116,2013-09-04 07:00:00+00:00,83.85
3116,2013-09-04 07:30:00+00:00,91.0
3116,2013-09-04 08:00:00+00:00,160.38
3116,2013-09-04 08:30:00+00:00,201.61
3116,2013-09-04 09:00:00+00:00,278.85
3116,2013-09-04 09:30:00+00:00,481.49
3116,2013-09-04 10:00:00+00:00,1038.95
3116,2013-09-04 10:30:00+00:00,1096.85
3116,2013-09-04 11:00:00+00:00,1079.45
3116,2013-09-04 11:30:00+00:00,949.0
3116,2013-09-04 12:00:00+00:00,1295.9
3116,2013-09-04 12:30:00+00:00,1104.3
3116,2013-09-04 13:00:00+00:00,1111.5
3116,2013-09-04 13:30:00+00:00,917.8
3116,2013-09-04 14:00:00+00:00,1004.95
3116,2013-09-04 14:30:00+00:00,922.15
3116,2013-09-04 15:00:00+00:00,820.6
3116,2013-09-04 15:30:00+00:00,696.95
3116,2013-09-04 16:00:00+00:00,543.35
3116,2013-09-04 16:30:00+00:00,379.74
3116,2013-09-04 17:00:00+00:00,225.44
3116,2013-09-04 17:30:00+00:00,99.24
3116,2013-09-04 18:00:00+00:00,33.71
3116,2013-09-04 18:30:00+00:00,6.73
3116,2013-09-04 19:00:00+00:00,0.0
3116,2013-09-04 19:30:00+00:00,0.0
3116,2013-09-04 20:00:00+00:00,0.0
3116,2013-09-04 20:30:00+00:00,0.0
3116,2013-09-04 21:00:00+00:00,0.0
3116,2013-09-04 21:30:00+00:00,0.0
3116,2013-09-04 22:00:00+00:00,0.0
3116,2013-09-04 22:30:00+00:00,0.0
3116,2013-09-04 23:00:00+00:00,0.0
3116,2013-09-04 23:30:00+00:00,0.0
3116,2013-09-05 00:00:00+00:00,0.0
3116,2013-09-05 00:30:00+00:00,0.0
3116,2013-09-05 01:00:00+00:00,0.0
3116,2013-09-05 01:30:00+00:00,0.0
3116,2013-09-05 02:00:00+00:00,0.0
3116,2013-09-05 02:30:00+00:00,0.0
3116,2013-09-05 03:00:00+00:00,0.0
3116,2013-09-05 03:30:00+00:00,0.0
3116,2013-09-05 04:00:00+00:00,0.0
3116,2013-09-05 04:30:00+00:00,0.0
3116,2013-09-05 05:00:00+00:00,0.0
3116,2013-09-05 05:30:00+00:00,0.02
3116,2013-09-05 06:00:00+00:00,3.97
3116,2013-09-05 06:30:00+00:00,42.4
3116,2013-09-05 07:00:00+00:00,114.81
3116,2013-09-05 07:30:00+00:00,206.7
3116,2013-09-05 08:00:00+00:00,239.13
3116,2013-09-05 08:30:00+00:00,444.69
3116,2013-09-05 09:00:00+00:00,888.65
3116,2013-09-05 09:30:00+00:00,1014.95
3116,2013-09-05 10:00:00+00:00,1080.6
3116,2013-09-05 10:30:00+00:00,1123.35
3116,2013-09-05 11:00:00+00:00,1173.5
3116,2013-09-05 11:30:00+00:00,1187.7
3116,2013-09-05 12:00:00+00:00,1192.05
3116,2013-09-05 12:30:00+00:00,1181.45
3116,2013-09-05 13:00:00+00:00,1122.0
3116,2013-09-05 13:30:00+00:00,1039.75
3116,2013-09-05 14:00:00+00:00,953.5
3116,2013-09-05 14:30:00+00:00,878.65
3116,2013-09-05 15:00:00+00:00,594.95
3116,2013-09-05 15:30:00+00:00,397.02
3116,2013-09-05 16:00:00+00:00,364.98
3116,2013-09-05 16:30:00+00:00,302.47
3116,2013-09-05 17:00:00+00:00,183.11
3116,2013-09-05 17:30:00+00:00,65.28
3116,2013-09-05 18:00:00+00:00,17.42
3116,2013-09-05 18:30:00+00:00,1.81
3116,2013-09-05 19:00:00+00:00,0.0
3116,2013-09-05 19:30:00+00:00,0.0
3116,2013-09-05 20:00:00+00:00,0.0
3116,2013-09-05 20:30:00+00:00,0.0
3116,2013-09-05 21:00:00+00:00,0.0
3116,2013-09-05 21:30:00+00:00,0.0
3116,2013-09-05 22:00:00+00:00,0.0
3116,2013-09-05 22:30:00+00:00,0.0
3116,2013-09-05 23:00:00+00:00,0.0
3116,2013-09-05 23:30:00+00:00,0.0
3116,2013-09-06 00:00:00+00:00,0.0
3116,2013-09-06 00:30:00+00:00,0.0
3116,2013-09-06 01:00:00+00:00,0.0
3116,2013-09-06 01:30:00+00:00,0.0
3116,2013-09-06 02:00:00+00:00,0.0
3116,2013-09-06 02:30:00+00:00,0.0
3116,2013-09-06 03:00:00+00:00,0.0
3116,2013-09-06 03:30:00+00:00,0.0
3116,2013-09-06 04:00:00+00:00,0.0
3116,2013-09-06 04:30:00+00:00,0.0
3116,2013-09-06 05:00:00+00:00,0.0
3116,2013-09-06 05:30:00+00:00,0.0
3116,2013-09-06 06:00:00+00:00,0.07
3116,2013-09-06 06:30:00+00:00,5.73
3116,2013-09-06 07:00:00+00:00,31.87
3116,2013-09-06 07:30:00+00:00,61.65
3116,2013-09-06 08:00:00+00:00,63.91
3116,2013-09-06 08:30:00+00:00,299.42
3116,2013-09-06 09:00:00+00:00,330.17
3116,2013-09-06 09:30:00+00:00,368.66
3116,2013-09-06 10:00:00+00:00,214.56
3116,2013-09-06 10:30:00+00:00,154.58
3116,2013-09-06 11:00:00+00:00,133.79
3116,2013-09-06 11:30:00+00:00,168.55
3116,2013-09-06 12:00:00+00:00,110.45
3116,2013-09-06 12:30:00+00:00,295.0
3116,2013-09-06 13:00:00+00:00,205.2
3116,2013-09-06 13:30:00+00:00,128.73
3116,2013-09-06 14:00:00+00:00,105.11
3116,2013-09-06 14:30:00+00:00,49.97
3116,2013-09-06 15:00:00+00:00,23.85
3116,2013-09-06 15:30:00+00:00,90.13
3116,2013-09-06 16:00:00+00:00,398.01
3116,2013-09-06 16:30:00+00:00,111.67
3116,2013-09-06 17:00:00+00:00,212.2
3116,2013-09-06 17:30:00+00:00,113.39
3116,2013-09-06 18:00:00+00:00,35.9
3116,2013-09-06 18:30:00+00:00,5.15
3116,2013-09-06 19:00:00+00:00,0.0
3116,2013-09-06 19:30:00+00:00,0.0
3116,2013-09-06 20:00:00+00:00,0.0
3116,2013-09-06 20:30:00+00:00,0.0
3116,2013-09-06 21:00:00+00:00,0.0
3116,2013-09-06 21:30:00+00:00,0.0
3116,2013-09-06 22:00:00+00:00,0.0
3116,2013-09-06 22:30:00+00:00,0.0
3116,2013-09-06 23:00:00+00:00,0.0
3116,2013-09-06 23:30:00+00:00,0.0
3116,2013-09-07 00:00:00+00:00,0.0
3116,2013-09-07 00:30:00+00:00,0.0
3116,2013-09-07 01:00:00+00:00,0.0
3116,2013-09-07 01:30:00+00:00,0.0
3116,2013-09-07 02:00:00+00:00,0.0
3116,2013-09-07 02:30:00+00:00,0.0
3116,2013-09-07 03:00:00+00:00,0.0
3116,2013-09-07 03:30:00+00:00,0.0
3116,2013-09-07 04:00:00+00:00,0.0
3116,2013-09-07 04:30:00+00:00,0.0
3116,2013-09-07 05:00:00+00:00,0.0
3116,2013-09-07 05:30:00+00:00,0.04
3116,2013-09-07 06:00:00+00:00,28.52
3116,2013-09-07 06:30:00+00:00,86.99
3116,2013-09-07 07:00:00+00:00,333.73
3116,2013-09-07 07:30:00+00:00,541.85
3116,2013-09-07 08:00:00+00:00,731.8
3116,2013-09-07 08:30:00+00:00,806.75
3116,2013-09-07 09:00:00+00:00,304.06
3116,2013-09-07 09:30:00+00:00,526.8
3116,2013-09-07 10:00:00+00:00,419.53
3116,2013-09-07 10:30:00+00:00,185.69
3116,2013-09-07 11:00:00+00:00,339.7
3116,2013-09-07 11:30:00+00:00,469.75
3116,2013-09-07 12:00:00+00:00,480.31
3116,2013-09-07 12:30:00+00:00,683.3
3116,2013-09-07 13:00:00+00:00,626.05
3116,2013-09-07 13:30:00+00:00,791.15
3116,2013-09-07 14:00:00+00:00,796.1
3116,2013-09-07 14:30:00+00:00,757.3
3116,2013-09-07 15:00:00+00:00,938.05
3116,2013-09-07 15:30:00+00:00,777.1
3116,2013-09-07 16:00:00+00:00,622.95
3116,2013-09-07 16:30:00+00:00,410.79
3116,2013-09-07 17:00:00+00:00,228.84
3116,2013-09-07 17:30:00+00:00,96.3
3116,2013-09-07 18:00:00+00:00,27.45
3116,2013-09-07 18:30:00+00:00,1.61
3116,2013-09-07 19:00:00+00:00,0.0
3116,2013-09-07 19:30:00+00:00,0.0
3116,2013-09-07 20:00:00+00:00,0.0
3116,2013-09-07 20:30:00+00:00,0.0
3116,2013-09-07 21:00:00+00:00,0.0
3116,2013-09-07 21:30:00+00:00,0.0
3116,2013-09-07 22:00:00+00:00,0.0
3116,2013-09-07 22:30:00+00:00,0.0
3116,2013-09-07 23:00:00+00:00,0.0
3116,2013-09-07 23:30:00+00:00,0.0
3116,2013-09-08 00:00:00+00:00,0.0
3116,2013-09-08 00:30:00+00:00,0.0
3116,2013-09-08 01:00:00+00:00,0.0
3116,2013-09-08 01:30:00+00:00,0.0
3116,2013-09-08 02:00:00+00:00,0.0
3116,2013-09-08 02:30:00+00:00,0.0
3116,2013-09-08 03:00:00+00:00,0.0
3116,2013-09-08 03:30:00+00:00,0.0
3116,2013-09-08 04:00:00+00:00,0.0
3116,2013-09-08 04:30:00+00:00,0.0
3116,2013-09-08 05:00:00+00:00,0.0
3116,2013-09-08 05:30:00+00:00,0.02
3116,2013-09-08 06:00:00+00:00,9.61
3116,2013-09-08 06:30:00+00:00,160.84
3116,2013-09-08 07:00:00+00:00,344.3
3116,2013-09-08 07:30:00+00:00,478.52
3116,2013-09-08 08:00:00+00:00,672.7
3116,2013-09-08 08:30:00+00:00,876.65
3116,2013-09-08 09:00:00+00:00,944.55
3116,2013-09-08 09:30:00+00:00,769.95
3116,2013-09-08 10:00:00+00:00,706.4
3116,2013-09-08 10:30:00+00:00,490.47
3116,2013-09-08 11:00:00+00:00,1108.55
3116,2013-09-08 11:30:00+00:00,1298.15
3116,2013-09-08 12:00:00+00:00,601.5
3116,2013-09-08 12:30:00+00:00,704.9
3116,2013-09-08 13:00:00+00:00,625.2
3116,2013-09-08 13:30:00+00:00,442.8
3116,2013-09-08 14:00:00+00:00,641.6
3116,2013-09-08 14:30:00+00:00,576.05
3116,2013-09-08 15:00:00+00:00,313.43
3116,2013-09-08 15:30:00+00:00,179.16
3116,2013-09-08 16:00:00+00:00,259.23
3116,2013-09-08 16:30:00+00:00,243.46
3116,2013-09-08 17:00:00+00:00,87.91
3116,2013-09-08 17:30:00+00:00,152.42
3116,2013-09-08 18:00:00+00:00,50.82
3116,2013-09-08 18:30:00+00:00,3.4
3116,2013-09-08 19:00:00+00:00,0.0
3116,2013-09-08 19:30:00+00:00,0.0
3116,2013-09-08 20:00:00+00:00,0.0
3116,2013-09-08 20:30:00+00:00,0.0
3116,2013-09-08 21:00:00+00:00,0.0
3116,2013-09-08 21:30:00+00:00,0.0
3116,2013-09-08 22:00:00+00:00,0.0
3116,2013-09-08 22:30:00+00:00,0.0
3116,2013-09-08 23:00:00+00:00,0.0
3116,2013-09-08 23:30:00+00:00,0.0
3116,2013-09-09 00:00:00+00:00,0.0
3116,2013-09-09 00:30:00+00:00,0.0
3116,2013-09-09 01:00:00+00:00,0.0
3116,2013-09-09 01:30:00+00:00,0.0
3116,2013-09-09 02:00:00+00:00,0.0
3116,2013-09-09 02:30:00+00:00,0.0
3116,2013-09-09 03:00:00+00:00,0.0
3116,2013-09-09 03:30:00+00:00,0.0
3116,2013-09-09 04:00:00+00:00,0.0
3116,2013-09-09 04:30:00+00:00,0.0
3116,2013-09-09 05:00:00+00:00,0.0
3116,2013-09-09 05:30:00+00:00,0.0
3116,2013-09-09 06:00:00+00:00,0.07
3116,2013-09-09 06:30:00+00:00,1.33
3116,2013-09-09 07:00:00+00:00,33.81
3116,2013-09-09 07:30:00+00:00,105.92
3116,2013-09-09 08:00:00+00:00,121.06
3116,2013-09-09 08:30:00+00:00,79.93
3116,2013-09-09 09:00:00+00:00,109.65
3116,2013-09-09 09:30:00+00:00,110.96
3116,2013-09-09 10:00:00+00:00,178.48
3116,2013-09-09 10:30:00+00:00,217.0
3116,2013-09-09 11:00:00+00:00,137.6
3116,2013-09-09 11:30:00+00:00,110.69
3116,2013-09-09 12:00:00+00:00,147.92
3116,2013-09-09 12:30:00+00:00,123.13
3116,2013-09-09 13:00:00+00:00,254.4
3116,2013-09-09 13:30:00+00:00,145.79
3116,2013-09-09 14:00:00+00:00,145.22
3116,2013-09-09 14:30:00+00:00,243.86
3116,2013-09-09 15:00:00+00:00,394.34
3116,2013-09-09 15:30:00+00:00,518.1
3116,2013-09-09 16:00:00+00:00,382.18
3116,2013-09-09 16:30:00+00:00,325.85
3116,2013-09-09 17:00:00+00:00,76.4
3116,2013-09-09 17:30:00+00:00,69.16
3116,2013-09-09 18:00:00+00:00,47.9
3116,2013-09-09 18:30:00+00:00,0.82
3116,2013-09-09 19:00:00+00:00,0.0
3116,2013-09-09 19:30:00+00:00,0.0
3116,2013-09-09 20:00:00+00:00,0.0
3116,2013-09-09 20:30:00+00:00,0.0
3116,2013-09-09 21:00:00+00:00,0.0
3116,2013-09-09 21:30:00+00:00,0.0
3116,2013-09-09 22:00:00+00:00,0.0
3116,2013-09-09 22:30:00+00:00,0.0
3116,2013-09-09 23:00:00+00:00,0.0
3116,2013-09-09 23:30:00+00:00,0.0
3116,2013-09-10 00:00:00+00:00,0.0
3116,2013-09-10 00:30:00+00:00,0.0
3116,2013-09-10 01:00:00+00:00,0.0
3116,2013-09-10 01:30:00+00:00,0.0
3116,2013-09-10 02:00:00+00:00,0.0
3116,2013-09-10 02:30:00+00:00,0.0
3116,2013-09-10 03:00:00+00:00,0.0
3116,2013-09-10 03:30:00+00:00,0.0
3116,2013-09-10 04:00:00+00:00,0.0
3116,2013-09-10 04:30:00+00:00,0.0
3116,2013-09-10 05:00:00+00:00,0.0
3116,2013-09-10 05:30:00+00:00,0.0
3116,2013-09-10 06:00:00+00:00,8.41
3116,2013-09-10 06:30:00+00:00,34.58
3116,2013-09-10 07:00:00+00:00,69.32
3116,2013-09-10 07:30:00+00:00,164.84
3116,2013-09-10 08:00:00+00:00,256.28
3116,2013-09-10 08:30:00+00:00,290.48
3116,2013-09-10 09:00:00+00:00,542.2
3116,2013-09-10 09:30:00+00:00,1003.5
3116,2013-09-10 10:00:00+00:00,1226.25
3116,2013-09-10 10:30:00+00:00,942.7
3116,2013-09-10 11:00:00+00:00,1020.0
3116,2013-09-10 11:30:00+00:00,744.75
3116,2013-09-10 12:00:00+00:00,546.4
3116,2013-09-10 12:30:00+00:00,542.7
3116,2013-09-10 13:00:00+00:00,417.97
3116,2013-09-10 13:30:00+00:00,150.63
3116,2013-09-10 14:00:00+00:00,326.67
3116,2013-09-10 14:30:00+00:00,172.89
3116,2013-09-10 15:00:00+00:00,97.04
3116,2013-09-10 15:30:00+00:00,198.31
3116,2013-09-10 16:00:00+00:00,237.12
3116,2013-09-10 16:30:00+00:00,180.14
3116,2013-09-10 17:00:00+00:00,126.64
3116,2013-09-10 17:30:00+00:00,43.66
3116,2013-09-10 18:00:00+00:00,4.45
3116,2013-09-10 18:30:00+00:00,0.02
3116,2013-09-10 19:00:00+00:00,0.0
3116,2013-09-10 19:30:00+00:00,0.0
3116,2013-09-10 20:00:00+00:00,0.0
3116,2013-09-10 20:30:00+00:00,0.0
3116,2013-09-10 21:00:00+00:00,0.0
3116,2013-09-10 21:30:00+00:00,0.0
3116,2013-09-10 22:00:00+00:00,0.0
3116,2013-09-10 22:30:00+00:00,0.0
3116,2013-09-10 23:00:00+00:00,0.0
3116,2013-09-10 23:30:00+00:00,0.0
3116,2013-09-11 00:00:00+00:00,0.0
3116,2013-09-11 00:30:00+00:00,0.0
3116,2013-09-11 01:00:00+00:00,0.0
3116,2013-09-11 01:30:00+00:00,0.0
3116,2013-09-11 02:00:00+00:00,0.0
3116,2013-09-11 02:30:00+00:00,0.0
3116,2013-09-11 03:00:00+00:00,0.0
3116,2013-09-11 03:30:00+00:00,0.0
3116,2013-09-11 04:00:00+00:00,0.0
3116,2013-09-11 04:30:00+00:00,0.0
3116,2013-09-11 05:00:00+00:00,0.0
3116,2013-09-11 05:30:00+00:00,0.0
3116,2013-09-11 06:00:00+00:00,0.01
3116,2013-09-11 06:30:00+00:00,4.05
3116,2013-09-11 07:00:00+00:00,72.12
3116,2013-09-11 07:30:00+00:00,114.24
3116,2013-09-11 08:00:00+00:00,112.11
3116,2013-09-11 08:30:00+00:00,159.17
3116,2013-09-11 09:00:00+00:00,147.73
3116,2013-09-11 09:30:00+00:00,200.95
3116,2013-09-11 10:00:00+00:00,181.29
3116,2013-09-11 10:30:00+00:00,412.06
3116,2013-09-11 11:00:00+00:00,593.4
3116,2013-09-11 11:30:00+00:00,464.75
3116,2013-09-11 12:00:00+00:00,627.6
3116,2013-09-11 12:30:00+00:00,487.44
3116,2013-09-11 13:00:00+00:00,618.25
3116,2013-09-11 13:30:00+00:00,310.55
3116,2013-09-11 14:00:00+00:00,321.81
3116,2013-09-11 14:30:00+00:00,209.01
3116,2013-09-11 15:00:00+00:00,212.19
3116,2013-09-11 15:30:00+00:00,209.47
3116,2013-09-11 16:00:00+00:00,100.57
3116,2013-09-11 16:30:00+00:00,93.21
3116,2013-09-11 17:00:00+00:00,20.27
3116,2013-09-11 17:30:00+00:00,10.76
3116,2013-09-11 18:00:00+00:00,1.32
3116,2013-09-11 18:30:00+00:00,0.0
3116,2013-09-11 19:00:00+00:00,0.0
3116,2013-09-11 19:30:00+00:00,0.0
3116,2013-09-11 20:00:00+00:00,0.0
3116,2013-09-11 20:30:00+00:00,0.0
3116,2013-09-11 21:00:00+00:00,0.0
3116,2013-09-11 21:30:00+00:00,0.0
3116,2013-09-11 22:00:00+00:00,0.0
3116,2013-09-11 22:30:00+00:00,0.0
3116,2013-09-11 23:00:00+00:00,0.0
3116,2013-09-11 23:30:00+00:00,0.0
3116,2013-09-12 00:00:00+00:00,0.0
3116,2013-09-12 00:30:00+00:00,0.0
3116,2013-09-12 01:00:00+00:00,0.0
3116,2013-09-12 01:30:00+00:00,0.0
3116,2013-09-12 02:00:00+00:00,0.0
3116,2013-09-12 02:30:00+00:00,0.0
3116,2013-09-12 03:00:00+00:00,0.0
3116,2013-09-12 03:30:00+00:00,0.0
3116,2013-09-12 04:00:00+00:00,0.0
3116,2013-09-12 04:30:00+00:00,0.0
3116,2013-09-12 05:00:00+00:00,0.0
3116,2013-09-12 05:30:00+00:00,0.0
3116,2013-09-12 06:00:00+00:00,0.02
3116,2013-09-12 06:30:00+00:00,0.56
3116,2013-09-12 07:00:00+00:00,26.72
3116,2013-09-12 07:30:00+00:00,72.49
3116,2013-09-12 08:00:00+00:00,165.14
3116,2013-09-12 08:30:00+00:00,370.83
3116,2013-09-12 09:00:00+00:00,296.82
3116,2013-09-12 09:30:00+00:00,314.95
3116,2013-09-12 10:00:00+00:00,477.7
3116,2013-09-12 10:30:00+00:00,533.35
3116,2013-09-12 11:00:00+00:00,318.48
3116,2013-09-12 11:30:00+00:00,726.0
3116,2013-09-12 12:00:00+00:00,776.4
3116,2013-09-12 12:30:00+00:00,402.93
3116,2013-09-12 13:00:00+00:00,541.85
3116,2013-09-12 13:30:00+00:00,588.15
3116,2013-09-12 14:00:00+00:00,830.95
3116,2013-09-12 14:30:00+00:00,432.92
3116,2013-09-12 15:00:00+00:00,234.41
3116,2013-09-12 15:30:00+00:00,251.52
3116,2013-09-12 16:00:00+00:00,233.89
3116,2013-09-12 16:30:00+00:00,151.13
3116,2013-09-12 17:00:00+00:00,171.68
3116,2013-09-12 17:30:00+00:00,73.84
3116,2013-09-12 18:00:00+00:00,26.53
3116,2013-09-12 18:30:00+00:00,0.0
3116,2013-09-12 19:00:00+00:00,0.0
3116,2013-09-12 19:30:00+00:00,0.0
3116,2013-09-12 20:00:00+00:00,0.0
3116,2013-09-12 20:30:00+00:00,0.0
3116,2013-09-12 21:00:00+00:00,0.0
3116,2013-09-12 21:30:00+00:00,0.0
3116,2013-09-12 22:00:00+00:00,0.0
3116,2013-09-12 22:30:00+00:00,0.0
3116,2013-09-12 23:00:00+00:00,0.0
3116,2013-09-12 23:30:00+00:00,0.0
3116,2013-09-13 00:00:00+00:00,0.0
3116,2013-09-13 00:30:00+00:00,0.0
3116,2013-09-13 01:00:00+00:00,0.0
3116,2013-09-13 01:30:00+00:00,0.0
3116,2013-09-13 02:00:00+00:00,0.0
3116,2013-09-13 02:30:00+00:00,0.0
3116,2013-09-13 03:00:00+00:00,0.0
3116,2013-09-13 03:30:00+00:00,0.0
3116,2013-09-13 04:00:00+00:00,0.0
3116,2013-09-13 04:30:00+00:00,0.0
3116,2013-09-13 05:00:00+00:00,0.0
3116,2013-09-13 05:30:00+00:00,0.0
3116,2013-09-13 06:00:00+00:00,0.02
3116,2013-09-13 06:30:00+00:00,7.11
3116,2013-09-13 07:00:00+00:00,74.21
3116,2013-09-13 07:30:00+00:00,83.91
3116,2013-09-13 08:00:00+00:00,55.06
3116,2013-09-13 08:30:00+00:00,82.04
3116,2013-09-13 09:00:00+00:00,169.05
3116,2013-09-13 09:30:00+00:00,269.68
3116,2013-09-13 10:00:00+00:00,178.75
3116,2013-09-13 10:30:00+00:00,208.66
3116,2013-09-13 11:00:00+00:00,169.88
3116,2013-09-13 11:30:00+00:00,236.55
3116,2013-09-13 12:00:00+00:00,370.58
3116,2013-09-13 12:30:00+00:00,252.84
3116,2013-09-13 13:00:00+00:00,137.3
3116,2013-09-13 13:30:00+00:00,204.69
3116,2013-09-13 14:00:00+00:00,244.68
3116,2013-09-13 14:30:00+00:00,222.03
3116,2013-09-13 15:00:00+00:00,152.96
3116,2013-09-13 15:30:00+00:00,157.2
3116,2013-09-13 16:00:00+00:00,46.37
3116,2013-09-13 16:30:00+00:00,14.4
3116,2013-09-13 17:00:00+00:00,17.56
3116,2013-09-13 17:30:00+00:00,8.67
3116,2013-09-13 18:00:00+00:00,0.0
3116,2013-09-13 18:30:00+00:00,0.0
3116,2013-09-13 19:00:00+00:00,0.0
3116,2013-09-13 19:30:00+00:00,0.0
3116,2013-09-13 20:00:00+00:00,0.0
3116,2013-09-13 20:30:00+00:00,0.0
3116,2013-09-13 21:00:00+00:00,0.0
3116,2013-09-13 21:30:00+00:00,0.0
3116,2013-09-13 22:00:00+00:00,0.0
3116,2013-09-13 22:30:00+00:00,0.0
3116,2013-09-13 23:00:00+00:00,0.0
3116,2013-09-13 23:30:00+00:00,0.0
3116,2013-09-14 00:00:00+00:00,0.0
3116,2013-09-14 00:30:00+00:00,0.0
3116,2013-09-14 01:00:00+00:00,0.0
3116,2013-09-14 01:30:00+00:00,0.0
3116,2013-09-14 02:00:00+00:00,0.0
3116,2013-09-14 02:30:00+00:00,0.0
3116,2013-09-14 03:00:00+00:00,0.0
3116,2013-09-14 03:30:00+00:00,0.0
3116,2013-09-14 04:00:00+00:00,0.0
3116,2013-09-14 04:30:00+00:00,0.0
3116,2013-09-14 05:00:00+00:00,0.0
3116,2013-09-14 05:30:00+00:00,0.0
3116,2013-09-14 06:00:00+00:00,0.0
3116,2013-09-14 06:30:00+00:00,0.05
3116,2013-09-14 07:00:00+00:00,33.52
3116,2013-09-14 07:30:00+00:00,60.33
3116,2013-09-14 08:00:00+00:00,40.52
3116,2013-09-14 08:30:00+00:00,97.25
3116,2013-09-14 09:00:00+00:00,109.57
3116,2013-09-14 09:30:00+00:00,165.42
3116,2013-09-14 10:00:00+00:00,234.86
3116,2013-09-14 10:30:00+00:00,338.19
3116,2013-09-14 11:00:00+00:00,524.2
3116,2013-09-14 11:30:00+00:00,533.35
3116,2013-09-14 12:00:00+00:00,493.52
3116,2013-09-14 12:30:00+00:00,327.38
3116,2013-09-14 13:00:00+00:00,180.39
3116,2013-09-14 13:30:00+00:00,274.96
3116,2013-09-14 14:00:00+00:00,165.79
3116,2013-09-14 14:30:00+00:00,152.83
3116,2013-09-14 15:00:00+00:00,109.99
3116,2013-09-14 15:30:00+00:00,103.11
3116,2013-09-14 16:00:00+00:00,93.83
3116,2013-09-14 16:30:00+00:00,90.13
3116,2013-09-14 17:00:00+00:00,62.74
3116,2013-09-14 17:30:00+00:00,41.89
3116,2013-09-14 18:00:00+00:00,5.38
3116,2013-09-14 18:30:00+00:00,0.0
3116,2013-09-14 19:00:00+00:00,0.0
3116,2013-09-14 19:30:00+00:00,0.0
3116,2013-09-14 20:00:00+00:00,0.0
3116,2013-09-14 20:30:00+00:00,0.0
3116,2013-09-14 21:00:00+00:00,0.0
3116,2013-09-14 21:30:00+00:00,0.0
3116,2013-09-14 22:00:00+00:00,0.0
3116,2013-09-14 22:30:00+00:00,0.0
3116,2013-09-14 23:00:00+00:00,0.0
3116,2013-09-14 23:30:00+00:00,0.0
3116,2013-09-15 00:00:00+00:00,0.0
3116,2013-09-15 00:30:00+00:00,0.0
3116,2013-09-15 01:00:00+00:00,0.0
3116,2013-09-15 01:30:00+00:00,0.0
3116,2013-09-15 02:00:00+00:00,0.0
3116,2013-09-15 02:30:00+00:00,0.0
3116,2013-09-15 03:00:00+00:00,0.0
3116,2013-09-15 03:30:00+00:00,0.0
3116,2013-09-15 04:00:00+00:00,0.0
3116,2013-09-15 04:30:00+00:00,0.0
3116,2013-09-15 05:00:00+00:00,0.0
3116,2013-09-15 05:30:00+00:00,0.0
3116,2013-09-15 06:00:00+00:00,3.08
3116,2013-09-15 06:30:00+00:00,96.3
3116,2013-09-15 07:00:00+00:00,313.12
3116,2013-09-15 07:30:00+00:00,487.6
3116,2013-09-15 08:00:00+00:00,709.6
3116,2013-09-15 08:30:00+00:00,778.9
3116,2013-09-15 09:00:00+00:00,952.8
3116,2013-09-15 09:30:00+00:00,1031.8
3116,2013-09-15 10:00:00+00:00,969.45
3116,2013-09-15 10:30:00+00:00,918.75
3116,2013-09-15 11:00:00+00:00,551.95
3116,2013-09-15 11:30:00+00:00,341.75
3116,2013-09-15 12:00:00+00:00,211.51
3116,2013-09-15 12:30:00+00:00,171.62
3116,2013-09-15 13:00:00+00:00,113.53
3116,2013-09-15 13:30:00+00:00,174.17
3116,2013-09-15 14:00:00+00:00,108.97
3116,2013-09-15 14:30:00+00:00,89.9
3116,2013-09-15 15:00:00+00:00,150.36
3116,2013-09-15 15:30:00+00:00,180.46
3116,2013-09-15 16:00:00+00:00,133.13
3116,2013-09-15 16:30:00+00:00,4.26
3116,2013-09-15 17:00:00+00:00,5.86
3116,2013-09-15 17:30:00+00:00,1.05
3116,2013-09-15 18:00:00+00:00,0.0
3116,2013-09-15 18:30:00+00:00,0.0
3116,2013-09-15 19:00:00+00:00,0.0
3116,2013-09-15 19:30:00+00:00,0.0
3116,2013-09-15 20:00:00+00:00,0.0
3116,2013-09-15 20:30:00+00:00,0.0
3116,2013-09-15 21:00:00+00:00,0.0
3116,2013-09-15 21:30:00+00:00,0.0
3116,2013-09-15 22:00:00+00:00,0.0
3116,2013-09-15 22:30:00+00:00,0.0
3116,2013-09-15 23:00:00+00:00,0.0
3116,2013-09-15 23:30:00+00:00,0.0
3116,2013-09-16 00:00:00+00:00,0.0
3116,2013-09-16 00:30:00+00:00,0.0
3116,2013-09-16 01:00:00+00:00,0.0
3116,2013-09-16 01:30:00+00:00,0.0
3116,2013-09-16 02:00:00+00:00,0.0
3116,2013-09-16 02:30:00+00:00,0.0
3116,2013-09-16 03:00:00+00:00,0.0
3116,2013-09-16 03:30:00+00:00,0.0
3116,2013-09-16 04:00:00+00:00,0.0
3116,2013-09-16 04:30:00+00:00,0.0
3116,2013-09-16 05:00:00+00:00,0.0
3116,2013-09-16 05:30:00+00:00,0.0
3116,2013-09-16 06:00:00+00:00,5.0
3116,2013-09-16 06:30:00+00:00,106.27
3116,2013-09-16 07:00:00+00:00,290.39
3116,2013-09-16 07:30:00+00:00,503.55
3116,2013-09-16 08:00:00+00:00,705.85
3116,2013-09-16 08:30:00+00:00,881.5
3116,2013-09-16 09:00:00+00:00,1022.25
3116,2013-09-16 09:30:00+00:00,1169.0
3116,2013-09-16 10:00:00+00:00,1253.05
3116,2013-09-16 10:30:00+00:00,1214.1
3116,2013-09-16 11:00:00+00:00,727.45
3116,2013-09-16 11:30:00+00:00,1186.25
3116,2013-09-16 12:00:00+00:00,470.71
3116,2013-09-16 12:30:00+00:00,1029.6
3116,2013-09-16 13:00:00+00:00,849.6
3116,2013-09-16 13:30:00+00:00,930.95
3116,2013-09-16 14:00:00+00:00,523.9
3116,2013-09-16 14:30:00+00:00,370.04
3116,2013-09-16 15:00:00+00:00,481.61
3116,2013-09-16 15:30:00+00:00,290.66
3116,2013-09-16 16:00:00+00:00,468.61
3116,2013-09-16 16:30:00+00:00,183.87
3116,2013-09-16 17:00:00+00:00,159.64
3116,2013-09-16 17:30:00+00:00,53.51
3116,2013-09-16 18:00:00+00:00,8.94
3116,2013-09-16 18:30:00+00:00,0.0
3116,2013-09-16 19:00:00+00:00,0.0
3116,2013-09-16 19:30:00+00:00,0.0
3116,2013-09-16 20:00:00+00:00,0.0
3116,2013-09-16 20:30:00+00:00,0.0
3116,2013-09-16 21:00:00+00:00,0.0
3116,2013-09-16 21:30:00+00:00,0.0
3116,2013-09-16 22:00:00+00:00,0.0
3116,2013-09-16 22:30:00+00:00,0.0
3116,2013-09-16 23:00:00+00:00,0.0
3116,2013-09-16 23:30:00+00:00,0.0
3116,2013-09-17 00:00:00+00:00,0.0
3116,2013-09-17 00:30:00+00:00,0.0
3116,2013-09-17 01:00:00+00:00,0.0
3116,2013-09-17 01:30:00+00:00,0.0
3116,2013-09-17 02:00:00+00:00,0.0
3116,2013-09-17 02:30:00+00:00,0.0
3116,2013-09-17 03:00:00+00:00,0.0
3116,2013-09-17 03:30:00+00:00,0.0
3116,2013-09-17 04:00:00+00:00,0.0
3116,2013-09-17 04:30:00+00:00,0.0
3116,2013-09-17 05:00:00+00:00,0.0
3116,2013-09-17 05:30:00+00:00,0.0
3116,2013-09-17 06:00:00+00:00,0.06
3116,2013-09-17 06:30:00+00:00,42.47
3116,2013-09-17 07:00:00+00:00,161.25
3116,2013-09-17 07:30:00+00:00,266.6
3116,2013-09-17 08:00:00+00:00,674.25
3116,2013-09-17 08:30:00+00:00,613.9
3116,2013-09-17 09:00:00+00:00,734.15
3116,2013-09-17 09:30:00+00:00,1026.35
3116,2013-09-17 10:00:00+00:00,643.15
3116,2013-09-17 10:30:00+00:00,493.5
3116,2013-09-17 11:00:00+00:00,706.65
3116,2013-09-17 11:30:00+00:00,924.0
3116,2013-09-17 12:00:00+00:00,562.4
3116,2013-09-17 12:30:00+00:00,200.35
3116,2013-09-17 13:00:00+00:00,92.47
3116,2013-09-17 13:30:00+00:00,165.51
3116,2013-09-17 14:00:00+00:00,270.13
3116,2013-09-17 14:30:00+00:00,316.07
3116,2013-09-17 15:00:00+00:00,179.96
3116,2013-09-17 15:30:00+00:00,175.67
3116,2013-09-17 16:00:00+00:00,50.5
3116,2013-09-17 16:30:00+00:00,43.65
3116,2013-09-17 17:00:00+00:00,35.78
3116,2013-09-17 17:30:00+00:00,6.92
3116,2013-09-17 18:00:00+00:00,0.02
3116,2013-09-17 18:30:00+00:00,0.0
3116,2013-09-17 19:00:00+00:00,0.0
3116,2013-09-17 19:30:00+00:00,0.0
3116,2013-09-17 20:00:00+00:00,0.0
3116,2013-09-17 20:30:00+00:00,0.0
3116,2013-09-17 21:00:00+00:00,0.0
3116,2013-09-17 21:30:00+00:00,0.0
3116,2013-09-17 22:00:00+00:00,0.0
3116,2013-09-17 22:30:00+00:00,0.0
3116,2013-09-17 23:00:00+00:00,0.0
3116,2013-09-17 23:30:00+00:00,0.0
3116,2013-09-18 00:00:00+00:00,0.0
3116,2013-09-18 00:30:00+00:00,0.0
3116,2013-09-18 01:00:00+00:00,0.0
3116,2013-09-18 01:30:00+00:00,0.0
3116,2013-09-18 02:00:00+00:00,0.0
3116,2013-09-18 02:30:00+00:00,0.0
3116,2013-09-18 03:00:00+00:00,0.0
3116,2013-09-18 03:30:00+00:00,0.0
3116,2013-09-18 04:00:00+00:00,0.0
3116,2013-09-18 04:30:00+00:00,0.0
3116,2013-09-18 05:00:00+00:00,0.0
3116,2013-09-18 05:30:00+00:00,0.0
3116,2013-09-18 06:00:00+00:00,0.04
3116,2013-09-18 06:30:00+00:00,16.81
3116,2013-09-18 07:00:00+00:00,80.43
3116,2013-09-18 07:30:00+00:00,158.69
3116,2013-09-18 08:00:00+00:00,575.45
3116,2013-09-18 08:30:00+00:00,829.15
3116,2013-09-18 09:00:00+00:00,982.6
3116,2013-09-18 09:30:00+00:00,1097.45
3116,2013-09-18 10:00:00+00:00,995.55
3116,2013-09-18 10:30:00+00:00,1118.2
3116,2013-09-18 11:00:00+00:00,1422.4
3116,2013-09-18 11:30:00+00:00,882.55
3116,2013-09-18 12:00:00+00:00,1126.8
3116,2013-09-18 12:30:00+00:00,846.5
3116,2013-09-18 13:00:00+00:00,1031.3
3116,2013-09-18 13:30:00+00:00,591.95
3116,2013-09-18 14:00:00+00:00,866.6
3116,2013-09-18 14:30:00+00:00,367.94
3116,2013-09-18 15:00:00+00:00,147.29
3116,2013-09-18 15:30:00+00:00,361.58
3116,2013-09-18 16:00:00+00:00,538.1
3116,2013-09-18 16:30:00+00:00,360.18
3116,2013-09-18 17:00:00+00:00,114.05
3116,2013-09-18 17:30:00+00:00,52.88
3116,2013-09-18 18:00:00+00:00,7.34
3116,2013-09-18 18:30:00+00:00,0.0
3116,2013-09-18 19:00:00+00:00,0.0
3116,2013-09-18 19:30:00+00:00,0.0
3116,2013-09-18 20:00:00+00:00,0.0
3116,2013-09-18 20:30:00+00:00,0.0
3116,2013-09-18 21:00:00+00:00,0.0
3116,2013-09-18 21:30:00+00:00,0.0
3116,2013-09-18 22:00:00+00:00,0.0
3116,2013-09-18 22:30:00+00:00,0.0
3116,2013-09-18 23:00:00+00:00,0.0
3116,2013-09-18 23:30:00+00:00,0.0
3116,2013-09-19 00:00:00+00:00,0.0
3116,2013-09-19 00:30:00+00:00,0.0
3116,2013-09-19 01:00:00+00:00,0.0
3116,2013-09-19 01:30:00+00:00,0.0
3116,2013-09-19 02:00:00+00:00,0.0
3116,2013-09-19 02:30:00+00:00,0.0
3116,2013-09-19 03:00:00+00:00,0.0
3116,2013-09-19 03:30:00+00:00,0.0
3116,2013-09-19 04:00:00+00:00,0.0
3116,2013-09-19 04:30:00+00:00,0.0
3116,2013-09-19 05:00:00+00:00,0.0
3116,2013-09-19 05:30:00+00:00,0.0
3116,2013-09-19 06:00:00+00:00,1.53
3116,2013-09-19 06:30:00+00:00,7.99
3116,2013-09-19 07:00:00+00:00,29.1
3116,2013-09-19 07:30:00+00:00,142.44
3116,2013-09-19 08:00:00+00:00,243.57
3116,2013-09-19 08:30:00+00:00,171.44
3116,2013-09-19 09:00:00+00:00,239.39
3116,2013-09-19 09:30:00+00:00,269.32
3116,2013-09-19 10:00:00+00:00,621.65
3116,2013-09-19 10:30:00+00:00,1110.5
3116,2013-09-19 11:00:00+00:00,844.65
3116,2013-09-19 11:30:00+00:00,399.33
3116,2013-09-19 12:00:00+00:00,414.2
3116,2013-09-19 12:30:00+00:00,289.42
3116,2013-09-19 13:00:00+00:00,236.17
3116,2013-09-19 13:30:00+00:00,265.23
3116,2013-09-19 14:00:00+00:00,239.8
3116,2013-09-19 14:30:00+00:00,140.89
3116,2013-09-19 15:00:00+00:00,148.97
3116,2013-09-19 15:30:00+00:00,146.62
3116,2013-09-19 16:00:00+00:00,54.78
3116,2013-09-19 16:30:00+00:00,174.57
3116,2013-09-19 17:00:00+00:00,95.29
3116,2013-09-19 17:30:00+00:00,42.94
3116,2013-09-19 18:00:00+00:00,4.04
3116,2013-09-19 18:30:00+00:00,0.0
3116,2013-09-19 19:00:00+00:00,0.0
3116,2013-09-19 19:30:00+00:00,0.0
3116,2013-09-19 20:00:00+00:00,0.0
3116,2013-09-19 20:30:00+00:00,0.0
3116,2013-09-19 21:00:00+00:00,0.0
3116,2013-09-19 21:30:00+00:00,0.0
3116,2013-09-19 22:00:00+00:00,0.0
3116,2013-09-19 22:30:00+00:00,0.0
3116,2013-09-19 23:00:00+00:00,0.0
3116,2013-09-19 23:30:00+00:00,0.0
3116,2013-09-20 00:00:00+00:00,0.0
3116,2013-09-20 00:30:00+00:00,0.0
3116,2013-09-20 01:00:00+00:00,0.0
3116,2013-09-20 01:30:00+00:00,0.0
3116,2013-09-20 02:00:00+00:00,0.0
3116,2013-09-20 02:30:00+00:00,0.0
3116,2013-09-20 03:00:00+00:00,0.0
3116,2013-09-20 03:30:00+00:00,0.0
3116,2013-09-20 04:00:00+00:00,0.0
3116,2013-09-20 04:30:00+00:00,0.0
3116,2013-09-20 05:00:00+00:00,0.0
3116,2013-09-20 05:30:00+00:00,0.0
3116,2013-09-20 06:00:00+00:00,0.0
3116,2013-09-20 06:30:00+00:00,0.56
3116,2013-09-20 07:00:00+00:00,15.88
3116,2013-09-20 07:30:00+00:00,54.72
3116,2013-09-20 08:00:00+00:00,80.95
3116,2013-09-20 08:30:00+00:00,126.38
3116,2013-09-20 09:00:00+00:00,263.09
3116,2013-09-20 09:30:00+00:00,361.13
3116,2013-09-20 10:00:00+00:00,479.01
3116,2013-09-20 10:30:00+00:00,421.54
3116,2013-09-20 11:00:00+00:00,370.13
3116,2013-09-20 11:30:00+00:00,666.0
3116,2013-09-20 12:00:00+00:00,783.85
3116,2013-09-20 12:30:00+00:00,492.02
3116,2013-09-20 13:00:00+00:00,783.35
3116,2013-09-20 13:30:00+00:00,1073.4
3116,2013-09-20 14:00:00+00:00,1124.3
3116,2013-09-20 14:30:00+00:00,642.85
3116,2013-09-20 15:00:00+00:00,472.01
3116,2013-09-20 15:30:00+00:00,324.89
3116,2013-09-20 16:00:00+00:00,187.69
3116,2013-09-20 16:30:00+00:00,189.12
3116,2013-09-20 17:00:00+00:00,156.04
3116,2013-09-20 17:30:00+00:00,16.5
3116,2013-09-20 18:00:00+00:00,0.0
3116,2013-09-20 18:30:00+00:00,0.0
3116,2013-09-20 19:00:00+00:00,0.0
3116,2013-09-20 19:30:00+00:00,0.0
3116,2013-09-20 20:00:00+00:00,0.0
3116,2013-09-20 20:30:00+00:00,0.0
3116,2013-09-20 21:00:00+00:00,0.0
3116,2013-09-20 21:30:00+00:00,0.0
3116,2013-09-20 22:00:00+00:00,0.0
3116,2013-09-20 22:30:00+00:00,0.0
3116,2013-09-20 23:00:00+00:00,0.0
3116,2013-09-20 23:30:00+00:00,0.0
3116,2013-09-21 00:00:00+00:00,0.0
3116,2013-09-21 00:30:00+00:00,0.0
3116,2013-09-21 01:00:00+00:00,0.0
3116,2013-09-21 01:30:00+00:00,0.0
3116,2013-09-21 02:00:00+00:00,0.0
3116,2013-09-21 02:30:00+00:00,0.0
3116,2013-09-21 03:00:00+00:00,0.0
3116,2013-09-21 03:30:00+00:00,0.0
3116,2013-09-21 04:00:00+00:00,0.0
3116,2013-09-21 04:30:00+00:00,0.0
3116,2013-09-21 05:00:00+00:00,0.0
3116,2013-09-21 05:30:00+00:00,0.0
3116,2013-09-21 06:00:00+00:00,0.06
3116,2013-09-21 06:30:00+00:00,22.43
3116,2013-09-21 07:00:00+00:00,64.57
3116,2013-09-21 07:30:00+00:00,94.74
3116,2013-09-21 08:00:00+00:00,130.83
3116,2013-09-21 08:30:00+00:00,236.98
3116,2013-09-21 09:00:00+00:00,264.3
3116,2013-09-21 09:30:00+00:00,390.78
3116,2013-09-21 10:00:00+00:00,328.4
3116,2013-09-21 10:30:00+00:00,352.72
3116,2013-09-21 11:00:00+00:00,290.35
3116,2013-09-21 11:30:00+00:00,336.23
3116,2013-09-21 12:00:00+00:00,324.48
3116,2013-09-21 12:30:00+00:00,295.29
3116,2013-09-21 13:00:00+00:00,306.57
3116,2013-09-21 13:30:00+00:00,275.25
3116,2013-09-21 14:00:00+00:00,433.56
3116,2013-09-21 14:30:00+00:00,370.17
3116,2013-09-21 15:00:00+00:00,301.07
3116,2013-09-21 15:30:00+00:00,259.72
3116,2013-09-21 16:00:00+00:00,226.68
3116,2013-09-21 16:30:00+00:00,182.28
3116,2013-09-21 17:00:00+00:00,98.14
3116,2013-09-21 17:30:00+00:00,31.42
3116,2013-09-21 18:00:00+00:00,5.13
3116,2013-09-21 18:30:00+00:00,0.0
3116,2013-09-21 19:00:00+00:00,0.0
3116,2013-09-21 19:30:00+00:00,0.0
3116,2013-09-21 20:00:00+00:00,0.0
3116,2013-09-21 20:30:00+00:00,0.0
3116,2013-09-21 21:00:00+00:00,0.0
3116,2013-09-21 21:30:00+00:00,0.0
3116,2013-09-21 22:00:00+00:00,0.0
3116,2013-09-21 22:30:00+00:00,0.0
3116,2013-09-21 23:00:00+00:00,0.0
3116,2013-09-21 23:30:00+00:00,0.0
3116,2013-09-22 00:00:00+00:00,0.0
3116,2013-09-22 00:30:00+00:00,0.0
3116,2013-09-22 01:00:00+00:00,0.0
3116,2013-09-22 01:30:00+00:00,0.0
3116,2013-09-22 02:00:00+00:00,0.0
3116,2013-09-22 02:30:00+00:00,0.0
3116,2013-09-22 03:00:00+00:00,0.0
3116,2013-09-22 03:30:00+00:00,0.0
3116,2013-09-22 04:00:00+00:00,0.0
3116,2013-09-22 04:30:00+00:00,0.0
3116,2013-09-22 05:00:00+00:00,0.0
3116,2013-09-22 05:30:00+00:00,0.0
3116,2013-09-22 06:00:00+00:00,0.01
3116,2013-09-22 06:30:00+00:00,2.28
3116,2013-09-22 07:00:00+00:00,18.94
3116,2013-09-22 07:30:00+00:00,72.59
3116,2013-09-22 08:00:00+00:00,98.41
3116,2013-09-22 08:30:00+00:00,128.21
3116,2013-09-22 09:00:00+00:00,164.43
3116,2013-09-22 09:30:00+00:00,206.49
3116,2013-09-22 10:00:00+00:00,210.53
3116,2013-09-22 10:30:00+00:00,185.3
3116,2013-09-22 11:00:00+00:00,193.82
3116,2013-09-22 11:30:00+00:00,199.77
3116,2013-09-22 12:00:00+00:00,172.56
3116,2013-09-22 12:30:00+00:00,173.46
3116,2013-09-22 13:00:00+00:00,153.26
3116,2013-09-22 13:30:00+00:00,149.84
3116,2013-09-22 14:00:00+00:00,125.84
3116,2013-09-22 14:30:00+00:00,110.14
3116,2013-09-22 15:00:00+00:00,67.72
3116,2013-09-22 15:30:00+00:00,42.74
3116,2013-09-22 16:00:00+00:00,47.91
3116,2013-09-22 16:30:00+00:00,64.25
3116,2013-09-22 17:00:00+00:00,58.15
3116,2013-09-22 17:30:00+00:00,25.93
3116,2013-09-22 18:00:00+00:00,2.04
3116,2013-09-22 18:30:00+00:00,0.0
3116,2013-09-22 19:00:00+00:00,0.0
3116,2013-09-22 19:30:00+00:00,0.0
3116,2013-09-22 20:00:00+00:00,0.0
3116,2013-09-22 20:30:00+00:00,0.0
3116,2013-09-22 21:00:00+00:00,0.0
3116,2013-09-22 21:30:00+00:00,0.0
3116,2013-09-22 22:00:00+00:00,0.0
3116,2013-09-22 22:30:00+00:00,0.0
3116,2013-09-22 23:00:00+00:00,0.0
3116,2013-09-22 23:30:00+00:00,0.0
3116,2013-09-23 00:00:00+00:00,0.0
3116,2013-09-23 00:30:00+00:00,0.0
3116,2013-09-23 01:00:00+00:00,0.0
3116,2013-09-23 01:30:00+00:00,0.0
3116,2013-09-23 02:00:00+00:00,0.0
3116,2013-09-23 02:30:00+00:00,0.0
3116,2013-09-23 03:00:00+00:00,0.0
3116,2013-09-23 03:30:00+00:00,0.0
3116,2013-09-23 04:00:00+00:00,0.0
3116,2013-09-23 04:30:00+00:00,0.0
3116,2013-09-23 05:00:00+00:00,0.0
3116,2013-09-23 05:30:00+00:00,0.0
3116,2013-09-23 06:00:00+00:00,0.0
3116,2013-09-23 06:30:00+00:00,0.04
3116,2013-09-23 07:00:00+00:00,16.28
3116,2013-09-23 07:30:00+00:00,46.42
3116,2013-09-23 08:00:00+00:00,66.75
3116,2013-09-23 08:30:00+00:00,93.05
3116,2013-09-23 09:00:00+00:00,130.26
3116,2013-09-23 09:30:00+00:00,169.19
3116,2013-09-23 10:00:00+00:00,120.59
3116,2013-09-23 10:30:00+00:00,138.74
3116,2013-09-23 11:00:00+00:00,192.01
3116,2013-09-23 11:30:00+00:00,233.93
3116,2013-09-23 12:00:00+00:00,229.8
3116,2013-09-23 12:30:00+00:00,229.98
3116,2013-09-23 13:00:00+00:00,259.19
3116,2013-09-23 13:30:00+00:00,332.19
3116,2013-09-23 14:00:00+00:00,505.7
3116,2013-09-23 14:30:00+00:00,507.75
3116,2013-09-23 15:00:00+00:00,646.15
3116,2013-09-23 15:30:00+00:00,602.85
3116,2013-09-23 16:00:00+00:00,435.76
3116,2013-09-23 16:30:00+00:00,253.96
3116,2013-09-23 17:00:00+00:00,113.22
3116,2013-09-23 17:30:00+00:00,33.01
3116,2013-09-23 18:00:00+00:00,1.73
3116,2013-09-23 18:30:00+00:00,0.0
3116,2013-09-23 19:00:00+00:00,0.0
3116,2013-09-23 19:30:00+00:00,0.0
3116,2013-09-23 20:00:00+00:00,0.0
3116,2013-09-23 20:30:00+00:00,0.0
3116,2013-09-23 21:00:00+00:00,0.0
3116,2013-09-23 21:30:00+00:00,0.0
3116,2013-09-23 22:00:00+00:00,0.0
3116,2013-09-23 22:30:00+00:00,0.0
3116,2013-09-23 23:00:00+00:00,0.0
3116,2013-09-23 23:30:00+00:00,0.0
3116,2013-09-24 00:00:00+00:00,0.0
3116,2013-09-24 00:30:00+00:00,0.0
3116,2013-09-24 01:00:00+00:00,0.0
3116,2013-09-24 01:30:00+00:00,0.0
3116,2013-09-24 02:00:00+00:00,0.0
3116,2013-09-24 02:30:00+00:00,0.0
3116,2013-09-24 03:00:00+00:00,0.0
3116,2013-09-24 03:30:00+00:00,0.0
3116,2013-09-24 04:00:00+00:00,0.0
3116,2013-09-24 04:30:00+00:00,0.0
3116,2013-09-24 05:00:00+00:00,0.0
3116,2013-09-24 05:30:00+00:00,0.0
3116,2013-09-24 06:00:00+00:00,0.05
3116,2013-09-24 06:30:00+00:00,11.91
3116,2013-09-24 07:00:00+00:00,55.69
3116,2013-09-24 07:30:00+00:00,94.9
3116,2013-09-24 08:00:00+00:00,181.48
3116,2013-09-24 08:30:00+00:00,205.5
3116,2013-09-24 09:00:00+00:00,233.03
3116,2013-09-24 09:30:00+00:00,306.29
3116,2013-09-24 10:00:00+00:00,356.09
3116,2013-09-24 10:30:00+00:00,433.32
3116,2013-09-24 11:00:00+00:00,588.05
3116,2013-09-24 11:30:00+00:00,1029.25
3116,2013-09-24 12:00:00+00:00,715.1
3116,2013-09-24 12:30:00+00:00,647.8
3116,2013-09-24 13:00:00+00:00,337.49
3116,2013-09-24 13:30:00+00:00,417.6
3116,2013-09-24 14:00:00+00:00,827.85
3116,2013-09-24 14:30:00+00:00,731.3
3116,2013-09-24 15:00:00+00:00,746.75
3116,2013-09-24 15:30:00+00:00,543.7
3116,2013-09-24 16:00:00+00:00,366.08
3116,2013-09-24 16:30:00+00:00,220.98
3116,2013-09-24 17:00:00+00:00,101.09
3116,2013-09-24 17:30:00+00:00,14.28
3116,2013-09-24 18:00:00+00:00,0.0
3116,2013-09-24 18:30:00+00:00,0.0
3116,2013-09-24 19:00:00+00:00,0.0
3116,2013-09-24 19:30:00+00:00,0.0
3116,2013-09-24 20:00:00+00:00,0.0
3116,2013-09-24 20:30:00+00:00,0.0
3116,2013-09-24 21:00:00+00:00,0.0
3116,2013-09-24 21:30:00+00:00,0.0
3116,2013-09-24 22:00:00+00:00,0.0
3116,2013-09-24 22:30:00+00:00,0.0
3116,2013-09-24 23:00:00+00:00,0.0
3116,2013-09-24 23:30:00+00:00,0.0
3116,2013-09-25 00:00:00+00:00,0.0
3116,2013-09-25 00:30:00+00:00,0.0
3116,2013-09-25 01:00:00+00:00,0.0
3116,2013-09-25 01:30:00+00:00,0.0
3116,2013-09-25 02:00:00+00:00,0.0
3116,2013-09-25 02:30:00+00:00,0.0
3116,2013-09-25 03:00:00+00:00,0.0
3116,2013-09-25 03:30:00+00:00,0.0
3116,2013-09-25 04:00:00+00:00,0.0
3116,2013-09-25 04:30:00+00:00,0.0
3116,2013-09-25 05:00:00+00:00,0.0
3116,2013-09-25 05:30:00+00:00,0.0
3116,2013-09-25 06:00:00+00:00,0.0
3116,2013-09-25 06:30:00+00:00,0.07
3116,2013-09-25 07:00:00+00:00,19.35
3116,2013-09-25 07:30:00+00:00,145.88
3116,2013-09-25 08:00:00+00:00,164.38
3116,2013-09-25 08:30:00+00:00,245.31
3116,2013-09-25 09:00:00+00:00,305.57
3116,2013-09-25 09:30:00+00:00,545.8
3116,2013-09-25 10:00:00+00:00,677.35
3116,2013-09-25 10:30:00+00:00,524.1
3116,2013-09-25 11:00:00+00:00,846.45
3116,2013-09-25 11:30:00+00:00,500.25
3116,2013-09-25 12:00:00+00:00,406.85
3116,2013-09-25 12:30:00+00:00,433.38
3116,2013-09-25 13:00:00+00:00,720.2
3116,2013-09-25 13:30:00+00:00,687.0
3116,2013-09-25 14:00:00+00:00,500.55
3116,2013-09-25 14:30:00+00:00,447.26
3116,2013-09-25 15:00:00+00:00,358.21
3116,2013-09-25 15:30:00+00:00,269.35
3116,2013-09-25 16:00:00+00:00,343.11
3116,2013-09-25 16:30:00+00:00,187.31
3116,2013-09-25 17:00:00+00:00,97.19
3116,2013-09-25 17:30:00+00:00,39.49
3116,2013-09-25 18:00:00+00:00,0.24
3116,2013-09-25 18:30:00+00:00,0.0
3116,2013-09-25 19:00:00+00:00,0.0
3116,2013-09-25 19:30:00+00:00,0.0
3116,2013-09-25 20:00:00+00:00,0.0
3116,2013-09-25 20:30:00+00:00,0.0
3116,2013-09-25 21:00:00+00:00,0.0
3116,2013-09-25 21:30:00+00:00,0.0
3116,2013-09-25 22:00:00+00:00,0.0
3116,2013-09-25 22:30:00+00:00,0.0
3116,2013-09-25 23:00:00+00:00,0.0
3116,2013-09-25 23:30:00+00:00,0.0
3116,2013-09-26 00:00:00+00:00,0.0
3116,2013-09-26 00:30:00+00:00,0.0
3116,2013-09-26 01:00:00+00:00,0.0
3116,2013-09-26 01:30:00+00:00,0.0
3116,2013-09-26 02:00:00+00:00,0.0
3116,2013-09-26 02:30:00+00:00,0.0
3116,2013-09-26 03:00:00+00:00,0.0
3116,2013-09-26 03:30:00+00:00,0.0
3116,2013-09-26 04:00:00+00:00,0.0
3116,2013-09-26 04:30:00+00:00,0.0
3116,2013-09-26 05:00:00+00:00,0.0
3116,2013-09-26 05:30:00+00:00,0.0
3116,2013-09-26 06:00:00+00:00,0.03
3116,2013-09-26 06:30:00+00:00,23.72
3116,2013-09-26 07:00:00+00:00,85.63
3116,2013-09-26 07:30:00+00:00,374.82
3116,2013-09-26 08:00:00+00:00,624.05
3116,2013-09-26 08:30:00+00:00,729.15
3116,2013-09-26 09:00:00+00:00,907.0
3116,2013-09-26 09:30:00+00:00,938.85
3116,2013-09-26 10:00:00+00:00,1066.0
3116,2013-09-26 10:30:00+00:00,1176.05
3116,2013-09-26 11:00:00+00:00,1263.8
3116,2013-09-26 11:30:00+00:00,1077.6
3116,2013-09-26 12:00:00+00:00,995.75
3116,2013-09-26 12:30:00+00:00,1072.9
3116,2013-09-26 13:00:00+00:00,527.2
3116,2013-09-26 13:30:00+00:00,445.63
3116,2013-09-26 14:00:00+00:00,503.3
3116,2013-09-26 14:30:00+00:00,852.05
3116,2013-09-26 15:00:00+00:00,759.45
3116,2013-09-26 15:30:00+00:00,582.0
3116,2013-09-26 16:00:00+00:00,295.03
3116,2013-09-26 16:30:00+00:00,157.01
3116,2013-09-26 17:00:00+00:00,126.25
3116,2013-09-26 17:30:00+00:00,34.87
3116,2013-09-26 18:00:00+00:00,1.91
3116,2013-09-26 18:30:00+00:00,0.0
3116,2013-09-26 19:00:00+00:00,0.0
3116,2013-09-26 19:30:00+00:00,0.0
3116,2013-09-26 20:00:00+00:00,0.0
3116,2013-09-26 20:30:00+00:00,0.0
3116,2013-09-26 21:00:00+00:00,0.0
3116,2013-09-26 21:30:00+00:00,0.0
3116,2013-09-26 22:00:00+00:00,0.0
3116,2013-09-26 22:30:00+00:00,0.0
3116,2013-09-26 23:00:00+00:00,0.0
3116,2013-09-26 23:30:00+00:00,0.0
3116,2013-09-27 00:00:00+00:00,0.0
3116,2013-09-27 00:30:00+00:00,0.0
3116,2013-09-27 01:00:00+00:00,0.0
3116,2013-09-27 01:30:00+00:00,0.0
3116,2013-09-27 02:00:00+00:00,0.0
3116,2013-09-27 02:30:00+00:00,0.0
3116,2013-09-27 03:00:00+00:00,0.0
3116,2013-09-27 03:30:00+00:00,0.0
3116,2013-09-27 04:00:00+00:00,0.0
3116,2013-09-27 04:30:00+00:00,0.0
3116,2013-09-27 05:00:00+00:00,0.0
3116,2013-09-27 05:30:00+00:00,0.0
3116,2013-09-27 06:00:00+00:00,0.01
3116,2013-09-27 06:30:00+00:00,12.24
3116,2013-09-27 07:00:00+00:00,95.5
3116,2013-09-27 07:30:00+00:00,238.82
3116,2013-09-27 08:00:00+00:00,437.96
3116,2013-09-27 08:30:00+00:00,643.15
3116,2013-09-27 09:00:00+00:00,794.65
3116,2013-09-27 09:30:00+00:00,788.35
3116,2013-09-27 10:00:00+00:00,1070.5
3116,2013-09-27 10:30:00+00:00,954.8
3116,2013-09-27 11:00:00+00:00,842.8
3116,2013-09-27 11:30:00+00:00,843.9
3116,2013-09-27 12:00:00+00:00,983.5
3116,2013-09-27 12:30:00+00:00,887.8
3116,2013-09-27 13:00:00+00:00,709.7
3116,2013-09-27 13:30:00+00:00,1148.6
3116,2013-09-27 14:00:00+00:00,1088.0
3116,2013-09-27 14:30:00+00:00,924.45
3116,2013-09-27 15:00:00+00:00,385.53
3116,2013-09-27 15:30:00+00:00,435.75
3116,2013-09-27 16:00:00+00:00,249.9
3116,2013-09-27 16:30:00+00:00,156.23
3116,2013-09-27 17:00:00+00:00,43.33
3116,2013-09-27 17:30:00+00:00,3.54
3116,2013-09-27 18:00:00+00:00,0.0
3116,2013-09-27 18:30:00+00:00,0.0
3116,2013-09-27 19:00:00+00:00,0.0
3116,2013-09-27 19:30:00+00:00,0.0
3116,2013-09-27 20:00:00+00:00,0.0
3116,2013-09-27 20:30:00+00:00,0.0
3116,2013-09-27 21:00:00+00:00,0.0
3116,2013-09-27 21:30:00+00:00,0.0
3116,2013-09-27 22:00:00+00:00,0.0
3116,2013-09-27 22:30:00+00:00,0.0
3116,2013-09-27 23:00:00+00:00,0.0
3116,2013-09-27 23:30:00+00:00,0.0
3116,2013-09-28 00:00:00+00:00,0.0
3116,2013-09-28 00:30:00+00:00,0.0
3116,2013-09-28 01:00:00+00:00,0.0
3116,2013-09-28 01:30:00+00:00,0.0
3116,2013-09-28 02:00:00+00:00,0.0
3116,2013-09-28 02:30:00+00:00,0.0
3116,2013-09-28 03:00:00+00:00,0.0
3116,2013-09-28 03:30:00+00:00,0.0
3116,2013-09-28 04:00:00+00:00,0.0
3116,2013-09-28 04:30:00+00:00,0.0
3116,2013-09-28 05:00:00+00:00,0.0
3116,2013-09-28 05:30:00+00:00,0.0
3116,2013-09-28 06:00:00+00:00,0.01
3116,2013-09-28 06:30:00+00:00,6.3
3116,2013-09-28 07:00:00+00:00,110.69
3116,2013-09-28 07:30:00+00:00,246.01
3116,2013-09-28 08:00:00+00:00,438.67
3116,2013-09-28 08:30:00+00:00,717.9
3116,2013-09-28 09:00:00+00:00,773.25
3116,2013-09-28 09:30:00+00:00,386.77
3116,2013-09-28 10:00:00+00:00,506.45
3116,2013-09-28 10:30:00+00:00,864.65
3116,2013-09-28 11:00:00+00:00,1104.85
3116,2013-09-28 11:30:00+00:00,457.98
3116,2013-09-28 12:00:00+00:00,458.38
3116,2013-09-28 12:30:00+00:00,628.9
3116,2013-09-28 13:00:00+00:00,482.2
3116,2013-09-28 13:30:00+00:00,301.38
3116,2013-09-28 14:00:00+00:00,183.58
3116,2013-09-28 14:30:00+00:00,113.54
3116,2013-09-28 15:00:00+00:00,185.49
3116,2013-09-28 15:30:00+00:00,115.32
3116,2013-09-28 16:00:00+00:00,87.21
3116,2013-09-28 16:30:00+00:00,39.33
3116,2013-09-28 17:00:00+00:00,44.0
3116,2013-09-28 17:30:00+00:00,10.96
3116,2013-09-28 18:00:00+00:00,0.0
3116,2013-09-28 18:30:00+00:00,0.0
3116,2013-09-28 19:00:00+00:00,0.0
3116,2013-09-28 19:30:00+00:00,0.0
3116,2013-09-28 20:00:00+00:00,0.0
3116,2013-09-28 20:30:00+00:00,0.0
3116,2013-09-28 21:00:00+00:00,0.0
3116,2013-09-28 21:30:00+00:00,0.0
3116,2013-09-28 22:00:00+00:00,0.0
3116,2013-09-28 22:30:00+00:00,0.0
3116,2013-09-28 23:00:00+00:00,0.0
3116,2013-09-28 23:30:00+00:00,0.0
3116,2013-09-29 00:00:00+00:00,0.0
3116,2013-09-29 00:30:00+00:00,0.0
3116,2013-09-29 01:00:00+00:00,0.0
3116,2013-09-29 01:30:00+00:00,0.0
3116,2013-09-29 02:00:00+00:00,0.0
3116,2013-09-29 02:30:00+00:00,0.0
3116,2013-09-29 03:00:00+00:00,0.0
3116,2013-09-29 03:30:00+00:00,0.0
3116,2013-09-29 04:00:00+00:00,0.0
3116,2013-09-29 04:30:00+00:00,0.0
3116,2013-09-29 05:00:00+00:00,0.0
3116,2013-09-29 05:30:00+00:00,0.0
3116,2013-09-29 06:00:00+00:00,0.02
3116,2013-09-29 06:30:00+00:00,26.57
3116,2013-09-29 07:00:00+00:00,53.35
3116,2013-09-29 07:30:00+00:00,95.52
3116,2013-09-29 08:00:00+00:00,133.26
3116,2013-09-29 08:30:00+00:00,270.0
3116,2013-09-29 09:00:00+00:00,282.98
3116,2013-09-29 09:30:00+00:00,301.23
3116,2013-09-29 10:00:00+00:00,444.33
3116,2013-09-29 10:30:00+00:00,302.34
3116,2013-09-29 11:00:00+00:00,1045.65
3116,2013-09-29 11:30:00+00:00,484.04
3116,2013-09-29 12:00:00+00:00,574.2
3116,2013-09-29 12:30:00+00:00,466.9
3116,2013-09-29 13:00:00+00:00,258.88
3116,2013-09-29 13:30:00+00:00,280.33
3116,2013-09-29 14:00:00+00:00,241.45
3116,2013-09-29 14:30:00+00:00,160.31
3116,2013-09-29 15:00:00+00:00,199.94
3116,2013-09-29 15:30:00+00:00,143.52
3116,2013-09-29 16:00:00+00:00,121.36
3116,2013-09-29 16:30:00+00:00,99.08
3116,2013-09-29 17:00:00+00:00,39.28
3116,2013-09-29 17:30:00+00:00,1.4
3116,2013-09-29 18:00:00+00:00,0.0
3116,2013-09-29 18:30:00+00:00,0.0
3116,2013-09-29 19:00:00+00:00,0.0
3116,2013-09-29 19:30:00+00:00,0.0
3116,2013-09-29 20:00:00+00:00,0.0
3116,2013-09-29 20:30:00+00:00,0.0
3116,2013-09-29 21:00:00+00:00,0.0
3116,2013-09-29 21:30:00+00:00,0.0
3116,2013-09-29 22:00:00+00:00,0.0
3116,2013-09-29 22:30:00+00:00,0.0
3116,2013-09-29 23:00:00+00:00,0.0
3116,2013-09-29 23:30:00+00:00,0.0
3116,2013-09-30 00:00:00+00:00,0.0
3116,2013-09-30 00:30:00+00:00,0.0
3116,2013-09-30 01:00:00+00:00,0.0
3116,2013-09-30 01:30:00+00:00,0.0
3116,2013-09-30 02:00:00+00:00,0.0
3116,2013-09-30 02:30:00+00:00,0.0
3116,2013-09-30 03:00:00+00:00,0.0
3116,2013-09-30 03:30:00+00:00,0.0
3116,2013-09-30 04:00:00+00:00,0.0
3116,2013-09-30 04:30:00+00:00,0.0
3116,2013-09-30 05:00:00+00:00,0.0
3116,2013-09-30 05:30:00+00:00,0.0
3116,2013-09-30 06:00:00+00:00,0.0
3116,2013-09-30 06:30:00+00:00,3.96
3116,2013-09-30 07:00:00+00:00,36.86
3116,2013-09-30 07:30:00+00:00,81.34
3116,2013-09-30 08:00:00+00:00,222.83
3116,2013-09-30 08:30:00+00:00,457.01
3116,2013-09-30 09:00:00+00:00,233.16
3116,2013-09-30 09:30:00+00:00,516.2
3116,2013-09-30 10:00:00+00:00,989.35
3116,2013-09-30 10:30:00+00:00,1164.55
3116,2013-09-30 11:00:00+00:00,1231.55
3116,2013-09-30 11:30:00+00:00,1143.1
3116,2013-09-30 12:00:00+00:00,863.35
3116,2013-09-30 12:30:00+00:00,722.2
3116,2013-09-30 13:00:00+00:00,1193.7
3116,2013-09-30 13:30:00+00:00,1092.95
3116,2013-09-30 14:00:00+00:00,988.55
3116,2013-09-30 14:30:00+00:00,877.85
3116,2013-09-30 15:00:00+00:00,729.65
3116,2013-09-30 15:30:00+00:00,557.7
3116,2013-09-30 16:00:00+00:00,381.48
3116,2013-09-30 16:30:00+00:00,194.86
3116,2013-09-30 17:00:00+00:00,73.8
3116,2013-09-30 17:30:00+00:00,5.82
3116,2013-09-30 18:00:00+00:00,0.0
3116,2013-09-30 18:30:00+00:00,0.0
3116,2013-09-30 19:00:00+00:00,0.0
3116,2013-09-30 19:30:00+00:00,0.0
3116,2013-09-30 20:00:00+00:00,0.0
3116,2013-09-30 20:30:00+00:00,0.0
3116,2013-09-30 21:00:00+00:00,0.0
3116,2013-09-30 21:30:00+00:00,0.0
3116,2013-09-30 22:00:00+00:00,0.0
3116,2013-09-30 22:30:00+00:00,0.0
3116,2013-09-30 23:00:00+00:00,0.0
3116,2013-09-30 23:30:00+00:00,0.0
3116,2013-10-01 00:30:00+00:00,0.0
3116,2013-10-01 01:00:00+00:00,0.0
3116,2013-10-01 01:30:00+00:00,0.0
3116,2013-10-01 02:00:00+00:00,0.0
3116,2013-10-01 02:30:00+00:00,0.0
3116,2013-10-01 03:00:00+00:00,0.0
3116,2013-10-01 03:30:00+00:00,0.0
3116,2013-10-01 04:00:00+00:00,0.0
3116,2013-10-01 04:30:00+00:00,0.0
3116,2013-10-01 05:00:00+00:00,0.0
3116,2013-10-01 05:30:00+00:00,0.0
3116,2013-10-01 06:00:00+00:00,0.02
3116,2013-10-01 06:30:00+00:00,9.87
3116,2013-10-01 07:00:00+00:00,70.83
3116,2013-10-01 07:30:00+00:00,169.83
3116,2013-10-01 08:00:00+00:00,156.92
3116,2013-10-01 08:30:00+00:00,312.43
3116,2013-10-01 09:00:00+00:00,757.75
3116,2013-10-01 09:30:00+00:00,915.45
3116,2013-10-01 10:00:00+00:00,926.0
3116,2013-10-01 10:30:00+00:00,766.05
3116,2013-10-01 11:00:00+00:00,723.1
3116,2013-10-01 11:30:00+00:00,201.47
3116,2013-10-01 12:00:00+00:00,306.75
3116,2013-10-01 12:30:00+00:00,346.45
3116,2013-10-01 13:00:00+00:00,368.77
3116,2013-10-01 13:30:00+00:00,275.58
3116,2013-10-01 14:00:00+00:00,226.95
3116,2013-10-01 14:30:00+00:00,230.4
3116,2013-10-01 15:00:00+00:00,236.4
3116,2013-10-01 15:30:00+00:00,223.45
3116,2013-10-01 16:00:00+00:00,178.98
3116,2013-10-01 16:30:00+00:00,115.84
3116,2013-10-01 17:00:00+00:00,23.68
3116,2013-10-01 17:30:00+00:00,1.69
3116,2013-10-01 18:00:00+00:00,0.0
3116,2013-10-01 18:30:00+00:00,0.0
3116,2013-10-01 19:00:00+00:00,0.0
3116,2013-10-01 19:30:00+00:00,0.0
3116,2013-10-01 20:00:00+00:00,0.0
3116,2013-10-01 20:30:00+00:00,0.0
3116,2013-10-01 21:00:00+00:00,0.0
3116,2013-10-01 21:30:00+00:00,0.0
3116,2013-10-01 22:00:00+00:00,0.0
3116,2013-10-01 22:30:00+00:00,0.0
3116,2013-10-01 23:00:00+00:00,0.0
3116,2013-10-01 23:30:00+00:00,0.0
3116,2013-10-02 00:00:00+00:00,0.0
3116,2013-10-02 00:30:00+00:00,0.0
3116,2013-10-02 01:00:00+00:00,0.0
3116,2013-10-02 01:30:00+00:00,0.0
3116,2013-10-02 02:00:00+00:00,0.0
3116,2013-10-02 02:30:00+00:00,0.0
3116,2013-10-02 03:00:00+00:00,0.0
3116,2013-10-02 03:30:00+00:00,0.0
3116,2013-10-02 04:00:00+00:00,0.0
3116,2013-10-02 04:30:00+00:00,0.0
3116,2013-10-02 05:00:00+00:00,0.0
3116,2013-10-02 05:30:00+00:00,0.0
3116,2013-10-02 06:00:00+00:00,0.0
3116,2013-10-02 06:30:00+00:00,0.0
3116,2013-10-02 07:00:00+00:00,0.02
3116,2013-10-02 07:30:00+00:00,0.08
3116,2013-10-02 08:00:00+00:00,63.77
3116,2013-10-02 08:30:00+00:00,129.8
3116,2013-10-02 09:00:00+00:00,79.26
3116,2013-10-02 09:30:00+00:00,62.92
3116,2013-10-02 10:00:00+00:00,105.39
3116,2013-10-02 10:30:00+00:00,97.61
3116,2013-10-02 11:00:00+00:00,100.49
3116,2013-10-02 11:30:00+00:00,163.72
3116,2013-10-02 12:00:00+00:00,202.28
3116,2013-10-02 12:30:00+00:00,190.66
3116,2013-10-02 13:00:00+00:00,218.81
3116,2013-10-02 13:30:00+00:00,187.62
3116,2013-10-02 14:00:00+00:00,187.16
3116,2013-10-02 14:30:00+00:00,103.69
3116,2013-10-02 15:00:00+00:00,186.84
3116,2013-10-02 15:30:00+00:00,185.55
3116,2013-10-02 16:00:00+00:00,281.94
3116,2013-10-02 16:30:00+00:00,69.01
3116,2013-10-02 17:00:00+00:00,32.7
3116,2013-10-02 17:30:00+00:00,0.85
3116,2013-10-02 18:00:00+00:00,0.0
3116,2013-10-02 18:30:00+00:00,0.0
3116,2013-10-02 19:00:00+00:00,0.0
3116,2013-10-02 19:30:00+00:00,0.0
3116,2013-10-02 20:00:00+00:00,0.0
3116,2013-10-02 20:30:00+00:00,0.0
3116,2013-10-02 21:00:00+00:00,0.0
3116,2013-10-02 21:30:00+00:00,0.0
3116,2013-10-02 22:00:00+00:00,0.0
3116,2013-10-02 22:30:00+00:00,0.0
3116,2013-10-02 23:00:00+00:00,0.0
3116,2013-10-02 23:30:00+00:00,0.0
3116,2013-10-03 00:00:00+00:00,0.0
3116,2013-10-03 00:30:00+00:00,0.0
3116,2013-10-03 01:00:00+00:00,0.0
3116,2013-10-03 01:30:00+00:00,0.0
3116,2013-10-03 02:00:00+00:00,0.0
3116,2013-10-03 02:30:00+00:00,0.0
3116,2013-10-03 03:00:00+00:00,0.0
3116,2013-10-03 03:30:00+00:00,0.0
3116,2013-10-03 04:00:00+00:00,0.0
3116,2013-10-03 04:30:00+00:00,0.0
3116,2013-10-03 05:00:00+00:00,0.0
3116,2013-10-03 05:30:00+00:00,0.0
3116,2013-10-03 06:00:00+00:00,0.0
3116,2013-10-03 06:30:00+00:00,9.09
3116,2013-10-03 07:00:00+00:00,70.32
3116,2013-10-03 07:30:00+00:00,206.36
3116,2013-10-03 08:00:00+00:00,515.5
3116,2013-10-03 08:30:00+00:00,583.8
3116,2013-10-03 09:00:00+00:00,496.39
3116,2013-10-03 09:30:00+00:00,505.25
3116,2013-10-03 10:00:00+00:00,443.22
3116,2013-10-03 10:30:00+00:00,506.55
3116,2013-10-03 11:00:00+00:00,599.9
3116,2013-10-03 11:30:00+00:00,143.46
3116,2013-10-03 12:00:00+00:00,101.48
3116,2013-10-03 12:30:00+00:00,59.72
3116,2013-10-03 13:00:00+00:00,54.17
3116,2013-10-03 13:30:00+00:00,22.66
3116,2013-10-03 14:00:00+00:00,95.36
3116,2013-10-03 14:30:00+00:00,92.17
3116,2013-10-03 15:00:00+00:00,155.08
3116,2013-10-03 15:30:00+00:00,236.34
3116,2013-10-03 16:00:00+00:00,244.67
3116,2013-10-03 16:30:00+00:00,97.57
3116,2013-10-03 17:00:00+00:00,10.76
3116,2013-10-03 17:30:00+00:00,0.0
3116,2013-10-03 18:00:00+00:00,0.0
3116,2013-10-03 18:30:00+00:00,0.0
3116,2013-10-03 19:00:00+00:00,0.0
3116,2013-10-03 19:30:00+00:00,0.0
3116,2013-10-03 20:00:00+00:00,0.0
3116,2013-10-03 20:30:00+00:00,0.0
3116,2013-10-03 21:00:00+00:00,0.0
3116,2013-10-03 21:30:00+00:00,0.0
3116,2013-10-03 22:00:00+00:00,0.0
3116,2013-10-03 22:30:00+00:00,0.0
3116,2013-10-03 23:00:00+00:00,0.0
3116,2013-10-03 23:30:00+00:00,0.0
3116,2013-10-04 00:00:00+00:00,0.0
3116,2013-10-04 00:30:00+00:00,0.0
3116,2013-10-04 01:00:00+00:00,0.0
3116,2013-10-04 01:30:00+00:00,0.0
3116,2013-10-04 02:00:00+00:00,0.0
3116,2013-10-04 02:30:00+00:00,0.0
3116,2013-10-04 03:00:00+00:00,0.0
3116,2013-10-04 03:30:00+00:00,0.0
3116,2013-10-04 04:00:00+00:00,0.0
3116,2013-10-04 04:30:00+00:00,0.0
3116,2013-10-04 05:00:00+00:00,0.0
3116,2013-10-04 05:30:00+00:00,0.0
3116,2013-10-04 06:00:00+00:00,0.0
3116,2013-10-04 06:30:00+00:00,0.0
3116,2013-10-04 07:00:00+00:00,0.04
3116,2013-10-04 07:30:00+00:00,24.7
3116,2013-10-04 08:00:00+00:00,121.78
3116,2013-10-04 08:30:00+00:00,438.57
3116,2013-10-04 09:00:00+00:00,178.97
3116,2013-10-04 09:30:00+00:00,218.19
3116,2013-10-04 10:00:00+00:00,359.82
3116,2013-10-04 10:30:00+00:00,374.7
3116,2013-10-04 11:00:00+00:00,271.71
3116,2013-10-04 11:30:00+00:00,632.55
3116,2013-10-04 12:00:00+00:00,961.9
3116,2013-10-04 12:30:00+00:00,832.0
3116,2013-10-04 13:00:00+00:00,489.76
3116,2013-10-04 13:30:00+00:00,869.2
3116,2013-10-04 14:00:00+00:00,207.16
3116,2013-10-04 14:30:00+00:00,402.85
3116,2013-10-04 15:00:00+00:00,519.75
3116,2013-10-04 15:30:00+00:00,370.46
3116,2013-10-04 16:00:00+00:00,334.07
3116,2013-10-04 16:30:00+00:00,176.86
3116,2013-10-04 17:00:00+00:00,60.75
3116,2013-10-04 17:30:00+00:00,10.76
3116,2013-10-04 18:00:00+00:00,0.0
3116,2013-10-04 18:30:00+00:00,0.0
3116,2013-10-04 19:00:00+00:00,0.0
3116,2013-10-04 19:30:00+00:00,0.0
3116,2013-10-04 20:00:00+00:00,0.0
3116,2013-10-04 20:30:00+00:00,0.0
3116,2013-10-04 21:00:00+00:00,0.0
3116,2013-10-04 21:30:00+00:00,0.0
3116,2013-10-04 22:00:00+00:00,0.0
3116,2013-10-04 22:30:00+00:00,0.0
3116,2013-10-04 23:00:00+00:00,0.0
3116,2013-10-04 23:30:00+00:00,0.0
3116,2013-10-05 00:00:00+00:00,0.0
3116,2013-10-05 00:30:00+00:00,0.0
3116,2013-10-05 01:00:00+00:00,0.0
3116,2013-10-05 01:30:00+00:00,0.0
3116,2013-10-05 02:00:00+00:00,0.0
3116,2013-10-05 02:30:00+00:00,0.0
3116,2013-10-05 03:00:00+00:00,0.0
3116,2013-10-05 03:30:00+00:00,0.0
3116,2013-10-05 04:00:00+00:00,0.0
3116,2013-10-05 04:30:00+00:00,0.0
3116,2013-10-05 05:00:00+00:00,0.0
3116,2013-10-05 05:30:00+00:00,0.0
3116,2013-10-05 06:00:00+00:00,0.0
3116,2013-10-05 06:30:00+00:00,0.0
3116,2013-10-05 07:00:00+00:00,2.42
3116,2013-10-05 07:30:00+00:00,73.4
3116,2013-10-05 08:00:00+00:00,160.75
3116,2013-10-05 08:30:00+00:00,169.66
3116,2013-10-05 09:00:00+00:00,194.71
3116,2013-10-05 09:30:00+00:00,175.15
3116,2013-10-05 10:00:00+00:00,258.79
3116,2013-10-05 10:30:00+00:00,304.18
3116,2013-10-05 11:00:00+00:00,485.95
3116,2013-10-05 11:30:00+00:00,515.8
3116,2013-10-05 12:00:00+00:00,400.17
3116,2013-10-05 12:30:00+00:00,270.38
3116,2013-10-05 13:00:00+00:00,209.49
3116,2013-10-05 13:30:00+00:00,203.94
3116,2013-10-05 14:00:00+00:00,132.7
3116,2013-10-05 14:30:00+00:00,158.21
3116,2013-10-05 15:00:00+00:00,243.5
3116,2013-10-05 15:30:00+00:00,157.81
3116,2013-10-05 16:00:00+00:00,135.83
3116,2013-10-05 16:30:00+00:00,57.11
3116,2013-10-05 17:00:00+00:00,12.6
3116,2013-10-05 17:30:00+00:00,0.09
3116,2013-10-05 18:00:00+00:00,0.0
3116,2013-10-05 18:30:00+00:00,0.0
3116,2013-10-05 19:00:00+00:00,0.0
3116,2013-10-05 19:30:00+00:00,0.0
3116,2013-10-05 20:00:00+00:00,0.0
3116,2013-10-05 20:30:00+00:00,0.0
3116,2013-10-05 21:00:00+00:00,0.0
3116,2013-10-05 21:30:00+00:00,0.0
3116,2013-10-05 22:00:00+00:00,0.0
3116,2013-10-05 22:30:00+00:00,0.0
3116,2013-10-05 23:00:00+00:00,0.0
3116,2013-10-05 23:30:00+00:00,0.0
3116,2013-10-06 00:00:00+00:00,0.0
3116,2013-10-06 00:30:00+00:00,0.0
3116,2013-10-06 01:00:00+00:00,0.0
3116,2013-10-06 01:30:00+00:00,0.0
3116,2013-10-06 02:00:00+00:00,0.0
3116,2013-10-06 02:30:00+00:00,0.0
3116,2013-10-06 03:00:00+00:00,0.0
3116,2013-10-06 03:30:00+00:00,0.0
3116,2013-10-06 04:00:00+00:00,0.0
3116,2013-10-06 04:30:00+00:00,0.0
3116,2013-10-06 05:00:00+00:00,0.0
3116,2013-10-06 05:30:00+00:00,0.0
3116,2013-10-06 06:00:00+00:00,0.0
3116,2013-10-06 06:30:00+00:00,17.38
3116,2013-10-06 07:00:00+00:00,168.75
3116,2013-10-06 07:30:00+00:00,384.97
3116,2013-10-06 08:00:00+00:00,580.6
3116,2013-10-06 08:30:00+00:00,744.65
3116,2013-10-06 09:00:00+00:00,882.05
3116,2013-10-06 09:30:00+00:00,1018.15
3116,2013-10-06 10:00:00+00:00,1052.5
3116,2013-10-06 10:30:00+00:00,1168.9
3116,2013-10-06 11:00:00+00:00,1206.0
3116,2013-10-06 11:30:00+00:00,1218.7
3116,2013-10-06 12:00:00+00:00,1093.95
3116,2013-10-06 12:30:00+00:00,1110.2
3116,2013-10-06 13:00:00+00:00,1192.85
3116,2013-10-06 13:30:00+00:00,1051.7
3116,2013-10-06 14:00:00+00:00,503.15
3116,2013-10-06 14:30:00+00:00,583.55
3116,2013-10-06 15:00:00+00:00,324.24
3116,2013-10-06 15:30:00+00:00,355.91
3116,2013-10-06 16:00:00+00:00,191.78
3116,2013-10-06 16:30:00+00:00,159.49
3116,2013-10-06 17:00:00+00:00,58.85
3116,2013-10-06 17:30:00+00:00,4.59
3116,2013-10-06 18:00:00+00:00,0.0
3116,2013-10-06 18:30:00+00:00,0.0
3116,2013-10-06 19:00:00+00:00,0.0
3116,2013-10-06 19:30:00+00:00,0.0
3116,2013-10-06 20:00:00+00:00,0.0
3116,2013-10-06 20:30:00+00:00,0.0
3116,2013-10-06 21:00:00+00:00,0.0
3116,2013-10-06 21:30:00+00:00,0.0
3116,2013-10-06 22:00:00+00:00,0.0
3116,2013-10-06 22:30:00+00:00,0.0
3116,2013-10-06 23:00:00+00:00,0.0
3116,2013-10-06 23:30:00+00:00,0.0
3116,2013-10-07 00:00:00+00:00,0.0
3116,2013-10-07 00:30:00+00:00,0.0
3116,2013-10-07 01:00:00+00:00,0.0
3116,2013-10-07 01:30:00+00:00,0.0
3116,2013-10-07 02:00:00+00:00,0.0
3116,2013-10-07 02:30:00+00:00,0.0
3116,2013-10-07 03:00:00+00:00,0.0
3116,2013-10-07 03:30:00+00:00,0.0
3116,2013-10-07 04:00:00+00:00,0.0
3116,2013-10-07 04:30:00+00:00,0.0
3116,2013-10-07 05:00:00+00:00,0.0
3116,2013-10-07 05:30:00+00:00,0.0
3116,2013-10-07 06:00:00+00:00,0.0
3116,2013-10-07 06:30:00+00:00,5.29
3116,2013-10-07 07:00:00+00:00,32.26
3116,2013-10-07 07:30:00+00:00,77.37
3116,2013-10-07 08:00:00+00:00,159.11
3116,2013-10-07 08:30:00+00:00,118.74
3116,2013-10-07 09:00:00+00:00,143.9
3116,2013-10-07 09:30:00+00:00,194.96
3116,2013-10-07 10:00:00+00:00,317.3
3116,2013-10-07 10:30:00+00:00,346.31
3116,2013-10-07 11:00:00+00:00,674.85
3116,2013-10-07 11:30:00+00:00,1261.25
3116,2013-10-07 12:00:00+00:00,1171.85
3116,2013-10-07 12:30:00+00:00,888.65
3116,2013-10-07 13:00:00+00:00,813.4
3116,2013-10-07 13:30:00+00:00,870.95
3116,2013-10-07 14:00:00+00:00,546.4
3116,2013-10-07 14:30:00+00:00,577.9
3116,2013-10-07 15:00:00+00:00,394.71
3116,2013-10-07 15:30:00+00:00,406.45
3116,2013-10-07 16:00:00+00:00,171.77
3116,2013-10-07 16:30:00+00:00,83.64
3116,2013-10-07 17:00:00+00:00,27.69
3116,2013-10-07 17:30:00+00:00,0.51
3116,2013-10-07 18:00:00+00:00,0.0
3116,2013-10-07 18:30:00+00:00,0.0
3116,2013-10-07 19:00:00+00:00,0.0
3116,2013-10-07 19:30:00+00:00,0.0
3116,2013-10-07 20:00:00+00:00,0.0
3116,2013-10-07 20:30:00+00:00,0.0
3116,2013-10-07 21:00:00+00:00,0.0
3116,2013-10-07 21:30:00+00:00,0.0
3116,2013-10-07 22:00:00+00:00,0.0
3116,2013-10-07 22:30:00+00:00,0.0
3116,2013-10-07 23:00:00+00:00,0.0
3116,2013-10-07 23:30:00+00:00,0.0
3116,2013-10-08 00:00:00+00:00,0.0
3116,2013-10-08 00:30:00+00:00,0.0
3116,2013-10-08 01:00:00+00:00,0.0
3116,2013-10-08 01:30:00+00:00,0.0
3116,2013-10-08 02:00:00+00:00,0.0
3116,2013-10-08 02:30:00+00:00,0.0
3116,2013-10-08 03:00:00+00:00,0.0
3116,2013-10-08 03:30:00+00:00,0.0
3116,2013-10-08 04:00:00+00:00,0.0
3116,2013-10-08 04:30:00+00:00,0.0
3116,2013-10-08 05:00:00+00:00,0.0
3116,2013-10-08 05:30:00+00:00,0.0
3116,2013-10-08 06:00:00+00:00,0.0
3116,2013-10-08 06:30:00+00:00,0.05
3116,2013-10-08 07:00:00+00:00,96.79
3116,2013-10-08 07:30:00+00:00,322.23
3116,2013-10-08 08:00:00+00:00,503.95
3116,2013-10-08 08:30:00+00:00,701.1
3116,2013-10-08 09:00:00+00:00,865.8
3116,2013-10-08 09:30:00+00:00,971.05
3116,2013-10-08 10:00:00+00:00,1058.7
3116,2013-10-08 10:30:00+00:00,1147.1
3116,2013-10-08 11:00:00+00:00,1196.6
3116,2013-10-08 11:30:00+00:00,1040.9
3116,2013-10-08 12:00:00+00:00,803.9
3116,2013-10-08 12:30:00+00:00,697.5
3116,2013-10-08 13:00:00+00:00,1133.4
3116,2013-10-08 13:30:00+00:00,858.6
3116,2013-10-08 14:00:00+00:00,508.0
3116,2013-10-08 14:30:00+00:00,254.8
3116,2013-10-08 15:00:00+00:00,538.0
3116,2013-10-08 15:30:00+00:00,187.58
3116,2013-10-08 16:00:00+00:00,59.77
3116,2013-10-08 16:30:00+00:00,30.99
3116,2013-10-08 17:00:00+00:00,21.73
3116,2013-10-08 17:30:00+00:00,0.1
3116,2013-10-08 18:00:00+00:00,0.0
3116,2013-10-08 18:30:00+00:00,0.0
3116,2013-10-08 19:00:00+00:00,0.0
3116,2013-10-08 19:30:00+00:00,0.0
3116,2013-10-08 20:00:00+00:00,0.0
3116,2013-10-08 20:30:00+00:00,0.0
3116,2013-10-08 21:00:00+00:00,0.0
3116,2013-10-08 21:30:00+00:00,0.0
3116,2013-10-08 22:00:00+00:00,0.0
3116,2013-10-08 22:30:00+00:00,0.0
3116,2013-10-08 23:00:00+00:00,0.0
3116,2013-10-08 23:30:00+00:00,0.0
3116,2013-10-09 00:00:00+00:00,0.0
3116,2013-10-09 00:30:00+00:00,0.0
3116,2013-10-09 01:00:00+00:00,0.0
3116,2013-10-09 01:30:00+00:00,0.0
3116,2013-10-09 02:00:00+00:00,0.0
3116,2013-10-09 02:30:00+00:00,0.0
3116,2013-10-09 03:00:00+00:00,0.0
3116,2013-10-09 03:30:00+00:00,0.0
3116,2013-10-09 04:00:00+00:00,0.0
3116,2013-10-09 04:30:00+00:00,0.0
3116,2013-10-09 05:00:00+00:00,0.0
3116,2013-10-09 05:30:00+00:00,0.0
3116,2013-10-09 06:00:00+00:00,0.0
3116,2013-10-09 06:30:00+00:00,0.01
3116,2013-10-09 07:00:00+00:00,6.06
3116,2013-10-09 07:30:00+00:00,70.77
3116,2013-10-09 08:00:00+00:00,145.65
3116,2013-10-09 08:30:00+00:00,88.01
3116,2013-10-09 09:00:00+00:00,137.57
3116,2013-10-09 09:30:00+00:00,359.45
3116,2013-10-09 10:00:00+00:00,573.5
3116,2013-10-09 10:30:00+00:00,973.9
3116,2013-10-09 11:00:00+00:00,663.3
3116,2013-10-09 11:30:00+00:00,732.1
3116,2013-10-09 12:00:00+00:00,822.9
3116,2013-10-09 12:30:00+00:00,409.03
3116,2013-10-09 13:00:00+00:00,796.5
3116,2013-10-09 13:30:00+00:00,323.57
3116,2013-10-09 14:00:00+00:00,227.54
3116,2013-10-09 14:30:00+00:00,221.62
3116,2013-10-09 15:00:00+00:00,147.51
3116,2013-10-09 15:30:00+00:00,106.73
3116,2013-10-09 16:00:00+00:00,105.37
3116,2013-10-09 16:30:00+00:00,34.11
3116,2013-10-09 17:00:00+00:00,13.95
3116,2013-10-09 17:30:00+00:00,0.0
3116,2013-10-09 18:00:00+00:00,0.0
3116,2013-10-09 18:30:00+00:00,0.0
3116,2013-10-09 19:00:00+00:00,0.0
3116,2013-10-09 19:30:00+00:00,0.0
3116,2013-10-09 20:00:00+00:00,0.0
3116,2013-10-09 20:30:00+00:00,0.0
3116,2013-10-09 21:00:00+00:00,0.0
3116,2013-10-09 21:30:00+00:00,0.0
3116,2013-10-09 22:00:00+00:00,0.0
3116,2013-10-09 22:30:00+00:00,0.0
3116,2013-10-09 23:00:00+00:00,0.0
3116,2013-10-09 23:30:00+00:00,0.0
3116,2013-10-10 00:00:00+00:00,0.0
3116,2013-10-10 00:30:00+00:00,0.0
3116,2013-10-10 01:00:00+00:00,0.0
3116,2013-10-10 01:30:00+00:00,0.0
3116,2013-10-10 02:00:00+00:00,0.0
3116,2013-10-10 02:30:00+00:00,0.0
3116,2013-10-10 03:00:00+00:00,0.0
3116,2013-10-10 03:30:00+00:00,0.0
3116,2013-10-10 04:00:00+00:00,0.0
3116,2013-10-10 04:30:00+00:00,0.0
3116,2013-10-10 05:00:00+00:00,0.0
3116,2013-10-10 05:30:00+00:00,0.0
3116,2013-10-10 06:00:00+00:00,0.0
3116,2013-10-10 06:30:00+00:00,0.02
3116,2013-10-10 07:00:00+00:00,19.37
3116,2013-10-10 07:30:00+00:00,212.94
3116,2013-10-10 08:00:00+00:00,488.3
3116,2013-10-10 08:30:00+00:00,566.3
3116,2013-10-10 09:00:00+00:00,572.2
3116,2013-10-10 09:30:00+00:00,700.25
3116,2013-10-10 10:00:00+00:00,675.1
3116,2013-10-10 10:30:00+00:00,940.1
3116,2013-10-10 11:00:00+00:00,1162.2
3116,2013-10-10 11:30:00+00:00,887.5
3116,2013-10-10 12:00:00+00:00,675.8
3116,2013-10-10 12:30:00+00:00,959.05
3116,2013-10-10 13:00:00+00:00,475.1
3116,2013-10-10 13:30:00+00:00,1044.2
3116,2013-10-10 14:00:00+00:00,806.1
3116,2013-10-10 14:30:00+00:00,646.0
3116,2013-10-10 15:00:00+00:00,325.8
3116,2013-10-10 15:30:00+00:00,130.89
3116,2013-10-10 16:00:00+00:00,296.78
3116,2013-10-10 16:30:00+00:00,226.83
3116,2013-10-10 17:00:00+00:00,19.6
3116,2013-10-10 17:30:00+00:00,0.0
3116,2013-10-10 18:00:00+00:00,0.0
3116,2013-10-10 18:30:00+00:00,0.0
3116,2013-10-10 19:00:00+00:00,0.0
3116,2013-10-10 19:30:00+00:00,0.0
3116,2013-10-10 20:00:00+00:00,0.0
3116,2013-10-10 20:30:00+00:00,0.0
3116,2013-10-10 21:00:00+00:00,0.0
3116,2013-10-10 21:30:00+00:00,0.0
3116,2013-10-10 22:00:00+00:00,0.0
3116,2013-10-10 22:30:00+00:00,0.0
3116,2013-10-10 23:00:00+00:00,0.0
3116,2013-10-10 23:30:00+00:00,0.0
3116,2013-10-11 00:00:00+00:00,0.0
3116,2013-10-11 00:30:00+00:00,0.0
3116,2013-10-11 01:00:00+00:00,0.0
3116,2013-10-11 01:30:00+00:00,0.0
3116,2013-10-11 02:00:00+00:00,0.0
3116,2013-10-11 02:30:00+00:00,0.0
3116,2013-10-11 03:00:00+00:00,0.0
3116,2013-10-11 03:30:00+00:00,0.0
3116,2013-10-11 04:00:00+00:00,0.0
3116,2013-10-11 04:30:00+00:00,0.0
3116,2013-10-11 05:00:00+00:00,0.0
3116,2013-10-11 05:30:00+00:00,0.0
3116,2013-10-11 06:00:00+00:00,0.0
3116,2013-10-11 06:30:00+00:00,0.0
3116,2013-10-11 07:00:00+00:00,0.02
3116,2013-10-11 07:30:00+00:00,32.79
3116,2013-10-11 08:00:00+00:00,197.26
3116,2013-10-11 08:30:00+00:00,224.59
3116,2013-10-11 09:00:00+00:00,239.64
3116,2013-10-11 09:30:00+00:00,189.32
3116,2013-10-11 10:00:00+00:00,163.65
3116,2013-10-11 10:30:00+00:00,173.83
3116,2013-10-11 11:00:00+00:00,133.3
3116,2013-10-11 11:30:00+00:00,100.65
3116,2013-10-11 12:00:00+00:00,42.4
3116,2013-10-11 12:30:00+00:00,54.09
3116,2013-10-11 13:00:00+00:00,111.03
3116,2013-10-11 13:30:00+00:00,74.83
3116,2013-10-11 14:00:00+00:00,46.85
3116,2013-10-11 14:30:00+00:00,33.36
3116,2013-10-11 15:00:00+00:00,32.21
3116,2013-10-11 15:30:00+00:00,10.45
3116,2013-10-11 16:00:00+00:00,4.25
3116,2013-10-11 16:30:00+00:00,0.04
3116,2013-10-11 17:00:00+00:00,0.01
3116,2013-10-11 17:30:00+00:00,0.0
3116,2013-10-11 18:00:00+00:00,0.0
3116,2013-10-11 18:30:00+00:00,0.0
3116,2013-10-11 19:00:00+00:00,0.0
3116,2013-10-11 19:30:00+00:00,0.0
3116,2013-10-11 20:00:00+00:00,0.0
3116,2013-10-11 20:30:00+00:00,0.0
3116,2013-10-11 21:00:00+00:00,0.0
3116,2013-10-11 21:30:00+00:00,0.0
3116,2013-10-11 22:00:00+00:00,0.0
3116,2013-10-11 22:30:00+00:00,0.0
3116,2013-10-11 23:00:00+00:00,0.0
3116,2013-10-11 23:30:00+00:00,0.0
3116,2013-10-12 00:00:00+00:00,0.0
3116,2013-10-12 00:30:00+00:00,0.0
3116,2013-10-12 01:00:00+00:00,0.0
3116,2013-10-12 01:30:00+00:00,0.0
3116,2013-10-12 02:00:00+00:00,0.0
3116,2013-10-12 02:30:00+00:00,0.0
3116,2013-10-12 03:00:00+00:00,0.0
3116,2013-10-12 03:30:00+00:00,0.0
3116,2013-10-12 04:00:00+00:00,0.0
3116,2013-10-12 04:30:00+00:00,0.0
3116,2013-10-12 05:00:00+00:00,0.0
3116,2013-10-12 05:30:00+00:00,0.0
3116,2013-10-12 06:00:00+00:00,0.0
3116,2013-10-12 06:30:00+00:00,0.0
3116,2013-10-12 07:00:00+00:00,0.05
3116,2013-10-12 07:30:00+00:00,17.97
3116,2013-10-12 08:00:00+00:00,269.27
3116,2013-10-12 08:30:00+00:00,363.4
3116,2013-10-12 09:00:00+00:00,695.0
3116,2013-10-12 09:30:00+00:00,985.2
3116,2013-10-12 10:00:00+00:00,1146.05
3116,2013-10-12 10:30:00+00:00,1049.3
3116,2013-10-12 11:00:00+00:00,1167.6
3116,2013-10-12 11:30:00+00:00,369.78
3116,2013-10-12 12:00:00+00:00,632.75
3116,2013-10-12 12:30:00+00:00,628.3
3116,2013-10-12 13:00:00+00:00,657.6
3116,2013-10-12 13:30:00+00:00,607.25
3116,2013-10-12 14:00:00+00:00,325.3
3116,2013-10-12 14:30:00+00:00,243.92
3116,2013-10-12 15:00:00+00:00,289.87
3116,2013-10-12 15:30:00+00:00,156.82
3116,2013-10-12 16:00:00+00:00,77.44
3116,2013-10-12 16:30:00+00:00,49.01
3116,2013-10-12 17:00:00+00:00,4.03
3116,2013-10-12 17:30:00+00:00,0.0
3116,2013-10-12 18:00:00+00:00,0.0
3116,2013-10-12 18:30:00+00:00,0.0
3116,2013-10-12 19:00:00+00:00,0.0
3116,2013-10-12 19:30:00+00:00,0.0
3116,2013-10-12 20:00:00+00:00,0.0
3116,2013-10-12 20:30:00+00:00,0.0
3116,2013-10-12 21:00:00+00:00,0.0
3116,2013-10-12 21:30:00+00:00,0.0
3116,2013-10-12 22:00:00+00:00,0.0
3116,2013-10-12 22:30:00+00:00,0.0
3116,2013-10-12 23:00:00+00:00,0.0
3116,2013-10-12 23:30:00+00:00,0.0
3116,2013-10-13 00:00:00+00:00,0.0
3116,2013-10-13 00:30:00+00:00,0.0
3116,2013-10-13 01:00:00+00:00,0.0
3116,2013-10-13 01:30:00+00:00,0.0
3116,2013-10-13 02:00:00+00:00,0.0
3116,2013-10-13 02:30:00+00:00,0.0
3116,2013-10-13 03:00:00+00:00,0.0
3116,2013-10-13 03:30:00+00:00,0.0
3116,2013-10-13 04:00:00+00:00,0.0
3116,2013-10-13 04:30:00+00:00,0.0
3116,2013-10-13 05:00:00+00:00,0.0
3116,2013-10-13 05:30:00+00:00,0.0
3116,2013-10-13 06:00:00+00:00,0.0
3116,2013-10-13 06:30:00+00:00,0.0
3116,2013-10-13 07:00:00+00:00,0.02
3116,2013-10-13 07:30:00+00:00,0.02
3116,2013-10-13 08:00:00+00:00,0.05
3116,2013-10-13 08:30:00+00:00,0.03
3116,2013-10-13 09:00:00+00:00,6.78
3116,2013-10-13 09:30:00+00:00,46.65
3116,2013-10-13 10:00:00+00:00,38.69
3116,2013-10-13 10:30:00+00:00,39.35
3116,2013-10-13 11:00:00+00:00,37.16
3116,2013-10-13 11:30:00+00:00,110.82
3116,2013-10-13 12:00:00+00:00,161.02
3116,2013-10-13 12:30:00+00:00,88.19
3116,2013-10-13 13:00:00+00:00,152.06
3116,2013-10-13 13:30:00+00:00,168.01
3116,2013-10-13 14:00:00+00:00,617.8
3116,2013-10-13 14:30:00+00:00,319.9
3116,2013-10-13 15:00:00+00:00,42.06
3116,2013-10-13 15:30:00+00:00,42.92
3116,2013-10-13 16:00:00+00:00,40.65
3116,2013-10-13 16:30:00+00:00,18.98
3116,2013-10-13 17:00:00+00:00,0.0
3116,2013-10-13 17:30:00+00:00,0.0
3116,2013-10-13 18:00:00+00:00,0.0
3116,2013-10-13 18:30:00+00:00,0.0
3116,2013-10-13 19:00:00+00:00,0.0
3116,2013-10-13 19:30:00+00:00,0.0
3116,2013-10-13 20:00:00+00:00,0.0
3116,2013-10-13 20:30:00+00:00,0.0
3116,2013-10-13 21:00:00+00:00,0.0
3116,2013-10-13 21:30:00+00:00,0.0
3116,2013-10-13 22:00:00+00:00,0.0
3116,2013-10-13 22:30:00+00:00,0.0
3116,2013-10-13 23:00:00+00:00,0.0
3116,2013-10-13 23:30:00+00:00,0.0
3116,2013-10-14 00:00:00+00:00,0.0
3116,2013-10-14 00:30:00+00:00,0.0
3116,2013-10-14 01:00:00+00:00,0.0
3116,2013-10-14 01:30:00+00:00,0.0
3116,2013-10-14 02:00:00+00:00,0.0
3116,2013-10-14 02:30:00+00:00,0.0
3116,2013-10-14 03:00:00+00:00,0.0
3116,2013-10-14 03:30:00+00:00,0.0
3116,2013-10-14 04:00:00+00:00,0.0
3116,2013-10-14 04:30:00+00:00,0.0
3116,2013-10-14 05:00:00+00:00,0.0
3116,2013-10-14 05:30:00+00:00,0.0
3116,2013-10-14 06:00:00+00:00,0.0
3116,2013-10-14 06:30:00+00:00,0.0
3116,2013-10-14 07:00:00+00:00,3.63
3116,2013-10-14 07:30:00+00:00,4.08
3116,2013-10-14 08:00:00+00:00,7.35
3116,2013-10-14 08:30:00+00:00,17.33
3116,2013-10-14 09:00:00+00:00,11.71
3116,2013-10-14 09:30:00+00:00,65.32
3116,2013-10-14 10:00:00+00:00,115.23
3116,2013-10-14 10:30:00+00:00,172.93
3116,2013-10-14 11:00:00+00:00,314.46
3116,2013-10-14 11:30:00+00:00,274.56
3116,2013-10-14 12:00:00+00:00,362.66
3116,2013-10-14 12:30:00+00:00,281.51
3116,2013-10-14 13:00:00+00:00,148.2
3116,2013-10-14 13:30:00+00:00,213.6
3116,2013-10-14 14:00:00+00:00,205.19
3116,2013-10-14 14:30:00+00:00,79.86
3116,2013-10-14 15:00:00+00:00,186.73
3116,2013-10-14 15:30:00+00:00,141.72
3116,2013-10-14 16:00:00+00:00,207.26
3116,2013-10-14 16:30:00+00:00,53.76
3116,2013-10-14 17:00:00+00:00,0.0
3116,2013-10-14 17:30:00+00:00,0.0
3116,2013-10-14 18:00:00+00:00,0.0
3116,2013-10-14 18:30:00+00:00,0.0
3116,2013-10-14 19:00:00+00:00,0.0
3116,2013-10-14 19:30:00+00:00,0.0
3116,2013-10-14 20:00:00+00:00,0.0
3116,2013-10-14 20:30:00+00:00,0.0
3116,2013-10-14 21:00:00+00:00,0.0
3116,2013-10-14 21:30:00+00:00,0.0
3116,2013-10-14 22:00:00+00:00,0.0
3116,2013-10-14 22:30:00+00:00,0.0
3116,2013-10-14 23:00:00+00:00,0.0
3116,2013-10-14 23:30:00+00:00,0.0
3116,2013-10-15 00:00:00+00:00,0.0
3116,2013-10-15 00:30:00+00:00,0.0
3116,2013-10-15 01:00:00+00:00,0.0
3116,2013-10-15 01:30:00+00:00,0.0
3116,2013-10-15 02:00:00+00:00,0.0
3116,2013-10-15 02:30:00+00:00,0.0
3116,2013-10-15 03:00:00+00:00,0.0
3116,2013-10-15 03:30:00+00:00,0.0
3116,2013-10-15 04:00:00+00:00,0.0
3116,2013-10-15 04:30:00+00:00,0.0
3116,2013-10-15 05:00:00+00:00,0.0
3116,2013-10-15 05:30:00+00:00,0.0
3116,2013-10-15 06:00:00+00:00,0.0
3116,2013-10-15 06:30:00+00:00,0.0
3116,2013-10-15 07:00:00+00:00,0.04
3116,2013-10-15 07:30:00+00:00,27.24
3116,2013-10-15 08:00:00+00:00,67.16
3116,2013-10-15 08:30:00+00:00,126.86
3116,2013-10-15 09:00:00+00:00,392.26
3116,2013-10-15 09:30:00+00:00,131.53
3116,2013-10-15 10:00:00+00:00,73.99
3116,2013-10-15 10:30:00+00:00,85.28
3116,2013-10-15 11:00:00+00:00,98.7
3116,2013-10-15 11:30:00+00:00,75.67
3116,2013-10-15 12:00:00+00:00,101.63
3116,2013-10-15 12:30:00+00:00,299.4
3116,2013-10-15 13:00:00+00:00,354.09
3116,2013-10-15 13:30:00+00:00,757.05
3116,2013-10-15 14:00:00+00:00,404.4
3116,2013-10-15 14:30:00+00:00,540.75
3116,2013-10-15 15:00:00+00:00,339.0
3116,2013-10-15 15:30:00+00:00,491.45
3116,2013-10-15 16:00:00+00:00,260.7
3116,2013-10-15 16:30:00+00:00,108.79
3116,2013-10-15 17:00:00+00:00,24.56
3116,2013-10-15 17:30:00+00:00,0.0
3116,2013-10-15 18:00:00+00:00,0.0
3116,2013-10-15 18:30:00+00:00,0.0
3116,2013-10-15 19:00:00+00:00,0.0
3116,2013-10-15 19:30:00+00:00,0.0
3116,2013-10-15 20:00:00+00:00,0.0
3116,2013-10-15 20:30:00+00:00,0.0
3116,2013-10-15 21:00:00+00:00,0.0
3116,2013-10-15 21:30:00+00:00,0.0
3116,2013-10-15 22:00:00+00:00,0.0
3116,2013-10-15 22:30:00+00:00,0.0
3116,2013-10-15 23:00:00+00:00,0.0
3116,2013-10-15 23:30:00+00:00,0.0
3116,2013-10-16 00:00:00+00:00,0.0
3116,2013-10-16 00:30:00+00:00,0.0
3116,2013-10-16 01:00:00+00:00,0.0
3116,2013-10-16 01:30:00+00:00,0.0
3116,2013-10-16 02:00:00+00:00,0.0
3116,2013-10-16 02:30:00+00:00,0.0
3116,2013-10-16 03:00:00+00:00,0.0
3116,2013-10-16 03:30:00+00:00,0.0
3116,2013-10-16 04:00:00+00:00,0.0
3116,2013-10-16 04:30:00+00:00,0.0
3116,2013-10-16 05:00:00+00:00,0.0
3116,2013-10-16 05:30:00+00:00,0.0
3116,2013-10-16 06:00:00+00:00,0.0
3116,2013-10-16 06:30:00+00:00,0.02
3116,2013-10-16 07:00:00+00:00,0.03
3116,2013-10-16 07:30:00+00:00,3.0
3116,2013-10-16 08:00:00+00:00,4.32
3116,2013-10-16 08:30:00+00:00,22.56
3116,2013-10-16 09:00:00+00:00,36.73
3116,2013-10-16 09:30:00+00:00,27.72
3116,2013-10-16 10:00:00+00:00,26.57
3116,2013-10-16 10:30:00+00:00,36.34
3116,2013-10-16 11:00:00+00:00,143.54
3116,2013-10-16 11:30:00+00:00,248.34
3116,2013-10-16 12:00:00+00:00,216.55
3116,2013-10-16 12:30:00+00:00,122.58
3116,2013-10-16 13:00:00+00:00,41.74
3116,2013-10-16 13:30:00+00:00,58.37
3116,2013-10-16 14:00:00+00:00,64.81
3116,2013-10-16 14:30:00+00:00,39.93
3116,2013-10-16 15:00:00+00:00,130.03
3116,2013-10-16 15:30:00+00:00,243.46
3116,2013-10-16 16:00:00+00:00,109.42
3116,2013-10-16 16:30:00+00:00,114.98
3116,2013-10-16 17:00:00+00:00,16.23
3116,2013-10-16 17:30:00+00:00,0.0
3116,2013-10-16 18:00:00+00:00,0.0
3116,2013-10-16 18:30:00+00:00,0.0
3116,2013-10-16 19:00:00+00:00,0.0
3116,2013-10-16 19:30:00+00:00,0.0
3116,2013-10-16 20:00:00+00:00,0.0
3116,2013-10-16 20:30:00+00:00,0.0
3116,2013-10-16 21:00:00+00:00,0.0
3116,2013-10-16 21:30:00+00:00,0.0
3116,2013-10-16 22:00:00+00:00,0.0
3116,2013-10-16 22:30:00+00:00,0.0
3116,2013-10-16 23:00:00+00:00,0.0
3116,2013-10-16 23:30:00+00:00,0.0
3116,2013-10-17 00:00:00+00:00,0.0
3116,2013-10-17 00:30:00+00:00,0.0
3116,2013-10-17 01:00:00+00:00,0.0
3116,2013-10-17 01:30:00+00:00,0.0
3116,2013-10-17 02:00:00+00:00,0.0
3116,2013-10-17 02:30:00+00:00,0.0
3116,2013-10-17 03:00:00+00:00,0.0
3116,2013-10-17 03:30:00+00:00,0.0
3116,2013-10-17 04:00:00+00:00,0.0
3116,2013-10-17 04:30:00+00:00,0.0
3116,2013-10-17 05:00:00+00:00,0.0
3116,2013-10-17 05:30:00+00:00,0.0
3116,2013-10-17 06:00:00+00:00,0.0
3116,2013-10-17 06:30:00+00:00,0.01
3116,2013-10-17 07:00:00+00:00,0.07
3116,2013-10-17 07:30:00+00:00,131.87
3116,2013-10-17 08:00:00+00:00,471.74
3116,2013-10-17 08:30:00+00:00,680.25
3116,2013-10-17 09:00:00+00:00,849.4
3116,2013-10-17 09:30:00+00:00,977.95
3116,2013-10-17 10:00:00+00:00,1093.15
3116,2013-10-17 10:30:00+00:00,1022.85
3116,2013-10-17 11:00:00+00:00,924.8
3116,2013-10-17 11:30:00+00:00,507.25
3116,2013-10-17 12:00:00+00:00,492.08
3116,2013-10-17 12:30:00+00:00,479.35
3116,2013-10-17 13:00:00+00:00,311.76
3116,2013-10-17 13:30:00+00:00,577.25
3116,2013-10-17 14:00:00+00:00,705.1
3116,2013-10-17 14:30:00+00:00,681.65
3116,2013-10-17 15:00:00+00:00,580.5
3116,2013-10-17 15:30:00+00:00,280.04
3116,2013-10-17 16:00:00+00:00,121.17
3116,2013-10-17 16:30:00+00:00,113.03
3116,2013-10-17 17:00:00+00:00,17.83
3116,2013-10-17 17:30:00+00:00,0.0
3116,2013-10-17 18:00:00+00:00,0.0
3116,2013-10-17 18:30:00+00:00,0.0
3116,2013-10-17 19:00:00+00:00,0.0
3116,2013-10-17 19:30:00+00:00,0.0
3116,2013-10-17 20:00:00+00:00,0.0
3116,2013-10-17 20:30:00+00:00,0.0
3116,2013-10-17 21:00:00+00:00,0.0
3116,2013-10-17 21:30:00+00:00,0.0
3116,2013-10-17 22:00:00+00:00,0.0
3116,2013-10-17 22:30:00+00:00,0.0
3116,2013-10-17 23:00:00+00:00,0.0
3116,2013-10-17 23:30:00+00:00,0.0
3116,2013-10-18 00:00:00+00:00,0.0
3116,2013-10-18 00:30:00+00:00,0.0
3116,2013-10-18 01:00:00+00:00,0.0
3116,2013-10-18 01:30:00+00:00,0.0
3116,2013-10-18 02:00:00+00:00,0.0
3116,2013-10-18 02:30:00+00:00,0.0
3116,2013-10-18 03:00:00+00:00,0.0
3116,2013-10-18 03:30:00+00:00,0.0
3116,2013-10-18 04:00:00+00:00,0.0
3116,2013-10-18 04:30:00+00:00,0.0
3116,2013-10-18 05:00:00+00:00,0.0
3116,2013-10-18 05:30:00+00:00,0.0
3116,2013-10-18 06:00:00+00:00,0.0
3116,2013-10-18 06:30:00+00:00,0.01
3116,2013-10-18 07:00:00+00:00,4.61
3116,2013-10-18 07:30:00+00:00,55.9
3116,2013-10-18 08:00:00+00:00,62.53
3116,2013-10-18 08:30:00+00:00,77.52
3116,2013-10-18 09:00:00+00:00,140.1
3116,2013-10-18 09:30:00+00:00,216.03
3116,2013-10-18 10:00:00+00:00,741.4
3116,2013-10-18 10:30:00+00:00,460.67
3116,2013-10-18 11:00:00+00:00,207.75
3116,2013-10-18 11:30:00+00:00,223.6
3116,2013-10-18 12:00:00+00:00,252.38
3116,2013-10-18 12:30:00+00:00,181.22
3116,2013-10-18 13:00:00+00:00,419.0
3116,2013-10-18 13:30:00+00:00,297.9
3116,2013-10-18 14:00:00+00:00,190.2
3116,2013-10-18 14:30:00+00:00,255.52
3116,2013-10-18 15:00:00+00:00,163.97
3116,2013-10-18 15:30:00+00:00,126.32
3116,2013-10-18 16:00:00+00:00,85.92
3116,2013-10-18 16:30:00+00:00,29.13
3116,2013-10-18 17:00:00+00:00,0.14
3116,2013-10-18 17:30:00+00:00,0.0
3116,2013-10-18 18:00:00+00:00,0.0
3116,2013-10-18 18:30:00+00:00,0.0
3116,2013-10-18 19:00:00+00:00,0.0
3116,2013-10-18 19:30:00+00:00,0.0
3116,2013-10-18 20:00:00+00:00,0.0
3116,2013-10-18 20:30:00+00:00,0.0
3116,2013-10-18 21:00:00+00:00,0.0
3116,2013-10-18 21:30:00+00:00,0.0
3116,2013-10-18 22:00:00+00:00,0.0
3116,2013-10-18 22:30:00+00:00,0.0
3116,2013-10-18 23:00:00+00:00,0.0
3116,2013-10-18 23:30:00+00:00,0.0
3116,2013-10-19 00:00:00+00:00,0.0
3116,2013-10-19 00:30:00+00:00,0.0
3116,2013-10-19 01:00:00+00:00,0.0
3116,2013-10-19 01:30:00+00:00,0.0
3116,2013-10-19 02:00:00+00:00,0.0
3116,2013-10-19 02:30:00+00:00,0.0
3116,2013-10-19 03:00:00+00:00,0.0
3116,2013-10-19 03:30:00+00:00,0.0
3116,2013-10-19 04:00:00+00:00,0.0
3116,2013-10-19 04:30:00+00:00,0.0
3116,2013-10-19 05:00:00+00:00,0.0
3116,2013-10-19 05:30:00+00:00,0.0
3116,2013-10-19 06:00:00+00:00,0.0
3116,2013-10-19 06:30:00+00:00,0.0
3116,2013-10-19 07:00:00+00:00,3.44
3116,2013-10-19 07:30:00+00:00,36.49
3116,2013-10-19 08:00:00+00:00,43.33
3116,2013-10-19 08:30:00+00:00,50.2
3116,2013-10-19 09:00:00+00:00,51.05
3116,2013-10-19 09:30:00+00:00,71.69
3116,2013-10-19 10:00:00+00:00,46.55
3116,2013-10-19 10:30:00+00:00,55.4
3116,2013-10-19 11:00:00+00:00,45.28
3116,2013-10-19 11:30:00+00:00,47.77
3116,2013-10-19 12:00:00+00:00,118.36
3116,2013-10-19 12:30:00+00:00,121.9
3116,2013-10-19 13:00:00+00:00,98.25
3116,2013-10-19 13:30:00+00:00,64.84
3116,2013-10-19 14:00:00+00:00,81.49
3116,2013-10-19 14:30:00+00:00,91.77
3116,2013-10-19 15:00:00+00:00,205.7
3116,2013-10-19 15:30:00+00:00,259.04
3116,2013-10-19 16:00:00+00:00,34.58
3116,2013-10-19 16:30:00+00:00,28.16
3116,2013-10-19 17:00:00+00:00,1.62
3116,2013-10-19 17:30:00+00:00,0.0
3116,2013-10-19 18:00:00+00:00,0.0
3116,2013-10-19 18:30:00+00:00,0.0
3116,2013-10-19 19:00:00+00:00,0.0
3116,2013-10-19 19:30:00+00:00,0.0
3116,2013-10-19 20:00:00+00:00,0.0
3116,2013-10-19 20:30:00+00:00,0.0
3116,2013-10-19 21:00:00+00:00,0.0
3116,2013-10-19 21:30:00+00:00,0.0
3116,2013-10-19 22:00:00+00:00,0.0
3116,2013-10-19 22:30:00+00:00,0.0
3116,2013-10-19 23:00:00+00:00,0.0
3116,2013-10-19 23:30:00+00:00,0.0
3116,2013-10-20 00:00:00+00:00,0.0
3116,2013-10-20 00:30:00+00:00,0.0
3116,2013-10-20 01:00:00+00:00,0.0
3116,2013-10-20 01:30:00+00:00,0.0
3116,2013-10-20 02:00:00+00:00,0.0
3116,2013-10-20 02:30:00+00:00,0.0
3116,2013-10-20 03:00:00+00:00,0.0
3116,2013-10-20 03:30:00+00:00,0.0
3116,2013-10-20 04:00:00+00:00,0.0
3116,2013-10-20 04:30:00+00:00,0.0
3116,2013-10-20 05:00:00+00:00,0.0
3116,2013-10-20 05:30:00+00:00,0.0
3116,2013-10-20 06:00:00+00:00,0.0
3116,2013-10-20 06:30:00+00:00,0.0
3116,2013-10-20 07:00:00+00:00,0.57
3116,2013-10-20 07:30:00+00:00,19.76
3116,2013-10-20 08:00:00+00:00,42.91
3116,2013-10-20 08:30:00+00:00,81.85
3116,2013-10-20 09:00:00+00:00,438.86
3116,2013-10-20 09:30:00+00:00,646.9
3116,2013-10-20 10:00:00+00:00,990.25
3116,2013-10-20 10:30:00+00:00,1037.0
3116,2013-10-20 11:00:00+00:00,960.45
3116,2013-10-20 11:30:00+00:00,475.02
3116,2013-10-20 12:00:00+00:00,367.41
3116,2013-10-20 12:30:00+00:00,696.6
3116,2013-10-20 13:00:00+00:00,495.15
3116,2013-10-20 13:30:00+00:00,420.45
3116,2013-10-20 14:00:00+00:00,189.54
3116,2013-10-20 14:30:00+00:00,18.96
3116,2013-10-20 15:00:00+00:00,0.03
3116,2013-10-20 15:30:00+00:00,55.93
3116,2013-10-20 16:00:00+00:00,60.38
3116,2013-10-20 16:30:00+00:00,17.63
3116,2013-10-20 17:00:00+00:00,6.89
3116,2013-10-20 17:30:00+00:00,0.0
3116,2013-10-20 18:00:00+00:00,0.0
3116,2013-10-20 18:30:00+00:00,0.0
3116,2013-10-20 19:00:00+00:00,0.0
3116,2013-10-20 19:30:00+00:00,0.0
3116,2013-10-20 20:00:00+00:00,0.0
3116,2013-10-20 20:30:00+00:00,0.0
3116,2013-10-20 21:00:00+00:00,0.0
3116,2013-10-20 21:30:00+00:00,0.0
3116,2013-10-20 22:00:00+00:00,0.0
3116,2013-10-20 22:30:00+00:00,0.0
3116,2013-10-20 23:00:00+00:00,0.0
3116,2013-10-20 23:30:00+00:00,0.0
3116,2013-10-21 00:00:00+00:00,0.0
3116,2013-10-21 00:30:00+00:00,0.0
3116,2013-10-21 01:00:00+00:00,0.0
3116,2013-10-21 01:30:00+00:00,0.0
3116,2013-10-21 02:00:00+00:00,0.0
3116,2013-10-21 02:30:00+00:00,0.0
3116,2013-10-21 03:00:00+00:00,0.0
3116,2013-10-21 03:30:00+00:00,0.0
3116,2013-10-21 04:00:00+00:00,0.0
3116,2013-10-21 04:30:00+00:00,0.0
3116,2013-10-21 05:00:00+00:00,0.0
3116,2013-10-21 05:30:00+00:00,0.0
3116,2013-10-21 06:00:00+00:00,0.0
3116,2013-10-21 06:30:00+00:00,0.0
3116,2013-10-21 07:00:00+00:00,0.88
3116,2013-10-21 07:30:00+00:00,16.76
3116,2013-10-21 08:00:00+00:00,23.18
3116,2013-10-21 08:30:00+00:00,61.37
3116,2013-10-21 09:00:00+00:00,143.91
3116,2013-10-21 09:30:00+00:00,102.76
3116,2013-10-21 10:00:00+00:00,223.42
3116,2013-10-21 10:30:00+00:00,113.09
3116,2013-10-21 11:00:00+00:00,142.4
3116,2013-10-21 11:30:00+00:00,281.54
3116,2013-10-21 12:00:00+00:00,330.46
3116,2013-10-21 12:30:00+00:00,343.58
3116,2013-10-21 13:00:00+00:00,336.5
3116,2013-10-21 13:30:00+00:00,523.95
3116,2013-10-21 14:00:00+00:00,351.23
3116,2013-10-21 14:30:00+00:00,210.16
3116,2013-10-21 15:00:00+00:00,148.46
3116,2013-10-21 15:30:00+00:00,152.7
3116,2013-10-21 16:00:00+00:00,187.46
3116,2013-10-21 16:30:00+00:00,49.84
3116,2013-10-21 17:00:00+00:00,0.4
3116,2013-10-21 17:30:00+00:00,0.0
3116,2013-10-21 18:00:00+00:00,0.0
3116,2013-10-21 18:30:00+00:00,0.0
3116,2013-10-21 19:00:00+00:00,0.0
3116,2013-10-21 19:30:00+00:00,0.0
3116,2013-10-21 20:00:00+00:00,0.0
3116,2013-10-21 20:30:00+00:00,0.0
3116,2013-10-21 21:00:00+00:00,0.0
3116,2013-10-21 21:30:00+00:00,0.0
3116,2013-10-21 22:00:00+00:00,0.0
3116,2013-10-21 22:30:00+00:00,0.0
3116,2013-10-21 23:00:00+00:00,0.0
3116,2013-10-21 23:30:00+00:00,0.0
3116,2013-10-22 00:00:00+00:00,0.0
3116,2013-10-22 00:30:00+00:00,0.0
3116,2013-10-22 01:00:00+00:00,0.0
3116,2013-10-22 01:30:00+00:00,0.0
3116,2013-10-22 02:00:00+00:00,0.0
3116,2013-10-22 02:30:00+00:00,0.0
3116,2013-10-22 03:00:00+00:00,0.0
3116,2013-10-22 03:30:00+00:00,0.0
3116,2013-10-22 04:00:00+00:00,0.0
3116,2013-10-22 04:30:00+00:00,0.0
3116,2013-10-22 05:00:00+00:00,0.0
3116,2013-10-22 05:30:00+00:00,0.0
3116,2013-10-22 06:00:00+00:00,0.0
3116,2013-10-22 06:30:00+00:00,0.0
3116,2013-10-22 07:00:00+00:00,0.06
3116,2013-10-22 07:30:00+00:00,8.12
3116,2013-10-22 08:00:00+00:00,34.51
3116,2013-10-22 08:30:00+00:00,223.2
3116,2013-10-22 09:00:00+00:00,242.86
3116,2013-10-22 09:30:00+00:00,50.68
3116,2013-10-22 10:00:00+00:00,89.98
3116,2013-10-22 10:30:00+00:00,105.11
3116,2013-10-22 11:00:00+00:00,114.43
3116,2013-10-22 11:30:00+00:00,220.35
3116,2013-10-22 12:00:00+00:00,91.34
3116,2013-10-22 12:30:00+00:00,14.34
3116,2013-10-22 13:00:00+00:00,117.4
3116,2013-10-22 13:30:00+00:00,238.4
3116,2013-10-22 14:00:00+00:00,184.42
3116,2013-10-22 14:30:00+00:00,237.89
3116,2013-10-22 15:00:00+00:00,123.19
3116,2013-10-22 15:30:00+00:00,142.29
3116,2013-10-22 16:00:00+00:00,165.18
3116,2013-10-22 16:30:00+00:00,80.76
3116,2013-10-22 17:00:00+00:00,1.67
3116,2013-10-22 17:30:00+00:00,0.0
3116,2013-10-22 18:00:00+00:00,0.0
3116,2013-10-22 18:30:00+00:00,0.0
3116,2013-10-22 19:00:00+00:00,0.0
3116,2013-10-22 19:30:00+00:00,0.0
3116,2013-10-22 20:00:00+00:00,0.0
3116,2013-10-22 20:30:00+00:00,0.0
3116,2013-10-22 21:00:00+00:00,0.0
3116,2013-10-22 21:30:00+00:00,0.0
3116,2013-10-22 22:00:00+00:00,0.0
3116,2013-10-22 22:30:00+00:00,0.0
3116,2013-10-22 23:00:00+00:00,0.0
3116,2013-10-22 23:30:00+00:00,0.0
3116,2013-10-23 00:00:00+00:00,0.0
3116,2013-10-23 00:30:00+00:00,0.0
3116,2013-10-23 01:00:00+00:00,0.0
3116,2013-10-23 01:30:00+00:00,0.0
3116,2013-10-23 02:00:00+00:00,0.0
3116,2013-10-23 02:30:00+00:00,0.0
3116,2013-10-23 03:00:00+00:00,0.0
3116,2013-10-23 03:30:00+00:00,0.0
3116,2013-10-23 04:00:00+00:00,0.0
3116,2013-10-23 04:30:00+00:00,0.0
3116,2013-10-23 05:00:00+00:00,0.0
3116,2013-10-23 05:30:00+00:00,0.0
3116,2013-10-23 06:00:00+00:00,0.0
3116,2013-10-23 06:30:00+00:00,0.0
3116,2013-10-23 07:00:00+00:00,0.03
3116,2013-10-23 07:30:00+00:00,48.61
3116,2013-10-23 08:00:00+00:00,81.76
3116,2013-10-23 08:30:00+00:00,327.83
3116,2013-10-23 09:00:00+00:00,95.48
3116,2013-10-23 09:30:00+00:00,439.76
3116,2013-10-23 10:00:00+00:00,711.0
3116,2013-10-23 10:30:00+00:00,288.68
3116,2013-10-23 11:00:00+00:00,231.2
3116,2013-10-23 11:30:00+00:00,479.7
3116,2013-10-23 12:00:00+00:00,660.2
3116,2013-10-23 12:30:00+00:00,964.6
3116,2013-10-23 13:00:00+00:00,960.7
3116,2013-10-23 13:30:00+00:00,948.05
3116,2013-10-23 14:00:00+00:00,885.65
3116,2013-10-23 14:30:00+00:00,607.85
3116,2013-10-23 15:00:00+00:00,588.15
3116,2013-10-23 15:30:00+00:00,422.97
3116,2013-10-23 16:00:00+00:00,192.88
3116,2013-10-23 16:30:00+00:00,61.21
3116,2013-10-23 17:00:00+00:00,0.0
3116,2013-10-23 17:30:00+00:00,0.0
3116,2013-10-23 18:00:00+00:00,0.0
3116,2013-10-23 18:30:00+00:00,0.0
3116,2013-10-23 19:00:00+00:00,0.0
3116,2013-10-23 19:30:00+00:00,0.0
3116,2013-10-23 20:00:00+00:00,0.0
3116,2013-10-23 20:30:00+00:00,0.0
3116,2013-10-23 21:00:00+00:00,0.0
3116,2013-10-23 21:30:00+00:00,0.0
3116,2013-10-23 22:00:00+00:00,0.0
3116,2013-10-23 22:30:00+00:00,0.0
3116,2013-10-23 23:00:00+00:00,0.0
3116,2013-10-23 23:30:00+00:00,0.0
3116,2013-10-24 00:00:00+00:00,0.0
3116,2013-10-24 00:30:00+00:00,0.0
3116,2013-10-24 01:00:00+00:00,0.0
3116,2013-10-24 01:30:00+00:00,0.0
3116,2013-10-24 02:00:00+00:00,0.0
3116,2013-10-24 02:30:00+00:00,0.0
3116,2013-10-24 03:00:00+00:00,0.0
3116,2013-10-24 03:30:00+00:00,0.0
3116,2013-10-24 04:00:00+00:00,0.0
3116,2013-10-24 04:30:00+00:00,0.0
3116,2013-10-24 05:00:00+00:00,0.0
3116,2013-10-24 05:30:00+00:00,0.0
3116,2013-10-24 06:00:00+00:00,0.0
3116,2013-10-24 06:30:00+00:00,0.0
3116,2013-10-24 07:00:00+00:00,14.96
3116,2013-10-24 07:30:00+00:00,200.21
3116,2013-10-24 08:00:00+00:00,414.08
3116,2013-10-24 08:30:00+00:00,595.0
3116,2013-10-24 09:00:00+00:00,750.95
3116,2013-10-24 09:30:00+00:00,821.15
3116,2013-10-24 10:00:00+00:00,981.25
3116,2013-10-24 10:30:00+00:00,1074.6
3116,2013-10-24 11:00:00+00:00,1125.5
3116,2013-10-24 11:30:00+00:00,1126.75
3116,2013-10-24 12:00:00+00:00,1048.75
3116,2013-10-24 12:30:00+00:00,653.65
3116,2013-10-24 13:00:00+00:00,442.55
3116,2013-10-24 13:30:00+00:00,382.54
3116,2013-10-24 14:00:00+00:00,485.63
3116,2013-10-24 14:30:00+00:00,592.2
3116,2013-10-24 15:00:00+00:00,520.3
3116,2013-10-24 15:30:00+00:00,99.05
3116,2013-10-24 16:00:00+00:00,50.72
3116,2013-10-24 16:30:00+00:00,9.63
3116,2013-10-24 17:00:00+00:00,0.0
3116,2013-10-24 17:30:00+00:00,0.0
3116,2013-10-24 18:00:00+00:00,0.0
3116,2013-10-24 18:30:00+00:00,0.0
3116,2013-10-24 19:00:00+00:00,0.0
3116,2013-10-24 19:30:00+00:00,0.0
3116,2013-10-24 20:00:00+00:00,0.0
3116,2013-10-24 20:30:00+00:00,0.0
3116,2013-10-24 21:00:00+00:00,0.0
3116,2013-10-24 21:30:00+00:00,0.0
3116,2013-10-24 22:00:00+00:00,0.0
3116,2013-10-24 22:30:00+00:00,0.0
3116,2013-10-24 23:00:00+00:00,0.0
3116,2013-10-24 23:30:00+00:00,0.0
3116,2013-10-25 00:00:00+00:00,0.0
3116,2013-10-25 00:30:00+00:00,0.0
3116,2013-10-25 01:00:00+00:00,0.0
3116,2013-10-25 01:30:00+00:00,0.0
3116,2013-10-25 02:00:00+00:00,0.0
3116,2013-10-25 02:30:00+00:00,0.0
3116,2013-10-25 03:00:00+00:00,0.0
3116,2013-10-25 03:30:00+00:00,0.0
3116,2013-10-25 04:00:00+00:00,0.0
3116,2013-10-25 04:30:00+00:00,0.0
3116,2013-10-25 05:00:00+00:00,0.0
3116,2013-10-25 05:30:00+00:00,0.0
3116,2013-10-25 06:00:00+00:00,0.0
3116,2013-10-25 06:30:00+00:00,0.0
3116,2013-10-25 07:00:00+00:00,0.0
3116,2013-10-25 07:30:00+00:00,0.02
3116,2013-10-25 08:00:00+00:00,2.48
3116,2013-10-25 08:30:00+00:00,83.26
3116,2013-10-25 09:00:00+00:00,62.85
3116,2013-10-25 09:30:00+00:00,56.85
3116,2013-10-25 10:00:00+00:00,500.65
3116,2013-10-25 10:30:00+00:00,780.35
3116,2013-10-25 11:00:00+00:00,657.2
3116,2013-10-25 11:30:00+00:00,753.2
3116,2013-10-25 12:00:00+00:00,682.4
3116,2013-10-25 12:30:00+00:00,605.7
3116,2013-10-25 13:00:00+00:00,348.92
3116,2013-10-25 13:30:00+00:00,313.74
3116,2013-10-25 14:00:00+00:00,266.3
3116,2013-10-25 14:30:00+00:00,185.2
3116,2013-10-25 15:00:00+00:00,160.93
3116,2013-10-25 15:30:00+00:00,206.99
3116,2013-10-25 16:00:00+00:00,131.9
3116,2013-10-25 16:30:00+00:00,59.28
3116,2013-10-25 17:00:00+00:00,1.51
3116,2013-10-25 17:30:00+00:00,0.0
3116,2013-10-25 18:00:00+00:00,0.0
3116,2013-10-25 18:30:00+00:00,0.0
3116,2013-10-25 19:00:00+00:00,0.0
3116,2013-10-25 19:30:00+00:00,0.0
3116,2013-10-25 20:00:00+00:00,0.0
3116,2013-10-25 20:30:00+00:00,0.0
3116,2013-10-25 21:00:00+00:00,0.0
3116,2013-10-25 21:30:00+00:00,0.0
3116,2013-10-25 22:00:00+00:00,0.0
3116,2013-10-25 22:30:00+00:00,0.0
3116,2013-10-25 23:00:00+00:00,0.0
3116,2013-10-25 23:30:00+00:00,0.0
3116,2013-10-26 00:00:00+00:00,0.0
3116,2013-10-26 00:30:00+00:00,0.0
3116,2013-10-26 01:00:00+00:00,0.0
3116,2013-10-26 01:30:00+00:00,0.0
3116,2013-10-26 02:00:00+00:00,0.0
3116,2013-10-26 02:30:00+00:00,0.0
3116,2013-10-26 03:00:00+00:00,0.0
3116,2013-10-26 03:30:00+00:00,0.0
3116,2013-10-26 04:00:00+00:00,0.0
3116,2013-10-26 04:30:00+00:00,0.0
3116,2013-10-26 05:00:00+00:00,0.0
3116,2013-10-26 05:30:00+00:00,0.0
3116,2013-10-26 06:00:00+00:00,0.0
3116,2013-10-26 06:30:00+00:00,0.0
3116,2013-10-26 07:00:00+00:00,0.04
3116,2013-10-26 07:30:00+00:00,10.23
3116,2013-10-26 08:00:00+00:00,29.97
3116,2013-10-26 08:30:00+00:00,103.72
3116,2013-10-26 09:00:00+00:00,37.65
3116,2013-10-26 09:30:00+00:00,52.07
3116,2013-10-26 10:00:00+00:00,221.14
3116,2013-10-26 10:30:00+00:00,362.29
3116,2013-10-26 11:00:00+00:00,336.07
3116,2013-10-26 11:30:00+00:00,395.3
3116,2013-10-26 12:00:00+00:00,548.7
3116,2013-10-26 12:30:00+00:00,744.9
3116,2013-10-26 13:00:00+00:00,319.15
3116,2013-10-26 13:30:00+00:00,319.83
3116,2013-10-26 14:00:00+00:00,349.46
3116,2013-10-26 14:30:00+00:00,173.31
3116,2013-10-26 15:00:00+00:00,93.08
3116,2013-10-26 15:30:00+00:00,6.18
3116,2013-10-26 16:00:00+00:00,36.71
3116,2013-10-26 16:30:00+00:00,0.07
3116,2013-10-26 17:00:00+00:00,0.0
3116,2013-10-26 17:30:00+00:00,0.0
3116,2013-10-26 18:00:00+00:00,0.0
3116,2013-10-26 18:30:00+00:00,0.0
3116,2013-10-26 19:00:00+00:00,0.0
3116,2013-10-26 19:30:00+00:00,0.0
3116,2013-10-26 20:00:00+00:00,0.0
3116,2013-10-26 20:30:00+00:00,0.0
3116,2013-10-26 21:00:00+00:00,0.0
3116,2013-10-26 21:30:00+00:00,0.0
3116,2013-10-26 22:00:00+00:00,0.0
3116,2013-10-26 22:30:00+00:00,0.0
3116,2013-10-26 23:00:00+00:00,0.0
3116,2013-10-26 23:30:00+00:00,0.0
3116,2013-10-27 00:00:00+00:00,0.0
3116,2013-10-27 00:30:00+00:00,0.0
3116,2013-10-27 01:00:00+00:00,0.0
3116,2013-10-27 01:30:00+00:00,0.0
3116,2013-10-27 02:00:00+00:00,0.0
3116,2013-10-27 02:30:00+00:00,0.0
3116,2013-10-27 03:00:00+00:00,0.0
3116,2013-10-27 03:30:00+00:00,0.0
3116,2013-10-27 04:00:00+00:00,0.0
3116,2013-10-27 04:30:00+00:00,0.0
3116,2013-10-27 05:00:00+00:00,0.0
3116,2013-10-27 05:30:00+00:00,0.0
3116,2013-10-27 06:00:00+00:00,0.0
3116,2013-10-27 06:30:00+00:00,0.0
3116,2013-10-27 07:00:00+00:00,0.0
3116,2013-10-27 07:30:00+00:00,17.58
3116,2013-10-27 08:00:00+00:00,287.8
3116,2013-10-27 08:30:00+00:00,539.7
3116,2013-10-27 09:00:00+00:00,735.15
3116,2013-10-27 09:30:00+00:00,864.55
3116,2013-10-27 10:00:00+00:00,911.55
3116,2013-10-27 10:30:00+00:00,1050.95
3116,2013-10-27 11:00:00+00:00,1137.65
3116,2013-10-27 11:30:00+00:00,923.05
3116,2013-10-27 12:00:00+00:00,873.1
3116,2013-10-27 12:30:00+00:00,1005.8
3116,2013-10-27 13:00:00+00:00,497.13
3116,2013-10-27 13:30:00+00:00,454.51
3116,2013-10-27 14:00:00+00:00,379.12
3116,2013-10-27 14:30:00+00:00,478.07
3116,2013-10-27 15:00:00+00:00,188.75
3116,2013-10-27 15:30:00+00:00,96.55
3116,2013-10-27 16:00:00+00:00,30.61
3116,2013-10-27 16:30:00+00:00,2.97
3116,2013-10-27 17:00:00+00:00,0.0
3116,2013-10-27 17:30:00+00:00,0.0
3116,2013-10-27 18:00:00+00:00,0.0
3116,2013-10-27 18:30:00+00:00,0.0
3116,2013-10-27 19:00:00+00:00,0.0
3116,2013-10-27 19:30:00+00:00,0.0
3116,2013-10-27 20:00:00+00:00,0.0
3116,2013-10-27 20:30:00+00:00,0.0
3116,2013-10-27 21:00:00+00:00,0.0
3116,2013-10-27 21:30:00+00:00,0.0
3116,2013-10-27 22:00:00+00:00,0.0
3116,2013-10-27 22:30:00+00:00,0.0
3116,2013-10-27 23:00:00+00:00,0.0
3116,2013-10-27 23:30:00+00:00,0.0
3116,2013-10-28 00:00:00+00:00,0.0
3116,2013-10-28 00:30:00+00:00,0.0
3116,2013-10-28 01:00:00+00:00,0.0
3116,2013-10-28 01:30:00+00:00,0.0
3116,2013-10-28 02:00:00+00:00,0.0
3116,2013-10-28 02:30:00+00:00,0.0
3116,2013-10-28 03:00:00+00:00,0.0
3116,2013-10-28 03:30:00+00:00,0.0
3116,2013-10-28 04:00:00+00:00,0.0
3116,2013-10-28 04:30:00+00:00,0.0
3116,2013-10-28 05:00:00+00:00,0.0
3116,2013-10-28 05:30:00+00:00,0.0
3116,2013-10-28 06:00:00+00:00,0.0
3116,2013-10-28 06:30:00+00:00,0.0
3116,2013-10-28 07:00:00+00:00,3.46
3116,2013-10-28 07:30:00+00:00,19.19
3116,2013-10-28 08:00:00+00:00,6.92
3116,2013-10-28 08:30:00+00:00,144.75
3116,2013-10-28 09:00:00+00:00,175.93
3116,2013-10-28 09:30:00+00:00,547.15
3116,2013-10-28 10:00:00+00:00,1010.05
3116,2013-10-28 10:30:00+00:00,627.9
3116,2013-10-28 11:00:00+00:00,595.7
3116,2013-10-28 11:30:00+00:00,354.37
3116,2013-10-28 12:00:00+00:00,780.3
3116,2013-10-28 12:30:00+00:00,467.68
3116,2013-10-28 13:00:00+00:00,624.45
3116,2013-10-28 13:30:00+00:00,842.7
3116,2013-10-28 14:00:00+00:00,497.65
3116,2013-10-28 14:30:00+00:00,131.8
3116,2013-10-28 15:00:00+00:00,243.25
3116,2013-10-28 15:30:00+00:00,43.82
3116,2013-10-28 16:00:00+00:00,141.11
3116,2013-10-28 16:30:00+00:00,39.89
3116,2013-10-28 17:00:00+00:00,0.0
3116,2013-10-28 17:30:00+00:00,0.0
3116,2013-10-28 18:00:00+00:00,0.0
3116,2013-10-28 18:30:00+00:00,0.0
3116,2013-10-28 19:00:00+00:00,0.0
3116,2013-10-28 19:30:00+00:00,0.0
3116,2013-10-28 20:00:00+00:00,0.0
3116,2013-10-28 20:30:00+00:00,0.0
3116,2013-10-28 21:00:00+00:00,0.0
3116,2013-10-28 21:30:00+00:00,0.0
3116,2013-10-28 22:00:00+00:00,0.0
3116,2013-10-28 22:30:00+00:00,0.0
3116,2013-10-28 23:00:00+00:00,0.0
3116,2013-10-28 23:30:00+00:00,0.0
3116,2013-10-29 00:00:00+00:00,0.0
3116,2013-10-29 00:30:00+00:00,0.0
3116,2013-10-29 01:00:00+00:00,0.0
3116,2013-10-29 01:30:00+00:00,0.0
3116,2013-10-29 02:00:00+00:00,0.0
3116,2013-10-29 02:30:00+00:00,0.0
3116,2013-10-29 03:00:00+00:00,0.0
3116,2013-10-29 03:30:00+00:00,0.0
3116,2013-10-29 04:00:00+00:00,0.0
3116,2013-10-29 04:30:00+00:00,0.0
3116,2013-10-29 05:00:00+00:00,0.0
3116,2013-10-29 05:30:00+00:00,0.0
3116,2013-10-29 06:00:00+00:00,0.0
3116,2013-10-29 06:30:00+00:00,0.0
3116,2013-10-29 07:00:00+00:00,0.6
3116,2013-10-29 07:30:00+00:00,136.09
3116,2013-10-29 08:00:00+00:00,386.43
3116,2013-10-29 08:30:00+00:00,603.25
3116,2013-10-29 09:00:00+00:00,776.05
3116,2013-10-29 09:30:00+00:00,919.9
3116,2013-10-29 10:00:00+00:00,1025.55
3116,2013-10-29 10:30:00+00:00,1112.25
3116,2013-10-29 11:00:00+00:00,912.2
3116,2013-10-29 11:30:00+00:00,1036.85
3116,2013-10-29 12:00:00+00:00,558.9
3116,2013-10-29 12:30:00+00:00,337.08
3116,2013-10-29 13:00:00+00:00,908.6
3116,2013-10-29 13:30:00+00:00,544.9
3116,2013-10-29 14:00:00+00:00,882.75
3116,2013-10-29 14:30:00+00:00,714.95
3116,2013-10-29 15:00:00+00:00,283.41
3116,2013-10-29 15:30:00+00:00,223.79
3116,2013-10-29 16:00:00+00:00,132.37
3116,2013-10-29 16:30:00+00:00,32.81
3116,2013-10-29 17:00:00+00:00,0.0
3116,2013-10-29 17:30:00+00:00,0.0
3116,2013-10-29 18:00:00+00:00,0.0
3116,2013-10-29 18:30:00+00:00,0.0
3116,2013-10-29 19:00:00+00:00,0.0
3116,2013-10-29 19:30:00+00:00,0.0
3116,2013-10-29 20:00:00+00:00,0.0
3116,2013-10-29 20:30:00+00:00,0.0
3116,2013-10-29 21:00:00+00:00,0.0
3116,2013-10-29 21:30:00+00:00,0.0
3116,2013-10-29 22:00:00+00:00,0.0
3116,2013-10-29 22:30:00+00:00,0.0
3116,2013-10-29 23:00:00+00:00,0.0
3116,2013-10-29 23:30:00+00:00,0.0
3116,2013-10-30 00:00:00+00:00,0.0
3116,2013-10-30 00:30:00+00:00,0.0
3116,2013-10-30 01:00:00+00:00,0.0
3116,2013-10-30 01:30:00+00:00,0.0
3116,2013-10-30 02:00:00+00:00,0.0
3116,2013-10-30 02:30:00+00:00,0.0
3116,2013-10-30 03:00:00+00:00,0.0
3116,2013-10-30 03:30:00+00:00,0.0
3116,2013-10-30 04:00:00+00:00,0.0
3116,2013-10-30 04:30:00+00:00,0.0
3116,2013-10-30 05:00:00+00:00,0.0
3116,2013-10-30 05:30:00+00:00,0.0
3116,2013-10-30 06:00:00+00:00,0.0
3116,2013-10-30 06:30:00+00:00,0.0
3116,2013-10-30 07:00:00+00:00,1.51
3116,2013-10-30 07:30:00+00:00,132.05
3116,2013-10-30 08:00:00+00:00,372.86
3116,2013-10-30 08:30:00+00:00,586.55
3116,2013-10-30 09:00:00+00:00,767.15
3116,2013-10-30 09:30:00+00:00,902.9
3116,2013-10-30 10:00:00+00:00,1010.95
3116,2013-10-30 10:30:00+00:00,1074.65
3116,2013-10-30 11:00:00+00:00,1112.5
3116,2013-10-30 11:30:00+00:00,1126.15
3116,2013-10-30 12:00:00+00:00,1127.3
3116,2013-10-30 12:30:00+00:00,1097.95
3116,2013-10-30 13:00:00+00:00,1041.25
3116,2013-10-30 13:30:00+00:00,755.6
3116,2013-10-30 14:00:00+00:00,243.9
3116,2013-10-30 14:30:00+00:00,589.1
3116,2013-10-30 15:00:00+00:00,233.97
3116,2013-10-30 15:30:00+00:00,332.06
3116,2013-10-30 16:00:00+00:00,103.05
3116,2013-10-30 16:30:00+00:00,6.06
3116,2013-10-30 17:00:00+00:00,0.0
3116,2013-10-30 17:30:00+00:00,0.0
3116,2013-10-30 18:00:00+00:00,0.0
3116,2013-10-30 18:30:00+00:00,0.0
3116,2013-10-30 19:00:00+00:00,0.0
3116,2013-10-30 19:30:00+00:00,0.0
3116,2013-10-30 20:00:00+00:00,0.0
3116,2013-10-30 20:30:00+00:00,0.0
3116,2013-10-30 21:00:00+00:00,0.0
3116,2013-10-30 21:30:00+00:00,0.0
3116,2013-10-30 22:00:00+00:00,0.0
3116,2013-10-30 22:30:00+00:00,0.0
3116,2013-10-30 23:00:00+00:00,0.0
3116,2013-10-30 23:30:00+00:00,0.0
3116,2013-10-31 00:00:00+00:00,0.0
3116,2013-10-31 00:30:00+00:00,0.0
3116,2013-10-31 01:00:00+00:00,0.0
3116,2013-10-31 01:30:00+00:00,0.0
3116,2013-10-31 02:00:00+00:00,0.0
3116,2013-10-31 02:30:00+00:00,0.0
3116,2013-10-31 03:00:00+00:00,0.0
3116,2013-10-31 03:30:00+00:00,0.0
3116,2013-10-31 04:00:00+00:00,0.0
3116,2013-10-31 04:30:00+00:00,0.0
3116,2013-10-31 05:00:00+00:00,0.0
3116,2013-10-31 05:30:00+00:00,0.0
3116,2013-10-31 06:00:00+00:00,0.0
3116,2013-10-31 06:30:00+00:00,0.0
3116,2013-10-31 07:00:00+00:00,0.0
3116,2013-10-31 07:30:00+00:00,0.41
3116,2013-10-31 08:00:00+00:00,0.02
3116,2013-10-31 08:30:00+00:00,10.82
3116,2013-10-31 09:00:00+00:00,73.97
3116,2013-10-31 09:30:00+00:00,61.37
3116,2013-10-31 10:00:00+00:00,62.15
3116,2013-10-31 10:30:00+00:00,69.5
3116,2013-10-31 11:00:00+00:00,91.4
3116,2013-10-31 11:30:00+00:00,77.28
3116,2013-10-31 12:00:00+00:00,122.53
3116,2013-10-31 12:30:00+00:00,167.36
3116,2013-10-31 13:00:00+00:00,179.0
3116,2013-10-31 13:30:00+00:00,142.23
3116,2013-10-31 14:00:00+00:00,95.67
3116,2013-10-31 14:30:00+00:00,68.01
3116,2013-10-31 15:00:00+00:00,53.52
3116,2013-10-31 15:30:00+00:00,29.0
3116,2013-10-31 16:00:00+00:00,7.37
3116,2013-10-31 16:30:00+00:00,0.0
3116,2013-10-31 17:00:00+00:00,0.0
3116,2013-10-31 17:30:00+00:00,0.0
3116,2013-10-31 18:00:00+00:00,0.0
3116,2013-10-31 18:30:00+00:00,0.0
3116,2013-10-31 19:00:00+00:00,0.0
3116,2013-10-31 19:30:00+00:00,0.0
3116,2013-10-31 20:00:00+00:00,0.0
3116,2013-10-31 20:30:00+00:00,0.0
3116,2013-10-31 21:00:00+00:00,0.0
3116,2013-10-31 21:30:00+00:00,0.0
3116,2013-10-31 22:00:00+00:00,0.0
3116,2013-10-31 22:30:00+00:00,0.0
3116,2013-10-31 23:00:00+00:00,0.0
3116,2013-10-31 23:30:00+00:00,0.0
3116,2013-11-01 00:30:00+00:00,0.0
3116,2013-11-01 01:00:00+00:00,0.0
3116,2013-11-01 01:30:00+00:00,0.0
3116,2013-11-01 02:00:00+00:00,0.0
3116,2013-11-01 02:30:00+00:00,0.0
3116,2013-11-01 03:00:00+00:00,0.0
3116,2013-11-01 03:30:00+00:00,0.0
3116,2013-11-01 04:00:00+00:00,0.0
3116,2013-11-01 04:30:00+00:00,0.0
3116,2013-11-01 05:00:00+00:00,0.0
3116,2013-11-01 05:30:00+00:00,0.0
3116,2013-11-01 06:00:00+00:00,0.0
3116,2013-11-01 06:30:00+00:00,0.0
3116,2013-11-01 07:00:00+00:00,0.0
3116,2013-11-01 07:30:00+00:00,3.08
3116,2013-11-01 08:00:00+00:00,18.65
3116,2013-11-01 08:30:00+00:00,53.33
3116,2013-11-01 09:00:00+00:00,96.81
3116,2013-11-01 09:30:00+00:00,115.22
3116,2013-11-01 10:00:00+00:00,157.68
3116,2013-11-01 10:30:00+00:00,187.53
3116,2013-11-01 11:00:00+00:00,243.65
3116,2013-11-01 11:30:00+00:00,294.74
3116,2013-11-01 12:00:00+00:00,307.75
3116,2013-11-01 12:30:00+00:00,209.81
3116,2013-11-01 13:00:00+00:00,133.21
3116,2013-11-01 13:30:00+00:00,95.01
3116,2013-11-01 14:00:00+00:00,65.33
3116,2013-11-01 14:30:00+00:00,45.92
3116,2013-11-01 15:00:00+00:00,163.41
3116,2013-11-01 15:30:00+00:00,88.5
3116,2013-11-01 16:00:00+00:00,15.2
3116,2013-11-01 16:30:00+00:00,0.01
3116,2013-11-01 17:00:00+00:00,0.0
3116,2013-11-01 17:30:00+00:00,0.0
3116,2013-11-01 18:00:00+00:00,0.0
3116,2013-11-01 18:30:00+00:00,0.0
3116,2013-11-01 19:00:00+00:00,0.0
3116,2013-11-01 19:30:00+00:00,0.0
3116,2013-11-01 20:00:00+00:00,0.0
3116,2013-11-01 20:30:00+00:00,0.0
3116,2013-11-01 21:00:00+00:00,0.0
3116,2013-11-01 21:30:00+00:00,0.0
3116,2013-11-01 22:00:00+00:00,0.0
3116,2013-11-01 22:30:00+00:00,0.0
3116,2013-11-01 23:00:00+00:00,0.0
3116,2013-11-01 23:30:00+00:00,0.0
3116,2013-11-02 00:00:00+00:00,0.0
3116,2013-11-02 00:30:00+00:00,0.0
3116,2013-11-02 01:00:00+00:00,0.0
3116,2013-11-02 01:30:00+00:00,0.0
3116,2013-11-02 02:00:00+00:00,0.0
3116,2013-11-02 02:30:00+00:00,0.0
3116,2013-11-02 03:00:00+00:00,0.0
3116,2013-11-02 03:30:00+00:00,0.0
3116,2013-11-02 04:00:00+00:00,0.0
3116,2013-11-02 04:30:00+00:00,0.0
3116,2013-11-02 05:00:00+00:00,0.0
3116,2013-11-02 05:30:00+00:00,0.0
3116,2013-11-02 06:00:00+00:00,0.0
3116,2013-11-02 06:30:00+00:00,0.0
3116,2013-11-02 07:00:00+00:00,0.0
3116,2013-11-02 07:30:00+00:00,2.06
3116,2013-11-02 08:00:00+00:00,37.65
3116,2013-11-02 08:30:00+00:00,188.62
3116,2013-11-02 09:00:00+00:00,201.94
3116,2013-11-02 09:30:00+00:00,94.63
3116,2013-11-02 10:00:00+00:00,219.8
3116,2013-11-02 10:30:00+00:00,612.65
3116,2013-11-02 11:00:00+00:00,338.32
3116,2013-11-02 11:30:00+00:00,535.95
3116,2013-11-02 12:00:00+00:00,637.35
3116,2013-11-02 12:30:00+00:00,744.45
3116,2013-11-02 13:00:00+00:00,791.45
3116,2013-11-02 13:30:00+00:00,383.02
3116,2013-11-02 14:00:00+00:00,363.29
3116,2013-11-02 14:30:00+00:00,90.71
3116,2013-11-02 15:00:00+00:00,30.71
3116,2013-11-02 15:30:00+00:00,171.02
3116,2013-11-02 16:00:00+00:00,90.38
3116,2013-11-02 16:30:00+00:00,7.79
3116,2013-11-02 17:00:00+00:00,0.0
3116,2013-11-02 17:30:00+00:00,0.0
3116,2013-11-02 18:00:00+00:00,0.0
3116,2013-11-02 18:30:00+00:00,0.0
3116,2013-11-02 19:00:00+00:00,0.0
3116,2013-11-02 19:30:00+00:00,0.0
3116,2013-11-02 20:00:00+00:00,0.0
3116,2013-11-02 20:30:00+00:00,0.0
3116,2013-11-02 21:00:00+00:00,0.0
3116,2013-11-02 21:30:00+00:00,0.0
3116,2013-11-02 22:00:00+00:00,0.0
3116,2013-11-02 22:30:00+00:00,0.0
3116,2013-11-02 23:00:00+00:00,0.0
3116,2013-11-02 23:30:00+00:00,0.0
3116,2013-11-03 00:00:00+00:00,0.0
3116,2013-11-03 00:30:00+00:00,0.0
3116,2013-11-03 01:00:00+00:00,0.0
3116,2013-11-03 01:30:00+00:00,0.0
3116,2013-11-03 02:00:00+00:00,0.0
3116,2013-11-03 02:30:00+00:00,0.0
3116,2013-11-03 03:00:00+00:00,0.0
3116,2013-11-03 03:30:00+00:00,0.0
3116,2013-11-03 04:00:00+00:00,0.0
3116,2013-11-03 04:30:00+00:00,0.0
3116,2013-11-03 05:00:00+00:00,0.0
3116,2013-11-03 05:30:00+00:00,0.0
3116,2013-11-03 06:00:00+00:00,0.0
3116,2013-11-03 06:30:00+00:00,0.0
3116,2013-11-03 07:00:00+00:00,0.01
3116,2013-11-03 07:30:00+00:00,43.87
3116,2013-11-03 08:00:00+00:00,204.58
3116,2013-11-03 08:30:00+00:00,117.89
3116,2013-11-03 09:00:00+00:00,664.3
3116,2013-11-03 09:30:00+00:00,906.1
3116,2013-11-03 10:00:00+00:00,967.65
3116,2013-11-03 10:30:00+00:00,774.65
3116,2013-11-03 11:00:00+00:00,935.6
3116,2013-11-03 11:30:00+00:00,1120.7
3116,2013-11-03 12:00:00+00:00,814.95
3116,2013-11-03 12:30:00+00:00,913.4
3116,2013-11-03 13:00:00+00:00,678.35
3116,2013-11-03 13:30:00+00:00,696.85
3116,2013-11-03 14:00:00+00:00,477.58
3116,2013-11-03 14:30:00+00:00,596.55
3116,2013-11-03 15:00:00+00:00,351.84
3116,2013-11-03 15:30:00+00:00,292.43
3116,2013-11-03 16:00:00+00:00,10.82
3116,2013-11-03 16:30:00+00:00,0.0
3116,2013-11-03 17:00:00+00:00,0.0
3116,2013-11-03 17:30:00+00:00,0.0
3116,2013-11-03 18:00:00+00:00,0.0
3116,2013-11-03 18:30:00+00:00,0.0
3116,2013-11-03 19:00:00+00:00,0.0
3116,2013-11-03 19:30:00+00:00,0.0
3116,2013-11-03 20:00:00+00:00,0.0
3116,2013-11-03 20:30:00+00:00,0.0
3116,2013-11-03 21:00:00+00:00,0.0
3116,2013-11-03 21:30:00+00:00,0.0
3116,2013-11-03 22:00:00+00:00,0.0
3116,2013-11-03 22:30:00+00:00,0.0
3116,2013-11-03 23:00:00+00:00,0.0
3116,2013-11-03 23:30:00+00:00,0.0
3116,2013-11-04 00:00:00+00:00,0.0
3116,2013-11-04 00:30:00+00:00,0.0
3116,2013-11-04 01:00:00+00:00,0.0
3116,2013-11-04 01:30:00+00:00,0.0
3116,2013-11-04 02:00:00+00:00,0.0
3116,2013-11-04 02:30:00+00:00,0.0
3116,2013-11-04 03:00:00+00:00,0.0
3116,2013-11-04 03:30:00+00:00,0.0
3116,2013-11-04 04:00:00+00:00,0.0
3116,2013-11-04 04:30:00+00:00,0.0
3116,2013-11-04 05:00:00+00:00,0.0
3116,2013-11-04 05:30:00+00:00,0.0
3116,2013-11-04 06:00:00+00:00,0.0
3116,2013-11-04 06:30:00+00:00,0.0
3116,2013-11-04 07:00:00+00:00,0.0
3116,2013-11-04 07:30:00+00:00,0.04
3116,2013-11-04 08:00:00+00:00,6.91
3116,2013-11-04 08:30:00+00:00,66.77
3116,2013-11-04 09:00:00+00:00,158.83
3116,2013-11-04 09:30:00+00:00,700.55
3116,2013-11-04 10:00:00+00:00,1030.35
3116,2013-11-04 10:30:00+00:00,1107.55
3116,2013-11-04 11:00:00+00:00,1164.85
3116,2013-11-04 11:30:00+00:00,1181.25
3116,2013-11-04 12:00:00+00:00,1174.55
3116,2013-11-04 12:30:00+00:00,1144.55
3116,2013-11-04 13:00:00+00:00,1072.6
3116,2013-11-04 13:30:00+00:00,837.3
3116,2013-11-04 14:00:00+00:00,855.05
3116,2013-11-04 14:30:00+00:00,689.85
3116,2013-11-04 15:00:00+00:00,545.55
3116,2013-11-04 15:30:00+00:00,316.48
3116,2013-11-04 16:00:00+00:00,58.54
3116,2013-11-04 16:30:00+00:00,14.02
3116,2013-11-04 17:00:00+00:00,0.0
3116,2013-11-04 17:30:00+00:00,0.0
3116,2013-11-04 18:00:00+00:00,0.0
3116,2013-11-04 18:30:00+00:00,0.0
3116,2013-11-04 19:00:00+00:00,0.0
3116,2013-11-04 19:30:00+00:00,0.0
3116,2013-11-04 20:00:00+00:00,0.0
3116,2013-11-04 20:30:00+00:00,0.0
3116,2013-11-04 21:00:00+00:00,0.0
3116,2013-11-04 21:30:00+00:00,0.0
3116,2013-11-04 22:00:00+00:00,0.0
3116,2013-11-04 22:30:00+00:00,0.0
3116,2013-11-04 23:00:00+00:00,0.0
3116,2013-11-04 23:30:00+00:00,0.0
3116,2013-11-05 00:00:00+00:00,0.0
3116,2013-11-05 00:30:00+00:00,0.0
3116,2013-11-05 01:00:00+00:00,0.0
3116,2013-11-05 01:30:00+00:00,0.0
3116,2013-11-05 02:00:00+00:00,0.0
3116,2013-11-05 02:30:00+00:00,0.0
3116,2013-11-05 03:00:00+00:00,0.0
3116,2013-11-05 03:30:00+00:00,0.0
3116,2013-11-05 04:00:00+00:00,0.0
3116,2013-11-05 04:30:00+00:00,0.0
3116,2013-11-05 05:00:00+00:00,0.0
3116,2013-11-05 05:30:00+00:00,0.0
3116,2013-11-05 06:00:00+00:00,0.0
3116,2013-11-05 06:30:00+00:00,0.0
3116,2013-11-05 07:00:00+00:00,0.0
3116,2013-11-05 07:30:00+00:00,0.05
3116,2013-11-05 08:00:00+00:00,7.16
3116,2013-11-05 08:30:00+00:00,43.5
3116,2013-11-05 09:00:00+00:00,38.43
3116,2013-11-05 09:30:00+00:00,57.52
3116,2013-11-05 10:00:00+00:00,52.28
3116,2013-11-05 10:30:00+00:00,38.7
3116,2013-11-05 11:00:00+00:00,65.5
3116,2013-11-05 11:30:00+00:00,118.24
3116,2013-11-05 12:00:00+00:00,86.74
3116,2013-11-05 12:30:00+00:00,173.08
3116,2013-11-05 13:00:00+00:00,440.32
3116,2013-11-05 13:30:00+00:00,648.55
3116,2013-11-05 14:00:00+00:00,731.1
3116,2013-11-05 14:30:00+00:00,328.32
3116,2013-11-05 15:00:00+00:00,47.07
3116,2013-11-05 15:30:00+00:00,20.08
3116,2013-11-05 16:00:00+00:00,5.45
3116,2013-11-05 16:30:00+00:00,0.58
3116,2013-11-05 17:00:00+00:00,0.0
3116,2013-11-05 17:30:00+00:00,0.0
3116,2013-11-05 18:00:00+00:00,0.0
3116,2013-11-05 18:30:00+00:00,0.0
3116,2013-11-05 19:00:00+00:00,0.0
3116,2013-11-05 19:30:00+00:00,0.0
3116,2013-11-05 20:00:00+00:00,0.0
3116,2013-11-05 20:30:00+00:00,0.0
3116,2013-11-05 21:00:00+00:00,0.0
3116,2013-11-05 21:30:00+00:00,0.0
3116,2013-11-05 22:00:00+00:00,0.0
3116,2013-11-05 22:30:00+00:00,0.0
3116,2013-11-05 23:00:00+00:00,0.0
3116,2013-11-05 23:30:00+00:00,0.0
3116,2013-11-06 00:00:00+00:00,0.0
3116,2013-11-06 00:30:00+00:00,0.0
3116,2013-11-06 01:00:00+00:00,0.0
3116,2013-11-06 01:30:00+00:00,0.0
3116,2013-11-06 02:00:00+00:00,0.0
3116,2013-11-06 02:30:00+00:00,0.0
3116,2013-11-06 03:00:00+00:00,0.0
3116,2013-11-06 03:30:00+00:00,0.0
3116,2013-11-06 04:00:00+00:00,0.0
3116,2013-11-06 04:30:00+00:00,0.0
3116,2013-11-06 05:00:00+00:00,0.0
3116,2013-11-06 05:30:00+00:00,0.0
3116,2013-11-06 06:00:00+00:00,0.0
3116,2013-11-06 06:30:00+00:00,0.0
3116,2013-11-06 07:00:00+00:00,0.0
3116,2013-11-06 07:30:00+00:00,0.05
3116,2013-11-06 08:00:00+00:00,3.6
3116,2013-11-06 08:30:00+00:00,22.59
3116,2013-11-06 09:00:00+00:00,42.23
3116,2013-11-06 09:30:00+00:00,85.84
3116,2013-11-06 10:00:00+00:00,91.62
3116,2013-11-06 10:30:00+00:00,104.43
3116,2013-11-06 11:00:00+00:00,108.43
3116,2013-11-06 11:30:00+00:00,92.79
3116,2013-11-06 12:00:00+00:00,127.14
3116,2013-11-06 12:30:00+00:00,84.83
3116,2013-11-06 13:00:00+00:00,80.9
3116,2013-11-06 13:30:00+00:00,65.36
3116,2013-11-06 14:00:00+00:00,38.29
3116,2013-11-06 14:30:00+00:00,11.09
3116,2013-11-06 15:00:00+00:00,2.71
3116,2013-11-06 15:30:00+00:00,5.07
3116,2013-11-06 16:00:00+00:00,4.37
3116,2013-11-06 16:30:00+00:00,0.0
3116,2013-11-06 17:00:00+00:00,0.0
3116,2013-11-06 17:30:00+00:00,0.0
3116,2013-11-06 18:00:00+00:00,0.0
3116,2013-11-06 18:30:00+00:00,0.0
3116,2013-11-06 19:00:00+00:00,0.0
3116,2013-11-06 19:30:00+00:00,0.0
3116,2013-11-06 20:00:00+00:00,0.0
3116,2013-11-06 20:30:00+00:00,0.0
3116,2013-11-06 21:00:00+00:00,0.0
3116,2013-11-06 21:30:00+00:00,0.0
3116,2013-11-06 22:00:00+00:00,0.0
3116,2013-11-06 22:30:00+00:00,0.0
3116,2013-11-06 23:00:00+00:00,0.0
3116,2013-11-06 23:30:00+00:00,0.0
3116,2013-11-07 00:00:00+00:00,0.0
3116,2013-11-07 00:30:00+00:00,0.0
3116,2013-11-07 01:00:00+00:00,0.0
3116,2013-11-07 01:30:00+00:00,0.0
3116,2013-11-07 02:00:00+00:00,0.0
3116,2013-11-07 02:30:00+00:00,0.0
3116,2013-11-07 03:00:00+00:00,0.0
3116,2013-11-07 03:30:00+00:00,0.0
3116,2013-11-07 04:00:00+00:00,0.0
3116,2013-11-07 04:30:00+00:00,0.0
3116,2013-11-07 05:00:00+00:00,0.0
3116,2013-11-07 05:30:00+00:00,0.0
3116,2013-11-07 06:00:00+00:00,0.0
3116,2013-11-07 06:30:00+00:00,0.0
3116,2013-11-07 07:00:00+00:00,0.0
3116,2013-11-07 07:30:00+00:00,0.05
3116,2013-11-07 08:00:00+00:00,16.36
3116,2013-11-07 08:30:00+00:00,50.41
3116,2013-11-07 09:00:00+00:00,121.92
3116,2013-11-07 09:30:00+00:00,114.48
3116,2013-11-07 10:00:00+00:00,679.8
3116,2013-11-07 10:30:00+00:00,654.9
3116,2013-11-07 11:00:00+00:00,631.0
3116,2013-11-07 11:30:00+00:00,369.63
3116,2013-11-07 12:00:00+00:00,390.05
3116,2013-11-07 12:30:00+00:00,262.25
3116,2013-11-07 13:00:00+00:00,234.99
3116,2013-11-07 13:30:00+00:00,182.58
3116,2013-11-07 14:00:00+00:00,123.1
3116,2013-11-07 14:30:00+00:00,74.39
3116,2013-11-07 15:00:00+00:00,106.6
3116,2013-11-07 15:30:00+00:00,38.5
3116,2013-11-07 16:00:00+00:00,14.38
3116,2013-11-07 16:30:00+00:00,0.1
3116,2013-11-07 17:00:00+00:00,0.0
3116,2013-11-07 17:30:00+00:00,0.0
3116,2013-11-07 18:00:00+00:00,0.0
3116,2013-11-07 18:30:00+00:00,0.0
3116,2013-11-07 19:00:00+00:00,0.0
3116,2013-11-07 19:30:00+00:00,0.0
3116,2013-11-07 20:00:00+00:00,0.0
3116,2013-11-07 20:30:00+00:00,0.0
3116,2013-11-07 21:00:00+00:00,0.0
3116,2013-11-07 21:30:00+00:00,0.0
3116,2013-11-07 22:00:00+00:00,0.0
3116,2013-11-07 22:30:00+00:00,0.0
3116,2013-11-07 23:00:00+00:00,0.0
3116,2013-11-07 23:30:00+00:00,0.0
3116,2013-11-08 00:00:00+00:00,0.0
3116,2013-11-08 00:30:00+00:00,0.0
3116,2013-11-08 01:00:00+00:00,0.0
3116,2013-11-08 01:30:00+00:00,0.0
3116,2013-11-08 02:00:00+00:00,0.0
3116,2013-11-08 02:30:00+00:00,0.0
3116,2013-11-08 03:00:00+00:00,0.0
3116,2013-11-08 03:30:00+00:00,0.0
3116,2013-11-08 04:00:00+00:00,0.0
3116,2013-11-08 04:30:00+00:00,0.0
3116,2013-11-08 05:00:00+00:00,0.0
3116,2013-11-08 05:30:00+00:00,0.0
3116,2013-11-08 06:00:00+00:00,0.0
3116,2013-11-08 06:30:00+00:00,0.0
3116,2013-11-08 07:00:00+00:00,0.0
3116,2013-11-08 07:30:00+00:00,0.02
3116,2013-11-08 08:00:00+00:00,26.84
3116,2013-11-08 08:30:00+00:00,74.65
3116,2013-11-08 09:00:00+00:00,107.02
3116,2013-11-08 09:30:00+00:00,159.83
3116,2013-11-08 10:00:00+00:00,164.42
3116,2013-11-08 10:30:00+00:00,149.69
3116,2013-11-08 11:00:00+00:00,199.71
3116,2013-11-08 11:30:00+00:00,341.42
3116,2013-11-08 12:00:00+00:00,449.17
3116,2013-11-08 12:30:00+00:00,340.08
3116,2013-11-08 13:00:00+00:00,624.4
3116,2013-11-08 13:30:00+00:00,727.5
3116,2013-11-08 14:00:00+00:00,297.52
3116,2013-11-08 14:30:00+00:00,150.29
3116,2013-11-08 15:00:00+00:00,24.5
3116,2013-11-08 15:30:00+00:00,1.34
3116,2013-11-08 16:00:00+00:00,0.0
3116,2013-11-08 16:30:00+00:00,0.0
3116,2013-11-08 17:00:00+00:00,0.0
3116,2013-11-08 17:30:00+00:00,0.0
3116,2013-11-08 18:00:00+00:00,0.0
3116,2013-11-08 18:30:00+00:00,0.0
3116,2013-11-08 19:00:00+00:00,0.0
3116,2013-11-08 19:30:00+00:00,0.0
3116,2013-11-08 20:00:00+00:00,0.0
3116,2013-11-08 20:30:00+00:00,0.0
3116,2013-11-08 21:00:00+00:00,0.0
3116,2013-11-08 21:30:00+00:00,0.0
3116,2013-11-08 22:00:00+00:00,0.0
3116,2013-11-08 22:30:00+00:00,0.0
3116,2013-11-08 23:00:00+00:00,0.0
3116,2013-11-08 23:30:00+00:00,0.0
3116,2013-11-09 00:00:00+00:00,0.0
3116,2013-11-09 00:30:00+00:00,0.0
3116,2013-11-09 01:00:00+00:00,0.0
3116,2013-11-09 01:30:00+00:00,0.0
3116,2013-11-09 02:00:00+00:00,0.0
3116,2013-11-09 02:30:00+00:00,0.0
3116,2013-11-09 03:00:00+00:00,0.0
3116,2013-11-09 03:30:00+00:00,0.0
3116,2013-11-09 04:00:00+00:00,0.0
3116,2013-11-09 04:30:00+00:00,0.0
3116,2013-11-09 05:00:00+00:00,0.0
3116,2013-11-09 05:30:00+00:00,0.0
3116,2013-11-09 06:00:00+00:00,0.0
3116,2013-11-09 06:30:00+00:00,0.0
3116,2013-11-09 07:00:00+00:00,0.0
3116,2013-11-09 07:30:00+00:00,21.09
3116,2013-11-09 08:00:00+00:00,180.58
3116,2013-11-09 08:30:00+00:00,204.55
3116,2013-11-09 09:00:00+00:00,115.56
3116,2013-11-09 09:30:00+00:00,270.56
3116,2013-11-09 10:00:00+00:00,181.58
3116,2013-11-09 10:30:00+00:00,115.45
3116,2013-11-09 11:00:00+00:00,80.65
3116,2013-11-09 11:30:00+00:00,79.72
3116,2013-11-09 12:00:00+00:00,31.44
3116,2013-11-09 12:30:00+00:00,63.51
3116,2013-11-09 13:00:00+00:00,154.89
3116,2013-11-09 13:30:00+00:00,132.06
3116,2013-11-09 14:00:00+00:00,111.94
3116,2013-11-09 14:30:00+00:00,78.76
3116,2013-11-09 15:00:00+00:00,54.93
3116,2013-11-09 15:30:00+00:00,34.67
3116,2013-11-09 16:00:00+00:00,3.29
3116,2013-11-09 16:30:00+00:00,0.0
3116,2013-11-09 17:00:00+00:00,0.0
3116,2013-11-09 17:30:00+00:00,0.0
3116,2013-11-09 18:00:00+00:00,0.0
3116,2013-11-09 18:30:00+00:00,0.0
3116,2013-11-09 19:00:00+00:00,0.0
3116,2013-11-09 19:30:00+00:00,0.0
3116,2013-11-09 20:00:00+00:00,0.0
3116,2013-11-09 20:30:00+00:00,0.0
3116,2013-11-09 21:00:00+00:00,0.0
3116,2013-11-09 21:30:00+00:00,0.0
3116,2013-11-09 22:00:00+00:00,0.0
3116,2013-11-09 22:30:00+00:00,0.0
3116,2013-11-09 23:00:00+00:00,0.0
3116,2013-11-09 23:30:00+00:00,0.0
3116,2013-11-10 00:00:00+00:00,0.0
3116,2013-11-10 00:30:00+00:00,0.0
3116,2013-11-10 01:00:00+00:00,0.0
3116,2013-11-10 01:30:00+00:00,0.0
3116,2013-11-10 02:00:00+00:00,0.0
3116,2013-11-10 02:30:00+00:00,0.0
3116,2013-11-10 03:00:00+00:00,0.0
3116,2013-11-10 03:30:00+00:00,0.0
3116,2013-11-10 04:00:00+00:00,0.0
3116,2013-11-10 04:30:00+00:00,0.0
3116,2013-11-10 05:00:00+00:00,0.0
3116,2013-11-10 05:30:00+00:00,0.0
3116,2013-11-10 06:00:00+00:00,0.0
3116,2013-11-10 06:30:00+00:00,0.0
3116,2013-11-10 07:00:00+00:00,0.0
3116,2013-11-10 07:30:00+00:00,2.54
3116,2013-11-10 08:00:00+00:00,273.99
3116,2013-11-10 08:30:00+00:00,510.6
3116,2013-11-10 09:00:00+00:00,720.0
3116,2013-11-10 09:30:00+00:00,872.75
3116,2013-11-10 10:00:00+00:00,979.45
3116,2013-11-10 10:30:00+00:00,1068.8
3116,2013-11-10 11:00:00+00:00,1114.65
3116,2013-11-10 11:30:00+00:00,1134.85
3116,2013-11-10 12:00:00+00:00,1126.8
3116,2013-11-10 12:30:00+00:00,1091.05
3116,2013-11-10 13:00:00+00:00,969.6
3116,2013-11-10 13:30:00+00:00,911.95
3116,2013-11-10 14:00:00+00:00,796.3
3116,2013-11-10 14:30:00+00:00,679.55
3116,2013-11-10 15:00:00+00:00,507.4
3116,2013-11-10 15:30:00+00:00,308.05
3116,2013-11-10 16:00:00+00:00,45.79
3116,2013-11-10 16:30:00+00:00,0.0
3116,2013-11-10 17:00:00+00:00,0.0
3116,2013-11-10 17:30:00+00:00,0.0
3116,2013-11-10 18:00:00+00:00,0.0
3116,2013-11-10 18:30:00+00:00,0.0
3116,2013-11-10 19:00:00+00:00,0.0
3116,2013-11-10 19:30:00+00:00,0.0
3116,2013-11-10 20:00:00+00:00,0.0
3116,2013-11-10 20:30:00+00:00,0.0
3116,2013-11-10 21:00:00+00:00,0.0
3116,2013-11-10 21:30:00+00:00,0.0
3116,2013-11-10 22:00:00+00:00,0.0
3116,2013-11-10 22:30:00+00:00,0.0
3116,2013-11-10 23:00:00+00:00,0.0
3116,2013-11-10 23:30:00+00:00,0.0
3116,2013-11-11 00:00:00+00:00,0.0
3116,2013-11-11 00:30:00+00:00,0.0
3116,2013-11-11 01:00:00+00:00,0.0
3116,2013-11-11 01:30:00+00:00,0.0
3116,2013-11-11 02:00:00+00:00,0.0
3116,2013-11-11 02:30:00+00:00,0.0
3116,2013-11-11 03:00:00+00:00,0.0
3116,2013-11-11 03:30:00+00:00,0.0
3116,2013-11-11 04:00:00+00:00,0.0
3116,2013-11-11 04:30:00+00:00,0.0
3116,2013-11-11 05:00:00+00:00,0.0
3116,2013-11-11 05:30:00+00:00,0.0
3116,2013-11-11 06:00:00+00:00,0.0
3116,2013-11-11 06:30:00+00:00,0.0
3116,2013-11-11 07:00:00+00:00,0.0
3116,2013-11-11 07:30:00+00:00,0.43
3116,2013-11-11 08:00:00+00:00,0.03
3116,2013-11-11 08:30:00+00:00,11.64
3116,2013-11-11 09:00:00+00:00,31.86
3116,2013-11-11 09:30:00+00:00,46.21
3116,2013-11-11 10:00:00+00:00,123.83
3116,2013-11-11 10:30:00+00:00,152.83
3116,2013-11-11 11:00:00+00:00,97.23
3116,2013-11-11 11:30:00+00:00,74.4
3116,2013-11-11 12:00:00+00:00,83.88
3116,2013-11-11 12:30:00+00:00,75.52
3116,2013-11-11 13:00:00+00:00,42.2
3116,2013-11-11 13:30:00+00:00,56.84
3116,2013-11-11 14:00:00+00:00,75.68
3116,2013-11-11 14:30:00+00:00,50.2
3116,2013-11-11 15:00:00+00:00,10.85
3116,2013-11-11 15:30:00+00:00,1.28
3116,2013-11-11 16:00:00+00:00,0.02
3116,2013-11-11 16:30:00+00:00,0.0
3116,2013-11-11 17:00:00+00:00,0.0
3116,2013-11-11 17:30:00+00:00,0.0
3116,2013-11-11 18:00:00+00:00,0.0
3116,2013-11-11 18:30:00+00:00,0.0
3116,2013-11-11 19:00:00+00:00,0.0
3116,2013-11-11 19:30:00+00:00,0.0
3116,2013-11-11 20:00:00+00:00,0.0
3116,2013-11-11 20:30:00+00:00,0.0
3116,2013-11-11 21:00:00+00:00,0.0
3116,2013-11-11 21:30:00+00:00,0.0
3116,2013-11-11 22:00:00+00:00,0.0
3116,2013-11-11 22:30:00+00:00,0.0
3116,2013-11-11 23:00:00+00:00,0.0
3116,2013-11-11 23:30:00+00:00,0.0
3116,2013-11-12 00:00:00+00:00,0.0
3116,2013-11-12 00:30:00+00:00,0.0
3116,2013-11-12 01:00:00+00:00,0.0
3116,2013-11-12 01:30:00+00:00,0.0
3116,2013-11-12 02:00:00+00:00,0.0
3116,2013-11-12 02:30:00+00:00,0.0
3116,2013-11-12 03:00:00+00:00,0.0
3116,2013-11-12 03:30:00+00:00,0.0
3116,2013-11-12 04:00:00+00:00,0.0
3116,2013-11-12 04:30:00+00:00,0.0
3116,2013-11-12 05:00:00+00:00,0.0
3116,2013-11-12 05:30:00+00:00,0.0
3116,2013-11-12 06:00:00+00:00,0.0
3116,2013-11-12 06:30:00+00:00,0.0
3116,2013-11-12 07:00:00+00:00,0.0
3116,2013-11-12 07:30:00+00:00,0.01
3116,2013-11-12 08:00:00+00:00,8.3
3116,2013-11-12 08:30:00+00:00,22.86
3116,2013-11-12 09:00:00+00:00,35.07
3116,2013-11-12 09:30:00+00:00,107.97
3116,2013-11-12 10:00:00+00:00,132.53
3116,2013-11-12 10:30:00+00:00,87.41
3116,2013-11-12 11:00:00+00:00,133.32
3116,2013-11-12 11:30:00+00:00,251.1
3116,2013-11-12 12:00:00+00:00,240.52
3116,2013-11-12 12:30:00+00:00,464.71
3116,2013-11-12 13:00:00+00:00,430.04
3116,2013-11-12 13:30:00+00:00,188.63
3116,2013-11-12 14:00:00+00:00,388.87
3116,2013-11-12 14:30:00+00:00,123.32
3116,2013-11-12 15:00:00+00:00,82.25
3116,2013-11-12 15:30:00+00:00,34.32
3116,2013-11-12 16:00:00+00:00,14.74
3116,2013-11-12 16:30:00+00:00,0.0
3116,2013-11-12 17:00:00+00:00,0.0
3116,2013-11-12 17:30:00+00:00,0.0
3116,2013-11-12 18:00:00+00:00,0.0
3116,2013-11-12 18:30:00+00:00,0.0
3116,2013-11-12 19:00:00+00:00,0.0
3116,2013-11-12 19:30:00+00:00,0.0
3116,2013-11-12 20:00:00+00:00,0.0
3116,2013-11-12 20:30:00+00:00,0.0
3116,2013-11-12 21:00:00+00:00,0.0
3116,2013-11-12 21:30:00+00:00,0.0
3116,2013-11-12 22:00:00+00:00,0.0
3116,2013-11-12 22:30:00+00:00,0.0
3116,2013-11-12 23:00:00+00:00,0.0
3116,2013-11-12 23:30:00+00:00,0.0
3116,2013-11-13 00:00:00+00:00,0.0
3116,2013-11-13 00:30:00+00:00,0.0
3116,2013-11-13 01:00:00+00:00,0.0
3116,2013-11-13 01:30:00+00:00,0.0
3116,2013-11-13 02:00:00+00:00,0.0
3116,2013-11-13 02:30:00+00:00,0.0
3116,2013-11-13 03:00:00+00:00,0.0
3116,2013-11-13 03:30:00+00:00,0.0
3116,2013-11-13 04:00:00+00:00,0.0
3116,2013-11-13 04:30:00+00:00,0.0
3116,2013-11-13 05:00:00+00:00,0.0
3116,2013-11-13 05:30:00+00:00,0.0
3116,2013-11-13 06:00:00+00:00,0.0
3116,2013-11-13 06:30:00+00:00,0.0
3116,2013-11-13 07:00:00+00:00,0.0
3116,2013-11-13 07:30:00+00:00,4.61
3116,2013-11-13 08:00:00+00:00,187.36
3116,2013-11-13 08:30:00+00:00,401.92
3116,2013-11-13 09:00:00+00:00,602.15
3116,2013-11-13 09:30:00+00:00,780.95
3116,2013-11-13 10:00:00+00:00,920.35
3116,2013-11-13 10:30:00+00:00,945.15
3116,2013-11-13 11:00:00+00:00,1016.65
3116,2013-11-13 11:30:00+00:00,993.85
3116,2013-11-13 12:00:00+00:00,759.5
3116,2013-11-13 12:30:00+00:00,990.9
3116,2013-11-13 13:00:00+00:00,896.4
3116,2013-11-13 13:30:00+00:00,735.55
3116,2013-11-13 14:00:00+00:00,544.3
3116,2013-11-13 14:30:00+00:00,480.64
3116,2013-11-13 15:00:00+00:00,262.22
3116,2013-11-13 15:30:00+00:00,62.99
3116,2013-11-13 16:00:00+00:00,10.99
3116,2013-11-13 16:30:00+00:00,0.0
3116,2013-11-13 17:00:00+00:00,0.0
3116,2013-11-13 17:30:00+00:00,0.0
3116,2013-11-13 18:00:00+00:00,0.0
3116,2013-11-13 18:30:00+00:00,0.0
3116,2013-11-13 19:00:00+00:00,0.0
3116,2013-11-13 19:30:00+00:00,0.0
3116,2013-11-13 20:00:00+00:00,0.0
3116,2013-11-13 20:30:00+00:00,0.0
3116,2013-11-13 21:00:00+00:00,0.0
3116,2013-11-13 21:30:00+00:00,0.0
3116,2013-11-13 22:00:00+00:00,0.0
3116,2013-11-13 22:30:00+00:00,0.0
3116,2013-11-13 23:00:00+00:00,0.0
3116,2013-11-13 23:30:00+00:00,0.0
3116,2013-11-14 00:00:00+00:00,0.0
3116,2013-11-14 00:30:00+00:00,0.0
3116,2013-11-14 01:00:00+00:00,0.0
3116,2013-11-14 01:30:00+00:00,0.0
3116,2013-11-14 02:00:00+00:00,0.0
3116,2013-11-14 02:30:00+00:00,0.0
3116,2013-11-14 03:00:00+00:00,0.0
3116,2013-11-14 03:30:00+00:00,0.0
3116,2013-11-14 04:00:00+00:00,0.0
3116,2013-11-14 04:30:00+00:00,0.0
3116,2013-11-14 05:00:00+00:00,0.0
3116,2013-11-14 05:30:00+00:00,0.0
3116,2013-11-14 06:00:00+00:00,0.0
3116,2013-11-14 06:30:00+00:00,0.0
3116,2013-11-14 07:00:00+00:00,0.0
3116,2013-11-14 07:30:00+00:00,0.01
3116,2013-11-14 08:00:00+00:00,19.32
3116,2013-11-14 08:30:00+00:00,122.13
3116,2013-11-14 09:00:00+00:00,453.42
3116,2013-11-14 09:30:00+00:00,703.05
3116,2013-11-14 10:00:00+00:00,868.5
3116,2013-11-14 10:30:00+00:00,904.3
3116,2013-11-14 11:00:00+00:00,860.85
3116,2013-11-14 11:30:00+00:00,831.25
3116,2013-11-14 12:00:00+00:00,1000.05
3116,2013-11-14 12:30:00+00:00,909.2
3116,2013-11-14 13:00:00+00:00,391.92
3116,2013-11-14 13:30:00+00:00,284.73
3116,2013-11-14 14:00:00+00:00,440.61
3116,2013-11-14 14:30:00+00:00,570.3
3116,2013-11-14 15:00:00+00:00,365.32
3116,2013-11-14 15:30:00+00:00,133.0
3116,2013-11-14 16:00:00+00:00,17.86
3116,2013-11-14 16:30:00+00:00,0.0
3116,2013-11-14 17:00:00+00:00,0.0
3116,2013-11-14 17:30:00+00:00,0.0
3116,2013-11-14 18:00:00+00:00,0.0
3116,2013-11-14 18:30:00+00:00,0.0
3116,2013-11-14 19:00:00+00:00,0.0
3116,2013-11-14 19:30:00+00:00,0.0
3116,2013-11-14 20:00:00+00:00,0.0
3116,2013-11-14 20:30:00+00:00,0.0
3116,2013-11-14 21:00:00+00:00,0.0
3116,2013-11-14 21:30:00+00:00,0.0
3116,2013-11-14 22:00:00+00:00,0.0
3116,2013-11-14 22:30:00+00:00,0.0
3116,2013-11-14 23:00:00+00:00,0.0
3116,2013-11-14 23:30:00+00:00,0.0
3116,2013-11-15 00:00:00+00:00,0.0
3116,2013-11-15 00:30:00+00:00,0.0
3116,2013-11-15 01:00:00+00:00,0.0
3116,2013-11-15 01:30:00+00:00,0.0
3116,2013-11-15 02:00:00+00:00,0.0
3116,2013-11-15 02:30:00+00:00,0.0
3116,2013-11-15 03:00:00+00:00,0.0
3116,2013-11-15 03:30:00+00:00,0.0
3116,2013-11-15 04:00:00+00:00,0.0
3116,2013-11-15 04:30:00+00:00,0.0
3116,2013-11-15 05:00:00+00:00,0.0
3116,2013-11-15 05:30:00+00:00,0.0
3116,2013-11-15 06:00:00+00:00,0.0
3116,2013-11-15 06:30:00+00:00,0.0
3116,2013-11-15 07:00:00+00:00,0.0
3116,2013-11-15 07:30:00+00:00,0.02
3116,2013-11-15 08:00:00+00:00,100.86
3116,2013-11-15 08:30:00+00:00,170.5
3116,2013-11-15 09:00:00+00:00,583.0
3116,2013-11-15 09:30:00+00:00,744.9
3116,2013-11-15 10:00:00+00:00,858.25
3116,2013-11-15 10:30:00+00:00,961.75
3116,2013-11-15 11:00:00+00:00,1015.25
3116,2013-11-15 11:30:00+00:00,1034.2
3116,2013-11-15 12:00:00+00:00,1022.75
3116,2013-11-15 12:30:00+00:00,994.95
3116,2013-11-15 13:00:00+00:00,911.2
3116,2013-11-15 13:30:00+00:00,797.35
3116,2013-11-15 14:00:00+00:00,244.92
3116,2013-11-15 14:30:00+00:00,144.7
3116,2013-11-15 15:00:00+00:00,244.95
3116,2013-11-15 15:30:00+00:00,83.89
3116,2013-11-15 16:00:00+00:00,4.83
3116,2013-11-15 16:30:00+00:00,0.0
3116,2013-11-15 17:00:00+00:00,0.0
3116,2013-11-15 17:30:00+00:00,0.0
3116,2013-11-15 18:00:00+00:00,0.0
3116,2013-11-15 18:30:00+00:00,0.0
3116,2013-11-15 19:00:00+00:00,0.0
3116,2013-11-15 19:30:00+00:00,0.0
3116,2013-11-15 20:00:00+00:00,0.0
3116,2013-11-15 20:30:00+00:00,0.0
3116,2013-11-15 21:00:00+00:00,0.0
3116,2013-11-15 21:30:00+00:00,0.0
3116,2013-11-15 22:00:00+00:00,0.0
3116,2013-11-15 22:30:00+00:00,0.0
3116,2013-11-15 23:00:00+00:00,0.0
3116,2013-11-15 23:30:00+00:00,0.0
3116,2013-11-16 00:00:00+00:00,0.0
3116,2013-11-16 00:30:00+00:00,0.0
3116,2013-11-16 01:00:00+00:00,0.0
3116,2013-11-16 01:30:00+00:00,0.0
3116,2013-11-16 02:00:00+00:00,0.0
3116,2013-11-16 02:30:00+00:00,0.0
3116,2013-11-16 03:00:00+00:00,0.0
3116,2013-11-16 03:30:00+00:00,0.0
3116,2013-11-16 04:00:00+00:00,0.0
3116,2013-11-16 04:30:00+00:00,0.0
3116,2013-11-16 05:00:00+00:00,0.0
3116,2013-11-16 05:30:00+00:00,0.0
3116,2013-11-16 06:00:00+00:00,0.0
3116,2013-11-16 06:30:00+00:00,0.0
3116,2013-11-16 07:00:00+00:00,0.0
3116,2013-11-16 07:30:00+00:00,0.81
3116,2013-11-16 08:00:00+00:00,155.46
3116,2013-11-16 08:30:00+00:00,422.97
3116,2013-11-16 09:00:00+00:00,411.28
3116,2013-11-16 09:30:00+00:00,257.71
3116,2013-11-16 10:00:00+00:00,797.9
3116,2013-11-16 10:30:00+00:00,917.15
3116,2013-11-16 11:00:00+00:00,945.85
3116,2013-11-16 11:30:00+00:00,990.15
3116,2013-11-16 12:00:00+00:00,975.7
3116,2013-11-16 12:30:00+00:00,931.0
3116,2013-11-16 13:00:00+00:00,812.15
3116,2013-11-16 13:30:00+00:00,568.8
3116,2013-11-16 14:00:00+00:00,385.94
3116,2013-11-16 14:30:00+00:00,107.79
3116,2013-11-16 15:00:00+00:00,160.45
3116,2013-11-16 15:30:00+00:00,130.83
3116,2013-11-16 16:00:00+00:00,5.39
3116,2013-11-16 16:30:00+00:00,0.0
3116,2013-11-16 17:00:00+00:00,0.0
3116,2013-11-16 17:30:00+00:00,0.0
3116,2013-11-16 18:00:00+00:00,0.0
3116,2013-11-16 18:30:00+00:00,0.0
3116,2013-11-16 19:00:00+00:00,0.0
3116,2013-11-16 19:30:00+00:00,0.0
3116,2013-11-16 20:00:00+00:00,0.0
3116,2013-11-16 20:30:00+00:00,0.0
3116,2013-11-16 21:00:00+00:00,0.0
3116,2013-11-16 21:30:00+00:00,0.0
3116,2013-11-16 22:00:00+00:00,0.0
3116,2013-11-16 22:30:00+00:00,0.0
3116,2013-11-16 23:00:00+00:00,0.0
3116,2013-11-16 23:30:00+00:00,0.0
3116,2013-11-17 00:00:00+00:00,0.0
3116,2013-11-17 00:30:00+00:00,0.0
3116,2013-11-17 01:00:00+00:00,0.0
3116,2013-11-17 01:30:00+00:00,0.0
3116,2013-11-17 02:00:00+00:00,0.0
3116,2013-11-17 02:30:00+00:00,0.0
3116,2013-11-17 03:00:00+00:00,0.0
3116,2013-11-17 03:30:00+00:00,0.0
3116,2013-11-17 04:00:00+00:00,0.0
3116,2013-11-17 04:30:00+00:00,0.0
3116,2013-11-17 05:00:00+00:00,0.0
3116,2013-11-17 05:30:00+00:00,0.0
3116,2013-11-17 06:00:00+00:00,0.0
3116,2013-11-17 06:30:00+00:00,0.0
3116,2013-11-17 07:00:00+00:00,0.0
3116,2013-11-17 07:30:00+00:00,0.0
3116,2013-11-17 08:00:00+00:00,1.86
3116,2013-11-17 08:30:00+00:00,20.25
3116,2013-11-17 09:00:00+00:00,50.18
3116,2013-11-17 09:30:00+00:00,45.43
3116,2013-11-17 10:00:00+00:00,44.33
3116,2013-11-17 10:30:00+00:00,68.25
3116,2013-11-17 11:00:00+00:00,58.12
3116,2013-11-17 11:30:00+00:00,42.79
3116,2013-11-17 12:00:00+00:00,53.74
3116,2013-11-17 12:30:00+00:00,44.04
3116,2013-11-17 13:00:00+00:00,32.27
3116,2013-11-17 13:30:00+00:00,31.16
3116,2013-11-17 14:00:00+00:00,24.24
3116,2013-11-17 14:30:00+00:00,16.71
3116,2013-11-17 15:00:00+00:00,5.01
3116,2013-11-17 15:30:00+00:00,0.03
3116,2013-11-17 16:00:00+00:00,0.0
3116,2013-11-17 16:30:00+00:00,0.0
3116,2013-11-17 17:00:00+00:00,0.0
3116,2013-11-17 17:30:00+00:00,0.0
3116,2013-11-17 18:00:00+00:00,0.0
3116,2013-11-17 18:30:00+00:00,0.0
3116,2013-11-17 19:00:00+00:00,0.0
3116,2013-11-17 19:30:00+00:00,0.0
3116,2013-11-17 20:00:00+00:00,0.0
3116,2013-11-17 20:30:00+00:00,0.0
3116,2013-11-17 21:00:00+00:00,0.0
3116,2013-11-17 21:30:00+00:00,0.0
3116,2013-11-17 22:00:00+00:00,0.0
3116,2013-11-17 22:30:00+00:00,0.0
3116,2013-11-17 23:00:00+00:00,0.0
3116,2013-11-17 23:30:00+00:00,0.0
3116,2013-11-18 00:00:00+00:00,0.0
3116,2013-11-18 00:30:00+00:00,0.0
3116,2013-11-18 01:00:00+00:00,0.0
3116,2013-11-18 01:30:00+00:00,0.0
3116,2013-11-18 02:00:00+00:00,0.0
3116,2013-11-18 02:30:00+00:00,0.0
3116,2013-11-18 03:00:00+00:00,0.0
3116,2013-11-18 03:30:00+00:00,0.0
3116,2013-11-18 04:00:00+00:00,0.0
3116,2013-11-18 04:30:00+00:00,0.0
3116,2013-11-18 05:00:00+00:00,0.0
3116,2013-11-18 05:30:00+00:00,0.0
3116,2013-11-18 06:00:00+00:00,0.0
3116,2013-11-18 06:30:00+00:00,0.0
3116,2013-11-18 07:00:00+00:00,0.0
3116,2013-11-18 07:30:00+00:00,0.0
3116,2013-11-18 08:00:00+00:00,0.04
3116,2013-11-18 08:30:00+00:00,4.92
3116,2013-11-18 09:00:00+00:00,22.92
3116,2013-11-18 09:30:00+00:00,48.21
3116,2013-11-18 10:00:00+00:00,70.82
3116,2013-11-18 10:30:00+00:00,38.29
3116,2013-11-18 11:00:00+00:00,78.32
3116,2013-11-18 11:30:00+00:00,77.89
3116,2013-11-18 12:00:00+00:00,103.91
3116,2013-11-18 12:30:00+00:00,99.21
3116,2013-11-18 13:00:00+00:00,73.19
3116,2013-11-18 13:30:00+00:00,44.95
3116,2013-11-18 14:00:00+00:00,64.81
3116,2013-11-18 14:30:00+00:00,62.6
3116,2013-11-18 15:00:00+00:00,5.6
3116,2013-11-18 15:30:00+00:00,0.62
3116,2013-11-18 16:00:00+00:00,0.0
3116,2013-11-18 16:30:00+00:00,0.0
3116,2013-11-18 17:00:00+00:00,0.0
3116,2013-11-18 17:30:00+00:00,0.0
3116,2013-11-18 18:00:00+00:00,0.0
3116,2013-11-18 18:30:00+00:00,0.0
3116,2013-11-18 19:00:00+00:00,0.0
3116,2013-11-18 19:30:00+00:00,0.0
3116,2013-11-18 20:00:00+00:00,0.0
3116,2013-11-18 20:30:00+00:00,0.0
3116,2013-11-18 21:00:00+00:00,0.0
3116,2013-11-18 21:30:00+00:00,0.0
3116,2013-11-18 22:00:00+00:00,0.0
3116,2013-11-18 22:30:00+00:00,0.0
3116,2013-11-18 23:00:00+00:00,0.0
3116,2013-11-18 23:30:00+00:00,0.0
3116,2013-11-19 00:00:00+00:00,0.0
3116,2013-11-19 00:30:00+00:00,0.0
3116,2013-11-19 01:00:00+00:00,0.0
3116,2013-11-19 01:30:00+00:00,0.0
3116,2013-11-19 02:00:00+00:00,0.0
3116,2013-11-19 02:30:00+00:00,0.0
3116,2013-11-19 03:00:00+00:00,0.0
3116,2013-11-19 03:30:00+00:00,0.0
3116,2013-11-19 04:00:00+00:00,0.0
3116,2013-11-19 04:30:00+00:00,0.0
3116,2013-11-19 05:00:00+00:00,0.0
3116,2013-11-19 05:30:00+00:00,0.0
3116,2013-11-19 06:00:00+00:00,0.0
3116,2013-11-19 06:30:00+00:00,0.0
3116,2013-11-19 07:00:00+00:00,0.0
3116,2013-11-19 07:30:00+00:00,0.03
3116,2013-11-19 08:00:00+00:00,92.35
3116,2013-11-19 08:30:00+00:00,376.51
3116,2013-11-19 09:00:00+00:00,602.75
3116,2013-11-19 09:30:00+00:00,783.7
3116,2013-11-19 10:00:00+00:00,885.65
3116,2013-11-19 10:30:00+00:00,913.95
3116,2013-11-19 11:00:00+00:00,533.65
3116,2013-11-19 11:30:00+00:00,141.21
3116,2013-11-19 12:00:00+00:00,210.27
3116,2013-11-19 12:30:00+00:00,380.78
3116,2013-11-19 13:00:00+00:00,1008.45
3116,2013-11-19 13:30:00+00:00,802.0
3116,2013-11-19 14:00:00+00:00,784.75
3116,2013-11-19 14:30:00+00:00,601.85
3116,2013-11-19 15:00:00+00:00,442.84
3116,2013-11-19 15:30:00+00:00,210.9
3116,2013-11-19 16:00:00+00:00,28.94
3116,2013-11-19 16:30:00+00:00,0.0
3116,2013-11-19 17:00:00+00:00,0.0
3116,2013-11-19 17:30:00+00:00,0.0
3116,2013-11-19 18:00:00+00:00,0.0
3116,2013-11-19 18:30:00+00:00,0.0
3116,2013-11-19 19:00:00+00:00,0.0
3116,2013-11-19 19:30:00+00:00,0.0
3116,2013-11-19 20:00:00+00:00,0.0
3116,2013-11-19 20:30:00+00:00,0.0
3116,2013-11-19 21:00:00+00:00,0.0
3116,2013-11-19 21:30:00+00:00,0.0
3116,2013-11-19 22:00:00+00:00,0.0
3116,2013-11-19 22:30:00+00:00,0.0
3116,2013-11-19 23:00:00+00:00,0.0
3116,2013-11-19 23:30:00+00:00,0.0
3116,2013-11-20 00:00:00+00:00,0.0
3116,2013-11-20 00:30:00+00:00,0.0
3116,2013-11-20 01:00:00+00:00,0.0
3116,2013-11-20 01:30:00+00:00,0.0
3116,2013-11-20 02:00:00+00:00,0.0
3116,2013-11-20 02:30:00+00:00,0.0
3116,2013-11-20 03:00:00+00:00,0.0
3116,2013-11-20 03:30:00+00:00,0.0
3116,2013-11-20 04:00:00+00:00,0.0
3116,2013-11-20 04:30:00+00:00,0.0
3116,2013-11-20 05:00:00+00:00,0.0
3116,2013-11-20 05:30:00+00:00,0.0
3116,2013-11-20 06:00:00+00:00,0.0
3116,2013-11-20 06:30:00+00:00,0.0
3116,2013-11-20 07:00:00+00:00,0.0
3116,2013-11-20 07:30:00+00:00,0.0
3116,2013-11-20 08:00:00+00:00,0.0
3116,2013-11-20 08:30:00+00:00,0.09
3116,2013-11-20 09:00:00+00:00,0.0
3116,2013-11-20 09:30:00+00:00,1.62
3116,2013-11-20 10:00:00+00:00,11.68
3116,2013-11-20 10:30:00+00:00,25.89
3116,2013-11-20 11:00:00+00:00,36.1
3116,2013-11-20 11:30:00+00:00,60.12
3116,2013-11-20 12:00:00+00:00,37.65
3116,2013-11-20 12:30:00+00:00,4.91
3116,2013-11-20 13:00:00+00:00,114.42
3116,2013-11-20 13:30:00+00:00,104.46
3116,2013-11-20 14:00:00+00:00,100.71
3116,2013-11-20 14:30:00+00:00,491.56
3116,2013-11-20 15:00:00+00:00,371.97
3116,2013-11-20 15:30:00+00:00,173.56
3116,2013-11-20 16:00:00+00:00,19.89
3116,2013-11-20 16:30:00+00:00,0.0
3116,2013-11-20 17:00:00+00:00,0.0
3116,2013-11-20 17:30:00+00:00,0.0
3116,2013-11-20 18:00:00+00:00,0.0
3116,2013-11-20 18:30:00+00:00,0.0
3116,2013-11-20 19:00:00+00:00,0.0
3116,2013-11-20 19:30:00+00:00,0.0
3116,2013-11-20 20:00:00+00:00,0.0
3116,2013-11-20 20:30:00+00:00,0.0
3116,2013-11-20 21:00:00+00:00,0.0
3116,2013-11-20 21:30:00+00:00,0.0
3116,2013-11-20 22:00:00+00:00,0.0
3116,2013-11-20 22:30:00+00:00,0.0
3116,2013-11-20 23:00:00+00:00,0.0
3116,2013-11-20 23:30:00+00:00,0.0
3116,2013-11-21 00:00:00+00:00,0.0
3116,2013-11-21 00:30:00+00:00,0.0
3116,2013-11-21 01:00:00+00:00,0.0
3116,2013-11-21 01:30:00+00:00,0.0
3116,2013-11-21 02:00:00+00:00,0.0
3116,2013-11-21 02:30:00+00:00,0.0
3116,2013-11-21 03:00:00+00:00,0.0
3116,2013-11-21 03:30:00+00:00,0.0
3116,2013-11-21 04:00:00+00:00,0.0
3116,2013-11-21 04:30:00+00:00,0.0
3116,2013-11-21 05:00:00+00:00,0.0
3116,2013-11-21 05:30:00+00:00,0.0
3116,2013-11-21 06:00:00+00:00,0.0
3116,2013-11-21 06:30:00+00:00,0.0
3116,2013-11-21 07:00:00+00:00,0.0
3116,2013-11-21 07:30:00+00:00,0.0
3116,2013-11-21 08:00:00+00:00,9.97
3116,2013-11-21 08:30:00+00:00,26.01
3116,2013-11-21 09:00:00+00:00,6.7
3116,2013-11-21 09:30:00+00:00,5.83
3116,2013-11-21 10:00:00+00:00,16.57
3116,2013-11-21 10:30:00+00:00,99.64
3116,2013-11-21 11:00:00+00:00,44.75
3116,2013-11-21 11:30:00+00:00,53.69
3116,2013-11-21 12:00:00+00:00,46.38
3116,2013-11-21 12:30:00+00:00,79.49
3116,2013-11-21 13:00:00+00:00,115.24
3116,2013-11-21 13:30:00+00:00,190.84
3116,2013-11-21 14:00:00+00:00,440.63
3116,2013-11-21 14:30:00+00:00,442.36
3116,2013-11-21 15:00:00+00:00,380.65
3116,2013-11-21 15:30:00+00:00,177.79
3116,2013-11-21 16:00:00+00:00,16.7
3116,2013-11-21 16:30:00+00:00,0.0
3116,2013-11-21 17:00:00+00:00,0.0
3116,2013-11-21 17:30:00+00:00,0.0
3116,2013-11-21 18:00:00+00:00,0.0
3116,2013-11-21 18:30:00+00:00,0.0
3116,2013-11-21 19:00:00+00:00,0.0
3116,2013-11-21 19:30:00+00:00,0.0
3116,2013-11-21 20:00:00+00:00,0.0
3116,2013-11-21 20:30:00+00:00,0.0
3116,2013-11-21 21:00:00+00:00,0.0
3116,2013-11-21 21:30:00+00:00,0.0
3116,2013-11-21 22:00:00+00:00,0.0
3116,2013-11-21 22:30:00+00:00,0.0
3116,2013-11-21 23:00:00+00:00,0.0
3116,2013-11-21 23:30:00+00:00,0.0
3116,2013-11-22 00:00:00+00:00,0.0
3116,2013-11-22 00:30:00+00:00,0.0
3116,2013-11-22 01:00:00+00:00,0.0
3116,2013-11-22 01:30:00+00:00,0.0
3116,2013-11-22 02:00:00+00:00,0.0
3116,2013-11-22 02:30:00+00:00,0.0
3116,2013-11-22 03:00:00+00:00,0.0
3116,2013-11-22 03:30:00+00:00,0.0
3116,2013-11-22 04:00:00+00:00,0.0
3116,2013-11-22 04:30:00+00:00,0.0
3116,2013-11-22 05:00:00+00:00,0.0
3116,2013-11-22 05:30:00+00:00,0.0
3116,2013-11-22 06:00:00+00:00,0.0
3116,2013-11-22 06:30:00+00:00,0.0
3116,2013-11-22 07:00:00+00:00,0.0
3116,2013-11-22 07:30:00+00:00,0.0
3116,2013-11-22 08:00:00+00:00,0.09
3116,2013-11-22 08:30:00+00:00,26.32
3116,2013-11-22 09:00:00+00:00,49.21
3116,2013-11-22 09:30:00+00:00,128.26
3116,2013-11-22 10:00:00+00:00,361.02
3116,2013-11-22 10:30:00+00:00,199.87
3116,2013-11-22 11:00:00+00:00,468.38
3116,2013-11-22 11:30:00+00:00,460.24
3116,2013-11-22 12:00:00+00:00,388.77
3116,2013-11-22 12:30:00+00:00,343.1
3116,2013-11-22 13:00:00+00:00,532.35
3116,2013-11-22 13:30:00+00:00,477.62
3116,2013-11-22 14:00:00+00:00,666.15
3116,2013-11-22 14:30:00+00:00,576.1
3116,2013-11-22 15:00:00+00:00,377.67
3116,2013-11-22 15:30:00+00:00,191.63
3116,2013-11-22 16:00:00+00:00,17.79
3116,2013-11-22 16:30:00+00:00,0.0
3116,2013-11-22 17:00:00+00:00,0.0
3116,2013-11-22 17:30:00+00:00,0.0
3116,2013-11-22 18:00:00+00:00,0.0
3116,2013-11-22 18:30:00+00:00,0.0
3116,2013-11-22 19:00:00+00:00,0.0
3116,2013-11-22 19:30:00+00:00,0.0
3116,2013-11-22 20:00:00+00:00,0.0
3116,2013-11-22 20:30:00+00:00,0.0
3116,2013-11-22 21:00:00+00:00,0.0
3116,2013-11-22 21:30:00+00:00,0.0
3116,2013-11-22 22:00:00+00:00,0.0
3116,2013-11-22 22:30:00+00:00,0.0
3116,2013-11-22 23:00:00+00:00,0.0
3116,2013-11-22 23:30:00+00:00,0.0
3116,2013-11-23 00:00:00+00:00,0.0
3116,2013-11-23 00:30:00+00:00,0.0
3116,2013-11-23 01:00:00+00:00,0.0
3116,2013-11-23 01:30:00+00:00,0.0
3116,2013-11-23 02:00:00+00:00,0.0
3116,2013-11-23 02:30:00+00:00,0.0
3116,2013-11-23 03:00:00+00:00,0.0
3116,2013-11-23 03:30:00+00:00,0.0
3116,2013-11-23 04:00:00+00:00,0.0
3116,2013-11-23 04:30:00+00:00,0.0
3116,2013-11-23 05:00:00+00:00,0.0
3116,2013-11-23 05:30:00+00:00,0.0
3116,2013-11-23 06:00:00+00:00,0.0
3116,2013-11-23 06:30:00+00:00,0.0
3116,2013-11-23 07:00:00+00:00,0.0
3116,2013-11-23 07:30:00+00:00,0.01
3116,2013-11-23 08:00:00+00:00,0.09
3116,2013-11-23 08:30:00+00:00,63.58
3116,2013-11-23 09:00:00+00:00,230.25
3116,2013-11-23 09:30:00+00:00,686.95
3116,2013-11-23 10:00:00+00:00,823.7
3116,2013-11-23 10:30:00+00:00,886.55
3116,2013-11-23 11:00:00+00:00,1000.0
3116,2013-11-23 11:30:00+00:00,1021.25
3116,2013-11-23 12:00:00+00:00,1028.3
3116,2013-11-23 12:30:00+00:00,990.95
3116,2013-11-23 13:00:00+00:00,916.15
3116,2013-11-23 13:30:00+00:00,833.35
3116,2013-11-23 14:00:00+00:00,706.3
3116,2013-11-23 14:30:00+00:00,536.7
3116,2013-11-23 15:00:00+00:00,292.84
3116,2013-11-23 15:30:00+00:00,105.65
3116,2013-11-23 16:00:00+00:00,7.22
3116,2013-11-23 16:30:00+00:00,0.0
3116,2013-11-23 17:00:00+00:00,0.0
3116,2013-11-23 17:30:00+00:00,0.0
3116,2013-11-23 18:00:00+00:00,0.0
3116,2013-11-23 18:30:00+00:00,0.0
3116,2013-11-23 19:00:00+00:00,0.0
3116,2013-11-23 19:30:00+00:00,0.0
3116,2013-11-23 20:00:00+00:00,0.0
3116,2013-11-23 20:30:00+00:00,0.0
3116,2013-11-23 21:00:00+00:00,0.0
3116,2013-11-23 21:30:00+00:00,0.0
3116,2013-11-23 22:00:00+00:00,0.0
3116,2013-11-23 22:30:00+00:00,0.0
3116,2013-11-23 23:00:00+00:00,0.0
3116,2013-11-23 23:30:00+00:00,0.0
3116,2013-11-24 00:00:00+00:00,0.0
3116,2013-11-24 00:30:00+00:00,0.0
3116,2013-11-24 01:00:00+00:00,0.0
3116,2013-11-24 01:30:00+00:00,0.0
3116,2013-11-24 02:00:00+00:00,0.0
3116,2013-11-24 02:30:00+00:00,0.0
3116,2013-11-24 03:00:00+00:00,0.0
3116,2013-11-24 03:30:00+00:00,0.0
3116,2013-11-24 04:00:00+00:00,0.0
3116,2013-11-24 04:30:00+00:00,0.0
3116,2013-11-24 05:00:00+00:00,0.0
3116,2013-11-24 05:30:00+00:00,0.0
3116,2013-11-24 06:00:00+00:00,0.0
3116,2013-11-24 06:30:00+00:00,0.0
3116,2013-11-24 07:00:00+00:00,0.0
3116,2013-11-24 07:30:00+00:00,0.0
3116,2013-11-24 08:00:00+00:00,0.0
3116,2013-11-24 08:30:00+00:00,11.73
3116,2013-11-24 09:00:00+00:00,62.93
3116,2013-11-24 09:30:00+00:00,79.8
3116,2013-11-24 10:00:00+00:00,214.37
3116,2013-11-24 10:30:00+00:00,451.41
3116,2013-11-24 11:00:00+00:00,219.34
3116,2013-11-24 11:30:00+00:00,279.05
3116,2013-11-24 12:00:00+00:00,361.61
3116,2013-11-24 12:30:00+00:00,152.21
3116,2013-11-24 13:00:00+00:00,102.09
3116,2013-11-24 13:30:00+00:00,87.31
3116,2013-11-24 14:00:00+00:00,62.17
3116,2013-11-24 14:30:00+00:00,67.11
3116,2013-11-24 15:00:00+00:00,160.87
3116,2013-11-24 15:30:00+00:00,12.12
3116,2013-11-24 16:00:00+00:00,0.03
3116,2013-11-24 16:30:00+00:00,0.0
3116,2013-11-24 17:00:00+00:00,0.0
3116,2013-11-24 17:30:00+00:00,0.0
3116,2013-11-24 18:00:00+00:00,0.0
3116,2013-11-24 18:30:00+00:00,0.0
3116,2013-11-24 19:00:00+00:00,0.0
3116,2013-11-24 19:30:00+00:00,0.0
3116,2013-11-24 20:00:00+00:00,0.0
3116,2013-11-24 20:30:00+00:00,0.0
3116,2013-11-24 21:00:00+00:00,0.0
3116,2013-11-24 21:30:00+00:00,0.0
3116,2013-11-24 22:00:00+00:00,0.0
3116,2013-11-24 22:30:00+00:00,0.0
3116,2013-11-24 23:00:00+00:00,0.0
3116,2013-11-24 23:30:00+00:00,0.0
3116,2013-11-25 00:00:00+00:00,0.0
3116,2013-11-25 00:30:00+00:00,0.0
3116,2013-11-25 01:00:00+00:00,0.0
3116,2013-11-25 01:30:00+00:00,0.0
3116,2013-11-25 02:00:00+00:00,0.0
3116,2013-11-25 02:30:00+00:00,0.0
3116,2013-11-25 03:00:00+00:00,0.0
3116,2013-11-25 03:30:00+00:00,0.0
3116,2013-11-25 04:00:00+00:00,0.0
3116,2013-11-25 04:30:00+00:00,0.0
3116,2013-11-25 05:00:00+00:00,0.0
3116,2013-11-25 05:30:00+00:00,0.0
3116,2013-11-25 06:00:00+00:00,0.0
3116,2013-11-25 06:30:00+00:00,0.0
3116,2013-11-25 07:00:00+00:00,0.0
3116,2013-11-25 07:30:00+00:00,0.0
3116,2013-11-25 08:00:00+00:00,11.28
3116,2013-11-25 08:30:00+00:00,46.91
3116,2013-11-25 09:00:00+00:00,332.87
3116,2013-11-25 09:30:00+00:00,488.52
3116,2013-11-25 10:00:00+00:00,622.6
3116,2013-11-25 10:30:00+00:00,638.85
3116,2013-11-25 11:00:00+00:00,917.6
3116,2013-11-25 11:30:00+00:00,475.64
3116,2013-11-25 12:00:00+00:00,649.6
3116,2013-11-25 12:30:00+00:00,593.2
3116,2013-11-25 13:00:00+00:00,890.4
3116,2013-11-25 13:30:00+00:00,201.43
3116,2013-11-25 14:00:00+00:00,376.53
3116,2013-11-25 14:30:00+00:00,93.19
3116,2013-11-25 15:00:00+00:00,34.13
3116,2013-11-25 15:30:00+00:00,24.17
3116,2013-11-25 16:00:00+00:00,4.99
3116,2013-11-25 16:30:00+00:00,0.0
3116,2013-11-25 17:00:00+00:00,0.0
3116,2013-11-25 17:30:00+00:00,0.0
3116,2013-11-25 18:00:00+00:00,0.0
3116,2013-11-25 18:30:00+00:00,0.0
3116,2013-11-25 19:00:00+00:00,0.0
3116,2013-11-25 19:30:00+00:00,0.0
3116,2013-11-25 20:00:00+00:00,0.0
3116,2013-11-25 20:30:00+00:00,0.0
3116,2013-11-25 21:00:00+00:00,0.0
3116,2013-11-25 21:30:00+00:00,0.0
3116,2013-11-25 22:00:00+00:00,0.0
3116,2013-11-25 22:30:00+00:00,0.0
3116,2013-11-25 23:00:00+00:00,0.0
3116,2013-11-25 23:30:00+00:00,0.0
3116,2013-11-26 00:00:00+00:00,0.0
3116,2013-11-26 00:30:00+00:00,0.0
3116,2013-11-26 01:00:00+00:00,0.0
3116,2013-11-26 01:30:00+00:00,0.0
3116,2013-11-26 02:00:00+00:00,0.0
3116,2013-11-26 02:30:00+00:00,0.0
3116,2013-11-26 03:00:00+00:00,0.0
3116,2013-11-26 03:30:00+00:00,0.0
3116,2013-11-26 04:00:00+00:00,0.0
3116,2013-11-26 04:30:00+00:00,0.0
3116,2013-11-26 05:00:00+00:00,0.0
3116,2013-11-26 05:30:00+00:00,0.0
3116,2013-11-26 06:00:00+00:00,0.0
3116,2013-11-26 06:30:00+00:00,0.0
3116,2013-11-26 07:00:00+00:00,0.0
3116,2013-11-26 07:30:00+00:00,0.0
3116,2013-11-26 08:00:00+00:00,0.01
3116,2013-11-26 08:30:00+00:00,29.52
3116,2013-11-26 09:00:00+00:00,165.95
3116,2013-11-26 09:30:00+00:00,368.62
3116,2013-11-26 10:00:00+00:00,692.25
3116,2013-11-26 10:30:00+00:00,684.05
3116,2013-11-26 11:00:00+00:00,702.7
3116,2013-11-26 11:30:00+00:00,680.2
3116,2013-11-26 12:00:00+00:00,749.1
3116,2013-11-26 12:30:00+00:00,530.9
3116,2013-11-26 13:00:00+00:00,402.62
3116,2013-11-26 13:30:00+00:00,390.55
3116,2013-11-26 14:00:00+00:00,219.58
3116,2013-11-26 14:30:00+00:00,299.28
3116,2013-11-26 15:00:00+00:00,81.5
3116,2013-11-26 15:30:00+00:00,13.56
3116,2013-11-26 16:00:00+00:00,0.0
3116,2013-11-26 16:30:00+00:00,0.0
3116,2013-11-26 17:00:00+00:00,0.0
3116,2013-11-26 17:30:00+00:00,0.0
3116,2013-11-26 18:00:00+00:00,0.0
3116,2013-11-26 18:30:00+00:00,0.0
3116,2013-11-26 19:00:00+00:00,0.0
3116,2013-11-26 19:30:00+00:00,0.0
3116,2013-11-26 20:00:00+00:00,0.0
3116,2013-11-26 20:30:00+00:00,0.0
3116,2013-11-26 21:00:00+00:00,0.0
3116,2013-11-26 21:30:00+00:00,0.0
3116,2013-11-26 22:00:00+00:00,0.0
3116,2013-11-26 22:30:00+00:00,0.0
3116,2013-11-26 23:00:00+00:00,0.0
3116,2013-11-26 23:30:00+00:00,0.0
3116,2013-11-27 00:00:00+00:00,0.0
3116,2013-11-27 00:30:00+00:00,0.0
3116,2013-11-27 01:00:00+00:00,0.0
3116,2013-11-27 01:30:00+00:00,0.0
3116,2013-11-27 02:00:00+00:00,0.0
3116,2013-11-27 02:30:00+00:00,0.0
3116,2013-11-27 03:00:00+00:00,0.0
3116,2013-11-27 03:30:00+00:00,0.0
3116,2013-11-27 04:00:00+00:00,0.0
3116,2013-11-27 04:30:00+00:00,0.0
3116,2013-11-27 05:00:00+00:00,0.0
3116,2013-11-27 05:30:00+00:00,0.0
3116,2013-11-27 06:00:00+00:00,0.0
3116,2013-11-27 06:30:00+00:00,0.0
3116,2013-11-27 07:00:00+00:00,0.0
3116,2013-11-27 07:30:00+00:00,0.0
3116,2013-11-27 08:00:00+00:00,0.0
3116,2013-11-27 08:30:00+00:00,0.06
3116,2013-11-27 09:00:00+00:00,11.71
3116,2013-11-27 09:30:00+00:00,43.07
3116,2013-11-27 10:00:00+00:00,101.55
3116,2013-11-27 10:30:00+00:00,102.03
3116,2013-11-27 11:00:00+00:00,98.27
3116,2013-11-27 11:30:00+00:00,67.27
3116,2013-11-27 12:00:00+00:00,97.79
3116,2013-11-27 12:30:00+00:00,146.77
3116,2013-11-27 13:00:00+00:00,174.6
3116,2013-11-27 13:30:00+00:00,111.71
3116,2013-11-27 14:00:00+00:00,46.5
3116,2013-11-27 14:30:00+00:00,36.99
3116,2013-11-27 15:00:00+00:00,49.69
3116,2013-11-27 15:30:00+00:00,4.29
3116,2013-11-27 16:00:00+00:00,0.0
3116,2013-11-27 16:30:00+00:00,0.0
3116,2013-11-27 17:00:00+00:00,0.0
3116,2013-11-27 17:30:00+00:00,0.0
3116,2013-11-27 18:00:00+00:00,0.0
3116,2013-11-27 18:30:00+00:00,0.0
3116,2013-11-27 19:00:00+00:00,0.0
3116,2013-11-27 19:30:00+00:00,0.0
3116,2013-11-27 20:00:00+00:00,0.0
3116,2013-11-27 20:30:00+00:00,0.0
3116,2013-11-27 21:00:00+00:00,0.0
3116,2013-11-27 21:30:00+00:00,0.0
3116,2013-11-27 22:00:00+00:00,0.0
3116,2013-11-27 22:30:00+00:00,0.0
3116,2013-11-27 23:00:00+00:00,0.0
3116,2013-11-27 23:30:00+00:00,0.0
3116,2013-11-28 00:00:00+00:00,0.0
3116,2013-11-28 00:30:00+00:00,0.0
3116,2013-11-28 01:00:00+00:00,0.0
3116,2013-11-28 01:30:00+00:00,0.0
3116,2013-11-28 02:00:00+00:00,0.0
3116,2013-11-28 02:30:00+00:00,0.0
3116,2013-11-28 03:00:00+00:00,0.0
3116,2013-11-28 03:30:00+00:00,0.0
3116,2013-11-28 04:00:00+00:00,0.0
3116,2013-11-28 04:30:00+00:00,0.0
3116,2013-11-28 05:00:00+00:00,0.0
3116,2013-11-28 05:30:00+00:00,0.0
3116,2013-11-28 06:00:00+00:00,0.0
3116,2013-11-28 06:30:00+00:00,0.0
3116,2013-11-28 07:00:00+00:00,0.0
3116,2013-11-28 07:30:00+00:00,0.0
3116,2013-11-28 08:00:00+00:00,0.01
3116,2013-11-28 08:30:00+00:00,0.04
3116,2013-11-28 09:00:00+00:00,0.0
3116,2013-11-28 09:30:00+00:00,10.17
3116,2013-11-28 10:00:00+00:00,24.83
3116,2013-11-28 10:30:00+00:00,28.68
3116,2013-11-28 11:00:00+00:00,43.25
3116,2013-11-28 11:30:00+00:00,76.97
3116,2013-11-28 12:00:00+00:00,125.29
3116,2013-11-28 12:30:00+00:00,74.55
3116,2013-11-28 13:00:00+00:00,70.57
3116,2013-11-28 13:30:00+00:00,70.45
3116,2013-11-28 14:00:00+00:00,30.11
3116,2013-11-28 14:30:00+00:00,23.63
3116,2013-11-28 15:00:00+00:00,23.23
3116,2013-11-28 15:30:00+00:00,12.3
3116,2013-11-28 16:00:00+00:00,0.02
3116,2013-11-28 16:30:00+00:00,0.0
3116,2013-11-28 17:00:00+00:00,0.0
3116,2013-11-28 17:30:00+00:00,0.0
3116,2013-11-28 18:00:00+00:00,0.0
3116,2013-11-28 18:30:00+00:00,0.0
3116,2013-11-28 19:00:00+00:00,0.0
3116,2013-11-28 19:30:00+00:00,0.0
3116,2013-11-28 20:00:00+00:00,0.0
3116,2013-11-28 20:30:00+00:00,0.0
3116,2013-11-28 21:00:00+00:00,0.0
3116,2013-11-28 21:30:00+00:00,0.0
3116,2013-11-28 22:00:00+00:00,0.0
3116,2013-11-28 22:30:00+00:00,0.0
3116,2013-11-28 23:00:00+00:00,0.0
3116,2013-11-28 23:30:00+00:00,0.0
3116,2013-11-29 00:00:00+00:00,0.0
3116,2013-11-29 00:30:00+00:00,0.0
3116,2013-11-29 01:00:00+00:00,0.0
3116,2013-11-29 01:30:00+00:00,0.0
3116,2013-11-29 02:00:00+00:00,0.0
3116,2013-11-29 02:30:00+00:00,0.0
3116,2013-11-29 03:00:00+00:00,0.0
3116,2013-11-29 03:30:00+00:00,0.0
3116,2013-11-29 04:00:00+00:00,0.0
3116,2013-11-29 04:30:00+00:00,0.0
3116,2013-11-29 05:00:00+00:00,0.0
3116,2013-11-29 05:30:00+00:00,0.0
3116,2013-11-29 06:00:00+00:00,0.0
3116,2013-11-29 06:30:00+00:00,0.0
3116,2013-11-29 07:00:00+00:00,0.0
3116,2013-11-29 07:30:00+00:00,0.0
3116,2013-11-29 08:00:00+00:00,0.01
3116,2013-11-29 08:30:00+00:00,12.59
3116,2013-11-29 09:00:00+00:00,22.7
3116,2013-11-29 09:30:00+00:00,67.08
3116,2013-11-29 10:00:00+00:00,94.88
3116,2013-11-29 10:30:00+00:00,123.53
3116,2013-11-29 11:00:00+00:00,189.66
3116,2013-11-29 11:30:00+00:00,189.92
3116,2013-11-29 12:00:00+00:00,208.82
3116,2013-11-29 12:30:00+00:00,169.92
3116,2013-11-29 13:00:00+00:00,156.71
3116,2013-11-29 13:30:00+00:00,57.81
3116,2013-11-29 14:00:00+00:00,26.58
3116,2013-11-29 14:30:00+00:00,42.47
3116,2013-11-29 15:00:00+00:00,25.15
3116,2013-11-29 15:30:00+00:00,15.52
3116,2013-11-29 16:00:00+00:00,0.0
3116,2013-11-29 16:30:00+00:00,0.0
3116,2013-11-29 17:00:00+00:00,0.0
3116,2013-11-29 17:30:00+00:00,0.0
3116,2013-11-29 18:00:00+00:00,0.0
3116,2013-11-29 18:30:00+00:00,0.0
3116,2013-11-29 19:00:00+00:00,0.0
3116,2013-11-29 19:30:00+00:00,0.0
3116,2013-11-29 20:00:00+00:00,0.0
3116,2013-11-29 20:30:00+00:00,0.0
3116,2013-11-29 21:00:00+00:00,0.0
3116,2013-11-29 21:30:00+00:00,0.0
3116,2013-11-29 22:00:00+00:00,0.0
3116,2013-11-29 22:30:00+00:00,0.0
3116,2013-11-29 23:00:00+00:00,0.0
3116,2013-11-29 23:30:00+00:00,0.0
3116,2013-11-30 00:00:00+00:00,0.0
3116,2013-11-30 00:30:00+00:00,0.0
3116,2013-11-30 01:00:00+00:00,0.0
3116,2013-11-30 01:30:00+00:00,0.0
3116,2013-11-30 02:00:00+00:00,0.0
3116,2013-11-30 02:30:00+00:00,0.0
3116,2013-11-30 03:00:00+00:00,0.0
3116,2013-11-30 03:30:00+00:00,0.0
3116,2013-11-30 04:00:00+00:00,0.0
3116,2013-11-30 04:30:00+00:00,0.0
3116,2013-11-30 05:00:00+00:00,0.0
3116,2013-11-30 05:30:00+00:00,0.0
3116,2013-11-30 06:00:00+00:00,0.0
3116,2013-11-30 06:30:00+00:00,0.0
3116,2013-11-30 07:00:00+00:00,0.0
3116,2013-11-30 07:30:00+00:00,0.0
3116,2013-11-30 08:00:00+00:00,0.08
3116,2013-11-30 08:30:00+00:00,30.98
3116,2013-11-30 09:00:00+00:00,314.08
3116,2013-11-30 09:30:00+00:00,667.05
3116,2013-11-30 10:00:00+00:00,147.28
3116,2013-11-30 10:30:00+00:00,97.61
3116,2013-11-30 11:00:00+00:00,177.99
3116,2013-11-30 11:30:00+00:00,198.22
3116,2013-11-30 12:00:00+00:00,183.76
3116,2013-11-30 12:30:00+00:00,305.69
3116,2013-11-30 13:00:00+00:00,115.81
3116,2013-11-30 13:30:00+00:00,83.23
3116,2013-11-30 14:00:00+00:00,86.52
3116,2013-11-30 14:30:00+00:00,191.16
3116,2013-11-30 15:00:00+00:00,51.2
3116,2013-11-30 15:30:00+00:00,4.7
3116,2013-11-30 16:00:00+00:00,0.0
3116,2013-11-30 16:30:00+00:00,0.0
3116,2013-11-30 17:00:00+00:00,0.0
3116,2013-11-30 17:30:00+00:00,0.0
3116,2013-11-30 18:00:00+00:00,0.0
3116,2013-11-30 18:30:00+00:00,0.0
3116,2013-11-30 19:00:00+00:00,0.0
3116,2013-11-30 19:30:00+00:00,0.0
3116,2013-11-30 20:00:00+00:00,0.0
3116,2013-11-30 20:30:00+00:00,0.0
3116,2013-11-30 21:00:00+00:00,0.0
3116,2013-11-30 21:30:00+00:00,0.0
3116,2013-11-30 22:00:00+00:00,0.0
3116,2013-11-30 22:30:00+00:00,0.0
3116,2013-11-30 23:00:00+00:00,0.0
3116,2013-11-30 23:30:00+00:00,0.0
3116,2013-12-01 00:30:00+00:00,0.0
3116,2013-12-01 01:00:00+00:00,0.0
3116,2013-12-01 01:30:00+00:00,0.0
3116,2013-12-01 02:00:00+00:00,0.0
3116,2013-12-01 02:30:00+00:00,0.0
3116,2013-12-01 03:00:00+00:00,0.0
3116,2013-12-01 03:30:00+00:00,0.0
3116,2013-12-01 04:00:00+00:00,0.0
3116,2013-12-01 04:30:00+00:00,0.0
3116,2013-12-01 05:00:00+00:00,0.0
3116,2013-12-01 05:30:00+00:00,0.0
3116,2013-12-01 06:00:00+00:00,0.0
3116,2013-12-01 06:30:00+00:00,0.0
3116,2013-12-01 07:00:00+00:00,0.0
3116,2013-12-01 07:30:00+00:00,0.0
3116,2013-12-01 08:00:00+00:00,0.0
3116,2013-12-01 08:30:00+00:00,0.01
3116,2013-12-01 09:00:00+00:00,15.2
3116,2013-12-01 09:30:00+00:00,48.14
3116,2013-12-01 10:00:00+00:00,59.97
3116,2013-12-01 10:30:00+00:00,81.62
3116,2013-12-01 11:00:00+00:00,95.41
3116,2013-12-01 11:30:00+00:00,107.17
3116,2013-12-01 12:00:00+00:00,130.94
3116,2013-12-01 12:30:00+00:00,129.3
3116,2013-12-01 13:00:00+00:00,129.35
3116,2013-12-01 13:30:00+00:00,676.7
3116,2013-12-01 14:00:00+00:00,278.08
3116,2013-12-01 14:30:00+00:00,408.87
3116,2013-12-01 15:00:00+00:00,225.56
3116,2013-12-01 15:30:00+00:00,15.22
3116,2013-12-01 16:00:00+00:00,0.0
3116,2013-12-01 16:30:00+00:00,0.0
3116,2013-12-01 17:00:00+00:00,0.0
3116,2013-12-01 17:30:00+00:00,0.0
3116,2013-12-01 18:00:00+00:00,0.0
3116,2013-12-01 18:30:00+00:00,0.0
3116,2013-12-01 19:00:00+00:00,0.0
3116,2013-12-01 19:30:00+00:00,0.0
3116,2013-12-01 20:00:00+00:00,0.0
3116,2013-12-01 20:30:00+00:00,0.0
3116,2013-12-01 21:00:00+00:00,0.0
3116,2013-12-01 21:30:00+00:00,0.0
3116,2013-12-01 22:00:00+00:00,0.0
3116,2013-12-01 22:30:00+00:00,0.0
3116,2013-12-01 23:00:00+00:00,0.0
3116,2013-12-01 23:30:00+00:00,0.0
3116,2013-12-02 00:00:00+00:00,0.0
3116,2013-12-02 00:30:00+00:00,0.0
3116,2013-12-02 01:00:00+00:00,0.0
3116,2013-12-02 01:30:00+00:00,0.0
3116,2013-12-02 02:00:00+00:00,0.0
3116,2013-12-02 02:30:00+00:00,0.0
3116,2013-12-02 03:00:00+00:00,0.0
3116,2013-12-02 03:30:00+00:00,0.0
3116,2013-12-02 04:00:00+00:00,0.0
3116,2013-12-02 04:30:00+00:00,0.0
3116,2013-12-02 05:00:00+00:00,0.0
3116,2013-12-02 05:30:00+00:00,0.0
3116,2013-12-02 06:00:00+00:00,0.0
3116,2013-12-02 06:30:00+00:00,0.0
3116,2013-12-02 07:00:00+00:00,0.0
3116,2013-12-02 07:30:00+00:00,0.0
3116,2013-12-02 08:00:00+00:00,0.02
3116,2013-12-02 08:30:00+00:00,0.02
3116,2013-12-02 09:00:00+00:00,10.93
3116,2013-12-02 09:30:00+00:00,31.84
3116,2013-12-02 10:00:00+00:00,30.72
3116,2013-12-02 10:30:00+00:00,57.23
3116,2013-12-02 11:00:00+00:00,58.5
3116,2013-12-02 11:30:00+00:00,91.18
3116,2013-12-02 12:00:00+00:00,128.07
3116,2013-12-02 12:30:00+00:00,103.42
3116,2013-12-02 13:00:00+00:00,83.85
3116,2013-12-02 13:30:00+00:00,64.38
3116,2013-12-02 14:00:00+00:00,94.91
3116,2013-12-02 14:30:00+00:00,81.66
3116,2013-12-02 15:00:00+00:00,36.55
3116,2013-12-02 15:30:00+00:00,6.73
3116,2013-12-02 16:00:00+00:00,0.0
3116,2013-12-02 16:30:00+00:00,0.0
3116,2013-12-02 17:00:00+00:00,0.0
3116,2013-12-02 17:30:00+00:00,0.0
3116,2013-12-02 18:00:00+00:00,0.0
3116,2013-12-02 18:30:00+00:00,0.0
3116,2013-12-02 19:00:00+00:00,0.0
3116,2013-12-02 19:30:00+00:00,0.0
3116,2013-12-02 20:00:00+00:00,0.0
3116,2013-12-02 20:30:00+00:00,0.0
3116,2013-12-02 21:00:00+00:00,0.0
3116,2013-12-02 21:30:00+00:00,0.0
3116,2013-12-02 22:00:00+00:00,0.0
3116,2013-12-02 22:30:00+00:00,0.0
3116,2013-12-02 23:00:00+00:00,0.0
3116,2013-12-02 23:30:00+00:00,0.0
3116,2013-12-03 00:00:00+00:00,0.0
3116,2013-12-03 00:30:00+00:00,0.0
3116,2013-12-03 01:00:00+00:00,0.0
3116,2013-12-03 01:30:00+00:00,0.0
3116,2013-12-03 02:00:00+00:00,0.0
3116,2013-12-03 02:30:00+00:00,0.0
3116,2013-12-03 03:00:00+00:00,0.0
3116,2013-12-03 03:30:00+00:00,0.0
3116,2013-12-03 04:00:00+00:00,0.0
3116,2013-12-03 04:30:00+00:00,0.0
3116,2013-12-03 05:00:00+00:00,0.0
3116,2013-12-03 05:30:00+00:00,0.0
3116,2013-12-03 06:00:00+00:00,0.0
3116,2013-12-03 06:30:00+00:00,0.0
3116,2013-12-03 07:00:00+00:00,0.0
3116,2013-12-03 07:30:00+00:00,0.0
3116,2013-12-03 08:00:00+00:00,0.0
3116,2013-12-03 08:30:00+00:00,0.02
3116,2013-12-03 09:00:00+00:00,5.56
3116,2013-12-03 09:30:00+00:00,31.04
3116,2013-12-03 10:00:00+00:00,49.96
3116,2013-12-03 10:30:00+00:00,74.02
3116,2013-12-03 11:00:00+00:00,78.45
3116,2013-12-03 11:30:00+00:00,86.52
3116,2013-12-03 12:00:00+00:00,79.69
3116,2013-12-03 12:30:00+00:00,75.79
3116,2013-12-03 13:00:00+00:00,72.02
3116,2013-12-03 13:30:00+00:00,76.06
3116,2013-12-03 14:00:00+00:00,61.67
3116,2013-12-03 14:30:00+00:00,33.07
3116,2013-12-03 15:00:00+00:00,13.4
3116,2013-12-03 15:30:00+00:00,0.05
3116,2013-12-03 16:00:00+00:00,0.0
3116,2013-12-03 16:30:00+00:00,0.0
3116,2013-12-03 17:00:00+00:00,0.0
3116,2013-12-03 17:30:00+00:00,0.0
3116,2013-12-03 18:00:00+00:00,0.0
3116,2013-12-03 18:30:00+00:00,0.0
3116,2013-12-03 19:00:00+00:00,0.0
3116,2013-12-03 19:30:00+00:00,0.0
3116,2013-12-03 20:00:00+00:00,0.0
3116,2013-12-03 20:30:00+00:00,0.0
3116,2013-12-03 21:00:00+00:00,0.0
3116,2013-12-03 21:30:00+00:00,0.0
3116,2013-12-03 22:00:00+00:00,0.0
3116,2013-12-03 22:30:00+00:00,0.0
3116,2013-12-03 23:00:00+00:00,0.0
3116,2013-12-03 23:30:00+00:00,0.0
3116,2013-12-04 00:00:00+00:00,0.0
3116,2013-12-04 00:30:00+00:00,0.0
3116,2013-12-04 01:00:00+00:00,0.0
3116,2013-12-04 01:30:00+00:00,0.0
3116,2013-12-04 02:00:00+00:00,0.0
3116,2013-12-04 02:30:00+00:00,0.0
3116,2013-12-04 03:00:00+00:00,0.0
3116,2013-12-04 03:30:00+00:00,0.0
3116,2013-12-04 04:00:00+00:00,0.0
3116,2013-12-04 04:30:00+00:00,0.0
3116,2013-12-04 05:00:00+00:00,0.0
3116,2013-12-04 05:30:00+00:00,0.0
3116,2013-12-04 06:00:00+00:00,0.0
3116,2013-12-04 06:30:00+00:00,0.0
3116,2013-12-04 07:00:00+00:00,0.0
3116,2013-12-04 07:30:00+00:00,0.0
3116,2013-12-04 08:00:00+00:00,0.01
3116,2013-12-04 08:30:00+00:00,0.9
3116,2013-12-04 09:00:00+00:00,83.82
3116,2013-12-04 09:30:00+00:00,115.04
3116,2013-12-04 10:00:00+00:00,55.25
3116,2013-12-04 10:30:00+00:00,96.99
3116,2013-12-04 11:00:00+00:00,67.35
3116,2013-12-04 11:30:00+00:00,61.87
3116,2013-12-04 12:00:00+00:00,52.76
3116,2013-12-04 12:30:00+00:00,53.72
3116,2013-12-04 13:00:00+00:00,136.26
3116,2013-12-04 13:30:00+00:00,135.32
3116,2013-12-04 14:00:00+00:00,145.49
3116,2013-12-04 14:30:00+00:00,96.0
3116,2013-12-04 15:00:00+00:00,74.76
3116,2013-12-04 15:30:00+00:00,28.26
3116,2013-12-04 16:00:00+00:00,1.68
3116,2013-12-04 16:30:00+00:00,0.0
3116,2013-12-04 17:00:00+00:00,0.0
3116,2013-12-04 17:30:00+00:00,0.0
3116,2013-12-04 18:00:00+00:00,0.0
3116,2013-12-04 18:30:00+00:00,0.0
3116,2013-12-04 19:00:00+00:00,0.0
3116,2013-12-04 19:30:00+00:00,0.0
3116,2013-12-04 20:00:00+00:00,0.0
3116,2013-12-04 20:30:00+00:00,0.0
3116,2013-12-04 21:00:00+00:00,0.0
3116,2013-12-04 21:30:00+00:00,0.0
3116,2013-12-04 22:00:00+00:00,0.0
3116,2013-12-04 22:30:00+00:00,0.0
3116,2013-12-04 23:00:00+00:00,0.0
3116,2013-12-04 23:30:00+00:00,0.0
3116,2013-12-05 00:00:00+00:00,0.0
3116,2013-12-05 00:30:00+00:00,0.0
3116,2013-12-05 01:00:00+00:00,0.0
3116,2013-12-05 01:30:00+00:00,0.0
3116,2013-12-05 02:00:00+00:00,0.0
3116,2013-12-05 02:30:00+00:00,0.0
3116,2013-12-05 03:00:00+00:00,0.0
3116,2013-12-05 03:30:00+00:00,0.0
3116,2013-12-05 04:00:00+00:00,0.0
3116,2013-12-05 04:30:00+00:00,0.0
3116,2013-12-05 05:00:00+00:00,0.0
3116,2013-12-05 05:30:00+00:00,0.0
3116,2013-12-05 06:00:00+00:00,0.0
3116,2013-12-05 06:30:00+00:00,0.0
3116,2013-12-05 07:00:00+00:00,0.0
3116,2013-12-05 07:30:00+00:00,0.0
3116,2013-12-05 08:00:00+00:00,0.03
3116,2013-12-05 08:30:00+00:00,5.87
3116,2013-12-05 09:00:00+00:00,26.5
3116,2013-12-05 09:30:00+00:00,60.39
3116,2013-12-05 10:00:00+00:00,112.4
3116,2013-12-05 10:30:00+00:00,129.7
3116,2013-12-05 11:00:00+00:00,230.47
3116,2013-12-05 11:30:00+00:00,416.73
3116,2013-12-05 12:00:00+00:00,656.45
3116,2013-12-05 12:30:00+00:00,428.04
3116,2013-12-05 13:00:00+00:00,221.1
3116,2013-12-05 13:30:00+00:00,576.25
3116,2013-12-05 14:00:00+00:00,124.07
3116,2013-12-05 14:30:00+00:00,93.95
3116,2013-12-05 15:00:00+00:00,17.97
3116,2013-12-05 15:30:00+00:00,1.76
3116,2013-12-05 16:00:00+00:00,0.0
3116,2013-12-05 16:30:00+00:00,0.0
3116,2013-12-05 17:00:00+00:00,0.0
3116,2013-12-05 17:30:00+00:00,0.0
3116,2013-12-05 18:00:00+00:00,0.0
3116,2013-12-05 18:30:00+00:00,0.0
3116,2013-12-05 19:00:00+00:00,0.0
3116,2013-12-05 19:30:00+00:00,0.0
3116,2013-12-05 20:00:00+00:00,0.0
3116,2013-12-05 20:30:00+00:00,0.0
3116,2013-12-05 21:00:00+00:00,0.0
3116,2013-12-05 21:30:00+00:00,0.0
3116,2013-12-05 22:00:00+00:00,0.0
3116,2013-12-05 22:30:00+00:00,0.0
3116,2013-12-05 23:00:00+00:00,0.0
3116,2013-12-05 23:30:00+00:00,0.0
3116,2013-12-06 00:00:00+00:00,0.0
3116,2013-12-06 00:30:00+00:00,0.0
3116,2013-12-06 01:00:00+00:00,0.0
3116,2013-12-06 01:30:00+00:00,0.0
3116,2013-12-06 02:00:00+00:00,0.0
3116,2013-12-06 02:30:00+00:00,0.0
3116,2013-12-06 03:00:00+00:00,0.0
3116,2013-12-06 03:30:00+00:00,0.0
3116,2013-12-06 04:00:00+00:00,0.0
3116,2013-12-06 04:30:00+00:00,0.0
3116,2013-12-06 05:00:00+00:00,0.0
3116,2013-12-06 05:30:00+00:00,0.0
3116,2013-12-06 06:00:00+00:00,0.0
3116,2013-12-06 06:30:00+00:00,0.0
3116,2013-12-06 07:00:00+00:00,0.0
3116,2013-12-06 07:30:00+00:00,0.0
3116,2013-12-06 08:00:00+00:00,0.05
3116,2013-12-06 08:30:00+00:00,86.28
3116,2013-12-06 09:00:00+00:00,52.78
3116,2013-12-06 09:30:00+00:00,58.34
3116,2013-12-06 10:00:00+00:00,70.69
3116,2013-12-06 10:30:00+00:00,305.95
3116,2013-12-06 11:00:00+00:00,248.14
3116,2013-12-06 11:30:00+00:00,616.75
3116,2013-12-06 12:00:00+00:00,418.45
3116,2013-12-06 12:30:00+00:00,125.48
3116,2013-12-06 13:00:00+00:00,127.36
3116,2013-12-06 13:30:00+00:00,153.58
3116,2013-12-06 14:00:00+00:00,62.78
3116,2013-12-06 14:30:00+00:00,25.56
3116,2013-12-06 15:00:00+00:00,13.39
3116,2013-12-06 15:30:00+00:00,0.51
3116,2013-12-06 16:00:00+00:00,0.0
3116,2013-12-06 16:30:00+00:00,0.0
3116,2013-12-06 17:00:00+00:00,0.0
3116,2013-12-06 17:30:00+00:00,0.0
3116,2013-12-06 18:00:00+00:00,0.0
3116,2013-12-06 18:30:00+00:00,0.0
3116,2013-12-06 19:00:00+00:00,0.0
3116,2013-12-06 19:30:00+00:00,0.0
3116,2013-12-06 20:00:00+00:00,0.0
3116,2013-12-06 20:30:00+00:00,0.0
3116,2013-12-06 21:00:00+00:00,0.0
3116,2013-12-06 21:30:00+00:00,0.0
3116,2013-12-06 22:00:00+00:00,0.0
3116,2013-12-06 22:30:00+00:00,0.0
3116,2013-12-06 23:00:00+00:00,0.0
3116,2013-12-06 23:30:00+00:00,0.0
3116,2013-12-07 00:00:00+00:00,0.0
3116,2013-12-07 00:30:00+00:00,0.0
3116,2013-12-07 01:00:00+00:00,0.0
3116,2013-12-07 01:30:00+00:00,0.0
3116,2013-12-07 02:00:00+00:00,0.0
3116,2013-12-07 02:30:00+00:00,0.0
3116,2013-12-07 03:00:00+00:00,0.0
3116,2013-12-07 03:30:00+00:00,0.0
3116,2013-12-07 04:00:00+00:00,0.0
3116,2013-12-07 04:30:00+00:00,0.0
3116,2013-12-07 05:00:00+00:00,0.0
3116,2013-12-07 05:30:00+00:00,0.0
3116,2013-12-07 06:00:00+00:00,0.0
3116,2013-12-07 06:30:00+00:00,0.0
3116,2013-12-07 07:00:00+00:00,0.0
3116,2013-12-07 07:30:00+00:00,0.0
3116,2013-12-07 08:00:00+00:00,0.05
3116,2013-12-07 08:30:00+00:00,14.22
3116,2013-12-07 09:00:00+00:00,83.82
3116,2013-12-07 09:30:00+00:00,35.2
3116,2013-12-07 10:00:00+00:00,47.44
3116,2013-12-07 10:30:00+00:00,61.64
3116,2013-12-07 11:00:00+00:00,87.61
3116,2013-12-07 11:30:00+00:00,186.03
3116,2013-12-07 12:00:00+00:00,197.12
3116,2013-12-07 12:30:00+00:00,185.39
3116,2013-12-07 13:00:00+00:00,270.54
3116,2013-12-07 13:30:00+00:00,116.83
3116,2013-12-07 14:00:00+00:00,104.78
3116,2013-12-07 14:30:00+00:00,70.88
3116,2013-12-07 15:00:00+00:00,64.67
3116,2013-12-07 15:30:00+00:00,18.58
3116,2013-12-07 16:00:00+00:00,2.45
3116,2013-12-07 16:30:00+00:00,0.0
3116,2013-12-07 17:00:00+00:00,0.0
3116,2013-12-07 17:30:00+00:00,0.0
3116,2013-12-07 18:00:00+00:00,0.0
3116,2013-12-07 18:30:00+00:00,0.0
3116,2013-12-07 19:00:00+00:00,0.0
3116,2013-12-07 19:30:00+00:00,0.0
3116,2013-12-07 20:00:00+00:00,0.0
3116,2013-12-07 20:30:00+00:00,0.0
3116,2013-12-07 21:00:00+00:00,0.0
3116,2013-12-07 21:30:00+00:00,0.0
3116,2013-12-07 22:00:00+00:00,0.0
3116,2013-12-07 22:30:00+00:00,0.0
3116,2013-12-07 23:00:00+00:00,0.0
3116,2013-12-07 23:30:00+00:00,0.0
3116,2013-12-08 00:00:00+00:00,0.0
3116,2013-12-08 00:30:00+00:00,0.0
3116,2013-12-08 01:00:00+00:00,0.0
3116,2013-12-08 01:30:00+00:00,0.0
3116,2013-12-08 02:00:00+00:00,0.0
3116,2013-12-08 02:30:00+00:00,0.0
3116,2013-12-08 03:00:00+00:00,0.0
3116,2013-12-08 03:30:00+00:00,0.0
3116,2013-12-08 04:00:00+00:00,0.0
3116,2013-12-08 04:30:00+00:00,0.0
3116,2013-12-08 05:00:00+00:00,0.0
3116,2013-12-08 05:30:00+00:00,0.0
3116,2013-12-08 06:00:00+00:00,0.0
3116,2013-12-08 06:30:00+00:00,0.0
3116,2013-12-08 07:00:00+00:00,0.0
3116,2013-12-08 07:30:00+00:00,0.0
3116,2013-12-08 08:00:00+00:00,0.67
3116,2013-12-08 08:30:00+00:00,87.79
3116,2013-12-08 09:00:00+00:00,247.9
3116,2013-12-08 09:30:00+00:00,109.94
3116,2013-12-08 10:00:00+00:00,346.42
3116,2013-12-08 10:30:00+00:00,376.5
3116,2013-12-08 11:00:00+00:00,280.31
3116,2013-12-08 11:30:00+00:00,383.08
3116,2013-12-08 12:00:00+00:00,310.83
3116,2013-12-08 12:30:00+00:00,853.3
3116,2013-12-08 13:00:00+00:00,956.65
3116,2013-12-08 13:30:00+00:00,890.8
3116,2013-12-08 14:00:00+00:00,665.75
3116,2013-12-08 14:30:00+00:00,494.67
3116,2013-12-08 15:00:00+00:00,161.37
3116,2013-12-08 15:30:00+00:00,70.51
3116,2013-12-08 16:00:00+00:00,5.26
3116,2013-12-08 16:30:00+00:00,0.0
3116,2013-12-08 17:00:00+00:00,0.0
3116,2013-12-08 17:30:00+00:00,0.0
3116,2013-12-08 18:00:00+00:00,0.0
3116,2013-12-08 18:30:00+00:00,0.0
3116,2013-12-08 19:00:00+00:00,0.0
3116,2013-12-08 19:30:00+00:00,0.0
3116,2013-12-08 20:00:00+00:00,0.0
3116,2013-12-08 20:30:00+00:00,0.0
3116,2013-12-08 21:00:00+00:00,0.0
3116,2013-12-08 21:30:00+00:00,0.0
3116,2013-12-08 22:00:00+00:00,0.0
3116,2013-12-08 22:30:00+00:00,0.0
3116,2013-12-08 23:00:00+00:00,0.0
3116,2013-12-08 23:30:00+00:00,0.0
3116,2013-12-09 00:00:00+00:00,0.0
3116,2013-12-09 00:30:00+00:00,0.0
3116,2013-12-09 01:00:00+00:00,0.0
3116,2013-12-09 01:30:00+00:00,0.0
3116,2013-12-09 02:00:00+00:00,0.0
3116,2013-12-09 02:30:00+00:00,0.0
3116,2013-12-09 03:00:00+00:00,0.0
3116,2013-12-09 03:30:00+00:00,0.0
3116,2013-12-09 04:00:00+00:00,0.0
3116,2013-12-09 04:30:00+00:00,0.0
3116,2013-12-09 05:00:00+00:00,0.0
3116,2013-12-09 05:30:00+00:00,0.0
3116,2013-12-09 06:00:00+00:00,0.0
3116,2013-12-09 06:30:00+00:00,0.0
3116,2013-12-09 07:00:00+00:00,0.0
3116,2013-12-09 07:30:00+00:00,0.0
3116,2013-12-09 08:00:00+00:00,0.04
3116,2013-12-09 08:30:00+00:00,37.9
3116,2013-12-09 09:00:00+00:00,94.56
3116,2013-12-09 09:30:00+00:00,189.35
3116,2013-12-09 10:00:00+00:00,269.38
3116,2013-12-09 10:30:00+00:00,341.26
3116,2013-12-09 11:00:00+00:00,344.92
3116,2013-12-09 11:30:00+00:00,485.0
3116,2013-12-09 12:00:00+00:00,506.15
3116,2013-12-09 12:30:00+00:00,484.75
3116,2013-12-09 13:00:00+00:00,326.97
3116,2013-12-09 13:30:00+00:00,266.9
3116,2013-12-09 14:00:00+00:00,290.05
3116,2013-12-09 14:30:00+00:00,320.99
3116,2013-12-09 15:00:00+00:00,243.48
3116,2013-12-09 15:30:00+00:00,90.66
3116,2013-12-09 16:00:00+00:00,6.86
3116,2013-12-09 16:30:00+00:00,0.0
3116,2013-12-09 17:00:00+00:00,0.0
3116,2013-12-09 17:30:00+00:00,0.0
3116,2013-12-09 18:00:00+00:00,0.0
3116,2013-12-09 18:30:00+00:00,0.0
3116,2013-12-09 19:00:00+00:00,0.0
3116,2013-12-09 19:30:00+00:00,0.0
3116,2013-12-09 20:00:00+00:00,0.0
3116,2013-12-09 20:30:00+00:00,0.0
3116,2013-12-09 21:00:00+00:00,0.0
3116,2013-12-09 21:30:00+00:00,0.0
3116,2013-12-09 22:00:00+00:00,0.0
3116,2013-12-09 22:30:00+00:00,0.0
3116,2013-12-09 23:00:00+00:00,0.0
3116,2013-12-09 23:30:00+00:00,0.0
3116,2013-12-10 00:00:00+00:00,0.0
3116,2013-12-10 00:30:00+00:00,0.0
3116,2013-12-10 01:00:00+00:00,0.0
3116,2013-12-10 01:30:00+00:00,0.0
3116,2013-12-10 02:00:00+00:00,0.0
3116,2013-12-10 02:30:00+00:00,0.0
3116,2013-12-10 03:00:00+00:00,0.0
3116,2013-12-10 03:30:00+00:00,0.0
3116,2013-12-10 04:00:00+00:00,0.0
3116,2013-12-10 04:30:00+00:00,0.0
3116,2013-12-10 05:00:00+00:00,0.0
3116,2013-12-10 05:30:00+00:00,0.0
3116,2013-12-10 06:00:00+00:00,0.0
3116,2013-12-10 06:30:00+00:00,0.0
3116,2013-12-10 07:00:00+00:00,0.0
3116,2013-12-10 07:30:00+00:00,0.0
3116,2013-12-10 08:00:00+00:00,0.01
3116,2013-12-10 08:30:00+00:00,3.15
3116,2013-12-10 09:00:00+00:00,40.8
3116,2013-12-10 09:30:00+00:00,93.48
3116,2013-12-10 10:00:00+00:00,173.52
3116,2013-12-10 10:30:00+00:00,216.67
3116,2013-12-10 11:00:00+00:00,228.83
3116,2013-12-10 11:30:00+00:00,268.72
3116,2013-12-10 12:00:00+00:00,265.74
3116,2013-12-10 12:30:00+00:00,246.79
3116,2013-12-10 13:00:00+00:00,228.55
3116,2013-12-10 13:30:00+00:00,504.95
3116,2013-12-10 14:00:00+00:00,528.85
3116,2013-12-10 14:30:00+00:00,304.48
3116,2013-12-10 15:00:00+00:00,21.48
3116,2013-12-10 15:30:00+00:00,1.37
3116,2013-12-10 16:00:00+00:00,0.0
3116,2013-12-10 16:30:00+00:00,0.0
3116,2013-12-10 17:00:00+00:00,0.0
3116,2013-12-10 17:30:00+00:00,0.0
3116,2013-12-10 18:00:00+00:00,0.0
3116,2013-12-10 18:30:00+00:00,0.0
3116,2013-12-10 19:00:00+00:00,0.0
3116,2013-12-10 19:30:00+00:00,0.0
3116,2013-12-10 20:00:00+00:00,0.0
3116,2013-12-10 20:30:00+00:00,0.0
3116,2013-12-10 21:00:00+00:00,0.0
3116,2013-12-10 21:30:00+00:00,0.0
3116,2013-12-10 22:00:00+00:00,0.0
3116,2013-12-10 22:30:00+00:00,0.0
3116,2013-12-10 23:00:00+00:00,0.0
3116,2013-12-10 23:30:00+00:00,0.0
3116,2013-12-11 00:00:00+00:00,0.0
3116,2013-12-11 00:30:00+00:00,0.0
3116,2013-12-11 01:00:00+00:00,0.0
3116,2013-12-11 01:30:00+00:00,0.0
3116,2013-12-11 02:00:00+00:00,0.0
3116,2013-12-11 02:30:00+00:00,0.0
3116,2013-12-11 03:00:00+00:00,0.0
3116,2013-12-11 03:30:00+00:00,0.0
3116,2013-12-11 04:00:00+00:00,0.0
3116,2013-12-11 04:30:00+00:00,0.0
3116,2013-12-11 05:00:00+00:00,0.0
3116,2013-12-11 05:30:00+00:00,0.0
3116,2013-12-11 06:00:00+00:00,0.0
3116,2013-12-11 06:30:00+00:00,0.0
3116,2013-12-11 07:00:00+00:00,0.0
3116,2013-12-11 07:30:00+00:00,0.0
3116,2013-12-11 08:00:00+00:00,0.02
3116,2013-12-11 08:30:00+00:00,6.38
3116,2013-12-11 09:00:00+00:00,74.64
3116,2013-12-11 09:30:00+00:00,150.99
3116,2013-12-11 10:00:00+00:00,390.72
3116,2013-12-11 10:30:00+00:00,373.03
3116,2013-12-11 11:00:00+00:00,471.18
3116,2013-12-11 11:30:00+00:00,566.6
3116,2013-12-11 12:00:00+00:00,918.6
3116,2013-12-11 12:30:00+00:00,903.2
3116,2013-12-11 13:00:00+00:00,848.65
3116,2013-12-11 13:30:00+00:00,758.55
3116,2013-12-11 14:00:00+00:00,648.45
3116,2013-12-11 14:30:00+00:00,432.24
3116,2013-12-11 15:00:00+00:00,202.87
3116,2013-12-11 15:30:00+00:00,23.32
3116,2013-12-11 16:00:00+00:00,0.0
3116,2013-12-11 16:30:00+00:00,0.0
3116,2013-12-11 17:00:00+00:00,0.0
3116,2013-12-11 17:30:00+00:00,0.0
3116,2013-12-11 18:00:00+00:00,0.0
3116,2013-12-11 18:30:00+00:00,0.0
3116,2013-12-11 19:00:00+00:00,0.0
3116,2013-12-11 19:30:00+00:00,0.0
3116,2013-12-11 20:00:00+00:00,0.0
3116,2013-12-11 20:30:00+00:00,0.0
3116,2013-12-11 21:00:00+00:00,0.0
3116,2013-12-11 21:30:00+00:00,0.0
3116,2013-12-11 22:00:00+00:00,0.0
3116,2013-12-11 22:30:00+00:00,0.0
3116,2013-12-11 23:00:00+00:00,0.0
3116,2013-12-11 23:30:00+00:00,0.0
3116,2013-12-12 00:00:00+00:00,0.0
3116,2013-12-12 00:30:00+00:00,0.0
3116,2013-12-12 01:00:00+00:00,0.0
3116,2013-12-12 01:30:00+00:00,0.0
3116,2013-12-12 02:00:00+00:00,0.0
3116,2013-12-12 02:30:00+00:00,0.0
3116,2013-12-12 03:00:00+00:00,0.0
3116,2013-12-12 03:30:00+00:00,0.0
3116,2013-12-12 04:00:00+00:00,0.0
3116,2013-12-12 04:30:00+00:00,0.0
3116,2013-12-12 05:00:00+00:00,0.0
3116,2013-12-12 05:30:00+00:00,0.0
3116,2013-12-12 06:00:00+00:00,0.0
3116,2013-12-12 06:30:00+00:00,0.0
3116,2013-12-12 07:00:00+00:00,0.0
3116,2013-12-12 07:30:00+00:00,0.0
3116,2013-12-12 08:00:00+00:00,0.02
3116,2013-12-12 08:30:00+00:00,6.59
3116,2013-12-12 09:00:00+00:00,45.15
3116,2013-12-12 09:30:00+00:00,77.13
3116,2013-12-12 10:00:00+00:00,124.71
3116,2013-12-12 10:30:00+00:00,239.42
3116,2013-12-12 11:00:00+00:00,352.29
3116,2013-12-12 11:30:00+00:00,366.92
3116,2013-12-12 12:00:00+00:00,246.17
3116,2013-12-12 12:30:00+00:00,323.69
3116,2013-12-12 13:00:00+00:00,301.49
3116,2013-12-12 13:30:00+00:00,493.35
3116,2013-12-12 14:00:00+00:00,534.9
3116,2013-12-12 14:30:00+00:00,365.32
3116,2013-12-12 15:00:00+00:00,127.6
3116,2013-12-12 15:30:00+00:00,23.33
3116,2013-12-12 16:00:00+00:00,1.78
3116,2013-12-12 16:30:00+00:00,0.0
3116,2013-12-12 17:00:00+00:00,0.0
3116,2013-12-12 17:30:00+00:00,0.0
3116,2013-12-12 18:00:00+00:00,0.0
3116,2013-12-12 18:30:00+00:00,0.0
3116,2013-12-12 19:00:00+00:00,0.0
3116,2013-12-12 19:30:00+00:00,0.0
3116,2013-12-12 20:00:00+00:00,0.0
3116,2013-12-12 20:30:00+00:00,0.0
3116,2013-12-12 21:00:00+00:00,0.0
3116,2013-12-12 21:30:00+00:00,0.0
3116,2013-12-12 22:00:00+00:00,0.0
3116,2013-12-12 22:30:00+00:00,0.0
3116,2013-12-12 23:00:00+00:00,0.0
3116,2013-12-12 23:30:00+00:00,0.0
3116,2013-12-13 00:00:00+00:00,0.0
3116,2013-12-13 00:30:00+00:00,0.0
3116,2013-12-13 01:00:00+00:00,0.0
3116,2013-12-13 01:30:00+00:00,0.0
3116,2013-12-13 02:00:00+00:00,0.0
3116,2013-12-13 02:30:00+00:00,0.0
3116,2013-12-13 03:00:00+00:00,0.0
3116,2013-12-13 03:30:00+00:00,0.0
3116,2013-12-13 04:00:00+00:00,0.0
3116,2013-12-13 04:30:00+00:00,0.0
3116,2013-12-13 05:00:00+00:00,0.0
3116,2013-12-13 05:30:00+00:00,0.0
3116,2013-12-13 06:00:00+00:00,0.0
3116,2013-12-13 06:30:00+00:00,0.0
3116,2013-12-13 07:00:00+00:00,0.0
3116,2013-12-13 07:30:00+00:00,0.0
3116,2013-12-13 08:00:00+00:00,0.01
3116,2013-12-13 08:30:00+00:00,0.04
3116,2013-12-13 09:00:00+00:00,0.28
3116,2013-12-13 09:30:00+00:00,11.63
3116,2013-12-13 10:00:00+00:00,22.37
3116,2013-12-13 10:30:00+00:00,38.68
3116,2013-12-13 11:00:00+00:00,46.41
3116,2013-12-13 11:30:00+00:00,68.94
3116,2013-12-13 12:00:00+00:00,65.37
3116,2013-12-13 12:30:00+00:00,64.66
3116,2013-12-13 13:00:00+00:00,67.31
3116,2013-12-13 13:30:00+00:00,53.8
3116,2013-12-13 14:00:00+00:00,50.64
3116,2013-12-13 14:30:00+00:00,36.26
3116,2013-12-13 15:00:00+00:00,12.98
3116,2013-12-13 15:30:00+00:00,0.0
3116,2013-12-13 16:00:00+00:00,0.0
3116,2013-12-13 16:30:00+00:00,0.0
3116,2013-12-13 17:00:00+00:00,0.0
3116,2013-12-13 17:30:00+00:00,0.0
3116,2013-12-13 18:00:00+00:00,0.0
3116,2013-12-13 18:30:00+00:00,0.0
3116,2013-12-13 19:00:00+00:00,0.0
3116,2013-12-13 19:30:00+00:00,0.0
3116,2013-12-13 20:00:00+00:00,0.0
3116,2013-12-13 20:30:00+00:00,0.0
3116,2013-12-13 21:00:00+00:00,0.0
3116,2013-12-13 21:30:00+00:00,0.0
3116,2013-12-13 22:00:00+00:00,0.0
3116,2013-12-13 22:30:00+00:00,0.0
3116,2013-12-13 23:00:00+00:00,0.0
3116,2013-12-13 23:30:00+00:00,0.0
3116,2013-12-14 00:00:00+00:00,0.0
3116,2013-12-14 00:30:00+00:00,0.0
3116,2013-12-14 01:00:00+00:00,0.0
3116,2013-12-14 01:30:00+00:00,0.0
3116,2013-12-14 02:00:00+00:00,0.0
3116,2013-12-14 02:30:00+00:00,0.0
3116,2013-12-14 03:00:00+00:00,0.0
3116,2013-12-14 03:30:00+00:00,0.0
3116,2013-12-14 04:00:00+00:00,0.0
3116,2013-12-14 04:30:00+00:00,0.0
3116,2013-12-14 05:00:00+00:00,0.0
3116,2013-12-14 05:30:00+00:00,0.0
3116,2013-12-14 06:00:00+00:00,0.0
3116,2013-12-14 06:30:00+00:00,0.0
3116,2013-12-14 07:00:00+00:00,0.0
3116,2013-12-14 07:30:00+00:00,0.0
3116,2013-12-14 08:00:00+00:00,0.05
3116,2013-12-14 08:30:00+00:00,65.31
3116,2013-12-14 09:00:00+00:00,222.48
3116,2013-12-14 09:30:00+00:00,437.19
3116,2013-12-14 10:00:00+00:00,648.0
3116,2013-12-14 10:30:00+00:00,526.05
3116,2013-12-14 11:00:00+00:00,601.3
3116,2013-12-14 11:30:00+00:00,726.1
3116,2013-12-14 12:00:00+00:00,880.9
3116,2013-12-14 12:30:00+00:00,750.6
3116,2013-12-14 13:00:00+00:00,438.81
3116,2013-12-14 13:30:00+00:00,220.23
3116,2013-12-14 14:00:00+00:00,76.42
3116,2013-12-14 14:30:00+00:00,50.71
3116,2013-12-14 15:00:00+00:00,19.46
3116,2013-12-14 15:30:00+00:00,0.68
3116,2013-12-14 16:00:00+00:00,0.0
3116,2013-12-14 16:30:00+00:00,0.0
3116,2013-12-14 17:00:00+00:00,0.0
3116,2013-12-14 17:30:00+00:00,0.0
3116,2013-12-14 18:00:00+00:00,0.0
3116,2013-12-14 18:30:00+00:00,0.0
3116,2013-12-14 19:00:00+00:00,0.0
3116,2013-12-14 19:30:00+00:00,0.0
3116,2013-12-14 20:00:00+00:00,0.0
3116,2013-12-14 20:30:00+00:00,0.0
3116,2013-12-14 21:00:00+00:00,0.0
3116,2013-12-14 21:30:00+00:00,0.0
3116,2013-12-14 22:00:00+00:00,0.0
3116,2013-12-14 22:30:00+00:00,0.0
3116,2013-12-14 23:00:00+00:00,0.0
3116,2013-12-14 23:30:00+00:00,0.0
3116,2013-12-15 00:00:00+00:00,0.0
3116,2013-12-15 00:30:00+00:00,0.0
3116,2013-12-15 01:00:00+00:00,0.0
3116,2013-12-15 01:30:00+00:00,0.0
3116,2013-12-15 02:00:00+00:00,0.0
3116,2013-12-15 02:30:00+00:00,0.0
3116,2013-12-15 03:00:00+00:00,0.0
3116,2013-12-15 03:30:00+00:00,0.0
3116,2013-12-15 04:00:00+00:00,0.0
3116,2013-12-15 04:30:00+00:00,0.0
3116,2013-12-15 05:00:00+00:00,0.0
3116,2013-12-15 05:30:00+00:00,0.0
3116,2013-12-15 06:00:00+00:00,0.0
3116,2013-12-15 06:30:00+00:00,0.0
3116,2013-12-15 07:00:00+00:00,0.0
3116,2013-12-15 07:30:00+00:00,0.0
3116,2013-12-15 08:00:00+00:00,0.03
3116,2013-12-15 08:30:00+00:00,73.18
3116,2013-12-15 09:00:00+00:00,337.78
3116,2013-12-15 09:30:00+00:00,440.31
3116,2013-12-15 10:00:00+00:00,135.55
3116,2013-12-15 10:30:00+00:00,60.84
3116,2013-12-15 11:00:00+00:00,74.34
3116,2013-12-15 11:30:00+00:00,60.55
3116,2013-12-15 12:00:00+00:00,92.56
3116,2013-12-15 12:30:00+00:00,68.77
3116,2013-12-15 13:00:00+00:00,23.98
3116,2013-12-15 13:30:00+00:00,7.41
3116,2013-12-15 14:00:00+00:00,28.32
3116,2013-12-15 14:30:00+00:00,71.73
3116,2013-12-15 15:00:00+00:00,7.24
3116,2013-12-15 15:30:00+00:00,0.04
3116,2013-12-15 16:00:00+00:00,0.0
3116,2013-12-15 16:30:00+00:00,0.0
3116,2013-12-15 17:00:00+00:00,0.0
3116,2013-12-15 17:30:00+00:00,0.0
3116,2013-12-15 18:00:00+00:00,0.0
3116,2013-12-15 18:30:00+00:00,0.0
3116,2013-12-15 19:00:00+00:00,0.0
3116,2013-12-15 19:30:00+00:00,0.0
3116,2013-12-15 20:00:00+00:00,0.0
3116,2013-12-15 20:30:00+00:00,0.0
3116,2013-12-15 21:00:00+00:00,0.0
3116,2013-12-15 21:30:00+00:00,0.0
3116,2013-12-15 22:00:00+00:00,0.0
3116,2013-12-15 22:30:00+00:00,0.0
3116,2013-12-15 23:00:00+00:00,0.0
3116,2013-12-15 23:30:00+00:00,0.0
3116,2013-12-16 00:00:00+00:00,0.0
3116,2013-12-16 00:30:00+00:00,0.0
3116,2013-12-16 01:00:00+00:00,0.0
3116,2013-12-16 01:30:00+00:00,0.0
3116,2013-12-16 02:00:00+00:00,0.0
3116,2013-12-16 02:30:00+00:00,0.0
3116,2013-12-16 03:00:00+00:00,0.0
3116,2013-12-16 03:30:00+00:00,0.0
3116,2013-12-16 04:00:00+00:00,0.0
3116,2013-12-16 04:30:00+00:00,0.0
3116,2013-12-16 05:00:00+00:00,0.0
3116,2013-12-16 05:30:00+00:00,0.0
3116,2013-12-16 06:00:00+00:00,0.0
3116,2013-12-16 06:30:00+00:00,0.0
3116,2013-12-16 07:00:00+00:00,0.0
3116,2013-12-16 07:30:00+00:00,0.0
3116,2013-12-16 08:00:00+00:00,0.0
3116,2013-12-16 08:30:00+00:00,0.01
3116,2013-12-16 09:00:00+00:00,30.94
3116,2013-12-16 09:30:00+00:00,10.82
3116,2013-12-16 10:00:00+00:00,35.26
3116,2013-12-16 10:30:00+00:00,48.42
3116,2013-12-16 11:00:00+00:00,61.03
3116,2013-12-16 11:30:00+00:00,100.78
3116,2013-12-16 12:00:00+00:00,28.05
3116,2013-12-16 12:30:00+00:00,9.05
3116,2013-12-16 13:00:00+00:00,20.87
3116,2013-12-16 13:30:00+00:00,22.25
3116,2013-12-16 14:00:00+00:00,25.9
3116,2013-12-16 14:30:00+00:00,4.29
3116,2013-12-16 15:00:00+00:00,2.68
3116,2013-12-16 15:30:00+00:00,5.11
3116,2013-12-16 16:00:00+00:00,0.0
3116,2013-12-16 16:30:00+00:00,0.0
3116,2013-12-16 17:00:00+00:00,0.0
3116,2013-12-16 17:30:00+00:00,0.0
3116,2013-12-16 18:00:00+00:00,0.0
3116,2013-12-16 18:30:00+00:00,0.0
3116,2013-12-16 19:00:00+00:00,0.0
3116,2013-12-16 19:30:00+00:00,0.0
3116,2013-12-16 20:00:00+00:00,0.0
3116,2013-12-16 20:30:00+00:00,0.0
3116,2013-12-16 21:00:00+00:00,0.0
3116,2013-12-16 21:30:00+00:00,0.0
3116,2013-12-16 22:00:00+00:00,0.0
3116,2013-12-16 22:30:00+00:00,0.0
3116,2013-12-16 23:00:00+00:00,0.0
3116,2013-12-16 23:30:00+00:00,0.0
3116,2013-12-17 00:00:00+00:00,0.0
3116,2013-12-17 00:30:00+00:00,0.0
3116,2013-12-17 01:00:00+00:00,0.0
3116,2013-12-17 01:30:00+00:00,0.0
3116,2013-12-17 02:00:00+00:00,0.0
3116,2013-12-17 02:30:00+00:00,0.0
3116,2013-12-17 03:00:00+00:00,0.0
3116,2013-12-17 03:30:00+00:00,0.0
3116,2013-12-17 04:00:00+00:00,0.0
3116,2013-12-17 04:30:00+00:00,0.0
3116,2013-12-17 05:00:00+00:00,0.0
3116,2013-12-17 05:30:00+00:00,0.0
3116,2013-12-17 06:00:00+00:00,0.0
3116,2013-12-17 06:30:00+00:00,0.0
3116,2013-12-17 07:00:00+00:00,0.0
3116,2013-12-17 07:30:00+00:00,0.0
3116,2013-12-17 08:00:00+00:00,0.0
3116,2013-12-17 08:30:00+00:00,0.05
3116,2013-12-17 09:00:00+00:00,7.01
3116,2013-12-17 09:30:00+00:00,46.32
3116,2013-12-17 10:00:00+00:00,62.6
3116,2013-12-17 10:30:00+00:00,91.19
3116,2013-12-17 11:00:00+00:00,126.41
3116,2013-12-17 11:30:00+00:00,119.66
3116,2013-12-17 12:00:00+00:00,61.26
3116,2013-12-17 12:30:00+00:00,75.75
3116,2013-12-17 13:00:00+00:00,89.92
3116,2013-12-17 13:30:00+00:00,96.84
3116,2013-12-17 14:00:00+00:00,70.16
3116,2013-12-17 14:30:00+00:00,33.08
3116,2013-12-17 15:00:00+00:00,13.0
3116,2013-12-17 15:30:00+00:00,0.01
3116,2013-12-17 16:00:00+00:00,0.0
3116,2013-12-17 16:30:00+00:00,0.0
3116,2013-12-17 17:00:00+00:00,0.0
3116,2013-12-17 17:30:00+00:00,0.0
3116,2013-12-17 18:00:00+00:00,0.0
3116,2013-12-17 18:30:00+00:00,0.0
3116,2013-12-17 19:00:00+00:00,0.0
3116,2013-12-17 19:30:00+00:00,0.0
3116,2013-12-17 20:00:00+00:00,0.0
3116,2013-12-17 20:30:00+00:00,0.0
3116,2013-12-17 21:00:00+00:00,0.0
3116,2013-12-17 21:30:00+00:00,0.0
3116,2013-12-17 22:00:00+00:00,0.0
3116,2013-12-17 22:30:00+00:00,0.0
3116,2013-12-17 23:00:00+00:00,0.0
3116,2013-12-17 23:30:00+00:00,0.0
3116,2013-12-18 00:00:00+00:00,0.0
3116,2013-12-18 00:30:00+00:00,0.0
3116,2013-12-18 01:00:00+00:00,0.0
3116,2013-12-18 01:30:00+00:00,0.0
3116,2013-12-18 02:00:00+00:00,0.0
3116,2013-12-18 02:30:00+00:00,0.0
3116,2013-12-18 03:00:00+00:00,0.0
3116,2013-12-18 03:30:00+00:00,0.0
3116,2013-12-18 04:00:00+00:00,0.0
3116,2013-12-18 04:30:00+00:00,0.0
3116,2013-12-18 05:00:00+00:00,0.0
3116,2013-12-18 05:30:00+00:00,0.0
3116,2013-12-18 06:00:00+00:00,0.0
3116,2013-12-18 06:30:00+00:00,0.0
3116,2013-12-18 07:00:00+00:00,0.0
3116,2013-12-18 07:30:00+00:00,0.0
3116,2013-12-18 08:00:00+00:00,0.01
3116,2013-12-18 08:30:00+00:00,0.11
3116,2013-12-18 09:00:00+00:00,115.27
3116,2013-12-18 09:30:00+00:00,470.61
3116,2013-12-18 10:00:00+00:00,488.85
3116,2013-12-18 10:30:00+00:00,514.5
3116,2013-12-18 11:00:00+00:00,579.95
3116,2013-12-18 11:30:00+00:00,539.15
3116,2013-12-18 12:00:00+00:00,572.1
3116,2013-12-18 12:30:00+00:00,421.26
3116,2013-12-18 13:00:00+00:00,267.08
3116,2013-12-18 13:30:00+00:00,247.41
3116,2013-12-18 14:00:00+00:00,76.26
3116,2013-12-18 14:30:00+00:00,31.96
3116,2013-12-18 15:00:00+00:00,5.9
3116,2013-12-18 15:30:00+00:00,0.02
3116,2013-12-18 16:00:00+00:00,0.0
3116,2013-12-18 16:30:00+00:00,0.0
3116,2013-12-18 17:00:00+00:00,0.0
3116,2013-12-18 17:30:00+00:00,0.0
3116,2013-12-18 18:00:00+00:00,0.0
3116,2013-12-18 18:30:00+00:00,0.0
3116,2013-12-18 19:00:00+00:00,0.0
3116,2013-12-18 19:30:00+00:00,0.0
3116,2013-12-18 20:00:00+00:00,0.0
3116,2013-12-18 20:30:00+00:00,0.0
3116,2013-12-18 21:00:00+00:00,0.0
3116,2013-12-18 21:30:00+00:00,0.0
3116,2013-12-18 22:00:00+00:00,0.0
3116,2013-12-18 22:30:00+00:00,0.0
3116,2013-12-18 23:00:00+00:00,0.0
3116,2013-12-18 23:30:00+00:00,0.0
3116,2013-12-19 00:00:00+00:00,0.0
3116,2013-12-19 00:30:00+00:00,0.0
3116,2013-12-19 01:00:00+00:00,0.0
3116,2013-12-19 01:30:00+00:00,0.0
3116,2013-12-19 02:00:00+00:00,0.0
3116,2013-12-19 02:30:00+00:00,0.0
3116,2013-12-19 03:00:00+00:00,0.0
3116,2013-12-19 03:30:00+00:00,0.0
3116,2013-12-19 04:00:00+00:00,0.0
3116,2013-12-19 04:30:00+00:00,0.0
3116,2013-12-19 05:00:00+00:00,0.0
3116,2013-12-19 05:30:00+00:00,0.0
3116,2013-12-19 06:00:00+00:00,0.0
3116,2013-12-19 06:30:00+00:00,0.0
3116,2013-12-19 07:00:00+00:00,0.0
3116,2013-12-19 07:30:00+00:00,0.0
3116,2013-12-19 08:00:00+00:00,0.01
3116,2013-12-19 08:30:00+00:00,20.86
3116,2013-12-19 09:00:00+00:00,245.41
3116,2013-12-19 09:30:00+00:00,360.25
3116,2013-12-19 10:00:00+00:00,647.65
3116,2013-12-19 10:30:00+00:00,675.85
3116,2013-12-19 11:00:00+00:00,681.75
3116,2013-12-19 11:30:00+00:00,826.45
3116,2013-12-19 12:00:00+00:00,936.9
3116,2013-12-19 12:30:00+00:00,925.6
3116,2013-12-19 13:00:00+00:00,863.65
3116,2013-12-19 13:30:00+00:00,769.7
3116,2013-12-19 14:00:00+00:00,648.6
3116,2013-12-19 14:30:00+00:00,495.55
3116,2013-12-19 15:00:00+00:00,312.26
3116,2013-12-19 15:30:00+00:00,57.06
3116,2013-12-19 16:00:00+00:00,0.18
3116,2013-12-19 16:30:00+00:00,0.0
3116,2013-12-19 17:00:00+00:00,0.0
3116,2013-12-19 17:30:00+00:00,0.0
3116,2013-12-19 18:00:00+00:00,0.0
3116,2013-12-19 18:30:00+00:00,0.0
3116,2013-12-19 19:00:00+00:00,0.0
3116,2013-12-19 19:30:00+00:00,0.0
3116,2013-12-19 20:00:00+00:00,0.0
3116,2013-12-19 20:30:00+00:00,0.0
3116,2013-12-19 21:00:00+00:00,0.0
3116,2013-12-19 21:30:00+00:00,0.0
3116,2013-12-19 22:00:00+00:00,0.0
3116,2013-12-19 22:30:00+00:00,0.0
3116,2013-12-19 23:00:00+00:00,0.0
3116,2013-12-19 23:30:00+00:00,0.0
3116,2013-12-20 00:00:00+00:00,0.0
3116,2013-12-20 00:30:00+00:00,0.0
3116,2013-12-20 01:00:00+00:00,0.0
3116,2013-12-20 01:30:00+00:00,0.0
3116,2013-12-20 02:00:00+00:00,0.0
3116,2013-12-20 02:30:00+00:00,0.0
3116,2013-12-20 03:00:00+00:00,0.0
3116,2013-12-20 03:30:00+00:00,0.0
3116,2013-12-20 04:00:00+00:00,0.0
3116,2013-12-20 04:30:00+00:00,0.0
3116,2013-12-20 05:00:00+00:00,0.0
3116,2013-12-20 05:30:00+00:00,0.0
3116,2013-12-20 06:00:00+00:00,0.0
3116,2013-12-20 06:30:00+00:00,0.0
3116,2013-12-20 07:00:00+00:00,0.0
3116,2013-12-20 07:30:00+00:00,0.0
3116,2013-12-20 08:00:00+00:00,0.01
3116,2013-12-20 08:30:00+00:00,25.11
3116,2013-12-20 09:00:00+00:00,249.45
3116,2013-12-20 09:30:00+00:00,501.75
3116,2013-12-20 10:00:00+00:00,651.55
3116,2013-12-20 10:30:00+00:00,760.75
3116,2013-12-20 11:00:00+00:00,876.65
3116,2013-12-20 11:30:00+00:00,912.2
3116,2013-12-20 12:00:00+00:00,909.65
3116,2013-12-20 12:30:00+00:00,887.0
3116,2013-12-20 13:00:00+00:00,835.45
3116,2013-12-20 13:30:00+00:00,754.35
3116,2013-12-20 14:00:00+00:00,469.08
3116,2013-12-20 14:30:00+00:00,207.22
3116,2013-12-20 15:00:00+00:00,244.38
3116,2013-12-20 15:30:00+00:00,43.63
3116,2013-12-20 16:00:00+00:00,1.93
3116,2013-12-20 16:30:00+00:00,0.0
3116,2013-12-20 17:00:00+00:00,0.0
3116,2013-12-20 17:30:00+00:00,0.0
3116,2013-12-20 18:00:00+00:00,0.0
3116,2013-12-20 18:30:00+00:00,0.0
3116,2013-12-20 19:00:00+00:00,0.0
3116,2013-12-20 19:30:00+00:00,0.0
3116,2013-12-20 20:00:00+00:00,0.0
3116,2013-12-20 20:30:00+00:00,0.0
3116,2013-12-20 21:00:00+00:00,0.0
3116,2013-12-20 21:30:00+00:00,0.0
3116,2013-12-20 22:00:00+00:00,0.0
3116,2013-12-20 22:30:00+00:00,0.0
3116,2013-12-20 23:00:00+00:00,0.0
3116,2013-12-20 23:30:00+00:00,0.0
3116,2013-12-21 00:00:00+00:00,0.0
3116,2013-12-21 00:30:00+00:00,0.0
3116,2013-12-21 01:00:00+00:00,0.0
3116,2013-12-21 01:30:00+00:00,0.0
3116,2013-12-21 02:00:00+00:00,0.0
3116,2013-12-21 02:30:00+00:00,0.0
3116,2013-12-21 03:00:00+00:00,0.0
3116,2013-12-21 03:30:00+00:00,0.0
3116,2013-12-21 04:00:00+00:00,0.0
3116,2013-12-21 04:30:00+00:00,0.0
3116,2013-12-21 05:00:00+00:00,0.0
3116,2013-12-21 05:30:00+00:00,0.0
3116,2013-12-21 06:00:00+00:00,0.0
3116,2013-12-21 06:30:00+00:00,0.0
3116,2013-12-21 07:00:00+00:00,0.0
3116,2013-12-21 07:30:00+00:00,0.0
3116,2013-12-21 08:00:00+00:00,0.0
3116,2013-12-21 08:30:00+00:00,0.0
3116,2013-12-21 09:00:00+00:00,0.04
3116,2013-12-21 09:30:00+00:00,0.41
3116,2013-12-21 10:00:00+00:00,5.72
3116,2013-12-21 10:30:00+00:00,1.25
3116,2013-12-21 11:00:00+00:00,1.66
3116,2013-12-21 11:30:00+00:00,12.65
3116,2013-12-21 12:00:00+00:00,43.28
3116,2013-12-21 12:30:00+00:00,7.44
3116,2013-12-21 13:00:00+00:00,6.22
3116,2013-12-21 13:30:00+00:00,6.77
3116,2013-12-21 14:00:00+00:00,42.02
3116,2013-12-21 14:30:00+00:00,5.84
3116,2013-12-21 15:00:00+00:00,5.16
3116,2013-12-21 15:30:00+00:00,0.01
3116,2013-12-21 16:00:00+00:00,0.0
3116,2013-12-21 16:30:00+00:00,0.0
3116,2013-12-21 17:00:00+00:00,0.0
3116,2013-12-21 17:30:00+00:00,0.0
3116,2013-12-21 18:00:00+00:00,0.0
3116,2013-12-21 18:30:00+00:00,0.0
3116,2013-12-21 19:00:00+00:00,0.0
3116,2013-12-21 19:30:00+00:00,0.0
3116,2013-12-21 20:00:00+00:00,0.0
3116,2013-12-21 20:30:00+00:00,0.0
3116,2013-12-21 21:00:00+00:00,0.0
3116,2013-12-21 21:30:00+00:00,0.0
3116,2013-12-21 22:00:00+00:00,0.0
3116,2013-12-21 22:30:00+00:00,0.0
3116,2013-12-21 23:00:00+00:00,0.0
3116,2013-12-21 23:30:00+00:00,0.0
3116,2013-12-22 00:00:00+00:00,0.0
3116,2013-12-22 00:30:00+00:00,0.0
3116,2013-12-22 01:00:00+00:00,0.0
3116,2013-12-22 01:30:00+00:00,0.0
3116,2013-12-22 02:00:00+00:00,0.0
3116,2013-12-22 02:30:00+00:00,0.0
3116,2013-12-22 03:00:00+00:00,0.0
3116,2013-12-22 03:30:00+00:00,0.0
3116,2013-12-22 04:00:00+00:00,0.0
3116,2013-12-22 04:30:00+00:00,0.0
3116,2013-12-22 05:00:00+00:00,0.0
3116,2013-12-22 05:30:00+00:00,0.0
3116,2013-12-22 06:00:00+00:00,0.0
3116,2013-12-22 06:30:00+00:00,0.0
3116,2013-12-22 07:00:00+00:00,0.0
3116,2013-12-22 07:30:00+00:00,0.0
3116,2013-12-22 08:00:00+00:00,0.0
3116,2013-12-22 08:30:00+00:00,0.01
3116,2013-12-22 09:00:00+00:00,3.01
3116,2013-12-22 09:30:00+00:00,24.77
3116,2013-12-22 10:00:00+00:00,77.38
3116,2013-12-22 10:30:00+00:00,81.92
3116,2013-12-22 11:00:00+00:00,149.17
3116,2013-12-22 11:30:00+00:00,542.0
3116,2013-12-22 12:00:00+00:00,647.4
3116,2013-12-22 12:30:00+00:00,481.1
3116,2013-12-22 13:00:00+00:00,374.59
3116,2013-12-22 13:30:00+00:00,426.06
3116,2013-12-22 14:00:00+00:00,536.75
3116,2013-12-22 14:30:00+00:00,158.44
3116,2013-12-22 15:00:00+00:00,222.13
3116,2013-12-22 15:30:00+00:00,109.12
3116,2013-12-22 16:00:00+00:00,4.61
3116,2013-12-22 16:30:00+00:00,0.0
3116,2013-12-22 17:00:00+00:00,0.0
3116,2013-12-22 17:30:00+00:00,0.0
3116,2013-12-22 18:00:00+00:00,0.0
3116,2013-12-22 18:30:00+00:00,0.0
3116,2013-12-22 19:00:00+00:00,0.0
3116,2013-12-22 19:30:00+00:00,0.0
3116,2013-12-22 20:00:00+00:00,0.0
3116,2013-12-22 20:30:00+00:00,0.0
3116,2013-12-22 21:00:00+00:00,0.0
3116,2013-12-22 21:30:00+00:00,0.0
3116,2013-12-22 22:00:00+00:00,0.0
3116,2013-12-22 22:30:00+00:00,0.0
3116,2013-12-22 23:00:00+00:00,0.0
3116,2013-12-22 23:30:00+00:00,0.0
3116,2013-12-23 00:00:00+00:00,0.0
3116,2013-12-23 00:30:00+00:00,0.0
3116,2013-12-23 01:00:00+00:00,0.0
3116,2013-12-23 01:30:00+00:00,0.0
3116,2013-12-23 02:00:00+00:00,0.0
3116,2013-12-23 02:30:00+00:00,0.0
3116,2013-12-23 03:00:00+00:00,0.0
3116,2013-12-23 03:30:00+00:00,0.0
3116,2013-12-23 04:00:00+00:00,0.0
3116,2013-12-23 04:30:00+00:00,0.0
3116,2013-12-23 05:00:00+00:00,0.0
3116,2013-12-23 05:30:00+00:00,0.0
3116,2013-12-23 06:00:00+00:00,0.0
3116,2013-12-23 06:30:00+00:00,0.0
3116,2013-12-23 07:00:00+00:00,0.0
3116,2013-12-23 07:30:00+00:00,0.0
3116,2013-12-23 08:00:00+00:00,0.0
3116,2013-12-23 08:30:00+00:00,0.03
3116,2013-12-23 09:00:00+00:00,1.56
3116,2013-12-23 09:30:00+00:00,8.52
3116,2013-12-23 10:00:00+00:00,12.69
3116,2013-12-23 10:30:00+00:00,19.41
3116,2013-12-23 11:00:00+00:00,34.49
3116,2013-12-23 11:30:00+00:00,38.06
3116,2013-12-23 12:00:00+00:00,61.21
3116,2013-12-23 12:30:00+00:00,44.73
3116,2013-12-23 13:00:00+00:00,28.2
3116,2013-12-23 13:30:00+00:00,24.65
3116,2013-12-23 14:00:00+00:00,11.32
3116,2013-12-23 14:30:00+00:00,16.11
3116,2013-12-23 15:00:00+00:00,0.0
3116,2013-12-23 15:30:00+00:00,0.02
3116,2013-12-23 16:00:00+00:00,0.0
3116,2013-12-23 16:30:00+00:00,0.0
3116,2013-12-23 17:00:00+00:00,0.0
3116,2013-12-23 17:30:00+00:00,0.0
3116,2013-12-23 18:00:00+00:00,0.0
3116,2013-12-23 18:30:00+00:00,0.0
3116,2013-12-23 19:00:00+00:00,0.0
3116,2013-12-23 19:30:00+00:00,0.0
3116,2013-12-23 20:00:00+00:00,0.0
3116,2013-12-23 20:30:00+00:00,0.0
3116,2013-12-23 21:00:00+00:00,0.0
3116,2013-12-23 21:30:00+00:00,0.0
3116,2013-12-23 22:00:00+00:00,0.0
3116,2013-12-23 22:30:00+00:00,0.0
3116,2013-12-23 23:00:00+00:00,0.0
3116,2013-12-23 23:30:00+00:00,0.0
3116,2013-12-24 00:00:00+00:00,0.0
3116,2013-12-24 00:30:00+00:00,0.0
3116,2013-12-24 01:00:00+00:00,0.0
3116,2013-12-24 01:30:00+00:00,0.0
3116,2013-12-24 02:00:00+00:00,0.0
3116,2013-12-24 02:30:00+00:00,0.0
3116,2013-12-24 03:00:00+00:00,0.0
3116,2013-12-24 03:30:00+00:00,0.0
3116,2013-12-24 04:00:00+00:00,0.0
3116,2013-12-24 04:30:00+00:00,0.0
3116,2013-12-24 05:00:00+00:00,0.0
3116,2013-12-24 05:30:00+00:00,0.0
3116,2013-12-24 06:00:00+00:00,0.0
3116,2013-12-24 06:30:00+00:00,0.0
3116,2013-12-24 07:00:00+00:00,0.0
3116,2013-12-24 07:30:00+00:00,0.0
3116,2013-12-24 08:00:00+00:00,0.0
3116,2013-12-24 08:30:00+00:00,0.04
3116,2013-12-24 09:00:00+00:00,1.06
3116,2013-12-24 09:30:00+00:00,20.82
3116,2013-12-24 10:00:00+00:00,17.83
3116,2013-12-24 10:30:00+00:00,25.68
3116,2013-12-24 11:00:00+00:00,33.21
3116,2013-12-24 11:30:00+00:00,57.57
3116,2013-12-24 12:00:00+00:00,71.29
3116,2013-12-24 12:30:00+00:00,114.24
3116,2013-12-24 13:00:00+00:00,312.31
3116,2013-12-24 13:30:00+00:00,80.76
3116,2013-12-24 14:00:00+00:00,105.79
3116,2013-12-24 14:30:00+00:00,65.82
3116,2013-12-24 15:00:00+00:00,144.46
3116,2013-12-24 15:30:00+00:00,21.55
3116,2013-12-24 16:00:00+00:00,0.0
3116,2013-12-24 16:30:00+00:00,0.0
3116,2013-12-24 17:00:00+00:00,0.0
3116,2013-12-24 17:30:00+00:00,0.0
3116,2013-12-24 18:00:00+00:00,0.0
3116,2013-12-24 18:30:00+00:00,0.0
3116,2013-12-24 19:00:00+00:00,0.0
3116,2013-12-24 19:30:00+00:00,0.0
3116,2013-12-24 20:00:00+00:00,0.0
3116,2013-12-24 20:30:00+00:00,0.0
3116,2013-12-24 21:00:00+00:00,0.0
3116,2013-12-24 21:30:00+00:00,0.0
3116,2013-12-24 22:00:00+00:00,0.0
3116,2013-12-24 22:30:00+00:00,0.0
3116,2013-12-24 23:00:00+00:00,0.0
3116,2013-12-24 23:30:00+00:00,0.0
3116,2013-12-25 00:00:00+00:00,0.0
3116,2013-12-25 00:30:00+00:00,0.0
3116,2013-12-25 01:00:00+00:00,0.0
3116,2013-12-25 01:30:00+00:00,0.0
3116,2013-12-25 02:00:00+00:00,0.0
3116,2013-12-25 02:30:00+00:00,0.0
3116,2013-12-25 03:00:00+00:00,0.0
3116,2013-12-25 03:30:00+00:00,0.0
3116,2013-12-25 04:00:00+00:00,0.0
3116,2013-12-25 04:30:00+00:00,0.0
3116,2013-12-25 05:00:00+00:00,0.0
3116,2013-12-25 05:30:00+00:00,0.0
3116,2013-12-25 06:00:00+00:00,0.0
3116,2013-12-25 06:30:00+00:00,0.0
3116,2013-12-25 07:00:00+00:00,0.0
3116,2013-12-25 07:30:00+00:00,0.0
3116,2013-12-25 08:00:00+00:00,0.0
3116,2013-12-25 08:30:00+00:00,0.31
3116,2013-12-25 09:00:00+00:00,25.56
3116,2013-12-25 09:30:00+00:00,55.12
3116,2013-12-25 10:00:00+00:00,287.33
3116,2013-12-25 10:30:00+00:00,638.8
3116,2013-12-25 11:00:00+00:00,792.55
3116,2013-12-25 11:30:00+00:00,555.6
3116,2013-12-25 12:00:00+00:00,201.32
3116,2013-12-25 12:30:00+00:00,210.39
3116,2013-12-25 13:00:00+00:00,752.05
3116,2013-12-25 13:30:00+00:00,63.36
3116,2013-12-25 14:00:00+00:00,59.0
3116,2013-12-25 14:30:00+00:00,34.79
3116,2013-12-25 15:00:00+00:00,53.84
3116,2013-12-25 15:30:00+00:00,40.06
3116,2013-12-25 16:00:00+00:00,1.23
3116,2013-12-25 16:30:00+00:00,0.0
3116,2013-12-25 17:00:00+00:00,0.0
3116,2013-12-25 17:30:00+00:00,0.0
3116,2013-12-25 18:00:00+00:00,0.0
3116,2013-12-25 18:30:00+00:00,0.0
3116,2013-12-25 19:00:00+00:00,0.0
3116,2013-12-25 19:30:00+00:00,0.0
3116,2013-12-25 20:00:00+00:00,0.0
3116,2013-12-25 20:30:00+00:00,0.0
3116,2013-12-25 21:00:00+00:00,0.0
3116,2013-12-25 21:30:00+00:00,0.0
3116,2013-12-25 22:00:00+00:00,0.0
3116,2013-12-25 22:30:00+00:00,0.0
3116,2013-12-25 23:00:00+00:00,0.0
3116,2013-12-25 23:30:00+00:00,0.0
3116,2013-12-26 00:00:00+00:00,0.0
3116,2013-12-26 00:30:00+00:00,0.0
3116,2013-12-26 01:00:00+00:00,0.0
3116,2013-12-26 01:30:00+00:00,0.0
3116,2013-12-26 02:00:00+00:00,0.0
3116,2013-12-26 02:30:00+00:00,0.0
3116,2013-12-26 03:00:00+00:00,0.0
3116,2013-12-26 03:30:00+00:00,0.0
3116,2013-12-26 04:00:00+00:00,0.0
3116,2013-12-26 04:30:00+00:00,0.0
3116,2013-12-26 05:00:00+00:00,0.0
3116,2013-12-26 05:30:00+00:00,0.0
3116,2013-12-26 06:00:00+00:00,0.0
3116,2013-12-26 06:30:00+00:00,0.0
3116,2013-12-26 07:00:00+00:00,0.0
3116,2013-12-26 07:30:00+00:00,0.0
3116,2013-12-26 08:00:00+00:00,0.0
3116,2013-12-26 08:30:00+00:00,0.02
3116,2013-12-26 09:00:00+00:00,0.57
3116,2013-12-26 09:30:00+00:00,53.06
3116,2013-12-26 10:00:00+00:00,428.0
3116,2013-12-26 10:30:00+00:00,320.32
3116,2013-12-26 11:00:00+00:00,425.39
3116,2013-12-26 11:30:00+00:00,947.2
3116,2013-12-26 12:00:00+00:00,861.65
3116,2013-12-26 12:30:00+00:00,578.75
3116,2013-12-26 13:00:00+00:00,678.75
3116,2013-12-26 13:30:00+00:00,576.35
3116,2013-12-26 14:00:00+00:00,540.7
3116,2013-12-26 14:30:00+00:00,133.26
3116,2013-12-26 15:00:00+00:00,33.1
3116,2013-12-26 15:30:00+00:00,9.01
3116,2013-12-26 16:00:00+00:00,0.55
3116,2013-12-26 16:30:00+00:00,0.0
3116,2013-12-26 17:00:00+00:00,0.0
3116,2013-12-26 17:30:00+00:00,0.0
3116,2013-12-26 18:00:00+00:00,0.0
3116,2013-12-26 18:30:00+00:00,0.0
3116,2013-12-26 19:00:00+00:00,0.0
3116,2013-12-26 19:30:00+00:00,0.0
3116,2013-12-26 20:00:00+00:00,0.0
3116,2013-12-26 20:30:00+00:00,0.0
3116,2013-12-26 21:00:00+00:00,0.0
3116,2013-12-26 21:30:00+00:00,0.0
3116,2013-12-26 22:00:00+00:00,0.0
3116,2013-12-26 22:30:00+00:00,0.0
3116,2013-12-26 23:00:00+00:00,0.0
3116,2013-12-26 23:30:00+00:00,0.0
3116,2013-12-27 00:00:00+00:00,0.0
3116,2013-12-27 00:30:00+00:00,0.0
3116,2013-12-27 01:00:00+00:00,0.0
3116,2013-12-27 01:30:00+00:00,0.0
3116,2013-12-27 02:00:00+00:00,0.0
3116,2013-12-27 02:30:00+00:00,0.0
3116,2013-12-27 03:00:00+00:00,0.0
3116,2013-12-27 03:30:00+00:00,0.0
3116,2013-12-27 04:00:00+00:00,0.0
3116,2013-12-27 04:30:00+00:00,0.0
3116,2013-12-27 05:00:00+00:00,0.0
3116,2013-12-27 05:30:00+00:00,0.0
3116,2013-12-27 06:00:00+00:00,0.0
3116,2013-12-27 06:30:00+00:00,0.0
3116,2013-12-27 07:00:00+00:00,0.0
3116,2013-12-27 07:30:00+00:00,0.0
3116,2013-12-27 08:00:00+00:00,0.0
3116,2013-12-27 08:30:00+00:00,0.02
3116,2013-12-27 09:00:00+00:00,0.02
3116,2013-12-27 09:30:00+00:00,0.6
3116,2013-12-27 10:00:00+00:00,3.42
3116,2013-12-27 10:30:00+00:00,18.52
3116,2013-12-27 11:00:00+00:00,31.3
3116,2013-12-27 11:30:00+00:00,62.24
3116,2013-12-27 12:00:00+00:00,63.86
3116,2013-12-27 12:30:00+00:00,76.67
3116,2013-12-27 13:00:00+00:00,44.24
3116,2013-12-27 13:30:00+00:00,31.3
3116,2013-12-27 14:00:00+00:00,52.01
3116,2013-12-27 14:30:00+00:00,77.47
3116,2013-12-27 15:00:00+00:00,33.63
3116,2013-12-27 15:30:00+00:00,23.03
3116,2013-12-27 16:00:00+00:00,1.7
3116,2013-12-27 16:30:00+00:00,0.0
3116,2013-12-27 17:00:00+00:00,0.0
3116,2013-12-27 17:30:00+00:00,0.0
3116,2013-12-27 18:00:00+00:00,0.0
3116,2013-12-27 18:30:00+00:00,0.0
3116,2013-12-27 19:00:00+00:00,0.0
3116,2013-12-27 19:30:00+00:00,0.0
3116,2013-12-27 20:00:00+00:00,0.0
3116,2013-12-27 20:30:00+00:00,0.0
3116,2013-12-27 21:00:00+00:00,0.0
3116,2013-12-27 21:30:00+00:00,0.0
3116,2013-12-27 22:00:00+00:00,0.0
3116,2013-12-27 22:30:00+00:00,0.0
3116,2013-12-27 23:00:00+00:00,0.0
3116,2013-12-27 23:30:00+00:00,0.0
3116,2013-12-28 00:00:00+00:00,0.0
3116,2013-12-28 00:30:00+00:00,0.0
3116,2013-12-28 01:00:00+00:00,0.0
3116,2013-12-28 01:30:00+00:00,0.0
3116,2013-12-28 02:00:00+00:00,0.0
3116,2013-12-28 02:30:00+00:00,0.0
3116,2013-12-28 03:00:00+00:00,0.0
3116,2013-12-28 03:30:00+00:00,0.0
3116,2013-12-28 04:00:00+00:00,0.0
3116,2013-12-28 04:30:00+00:00,0.0
3116,2013-12-28 05:00:00+00:00,0.0
3116,2013-12-28 05:30:00+00:00,0.0
3116,2013-12-28 06:00:00+00:00,0.0
3116,2013-12-28 06:30:00+00:00,0.0
3116,2013-12-28 07:00:00+00:00,0.0
3116,2013-12-28 07:30:00+00:00,0.0
3116,2013-12-28 08:00:00+00:00,0.0
3116,2013-12-28 08:30:00+00:00,32.35
3116,2013-12-28 09:00:00+00:00,36.41
3116,2013-12-28 09:30:00+00:00,89.39
3116,2013-12-28 10:00:00+00:00,632.15
3116,2013-12-28 10:30:00+00:00,763.65
3116,2013-12-28 11:00:00+00:00,858.2
3116,2013-12-28 11:30:00+00:00,696.15
3116,2013-12-28 12:00:00+00:00,565.7
3116,2013-12-28 12:30:00+00:00,717.4
3116,2013-12-28 13:00:00+00:00,692.35
3116,2013-12-28 13:30:00+00:00,736.8
3116,2013-12-28 14:00:00+00:00,390.34
3116,2013-12-28 14:30:00+00:00,311.91
3116,2013-12-28 15:00:00+00:00,312.31
3116,2013-12-28 15:30:00+00:00,69.65
3116,2013-12-28 16:00:00+00:00,0.48
3116,2013-12-28 16:30:00+00:00,0.0
3116,2013-12-28 17:00:00+00:00,0.0
3116,2013-12-28 17:30:00+00:00,0.0
3116,2013-12-28 18:00:00+00:00,0.0
3116,2013-12-28 18:30:00+00:00,0.0
3116,2013-12-28 19:00:00+00:00,0.0
3116,2013-12-28 19:30:00+00:00,0.0
3116,2013-12-28 20:00:00+00:00,0.0
3116,2013-12-28 20:30:00+00:00,0.0
3116,2013-12-28 21:00:00+00:00,0.0
3116,2013-12-28 21:30:00+00:00,0.0
3116,2013-12-28 22:00:00+00:00,0.0
3116,2013-12-28 22:30:00+00:00,0.0
3116,2013-12-28 23:00:00+00:00,0.0
3116,2013-12-28 23:30:00+00:00,0.0
3116,2013-12-29 00:00:00+00:00,0.0
3116,2013-12-29 00:30:00+00:00,0.0
3116,2013-12-29 01:00:00+00:00,0.0
3116,2013-12-29 01:30:00+00:00,0.0
3116,2013-12-29 02:00:00+00:00,0.0
3116,2013-12-29 02:30:00+00:00,0.0
3116,2013-12-29 03:00:00+00:00,0.0
3116,2013-12-29 03:30:00+00:00,0.0
3116,2013-12-29 04:00:00+00:00,0.0
3116,2013-12-29 04:30:00+00:00,0.0
3116,2013-12-29 05:00:00+00:00,0.0
3116,2013-12-29 05:30:00+00:00,0.0
3116,2013-12-29 06:00:00+00:00,0.0
3116,2013-12-29 06:30:00+00:00,0.0
3116,2013-12-29 07:00:00+00:00,0.0
3116,2013-12-29 07:30:00+00:00,0.0
3116,2013-12-29 08:00:00+00:00,0.01
3116,2013-12-29 08:30:00+00:00,31.59
3116,2013-12-29 09:00:00+00:00,281.26
3116,2013-12-29 09:30:00+00:00,511.75
3116,2013-12-29 10:00:00+00:00,678.0
3116,2013-12-29 10:30:00+00:00,796.25
3116,2013-12-29 11:00:00+00:00,877.45
3116,2013-12-29 11:30:00+00:00,918.95
3116,2013-12-29 12:00:00+00:00,930.5
3116,2013-12-29 12:30:00+00:00,921.5
3116,2013-12-29 13:00:00+00:00,867.45
3116,2013-12-29 13:30:00+00:00,803.7
3116,2013-12-29 14:00:00+00:00,693.55
3116,2013-12-29 14:30:00+00:00,553.2
3116,2013-12-29 15:00:00+00:00,376.33
3116,2013-12-29 15:30:00+00:00,162.68
3116,2013-12-29 16:00:00+00:00,4.8
3116,2013-12-29 16:30:00+00:00,0.0
3116,2013-12-29 17:00:00+00:00,0.0
3116,2013-12-29 17:30:00+00:00,0.0
3116,2013-12-29 18:00:00+00:00,0.0
3116,2013-12-29 18:30:00+00:00,0.0
3116,2013-12-29 19:00:00+00:00,0.0
3116,2013-12-29 19:30:00+00:00,0.0
3116,2013-12-29 20:00:00+00:00,0.0
3116,2013-12-29 20:30:00+00:00,0.0
3116,2013-12-29 21:00:00+00:00,0.0
3116,2013-12-29 21:30:00+00:00,0.0
3116,2013-12-29 22:00:00+00:00,0.0
3116,2013-12-29 22:30:00+00:00,0.0
3116,2013-12-29 23:00:00+00:00,0.0
3116,2013-12-29 23:30:00+00:00,0.0
3116,2013-12-30 00:00:00+00:00,0.0
3116,2013-12-30 00:30:00+00:00,0.0
3116,2013-12-30 01:00:00+00:00,0.0
3116,2013-12-30 01:30:00+00:00,0.0
3116,2013-12-30 02:00:00+00:00,0.0
3116,2013-12-30 02:30:00+00:00,0.0
3116,2013-12-30 03:00:00+00:00,0.0
3116,2013-12-30 03:30:00+00:00,0.0
3116,2013-12-30 04:00:00+00:00,0.0
3116,2013-12-30 04:30:00+00:00,0.0
3116,2013-12-30 05:00:00+00:00,0.0
3116,2013-12-30 05:30:00+00:00,0.0
3116,2013-12-30 06:00:00+00:00,0.0
3116,2013-12-30 06:30:00+00:00,0.0
3116,2013-12-30 07:00:00+00:00,0.0
3116,2013-12-30 07:30:00+00:00,0.0
3116,2013-12-30 08:00:00+00:00,0.0
3116,2013-12-30 08:30:00+00:00,0.01
3116,2013-12-30 09:00:00+00:00,0.03
3116,2013-12-30 09:30:00+00:00,7.57
3116,2013-12-30 10:00:00+00:00,10.71
3116,2013-12-30 10:30:00+00:00,5.75
3116,2013-12-30 11:00:00+00:00,24.19
3116,2013-12-30 11:30:00+00:00,52.1
3116,2013-12-30 12:00:00+00:00,20.65
3116,2013-12-30 12:30:00+00:00,13.29
3116,2013-12-30 13:00:00+00:00,4.78
3116,2013-12-30 13:30:00+00:00,57.95
3116,2013-12-30 14:00:00+00:00,257.62
3116,2013-12-30 14:30:00+00:00,229.86
3116,2013-12-30 15:00:00+00:00,178.71
3116,2013-12-30 15:30:00+00:00,113.63
3116,2013-12-30 16:00:00+00:00,0.0
3116,2013-12-30 16:30:00+00:00,0.0
3116,2013-12-30 17:00:00+00:00,0.0
3116,2013-12-30 17:30:00+00:00,0.0
3116,2013-12-30 18:00:00+00:00,0.0
3116,2013-12-30 18:30:00+00:00,0.0
3116,2013-12-30 19:00:00+00:00,0.0
3116,2013-12-30 19:30:00+00:00,0.0
3116,2013-12-30 20:00:00+00:00,0.0
3116,2013-12-30 20:30:00+00:00,0.0
3116,2013-12-30 21:00:00+00:00,0.0
3116,2013-12-30 21:30:00+00:00,0.0
3116,2013-12-30 22:00:00+00:00,0.0
3116,2013-12-30 22:30:00+00:00,0.0
3116,2013-12-30 23:00:00+00:00,0.0
3116,2013-12-30 23:30:00+00:00,0.0
3116,2013-12-31 00:00:00+00:00,0.0
3116,2013-12-31 00:30:00+00:00,0.0
3116,2013-12-31 01:00:00+00:00,0.0
3116,2013-12-31 01:30:00+00:00,0.0
3116,2013-12-31 02:00:00+00:00,0.0
3116,2013-12-31 02:30:00+00:00,0.0
3116,2013-12-31 03:00:00+00:00,0.0
3116,2013-12-31 03:30:00+00:00,0.0
3116,2013-12-31 04:00:00+00:00,0.0
3116,2013-12-31 04:30:00+00:00,0.0
3116,2013-12-31 05:00:00+00:00,0.0
3116,2013-12-31 05:30:00+00:00,0.0
3116,2013-12-31 06:00:00+00:00,0.0
3116,2013-12-31 06:30:00+00:00,0.0
3116,2013-12-31 07:00:00+00:00,0.0
3116,2013-12-31 07:30:00+00:00,0.0
3116,2013-12-31 08:00:00+00:00,0.0
3116,2013-12-31 08:30:00+00:00,0.0
3116,2013-12-31 09:00:00+00:00,0.33
3116,2013-12-31 09:30:00+00:00,11.52
3116,2013-12-31 10:00:00+00:00,31.28
3116,2013-12-31 10:30:00+00:00,64.11
3116,2013-12-31 11:00:00+00:00,77.75
3116,2013-12-31 11:30:00+00:00,134.94
3116,2013-12-31 12:00:00+00:00,135.35
3116,2013-12-31 12:30:00+00:00,51.92
3116,2013-12-31 13:00:00+00:00,38.56
3116,2013-12-31 13:30:00+00:00,16.41
3116,2013-12-31 14:00:00+00:00,19.79
3116,2013-12-31 14:30:00+00:00,0.06
3116,2013-12-31 15:00:00+00:00,0.0
3116,2013-12-31 15:30:00+00:00,0.0
3116,2013-12-31 16:00:00+00:00,0.0
3116,2013-12-31 16:30:00+00:00,0.0
3116,2013-12-31 17:00:00+00:00,0.0
3116,2013-12-31 17:30:00+00:00,0.0
3116,2013-12-31 18:00:00+00:00,0.0
3116,2013-12-31 18:30:00+00:00,0.0
3116,2013-12-31 19:00:00+00:00,0.0
3116,2013-12-31 19:30:00+00:00,0.0
3116,2013-12-31 20:00:00+00:00,0.0
3116,2013-12-31 20:30:00+00:00,0.0
3116,2013-12-31 21:00:00+00:00,0.0
3116,2013-12-31 21:30:00+00:00,0.0
3116,2013-12-31 22:00:00+00:00,0.0
3116,2013-12-31 22:30:00+00:00,0.0
3116,2013-12-31 23:00:00+00:00,0.0
3116,2013-12-31 23:30:00+00:00,0.0
