ss_id,datetime_GMT,generation_Wh
3491,2013-01-01 00:30:00+00:00,0.0
3491,2013-01-01 01:00:00+00:00,0.0
3491,2013-01-01 01:30:00+00:00,0.0
3491,2013-01-01 02:00:00+00:00,0.0
3491,2013-01-01 02:30:00+00:00,0.0
3491,2013-01-01 03:00:00+00:00,0.0
3491,2013-01-01 03:30:00+00:00,0.0
3491,2013-01-01 04:00:00+00:00,0.0
3491,2013-01-01 04:30:00+00:00,0.0
3491,2013-01-01 05:00:00+00:00,0.0
3491,2013-01-01 05:30:00+00:00,0.0
3491,2013-01-01 06:00:00+00:00,0.0
3491,2013-01-01 06:30:00+00:00,0.0
3491,2013-01-01 07:00:00+00:00,0.0
3491,2013-01-01 07:30:00+00:00,0.0
3491,2013-01-01 08:00:00+00:00,0.0
3491,2013-01-01 08:30:00+00:00,5.93
3491,2013-01-01 09:00:00+00:00,120.35
3491,2013-01-01 09:30:00+00:00,452.0
3491,2013-01-01 10:00:00+00:00,667.9
3491,2013-01-01 10:30:00+00:00,738.7
3491,2013-01-01 11:00:00+00:00,782.45
3491,2013-01-01 11:30:00+00:00,786.65
3491,2013-01-01 12:00:00+00:00,660.25
3491,2013-01-01 12:30:00+00:00,566.35
3491,2013-01-01 13:00:00+00:00,471.09
3491,2013-01-01 13:30:00+00:00,209.82
3491,2013-01-01 14:00:00+00:00,98.83
3491,2013-01-01 14:30:00+00:00,65.55
3491,2013-01-01 15:00:00+00:00,43.22
3491,2013-01-01 15:30:00+00:00,23.14
3491,2013-01-01 16:00:00+00:00,0.64
3491,2013-01-01 16:30:00+00:00,0.0
3491,2013-01-01 17:00:00+00:00,0.0
3491,2013-01-01 17:30:00+00:00,0.0
3491,2013-01-01 18:00:00+00:00,0.0
3491,2013-01-01 18:30:00+00:00,0.0
3491,2013-01-01 19:00:00+00:00,0.0
3491,2013-01-01 19:30:00+00:00,0.0
3491,2013-01-01 20:00:00+00:00,0.0
3491,2013-01-01 20:30:00+00:00,0.0
3491,2013-01-01 21:00:00+00:00,0.0
3491,2013-01-01 21:30:00+00:00,0.0
3491,2013-01-01 22:00:00+00:00,0.0
3491,2013-01-01 22:30:00+00:00,0.0
3491,2013-01-01 23:00:00+00:00,0.0
3491,2013-01-01 23:30:00+00:00,0.0
3491,2013-01-02 00:00:00+00:00,0.0
3491,2013-01-02 00:30:00+00:00,0.0
3491,2013-01-02 01:00:00+00:00,0.0
3491,2013-01-02 01:30:00+00:00,0.0
3491,2013-01-02 02:00:00+00:00,0.0
3491,2013-01-02 02:30:00+00:00,0.0
3491,2013-01-02 03:00:00+00:00,0.0
3491,2013-01-02 03:30:00+00:00,0.0
3491,2013-01-02 04:00:00+00:00,0.0
3491,2013-01-02 04:30:00+00:00,0.0
3491,2013-01-02 05:00:00+00:00,0.0
3491,2013-01-02 05:30:00+00:00,0.0
3491,2013-01-02 06:00:00+00:00,0.0
3491,2013-01-02 06:30:00+00:00,0.0
3491,2013-01-02 07:00:00+00:00,0.0
3491,2013-01-02 07:30:00+00:00,0.0
3491,2013-01-02 08:00:00+00:00,0.0
3491,2013-01-02 08:30:00+00:00,0.0
3491,2013-01-02 09:00:00+00:00,26.9
3491,2013-01-02 09:30:00+00:00,23.75
3491,2013-01-02 10:00:00+00:00,9.76
3491,2013-01-02 10:30:00+00:00,33.6
3491,2013-01-02 11:00:00+00:00,57.61
3491,2013-01-02 11:30:00+00:00,37.94
3491,2013-01-02 12:00:00+00:00,59.86
3491,2013-01-02 12:30:00+00:00,41.54
3491,2013-01-02 13:00:00+00:00,33.55
3491,2013-01-02 13:30:00+00:00,45.63
3491,2013-01-02 14:00:00+00:00,36.74
3491,2013-01-02 14:30:00+00:00,21.4
3491,2013-01-02 15:00:00+00:00,6.93
3491,2013-01-02 15:30:00+00:00,0.0
3491,2013-01-02 16:00:00+00:00,0.0
3491,2013-01-02 16:30:00+00:00,0.0
3491,2013-01-02 17:00:00+00:00,0.0
3491,2013-01-02 17:30:00+00:00,0.0
3491,2013-01-02 18:00:00+00:00,0.0
3491,2013-01-02 18:30:00+00:00,0.0
3491,2013-01-02 19:00:00+00:00,0.0
3491,2013-01-02 19:30:00+00:00,0.0
3491,2013-01-02 20:00:00+00:00,0.0
3491,2013-01-02 20:30:00+00:00,0.0
3491,2013-01-02 21:00:00+00:00,0.0
3491,2013-01-02 21:30:00+00:00,0.0
3491,2013-01-02 22:00:00+00:00,0.0
3491,2013-01-02 22:30:00+00:00,0.0
3491,2013-01-02 23:00:00+00:00,0.0
3491,2013-01-02 23:30:00+00:00,0.0
3491,2013-01-03 00:00:00+00:00,0.0
3491,2013-01-03 00:30:00+00:00,0.0
3491,2013-01-03 01:00:00+00:00,0.0
3491,2013-01-03 01:30:00+00:00,0.0
3491,2013-01-03 02:00:00+00:00,0.0
3491,2013-01-03 02:30:00+00:00,0.0
3491,2013-01-03 03:00:00+00:00,0.0
3491,2013-01-03 03:30:00+00:00,0.0
3491,2013-01-03 04:00:00+00:00,0.0
3491,2013-01-03 04:30:00+00:00,0.0
3491,2013-01-03 05:00:00+00:00,0.0
3491,2013-01-03 05:30:00+00:00,0.0
3491,2013-01-03 06:00:00+00:00,0.0
3491,2013-01-03 06:30:00+00:00,0.0
3491,2013-01-03 07:00:00+00:00,0.0
3491,2013-01-03 07:30:00+00:00,0.0
3491,2013-01-03 08:00:00+00:00,0.0
3491,2013-01-03 08:30:00+00:00,3.28
3491,2013-01-03 09:00:00+00:00,40.98
3491,2013-01-03 09:30:00+00:00,67.13
3491,2013-01-03 10:00:00+00:00,56.42
3491,2013-01-03 10:30:00+00:00,96.8
3491,2013-01-03 11:00:00+00:00,150.54
3491,2013-01-03 11:30:00+00:00,146.9
3491,2013-01-03 12:00:00+00:00,306.36
3491,2013-01-03 12:30:00+00:00,195.52
3491,2013-01-03 13:00:00+00:00,214.04
3491,2013-01-03 13:30:00+00:00,205.21
3491,2013-01-03 14:00:00+00:00,126.88
3491,2013-01-03 14:30:00+00:00,85.25
3491,2013-01-03 15:00:00+00:00,41.29
3491,2013-01-03 15:30:00+00:00,18.19
3491,2013-01-03 16:00:00+00:00,0.25
3491,2013-01-03 16:30:00+00:00,0.0
3491,2013-01-03 17:00:00+00:00,0.0
3491,2013-01-03 17:30:00+00:00,0.0
3491,2013-01-03 18:00:00+00:00,0.0
3491,2013-01-03 18:30:00+00:00,0.0
3491,2013-01-03 19:00:00+00:00,0.0
3491,2013-01-03 19:30:00+00:00,0.0
3491,2013-01-03 20:00:00+00:00,0.0
3491,2013-01-03 20:30:00+00:00,0.0
3491,2013-01-03 21:00:00+00:00,0.0
3491,2013-01-03 21:30:00+00:00,0.0
3491,2013-01-03 22:00:00+00:00,0.0
3491,2013-01-03 22:30:00+00:00,0.0
3491,2013-01-03 23:00:00+00:00,0.0
3491,2013-01-03 23:30:00+00:00,0.0
3491,2013-01-04 00:00:00+00:00,0.0
3491,2013-01-04 00:30:00+00:00,0.0
3491,2013-01-04 01:00:00+00:00,0.0
3491,2013-01-04 01:30:00+00:00,0.0
3491,2013-01-04 02:00:00+00:00,0.0
3491,2013-01-04 02:30:00+00:00,0.0
3491,2013-01-04 03:00:00+00:00,0.0
3491,2013-01-04 03:30:00+00:00,0.0
3491,2013-01-04 04:00:00+00:00,0.0
3491,2013-01-04 04:30:00+00:00,0.0
3491,2013-01-04 05:00:00+00:00,0.0
3491,2013-01-04 05:30:00+00:00,0.0
3491,2013-01-04 06:00:00+00:00,0.0
3491,2013-01-04 06:30:00+00:00,0.0
3491,2013-01-04 07:00:00+00:00,0.0
3491,2013-01-04 07:30:00+00:00,0.0
3491,2013-01-04 08:00:00+00:00,0.0
3491,2013-01-04 08:30:00+00:00,0.0
3491,2013-01-04 09:00:00+00:00,7.17
3491,2013-01-04 09:30:00+00:00,29.96
3491,2013-01-04 10:00:00+00:00,53.67
3491,2013-01-04 10:30:00+00:00,95.33
3491,2013-01-04 11:00:00+00:00,110.26
3491,2013-01-04 11:30:00+00:00,134.12
3491,2013-01-04 12:00:00+00:00,184.66
3491,2013-01-04 12:30:00+00:00,217.68
3491,2013-01-04 13:00:00+00:00,159.12
3491,2013-01-04 13:30:00+00:00,126.3
3491,2013-01-04 14:00:00+00:00,69.96
3491,2013-01-04 14:30:00+00:00,38.36
3491,2013-01-04 15:00:00+00:00,14.89
3491,2013-01-04 15:30:00+00:00,7.19
3491,2013-01-04 16:00:00+00:00,0.0
3491,2013-01-04 16:30:00+00:00,0.0
3491,2013-01-04 17:00:00+00:00,0.0
3491,2013-01-04 17:30:00+00:00,0.0
3491,2013-01-04 18:00:00+00:00,0.0
3491,2013-01-04 18:30:00+00:00,0.0
3491,2013-01-04 19:00:00+00:00,0.0
3491,2013-01-04 19:30:00+00:00,0.0
3491,2013-01-04 20:00:00+00:00,0.0
3491,2013-01-04 20:30:00+00:00,0.0
3491,2013-01-04 21:00:00+00:00,0.0
3491,2013-01-04 21:30:00+00:00,0.0
3491,2013-01-04 22:00:00+00:00,0.0
3491,2013-01-04 22:30:00+00:00,0.0
3491,2013-01-04 23:00:00+00:00,0.0
3491,2013-01-04 23:30:00+00:00,0.0
3491,2013-01-05 00:00:00+00:00,0.0
3491,2013-01-05 00:30:00+00:00,0.0
3491,2013-01-05 01:00:00+00:00,0.0
3491,2013-01-05 01:30:00+00:00,0.0
3491,2013-01-05 02:00:00+00:00,0.0
3491,2013-01-05 02:30:00+00:00,0.0
3491,2013-01-05 03:00:00+00:00,0.0
3491,2013-01-05 03:30:00+00:00,0.0
3491,2013-01-05 04:00:00+00:00,0.0
3491,2013-01-05 04:30:00+00:00,0.0
3491,2013-01-05 05:00:00+00:00,0.0
3491,2013-01-05 05:30:00+00:00,0.0
3491,2013-01-05 06:00:00+00:00,0.0
3491,2013-01-05 06:30:00+00:00,0.0
3491,2013-01-05 07:00:00+00:00,0.0
3491,2013-01-05 07:30:00+00:00,0.0
3491,2013-01-05 08:00:00+00:00,0.0
3491,2013-01-05 08:30:00+00:00,0.0
3491,2013-01-05 09:00:00+00:00,0.0
3491,2013-01-05 09:30:00+00:00,2.5
3491,2013-01-05 10:00:00+00:00,26.31
3491,2013-01-05 10:30:00+00:00,40.02
3491,2013-01-05 11:00:00+00:00,41.93
3491,2013-01-05 11:30:00+00:00,45.66
3491,2013-01-05 12:00:00+00:00,62.65
3491,2013-01-05 12:30:00+00:00,62.87
3491,2013-01-05 13:00:00+00:00,52.67
3491,2013-01-05 13:30:00+00:00,78.89
3491,2013-01-05 14:00:00+00:00,54.79
3491,2013-01-05 14:30:00+00:00,33.65
3491,2013-01-05 15:00:00+00:00,21.53
3491,2013-01-05 15:30:00+00:00,8.03
3491,2013-01-05 16:00:00+00:00,0.0
3491,2013-01-05 16:30:00+00:00,0.0
3491,2013-01-05 17:00:00+00:00,0.0
3491,2013-01-05 17:30:00+00:00,0.0
3491,2013-01-05 18:00:00+00:00,0.0
3491,2013-01-05 18:30:00+00:00,0.0
3491,2013-01-05 19:00:00+00:00,0.0
3491,2013-01-05 19:30:00+00:00,0.0
3491,2013-01-05 20:00:00+00:00,0.0
3491,2013-01-05 20:30:00+00:00,0.0
3491,2013-01-05 21:00:00+00:00,0.0
3491,2013-01-05 21:30:00+00:00,0.0
3491,2013-01-05 22:00:00+00:00,0.0
3491,2013-01-05 22:30:00+00:00,0.0
3491,2013-01-05 23:00:00+00:00,0.0
3491,2013-01-05 23:30:00+00:00,0.0
3491,2013-01-06 00:00:00+00:00,0.0
3491,2013-01-06 00:30:00+00:00,0.0
3491,2013-01-06 01:00:00+00:00,0.0
3491,2013-01-06 01:30:00+00:00,0.0
3491,2013-01-06 02:00:00+00:00,0.0
3491,2013-01-06 02:30:00+00:00,0.0
3491,2013-01-06 03:00:00+00:00,0.0
3491,2013-01-06 03:30:00+00:00,0.0
3491,2013-01-06 04:00:00+00:00,0.0
3491,2013-01-06 04:30:00+00:00,0.0
3491,2013-01-06 05:00:00+00:00,0.0
3491,2013-01-06 05:30:00+00:00,0.0
3491,2013-01-06 06:00:00+00:00,0.0
3491,2013-01-06 06:30:00+00:00,0.0
3491,2013-01-06 07:00:00+00:00,0.0
3491,2013-01-06 07:30:00+00:00,0.0
3491,2013-01-06 08:00:00+00:00,0.0
3491,2013-01-06 08:30:00+00:00,0.0
3491,2013-01-06 09:00:00+00:00,7.69
3491,2013-01-06 09:30:00+00:00,33.92
3491,2013-01-06 10:00:00+00:00,19.05
3491,2013-01-06 10:30:00+00:00,29.66
3491,2013-01-06 11:00:00+00:00,33.92
3491,2013-01-06 11:30:00+00:00,28.4
3491,2013-01-06 12:00:00+00:00,51.31
3491,2013-01-06 12:30:00+00:00,38.88
3491,2013-01-06 13:00:00+00:00,47.05
3491,2013-01-06 13:30:00+00:00,110.61
3491,2013-01-06 14:00:00+00:00,36.07
3491,2013-01-06 14:30:00+00:00,39.85
3491,2013-01-06 15:00:00+00:00,20.74
3491,2013-01-06 15:30:00+00:00,0.0
3491,2013-01-06 16:00:00+00:00,0.0
3491,2013-01-06 16:30:00+00:00,0.0
3491,2013-01-06 17:00:00+00:00,0.0
3491,2013-01-06 17:30:00+00:00,0.0
3491,2013-01-06 18:00:00+00:00,0.0
3491,2013-01-06 18:30:00+00:00,0.0
3491,2013-01-06 19:00:00+00:00,0.0
3491,2013-01-06 19:30:00+00:00,0.0
3491,2013-01-06 20:00:00+00:00,0.0
3491,2013-01-06 20:30:00+00:00,0.0
3491,2013-01-06 21:00:00+00:00,0.0
3491,2013-01-06 21:30:00+00:00,0.0
3491,2013-01-06 22:00:00+00:00,0.0
3491,2013-01-06 22:30:00+00:00,0.0
3491,2013-01-06 23:00:00+00:00,0.0
3491,2013-01-06 23:30:00+00:00,0.0
3491,2013-01-07 00:00:00+00:00,0.0
3491,2013-01-07 00:30:00+00:00,0.0
3491,2013-01-07 01:00:00+00:00,0.0
3491,2013-01-07 01:30:00+00:00,0.0
3491,2013-01-07 02:00:00+00:00,0.0
3491,2013-01-07 02:30:00+00:00,0.0
3491,2013-01-07 03:00:00+00:00,0.0
3491,2013-01-07 03:30:00+00:00,0.0
3491,2013-01-07 04:00:00+00:00,0.0
3491,2013-01-07 04:30:00+00:00,0.0
3491,2013-01-07 05:00:00+00:00,0.0
3491,2013-01-07 05:30:00+00:00,0.0
3491,2013-01-07 06:00:00+00:00,0.0
3491,2013-01-07 06:30:00+00:00,0.0
3491,2013-01-07 07:00:00+00:00,0.0
3491,2013-01-07 07:30:00+00:00,0.0
3491,2013-01-07 08:00:00+00:00,0.0
3491,2013-01-07 08:30:00+00:00,0.0
3491,2013-01-07 09:00:00+00:00,0.0
3491,2013-01-07 09:30:00+00:00,8.59
3491,2013-01-07 10:00:00+00:00,24.96
3491,2013-01-07 10:30:00+00:00,45.09
3491,2013-01-07 11:00:00+00:00,58.9
3491,2013-01-07 11:30:00+00:00,65.31
3491,2013-01-07 12:00:00+00:00,34.21
3491,2013-01-07 12:30:00+00:00,21.32
3491,2013-01-07 13:00:00+00:00,63.49
3491,2013-01-07 13:30:00+00:00,60.66
3491,2013-01-07 14:00:00+00:00,47.78
3491,2013-01-07 14:30:00+00:00,24.17
3491,2013-01-07 15:00:00+00:00,9.3
3491,2013-01-07 15:30:00+00:00,0.0
3491,2013-01-07 16:00:00+00:00,0.0
3491,2013-01-07 16:30:00+00:00,0.0
3491,2013-01-07 17:00:00+00:00,0.0
3491,2013-01-07 17:30:00+00:00,0.0
3491,2013-01-07 18:00:00+00:00,0.0
3491,2013-01-07 18:30:00+00:00,0.0
3491,2013-01-07 19:00:00+00:00,0.0
3491,2013-01-07 19:30:00+00:00,0.0
3491,2013-01-07 20:00:00+00:00,0.0
3491,2013-01-07 20:30:00+00:00,0.0
3491,2013-01-07 21:00:00+00:00,0.0
3491,2013-01-07 21:30:00+00:00,0.0
3491,2013-01-07 22:00:00+00:00,0.0
3491,2013-01-07 22:30:00+00:00,0.0
3491,2013-01-07 23:00:00+00:00,0.0
3491,2013-01-07 23:30:00+00:00,0.0
3491,2013-01-08 00:00:00+00:00,0.0
3491,2013-01-08 00:30:00+00:00,0.0
3491,2013-01-08 01:00:00+00:00,0.0
3491,2013-01-08 01:30:00+00:00,0.0
3491,2013-01-08 02:00:00+00:00,0.0
3491,2013-01-08 02:30:00+00:00,0.0
3491,2013-01-08 03:00:00+00:00,0.0
3491,2013-01-08 03:30:00+00:00,0.0
3491,2013-01-08 04:00:00+00:00,0.0
3491,2013-01-08 04:30:00+00:00,0.0
3491,2013-01-08 05:00:00+00:00,0.0
3491,2013-01-08 05:30:00+00:00,0.0
3491,2013-01-08 06:00:00+00:00,0.0
3491,2013-01-08 06:30:00+00:00,0.0
3491,2013-01-08 07:00:00+00:00,0.0
3491,2013-01-08 07:30:00+00:00,0.0
3491,2013-01-08 08:00:00+00:00,0.0
3491,2013-01-08 08:30:00+00:00,13.36
3491,2013-01-08 09:00:00+00:00,156.05
3491,2013-01-08 09:30:00+00:00,283.06
3491,2013-01-08 10:00:00+00:00,463.74
3491,2013-01-08 10:30:00+00:00,177.16
3491,2013-01-08 11:00:00+00:00,294.24
3491,2013-01-08 11:30:00+00:00,453.22
3491,2013-01-08 12:00:00+00:00,638.25
3491,2013-01-08 12:30:00+00:00,443.87
3491,2013-01-08 13:00:00+00:00,350.87
3491,2013-01-08 13:30:00+00:00,220.07
3491,2013-01-08 14:00:00+00:00,144.1
3491,2013-01-08 14:30:00+00:00,51.7
3491,2013-01-08 15:00:00+00:00,14.27
3491,2013-01-08 15:30:00+00:00,5.3
3491,2013-01-08 16:00:00+00:00,0.0
3491,2013-01-08 16:30:00+00:00,0.0
3491,2013-01-08 17:00:00+00:00,0.0
3491,2013-01-08 17:30:00+00:00,0.0
3491,2013-01-08 18:00:00+00:00,0.0
3491,2013-01-08 18:30:00+00:00,0.0
3491,2013-01-08 19:00:00+00:00,0.0
3491,2013-01-08 19:30:00+00:00,0.0
3491,2013-01-08 20:00:00+00:00,0.0
3491,2013-01-08 20:30:00+00:00,0.0
3491,2013-01-08 21:00:00+00:00,0.0
3491,2013-01-08 21:30:00+00:00,0.0
3491,2013-01-08 22:00:00+00:00,0.0
3491,2013-01-08 22:30:00+00:00,0.0
3491,2013-01-08 23:00:00+00:00,0.0
3491,2013-01-08 23:30:00+00:00,0.0
3491,2013-01-09 00:00:00+00:00,0.0
3491,2013-01-09 00:30:00+00:00,0.0
3491,2013-01-09 01:00:00+00:00,0.0
3491,2013-01-09 01:30:00+00:00,0.0
3491,2013-01-09 02:00:00+00:00,0.0
3491,2013-01-09 02:30:00+00:00,0.0
3491,2013-01-09 03:00:00+00:00,0.0
3491,2013-01-09 03:30:00+00:00,0.0
3491,2013-01-09 04:00:00+00:00,0.0
3491,2013-01-09 04:30:00+00:00,0.0
3491,2013-01-09 05:00:00+00:00,0.0
3491,2013-01-09 05:30:00+00:00,0.0
3491,2013-01-09 06:00:00+00:00,0.0
3491,2013-01-09 06:30:00+00:00,0.0
3491,2013-01-09 07:00:00+00:00,0.0
3491,2013-01-09 07:30:00+00:00,0.0
3491,2013-01-09 08:00:00+00:00,0.0
3491,2013-01-09 08:30:00+00:00,0.0
3491,2013-01-09 09:00:00+00:00,0.0
3491,2013-01-09 09:30:00+00:00,0.0
3491,2013-01-09 10:00:00+00:00,0.0
3491,2013-01-09 10:30:00+00:00,3.58
3491,2013-01-09 11:00:00+00:00,24.9
3491,2013-01-09 11:30:00+00:00,44.74
3491,2013-01-09 12:00:00+00:00,37.4
3491,2013-01-09 12:30:00+00:00,37.96
3491,2013-01-09 13:00:00+00:00,63.56
3491,2013-01-09 13:30:00+00:00,192.26
3491,2013-01-09 14:00:00+00:00,32.42
3491,2013-01-09 14:30:00+00:00,65.77
3491,2013-01-09 15:00:00+00:00,44.33
3491,2013-01-09 15:30:00+00:00,33.23
3491,2013-01-09 16:00:00+00:00,2.77
3491,2013-01-09 16:30:00+00:00,0.0
3491,2013-01-09 17:00:00+00:00,0.0
3491,2013-01-09 17:30:00+00:00,0.0
3491,2013-01-09 18:00:00+00:00,0.0
3491,2013-01-09 18:30:00+00:00,0.0
3491,2013-01-09 19:00:00+00:00,0.0
3491,2013-01-09 19:30:00+00:00,0.0
3491,2013-01-09 20:00:00+00:00,0.0
3491,2013-01-09 20:30:00+00:00,0.0
3491,2013-01-09 21:00:00+00:00,0.0
3491,2013-01-09 21:30:00+00:00,0.0
3491,2013-01-09 22:00:00+00:00,0.0
3491,2013-01-09 22:30:00+00:00,0.0
3491,2013-01-09 23:00:00+00:00,0.0
3491,2013-01-09 23:30:00+00:00,0.0
3491,2013-01-10 00:00:00+00:00,0.0
3491,2013-01-10 00:30:00+00:00,0.0
3491,2013-01-10 01:00:00+00:00,0.0
3491,2013-01-10 01:30:00+00:00,0.0
3491,2013-01-10 02:00:00+00:00,0.0
3491,2013-01-10 02:30:00+00:00,0.0
3491,2013-01-10 03:00:00+00:00,0.0
3491,2013-01-10 03:30:00+00:00,0.0
3491,2013-01-10 04:00:00+00:00,0.0
3491,2013-01-10 04:30:00+00:00,0.0
3491,2013-01-10 05:00:00+00:00,0.0
3491,2013-01-10 05:30:00+00:00,0.0
3491,2013-01-10 06:00:00+00:00,0.0
3491,2013-01-10 06:30:00+00:00,0.0
3491,2013-01-10 07:00:00+00:00,0.0
3491,2013-01-10 07:30:00+00:00,0.0
3491,2013-01-10 08:00:00+00:00,0.0
3491,2013-01-10 08:30:00+00:00,0.0
3491,2013-01-10 09:00:00+00:00,2.01
3491,2013-01-10 09:30:00+00:00,29.06
3491,2013-01-10 10:00:00+00:00,33.45
3491,2013-01-10 10:30:00+00:00,51.2
3491,2013-01-10 11:00:00+00:00,40.88
3491,2013-01-10 11:30:00+00:00,34.77
3491,2013-01-10 12:00:00+00:00,23.15
3491,2013-01-10 12:30:00+00:00,30.2
3491,2013-01-10 13:00:00+00:00,64.57
3491,2013-01-10 13:30:00+00:00,75.58
3491,2013-01-10 14:00:00+00:00,81.5
3491,2013-01-10 14:30:00+00:00,28.73
3491,2013-01-10 15:00:00+00:00,61.55
3491,2013-01-10 15:30:00+00:00,29.99
3491,2013-01-10 16:00:00+00:00,1.38
3491,2013-01-10 16:30:00+00:00,0.0
3491,2013-01-10 17:00:00+00:00,0.0
3491,2013-01-10 17:30:00+00:00,0.0
3491,2013-01-10 18:00:00+00:00,0.0
3491,2013-01-10 18:30:00+00:00,0.0
3491,2013-01-10 19:00:00+00:00,0.0
3491,2013-01-10 19:30:00+00:00,0.0
3491,2013-01-10 20:00:00+00:00,0.0
3491,2013-01-10 20:30:00+00:00,0.0
3491,2013-01-10 21:00:00+00:00,0.0
3491,2013-01-10 21:30:00+00:00,0.0
3491,2013-01-10 22:00:00+00:00,0.0
3491,2013-01-10 22:30:00+00:00,0.0
3491,2013-01-10 23:00:00+00:00,0.0
3491,2013-01-10 23:30:00+00:00,0.0
3491,2013-01-11 00:00:00+00:00,0.0
3491,2013-01-11 00:30:00+00:00,0.0
3491,2013-01-11 01:00:00+00:00,0.0
3491,2013-01-11 01:30:00+00:00,0.0
3491,2013-01-11 02:00:00+00:00,0.0
3491,2013-01-11 02:30:00+00:00,0.0
3491,2013-01-11 03:00:00+00:00,0.0
3491,2013-01-11 03:30:00+00:00,0.0
3491,2013-01-11 04:00:00+00:00,0.0
3491,2013-01-11 04:30:00+00:00,0.0
3491,2013-01-11 05:00:00+00:00,0.0
3491,2013-01-11 05:30:00+00:00,0.0
3491,2013-01-11 06:00:00+00:00,0.0
3491,2013-01-11 06:30:00+00:00,0.0
3491,2013-01-11 07:00:00+00:00,0.0
3491,2013-01-11 07:30:00+00:00,0.0
3491,2013-01-11 08:00:00+00:00,0.0
3491,2013-01-11 08:30:00+00:00,0.0
3491,2013-01-11 09:00:00+00:00,0.0
3491,2013-01-11 09:30:00+00:00,7.83
3491,2013-01-11 10:00:00+00:00,38.56
3491,2013-01-11 10:30:00+00:00,57.98
3491,2013-01-11 11:00:00+00:00,43.18
3491,2013-01-11 11:30:00+00:00,54.15
3491,2013-01-11 12:00:00+00:00,65.25
3491,2013-01-11 12:30:00+00:00,87.86
3491,2013-01-11 13:00:00+00:00,74.85
3491,2013-01-11 13:30:00+00:00,52.19
3491,2013-01-11 14:00:00+00:00,39.74
3491,2013-01-11 14:30:00+00:00,21.35
3491,2013-01-11 15:00:00+00:00,19.66
3491,2013-01-11 15:30:00+00:00,16.76
3491,2013-01-11 16:00:00+00:00,1.01
3491,2013-01-11 16:30:00+00:00,0.0
3491,2013-01-11 17:00:00+00:00,0.0
3491,2013-01-11 17:30:00+00:00,0.0
3491,2013-01-11 18:00:00+00:00,0.0
3491,2013-01-11 18:30:00+00:00,0.0
3491,2013-01-11 19:00:00+00:00,0.0
3491,2013-01-11 19:30:00+00:00,0.0
3491,2013-01-11 20:00:00+00:00,0.0
3491,2013-01-11 20:30:00+00:00,0.0
3491,2013-01-11 21:00:00+00:00,0.0
3491,2013-01-11 21:30:00+00:00,0.0
3491,2013-01-11 22:00:00+00:00,0.0
3491,2013-01-11 22:30:00+00:00,0.0
3491,2013-01-11 23:00:00+00:00,0.0
3491,2013-01-11 23:30:00+00:00,0.0
3491,2013-01-12 00:00:00+00:00,0.0
3491,2013-01-12 00:30:00+00:00,0.0
3491,2013-01-12 01:00:00+00:00,0.0
3491,2013-01-12 01:30:00+00:00,0.0
3491,2013-01-12 02:00:00+00:00,0.0
3491,2013-01-12 02:30:00+00:00,0.0
3491,2013-01-12 03:00:00+00:00,0.0
3491,2013-01-12 03:30:00+00:00,0.0
3491,2013-01-12 04:00:00+00:00,0.0
3491,2013-01-12 04:30:00+00:00,0.0
3491,2013-01-12 05:00:00+00:00,0.0
3491,2013-01-12 05:30:00+00:00,0.0
3491,2013-01-12 06:00:00+00:00,0.0
3491,2013-01-12 06:30:00+00:00,0.0
3491,2013-01-12 07:00:00+00:00,0.0
3491,2013-01-12 07:30:00+00:00,0.0
3491,2013-01-12 08:00:00+00:00,0.0
3491,2013-01-12 08:30:00+00:00,0.0
3491,2013-01-12 09:00:00+00:00,8.24
3491,2013-01-12 09:30:00+00:00,29.52
3491,2013-01-12 10:00:00+00:00,67.01
3491,2013-01-12 10:30:00+00:00,50.25
3491,2013-01-12 11:00:00+00:00,45.2
3491,2013-01-12 11:30:00+00:00,48.23
3491,2013-01-12 12:00:00+00:00,49.0
3491,2013-01-12 12:30:00+00:00,61.05
3491,2013-01-12 13:00:00+00:00,60.32
3491,2013-01-12 13:30:00+00:00,57.78
3491,2013-01-12 14:00:00+00:00,37.6
3491,2013-01-12 14:30:00+00:00,19.45
3491,2013-01-12 15:00:00+00:00,2.68
3491,2013-01-12 15:30:00+00:00,0.0
3491,2013-01-12 16:00:00+00:00,0.0
3491,2013-01-12 16:30:00+00:00,0.0
3491,2013-01-12 17:00:00+00:00,0.0
3491,2013-01-12 17:30:00+00:00,0.0
3491,2013-01-12 18:00:00+00:00,0.0
3491,2013-01-12 18:30:00+00:00,0.0
3491,2013-01-12 19:00:00+00:00,0.0
3491,2013-01-12 19:30:00+00:00,0.0
3491,2013-01-12 20:00:00+00:00,0.0
3491,2013-01-12 20:30:00+00:00,0.0
3491,2013-01-12 21:00:00+00:00,0.0
3491,2013-01-12 21:30:00+00:00,0.0
3491,2013-01-12 22:00:00+00:00,0.0
3491,2013-01-12 22:30:00+00:00,0.0
3491,2013-01-12 23:00:00+00:00,0.0
3491,2013-01-12 23:30:00+00:00,0.0
3491,2013-01-13 00:00:00+00:00,0.0
3491,2013-01-13 00:30:00+00:00,0.0
3491,2013-01-13 01:00:00+00:00,0.0
3491,2013-01-13 01:30:00+00:00,0.0
3491,2013-01-13 02:00:00+00:00,0.0
3491,2013-01-13 02:30:00+00:00,0.0
3491,2013-01-13 03:00:00+00:00,0.0
3491,2013-01-13 03:30:00+00:00,0.0
3491,2013-01-13 04:00:00+00:00,0.0
3491,2013-01-13 04:30:00+00:00,0.0
3491,2013-01-13 05:00:00+00:00,0.0
3491,2013-01-13 05:30:00+00:00,0.0
3491,2013-01-13 06:00:00+00:00,0.0
3491,2013-01-13 06:30:00+00:00,0.0
3491,2013-01-13 07:00:00+00:00,0.0
3491,2013-01-13 07:30:00+00:00,0.0
3491,2013-01-13 08:00:00+00:00,0.0
3491,2013-01-13 08:30:00+00:00,0.0
3491,2013-01-13 09:00:00+00:00,9.12
3491,2013-01-13 09:30:00+00:00,37.86
3491,2013-01-13 10:00:00+00:00,47.35
3491,2013-01-13 10:30:00+00:00,57.17
3491,2013-01-13 11:00:00+00:00,56.52
3491,2013-01-13 11:30:00+00:00,131.58
3491,2013-01-13 12:00:00+00:00,166.74
3491,2013-01-13 12:30:00+00:00,82.58
3491,2013-01-13 13:00:00+00:00,122.52
3491,2013-01-13 13:30:00+00:00,161.39
3491,2013-01-13 14:00:00+00:00,141.63
3491,2013-01-13 14:30:00+00:00,95.99
3491,2013-01-13 15:00:00+00:00,53.28
3491,2013-01-13 15:30:00+00:00,26.28
3491,2013-01-13 16:00:00+00:00,1.62
3491,2013-01-13 16:30:00+00:00,0.0
3491,2013-01-13 17:00:00+00:00,0.0
3491,2013-01-13 17:30:00+00:00,0.0
3491,2013-01-13 18:00:00+00:00,0.0
3491,2013-01-13 18:30:00+00:00,0.0
3491,2013-01-13 19:00:00+00:00,0.0
3491,2013-01-13 19:30:00+00:00,0.0
3491,2013-01-13 20:00:00+00:00,0.0
3491,2013-01-13 20:30:00+00:00,0.0
3491,2013-01-13 21:00:00+00:00,0.0
3491,2013-01-13 21:30:00+00:00,0.0
3491,2013-01-13 22:00:00+00:00,0.0
3491,2013-01-13 22:30:00+00:00,0.0
3491,2013-01-13 23:00:00+00:00,0.0
3491,2013-01-13 23:30:00+00:00,0.0
3491,2013-01-14 00:00:00+00:00,0.0
3491,2013-01-14 00:30:00+00:00,0.0
3491,2013-01-14 01:00:00+00:00,0.0
3491,2013-01-14 01:30:00+00:00,0.0
3491,2013-01-14 02:00:00+00:00,0.0
3491,2013-01-14 02:30:00+00:00,0.0
3491,2013-01-14 03:00:00+00:00,0.0
3491,2013-01-14 03:30:00+00:00,0.0
3491,2013-01-14 04:00:00+00:00,0.0
3491,2013-01-14 04:30:00+00:00,0.0
3491,2013-01-14 05:00:00+00:00,0.0
3491,2013-01-14 05:30:00+00:00,0.0
3491,2013-01-14 06:00:00+00:00,0.0
3491,2013-01-14 06:30:00+00:00,0.0
3491,2013-01-14 07:00:00+00:00,0.0
3491,2013-01-14 07:30:00+00:00,0.0
3491,2013-01-14 08:00:00+00:00,0.0
3491,2013-01-14 08:30:00+00:00,0.0
3491,2013-01-14 09:00:00+00:00,0.0
3491,2013-01-14 09:30:00+00:00,0.0
3491,2013-01-14 10:00:00+00:00,25.68
3491,2013-01-14 10:30:00+00:00,66.37
3491,2013-01-14 11:00:00+00:00,85.25
3491,2013-01-14 11:30:00+00:00,56.13
3491,2013-01-14 12:00:00+00:00,39.11
3491,2013-01-14 12:30:00+00:00,54.89
3491,2013-01-14 13:00:00+00:00,70.41
3491,2013-01-14 13:30:00+00:00,66.95
3491,2013-01-14 14:00:00+00:00,63.73
3491,2013-01-14 14:30:00+00:00,23.63
3491,2013-01-14 15:00:00+00:00,2.06
3491,2013-01-14 15:30:00+00:00,0.0
3491,2013-01-14 16:00:00+00:00,0.0
3491,2013-01-14 16:30:00+00:00,0.0
3491,2013-01-14 17:00:00+00:00,0.0
3491,2013-01-14 17:30:00+00:00,0.0
3491,2013-01-14 18:00:00+00:00,0.0
3491,2013-01-14 18:30:00+00:00,0.0
3491,2013-01-14 19:00:00+00:00,0.0
3491,2013-01-14 19:30:00+00:00,0.0
3491,2013-01-14 20:00:00+00:00,0.0
3491,2013-01-14 20:30:00+00:00,0.0
3491,2013-01-14 21:00:00+00:00,0.0
3491,2013-01-14 21:30:00+00:00,0.0
3491,2013-01-14 22:00:00+00:00,0.0
3491,2013-01-14 22:30:00+00:00,0.0
3491,2013-01-14 23:00:00+00:00,0.0
3491,2013-01-14 23:30:00+00:00,0.0
3491,2013-01-15 00:00:00+00:00,0.0
3491,2013-01-15 00:30:00+00:00,0.0
3491,2013-01-15 01:00:00+00:00,0.0
3491,2013-01-15 01:30:00+00:00,0.0
3491,2013-01-15 02:00:00+00:00,0.0
3491,2013-01-15 02:30:00+00:00,0.0
3491,2013-01-15 03:00:00+00:00,0.0
3491,2013-01-15 03:30:00+00:00,0.0
3491,2013-01-15 04:00:00+00:00,0.0
3491,2013-01-15 04:30:00+00:00,0.0
3491,2013-01-15 05:00:00+00:00,0.0
3491,2013-01-15 05:30:00+00:00,0.0
3491,2013-01-15 06:00:00+00:00,0.0
3491,2013-01-15 06:30:00+00:00,0.0
3491,2013-01-15 07:00:00+00:00,0.0
3491,2013-01-15 07:30:00+00:00,0.0
3491,2013-01-15 08:00:00+00:00,0.0
3491,2013-01-15 08:30:00+00:00,1.36
3491,2013-01-15 09:00:00+00:00,120.86
3491,2013-01-15 09:30:00+00:00,423.08
3491,2013-01-15 10:00:00+00:00,279.06
3491,2013-01-15 10:30:00+00:00,104.76
3491,2013-01-15 11:00:00+00:00,98.0
3491,2013-01-15 11:30:00+00:00,95.66
3491,2013-01-15 12:00:00+00:00,254.8
3491,2013-01-15 12:30:00+00:00,381.96
3491,2013-01-15 13:00:00+00:00,207.62
3491,2013-01-15 13:30:00+00:00,133.76
3491,2013-01-15 14:00:00+00:00,35.2
3491,2013-01-15 14:30:00+00:00,38.68
3491,2013-01-15 15:00:00+00:00,31.33
3491,2013-01-15 15:30:00+00:00,12.24
3491,2013-01-15 16:00:00+00:00,0.0
3491,2013-01-15 16:30:00+00:00,0.0
3491,2013-01-15 17:00:00+00:00,0.0
3491,2013-01-15 17:30:00+00:00,0.0
3491,2013-01-15 18:00:00+00:00,0.0
3491,2013-01-15 18:30:00+00:00,0.0
3491,2013-01-15 19:00:00+00:00,0.0
3491,2013-01-15 19:30:00+00:00,0.0
3491,2013-01-15 20:00:00+00:00,0.0
3491,2013-01-15 20:30:00+00:00,0.0
3491,2013-01-15 21:00:00+00:00,0.0
3491,2013-01-15 21:30:00+00:00,0.0
3491,2013-01-15 22:00:00+00:00,0.0
3491,2013-01-15 22:30:00+00:00,0.0
3491,2013-01-15 23:00:00+00:00,0.0
3491,2013-01-15 23:30:00+00:00,0.0
3491,2013-01-16 00:00:00+00:00,0.0
3491,2013-01-16 00:30:00+00:00,0.0
3491,2013-01-16 01:00:00+00:00,0.0
3491,2013-01-16 01:30:00+00:00,0.0
3491,2013-01-16 02:00:00+00:00,0.0
3491,2013-01-16 02:30:00+00:00,0.0
3491,2013-01-16 03:00:00+00:00,0.0
3491,2013-01-16 03:30:00+00:00,0.0
3491,2013-01-16 04:00:00+00:00,0.0
3491,2013-01-16 04:30:00+00:00,0.0
3491,2013-01-16 05:00:00+00:00,0.0
3491,2013-01-16 05:30:00+00:00,0.0
3491,2013-01-16 06:00:00+00:00,0.0
3491,2013-01-16 06:30:00+00:00,0.0
3491,2013-01-16 07:00:00+00:00,0.0
3491,2013-01-16 07:30:00+00:00,0.0
3491,2013-01-16 08:00:00+00:00,0.0
3491,2013-01-16 08:30:00+00:00,0.0
3491,2013-01-16 09:00:00+00:00,7.92
3491,2013-01-16 09:30:00+00:00,30.41
3491,2013-01-16 10:00:00+00:00,52.18
3491,2013-01-16 10:30:00+00:00,73.3
3491,2013-01-16 11:00:00+00:00,77.4
3491,2013-01-16 11:30:00+00:00,89.13
3491,2013-01-16 12:00:00+00:00,86.77
3491,2013-01-16 12:30:00+00:00,90.66
3491,2013-01-16 13:00:00+00:00,87.19
3491,2013-01-16 13:30:00+00:00,98.52
3491,2013-01-16 14:00:00+00:00,82.55
3491,2013-01-16 14:30:00+00:00,114.6
3491,2013-01-16 15:00:00+00:00,64.23
3491,2013-01-16 15:30:00+00:00,49.4
3491,2013-01-16 16:00:00+00:00,13.88
3491,2013-01-16 16:30:00+00:00,0.0
3491,2013-01-16 17:00:00+00:00,0.0
3491,2013-01-16 17:30:00+00:00,0.0
3491,2013-01-16 18:00:00+00:00,0.0
3491,2013-01-16 18:30:00+00:00,0.0
3491,2013-01-16 19:00:00+00:00,0.0
3491,2013-01-16 19:30:00+00:00,0.0
3491,2013-01-16 20:00:00+00:00,0.0
3491,2013-01-16 20:30:00+00:00,0.0
3491,2013-01-16 21:00:00+00:00,0.0
3491,2013-01-16 21:30:00+00:00,0.0
3491,2013-01-16 22:00:00+00:00,0.0
3491,2013-01-16 22:30:00+00:00,0.0
3491,2013-01-16 23:00:00+00:00,0.0
3491,2013-01-16 23:30:00+00:00,0.0
3491,2013-01-17 00:00:00+00:00,0.0
3491,2013-01-17 00:30:00+00:00,0.0
3491,2013-01-17 01:00:00+00:00,0.0
3491,2013-01-17 01:30:00+00:00,0.0
3491,2013-01-17 02:00:00+00:00,0.0
3491,2013-01-17 02:30:00+00:00,0.0
3491,2013-01-17 03:00:00+00:00,0.0
3491,2013-01-17 03:30:00+00:00,0.0
3491,2013-01-17 04:00:00+00:00,0.0
3491,2013-01-17 04:30:00+00:00,0.0
3491,2013-01-17 05:00:00+00:00,0.0
3491,2013-01-17 05:30:00+00:00,0.0
3491,2013-01-17 06:00:00+00:00,0.0
3491,2013-01-17 06:30:00+00:00,0.0
3491,2013-01-17 07:00:00+00:00,0.0
3491,2013-01-17 07:30:00+00:00,0.0
3491,2013-01-17 08:00:00+00:00,0.0
3491,2013-01-17 08:30:00+00:00,14.69
3491,2013-01-17 09:00:00+00:00,182.45
3491,2013-01-17 09:30:00+00:00,488.06
3491,2013-01-17 10:00:00+00:00,723.45
3491,2013-01-17 10:30:00+00:00,789.45
3491,2013-01-17 11:00:00+00:00,818.8
3491,2013-01-17 11:30:00+00:00,841.65
3491,2013-01-17 12:00:00+00:00,770.4
3491,2013-01-17 12:30:00+00:00,647.75
3491,2013-01-17 13:00:00+00:00,438.18
3491,2013-01-17 13:30:00+00:00,314.93
3491,2013-01-17 14:00:00+00:00,152.69
3491,2013-01-17 14:30:00+00:00,67.73
3491,2013-01-17 15:00:00+00:00,50.68
3491,2013-01-17 15:30:00+00:00,41.96
3491,2013-01-17 16:00:00+00:00,14.96
3491,2013-01-17 16:30:00+00:00,0.0
3491,2013-01-17 17:00:00+00:00,0.0
3491,2013-01-17 17:30:00+00:00,0.0
3491,2013-01-17 18:00:00+00:00,0.0
3491,2013-01-17 18:30:00+00:00,0.0
3491,2013-01-17 19:00:00+00:00,0.0
3491,2013-01-17 19:30:00+00:00,0.0
3491,2013-01-17 20:00:00+00:00,0.0
3491,2013-01-17 20:30:00+00:00,0.0
3491,2013-01-17 21:00:00+00:00,0.0
3491,2013-01-17 21:30:00+00:00,0.0
3491,2013-01-17 22:00:00+00:00,0.0
3491,2013-01-17 22:30:00+00:00,0.0
3491,2013-01-17 23:00:00+00:00,0.0
3491,2013-01-17 23:30:00+00:00,0.0
3491,2013-01-18 00:00:00+00:00,0.0
3491,2013-01-18 00:30:00+00:00,0.0
3491,2013-01-18 01:00:00+00:00,0.0
3491,2013-01-18 01:30:00+00:00,0.0
3491,2013-01-18 02:00:00+00:00,0.0
3491,2013-01-18 02:30:00+00:00,0.0
3491,2013-01-18 03:00:00+00:00,0.0
3491,2013-01-18 03:30:00+00:00,0.0
3491,2013-01-18 04:00:00+00:00,0.0
3491,2013-01-18 04:30:00+00:00,0.0
3491,2013-01-18 05:00:00+00:00,0.0
3491,2013-01-18 05:30:00+00:00,0.0
3491,2013-01-18 06:00:00+00:00,0.0
3491,2013-01-18 06:30:00+00:00,0.0
3491,2013-01-18 07:00:00+00:00,0.0
3491,2013-01-18 07:30:00+00:00,0.0
3491,2013-01-18 08:00:00+00:00,0.0
3491,2013-01-18 08:30:00+00:00,0.0
3491,2013-01-18 09:00:00+00:00,0.0
3491,2013-01-18 09:30:00+00:00,0.0
3491,2013-01-18 10:00:00+00:00,9.14
3491,2013-01-18 10:30:00+00:00,23.82
3491,2013-01-18 11:00:00+00:00,36.72
3491,2013-01-18 11:30:00+00:00,63.56
3491,2013-01-18 12:00:00+00:00,44.79
3491,2013-01-18 12:30:00+00:00,54.93
3491,2013-01-18 13:00:00+00:00,99.26
3491,2013-01-18 13:30:00+00:00,75.69
3491,2013-01-18 14:00:00+00:00,40.04
3491,2013-01-18 14:30:00+00:00,26.54
3491,2013-01-18 15:00:00+00:00,18.51
3491,2013-01-18 15:30:00+00:00,17.48
3491,2013-01-18 16:00:00+00:00,5.31
3491,2013-01-18 16:30:00+00:00,0.0
3491,2013-01-18 17:00:00+00:00,0.0
3491,2013-01-18 17:30:00+00:00,0.0
3491,2013-01-18 18:00:00+00:00,0.0
3491,2013-01-18 18:30:00+00:00,0.0
3491,2013-01-18 19:00:00+00:00,0.0
3491,2013-01-18 19:30:00+00:00,0.0
3491,2013-01-18 20:00:00+00:00,0.0
3491,2013-01-18 20:30:00+00:00,0.0
3491,2013-01-18 21:00:00+00:00,0.0
3491,2013-01-18 21:30:00+00:00,0.0
3491,2013-01-18 22:00:00+00:00,0.0
3491,2013-01-18 22:30:00+00:00,0.0
3491,2013-01-18 23:00:00+00:00,0.0
3491,2013-01-18 23:30:00+00:00,0.0
3491,2013-01-19 00:00:00+00:00,0.0
3491,2013-01-19 00:30:00+00:00,0.0
3491,2013-01-19 01:00:00+00:00,0.0
3491,2013-01-19 01:30:00+00:00,0.0
3491,2013-01-19 02:00:00+00:00,0.0
3491,2013-01-19 02:30:00+00:00,0.0
3491,2013-01-19 03:00:00+00:00,0.0
3491,2013-01-19 03:30:00+00:00,0.0
3491,2013-01-19 04:00:00+00:00,0.0
3491,2013-01-19 04:30:00+00:00,0.0
3491,2013-01-19 05:00:00+00:00,0.0
3491,2013-01-19 05:30:00+00:00,0.0
3491,2013-01-19 06:00:00+00:00,0.0
3491,2013-01-19 06:30:00+00:00,0.0
3491,2013-01-19 07:00:00+00:00,0.0
3491,2013-01-19 07:30:00+00:00,0.0
3491,2013-01-19 08:00:00+00:00,0.0
3491,2013-01-19 08:30:00+00:00,0.0
3491,2013-01-19 09:00:00+00:00,0.0
3491,2013-01-19 09:30:00+00:00,0.0
3491,2013-01-19 10:00:00+00:00,0.0
3491,2013-01-19 10:30:00+00:00,0.0
3491,2013-01-19 11:00:00+00:00,0.0
3491,2013-01-19 11:30:00+00:00,0.0
3491,2013-01-19 12:00:00+00:00,1.95
3491,2013-01-19 12:30:00+00:00,1.84
3491,2013-01-19 13:00:00+00:00,17.87
3491,2013-01-19 13:30:00+00:00,11.98
3491,2013-01-19 14:00:00+00:00,1.74
3491,2013-01-19 14:30:00+00:00,0.0
3491,2013-01-19 15:00:00+00:00,0.0
3491,2013-01-19 15:30:00+00:00,0.0
3491,2013-01-19 16:00:00+00:00,0.0
3491,2013-01-19 16:30:00+00:00,0.0
3491,2013-01-19 17:00:00+00:00,0.0
3491,2013-01-19 17:30:00+00:00,0.0
3491,2013-01-19 18:00:00+00:00,0.0
3491,2013-01-19 18:30:00+00:00,0.0
3491,2013-01-19 19:00:00+00:00,0.0
3491,2013-01-19 19:30:00+00:00,0.0
3491,2013-01-19 20:00:00+00:00,0.0
3491,2013-01-19 20:30:00+00:00,0.0
3491,2013-01-19 21:00:00+00:00,0.0
3491,2013-01-19 21:30:00+00:00,0.0
3491,2013-01-19 22:00:00+00:00,0.0
3491,2013-01-19 22:30:00+00:00,0.0
3491,2013-01-19 23:00:00+00:00,0.0
3491,2013-01-19 23:30:00+00:00,0.0
3491,2013-01-20 00:00:00+00:00,0.0
3491,2013-01-20 00:30:00+00:00,0.0
3491,2013-01-20 01:00:00+00:00,0.0
3491,2013-01-20 01:30:00+00:00,0.0
3491,2013-01-20 02:00:00+00:00,0.0
3491,2013-01-20 02:30:00+00:00,0.0
3491,2013-01-20 03:00:00+00:00,0.0
3491,2013-01-20 03:30:00+00:00,0.0
3491,2013-01-20 04:00:00+00:00,0.0
3491,2013-01-20 04:30:00+00:00,0.0
3491,2013-01-20 05:00:00+00:00,0.0
3491,2013-01-20 05:30:00+00:00,0.0
3491,2013-01-20 06:00:00+00:00,0.0
3491,2013-01-20 06:30:00+00:00,0.0
3491,2013-01-20 07:00:00+00:00,0.0
3491,2013-01-20 07:30:00+00:00,0.0
3491,2013-01-20 08:00:00+00:00,0.0
3491,2013-01-20 08:30:00+00:00,0.0
3491,2013-01-20 09:00:00+00:00,0.0
3491,2013-01-20 09:30:00+00:00,0.0
3491,2013-01-20 10:00:00+00:00,0.0
3491,2013-01-20 10:30:00+00:00,0.0
3491,2013-01-20 11:00:00+00:00,0.0
3491,2013-01-20 11:30:00+00:00,0.0
3491,2013-01-20 12:00:00+00:00,0.0
3491,2013-01-20 12:30:00+00:00,0.0
3491,2013-01-20 13:00:00+00:00,0.0
3491,2013-01-20 13:30:00+00:00,0.0
3491,2013-01-20 14:00:00+00:00,0.0
3491,2013-01-20 14:30:00+00:00,0.0
3491,2013-01-20 15:00:00+00:00,0.0
3491,2013-01-20 15:30:00+00:00,0.0
3491,2013-01-20 16:00:00+00:00,0.0
3491,2013-01-20 16:30:00+00:00,0.0
3491,2013-01-20 17:00:00+00:00,0.0
3491,2013-01-20 17:30:00+00:00,0.0
3491,2013-01-20 18:00:00+00:00,0.0
3491,2013-01-20 18:30:00+00:00,0.0
3491,2013-01-20 19:00:00+00:00,0.0
3491,2013-01-20 19:30:00+00:00,0.0
3491,2013-01-20 20:00:00+00:00,0.0
3491,2013-01-20 20:30:00+00:00,0.0
3491,2013-01-20 21:00:00+00:00,0.0
3491,2013-01-20 21:30:00+00:00,0.0
3491,2013-01-20 22:00:00+00:00,0.0
3491,2013-01-20 22:30:00+00:00,0.0
3491,2013-01-20 23:00:00+00:00,0.0
3491,2013-01-20 23:30:00+00:00,0.0
3491,2013-01-21 00:00:00+00:00,0.0
3491,2013-01-21 00:30:00+00:00,0.0
3491,2013-01-21 01:00:00+00:00,0.0
3491,2013-01-21 01:30:00+00:00,0.0
3491,2013-01-21 02:00:00+00:00,0.0
3491,2013-01-21 02:30:00+00:00,0.0
3491,2013-01-21 03:00:00+00:00,0.0
3491,2013-01-21 03:30:00+00:00,0.0
3491,2013-01-21 04:00:00+00:00,0.0
3491,2013-01-21 04:30:00+00:00,0.0
3491,2013-01-21 05:00:00+00:00,0.0
3491,2013-01-21 05:30:00+00:00,0.0
3491,2013-01-21 06:00:00+00:00,0.0
3491,2013-01-21 06:30:00+00:00,0.0
3491,2013-01-21 07:00:00+00:00,0.0
3491,2013-01-21 07:30:00+00:00,0.0
3491,2013-01-21 08:00:00+00:00,0.0
3491,2013-01-21 08:30:00+00:00,0.0
3491,2013-01-21 09:00:00+00:00,0.0
3491,2013-01-21 09:30:00+00:00,0.0
3491,2013-01-21 10:00:00+00:00,0.0
3491,2013-01-21 10:30:00+00:00,0.0
3491,2013-01-21 11:00:00+00:00,0.0
3491,2013-01-21 11:30:00+00:00,0.0
3491,2013-01-21 12:00:00+00:00,0.0
3491,2013-01-21 12:30:00+00:00,0.0
3491,2013-01-21 13:00:00+00:00,0.0
3491,2013-01-21 13:30:00+00:00,0.0
3491,2013-01-21 14:00:00+00:00,0.0
3491,2013-01-21 14:30:00+00:00,0.0
3491,2013-01-21 15:00:00+00:00,0.0
3491,2013-01-21 15:30:00+00:00,0.0
3491,2013-01-21 16:00:00+00:00,0.0
3491,2013-01-21 16:30:00+00:00,0.0
3491,2013-01-21 17:00:00+00:00,0.0
3491,2013-01-21 17:30:00+00:00,0.0
3491,2013-01-21 18:00:00+00:00,0.0
3491,2013-01-21 18:30:00+00:00,0.0
3491,2013-01-21 19:00:00+00:00,0.0
3491,2013-01-21 19:30:00+00:00,0.0
3491,2013-01-21 20:00:00+00:00,0.0
3491,2013-01-21 20:30:00+00:00,0.0
3491,2013-01-21 21:00:00+00:00,0.0
3491,2013-01-21 21:30:00+00:00,0.0
3491,2013-01-21 22:00:00+00:00,0.0
3491,2013-01-21 22:30:00+00:00,0.0
3491,2013-01-21 23:00:00+00:00,0.0
3491,2013-01-21 23:30:00+00:00,0.0
3491,2013-01-22 00:00:00+00:00,0.0
3491,2013-01-22 00:30:00+00:00,0.0
3491,2013-01-22 01:00:00+00:00,0.0
3491,2013-01-22 01:30:00+00:00,0.0
3491,2013-01-22 02:00:00+00:00,0.0
3491,2013-01-22 02:30:00+00:00,0.0
3491,2013-01-22 03:00:00+00:00,0.0
3491,2013-01-22 03:30:00+00:00,0.0
3491,2013-01-22 04:00:00+00:00,0.0
3491,2013-01-22 04:30:00+00:00,0.0
3491,2013-01-22 05:00:00+00:00,0.0
3491,2013-01-22 05:30:00+00:00,0.0
3491,2013-01-22 06:00:00+00:00,0.0
3491,2013-01-22 06:30:00+00:00,0.0
3491,2013-01-22 07:00:00+00:00,0.0
3491,2013-01-22 07:30:00+00:00,0.0
3491,2013-01-22 08:00:00+00:00,0.0
3491,2013-01-22 08:30:00+00:00,0.0
3491,2013-01-22 09:00:00+00:00,0.0
3491,2013-01-22 09:30:00+00:00,3.89
3491,2013-01-22 10:00:00+00:00,66.67
3491,2013-01-22 10:30:00+00:00,61.83
3491,2013-01-22 11:00:00+00:00,158.41
3491,2013-01-22 11:30:00+00:00,106.37
3491,2013-01-22 12:00:00+00:00,231.37
3491,2013-01-22 12:30:00+00:00,143.16
3491,2013-01-22 13:00:00+00:00,256.55
3491,2013-01-22 13:30:00+00:00,191.61
3491,2013-01-22 14:00:00+00:00,138.98
3491,2013-01-22 14:30:00+00:00,105.3
3491,2013-01-22 15:00:00+00:00,58.02
3491,2013-01-22 15:30:00+00:00,33.56
3491,2013-01-22 16:00:00+00:00,8.11
3491,2013-01-22 16:30:00+00:00,0.0
3491,2013-01-22 17:00:00+00:00,0.0
3491,2013-01-22 17:30:00+00:00,0.0
3491,2013-01-22 18:00:00+00:00,0.0
3491,2013-01-22 18:30:00+00:00,0.0
3491,2013-01-22 19:00:00+00:00,0.0
3491,2013-01-22 19:30:00+00:00,0.0
3491,2013-01-22 20:00:00+00:00,0.0
3491,2013-01-22 20:30:00+00:00,0.0
3491,2013-01-22 21:00:00+00:00,0.0
3491,2013-01-22 21:30:00+00:00,0.0
3491,2013-01-22 22:00:00+00:00,0.0
3491,2013-01-22 22:30:00+00:00,0.0
3491,2013-01-22 23:00:00+00:00,0.0
3491,2013-01-22 23:30:00+00:00,0.0
3491,2013-01-23 00:00:00+00:00,0.0
3491,2013-01-23 00:30:00+00:00,0.0
3491,2013-01-23 01:00:00+00:00,0.0
3491,2013-01-23 01:30:00+00:00,0.0
3491,2013-01-23 02:00:00+00:00,0.0
3491,2013-01-23 02:30:00+00:00,0.0
3491,2013-01-23 03:00:00+00:00,0.0
3491,2013-01-23 03:30:00+00:00,0.0
3491,2013-01-23 04:00:00+00:00,0.0
3491,2013-01-23 04:30:00+00:00,0.0
3491,2013-01-23 05:00:00+00:00,0.0
3491,2013-01-23 05:30:00+00:00,0.0
3491,2013-01-23 06:00:00+00:00,0.0
3491,2013-01-23 06:30:00+00:00,0.0
3491,2013-01-23 07:00:00+00:00,0.0
3491,2013-01-23 07:30:00+00:00,0.0
3491,2013-01-23 08:00:00+00:00,0.0
3491,2013-01-23 08:30:00+00:00,1.35
3491,2013-01-23 09:00:00+00:00,28.16
3491,2013-01-23 09:30:00+00:00,81.81
3491,2013-01-23 10:00:00+00:00,156.0
3491,2013-01-23 10:30:00+00:00,110.03
3491,2013-01-23 11:00:00+00:00,68.8
3491,2013-01-23 11:30:00+00:00,90.15
3491,2013-01-23 12:00:00+00:00,167.71
3491,2013-01-23 12:30:00+00:00,119.78
3491,2013-01-23 13:00:00+00:00,74.01
3491,2013-01-23 13:30:00+00:00,48.18
3491,2013-01-23 14:00:00+00:00,63.88
3491,2013-01-23 14:30:00+00:00,53.85
3491,2013-01-23 15:00:00+00:00,30.45
3491,2013-01-23 15:30:00+00:00,24.76
3491,2013-01-23 16:00:00+00:00,0.0
3491,2013-01-23 16:30:00+00:00,0.0
3491,2013-01-23 17:00:00+00:00,0.0
3491,2013-01-23 17:30:00+00:00,0.0
3491,2013-01-23 18:00:00+00:00,0.0
3491,2013-01-23 18:30:00+00:00,0.0
3491,2013-01-23 19:00:00+00:00,0.0
3491,2013-01-23 19:30:00+00:00,0.0
3491,2013-01-23 20:00:00+00:00,0.0
3491,2013-01-23 20:30:00+00:00,0.0
3491,2013-01-23 21:00:00+00:00,0.0
3491,2013-01-23 21:30:00+00:00,0.0
3491,2013-01-23 22:00:00+00:00,0.0
3491,2013-01-23 22:30:00+00:00,0.0
3491,2013-01-23 23:00:00+00:00,0.0
3491,2013-01-23 23:30:00+00:00,0.0
3491,2013-01-24 00:00:00+00:00,0.0
3491,2013-01-24 00:30:00+00:00,0.0
3491,2013-01-24 01:00:00+00:00,0.0
3491,2013-01-24 01:30:00+00:00,0.0
3491,2013-01-24 02:00:00+00:00,0.0
3491,2013-01-24 02:30:00+00:00,0.0
3491,2013-01-24 03:00:00+00:00,0.0
3491,2013-01-24 03:30:00+00:00,0.0
3491,2013-01-24 04:00:00+00:00,0.0
3491,2013-01-24 04:30:00+00:00,0.0
3491,2013-01-24 05:00:00+00:00,0.0
3491,2013-01-24 05:30:00+00:00,0.0
3491,2013-01-24 06:00:00+00:00,0.0
3491,2013-01-24 06:30:00+00:00,0.0
3491,2013-01-24 07:00:00+00:00,0.0
3491,2013-01-24 07:30:00+00:00,0.0
3491,2013-01-24 08:00:00+00:00,0.0
3491,2013-01-24 08:30:00+00:00,0.0
3491,2013-01-24 09:00:00+00:00,0.0
3491,2013-01-24 09:30:00+00:00,0.0
3491,2013-01-24 10:00:00+00:00,0.0
3491,2013-01-24 10:30:00+00:00,12.78
3491,2013-01-24 11:00:00+00:00,16.22
3491,2013-01-24 11:30:00+00:00,17.26
3491,2013-01-24 12:00:00+00:00,36.23
3491,2013-01-24 12:30:00+00:00,40.71
3491,2013-01-24 13:00:00+00:00,50.95
3491,2013-01-24 13:30:00+00:00,41.75
3491,2013-01-24 14:00:00+00:00,54.82
3491,2013-01-24 14:30:00+00:00,14.47
3491,2013-01-24 15:00:00+00:00,10.37
3491,2013-01-24 15:30:00+00:00,5.03
3491,2013-01-24 16:00:00+00:00,0.0
3491,2013-01-24 16:30:00+00:00,0.0
3491,2013-01-24 17:00:00+00:00,0.0
3491,2013-01-24 17:30:00+00:00,0.0
3491,2013-01-24 18:00:00+00:00,0.0
3491,2013-01-24 18:30:00+00:00,0.0
3491,2013-01-24 19:00:00+00:00,0.0
3491,2013-01-24 19:30:00+00:00,0.0
3491,2013-01-24 20:00:00+00:00,0.0
3491,2013-01-24 20:30:00+00:00,0.0
3491,2013-01-24 21:00:00+00:00,0.0
3491,2013-01-24 21:30:00+00:00,0.0
3491,2013-01-24 22:00:00+00:00,0.0
3491,2013-01-24 22:30:00+00:00,0.0
3491,2013-01-24 23:00:00+00:00,0.0
3491,2013-01-24 23:30:00+00:00,0.0
3491,2013-01-25 00:00:00+00:00,0.0
3491,2013-01-25 00:30:00+00:00,0.0
3491,2013-01-25 01:00:00+00:00,0.0
3491,2013-01-25 01:30:00+00:00,0.0
3491,2013-01-25 02:00:00+00:00,0.0
3491,2013-01-25 02:30:00+00:00,0.0
3491,2013-01-25 03:00:00+00:00,0.0
3491,2013-01-25 03:30:00+00:00,0.0
3491,2013-01-25 04:00:00+00:00,0.0
3491,2013-01-25 04:30:00+00:00,0.0
3491,2013-01-25 05:00:00+00:00,0.0
3491,2013-01-25 05:30:00+00:00,0.0
3491,2013-01-25 06:00:00+00:00,0.0
3491,2013-01-25 06:30:00+00:00,0.0
3491,2013-01-25 07:00:00+00:00,0.0
3491,2013-01-25 07:30:00+00:00,0.0
3491,2013-01-25 08:00:00+00:00,0.0
3491,2013-01-25 08:30:00+00:00,0.0
3491,2013-01-25 09:00:00+00:00,9.89
3491,2013-01-25 09:30:00+00:00,22.47
3491,2013-01-25 10:00:00+00:00,32.88
3491,2013-01-25 10:30:00+00:00,33.65
3491,2013-01-25 11:00:00+00:00,29.06
3491,2013-01-25 11:30:00+00:00,38.77
3491,2013-01-25 12:00:00+00:00,53.77
3491,2013-01-25 12:30:00+00:00,78.25
3491,2013-01-25 13:00:00+00:00,102.45
3491,2013-01-25 13:30:00+00:00,128.34
3491,2013-01-25 14:00:00+00:00,110.17
3491,2013-01-25 14:30:00+00:00,78.66
3491,2013-01-25 15:00:00+00:00,30.92
3491,2013-01-25 15:30:00+00:00,27.45
3491,2013-01-25 16:00:00+00:00,9.41
3491,2013-01-25 16:30:00+00:00,0.0
3491,2013-01-25 17:00:00+00:00,0.0
3491,2013-01-25 17:30:00+00:00,0.0
3491,2013-01-25 18:00:00+00:00,0.0
3491,2013-01-25 18:30:00+00:00,0.0
3491,2013-01-25 19:00:00+00:00,0.0
3491,2013-01-25 19:30:00+00:00,0.0
3491,2013-01-25 20:00:00+00:00,0.0
3491,2013-01-25 20:30:00+00:00,0.0
3491,2013-01-25 21:00:00+00:00,0.0
3491,2013-01-25 21:30:00+00:00,0.0
3491,2013-01-25 22:00:00+00:00,0.0
3491,2013-01-25 22:30:00+00:00,0.0
3491,2013-01-25 23:00:00+00:00,0.0
3491,2013-01-25 23:30:00+00:00,0.0
3491,2013-01-26 00:00:00+00:00,0.0
3491,2013-01-26 00:30:00+00:00,0.0
3491,2013-01-26 01:00:00+00:00,0.0
3491,2013-01-26 01:30:00+00:00,0.0
3491,2013-01-26 02:00:00+00:00,0.0
3491,2013-01-26 02:30:00+00:00,0.0
3491,2013-01-26 03:00:00+00:00,0.0
3491,2013-01-26 03:30:00+00:00,0.0
3491,2013-01-26 04:00:00+00:00,0.0
3491,2013-01-26 04:30:00+00:00,0.0
3491,2013-01-26 05:00:00+00:00,0.0
3491,2013-01-26 05:30:00+00:00,0.0
3491,2013-01-26 06:00:00+00:00,0.0
3491,2013-01-26 06:30:00+00:00,0.0
3491,2013-01-26 07:00:00+00:00,0.0
3491,2013-01-26 07:30:00+00:00,0.0
3491,2013-01-26 08:00:00+00:00,0.0
3491,2013-01-26 08:30:00+00:00,46.49
3491,2013-01-26 09:00:00+00:00,257.21
3491,2013-01-26 09:30:00+00:00,522.85
3491,2013-01-26 10:00:00+00:00,642.75
3491,2013-01-26 10:30:00+00:00,700.9
3491,2013-01-26 11:00:00+00:00,715.4
3491,2013-01-26 11:30:00+00:00,766.1
3491,2013-01-26 12:00:00+00:00,774.6
3491,2013-01-26 12:30:00+00:00,704.8
3491,2013-01-26 13:00:00+00:00,546.9
3491,2013-01-26 13:30:00+00:00,295.05
3491,2013-01-26 14:00:00+00:00,215.25
3491,2013-01-26 14:30:00+00:00,184.36
3491,2013-01-26 15:00:00+00:00,127.29
3491,2013-01-26 15:30:00+00:00,73.67
3491,2013-01-26 16:00:00+00:00,45.9
3491,2013-01-26 16:30:00+00:00,6.63
3491,2013-01-26 17:00:00+00:00,0.0
3491,2013-01-26 17:30:00+00:00,0.0
3491,2013-01-26 18:00:00+00:00,0.0
3491,2013-01-26 18:30:00+00:00,0.0
3491,2013-01-26 19:00:00+00:00,0.0
3491,2013-01-26 19:30:00+00:00,0.0
3491,2013-01-26 20:00:00+00:00,0.0
3491,2013-01-26 20:30:00+00:00,0.0
3491,2013-01-26 21:00:00+00:00,0.0
3491,2013-01-26 21:30:00+00:00,0.0
3491,2013-01-26 22:00:00+00:00,0.0
3491,2013-01-26 22:30:00+00:00,0.0
3491,2013-01-26 23:00:00+00:00,0.0
3491,2013-01-26 23:30:00+00:00,0.0
3491,2013-01-27 00:00:00+00:00,0.0
3491,2013-01-27 00:30:00+00:00,0.0
3491,2013-01-27 01:00:00+00:00,0.0
3491,2013-01-27 01:30:00+00:00,0.0
3491,2013-01-27 02:00:00+00:00,0.0
3491,2013-01-27 02:30:00+00:00,0.0
3491,2013-01-27 03:00:00+00:00,0.0
3491,2013-01-27 03:30:00+00:00,0.0
3491,2013-01-27 04:00:00+00:00,0.0
3491,2013-01-27 04:30:00+00:00,0.0
3491,2013-01-27 05:00:00+00:00,0.0
3491,2013-01-27 05:30:00+00:00,0.0
3491,2013-01-27 06:00:00+00:00,0.0
3491,2013-01-27 06:30:00+00:00,0.0
3491,2013-01-27 07:00:00+00:00,0.0
3491,2013-01-27 07:30:00+00:00,0.0
3491,2013-01-27 08:00:00+00:00,0.0
3491,2013-01-27 08:30:00+00:00,2.64
3491,2013-01-27 09:00:00+00:00,39.74
3491,2013-01-27 09:30:00+00:00,40.56
3491,2013-01-27 10:00:00+00:00,47.99
3491,2013-01-27 10:30:00+00:00,805.9
3491,2013-01-27 11:00:00+00:00,847.15
3491,2013-01-27 11:30:00+00:00,882.45
3491,2013-01-27 12:00:00+00:00,873.15
3491,2013-01-27 12:30:00+00:00,733.65
3491,2013-01-27 13:00:00+00:00,587.2
3491,2013-01-27 13:30:00+00:00,392.62
3491,2013-01-27 14:00:00+00:00,180.26
3491,2013-01-27 14:30:00+00:00,120.5
3491,2013-01-27 15:00:00+00:00,75.63
3491,2013-01-27 15:30:00+00:00,62.04
3491,2013-01-27 16:00:00+00:00,38.88
3491,2013-01-27 16:30:00+00:00,6.27
3491,2013-01-27 17:00:00+00:00,0.0
3491,2013-01-27 17:30:00+00:00,0.0
3491,2013-01-27 18:00:00+00:00,0.0
3491,2013-01-27 18:30:00+00:00,0.0
3491,2013-01-27 19:00:00+00:00,0.0
3491,2013-01-27 19:30:00+00:00,0.0
3491,2013-01-27 20:00:00+00:00,0.0
3491,2013-01-27 20:30:00+00:00,0.0
3491,2013-01-27 21:00:00+00:00,0.0
3491,2013-01-27 21:30:00+00:00,0.0
3491,2013-01-27 22:00:00+00:00,0.0
3491,2013-01-27 22:30:00+00:00,0.0
3491,2013-01-27 23:00:00+00:00,0.0
3491,2013-01-27 23:30:00+00:00,0.0
3491,2013-01-28 00:00:00+00:00,0.0
3491,2013-01-28 00:30:00+00:00,0.0
3491,2013-01-28 01:00:00+00:00,0.0
3491,2013-01-28 01:30:00+00:00,0.0
3491,2013-01-28 02:00:00+00:00,0.0
3491,2013-01-28 02:30:00+00:00,0.0
3491,2013-01-28 03:00:00+00:00,0.0
3491,2013-01-28 03:30:00+00:00,0.0
3491,2013-01-28 04:00:00+00:00,0.0
3491,2013-01-28 04:30:00+00:00,0.0
3491,2013-01-28 05:00:00+00:00,0.0
3491,2013-01-28 05:30:00+00:00,0.0
3491,2013-01-28 06:00:00+00:00,0.0
3491,2013-01-28 06:30:00+00:00,0.0
3491,2013-01-28 07:00:00+00:00,0.0
3491,2013-01-28 07:30:00+00:00,0.0
3491,2013-01-28 08:00:00+00:00,0.71
3491,2013-01-28 08:30:00+00:00,70.4
3491,2013-01-28 09:00:00+00:00,290.42
3491,2013-01-28 09:30:00+00:00,601.9
3491,2013-01-28 10:00:00+00:00,702.8
3491,2013-01-28 10:30:00+00:00,471.86
3491,2013-01-28 11:00:00+00:00,268.37
3491,2013-01-28 11:30:00+00:00,243.52
3491,2013-01-28 12:00:00+00:00,286.08
3491,2013-01-28 12:30:00+00:00,125.53
3491,2013-01-28 13:00:00+00:00,86.47
3491,2013-01-28 13:30:00+00:00,103.92
3491,2013-01-28 14:00:00+00:00,37.41
3491,2013-01-28 14:30:00+00:00,25.15
3491,2013-01-28 15:00:00+00:00,29.66
3491,2013-01-28 15:30:00+00:00,30.16
3491,2013-01-28 16:00:00+00:00,7.01
3491,2013-01-28 16:30:00+00:00,0.0
3491,2013-01-28 17:00:00+00:00,0.0
3491,2013-01-28 17:30:00+00:00,0.0
3491,2013-01-28 18:00:00+00:00,0.0
3491,2013-01-28 18:30:00+00:00,0.0
3491,2013-01-28 19:00:00+00:00,0.0
3491,2013-01-28 19:30:00+00:00,0.0
3491,2013-01-28 20:00:00+00:00,0.0
3491,2013-01-28 20:30:00+00:00,0.0
3491,2013-01-28 21:00:00+00:00,0.0
3491,2013-01-28 21:30:00+00:00,0.0
3491,2013-01-28 22:00:00+00:00,0.0
3491,2013-01-28 22:30:00+00:00,0.0
3491,2013-01-28 23:00:00+00:00,0.0
3491,2013-01-28 23:30:00+00:00,0.0
3491,2013-01-29 00:00:00+00:00,0.0
3491,2013-01-29 00:30:00+00:00,0.0
3491,2013-01-29 01:00:00+00:00,0.0
3491,2013-01-29 01:30:00+00:00,0.0
3491,2013-01-29 02:00:00+00:00,0.0
3491,2013-01-29 02:30:00+00:00,0.0
3491,2013-01-29 03:00:00+00:00,0.0
3491,2013-01-29 03:30:00+00:00,0.0
3491,2013-01-29 04:00:00+00:00,0.0
3491,2013-01-29 04:30:00+00:00,0.0
3491,2013-01-29 05:00:00+00:00,0.0
3491,2013-01-29 05:30:00+00:00,0.0
3491,2013-01-29 06:00:00+00:00,0.0
3491,2013-01-29 06:30:00+00:00,0.0
3491,2013-01-29 07:00:00+00:00,0.0
3491,2013-01-29 07:30:00+00:00,0.0
3491,2013-01-29 08:00:00+00:00,0.0
3491,2013-01-29 08:30:00+00:00,0.0
3491,2013-01-29 09:00:00+00:00,8.77
3491,2013-01-29 09:30:00+00:00,49.73
3491,2013-01-29 10:00:00+00:00,45.32
3491,2013-01-29 10:30:00+00:00,79.81
3491,2013-01-29 11:00:00+00:00,128.71
3491,2013-01-29 11:30:00+00:00,74.3
3491,2013-01-29 12:00:00+00:00,67.83
3491,2013-01-29 12:30:00+00:00,90.15
3491,2013-01-29 13:00:00+00:00,68.05
3491,2013-01-29 13:30:00+00:00,71.99
3491,2013-01-29 14:00:00+00:00,69.01
3491,2013-01-29 14:30:00+00:00,47.24
3491,2013-01-29 15:00:00+00:00,19.25
3491,2013-01-29 15:30:00+00:00,8.41
3491,2013-01-29 16:00:00+00:00,0.0
3491,2013-01-29 16:30:00+00:00,0.0
3491,2013-01-29 17:00:00+00:00,0.0
3491,2013-01-29 17:30:00+00:00,0.0
3491,2013-01-29 18:00:00+00:00,0.0
3491,2013-01-29 18:30:00+00:00,0.0
3491,2013-01-29 19:00:00+00:00,0.0
3491,2013-01-29 19:30:00+00:00,0.0
3491,2013-01-29 20:00:00+00:00,0.0
3491,2013-01-29 20:30:00+00:00,0.0
3491,2013-01-29 21:00:00+00:00,0.0
3491,2013-01-29 21:30:00+00:00,0.0
3491,2013-01-29 22:00:00+00:00,0.0
3491,2013-01-29 22:30:00+00:00,0.0
3491,2013-01-29 23:00:00+00:00,0.0
3491,2013-01-29 23:30:00+00:00,0.0
3491,2013-01-30 00:00:00+00:00,0.0
3491,2013-01-30 00:30:00+00:00,0.0
3491,2013-01-30 01:00:00+00:00,0.0
3491,2013-01-30 01:30:00+00:00,0.0
3491,2013-01-30 02:00:00+00:00,0.0
3491,2013-01-30 02:30:00+00:00,0.0
3491,2013-01-30 03:00:00+00:00,0.0
3491,2013-01-30 03:30:00+00:00,0.0
3491,2013-01-30 04:00:00+00:00,0.0
3491,2013-01-30 04:30:00+00:00,0.0
3491,2013-01-30 05:00:00+00:00,0.0
3491,2013-01-30 05:30:00+00:00,0.0
3491,2013-01-30 06:00:00+00:00,0.0
3491,2013-01-30 06:30:00+00:00,0.0
3491,2013-01-30 07:00:00+00:00,0.0
3491,2013-01-30 07:30:00+00:00,0.0
3491,2013-01-30 08:00:00+00:00,0.0
3491,2013-01-30 08:30:00+00:00,18.3
3491,2013-01-30 09:00:00+00:00,103.84
3491,2013-01-30 09:30:00+00:00,174.39
3491,2013-01-30 10:00:00+00:00,485.22
3491,2013-01-30 10:30:00+00:00,431.27
3491,2013-01-30 11:00:00+00:00,198.48
3491,2013-01-30 11:30:00+00:00,859.8
3491,2013-01-30 12:00:00+00:00,779.45
3491,2013-01-30 12:30:00+00:00,661.6
3491,2013-01-30 13:00:00+00:00,517.9
3491,2013-01-30 13:30:00+00:00,281.9
3491,2013-01-30 14:00:00+00:00,253.87
3491,2013-01-30 14:30:00+00:00,230.37
3491,2013-01-30 15:00:00+00:00,90.47
3491,2013-01-30 15:30:00+00:00,61.6
3491,2013-01-30 16:00:00+00:00,35.92
3491,2013-01-30 16:30:00+00:00,12.75
3491,2013-01-30 17:00:00+00:00,0.0
3491,2013-01-30 17:30:00+00:00,0.0
3491,2013-01-30 18:00:00+00:00,0.0
3491,2013-01-30 18:30:00+00:00,0.0
3491,2013-01-30 19:00:00+00:00,0.0
3491,2013-01-30 19:30:00+00:00,0.0
3491,2013-01-30 20:00:00+00:00,0.0
3491,2013-01-30 20:30:00+00:00,0.0
3491,2013-01-30 21:00:00+00:00,0.0
3491,2013-01-30 21:30:00+00:00,0.0
3491,2013-01-30 22:00:00+00:00,0.0
3491,2013-01-30 22:30:00+00:00,0.0
3491,2013-01-30 23:00:00+00:00,0.0
3491,2013-01-30 23:30:00+00:00,0.0
3491,2013-01-31 00:00:00+00:00,0.0
3491,2013-01-31 00:30:00+00:00,0.0
3491,2013-01-31 01:00:00+00:00,0.0
3491,2013-01-31 01:30:00+00:00,0.0
3491,2013-01-31 02:00:00+00:00,0.0
3491,2013-01-31 02:30:00+00:00,0.0
3491,2013-01-31 03:00:00+00:00,0.0
3491,2013-01-31 03:30:00+00:00,0.0
3491,2013-01-31 04:00:00+00:00,0.0
3491,2013-01-31 04:30:00+00:00,0.0
3491,2013-01-31 05:00:00+00:00,0.0
3491,2013-01-31 05:30:00+00:00,0.0
3491,2013-01-31 06:00:00+00:00,0.0
3491,2013-01-31 06:30:00+00:00,0.0
3491,2013-01-31 07:00:00+00:00,0.0
3491,2013-01-31 07:30:00+00:00,0.0
3491,2013-01-31 08:00:00+00:00,0.0
3491,2013-01-31 08:30:00+00:00,3.47
3491,2013-01-31 09:00:00+00:00,45.99
3491,2013-01-31 09:30:00+00:00,370.24
3491,2013-01-31 10:00:00+00:00,606.6
3491,2013-01-31 10:30:00+00:00,178.75
3491,2013-01-31 11:00:00+00:00,116.86
3491,2013-01-31 11:30:00+00:00,541.0
3491,2013-01-31 12:00:00+00:00,287.79
3491,2013-01-31 12:30:00+00:00,560.7
3491,2013-01-31 13:00:00+00:00,110.95
3491,2013-01-31 13:30:00+00:00,421.38
3491,2013-01-31 14:00:00+00:00,228.41
3491,2013-01-31 14:30:00+00:00,136.18
3491,2013-01-31 15:00:00+00:00,124.92
3491,2013-01-31 15:30:00+00:00,84.53
3491,2013-01-31 16:00:00+00:00,46.88
3491,2013-01-31 16:30:00+00:00,8.55
3491,2013-01-31 17:00:00+00:00,0.0
3491,2013-01-31 17:30:00+00:00,0.0
3491,2013-01-31 18:00:00+00:00,0.0
3491,2013-01-31 18:30:00+00:00,0.0
3491,2013-01-31 19:00:00+00:00,0.0
3491,2013-01-31 19:30:00+00:00,0.0
3491,2013-01-31 20:00:00+00:00,0.0
3491,2013-01-31 20:30:00+00:00,0.0
3491,2013-01-31 21:00:00+00:00,0.0
3491,2013-01-31 21:30:00+00:00,0.0
3491,2013-01-31 22:00:00+00:00,0.0
3491,2013-01-31 22:30:00+00:00,0.0
3491,2013-01-31 23:00:00+00:00,0.0
3491,2013-01-31 23:30:00+00:00,0.0
3491,2013-02-01 00:30:00+00:00,0.0
3491,2013-02-01 01:00:00+00:00,0.0
3491,2013-02-01 01:30:00+00:00,0.0
3491,2013-02-01 02:00:00+00:00,0.0
3491,2013-02-01 02:30:00+00:00,0.0
3491,2013-02-01 03:00:00+00:00,0.0
3491,2013-02-01 03:30:00+00:00,0.0
3491,2013-02-01 04:00:00+00:00,0.0
3491,2013-02-01 04:30:00+00:00,0.0
3491,2013-02-01 05:00:00+00:00,0.0
3491,2013-02-01 05:30:00+00:00,0.0
3491,2013-02-01 06:00:00+00:00,0.0
3491,2013-02-01 06:30:00+00:00,0.0
3491,2013-02-01 07:00:00+00:00,0.0
3491,2013-02-01 07:30:00+00:00,0.0
3491,2013-02-01 08:00:00+00:00,0.0
3491,2013-02-01 08:30:00+00:00,0.0
3491,2013-02-01 09:00:00+00:00,0.0
3491,2013-02-01 09:30:00+00:00,0.0
3491,2013-02-01 10:00:00+00:00,0.0
3491,2013-02-01 10:30:00+00:00,30.09
3491,2013-02-01 11:00:00+00:00,62.72
3491,2013-02-01 11:30:00+00:00,97.41
3491,2013-02-01 12:00:00+00:00,85.62
3491,2013-02-01 12:30:00+00:00,138.35
3491,2013-02-01 13:00:00+00:00,194.46
3491,2013-02-01 13:30:00+00:00,219.67
3491,2013-02-01 14:00:00+00:00,214.67
3491,2013-02-01 14:30:00+00:00,127.81
3491,2013-02-01 15:00:00+00:00,104.68
3491,2013-02-01 15:30:00+00:00,80.83
3491,2013-02-01 16:00:00+00:00,39.59
3491,2013-02-01 16:30:00+00:00,9.7
3491,2013-02-01 17:00:00+00:00,0.0
3491,2013-02-01 17:30:00+00:00,0.0
3491,2013-02-01 18:00:00+00:00,0.0
3491,2013-02-01 18:30:00+00:00,0.0
3491,2013-02-01 19:00:00+00:00,0.0
3491,2013-02-01 19:30:00+00:00,0.0
3491,2013-02-01 20:00:00+00:00,0.0
3491,2013-02-01 20:30:00+00:00,0.0
3491,2013-02-01 21:00:00+00:00,0.0
3491,2013-02-01 21:30:00+00:00,0.0
3491,2013-02-01 22:00:00+00:00,0.0
3491,2013-02-01 22:30:00+00:00,0.0
3491,2013-02-01 23:00:00+00:00,0.0
3491,2013-02-01 23:30:00+00:00,0.0
3491,2013-02-02 00:00:00+00:00,0.0
3491,2013-02-02 00:30:00+00:00,0.0
3491,2013-02-02 01:00:00+00:00,0.0
3491,2013-02-02 01:30:00+00:00,0.0
3491,2013-02-02 02:00:00+00:00,0.0
3491,2013-02-02 02:30:00+00:00,0.0
3491,2013-02-02 03:00:00+00:00,0.0
3491,2013-02-02 03:30:00+00:00,0.0
3491,2013-02-02 04:00:00+00:00,0.0
3491,2013-02-02 04:30:00+00:00,0.0
3491,2013-02-02 05:00:00+00:00,0.0
3491,2013-02-02 05:30:00+00:00,0.0
3491,2013-02-02 06:00:00+00:00,0.0
3491,2013-02-02 06:30:00+00:00,0.0
3491,2013-02-02 07:00:00+00:00,0.0
3491,2013-02-02 07:30:00+00:00,0.0
3491,2013-02-02 08:00:00+00:00,5.44
3491,2013-02-02 08:30:00+00:00,68.99
3491,2013-02-02 09:00:00+00:00,115.37
3491,2013-02-02 09:30:00+00:00,502.4
3491,2013-02-02 10:00:00+00:00,597.2
3491,2013-02-02 10:30:00+00:00,439.58
3491,2013-02-02 11:00:00+00:00,474.14
3491,2013-02-02 11:30:00+00:00,829.95
3491,2013-02-02 12:00:00+00:00,569.75
3491,2013-02-02 12:30:00+00:00,305.39
3491,2013-02-02 13:00:00+00:00,242.48
3491,2013-02-02 13:30:00+00:00,137.68
3491,2013-02-02 14:00:00+00:00,168.32
3491,2013-02-02 14:30:00+00:00,210.26
3491,2013-02-02 15:00:00+00:00,67.24
3491,2013-02-02 15:30:00+00:00,36.21
3491,2013-02-02 16:00:00+00:00,13.82
3491,2013-02-02 16:30:00+00:00,0.0
3491,2013-02-02 17:00:00+00:00,0.0
3491,2013-02-02 17:30:00+00:00,0.0
3491,2013-02-02 18:00:00+00:00,0.0
3491,2013-02-02 18:30:00+00:00,0.0
3491,2013-02-02 19:00:00+00:00,0.0
3491,2013-02-02 19:30:00+00:00,0.0
3491,2013-02-02 20:00:00+00:00,0.0
3491,2013-02-02 20:30:00+00:00,0.0
3491,2013-02-02 21:00:00+00:00,0.0
3491,2013-02-02 21:30:00+00:00,0.0
3491,2013-02-02 22:00:00+00:00,0.0
3491,2013-02-02 22:30:00+00:00,0.0
3491,2013-02-02 23:00:00+00:00,0.0
3491,2013-02-02 23:30:00+00:00,0.0
3491,2013-02-03 00:00:00+00:00,0.0
3491,2013-02-03 00:30:00+00:00,0.0
3491,2013-02-03 01:00:00+00:00,0.0
3491,2013-02-03 01:30:00+00:00,0.0
3491,2013-02-03 02:00:00+00:00,0.0
3491,2013-02-03 02:30:00+00:00,0.0
3491,2013-02-03 03:00:00+00:00,0.0
3491,2013-02-03 03:30:00+00:00,0.0
3491,2013-02-03 04:00:00+00:00,0.0
3491,2013-02-03 04:30:00+00:00,0.0
3491,2013-02-03 05:00:00+00:00,0.0
3491,2013-02-03 05:30:00+00:00,0.0
3491,2013-02-03 06:00:00+00:00,0.0
3491,2013-02-03 06:30:00+00:00,0.0
3491,2013-02-03 07:00:00+00:00,0.0
3491,2013-02-03 07:30:00+00:00,0.0
3491,2013-02-03 08:00:00+00:00,0.0
3491,2013-02-03 08:30:00+00:00,7.24
3491,2013-02-03 09:00:00+00:00,30.14
3491,2013-02-03 09:30:00+00:00,59.27
3491,2013-02-03 10:00:00+00:00,57.69
3491,2013-02-03 10:30:00+00:00,60.37
3491,2013-02-03 11:00:00+00:00,77.31
3491,2013-02-03 11:30:00+00:00,74.02
3491,2013-02-03 12:00:00+00:00,77.36
3491,2013-02-03 12:30:00+00:00,86.07
3491,2013-02-03 13:00:00+00:00,70.53
3491,2013-02-03 13:30:00+00:00,66.6
3491,2013-02-03 14:00:00+00:00,89.81
3491,2013-02-03 14:30:00+00:00,74.0
3491,2013-02-03 15:00:00+00:00,40.07
3491,2013-02-03 15:30:00+00:00,31.27
3491,2013-02-03 16:00:00+00:00,7.61
3491,2013-02-03 16:30:00+00:00,0.0
3491,2013-02-03 17:00:00+00:00,0.0
3491,2013-02-03 17:30:00+00:00,0.0
3491,2013-02-03 18:00:00+00:00,0.0
3491,2013-02-03 18:30:00+00:00,0.0
3491,2013-02-03 19:00:00+00:00,0.0
3491,2013-02-03 19:30:00+00:00,0.0
3491,2013-02-03 20:00:00+00:00,0.0
3491,2013-02-03 20:30:00+00:00,0.0
3491,2013-02-03 21:00:00+00:00,0.0
3491,2013-02-03 21:30:00+00:00,0.0
3491,2013-02-03 22:00:00+00:00,0.0
3491,2013-02-03 22:30:00+00:00,0.0
3491,2013-02-03 23:00:00+00:00,0.0
3491,2013-02-03 23:30:00+00:00,0.0
3491,2013-02-04 00:00:00+00:00,0.0
3491,2013-02-04 00:30:00+00:00,0.0
3491,2013-02-04 01:00:00+00:00,0.0
3491,2013-02-04 01:30:00+00:00,0.0
3491,2013-02-04 02:00:00+00:00,0.0
3491,2013-02-04 02:30:00+00:00,0.0
3491,2013-02-04 03:00:00+00:00,0.0
3491,2013-02-04 03:30:00+00:00,0.0
3491,2013-02-04 04:00:00+00:00,0.0
3491,2013-02-04 04:30:00+00:00,0.0
3491,2013-02-04 05:00:00+00:00,0.0
3491,2013-02-04 05:30:00+00:00,0.0
3491,2013-02-04 06:00:00+00:00,0.0
3491,2013-02-04 06:30:00+00:00,0.0
3491,2013-02-04 07:00:00+00:00,0.0
3491,2013-02-04 07:30:00+00:00,0.0
3491,2013-02-04 08:00:00+00:00,0.0
3491,2013-02-04 08:30:00+00:00,21.34
3491,2013-02-04 09:00:00+00:00,33.27
3491,2013-02-04 09:30:00+00:00,88.03
3491,2013-02-04 10:00:00+00:00,399.16
3491,2013-02-04 10:30:00+00:00,790.9
3491,2013-02-04 11:00:00+00:00,913.7
3491,2013-02-04 11:30:00+00:00,873.5
3491,2013-02-04 12:00:00+00:00,461.3
3491,2013-02-04 12:30:00+00:00,585.65
3491,2013-02-04 13:00:00+00:00,205.18
3491,2013-02-04 13:30:00+00:00,285.67
3491,2013-02-04 14:00:00+00:00,331.41
3491,2013-02-04 14:30:00+00:00,139.18
3491,2013-02-04 15:00:00+00:00,121.25
3491,2013-02-04 15:30:00+00:00,84.65
3491,2013-02-04 16:00:00+00:00,83.03
3491,2013-02-04 16:30:00+00:00,9.65
3491,2013-02-04 17:00:00+00:00,0.0
3491,2013-02-04 17:30:00+00:00,0.0
3491,2013-02-04 18:00:00+00:00,0.0
3491,2013-02-04 18:30:00+00:00,0.0
3491,2013-02-04 19:00:00+00:00,0.0
3491,2013-02-04 19:30:00+00:00,0.0
3491,2013-02-04 20:00:00+00:00,0.0
3491,2013-02-04 20:30:00+00:00,0.0
3491,2013-02-04 21:00:00+00:00,0.0
3491,2013-02-04 21:30:00+00:00,0.0
3491,2013-02-04 22:00:00+00:00,0.0
3491,2013-02-04 22:30:00+00:00,0.0
3491,2013-02-04 23:00:00+00:00,0.0
3491,2013-02-04 23:30:00+00:00,0.0
3491,2013-02-05 00:00:00+00:00,0.0
3491,2013-02-05 00:30:00+00:00,0.0
3491,2013-02-05 01:00:00+00:00,0.0
3491,2013-02-05 01:30:00+00:00,0.0
3491,2013-02-05 02:00:00+00:00,0.0
3491,2013-02-05 02:30:00+00:00,0.0
3491,2013-02-05 03:00:00+00:00,0.0
3491,2013-02-05 03:30:00+00:00,0.0
3491,2013-02-05 04:00:00+00:00,0.0
3491,2013-02-05 04:30:00+00:00,0.0
3491,2013-02-05 05:00:00+00:00,0.0
3491,2013-02-05 05:30:00+00:00,0.0
3491,2013-02-05 06:00:00+00:00,0.0
3491,2013-02-05 06:30:00+00:00,0.0
3491,2013-02-05 07:00:00+00:00,0.0
3491,2013-02-05 07:30:00+00:00,0.0
3491,2013-02-05 08:00:00+00:00,6.61
3491,2013-02-05 08:30:00+00:00,105.15
3491,2013-02-05 09:00:00+00:00,394.22
3491,2013-02-05 09:30:00+00:00,642.1
3491,2013-02-05 10:00:00+00:00,794.1
3491,2013-02-05 10:30:00+00:00,829.95
3491,2013-02-05 11:00:00+00:00,360.95
3491,2013-02-05 11:30:00+00:00,624.65
3491,2013-02-05 12:00:00+00:00,742.05
3491,2013-02-05 12:30:00+00:00,564.5
3491,2013-02-05 13:00:00+00:00,670.05
3491,2013-02-05 13:30:00+00:00,520.3
3491,2013-02-05 14:00:00+00:00,407.85
3491,2013-02-05 14:30:00+00:00,339.67
3491,2013-02-05 15:00:00+00:00,236.93
3491,2013-02-05 15:30:00+00:00,76.16
3491,2013-02-05 16:00:00+00:00,57.76
3491,2013-02-05 16:30:00+00:00,10.7
3491,2013-02-05 17:00:00+00:00,0.0
3491,2013-02-05 17:30:00+00:00,0.0
3491,2013-02-05 18:00:00+00:00,0.0
3491,2013-02-05 18:30:00+00:00,0.0
3491,2013-02-05 19:00:00+00:00,0.0
3491,2013-02-05 19:30:00+00:00,0.0
3491,2013-02-05 20:00:00+00:00,0.0
3491,2013-02-05 20:30:00+00:00,0.0
3491,2013-02-05 21:00:00+00:00,0.0
3491,2013-02-05 21:30:00+00:00,0.0
3491,2013-02-05 22:00:00+00:00,0.0
3491,2013-02-05 22:30:00+00:00,0.0
3491,2013-02-05 23:00:00+00:00,0.0
3491,2013-02-05 23:30:00+00:00,0.0
3491,2013-02-06 00:00:00+00:00,0.0
3491,2013-02-06 00:30:00+00:00,0.0
3491,2013-02-06 01:00:00+00:00,0.0
3491,2013-02-06 01:30:00+00:00,0.0
3491,2013-02-06 02:00:00+00:00,0.0
3491,2013-02-06 02:30:00+00:00,0.0
3491,2013-02-06 03:00:00+00:00,0.0
3491,2013-02-06 03:30:00+00:00,0.0
3491,2013-02-06 04:00:00+00:00,0.0
3491,2013-02-06 04:30:00+00:00,0.0
3491,2013-02-06 05:00:00+00:00,0.0
3491,2013-02-06 05:30:00+00:00,0.0
3491,2013-02-06 06:00:00+00:00,0.0
3491,2013-02-06 06:30:00+00:00,0.0
3491,2013-02-06 07:00:00+00:00,0.0
3491,2013-02-06 07:30:00+00:00,0.0
3491,2013-02-06 08:00:00+00:00,0.0
3491,2013-02-06 08:30:00+00:00,9.09
3491,2013-02-06 09:00:00+00:00,47.78
3491,2013-02-06 09:30:00+00:00,59.85
3491,2013-02-06 10:00:00+00:00,139.27
3491,2013-02-06 10:30:00+00:00,187.29
3491,2013-02-06 11:00:00+00:00,92.7
3491,2013-02-06 11:30:00+00:00,84.22
3491,2013-02-06 12:00:00+00:00,87.66
3491,2013-02-06 12:30:00+00:00,85.27
3491,2013-02-06 13:00:00+00:00,166.99
3491,2013-02-06 13:30:00+00:00,96.61
3491,2013-02-06 14:00:00+00:00,54.62
3491,2013-02-06 14:30:00+00:00,66.44
3491,2013-02-06 15:00:00+00:00,106.44
3491,2013-02-06 15:30:00+00:00,79.68
3491,2013-02-06 16:00:00+00:00,17.58
3491,2013-02-06 16:30:00+00:00,14.85
3491,2013-02-06 17:00:00+00:00,0.0
3491,2013-02-06 17:30:00+00:00,0.0
3491,2013-02-06 18:00:00+00:00,0.0
3491,2013-02-06 18:30:00+00:00,0.0
3491,2013-02-06 19:00:00+00:00,0.0
3491,2013-02-06 19:30:00+00:00,0.0
3491,2013-02-06 20:00:00+00:00,0.0
3491,2013-02-06 20:30:00+00:00,0.0
3491,2013-02-06 21:00:00+00:00,0.0
3491,2013-02-06 21:30:00+00:00,0.0
3491,2013-02-06 22:00:00+00:00,0.0
3491,2013-02-06 22:30:00+00:00,0.0
3491,2013-02-06 23:00:00+00:00,0.0
3491,2013-02-06 23:30:00+00:00,0.0
3491,2013-02-07 00:00:00+00:00,0.0
3491,2013-02-07 00:30:00+00:00,0.0
3491,2013-02-07 01:00:00+00:00,0.0
3491,2013-02-07 01:30:00+00:00,0.0
3491,2013-02-07 02:00:00+00:00,0.0
3491,2013-02-07 02:30:00+00:00,0.0
3491,2013-02-07 03:00:00+00:00,0.0
3491,2013-02-07 03:30:00+00:00,0.0
3491,2013-02-07 04:00:00+00:00,0.0
3491,2013-02-07 04:30:00+00:00,0.0
3491,2013-02-07 05:00:00+00:00,0.0
3491,2013-02-07 05:30:00+00:00,0.0
3491,2013-02-07 06:00:00+00:00,0.0
3491,2013-02-07 06:30:00+00:00,0.0
3491,2013-02-07 07:00:00+00:00,0.0
3491,2013-02-07 07:30:00+00:00,0.0
3491,2013-02-07 08:00:00+00:00,11.92
3491,2013-02-07 08:30:00+00:00,179.89
3491,2013-02-07 09:00:00+00:00,412.19
3491,2013-02-07 09:30:00+00:00,679.4
3491,2013-02-07 10:00:00+00:00,565.35
3491,2013-02-07 10:30:00+00:00,879.2
3491,2013-02-07 11:00:00+00:00,775.4
3491,2013-02-07 11:30:00+00:00,371.88
3491,2013-02-07 12:00:00+00:00,449.36
3491,2013-02-07 12:30:00+00:00,580.25
3491,2013-02-07 13:00:00+00:00,584.1
3491,2013-02-07 13:30:00+00:00,444.59
3491,2013-02-07 14:00:00+00:00,426.38
3491,2013-02-07 14:30:00+00:00,276.98
3491,2013-02-07 15:00:00+00:00,94.6
3491,2013-02-07 15:30:00+00:00,84.51
3491,2013-02-07 16:00:00+00:00,51.81
3491,2013-02-07 16:30:00+00:00,21.01
3491,2013-02-07 17:00:00+00:00,0.0
3491,2013-02-07 17:30:00+00:00,0.0
3491,2013-02-07 18:00:00+00:00,0.0
3491,2013-02-07 18:30:00+00:00,0.0
3491,2013-02-07 19:00:00+00:00,0.0
3491,2013-02-07 19:30:00+00:00,0.0
3491,2013-02-07 20:00:00+00:00,0.0
3491,2013-02-07 20:30:00+00:00,0.0
3491,2013-02-07 21:00:00+00:00,0.0
3491,2013-02-07 21:30:00+00:00,0.0
3491,2013-02-07 22:00:00+00:00,0.0
3491,2013-02-07 22:30:00+00:00,0.0
3491,2013-02-07 23:00:00+00:00,0.0
3491,2013-02-07 23:30:00+00:00,0.0
3491,2013-02-08 00:00:00+00:00,0.0
3491,2013-02-08 00:30:00+00:00,0.0
3491,2013-02-08 01:00:00+00:00,0.0
3491,2013-02-08 01:30:00+00:00,0.0
3491,2013-02-08 02:00:00+00:00,0.0
3491,2013-02-08 02:30:00+00:00,0.0
3491,2013-02-08 03:00:00+00:00,0.0
3491,2013-02-08 03:30:00+00:00,0.0
3491,2013-02-08 04:00:00+00:00,0.0
3491,2013-02-08 04:30:00+00:00,0.0
3491,2013-02-08 05:00:00+00:00,0.0
3491,2013-02-08 05:30:00+00:00,0.0
3491,2013-02-08 06:00:00+00:00,0.0
3491,2013-02-08 06:30:00+00:00,0.0
3491,2013-02-08 07:00:00+00:00,0.0
3491,2013-02-08 07:30:00+00:00,0.0
3491,2013-02-08 08:00:00+00:00,17.5
3491,2013-02-08 08:30:00+00:00,201.95
3491,2013-02-08 09:00:00+00:00,442.7
3491,2013-02-08 09:30:00+00:00,624.95
3491,2013-02-08 10:00:00+00:00,813.25
3491,2013-02-08 10:30:00+00:00,933.85
3491,2013-02-08 11:00:00+00:00,717.95
3491,2013-02-08 11:30:00+00:00,682.65
3491,2013-02-08 12:00:00+00:00,883.8
3491,2013-02-08 12:30:00+00:00,716.3
3491,2013-02-08 13:00:00+00:00,671.9
3491,2013-02-08 13:30:00+00:00,577.3
3491,2013-02-08 14:00:00+00:00,349.0
3491,2013-02-08 14:30:00+00:00,184.15
3491,2013-02-08 15:00:00+00:00,105.46
3491,2013-02-08 15:30:00+00:00,124.89
3491,2013-02-08 16:00:00+00:00,46.65
3491,2013-02-08 16:30:00+00:00,2.98
3491,2013-02-08 17:00:00+00:00,0.0
3491,2013-02-08 17:30:00+00:00,0.0
3491,2013-02-08 18:00:00+00:00,0.0
3491,2013-02-08 18:30:00+00:00,0.0
3491,2013-02-08 19:00:00+00:00,0.0
3491,2013-02-08 19:30:00+00:00,0.0
3491,2013-02-08 20:00:00+00:00,0.0
3491,2013-02-08 20:30:00+00:00,0.0
3491,2013-02-08 21:00:00+00:00,0.0
3491,2013-02-08 21:30:00+00:00,0.0
3491,2013-02-08 22:00:00+00:00,0.0
3491,2013-02-08 22:30:00+00:00,0.0
3491,2013-02-08 23:00:00+00:00,0.0
3491,2013-02-08 23:30:00+00:00,0.0
3491,2013-02-09 00:00:00+00:00,0.0
3491,2013-02-09 00:30:00+00:00,0.0
3491,2013-02-09 01:00:00+00:00,0.0
3491,2013-02-09 01:30:00+00:00,0.0
3491,2013-02-09 02:00:00+00:00,0.0
3491,2013-02-09 02:30:00+00:00,0.0
3491,2013-02-09 03:00:00+00:00,0.0
3491,2013-02-09 03:30:00+00:00,0.0
3491,2013-02-09 04:00:00+00:00,0.0
3491,2013-02-09 04:30:00+00:00,0.0
3491,2013-02-09 05:00:00+00:00,0.0
3491,2013-02-09 05:30:00+00:00,0.0
3491,2013-02-09 06:00:00+00:00,0.0
3491,2013-02-09 06:30:00+00:00,0.0
3491,2013-02-09 07:00:00+00:00,0.0
3491,2013-02-09 07:30:00+00:00,0.0
3491,2013-02-09 08:00:00+00:00,31.02
3491,2013-02-09 08:30:00+00:00,130.84
3491,2013-02-09 09:00:00+00:00,90.24
3491,2013-02-09 09:30:00+00:00,120.98
3491,2013-02-09 10:00:00+00:00,317.92
3491,2013-02-09 10:30:00+00:00,249.76
3491,2013-02-09 11:00:00+00:00,173.43
3491,2013-02-09 11:30:00+00:00,130.04
3491,2013-02-09 12:00:00+00:00,102.06
3491,2013-02-09 12:30:00+00:00,61.73
3491,2013-02-09 13:00:00+00:00,45.76
3491,2013-02-09 13:30:00+00:00,50.06
3491,2013-02-09 14:00:00+00:00,43.07
3491,2013-02-09 14:30:00+00:00,50.77
3491,2013-02-09 15:00:00+00:00,54.09
3491,2013-02-09 15:30:00+00:00,10.63
3491,2013-02-09 16:00:00+00:00,14.33
3491,2013-02-09 16:30:00+00:00,7.94
3491,2013-02-09 17:00:00+00:00,0.0
3491,2013-02-09 17:30:00+00:00,0.0
3491,2013-02-09 18:00:00+00:00,0.0
3491,2013-02-09 18:30:00+00:00,0.0
3491,2013-02-09 19:00:00+00:00,0.0
3491,2013-02-09 19:30:00+00:00,0.0
3491,2013-02-09 20:00:00+00:00,0.0
3491,2013-02-09 20:30:00+00:00,0.0
3491,2013-02-09 21:00:00+00:00,0.0
3491,2013-02-09 21:30:00+00:00,0.0
3491,2013-02-09 22:00:00+00:00,0.0
3491,2013-02-09 22:30:00+00:00,0.0
3491,2013-02-09 23:00:00+00:00,0.0
3491,2013-02-09 23:30:00+00:00,0.0
3491,2013-02-10 00:00:00+00:00,0.0
3491,2013-02-10 00:30:00+00:00,0.0
3491,2013-02-10 01:00:00+00:00,0.0
3491,2013-02-10 01:30:00+00:00,0.0
3491,2013-02-10 02:00:00+00:00,0.0
3491,2013-02-10 02:30:00+00:00,0.0
3491,2013-02-10 03:00:00+00:00,0.0
3491,2013-02-10 03:30:00+00:00,0.0
3491,2013-02-10 04:00:00+00:00,0.0
3491,2013-02-10 04:30:00+00:00,0.0
3491,2013-02-10 05:00:00+00:00,0.0
3491,2013-02-10 05:30:00+00:00,0.0
3491,2013-02-10 06:00:00+00:00,0.0
3491,2013-02-10 06:30:00+00:00,0.0
3491,2013-02-10 07:00:00+00:00,0.0
3491,2013-02-10 07:30:00+00:00,0.0
3491,2013-02-10 08:00:00+00:00,0.0
3491,2013-02-10 08:30:00+00:00,1.77
3491,2013-02-10 09:00:00+00:00,25.69
3491,2013-02-10 09:30:00+00:00,72.19
3491,2013-02-10 10:00:00+00:00,137.13
3491,2013-02-10 10:30:00+00:00,104.27
3491,2013-02-10 11:00:00+00:00,59.82
3491,2013-02-10 11:30:00+00:00,56.98
3491,2013-02-10 12:00:00+00:00,80.97
3491,2013-02-10 12:30:00+00:00,98.28
3491,2013-02-10 13:00:00+00:00,62.96
3491,2013-02-10 13:30:00+00:00,52.41
3491,2013-02-10 14:00:00+00:00,44.16
3491,2013-02-10 14:30:00+00:00,40.51
3491,2013-02-10 15:00:00+00:00,17.83
3491,2013-02-10 15:30:00+00:00,4.14
3491,2013-02-10 16:00:00+00:00,0.0
3491,2013-02-10 16:30:00+00:00,0.0
3491,2013-02-10 17:00:00+00:00,0.0
3491,2013-02-10 17:30:00+00:00,0.0
3491,2013-02-10 18:00:00+00:00,0.0
3491,2013-02-10 18:30:00+00:00,0.0
3491,2013-02-10 19:00:00+00:00,0.0
3491,2013-02-10 19:30:00+00:00,0.0
3491,2013-02-10 20:00:00+00:00,0.0
3491,2013-02-10 20:30:00+00:00,0.0
3491,2013-02-10 21:00:00+00:00,0.0
3491,2013-02-10 21:30:00+00:00,0.0
3491,2013-02-10 22:00:00+00:00,0.0
3491,2013-02-10 22:30:00+00:00,0.0
3491,2013-02-10 23:00:00+00:00,0.0
3491,2013-02-10 23:30:00+00:00,0.0
3491,2013-02-11 00:00:00+00:00,0.0
3491,2013-02-11 00:30:00+00:00,0.0
3491,2013-02-11 01:00:00+00:00,0.0
3491,2013-02-11 01:30:00+00:00,0.0
3491,2013-02-11 02:00:00+00:00,0.0
3491,2013-02-11 02:30:00+00:00,0.0
3491,2013-02-11 03:00:00+00:00,0.0
3491,2013-02-11 03:30:00+00:00,0.0
3491,2013-02-11 04:00:00+00:00,0.0
3491,2013-02-11 04:30:00+00:00,0.0
3491,2013-02-11 05:00:00+00:00,0.0
3491,2013-02-11 05:30:00+00:00,0.0
3491,2013-02-11 06:00:00+00:00,0.0
3491,2013-02-11 06:30:00+00:00,0.0
3491,2013-02-11 07:00:00+00:00,0.0
3491,2013-02-11 07:30:00+00:00,0.0
3491,2013-02-11 08:00:00+00:00,0.0
3491,2013-02-11 08:30:00+00:00,0.0
3491,2013-02-11 09:00:00+00:00,0.0
3491,2013-02-11 09:30:00+00:00,0.0
3491,2013-02-11 10:00:00+00:00,0.0
3491,2013-02-11 10:30:00+00:00,3.4
3491,2013-02-11 11:00:00+00:00,21.61
3491,2013-02-11 11:30:00+00:00,22.89
3491,2013-02-11 12:00:00+00:00,28.63
3491,2013-02-11 12:30:00+00:00,62.61
3491,2013-02-11 13:00:00+00:00,47.62
3491,2013-02-11 13:30:00+00:00,33.03
3491,2013-02-11 14:00:00+00:00,44.34
3491,2013-02-11 14:30:00+00:00,46.76
3491,2013-02-11 15:00:00+00:00,36.47
3491,2013-02-11 15:30:00+00:00,6.89
3491,2013-02-11 16:00:00+00:00,0.0
3491,2013-02-11 16:30:00+00:00,0.0
3491,2013-02-11 17:00:00+00:00,0.0
3491,2013-02-11 17:30:00+00:00,0.0
3491,2013-02-11 18:00:00+00:00,0.0
3491,2013-02-11 18:30:00+00:00,0.0
3491,2013-02-11 19:00:00+00:00,0.0
3491,2013-02-11 19:30:00+00:00,0.0
3491,2013-02-11 20:00:00+00:00,0.0
3491,2013-02-11 20:30:00+00:00,0.0
3491,2013-02-11 21:00:00+00:00,0.0
3491,2013-02-11 21:30:00+00:00,0.0
3491,2013-02-11 22:00:00+00:00,0.0
3491,2013-02-11 22:30:00+00:00,0.0
3491,2013-02-11 23:00:00+00:00,0.0
3491,2013-02-11 23:30:00+00:00,0.0
3491,2013-02-12 00:00:00+00:00,0.0
3491,2013-02-12 00:30:00+00:00,0.0
3491,2013-02-12 01:00:00+00:00,0.0
3491,2013-02-12 01:30:00+00:00,0.0
3491,2013-02-12 02:00:00+00:00,0.0
3491,2013-02-12 02:30:00+00:00,0.0
3491,2013-02-12 03:00:00+00:00,0.0
3491,2013-02-12 03:30:00+00:00,0.0
3491,2013-02-12 04:00:00+00:00,0.0
3491,2013-02-12 04:30:00+00:00,0.0
3491,2013-02-12 05:00:00+00:00,0.0
3491,2013-02-12 05:30:00+00:00,0.0
3491,2013-02-12 06:00:00+00:00,0.0
3491,2013-02-12 06:30:00+00:00,0.0
3491,2013-02-12 07:00:00+00:00,0.0
3491,2013-02-12 07:30:00+00:00,0.0
3491,2013-02-12 08:00:00+00:00,0.0
3491,2013-02-12 08:30:00+00:00,8.2
3491,2013-02-12 09:00:00+00:00,6.93
3491,2013-02-12 09:30:00+00:00,9.42
3491,2013-02-12 10:00:00+00:00,38.82
3491,2013-02-12 10:30:00+00:00,35.31
3491,2013-02-12 11:00:00+00:00,46.28
3491,2013-02-12 11:30:00+00:00,87.16
3491,2013-02-12 12:00:00+00:00,97.03
3491,2013-02-12 12:30:00+00:00,45.12
3491,2013-02-12 13:00:00+00:00,64.45
3491,2013-02-12 13:30:00+00:00,45.54
3491,2013-02-12 14:00:00+00:00,65.46
3491,2013-02-12 14:30:00+00:00,56.1
3491,2013-02-12 15:00:00+00:00,35.85
3491,2013-02-12 15:30:00+00:00,24.57
3491,2013-02-12 16:00:00+00:00,13.28
3491,2013-02-12 16:30:00+00:00,0.0
3491,2013-02-12 17:00:00+00:00,0.0
3491,2013-02-12 17:30:00+00:00,0.0
3491,2013-02-12 18:00:00+00:00,0.0
3491,2013-02-12 18:30:00+00:00,0.0
3491,2013-02-12 19:00:00+00:00,0.0
3491,2013-02-12 19:30:00+00:00,0.0
3491,2013-02-12 20:00:00+00:00,0.0
3491,2013-02-12 20:30:00+00:00,0.0
3491,2013-02-12 21:00:00+00:00,0.0
3491,2013-02-12 21:30:00+00:00,0.0
3491,2013-02-12 22:00:00+00:00,0.0
3491,2013-02-12 22:30:00+00:00,0.0
3491,2013-02-12 23:00:00+00:00,0.0
3491,2013-02-12 23:30:00+00:00,0.0
3491,2013-02-13 00:00:00+00:00,0.0
3491,2013-02-13 00:30:00+00:00,0.0
3491,2013-02-13 01:00:00+00:00,0.0
3491,2013-02-13 01:30:00+00:00,0.0
3491,2013-02-13 02:00:00+00:00,0.0
3491,2013-02-13 02:30:00+00:00,0.0
3491,2013-02-13 03:00:00+00:00,0.0
3491,2013-02-13 03:30:00+00:00,0.0
3491,2013-02-13 04:00:00+00:00,0.0
3491,2013-02-13 04:30:00+00:00,0.0
3491,2013-02-13 05:00:00+00:00,0.0
3491,2013-02-13 05:30:00+00:00,0.0
3491,2013-02-13 06:00:00+00:00,0.0
3491,2013-02-13 06:30:00+00:00,0.0
3491,2013-02-13 07:00:00+00:00,0.0
3491,2013-02-13 07:30:00+00:00,0.0
3491,2013-02-13 08:00:00+00:00,53.8
3491,2013-02-13 08:30:00+00:00,102.68
3491,2013-02-13 09:00:00+00:00,139.49
3491,2013-02-13 09:30:00+00:00,390.61
3491,2013-02-13 10:00:00+00:00,349.54
3491,2013-02-13 10:30:00+00:00,533.3
3491,2013-02-13 11:00:00+00:00,593.55
3491,2013-02-13 11:30:00+00:00,470.75
3491,2013-02-13 12:00:00+00:00,248.23
3491,2013-02-13 12:30:00+00:00,149.12
3491,2013-02-13 13:00:00+00:00,114.82
3491,2013-02-13 13:30:00+00:00,74.65
3491,2013-02-13 14:00:00+00:00,81.75
3491,2013-02-13 14:30:00+00:00,55.81
3491,2013-02-13 15:00:00+00:00,42.59
3491,2013-02-13 15:30:00+00:00,43.17
3491,2013-02-13 16:00:00+00:00,21.11
3491,2013-02-13 16:30:00+00:00,6.28
3491,2013-02-13 17:00:00+00:00,0.0
3491,2013-02-13 17:30:00+00:00,0.0
3491,2013-02-13 18:00:00+00:00,0.0
3491,2013-02-13 18:30:00+00:00,0.0
3491,2013-02-13 19:00:00+00:00,0.0
3491,2013-02-13 19:30:00+00:00,0.0
3491,2013-02-13 20:00:00+00:00,0.0
3491,2013-02-13 20:30:00+00:00,0.0
3491,2013-02-13 21:00:00+00:00,0.0
3491,2013-02-13 21:30:00+00:00,0.0
3491,2013-02-13 22:00:00+00:00,0.0
3491,2013-02-13 22:30:00+00:00,0.0
3491,2013-02-13 23:00:00+00:00,0.0
3491,2013-02-13 23:30:00+00:00,0.0
3491,2013-02-14 00:00:00+00:00,0.0
3491,2013-02-14 00:30:00+00:00,0.0
3491,2013-02-14 01:00:00+00:00,0.0
3491,2013-02-14 01:30:00+00:00,0.0
3491,2013-02-14 02:00:00+00:00,0.0
3491,2013-02-14 02:30:00+00:00,0.0
3491,2013-02-14 03:00:00+00:00,0.0
3491,2013-02-14 03:30:00+00:00,0.0
3491,2013-02-14 04:00:00+00:00,0.0
3491,2013-02-14 04:30:00+00:00,0.0
3491,2013-02-14 05:00:00+00:00,0.0
3491,2013-02-14 05:30:00+00:00,0.0
3491,2013-02-14 06:00:00+00:00,0.0
3491,2013-02-14 06:30:00+00:00,0.0
3491,2013-02-14 07:00:00+00:00,0.0
3491,2013-02-14 07:30:00+00:00,0.0
3491,2013-02-14 08:00:00+00:00,0.0
3491,2013-02-14 08:30:00+00:00,0.0
3491,2013-02-14 09:00:00+00:00,31.25
3491,2013-02-14 09:30:00+00:00,186.5
3491,2013-02-14 10:00:00+00:00,214.44
3491,2013-02-14 10:30:00+00:00,139.17
3491,2013-02-14 11:00:00+00:00,423.74
3491,2013-02-14 11:30:00+00:00,243.38
3491,2013-02-14 12:00:00+00:00,686.7
3491,2013-02-14 12:30:00+00:00,485.56
3491,2013-02-14 13:00:00+00:00,291.83
3491,2013-02-14 13:30:00+00:00,288.2
3491,2013-02-14 14:00:00+00:00,91.78
3491,2013-02-14 14:30:00+00:00,252.28
3491,2013-02-14 15:00:00+00:00,283.61
3491,2013-02-14 15:30:00+00:00,128.92
3491,2013-02-14 16:00:00+00:00,63.43
3491,2013-02-14 16:30:00+00:00,60.64
3491,2013-02-14 17:00:00+00:00,5.28
3491,2013-02-14 17:30:00+00:00,0.0
3491,2013-02-14 18:00:00+00:00,0.0
3491,2013-02-14 18:30:00+00:00,0.0
3491,2013-02-14 19:00:00+00:00,0.0
3491,2013-02-14 19:30:00+00:00,0.0
3491,2013-02-14 20:00:00+00:00,0.0
3491,2013-02-14 20:30:00+00:00,0.0
3491,2013-02-14 21:00:00+00:00,0.0
3491,2013-02-14 21:30:00+00:00,0.0
3491,2013-02-14 22:00:00+00:00,0.0
3491,2013-02-14 22:30:00+00:00,0.0
3491,2013-02-14 23:00:00+00:00,0.0
3491,2013-02-14 23:30:00+00:00,0.0
3491,2013-02-15 00:00:00+00:00,0.0
3491,2013-02-15 00:30:00+00:00,0.0
3491,2013-02-15 01:00:00+00:00,0.0
3491,2013-02-15 01:30:00+00:00,0.0
3491,2013-02-15 02:00:00+00:00,0.0
3491,2013-02-15 02:30:00+00:00,0.0
3491,2013-02-15 03:00:00+00:00,0.0
3491,2013-02-15 03:30:00+00:00,0.0
3491,2013-02-15 04:00:00+00:00,0.0
3491,2013-02-15 04:30:00+00:00,0.0
3491,2013-02-15 05:00:00+00:00,0.0
3491,2013-02-15 05:30:00+00:00,0.0
3491,2013-02-15 06:00:00+00:00,0.0
3491,2013-02-15 06:30:00+00:00,0.0
3491,2013-02-15 07:00:00+00:00,0.0
3491,2013-02-15 07:30:00+00:00,0.0
3491,2013-02-15 08:00:00+00:00,50.73
3491,2013-02-15 08:30:00+00:00,201.82
3491,2013-02-15 09:00:00+00:00,295.47
3491,2013-02-15 09:30:00+00:00,202.88
3491,2013-02-15 10:00:00+00:00,366.96
3491,2013-02-15 10:30:00+00:00,601.15
3491,2013-02-15 11:00:00+00:00,957.4
3491,2013-02-15 11:30:00+00:00,894.8
3491,2013-02-15 12:00:00+00:00,807.15
3491,2013-02-15 12:30:00+00:00,762.0
3491,2013-02-15 13:00:00+00:00,361.87
3491,2013-02-15 13:30:00+00:00,143.69
3491,2013-02-15 14:00:00+00:00,142.79
3491,2013-02-15 14:30:00+00:00,94.13
3491,2013-02-15 15:00:00+00:00,73.41
3491,2013-02-15 15:30:00+00:00,63.1
3491,2013-02-15 16:00:00+00:00,45.47
3491,2013-02-15 16:30:00+00:00,14.7
3491,2013-02-15 17:00:00+00:00,0.0
3491,2013-02-15 17:30:00+00:00,0.0
3491,2013-02-15 18:00:00+00:00,0.0
3491,2013-02-15 18:30:00+00:00,0.0
3491,2013-02-15 19:00:00+00:00,0.0
3491,2013-02-15 19:30:00+00:00,0.0
3491,2013-02-15 20:00:00+00:00,0.0
3491,2013-02-15 20:30:00+00:00,0.0
3491,2013-02-15 21:00:00+00:00,0.0
3491,2013-02-15 21:30:00+00:00,0.0
3491,2013-02-15 22:00:00+00:00,0.0
3491,2013-02-15 22:30:00+00:00,0.0
3491,2013-02-15 23:00:00+00:00,0.0
3491,2013-02-15 23:30:00+00:00,0.0
3491,2013-02-16 00:00:00+00:00,0.0
3491,2013-02-16 00:30:00+00:00,0.0
3491,2013-02-16 01:00:00+00:00,0.0
3491,2013-02-16 01:30:00+00:00,0.0
3491,2013-02-16 02:00:00+00:00,0.0
3491,2013-02-16 02:30:00+00:00,0.0
3491,2013-02-16 03:00:00+00:00,0.0
3491,2013-02-16 03:30:00+00:00,0.0
3491,2013-02-16 04:00:00+00:00,0.0
3491,2013-02-16 04:30:00+00:00,0.0
3491,2013-02-16 05:00:00+00:00,0.0
3491,2013-02-16 05:30:00+00:00,0.0
3491,2013-02-16 06:00:00+00:00,0.0
3491,2013-02-16 06:30:00+00:00,0.0
3491,2013-02-16 07:00:00+00:00,0.0
3491,2013-02-16 07:30:00+00:00,0.0
3491,2013-02-16 08:00:00+00:00,6.49
3491,2013-02-16 08:30:00+00:00,31.48
3491,2013-02-16 09:00:00+00:00,38.3
3491,2013-02-16 09:30:00+00:00,98.2
3491,2013-02-16 10:00:00+00:00,135.38
3491,2013-02-16 10:30:00+00:00,163.93
3491,2013-02-16 11:00:00+00:00,221.03
3491,2013-02-16 11:30:00+00:00,224.1
3491,2013-02-16 12:00:00+00:00,195.44
3491,2013-02-16 12:30:00+00:00,189.15
3491,2013-02-16 13:00:00+00:00,108.66
3491,2013-02-16 13:30:00+00:00,96.63
3491,2013-02-16 14:00:00+00:00,99.71
3491,2013-02-16 14:30:00+00:00,138.33
3491,2013-02-16 15:00:00+00:00,144.5
3491,2013-02-16 15:30:00+00:00,128.1
3491,2013-02-16 16:00:00+00:00,92.36
3491,2013-02-16 16:30:00+00:00,59.02
3491,2013-02-16 17:00:00+00:00,15.57
3491,2013-02-16 17:30:00+00:00,0.0
3491,2013-02-16 18:00:00+00:00,0.0
3491,2013-02-16 18:30:00+00:00,0.0
3491,2013-02-16 19:00:00+00:00,0.0
3491,2013-02-16 19:30:00+00:00,0.0
3491,2013-02-16 20:00:00+00:00,0.0
3491,2013-02-16 20:30:00+00:00,0.0
3491,2013-02-16 21:00:00+00:00,0.0
3491,2013-02-16 21:30:00+00:00,0.0
3491,2013-02-16 22:00:00+00:00,0.0
3491,2013-02-16 22:30:00+00:00,0.0
3491,2013-02-16 23:00:00+00:00,0.0
3491,2013-02-16 23:30:00+00:00,0.0
3491,2013-02-17 00:00:00+00:00,0.0
3491,2013-02-17 00:30:00+00:00,0.0
3491,2013-02-17 01:00:00+00:00,0.0
3491,2013-02-17 01:30:00+00:00,0.0
3491,2013-02-17 02:00:00+00:00,0.0
3491,2013-02-17 02:30:00+00:00,0.0
3491,2013-02-17 03:00:00+00:00,0.0
3491,2013-02-17 03:30:00+00:00,0.0
3491,2013-02-17 04:00:00+00:00,0.0
3491,2013-02-17 04:30:00+00:00,0.0
3491,2013-02-17 05:00:00+00:00,0.0
3491,2013-02-17 05:30:00+00:00,0.0
3491,2013-02-17 06:00:00+00:00,0.0
3491,2013-02-17 06:30:00+00:00,0.0
3491,2013-02-17 07:00:00+00:00,0.0
3491,2013-02-17 07:30:00+00:00,2.69
3491,2013-02-17 08:00:00+00:00,79.01
3491,2013-02-17 08:30:00+00:00,222.78
3491,2013-02-17 09:00:00+00:00,471.64
3491,2013-02-17 09:30:00+00:00,753.65
3491,2013-02-17 10:00:00+00:00,838.8
3491,2013-02-17 10:30:00+00:00,875.5
3491,2013-02-17 11:00:00+00:00,916.65
3491,2013-02-17 11:30:00+00:00,910.55
3491,2013-02-17 12:00:00+00:00,479.02
3491,2013-02-17 12:30:00+00:00,239.2
3491,2013-02-17 13:00:00+00:00,583.15
3491,2013-02-17 13:30:00+00:00,336.2
3491,2013-02-17 14:00:00+00:00,225.3
3491,2013-02-17 14:30:00+00:00,351.32
3491,2013-02-17 15:00:00+00:00,299.03
3491,2013-02-17 15:30:00+00:00,142.68
3491,2013-02-17 16:00:00+00:00,51.53
3491,2013-02-17 16:30:00+00:00,20.0
3491,2013-02-17 17:00:00+00:00,11.35
3491,2013-02-17 17:30:00+00:00,0.0
3491,2013-02-17 18:00:00+00:00,0.0
3491,2013-02-17 18:30:00+00:00,0.0
3491,2013-02-17 19:00:00+00:00,0.0
3491,2013-02-17 19:30:00+00:00,0.0
3491,2013-02-17 20:00:00+00:00,0.0
3491,2013-02-17 20:30:00+00:00,0.0
3491,2013-02-17 21:00:00+00:00,0.0
3491,2013-02-17 21:30:00+00:00,0.0
3491,2013-02-17 22:00:00+00:00,0.0
3491,2013-02-17 22:30:00+00:00,0.0
3491,2013-02-17 23:00:00+00:00,0.0
3491,2013-02-17 23:30:00+00:00,0.0
3491,2013-02-18 00:00:00+00:00,0.0
3491,2013-02-18 00:30:00+00:00,0.0
3491,2013-02-18 01:00:00+00:00,0.0
3491,2013-02-18 01:30:00+00:00,0.0
3491,2013-02-18 02:00:00+00:00,0.0
3491,2013-02-18 02:30:00+00:00,0.0
3491,2013-02-18 03:00:00+00:00,0.0
3491,2013-02-18 03:30:00+00:00,0.0
3491,2013-02-18 04:00:00+00:00,0.0
3491,2013-02-18 04:30:00+00:00,0.0
3491,2013-02-18 05:00:00+00:00,0.0
3491,2013-02-18 05:30:00+00:00,0.0
3491,2013-02-18 06:00:00+00:00,0.0
3491,2013-02-18 06:30:00+00:00,0.0
3491,2013-02-18 07:00:00+00:00,0.0
3491,2013-02-18 07:30:00+00:00,2.42
3491,2013-02-18 08:00:00+00:00,57.15
3491,2013-02-18 08:30:00+00:00,218.94
3491,2013-02-18 09:00:00+00:00,437.58
3491,2013-02-18 09:30:00+00:00,528.25
3491,2013-02-18 10:00:00+00:00,821.95
3491,2013-02-18 10:30:00+00:00,898.4
3491,2013-02-18 11:00:00+00:00,912.65
3491,2013-02-18 11:30:00+00:00,882.45
3491,2013-02-18 12:00:00+00:00,879.0
3491,2013-02-18 12:30:00+00:00,793.3
3491,2013-02-18 13:00:00+00:00,665.65
3491,2013-02-18 13:30:00+00:00,637.7
3491,2013-02-18 14:00:00+00:00,466.79
3491,2013-02-18 14:30:00+00:00,433.66
3491,2013-02-18 15:00:00+00:00,199.53
3491,2013-02-18 15:30:00+00:00,140.95
3491,2013-02-18 16:00:00+00:00,72.2
3491,2013-02-18 16:30:00+00:00,56.79
3491,2013-02-18 17:00:00+00:00,23.94
3491,2013-02-18 17:30:00+00:00,0.33
3491,2013-02-18 18:00:00+00:00,0.0
3491,2013-02-18 18:30:00+00:00,0.0
3491,2013-02-18 19:00:00+00:00,0.0
3491,2013-02-18 19:30:00+00:00,0.0
3491,2013-02-18 20:00:00+00:00,0.0
3491,2013-02-18 20:30:00+00:00,0.0
3491,2013-02-18 21:00:00+00:00,0.0
3491,2013-02-18 21:30:00+00:00,0.0
3491,2013-02-18 22:00:00+00:00,0.0
3491,2013-02-18 22:30:00+00:00,0.0
3491,2013-02-18 23:00:00+00:00,0.0
3491,2013-02-18 23:30:00+00:00,0.0
3491,2013-02-19 00:00:00+00:00,0.0
3491,2013-02-19 00:30:00+00:00,0.0
3491,2013-02-19 01:00:00+00:00,0.0
3491,2013-02-19 01:30:00+00:00,0.0
3491,2013-02-19 02:00:00+00:00,0.0
3491,2013-02-19 02:30:00+00:00,0.0
3491,2013-02-19 03:00:00+00:00,0.0
3491,2013-02-19 03:30:00+00:00,0.0
3491,2013-02-19 04:00:00+00:00,0.0
3491,2013-02-19 04:30:00+00:00,0.0
3491,2013-02-19 05:00:00+00:00,0.0
3491,2013-02-19 05:30:00+00:00,0.0
3491,2013-02-19 06:00:00+00:00,0.0
3491,2013-02-19 06:30:00+00:00,0.0
3491,2013-02-19 07:00:00+00:00,0.0
3491,2013-02-19 07:30:00+00:00,3.06
3491,2013-02-19 08:00:00+00:00,45.53
3491,2013-02-19 08:30:00+00:00,178.33
3491,2013-02-19 09:00:00+00:00,491.98
3491,2013-02-19 09:30:00+00:00,787.6
3491,2013-02-19 10:00:00+00:00,884.4
3491,2013-02-19 10:30:00+00:00,932.1
3491,2013-02-19 11:00:00+00:00,949.1
3491,2013-02-19 11:30:00+00:00,938.35
3491,2013-02-19 12:00:00+00:00,886.4
3491,2013-02-19 12:30:00+00:00,852.45
3491,2013-02-19 13:00:00+00:00,668.55
3491,2013-02-19 13:30:00+00:00,564.9
3491,2013-02-19 14:00:00+00:00,508.0
3491,2013-02-19 14:30:00+00:00,465.51
3491,2013-02-19 15:00:00+00:00,179.39
3491,2013-02-19 15:30:00+00:00,76.8
3491,2013-02-19 16:00:00+00:00,56.19
3491,2013-02-19 16:30:00+00:00,33.83
3491,2013-02-19 17:00:00+00:00,11.72
3491,2013-02-19 17:30:00+00:00,0.0
3491,2013-02-19 18:00:00+00:00,0.0
3491,2013-02-19 18:30:00+00:00,0.0
3491,2013-02-19 19:00:00+00:00,0.0
3491,2013-02-19 19:30:00+00:00,0.0
3491,2013-02-19 20:00:00+00:00,0.0
3491,2013-02-19 20:30:00+00:00,0.0
3491,2013-02-19 21:00:00+00:00,0.0
3491,2013-02-19 21:30:00+00:00,0.0
3491,2013-02-19 22:00:00+00:00,0.0
3491,2013-02-19 22:30:00+00:00,0.0
3491,2013-02-19 23:00:00+00:00,0.0
3491,2013-02-19 23:30:00+00:00,0.0
3491,2013-02-20 00:00:00+00:00,0.0
3491,2013-02-20 00:30:00+00:00,0.0
3491,2013-02-20 01:00:00+00:00,0.0
3491,2013-02-20 01:30:00+00:00,0.0
3491,2013-02-20 02:00:00+00:00,0.0
3491,2013-02-20 02:30:00+00:00,0.0
3491,2013-02-20 03:00:00+00:00,0.0
3491,2013-02-20 03:30:00+00:00,0.0
3491,2013-02-20 04:00:00+00:00,0.0
3491,2013-02-20 04:30:00+00:00,0.0
3491,2013-02-20 05:00:00+00:00,0.0
3491,2013-02-20 05:30:00+00:00,0.0
3491,2013-02-20 06:00:00+00:00,0.0
3491,2013-02-20 06:30:00+00:00,0.0
3491,2013-02-20 07:00:00+00:00,0.0
3491,2013-02-20 07:30:00+00:00,0.0
3491,2013-02-20 08:00:00+00:00,0.0
3491,2013-02-20 08:30:00+00:00,13.79
3491,2013-02-20 09:00:00+00:00,41.43
3491,2013-02-20 09:30:00+00:00,78.74
3491,2013-02-20 10:00:00+00:00,68.11
3491,2013-02-20 10:30:00+00:00,90.44
3491,2013-02-20 11:00:00+00:00,137.02
3491,2013-02-20 11:30:00+00:00,233.68
3491,2013-02-20 12:00:00+00:00,467.65
3491,2013-02-20 12:30:00+00:00,584.3
3491,2013-02-20 13:00:00+00:00,421.15
3491,2013-02-20 13:30:00+00:00,161.57
3491,2013-02-20 14:00:00+00:00,220.44
3491,2013-02-20 14:30:00+00:00,236.19
3491,2013-02-20 15:00:00+00:00,237.85
3491,2013-02-20 15:30:00+00:00,157.41
3491,2013-02-20 16:00:00+00:00,89.92
3491,2013-02-20 16:30:00+00:00,38.4
3491,2013-02-20 17:00:00+00:00,15.19
3491,2013-02-20 17:30:00+00:00,0.0
3491,2013-02-20 18:00:00+00:00,0.0
3491,2013-02-20 18:30:00+00:00,0.0
3491,2013-02-20 19:00:00+00:00,0.0
3491,2013-02-20 19:30:00+00:00,0.0
3491,2013-02-20 20:00:00+00:00,0.0
3491,2013-02-20 20:30:00+00:00,0.0
3491,2013-02-20 21:00:00+00:00,0.0
3491,2013-02-20 21:30:00+00:00,0.0
3491,2013-02-20 22:00:00+00:00,0.0
3491,2013-02-20 22:30:00+00:00,0.0
3491,2013-02-20 23:00:00+00:00,0.0
3491,2013-02-20 23:30:00+00:00,0.0
3491,2013-02-21 00:00:00+00:00,0.0
3491,2013-02-21 00:30:00+00:00,0.0
3491,2013-02-21 01:00:00+00:00,0.0
3491,2013-02-21 01:30:00+00:00,0.0
3491,2013-02-21 02:00:00+00:00,0.0
3491,2013-02-21 02:30:00+00:00,0.0
3491,2013-02-21 03:00:00+00:00,0.0
3491,2013-02-21 03:30:00+00:00,0.0
3491,2013-02-21 04:00:00+00:00,0.0
3491,2013-02-21 04:30:00+00:00,0.0
3491,2013-02-21 05:00:00+00:00,0.0
3491,2013-02-21 05:30:00+00:00,0.0
3491,2013-02-21 06:00:00+00:00,0.0
3491,2013-02-21 06:30:00+00:00,0.0
3491,2013-02-21 07:00:00+00:00,0.0
3491,2013-02-21 07:30:00+00:00,0.0
3491,2013-02-21 08:00:00+00:00,0.0
3491,2013-02-21 08:30:00+00:00,8.67
3491,2013-02-21 09:00:00+00:00,31.65
3491,2013-02-21 09:30:00+00:00,59.0
3491,2013-02-21 10:00:00+00:00,79.61
3491,2013-02-21 10:30:00+00:00,76.43
3491,2013-02-21 11:00:00+00:00,148.52
3491,2013-02-21 11:30:00+00:00,156.16
3491,2013-02-21 12:00:00+00:00,134.52
3491,2013-02-21 12:30:00+00:00,131.81
3491,2013-02-21 13:00:00+00:00,163.53
3491,2013-02-21 13:30:00+00:00,145.22
3491,2013-02-21 14:00:00+00:00,131.69
3491,2013-02-21 14:30:00+00:00,118.46
3491,2013-02-21 15:00:00+00:00,103.54
3491,2013-02-21 15:30:00+00:00,53.22
3491,2013-02-21 16:00:00+00:00,20.58
3491,2013-02-21 16:30:00+00:00,5.82
3491,2013-02-21 17:00:00+00:00,0.0
3491,2013-02-21 17:30:00+00:00,0.0
3491,2013-02-21 18:00:00+00:00,0.0
3491,2013-02-21 18:30:00+00:00,0.0
3491,2013-02-21 19:00:00+00:00,0.0
3491,2013-02-21 19:30:00+00:00,0.0
3491,2013-02-21 20:00:00+00:00,0.0
3491,2013-02-21 20:30:00+00:00,0.0
3491,2013-02-21 21:00:00+00:00,0.0
3491,2013-02-21 21:30:00+00:00,0.0
3491,2013-02-21 22:00:00+00:00,0.0
3491,2013-02-21 22:30:00+00:00,0.0
3491,2013-02-21 23:00:00+00:00,0.0
3491,2013-02-21 23:30:00+00:00,0.0
3491,2013-02-22 00:00:00+00:00,0.0
3491,2013-02-22 00:30:00+00:00,0.0
3491,2013-02-22 01:00:00+00:00,0.0
3491,2013-02-22 01:30:00+00:00,0.0
3491,2013-02-22 02:00:00+00:00,0.0
3491,2013-02-22 02:30:00+00:00,0.0
3491,2013-02-22 03:00:00+00:00,0.0
3491,2013-02-22 03:30:00+00:00,0.0
3491,2013-02-22 04:00:00+00:00,0.0
3491,2013-02-22 04:30:00+00:00,0.0
3491,2013-02-22 05:00:00+00:00,0.0
3491,2013-02-22 05:30:00+00:00,0.0
3491,2013-02-22 06:00:00+00:00,0.0
3491,2013-02-22 06:30:00+00:00,0.0
3491,2013-02-22 07:00:00+00:00,0.0
3491,2013-02-22 07:30:00+00:00,0.0
3491,2013-02-22 08:00:00+00:00,0.0
3491,2013-02-22 08:30:00+00:00,4.17
3491,2013-02-22 09:00:00+00:00,15.93
3491,2013-02-22 09:30:00+00:00,54.36
3491,2013-02-22 10:00:00+00:00,55.9
3491,2013-02-22 10:30:00+00:00,80.35
3491,2013-02-22 11:00:00+00:00,79.84
3491,2013-02-22 11:30:00+00:00,84.46
3491,2013-02-22 12:00:00+00:00,93.42
3491,2013-02-22 12:30:00+00:00,121.35
3491,2013-02-22 13:00:00+00:00,180.75
3491,2013-02-22 13:30:00+00:00,141.24
3491,2013-02-22 14:00:00+00:00,130.21
3491,2013-02-22 14:30:00+00:00,173.96
3491,2013-02-22 15:00:00+00:00,197.87
3491,2013-02-22 15:30:00+00:00,104.49
3491,2013-02-22 16:00:00+00:00,38.8
3491,2013-02-22 16:30:00+00:00,13.23
3491,2013-02-22 17:00:00+00:00,0.0
3491,2013-02-22 17:30:00+00:00,0.0
3491,2013-02-22 18:00:00+00:00,0.0
3491,2013-02-22 18:30:00+00:00,0.0
3491,2013-02-22 19:00:00+00:00,0.0
3491,2013-02-22 19:30:00+00:00,0.0
3491,2013-02-22 20:00:00+00:00,0.0
3491,2013-02-22 20:30:00+00:00,0.0
3491,2013-02-22 21:00:00+00:00,0.0
3491,2013-02-22 21:30:00+00:00,0.0
3491,2013-02-22 22:00:00+00:00,0.0
3491,2013-02-22 22:30:00+00:00,0.0
3491,2013-02-22 23:00:00+00:00,0.0
3491,2013-02-22 23:30:00+00:00,0.0
3491,2013-02-23 00:00:00+00:00,0.0
3491,2013-02-23 00:30:00+00:00,0.0
3491,2013-02-23 01:00:00+00:00,0.0
3491,2013-02-23 01:30:00+00:00,0.0
3491,2013-02-23 02:00:00+00:00,0.0
3491,2013-02-23 02:30:00+00:00,0.0
3491,2013-02-23 03:00:00+00:00,0.0
3491,2013-02-23 03:30:00+00:00,0.0
3491,2013-02-23 04:00:00+00:00,0.0
3491,2013-02-23 04:30:00+00:00,0.0
3491,2013-02-23 05:00:00+00:00,0.0
3491,2013-02-23 05:30:00+00:00,0.0
3491,2013-02-23 06:00:00+00:00,0.0
3491,2013-02-23 06:30:00+00:00,0.0
3491,2013-02-23 07:00:00+00:00,0.0
3491,2013-02-23 07:30:00+00:00,0.0
3491,2013-02-23 08:00:00+00:00,8.64
3491,2013-02-23 08:30:00+00:00,43.01
3491,2013-02-23 09:00:00+00:00,117.09
3491,2013-02-23 09:30:00+00:00,46.09
3491,2013-02-23 10:00:00+00:00,144.23
3491,2013-02-23 10:30:00+00:00,396.0
3491,2013-02-23 11:00:00+00:00,277.75
3491,2013-02-23 11:30:00+00:00,162.73
3491,2013-02-23 12:00:00+00:00,244.05
3491,2013-02-23 12:30:00+00:00,249.03
3491,2013-02-23 13:00:00+00:00,94.2
3491,2013-02-23 13:30:00+00:00,158.84
3491,2013-02-23 14:00:00+00:00,96.24
3491,2013-02-23 14:30:00+00:00,109.75
3491,2013-02-23 15:00:00+00:00,106.33
3491,2013-02-23 15:30:00+00:00,80.95
3491,2013-02-23 16:00:00+00:00,49.27
3491,2013-02-23 16:30:00+00:00,17.62
3491,2013-02-23 17:00:00+00:00,1.6
3491,2013-02-23 17:30:00+00:00,0.0
3491,2013-02-23 18:00:00+00:00,0.0
3491,2013-02-23 18:30:00+00:00,0.0
3491,2013-02-23 19:00:00+00:00,0.0
3491,2013-02-23 19:30:00+00:00,0.0
3491,2013-02-23 20:00:00+00:00,0.0
3491,2013-02-23 20:30:00+00:00,0.0
3491,2013-02-23 21:00:00+00:00,0.0
3491,2013-02-23 21:30:00+00:00,0.0
3491,2013-02-23 22:00:00+00:00,0.0
3491,2013-02-23 22:30:00+00:00,0.0
3491,2013-02-23 23:00:00+00:00,0.0
3491,2013-02-23 23:30:00+00:00,0.0
3491,2013-02-24 00:00:00+00:00,0.0
3491,2013-02-24 00:30:00+00:00,0.0
3491,2013-02-24 01:00:00+00:00,0.0
3491,2013-02-24 01:30:00+00:00,0.0
3491,2013-02-24 02:00:00+00:00,0.0
3491,2013-02-24 02:30:00+00:00,0.0
3491,2013-02-24 03:00:00+00:00,0.0
3491,2013-02-24 03:30:00+00:00,0.0
3491,2013-02-24 04:00:00+00:00,0.0
3491,2013-02-24 04:30:00+00:00,0.0
3491,2013-02-24 05:00:00+00:00,0.0
3491,2013-02-24 05:30:00+00:00,0.0
3491,2013-02-24 06:00:00+00:00,0.0
3491,2013-02-24 06:30:00+00:00,0.0
3491,2013-02-24 07:00:00+00:00,0.0
3491,2013-02-24 07:30:00+00:00,0.0
3491,2013-02-24 08:00:00+00:00,0.0
3491,2013-02-24 08:30:00+00:00,3.73
3491,2013-02-24 09:00:00+00:00,14.41
3491,2013-02-24 09:30:00+00:00,15.47
3491,2013-02-24 10:00:00+00:00,24.17
3491,2013-02-24 10:30:00+00:00,39.67
3491,2013-02-24 11:00:00+00:00,44.33
3491,2013-02-24 11:30:00+00:00,44.52
3491,2013-02-24 12:00:00+00:00,58.29
3491,2013-02-24 12:30:00+00:00,67.78
3491,2013-02-24 13:00:00+00:00,68.19
3491,2013-02-24 13:30:00+00:00,66.21
3491,2013-02-24 14:00:00+00:00,48.95
3491,2013-02-24 14:30:00+00:00,42.66
3491,2013-02-24 15:00:00+00:00,43.78
3491,2013-02-24 15:30:00+00:00,66.43
3491,2013-02-24 16:00:00+00:00,86.38
3491,2013-02-24 16:30:00+00:00,36.76
3491,2013-02-24 17:00:00+00:00,16.41
3491,2013-02-24 17:30:00+00:00,0.26
3491,2013-02-24 18:00:00+00:00,0.0
3491,2013-02-24 18:30:00+00:00,0.0
3491,2013-02-24 19:00:00+00:00,0.0
3491,2013-02-24 19:30:00+00:00,0.0
3491,2013-02-24 20:00:00+00:00,0.0
3491,2013-02-24 20:30:00+00:00,0.0
3491,2013-02-24 21:00:00+00:00,0.0
3491,2013-02-24 21:30:00+00:00,0.0
3491,2013-02-24 22:00:00+00:00,0.0
3491,2013-02-24 22:30:00+00:00,0.0
3491,2013-02-24 23:00:00+00:00,0.0
3491,2013-02-24 23:30:00+00:00,0.0
3491,2013-02-25 00:00:00+00:00,0.0
3491,2013-02-25 00:30:00+00:00,0.0
3491,2013-02-25 01:00:00+00:00,0.0
3491,2013-02-25 01:30:00+00:00,0.0
3491,2013-02-25 02:00:00+00:00,0.0
3491,2013-02-25 02:30:00+00:00,0.0
3491,2013-02-25 03:00:00+00:00,0.0
3491,2013-02-25 03:30:00+00:00,0.0
3491,2013-02-25 04:00:00+00:00,0.0
3491,2013-02-25 04:30:00+00:00,0.0
3491,2013-02-25 05:00:00+00:00,0.0
3491,2013-02-25 05:30:00+00:00,0.0
3491,2013-02-25 06:00:00+00:00,0.0
3491,2013-02-25 06:30:00+00:00,0.0
3491,2013-02-25 07:00:00+00:00,0.0
3491,2013-02-25 07:30:00+00:00,0.0
3491,2013-02-25 08:00:00+00:00,0.0
3491,2013-02-25 08:30:00+00:00,3.53
3491,2013-02-25 09:00:00+00:00,30.02
3491,2013-02-25 09:30:00+00:00,37.53
3491,2013-02-25 10:00:00+00:00,59.53
3491,2013-02-25 10:30:00+00:00,45.64
3491,2013-02-25 11:00:00+00:00,48.41
3491,2013-02-25 11:30:00+00:00,68.81
3491,2013-02-25 12:00:00+00:00,80.32
3491,2013-02-25 12:30:00+00:00,67.91
3491,2013-02-25 13:00:00+00:00,48.82
3491,2013-02-25 13:30:00+00:00,60.78
3491,2013-02-25 14:00:00+00:00,45.77
3491,2013-02-25 14:30:00+00:00,33.65
3491,2013-02-25 15:00:00+00:00,18.11
3491,2013-02-25 15:30:00+00:00,12.35
3491,2013-02-25 16:00:00+00:00,3.95
3491,2013-02-25 16:30:00+00:00,0.0
3491,2013-02-25 17:00:00+00:00,0.0
3491,2013-02-25 17:30:00+00:00,0.0
3491,2013-02-25 18:00:00+00:00,0.0
3491,2013-02-25 18:30:00+00:00,0.0
3491,2013-02-25 19:00:00+00:00,0.0
3491,2013-02-25 19:30:00+00:00,0.0
3491,2013-02-25 20:00:00+00:00,0.0
3491,2013-02-25 20:30:00+00:00,0.0
3491,2013-02-25 21:00:00+00:00,0.0
3491,2013-02-25 21:30:00+00:00,0.0
3491,2013-02-25 22:00:00+00:00,0.0
3491,2013-02-25 22:30:00+00:00,0.0
3491,2013-02-25 23:00:00+00:00,0.0
3491,2013-02-25 23:30:00+00:00,0.0
3491,2013-02-26 00:00:00+00:00,0.0
3491,2013-02-26 00:30:00+00:00,0.0
3491,2013-02-26 01:00:00+00:00,0.0
3491,2013-02-26 01:30:00+00:00,0.0
3491,2013-02-26 02:00:00+00:00,0.0
3491,2013-02-26 02:30:00+00:00,0.0
3491,2013-02-26 03:00:00+00:00,0.0
3491,2013-02-26 03:30:00+00:00,0.0
3491,2013-02-26 04:00:00+00:00,0.0
3491,2013-02-26 04:30:00+00:00,0.0
3491,2013-02-26 05:00:00+00:00,0.0
3491,2013-02-26 05:30:00+00:00,0.0
3491,2013-02-26 06:00:00+00:00,0.0
3491,2013-02-26 06:30:00+00:00,0.0
3491,2013-02-26 07:00:00+00:00,0.0
3491,2013-02-26 07:30:00+00:00,0.0
3491,2013-02-26 08:00:00+00:00,0.0
3491,2013-02-26 08:30:00+00:00,0.0
3491,2013-02-26 09:00:00+00:00,0.0
3491,2013-02-26 09:30:00+00:00,5.94
3491,2013-02-26 10:00:00+00:00,16.79
3491,2013-02-26 10:30:00+00:00,32.06
3491,2013-02-26 11:00:00+00:00,52.02
3491,2013-02-26 11:30:00+00:00,46.25
3491,2013-02-26 12:00:00+00:00,59.45
3491,2013-02-26 12:30:00+00:00,58.72
3491,2013-02-26 13:00:00+00:00,66.97
3491,2013-02-26 13:30:00+00:00,37.73
3491,2013-02-26 14:00:00+00:00,34.08
3491,2013-02-26 14:30:00+00:00,23.9
3491,2013-02-26 15:00:00+00:00,16.23
3491,2013-02-26 15:30:00+00:00,8.38
3491,2013-02-26 16:00:00+00:00,4.24
3491,2013-02-26 16:30:00+00:00,0.0
3491,2013-02-26 17:00:00+00:00,0.0
3491,2013-02-26 17:30:00+00:00,0.0
3491,2013-02-26 18:00:00+00:00,0.0
3491,2013-02-26 18:30:00+00:00,0.0
3491,2013-02-26 19:00:00+00:00,0.0
3491,2013-02-26 19:30:00+00:00,0.0
3491,2013-02-26 20:00:00+00:00,0.0
3491,2013-02-26 20:30:00+00:00,0.0
3491,2013-02-26 21:00:00+00:00,0.0
3491,2013-02-26 21:30:00+00:00,0.0
3491,2013-02-26 22:00:00+00:00,0.0
3491,2013-02-26 22:30:00+00:00,0.0
3491,2013-02-26 23:00:00+00:00,0.0
3491,2013-02-26 23:30:00+00:00,0.0
3491,2013-02-27 00:00:00+00:00,0.0
3491,2013-02-27 00:30:00+00:00,0.0
3491,2013-02-27 01:00:00+00:00,0.0
3491,2013-02-27 01:30:00+00:00,0.0
3491,2013-02-27 02:00:00+00:00,0.0
3491,2013-02-27 02:30:00+00:00,0.0
3491,2013-02-27 03:00:00+00:00,0.0
3491,2013-02-27 03:30:00+00:00,0.0
3491,2013-02-27 04:00:00+00:00,0.0
3491,2013-02-27 04:30:00+00:00,0.0
3491,2013-02-27 05:00:00+00:00,0.0
3491,2013-02-27 05:30:00+00:00,0.0
3491,2013-02-27 06:00:00+00:00,0.0
3491,2013-02-27 06:30:00+00:00,0.0
3491,2013-02-27 07:00:00+00:00,0.0
3491,2013-02-27 07:30:00+00:00,0.0
3491,2013-02-27 08:00:00+00:00,0.0
3491,2013-02-27 08:30:00+00:00,0.0
3491,2013-02-27 09:00:00+00:00,6.57
3491,2013-02-27 09:30:00+00:00,41.25
3491,2013-02-27 10:00:00+00:00,61.74
3491,2013-02-27 10:30:00+00:00,87.18
3491,2013-02-27 11:00:00+00:00,84.75
3491,2013-02-27 11:30:00+00:00,120.17
3491,2013-02-27 12:00:00+00:00,168.51
3491,2013-02-27 12:30:00+00:00,170.22
3491,2013-02-27 13:00:00+00:00,156.15
3491,2013-02-27 13:30:00+00:00,164.41
3491,2013-02-27 14:00:00+00:00,258.4
3491,2013-02-27 14:30:00+00:00,443.62
3491,2013-02-27 15:00:00+00:00,355.55
3491,2013-02-27 15:30:00+00:00,179.8
3491,2013-02-27 16:00:00+00:00,113.01
3491,2013-02-27 16:30:00+00:00,94.34
3491,2013-02-27 17:00:00+00:00,44.49
3491,2013-02-27 17:30:00+00:00,8.97
3491,2013-02-27 18:00:00+00:00,0.0
3491,2013-02-27 18:30:00+00:00,0.0
3491,2013-02-27 19:00:00+00:00,0.0
3491,2013-02-27 19:30:00+00:00,0.0
3491,2013-02-27 20:00:00+00:00,0.0
3491,2013-02-27 20:30:00+00:00,0.0
3491,2013-02-27 21:00:00+00:00,0.0
3491,2013-02-27 21:30:00+00:00,0.0
3491,2013-02-27 22:00:00+00:00,0.0
3491,2013-02-27 22:30:00+00:00,0.0
3491,2013-02-27 23:00:00+00:00,0.0
3491,2013-02-27 23:30:00+00:00,0.0
3491,2013-02-28 00:00:00+00:00,0.0
3491,2013-02-28 00:30:00+00:00,0.0
3491,2013-02-28 01:00:00+00:00,0.0
3491,2013-02-28 01:30:00+00:00,0.0
3491,2013-02-28 02:00:00+00:00,0.0
3491,2013-02-28 02:30:00+00:00,0.0
3491,2013-02-28 03:00:00+00:00,0.0
3491,2013-02-28 03:30:00+00:00,0.0
3491,2013-02-28 04:00:00+00:00,0.0
3491,2013-02-28 04:30:00+00:00,0.0
3491,2013-02-28 05:00:00+00:00,0.0
3491,2013-02-28 05:30:00+00:00,0.0
3491,2013-02-28 06:00:00+00:00,0.0
3491,2013-02-28 06:30:00+00:00,0.0
3491,2013-02-28 07:00:00+00:00,0.0
3491,2013-02-28 07:30:00+00:00,0.0
3491,2013-02-28 08:00:00+00:00,30.57
3491,2013-02-28 08:30:00+00:00,53.74
3491,2013-02-28 09:00:00+00:00,112.09
3491,2013-02-28 09:30:00+00:00,140.1
3491,2013-02-28 10:00:00+00:00,138.29
3491,2013-02-28 10:30:00+00:00,102.45
3491,2013-02-28 11:00:00+00:00,77.77
3491,2013-02-28 11:30:00+00:00,97.89
3491,2013-02-28 12:00:00+00:00,103.62
3491,2013-02-28 12:30:00+00:00,108.74
3491,2013-02-28 13:00:00+00:00,114.7
3491,2013-02-28 13:30:00+00:00,154.84
3491,2013-02-28 14:00:00+00:00,255.58
3491,2013-02-28 14:30:00+00:00,283.68
3491,2013-02-28 15:00:00+00:00,190.7
3491,2013-02-28 15:30:00+00:00,195.78
3491,2013-02-28 16:00:00+00:00,133.85
3491,2013-02-28 16:30:00+00:00,73.2
3491,2013-02-28 17:00:00+00:00,32.74
3491,2013-02-28 17:30:00+00:00,3.92
3491,2013-02-28 18:00:00+00:00,0.0
3491,2013-02-28 18:30:00+00:00,0.0
3491,2013-02-28 19:00:00+00:00,0.0
3491,2013-02-28 19:30:00+00:00,0.0
3491,2013-02-28 20:00:00+00:00,0.0
3491,2013-02-28 20:30:00+00:00,0.0
3491,2013-02-28 21:00:00+00:00,0.0
3491,2013-02-28 21:30:00+00:00,0.0
3491,2013-02-28 22:00:00+00:00,0.0
3491,2013-02-28 22:30:00+00:00,0.0
3491,2013-02-28 23:00:00+00:00,0.0
3491,2013-02-28 23:30:00+00:00,0.0
3491,2013-03-01 00:30:00+00:00,0.0
3491,2013-03-01 01:00:00+00:00,0.0
3491,2013-03-01 01:30:00+00:00,0.0
3491,2013-03-01 02:00:00+00:00,0.0
3491,2013-03-01 02:30:00+00:00,0.0
3491,2013-03-01 03:00:00+00:00,0.0
3491,2013-03-01 03:30:00+00:00,0.0
3491,2013-03-01 04:00:00+00:00,0.0
3491,2013-03-01 04:30:00+00:00,0.0
3491,2013-03-01 05:00:00+00:00,0.0
3491,2013-03-01 05:30:00+00:00,0.0
3491,2013-03-01 06:00:00+00:00,0.0
3491,2013-03-01 06:30:00+00:00,0.0
3491,2013-03-01 07:00:00+00:00,0.0
3491,2013-03-01 07:30:00+00:00,0.0
3491,2013-03-01 08:00:00+00:00,4.48
3491,2013-03-01 08:30:00+00:00,21.46
3491,2013-03-01 09:00:00+00:00,60.87
3491,2013-03-01 09:30:00+00:00,58.23
3491,2013-03-01 10:00:00+00:00,278.8
3491,2013-03-01 10:30:00+00:00,230.14
3491,2013-03-01 11:00:00+00:00,275.33
3491,2013-03-01 11:30:00+00:00,296.3
3491,2013-03-01 12:00:00+00:00,138.87
3491,2013-03-01 12:30:00+00:00,103.38
3491,2013-03-01 13:00:00+00:00,126.27
3491,2013-03-01 13:30:00+00:00,152.47
3491,2013-03-01 14:00:00+00:00,120.03
3491,2013-03-01 14:30:00+00:00,111.14
3491,2013-03-01 15:00:00+00:00,76.38
3491,2013-03-01 15:30:00+00:00,70.68
3491,2013-03-01 16:00:00+00:00,50.65
3491,2013-03-01 16:30:00+00:00,18.57
3491,2013-03-01 17:00:00+00:00,8.58
3491,2013-03-01 17:30:00+00:00,0.0
3491,2013-03-01 18:00:00+00:00,0.0
3491,2013-03-01 18:30:00+00:00,0.0
3491,2013-03-01 19:00:00+00:00,0.0
3491,2013-03-01 19:30:00+00:00,0.0
3491,2013-03-01 20:00:00+00:00,0.0
3491,2013-03-01 20:30:00+00:00,0.0
3491,2013-03-01 21:00:00+00:00,0.0
3491,2013-03-01 21:30:00+00:00,0.0
3491,2013-03-01 22:00:00+00:00,0.0
3491,2013-03-01 22:30:00+00:00,0.0
3491,2013-03-01 23:00:00+00:00,0.0
3491,2013-03-01 23:30:00+00:00,0.0
3491,2013-03-02 00:00:00+00:00,0.0
3491,2013-03-02 00:30:00+00:00,0.0
3491,2013-03-02 01:00:00+00:00,0.0
3491,2013-03-02 01:30:00+00:00,0.0
3491,2013-03-02 02:00:00+00:00,0.0
3491,2013-03-02 02:30:00+00:00,0.0
3491,2013-03-02 03:00:00+00:00,0.0
3491,2013-03-02 03:30:00+00:00,0.0
3491,2013-03-02 04:00:00+00:00,0.0
3491,2013-03-02 04:30:00+00:00,0.0
3491,2013-03-02 05:00:00+00:00,0.0
3491,2013-03-02 05:30:00+00:00,0.0
3491,2013-03-02 06:00:00+00:00,0.0
3491,2013-03-02 06:30:00+00:00,0.0
3491,2013-03-02 07:00:00+00:00,0.0
3491,2013-03-02 07:30:00+00:00,0.0
3491,2013-03-02 08:00:00+00:00,17.74
3491,2013-03-02 08:30:00+00:00,43.33
3491,2013-03-02 09:00:00+00:00,65.23
3491,2013-03-02 09:30:00+00:00,82.09
3491,2013-03-02 10:00:00+00:00,100.67
3491,2013-03-02 10:30:00+00:00,139.19
3491,2013-03-02 11:00:00+00:00,155.23
3491,2013-03-02 11:30:00+00:00,142.06
3491,2013-03-02 12:00:00+00:00,138.47
3491,2013-03-02 12:30:00+00:00,157.87
3491,2013-03-02 13:00:00+00:00,173.53
3491,2013-03-02 13:30:00+00:00,244.28
3491,2013-03-02 14:00:00+00:00,269.53
3491,2013-03-02 14:30:00+00:00,209.86
3491,2013-03-02 15:00:00+00:00,200.41
3491,2013-03-02 15:30:00+00:00,170.75
3491,2013-03-02 16:00:00+00:00,164.25
3491,2013-03-02 16:30:00+00:00,66.38
3491,2013-03-02 17:00:00+00:00,47.22
3491,2013-03-02 17:30:00+00:00,8.95
3491,2013-03-02 18:00:00+00:00,0.0
3491,2013-03-02 18:30:00+00:00,0.0
3491,2013-03-02 19:00:00+00:00,0.0
3491,2013-03-02 19:30:00+00:00,0.0
3491,2013-03-02 20:00:00+00:00,0.0
3491,2013-03-02 20:30:00+00:00,0.0
3491,2013-03-02 21:00:00+00:00,0.0
3491,2013-03-02 21:30:00+00:00,0.0
3491,2013-03-02 22:00:00+00:00,0.0
3491,2013-03-02 22:30:00+00:00,0.0
3491,2013-03-02 23:00:00+00:00,0.0
3491,2013-03-02 23:30:00+00:00,0.0
3491,2013-03-03 00:00:00+00:00,0.0
3491,2013-03-03 00:30:00+00:00,0.0
3491,2013-03-03 01:00:00+00:00,0.0
3491,2013-03-03 01:30:00+00:00,0.0
3491,2013-03-03 02:00:00+00:00,0.0
3491,2013-03-03 02:30:00+00:00,0.0
3491,2013-03-03 03:00:00+00:00,0.0
3491,2013-03-03 03:30:00+00:00,0.0
3491,2013-03-03 04:00:00+00:00,0.0
3491,2013-03-03 04:30:00+00:00,0.0
3491,2013-03-03 05:00:00+00:00,0.0
3491,2013-03-03 05:30:00+00:00,0.0
3491,2013-03-03 06:00:00+00:00,0.0
3491,2013-03-03 06:30:00+00:00,0.0
3491,2013-03-03 07:00:00+00:00,0.0
3491,2013-03-03 07:30:00+00:00,4.01
3491,2013-03-03 08:00:00+00:00,55.43
3491,2013-03-03 08:30:00+00:00,248.74
3491,2013-03-03 09:00:00+00:00,363.49
3491,2013-03-03 09:30:00+00:00,364.98
3491,2013-03-03 10:00:00+00:00,380.33
3491,2013-03-03 10:30:00+00:00,480.84
3491,2013-03-03 11:00:00+00:00,916.2
3491,2013-03-03 11:30:00+00:00,690.6
3491,2013-03-03 12:00:00+00:00,317.53
3491,2013-03-03 12:30:00+00:00,495.1
3491,2013-03-03 13:00:00+00:00,262.92
3491,2013-03-03 13:30:00+00:00,304.28
3491,2013-03-03 14:00:00+00:00,438.15
3491,2013-03-03 14:30:00+00:00,598.95
3491,2013-03-03 15:00:00+00:00,393.51
3491,2013-03-03 15:30:00+00:00,224.68
3491,2013-03-03 16:00:00+00:00,160.34
3491,2013-03-03 16:30:00+00:00,90.54
3491,2013-03-03 17:00:00+00:00,46.48
3491,2013-03-03 17:30:00+00:00,8.64
3491,2013-03-03 18:00:00+00:00,0.0
3491,2013-03-03 18:30:00+00:00,0.0
3491,2013-03-03 19:00:00+00:00,0.0
3491,2013-03-03 19:30:00+00:00,0.0
3491,2013-03-03 20:00:00+00:00,0.0
3491,2013-03-03 20:30:00+00:00,0.0
3491,2013-03-03 21:00:00+00:00,0.0
3491,2013-03-03 21:30:00+00:00,0.0
3491,2013-03-03 22:00:00+00:00,0.0
3491,2013-03-03 22:30:00+00:00,0.0
3491,2013-03-03 23:00:00+00:00,0.0
3491,2013-03-03 23:30:00+00:00,0.0
3491,2013-03-04 00:00:00+00:00,0.0
3491,2013-03-04 00:30:00+00:00,0.0
3491,2013-03-04 01:00:00+00:00,0.0
3491,2013-03-04 01:30:00+00:00,0.0
3491,2013-03-04 02:00:00+00:00,0.0
3491,2013-03-04 02:30:00+00:00,0.0
3491,2013-03-04 03:00:00+00:00,0.0
3491,2013-03-04 03:30:00+00:00,0.0
3491,2013-03-04 04:00:00+00:00,0.0
3491,2013-03-04 04:30:00+00:00,0.0
3491,2013-03-04 05:00:00+00:00,0.0
3491,2013-03-04 05:30:00+00:00,0.0
3491,2013-03-04 06:00:00+00:00,0.0
3491,2013-03-04 06:30:00+00:00,0.0
3491,2013-03-04 07:00:00+00:00,2.1
3491,2013-03-04 07:30:00+00:00,55.58
3491,2013-03-04 08:00:00+00:00,179.11
3491,2013-03-04 08:30:00+00:00,260.47
3491,2013-03-04 09:00:00+00:00,393.97
3491,2013-03-04 09:30:00+00:00,597.75
3491,2013-03-04 10:00:00+00:00,464.35
3491,2013-03-04 10:30:00+00:00,841.25
3491,2013-03-04 11:00:00+00:00,1036.3
3491,2013-03-04 11:30:00+00:00,643.6
3491,2013-03-04 12:00:00+00:00,1006.3
3491,2013-03-04 12:30:00+00:00,979.4
3491,2013-03-04 13:00:00+00:00,790.55
3491,2013-03-04 13:30:00+00:00,725.6
3491,2013-03-04 14:00:00+00:00,678.15
3491,2013-03-04 14:30:00+00:00,611.5
3491,2013-03-04 15:00:00+00:00,421.06
3491,2013-03-04 15:30:00+00:00,201.8
3491,2013-03-04 16:00:00+00:00,115.78
3491,2013-03-04 16:30:00+00:00,73.23
3491,2013-03-04 17:00:00+00:00,38.2
3491,2013-03-04 17:30:00+00:00,7.11
3491,2013-03-04 18:00:00+00:00,0.0
3491,2013-03-04 18:30:00+00:00,0.0
3491,2013-03-04 19:00:00+00:00,0.0
3491,2013-03-04 19:30:00+00:00,0.0
3491,2013-03-04 20:00:00+00:00,0.0
3491,2013-03-04 20:30:00+00:00,0.0
3491,2013-03-04 21:00:00+00:00,0.0
3491,2013-03-04 21:30:00+00:00,0.0
3491,2013-03-04 22:00:00+00:00,0.0
3491,2013-03-04 22:30:00+00:00,0.0
3491,2013-03-04 23:00:00+00:00,0.0
3491,2013-03-04 23:30:00+00:00,0.0
3491,2013-03-05 00:00:00+00:00,0.0
3491,2013-03-05 00:30:00+00:00,0.0
3491,2013-03-05 01:00:00+00:00,0.0
3491,2013-03-05 01:30:00+00:00,0.0
3491,2013-03-05 02:00:00+00:00,0.0
3491,2013-03-05 02:30:00+00:00,0.0
3491,2013-03-05 03:00:00+00:00,0.0
3491,2013-03-05 03:30:00+00:00,0.0
3491,2013-03-05 04:00:00+00:00,0.0
3491,2013-03-05 04:30:00+00:00,0.0
3491,2013-03-05 05:00:00+00:00,0.0
3491,2013-03-05 05:30:00+00:00,0.0
3491,2013-03-05 06:00:00+00:00,0.0
3491,2013-03-05 06:30:00+00:00,0.0
3491,2013-03-05 07:00:00+00:00,4.38
3491,2013-03-05 07:30:00+00:00,71.31
3491,2013-03-05 08:00:00+00:00,175.39
3491,2013-03-05 08:30:00+00:00,293.85
3491,2013-03-05 09:00:00+00:00,522.5
3491,2013-03-05 09:30:00+00:00,808.95
3491,2013-03-05 10:00:00+00:00,879.2
3491,2013-03-05 10:30:00+00:00,936.0
3491,2013-03-05 11:00:00+00:00,964.1
3491,2013-03-05 11:30:00+00:00,954.95
3491,2013-03-05 12:00:00+00:00,927.4
3491,2013-03-05 12:30:00+00:00,897.15
3491,2013-03-05 13:00:00+00:00,719.3
3491,2013-03-05 13:30:00+00:00,674.55
3491,2013-03-05 14:00:00+00:00,633.65
3491,2013-03-05 14:30:00+00:00,565.75
3491,2013-03-05 15:00:00+00:00,425.82
3491,2013-03-05 15:30:00+00:00,211.34
3491,2013-03-05 16:00:00+00:00,96.56
3491,2013-03-05 16:30:00+00:00,56.22
3491,2013-03-05 17:00:00+00:00,35.62
3491,2013-03-05 17:30:00+00:00,10.54
3491,2013-03-05 18:00:00+00:00,0.0
3491,2013-03-05 18:30:00+00:00,0.0
3491,2013-03-05 19:00:00+00:00,0.0
3491,2013-03-05 19:30:00+00:00,0.0
3491,2013-03-05 20:00:00+00:00,0.0
3491,2013-03-05 20:30:00+00:00,0.0
3491,2013-03-05 21:00:00+00:00,0.0
3491,2013-03-05 21:30:00+00:00,0.0
3491,2013-03-05 22:00:00+00:00,0.0
3491,2013-03-05 22:30:00+00:00,0.0
3491,2013-03-05 23:00:00+00:00,0.0
3491,2013-03-05 23:30:00+00:00,0.0
3491,2013-03-06 00:00:00+00:00,0.0
3491,2013-03-06 00:30:00+00:00,0.0
3491,2013-03-06 01:00:00+00:00,0.0
3491,2013-03-06 01:30:00+00:00,0.0
3491,2013-03-06 02:00:00+00:00,0.0
3491,2013-03-06 02:30:00+00:00,0.0
3491,2013-03-06 03:00:00+00:00,0.0
3491,2013-03-06 03:30:00+00:00,0.0
3491,2013-03-06 04:00:00+00:00,0.0
3491,2013-03-06 04:30:00+00:00,0.0
3491,2013-03-06 05:00:00+00:00,0.0
3491,2013-03-06 05:30:00+00:00,0.0
3491,2013-03-06 06:00:00+00:00,0.0
3491,2013-03-06 06:30:00+00:00,0.0
3491,2013-03-06 07:00:00+00:00,0.0
3491,2013-03-06 07:30:00+00:00,0.0
3491,2013-03-06 08:00:00+00:00,13.17
3491,2013-03-06 08:30:00+00:00,43.21
3491,2013-03-06 09:00:00+00:00,81.68
3491,2013-03-06 09:30:00+00:00,137.65
3491,2013-03-06 10:00:00+00:00,116.74
3491,2013-03-06 10:30:00+00:00,148.72
3491,2013-03-06 11:00:00+00:00,199.48
3491,2013-03-06 11:30:00+00:00,643.1
3491,2013-03-06 12:00:00+00:00,733.25
3491,2013-03-06 12:30:00+00:00,228.07
3491,2013-03-06 13:00:00+00:00,256.46
3491,2013-03-06 13:30:00+00:00,329.19
3491,2013-03-06 14:00:00+00:00,287.97
3491,2013-03-06 14:30:00+00:00,247.43
3491,2013-03-06 15:00:00+00:00,134.05
3491,2013-03-06 15:30:00+00:00,80.7
3491,2013-03-06 16:00:00+00:00,53.35
3491,2013-03-06 16:30:00+00:00,16.61
3491,2013-03-06 17:00:00+00:00,15.11
3491,2013-03-06 17:30:00+00:00,1.13
3491,2013-03-06 18:00:00+00:00,0.0
3491,2013-03-06 18:30:00+00:00,0.0
3491,2013-03-06 19:00:00+00:00,0.0
3491,2013-03-06 19:30:00+00:00,0.0
3491,2013-03-06 20:00:00+00:00,0.0
3491,2013-03-06 20:30:00+00:00,0.0
3491,2013-03-06 21:00:00+00:00,0.0
3491,2013-03-06 21:30:00+00:00,0.0
3491,2013-03-06 22:00:00+00:00,0.0
3491,2013-03-06 22:30:00+00:00,0.0
3491,2013-03-06 23:00:00+00:00,0.0
3491,2013-03-06 23:30:00+00:00,0.0
3491,2013-03-07 00:00:00+00:00,0.0
3491,2013-03-07 00:30:00+00:00,0.0
3491,2013-03-07 01:00:00+00:00,0.0
3491,2013-03-07 01:30:00+00:00,0.0
3491,2013-03-07 02:00:00+00:00,0.0
3491,2013-03-07 02:30:00+00:00,0.0
3491,2013-03-07 03:00:00+00:00,0.0
3491,2013-03-07 03:30:00+00:00,0.0
3491,2013-03-07 04:00:00+00:00,0.0
3491,2013-03-07 04:30:00+00:00,0.0
3491,2013-03-07 05:00:00+00:00,0.0
3491,2013-03-07 05:30:00+00:00,0.0
3491,2013-03-07 06:00:00+00:00,0.0
3491,2013-03-07 06:30:00+00:00,0.0
3491,2013-03-07 07:00:00+00:00,0.0
3491,2013-03-07 07:30:00+00:00,5.97
3491,2013-03-07 08:00:00+00:00,38.18
3491,2013-03-07 08:30:00+00:00,47.63
3491,2013-03-07 09:00:00+00:00,52.23
3491,2013-03-07 09:30:00+00:00,75.96
3491,2013-03-07 10:00:00+00:00,96.31
3491,2013-03-07 10:30:00+00:00,137.86
3491,2013-03-07 11:00:00+00:00,190.99
3491,2013-03-07 11:30:00+00:00,209.6
3491,2013-03-07 12:00:00+00:00,217.9
3491,2013-03-07 12:30:00+00:00,159.56
3491,2013-03-07 13:00:00+00:00,168.75
3491,2013-03-07 13:30:00+00:00,135.47
3491,2013-03-07 14:00:00+00:00,157.6
3491,2013-03-07 14:30:00+00:00,117.08
3491,2013-03-07 15:00:00+00:00,78.28
3491,2013-03-07 15:30:00+00:00,36.61
3491,2013-03-07 16:00:00+00:00,60.02
3491,2013-03-07 16:30:00+00:00,24.49
3491,2013-03-07 17:00:00+00:00,1.21
3491,2013-03-07 17:30:00+00:00,0.0
3491,2013-03-07 18:00:00+00:00,0.0
3491,2013-03-07 18:30:00+00:00,0.0
3491,2013-03-07 19:00:00+00:00,0.0
3491,2013-03-07 19:30:00+00:00,0.0
3491,2013-03-07 20:00:00+00:00,0.0
3491,2013-03-07 20:30:00+00:00,0.0
3491,2013-03-07 21:00:00+00:00,0.0
3491,2013-03-07 21:30:00+00:00,0.0
3491,2013-03-07 22:00:00+00:00,0.0
3491,2013-03-07 22:30:00+00:00,0.0
3491,2013-03-07 23:00:00+00:00,0.0
3491,2013-03-07 23:30:00+00:00,0.0
3491,2013-03-08 00:00:00+00:00,0.0
3491,2013-03-08 00:30:00+00:00,0.0
3491,2013-03-08 01:00:00+00:00,0.0
3491,2013-03-08 01:30:00+00:00,0.0
3491,2013-03-08 02:00:00+00:00,0.0
3491,2013-03-08 02:30:00+00:00,0.0
3491,2013-03-08 03:00:00+00:00,0.0
3491,2013-03-08 03:30:00+00:00,0.0
3491,2013-03-08 04:00:00+00:00,0.0
3491,2013-03-08 04:30:00+00:00,0.0
3491,2013-03-08 05:00:00+00:00,0.0
3491,2013-03-08 05:30:00+00:00,0.0
3491,2013-03-08 06:00:00+00:00,0.0
3491,2013-03-08 06:30:00+00:00,0.0
3491,2013-03-08 07:00:00+00:00,0.0
3491,2013-03-08 07:30:00+00:00,0.0
3491,2013-03-08 08:00:00+00:00,1.62
3491,2013-03-08 08:30:00+00:00,22.07
3491,2013-03-08 09:00:00+00:00,23.44
3491,2013-03-08 09:30:00+00:00,39.29
3491,2013-03-08 10:00:00+00:00,46.51
3491,2013-03-08 10:30:00+00:00,47.71
3491,2013-03-08 11:00:00+00:00,48.83
3491,2013-03-08 11:30:00+00:00,39.45
3491,2013-03-08 12:00:00+00:00,54.8
3491,2013-03-08 12:30:00+00:00,70.53
3491,2013-03-08 13:00:00+00:00,70.21
3491,2013-03-08 13:30:00+00:00,27.54
3491,2013-03-08 14:00:00+00:00,11.58
3491,2013-03-08 14:30:00+00:00,4.5
3491,2013-03-08 15:00:00+00:00,3.84
3491,2013-03-08 15:30:00+00:00,10.46
3491,2013-03-08 16:00:00+00:00,0.91
3491,2013-03-08 16:30:00+00:00,0.0
3491,2013-03-08 17:00:00+00:00,0.0
3491,2013-03-08 17:30:00+00:00,0.0
3491,2013-03-08 18:00:00+00:00,0.0
3491,2013-03-08 18:30:00+00:00,0.0
3491,2013-03-08 19:00:00+00:00,0.0
3491,2013-03-08 19:30:00+00:00,0.0
3491,2013-03-08 20:00:00+00:00,0.0
3491,2013-03-08 20:30:00+00:00,0.0
3491,2013-03-08 21:00:00+00:00,0.0
3491,2013-03-08 21:30:00+00:00,0.0
3491,2013-03-08 22:00:00+00:00,0.0
3491,2013-03-08 22:30:00+00:00,0.0
3491,2013-03-08 23:00:00+00:00,0.0
3491,2013-03-08 23:30:00+00:00,0.0
3491,2013-03-09 00:00:00+00:00,0.0
3491,2013-03-09 00:30:00+00:00,0.0
3491,2013-03-09 01:00:00+00:00,0.0
3491,2013-03-09 01:30:00+00:00,0.0
3491,2013-03-09 02:00:00+00:00,0.0
3491,2013-03-09 02:30:00+00:00,0.0
3491,2013-03-09 03:00:00+00:00,0.0
3491,2013-03-09 03:30:00+00:00,0.0
3491,2013-03-09 04:00:00+00:00,0.0
3491,2013-03-09 04:30:00+00:00,0.0
3491,2013-03-09 05:00:00+00:00,0.0
3491,2013-03-09 05:30:00+00:00,0.0
3491,2013-03-09 06:00:00+00:00,0.0
3491,2013-03-09 06:30:00+00:00,0.0
3491,2013-03-09 07:00:00+00:00,0.0
3491,2013-03-09 07:30:00+00:00,0.0
3491,2013-03-09 08:00:00+00:00,3.42
3491,2013-03-09 08:30:00+00:00,28.52
3491,2013-03-09 09:00:00+00:00,34.0
3491,2013-03-09 09:30:00+00:00,59.54
3491,2013-03-09 10:00:00+00:00,82.73
3491,2013-03-09 10:30:00+00:00,87.12
3491,2013-03-09 11:00:00+00:00,97.81
3491,2013-03-09 11:30:00+00:00,117.3
3491,2013-03-09 12:00:00+00:00,141.01
3491,2013-03-09 12:30:00+00:00,134.56
3491,2013-03-09 13:00:00+00:00,155.08
3491,2013-03-09 13:30:00+00:00,154.5
3491,2013-03-09 14:00:00+00:00,119.19
3491,2013-03-09 14:30:00+00:00,105.15
3491,2013-03-09 15:00:00+00:00,119.57
3491,2013-03-09 15:30:00+00:00,74.04
3491,2013-03-09 16:00:00+00:00,45.29
3491,2013-03-09 16:30:00+00:00,20.73
3491,2013-03-09 17:00:00+00:00,8.03
3491,2013-03-09 17:30:00+00:00,2.62
3491,2013-03-09 18:00:00+00:00,0.0
3491,2013-03-09 18:30:00+00:00,0.0
3491,2013-03-09 19:00:00+00:00,0.0
3491,2013-03-09 19:30:00+00:00,0.0
3491,2013-03-09 20:00:00+00:00,0.0
3491,2013-03-09 20:30:00+00:00,0.0
3491,2013-03-09 21:00:00+00:00,0.0
3491,2013-03-09 21:30:00+00:00,0.0
3491,2013-03-09 22:00:00+00:00,0.0
3491,2013-03-09 22:30:00+00:00,0.0
3491,2013-03-09 23:00:00+00:00,0.0
3491,2013-03-09 23:30:00+00:00,0.0
3491,2013-03-10 00:00:00+00:00,0.0
3491,2013-03-10 00:30:00+00:00,0.0
3491,2013-03-10 01:00:00+00:00,0.0
3491,2013-03-10 01:30:00+00:00,0.0
3491,2013-03-10 02:00:00+00:00,0.0
3491,2013-03-10 02:30:00+00:00,0.0
3491,2013-03-10 03:00:00+00:00,0.0
3491,2013-03-10 03:30:00+00:00,0.0
3491,2013-03-10 04:00:00+00:00,0.0
3491,2013-03-10 04:30:00+00:00,0.0
3491,2013-03-10 05:00:00+00:00,0.0
3491,2013-03-10 05:30:00+00:00,0.0
3491,2013-03-10 06:00:00+00:00,0.0
3491,2013-03-10 06:30:00+00:00,0.0
3491,2013-03-10 07:00:00+00:00,0.0
3491,2013-03-10 07:30:00+00:00,0.0
3491,2013-03-10 08:00:00+00:00,18.11
3491,2013-03-10 08:30:00+00:00,25.47
3491,2013-03-10 09:00:00+00:00,28.86
3491,2013-03-10 09:30:00+00:00,44.4
3491,2013-03-10 10:00:00+00:00,95.07
3491,2013-03-10 10:30:00+00:00,163.72
3491,2013-03-10 11:00:00+00:00,136.81
3491,2013-03-10 11:30:00+00:00,91.44
3491,2013-03-10 12:00:00+00:00,93.94
3491,2013-03-10 12:30:00+00:00,57.87
3491,2013-03-10 13:00:00+00:00,52.07
3491,2013-03-10 13:30:00+00:00,59.02
3491,2013-03-10 14:00:00+00:00,31.79
3491,2013-03-10 14:30:00+00:00,28.51
3491,2013-03-10 15:00:00+00:00,38.43
3491,2013-03-10 15:30:00+00:00,18.68
3491,2013-03-10 16:00:00+00:00,7.96
3491,2013-03-10 16:30:00+00:00,6.26
3491,2013-03-10 17:00:00+00:00,0.0
3491,2013-03-10 17:30:00+00:00,0.0
3491,2013-03-10 18:00:00+00:00,0.0
3491,2013-03-10 18:30:00+00:00,0.0
3491,2013-03-10 19:00:00+00:00,0.0
3491,2013-03-10 19:30:00+00:00,0.0
3491,2013-03-10 20:00:00+00:00,0.0
3491,2013-03-10 20:30:00+00:00,0.0
3491,2013-03-10 21:00:00+00:00,0.0
3491,2013-03-10 21:30:00+00:00,0.0
3491,2013-03-10 22:00:00+00:00,0.0
3491,2013-03-10 22:30:00+00:00,0.0
3491,2013-03-10 23:00:00+00:00,0.0
3491,2013-03-10 23:30:00+00:00,0.0
3491,2013-03-11 00:00:00+00:00,0.0
3491,2013-03-11 00:30:00+00:00,0.0
3491,2013-03-11 01:00:00+00:00,0.0
3491,2013-03-11 01:30:00+00:00,0.0
3491,2013-03-11 02:00:00+00:00,0.0
3491,2013-03-11 02:30:00+00:00,0.0
3491,2013-03-11 03:00:00+00:00,0.0
3491,2013-03-11 03:30:00+00:00,0.0
3491,2013-03-11 04:00:00+00:00,0.0
3491,2013-03-11 04:30:00+00:00,0.0
3491,2013-03-11 05:00:00+00:00,0.0
3491,2013-03-11 05:30:00+00:00,0.0
3491,2013-03-11 06:00:00+00:00,0.0
3491,2013-03-11 06:30:00+00:00,0.0
3491,2013-03-11 07:00:00+00:00,0.0
3491,2013-03-11 07:30:00+00:00,9.07
3491,2013-03-11 08:00:00+00:00,45.43
3491,2013-03-11 08:30:00+00:00,30.15
3491,2013-03-11 09:00:00+00:00,47.36
3491,2013-03-11 09:30:00+00:00,103.45
3491,2013-03-11 10:00:00+00:00,166.99
3491,2013-03-11 10:30:00+00:00,312.72
3491,2013-03-11 11:00:00+00:00,136.76
3491,2013-03-11 11:30:00+00:00,87.15
3491,2013-03-11 12:00:00+00:00,116.1
3491,2013-03-11 12:30:00+00:00,80.86
3491,2013-03-11 13:00:00+00:00,90.66
3491,2013-03-11 13:30:00+00:00,91.09
3491,2013-03-11 14:00:00+00:00,99.96
3491,2013-03-11 14:30:00+00:00,98.84
3491,2013-03-11 15:00:00+00:00,88.71
3491,2013-03-11 15:30:00+00:00,49.2
3491,2013-03-11 16:00:00+00:00,39.37
3491,2013-03-11 16:30:00+00:00,14.34
3491,2013-03-11 17:00:00+00:00,4.95
3491,2013-03-11 17:30:00+00:00,0.0
3491,2013-03-11 18:00:00+00:00,0.0
3491,2013-03-11 18:30:00+00:00,0.0
3491,2013-03-11 19:00:00+00:00,0.0
3491,2013-03-11 19:30:00+00:00,0.0
3491,2013-03-11 20:00:00+00:00,0.0
3491,2013-03-11 20:30:00+00:00,0.0
3491,2013-03-11 21:00:00+00:00,0.0
3491,2013-03-11 21:30:00+00:00,0.0
3491,2013-03-11 22:00:00+00:00,0.0
3491,2013-03-11 22:30:00+00:00,0.0
3491,2013-03-11 23:00:00+00:00,0.0
3491,2013-03-11 23:30:00+00:00,0.0
3491,2013-03-12 00:00:00+00:00,0.0
3491,2013-03-12 00:30:00+00:00,0.0
3491,2013-03-12 01:00:00+00:00,0.0
3491,2013-03-12 01:30:00+00:00,0.0
3491,2013-03-12 02:00:00+00:00,0.0
3491,2013-03-12 02:30:00+00:00,0.0
3491,2013-03-12 03:00:00+00:00,0.0
3491,2013-03-12 03:30:00+00:00,0.0
3491,2013-03-12 04:00:00+00:00,0.0
3491,2013-03-12 04:30:00+00:00,0.0
3491,2013-03-12 05:00:00+00:00,0.0
3491,2013-03-12 05:30:00+00:00,0.0
3491,2013-03-12 06:00:00+00:00,0.0
3491,2013-03-12 06:30:00+00:00,0.0
3491,2013-03-12 07:00:00+00:00,0.0
3491,2013-03-12 07:30:00+00:00,4.31
3491,2013-03-12 08:00:00+00:00,34.2
3491,2013-03-12 08:30:00+00:00,80.22
3491,2013-03-12 09:00:00+00:00,129.19
3491,2013-03-12 09:30:00+00:00,168.65
3491,2013-03-12 10:00:00+00:00,243.94
3491,2013-03-12 10:30:00+00:00,424.74
3491,2013-03-12 11:00:00+00:00,712.55
3491,2013-03-12 11:30:00+00:00,940.6
3491,2013-03-12 12:00:00+00:00,1031.4
3491,2013-03-12 12:30:00+00:00,1120.65
3491,2013-03-12 13:00:00+00:00,735.05
3491,2013-03-12 13:30:00+00:00,765.75
3491,2013-03-12 14:00:00+00:00,669.35
3491,2013-03-12 14:30:00+00:00,491.31
3491,2013-03-12 15:00:00+00:00,431.66
3491,2013-03-12 15:30:00+00:00,303.89
3491,2013-03-12 16:00:00+00:00,135.1
3491,2013-03-12 16:30:00+00:00,75.1
3491,2013-03-12 17:00:00+00:00,50.29
3491,2013-03-12 17:30:00+00:00,26.86
3491,2013-03-12 18:00:00+00:00,1.08
3491,2013-03-12 18:30:00+00:00,0.0
3491,2013-03-12 19:00:00+00:00,0.0
3491,2013-03-12 19:30:00+00:00,0.0
3491,2013-03-12 20:00:00+00:00,0.0
3491,2013-03-12 20:30:00+00:00,0.0
3491,2013-03-12 21:00:00+00:00,0.0
3491,2013-03-12 21:30:00+00:00,0.0
3491,2013-03-12 22:00:00+00:00,0.0
3491,2013-03-12 22:30:00+00:00,0.0
3491,2013-03-12 23:00:00+00:00,0.0
3491,2013-03-12 23:30:00+00:00,0.0
3491,2013-03-13 00:00:00+00:00,0.0
3491,2013-03-13 00:30:00+00:00,0.0
3491,2013-03-13 01:00:00+00:00,0.0
3491,2013-03-13 01:30:00+00:00,0.0
3491,2013-03-13 02:00:00+00:00,0.0
3491,2013-03-13 02:30:00+00:00,0.0
3491,2013-03-13 03:00:00+00:00,0.0
3491,2013-03-13 03:30:00+00:00,0.0
3491,2013-03-13 04:00:00+00:00,0.0
3491,2013-03-13 04:30:00+00:00,0.0
3491,2013-03-13 05:00:00+00:00,0.0
3491,2013-03-13 05:30:00+00:00,0.0
3491,2013-03-13 06:00:00+00:00,0.0
3491,2013-03-13 06:30:00+00:00,0.0
3491,2013-03-13 07:00:00+00:00,22.45
3491,2013-03-13 07:30:00+00:00,129.33
3491,2013-03-13 08:00:00+00:00,298.59
3491,2013-03-13 08:30:00+00:00,354.64
3491,2013-03-13 09:00:00+00:00,587.5
3491,2013-03-13 09:30:00+00:00,661.55
3491,2013-03-13 10:00:00+00:00,409.76
3491,2013-03-13 10:30:00+00:00,351.1
3491,2013-03-13 11:00:00+00:00,726.35
3491,2013-03-13 11:30:00+00:00,375.45
3491,2013-03-13 12:00:00+00:00,429.52
3491,2013-03-13 12:30:00+00:00,274.11
3491,2013-03-13 13:00:00+00:00,638.5
3491,2013-03-13 13:30:00+00:00,517.85
3491,2013-03-13 14:00:00+00:00,362.06
3491,2013-03-13 14:30:00+00:00,273.26
3491,2013-03-13 15:00:00+00:00,436.64
3491,2013-03-13 15:30:00+00:00,349.04
3491,2013-03-13 16:00:00+00:00,75.97
3491,2013-03-13 16:30:00+00:00,58.81
3491,2013-03-13 17:00:00+00:00,62.94
3491,2013-03-13 17:30:00+00:00,33.47
3491,2013-03-13 18:00:00+00:00,0.38
3491,2013-03-13 18:30:00+00:00,0.0
3491,2013-03-13 19:00:00+00:00,0.0
3491,2013-03-13 19:30:00+00:00,0.0
3491,2013-03-13 20:00:00+00:00,0.0
3491,2013-03-13 20:30:00+00:00,0.0
3491,2013-03-13 21:00:00+00:00,0.0
3491,2013-03-13 21:30:00+00:00,0.0
3491,2013-03-13 22:00:00+00:00,0.0
3491,2013-03-13 22:30:00+00:00,0.0
3491,2013-03-13 23:00:00+00:00,0.0
3491,2013-03-13 23:30:00+00:00,0.0
3491,2013-03-14 00:00:00+00:00,0.0
3491,2013-03-14 00:30:00+00:00,0.0
3491,2013-03-14 01:00:00+00:00,0.0
3491,2013-03-14 01:30:00+00:00,0.0
3491,2013-03-14 02:00:00+00:00,0.0
3491,2013-03-14 02:30:00+00:00,0.0
3491,2013-03-14 03:00:00+00:00,0.0
3491,2013-03-14 03:30:00+00:00,0.0
3491,2013-03-14 04:00:00+00:00,0.0
3491,2013-03-14 04:30:00+00:00,0.0
3491,2013-03-14 05:00:00+00:00,0.0
3491,2013-03-14 05:30:00+00:00,0.0
3491,2013-03-14 06:00:00+00:00,0.0
3491,2013-03-14 06:30:00+00:00,0.0
3491,2013-03-14 07:00:00+00:00,36.76
3491,2013-03-14 07:30:00+00:00,132.9
3491,2013-03-14 08:00:00+00:00,246.38
3491,2013-03-14 08:30:00+00:00,381.75
3491,2013-03-14 09:00:00+00:00,619.1
3491,2013-03-14 09:30:00+00:00,991.35
3491,2013-03-14 10:00:00+00:00,1045.45
3491,2013-03-14 10:30:00+00:00,1052.35
3491,2013-03-14 11:00:00+00:00,1058.7
3491,2013-03-14 11:30:00+00:00,995.85
3491,2013-03-14 12:00:00+00:00,1063.0
3491,2013-03-14 12:30:00+00:00,656.0
3491,2013-03-14 13:00:00+00:00,606.15
3491,2013-03-14 13:30:00+00:00,808.4
3491,2013-03-14 14:00:00+00:00,516.05
3491,2013-03-14 14:30:00+00:00,440.33
3491,2013-03-14 15:00:00+00:00,559.6
3491,2013-03-14 15:30:00+00:00,342.04
3491,2013-03-14 16:00:00+00:00,161.97
3491,2013-03-14 16:30:00+00:00,89.05
3491,2013-03-14 17:00:00+00:00,32.96
3491,2013-03-14 17:30:00+00:00,7.09
3491,2013-03-14 18:00:00+00:00,0.0
3491,2013-03-14 18:30:00+00:00,0.0
3491,2013-03-14 19:00:00+00:00,0.0
3491,2013-03-14 19:30:00+00:00,0.0
3491,2013-03-14 20:00:00+00:00,0.0
3491,2013-03-14 20:30:00+00:00,0.0
3491,2013-03-14 21:00:00+00:00,0.0
3491,2013-03-14 21:30:00+00:00,0.0
3491,2013-03-14 22:00:00+00:00,0.0
3491,2013-03-14 22:30:00+00:00,0.0
3491,2013-03-14 23:00:00+00:00,0.0
3491,2013-03-14 23:30:00+00:00,0.0
3491,2013-03-15 00:00:00+00:00,0.0
3491,2013-03-15 00:30:00+00:00,0.0
3491,2013-03-15 01:00:00+00:00,0.0
3491,2013-03-15 01:30:00+00:00,0.0
3491,2013-03-15 02:00:00+00:00,0.0
3491,2013-03-15 02:30:00+00:00,0.0
3491,2013-03-15 03:00:00+00:00,0.0
3491,2013-03-15 03:30:00+00:00,0.0
3491,2013-03-15 04:00:00+00:00,0.0
3491,2013-03-15 04:30:00+00:00,0.0
3491,2013-03-15 05:00:00+00:00,0.0
3491,2013-03-15 05:30:00+00:00,0.0
3491,2013-03-15 06:00:00+00:00,0.0
3491,2013-03-15 06:30:00+00:00,0.0
3491,2013-03-15 07:00:00+00:00,7.62
3491,2013-03-15 07:30:00+00:00,21.67
3491,2013-03-15 08:00:00+00:00,78.2
3491,2013-03-15 08:30:00+00:00,118.89
3491,2013-03-15 09:00:00+00:00,203.88
3491,2013-03-15 09:30:00+00:00,272.36
3491,2013-03-15 10:00:00+00:00,415.59
3491,2013-03-15 10:30:00+00:00,402.63
3491,2013-03-15 11:00:00+00:00,229.96
3491,2013-03-15 11:30:00+00:00,236.84
3491,2013-03-15 12:00:00+00:00,362.12
3491,2013-03-15 12:30:00+00:00,519.45
3491,2013-03-15 13:00:00+00:00,320.74
3491,2013-03-15 13:30:00+00:00,271.3
3491,2013-03-15 14:00:00+00:00,353.89
3491,2013-03-15 14:30:00+00:00,290.42
3491,2013-03-15 15:00:00+00:00,163.39
3491,2013-03-15 15:30:00+00:00,127.36
3491,2013-03-15 16:00:00+00:00,113.55
3491,2013-03-15 16:30:00+00:00,68.75
3491,2013-03-15 17:00:00+00:00,27.39
3491,2013-03-15 17:30:00+00:00,6.56
3491,2013-03-15 18:00:00+00:00,0.0
3491,2013-03-15 18:30:00+00:00,0.0
3491,2013-03-15 19:00:00+00:00,0.0
3491,2013-03-15 19:30:00+00:00,0.0
3491,2013-03-15 20:00:00+00:00,0.0
3491,2013-03-15 20:30:00+00:00,0.0
3491,2013-03-15 21:00:00+00:00,0.0
3491,2013-03-15 21:30:00+00:00,0.0
3491,2013-03-15 22:00:00+00:00,0.0
3491,2013-03-15 22:30:00+00:00,0.0
3491,2013-03-15 23:00:00+00:00,0.0
3491,2013-03-15 23:30:00+00:00,0.0
3491,2013-03-16 00:00:00+00:00,0.0
3491,2013-03-16 00:30:00+00:00,0.0
3491,2013-03-16 01:00:00+00:00,0.0
3491,2013-03-16 01:30:00+00:00,0.0
3491,2013-03-16 02:00:00+00:00,0.0
3491,2013-03-16 02:30:00+00:00,0.0
3491,2013-03-16 03:00:00+00:00,0.0
3491,2013-03-16 03:30:00+00:00,0.0
3491,2013-03-16 04:00:00+00:00,0.0
3491,2013-03-16 04:30:00+00:00,0.0
3491,2013-03-16 05:00:00+00:00,0.0
3491,2013-03-16 05:30:00+00:00,0.0
3491,2013-03-16 06:00:00+00:00,0.0
3491,2013-03-16 06:30:00+00:00,0.0
3491,2013-03-16 07:00:00+00:00,2.23
3491,2013-03-16 07:30:00+00:00,45.53
3491,2013-03-16 08:00:00+00:00,79.01
3491,2013-03-16 08:30:00+00:00,95.79
3491,2013-03-16 09:00:00+00:00,166.19
3491,2013-03-16 09:30:00+00:00,150.74
3491,2013-03-16 10:00:00+00:00,200.74
3491,2013-03-16 10:30:00+00:00,117.83
3491,2013-03-16 11:00:00+00:00,104.57
3491,2013-03-16 11:30:00+00:00,161.94
3491,2013-03-16 12:00:00+00:00,184.1
3491,2013-03-16 12:30:00+00:00,78.95
3491,2013-03-16 13:00:00+00:00,75.97
3491,2013-03-16 13:30:00+00:00,108.78
3491,2013-03-16 14:00:00+00:00,113.51
3491,2013-03-16 14:30:00+00:00,74.27
3491,2013-03-16 15:00:00+00:00,31.85
3491,2013-03-16 15:30:00+00:00,61.34
3491,2013-03-16 16:00:00+00:00,113.4
3491,2013-03-16 16:30:00+00:00,147.47
3491,2013-03-16 17:00:00+00:00,72.36
3491,2013-03-16 17:30:00+00:00,24.76
3491,2013-03-16 18:00:00+00:00,0.57
3491,2013-03-16 18:30:00+00:00,0.0
3491,2013-03-16 19:00:00+00:00,0.0
3491,2013-03-16 19:30:00+00:00,0.0
3491,2013-03-16 20:00:00+00:00,0.0
3491,2013-03-16 20:30:00+00:00,0.0
3491,2013-03-16 21:00:00+00:00,0.0
3491,2013-03-16 21:30:00+00:00,0.0
3491,2013-03-16 22:00:00+00:00,0.0
3491,2013-03-16 22:30:00+00:00,0.0
3491,2013-03-16 23:00:00+00:00,0.0
3491,2013-03-16 23:30:00+00:00,0.0
3491,2013-03-17 00:00:00+00:00,0.0
3491,2013-03-17 00:30:00+00:00,0.0
3491,2013-03-17 01:00:00+00:00,0.0
3491,2013-03-17 01:30:00+00:00,0.0
3491,2013-03-17 02:00:00+00:00,0.0
3491,2013-03-17 02:30:00+00:00,0.0
3491,2013-03-17 03:00:00+00:00,0.0
3491,2013-03-17 03:30:00+00:00,0.0
3491,2013-03-17 04:00:00+00:00,0.0
3491,2013-03-17 04:30:00+00:00,0.0
3491,2013-03-17 05:00:00+00:00,0.0
3491,2013-03-17 05:30:00+00:00,0.0
3491,2013-03-17 06:00:00+00:00,0.0
3491,2013-03-17 06:30:00+00:00,0.0
3491,2013-03-17 07:00:00+00:00,11.53
3491,2013-03-17 07:30:00+00:00,93.03
3491,2013-03-17 08:00:00+00:00,89.72
3491,2013-03-17 08:30:00+00:00,74.95
3491,2013-03-17 09:00:00+00:00,165.11
3491,2013-03-17 09:30:00+00:00,301.7
3491,2013-03-17 10:00:00+00:00,368.19
3491,2013-03-17 10:30:00+00:00,310.02
3491,2013-03-17 11:00:00+00:00,180.71
3491,2013-03-17 11:30:00+00:00,309.83
3491,2013-03-17 12:00:00+00:00,290.15
3491,2013-03-17 12:30:00+00:00,136.56
3491,2013-03-17 13:00:00+00:00,131.78
3491,2013-03-17 13:30:00+00:00,82.3
3491,2013-03-17 14:00:00+00:00,268.06
3491,2013-03-17 14:30:00+00:00,520.75
3491,2013-03-17 15:00:00+00:00,405.71
3491,2013-03-17 15:30:00+00:00,142.64
3491,2013-03-17 16:00:00+00:00,31.26
3491,2013-03-17 16:30:00+00:00,39.69
3491,2013-03-17 17:00:00+00:00,17.33
3491,2013-03-17 17:30:00+00:00,0.55
3491,2013-03-17 18:00:00+00:00,0.0
3491,2013-03-17 18:30:00+00:00,0.0
3491,2013-03-17 19:00:00+00:00,0.0
3491,2013-03-17 19:30:00+00:00,0.0
3491,2013-03-17 20:00:00+00:00,0.0
3491,2013-03-17 20:30:00+00:00,0.0
3491,2013-03-17 21:00:00+00:00,0.0
3491,2013-03-17 21:30:00+00:00,0.0
3491,2013-03-17 22:00:00+00:00,0.0
3491,2013-03-17 22:30:00+00:00,0.0
3491,2013-03-17 23:00:00+00:00,0.0
3491,2013-03-17 23:30:00+00:00,0.0
3491,2013-03-18 00:00:00+00:00,0.0
3491,2013-03-18 00:30:00+00:00,0.0
3491,2013-03-18 01:00:00+00:00,0.0
3491,2013-03-18 01:30:00+00:00,0.0
3491,2013-03-18 02:00:00+00:00,0.0
3491,2013-03-18 02:30:00+00:00,0.0
3491,2013-03-18 03:00:00+00:00,0.0
3491,2013-03-18 03:30:00+00:00,0.0
3491,2013-03-18 04:00:00+00:00,0.0
3491,2013-03-18 04:30:00+00:00,0.0
3491,2013-03-18 05:00:00+00:00,0.0
3491,2013-03-18 05:30:00+00:00,0.0
3491,2013-03-18 06:00:00+00:00,0.0
3491,2013-03-18 06:30:00+00:00,0.0
3491,2013-03-18 07:00:00+00:00,33.96
3491,2013-03-18 07:30:00+00:00,171.71
3491,2013-03-18 08:00:00+00:00,294.81
3491,2013-03-18 08:30:00+00:00,303.81
3491,2013-03-18 09:00:00+00:00,189.67
3491,2013-03-18 09:30:00+00:00,269.03
3491,2013-03-18 10:00:00+00:00,276.25
3491,2013-03-18 10:30:00+00:00,574.2
3491,2013-03-18 11:00:00+00:00,229.79
3491,2013-03-18 11:30:00+00:00,164.0
3491,2013-03-18 12:00:00+00:00,177.75
3491,2013-03-18 12:30:00+00:00,186.05
3491,2013-03-18 13:00:00+00:00,258.1
3491,2013-03-18 13:30:00+00:00,218.99
3491,2013-03-18 14:00:00+00:00,107.14
3491,2013-03-18 14:30:00+00:00,161.21
3491,2013-03-18 15:00:00+00:00,189.32
3491,2013-03-18 15:30:00+00:00,112.94
3491,2013-03-18 16:00:00+00:00,49.39
3491,2013-03-18 16:30:00+00:00,15.74
3491,2013-03-18 17:00:00+00:00,13.45
3491,2013-03-18 17:30:00+00:00,4.75
3491,2013-03-18 18:00:00+00:00,0.0
3491,2013-03-18 18:30:00+00:00,0.0
3491,2013-03-18 19:00:00+00:00,0.0
3491,2013-03-18 19:30:00+00:00,0.0
3491,2013-03-18 20:00:00+00:00,0.0
3491,2013-03-18 20:30:00+00:00,0.0
3491,2013-03-18 21:00:00+00:00,0.0
3491,2013-03-18 21:30:00+00:00,0.0
3491,2013-03-18 22:00:00+00:00,0.0
3491,2013-03-18 22:30:00+00:00,0.0
3491,2013-03-18 23:00:00+00:00,0.0
3491,2013-03-18 23:30:00+00:00,0.0
3491,2013-03-19 00:00:00+00:00,0.0
3491,2013-03-19 00:30:00+00:00,0.0
3491,2013-03-19 01:00:00+00:00,0.0
3491,2013-03-19 01:30:00+00:00,0.0
3491,2013-03-19 02:00:00+00:00,0.0
3491,2013-03-19 02:30:00+00:00,0.0
3491,2013-03-19 03:00:00+00:00,0.0
3491,2013-03-19 03:30:00+00:00,0.0
3491,2013-03-19 04:00:00+00:00,0.0
3491,2013-03-19 04:30:00+00:00,0.0
3491,2013-03-19 05:00:00+00:00,0.0
3491,2013-03-19 05:30:00+00:00,0.0
3491,2013-03-19 06:00:00+00:00,0.0
3491,2013-03-19 06:30:00+00:00,0.0
3491,2013-03-19 07:00:00+00:00,19.95
3491,2013-03-19 07:30:00+00:00,31.86
3491,2013-03-19 08:00:00+00:00,55.18
3491,2013-03-19 08:30:00+00:00,49.48
3491,2013-03-19 09:00:00+00:00,68.6
3491,2013-03-19 09:30:00+00:00,83.78
3491,2013-03-19 10:00:00+00:00,126.3
3491,2013-03-19 10:30:00+00:00,333.64
3491,2013-03-19 11:00:00+00:00,175.77
3491,2013-03-19 11:30:00+00:00,53.0
3491,2013-03-19 12:00:00+00:00,106.55
3491,2013-03-19 12:30:00+00:00,128.15
3491,2013-03-19 13:00:00+00:00,73.84
3491,2013-03-19 13:30:00+00:00,98.28
3491,2013-03-19 14:00:00+00:00,192.17
3491,2013-03-19 14:30:00+00:00,274.0
3491,2013-03-19 15:00:00+00:00,215.9
3491,2013-03-19 15:30:00+00:00,192.87
3491,2013-03-19 16:00:00+00:00,179.47
3491,2013-03-19 16:30:00+00:00,98.27
3491,2013-03-19 17:00:00+00:00,34.14
3491,2013-03-19 17:30:00+00:00,30.59
3491,2013-03-19 18:00:00+00:00,3.16
3491,2013-03-19 18:30:00+00:00,0.0
3491,2013-03-19 19:00:00+00:00,0.0
3491,2013-03-19 19:30:00+00:00,0.0
3491,2013-03-19 20:00:00+00:00,0.0
3491,2013-03-19 20:30:00+00:00,0.0
3491,2013-03-19 21:00:00+00:00,0.0
3491,2013-03-19 21:30:00+00:00,0.0
3491,2013-03-19 22:00:00+00:00,0.0
3491,2013-03-19 22:30:00+00:00,0.0
3491,2013-03-19 23:00:00+00:00,0.0
3491,2013-03-19 23:30:00+00:00,0.0
3491,2013-03-20 00:00:00+00:00,0.0
3491,2013-03-20 00:30:00+00:00,0.0
3491,2013-03-20 01:00:00+00:00,0.0
3491,2013-03-20 01:30:00+00:00,0.0
3491,2013-03-20 02:00:00+00:00,0.0
3491,2013-03-20 02:30:00+00:00,0.0
3491,2013-03-20 03:00:00+00:00,0.0
3491,2013-03-20 03:30:00+00:00,0.0
3491,2013-03-20 04:00:00+00:00,0.0
3491,2013-03-20 04:30:00+00:00,0.0
3491,2013-03-20 05:00:00+00:00,0.0
3491,2013-03-20 05:30:00+00:00,0.0
3491,2013-03-20 06:00:00+00:00,0.0
3491,2013-03-20 06:30:00+00:00,0.0
3491,2013-03-20 07:00:00+00:00,8.09
3491,2013-03-20 07:30:00+00:00,79.72
3491,2013-03-20 08:00:00+00:00,75.07
3491,2013-03-20 08:30:00+00:00,43.68
3491,2013-03-20 09:00:00+00:00,63.94
3491,2013-03-20 09:30:00+00:00,246.99
3491,2013-03-20 10:00:00+00:00,419.34
3491,2013-03-20 10:30:00+00:00,459.1
3491,2013-03-20 11:00:00+00:00,295.56
3491,2013-03-20 11:30:00+00:00,47.91
3491,2013-03-20 12:00:00+00:00,18.49
3491,2013-03-20 12:30:00+00:00,34.81
3491,2013-03-20 13:00:00+00:00,28.39
3491,2013-03-20 13:30:00+00:00,17.27
3491,2013-03-20 14:00:00+00:00,62.96
3491,2013-03-20 14:30:00+00:00,93.94
3491,2013-03-20 15:00:00+00:00,32.05
3491,2013-03-20 15:30:00+00:00,15.63
3491,2013-03-20 16:00:00+00:00,0.0
3491,2013-03-20 16:30:00+00:00,0.0
3491,2013-03-20 17:00:00+00:00,0.0
3491,2013-03-20 17:30:00+00:00,0.0
3491,2013-03-20 18:00:00+00:00,0.0
3491,2013-03-20 18:30:00+00:00,0.0
3491,2013-03-20 19:00:00+00:00,0.0
3491,2013-03-20 19:30:00+00:00,0.0
3491,2013-03-20 20:00:00+00:00,0.0
3491,2013-03-20 20:30:00+00:00,0.0
3491,2013-03-20 21:00:00+00:00,0.0
3491,2013-03-20 21:30:00+00:00,0.0
3491,2013-03-20 22:00:00+00:00,0.0
3491,2013-03-20 22:30:00+00:00,0.0
3491,2013-03-20 23:00:00+00:00,0.0
3491,2013-03-20 23:30:00+00:00,0.0
3491,2013-03-21 00:00:00+00:00,0.0
3491,2013-03-21 00:30:00+00:00,0.0
3491,2013-03-21 01:00:00+00:00,0.0
3491,2013-03-21 01:30:00+00:00,0.0
3491,2013-03-21 02:00:00+00:00,0.0
3491,2013-03-21 02:30:00+00:00,0.0
3491,2013-03-21 03:00:00+00:00,0.0
3491,2013-03-21 03:30:00+00:00,0.0
3491,2013-03-21 04:00:00+00:00,0.0
3491,2013-03-21 04:30:00+00:00,0.0
3491,2013-03-21 05:00:00+00:00,0.0
3491,2013-03-21 05:30:00+00:00,0.0
3491,2013-03-21 06:00:00+00:00,0.0
3491,2013-03-21 06:30:00+00:00,3.2
3491,2013-03-21 07:00:00+00:00,81.55
3491,2013-03-21 07:30:00+00:00,221.48
3491,2013-03-21 08:00:00+00:00,211.04
3491,2013-03-21 08:30:00+00:00,277.97
3491,2013-03-21 09:00:00+00:00,627.95
3491,2013-03-21 09:30:00+00:00,674.7
3491,2013-03-21 10:00:00+00:00,610.4
3491,2013-03-21 10:30:00+00:00,598.3
3491,2013-03-21 11:00:00+00:00,474.97
3491,2013-03-21 11:30:00+00:00,209.33
3491,2013-03-21 12:00:00+00:00,227.36
3491,2013-03-21 12:30:00+00:00,198.25
3491,2013-03-21 13:00:00+00:00,227.69
3491,2013-03-21 13:30:00+00:00,256.49
3491,2013-03-21 14:00:00+00:00,246.77
3491,2013-03-21 14:30:00+00:00,218.92
3491,2013-03-21 15:00:00+00:00,283.97
3491,2013-03-21 15:30:00+00:00,253.15
3491,2013-03-21 16:00:00+00:00,150.85
3491,2013-03-21 16:30:00+00:00,100.05
3491,2013-03-21 17:00:00+00:00,57.92
3491,2013-03-21 17:30:00+00:00,22.67
3491,2013-03-21 18:00:00+00:00,2.63
3491,2013-03-21 18:30:00+00:00,0.0
3491,2013-03-21 19:00:00+00:00,0.0
3491,2013-03-21 19:30:00+00:00,0.0
3491,2013-03-21 20:00:00+00:00,0.0
3491,2013-03-21 20:30:00+00:00,0.0
3491,2013-03-21 21:00:00+00:00,0.0
3491,2013-03-21 21:30:00+00:00,0.0
3491,2013-03-21 22:00:00+00:00,0.0
3491,2013-03-21 22:30:00+00:00,0.0
3491,2013-03-21 23:00:00+00:00,0.0
3491,2013-03-21 23:30:00+00:00,0.0
3491,2013-03-22 00:00:00+00:00,0.0
3491,2013-03-22 00:30:00+00:00,0.0
3491,2013-03-22 01:00:00+00:00,0.0
3491,2013-03-22 01:30:00+00:00,0.0
3491,2013-03-22 02:00:00+00:00,0.0
3491,2013-03-22 02:30:00+00:00,0.0
3491,2013-03-22 03:00:00+00:00,0.0
3491,2013-03-22 03:30:00+00:00,0.0
3491,2013-03-22 04:00:00+00:00,0.0
3491,2013-03-22 04:30:00+00:00,0.0
3491,2013-03-22 05:00:00+00:00,0.0
3491,2013-03-22 05:30:00+00:00,0.0
3491,2013-03-22 06:00:00+00:00,0.0
3491,2013-03-22 06:30:00+00:00,0.0
3491,2013-03-22 07:00:00+00:00,2.0
3491,2013-03-22 07:30:00+00:00,14.16
3491,2013-03-22 08:00:00+00:00,32.85
3491,2013-03-22 08:30:00+00:00,54.69
3491,2013-03-22 09:00:00+00:00,92.38
3491,2013-03-22 09:30:00+00:00,181.76
3491,2013-03-22 10:00:00+00:00,262.14
3491,2013-03-22 10:30:00+00:00,283.18
3491,2013-03-22 11:00:00+00:00,272.37
3491,2013-03-22 11:30:00+00:00,486.8
3491,2013-03-22 12:00:00+00:00,312.34
3491,2013-03-22 12:30:00+00:00,216.32
3491,2013-03-22 13:00:00+00:00,281.21
3491,2013-03-22 13:30:00+00:00,232.85
3491,2013-03-22 14:00:00+00:00,267.98
3491,2013-03-22 14:30:00+00:00,368.73
3491,2013-03-22 15:00:00+00:00,219.1
3491,2013-03-22 15:30:00+00:00,126.2
3491,2013-03-22 16:00:00+00:00,90.37
3491,2013-03-22 16:30:00+00:00,45.46
3491,2013-03-22 17:00:00+00:00,20.5
3491,2013-03-22 17:30:00+00:00,0.04
3491,2013-03-22 18:00:00+00:00,0.0
3491,2013-03-22 18:30:00+00:00,0.0
3491,2013-03-22 19:00:00+00:00,0.0
3491,2013-03-22 19:30:00+00:00,0.0
3491,2013-03-22 20:00:00+00:00,0.0
3491,2013-03-22 20:30:00+00:00,0.0
3491,2013-03-22 21:00:00+00:00,0.0
3491,2013-03-22 21:30:00+00:00,0.0
3491,2013-03-22 22:00:00+00:00,0.0
3491,2013-03-22 22:30:00+00:00,0.0
3491,2013-03-22 23:00:00+00:00,0.0
3491,2013-03-22 23:30:00+00:00,0.0
3491,2013-03-23 00:00:00+00:00,0.0
3491,2013-03-23 00:30:00+00:00,0.0
3491,2013-03-23 01:00:00+00:00,0.0
3491,2013-03-23 01:30:00+00:00,0.0
3491,2013-03-23 02:00:00+00:00,0.0
3491,2013-03-23 02:30:00+00:00,0.0
3491,2013-03-23 03:00:00+00:00,0.0
3491,2013-03-23 03:30:00+00:00,0.0
3491,2013-03-23 04:00:00+00:00,0.0
3491,2013-03-23 04:30:00+00:00,0.0
3491,2013-03-23 05:00:00+00:00,0.0
3491,2013-03-23 05:30:00+00:00,0.0
3491,2013-03-23 06:00:00+00:00,0.0
3491,2013-03-23 06:30:00+00:00,0.0
3491,2013-03-23 07:00:00+00:00,0.0
3491,2013-03-23 07:30:00+00:00,0.0
3491,2013-03-23 08:00:00+00:00,14.14
3491,2013-03-23 08:30:00+00:00,51.7
3491,2013-03-23 09:00:00+00:00,46.33
3491,2013-03-23 09:30:00+00:00,33.71
3491,2013-03-23 10:00:00+00:00,26.93
3491,2013-03-23 10:30:00+00:00,25.64
3491,2013-03-23 11:00:00+00:00,26.97
3491,2013-03-23 11:30:00+00:00,70.43
3491,2013-03-23 12:00:00+00:00,86.09
3491,2013-03-23 12:30:00+00:00,67.71
3491,2013-03-23 13:00:00+00:00,54.74
3491,2013-03-23 13:30:00+00:00,60.42
3491,2013-03-23 14:00:00+00:00,81.88
3491,2013-03-23 14:30:00+00:00,63.61
3491,2013-03-23 15:00:00+00:00,40.71
3491,2013-03-23 15:30:00+00:00,16.09
3491,2013-03-23 16:00:00+00:00,11.13
3491,2013-03-23 16:30:00+00:00,0.76
3491,2013-03-23 17:00:00+00:00,0.0
3491,2013-03-23 17:30:00+00:00,0.0
3491,2013-03-23 18:00:00+00:00,0.0
3491,2013-03-23 18:30:00+00:00,0.0
3491,2013-03-23 19:00:00+00:00,0.0
3491,2013-03-23 19:30:00+00:00,0.0
3491,2013-03-23 20:00:00+00:00,0.0
3491,2013-03-23 20:30:00+00:00,0.0
3491,2013-03-23 21:00:00+00:00,0.0
3491,2013-03-23 21:30:00+00:00,0.0
3491,2013-03-23 22:00:00+00:00,0.0
3491,2013-03-23 22:30:00+00:00,0.0
3491,2013-03-23 23:00:00+00:00,0.0
3491,2013-03-23 23:30:00+00:00,0.0
3491,2013-03-24 00:00:00+00:00,0.0
3491,2013-03-24 00:30:00+00:00,0.0
3491,2013-03-24 01:00:00+00:00,0.0
3491,2013-03-24 01:30:00+00:00,0.0
3491,2013-03-24 02:00:00+00:00,0.0
3491,2013-03-24 02:30:00+00:00,0.0
3491,2013-03-24 03:00:00+00:00,0.0
3491,2013-03-24 03:30:00+00:00,0.0
3491,2013-03-24 04:00:00+00:00,0.0
3491,2013-03-24 04:30:00+00:00,0.0
3491,2013-03-24 05:00:00+00:00,0.0
3491,2013-03-24 05:30:00+00:00,0.0
3491,2013-03-24 06:00:00+00:00,0.0
3491,2013-03-24 06:30:00+00:00,0.0
3491,2013-03-24 07:00:00+00:00,0.0
3491,2013-03-24 07:30:00+00:00,0.0
3491,2013-03-24 08:00:00+00:00,0.0
3491,2013-03-24 08:30:00+00:00,0.0
3491,2013-03-24 09:00:00+00:00,0.0
3491,2013-03-24 09:30:00+00:00,7.37
3491,2013-03-24 10:00:00+00:00,19.82
3491,2013-03-24 10:30:00+00:00,30.01
3491,2013-03-24 11:00:00+00:00,70.34
3491,2013-03-24 11:30:00+00:00,81.33
3491,2013-03-24 12:00:00+00:00,49.77
3491,2013-03-24 12:30:00+00:00,37.71
3491,2013-03-24 13:00:00+00:00,29.99
3491,2013-03-24 13:30:00+00:00,51.52
3491,2013-03-24 14:00:00+00:00,76.09
3491,2013-03-24 14:30:00+00:00,97.41
3491,2013-03-24 15:00:00+00:00,74.19
3491,2013-03-24 15:30:00+00:00,79.13
3491,2013-03-24 16:00:00+00:00,87.2
3491,2013-03-24 16:30:00+00:00,67.19
3491,2013-03-24 17:00:00+00:00,43.81
3491,2013-03-24 17:30:00+00:00,16.72
3491,2013-03-24 18:00:00+00:00,0.0
3491,2013-03-24 18:30:00+00:00,0.0
3491,2013-03-24 19:00:00+00:00,0.0
3491,2013-03-24 19:30:00+00:00,0.0
3491,2013-03-24 20:00:00+00:00,0.0
3491,2013-03-24 20:30:00+00:00,0.0
3491,2013-03-24 21:00:00+00:00,0.0
3491,2013-03-24 21:30:00+00:00,0.0
3491,2013-03-24 22:00:00+00:00,0.0
3491,2013-03-24 22:30:00+00:00,0.0
3491,2013-03-24 23:00:00+00:00,0.0
3491,2013-03-24 23:30:00+00:00,0.0
3491,2013-03-25 00:00:00+00:00,0.0
3491,2013-03-25 00:30:00+00:00,0.0
3491,2013-03-25 01:00:00+00:00,0.0
3491,2013-03-25 01:30:00+00:00,0.0
3491,2013-03-25 02:00:00+00:00,0.0
3491,2013-03-25 02:30:00+00:00,0.0
3491,2013-03-25 03:00:00+00:00,0.0
3491,2013-03-25 03:30:00+00:00,0.0
3491,2013-03-25 04:00:00+00:00,0.0
3491,2013-03-25 04:30:00+00:00,0.0
3491,2013-03-25 05:00:00+00:00,0.0
3491,2013-03-25 05:30:00+00:00,0.0
3491,2013-03-25 06:00:00+00:00,0.0
3491,2013-03-25 06:30:00+00:00,0.0
3491,2013-03-25 07:00:00+00:00,10.99
3491,2013-03-25 07:30:00+00:00,29.91
3491,2013-03-25 08:00:00+00:00,46.37
3491,2013-03-25 08:30:00+00:00,72.23
3491,2013-03-25 09:00:00+00:00,127.34
3491,2013-03-25 09:30:00+00:00,100.51
3491,2013-03-25 10:00:00+00:00,135.45
3491,2013-03-25 10:30:00+00:00,137.51
3491,2013-03-25 11:00:00+00:00,211.7
3491,2013-03-25 11:30:00+00:00,162.7
3491,2013-03-25 12:00:00+00:00,127.52
3491,2013-03-25 12:30:00+00:00,89.49
3491,2013-03-25 13:00:00+00:00,107.22
3491,2013-03-25 13:30:00+00:00,84.61
3491,2013-03-25 14:00:00+00:00,76.08
3491,2013-03-25 14:30:00+00:00,84.33
3491,2013-03-25 15:00:00+00:00,92.28
3491,2013-03-25 15:30:00+00:00,88.1
3491,2013-03-25 16:00:00+00:00,73.79
3491,2013-03-25 16:30:00+00:00,49.5
3491,2013-03-25 17:00:00+00:00,32.22
3491,2013-03-25 17:30:00+00:00,13.49
3491,2013-03-25 18:00:00+00:00,3.2
3491,2013-03-25 18:30:00+00:00,0.0
3491,2013-03-25 19:00:00+00:00,0.0
3491,2013-03-25 19:30:00+00:00,0.0
3491,2013-03-25 20:00:00+00:00,0.0
3491,2013-03-25 20:30:00+00:00,0.0
3491,2013-03-25 21:00:00+00:00,0.0
3491,2013-03-25 21:30:00+00:00,0.0
3491,2013-03-25 22:00:00+00:00,0.0
3491,2013-03-25 22:30:00+00:00,0.0
3491,2013-03-25 23:00:00+00:00,0.0
3491,2013-03-25 23:30:00+00:00,0.0
3491,2013-03-26 00:00:00+00:00,0.0
3491,2013-03-26 00:30:00+00:00,0.0
3491,2013-03-26 01:00:00+00:00,0.0
3491,2013-03-26 01:30:00+00:00,0.0
3491,2013-03-26 02:00:00+00:00,0.0
3491,2013-03-26 02:30:00+00:00,0.0
3491,2013-03-26 03:00:00+00:00,0.0
3491,2013-03-26 03:30:00+00:00,0.0
3491,2013-03-26 04:00:00+00:00,0.0
3491,2013-03-26 04:30:00+00:00,0.0
3491,2013-03-26 05:00:00+00:00,0.0
3491,2013-03-26 05:30:00+00:00,0.0
3491,2013-03-26 06:00:00+00:00,0.0
3491,2013-03-26 06:30:00+00:00,0.0
3491,2013-03-26 07:00:00+00:00,17.99
3491,2013-03-26 07:30:00+00:00,52.74
3491,2013-03-26 08:00:00+00:00,33.33
3491,2013-03-26 08:30:00+00:00,91.73
3491,2013-03-26 09:00:00+00:00,141.98
3491,2013-03-26 09:30:00+00:00,129.88
3491,2013-03-26 10:00:00+00:00,141.99
3491,2013-03-26 10:30:00+00:00,108.51
3491,2013-03-26 11:00:00+00:00,109.96
3491,2013-03-26 11:30:00+00:00,101.99
3491,2013-03-26 12:00:00+00:00,105.81
3491,2013-03-26 12:30:00+00:00,218.29
3491,2013-03-26 13:00:00+00:00,193.64
3491,2013-03-26 13:30:00+00:00,172.03
3491,2013-03-26 14:00:00+00:00,193.73
3491,2013-03-26 14:30:00+00:00,152.91
3491,2013-03-26 15:00:00+00:00,133.61
3491,2013-03-26 15:30:00+00:00,88.57
3491,2013-03-26 16:00:00+00:00,46.4
3491,2013-03-26 16:30:00+00:00,60.49
3491,2013-03-26 17:00:00+00:00,44.4
3491,2013-03-26 17:30:00+00:00,24.99
3491,2013-03-26 18:00:00+00:00,4.78
3491,2013-03-26 18:30:00+00:00,0.0
3491,2013-03-26 19:00:00+00:00,0.0
3491,2013-03-26 19:30:00+00:00,0.0
3491,2013-03-26 20:00:00+00:00,0.0
3491,2013-03-26 20:30:00+00:00,0.0
3491,2013-03-26 21:00:00+00:00,0.0
3491,2013-03-26 21:30:00+00:00,0.0
3491,2013-03-26 22:00:00+00:00,0.0
3491,2013-03-26 22:30:00+00:00,0.0
3491,2013-03-26 23:00:00+00:00,0.0
3491,2013-03-26 23:30:00+00:00,0.0
3491,2013-03-27 00:00:00+00:00,0.0
3491,2013-03-27 00:30:00+00:00,0.0
3491,2013-03-27 01:00:00+00:00,0.0
3491,2013-03-27 01:30:00+00:00,0.0
3491,2013-03-27 02:00:00+00:00,0.0
3491,2013-03-27 02:30:00+00:00,0.0
3491,2013-03-27 03:00:00+00:00,0.0
3491,2013-03-27 03:30:00+00:00,0.0
3491,2013-03-27 04:00:00+00:00,0.0
3491,2013-03-27 04:30:00+00:00,0.0
3491,2013-03-27 05:00:00+00:00,0.0
3491,2013-03-27 05:30:00+00:00,0.0
3491,2013-03-27 06:00:00+00:00,0.0
3491,2013-03-27 06:30:00+00:00,29.08
3491,2013-03-27 07:00:00+00:00,132.06
3491,2013-03-27 07:30:00+00:00,142.68
3491,2013-03-27 08:00:00+00:00,152.07
3491,2013-03-27 08:30:00+00:00,167.26
3491,2013-03-27 09:00:00+00:00,148.89
3491,2013-03-27 09:30:00+00:00,257.72
3491,2013-03-27 10:00:00+00:00,603.85
3491,2013-03-27 10:30:00+00:00,612.55
3491,2013-03-27 11:00:00+00:00,844.8
3491,2013-03-27 11:30:00+00:00,1122.95
3491,2013-03-27 12:00:00+00:00,1003.75
3491,2013-03-27 12:30:00+00:00,904.0
3491,2013-03-27 13:00:00+00:00,871.6
3491,2013-03-27 13:30:00+00:00,688.7
3491,2013-03-27 14:00:00+00:00,396.5
3491,2013-03-27 14:30:00+00:00,188.04
3491,2013-03-27 15:00:00+00:00,152.93
3491,2013-03-27 15:30:00+00:00,127.63
3491,2013-03-27 16:00:00+00:00,96.08
3491,2013-03-27 16:30:00+00:00,43.61
3491,2013-03-27 17:00:00+00:00,66.0
3491,2013-03-27 17:30:00+00:00,34.25
3491,2013-03-27 18:00:00+00:00,9.89
3491,2013-03-27 18:30:00+00:00,0.0
3491,2013-03-27 19:00:00+00:00,0.0
3491,2013-03-27 19:30:00+00:00,0.0
3491,2013-03-27 20:00:00+00:00,0.0
3491,2013-03-27 20:30:00+00:00,0.0
3491,2013-03-27 21:00:00+00:00,0.0
3491,2013-03-27 21:30:00+00:00,0.0
3491,2013-03-27 22:00:00+00:00,0.0
3491,2013-03-27 22:30:00+00:00,0.0
3491,2013-03-27 23:00:00+00:00,0.0
3491,2013-03-27 23:30:00+00:00,0.0
3491,2013-03-28 00:00:00+00:00,0.0
3491,2013-03-28 00:30:00+00:00,0.0
3491,2013-03-28 01:00:00+00:00,0.0
3491,2013-03-28 01:30:00+00:00,0.0
3491,2013-03-28 02:00:00+00:00,0.0
3491,2013-03-28 02:30:00+00:00,0.0
3491,2013-03-28 03:00:00+00:00,0.0
3491,2013-03-28 03:30:00+00:00,0.0
3491,2013-03-28 04:00:00+00:00,0.0
3491,2013-03-28 04:30:00+00:00,0.0
3491,2013-03-28 05:00:00+00:00,0.0
3491,2013-03-28 05:30:00+00:00,0.0
3491,2013-03-28 06:00:00+00:00,0.0
3491,2013-03-28 06:30:00+00:00,15.88
3491,2013-03-28 07:00:00+00:00,83.09
3491,2013-03-28 07:30:00+00:00,180.99
3491,2013-03-28 08:00:00+00:00,319.01
3491,2013-03-28 08:30:00+00:00,426.29
3491,2013-03-28 09:00:00+00:00,485.33
3491,2013-03-28 09:30:00+00:00,351.46
3491,2013-03-28 10:00:00+00:00,297.12
3491,2013-03-28 10:30:00+00:00,292.4
3491,2013-03-28 11:00:00+00:00,108.15
3491,2013-03-28 11:30:00+00:00,506.5
3491,2013-03-28 12:00:00+00:00,260.94
3491,2013-03-28 12:30:00+00:00,297.07
3491,2013-03-28 13:00:00+00:00,273.4
3491,2013-03-28 13:30:00+00:00,153.2
3491,2013-03-28 14:00:00+00:00,291.97
3491,2013-03-28 14:30:00+00:00,333.51
3491,2013-03-28 15:00:00+00:00,255.63
3491,2013-03-28 15:30:00+00:00,159.72
3491,2013-03-28 16:00:00+00:00,131.21
3491,2013-03-28 16:30:00+00:00,71.48
3491,2013-03-28 17:00:00+00:00,80.48
3491,2013-03-28 17:30:00+00:00,28.68
3491,2013-03-28 18:00:00+00:00,9.37
3491,2013-03-28 18:30:00+00:00,0.0
3491,2013-03-28 19:00:00+00:00,0.0
3491,2013-03-28 19:30:00+00:00,0.0
3491,2013-03-28 20:00:00+00:00,0.0
3491,2013-03-28 20:30:00+00:00,0.0
3491,2013-03-28 21:00:00+00:00,0.0
3491,2013-03-28 21:30:00+00:00,0.0
3491,2013-03-28 22:00:00+00:00,0.0
3491,2013-03-28 22:30:00+00:00,0.0
3491,2013-03-28 23:00:00+00:00,0.0
3491,2013-03-28 23:30:00+00:00,0.0
3491,2013-03-29 00:00:00+00:00,0.0
3491,2013-03-29 00:30:00+00:00,0.0
3491,2013-03-29 01:00:00+00:00,0.0
3491,2013-03-29 01:30:00+00:00,0.0
3491,2013-03-29 02:00:00+00:00,0.0
3491,2013-03-29 02:30:00+00:00,0.0
3491,2013-03-29 03:00:00+00:00,0.0
3491,2013-03-29 03:30:00+00:00,0.0
3491,2013-03-29 04:00:00+00:00,0.0
3491,2013-03-29 04:30:00+00:00,0.0
3491,2013-03-29 05:00:00+00:00,0.0
3491,2013-03-29 05:30:00+00:00,0.0
3491,2013-03-29 06:00:00+00:00,0.0
3491,2013-03-29 06:30:00+00:00,6.67
3491,2013-03-29 07:00:00+00:00,110.45
3491,2013-03-29 07:30:00+00:00,124.57
3491,2013-03-29 08:00:00+00:00,105.07
3491,2013-03-29 08:30:00+00:00,127.71
3491,2013-03-29 09:00:00+00:00,155.08
3491,2013-03-29 09:30:00+00:00,401.22
3491,2013-03-29 10:00:00+00:00,594.2
3491,2013-03-29 10:30:00+00:00,450.39
3491,2013-03-29 11:00:00+00:00,695.2
3491,2013-03-29 11:30:00+00:00,533.75
3491,2013-03-29 12:00:00+00:00,491.21
3491,2013-03-29 12:30:00+00:00,268.26
3491,2013-03-29 13:00:00+00:00,120.26
3491,2013-03-29 13:30:00+00:00,423.55
3491,2013-03-29 14:00:00+00:00,244.31
3491,2013-03-29 14:30:00+00:00,288.28
3491,2013-03-29 15:00:00+00:00,421.37
3491,2013-03-29 15:30:00+00:00,252.71
3491,2013-03-29 16:00:00+00:00,193.34
3491,2013-03-29 16:30:00+00:00,143.53
3491,2013-03-29 17:00:00+00:00,93.48
3491,2013-03-29 17:30:00+00:00,53.92
3491,2013-03-29 18:00:00+00:00,12.16
3491,2013-03-29 18:30:00+00:00,0.25
3491,2013-03-29 19:00:00+00:00,0.0
3491,2013-03-29 19:30:00+00:00,0.0
3491,2013-03-29 20:00:00+00:00,0.0
3491,2013-03-29 20:30:00+00:00,0.0
3491,2013-03-29 21:00:00+00:00,0.0
3491,2013-03-29 21:30:00+00:00,0.0
3491,2013-03-29 22:00:00+00:00,0.0
3491,2013-03-29 22:30:00+00:00,0.0
3491,2013-03-29 23:00:00+00:00,0.0
3491,2013-03-29 23:30:00+00:00,0.0
3491,2013-03-30 00:00:00+00:00,0.0
3491,2013-03-30 00:30:00+00:00,0.0
3491,2013-03-30 01:00:00+00:00,0.0
3491,2013-03-30 01:30:00+00:00,0.0
3491,2013-03-30 02:00:00+00:00,0.0
3491,2013-03-30 02:30:00+00:00,0.0
3491,2013-03-30 03:00:00+00:00,0.0
3491,2013-03-30 03:30:00+00:00,0.0
3491,2013-03-30 04:00:00+00:00,0.0
3491,2013-03-30 04:30:00+00:00,0.0
3491,2013-03-30 05:00:00+00:00,0.0
3491,2013-03-30 05:30:00+00:00,0.0
3491,2013-03-30 06:00:00+00:00,0.0
3491,2013-03-30 06:30:00+00:00,0.0
3491,2013-03-30 07:00:00+00:00,2.61
3491,2013-03-30 07:30:00+00:00,28.55
3491,2013-03-30 08:00:00+00:00,82.44
3491,2013-03-30 08:30:00+00:00,211.07
3491,2013-03-30 09:00:00+00:00,287.33
3491,2013-03-30 09:30:00+00:00,357.7
3491,2013-03-30 10:00:00+00:00,334.61
3491,2013-03-30 10:30:00+00:00,355.19
3491,2013-03-30 11:00:00+00:00,636.05
3491,2013-03-30 11:30:00+00:00,556.35
3491,2013-03-30 12:00:00+00:00,639.2
3491,2013-03-30 12:30:00+00:00,585.0
3491,2013-03-30 13:00:00+00:00,137.9
3491,2013-03-30 13:30:00+00:00,404.27
3491,2013-03-30 14:00:00+00:00,154.58
3491,2013-03-30 14:30:00+00:00,428.88
3491,2013-03-30 15:00:00+00:00,256.39
3491,2013-03-30 15:30:00+00:00,131.75
3491,2013-03-30 16:00:00+00:00,113.83
3491,2013-03-30 16:30:00+00:00,64.44
3491,2013-03-30 17:00:00+00:00,42.43
3491,2013-03-30 17:30:00+00:00,30.19
3491,2013-03-30 18:00:00+00:00,0.51
3491,2013-03-30 18:30:00+00:00,0.0
3491,2013-03-30 19:00:00+00:00,0.0
3491,2013-03-30 19:30:00+00:00,0.0
3491,2013-03-30 20:00:00+00:00,0.0
3491,2013-03-30 20:30:00+00:00,0.0
3491,2013-03-30 21:00:00+00:00,0.0
3491,2013-03-30 21:30:00+00:00,0.0
3491,2013-03-30 22:00:00+00:00,0.0
3491,2013-03-30 22:30:00+00:00,0.0
3491,2013-03-30 23:00:00+00:00,0.0
3491,2013-03-30 23:30:00+00:00,0.0
3491,2013-03-31 00:00:00+00:00,0.0
3491,2013-03-31 00:30:00+00:00,0.0
3491,2013-03-31 01:00:00+00:00,0.0
3491,2013-03-31 01:30:00+00:00,0.0
3491,2013-03-31 02:00:00+00:00,0.0
3491,2013-03-31 02:30:00+00:00,0.0
3491,2013-03-31 03:00:00+00:00,0.0
3491,2013-03-31 03:30:00+00:00,0.0
3491,2013-03-31 04:00:00+00:00,0.0
3491,2013-03-31 04:30:00+00:00,0.0
3491,2013-03-31 05:00:00+00:00,0.0
3491,2013-03-31 05:30:00+00:00,0.0
3491,2013-03-31 06:00:00+00:00,0.1
3491,2013-03-31 06:30:00+00:00,33.31
3491,2013-03-31 07:00:00+00:00,100.57
3491,2013-03-31 07:30:00+00:00,132.89
3491,2013-03-31 08:00:00+00:00,277.34
3491,2013-03-31 08:30:00+00:00,475.61
3491,2013-03-31 09:00:00+00:00,457.66
3491,2013-03-31 09:30:00+00:00,373.63
3491,2013-03-31 10:00:00+00:00,294.84
3491,2013-03-31 10:30:00+00:00,422.5
3491,2013-03-31 11:00:00+00:00,639.1
3491,2013-03-31 11:30:00+00:00,418.78
3491,2013-03-31 12:00:00+00:00,430.46
3491,2013-03-31 12:30:00+00:00,304.82
3491,2013-03-31 13:00:00+00:00,265.1
3491,2013-03-31 13:30:00+00:00,323.03
3491,2013-03-31 14:00:00+00:00,419.57
3491,2013-03-31 14:30:00+00:00,528.4
3491,2013-03-31 15:00:00+00:00,452.54
3491,2013-03-31 15:30:00+00:00,367.63
3491,2013-03-31 16:00:00+00:00,230.23
3491,2013-03-31 16:30:00+00:00,154.02
3491,2013-03-31 17:00:00+00:00,79.27
3491,2013-03-31 17:30:00+00:00,64.23
3491,2013-03-31 18:00:00+00:00,32.38
3491,2013-03-31 18:30:00+00:00,5.2
3491,2013-03-31 19:00:00+00:00,0.0
3491,2013-03-31 19:30:00+00:00,0.0
3491,2013-03-31 20:00:00+00:00,0.0
3491,2013-03-31 20:30:00+00:00,0.0
3491,2013-03-31 21:00:00+00:00,0.0
3491,2013-03-31 21:30:00+00:00,0.0
3491,2013-03-31 22:00:00+00:00,0.0
3491,2013-03-31 22:30:00+00:00,0.0
3491,2013-03-31 23:00:00+00:00,0.0
3491,2013-03-31 23:30:00+00:00,0.0
3491,2013-04-01 00:30:00+00:00,0.0
3491,2013-04-01 01:00:00+00:00,0.0
3491,2013-04-01 01:30:00+00:00,0.0
3491,2013-04-01 02:00:00+00:00,0.0
3491,2013-04-01 02:30:00+00:00,0.0
3491,2013-04-01 03:00:00+00:00,0.0
3491,2013-04-01 03:30:00+00:00,0.0
3491,2013-04-01 04:00:00+00:00,0.0
3491,2013-04-01 04:30:00+00:00,0.0
3491,2013-04-01 05:00:00+00:00,0.0
3491,2013-04-01 05:30:00+00:00,0.0
3491,2013-04-01 06:00:00+00:00,0.0
3491,2013-04-01 06:30:00+00:00,0.0
3491,2013-04-01 07:00:00+00:00,12.96
3491,2013-04-01 07:30:00+00:00,23.29
3491,2013-04-01 08:00:00+00:00,38.86
3491,2013-04-01 08:30:00+00:00,66.84
3491,2013-04-01 09:00:00+00:00,99.95
3491,2013-04-01 09:30:00+00:00,230.86
3491,2013-04-01 10:00:00+00:00,430.67
3491,2013-04-01 10:30:00+00:00,579.6
3491,2013-04-01 11:00:00+00:00,230.55
3491,2013-04-01 11:30:00+00:00,202.49
3491,2013-04-01 12:00:00+00:00,228.59
3491,2013-04-01 12:30:00+00:00,477.15
3491,2013-04-01 13:00:00+00:00,566.0
3491,2013-04-01 13:30:00+00:00,498.02
3491,2013-04-01 14:00:00+00:00,848.35
3491,2013-04-01 14:30:00+00:00,657.85
3491,2013-04-01 15:00:00+00:00,443.88
3491,2013-04-01 15:30:00+00:00,327.24
3491,2013-04-01 16:00:00+00:00,224.3
3491,2013-04-01 16:30:00+00:00,93.91
3491,2013-04-01 17:00:00+00:00,57.15
3491,2013-04-01 17:30:00+00:00,38.48
3491,2013-04-01 18:00:00+00:00,19.38
3491,2013-04-01 18:30:00+00:00,1.83
3491,2013-04-01 19:00:00+00:00,0.0
3491,2013-04-01 19:30:00+00:00,0.0
3491,2013-04-01 20:00:00+00:00,0.0
3491,2013-04-01 20:30:00+00:00,0.0
3491,2013-04-01 21:00:00+00:00,0.0
3491,2013-04-01 21:30:00+00:00,0.0
3491,2013-04-01 22:00:00+00:00,0.0
3491,2013-04-01 22:30:00+00:00,0.0
3491,2013-04-01 23:00:00+00:00,0.0
3491,2013-04-01 23:30:00+00:00,0.0
3491,2013-04-02 00:00:00+00:00,0.0
3491,2013-04-02 00:30:00+00:00,0.0
3491,2013-04-02 01:00:00+00:00,0.0
3491,2013-04-02 01:30:00+00:00,0.0
3491,2013-04-02 02:00:00+00:00,0.0
3491,2013-04-02 02:30:00+00:00,0.0
3491,2013-04-02 03:00:00+00:00,0.0
3491,2013-04-02 03:30:00+00:00,0.0
3491,2013-04-02 04:00:00+00:00,0.0
3491,2013-04-02 04:30:00+00:00,0.0
3491,2013-04-02 05:00:00+00:00,0.0
3491,2013-04-02 05:30:00+00:00,0.0
3491,2013-04-02 06:00:00+00:00,4.65
3491,2013-04-02 06:30:00+00:00,53.31
3491,2013-04-02 07:00:00+00:00,108.65
3491,2013-04-02 07:30:00+00:00,190.74
3491,2013-04-02 08:00:00+00:00,310.58
3491,2013-04-02 08:30:00+00:00,496.88
3491,2013-04-02 09:00:00+00:00,799.3
3491,2013-04-02 09:30:00+00:00,1052.85
3491,2013-04-02 10:00:00+00:00,1089.85
3491,2013-04-02 10:30:00+00:00,1122.75
3491,2013-04-02 11:00:00+00:00,1025.75
3491,2013-04-02 11:30:00+00:00,1101.1
3491,2013-04-02 12:00:00+00:00,1001.2
3491,2013-04-02 12:30:00+00:00,609.05
3491,2013-04-02 13:00:00+00:00,975.6
3491,2013-04-02 13:30:00+00:00,964.5
3491,2013-04-02 14:00:00+00:00,850.55
3491,2013-04-02 14:30:00+00:00,714.55
3491,2013-04-02 15:00:00+00:00,557.95
3491,2013-04-02 15:30:00+00:00,381.82
3491,2013-04-02 16:00:00+00:00,213.37
3491,2013-04-02 16:30:00+00:00,84.11
3491,2013-04-02 17:00:00+00:00,49.41
3491,2013-04-02 17:30:00+00:00,35.96
3491,2013-04-02 18:00:00+00:00,19.24
3491,2013-04-02 18:30:00+00:00,2.01
3491,2013-04-02 19:00:00+00:00,0.0
3491,2013-04-02 19:30:00+00:00,0.0
3491,2013-04-02 20:00:00+00:00,0.0
3491,2013-04-02 20:30:00+00:00,0.0
3491,2013-04-02 21:00:00+00:00,0.0
3491,2013-04-02 21:30:00+00:00,0.0
3491,2013-04-02 22:00:00+00:00,0.0
3491,2013-04-02 22:30:00+00:00,0.0
3491,2013-04-02 23:00:00+00:00,0.0
3491,2013-04-02 23:30:00+00:00,0.0
3491,2013-04-03 00:00:00+00:00,0.0
3491,2013-04-03 00:30:00+00:00,0.0
3491,2013-04-03 01:00:00+00:00,0.0
3491,2013-04-03 01:30:00+00:00,0.0
3491,2013-04-03 02:00:00+00:00,0.0
3491,2013-04-03 02:30:00+00:00,0.0
3491,2013-04-03 03:00:00+00:00,0.0
3491,2013-04-03 03:30:00+00:00,0.0
3491,2013-04-03 04:00:00+00:00,0.0
3491,2013-04-03 04:30:00+00:00,0.0
3491,2013-04-03 05:00:00+00:00,0.0
3491,2013-04-03 05:30:00+00:00,0.0
3491,2013-04-03 06:00:00+00:00,0.0
3491,2013-04-03 06:30:00+00:00,39.69
3491,2013-04-03 07:00:00+00:00,44.55
3491,2013-04-03 07:30:00+00:00,36.0
3491,2013-04-03 08:00:00+00:00,41.87
3491,2013-04-03 08:30:00+00:00,62.41
3491,2013-04-03 09:00:00+00:00,70.93
3491,2013-04-03 09:30:00+00:00,115.29
3491,2013-04-03 10:00:00+00:00,126.09
3491,2013-04-03 10:30:00+00:00,144.36
3491,2013-04-03 11:00:00+00:00,166.11
3491,2013-04-03 11:30:00+00:00,250.31
3491,2013-04-03 12:00:00+00:00,252.17
3491,2013-04-03 12:30:00+00:00,158.25
3491,2013-04-03 13:00:00+00:00,168.43
3491,2013-04-03 13:30:00+00:00,154.9
3491,2013-04-03 14:00:00+00:00,120.89
3491,2013-04-03 14:30:00+00:00,97.78
3491,2013-04-03 15:00:00+00:00,112.8
3491,2013-04-03 15:30:00+00:00,118.89
3491,2013-04-03 16:00:00+00:00,57.7
3491,2013-04-03 16:30:00+00:00,30.38
3491,2013-04-03 17:00:00+00:00,21.09
3491,2013-04-03 17:30:00+00:00,11.93
3491,2013-04-03 18:00:00+00:00,5.84
3491,2013-04-03 18:30:00+00:00,0.0
3491,2013-04-03 19:00:00+00:00,0.0
3491,2013-04-03 19:30:00+00:00,0.0
3491,2013-04-03 20:00:00+00:00,0.0
3491,2013-04-03 20:30:00+00:00,0.0
3491,2013-04-03 21:00:00+00:00,0.0
3491,2013-04-03 21:30:00+00:00,0.0
3491,2013-04-03 22:00:00+00:00,0.0
3491,2013-04-03 22:30:00+00:00,0.0
3491,2013-04-03 23:00:00+00:00,0.0
3491,2013-04-03 23:30:00+00:00,0.0
3491,2013-04-04 00:00:00+00:00,0.0
3491,2013-04-04 00:30:00+00:00,0.0
3491,2013-04-04 01:00:00+00:00,0.0
3491,2013-04-04 01:30:00+00:00,0.0
3491,2013-04-04 02:00:00+00:00,0.0
3491,2013-04-04 02:30:00+00:00,0.0
3491,2013-04-04 03:00:00+00:00,0.0
3491,2013-04-04 03:30:00+00:00,0.0
3491,2013-04-04 04:00:00+00:00,0.0
3491,2013-04-04 04:30:00+00:00,0.0
3491,2013-04-04 05:00:00+00:00,0.0
3491,2013-04-04 05:30:00+00:00,0.0
3491,2013-04-04 06:00:00+00:00,0.0
3491,2013-04-04 06:30:00+00:00,1.11
3491,2013-04-04 07:00:00+00:00,18.29
3491,2013-04-04 07:30:00+00:00,9.45
3491,2013-04-04 08:00:00+00:00,25.44
3491,2013-04-04 08:30:00+00:00,74.67
3491,2013-04-04 09:00:00+00:00,49.32
3491,2013-04-04 09:30:00+00:00,22.52
3491,2013-04-04 10:00:00+00:00,81.44
3491,2013-04-04 10:30:00+00:00,71.15
3491,2013-04-04 11:00:00+00:00,49.55
3491,2013-04-04 11:30:00+00:00,73.59
3491,2013-04-04 12:00:00+00:00,122.35
3491,2013-04-04 12:30:00+00:00,187.62
3491,2013-04-04 13:00:00+00:00,225.07
3491,2013-04-04 13:30:00+00:00,254.99
3491,2013-04-04 14:00:00+00:00,198.28
3491,2013-04-04 14:30:00+00:00,17.72
3491,2013-04-04 15:00:00+00:00,116.33
3491,2013-04-04 15:30:00+00:00,14.97
3491,2013-04-04 16:00:00+00:00,2.43
3491,2013-04-04 16:30:00+00:00,5.96
3491,2013-04-04 17:00:00+00:00,3.71
3491,2013-04-04 17:30:00+00:00,0.0
3491,2013-04-04 18:00:00+00:00,9.25
3491,2013-04-04 18:30:00+00:00,1.25
3491,2013-04-04 19:00:00+00:00,0.0
3491,2013-04-04 19:30:00+00:00,0.0
3491,2013-04-04 20:00:00+00:00,0.0
3491,2013-04-04 20:30:00+00:00,0.0
3491,2013-04-04 21:00:00+00:00,0.0
3491,2013-04-04 21:30:00+00:00,0.0
3491,2013-04-04 22:00:00+00:00,0.0
3491,2013-04-04 22:30:00+00:00,0.0
3491,2013-04-04 23:00:00+00:00,0.0
3491,2013-04-04 23:30:00+00:00,0.0
3491,2013-04-05 00:00:00+00:00,0.0
3491,2013-04-05 00:30:00+00:00,0.0
3491,2013-04-05 01:00:00+00:00,0.0
3491,2013-04-05 01:30:00+00:00,0.0
3491,2013-04-05 02:00:00+00:00,0.0
3491,2013-04-05 02:30:00+00:00,0.0
3491,2013-04-05 03:00:00+00:00,0.0
3491,2013-04-05 03:30:00+00:00,0.0
3491,2013-04-05 04:00:00+00:00,0.0
3491,2013-04-05 04:30:00+00:00,0.0
3491,2013-04-05 05:00:00+00:00,0.0
3491,2013-04-05 05:30:00+00:00,0.0
3491,2013-04-05 06:00:00+00:00,0.0
3491,2013-04-05 06:30:00+00:00,0.0
3491,2013-04-05 07:00:00+00:00,0.0
3491,2013-04-05 07:30:00+00:00,25.74
3491,2013-04-05 08:00:00+00:00,88.37
3491,2013-04-05 08:30:00+00:00,67.43
3491,2013-04-05 09:00:00+00:00,132.82
3491,2013-04-05 09:30:00+00:00,59.85
3491,2013-04-05 10:00:00+00:00,166.09
3491,2013-04-05 10:30:00+00:00,260.16
3491,2013-04-05 11:00:00+00:00,315.02
3491,2013-04-05 11:30:00+00:00,371.72
3491,2013-04-05 12:00:00+00:00,297.25
3491,2013-04-05 12:30:00+00:00,411.02
3491,2013-04-05 13:00:00+00:00,465.3
3491,2013-04-05 13:30:00+00:00,421.95
3491,2013-04-05 14:00:00+00:00,431.03
3491,2013-04-05 14:30:00+00:00,271.74
3491,2013-04-05 15:00:00+00:00,289.89
3491,2013-04-05 15:30:00+00:00,246.61
3491,2013-04-05 16:00:00+00:00,221.25
3491,2013-04-05 16:30:00+00:00,169.39
3491,2013-04-05 17:00:00+00:00,104.35
3491,2013-04-05 17:30:00+00:00,63.23
3491,2013-04-05 18:00:00+00:00,41.35
3491,2013-04-05 18:30:00+00:00,7.81
3491,2013-04-05 19:00:00+00:00,0.0
3491,2013-04-05 19:30:00+00:00,0.0
3491,2013-04-05 20:00:00+00:00,0.0
3491,2013-04-05 20:30:00+00:00,0.0
3491,2013-04-05 21:00:00+00:00,0.0
3491,2013-04-05 21:30:00+00:00,0.0
3491,2013-04-05 22:00:00+00:00,0.0
3491,2013-04-05 22:30:00+00:00,0.0
3491,2013-04-05 23:00:00+00:00,0.0
3491,2013-04-05 23:30:00+00:00,0.0
3491,2013-04-06 00:00:00+00:00,0.0
3491,2013-04-06 00:30:00+00:00,0.0
3491,2013-04-06 01:00:00+00:00,0.0
3491,2013-04-06 01:30:00+00:00,0.0
3491,2013-04-06 02:00:00+00:00,0.0
3491,2013-04-06 02:30:00+00:00,0.0
3491,2013-04-06 03:00:00+00:00,0.0
3491,2013-04-06 03:30:00+00:00,0.0
3491,2013-04-06 04:00:00+00:00,0.0
3491,2013-04-06 04:30:00+00:00,0.0
3491,2013-04-06 05:00:00+00:00,0.0
3491,2013-04-06 05:30:00+00:00,0.0
3491,2013-04-06 06:00:00+00:00,9.68
3491,2013-04-06 06:30:00+00:00,63.43
3491,2013-04-06 07:00:00+00:00,120.32
3491,2013-04-06 07:30:00+00:00,193.7
3491,2013-04-06 08:00:00+00:00,306.08
3491,2013-04-06 08:30:00+00:00,508.8
3491,2013-04-06 09:00:00+00:00,561.6
3491,2013-04-06 09:30:00+00:00,1023.55
3491,2013-04-06 10:00:00+00:00,969.55
3491,2013-04-06 10:30:00+00:00,917.3
3491,2013-04-06 11:00:00+00:00,479.76
3491,2013-04-06 11:30:00+00:00,491.29
3491,2013-04-06 12:00:00+00:00,262.98
3491,2013-04-06 12:30:00+00:00,530.0
3491,2013-04-06 13:00:00+00:00,616.45
3491,2013-04-06 13:30:00+00:00,644.45
3491,2013-04-06 14:00:00+00:00,554.5
3491,2013-04-06 14:30:00+00:00,694.6
3491,2013-04-06 15:00:00+00:00,536.4
3491,2013-04-06 15:30:00+00:00,331.71
3491,2013-04-06 16:00:00+00:00,215.82
3491,2013-04-06 16:30:00+00:00,92.92
3491,2013-04-06 17:00:00+00:00,57.86
3491,2013-04-06 17:30:00+00:00,49.27
3491,2013-04-06 18:00:00+00:00,26.29
3491,2013-04-06 18:30:00+00:00,4.72
3491,2013-04-06 19:00:00+00:00,0.0
3491,2013-04-06 19:30:00+00:00,0.0
3491,2013-04-06 20:00:00+00:00,0.0
3491,2013-04-06 20:30:00+00:00,0.0
3491,2013-04-06 21:00:00+00:00,0.0
3491,2013-04-06 21:30:00+00:00,0.0
3491,2013-04-06 22:00:00+00:00,0.0
3491,2013-04-06 22:30:00+00:00,0.0
3491,2013-04-06 23:00:00+00:00,0.0
3491,2013-04-06 23:30:00+00:00,0.0
3491,2013-04-07 00:00:00+00:00,0.0
3491,2013-04-07 00:30:00+00:00,0.0
3491,2013-04-07 01:00:00+00:00,0.0
3491,2013-04-07 01:30:00+00:00,0.0
3491,2013-04-07 02:00:00+00:00,0.0
3491,2013-04-07 02:30:00+00:00,0.0
3491,2013-04-07 03:00:00+00:00,0.0
3491,2013-04-07 03:30:00+00:00,0.0
3491,2013-04-07 04:00:00+00:00,0.0
3491,2013-04-07 04:30:00+00:00,0.0
3491,2013-04-07 05:00:00+00:00,0.0
3491,2013-04-07 05:30:00+00:00,0.0
3491,2013-04-07 06:00:00+00:00,27.66
3491,2013-04-07 06:30:00+00:00,74.41
3491,2013-04-07 07:00:00+00:00,128.85
3491,2013-04-07 07:30:00+00:00,212.81
3491,2013-04-07 08:00:00+00:00,366.72
3491,2013-04-07 08:30:00+00:00,543.95
3491,2013-04-07 09:00:00+00:00,742.75
3491,2013-04-07 09:30:00+00:00,897.8
3491,2013-04-07 10:00:00+00:00,874.15
3491,2013-04-07 10:30:00+00:00,865.5
3491,2013-04-07 11:00:00+00:00,820.45
3491,2013-04-07 11:30:00+00:00,920.55
3491,2013-04-07 12:00:00+00:00,962.95
3491,2013-04-07 12:30:00+00:00,977.1
3491,2013-04-07 13:00:00+00:00,923.95
3491,2013-04-07 13:30:00+00:00,884.85
3491,2013-04-07 14:00:00+00:00,746.85
3491,2013-04-07 14:30:00+00:00,478.57
3491,2013-04-07 15:00:00+00:00,409.95
3491,2013-04-07 15:30:00+00:00,353.01
3491,2013-04-07 16:00:00+00:00,255.57
3491,2013-04-07 16:30:00+00:00,172.95
3491,2013-04-07 17:00:00+00:00,146.21
3491,2013-04-07 17:30:00+00:00,86.22
3491,2013-04-07 18:00:00+00:00,33.98
3491,2013-04-07 18:30:00+00:00,6.45
3491,2013-04-07 19:00:00+00:00,0.0
3491,2013-04-07 19:30:00+00:00,0.0
3491,2013-04-07 20:00:00+00:00,0.0
3491,2013-04-07 20:30:00+00:00,0.0
3491,2013-04-07 21:00:00+00:00,0.0
3491,2013-04-07 21:30:00+00:00,0.0
3491,2013-04-07 22:00:00+00:00,0.0
3491,2013-04-07 22:30:00+00:00,0.0
3491,2013-04-07 23:00:00+00:00,0.0
3491,2013-04-07 23:30:00+00:00,0.0
3491,2013-04-08 00:00:00+00:00,0.0
3491,2013-04-08 00:30:00+00:00,0.0
3491,2013-04-08 01:00:00+00:00,0.0
3491,2013-04-08 01:30:00+00:00,0.0
3491,2013-04-08 02:00:00+00:00,0.0
3491,2013-04-08 02:30:00+00:00,0.0
3491,2013-04-08 03:00:00+00:00,0.0
3491,2013-04-08 03:30:00+00:00,0.0
3491,2013-04-08 04:00:00+00:00,0.0
3491,2013-04-08 04:30:00+00:00,0.0
3491,2013-04-08 05:00:00+00:00,0.0
3491,2013-04-08 05:30:00+00:00,0.0
3491,2013-04-08 06:00:00+00:00,0.0
3491,2013-04-08 06:30:00+00:00,30.77
3491,2013-04-08 07:00:00+00:00,88.05
3491,2013-04-08 07:30:00+00:00,183.71
3491,2013-04-08 08:00:00+00:00,222.74
3491,2013-04-08 08:30:00+00:00,360.34
3491,2013-04-08 09:00:00+00:00,441.09
3491,2013-04-08 09:30:00+00:00,414.88
3491,2013-04-08 10:00:00+00:00,371.34
3491,2013-04-08 10:30:00+00:00,464.67
3491,2013-04-08 11:00:00+00:00,648.2
3491,2013-04-08 11:30:00+00:00,744.75
3491,2013-04-08 12:00:00+00:00,814.6
3491,2013-04-08 12:30:00+00:00,827.95
3491,2013-04-08 13:00:00+00:00,817.45
3491,2013-04-08 13:30:00+00:00,720.8
3491,2013-04-08 14:00:00+00:00,587.25
3491,2013-04-08 14:30:00+00:00,609.4
3491,2013-04-08 15:00:00+00:00,528.95
3491,2013-04-08 15:30:00+00:00,355.07
3491,2013-04-08 16:00:00+00:00,215.17
3491,2013-04-08 16:30:00+00:00,179.88
3491,2013-04-08 17:00:00+00:00,128.72
3491,2013-04-08 17:30:00+00:00,95.96
3491,2013-04-08 18:00:00+00:00,49.91
3491,2013-04-08 18:30:00+00:00,22.35
3491,2013-04-08 19:00:00+00:00,0.0
3491,2013-04-08 19:30:00+00:00,0.0
3491,2013-04-08 20:00:00+00:00,0.0
3491,2013-04-08 20:30:00+00:00,0.0
3491,2013-04-08 21:00:00+00:00,0.0
3491,2013-04-08 21:30:00+00:00,0.0
3491,2013-04-08 22:00:00+00:00,0.0
3491,2013-04-08 22:30:00+00:00,0.0
3491,2013-04-08 23:00:00+00:00,0.0
3491,2013-04-08 23:30:00+00:00,0.0
3491,2013-04-09 00:00:00+00:00,0.0
3491,2013-04-09 00:30:00+00:00,0.0
3491,2013-04-09 01:00:00+00:00,0.0
3491,2013-04-09 01:30:00+00:00,0.0
3491,2013-04-09 02:00:00+00:00,0.0
3491,2013-04-09 02:30:00+00:00,0.0
3491,2013-04-09 03:00:00+00:00,0.0
3491,2013-04-09 03:30:00+00:00,0.0
3491,2013-04-09 04:00:00+00:00,0.0
3491,2013-04-09 04:30:00+00:00,0.0
3491,2013-04-09 05:00:00+00:00,0.0
3491,2013-04-09 05:30:00+00:00,0.0
3491,2013-04-09 06:00:00+00:00,0.0
3491,2013-04-09 06:30:00+00:00,18.9
3491,2013-04-09 07:00:00+00:00,54.11
3491,2013-04-09 07:30:00+00:00,57.95
3491,2013-04-09 08:00:00+00:00,66.57
3491,2013-04-09 08:30:00+00:00,91.77
3491,2013-04-09 09:00:00+00:00,124.54
3491,2013-04-09 09:30:00+00:00,185.54
3491,2013-04-09 10:00:00+00:00,185.21
3491,2013-04-09 10:30:00+00:00,176.34
3491,2013-04-09 11:00:00+00:00,329.24
3491,2013-04-09 11:30:00+00:00,551.4
3491,2013-04-09 12:00:00+00:00,479.6
3491,2013-04-09 12:30:00+00:00,268.65
3491,2013-04-09 13:00:00+00:00,261.38
3491,2013-04-09 13:30:00+00:00,226.45
3491,2013-04-09 14:00:00+00:00,154.58
3491,2013-04-09 14:30:00+00:00,160.19
3491,2013-04-09 15:00:00+00:00,125.94
3491,2013-04-09 15:30:00+00:00,129.82
3491,2013-04-09 16:00:00+00:00,103.66
3491,2013-04-09 16:30:00+00:00,27.51
3491,2013-04-09 17:00:00+00:00,22.12
3491,2013-04-09 17:30:00+00:00,10.17
3491,2013-04-09 18:00:00+00:00,6.8
3491,2013-04-09 18:30:00+00:00,0.0
3491,2013-04-09 19:00:00+00:00,0.0
3491,2013-04-09 19:30:00+00:00,0.0
3491,2013-04-09 20:00:00+00:00,0.0
3491,2013-04-09 20:30:00+00:00,0.0
3491,2013-04-09 21:00:00+00:00,0.0
3491,2013-04-09 21:30:00+00:00,0.0
3491,2013-04-09 22:00:00+00:00,0.0
3491,2013-04-09 22:30:00+00:00,0.0
3491,2013-04-09 23:00:00+00:00,0.0
3491,2013-04-09 23:30:00+00:00,0.0
3491,2013-04-10 00:00:00+00:00,0.0
3491,2013-04-10 00:30:00+00:00,0.0
3491,2013-04-10 01:00:00+00:00,0.0
3491,2013-04-10 01:30:00+00:00,0.0
3491,2013-04-10 02:00:00+00:00,0.0
3491,2013-04-10 02:30:00+00:00,0.0
3491,2013-04-10 03:00:00+00:00,0.0
3491,2013-04-10 03:30:00+00:00,0.0
3491,2013-04-10 04:00:00+00:00,0.0
3491,2013-04-10 04:30:00+00:00,0.0
3491,2013-04-10 05:00:00+00:00,0.0
3491,2013-04-10 05:30:00+00:00,0.0
3491,2013-04-10 06:00:00+00:00,0.0
3491,2013-04-10 06:30:00+00:00,12.57
3491,2013-04-10 07:00:00+00:00,29.16
3491,2013-04-10 07:30:00+00:00,62.14
3491,2013-04-10 08:00:00+00:00,102.09
3491,2013-04-10 08:30:00+00:00,134.06
3491,2013-04-10 09:00:00+00:00,232.85
3491,2013-04-10 09:30:00+00:00,638.15
3491,2013-04-10 10:00:00+00:00,760.45
3491,2013-04-10 10:30:00+00:00,954.6
3491,2013-04-10 11:00:00+00:00,985.8
3491,2013-04-10 11:30:00+00:00,925.35
3491,2013-04-10 12:00:00+00:00,688.15
3491,2013-04-10 12:30:00+00:00,587.15
3491,2013-04-10 13:00:00+00:00,660.0
3491,2013-04-10 13:30:00+00:00,575.7
3491,2013-04-10 14:00:00+00:00,430.79
3491,2013-04-10 14:30:00+00:00,356.32
3491,2013-04-10 15:00:00+00:00,333.58
3491,2013-04-10 15:30:00+00:00,261.1
3491,2013-04-10 16:00:00+00:00,215.12
3491,2013-04-10 16:30:00+00:00,155.62
3491,2013-04-10 17:00:00+00:00,101.49
3491,2013-04-10 17:30:00+00:00,55.58
3491,2013-04-10 18:00:00+00:00,9.63
3491,2013-04-10 18:30:00+00:00,0.0
3491,2013-04-10 19:00:00+00:00,0.0
3491,2013-04-10 19:30:00+00:00,0.0
3491,2013-04-10 20:00:00+00:00,0.0
3491,2013-04-10 20:30:00+00:00,0.0
3491,2013-04-10 21:00:00+00:00,0.0
3491,2013-04-10 21:30:00+00:00,0.0
3491,2013-04-10 22:00:00+00:00,0.0
3491,2013-04-10 22:30:00+00:00,0.0
3491,2013-04-10 23:00:00+00:00,0.0
3491,2013-04-10 23:30:00+00:00,0.0
3491,2013-04-11 00:00:00+00:00,0.0
3491,2013-04-11 00:30:00+00:00,0.0
3491,2013-04-11 01:00:00+00:00,0.0
3491,2013-04-11 01:30:00+00:00,0.0
3491,2013-04-11 02:00:00+00:00,0.0
3491,2013-04-11 02:30:00+00:00,0.0
3491,2013-04-11 03:00:00+00:00,0.0
3491,2013-04-11 03:30:00+00:00,0.0
3491,2013-04-11 04:00:00+00:00,0.0
3491,2013-04-11 04:30:00+00:00,0.0
3491,2013-04-11 05:00:00+00:00,0.0
3491,2013-04-11 05:30:00+00:00,0.0
3491,2013-04-11 06:00:00+00:00,0.0
3491,2013-04-11 06:30:00+00:00,0.0
3491,2013-04-11 07:00:00+00:00,5.35
3491,2013-04-11 07:30:00+00:00,17.91
3491,2013-04-11 08:00:00+00:00,26.73
3491,2013-04-11 08:30:00+00:00,33.45
3491,2013-04-11 09:00:00+00:00,31.79
3491,2013-04-11 09:30:00+00:00,47.35
3491,2013-04-11 10:00:00+00:00,81.9
3491,2013-04-11 10:30:00+00:00,110.33
3491,2013-04-11 11:00:00+00:00,98.71
3491,2013-04-11 11:30:00+00:00,129.1
3491,2013-04-11 12:00:00+00:00,165.73
3491,2013-04-11 12:30:00+00:00,160.66
3491,2013-04-11 13:00:00+00:00,191.02
3491,2013-04-11 13:30:00+00:00,181.38
3491,2013-04-11 14:00:00+00:00,211.66
3491,2013-04-11 14:30:00+00:00,378.11
3491,2013-04-11 15:00:00+00:00,287.41
3491,2013-04-11 15:30:00+00:00,277.93
3491,2013-04-11 16:00:00+00:00,254.16
3491,2013-04-11 16:30:00+00:00,203.43
3491,2013-04-11 17:00:00+00:00,161.28
3491,2013-04-11 17:30:00+00:00,92.86
3491,2013-04-11 18:00:00+00:00,35.86
3491,2013-04-11 18:30:00+00:00,12.13
3491,2013-04-11 19:00:00+00:00,0.0
3491,2013-04-11 19:30:00+00:00,0.0
3491,2013-04-11 20:00:00+00:00,0.0
3491,2013-04-11 20:30:00+00:00,0.0
3491,2013-04-11 21:00:00+00:00,0.0
3491,2013-04-11 21:30:00+00:00,0.0
3491,2013-04-11 22:00:00+00:00,0.0
3491,2013-04-11 22:30:00+00:00,0.0
3491,2013-04-11 23:00:00+00:00,0.0
3491,2013-04-11 23:30:00+00:00,0.0
3491,2013-04-12 00:00:00+00:00,0.0
3491,2013-04-12 00:30:00+00:00,0.0
3491,2013-04-12 01:00:00+00:00,0.0
3491,2013-04-12 01:30:00+00:00,0.0
3491,2013-04-12 02:00:00+00:00,0.0
3491,2013-04-12 02:30:00+00:00,0.0
3491,2013-04-12 03:00:00+00:00,0.0
3491,2013-04-12 03:30:00+00:00,0.0
3491,2013-04-12 04:00:00+00:00,0.0
3491,2013-04-12 04:30:00+00:00,0.0
3491,2013-04-12 05:00:00+00:00,0.0
3491,2013-04-12 05:30:00+00:00,0.0
3491,2013-04-12 06:00:00+00:00,1.43
3491,2013-04-12 06:30:00+00:00,15.75
3491,2013-04-12 07:00:00+00:00,72.82
3491,2013-04-12 07:30:00+00:00,160.68
3491,2013-04-12 08:00:00+00:00,269.61
3491,2013-04-12 08:30:00+00:00,208.68
3491,2013-04-12 09:00:00+00:00,675.95
3491,2013-04-12 09:30:00+00:00,385.93
3491,2013-04-12 10:00:00+00:00,204.51
3491,2013-04-12 10:30:00+00:00,357.14
3491,2013-04-12 11:00:00+00:00,740.6
3491,2013-04-12 11:30:00+00:00,541.1
3491,2013-04-12 12:00:00+00:00,153.09
3491,2013-04-12 12:30:00+00:00,715.45
3491,2013-04-12 13:00:00+00:00,434.36
3491,2013-04-12 13:30:00+00:00,597.35
3491,2013-04-12 14:00:00+00:00,48.71
3491,2013-04-12 14:30:00+00:00,155.5
3491,2013-04-12 15:00:00+00:00,132.17
3491,2013-04-12 15:30:00+00:00,292.41
3491,2013-04-12 16:00:00+00:00,130.56
3491,2013-04-12 16:30:00+00:00,155.99
3491,2013-04-12 17:00:00+00:00,100.24
3491,2013-04-12 17:30:00+00:00,46.51
3491,2013-04-12 18:00:00+00:00,12.69
3491,2013-04-12 18:30:00+00:00,11.68
3491,2013-04-12 19:00:00+00:00,0.0
3491,2013-04-12 19:30:00+00:00,0.0
3491,2013-04-12 20:00:00+00:00,0.0
3491,2013-04-12 20:30:00+00:00,0.0
3491,2013-04-12 21:00:00+00:00,0.0
3491,2013-04-12 21:30:00+00:00,0.0
3491,2013-04-12 22:00:00+00:00,0.0
3491,2013-04-12 22:30:00+00:00,0.0
3491,2013-04-12 23:00:00+00:00,0.0
3491,2013-04-12 23:30:00+00:00,0.0
3491,2013-04-13 00:00:00+00:00,0.0
3491,2013-04-13 00:30:00+00:00,0.0
3491,2013-04-13 01:00:00+00:00,0.0
3491,2013-04-13 01:30:00+00:00,0.0
3491,2013-04-13 02:00:00+00:00,0.0
3491,2013-04-13 02:30:00+00:00,0.0
3491,2013-04-13 03:00:00+00:00,0.0
3491,2013-04-13 03:30:00+00:00,0.0
3491,2013-04-13 04:00:00+00:00,0.0
3491,2013-04-13 04:30:00+00:00,0.0
3491,2013-04-13 05:00:00+00:00,0.0
3491,2013-04-13 05:30:00+00:00,0.0
3491,2013-04-13 06:00:00+00:00,27.25
3491,2013-04-13 06:30:00+00:00,71.34
3491,2013-04-13 07:00:00+00:00,114.15
3491,2013-04-13 07:30:00+00:00,198.23
3491,2013-04-13 08:00:00+00:00,244.88
3491,2013-04-13 08:30:00+00:00,583.75
3491,2013-04-13 09:00:00+00:00,975.8
3491,2013-04-13 09:30:00+00:00,993.85
3491,2013-04-13 10:00:00+00:00,654.95
3491,2013-04-13 10:30:00+00:00,686.8
3491,2013-04-13 11:00:00+00:00,393.62
3491,2013-04-13 11:30:00+00:00,278.82
3491,2013-04-13 12:00:00+00:00,359.9
3491,2013-04-13 12:30:00+00:00,271.39
3491,2013-04-13 13:00:00+00:00,212.44
3491,2013-04-13 13:30:00+00:00,184.34
3491,2013-04-13 14:00:00+00:00,140.7
3491,2013-04-13 14:30:00+00:00,140.95
3491,2013-04-13 15:00:00+00:00,134.54
3491,2013-04-13 15:30:00+00:00,118.0
3491,2013-04-13 16:00:00+00:00,139.91
3491,2013-04-13 16:30:00+00:00,69.3
3491,2013-04-13 17:00:00+00:00,32.55
3491,2013-04-13 17:30:00+00:00,21.16
3491,2013-04-13 18:00:00+00:00,9.55
3491,2013-04-13 18:30:00+00:00,0.0
3491,2013-04-13 19:00:00+00:00,0.0
3491,2013-04-13 19:30:00+00:00,0.0
3491,2013-04-13 20:00:00+00:00,0.0
3491,2013-04-13 20:30:00+00:00,0.0
3491,2013-04-13 21:00:00+00:00,0.0
3491,2013-04-13 21:30:00+00:00,0.0
3491,2013-04-13 22:00:00+00:00,0.0
3491,2013-04-13 22:30:00+00:00,0.0
3491,2013-04-13 23:00:00+00:00,0.0
3491,2013-04-13 23:30:00+00:00,0.0
3491,2013-04-14 00:00:00+00:00,0.0
3491,2013-04-14 00:30:00+00:00,0.0
3491,2013-04-14 01:00:00+00:00,0.0
3491,2013-04-14 01:30:00+00:00,0.0
3491,2013-04-14 02:00:00+00:00,0.0
3491,2013-04-14 02:30:00+00:00,0.0
3491,2013-04-14 03:00:00+00:00,0.0
3491,2013-04-14 03:30:00+00:00,0.0
3491,2013-04-14 04:00:00+00:00,0.0
3491,2013-04-14 04:30:00+00:00,0.0
3491,2013-04-14 05:00:00+00:00,0.0
3491,2013-04-14 05:30:00+00:00,0.0
3491,2013-04-14 06:00:00+00:00,8.6
3491,2013-04-14 06:30:00+00:00,54.66
3491,2013-04-14 07:00:00+00:00,127.54
3491,2013-04-14 07:30:00+00:00,219.15
3491,2013-04-14 08:00:00+00:00,270.51
3491,2013-04-14 08:30:00+00:00,212.81
3491,2013-04-14 09:00:00+00:00,591.6
3491,2013-04-14 09:30:00+00:00,984.35
3491,2013-04-14 10:00:00+00:00,1053.65
3491,2013-04-14 10:30:00+00:00,1098.2
3491,2013-04-14 11:00:00+00:00,1139.1
3491,2013-04-14 11:30:00+00:00,895.25
3491,2013-04-14 12:00:00+00:00,533.2
3491,2013-04-14 12:30:00+00:00,644.7
3491,2013-04-14 13:00:00+00:00,870.85
3491,2013-04-14 13:30:00+00:00,843.05
3491,2013-04-14 14:00:00+00:00,746.5
3491,2013-04-14 14:30:00+00:00,628.3
3491,2013-04-14 15:00:00+00:00,483.51
3491,2013-04-14 15:30:00+00:00,393.2
3491,2013-04-14 16:00:00+00:00,186.55
3491,2013-04-14 16:30:00+00:00,74.21
3491,2013-04-14 17:00:00+00:00,93.01
3491,2013-04-14 17:30:00+00:00,83.89
3491,2013-04-14 18:00:00+00:00,58.08
3491,2013-04-14 18:30:00+00:00,20.15
3491,2013-04-14 19:00:00+00:00,0.41
3491,2013-04-14 19:30:00+00:00,0.0
3491,2013-04-14 20:00:00+00:00,0.0
3491,2013-04-14 20:30:00+00:00,0.0
3491,2013-04-14 21:00:00+00:00,0.0
3491,2013-04-14 21:30:00+00:00,0.0
3491,2013-04-14 22:00:00+00:00,0.0
3491,2013-04-14 22:30:00+00:00,0.0
3491,2013-04-14 23:00:00+00:00,0.0
3491,2013-04-14 23:30:00+00:00,0.0
3491,2013-04-15 00:00:00+00:00,0.0
3491,2013-04-15 00:30:00+00:00,0.0
3491,2013-04-15 01:00:00+00:00,0.0
3491,2013-04-15 01:30:00+00:00,0.0
3491,2013-04-15 02:00:00+00:00,0.0
3491,2013-04-15 02:30:00+00:00,0.0
3491,2013-04-15 03:00:00+00:00,0.0
3491,2013-04-15 03:30:00+00:00,0.0
3491,2013-04-15 04:00:00+00:00,0.0
3491,2013-04-15 04:30:00+00:00,0.0
3491,2013-04-15 05:00:00+00:00,0.0
3491,2013-04-15 05:30:00+00:00,0.0
3491,2013-04-15 06:00:00+00:00,17.08
3491,2013-04-15 06:30:00+00:00,87.0
3491,2013-04-15 07:00:00+00:00,157.38
3491,2013-04-15 07:30:00+00:00,256.82
3491,2013-04-15 08:00:00+00:00,381.71
3491,2013-04-15 08:30:00+00:00,716.9
3491,2013-04-15 09:00:00+00:00,890.15
3491,2013-04-15 09:30:00+00:00,822.4
3491,2013-04-15 10:00:00+00:00,935.95
3491,2013-04-15 10:30:00+00:00,626.6
3491,2013-04-15 11:00:00+00:00,909.1
3491,2013-04-15 11:30:00+00:00,651.65
3491,2013-04-15 12:00:00+00:00,387.61
3491,2013-04-15 12:30:00+00:00,523.8
3491,2013-04-15 13:00:00+00:00,547.9
3491,2013-04-15 13:30:00+00:00,501.8
3491,2013-04-15 14:00:00+00:00,490.94
3491,2013-04-15 14:30:00+00:00,444.62
3491,2013-04-15 15:00:00+00:00,397.74
3491,2013-04-15 15:30:00+00:00,246.4
3491,2013-04-15 16:00:00+00:00,201.09
3491,2013-04-15 16:30:00+00:00,153.35
3491,2013-04-15 17:00:00+00:00,103.75
3491,2013-04-15 17:30:00+00:00,48.3
3491,2013-04-15 18:00:00+00:00,52.72
3491,2013-04-15 18:30:00+00:00,17.04
3491,2013-04-15 19:00:00+00:00,0.16
3491,2013-04-15 19:30:00+00:00,0.0
3491,2013-04-15 20:00:00+00:00,0.0
3491,2013-04-15 20:30:00+00:00,0.0
3491,2013-04-15 21:00:00+00:00,0.0
3491,2013-04-15 21:30:00+00:00,0.0
3491,2013-04-15 22:00:00+00:00,0.0
3491,2013-04-15 22:30:00+00:00,0.0
3491,2013-04-15 23:00:00+00:00,0.0
3491,2013-04-15 23:30:00+00:00,0.0
3491,2013-04-16 00:00:00+00:00,0.0
3491,2013-04-16 00:30:00+00:00,0.0
3491,2013-04-16 01:00:00+00:00,0.0
3491,2013-04-16 01:30:00+00:00,0.0
3491,2013-04-16 02:00:00+00:00,0.0
3491,2013-04-16 02:30:00+00:00,0.0
3491,2013-04-16 03:00:00+00:00,0.0
3491,2013-04-16 03:30:00+00:00,0.0
3491,2013-04-16 04:00:00+00:00,0.0
3491,2013-04-16 04:30:00+00:00,0.0
3491,2013-04-16 05:00:00+00:00,0.0
3491,2013-04-16 05:30:00+00:00,0.0
3491,2013-04-16 06:00:00+00:00,0.0
3491,2013-04-16 06:30:00+00:00,9.99
3491,2013-04-16 07:00:00+00:00,51.18
3491,2013-04-16 07:30:00+00:00,45.74
3491,2013-04-16 08:00:00+00:00,209.99
3491,2013-04-16 08:30:00+00:00,429.44
3491,2013-04-16 09:00:00+00:00,389.59
3491,2013-04-16 09:30:00+00:00,557.85
3491,2013-04-16 10:00:00+00:00,425.67
3491,2013-04-16 10:30:00+00:00,293.28
3491,2013-04-16 11:00:00+00:00,480.28
3491,2013-04-16 11:30:00+00:00,466.63
3491,2013-04-16 12:00:00+00:00,398.06
3491,2013-04-16 12:30:00+00:00,366.39
3491,2013-04-16 13:00:00+00:00,534.6
3491,2013-04-16 13:30:00+00:00,480.92
3491,2013-04-16 14:00:00+00:00,659.5
3491,2013-04-16 14:30:00+00:00,664.8
3491,2013-04-16 15:00:00+00:00,561.0
3491,2013-04-16 15:30:00+00:00,380.67
3491,2013-04-16 16:00:00+00:00,221.09
3491,2013-04-16 16:30:00+00:00,104.08
3491,2013-04-16 17:00:00+00:00,66.06
3491,2013-04-16 17:30:00+00:00,47.58
3491,2013-04-16 18:00:00+00:00,30.58
3491,2013-04-16 18:30:00+00:00,10.89
3491,2013-04-16 19:00:00+00:00,1.62
3491,2013-04-16 19:30:00+00:00,0.0
3491,2013-04-16 20:00:00+00:00,0.0
3491,2013-04-16 20:30:00+00:00,0.0
3491,2013-04-16 21:00:00+00:00,0.0
3491,2013-04-16 21:30:00+00:00,0.0
3491,2013-04-16 22:00:00+00:00,0.0
3491,2013-04-16 22:30:00+00:00,0.0
3491,2013-04-16 23:00:00+00:00,0.0
3491,2013-04-16 23:30:00+00:00,0.0
3491,2013-04-17 00:00:00+00:00,0.0
3491,2013-04-17 00:30:00+00:00,0.0
3491,2013-04-17 01:00:00+00:00,0.0
3491,2013-04-17 01:30:00+00:00,0.0
3491,2013-04-17 02:00:00+00:00,0.0
3491,2013-04-17 02:30:00+00:00,0.0
3491,2013-04-17 03:00:00+00:00,0.0
3491,2013-04-17 03:30:00+00:00,0.0
3491,2013-04-17 04:00:00+00:00,0.0
3491,2013-04-17 04:30:00+00:00,0.0
3491,2013-04-17 05:00:00+00:00,0.0
3491,2013-04-17 05:30:00+00:00,0.29
3491,2013-04-17 06:00:00+00:00,36.23
3491,2013-04-17 06:30:00+00:00,46.94
3491,2013-04-17 07:00:00+00:00,47.49
3491,2013-04-17 07:30:00+00:00,91.13
3491,2013-04-17 08:00:00+00:00,37.47
3491,2013-04-17 08:30:00+00:00,78.26
3491,2013-04-17 09:00:00+00:00,78.53
3491,2013-04-17 09:30:00+00:00,219.56
3491,2013-04-17 10:00:00+00:00,208.76
3491,2013-04-17 10:30:00+00:00,121.63
3491,2013-04-17 11:00:00+00:00,302.05
3491,2013-04-17 11:30:00+00:00,442.72
3491,2013-04-17 12:00:00+00:00,438.27
3491,2013-04-17 12:30:00+00:00,270.51
3491,2013-04-17 13:00:00+00:00,429.6
3491,2013-04-17 13:30:00+00:00,502.5
3491,2013-04-17 14:00:00+00:00,563.7
3491,2013-04-17 14:30:00+00:00,452.6
3491,2013-04-17 15:00:00+00:00,374.17
3491,2013-04-17 15:30:00+00:00,331.87
3491,2013-04-17 16:00:00+00:00,252.19
3491,2013-04-17 16:30:00+00:00,167.92
3491,2013-04-17 17:00:00+00:00,72.84
3491,2013-04-17 17:30:00+00:00,66.31
3491,2013-04-17 18:00:00+00:00,48.45
3491,2013-04-17 18:30:00+00:00,5.83
3491,2013-04-17 19:00:00+00:00,0.0
3491,2013-04-17 19:30:00+00:00,0.0
3491,2013-04-17 20:00:00+00:00,0.0
3491,2013-04-17 20:30:00+00:00,0.0
3491,2013-04-17 21:00:00+00:00,0.0
3491,2013-04-17 21:30:00+00:00,0.0
3491,2013-04-17 22:00:00+00:00,0.0
3491,2013-04-17 22:30:00+00:00,0.0
3491,2013-04-17 23:00:00+00:00,0.0
3491,2013-04-17 23:30:00+00:00,0.0
3491,2013-04-18 00:00:00+00:00,0.0
3491,2013-04-18 00:30:00+00:00,0.0
3491,2013-04-18 01:00:00+00:00,0.0
3491,2013-04-18 01:30:00+00:00,0.0
3491,2013-04-18 02:00:00+00:00,0.0
3491,2013-04-18 02:30:00+00:00,0.0
3491,2013-04-18 03:00:00+00:00,0.0
3491,2013-04-18 03:30:00+00:00,0.0
3491,2013-04-18 04:00:00+00:00,0.0
3491,2013-04-18 04:30:00+00:00,0.0
3491,2013-04-18 05:00:00+00:00,0.0
3491,2013-04-18 05:30:00+00:00,5.7
3491,2013-04-18 06:00:00+00:00,56.22
3491,2013-04-18 06:30:00+00:00,117.23
3491,2013-04-18 07:00:00+00:00,158.7
3491,2013-04-18 07:30:00+00:00,278.01
3491,2013-04-18 08:00:00+00:00,362.13
3491,2013-04-18 08:30:00+00:00,677.75
3491,2013-04-18 09:00:00+00:00,834.2
3491,2013-04-18 09:30:00+00:00,654.05
3491,2013-04-18 10:00:00+00:00,696.45
3491,2013-04-18 10:30:00+00:00,510.0
3491,2013-04-18 11:00:00+00:00,996.1
3491,2013-04-18 11:30:00+00:00,831.8
3491,2013-04-18 12:00:00+00:00,756.1
3491,2013-04-18 12:30:00+00:00,850.7
3491,2013-04-18 13:00:00+00:00,941.3
3491,2013-04-18 13:30:00+00:00,815.05
3491,2013-04-18 14:00:00+00:00,796.7
3491,2013-04-18 14:30:00+00:00,159.88
3491,2013-04-18 15:00:00+00:00,121.89
3491,2013-04-18 15:30:00+00:00,33.52
3491,2013-04-18 16:00:00+00:00,76.52
3491,2013-04-18 16:30:00+00:00,127.84
3491,2013-04-18 17:00:00+00:00,56.0
3491,2013-04-18 17:30:00+00:00,44.94
3491,2013-04-18 18:00:00+00:00,36.66
3491,2013-04-18 18:30:00+00:00,32.8
3491,2013-04-18 19:00:00+00:00,15.89
3491,2013-04-18 19:30:00+00:00,0.0
3491,2013-04-18 20:00:00+00:00,0.0
3491,2013-04-18 20:30:00+00:00,0.0
3491,2013-04-18 21:00:00+00:00,0.0
3491,2013-04-18 21:30:00+00:00,0.0
3491,2013-04-18 22:00:00+00:00,0.0
3491,2013-04-18 22:30:00+00:00,0.0
3491,2013-04-18 23:00:00+00:00,0.0
3491,2013-04-18 23:30:00+00:00,0.0
3491,2013-04-19 00:00:00+00:00,0.0
3491,2013-04-19 00:30:00+00:00,0.0
3491,2013-04-19 01:00:00+00:00,0.0
3491,2013-04-19 01:30:00+00:00,0.0
3491,2013-04-19 02:00:00+00:00,0.0
3491,2013-04-19 02:30:00+00:00,0.0
3491,2013-04-19 03:00:00+00:00,0.0
3491,2013-04-19 03:30:00+00:00,0.0
3491,2013-04-19 04:00:00+00:00,0.0
3491,2013-04-19 04:30:00+00:00,0.0
3491,2013-04-19 05:00:00+00:00,0.0
3491,2013-04-19 05:30:00+00:00,0.0
3491,2013-04-19 06:00:00+00:00,3.41
3491,2013-04-19 06:30:00+00:00,25.64
3491,2013-04-19 07:00:00+00:00,42.33
3491,2013-04-19 07:30:00+00:00,79.53
3491,2013-04-19 08:00:00+00:00,218.3
3491,2013-04-19 08:30:00+00:00,414.45
3491,2013-04-19 09:00:00+00:00,227.84
3491,2013-04-19 09:30:00+00:00,254.12
3491,2013-04-19 10:00:00+00:00,251.38
3491,2013-04-19 10:30:00+00:00,593.9
3491,2013-04-19 11:00:00+00:00,449.0
3491,2013-04-19 11:30:00+00:00,354.96
3491,2013-04-19 12:00:00+00:00,351.97
3491,2013-04-19 12:30:00+00:00,181.57
3491,2013-04-19 13:00:00+00:00,261.8
3491,2013-04-19 13:30:00+00:00,298.46
3491,2013-04-19 14:00:00+00:00,240.25
3491,2013-04-19 14:30:00+00:00,257.71
3491,2013-04-19 15:00:00+00:00,129.51
3491,2013-04-19 15:30:00+00:00,142.38
3491,2013-04-19 16:00:00+00:00,198.74
3491,2013-04-19 16:30:00+00:00,174.5
3491,2013-04-19 17:00:00+00:00,132.82
3491,2013-04-19 17:30:00+00:00,96.09
3491,2013-04-19 18:00:00+00:00,79.14
3491,2013-04-19 18:30:00+00:00,37.72
3491,2013-04-19 19:00:00+00:00,3.55
3491,2013-04-19 19:30:00+00:00,0.0
3491,2013-04-19 20:00:00+00:00,0.0
3491,2013-04-19 20:30:00+00:00,0.0
3491,2013-04-19 21:00:00+00:00,0.0
3491,2013-04-19 21:30:00+00:00,0.0
3491,2013-04-19 22:00:00+00:00,0.0
3491,2013-04-19 22:30:00+00:00,0.0
3491,2013-04-19 23:00:00+00:00,0.0
3491,2013-04-19 23:30:00+00:00,0.0
3491,2013-04-20 00:00:00+00:00,0.0
3491,2013-04-20 00:30:00+00:00,0.0
3491,2013-04-20 01:00:00+00:00,0.0
3491,2013-04-20 01:30:00+00:00,0.0
3491,2013-04-20 02:00:00+00:00,0.0
3491,2013-04-20 02:30:00+00:00,0.0
3491,2013-04-20 03:00:00+00:00,0.0
3491,2013-04-20 03:30:00+00:00,0.0
3491,2013-04-20 04:00:00+00:00,0.0
3491,2013-04-20 04:30:00+00:00,0.0
3491,2013-04-20 05:00:00+00:00,0.0
3491,2013-04-20 05:30:00+00:00,13.82
3491,2013-04-20 06:00:00+00:00,68.02
3491,2013-04-20 06:30:00+00:00,114.31
3491,2013-04-20 07:00:00+00:00,169.35
3491,2013-04-20 07:30:00+00:00,272.33
3491,2013-04-20 08:00:00+00:00,331.8
3491,2013-04-20 08:30:00+00:00,711.8
3491,2013-04-20 09:00:00+00:00,1055.85
3491,2013-04-20 09:30:00+00:00,1109.7
3491,2013-04-20 10:00:00+00:00,1145.3
3491,2013-04-20 10:30:00+00:00,1158.15
3491,2013-04-20 11:00:00+00:00,1156.25
3491,2013-04-20 11:30:00+00:00,1135.65
3491,2013-04-20 12:00:00+00:00,1101.55
3491,2013-04-20 12:30:00+00:00,1067.35
3491,2013-04-20 13:00:00+00:00,1014.4
3491,2013-04-20 13:30:00+00:00,927.4
3491,2013-04-20 14:00:00+00:00,828.5
3491,2013-04-20 14:30:00+00:00,708.2
3491,2013-04-20 15:00:00+00:00,564.05
3491,2013-04-20 15:30:00+00:00,398.51
3491,2013-04-20 16:00:00+00:00,226.24
3491,2013-04-20 16:30:00+00:00,88.05
3491,2013-04-20 17:00:00+00:00,47.53
3491,2013-04-20 17:30:00+00:00,39.78
3491,2013-04-20 18:00:00+00:00,29.42
3491,2013-04-20 18:30:00+00:00,16.59
3491,2013-04-20 19:00:00+00:00,1.44
3491,2013-04-20 19:30:00+00:00,0.0
3491,2013-04-20 20:00:00+00:00,0.0
3491,2013-04-20 20:30:00+00:00,0.0
3491,2013-04-20 21:00:00+00:00,0.0
3491,2013-04-20 21:30:00+00:00,0.0
3491,2013-04-20 22:00:00+00:00,0.0
3491,2013-04-20 22:30:00+00:00,0.0
3491,2013-04-20 23:00:00+00:00,0.0
3491,2013-04-20 23:30:00+00:00,0.0
3491,2013-04-21 00:00:00+00:00,0.0
3491,2013-04-21 00:30:00+00:00,0.0
3491,2013-04-21 01:00:00+00:00,0.0
3491,2013-04-21 01:30:00+00:00,0.0
3491,2013-04-21 02:00:00+00:00,0.0
3491,2013-04-21 02:30:00+00:00,0.0
3491,2013-04-21 03:00:00+00:00,0.0
3491,2013-04-21 03:30:00+00:00,0.0
3491,2013-04-21 04:00:00+00:00,0.0
3491,2013-04-21 04:30:00+00:00,0.0
3491,2013-04-21 05:00:00+00:00,0.0
3491,2013-04-21 05:30:00+00:00,20.36
3491,2013-04-21 06:00:00+00:00,82.04
3491,2013-04-21 06:30:00+00:00,167.07
3491,2013-04-21 07:00:00+00:00,207.52
3491,2013-04-21 07:30:00+00:00,280.55
3491,2013-04-21 08:00:00+00:00,367.89
3491,2013-04-21 08:30:00+00:00,531.75
3491,2013-04-21 09:00:00+00:00,1003.3
3491,2013-04-21 09:30:00+00:00,1080.35
3491,2013-04-21 10:00:00+00:00,1090.35
3491,2013-04-21 10:30:00+00:00,1097.85
3491,2013-04-21 11:00:00+00:00,1091.4
3491,2013-04-21 11:30:00+00:00,1073.0
3491,2013-04-21 12:00:00+00:00,1037.85
3491,2013-04-21 12:30:00+00:00,996.95
3491,2013-04-21 13:00:00+00:00,917.45
3491,2013-04-21 13:30:00+00:00,870.25
3491,2013-04-21 14:00:00+00:00,784.1
3491,2013-04-21 14:30:00+00:00,641.45
3491,2013-04-21 15:00:00+00:00,333.86
3491,2013-04-21 15:30:00+00:00,185.2
3491,2013-04-21 16:00:00+00:00,257.99
3491,2013-04-21 16:30:00+00:00,171.97
3491,2013-04-21 17:00:00+00:00,150.85
3491,2013-04-21 17:30:00+00:00,114.86
3491,2013-04-21 18:00:00+00:00,67.05
3491,2013-04-21 18:30:00+00:00,16.3
3491,2013-04-21 19:00:00+00:00,0.0
3491,2013-04-21 19:30:00+00:00,0.0
3491,2013-04-21 20:00:00+00:00,0.0
3491,2013-04-21 20:30:00+00:00,0.0
3491,2013-04-21 21:00:00+00:00,0.0
3491,2013-04-21 21:30:00+00:00,0.0
3491,2013-04-21 22:00:00+00:00,0.0
3491,2013-04-21 22:30:00+00:00,0.0
3491,2013-04-21 23:00:00+00:00,0.0
3491,2013-04-21 23:30:00+00:00,0.0
3491,2013-04-22 00:00:00+00:00,0.0
3491,2013-04-22 00:30:00+00:00,0.0
3491,2013-04-22 01:00:00+00:00,0.0
3491,2013-04-22 01:30:00+00:00,0.0
3491,2013-04-22 02:00:00+00:00,0.0
3491,2013-04-22 02:30:00+00:00,0.0
3491,2013-04-22 03:00:00+00:00,0.0
3491,2013-04-22 03:30:00+00:00,0.0
3491,2013-04-22 04:00:00+00:00,0.0
3491,2013-04-22 04:30:00+00:00,0.0
3491,2013-04-22 05:00:00+00:00,0.0
3491,2013-04-22 05:30:00+00:00,0.0
3491,2013-04-22 06:00:00+00:00,13.48
3491,2013-04-22 06:30:00+00:00,73.86
3491,2013-04-22 07:00:00+00:00,119.85
3491,2013-04-22 07:30:00+00:00,103.48
3491,2013-04-22 08:00:00+00:00,332.79
3491,2013-04-22 08:30:00+00:00,493.75
3491,2013-04-22 09:00:00+00:00,370.51
3491,2013-04-22 09:30:00+00:00,609.1
3491,2013-04-22 10:00:00+00:00,478.39
3491,2013-04-22 10:30:00+00:00,739.1
3491,2013-04-22 11:00:00+00:00,828.75
3491,2013-04-22 11:30:00+00:00,807.25
3491,2013-04-22 12:00:00+00:00,700.95
3491,2013-04-22 12:30:00+00:00,673.5
3491,2013-04-22 13:00:00+00:00,619.75
3491,2013-04-22 13:30:00+00:00,689.1
3491,2013-04-22 14:00:00+00:00,502.9
3491,2013-04-22 14:30:00+00:00,322.18
3491,2013-04-22 15:00:00+00:00,179.13
3491,2013-04-22 15:30:00+00:00,168.91
3491,2013-04-22 16:00:00+00:00,183.29
3491,2013-04-22 16:30:00+00:00,100.26
3491,2013-04-22 17:00:00+00:00,52.68
3491,2013-04-22 17:30:00+00:00,49.01
3491,2013-04-22 18:00:00+00:00,18.96
3491,2013-04-22 18:30:00+00:00,4.0
3491,2013-04-22 19:00:00+00:00,0.0
3491,2013-04-22 19:30:00+00:00,0.0
3491,2013-04-22 20:00:00+00:00,0.0
3491,2013-04-22 20:30:00+00:00,0.0
3491,2013-04-22 21:00:00+00:00,0.0
3491,2013-04-22 21:30:00+00:00,0.0
3491,2013-04-22 22:00:00+00:00,0.0
3491,2013-04-22 22:30:00+00:00,0.0
3491,2013-04-22 23:00:00+00:00,0.0
3491,2013-04-22 23:30:00+00:00,0.0
3491,2013-04-23 00:00:00+00:00,0.0
3491,2013-04-23 00:30:00+00:00,0.0
3491,2013-04-23 01:00:00+00:00,0.0
3491,2013-04-23 01:30:00+00:00,0.0
3491,2013-04-23 02:00:00+00:00,0.0
3491,2013-04-23 02:30:00+00:00,0.0
3491,2013-04-23 03:00:00+00:00,0.0
3491,2013-04-23 03:30:00+00:00,0.0
3491,2013-04-23 04:00:00+00:00,0.0
3491,2013-04-23 04:30:00+00:00,0.0
3491,2013-04-23 05:00:00+00:00,0.0
3491,2013-04-23 05:30:00+00:00,7.72
3491,2013-04-23 06:00:00+00:00,61.38
3491,2013-04-23 06:30:00+00:00,128.81
3491,2013-04-23 07:00:00+00:00,165.31
3491,2013-04-23 07:30:00+00:00,253.77
3491,2013-04-23 08:00:00+00:00,371.04
3491,2013-04-23 08:30:00+00:00,613.5
3491,2013-04-23 09:00:00+00:00,995.8
3491,2013-04-23 09:30:00+00:00,1039.0
3491,2013-04-23 10:00:00+00:00,1051.95
3491,2013-04-23 10:30:00+00:00,1062.0
3491,2013-04-23 11:00:00+00:00,1054.7
3491,2013-04-23 11:30:00+00:00,1056.2
3491,2013-04-23 12:00:00+00:00,1019.75
3491,2013-04-23 12:30:00+00:00,986.35
3491,2013-04-23 13:00:00+00:00,921.85
3491,2013-04-23 13:30:00+00:00,847.0
3491,2013-04-23 14:00:00+00:00,745.4
3491,2013-04-23 14:30:00+00:00,549.9
3491,2013-04-23 15:00:00+00:00,503.05
3491,2013-04-23 15:30:00+00:00,377.59
3491,2013-04-23 16:00:00+00:00,231.36
3491,2013-04-23 16:30:00+00:00,96.67
3491,2013-04-23 17:00:00+00:00,54.94
3491,2013-04-23 17:30:00+00:00,43.59
3491,2013-04-23 18:00:00+00:00,30.54
3491,2013-04-23 18:30:00+00:00,19.2
3491,2013-04-23 19:00:00+00:00,2.68
3491,2013-04-23 19:30:00+00:00,0.0
3491,2013-04-23 20:00:00+00:00,0.0
3491,2013-04-23 20:30:00+00:00,0.0
3491,2013-04-23 21:00:00+00:00,0.0
3491,2013-04-23 21:30:00+00:00,0.0
3491,2013-04-23 22:00:00+00:00,0.0
3491,2013-04-23 22:30:00+00:00,0.0
3491,2013-04-23 23:00:00+00:00,0.0
3491,2013-04-23 23:30:00+00:00,0.0
3491,2013-04-24 00:00:00+00:00,0.0
3491,2013-04-24 00:30:00+00:00,0.0
3491,2013-04-24 01:00:00+00:00,0.0
3491,2013-04-24 01:30:00+00:00,0.0
3491,2013-04-24 02:00:00+00:00,0.0
3491,2013-04-24 02:30:00+00:00,0.0
3491,2013-04-24 03:00:00+00:00,0.0
3491,2013-04-24 03:30:00+00:00,0.0
3491,2013-04-24 04:00:00+00:00,0.0
3491,2013-04-24 04:30:00+00:00,0.0
3491,2013-04-24 05:00:00+00:00,0.0
3491,2013-04-24 05:30:00+00:00,15.49
3491,2013-04-24 06:00:00+00:00,54.86
3491,2013-04-24 06:30:00+00:00,89.9
3491,2013-04-24 07:00:00+00:00,121.39
3491,2013-04-24 07:30:00+00:00,235.44
3491,2013-04-24 08:00:00+00:00,292.12
3491,2013-04-24 08:30:00+00:00,742.1
3491,2013-04-24 09:00:00+00:00,1022.5
3491,2013-04-24 09:30:00+00:00,897.25
3491,2013-04-24 10:00:00+00:00,785.75
3491,2013-04-24 10:30:00+00:00,1128.35
3491,2013-04-24 11:00:00+00:00,1005.25
3491,2013-04-24 11:30:00+00:00,907.2
3491,2013-04-24 12:00:00+00:00,719.35
3491,2013-04-24 12:30:00+00:00,752.45
3491,2013-04-24 13:00:00+00:00,695.25
3491,2013-04-24 13:30:00+00:00,708.85
3491,2013-04-24 14:00:00+00:00,735.5
3491,2013-04-24 14:30:00+00:00,499.37
3491,2013-04-24 15:00:00+00:00,263.83
3491,2013-04-24 15:30:00+00:00,243.03
3491,2013-04-24 16:00:00+00:00,202.59
3491,2013-04-24 16:30:00+00:00,140.34
3491,2013-04-24 17:00:00+00:00,123.73
3491,2013-04-24 17:30:00+00:00,85.85
3491,2013-04-24 18:00:00+00:00,40.8
3491,2013-04-24 18:30:00+00:00,10.84
3491,2013-04-24 19:00:00+00:00,0.0
3491,2013-04-24 19:30:00+00:00,0.0
3491,2013-04-24 20:00:00+00:00,0.0
3491,2013-04-24 20:30:00+00:00,0.0
3491,2013-04-24 21:00:00+00:00,0.0
3491,2013-04-24 21:30:00+00:00,0.0
3491,2013-04-24 22:00:00+00:00,0.0
3491,2013-04-24 22:30:00+00:00,0.0
3491,2013-04-24 23:00:00+00:00,0.0
3491,2013-04-24 23:30:00+00:00,0.0
3491,2013-04-25 00:00:00+00:00,0.0
3491,2013-04-25 00:30:00+00:00,0.0
3491,2013-04-25 01:00:00+00:00,0.0
3491,2013-04-25 01:30:00+00:00,0.0
3491,2013-04-25 02:00:00+00:00,0.0
3491,2013-04-25 02:30:00+00:00,0.0
3491,2013-04-25 03:00:00+00:00,0.0
3491,2013-04-25 03:30:00+00:00,0.0
3491,2013-04-25 04:00:00+00:00,0.0
3491,2013-04-25 04:30:00+00:00,0.0
3491,2013-04-25 05:00:00+00:00,0.0
3491,2013-04-25 05:30:00+00:00,15.52
3491,2013-04-25 06:00:00+00:00,40.65
3491,2013-04-25 06:30:00+00:00,119.39
3491,2013-04-25 07:00:00+00:00,150.26
3491,2013-04-25 07:30:00+00:00,311.39
3491,2013-04-25 08:00:00+00:00,296.92
3491,2013-04-25 08:30:00+00:00,311.61
3491,2013-04-25 09:00:00+00:00,604.6
3491,2013-04-25 09:30:00+00:00,796.15
3491,2013-04-25 10:00:00+00:00,1068.05
3491,2013-04-25 10:30:00+00:00,872.7
3491,2013-04-25 11:00:00+00:00,1037.3
3491,2013-04-25 11:30:00+00:00,1017.2
3491,2013-04-25 12:00:00+00:00,821.95
3491,2013-04-25 12:30:00+00:00,868.6
3491,2013-04-25 13:00:00+00:00,819.5
3491,2013-04-25 13:30:00+00:00,630.45
3491,2013-04-25 14:00:00+00:00,683.3
3491,2013-04-25 14:30:00+00:00,619.9
3491,2013-04-25 15:00:00+00:00,395.51
3491,2013-04-25 15:30:00+00:00,350.54
3491,2013-04-25 16:00:00+00:00,279.65
3491,2013-04-25 16:30:00+00:00,127.58
3491,2013-04-25 17:00:00+00:00,114.24
3491,2013-04-25 17:30:00+00:00,77.42
3491,2013-04-25 18:00:00+00:00,31.0
3491,2013-04-25 18:30:00+00:00,19.91
3491,2013-04-25 19:00:00+00:00,2.46
3491,2013-04-25 19:30:00+00:00,0.0
3491,2013-04-25 20:00:00+00:00,0.0
3491,2013-04-25 20:30:00+00:00,0.0
3491,2013-04-25 21:00:00+00:00,0.0
3491,2013-04-25 21:30:00+00:00,0.0
3491,2013-04-25 22:00:00+00:00,0.0
3491,2013-04-25 22:30:00+00:00,0.0
3491,2013-04-25 23:00:00+00:00,0.0
3491,2013-04-25 23:30:00+00:00,0.0
3491,2013-04-26 00:00:00+00:00,0.0
3491,2013-04-26 00:30:00+00:00,0.0
3491,2013-04-26 01:00:00+00:00,0.0
3491,2013-04-26 01:30:00+00:00,0.0
3491,2013-04-26 02:00:00+00:00,0.0
3491,2013-04-26 02:30:00+00:00,0.0
3491,2013-04-26 03:00:00+00:00,0.0
3491,2013-04-26 03:30:00+00:00,0.0
3491,2013-04-26 04:00:00+00:00,0.0
3491,2013-04-26 04:30:00+00:00,0.0
3491,2013-04-26 05:00:00+00:00,0.0
3491,2013-04-26 05:30:00+00:00,0.0
3491,2013-04-26 06:00:00+00:00,0.0
3491,2013-04-26 06:30:00+00:00,2.48
3491,2013-04-26 07:00:00+00:00,14.86
3491,2013-04-26 07:30:00+00:00,29.18
3491,2013-04-26 08:00:00+00:00,43.51
3491,2013-04-26 08:30:00+00:00,67.91
3491,2013-04-26 09:00:00+00:00,103.95
3491,2013-04-26 09:30:00+00:00,78.69
3491,2013-04-26 10:00:00+00:00,229.65
3491,2013-04-26 10:30:00+00:00,714.5
3491,2013-04-26 11:00:00+00:00,944.5
3491,2013-04-26 11:30:00+00:00,699.35
3491,2013-04-26 12:00:00+00:00,559.3
3491,2013-04-26 12:30:00+00:00,280.67
3491,2013-04-26 13:00:00+00:00,426.15
3491,2013-04-26 13:30:00+00:00,611.8
3491,2013-04-26 14:00:00+00:00,151.45
3491,2013-04-26 14:30:00+00:00,347.22
3491,2013-04-26 15:00:00+00:00,370.01
3491,2013-04-26 15:30:00+00:00,285.64
3491,2013-04-26 16:00:00+00:00,272.31
3491,2013-04-26 16:30:00+00:00,179.37
3491,2013-04-26 17:00:00+00:00,73.04
3491,2013-04-26 17:30:00+00:00,112.88
3491,2013-04-26 18:00:00+00:00,26.61
3491,2013-04-26 18:30:00+00:00,26.34
3491,2013-04-26 19:00:00+00:00,6.06
3491,2013-04-26 19:30:00+00:00,0.0
3491,2013-04-26 20:00:00+00:00,0.0
3491,2013-04-26 20:30:00+00:00,0.0
3491,2013-04-26 21:00:00+00:00,0.0
3491,2013-04-26 21:30:00+00:00,0.0
3491,2013-04-26 22:00:00+00:00,0.0
3491,2013-04-26 22:30:00+00:00,0.0
3491,2013-04-26 23:00:00+00:00,0.0
3491,2013-04-26 23:30:00+00:00,0.0
3491,2013-04-27 00:00:00+00:00,0.0
3491,2013-04-27 00:30:00+00:00,0.0
3491,2013-04-27 01:00:00+00:00,0.0
3491,2013-04-27 01:30:00+00:00,0.0
3491,2013-04-27 02:00:00+00:00,0.0
3491,2013-04-27 02:30:00+00:00,0.0
3491,2013-04-27 03:00:00+00:00,0.0
3491,2013-04-27 03:30:00+00:00,0.0
3491,2013-04-27 04:00:00+00:00,0.0
3491,2013-04-27 04:30:00+00:00,0.0
3491,2013-04-27 05:00:00+00:00,0.0
3491,2013-04-27 05:30:00+00:00,14.82
3491,2013-04-27 06:00:00+00:00,56.0
3491,2013-04-27 06:30:00+00:00,109.77
3491,2013-04-27 07:00:00+00:00,117.76
3491,2013-04-27 07:30:00+00:00,175.53
3491,2013-04-27 08:00:00+00:00,256.58
3491,2013-04-27 08:30:00+00:00,208.66
3491,2013-04-27 09:00:00+00:00,389.79
3491,2013-04-27 09:30:00+00:00,172.12
3491,2013-04-27 10:00:00+00:00,179.1
3491,2013-04-27 10:30:00+00:00,379.93
3491,2013-04-27 11:00:00+00:00,589.45
3491,2013-04-27 11:30:00+00:00,469.01
3491,2013-04-27 12:00:00+00:00,225.64
3491,2013-04-27 12:30:00+00:00,546.5
3491,2013-04-27 13:00:00+00:00,763.15
3491,2013-04-27 13:30:00+00:00,634.6
3491,2013-04-27 14:00:00+00:00,595.75
3491,2013-04-27 14:30:00+00:00,372.97
3491,2013-04-27 15:00:00+00:00,35.51
3491,2013-04-27 15:30:00+00:00,7.0
3491,2013-04-27 16:00:00+00:00,89.7
3491,2013-04-27 16:30:00+00:00,173.52
3491,2013-04-27 17:00:00+00:00,109.27
3491,2013-04-27 17:30:00+00:00,79.77
3491,2013-04-27 18:00:00+00:00,66.34
3491,2013-04-27 18:30:00+00:00,20.35
3491,2013-04-27 19:00:00+00:00,0.02
3491,2013-04-27 19:30:00+00:00,0.0
3491,2013-04-27 20:00:00+00:00,0.0
3491,2013-04-27 20:30:00+00:00,0.0
3491,2013-04-27 21:00:00+00:00,0.0
3491,2013-04-27 21:30:00+00:00,0.0
3491,2013-04-27 22:00:00+00:00,0.0
3491,2013-04-27 22:30:00+00:00,0.0
3491,2013-04-27 23:00:00+00:00,0.0
3491,2013-04-27 23:30:00+00:00,0.0
3491,2013-04-28 00:00:00+00:00,0.0
3491,2013-04-28 00:30:00+00:00,0.0
3491,2013-04-28 01:00:00+00:00,0.0
3491,2013-04-28 01:30:00+00:00,0.0
3491,2013-04-28 02:00:00+00:00,0.0
3491,2013-04-28 02:30:00+00:00,0.0
3491,2013-04-28 03:00:00+00:00,0.0
3491,2013-04-28 03:30:00+00:00,0.0
3491,2013-04-28 04:00:00+00:00,0.0
3491,2013-04-28 04:30:00+00:00,0.0
3491,2013-04-28 05:00:00+00:00,0.0
3491,2013-04-28 05:30:00+00:00,27.29
3491,2013-04-28 06:00:00+00:00,56.66
3491,2013-04-28 06:30:00+00:00,75.73
3491,2013-04-28 07:00:00+00:00,92.35
3491,2013-04-28 07:30:00+00:00,126.81
3491,2013-04-28 08:00:00+00:00,155.11
3491,2013-04-28 08:30:00+00:00,720.7
3491,2013-04-28 09:00:00+00:00,1041.25
3491,2013-04-28 09:30:00+00:00,1093.35
3491,2013-04-28 10:00:00+00:00,1115.85
3491,2013-04-28 10:30:00+00:00,1130.0
3491,2013-04-28 11:00:00+00:00,1119.55
3491,2013-04-28 11:30:00+00:00,1070.85
3491,2013-04-28 12:00:00+00:00,919.65
3491,2013-04-28 12:30:00+00:00,771.15
3491,2013-04-28 13:00:00+00:00,814.0
3491,2013-04-28 13:30:00+00:00,834.2
3491,2013-04-28 14:00:00+00:00,640.3
3491,2013-04-28 14:30:00+00:00,303.4
3491,2013-04-28 15:00:00+00:00,408.46
3491,2013-04-28 15:30:00+00:00,345.21
3491,2013-04-28 16:00:00+00:00,270.57
3491,2013-04-28 16:30:00+00:00,160.53
3491,2013-04-28 17:00:00+00:00,162.98
3491,2013-04-28 17:30:00+00:00,125.88
3491,2013-04-28 18:00:00+00:00,69.35
3491,2013-04-28 18:30:00+00:00,29.1
3491,2013-04-28 19:00:00+00:00,2.16
3491,2013-04-28 19:30:00+00:00,0.0
3491,2013-04-28 20:00:00+00:00,0.0
3491,2013-04-28 20:30:00+00:00,0.0
3491,2013-04-28 21:00:00+00:00,0.0
3491,2013-04-28 21:30:00+00:00,0.0
3491,2013-04-28 22:00:00+00:00,0.0
3491,2013-04-28 22:30:00+00:00,0.0
3491,2013-04-28 23:00:00+00:00,0.0
3491,2013-04-28 23:30:00+00:00,0.0
3491,2013-04-29 00:00:00+00:00,0.0
3491,2013-04-29 00:30:00+00:00,0.0
3491,2013-04-29 01:00:00+00:00,0.0
3491,2013-04-29 01:30:00+00:00,0.0
3491,2013-04-29 02:00:00+00:00,0.0
3491,2013-04-29 02:30:00+00:00,0.0
3491,2013-04-29 03:00:00+00:00,0.0
3491,2013-04-29 03:30:00+00:00,0.0
3491,2013-04-29 04:00:00+00:00,0.0
3491,2013-04-29 04:30:00+00:00,0.0
3491,2013-04-29 05:00:00+00:00,0.0
3491,2013-04-29 05:30:00+00:00,0.22
3491,2013-04-29 06:00:00+00:00,41.31
3491,2013-04-29 06:30:00+00:00,125.52
3491,2013-04-29 07:00:00+00:00,129.78
3491,2013-04-29 07:30:00+00:00,146.66
3491,2013-04-29 08:00:00+00:00,179.04
3491,2013-04-29 08:30:00+00:00,742.5
3491,2013-04-29 09:00:00+00:00,901.8
3491,2013-04-29 09:30:00+00:00,1044.5
3491,2013-04-29 10:00:00+00:00,1111.25
3491,2013-04-29 10:30:00+00:00,1129.45
3491,2013-04-29 11:00:00+00:00,987.5
3491,2013-04-29 11:30:00+00:00,893.25
3491,2013-04-29 12:00:00+00:00,798.9
3491,2013-04-29 12:30:00+00:00,782.65
3491,2013-04-29 13:00:00+00:00,447.25
3491,2013-04-29 13:30:00+00:00,587.5
3491,2013-04-29 14:00:00+00:00,456.16
3491,2013-04-29 14:30:00+00:00,296.67
3491,2013-04-29 15:00:00+00:00,536.25
3491,2013-04-29 15:30:00+00:00,441.89
3491,2013-04-29 16:00:00+00:00,272.26
3491,2013-04-29 16:30:00+00:00,133.43
3491,2013-04-29 17:00:00+00:00,150.07
3491,2013-04-29 17:30:00+00:00,71.66
3491,2013-04-29 18:00:00+00:00,77.64
3491,2013-04-29 18:30:00+00:00,35.52
3491,2013-04-29 19:00:00+00:00,10.61
3491,2013-04-29 19:30:00+00:00,0.0
3491,2013-04-29 20:00:00+00:00,0.0
3491,2013-04-29 20:30:00+00:00,0.0
3491,2013-04-29 21:00:00+00:00,0.0
3491,2013-04-29 21:30:00+00:00,0.0
3491,2013-04-29 22:00:00+00:00,0.0
3491,2013-04-29 22:30:00+00:00,0.0
3491,2013-04-29 23:00:00+00:00,0.0
3491,2013-04-29 23:30:00+00:00,0.0
3491,2013-04-30 00:00:00+00:00,0.0
3491,2013-04-30 00:30:00+00:00,0.0
3491,2013-04-30 01:00:00+00:00,0.0
3491,2013-04-30 01:30:00+00:00,0.0
3491,2013-04-30 02:00:00+00:00,0.0
3491,2013-04-30 02:30:00+00:00,0.0
3491,2013-04-30 03:00:00+00:00,0.0
3491,2013-04-30 03:30:00+00:00,0.0
3491,2013-04-30 04:00:00+00:00,0.0
3491,2013-04-30 04:30:00+00:00,0.0
3491,2013-04-30 05:00:00+00:00,0.0
3491,2013-04-30 05:30:00+00:00,18.73
3491,2013-04-30 06:00:00+00:00,68.32
3491,2013-04-30 06:30:00+00:00,89.81
3491,2013-04-30 07:00:00+00:00,103.11
3491,2013-04-30 07:30:00+00:00,141.5
3491,2013-04-30 08:00:00+00:00,186.18
3491,2013-04-30 08:30:00+00:00,642.75
3491,2013-04-30 09:00:00+00:00,1027.65
3491,2013-04-30 09:30:00+00:00,1081.9
3491,2013-04-30 10:00:00+00:00,1094.3
3491,2013-04-30 10:30:00+00:00,1084.0
3491,2013-04-30 11:00:00+00:00,1026.7
3491,2013-04-30 11:30:00+00:00,671.85
3491,2013-04-30 12:00:00+00:00,559.3
3491,2013-04-30 12:30:00+00:00,736.6
3491,2013-04-30 13:00:00+00:00,916.65
3491,2013-04-30 13:30:00+00:00,820.35
3491,2013-04-30 14:00:00+00:00,739.6
3491,2013-04-30 14:30:00+00:00,686.5
3491,2013-04-30 15:00:00+00:00,528.8
3491,2013-04-30 15:30:00+00:00,421.3
3491,2013-04-30 16:00:00+00:00,253.48
3491,2013-04-30 16:30:00+00:00,125.1
3491,2013-04-30 17:00:00+00:00,75.98
3491,2013-04-30 17:30:00+00:00,65.78
3491,2013-04-30 18:00:00+00:00,50.65
3491,2013-04-30 18:30:00+00:00,43.56
3491,2013-04-30 19:00:00+00:00,15.17
3491,2013-04-30 19:30:00+00:00,0.48
3491,2013-04-30 20:00:00+00:00,0.0
3491,2013-04-30 20:30:00+00:00,0.0
3491,2013-04-30 21:00:00+00:00,0.0
3491,2013-04-30 21:30:00+00:00,0.0
3491,2013-04-30 22:00:00+00:00,0.0
3491,2013-04-30 22:30:00+00:00,0.0
3491,2013-04-30 23:00:00+00:00,0.0
3491,2013-04-30 23:30:00+00:00,0.0
3491,2013-05-01 00:30:00+00:00,0.0
3491,2013-05-01 01:00:00+00:00,0.0
3491,2013-05-01 01:30:00+00:00,0.0
3491,2013-05-01 02:00:00+00:00,0.0
3491,2013-05-01 02:30:00+00:00,0.0
3491,2013-05-01 03:00:00+00:00,0.0
3491,2013-05-01 03:30:00+00:00,0.0
3491,2013-05-01 04:00:00+00:00,0.0
3491,2013-05-01 04:30:00+00:00,0.0
3491,2013-05-01 05:00:00+00:00,0.0
3491,2013-05-01 05:30:00+00:00,4.3
3491,2013-05-01 06:00:00+00:00,38.44
3491,2013-05-01 06:30:00+00:00,64.5
3491,2013-05-01 07:00:00+00:00,113.4
3491,2013-05-01 07:30:00+00:00,151.12
3491,2013-05-01 08:00:00+00:00,274.65
3491,2013-05-01 08:30:00+00:00,616.3
3491,2013-05-01 09:00:00+00:00,1072.95
3491,2013-05-01 09:30:00+00:00,1091.05
3491,2013-05-01 10:00:00+00:00,1100.7
3491,2013-05-01 10:30:00+00:00,1117.75
3491,2013-05-01 11:00:00+00:00,1108.5
3491,2013-05-01 11:30:00+00:00,1099.2
3491,2013-05-01 12:00:00+00:00,1089.85
3491,2013-05-01 12:30:00+00:00,1047.85
3491,2013-05-01 13:00:00+00:00,978.1
3491,2013-05-01 13:30:00+00:00,904.8
3491,2013-05-01 14:00:00+00:00,816.45
3491,2013-05-01 14:30:00+00:00,686.05
3491,2013-05-01 15:00:00+00:00,554.6
3491,2013-05-01 15:30:00+00:00,400.76
3491,2013-05-01 16:00:00+00:00,242.87
3491,2013-05-01 16:30:00+00:00,113.65
3491,2013-05-01 17:00:00+00:00,65.03
3491,2013-05-01 17:30:00+00:00,54.77
3491,2013-05-01 18:00:00+00:00,41.3
3491,2013-05-01 18:30:00+00:00,26.83
3491,2013-05-01 19:00:00+00:00,10.32
3491,2013-05-01 19:30:00+00:00,0.0
3491,2013-05-01 20:00:00+00:00,0.0
3491,2013-05-01 20:30:00+00:00,0.0
3491,2013-05-01 21:00:00+00:00,0.0
3491,2013-05-01 21:30:00+00:00,0.0
3491,2013-05-01 22:00:00+00:00,0.0
3491,2013-05-01 22:30:00+00:00,0.0
3491,2013-05-01 23:00:00+00:00,0.0
3491,2013-05-01 23:30:00+00:00,0.0
3491,2013-05-02 00:00:00+00:00,0.0
3491,2013-05-02 00:30:00+00:00,0.0
3491,2013-05-02 01:00:00+00:00,0.0
3491,2013-05-02 01:30:00+00:00,0.0
3491,2013-05-02 02:00:00+00:00,0.0
3491,2013-05-02 02:30:00+00:00,0.0
3491,2013-05-02 03:00:00+00:00,0.0
3491,2013-05-02 03:30:00+00:00,0.0
3491,2013-05-02 04:00:00+00:00,0.0
3491,2013-05-02 04:30:00+00:00,0.0
3491,2013-05-02 05:00:00+00:00,0.0
3491,2013-05-02 05:30:00+00:00,27.55
3491,2013-05-02 06:00:00+00:00,60.46
3491,2013-05-02 06:30:00+00:00,78.86
3491,2013-05-02 07:00:00+00:00,95.0
3491,2013-05-02 07:30:00+00:00,115.01
3491,2013-05-02 08:00:00+00:00,135.32
3491,2013-05-02 08:30:00+00:00,687.1
3491,2013-05-02 09:00:00+00:00,1049.95
3491,2013-05-02 09:30:00+00:00,1087.6
3491,2013-05-02 10:00:00+00:00,1102.0
3491,2013-05-02 10:30:00+00:00,1124.05
3491,2013-05-02 11:00:00+00:00,1114.2
3491,2013-05-02 11:30:00+00:00,1096.45
3491,2013-05-02 12:00:00+00:00,1066.55
3491,2013-05-02 12:30:00+00:00,1030.6
3491,2013-05-02 13:00:00+00:00,979.1
3491,2013-05-02 13:30:00+00:00,908.6
3491,2013-05-02 14:00:00+00:00,837.0
3491,2013-05-02 14:30:00+00:00,688.7
3491,2013-05-02 15:00:00+00:00,558.8
3491,2013-05-02 15:30:00+00:00,426.43
3491,2013-05-02 16:00:00+00:00,273.14
3491,2013-05-02 16:30:00+00:00,140.73
3491,2013-05-02 17:00:00+00:00,96.19
3491,2013-05-02 17:30:00+00:00,70.53
3491,2013-05-02 18:00:00+00:00,55.01
3491,2013-05-02 18:30:00+00:00,32.9
3491,2013-05-02 19:00:00+00:00,11.58
3491,2013-05-02 19:30:00+00:00,0.0
3491,2013-05-02 20:00:00+00:00,0.0
3491,2013-05-02 20:30:00+00:00,0.0
3491,2013-05-02 21:00:00+00:00,0.0
3491,2013-05-02 21:30:00+00:00,0.0
3491,2013-05-02 22:00:00+00:00,0.0
3491,2013-05-02 22:30:00+00:00,0.0
3491,2013-05-02 23:00:00+00:00,0.0
3491,2013-05-02 23:30:00+00:00,0.0
3491,2013-05-03 00:00:00+00:00,0.0
3491,2013-05-03 00:30:00+00:00,0.0
3491,2013-05-03 01:00:00+00:00,0.0
3491,2013-05-03 01:30:00+00:00,0.0
3491,2013-05-03 02:00:00+00:00,0.0
3491,2013-05-03 02:30:00+00:00,0.0
3491,2013-05-03 03:00:00+00:00,0.0
3491,2013-05-03 03:30:00+00:00,0.0
3491,2013-05-03 04:00:00+00:00,0.0
3491,2013-05-03 04:30:00+00:00,0.0
3491,2013-05-03 05:00:00+00:00,1.27
3491,2013-05-03 05:30:00+00:00,29.08
3491,2013-05-03 06:00:00+00:00,58.54
3491,2013-05-03 06:30:00+00:00,77.27
3491,2013-05-03 07:00:00+00:00,93.14
3491,2013-05-03 07:30:00+00:00,113.71
3491,2013-05-03 08:00:00+00:00,135.54
3491,2013-05-03 08:30:00+00:00,569.95
3491,2013-05-03 09:00:00+00:00,971.95
3491,2013-05-03 09:30:00+00:00,1016.6
3491,2013-05-03 10:00:00+00:00,1040.45
3491,2013-05-03 10:30:00+00:00,1045.0
3491,2013-05-03 11:00:00+00:00,1041.2
3491,2013-05-03 11:30:00+00:00,1018.25
3491,2013-05-03 12:00:00+00:00,991.95
3491,2013-05-03 12:30:00+00:00,973.5
3491,2013-05-03 13:00:00+00:00,921.8
3491,2013-05-03 13:30:00+00:00,833.6
3491,2013-05-03 14:00:00+00:00,759.9
3491,2013-05-03 14:30:00+00:00,649.85
3491,2013-05-03 15:00:00+00:00,530.4
3491,2013-05-03 15:30:00+00:00,383.83
3491,2013-05-03 16:00:00+00:00,237.19
3491,2013-05-03 16:30:00+00:00,109.23
3491,2013-05-03 17:00:00+00:00,61.76
3491,2013-05-03 17:30:00+00:00,56.2
3491,2013-05-03 18:00:00+00:00,43.61
3491,2013-05-03 18:30:00+00:00,26.58
3491,2013-05-03 19:00:00+00:00,6.15
3491,2013-05-03 19:30:00+00:00,0.0
3491,2013-05-03 20:00:00+00:00,0.0
3491,2013-05-03 20:30:00+00:00,0.0
3491,2013-05-03 21:00:00+00:00,0.0
3491,2013-05-03 21:30:00+00:00,0.0
3491,2013-05-03 22:00:00+00:00,0.0
3491,2013-05-03 22:30:00+00:00,0.0
3491,2013-05-03 23:00:00+00:00,0.0
3491,2013-05-03 23:30:00+00:00,0.0
3491,2013-05-04 00:00:00+00:00,0.0
3491,2013-05-04 00:30:00+00:00,0.0
3491,2013-05-04 01:00:00+00:00,0.0
3491,2013-05-04 01:30:00+00:00,0.0
3491,2013-05-04 02:00:00+00:00,0.0
3491,2013-05-04 02:30:00+00:00,0.0
3491,2013-05-04 03:00:00+00:00,0.0
3491,2013-05-04 03:30:00+00:00,0.0
3491,2013-05-04 04:00:00+00:00,0.0
3491,2013-05-04 04:30:00+00:00,0.0
3491,2013-05-04 05:00:00+00:00,0.41
3491,2013-05-04 05:30:00+00:00,22.34
3491,2013-05-04 06:00:00+00:00,42.16
3491,2013-05-04 06:30:00+00:00,68.44
3491,2013-05-04 07:00:00+00:00,177.63
3491,2013-05-04 07:30:00+00:00,249.96
3491,2013-05-04 08:00:00+00:00,280.08
3491,2013-05-04 08:30:00+00:00,357.86
3491,2013-05-04 09:00:00+00:00,751.2
3491,2013-05-04 09:30:00+00:00,530.7
3491,2013-05-04 10:00:00+00:00,410.39
3491,2013-05-04 10:30:00+00:00,561.55
3491,2013-05-04 11:00:00+00:00,538.85
3491,2013-05-04 11:30:00+00:00,979.25
3491,2013-05-04 12:00:00+00:00,843.2
3491,2013-05-04 12:30:00+00:00,924.15
3491,2013-05-04 13:00:00+00:00,928.0
3491,2013-05-04 13:30:00+00:00,245.06
3491,2013-05-04 14:00:00+00:00,427.07
3491,2013-05-04 14:30:00+00:00,270.96
3491,2013-05-04 15:00:00+00:00,357.07
3491,2013-05-04 15:30:00+00:00,452.83
3491,2013-05-04 16:00:00+00:00,279.45
3491,2013-05-04 16:30:00+00:00,125.14
3491,2013-05-04 17:00:00+00:00,158.27
3491,2013-05-04 17:30:00+00:00,150.97
3491,2013-05-04 18:00:00+00:00,97.25
3491,2013-05-04 18:30:00+00:00,6.66
3491,2013-05-04 19:00:00+00:00,0.0
3491,2013-05-04 19:30:00+00:00,0.0
3491,2013-05-04 20:00:00+00:00,0.0
3491,2013-05-04 20:30:00+00:00,0.0
3491,2013-05-04 21:00:00+00:00,0.0
3491,2013-05-04 21:30:00+00:00,0.0
3491,2013-05-04 22:00:00+00:00,0.0
3491,2013-05-04 22:30:00+00:00,0.0
3491,2013-05-04 23:00:00+00:00,0.0
3491,2013-05-04 23:30:00+00:00,0.0
3491,2013-05-05 00:00:00+00:00,0.0
3491,2013-05-05 00:30:00+00:00,0.0
3491,2013-05-05 01:00:00+00:00,0.0
3491,2013-05-05 01:30:00+00:00,0.0
3491,2013-05-05 02:00:00+00:00,0.0
3491,2013-05-05 02:30:00+00:00,0.0
3491,2013-05-05 03:00:00+00:00,0.0
3491,2013-05-05 03:30:00+00:00,0.0
3491,2013-05-05 04:00:00+00:00,0.0
3491,2013-05-05 04:30:00+00:00,0.0
3491,2013-05-05 05:00:00+00:00,1.53
3491,2013-05-05 05:30:00+00:00,25.7
3491,2013-05-05 06:00:00+00:00,45.32
3491,2013-05-05 06:30:00+00:00,57.48
3491,2013-05-05 07:00:00+00:00,74.01
3491,2013-05-05 07:30:00+00:00,98.94
3491,2013-05-05 08:00:00+00:00,141.56
3491,2013-05-05 08:30:00+00:00,507.6
3491,2013-05-05 09:00:00+00:00,754.9
3491,2013-05-05 09:30:00+00:00,552.5
3491,2013-05-05 10:00:00+00:00,1008.4
3491,2013-05-05 10:30:00+00:00,774.85
3491,2013-05-05 11:00:00+00:00,805.0
3491,2013-05-05 11:30:00+00:00,1069.25
3491,2013-05-05 12:00:00+00:00,910.85
3491,2013-05-05 12:30:00+00:00,734.0
3491,2013-05-05 13:00:00+00:00,685.3
3491,2013-05-05 13:30:00+00:00,831.85
3491,2013-05-05 14:00:00+00:00,646.05
3491,2013-05-05 14:30:00+00:00,374.71
3491,2013-05-05 15:00:00+00:00,336.0
3491,2013-05-05 15:30:00+00:00,315.84
3491,2013-05-05 16:00:00+00:00,247.05
3491,2013-05-05 16:30:00+00:00,129.63
3491,2013-05-05 17:00:00+00:00,90.56
3491,2013-05-05 17:30:00+00:00,67.07
3491,2013-05-05 18:00:00+00:00,51.27
3491,2013-05-05 18:30:00+00:00,24.72
3491,2013-05-05 19:00:00+00:00,4.17
3491,2013-05-05 19:30:00+00:00,0.0
3491,2013-05-05 20:00:00+00:00,0.0
3491,2013-05-05 20:30:00+00:00,0.0
3491,2013-05-05 21:00:00+00:00,0.0
3491,2013-05-05 21:30:00+00:00,0.0
3491,2013-05-05 22:00:00+00:00,0.0
3491,2013-05-05 22:30:00+00:00,0.0
3491,2013-05-05 23:00:00+00:00,0.0
3491,2013-05-05 23:30:00+00:00,0.0
3491,2013-05-06 00:00:00+00:00,0.0
3491,2013-05-06 00:30:00+00:00,0.0
3491,2013-05-06 01:00:00+00:00,0.0
3491,2013-05-06 01:30:00+00:00,0.0
3491,2013-05-06 02:00:00+00:00,0.0
3491,2013-05-06 02:30:00+00:00,0.0
3491,2013-05-06 03:00:00+00:00,0.0
3491,2013-05-06 03:30:00+00:00,0.0
3491,2013-05-06 04:00:00+00:00,0.0
3491,2013-05-06 04:30:00+00:00,0.0
3491,2013-05-06 05:00:00+00:00,6.14
3491,2013-05-06 05:30:00+00:00,32.91
3491,2013-05-06 06:00:00+00:00,52.52
3491,2013-05-06 06:30:00+00:00,67.51
3491,2013-05-06 07:00:00+00:00,85.71
3491,2013-05-06 07:30:00+00:00,108.01
3491,2013-05-06 08:00:00+00:00,136.3
3491,2013-05-06 08:30:00+00:00,605.5
3491,2013-05-06 09:00:00+00:00,952.65
3491,2013-05-06 09:30:00+00:00,998.1
3491,2013-05-06 10:00:00+00:00,796.25
3491,2013-05-06 10:30:00+00:00,954.05
3491,2013-05-06 11:00:00+00:00,1047.0
3491,2013-05-06 11:30:00+00:00,612.6
3491,2013-05-06 12:00:00+00:00,277.18
3491,2013-05-06 12:30:00+00:00,327.51
3491,2013-05-06 13:00:00+00:00,315.04
3491,2013-05-06 13:30:00+00:00,363.59
3491,2013-05-06 14:00:00+00:00,595.05
3491,2013-05-06 14:30:00+00:00,649.65
3491,2013-05-06 15:00:00+00:00,394.93
3491,2013-05-06 15:30:00+00:00,344.82
3491,2013-05-06 16:00:00+00:00,150.75
3491,2013-05-06 16:30:00+00:00,89.67
3491,2013-05-06 17:00:00+00:00,87.2
3491,2013-05-06 17:30:00+00:00,65.36
3491,2013-05-06 18:00:00+00:00,48.67
3491,2013-05-06 18:30:00+00:00,30.26
3491,2013-05-06 19:00:00+00:00,8.63
3491,2013-05-06 19:30:00+00:00,0.0
3491,2013-05-06 20:00:00+00:00,0.0
3491,2013-05-06 20:30:00+00:00,0.0
3491,2013-05-06 21:00:00+00:00,0.0
3491,2013-05-06 21:30:00+00:00,0.0
3491,2013-05-06 22:00:00+00:00,0.0
3491,2013-05-06 22:30:00+00:00,0.0
3491,2013-05-06 23:00:00+00:00,0.0
3491,2013-05-06 23:30:00+00:00,0.0
3491,2013-05-07 00:00:00+00:00,0.0
3491,2013-05-07 00:30:00+00:00,0.0
3491,2013-05-07 01:00:00+00:00,0.0
3491,2013-05-07 01:30:00+00:00,0.0
3491,2013-05-07 02:00:00+00:00,0.0
3491,2013-05-07 02:30:00+00:00,0.0
3491,2013-05-07 03:00:00+00:00,0.0
3491,2013-05-07 03:30:00+00:00,0.0
3491,2013-05-07 04:00:00+00:00,0.0
3491,2013-05-07 04:30:00+00:00,0.0
3491,2013-05-07 05:00:00+00:00,0.0
3491,2013-05-07 05:30:00+00:00,18.11
3491,2013-05-07 06:00:00+00:00,36.56
3491,2013-05-07 06:30:00+00:00,49.74
3491,2013-05-07 07:00:00+00:00,102.21
3491,2013-05-07 07:30:00+00:00,158.45
3491,2013-05-07 08:00:00+00:00,246.98
3491,2013-05-07 08:30:00+00:00,492.6
3491,2013-05-07 09:00:00+00:00,502.35
3491,2013-05-07 09:30:00+00:00,391.25
3491,2013-05-07 10:00:00+00:00,277.22
3491,2013-05-07 10:30:00+00:00,287.03
3491,2013-05-07 11:00:00+00:00,715.75
3491,2013-05-07 11:30:00+00:00,465.99
3491,2013-05-07 12:00:00+00:00,587.65
3491,2013-05-07 12:30:00+00:00,286.19
3491,2013-05-07 13:00:00+00:00,474.69
3491,2013-05-07 13:30:00+00:00,716.65
3491,2013-05-07 14:00:00+00:00,430.11
3491,2013-05-07 14:30:00+00:00,407.2
3491,2013-05-07 15:00:00+00:00,516.2
3491,2013-05-07 15:30:00+00:00,388.56
3491,2013-05-07 16:00:00+00:00,259.0
3491,2013-05-07 16:30:00+00:00,123.07
3491,2013-05-07 17:00:00+00:00,94.36
3491,2013-05-07 17:30:00+00:00,74.31
3491,2013-05-07 18:00:00+00:00,53.47
3491,2013-05-07 18:30:00+00:00,32.68
3491,2013-05-07 19:00:00+00:00,12.81
3491,2013-05-07 19:30:00+00:00,0.0
3491,2013-05-07 20:00:00+00:00,0.0
3491,2013-05-07 20:30:00+00:00,0.0
3491,2013-05-07 21:00:00+00:00,0.0
3491,2013-05-07 21:30:00+00:00,0.0
3491,2013-05-07 22:00:00+00:00,0.0
3491,2013-05-07 22:30:00+00:00,0.0
3491,2013-05-07 23:00:00+00:00,0.0
3491,2013-05-07 23:30:00+00:00,0.0
3491,2013-05-08 00:00:00+00:00,0.0
3491,2013-05-08 00:30:00+00:00,0.0
3491,2013-05-08 01:00:00+00:00,0.0
3491,2013-05-08 01:30:00+00:00,0.0
3491,2013-05-08 02:00:00+00:00,0.0
3491,2013-05-08 02:30:00+00:00,0.0
3491,2013-05-08 03:00:00+00:00,0.0
3491,2013-05-08 03:30:00+00:00,0.0
3491,2013-05-08 04:00:00+00:00,0.0
3491,2013-05-08 04:30:00+00:00,0.0
3491,2013-05-08 05:00:00+00:00,0.0
3491,2013-05-08 05:30:00+00:00,0.0
3491,2013-05-08 06:00:00+00:00,0.0
3491,2013-05-08 06:30:00+00:00,6.26
3491,2013-05-08 07:00:00+00:00,51.74
3491,2013-05-08 07:30:00+00:00,101.08
3491,2013-05-08 08:00:00+00:00,160.57
3491,2013-05-08 08:30:00+00:00,434.55
3491,2013-05-08 09:00:00+00:00,251.73
3491,2013-05-08 09:30:00+00:00,249.23
3491,2013-05-08 10:00:00+00:00,484.68
3491,2013-05-08 10:30:00+00:00,784.65
3491,2013-05-08 11:00:00+00:00,396.66
3491,2013-05-08 11:30:00+00:00,831.8
3491,2013-05-08 12:00:00+00:00,746.45
3491,2013-05-08 12:30:00+00:00,720.7
3491,2013-05-08 13:00:00+00:00,481.66
3491,2013-05-08 13:30:00+00:00,578.6
3491,2013-05-08 14:00:00+00:00,382.78
3491,2013-05-08 14:30:00+00:00,366.23
3491,2013-05-08 15:00:00+00:00,390.36
3491,2013-05-08 15:30:00+00:00,338.28
3491,2013-05-08 16:00:00+00:00,262.67
3491,2013-05-08 16:30:00+00:00,124.22
3491,2013-05-08 17:00:00+00:00,141.36
3491,2013-05-08 17:30:00+00:00,100.02
3491,2013-05-08 18:00:00+00:00,60.51
3491,2013-05-08 18:30:00+00:00,44.65
3491,2013-05-08 19:00:00+00:00,8.35
3491,2013-05-08 19:30:00+00:00,0.0
3491,2013-05-08 20:00:00+00:00,0.0
3491,2013-05-08 20:30:00+00:00,0.0
3491,2013-05-08 21:00:00+00:00,0.0
3491,2013-05-08 21:30:00+00:00,0.0
3491,2013-05-08 22:00:00+00:00,0.0
3491,2013-05-08 22:30:00+00:00,0.0
3491,2013-05-08 23:00:00+00:00,0.0
3491,2013-05-08 23:30:00+00:00,0.0
3491,2013-05-09 00:00:00+00:00,0.0
3491,2013-05-09 00:30:00+00:00,0.0
3491,2013-05-09 01:00:00+00:00,0.0
3491,2013-05-09 01:30:00+00:00,0.0
3491,2013-05-09 02:00:00+00:00,0.0
3491,2013-05-09 02:30:00+00:00,0.0
3491,2013-05-09 03:00:00+00:00,0.0
3491,2013-05-09 03:30:00+00:00,0.0
3491,2013-05-09 04:00:00+00:00,0.0
3491,2013-05-09 04:30:00+00:00,0.0
3491,2013-05-09 05:00:00+00:00,4.22
3491,2013-05-09 05:30:00+00:00,28.43
3491,2013-05-09 06:00:00+00:00,46.68
3491,2013-05-09 06:30:00+00:00,68.53
3491,2013-05-09 07:00:00+00:00,131.55
3491,2013-05-09 07:30:00+00:00,166.73
3491,2013-05-09 08:00:00+00:00,229.23
3491,2013-05-09 08:30:00+00:00,755.85
3491,2013-05-09 09:00:00+00:00,933.05
3491,2013-05-09 09:30:00+00:00,757.2
3491,2013-05-09 10:00:00+00:00,696.65
3491,2013-05-09 10:30:00+00:00,751.1
3491,2013-05-09 11:00:00+00:00,1015.9
3491,2013-05-09 11:30:00+00:00,1000.25
3491,2013-05-09 12:00:00+00:00,667.15
3491,2013-05-09 12:30:00+00:00,443.3
3491,2013-05-09 13:00:00+00:00,683.3
3491,2013-05-09 13:30:00+00:00,735.15
3491,2013-05-09 14:00:00+00:00,848.05
3491,2013-05-09 14:30:00+00:00,676.45
3491,2013-05-09 15:00:00+00:00,520.9
3491,2013-05-09 15:30:00+00:00,377.05
3491,2013-05-09 16:00:00+00:00,280.25
3491,2013-05-09 16:30:00+00:00,141.94
3491,2013-05-09 17:00:00+00:00,107.36
3491,2013-05-09 17:30:00+00:00,116.43
3491,2013-05-09 18:00:00+00:00,98.5
3491,2013-05-09 18:30:00+00:00,53.76
3491,2013-05-09 19:00:00+00:00,5.39
3491,2013-05-09 19:30:00+00:00,0.0
3491,2013-05-09 20:00:00+00:00,0.0
3491,2013-05-09 20:30:00+00:00,0.0
3491,2013-05-09 21:00:00+00:00,0.0
3491,2013-05-09 21:30:00+00:00,0.0
3491,2013-05-09 22:00:00+00:00,0.0
3491,2013-05-09 22:30:00+00:00,0.0
3491,2013-05-09 23:00:00+00:00,0.0
3491,2013-05-09 23:30:00+00:00,0.0
3491,2013-05-10 00:00:00+00:00,0.0
3491,2013-05-10 00:30:00+00:00,0.0
3491,2013-05-10 01:00:00+00:00,0.0
3491,2013-05-10 01:30:00+00:00,0.0
3491,2013-05-10 02:00:00+00:00,0.0
3491,2013-05-10 02:30:00+00:00,0.0
3491,2013-05-10 03:00:00+00:00,0.0
3491,2013-05-10 03:30:00+00:00,0.0
3491,2013-05-10 04:00:00+00:00,0.0
3491,2013-05-10 04:30:00+00:00,0.0
3491,2013-05-10 05:00:00+00:00,0.0
3491,2013-05-10 05:30:00+00:00,6.36
3491,2013-05-10 06:00:00+00:00,30.93
3491,2013-05-10 06:30:00+00:00,74.84
3491,2013-05-10 07:00:00+00:00,115.19
3491,2013-05-10 07:30:00+00:00,210.41
3491,2013-05-10 08:00:00+00:00,262.51
3491,2013-05-10 08:30:00+00:00,204.22
3491,2013-05-10 09:00:00+00:00,641.4
3491,2013-05-10 09:30:00+00:00,346.56
3491,2013-05-10 10:00:00+00:00,375.67
3491,2013-05-10 10:30:00+00:00,561.5
3491,2013-05-10 11:00:00+00:00,308.69
3491,2013-05-10 11:30:00+00:00,318.31
3491,2013-05-10 12:00:00+00:00,310.94
3491,2013-05-10 12:30:00+00:00,549.9
3491,2013-05-10 13:00:00+00:00,793.8
3491,2013-05-10 13:30:00+00:00,865.2
3491,2013-05-10 14:00:00+00:00,730.05
3491,2013-05-10 14:30:00+00:00,582.15
3491,2013-05-10 15:00:00+00:00,609.85
3491,2013-05-10 15:30:00+00:00,384.31
3491,2013-05-10 16:00:00+00:00,287.8
3491,2013-05-10 16:30:00+00:00,185.43
3491,2013-05-10 17:00:00+00:00,157.57
3491,2013-05-10 17:30:00+00:00,97.23
3491,2013-05-10 18:00:00+00:00,82.19
3491,2013-05-10 18:30:00+00:00,38.29
3491,2013-05-10 19:00:00+00:00,16.01
3491,2013-05-10 19:30:00+00:00,1.16
3491,2013-05-10 20:00:00+00:00,0.0
3491,2013-05-10 20:30:00+00:00,0.0
3491,2013-05-10 21:00:00+00:00,0.0
3491,2013-05-10 21:30:00+00:00,0.0
3491,2013-05-10 22:00:00+00:00,0.0
3491,2013-05-10 22:30:00+00:00,0.0
3491,2013-05-10 23:00:00+00:00,0.0
3491,2013-05-10 23:30:00+00:00,0.0
3491,2013-05-11 00:00:00+00:00,0.0
3491,2013-05-11 00:30:00+00:00,0.0
3491,2013-05-11 01:00:00+00:00,0.0
3491,2013-05-11 01:30:00+00:00,0.0
3491,2013-05-11 02:00:00+00:00,0.0
3491,2013-05-11 02:30:00+00:00,0.0
3491,2013-05-11 03:00:00+00:00,0.0
3491,2013-05-11 03:30:00+00:00,0.0
3491,2013-05-11 04:00:00+00:00,0.0
3491,2013-05-11 04:30:00+00:00,0.0
3491,2013-05-11 05:00:00+00:00,8.4
3491,2013-05-11 05:30:00+00:00,20.24
3491,2013-05-11 06:00:00+00:00,31.25
3491,2013-05-11 06:30:00+00:00,65.68
3491,2013-05-11 07:00:00+00:00,134.93
3491,2013-05-11 07:30:00+00:00,254.2
3491,2013-05-11 08:00:00+00:00,328.14
3491,2013-05-11 08:30:00+00:00,317.8
3491,2013-05-11 09:00:00+00:00,799.25
3491,2013-05-11 09:30:00+00:00,420.28
3491,2013-05-11 10:00:00+00:00,665.2
3491,2013-05-11 10:30:00+00:00,630.15
3491,2013-05-11 11:00:00+00:00,752.6
3491,2013-05-11 11:30:00+00:00,526.1
3491,2013-05-11 12:00:00+00:00,683.85
3491,2013-05-11 12:30:00+00:00,366.77
3491,2013-05-11 13:00:00+00:00,557.0
3491,2013-05-11 13:30:00+00:00,401.98
3491,2013-05-11 14:00:00+00:00,113.61
3491,2013-05-11 14:30:00+00:00,269.64
3491,2013-05-11 15:00:00+00:00,156.62
3491,2013-05-11 15:30:00+00:00,271.36
3491,2013-05-11 16:00:00+00:00,199.14
3491,2013-05-11 16:30:00+00:00,194.42
3491,2013-05-11 17:00:00+00:00,187.89
3491,2013-05-11 17:30:00+00:00,154.55
3491,2013-05-11 18:00:00+00:00,91.08
3491,2013-05-11 18:30:00+00:00,48.59
3491,2013-05-11 19:00:00+00:00,9.79
3491,2013-05-11 19:30:00+00:00,0.0
3491,2013-05-11 20:00:00+00:00,0.0
3491,2013-05-11 20:30:00+00:00,0.0
3491,2013-05-11 21:00:00+00:00,0.0
3491,2013-05-11 21:30:00+00:00,0.0
3491,2013-05-11 22:00:00+00:00,0.0
3491,2013-05-11 22:30:00+00:00,0.0
3491,2013-05-11 23:00:00+00:00,0.0
3491,2013-05-11 23:30:00+00:00,0.0
3491,2013-05-12 00:00:00+00:00,0.0
3491,2013-05-12 00:30:00+00:00,0.0
3491,2013-05-12 01:00:00+00:00,0.0
3491,2013-05-12 01:30:00+00:00,0.0
3491,2013-05-12 02:00:00+00:00,0.0
3491,2013-05-12 02:30:00+00:00,0.0
3491,2013-05-12 03:00:00+00:00,0.0
3491,2013-05-12 03:30:00+00:00,0.0
3491,2013-05-12 04:00:00+00:00,0.0
3491,2013-05-12 04:30:00+00:00,0.0
3491,2013-05-12 05:00:00+00:00,3.27
3491,2013-05-12 05:30:00+00:00,24.54
3491,2013-05-12 06:00:00+00:00,38.46
3491,2013-05-12 06:30:00+00:00,64.49
3491,2013-05-12 07:00:00+00:00,98.95
3491,2013-05-12 07:30:00+00:00,117.9
3491,2013-05-12 08:00:00+00:00,213.35
3491,2013-05-12 08:30:00+00:00,784.85
3491,2013-05-12 09:00:00+00:00,816.1
3491,2013-05-12 09:30:00+00:00,687.95
3491,2013-05-12 10:00:00+00:00,974.4
3491,2013-05-12 10:30:00+00:00,948.15
3491,2013-05-12 11:00:00+00:00,724.45
3491,2013-05-12 11:30:00+00:00,725.6
3491,2013-05-12 12:00:00+00:00,979.25
3491,2013-05-12 12:30:00+00:00,934.85
3491,2013-05-12 13:00:00+00:00,886.9
3491,2013-05-12 13:30:00+00:00,675.55
3491,2013-05-12 14:00:00+00:00,420.42
3491,2013-05-12 14:30:00+00:00,230.25
3491,2013-05-12 15:00:00+00:00,242.3
3491,2013-05-12 15:30:00+00:00,140.11
3491,2013-05-12 16:00:00+00:00,175.47
3491,2013-05-12 16:30:00+00:00,105.08
3491,2013-05-12 17:00:00+00:00,108.95
3491,2013-05-12 17:30:00+00:00,53.97
3491,2013-05-12 18:00:00+00:00,43.97
3491,2013-05-12 18:30:00+00:00,20.8
3491,2013-05-12 19:00:00+00:00,2.46
3491,2013-05-12 19:30:00+00:00,0.0
3491,2013-05-12 20:00:00+00:00,0.0
3491,2013-05-12 20:30:00+00:00,0.0
3491,2013-05-12 21:00:00+00:00,0.0
3491,2013-05-12 21:30:00+00:00,0.0
3491,2013-05-12 22:00:00+00:00,0.0
3491,2013-05-12 22:30:00+00:00,0.0
3491,2013-05-12 23:00:00+00:00,0.0
3491,2013-05-12 23:30:00+00:00,0.0
3491,2013-05-13 00:00:00+00:00,0.0
3491,2013-05-13 00:30:00+00:00,0.0
3491,2013-05-13 01:00:00+00:00,0.0
3491,2013-05-13 01:30:00+00:00,0.0
3491,2013-05-13 02:00:00+00:00,0.0
3491,2013-05-13 02:30:00+00:00,0.0
3491,2013-05-13 03:00:00+00:00,0.0
3491,2013-05-13 03:30:00+00:00,0.0
3491,2013-05-13 04:00:00+00:00,0.0
3491,2013-05-13 04:30:00+00:00,0.0
3491,2013-05-13 05:00:00+00:00,0.0
3491,2013-05-13 05:30:00+00:00,18.89
3491,2013-05-13 06:00:00+00:00,63.52
3491,2013-05-13 06:30:00+00:00,105.25
3491,2013-05-13 07:00:00+00:00,178.54
3491,2013-05-13 07:30:00+00:00,209.01
3491,2013-05-13 08:00:00+00:00,303.21
3491,2013-05-13 08:30:00+00:00,622.25
3491,2013-05-13 09:00:00+00:00,771.65
3491,2013-05-13 09:30:00+00:00,810.45
3491,2013-05-13 10:00:00+00:00,818.75
3491,2013-05-13 10:30:00+00:00,904.9
3491,2013-05-13 11:00:00+00:00,804.95
3491,2013-05-13 11:30:00+00:00,583.05
3491,2013-05-13 12:00:00+00:00,713.95
3491,2013-05-13 12:30:00+00:00,824.2
3491,2013-05-13 13:00:00+00:00,400.33
3491,2013-05-13 13:30:00+00:00,490.65
3491,2013-05-13 14:00:00+00:00,698.55
3491,2013-05-13 14:30:00+00:00,429.79
3491,2013-05-13 15:00:00+00:00,404.12
3491,2013-05-13 15:30:00+00:00,267.84
3491,2013-05-13 16:00:00+00:00,267.02
3491,2013-05-13 16:30:00+00:00,162.81
3491,2013-05-13 17:00:00+00:00,79.2
3491,2013-05-13 17:30:00+00:00,108.39
3491,2013-05-13 18:00:00+00:00,88.41
3491,2013-05-13 18:30:00+00:00,66.27
3491,2013-05-13 19:00:00+00:00,31.68
3491,2013-05-13 19:30:00+00:00,2.12
3491,2013-05-13 20:00:00+00:00,0.0
3491,2013-05-13 20:30:00+00:00,0.0
3491,2013-05-13 21:00:00+00:00,0.0
3491,2013-05-13 21:30:00+00:00,0.0
3491,2013-05-13 22:00:00+00:00,0.0
3491,2013-05-13 22:30:00+00:00,0.0
3491,2013-05-13 23:00:00+00:00,0.0
3491,2013-05-13 23:30:00+00:00,0.0
3491,2013-05-14 00:00:00+00:00,0.0
3491,2013-05-14 00:30:00+00:00,0.0
3491,2013-05-14 01:00:00+00:00,0.0
3491,2013-05-14 01:30:00+00:00,0.0
3491,2013-05-14 02:00:00+00:00,0.0
3491,2013-05-14 02:30:00+00:00,0.0
3491,2013-05-14 03:00:00+00:00,0.0
3491,2013-05-14 03:30:00+00:00,0.0
3491,2013-05-14 04:00:00+00:00,0.0
3491,2013-05-14 04:30:00+00:00,0.0
3491,2013-05-14 05:00:00+00:00,13.44
3491,2013-05-14 05:30:00+00:00,63.94
3491,2013-05-14 06:00:00+00:00,96.9
3491,2013-05-14 06:30:00+00:00,150.92
3491,2013-05-14 07:00:00+00:00,192.66
3491,2013-05-14 07:30:00+00:00,255.38
3491,2013-05-14 08:00:00+00:00,298.15
3491,2013-05-14 08:30:00+00:00,425.34
3491,2013-05-14 09:00:00+00:00,623.6
3491,2013-05-14 09:30:00+00:00,503.85
3491,2013-05-14 10:00:00+00:00,747.65
3491,2013-05-14 10:30:00+00:00,344.03
3491,2013-05-14 11:00:00+00:00,309.87
3491,2013-05-14 11:30:00+00:00,540.55
3491,2013-05-14 12:00:00+00:00,464.96
3491,2013-05-14 12:30:00+00:00,588.7
3491,2013-05-14 13:00:00+00:00,371.18
3491,2013-05-14 13:30:00+00:00,377.08
3491,2013-05-14 14:00:00+00:00,453.21
3491,2013-05-14 14:30:00+00:00,216.05
3491,2013-05-14 15:00:00+00:00,384.97
3491,2013-05-14 15:30:00+00:00,253.37
3491,2013-05-14 16:00:00+00:00,133.22
3491,2013-05-14 16:30:00+00:00,149.99
3491,2013-05-14 17:00:00+00:00,111.85
3491,2013-05-14 17:30:00+00:00,55.0
3491,2013-05-14 18:00:00+00:00,30.22
3491,2013-05-14 18:30:00+00:00,9.3
3491,2013-05-14 19:00:00+00:00,0.0
3491,2013-05-14 19:30:00+00:00,0.0
3491,2013-05-14 20:00:00+00:00,0.0
3491,2013-05-14 20:30:00+00:00,0.0
3491,2013-05-14 21:00:00+00:00,0.0
3491,2013-05-14 21:30:00+00:00,0.0
3491,2013-05-14 22:00:00+00:00,0.0
3491,2013-05-14 22:30:00+00:00,0.0
3491,2013-05-14 23:00:00+00:00,0.0
3491,2013-05-14 23:30:00+00:00,0.0
3491,2013-05-15 00:00:00+00:00,0.0
3491,2013-05-15 00:30:00+00:00,0.0
3491,2013-05-15 01:00:00+00:00,0.0
3491,2013-05-15 01:30:00+00:00,0.0
3491,2013-05-15 02:00:00+00:00,0.0
3491,2013-05-15 02:30:00+00:00,0.0
3491,2013-05-15 03:00:00+00:00,0.0
3491,2013-05-15 03:30:00+00:00,0.0
3491,2013-05-15 04:00:00+00:00,0.0
3491,2013-05-15 04:30:00+00:00,0.0
3491,2013-05-15 05:00:00+00:00,0.0
3491,2013-05-15 05:30:00+00:00,7.95
3491,2013-05-15 06:00:00+00:00,36.91
3491,2013-05-15 06:30:00+00:00,93.11
3491,2013-05-15 07:00:00+00:00,91.55
3491,2013-05-15 07:30:00+00:00,199.28
3491,2013-05-15 08:00:00+00:00,235.19
3491,2013-05-15 08:30:00+00:00,258.83
3491,2013-05-15 09:00:00+00:00,391.16
3491,2013-05-15 09:30:00+00:00,314.01
3491,2013-05-15 10:00:00+00:00,150.21
3491,2013-05-15 10:30:00+00:00,307.41
3491,2013-05-15 11:00:00+00:00,395.44
3491,2013-05-15 11:30:00+00:00,361.7
3491,2013-05-15 12:00:00+00:00,544.65
3491,2013-05-15 12:30:00+00:00,434.92
3491,2013-05-15 13:00:00+00:00,444.09
3491,2013-05-15 13:30:00+00:00,597.4
3491,2013-05-15 14:00:00+00:00,410.36
3491,2013-05-15 14:30:00+00:00,446.68
3491,2013-05-15 15:00:00+00:00,470.47
3491,2013-05-15 15:30:00+00:00,450.0
3491,2013-05-15 16:00:00+00:00,276.06
3491,2013-05-15 16:30:00+00:00,85.9
3491,2013-05-15 17:00:00+00:00,60.51
3491,2013-05-15 17:30:00+00:00,58.71
3491,2013-05-15 18:00:00+00:00,76.38
3491,2013-05-15 18:30:00+00:00,31.27
3491,2013-05-15 19:00:00+00:00,17.34
3491,2013-05-15 19:30:00+00:00,4.4
3491,2013-05-15 20:00:00+00:00,0.0
3491,2013-05-15 20:30:00+00:00,0.0
3491,2013-05-15 21:00:00+00:00,0.0
3491,2013-05-15 21:30:00+00:00,0.0
3491,2013-05-15 22:00:00+00:00,0.0
3491,2013-05-15 22:30:00+00:00,0.0
3491,2013-05-15 23:00:00+00:00,0.0
3491,2013-05-15 23:30:00+00:00,0.0
3491,2013-05-16 00:00:00+00:00,0.0
3491,2013-05-16 00:30:00+00:00,0.0
3491,2013-05-16 01:00:00+00:00,0.0
3491,2013-05-16 01:30:00+00:00,0.0
3491,2013-05-16 02:00:00+00:00,0.0
3491,2013-05-16 02:30:00+00:00,0.0
3491,2013-05-16 03:00:00+00:00,0.0
3491,2013-05-16 03:30:00+00:00,0.0
3491,2013-05-16 04:00:00+00:00,0.0
3491,2013-05-16 04:30:00+00:00,0.0
3491,2013-05-16 05:00:00+00:00,8.23
3491,2013-05-16 05:30:00+00:00,53.79
3491,2013-05-16 06:00:00+00:00,72.83
3491,2013-05-16 06:30:00+00:00,104.75
3491,2013-05-16 07:00:00+00:00,166.17
3491,2013-05-16 07:30:00+00:00,160.25
3491,2013-05-16 08:00:00+00:00,213.62
3491,2013-05-16 08:30:00+00:00,781.35
3491,2013-05-16 09:00:00+00:00,1049.25
3491,2013-05-16 09:30:00+00:00,897.8
3491,2013-05-16 10:00:00+00:00,1013.2
3491,2013-05-16 10:30:00+00:00,876.35
3491,2013-05-16 11:00:00+00:00,1037.7
3491,2013-05-16 11:30:00+00:00,837.75
3491,2013-05-16 12:00:00+00:00,736.85
3491,2013-05-16 12:30:00+00:00,962.5
3491,2013-05-16 13:00:00+00:00,286.46
3491,2013-05-16 13:30:00+00:00,175.95
3491,2013-05-16 14:00:00+00:00,209.82
3491,2013-05-16 14:30:00+00:00,178.66
3491,2013-05-16 15:00:00+00:00,193.63
3491,2013-05-16 15:30:00+00:00,218.54
3491,2013-05-16 16:00:00+00:00,121.31
3491,2013-05-16 16:30:00+00:00,88.91
3491,2013-05-16 17:00:00+00:00,63.46
3491,2013-05-16 17:30:00+00:00,59.77
3491,2013-05-16 18:00:00+00:00,60.44
3491,2013-05-16 18:30:00+00:00,106.23
3491,2013-05-16 19:00:00+00:00,48.03
3491,2013-05-16 19:30:00+00:00,5.68
3491,2013-05-16 20:00:00+00:00,0.0
3491,2013-05-16 20:30:00+00:00,0.0
3491,2013-05-16 21:00:00+00:00,0.0
3491,2013-05-16 21:30:00+00:00,0.0
3491,2013-05-16 22:00:00+00:00,0.0
3491,2013-05-16 22:30:00+00:00,0.0
3491,2013-05-16 23:00:00+00:00,0.0
3491,2013-05-16 23:30:00+00:00,0.0
3491,2013-05-17 00:00:00+00:00,0.0
3491,2013-05-17 00:30:00+00:00,0.0
3491,2013-05-17 01:00:00+00:00,0.0
3491,2013-05-17 01:30:00+00:00,0.0
3491,2013-05-17 02:00:00+00:00,0.0
3491,2013-05-17 02:30:00+00:00,0.0
3491,2013-05-17 03:00:00+00:00,0.0
3491,2013-05-17 03:30:00+00:00,0.0
3491,2013-05-17 04:00:00+00:00,0.0
3491,2013-05-17 04:30:00+00:00,0.0
3491,2013-05-17 05:00:00+00:00,0.0
3491,2013-05-17 05:30:00+00:00,6.38
3491,2013-05-17 06:00:00+00:00,65.84
3491,2013-05-17 06:30:00+00:00,102.92
3491,2013-05-17 07:00:00+00:00,150.24
3491,2013-05-17 07:30:00+00:00,200.19
3491,2013-05-17 08:00:00+00:00,181.95
3491,2013-05-17 08:30:00+00:00,240.15
3491,2013-05-17 09:00:00+00:00,224.05
3491,2013-05-17 09:30:00+00:00,241.59
3491,2013-05-17 10:00:00+00:00,166.76
3491,2013-05-17 10:30:00+00:00,187.73
3491,2013-05-17 11:00:00+00:00,139.03
3491,2013-05-17 11:30:00+00:00,161.69
3491,2013-05-17 12:00:00+00:00,209.47
3491,2013-05-17 12:30:00+00:00,54.13
3491,2013-05-17 13:00:00+00:00,241.25
3491,2013-05-17 13:30:00+00:00,103.12
3491,2013-05-17 14:00:00+00:00,158.5
3491,2013-05-17 14:30:00+00:00,173.69
3491,2013-05-17 15:00:00+00:00,127.77
3491,2013-05-17 15:30:00+00:00,120.29
3491,2013-05-17 16:00:00+00:00,115.51
3491,2013-05-17 16:30:00+00:00,97.16
3491,2013-05-17 17:00:00+00:00,77.61
3491,2013-05-17 17:30:00+00:00,18.28
3491,2013-05-17 18:00:00+00:00,34.28
3491,2013-05-17 18:30:00+00:00,45.88
3491,2013-05-17 19:00:00+00:00,13.56
3491,2013-05-17 19:30:00+00:00,0.0
3491,2013-05-17 20:00:00+00:00,0.0
3491,2013-05-17 20:30:00+00:00,0.0
3491,2013-05-17 21:00:00+00:00,0.0
3491,2013-05-17 21:30:00+00:00,0.0
3491,2013-05-17 22:00:00+00:00,0.0
3491,2013-05-17 22:30:00+00:00,0.0
3491,2013-05-17 23:00:00+00:00,0.0
3491,2013-05-17 23:30:00+00:00,0.0
3491,2013-05-18 00:00:00+00:00,0.0
3491,2013-05-18 00:30:00+00:00,0.0
3491,2013-05-18 01:00:00+00:00,0.0
3491,2013-05-18 01:30:00+00:00,0.0
3491,2013-05-18 02:00:00+00:00,0.0
3491,2013-05-18 02:30:00+00:00,0.0
3491,2013-05-18 03:00:00+00:00,0.0
3491,2013-05-18 03:30:00+00:00,0.0
3491,2013-05-18 04:00:00+00:00,0.0
3491,2013-05-18 04:30:00+00:00,0.0
3491,2013-05-18 05:00:00+00:00,0.0
3491,2013-05-18 05:30:00+00:00,12.76
3491,2013-05-18 06:00:00+00:00,36.68
3491,2013-05-18 06:30:00+00:00,58.25
3491,2013-05-18 07:00:00+00:00,151.09
3491,2013-05-18 07:30:00+00:00,275.88
3491,2013-05-18 08:00:00+00:00,326.59
3491,2013-05-18 08:30:00+00:00,423.43
3491,2013-05-18 09:00:00+00:00,317.2
3491,2013-05-18 09:30:00+00:00,384.7
3491,2013-05-18 10:00:00+00:00,434.77
3491,2013-05-18 10:30:00+00:00,265.91
3491,2013-05-18 11:00:00+00:00,377.2
3491,2013-05-18 11:30:00+00:00,359.16
3491,2013-05-18 12:00:00+00:00,405.63
3491,2013-05-18 12:30:00+00:00,374.79
3491,2013-05-18 13:00:00+00:00,140.62
3491,2013-05-18 13:30:00+00:00,164.93
3491,2013-05-18 14:00:00+00:00,295.93
3491,2013-05-18 14:30:00+00:00,264.29
3491,2013-05-18 15:00:00+00:00,342.86
3491,2013-05-18 15:30:00+00:00,265.25
3491,2013-05-18 16:00:00+00:00,273.03
3491,2013-05-18 16:30:00+00:00,182.84
3491,2013-05-18 17:00:00+00:00,134.98
3491,2013-05-18 17:30:00+00:00,136.93
3491,2013-05-18 18:00:00+00:00,79.51
3491,2013-05-18 18:30:00+00:00,88.92
3491,2013-05-18 19:00:00+00:00,34.8
3491,2013-05-18 19:30:00+00:00,9.68
3491,2013-05-18 20:00:00+00:00,0.0
3491,2013-05-18 20:30:00+00:00,0.0
3491,2013-05-18 21:00:00+00:00,0.0
3491,2013-05-18 21:30:00+00:00,0.0
3491,2013-05-18 22:00:00+00:00,0.0
3491,2013-05-18 22:30:00+00:00,0.0
3491,2013-05-18 23:00:00+00:00,0.0
3491,2013-05-18 23:30:00+00:00,0.0
3491,2013-05-19 00:00:00+00:00,0.0
3491,2013-05-19 00:30:00+00:00,0.0
3491,2013-05-19 01:00:00+00:00,0.0
3491,2013-05-19 01:30:00+00:00,0.0
3491,2013-05-19 02:00:00+00:00,0.0
3491,2013-05-19 02:30:00+00:00,0.0
3491,2013-05-19 03:00:00+00:00,0.0
3491,2013-05-19 03:30:00+00:00,0.0
3491,2013-05-19 04:00:00+00:00,0.0
3491,2013-05-19 04:30:00+00:00,0.0
3491,2013-05-19 05:00:00+00:00,2.34
3491,2013-05-19 05:30:00+00:00,31.59
3491,2013-05-19 06:00:00+00:00,42.07
3491,2013-05-19 06:30:00+00:00,77.74
3491,2013-05-19 07:00:00+00:00,168.89
3491,2013-05-19 07:30:00+00:00,207.61
3491,2013-05-19 08:00:00+00:00,231.08
3491,2013-05-19 08:30:00+00:00,447.62
3491,2013-05-19 09:00:00+00:00,662.6
3491,2013-05-19 09:30:00+00:00,620.85
3491,2013-05-19 10:00:00+00:00,984.25
3491,2013-05-19 10:30:00+00:00,749.95
3491,2013-05-19 11:00:00+00:00,998.5
3491,2013-05-19 11:30:00+00:00,1048.25
3491,2013-05-19 12:00:00+00:00,878.8
3491,2013-05-19 12:30:00+00:00,897.95
3491,2013-05-19 13:00:00+00:00,922.0
3491,2013-05-19 13:30:00+00:00,696.85
3491,2013-05-19 14:00:00+00:00,647.1
3491,2013-05-19 14:30:00+00:00,511.4
3491,2013-05-19 15:00:00+00:00,319.03
3491,2013-05-19 15:30:00+00:00,368.81
3491,2013-05-19 16:00:00+00:00,226.67
3491,2013-05-19 16:30:00+00:00,152.47
3491,2013-05-19 17:00:00+00:00,129.15
3491,2013-05-19 17:30:00+00:00,99.11
3491,2013-05-19 18:00:00+00:00,48.34
3491,2013-05-19 18:30:00+00:00,43.26
3491,2013-05-19 19:00:00+00:00,24.21
3491,2013-05-19 19:30:00+00:00,6.04
3491,2013-05-19 20:00:00+00:00,0.0
3491,2013-05-19 20:30:00+00:00,0.0
3491,2013-05-19 21:00:00+00:00,0.0
3491,2013-05-19 21:30:00+00:00,0.0
3491,2013-05-19 22:00:00+00:00,0.0
3491,2013-05-19 22:30:00+00:00,0.0
3491,2013-05-19 23:00:00+00:00,0.0
3491,2013-05-19 23:30:00+00:00,0.0
3491,2013-05-20 00:00:00+00:00,0.0
3491,2013-05-20 00:30:00+00:00,0.0
3491,2013-05-20 01:00:00+00:00,0.0
3491,2013-05-20 01:30:00+00:00,0.0
3491,2013-05-20 02:00:00+00:00,0.0
3491,2013-05-20 02:30:00+00:00,0.0
3491,2013-05-20 03:00:00+00:00,0.0
3491,2013-05-20 03:30:00+00:00,0.0
3491,2013-05-20 04:00:00+00:00,0.0
3491,2013-05-20 04:30:00+00:00,0.0
3491,2013-05-20 05:00:00+00:00,0.0
3491,2013-05-20 05:30:00+00:00,0.0
3491,2013-05-20 06:00:00+00:00,0.0
3491,2013-05-20 06:30:00+00:00,0.0
3491,2013-05-20 07:00:00+00:00,14.83
3491,2013-05-20 07:30:00+00:00,74.82
3491,2013-05-20 08:00:00+00:00,77.86
3491,2013-05-20 08:30:00+00:00,67.09
3491,2013-05-20 09:00:00+00:00,71.01
3491,2013-05-20 09:30:00+00:00,104.77
3491,2013-05-20 10:00:00+00:00,139.97
3491,2013-05-20 10:30:00+00:00,99.41
3491,2013-05-20 11:00:00+00:00,70.2
3491,2013-05-20 11:30:00+00:00,66.83
3491,2013-05-20 12:00:00+00:00,45.75
3491,2013-05-20 12:30:00+00:00,66.11
3491,2013-05-20 13:00:00+00:00,86.91
3491,2013-05-20 13:30:00+00:00,75.42
3491,2013-05-20 14:00:00+00:00,123.0
3491,2013-05-20 14:30:00+00:00,110.49
3491,2013-05-20 15:00:00+00:00,128.85
3491,2013-05-20 15:30:00+00:00,82.0
3491,2013-05-20 16:00:00+00:00,98.39
3491,2013-05-20 16:30:00+00:00,88.92
3491,2013-05-20 17:00:00+00:00,35.16
3491,2013-05-20 17:30:00+00:00,0.74
3491,2013-05-20 18:00:00+00:00,0.0
3491,2013-05-20 18:30:00+00:00,0.0
3491,2013-05-20 19:00:00+00:00,0.5
3491,2013-05-20 19:30:00+00:00,0.0
3491,2013-05-20 20:00:00+00:00,0.0
3491,2013-05-20 20:30:00+00:00,0.0
3491,2013-05-20 21:00:00+00:00,0.0
3491,2013-05-20 21:30:00+00:00,0.0
3491,2013-05-20 22:00:00+00:00,0.0
3491,2013-05-20 22:30:00+00:00,0.0
3491,2013-05-20 23:00:00+00:00,0.0
3491,2013-05-20 23:30:00+00:00,0.0
3491,2013-05-21 00:00:00+00:00,0.0
3491,2013-05-21 00:30:00+00:00,0.0
3491,2013-05-21 01:00:00+00:00,0.0
3491,2013-05-21 01:30:00+00:00,0.0
3491,2013-05-21 02:00:00+00:00,0.0
3491,2013-05-21 02:30:00+00:00,0.0
3491,2013-05-21 03:00:00+00:00,0.0
3491,2013-05-21 03:30:00+00:00,0.0
3491,2013-05-21 04:00:00+00:00,0.0
3491,2013-05-21 04:30:00+00:00,0.0
3491,2013-05-21 05:00:00+00:00,0.0
3491,2013-05-21 05:30:00+00:00,0.0
3491,2013-05-21 06:00:00+00:00,0.0
3491,2013-05-21 06:30:00+00:00,8.8
3491,2013-05-21 07:00:00+00:00,12.49
3491,2013-05-21 07:30:00+00:00,31.32
3491,2013-05-21 08:00:00+00:00,15.55
3491,2013-05-21 08:30:00+00:00,30.12
3491,2013-05-21 09:00:00+00:00,32.8
3491,2013-05-21 09:30:00+00:00,42.39
3491,2013-05-21 10:00:00+00:00,61.44
3491,2013-05-21 10:30:00+00:00,79.67
3491,2013-05-21 11:00:00+00:00,104.55
3491,2013-05-21 11:30:00+00:00,117.83
3491,2013-05-21 12:00:00+00:00,143.36
3491,2013-05-21 12:30:00+00:00,131.79
3491,2013-05-21 13:00:00+00:00,168.81
3491,2013-05-21 13:30:00+00:00,246.97
3491,2013-05-21 14:00:00+00:00,192.67
3491,2013-05-21 14:30:00+00:00,222.49
3491,2013-05-21 15:00:00+00:00,134.32
3491,2013-05-21 15:30:00+00:00,193.8
3491,2013-05-21 16:00:00+00:00,154.03
3491,2013-05-21 16:30:00+00:00,115.24
3491,2013-05-21 17:00:00+00:00,133.47
3491,2013-05-21 17:30:00+00:00,90.77
3491,2013-05-21 18:00:00+00:00,72.14
3491,2013-05-21 18:30:00+00:00,55.14
3491,2013-05-21 19:00:00+00:00,25.98
3491,2013-05-21 19:30:00+00:00,8.34
3491,2013-05-21 20:00:00+00:00,0.0
3491,2013-05-21 20:30:00+00:00,0.0
3491,2013-05-21 21:00:00+00:00,0.0
3491,2013-05-21 21:30:00+00:00,0.0
3491,2013-05-21 22:00:00+00:00,0.0
3491,2013-05-21 22:30:00+00:00,0.0
3491,2013-05-21 23:00:00+00:00,0.0
3491,2013-05-21 23:30:00+00:00,0.0
3491,2013-05-22 00:00:00+00:00,0.0
3491,2013-05-22 00:30:00+00:00,0.0
3491,2013-05-22 01:00:00+00:00,0.0
3491,2013-05-22 01:30:00+00:00,0.0
3491,2013-05-22 02:00:00+00:00,0.0
3491,2013-05-22 02:30:00+00:00,0.0
3491,2013-05-22 03:00:00+00:00,0.0
3491,2013-05-22 03:30:00+00:00,0.0
3491,2013-05-22 04:00:00+00:00,0.0
3491,2013-05-22 04:30:00+00:00,0.0
3491,2013-05-22 05:00:00+00:00,0.0
3491,2013-05-22 05:30:00+00:00,0.0
3491,2013-05-22 06:00:00+00:00,17.46
3491,2013-05-22 06:30:00+00:00,35.71
3491,2013-05-22 07:00:00+00:00,61.0
3491,2013-05-22 07:30:00+00:00,91.09
3491,2013-05-22 08:00:00+00:00,139.24
3491,2013-05-22 08:30:00+00:00,140.02
3491,2013-05-22 09:00:00+00:00,139.71
3491,2013-05-22 09:30:00+00:00,187.27
3491,2013-05-22 10:00:00+00:00,117.35
3491,2013-05-22 10:30:00+00:00,143.7
3491,2013-05-22 11:00:00+00:00,159.09
3491,2013-05-22 11:30:00+00:00,340.06
3491,2013-05-22 12:00:00+00:00,197.56
3491,2013-05-22 12:30:00+00:00,179.03
3491,2013-05-22 13:00:00+00:00,240.73
3491,2013-05-22 13:30:00+00:00,197.14
3491,2013-05-22 14:00:00+00:00,244.68
3491,2013-05-22 14:30:00+00:00,171.37
3491,2013-05-22 15:00:00+00:00,215.75
3491,2013-05-22 15:30:00+00:00,196.5
3491,2013-05-22 16:00:00+00:00,151.91
3491,2013-05-22 16:30:00+00:00,111.92
3491,2013-05-22 17:00:00+00:00,154.26
3491,2013-05-22 17:30:00+00:00,115.8
3491,2013-05-22 18:00:00+00:00,90.4
3491,2013-05-22 18:30:00+00:00,38.44
3491,2013-05-22 19:00:00+00:00,25.28
3491,2013-05-22 19:30:00+00:00,5.08
3491,2013-05-22 20:00:00+00:00,0.0
3491,2013-05-22 20:30:00+00:00,0.0
3491,2013-05-22 21:00:00+00:00,0.0
3491,2013-05-22 21:30:00+00:00,0.0
3491,2013-05-22 22:00:00+00:00,0.0
3491,2013-05-22 22:30:00+00:00,0.0
3491,2013-05-22 23:00:00+00:00,0.0
3491,2013-05-22 23:30:00+00:00,0.0
3491,2013-05-23 00:00:00+00:00,0.0
3491,2013-05-23 00:30:00+00:00,0.0
3491,2013-05-23 01:00:00+00:00,0.0
3491,2013-05-23 01:30:00+00:00,0.0
3491,2013-05-23 02:00:00+00:00,0.0
3491,2013-05-23 02:30:00+00:00,0.0
3491,2013-05-23 03:00:00+00:00,0.0
3491,2013-05-23 03:30:00+00:00,0.0
3491,2013-05-23 04:00:00+00:00,0.0
3491,2013-05-23 04:30:00+00:00,0.0
3491,2013-05-23 05:00:00+00:00,7.43
3491,2013-05-23 05:30:00+00:00,51.2
3491,2013-05-23 06:00:00+00:00,85.29
3491,2013-05-23 06:30:00+00:00,119.43
3491,2013-05-23 07:00:00+00:00,183.47
3491,2013-05-23 07:30:00+00:00,150.24
3491,2013-05-23 08:00:00+00:00,174.0
3491,2013-05-23 08:30:00+00:00,410.61
3491,2013-05-23 09:00:00+00:00,474.87
3491,2013-05-23 09:30:00+00:00,223.52
3491,2013-05-23 10:00:00+00:00,382.01
3491,2013-05-23 10:30:00+00:00,604.7
3491,2013-05-23 11:00:00+00:00,343.43
3491,2013-05-23 11:30:00+00:00,558.75
3491,2013-05-23 12:00:00+00:00,541.2
3491,2013-05-23 12:30:00+00:00,332.89
3491,2013-05-23 13:00:00+00:00,799.75
3491,2013-05-23 13:30:00+00:00,460.04
3491,2013-05-23 14:00:00+00:00,956.05
3491,2013-05-23 14:30:00+00:00,294.32
3491,2013-05-23 15:00:00+00:00,158.73
3491,2013-05-23 15:30:00+00:00,505.3
3491,2013-05-23 16:00:00+00:00,309.59
3491,2013-05-23 16:30:00+00:00,143.49
3491,2013-05-23 17:00:00+00:00,50.03
3491,2013-05-23 17:30:00+00:00,124.53
3491,2013-05-23 18:00:00+00:00,120.84
3491,2013-05-23 18:30:00+00:00,32.04
3491,2013-05-23 19:00:00+00:00,31.84
3491,2013-05-23 19:30:00+00:00,18.39
3491,2013-05-23 20:00:00+00:00,0.07
3491,2013-05-23 20:30:00+00:00,0.0
3491,2013-05-23 21:00:00+00:00,0.0
3491,2013-05-23 21:30:00+00:00,0.0
3491,2013-05-23 22:00:00+00:00,0.0
3491,2013-05-23 22:30:00+00:00,0.0
3491,2013-05-23 23:00:00+00:00,0.0
3491,2013-05-23 23:30:00+00:00,0.0
3491,2013-05-24 00:00:00+00:00,0.0
3491,2013-05-24 00:30:00+00:00,0.0
3491,2013-05-24 01:00:00+00:00,0.0
3491,2013-05-24 01:30:00+00:00,0.0
3491,2013-05-24 02:00:00+00:00,0.0
3491,2013-05-24 02:30:00+00:00,0.0
3491,2013-05-24 03:00:00+00:00,0.0
3491,2013-05-24 03:30:00+00:00,0.0
3491,2013-05-24 04:00:00+00:00,0.0
3491,2013-05-24 04:30:00+00:00,0.0
3491,2013-05-24 05:00:00+00:00,0.0
3491,2013-05-24 05:30:00+00:00,4.58
3491,2013-05-24 06:00:00+00:00,33.55
3491,2013-05-24 06:30:00+00:00,44.22
3491,2013-05-24 07:00:00+00:00,64.71
3491,2013-05-24 07:30:00+00:00,102.53
3491,2013-05-24 08:00:00+00:00,113.07
3491,2013-05-24 08:30:00+00:00,234.78
3491,2013-05-24 09:00:00+00:00,237.69
3491,2013-05-24 09:30:00+00:00,125.96
3491,2013-05-24 10:00:00+00:00,173.23
3491,2013-05-24 10:30:00+00:00,205.71
3491,2013-05-24 11:00:00+00:00,236.11
3491,2013-05-24 11:30:00+00:00,186.66
3491,2013-05-24 12:00:00+00:00,248.21
3491,2013-05-24 12:30:00+00:00,264.74
3491,2013-05-24 13:00:00+00:00,228.08
3491,2013-05-24 13:30:00+00:00,139.03
3491,2013-05-24 14:00:00+00:00,134.34
3491,2013-05-24 14:30:00+00:00,179.51
3491,2013-05-24 15:00:00+00:00,290.69
3491,2013-05-24 15:30:00+00:00,391.91
3491,2013-05-24 16:00:00+00:00,210.81
3491,2013-05-24 16:30:00+00:00,122.72
3491,2013-05-24 17:00:00+00:00,192.29
3491,2013-05-24 17:30:00+00:00,124.68
3491,2013-05-24 18:00:00+00:00,28.96
3491,2013-05-24 18:30:00+00:00,37.45
3491,2013-05-24 19:00:00+00:00,19.43
3491,2013-05-24 19:30:00+00:00,2.35
3491,2013-05-24 20:00:00+00:00,0.0
3491,2013-05-24 20:30:00+00:00,0.0
3491,2013-05-24 21:00:00+00:00,0.0
3491,2013-05-24 21:30:00+00:00,0.0
3491,2013-05-24 22:00:00+00:00,0.0
3491,2013-05-24 22:30:00+00:00,0.0
3491,2013-05-24 23:00:00+00:00,0.0
3491,2013-05-24 23:30:00+00:00,0.0
3491,2013-05-25 00:00:00+00:00,0.0
3491,2013-05-25 00:30:00+00:00,0.0
3491,2013-05-25 01:00:00+00:00,0.0
3491,2013-05-25 01:30:00+00:00,0.0
3491,2013-05-25 02:00:00+00:00,0.0
3491,2013-05-25 02:30:00+00:00,0.0
3491,2013-05-25 03:00:00+00:00,0.0
3491,2013-05-25 03:30:00+00:00,0.0
3491,2013-05-25 04:00:00+00:00,0.0
3491,2013-05-25 04:30:00+00:00,3.52
3491,2013-05-25 05:00:00+00:00,40.2
3491,2013-05-25 05:30:00+00:00,57.01
3491,2013-05-25 06:00:00+00:00,97.12
3491,2013-05-25 06:30:00+00:00,164.08
3491,2013-05-25 07:00:00+00:00,141.57
3491,2013-05-25 07:30:00+00:00,171.14
3491,2013-05-25 08:00:00+00:00,263.77
3491,2013-05-25 08:30:00+00:00,629.25
3491,2013-05-25 09:00:00+00:00,535.25
3491,2013-05-25 09:30:00+00:00,600.5
3491,2013-05-25 10:00:00+00:00,705.6
3491,2013-05-25 10:30:00+00:00,716.5
3491,2013-05-25 11:00:00+00:00,698.8
3491,2013-05-25 11:30:00+00:00,646.45
3491,2013-05-25 12:00:00+00:00,585.3
3491,2013-05-25 12:30:00+00:00,679.3
3491,2013-05-25 13:00:00+00:00,719.05
3491,2013-05-25 13:30:00+00:00,680.35
3491,2013-05-25 14:00:00+00:00,649.95
3491,2013-05-25 14:30:00+00:00,489.29
3491,2013-05-25 15:00:00+00:00,453.81
3491,2013-05-25 15:30:00+00:00,416.24
3491,2013-05-25 16:00:00+00:00,288.96
3491,2013-05-25 16:30:00+00:00,150.05
3491,2013-05-25 17:00:00+00:00,68.31
3491,2013-05-25 17:30:00+00:00,61.03
3491,2013-05-25 18:00:00+00:00,51.1
3491,2013-05-25 18:30:00+00:00,40.21
3491,2013-05-25 19:00:00+00:00,40.39
3491,2013-05-25 19:30:00+00:00,20.23
3491,2013-05-25 20:00:00+00:00,0.51
3491,2013-05-25 20:30:00+00:00,0.0
3491,2013-05-25 21:00:00+00:00,0.0
3491,2013-05-25 21:30:00+00:00,0.0
3491,2013-05-25 22:00:00+00:00,0.0
3491,2013-05-25 22:30:00+00:00,0.0
3491,2013-05-25 23:00:00+00:00,0.0
3491,2013-05-25 23:30:00+00:00,0.0
3491,2013-05-26 00:00:00+00:00,0.0
3491,2013-05-26 00:30:00+00:00,0.0
3491,2013-05-26 01:00:00+00:00,0.0
3491,2013-05-26 01:30:00+00:00,0.0
3491,2013-05-26 02:00:00+00:00,0.0
3491,2013-05-26 02:30:00+00:00,0.0
3491,2013-05-26 03:00:00+00:00,0.0
3491,2013-05-26 03:30:00+00:00,0.0
3491,2013-05-26 04:00:00+00:00,0.0
3491,2013-05-26 04:30:00+00:00,0.0
3491,2013-05-26 05:00:00+00:00,18.99
3491,2013-05-26 05:30:00+00:00,43.21
3491,2013-05-26 06:00:00+00:00,58.29
3491,2013-05-26 06:30:00+00:00,67.13
3491,2013-05-26 07:00:00+00:00,95.5
3491,2013-05-26 07:30:00+00:00,132.14
3491,2013-05-26 08:00:00+00:00,181.67
3491,2013-05-26 08:30:00+00:00,625.45
3491,2013-05-26 09:00:00+00:00,852.1
3491,2013-05-26 09:30:00+00:00,1031.05
3491,2013-05-26 10:00:00+00:00,1049.0
3491,2013-05-26 10:30:00+00:00,1030.3
3491,2013-05-26 11:00:00+00:00,1067.65
3491,2013-05-26 11:30:00+00:00,959.55
3491,2013-05-26 12:00:00+00:00,931.4
3491,2013-05-26 12:30:00+00:00,1003.85
3491,2013-05-26 13:00:00+00:00,893.1
3491,2013-05-26 13:30:00+00:00,847.1
3491,2013-05-26 14:00:00+00:00,788.1
3491,2013-05-26 14:30:00+00:00,687.95
3491,2013-05-26 15:00:00+00:00,560.95
3491,2013-05-26 15:30:00+00:00,426.82
3491,2013-05-26 16:00:00+00:00,277.91
3491,2013-05-26 16:30:00+00:00,149.49
3491,2013-05-26 17:00:00+00:00,77.77
3491,2013-05-26 17:30:00+00:00,70.1
3491,2013-05-26 18:00:00+00:00,60.38
3491,2013-05-26 18:30:00+00:00,44.03
3491,2013-05-26 19:00:00+00:00,25.61
3491,2013-05-26 19:30:00+00:00,15.57
3491,2013-05-26 20:00:00+00:00,0.0
3491,2013-05-26 20:30:00+00:00,0.0
3491,2013-05-26 21:00:00+00:00,0.0
3491,2013-05-26 21:30:00+00:00,0.0
3491,2013-05-26 22:00:00+00:00,0.0
3491,2013-05-26 22:30:00+00:00,0.0
3491,2013-05-26 23:00:00+00:00,0.0
3491,2013-05-26 23:30:00+00:00,0.0
3491,2013-05-27 00:00:00+00:00,0.0
3491,2013-05-27 00:30:00+00:00,0.0
3491,2013-05-27 01:00:00+00:00,0.0
3491,2013-05-27 01:30:00+00:00,0.0
3491,2013-05-27 02:00:00+00:00,0.0
3491,2013-05-27 02:30:00+00:00,0.0
3491,2013-05-27 03:00:00+00:00,0.0
3491,2013-05-27 03:30:00+00:00,0.0
3491,2013-05-27 04:00:00+00:00,0.0
3491,2013-05-27 04:30:00+00:00,0.0
3491,2013-05-27 05:00:00+00:00,11.76
3491,2013-05-27 05:30:00+00:00,27.56
3491,2013-05-27 06:00:00+00:00,35.65
3491,2013-05-27 06:30:00+00:00,44.45
3491,2013-05-27 07:00:00+00:00,55.73
3491,2013-05-27 07:30:00+00:00,64.42
3491,2013-05-27 08:00:00+00:00,78.18
3491,2013-05-27 08:30:00+00:00,702.6
3491,2013-05-27 09:00:00+00:00,1020.05
3491,2013-05-27 09:30:00+00:00,1073.8
3491,2013-05-27 10:00:00+00:00,1095.15
3491,2013-05-27 10:30:00+00:00,1068.2
3491,2013-05-27 11:00:00+00:00,1025.55
3491,2013-05-27 11:30:00+00:00,873.8
3491,2013-05-27 12:00:00+00:00,785.85
3491,2013-05-27 12:30:00+00:00,711.2
3491,2013-05-27 13:00:00+00:00,787.25
3491,2013-05-27 13:30:00+00:00,924.05
3491,2013-05-27 14:00:00+00:00,835.55
3491,2013-05-27 14:30:00+00:00,688.15
3491,2013-05-27 15:00:00+00:00,562.9
3491,2013-05-27 15:30:00+00:00,440.84
3491,2013-05-27 16:00:00+00:00,295.59
3491,2013-05-27 16:30:00+00:00,165.6
3491,2013-05-27 17:00:00+00:00,119.45
3491,2013-05-27 17:30:00+00:00,74.85
3491,2013-05-27 18:00:00+00:00,55.73
3491,2013-05-27 18:30:00+00:00,31.9
3491,2013-05-27 19:00:00+00:00,14.88
3491,2013-05-27 19:30:00+00:00,1.28
3491,2013-05-27 20:00:00+00:00,0.0
3491,2013-05-27 20:30:00+00:00,0.0
3491,2013-05-27 21:00:00+00:00,0.0
3491,2013-05-27 21:30:00+00:00,0.0
3491,2013-05-27 22:00:00+00:00,0.0
3491,2013-05-27 22:30:00+00:00,0.0
3491,2013-05-27 23:00:00+00:00,0.0
3491,2013-05-27 23:30:00+00:00,0.0
3491,2013-05-28 00:00:00+00:00,0.0
3491,2013-05-28 00:30:00+00:00,0.0
3491,2013-05-28 01:00:00+00:00,0.0
3491,2013-05-28 01:30:00+00:00,0.0
3491,2013-05-28 02:00:00+00:00,0.0
3491,2013-05-28 02:30:00+00:00,0.0
3491,2013-05-28 03:00:00+00:00,0.0
3491,2013-05-28 03:30:00+00:00,0.0
3491,2013-05-28 04:00:00+00:00,0.0
3491,2013-05-28 04:30:00+00:00,0.0
3491,2013-05-28 05:00:00+00:00,0.0
3491,2013-05-28 05:30:00+00:00,0.0
3491,2013-05-28 06:00:00+00:00,7.51
3491,2013-05-28 06:30:00+00:00,19.22
3491,2013-05-28 07:00:00+00:00,20.99
3491,2013-05-28 07:30:00+00:00,72.41
3491,2013-05-28 08:00:00+00:00,186.01
3491,2013-05-28 08:30:00+00:00,239.73
3491,2013-05-28 09:00:00+00:00,254.26
3491,2013-05-28 09:30:00+00:00,147.35
3491,2013-05-28 10:00:00+00:00,233.12
3491,2013-05-28 10:30:00+00:00,145.78
3491,2013-05-28 11:00:00+00:00,299.25
3491,2013-05-28 11:30:00+00:00,153.23
3491,2013-05-28 12:00:00+00:00,135.88
3491,2013-05-28 12:30:00+00:00,167.56
3491,2013-05-28 13:00:00+00:00,38.94
3491,2013-05-28 13:30:00+00:00,108.14
3491,2013-05-28 14:00:00+00:00,183.33
3491,2013-05-28 14:30:00+00:00,172.81
3491,2013-05-28 15:00:00+00:00,249.12
3491,2013-05-28 15:30:00+00:00,331.03
3491,2013-05-28 16:00:00+00:00,299.7
3491,2013-05-28 16:30:00+00:00,132.45
3491,2013-05-28 17:00:00+00:00,66.66
3491,2013-05-28 17:30:00+00:00,87.45
3491,2013-05-28 18:00:00+00:00,97.23
3491,2013-05-28 18:30:00+00:00,77.79
3491,2013-05-28 19:00:00+00:00,23.8
3491,2013-05-28 19:30:00+00:00,16.41
3491,2013-05-28 20:00:00+00:00,0.0
3491,2013-05-28 20:30:00+00:00,0.0
3491,2013-05-28 21:00:00+00:00,0.0
3491,2013-05-28 21:30:00+00:00,0.0
3491,2013-05-28 22:00:00+00:00,0.0
3491,2013-05-28 22:30:00+00:00,0.0
3491,2013-05-28 23:00:00+00:00,0.0
3491,2013-05-28 23:30:00+00:00,0.0
3491,2013-05-29 00:00:00+00:00,0.0
3491,2013-05-29 00:30:00+00:00,0.0
3491,2013-05-29 01:00:00+00:00,0.0
3491,2013-05-29 01:30:00+00:00,0.0
3491,2013-05-29 02:00:00+00:00,0.0
3491,2013-05-29 02:30:00+00:00,0.0
3491,2013-05-29 03:00:00+00:00,0.0
3491,2013-05-29 03:30:00+00:00,0.0
3491,2013-05-29 04:00:00+00:00,0.0
3491,2013-05-29 04:30:00+00:00,0.0
3491,2013-05-29 05:00:00+00:00,4.71
3491,2013-05-29 05:30:00+00:00,55.84
3491,2013-05-29 06:00:00+00:00,34.5
3491,2013-05-29 06:30:00+00:00,97.72
3491,2013-05-29 07:00:00+00:00,179.6
3491,2013-05-29 07:30:00+00:00,283.06
3491,2013-05-29 08:00:00+00:00,176.25
3491,2013-05-29 08:30:00+00:00,285.59
3491,2013-05-29 09:00:00+00:00,182.91
3491,2013-05-29 09:30:00+00:00,299.94
3491,2013-05-29 10:00:00+00:00,232.44
3491,2013-05-29 10:30:00+00:00,88.27
3491,2013-05-29 11:00:00+00:00,79.9
3491,2013-05-29 11:30:00+00:00,55.7
3491,2013-05-29 12:00:00+00:00,40.75
3491,2013-05-29 12:30:00+00:00,91.44
3491,2013-05-29 13:00:00+00:00,60.06
3491,2013-05-29 13:30:00+00:00,96.95
3491,2013-05-29 14:00:00+00:00,172.19
3491,2013-05-29 14:30:00+00:00,121.52
3491,2013-05-29 15:00:00+00:00,58.48
3491,2013-05-29 15:30:00+00:00,39.22
3491,2013-05-29 16:00:00+00:00,25.35
3491,2013-05-29 16:30:00+00:00,37.44
3491,2013-05-29 17:00:00+00:00,40.72
3491,2013-05-29 17:30:00+00:00,8.65
3491,2013-05-29 18:00:00+00:00,51.83
3491,2013-05-29 18:30:00+00:00,23.44
3491,2013-05-29 19:00:00+00:00,21.76
3491,2013-05-29 19:30:00+00:00,1.39
3491,2013-05-29 20:00:00+00:00,0.0
3491,2013-05-29 20:30:00+00:00,0.0
3491,2013-05-29 21:00:00+00:00,0.0
3491,2013-05-29 21:30:00+00:00,0.0
3491,2013-05-29 22:00:00+00:00,0.0
3491,2013-05-29 22:30:00+00:00,0.0
3491,2013-05-29 23:00:00+00:00,0.0
3491,2013-05-29 23:30:00+00:00,0.0
3491,2013-05-30 00:00:00+00:00,0.0
3491,2013-05-30 00:30:00+00:00,0.0
3491,2013-05-30 01:00:00+00:00,0.0
3491,2013-05-30 01:30:00+00:00,0.0
3491,2013-05-30 02:00:00+00:00,0.0
3491,2013-05-30 02:30:00+00:00,0.0
3491,2013-05-30 03:00:00+00:00,0.0
3491,2013-05-30 03:30:00+00:00,0.0
3491,2013-05-30 04:00:00+00:00,0.0
3491,2013-05-30 04:30:00+00:00,0.0
3491,2013-05-30 05:00:00+00:00,0.0
3491,2013-05-30 05:30:00+00:00,2.14
3491,2013-05-30 06:00:00+00:00,70.15
3491,2013-05-30 06:30:00+00:00,57.09
3491,2013-05-30 07:00:00+00:00,36.07
3491,2013-05-30 07:30:00+00:00,40.27
3491,2013-05-30 08:00:00+00:00,179.9
3491,2013-05-30 08:30:00+00:00,125.25
3491,2013-05-30 09:00:00+00:00,110.88
3491,2013-05-30 09:30:00+00:00,103.23
3491,2013-05-30 10:00:00+00:00,98.33
3491,2013-05-30 10:30:00+00:00,119.34
3491,2013-05-30 11:00:00+00:00,114.14
3491,2013-05-30 11:30:00+00:00,181.87
3491,2013-05-30 12:00:00+00:00,101.17
3491,2013-05-30 12:30:00+00:00,138.12
3491,2013-05-30 13:00:00+00:00,133.73
3491,2013-05-30 13:30:00+00:00,123.71
3491,2013-05-30 14:00:00+00:00,136.85
3491,2013-05-30 14:30:00+00:00,89.46
3491,2013-05-30 15:00:00+00:00,100.61
3491,2013-05-30 15:30:00+00:00,88.19
3491,2013-05-30 16:00:00+00:00,53.74
3491,2013-05-30 16:30:00+00:00,39.42
3491,2013-05-30 17:00:00+00:00,27.32
3491,2013-05-30 17:30:00+00:00,35.51
3491,2013-05-30 18:00:00+00:00,28.11
3491,2013-05-30 18:30:00+00:00,11.76
3491,2013-05-30 19:00:00+00:00,0.0
3491,2013-05-30 19:30:00+00:00,0.0
3491,2013-05-30 20:00:00+00:00,0.0
3491,2013-05-30 20:30:00+00:00,0.0
3491,2013-05-30 21:00:00+00:00,0.0
3491,2013-05-30 21:30:00+00:00,0.0
3491,2013-05-30 22:00:00+00:00,0.0
3491,2013-05-30 22:30:00+00:00,0.0
3491,2013-05-30 23:00:00+00:00,0.0
3491,2013-05-30 23:30:00+00:00,0.0
3491,2013-05-31 00:00:00+00:00,0.0
3491,2013-05-31 00:30:00+00:00,0.0
3491,2013-05-31 01:00:00+00:00,0.0
3491,2013-05-31 01:30:00+00:00,0.0
3491,2013-05-31 02:00:00+00:00,0.0
3491,2013-05-31 02:30:00+00:00,0.0
3491,2013-05-31 03:00:00+00:00,0.0
3491,2013-05-31 03:30:00+00:00,0.0
3491,2013-05-31 04:00:00+00:00,0.0
3491,2013-05-31 04:30:00+00:00,0.0
3491,2013-05-31 05:00:00+00:00,4.42
3491,2013-05-31 05:30:00+00:00,20.62
3491,2013-05-31 06:00:00+00:00,30.87
3491,2013-05-31 06:30:00+00:00,38.33
3491,2013-05-31 07:00:00+00:00,68.36
3491,2013-05-31 07:30:00+00:00,130.39
3491,2013-05-31 08:00:00+00:00,173.62
3491,2013-05-31 08:30:00+00:00,169.74
3491,2013-05-31 09:00:00+00:00,147.71
3491,2013-05-31 09:30:00+00:00,207.06
3491,2013-05-31 10:00:00+00:00,243.99
3491,2013-05-31 10:30:00+00:00,342.98
3491,2013-05-31 11:00:00+00:00,551.65
3491,2013-05-31 11:30:00+00:00,729.95
3491,2013-05-31 12:00:00+00:00,875.4
3491,2013-05-31 12:30:00+00:00,796.4
3491,2013-05-31 13:00:00+00:00,786.25
3491,2013-05-31 13:30:00+00:00,637.15
3491,2013-05-31 14:00:00+00:00,719.75
3491,2013-05-31 14:30:00+00:00,647.75
3491,2013-05-31 15:00:00+00:00,406.37
3491,2013-05-31 15:30:00+00:00,357.61
3491,2013-05-31 16:00:00+00:00,259.36
3491,2013-05-31 16:30:00+00:00,213.38
3491,2013-05-31 17:00:00+00:00,184.35
3491,2013-05-31 17:30:00+00:00,120.65
3491,2013-05-31 18:00:00+00:00,74.47
3491,2013-05-31 18:30:00+00:00,44.66
3491,2013-05-31 19:00:00+00:00,30.65
3491,2013-05-31 19:30:00+00:00,10.23
3491,2013-05-31 20:00:00+00:00,0.0
3491,2013-05-31 20:30:00+00:00,0.0
3491,2013-05-31 21:00:00+00:00,0.0
3491,2013-05-31 21:30:00+00:00,0.0
3491,2013-05-31 22:00:00+00:00,0.0
3491,2013-05-31 22:30:00+00:00,0.0
3491,2013-05-31 23:00:00+00:00,0.0
3491,2013-05-31 23:30:00+00:00,0.0
3491,2013-06-01 00:30:00+00:00,0.0
3491,2013-06-01 01:00:00+00:00,0.0
3491,2013-06-01 01:30:00+00:00,0.0
3491,2013-06-01 02:00:00+00:00,0.0
3491,2013-06-01 02:30:00+00:00,0.0
3491,2013-06-01 03:00:00+00:00,0.0
3491,2013-06-01 03:30:00+00:00,0.0
3491,2013-06-01 04:00:00+00:00,0.0
3491,2013-06-01 04:30:00+00:00,0.0
3491,2013-06-01 05:00:00+00:00,12.92
3491,2013-06-01 05:30:00+00:00,43.72
3491,2013-06-01 06:00:00+00:00,85.67
3491,2013-06-01 06:30:00+00:00,143.62
3491,2013-06-01 07:00:00+00:00,123.29
3491,2013-06-01 07:30:00+00:00,164.17
3491,2013-06-01 08:00:00+00:00,308.55
3491,2013-06-01 08:30:00+00:00,309.19
3491,2013-06-01 09:00:00+00:00,316.04
3491,2013-06-01 09:30:00+00:00,787.3
3491,2013-06-01 10:00:00+00:00,825.05
3491,2013-06-01 10:30:00+00:00,795.45
3491,2013-06-01 11:00:00+00:00,882.6
3491,2013-06-01 11:30:00+00:00,605.7
3491,2013-06-01 12:00:00+00:00,342.84
3491,2013-06-01 12:30:00+00:00,219.24
3491,2013-06-01 13:00:00+00:00,222.3
3491,2013-06-01 13:30:00+00:00,212.82
3491,2013-06-01 14:00:00+00:00,199.42
3491,2013-06-01 14:30:00+00:00,336.33
3491,2013-06-01 15:00:00+00:00,402.34
3491,2013-06-01 15:30:00+00:00,363.28
3491,2013-06-01 16:00:00+00:00,196.44
3491,2013-06-01 16:30:00+00:00,98.48
3491,2013-06-01 17:00:00+00:00,73.54
3491,2013-06-01 17:30:00+00:00,140.32
3491,2013-06-01 18:00:00+00:00,141.38
3491,2013-06-01 18:30:00+00:00,84.18
3491,2013-06-01 19:00:00+00:00,37.41
3491,2013-06-01 19:30:00+00:00,12.93
3491,2013-06-01 20:00:00+00:00,0.34
3491,2013-06-01 20:30:00+00:00,0.0
3491,2013-06-01 21:00:00+00:00,0.0
3491,2013-06-01 21:30:00+00:00,0.0
3491,2013-06-01 22:00:00+00:00,0.0
3491,2013-06-01 22:30:00+00:00,0.0
3491,2013-06-01 23:00:00+00:00,0.0
3491,2013-06-01 23:30:00+00:00,0.0
3491,2013-06-02 00:00:00+00:00,0.0
3491,2013-06-02 00:30:00+00:00,0.0
3491,2013-06-02 01:00:00+00:00,0.0
3491,2013-06-02 01:30:00+00:00,0.0
3491,2013-06-02 02:00:00+00:00,0.0
3491,2013-06-02 02:30:00+00:00,0.0
3491,2013-06-02 03:00:00+00:00,0.0
3491,2013-06-02 03:30:00+00:00,0.0
3491,2013-06-02 04:00:00+00:00,0.0
3491,2013-06-02 04:30:00+00:00,0.0
3491,2013-06-02 05:00:00+00:00,13.35
3491,2013-06-02 05:30:00+00:00,30.78
3491,2013-06-02 06:00:00+00:00,56.52
3491,2013-06-02 06:30:00+00:00,75.25
3491,2013-06-02 07:00:00+00:00,87.81
3491,2013-06-02 07:30:00+00:00,92.81
3491,2013-06-02 08:00:00+00:00,101.44
3491,2013-06-02 08:30:00+00:00,651.6
3491,2013-06-02 09:00:00+00:00,988.0
3491,2013-06-02 09:30:00+00:00,636.4
3491,2013-06-02 10:00:00+00:00,897.15
3491,2013-06-02 10:30:00+00:00,941.15
3491,2013-06-02 11:00:00+00:00,922.5
3491,2013-06-02 11:30:00+00:00,467.32
3491,2013-06-02 12:00:00+00:00,581.95
3491,2013-06-02 12:30:00+00:00,522.45
3491,2013-06-02 13:00:00+00:00,728.45
3491,2013-06-02 13:30:00+00:00,541.6
3491,2013-06-02 14:00:00+00:00,582.4
3491,2013-06-02 14:30:00+00:00,401.28
3491,2013-06-02 15:00:00+00:00,622.5
3491,2013-06-02 15:30:00+00:00,304.47
3491,2013-06-02 16:00:00+00:00,233.48
3491,2013-06-02 16:30:00+00:00,213.71
3491,2013-06-02 17:00:00+00:00,91.38
3491,2013-06-02 17:30:00+00:00,83.5
3491,2013-06-02 18:00:00+00:00,90.79
3491,2013-06-02 18:30:00+00:00,48.14
3491,2013-06-02 19:00:00+00:00,37.01
3491,2013-06-02 19:30:00+00:00,22.5
3491,2013-06-02 20:00:00+00:00,1.71
3491,2013-06-02 20:30:00+00:00,0.0
3491,2013-06-02 21:00:00+00:00,0.0
3491,2013-06-02 21:30:00+00:00,0.0
3491,2013-06-02 22:00:00+00:00,0.0
3491,2013-06-02 22:30:00+00:00,0.0
3491,2013-06-02 23:00:00+00:00,0.0
3491,2013-06-02 23:30:00+00:00,0.0
3491,2013-06-03 00:00:00+00:00,0.0
3491,2013-06-03 00:30:00+00:00,0.0
3491,2013-06-03 01:00:00+00:00,0.0
3491,2013-06-03 01:30:00+00:00,0.0
3491,2013-06-03 02:00:00+00:00,0.0
3491,2013-06-03 02:30:00+00:00,0.0
3491,2013-06-03 03:00:00+00:00,0.0
3491,2013-06-03 03:30:00+00:00,0.0
3491,2013-06-03 04:00:00+00:00,0.0
3491,2013-06-03 04:30:00+00:00,0.0
3491,2013-06-03 05:00:00+00:00,17.8
3491,2013-06-03 05:30:00+00:00,50.02
3491,2013-06-03 06:00:00+00:00,54.42
3491,2013-06-03 06:30:00+00:00,67.97
3491,2013-06-03 07:00:00+00:00,116.22
3491,2013-06-03 07:30:00+00:00,122.74
3491,2013-06-03 08:00:00+00:00,103.87
3491,2013-06-03 08:30:00+00:00,628.85
3491,2013-06-03 09:00:00+00:00,995.9
3491,2013-06-03 09:30:00+00:00,981.05
3491,2013-06-03 10:00:00+00:00,1128.5
3491,2013-06-03 10:30:00+00:00,931.65
3491,2013-06-03 11:00:00+00:00,1120.55
3491,2013-06-03 11:30:00+00:00,980.6
3491,2013-06-03 12:00:00+00:00,1036.05
3491,2013-06-03 12:30:00+00:00,1033.2
3491,2013-06-03 13:00:00+00:00,906.05
3491,2013-06-03 13:30:00+00:00,898.05
3491,2013-06-03 14:00:00+00:00,812.0
3491,2013-06-03 14:30:00+00:00,702.75
3491,2013-06-03 15:00:00+00:00,583.3
3491,2013-06-03 15:30:00+00:00,448.49
3491,2013-06-03 16:00:00+00:00,321.58
3491,2013-06-03 16:30:00+00:00,195.88
3491,2013-06-03 17:00:00+00:00,124.43
3491,2013-06-03 17:30:00+00:00,122.42
3491,2013-06-03 18:00:00+00:00,100.69
3491,2013-06-03 18:30:00+00:00,98.32
3491,2013-06-03 19:00:00+00:00,57.07
3491,2013-06-03 19:30:00+00:00,19.3
3491,2013-06-03 20:00:00+00:00,1.72
3491,2013-06-03 20:30:00+00:00,0.0
3491,2013-06-03 21:00:00+00:00,0.0
3491,2013-06-03 21:30:00+00:00,0.0
3491,2013-06-03 22:00:00+00:00,0.0
3491,2013-06-03 22:30:00+00:00,0.0
3491,2013-06-03 23:00:00+00:00,0.0
3491,2013-06-03 23:30:00+00:00,0.0
3491,2013-06-04 00:00:00+00:00,0.0
3491,2013-06-04 00:30:00+00:00,0.0
3491,2013-06-04 01:00:00+00:00,0.0
3491,2013-06-04 01:30:00+00:00,0.0
3491,2013-06-04 02:00:00+00:00,0.0
3491,2013-06-04 02:30:00+00:00,0.0
3491,2013-06-04 03:00:00+00:00,0.0
3491,2013-06-04 03:30:00+00:00,0.0
3491,2013-06-04 04:00:00+00:00,0.0
3491,2013-06-04 04:30:00+00:00,3.87
3491,2013-06-04 05:00:00+00:00,26.66
3491,2013-06-04 05:30:00+00:00,39.61
3491,2013-06-04 06:00:00+00:00,49.6
3491,2013-06-04 06:30:00+00:00,55.44
3491,2013-06-04 07:00:00+00:00,62.17
3491,2013-06-04 07:30:00+00:00,76.12
3491,2013-06-04 08:00:00+00:00,103.37
3491,2013-06-04 08:30:00+00:00,601.45
3491,2013-06-04 09:00:00+00:00,1011.4
3491,2013-06-04 09:30:00+00:00,1075.75
3491,2013-06-04 10:00:00+00:00,1092.25
3491,2013-06-04 10:30:00+00:00,1097.4
3491,2013-06-04 11:00:00+00:00,1077.95
3491,2013-06-04 11:30:00+00:00,1057.7
3491,2013-06-04 12:00:00+00:00,1044.25
3491,2013-06-04 12:30:00+00:00,1029.65
3491,2013-06-04 13:00:00+00:00,974.9
3491,2013-06-04 13:30:00+00:00,903.7
3491,2013-06-04 14:00:00+00:00,820.8
3491,2013-06-04 14:30:00+00:00,702.05
3491,2013-06-04 15:00:00+00:00,587.85
3491,2013-06-04 15:30:00+00:00,434.11
3491,2013-06-04 16:00:00+00:00,285.49
3491,2013-06-04 16:30:00+00:00,134.17
3491,2013-06-04 17:00:00+00:00,66.42
3491,2013-06-04 17:30:00+00:00,65.9
3491,2013-06-04 18:00:00+00:00,60.0
3491,2013-06-04 18:30:00+00:00,46.18
3491,2013-06-04 19:00:00+00:00,30.3
3491,2013-06-04 19:30:00+00:00,16.21
3491,2013-06-04 20:00:00+00:00,0.85
3491,2013-06-04 20:30:00+00:00,0.0
3491,2013-06-04 21:00:00+00:00,0.0
3491,2013-06-04 21:30:00+00:00,0.0
3491,2013-06-04 22:00:00+00:00,0.0
3491,2013-06-04 22:30:00+00:00,0.0
3491,2013-06-04 23:00:00+00:00,0.0
3491,2013-06-04 23:30:00+00:00,0.0
3491,2013-06-05 00:00:00+00:00,0.0
3491,2013-06-05 00:30:00+00:00,0.0
3491,2013-06-05 01:00:00+00:00,0.0
3491,2013-06-05 01:30:00+00:00,0.0
3491,2013-06-05 02:00:00+00:00,0.0
3491,2013-06-05 02:30:00+00:00,0.0
3491,2013-06-05 03:00:00+00:00,0.0
3491,2013-06-05 03:30:00+00:00,0.0
3491,2013-06-05 04:00:00+00:00,0.0
3491,2013-06-05 04:30:00+00:00,0.0
3491,2013-06-05 05:00:00+00:00,7.44
3491,2013-06-05 05:30:00+00:00,30.73
3491,2013-06-05 06:00:00+00:00,55.45
3491,2013-06-05 06:30:00+00:00,81.01
3491,2013-06-05 07:00:00+00:00,131.32
3491,2013-06-05 07:30:00+00:00,205.53
3491,2013-06-05 08:00:00+00:00,248.45
3491,2013-06-05 08:30:00+00:00,400.96
3491,2013-06-05 09:00:00+00:00,927.65
3491,2013-06-05 09:30:00+00:00,1045.7
3491,2013-06-05 10:00:00+00:00,1064.1
3491,2013-06-05 10:30:00+00:00,1089.2
3491,2013-06-05 11:00:00+00:00,1076.9
3491,2013-06-05 11:30:00+00:00,1057.85
3491,2013-06-05 12:00:00+00:00,1040.1
3491,2013-06-05 12:30:00+00:00,997.15
3491,2013-06-05 13:00:00+00:00,953.05
3491,2013-06-05 13:30:00+00:00,875.05
3491,2013-06-05 14:00:00+00:00,793.2
3491,2013-06-05 14:30:00+00:00,693.65
3491,2013-06-05 15:00:00+00:00,575.1
3491,2013-06-05 15:30:00+00:00,432.71
3491,2013-06-05 16:00:00+00:00,283.45
3491,2013-06-05 16:30:00+00:00,147.02
3491,2013-06-05 17:00:00+00:00,72.31
3491,2013-06-05 17:30:00+00:00,60.46
3491,2013-06-05 18:00:00+00:00,52.55
3491,2013-06-05 18:30:00+00:00,40.5
3491,2013-06-05 19:00:00+00:00,28.0
3491,2013-06-05 19:30:00+00:00,14.49
3491,2013-06-05 20:00:00+00:00,1.0
3491,2013-06-05 20:30:00+00:00,0.0
3491,2013-06-05 21:00:00+00:00,0.0
3491,2013-06-05 21:30:00+00:00,0.0
3491,2013-06-05 22:00:00+00:00,0.0
3491,2013-06-05 22:30:00+00:00,0.0
3491,2013-06-05 23:00:00+00:00,0.0
3491,2013-06-05 23:30:00+00:00,0.0
3491,2013-06-06 00:00:00+00:00,0.0
3491,2013-06-06 00:30:00+00:00,0.0
3491,2013-06-06 01:00:00+00:00,0.0
3491,2013-06-06 01:30:00+00:00,0.0
3491,2013-06-06 02:00:00+00:00,0.0
3491,2013-06-06 02:30:00+00:00,0.0
3491,2013-06-06 03:00:00+00:00,0.0
3491,2013-06-06 03:30:00+00:00,0.0
3491,2013-06-06 04:00:00+00:00,0.0
3491,2013-06-06 04:30:00+00:00,0.0
3491,2013-06-06 05:00:00+00:00,13.7
3491,2013-06-06 05:30:00+00:00,41.66
3491,2013-06-06 06:00:00+00:00,62.2
3491,2013-06-06 06:30:00+00:00,110.75
3491,2013-06-06 07:00:00+00:00,209.69
3491,2013-06-06 07:30:00+00:00,266.18
3491,2013-06-06 08:00:00+00:00,284.78
3491,2013-06-06 08:30:00+00:00,670.45
3491,2013-06-06 09:00:00+00:00,944.65
3491,2013-06-06 09:30:00+00:00,1013.05
3491,2013-06-06 10:00:00+00:00,1044.45
3491,2013-06-06 10:30:00+00:00,1052.65
3491,2013-06-06 11:00:00+00:00,1059.15
3491,2013-06-06 11:30:00+00:00,1043.85
3491,2013-06-06 12:00:00+00:00,1016.35
3491,2013-06-06 12:30:00+00:00,977.8
3491,2013-06-06 13:00:00+00:00,924.25
3491,2013-06-06 13:30:00+00:00,857.25
3491,2013-06-06 14:00:00+00:00,775.25
3491,2013-06-06 14:30:00+00:00,680.05
3491,2013-06-06 15:00:00+00:00,560.35
3491,2013-06-06 15:30:00+00:00,427.97
3491,2013-06-06 16:00:00+00:00,289.25
3491,2013-06-06 16:30:00+00:00,162.41
3491,2013-06-06 17:00:00+00:00,88.57
3491,2013-06-06 17:30:00+00:00,72.32
3491,2013-06-06 18:00:00+00:00,60.22
3491,2013-06-06 18:30:00+00:00,47.05
3491,2013-06-06 19:00:00+00:00,31.78
3491,2013-06-06 19:30:00+00:00,16.51
3491,2013-06-06 20:00:00+00:00,1.52
3491,2013-06-06 20:30:00+00:00,0.0
3491,2013-06-06 21:00:00+00:00,0.0
3491,2013-06-06 21:30:00+00:00,0.0
3491,2013-06-06 22:00:00+00:00,0.0
3491,2013-06-06 22:30:00+00:00,0.0
3491,2013-06-06 23:00:00+00:00,0.0
3491,2013-06-06 23:30:00+00:00,0.0
3491,2013-06-07 00:00:00+00:00,0.0
3491,2013-06-07 00:30:00+00:00,0.0
3491,2013-06-07 01:00:00+00:00,0.0
3491,2013-06-07 01:30:00+00:00,0.0
3491,2013-06-07 02:00:00+00:00,0.0
3491,2013-06-07 02:30:00+00:00,0.0
3491,2013-06-07 03:00:00+00:00,0.0
3491,2013-06-07 03:30:00+00:00,0.0
3491,2013-06-07 04:00:00+00:00,0.0
3491,2013-06-07 04:30:00+00:00,0.0
3491,2013-06-07 05:00:00+00:00,0.0
3491,2013-06-07 05:30:00+00:00,9.48
3491,2013-06-07 06:00:00+00:00,16.2
3491,2013-06-07 06:30:00+00:00,65.02
3491,2013-06-07 07:00:00+00:00,142.84
3491,2013-06-07 07:30:00+00:00,212.25
3491,2013-06-07 08:00:00+00:00,231.96
3491,2013-06-07 08:30:00+00:00,353.47
3491,2013-06-07 09:00:00+00:00,829.7
3491,2013-06-07 09:30:00+00:00,767.3
3491,2013-06-07 10:00:00+00:00,946.25
3491,2013-06-07 10:30:00+00:00,879.4
3491,2013-06-07 11:00:00+00:00,805.15
3491,2013-06-07 11:30:00+00:00,616.05
3491,2013-06-07 12:00:00+00:00,427.93
3491,2013-06-07 12:30:00+00:00,343.09
3491,2013-06-07 13:00:00+00:00,326.01
3491,2013-06-07 13:30:00+00:00,477.66
3491,2013-06-07 14:00:00+00:00,424.56
3491,2013-06-07 14:30:00+00:00,519.45
3491,2013-06-07 15:00:00+00:00,403.5
3491,2013-06-07 15:30:00+00:00,413.96
3491,2013-06-07 16:00:00+00:00,348.14
3491,2013-06-07 16:30:00+00:00,181.7
3491,2013-06-07 17:00:00+00:00,158.48
3491,2013-06-07 17:30:00+00:00,130.4
3491,2013-06-07 18:00:00+00:00,86.89
3491,2013-06-07 18:30:00+00:00,57.44
3491,2013-06-07 19:00:00+00:00,30.02
3491,2013-06-07 19:30:00+00:00,16.25
3491,2013-06-07 20:00:00+00:00,2.16
3491,2013-06-07 20:30:00+00:00,0.0
3491,2013-06-07 21:00:00+00:00,0.0
3491,2013-06-07 21:30:00+00:00,0.0
3491,2013-06-07 22:00:00+00:00,0.0
3491,2013-06-07 22:30:00+00:00,0.0
3491,2013-06-07 23:00:00+00:00,0.0
3491,2013-06-07 23:30:00+00:00,0.0
3491,2013-06-08 00:00:00+00:00,0.0
3491,2013-06-08 00:30:00+00:00,0.0
3491,2013-06-08 01:00:00+00:00,0.0
3491,2013-06-08 01:30:00+00:00,0.0
3491,2013-06-08 02:00:00+00:00,0.0
3491,2013-06-08 02:30:00+00:00,0.0
3491,2013-06-08 03:00:00+00:00,0.0
3491,2013-06-08 03:30:00+00:00,0.0
3491,2013-06-08 04:00:00+00:00,0.0
3491,2013-06-08 04:30:00+00:00,0.0
3491,2013-06-08 05:00:00+00:00,7.52
3491,2013-06-08 05:30:00+00:00,24.64
3491,2013-06-08 06:00:00+00:00,41.49
3491,2013-06-08 06:30:00+00:00,69.83
3491,2013-06-08 07:00:00+00:00,91.98
3491,2013-06-08 07:30:00+00:00,139.58
3491,2013-06-08 08:00:00+00:00,175.5
3491,2013-06-08 08:30:00+00:00,192.95
3491,2013-06-08 09:00:00+00:00,233.68
3491,2013-06-08 09:30:00+00:00,266.02
3491,2013-06-08 10:00:00+00:00,380.82
3491,2013-06-08 10:30:00+00:00,599.35
3491,2013-06-08 11:00:00+00:00,1017.5
3491,2013-06-08 11:30:00+00:00,875.35
3491,2013-06-08 12:00:00+00:00,1019.7
3491,2013-06-08 12:30:00+00:00,984.25
3491,2013-06-08 13:00:00+00:00,748.5
3491,2013-06-08 13:30:00+00:00,626.75
3491,2013-06-08 14:00:00+00:00,710.6
3491,2013-06-08 14:30:00+00:00,687.4
3491,2013-06-08 15:00:00+00:00,562.25
3491,2013-06-08 15:30:00+00:00,450.56
3491,2013-06-08 16:00:00+00:00,288.47
3491,2013-06-08 16:30:00+00:00,192.71
3491,2013-06-08 17:00:00+00:00,146.83
3491,2013-06-08 17:30:00+00:00,125.42
3491,2013-06-08 18:00:00+00:00,107.45
3491,2013-06-08 18:30:00+00:00,60.76
3491,2013-06-08 19:00:00+00:00,26.99
3491,2013-06-08 19:30:00+00:00,8.49
3491,2013-06-08 20:00:00+00:00,0.0
3491,2013-06-08 20:30:00+00:00,0.0
3491,2013-06-08 21:00:00+00:00,0.0
3491,2013-06-08 21:30:00+00:00,0.0
3491,2013-06-08 22:00:00+00:00,0.0
3491,2013-06-08 22:30:00+00:00,0.0
3491,2013-06-08 23:00:00+00:00,0.0
3491,2013-06-08 23:30:00+00:00,0.0
3491,2013-06-09 00:00:00+00:00,0.0
3491,2013-06-09 00:30:00+00:00,0.0
3491,2013-06-09 01:00:00+00:00,0.0
3491,2013-06-09 01:30:00+00:00,0.0
3491,2013-06-09 02:00:00+00:00,0.0
3491,2013-06-09 02:30:00+00:00,0.0
3491,2013-06-09 03:00:00+00:00,0.0
3491,2013-06-09 03:30:00+00:00,0.0
3491,2013-06-09 04:00:00+00:00,0.0
3491,2013-06-09 04:30:00+00:00,0.0
3491,2013-06-09 05:00:00+00:00,0.0
3491,2013-06-09 05:30:00+00:00,8.97
3491,2013-06-09 06:00:00+00:00,25.29
3491,2013-06-09 06:30:00+00:00,40.67
3491,2013-06-09 07:00:00+00:00,48.79
3491,2013-06-09 07:30:00+00:00,75.86
3491,2013-06-09 08:00:00+00:00,95.94
3491,2013-06-09 08:30:00+00:00,94.36
3491,2013-06-09 09:00:00+00:00,104.58
3491,2013-06-09 09:30:00+00:00,131.89
3491,2013-06-09 10:00:00+00:00,129.8
3491,2013-06-09 10:30:00+00:00,160.93
3491,2013-06-09 11:00:00+00:00,174.76
3491,2013-06-09 11:30:00+00:00,203.62
3491,2013-06-09 12:00:00+00:00,219.66
3491,2013-06-09 12:30:00+00:00,193.1
3491,2013-06-09 13:00:00+00:00,341.17
3491,2013-06-09 13:30:00+00:00,284.95
3491,2013-06-09 14:00:00+00:00,278.34
3491,2013-06-09 14:30:00+00:00,299.2
3491,2013-06-09 15:00:00+00:00,253.27
3491,2013-06-09 15:30:00+00:00,195.54
3491,2013-06-09 16:00:00+00:00,215.66
3491,2013-06-09 16:30:00+00:00,181.89
3491,2013-06-09 17:00:00+00:00,118.8
3491,2013-06-09 17:30:00+00:00,85.99
3491,2013-06-09 18:00:00+00:00,46.23
3491,2013-06-09 18:30:00+00:00,46.07
3491,2013-06-09 19:00:00+00:00,11.83
3491,2013-06-09 19:30:00+00:00,1.38
3491,2013-06-09 20:00:00+00:00,0.0
3491,2013-06-09 20:30:00+00:00,0.0
3491,2013-06-09 21:00:00+00:00,0.0
3491,2013-06-09 21:30:00+00:00,0.0
3491,2013-06-09 22:00:00+00:00,0.0
3491,2013-06-09 22:30:00+00:00,0.0
3491,2013-06-09 23:00:00+00:00,0.0
3491,2013-06-09 23:30:00+00:00,0.0
3491,2013-06-10 00:00:00+00:00,0.0
3491,2013-06-10 00:30:00+00:00,0.0
3491,2013-06-10 01:00:00+00:00,0.0
3491,2013-06-10 01:30:00+00:00,0.0
3491,2013-06-10 02:00:00+00:00,0.0
3491,2013-06-10 02:30:00+00:00,0.0
3491,2013-06-10 03:00:00+00:00,0.0
3491,2013-06-10 03:30:00+00:00,0.0
3491,2013-06-10 04:00:00+00:00,0.0
3491,2013-06-10 04:30:00+00:00,0.0
3491,2013-06-10 05:00:00+00:00,0.0
3491,2013-06-10 05:30:00+00:00,0.0
3491,2013-06-10 06:00:00+00:00,16.88
3491,2013-06-10 06:30:00+00:00,36.36
3491,2013-06-10 07:00:00+00:00,55.45
3491,2013-06-10 07:30:00+00:00,69.17
3491,2013-06-10 08:00:00+00:00,89.79
3491,2013-06-10 08:30:00+00:00,107.67
3491,2013-06-10 09:00:00+00:00,145.31
3491,2013-06-10 09:30:00+00:00,206.17
3491,2013-06-10 10:00:00+00:00,180.31
3491,2013-06-10 10:30:00+00:00,196.89
3491,2013-06-10 11:00:00+00:00,194.62
3491,2013-06-10 11:30:00+00:00,255.74
3491,2013-06-10 12:00:00+00:00,220.11
3491,2013-06-10 12:30:00+00:00,206.52
3491,2013-06-10 13:00:00+00:00,392.08
3491,2013-06-10 13:30:00+00:00,420.83
3491,2013-06-10 14:00:00+00:00,393.84
3491,2013-06-10 14:30:00+00:00,319.34
3491,2013-06-10 15:00:00+00:00,375.68
3491,2013-06-10 15:30:00+00:00,328.17
3491,2013-06-10 16:00:00+00:00,322.51
3491,2013-06-10 16:30:00+00:00,208.47
3491,2013-06-10 17:00:00+00:00,185.67
3491,2013-06-10 17:30:00+00:00,134.8
3491,2013-06-10 18:00:00+00:00,114.36
3491,2013-06-10 18:30:00+00:00,85.52
3491,2013-06-10 19:00:00+00:00,34.05
3491,2013-06-10 19:30:00+00:00,17.11
3491,2013-06-10 20:00:00+00:00,0.55
3491,2013-06-10 20:30:00+00:00,0.0
3491,2013-06-10 21:00:00+00:00,0.0
3491,2013-06-10 21:30:00+00:00,0.0
3491,2013-06-10 22:00:00+00:00,0.0
3491,2013-06-10 22:30:00+00:00,0.0
3491,2013-06-10 23:00:00+00:00,0.0
3491,2013-06-10 23:30:00+00:00,0.0
3491,2013-06-11 00:00:00+00:00,0.0
3491,2013-06-11 00:30:00+00:00,0.0
3491,2013-06-11 01:00:00+00:00,0.0
3491,2013-06-11 01:30:00+00:00,0.0
3491,2013-06-11 02:00:00+00:00,0.0
3491,2013-06-11 02:30:00+00:00,0.0
3491,2013-06-11 03:00:00+00:00,0.0
3491,2013-06-11 03:30:00+00:00,0.0
3491,2013-06-11 04:00:00+00:00,0.0
3491,2013-06-11 04:30:00+00:00,5.02
3491,2013-06-11 05:00:00+00:00,18.3
3491,2013-06-11 05:30:00+00:00,13.92
3491,2013-06-11 06:00:00+00:00,7.62
3491,2013-06-11 06:30:00+00:00,2.37
3491,2013-06-11 07:00:00+00:00,29.01
3491,2013-06-11 07:30:00+00:00,169.46
3491,2013-06-11 08:00:00+00:00,252.48
3491,2013-06-11 08:30:00+00:00,316.5
3491,2013-06-11 09:00:00+00:00,338.31
3491,2013-06-11 09:30:00+00:00,451.35
3491,2013-06-11 10:00:00+00:00,578.55
3491,2013-06-11 10:30:00+00:00,306.23
3491,2013-06-11 11:00:00+00:00,512.85
3491,2013-06-11 11:30:00+00:00,433.57
3491,2013-06-11 12:00:00+00:00,437.54
3491,2013-06-11 12:30:00+00:00,393.63
3491,2013-06-11 13:00:00+00:00,332.8
3491,2013-06-11 13:30:00+00:00,281.22
3491,2013-06-11 14:00:00+00:00,238.67
3491,2013-06-11 14:30:00+00:00,238.05
3491,2013-06-11 15:00:00+00:00,260.51
3491,2013-06-11 15:30:00+00:00,290.41
3491,2013-06-11 16:00:00+00:00,271.23
3491,2013-06-11 16:30:00+00:00,233.58
3491,2013-06-11 17:00:00+00:00,151.32
3491,2013-06-11 17:30:00+00:00,139.41
3491,2013-06-11 18:00:00+00:00,89.16
3491,2013-06-11 18:30:00+00:00,68.89
3491,2013-06-11 19:00:00+00:00,58.98
3491,2013-06-11 19:30:00+00:00,26.88
3491,2013-06-11 20:00:00+00:00,3.4
3491,2013-06-11 20:30:00+00:00,0.0
3491,2013-06-11 21:00:00+00:00,0.0
3491,2013-06-11 21:30:00+00:00,0.0
3491,2013-06-11 22:00:00+00:00,0.0
3491,2013-06-11 22:30:00+00:00,0.0
3491,2013-06-11 23:00:00+00:00,0.0
3491,2013-06-11 23:30:00+00:00,0.0
3491,2013-06-12 00:00:00+00:00,0.0
3491,2013-06-12 00:30:00+00:00,0.0
3491,2013-06-12 01:00:00+00:00,0.0
3491,2013-06-12 01:30:00+00:00,0.0
3491,2013-06-12 02:00:00+00:00,0.0
3491,2013-06-12 02:30:00+00:00,0.0
3491,2013-06-12 03:00:00+00:00,0.0
3491,2013-06-12 03:30:00+00:00,0.0
3491,2013-06-12 04:00:00+00:00,0.0
3491,2013-06-12 04:30:00+00:00,0.0
3491,2013-06-12 05:00:00+00:00,15.45
3491,2013-06-12 05:30:00+00:00,18.81
3491,2013-06-12 06:00:00+00:00,22.09
3491,2013-06-12 06:30:00+00:00,35.81
3491,2013-06-12 07:00:00+00:00,41.76
3491,2013-06-12 07:30:00+00:00,70.17
3491,2013-06-12 08:00:00+00:00,97.71
3491,2013-06-12 08:30:00+00:00,100.97
3491,2013-06-12 09:00:00+00:00,152.54
3491,2013-06-12 09:30:00+00:00,217.21
3491,2013-06-12 10:00:00+00:00,320.13
3491,2013-06-12 10:30:00+00:00,375.93
3491,2013-06-12 11:00:00+00:00,579.75
3491,2013-06-12 11:30:00+00:00,416.38
3491,2013-06-12 12:00:00+00:00,243.75
3491,2013-06-12 12:30:00+00:00,171.34
3491,2013-06-12 13:00:00+00:00,247.2
3491,2013-06-12 13:30:00+00:00,209.63
3491,2013-06-12 14:00:00+00:00,134.43
3491,2013-06-12 14:30:00+00:00,123.36
3491,2013-06-12 15:00:00+00:00,160.43
3491,2013-06-12 15:30:00+00:00,129.24
3491,2013-06-12 16:00:00+00:00,72.51
3491,2013-06-12 16:30:00+00:00,49.27
3491,2013-06-12 17:00:00+00:00,98.3
3491,2013-06-12 17:30:00+00:00,79.87
3491,2013-06-12 18:00:00+00:00,24.0
3491,2013-06-12 18:30:00+00:00,1.18
3491,2013-06-12 19:00:00+00:00,0.0
3491,2013-06-12 19:30:00+00:00,0.0
3491,2013-06-12 20:00:00+00:00,0.0
3491,2013-06-12 20:30:00+00:00,0.0
3491,2013-06-12 21:00:00+00:00,0.0
3491,2013-06-12 21:30:00+00:00,0.0
3491,2013-06-12 22:00:00+00:00,0.0
3491,2013-06-12 22:30:00+00:00,0.0
3491,2013-06-12 23:00:00+00:00,0.0
3491,2013-06-12 23:30:00+00:00,0.0
3491,2013-06-13 00:00:00+00:00,0.0
3491,2013-06-13 00:30:00+00:00,0.0
3491,2013-06-13 01:00:00+00:00,0.0
3491,2013-06-13 01:30:00+00:00,0.0
3491,2013-06-13 02:00:00+00:00,0.0
3491,2013-06-13 02:30:00+00:00,0.0
3491,2013-06-13 03:00:00+00:00,0.0
3491,2013-06-13 03:30:00+00:00,0.0
3491,2013-06-13 04:00:00+00:00,0.0
3491,2013-06-13 04:30:00+00:00,0.0
3491,2013-06-13 05:00:00+00:00,0.33
3491,2013-06-13 05:30:00+00:00,9.66
3491,2013-06-13 06:00:00+00:00,36.96
3491,2013-06-13 06:30:00+00:00,23.06
3491,2013-06-13 07:00:00+00:00,148.73
3491,2013-06-13 07:30:00+00:00,101.19
3491,2013-06-13 08:00:00+00:00,125.52
3491,2013-06-13 08:30:00+00:00,157.86
3491,2013-06-13 09:00:00+00:00,223.65
3491,2013-06-13 09:30:00+00:00,302.51
3491,2013-06-13 10:00:00+00:00,158.26
3491,2013-06-13 10:30:00+00:00,123.31
3491,2013-06-13 11:00:00+00:00,142.92
3491,2013-06-13 11:30:00+00:00,156.28
3491,2013-06-13 12:00:00+00:00,318.54
3491,2013-06-13 12:30:00+00:00,201.1
3491,2013-06-13 13:00:00+00:00,380.96
3491,2013-06-13 13:30:00+00:00,652.05
3491,2013-06-13 14:00:00+00:00,470.51
3491,2013-06-13 14:30:00+00:00,454.38
3491,2013-06-13 15:00:00+00:00,404.1
3491,2013-06-13 15:30:00+00:00,321.22
3491,2013-06-13 16:00:00+00:00,142.46
3491,2013-06-13 16:30:00+00:00,147.18
3491,2013-06-13 17:00:00+00:00,190.12
3491,2013-06-13 17:30:00+00:00,120.78
3491,2013-06-13 18:00:00+00:00,94.1
3491,2013-06-13 18:30:00+00:00,45.8
3491,2013-06-13 19:00:00+00:00,27.53
3491,2013-06-13 19:30:00+00:00,21.69
3491,2013-06-13 20:00:00+00:00,3.31
3491,2013-06-13 20:30:00+00:00,0.0
3491,2013-06-13 21:00:00+00:00,0.0
3491,2013-06-13 21:30:00+00:00,0.0
3491,2013-06-13 22:00:00+00:00,0.0
3491,2013-06-13 22:30:00+00:00,0.0
3491,2013-06-13 23:00:00+00:00,0.0
3491,2013-06-13 23:30:00+00:00,0.0
3491,2013-06-14 00:00:00+00:00,0.0
3491,2013-06-14 00:30:00+00:00,0.0
3491,2013-06-14 01:00:00+00:00,0.0
3491,2013-06-14 01:30:00+00:00,0.0
3491,2013-06-14 02:00:00+00:00,0.0
3491,2013-06-14 02:30:00+00:00,0.0
3491,2013-06-14 03:00:00+00:00,0.0
3491,2013-06-14 03:30:00+00:00,0.0
3491,2013-06-14 04:00:00+00:00,0.0
3491,2013-06-14 04:30:00+00:00,10.93
3491,2013-06-14 05:00:00+00:00,54.53
3491,2013-06-14 05:30:00+00:00,84.75
3491,2013-06-14 06:00:00+00:00,116.01
3491,2013-06-14 06:30:00+00:00,173.3
3491,2013-06-14 07:00:00+00:00,209.29
3491,2013-06-14 07:30:00+00:00,284.95
3491,2013-06-14 08:00:00+00:00,231.52
3491,2013-06-14 08:30:00+00:00,371.44
3491,2013-06-14 09:00:00+00:00,138.49
3491,2013-06-14 09:30:00+00:00,190.86
3491,2013-06-14 10:00:00+00:00,326.81
3491,2013-06-14 10:30:00+00:00,448.48
3491,2013-06-14 11:00:00+00:00,508.6
3491,2013-06-14 11:30:00+00:00,777.4
3491,2013-06-14 12:00:00+00:00,670.25
3491,2013-06-14 12:30:00+00:00,702.4
3491,2013-06-14 13:00:00+00:00,836.85
3491,2013-06-14 13:30:00+00:00,823.5
3491,2013-06-14 14:00:00+00:00,803.65
3491,2013-06-14 14:30:00+00:00,714.45
3491,2013-06-14 15:00:00+00:00,590.3
3491,2013-06-14 15:30:00+00:00,447.36
3491,2013-06-14 16:00:00+00:00,295.07
3491,2013-06-14 16:30:00+00:00,151.57
3491,2013-06-14 17:00:00+00:00,69.38
3491,2013-06-14 17:30:00+00:00,75.96
3491,2013-06-14 18:00:00+00:00,53.5
3491,2013-06-14 18:30:00+00:00,45.76
3491,2013-06-14 19:00:00+00:00,32.59
3491,2013-06-14 19:30:00+00:00,16.43
3491,2013-06-14 20:00:00+00:00,0.88
3491,2013-06-14 20:30:00+00:00,0.0
3491,2013-06-14 21:00:00+00:00,0.0
3491,2013-06-14 21:30:00+00:00,0.0
3491,2013-06-14 22:00:00+00:00,0.0
3491,2013-06-14 22:30:00+00:00,0.0
3491,2013-06-14 23:00:00+00:00,0.0
3491,2013-06-14 23:30:00+00:00,0.0
3491,2013-06-15 00:00:00+00:00,0.0
3491,2013-06-15 00:30:00+00:00,0.0
3491,2013-06-15 01:00:00+00:00,0.0
3491,2013-06-15 01:30:00+00:00,0.0
3491,2013-06-15 02:00:00+00:00,0.0
3491,2013-06-15 02:30:00+00:00,0.0
3491,2013-06-15 03:00:00+00:00,0.0
3491,2013-06-15 03:30:00+00:00,0.0
3491,2013-06-15 04:00:00+00:00,0.0
3491,2013-06-15 04:30:00+00:00,0.0
3491,2013-06-15 05:00:00+00:00,10.62
3491,2013-06-15 05:30:00+00:00,29.84
3491,2013-06-15 06:00:00+00:00,40.68
3491,2013-06-15 06:30:00+00:00,57.79
3491,2013-06-15 07:00:00+00:00,85.43
3491,2013-06-15 07:30:00+00:00,172.03
3491,2013-06-15 08:00:00+00:00,205.73
3491,2013-06-15 08:30:00+00:00,712.4
3491,2013-06-15 09:00:00+00:00,974.3
3491,2013-06-15 09:30:00+00:00,899.9
3491,2013-06-15 10:00:00+00:00,846.95
3491,2013-06-15 10:30:00+00:00,823.45
3491,2013-06-15 11:00:00+00:00,873.2
3491,2013-06-15 11:30:00+00:00,704.3
3491,2013-06-15 12:00:00+00:00,699.1
3491,2013-06-15 12:30:00+00:00,371.32
3491,2013-06-15 13:00:00+00:00,520.35
3491,2013-06-15 13:30:00+00:00,416.33
3491,2013-06-15 14:00:00+00:00,383.03
3491,2013-06-15 14:30:00+00:00,291.61
3491,2013-06-15 15:00:00+00:00,351.75
3491,2013-06-15 15:30:00+00:00,343.59
3491,2013-06-15 16:00:00+00:00,194.34
3491,2013-06-15 16:30:00+00:00,71.32
3491,2013-06-15 17:00:00+00:00,171.97
3491,2013-06-15 17:30:00+00:00,89.65
3491,2013-06-15 18:00:00+00:00,93.13
3491,2013-06-15 18:30:00+00:00,55.05
3491,2013-06-15 19:00:00+00:00,32.87
3491,2013-06-15 19:30:00+00:00,17.2
3491,2013-06-15 20:00:00+00:00,1.4
3491,2013-06-15 20:30:00+00:00,0.0
3491,2013-06-15 21:00:00+00:00,0.0
3491,2013-06-15 21:30:00+00:00,0.0
3491,2013-06-15 22:00:00+00:00,0.0
3491,2013-06-15 22:30:00+00:00,0.0
3491,2013-06-15 23:00:00+00:00,0.0
3491,2013-06-15 23:30:00+00:00,0.0
3491,2013-06-16 00:00:00+00:00,0.0
3491,2013-06-16 00:30:00+00:00,0.0
3491,2013-06-16 01:00:00+00:00,0.0
3491,2013-06-16 01:30:00+00:00,0.0
3491,2013-06-16 02:00:00+00:00,0.0
3491,2013-06-16 02:30:00+00:00,0.0
3491,2013-06-16 03:00:00+00:00,0.0
3491,2013-06-16 03:30:00+00:00,0.0
3491,2013-06-16 04:00:00+00:00,0.0
3491,2013-06-16 04:30:00+00:00,10.16
3491,2013-06-16 05:00:00+00:00,43.62
3491,2013-06-16 05:30:00+00:00,56.56
3491,2013-06-16 06:00:00+00:00,106.55
3491,2013-06-16 06:30:00+00:00,164.65
3491,2013-06-16 07:00:00+00:00,200.59
3491,2013-06-16 07:30:00+00:00,270.5
3491,2013-06-16 08:00:00+00:00,330.24
3491,2013-06-16 08:30:00+00:00,498.85
3491,2013-06-16 09:00:00+00:00,523.5
3491,2013-06-16 09:30:00+00:00,487.85
3491,2013-06-16 10:00:00+00:00,612.35
3491,2013-06-16 10:30:00+00:00,487.58
3491,2013-06-16 11:00:00+00:00,327.65
3491,2013-06-16 11:30:00+00:00,367.26
3491,2013-06-16 12:00:00+00:00,529.25
3491,2013-06-16 12:30:00+00:00,441.83
3491,2013-06-16 13:00:00+00:00,535.25
3491,2013-06-16 13:30:00+00:00,508.15
3491,2013-06-16 14:00:00+00:00,495.45
3491,2013-06-16 14:30:00+00:00,338.78
3491,2013-06-16 15:00:00+00:00,502.7
3491,2013-06-16 15:30:00+00:00,378.83
3491,2013-06-16 16:00:00+00:00,315.71
3491,2013-06-16 16:30:00+00:00,218.38
3491,2013-06-16 17:00:00+00:00,121.81
3491,2013-06-16 17:30:00+00:00,86.06
3491,2013-06-16 18:00:00+00:00,55.78
3491,2013-06-16 18:30:00+00:00,54.56
3491,2013-06-16 19:00:00+00:00,40.4
3491,2013-06-16 19:30:00+00:00,25.39
3491,2013-06-16 20:00:00+00:00,4.12
3491,2013-06-16 20:30:00+00:00,0.0
3491,2013-06-16 21:00:00+00:00,0.0
3491,2013-06-16 21:30:00+00:00,0.0
3491,2013-06-16 22:00:00+00:00,0.0
3491,2013-06-16 22:30:00+00:00,0.0
3491,2013-06-16 23:00:00+00:00,0.0
3491,2013-06-16 23:30:00+00:00,0.0
3491,2013-06-17 00:00:00+00:00,0.0
3491,2013-06-17 00:30:00+00:00,0.0
3491,2013-06-17 01:00:00+00:00,0.0
3491,2013-06-17 01:30:00+00:00,0.0
3491,2013-06-17 02:00:00+00:00,0.0
3491,2013-06-17 02:30:00+00:00,0.0
3491,2013-06-17 03:00:00+00:00,0.0
3491,2013-06-17 03:30:00+00:00,0.0
3491,2013-06-17 04:00:00+00:00,0.0
3491,2013-06-17 04:30:00+00:00,0.0
3491,2013-06-17 05:00:00+00:00,7.38
3491,2013-06-17 05:30:00+00:00,24.97
3491,2013-06-17 06:00:00+00:00,82.86
3491,2013-06-17 06:30:00+00:00,131.73
3491,2013-06-17 07:00:00+00:00,172.42
3491,2013-06-17 07:30:00+00:00,199.66
3491,2013-06-17 08:00:00+00:00,263.24
3491,2013-06-17 08:30:00+00:00,329.88
3491,2013-06-17 09:00:00+00:00,468.64
3491,2013-06-17 09:30:00+00:00,433.5
3491,2013-06-17 10:00:00+00:00,303.27
3491,2013-06-17 10:30:00+00:00,414.06
3491,2013-06-17 11:00:00+00:00,338.39
3491,2013-06-17 11:30:00+00:00,563.05
3491,2013-06-17 12:00:00+00:00,867.55
3491,2013-06-17 12:30:00+00:00,552.1
3491,2013-06-17 13:00:00+00:00,491.76
3491,2013-06-17 13:30:00+00:00,533.4
3491,2013-06-17 14:00:00+00:00,630.0
3491,2013-06-17 14:30:00+00:00,611.2
3491,2013-06-17 15:00:00+00:00,515.1
3491,2013-06-17 15:30:00+00:00,349.52
3491,2013-06-17 16:00:00+00:00,281.85
3491,2013-06-17 16:30:00+00:00,192.89
3491,2013-06-17 17:00:00+00:00,167.89
3491,2013-06-17 17:30:00+00:00,135.04
3491,2013-06-17 18:00:00+00:00,101.24
3491,2013-06-17 18:30:00+00:00,76.73
3491,2013-06-17 19:00:00+00:00,47.93
3491,2013-06-17 19:30:00+00:00,19.02
3491,2013-06-17 20:00:00+00:00,1.95
3491,2013-06-17 20:30:00+00:00,0.0
3491,2013-06-17 21:00:00+00:00,0.0
3491,2013-06-17 21:30:00+00:00,0.0
3491,2013-06-17 22:00:00+00:00,0.0
3491,2013-06-17 22:30:00+00:00,0.0
3491,2013-06-17 23:00:00+00:00,0.0
3491,2013-06-17 23:30:00+00:00,0.0
3491,2013-06-18 00:00:00+00:00,0.0
3491,2013-06-18 00:30:00+00:00,0.0
3491,2013-06-18 01:00:00+00:00,0.0
3491,2013-06-18 01:30:00+00:00,0.0
3491,2013-06-18 02:00:00+00:00,0.0
3491,2013-06-18 02:30:00+00:00,0.0
3491,2013-06-18 03:00:00+00:00,0.0
3491,2013-06-18 03:30:00+00:00,0.0
3491,2013-06-18 04:00:00+00:00,0.0
3491,2013-06-18 04:30:00+00:00,0.01
3491,2013-06-18 05:00:00+00:00,20.98
3491,2013-06-18 05:30:00+00:00,51.17
3491,2013-06-18 06:00:00+00:00,77.38
3491,2013-06-18 06:30:00+00:00,96.11
3491,2013-06-18 07:00:00+00:00,134.42
3491,2013-06-18 07:30:00+00:00,203.86
3491,2013-06-18 08:00:00+00:00,131.24
3491,2013-06-18 08:30:00+00:00,170.3
3491,2013-06-18 09:00:00+00:00,509.05
3491,2013-06-18 09:30:00+00:00,953.65
3491,2013-06-18 10:00:00+00:00,772.9
3491,2013-06-18 10:30:00+00:00,456.34
3491,2013-06-18 11:00:00+00:00,271.52
3491,2013-06-18 11:30:00+00:00,206.85
3491,2013-06-18 12:00:00+00:00,229.82
3491,2013-06-18 12:30:00+00:00,209.35
3491,2013-06-18 13:00:00+00:00,127.77
3491,2013-06-18 13:30:00+00:00,87.41
3491,2013-06-18 14:00:00+00:00,102.01
3491,2013-06-18 14:30:00+00:00,393.29
3491,2013-06-18 15:00:00+00:00,347.71
3491,2013-06-18 15:30:00+00:00,215.11
3491,2013-06-18 16:00:00+00:00,162.26
3491,2013-06-18 16:30:00+00:00,138.68
3491,2013-06-18 17:00:00+00:00,189.55
3491,2013-06-18 17:30:00+00:00,131.96
3491,2013-06-18 18:00:00+00:00,118.07
3491,2013-06-18 18:30:00+00:00,60.1
3491,2013-06-18 19:00:00+00:00,76.95
3491,2013-06-18 19:30:00+00:00,42.4
3491,2013-06-18 20:00:00+00:00,4.27
3491,2013-06-18 20:30:00+00:00,0.0
3491,2013-06-18 21:00:00+00:00,0.0
3491,2013-06-18 21:30:00+00:00,0.0
3491,2013-06-18 22:00:00+00:00,0.0
3491,2013-06-18 22:30:00+00:00,0.0
3491,2013-06-18 23:00:00+00:00,0.0
3491,2013-06-18 23:30:00+00:00,0.0
3491,2013-06-19 00:00:00+00:00,0.0
3491,2013-06-19 00:30:00+00:00,0.0
3491,2013-06-19 01:00:00+00:00,0.0
3491,2013-06-19 01:30:00+00:00,0.0
3491,2013-06-19 02:00:00+00:00,0.0
3491,2013-06-19 02:30:00+00:00,0.0
3491,2013-06-19 03:00:00+00:00,0.0
3491,2013-06-19 03:30:00+00:00,0.0
3491,2013-06-19 04:00:00+00:00,0.0
3491,2013-06-19 04:30:00+00:00,0.0
3491,2013-06-19 05:00:00+00:00,4.16
3491,2013-06-19 05:30:00+00:00,11.52
3491,2013-06-19 06:00:00+00:00,21.58
3491,2013-06-19 06:30:00+00:00,110.03
3491,2013-06-19 07:00:00+00:00,173.62
3491,2013-06-19 07:30:00+00:00,197.07
3491,2013-06-19 08:00:00+00:00,183.86
3491,2013-06-19 08:30:00+00:00,231.86
3491,2013-06-19 09:00:00+00:00,348.89
3491,2013-06-19 09:30:00+00:00,168.44
3491,2013-06-19 10:00:00+00:00,275.06
3491,2013-06-19 10:30:00+00:00,405.65
3491,2013-06-19 11:00:00+00:00,700.05
3491,2013-06-19 11:30:00+00:00,894.45
3491,2013-06-19 12:00:00+00:00,930.45
3491,2013-06-19 12:30:00+00:00,891.15
3491,2013-06-19 13:00:00+00:00,856.15
3491,2013-06-19 13:30:00+00:00,755.0
3491,2013-06-19 14:00:00+00:00,696.35
3491,2013-06-19 14:30:00+00:00,529.5
3491,2013-06-19 15:00:00+00:00,320.84
3491,2013-06-19 15:30:00+00:00,422.78
3491,2013-06-19 16:00:00+00:00,306.51
3491,2013-06-19 16:30:00+00:00,250.03
3491,2013-06-19 17:00:00+00:00,158.13
3491,2013-06-19 17:30:00+00:00,132.55
3491,2013-06-19 18:00:00+00:00,144.31
3491,2013-06-19 18:30:00+00:00,108.73
3491,2013-06-19 19:00:00+00:00,64.67
3491,2013-06-19 19:30:00+00:00,29.93
3491,2013-06-19 20:00:00+00:00,2.07
3491,2013-06-19 20:30:00+00:00,0.0
3491,2013-06-19 21:00:00+00:00,0.0
3491,2013-06-19 21:30:00+00:00,0.0
3491,2013-06-19 22:00:00+00:00,0.0
3491,2013-06-19 22:30:00+00:00,0.0
3491,2013-06-19 23:00:00+00:00,0.0
3491,2013-06-19 23:30:00+00:00,0.0
3491,2013-06-20 00:00:00+00:00,0.0
3491,2013-06-20 00:30:00+00:00,0.0
3491,2013-06-20 01:00:00+00:00,0.0
3491,2013-06-20 01:30:00+00:00,0.0
3491,2013-06-20 02:00:00+00:00,0.0
3491,2013-06-20 02:30:00+00:00,0.0
3491,2013-06-20 03:00:00+00:00,0.0
3491,2013-06-20 03:30:00+00:00,0.0
3491,2013-06-20 04:00:00+00:00,0.0
3491,2013-06-20 04:30:00+00:00,0.0
3491,2013-06-20 05:00:00+00:00,4.57
3491,2013-06-20 05:30:00+00:00,21.25
3491,2013-06-20 06:00:00+00:00,77.08
3491,2013-06-20 06:30:00+00:00,163.92
3491,2013-06-20 07:00:00+00:00,217.51
3491,2013-06-20 07:30:00+00:00,267.95
3491,2013-06-20 08:00:00+00:00,259.18
3491,2013-06-20 08:30:00+00:00,258.06
3491,2013-06-20 09:00:00+00:00,373.45
3491,2013-06-20 09:30:00+00:00,137.05
3491,2013-06-20 10:00:00+00:00,259.83
3491,2013-06-20 10:30:00+00:00,305.21
3491,2013-06-20 11:00:00+00:00,137.05
3491,2013-06-20 11:30:00+00:00,149.32
3491,2013-06-20 12:00:00+00:00,108.96
3491,2013-06-20 12:30:00+00:00,209.21
3491,2013-06-20 13:00:00+00:00,342.32
3491,2013-06-20 13:30:00+00:00,291.54
3491,2013-06-20 14:00:00+00:00,399.3
3491,2013-06-20 14:30:00+00:00,465.47
3491,2013-06-20 15:00:00+00:00,231.66
3491,2013-06-20 15:30:00+00:00,171.74
3491,2013-06-20 16:00:00+00:00,80.24
3491,2013-06-20 16:30:00+00:00,151.88
3491,2013-06-20 17:00:00+00:00,188.93
3491,2013-06-20 17:30:00+00:00,155.83
3491,2013-06-20 18:00:00+00:00,116.37
3491,2013-06-20 18:30:00+00:00,104.22
3491,2013-06-20 19:00:00+00:00,50.68
3491,2013-06-20 19:30:00+00:00,13.07
3491,2013-06-20 20:00:00+00:00,0.0
3491,2013-06-20 20:30:00+00:00,0.0
3491,2013-06-20 21:00:00+00:00,0.0
3491,2013-06-20 21:30:00+00:00,0.0
3491,2013-06-20 22:00:00+00:00,0.0
3491,2013-06-20 22:30:00+00:00,0.0
3491,2013-06-20 23:00:00+00:00,0.0
3491,2013-06-20 23:30:00+00:00,0.0
3491,2013-06-21 00:00:00+00:00,0.0
3491,2013-06-21 00:30:00+00:00,0.0
3491,2013-06-21 01:00:00+00:00,0.0
3491,2013-06-21 01:30:00+00:00,0.0
3491,2013-06-21 02:00:00+00:00,0.0
3491,2013-06-21 02:30:00+00:00,0.0
3491,2013-06-21 03:00:00+00:00,0.0
3491,2013-06-21 03:30:00+00:00,0.0
3491,2013-06-21 04:00:00+00:00,0.0
3491,2013-06-21 04:30:00+00:00,0.0
3491,2013-06-21 05:00:00+00:00,5.51
3491,2013-06-21 05:30:00+00:00,21.71
3491,2013-06-21 06:00:00+00:00,62.07
3491,2013-06-21 06:30:00+00:00,90.9
3491,2013-06-21 07:00:00+00:00,55.62
3491,2013-06-21 07:30:00+00:00,72.51
3491,2013-06-21 08:00:00+00:00,87.82
3491,2013-06-21 08:30:00+00:00,163.82
3491,2013-06-21 09:00:00+00:00,212.28
3491,2013-06-21 09:30:00+00:00,337.89
3491,2013-06-21 10:00:00+00:00,161.23
3491,2013-06-21 10:30:00+00:00,282.85
3491,2013-06-21 11:00:00+00:00,169.9
3491,2013-06-21 11:30:00+00:00,101.2
3491,2013-06-21 12:00:00+00:00,171.65
3491,2013-06-21 12:30:00+00:00,219.85
3491,2013-06-21 13:00:00+00:00,337.28
3491,2013-06-21 13:30:00+00:00,750.0
3491,2013-06-21 14:00:00+00:00,655.2
3491,2013-06-21 14:30:00+00:00,471.03
3491,2013-06-21 15:00:00+00:00,587.25
3491,2013-06-21 15:30:00+00:00,451.32
3491,2013-06-21 16:00:00+00:00,336.74
3491,2013-06-21 16:30:00+00:00,220.21
3491,2013-06-21 17:00:00+00:00,221.65
3491,2013-06-21 17:30:00+00:00,128.96
3491,2013-06-21 18:00:00+00:00,101.62
3491,2013-06-21 18:30:00+00:00,89.21
3491,2013-06-21 19:00:00+00:00,36.21
3491,2013-06-21 19:30:00+00:00,19.38
3491,2013-06-21 20:00:00+00:00,3.71
3491,2013-06-21 20:30:00+00:00,0.0
3491,2013-06-21 21:00:00+00:00,0.0
3491,2013-06-21 21:30:00+00:00,0.0
3491,2013-06-21 22:00:00+00:00,0.0
3491,2013-06-21 22:30:00+00:00,0.0
3491,2013-06-21 23:00:00+00:00,0.0
3491,2013-06-21 23:30:00+00:00,0.0
3491,2013-06-22 00:00:00+00:00,0.0
3491,2013-06-22 00:30:00+00:00,0.0
3491,2013-06-22 01:00:00+00:00,0.0
3491,2013-06-22 01:30:00+00:00,0.0
3491,2013-06-22 02:00:00+00:00,0.0
3491,2013-06-22 02:30:00+00:00,0.0
3491,2013-06-22 03:00:00+00:00,0.0
3491,2013-06-22 03:30:00+00:00,0.0
3491,2013-06-22 04:00:00+00:00,0.0
3491,2013-06-22 04:30:00+00:00,0.0
3491,2013-06-22 05:00:00+00:00,2.0
3491,2013-06-22 05:30:00+00:00,18.2
3491,2013-06-22 06:00:00+00:00,39.96
3491,2013-06-22 06:30:00+00:00,74.33
3491,2013-06-22 07:00:00+00:00,71.77
3491,2013-06-22 07:30:00+00:00,95.2
3491,2013-06-22 08:00:00+00:00,128.28
3491,2013-06-22 08:30:00+00:00,197.92
3491,2013-06-22 09:00:00+00:00,282.2
3491,2013-06-22 09:30:00+00:00,360.14
3491,2013-06-22 10:00:00+00:00,769.3
3491,2013-06-22 10:30:00+00:00,590.9
3491,2013-06-22 11:00:00+00:00,502.65
3491,2013-06-22 11:30:00+00:00,310.27
3491,2013-06-22 12:00:00+00:00,495.93
3491,2013-06-22 12:30:00+00:00,923.3
3491,2013-06-22 13:00:00+00:00,708.2
3491,2013-06-22 13:30:00+00:00,451.17
3491,2013-06-22 14:00:00+00:00,503.0
3491,2013-06-22 14:30:00+00:00,490.49
3491,2013-06-22 15:00:00+00:00,429.83
3491,2013-06-22 15:30:00+00:00,305.78
3491,2013-06-22 16:00:00+00:00,262.86
3491,2013-06-22 16:30:00+00:00,185.24
3491,2013-06-22 17:00:00+00:00,132.72
3491,2013-06-22 17:30:00+00:00,132.94
3491,2013-06-22 18:00:00+00:00,72.18
3491,2013-06-22 18:30:00+00:00,81.21
3491,2013-06-22 19:00:00+00:00,56.18
3491,2013-06-22 19:30:00+00:00,28.64
3491,2013-06-22 20:00:00+00:00,2.14
3491,2013-06-22 20:30:00+00:00,0.0
3491,2013-06-22 21:00:00+00:00,0.0
3491,2013-06-22 21:30:00+00:00,0.0
3491,2013-06-22 22:00:00+00:00,0.0
3491,2013-06-22 22:30:00+00:00,0.0
3491,2013-06-22 23:00:00+00:00,0.0
3491,2013-06-22 23:30:00+00:00,0.0
3491,2013-06-23 00:00:00+00:00,0.0
3491,2013-06-23 00:30:00+00:00,0.0
3491,2013-06-23 01:00:00+00:00,0.0
3491,2013-06-23 01:30:00+00:00,0.0
3491,2013-06-23 02:00:00+00:00,0.0
3491,2013-06-23 02:30:00+00:00,0.0
3491,2013-06-23 03:00:00+00:00,0.0
3491,2013-06-23 03:30:00+00:00,0.0
3491,2013-06-23 04:00:00+00:00,0.0
3491,2013-06-23 04:30:00+00:00,0.0
3491,2013-06-23 05:00:00+00:00,11.79
3491,2013-06-23 05:30:00+00:00,29.84
3491,2013-06-23 06:00:00+00:00,94.06
3491,2013-06-23 06:30:00+00:00,129.83
3491,2013-06-23 07:00:00+00:00,148.29
3491,2013-06-23 07:30:00+00:00,229.85
3491,2013-06-23 08:00:00+00:00,274.45
3491,2013-06-23 08:30:00+00:00,616.65
3491,2013-06-23 09:00:00+00:00,320.86
3491,2013-06-23 09:30:00+00:00,42.8
3491,2013-06-23 10:00:00+00:00,53.82
3491,2013-06-23 10:30:00+00:00,558.45
3491,2013-06-23 11:00:00+00:00,406.92
3491,2013-06-23 11:30:00+00:00,375.28
3491,2013-06-23 12:00:00+00:00,517.45
3491,2013-06-23 12:30:00+00:00,374.66
3491,2013-06-23 13:00:00+00:00,208.3
3491,2013-06-23 13:30:00+00:00,174.86
3491,2013-06-23 14:00:00+00:00,234.42
3491,2013-06-23 14:30:00+00:00,112.92
3491,2013-06-23 15:00:00+00:00,187.81
3491,2013-06-23 15:30:00+00:00,123.61
3491,2013-06-23 16:00:00+00:00,121.55
3491,2013-06-23 16:30:00+00:00,62.71
3491,2013-06-23 17:00:00+00:00,56.57
3491,2013-06-23 17:30:00+00:00,108.09
3491,2013-06-23 18:00:00+00:00,78.9
3491,2013-06-23 18:30:00+00:00,60.75
3491,2013-06-23 19:00:00+00:00,22.66
3491,2013-06-23 19:30:00+00:00,10.36
3491,2013-06-23 20:00:00+00:00,0.0
3491,2013-06-23 20:30:00+00:00,0.0
3491,2013-06-23 21:00:00+00:00,0.0
3491,2013-06-23 21:30:00+00:00,0.0
3491,2013-06-23 22:00:00+00:00,0.0
3491,2013-06-23 22:30:00+00:00,0.0
3491,2013-06-23 23:00:00+00:00,0.0
3491,2013-06-23 23:30:00+00:00,0.0
3491,2013-06-24 00:00:00+00:00,0.0
3491,2013-06-24 00:30:00+00:00,0.0
3491,2013-06-24 01:00:00+00:00,0.0
3491,2013-06-24 01:30:00+00:00,0.0
3491,2013-06-24 02:00:00+00:00,0.0
3491,2013-06-24 02:30:00+00:00,0.0
3491,2013-06-24 03:00:00+00:00,0.0
3491,2013-06-24 03:30:00+00:00,0.0
3491,2013-06-24 04:00:00+00:00,0.0
3491,2013-06-24 04:30:00+00:00,0.0
3491,2013-06-24 05:00:00+00:00,3.08
3491,2013-06-24 05:30:00+00:00,19.64
3491,2013-06-24 06:00:00+00:00,36.76
3491,2013-06-24 06:30:00+00:00,55.69
3491,2013-06-24 07:00:00+00:00,62.32
3491,2013-06-24 07:30:00+00:00,54.63
3491,2013-06-24 08:00:00+00:00,102.77
3491,2013-06-24 08:30:00+00:00,209.44
3491,2013-06-24 09:00:00+00:00,253.56
3491,2013-06-24 09:30:00+00:00,310.02
3491,2013-06-24 10:00:00+00:00,234.36
3491,2013-06-24 10:30:00+00:00,220.6
3491,2013-06-24 11:00:00+00:00,260.8
3491,2013-06-24 11:30:00+00:00,257.66
3491,2013-06-24 12:00:00+00:00,341.3
3491,2013-06-24 12:30:00+00:00,293.33
3491,2013-06-24 13:00:00+00:00,255.76
3491,2013-06-24 13:30:00+00:00,247.79
3491,2013-06-24 14:00:00+00:00,209.78
3491,2013-06-24 14:30:00+00:00,239.02
3491,2013-06-24 15:00:00+00:00,260.65
3491,2013-06-24 15:30:00+00:00,200.22
3491,2013-06-24 16:00:00+00:00,332.69
3491,2013-06-24 16:30:00+00:00,278.28
3491,2013-06-24 17:00:00+00:00,188.47
3491,2013-06-24 17:30:00+00:00,168.52
3491,2013-06-24 18:00:00+00:00,100.71
3491,2013-06-24 18:30:00+00:00,100.38
3491,2013-06-24 19:00:00+00:00,57.87
3491,2013-06-24 19:30:00+00:00,17.39
3491,2013-06-24 20:00:00+00:00,0.0
3491,2013-06-24 20:30:00+00:00,0.0
3491,2013-06-24 21:00:00+00:00,0.0
3491,2013-06-24 21:30:00+00:00,0.0
3491,2013-06-24 22:00:00+00:00,0.0
3491,2013-06-24 22:30:00+00:00,0.0
3491,2013-06-24 23:00:00+00:00,0.0
3491,2013-06-24 23:30:00+00:00,0.0
3491,2013-06-25 00:00:00+00:00,0.0
3491,2013-06-25 00:30:00+00:00,0.0
3491,2013-06-25 01:00:00+00:00,0.0
3491,2013-06-25 01:30:00+00:00,0.0
3491,2013-06-25 02:00:00+00:00,0.0
3491,2013-06-25 02:30:00+00:00,0.0
3491,2013-06-25 03:00:00+00:00,0.0
3491,2013-06-25 03:30:00+00:00,0.0
3491,2013-06-25 04:00:00+00:00,0.0
3491,2013-06-25 04:30:00+00:00,9.92
3491,2013-06-25 05:00:00+00:00,33.67
3491,2013-06-25 05:30:00+00:00,60.49
3491,2013-06-25 06:00:00+00:00,79.96
3491,2013-06-25 06:30:00+00:00,101.58
3491,2013-06-25 07:00:00+00:00,124.63
3491,2013-06-25 07:30:00+00:00,157.17
3491,2013-06-25 08:00:00+00:00,199.75
3491,2013-06-25 08:30:00+00:00,244.15
3491,2013-06-25 09:00:00+00:00,620.15
3491,2013-06-25 09:30:00+00:00,925.05
3491,2013-06-25 10:00:00+00:00,971.45
3491,2013-06-25 10:30:00+00:00,896.55
3491,2013-06-25 11:00:00+00:00,859.65
3491,2013-06-25 11:30:00+00:00,704.8
3491,2013-06-25 12:00:00+00:00,787.15
3491,2013-06-25 12:30:00+00:00,424.8
3491,2013-06-25 13:00:00+00:00,691.2
3491,2013-06-25 13:30:00+00:00,626.25
3491,2013-06-25 14:00:00+00:00,633.7
3491,2013-06-25 14:30:00+00:00,520.9
3491,2013-06-25 15:00:00+00:00,416.36
3491,2013-06-25 15:30:00+00:00,406.35
3491,2013-06-25 16:00:00+00:00,315.06
3491,2013-06-25 16:30:00+00:00,193.31
3491,2013-06-25 17:00:00+00:00,112.88
3491,2013-06-25 17:30:00+00:00,131.55
3491,2013-06-25 18:00:00+00:00,133.07
3491,2013-06-25 18:30:00+00:00,77.25
3491,2013-06-25 19:00:00+00:00,48.25
3491,2013-06-25 19:30:00+00:00,26.9
3491,2013-06-25 20:00:00+00:00,1.52
3491,2013-06-25 20:30:00+00:00,0.0
3491,2013-06-25 21:00:00+00:00,0.0
3491,2013-06-25 21:30:00+00:00,0.0
3491,2013-06-25 22:00:00+00:00,0.0
3491,2013-06-25 22:30:00+00:00,0.0
3491,2013-06-25 23:00:00+00:00,0.0
3491,2013-06-25 23:30:00+00:00,0.0
3491,2013-06-26 00:00:00+00:00,0.0
3491,2013-06-26 00:30:00+00:00,0.0
3491,2013-06-26 01:00:00+00:00,0.0
3491,2013-06-26 01:30:00+00:00,0.0
3491,2013-06-26 02:00:00+00:00,0.0
3491,2013-06-26 02:30:00+00:00,0.0
3491,2013-06-26 03:00:00+00:00,0.0
3491,2013-06-26 03:30:00+00:00,0.0
3491,2013-06-26 04:00:00+00:00,0.0
3491,2013-06-26 04:30:00+00:00,0.0
3491,2013-06-26 05:00:00+00:00,22.95
3491,2013-06-26 05:30:00+00:00,57.26
3491,2013-06-26 06:00:00+00:00,78.61
3491,2013-06-26 06:30:00+00:00,116.89
3491,2013-06-26 07:00:00+00:00,132.83
3491,2013-06-26 07:30:00+00:00,155.58
3491,2013-06-26 08:00:00+00:00,260.17
3491,2013-06-26 08:30:00+00:00,329.41
3491,2013-06-26 09:00:00+00:00,339.7
3491,2013-06-26 09:30:00+00:00,303.62
3491,2013-06-26 10:00:00+00:00,178.37
3491,2013-06-26 10:30:00+00:00,193.04
3491,2013-06-26 11:00:00+00:00,225.68
3491,2013-06-26 11:30:00+00:00,255.66
3491,2013-06-26 12:00:00+00:00,684.95
3491,2013-06-26 12:30:00+00:00,889.4
3491,2013-06-26 13:00:00+00:00,766.3
3491,2013-06-26 13:30:00+00:00,623.1
3491,2013-06-26 14:00:00+00:00,358.05
3491,2013-06-26 14:30:00+00:00,223.52
3491,2013-06-26 15:00:00+00:00,358.68
3491,2013-06-26 15:30:00+00:00,462.04
3491,2013-06-26 16:00:00+00:00,230.34
3491,2013-06-26 16:30:00+00:00,198.25
3491,2013-06-26 17:00:00+00:00,174.27
3491,2013-06-26 17:30:00+00:00,119.84
3491,2013-06-26 18:00:00+00:00,66.49
3491,2013-06-26 18:30:00+00:00,52.38
3491,2013-06-26 19:00:00+00:00,49.87
3491,2013-06-26 19:30:00+00:00,27.86
3491,2013-06-26 20:00:00+00:00,8.05
3491,2013-06-26 20:30:00+00:00,0.0
3491,2013-06-26 21:00:00+00:00,0.0
3491,2013-06-26 21:30:00+00:00,0.0
3491,2013-06-26 22:00:00+00:00,0.0
3491,2013-06-26 22:30:00+00:00,0.0
3491,2013-06-26 23:00:00+00:00,0.0
3491,2013-06-26 23:30:00+00:00,0.0
3491,2013-06-27 00:00:00+00:00,0.0
3491,2013-06-27 00:30:00+00:00,0.0
3491,2013-06-27 01:00:00+00:00,0.0
3491,2013-06-27 01:30:00+00:00,0.0
3491,2013-06-27 02:00:00+00:00,0.0
3491,2013-06-27 02:30:00+00:00,0.0
3491,2013-06-27 03:00:00+00:00,0.0
3491,2013-06-27 03:30:00+00:00,0.0
3491,2013-06-27 04:00:00+00:00,0.0
3491,2013-06-27 04:30:00+00:00,0.0
3491,2013-06-27 05:00:00+00:00,4.43
3491,2013-06-27 05:30:00+00:00,43.2
3491,2013-06-27 06:00:00+00:00,94.33
3491,2013-06-27 06:30:00+00:00,129.65
3491,2013-06-27 07:00:00+00:00,191.2
3491,2013-06-27 07:30:00+00:00,176.59
3491,2013-06-27 08:00:00+00:00,287.83
3491,2013-06-27 08:30:00+00:00,520.5
3491,2013-06-27 09:00:00+00:00,691.65
3491,2013-06-27 09:30:00+00:00,824.05
3491,2013-06-27 10:00:00+00:00,968.2
3491,2013-06-27 10:30:00+00:00,625.3
3491,2013-06-27 11:00:00+00:00,681.1
3491,2013-06-27 11:30:00+00:00,735.85
3491,2013-06-27 12:00:00+00:00,713.85
3491,2013-06-27 12:30:00+00:00,522.25
3491,2013-06-27 13:00:00+00:00,514.2
3491,2013-06-27 13:30:00+00:00,613.5
3491,2013-06-27 14:00:00+00:00,452.13
3491,2013-06-27 14:30:00+00:00,472.42
3491,2013-06-27 15:00:00+00:00,410.55
3491,2013-06-27 15:30:00+00:00,320.96
3491,2013-06-27 16:00:00+00:00,206.11
3491,2013-06-27 16:30:00+00:00,189.84
3491,2013-06-27 17:00:00+00:00,116.44
3491,2013-06-27 17:30:00+00:00,84.59
3491,2013-06-27 18:00:00+00:00,63.73
3491,2013-06-27 18:30:00+00:00,60.1
3491,2013-06-27 19:00:00+00:00,33.92
3491,2013-06-27 19:30:00+00:00,16.68
3491,2013-06-27 20:00:00+00:00,0.0
3491,2013-06-27 20:30:00+00:00,0.0
3491,2013-06-27 21:00:00+00:00,0.0
3491,2013-06-27 21:30:00+00:00,0.0
3491,2013-06-27 22:00:00+00:00,0.0
3491,2013-06-27 22:30:00+00:00,0.0
3491,2013-06-27 23:00:00+00:00,0.0
3491,2013-06-27 23:30:00+00:00,0.0
3491,2013-06-28 00:00:00+00:00,0.0
3491,2013-06-28 00:30:00+00:00,0.0
3491,2013-06-28 01:00:00+00:00,0.0
3491,2013-06-28 01:30:00+00:00,0.0
3491,2013-06-28 02:00:00+00:00,0.0
3491,2013-06-28 02:30:00+00:00,0.0
3491,2013-06-28 03:00:00+00:00,0.0
3491,2013-06-28 03:30:00+00:00,0.0
3491,2013-06-28 04:00:00+00:00,0.0
3491,2013-06-28 04:30:00+00:00,0.0
3491,2013-06-28 05:00:00+00:00,0.0
3491,2013-06-28 05:30:00+00:00,28.57
3491,2013-06-28 06:00:00+00:00,61.92
3491,2013-06-28 06:30:00+00:00,104.53
3491,2013-06-28 07:00:00+00:00,237.34
3491,2013-06-28 07:30:00+00:00,278.97
3491,2013-06-28 08:00:00+00:00,213.08
3491,2013-06-28 08:30:00+00:00,290.62
3491,2013-06-28 09:00:00+00:00,330.27
3491,2013-06-28 09:30:00+00:00,349.31
3491,2013-06-28 10:00:00+00:00,233.87
3491,2013-06-28 10:30:00+00:00,344.11
3491,2013-06-28 11:00:00+00:00,321.23
3491,2013-06-28 11:30:00+00:00,191.15
3491,2013-06-28 12:00:00+00:00,305.41
3491,2013-06-28 12:30:00+00:00,242.5
3491,2013-06-28 13:00:00+00:00,121.04
3491,2013-06-28 13:30:00+00:00,293.0
3491,2013-06-28 14:00:00+00:00,123.63
3491,2013-06-28 14:30:00+00:00,126.92
3491,2013-06-28 15:00:00+00:00,304.11
3491,2013-06-28 15:30:00+00:00,379.9
3491,2013-06-28 16:00:00+00:00,307.05
3491,2013-06-28 16:30:00+00:00,167.27
3491,2013-06-28 17:00:00+00:00,125.19
3491,2013-06-28 17:30:00+00:00,78.24
3491,2013-06-28 18:00:00+00:00,72.91
3491,2013-06-28 18:30:00+00:00,69.73
3491,2013-06-28 19:00:00+00:00,38.79
3491,2013-06-28 19:30:00+00:00,7.6
3491,2013-06-28 20:00:00+00:00,0.0
3491,2013-06-28 20:30:00+00:00,0.0
3491,2013-06-28 21:00:00+00:00,0.0
3491,2013-06-28 21:30:00+00:00,0.0
3491,2013-06-28 22:00:00+00:00,0.0
3491,2013-06-28 22:30:00+00:00,0.0
3491,2013-06-28 23:00:00+00:00,0.0
3491,2013-06-28 23:30:00+00:00,0.0
3491,2013-06-29 00:00:00+00:00,0.0
3491,2013-06-29 00:30:00+00:00,0.0
3491,2013-06-29 01:00:00+00:00,0.0
3491,2013-06-29 01:30:00+00:00,0.0
3491,2013-06-29 02:00:00+00:00,0.0
3491,2013-06-29 02:30:00+00:00,0.0
3491,2013-06-29 03:00:00+00:00,0.0
3491,2013-06-29 03:30:00+00:00,0.0
3491,2013-06-29 04:00:00+00:00,0.0
3491,2013-06-29 04:30:00+00:00,0.0
3491,2013-06-29 05:00:00+00:00,26.99
3491,2013-06-29 05:30:00+00:00,54.01
3491,2013-06-29 06:00:00+00:00,71.77
3491,2013-06-29 06:30:00+00:00,127.4
3491,2013-06-29 07:00:00+00:00,157.21
3491,2013-06-29 07:30:00+00:00,222.91
3491,2013-06-29 08:00:00+00:00,264.68
3491,2013-06-29 08:30:00+00:00,321.67
3491,2013-06-29 09:00:00+00:00,580.1
3491,2013-06-29 09:30:00+00:00,849.7
3491,2013-06-29 10:00:00+00:00,626.6
3491,2013-06-29 10:30:00+00:00,557.95
3491,2013-06-29 11:00:00+00:00,776.3
3491,2013-06-29 11:30:00+00:00,844.45
3491,2013-06-29 12:00:00+00:00,913.3
3491,2013-06-29 12:30:00+00:00,941.15
3491,2013-06-29 13:00:00+00:00,809.25
3491,2013-06-29 13:30:00+00:00,782.8
3491,2013-06-29 14:00:00+00:00,786.45
3491,2013-06-29 14:30:00+00:00,608.75
3491,2013-06-29 15:00:00+00:00,564.5
3491,2013-06-29 15:30:00+00:00,438.95
3491,2013-06-29 16:00:00+00:00,403.81
3491,2013-06-29 16:30:00+00:00,211.04
3491,2013-06-29 17:00:00+00:00,132.72
3491,2013-06-29 17:30:00+00:00,99.0
3491,2013-06-29 18:00:00+00:00,93.92
3491,2013-06-29 18:30:00+00:00,67.53
3491,2013-06-29 19:00:00+00:00,35.82
3491,2013-06-29 19:30:00+00:00,15.65
3491,2013-06-29 20:00:00+00:00,0.99
3491,2013-06-29 20:30:00+00:00,0.0
3491,2013-06-29 21:00:00+00:00,0.0
3491,2013-06-29 21:30:00+00:00,0.0
3491,2013-06-29 22:00:00+00:00,0.0
3491,2013-06-29 22:30:00+00:00,0.0
3491,2013-06-29 23:00:00+00:00,0.0
3491,2013-06-29 23:30:00+00:00,0.0
3491,2013-06-30 00:00:00+00:00,0.0
3491,2013-06-30 00:30:00+00:00,0.0
3491,2013-06-30 01:00:00+00:00,0.0
3491,2013-06-30 01:30:00+00:00,0.0
3491,2013-06-30 02:00:00+00:00,0.0
3491,2013-06-30 02:30:00+00:00,0.0
3491,2013-06-30 03:00:00+00:00,0.0
3491,2013-06-30 03:30:00+00:00,0.0
3491,2013-06-30 04:00:00+00:00,0.0
3491,2013-06-30 04:30:00+00:00,0.0
3491,2013-06-30 05:00:00+00:00,17.49
3491,2013-06-30 05:30:00+00:00,47.34
3491,2013-06-30 06:00:00+00:00,46.83
3491,2013-06-30 06:30:00+00:00,69.91
3491,2013-06-30 07:00:00+00:00,83.53
3491,2013-06-30 07:30:00+00:00,89.48
3491,2013-06-30 08:00:00+00:00,107.03
3491,2013-06-30 08:30:00+00:00,640.5
3491,2013-06-30 09:00:00+00:00,744.8
3491,2013-06-30 09:30:00+00:00,964.8
3491,2013-06-30 10:00:00+00:00,890.85
3491,2013-06-30 10:30:00+00:00,909.85
3491,2013-06-30 11:00:00+00:00,1002.7
3491,2013-06-30 11:30:00+00:00,806.7
3491,2013-06-30 12:00:00+00:00,954.1
3491,2013-06-30 12:30:00+00:00,943.8
3491,2013-06-30 13:00:00+00:00,830.65
3491,2013-06-30 13:30:00+00:00,825.7
3491,2013-06-30 14:00:00+00:00,754.2
3491,2013-06-30 14:30:00+00:00,601.0
3491,2013-06-30 15:00:00+00:00,542.4
3491,2013-06-30 15:30:00+00:00,373.02
3491,2013-06-30 16:00:00+00:00,288.16
3491,2013-06-30 16:30:00+00:00,182.78
3491,2013-06-30 17:00:00+00:00,137.04
3491,2013-06-30 17:30:00+00:00,94.74
3491,2013-06-30 18:00:00+00:00,76.75
3491,2013-06-30 18:30:00+00:00,63.01
3491,2013-06-30 19:00:00+00:00,46.01
3491,2013-06-30 19:30:00+00:00,17.02
3491,2013-06-30 20:00:00+00:00,0.72
3491,2013-06-30 20:30:00+00:00,0.0
3491,2013-06-30 21:00:00+00:00,0.0
3491,2013-06-30 21:30:00+00:00,0.0
3491,2013-06-30 22:00:00+00:00,0.0
3491,2013-06-30 22:30:00+00:00,0.0
3491,2013-06-30 23:00:00+00:00,0.0
3491,2013-06-30 23:30:00+00:00,0.0
3491,2013-07-01 00:30:00+00:00,0.0
3491,2013-07-01 01:00:00+00:00,0.0
3491,2013-07-01 01:30:00+00:00,0.0
3491,2013-07-01 02:00:00+00:00,0.0
3491,2013-07-01 02:30:00+00:00,0.0
3491,2013-07-01 03:00:00+00:00,0.0
3491,2013-07-01 03:30:00+00:00,0.0
3491,2013-07-01 04:00:00+00:00,0.0
3491,2013-07-01 04:30:00+00:00,0.0
3491,2013-07-01 05:00:00+00:00,25.78
3491,2013-07-01 05:30:00+00:00,39.8
3491,2013-07-01 06:00:00+00:00,53.5
3491,2013-07-01 06:30:00+00:00,79.92
3491,2013-07-01 07:00:00+00:00,136.63
3491,2013-07-01 07:30:00+00:00,182.05
3491,2013-07-01 08:00:00+00:00,255.46
3491,2013-07-01 08:30:00+00:00,481.23
3491,2013-07-01 09:00:00+00:00,624.35
3491,2013-07-01 09:30:00+00:00,624.35
3491,2013-07-01 10:00:00+00:00,719.35
3491,2013-07-01 10:30:00+00:00,851.3
3491,2013-07-01 11:00:00+00:00,1040.8
3491,2013-07-01 11:30:00+00:00,810.9
3491,2013-07-01 12:00:00+00:00,916.75
3491,2013-07-01 12:30:00+00:00,682.75
3491,2013-07-01 13:00:00+00:00,560.6
3491,2013-07-01 13:30:00+00:00,441.39
3491,2013-07-01 14:00:00+00:00,439.41
3491,2013-07-01 14:30:00+00:00,347.23
3491,2013-07-01 15:00:00+00:00,299.26
3491,2013-07-01 15:30:00+00:00,506.05
3491,2013-07-01 16:00:00+00:00,301.5
3491,2013-07-01 16:30:00+00:00,225.98
3491,2013-07-01 17:00:00+00:00,168.48
3491,2013-07-01 17:30:00+00:00,114.96
3491,2013-07-01 18:00:00+00:00,86.16
3491,2013-07-01 18:30:00+00:00,71.42
3491,2013-07-01 19:00:00+00:00,27.14
3491,2013-07-01 19:30:00+00:00,17.49
3491,2013-07-01 20:00:00+00:00,2.71
3491,2013-07-01 20:30:00+00:00,0.0
3491,2013-07-01 21:00:00+00:00,0.0
3491,2013-07-01 21:30:00+00:00,0.0
3491,2013-07-01 22:00:00+00:00,0.0
3491,2013-07-01 22:30:00+00:00,0.0
3491,2013-07-01 23:00:00+00:00,0.0
3491,2013-07-01 23:30:00+00:00,0.0
3491,2013-07-02 00:00:00+00:00,0.0
3491,2013-07-02 00:30:00+00:00,0.0
3491,2013-07-02 01:00:00+00:00,0.0
3491,2013-07-02 01:30:00+00:00,0.0
3491,2013-07-02 02:00:00+00:00,0.0
3491,2013-07-02 02:30:00+00:00,0.0
3491,2013-07-02 03:00:00+00:00,0.0
3491,2013-07-02 03:30:00+00:00,0.0
3491,2013-07-02 04:00:00+00:00,0.0
3491,2013-07-02 04:30:00+00:00,5.22
3491,2013-07-02 05:00:00+00:00,22.68
3491,2013-07-02 05:30:00+00:00,77.19
3491,2013-07-02 06:00:00+00:00,129.51
3491,2013-07-02 06:30:00+00:00,152.67
3491,2013-07-02 07:00:00+00:00,170.14
3491,2013-07-02 07:30:00+00:00,276.26
3491,2013-07-02 08:00:00+00:00,235.56
3491,2013-07-02 08:30:00+00:00,205.55
3491,2013-07-02 09:00:00+00:00,194.55
3491,2013-07-02 09:30:00+00:00,203.47
3491,2013-07-02 10:00:00+00:00,206.99
3491,2013-07-02 10:30:00+00:00,204.77
3491,2013-07-02 11:00:00+00:00,274.24
3491,2013-07-02 11:30:00+00:00,231.83
3491,2013-07-02 12:00:00+00:00,230.15
3491,2013-07-02 12:30:00+00:00,273.68
3491,2013-07-02 13:00:00+00:00,247.14
3491,2013-07-02 13:30:00+00:00,187.0
3491,2013-07-02 14:00:00+00:00,175.59
3491,2013-07-02 14:30:00+00:00,169.52
3491,2013-07-02 15:00:00+00:00,126.45
3491,2013-07-02 15:30:00+00:00,122.3
3491,2013-07-02 16:00:00+00:00,189.72
3491,2013-07-02 16:30:00+00:00,120.67
3491,2013-07-02 17:00:00+00:00,120.81
3491,2013-07-02 17:30:00+00:00,47.91
3491,2013-07-02 18:00:00+00:00,62.96
3491,2013-07-02 18:30:00+00:00,35.27
3491,2013-07-02 19:00:00+00:00,28.04
3491,2013-07-02 19:30:00+00:00,25.28
3491,2013-07-02 20:00:00+00:00,0.0
3491,2013-07-02 20:30:00+00:00,0.0
3491,2013-07-02 21:00:00+00:00,0.0
3491,2013-07-02 21:30:00+00:00,0.0
3491,2013-07-02 22:00:00+00:00,0.0
3491,2013-07-02 22:30:00+00:00,0.0
3491,2013-07-02 23:00:00+00:00,0.0
3491,2013-07-02 23:30:00+00:00,0.0
3491,2013-07-03 00:00:00+00:00,0.0
3491,2013-07-03 00:30:00+00:00,0.0
3491,2013-07-03 01:00:00+00:00,0.0
3491,2013-07-03 01:30:00+00:00,0.0
3491,2013-07-03 02:00:00+00:00,0.0
3491,2013-07-03 02:30:00+00:00,0.0
3491,2013-07-03 03:00:00+00:00,0.0
3491,2013-07-03 03:30:00+00:00,0.0
3491,2013-07-03 04:00:00+00:00,0.0
3491,2013-07-03 04:30:00+00:00,0.0
3491,2013-07-03 05:00:00+00:00,4.26
3491,2013-07-03 05:30:00+00:00,6.89
3491,2013-07-03 06:00:00+00:00,55.23
3491,2013-07-03 06:30:00+00:00,123.77
3491,2013-07-03 07:00:00+00:00,148.6
3491,2013-07-03 07:30:00+00:00,158.62
3491,2013-07-03 08:00:00+00:00,116.6
3491,2013-07-03 08:30:00+00:00,96.23
3491,2013-07-03 09:00:00+00:00,107.25
3491,2013-07-03 09:30:00+00:00,203.95
3491,2013-07-03 10:00:00+00:00,590.1
3491,2013-07-03 10:30:00+00:00,313.82
3491,2013-07-03 11:00:00+00:00,164.63
3491,2013-07-03 11:30:00+00:00,351.51
3491,2013-07-03 12:00:00+00:00,441.2
3491,2013-07-03 12:30:00+00:00,269.71
3491,2013-07-03 13:00:00+00:00,485.01
3491,2013-07-03 13:30:00+00:00,469.48
3491,2013-07-03 14:00:00+00:00,423.61
3491,2013-07-03 14:30:00+00:00,444.12
3491,2013-07-03 15:00:00+00:00,262.2
3491,2013-07-03 15:30:00+00:00,106.15
3491,2013-07-03 16:00:00+00:00,129.14
3491,2013-07-03 16:30:00+00:00,156.43
3491,2013-07-03 17:00:00+00:00,143.09
3491,2013-07-03 17:30:00+00:00,108.73
3491,2013-07-03 18:00:00+00:00,78.68
3491,2013-07-03 18:30:00+00:00,71.13
3491,2013-07-03 19:00:00+00:00,62.77
3491,2013-07-03 19:30:00+00:00,19.08
3491,2013-07-03 20:00:00+00:00,3.95
3491,2013-07-03 20:30:00+00:00,0.0
3491,2013-07-03 21:00:00+00:00,0.0
3491,2013-07-03 21:30:00+00:00,0.0
3491,2013-07-03 22:00:00+00:00,0.0
3491,2013-07-03 22:30:00+00:00,0.0
3491,2013-07-03 23:00:00+00:00,0.0
3491,2013-07-03 23:30:00+00:00,0.0
3491,2013-07-04 00:00:00+00:00,0.0
3491,2013-07-04 00:30:00+00:00,0.0
3491,2013-07-04 01:00:00+00:00,0.0
3491,2013-07-04 01:30:00+00:00,0.0
3491,2013-07-04 02:00:00+00:00,0.0
3491,2013-07-04 02:30:00+00:00,0.0
3491,2013-07-04 03:00:00+00:00,0.0
3491,2013-07-04 03:30:00+00:00,0.0
3491,2013-07-04 04:00:00+00:00,0.0
3491,2013-07-04 04:30:00+00:00,0.0
3491,2013-07-04 05:00:00+00:00,4.44
3491,2013-07-04 05:30:00+00:00,33.86
3491,2013-07-04 06:00:00+00:00,88.14
3491,2013-07-04 06:30:00+00:00,109.67
3491,2013-07-04 07:00:00+00:00,156.68
3491,2013-07-04 07:30:00+00:00,194.37
3491,2013-07-04 08:00:00+00:00,253.82
3491,2013-07-04 08:30:00+00:00,329.19
3491,2013-07-04 09:00:00+00:00,220.31
3491,2013-07-04 09:30:00+00:00,330.91
3491,2013-07-04 10:00:00+00:00,461.04
3491,2013-07-04 10:30:00+00:00,720.25
3491,2013-07-04 11:00:00+00:00,843.35
3491,2013-07-04 11:30:00+00:00,867.35
3491,2013-07-04 12:00:00+00:00,742.85
3491,2013-07-04 12:30:00+00:00,703.5
3491,2013-07-04 13:00:00+00:00,676.95
3491,2013-07-04 13:30:00+00:00,487.35
3491,2013-07-04 14:00:00+00:00,421.14
3491,2013-07-04 14:30:00+00:00,331.27
3491,2013-07-04 15:00:00+00:00,245.4
3491,2013-07-04 15:30:00+00:00,284.42
3491,2013-07-04 16:00:00+00:00,292.45
3491,2013-07-04 16:30:00+00:00,190.84
3491,2013-07-04 17:00:00+00:00,114.33
3491,2013-07-04 17:30:00+00:00,85.12
3491,2013-07-04 18:00:00+00:00,71.59
3491,2013-07-04 18:30:00+00:00,48.38
3491,2013-07-04 19:00:00+00:00,34.47
3491,2013-07-04 19:30:00+00:00,15.65
3491,2013-07-04 20:00:00+00:00,1.58
3491,2013-07-04 20:30:00+00:00,0.0
3491,2013-07-04 21:00:00+00:00,0.0
3491,2013-07-04 21:30:00+00:00,0.0
3491,2013-07-04 22:00:00+00:00,0.0
3491,2013-07-04 22:30:00+00:00,0.0
3491,2013-07-04 23:00:00+00:00,0.0
3491,2013-07-04 23:30:00+00:00,0.0
3491,2013-07-05 00:00:00+00:00,0.0
3491,2013-07-05 00:30:00+00:00,0.0
3491,2013-07-05 01:00:00+00:00,0.0
3491,2013-07-05 01:30:00+00:00,0.0
3491,2013-07-05 02:00:00+00:00,0.0
3491,2013-07-05 02:30:00+00:00,0.0
3491,2013-07-05 03:00:00+00:00,0.0
3491,2013-07-05 03:30:00+00:00,0.0
3491,2013-07-05 04:00:00+00:00,0.0
3491,2013-07-05 04:30:00+00:00,0.0
3491,2013-07-05 05:00:00+00:00,4.76
3491,2013-07-05 05:30:00+00:00,37.07
3491,2013-07-05 06:00:00+00:00,86.71
3491,2013-07-05 06:30:00+00:00,93.58
3491,2013-07-05 07:00:00+00:00,128.98
3491,2013-07-05 07:30:00+00:00,149.75
3491,2013-07-05 08:00:00+00:00,187.43
3491,2013-07-05 08:30:00+00:00,231.61
3491,2013-07-05 09:00:00+00:00,703.4
3491,2013-07-05 09:30:00+00:00,932.45
3491,2013-07-05 10:00:00+00:00,977.1
3491,2013-07-05 10:30:00+00:00,1002.4
3491,2013-07-05 11:00:00+00:00,991.6
3491,2013-07-05 11:30:00+00:00,987.7
3491,2013-07-05 12:00:00+00:00,976.55
3491,2013-07-05 12:30:00+00:00,937.35
3491,2013-07-05 13:00:00+00:00,874.8
3491,2013-07-05 13:30:00+00:00,806.8
3491,2013-07-05 14:00:00+00:00,657.45
3491,2013-07-05 14:30:00+00:00,613.95
3491,2013-07-05 15:00:00+00:00,526.05
3491,2013-07-05 15:30:00+00:00,441.53
3491,2013-07-05 16:00:00+00:00,309.04
3491,2013-07-05 16:30:00+00:00,188.52
3491,2013-07-05 17:00:00+00:00,109.31
3491,2013-07-05 17:30:00+00:00,86.22
3491,2013-07-05 18:00:00+00:00,70.84
3491,2013-07-05 18:30:00+00:00,49.0
3491,2013-07-05 19:00:00+00:00,40.84
3491,2013-07-05 19:30:00+00:00,21.29
3491,2013-07-05 20:00:00+00:00,1.02
3491,2013-07-05 20:30:00+00:00,0.0
3491,2013-07-05 21:00:00+00:00,0.0
3491,2013-07-05 21:30:00+00:00,0.0
3491,2013-07-05 22:00:00+00:00,0.0
3491,2013-07-05 22:30:00+00:00,0.0
3491,2013-07-05 23:00:00+00:00,0.0
3491,2013-07-05 23:30:00+00:00,0.0
3491,2013-07-06 00:00:00+00:00,0.0
3491,2013-07-06 00:30:00+00:00,0.0
3491,2013-07-06 01:00:00+00:00,0.0
3491,2013-07-06 01:30:00+00:00,0.0
3491,2013-07-06 02:00:00+00:00,0.0
3491,2013-07-06 02:30:00+00:00,0.0
3491,2013-07-06 03:00:00+00:00,0.0
3491,2013-07-06 03:30:00+00:00,0.0
3491,2013-07-06 04:00:00+00:00,0.0
3491,2013-07-06 04:30:00+00:00,1.54
3491,2013-07-06 05:00:00+00:00,27.79
3491,2013-07-06 05:30:00+00:00,47.77
3491,2013-07-06 06:00:00+00:00,67.63
3491,2013-07-06 06:30:00+00:00,84.92
3491,2013-07-06 07:00:00+00:00,96.02
3491,2013-07-06 07:30:00+00:00,120.03
3491,2013-07-06 08:00:00+00:00,144.16
3491,2013-07-06 08:30:00+00:00,172.07
3491,2013-07-06 09:00:00+00:00,669.05
3491,2013-07-06 09:30:00+00:00,932.8
3491,2013-07-06 10:00:00+00:00,1001.95
3491,2013-07-06 10:30:00+00:00,1025.1
3491,2013-07-06 11:00:00+00:00,1028.55
3491,2013-07-06 11:30:00+00:00,1001.0
3491,2013-07-06 12:00:00+00:00,968.45
3491,2013-07-06 12:30:00+00:00,953.4
3491,2013-07-06 13:00:00+00:00,919.4
3491,2013-07-06 13:30:00+00:00,851.15
3491,2013-07-06 14:00:00+00:00,760.75
3491,2013-07-06 14:30:00+00:00,682.15
3491,2013-07-06 15:00:00+00:00,549.15
3491,2013-07-06 15:30:00+00:00,431.2
3491,2013-07-06 16:00:00+00:00,304.47
3491,2013-07-06 16:30:00+00:00,185.52
3491,2013-07-06 17:00:00+00:00,110.51
3491,2013-07-06 17:30:00+00:00,85.71
3491,2013-07-06 18:00:00+00:00,69.89
3491,2013-07-06 18:30:00+00:00,54.3
3491,2013-07-06 19:00:00+00:00,30.63
3491,2013-07-06 19:30:00+00:00,17.52
3491,2013-07-06 20:00:00+00:00,2.69
3491,2013-07-06 20:30:00+00:00,0.0
3491,2013-07-06 21:00:00+00:00,0.0
3491,2013-07-06 21:30:00+00:00,0.0
3491,2013-07-06 22:00:00+00:00,0.0
3491,2013-07-06 22:30:00+00:00,0.0
3491,2013-07-06 23:00:00+00:00,0.0
3491,2013-07-06 23:30:00+00:00,0.0
3491,2013-07-07 00:00:00+00:00,0.0
3491,2013-07-07 00:30:00+00:00,0.0
3491,2013-07-07 01:00:00+00:00,0.0
3491,2013-07-07 01:30:00+00:00,0.0
3491,2013-07-07 02:00:00+00:00,0.0
3491,2013-07-07 02:30:00+00:00,0.0
3491,2013-07-07 03:00:00+00:00,0.0
3491,2013-07-07 03:30:00+00:00,0.0
3491,2013-07-07 04:00:00+00:00,0.0
3491,2013-07-07 04:30:00+00:00,0.0
3491,2013-07-07 05:00:00+00:00,15.99
3491,2013-07-07 05:30:00+00:00,42.33
3491,2013-07-07 06:00:00+00:00,66.16
3491,2013-07-07 06:30:00+00:00,89.42
3491,2013-07-07 07:00:00+00:00,126.68
3491,2013-07-07 07:30:00+00:00,173.14
3491,2013-07-07 08:00:00+00:00,228.24
3491,2013-07-07 08:30:00+00:00,378.88
3491,2013-07-07 09:00:00+00:00,810.1
3491,2013-07-07 09:30:00+00:00,896.4
3491,2013-07-07 10:00:00+00:00,926.9
3491,2013-07-07 10:30:00+00:00,963.7
3491,2013-07-07 11:00:00+00:00,979.15
3491,2013-07-07 11:30:00+00:00,969.6
3491,2013-07-07 12:00:00+00:00,952.8
3491,2013-07-07 12:30:00+00:00,931.3
3491,2013-07-07 13:00:00+00:00,897.25
3491,2013-07-07 13:30:00+00:00,833.5
3491,2013-07-07 14:00:00+00:00,759.7
3491,2013-07-07 14:30:00+00:00,663.25
3491,2013-07-07 15:00:00+00:00,554.75
3491,2013-07-07 15:30:00+00:00,436.11
3491,2013-07-07 16:00:00+00:00,307.62
3491,2013-07-07 16:30:00+00:00,186.44
3491,2013-07-07 17:00:00+00:00,106.57
3491,2013-07-07 17:30:00+00:00,83.77
3491,2013-07-07 18:00:00+00:00,68.53
3491,2013-07-07 18:30:00+00:00,52.49
3491,2013-07-07 19:00:00+00:00,36.06
3491,2013-07-07 19:30:00+00:00,19.84
3491,2013-07-07 20:00:00+00:00,3.22
3491,2013-07-07 20:30:00+00:00,0.0
3491,2013-07-07 21:00:00+00:00,0.0
3491,2013-07-07 21:30:00+00:00,0.0
3491,2013-07-07 22:00:00+00:00,0.0
3491,2013-07-07 22:30:00+00:00,0.0
3491,2013-07-07 23:00:00+00:00,0.0
3491,2013-07-07 23:30:00+00:00,0.0
3491,2013-07-08 00:00:00+00:00,0.0
3491,2013-07-08 00:30:00+00:00,0.0
3491,2013-07-08 01:00:00+00:00,0.0
3491,2013-07-08 01:30:00+00:00,0.0
3491,2013-07-08 02:00:00+00:00,0.0
3491,2013-07-08 02:30:00+00:00,0.0
3491,2013-07-08 03:00:00+00:00,0.0
3491,2013-07-08 03:30:00+00:00,0.0
3491,2013-07-08 04:00:00+00:00,0.0
3491,2013-07-08 04:30:00+00:00,0.0
3491,2013-07-08 05:00:00+00:00,17.3
3491,2013-07-08 05:30:00+00:00,36.94
3491,2013-07-08 06:00:00+00:00,51.0
3491,2013-07-08 06:30:00+00:00,61.61
3491,2013-07-08 07:00:00+00:00,70.99
3491,2013-07-08 07:30:00+00:00,80.79
3491,2013-07-08 08:00:00+00:00,99.08
3491,2013-07-08 08:30:00+00:00,492.66
3491,2013-07-08 09:00:00+00:00,904.0
3491,2013-07-08 09:30:00+00:00,994.85
3491,2013-07-08 10:00:00+00:00,1024.9
3491,2013-07-08 10:30:00+00:00,1045.6
3491,2013-07-08 11:00:00+00:00,1048.95
3491,2013-07-08 11:30:00+00:00,1033.4
3491,2013-07-08 12:00:00+00:00,1007.65
3491,2013-07-08 12:30:00+00:00,966.85
3491,2013-07-08 13:00:00+00:00,921.35
3491,2013-07-08 13:30:00+00:00,851.5
3491,2013-07-08 14:00:00+00:00,767.35
3491,2013-07-08 14:30:00+00:00,669.4
3491,2013-07-08 15:00:00+00:00,559.0
3491,2013-07-08 15:30:00+00:00,432.24
3491,2013-07-08 16:00:00+00:00,300.95
3491,2013-07-08 16:30:00+00:00,178.58
3491,2013-07-08 17:00:00+00:00,100.27
3491,2013-07-08 17:30:00+00:00,75.68
3491,2013-07-08 18:00:00+00:00,63.64
3491,2013-07-08 18:30:00+00:00,49.3
3491,2013-07-08 19:00:00+00:00,32.98
3491,2013-07-08 19:30:00+00:00,18.34
3491,2013-07-08 20:00:00+00:00,2.21
3491,2013-07-08 20:30:00+00:00,0.0
3491,2013-07-08 21:00:00+00:00,0.0
3491,2013-07-08 21:30:00+00:00,0.0
3491,2013-07-08 22:00:00+00:00,0.0
3491,2013-07-08 22:30:00+00:00,0.0
3491,2013-07-08 23:00:00+00:00,0.0
3491,2013-07-08 23:30:00+00:00,0.0
3491,2013-07-09 00:00:00+00:00,0.0
3491,2013-07-09 00:30:00+00:00,0.0
3491,2013-07-09 01:00:00+00:00,0.0
3491,2013-07-09 01:30:00+00:00,0.0
3491,2013-07-09 02:00:00+00:00,0.0
3491,2013-07-09 02:30:00+00:00,0.0
3491,2013-07-09 03:00:00+00:00,0.0
3491,2013-07-09 03:30:00+00:00,0.0
3491,2013-07-09 04:00:00+00:00,0.0
3491,2013-07-09 04:30:00+00:00,0.0
3491,2013-07-09 05:00:00+00:00,17.13
3491,2013-07-09 05:30:00+00:00,41.61
3491,2013-07-09 06:00:00+00:00,59.95
3491,2013-07-09 06:30:00+00:00,67.85
3491,2013-07-09 07:00:00+00:00,79.06
3491,2013-07-09 07:30:00+00:00,88.93
3491,2013-07-09 08:00:00+00:00,100.44
3491,2013-07-09 08:30:00+00:00,432.7
3491,2013-07-09 09:00:00+00:00,912.4
3491,2013-07-09 09:30:00+00:00,997.2
3491,2013-07-09 10:00:00+00:00,1022.85
3491,2013-07-09 10:30:00+00:00,1037.8
3491,2013-07-09 11:00:00+00:00,1045.15
3491,2013-07-09 11:30:00+00:00,1029.8
3491,2013-07-09 12:00:00+00:00,1004.2
3491,2013-07-09 12:30:00+00:00,958.2
3491,2013-07-09 13:00:00+00:00,901.8
3491,2013-07-09 13:30:00+00:00,844.7
3491,2013-07-09 14:00:00+00:00,771.15
3491,2013-07-09 14:30:00+00:00,678.35
3491,2013-07-09 15:00:00+00:00,563.55
3491,2013-07-09 15:30:00+00:00,438.18
3491,2013-07-09 16:00:00+00:00,306.02
3491,2013-07-09 16:30:00+00:00,184.45
3491,2013-07-09 17:00:00+00:00,109.39
3491,2013-07-09 17:30:00+00:00,87.76
3491,2013-07-09 18:00:00+00:00,72.68
3491,2013-07-09 18:30:00+00:00,56.03
3491,2013-07-09 19:00:00+00:00,37.93
3491,2013-07-09 19:30:00+00:00,19.02
3491,2013-07-09 20:00:00+00:00,2.04
3491,2013-07-09 20:30:00+00:00,0.0
3491,2013-07-09 21:00:00+00:00,0.0
3491,2013-07-09 21:30:00+00:00,0.0
3491,2013-07-09 22:00:00+00:00,0.0
3491,2013-07-09 22:30:00+00:00,0.0
3491,2013-07-09 23:00:00+00:00,0.0
3491,2013-07-09 23:30:00+00:00,0.0
3491,2013-07-10 00:00:00+00:00,0.0
3491,2013-07-10 00:30:00+00:00,0.0
3491,2013-07-10 01:00:00+00:00,0.0
3491,2013-07-10 01:30:00+00:00,0.0
3491,2013-07-10 02:00:00+00:00,0.0
3491,2013-07-10 02:30:00+00:00,0.0
3491,2013-07-10 03:00:00+00:00,0.0
3491,2013-07-10 03:30:00+00:00,0.0
3491,2013-07-10 04:00:00+00:00,0.0
3491,2013-07-10 04:30:00+00:00,0.0
3491,2013-07-10 05:00:00+00:00,13.54
3491,2013-07-10 05:30:00+00:00,33.27
3491,2013-07-10 06:00:00+00:00,46.65
3491,2013-07-10 06:30:00+00:00,58.65
3491,2013-07-10 07:00:00+00:00,72.41
3491,2013-07-10 07:30:00+00:00,85.67
3491,2013-07-10 08:00:00+00:00,98.92
3491,2013-07-10 08:30:00+00:00,442.22
3491,2013-07-10 09:00:00+00:00,893.55
3491,2013-07-10 09:30:00+00:00,988.65
3491,2013-07-10 10:00:00+00:00,987.55
3491,2013-07-10 10:30:00+00:00,1033.55
3491,2013-07-10 11:00:00+00:00,934.55
3491,2013-07-10 11:30:00+00:00,672.5
3491,2013-07-10 12:00:00+00:00,631.75
3491,2013-07-10 12:30:00+00:00,515.25
3491,2013-07-10 13:00:00+00:00,538.5
3491,2013-07-10 13:30:00+00:00,558.95
3491,2013-07-10 14:00:00+00:00,682.6
3491,2013-07-10 14:30:00+00:00,691.35
3491,2013-07-10 15:00:00+00:00,562.6
3491,2013-07-10 15:30:00+00:00,445.26
3491,2013-07-10 16:00:00+00:00,311.52
3491,2013-07-10 16:30:00+00:00,191.38
3491,2013-07-10 17:00:00+00:00,104.04
3491,2013-07-10 17:30:00+00:00,77.95
3491,2013-07-10 18:00:00+00:00,65.89
3491,2013-07-10 18:30:00+00:00,51.13
3491,2013-07-10 19:00:00+00:00,35.11
3491,2013-07-10 19:30:00+00:00,17.38
3491,2013-07-10 20:00:00+00:00,1.79
3491,2013-07-10 20:30:00+00:00,0.0
3491,2013-07-10 21:00:00+00:00,0.0
3491,2013-07-10 21:30:00+00:00,0.0
3491,2013-07-10 22:00:00+00:00,0.0
3491,2013-07-10 22:30:00+00:00,0.0
3491,2013-07-10 23:00:00+00:00,0.0
3491,2013-07-10 23:30:00+00:00,0.0
3491,2013-07-11 00:00:00+00:00,0.0
3491,2013-07-11 00:30:00+00:00,0.0
3491,2013-07-11 01:00:00+00:00,0.0
3491,2013-07-11 01:30:00+00:00,0.0
3491,2013-07-11 02:00:00+00:00,0.0
3491,2013-07-11 02:30:00+00:00,0.0
3491,2013-07-11 03:00:00+00:00,0.0
3491,2013-07-11 03:30:00+00:00,0.0
3491,2013-07-11 04:00:00+00:00,0.0
3491,2013-07-11 04:30:00+00:00,0.0
3491,2013-07-11 05:00:00+00:00,0.0
3491,2013-07-11 05:30:00+00:00,11.72
3491,2013-07-11 06:00:00+00:00,40.57
3491,2013-07-11 06:30:00+00:00,73.11
3491,2013-07-11 07:00:00+00:00,107.07
3491,2013-07-11 07:30:00+00:00,150.2
3491,2013-07-11 08:00:00+00:00,191.05
3491,2013-07-11 08:30:00+00:00,261.7
3491,2013-07-11 09:00:00+00:00,310.58
3491,2013-07-11 09:30:00+00:00,560.1
3491,2013-07-11 10:00:00+00:00,793.3
3491,2013-07-11 10:30:00+00:00,1046.65
3491,2013-07-11 11:00:00+00:00,967.5
3491,2013-07-11 11:30:00+00:00,1004.65
3491,2013-07-11 12:00:00+00:00,1025.7
3491,2013-07-11 12:30:00+00:00,986.25
3491,2013-07-11 13:00:00+00:00,932.85
3491,2013-07-11 13:30:00+00:00,869.2
3491,2013-07-11 14:00:00+00:00,786.15
3491,2013-07-11 14:30:00+00:00,689.65
3491,2013-07-11 15:00:00+00:00,573.7
3491,2013-07-11 15:30:00+00:00,450.47
3491,2013-07-11 16:00:00+00:00,317.06
3491,2013-07-11 16:30:00+00:00,193.42
3491,2013-07-11 17:00:00+00:00,119.7
3491,2013-07-11 17:30:00+00:00,90.3
3491,2013-07-11 18:00:00+00:00,66.98
3491,2013-07-11 18:30:00+00:00,50.26
3491,2013-07-11 19:00:00+00:00,33.79
3491,2013-07-11 19:30:00+00:00,17.88
3491,2013-07-11 20:00:00+00:00,2.46
3491,2013-07-11 20:30:00+00:00,0.0
3491,2013-07-11 21:00:00+00:00,0.0
3491,2013-07-11 21:30:00+00:00,0.0
3491,2013-07-11 22:00:00+00:00,0.0
3491,2013-07-11 22:30:00+00:00,0.0
3491,2013-07-11 23:00:00+00:00,0.0
3491,2013-07-11 23:30:00+00:00,0.0
3491,2013-07-12 00:00:00+00:00,0.0
3491,2013-07-12 00:30:00+00:00,0.0
3491,2013-07-12 01:00:00+00:00,0.0
3491,2013-07-12 01:30:00+00:00,0.0
3491,2013-07-12 02:00:00+00:00,0.0
3491,2013-07-12 02:30:00+00:00,0.0
3491,2013-07-12 03:00:00+00:00,0.0
3491,2013-07-12 03:30:00+00:00,0.0
3491,2013-07-12 04:00:00+00:00,0.0
3491,2013-07-12 04:30:00+00:00,0.0
3491,2013-07-12 05:00:00+00:00,0.0
3491,2013-07-12 05:30:00+00:00,11.4
3491,2013-07-12 06:00:00+00:00,16.99
3491,2013-07-12 06:30:00+00:00,23.06
3491,2013-07-12 07:00:00+00:00,43.94
3491,2013-07-12 07:30:00+00:00,86.41
3491,2013-07-12 08:00:00+00:00,111.23
3491,2013-07-12 08:30:00+00:00,134.93
3491,2013-07-12 09:00:00+00:00,157.79
3491,2013-07-12 09:30:00+00:00,190.19
3491,2013-07-12 10:00:00+00:00,230.16
3491,2013-07-12 10:30:00+00:00,399.14
3491,2013-07-12 11:00:00+00:00,467.64
3491,2013-07-12 11:30:00+00:00,707.55
3491,2013-07-12 12:00:00+00:00,986.9
3491,2013-07-12 12:30:00+00:00,932.8
3491,2013-07-12 13:00:00+00:00,861.9
3491,2013-07-12 13:30:00+00:00,790.4
3491,2013-07-12 14:00:00+00:00,723.45
3491,2013-07-12 14:30:00+00:00,637.75
3491,2013-07-12 15:00:00+00:00,530.4
3491,2013-07-12 15:30:00+00:00,430.86
3491,2013-07-12 16:00:00+00:00,305.5
3491,2013-07-12 16:30:00+00:00,194.38
3491,2013-07-12 17:00:00+00:00,151.23
3491,2013-07-12 17:30:00+00:00,156.03
3491,2013-07-12 18:00:00+00:00,94.84
3491,2013-07-12 18:30:00+00:00,57.4
3491,2013-07-12 19:00:00+00:00,42.73
3491,2013-07-12 19:30:00+00:00,21.88
3491,2013-07-12 20:00:00+00:00,1.81
3491,2013-07-12 20:30:00+00:00,0.0
3491,2013-07-12 21:00:00+00:00,0.0
3491,2013-07-12 21:30:00+00:00,0.0
3491,2013-07-12 22:00:00+00:00,0.0
3491,2013-07-12 22:30:00+00:00,0.0
3491,2013-07-12 23:00:00+00:00,0.0
3491,2013-07-12 23:30:00+00:00,0.0
3491,2013-07-13 00:00:00+00:00,0.0
3491,2013-07-13 00:30:00+00:00,0.0
3491,2013-07-13 01:00:00+00:00,0.0
3491,2013-07-13 01:30:00+00:00,0.0
3491,2013-07-13 02:00:00+00:00,0.0
3491,2013-07-13 02:30:00+00:00,0.0
3491,2013-07-13 03:00:00+00:00,0.0
3491,2013-07-13 03:30:00+00:00,0.0
3491,2013-07-13 04:00:00+00:00,0.0
3491,2013-07-13 04:30:00+00:00,0.0
3491,2013-07-13 05:00:00+00:00,20.27
3491,2013-07-13 05:30:00+00:00,57.61
3491,2013-07-13 06:00:00+00:00,93.2
3491,2013-07-13 06:30:00+00:00,128.63
3491,2013-07-13 07:00:00+00:00,166.36
3491,2013-07-13 07:30:00+00:00,205.45
3491,2013-07-13 08:00:00+00:00,250.9
3491,2013-07-13 08:30:00+00:00,343.72
3491,2013-07-13 09:00:00+00:00,745.0
3491,2013-07-13 09:30:00+00:00,860.05
3491,2013-07-13 10:00:00+00:00,915.85
3491,2013-07-13 10:30:00+00:00,933.3
3491,2013-07-13 11:00:00+00:00,943.9
3491,2013-07-13 11:30:00+00:00,935.4
3491,2013-07-13 12:00:00+00:00,917.65
3491,2013-07-13 12:30:00+00:00,891.8
3491,2013-07-13 13:00:00+00:00,768.45
3491,2013-07-13 13:30:00+00:00,740.05
3491,2013-07-13 14:00:00+00:00,704.5
3491,2013-07-13 14:30:00+00:00,625.45
3491,2013-07-13 15:00:00+00:00,514.25
3491,2013-07-13 15:30:00+00:00,418.21
3491,2013-07-13 16:00:00+00:00,302.99
3491,2013-07-13 16:30:00+00:00,182.04
3491,2013-07-13 17:00:00+00:00,104.19
3491,2013-07-13 17:30:00+00:00,75.72
3491,2013-07-13 18:00:00+00:00,60.96
3491,2013-07-13 18:30:00+00:00,47.34
3491,2013-07-13 19:00:00+00:00,30.96
3491,2013-07-13 19:30:00+00:00,12.93
3491,2013-07-13 20:00:00+00:00,0.0
3491,2013-07-13 20:30:00+00:00,0.0
3491,2013-07-13 21:00:00+00:00,0.0
3491,2013-07-13 21:30:00+00:00,0.0
3491,2013-07-13 22:00:00+00:00,0.0
3491,2013-07-13 22:30:00+00:00,0.0
3491,2013-07-13 23:00:00+00:00,0.0
3491,2013-07-13 23:30:00+00:00,0.0
3491,2013-07-14 00:00:00+00:00,0.0
3491,2013-07-14 00:30:00+00:00,0.0
3491,2013-07-14 01:00:00+00:00,0.0
3491,2013-07-14 01:30:00+00:00,0.0
3491,2013-07-14 02:00:00+00:00,0.0
3491,2013-07-14 02:30:00+00:00,0.0
3491,2013-07-14 03:00:00+00:00,0.0
3491,2013-07-14 03:30:00+00:00,0.0
3491,2013-07-14 04:00:00+00:00,0.0
3491,2013-07-14 04:30:00+00:00,0.0
3491,2013-07-14 05:00:00+00:00,10.27
3491,2013-07-14 05:30:00+00:00,53.83
3491,2013-07-14 06:00:00+00:00,85.51
3491,2013-07-14 06:30:00+00:00,125.78
3491,2013-07-14 07:00:00+00:00,158.83
3491,2013-07-14 07:30:00+00:00,212.4
3491,2013-07-14 08:00:00+00:00,255.69
3491,2013-07-14 08:30:00+00:00,437.28
3491,2013-07-14 09:00:00+00:00,495.19
3491,2013-07-14 09:30:00+00:00,821.8
3491,2013-07-14 10:00:00+00:00,860.55
3491,2013-07-14 10:30:00+00:00,933.85
3491,2013-07-14 11:00:00+00:00,926.5
3491,2013-07-14 11:30:00+00:00,893.65
3491,2013-07-14 12:00:00+00:00,929.2
3491,2013-07-14 12:30:00+00:00,894.45
3491,2013-07-14 13:00:00+00:00,860.85
3491,2013-07-14 13:30:00+00:00,772.75
3491,2013-07-14 14:00:00+00:00,734.75
3491,2013-07-14 14:30:00+00:00,632.6
3491,2013-07-14 15:00:00+00:00,531.1
3491,2013-07-14 15:30:00+00:00,424.39
3491,2013-07-14 16:00:00+00:00,304.48
3491,2013-07-14 16:30:00+00:00,202.05
3491,2013-07-14 17:00:00+00:00,127.28
3491,2013-07-14 17:30:00+00:00,105.54
3491,2013-07-14 18:00:00+00:00,92.89
3491,2013-07-14 18:30:00+00:00,69.96
3491,2013-07-14 19:00:00+00:00,41.24
3491,2013-07-14 19:30:00+00:00,14.65
3491,2013-07-14 20:00:00+00:00,0.53
3491,2013-07-14 20:30:00+00:00,0.0
3491,2013-07-14 21:00:00+00:00,0.0
3491,2013-07-14 21:30:00+00:00,0.0
3491,2013-07-14 22:00:00+00:00,0.0
3491,2013-07-14 22:30:00+00:00,0.0
3491,2013-07-14 23:00:00+00:00,0.0
3491,2013-07-14 23:30:00+00:00,0.0
3491,2013-07-15 00:00:00+00:00,0.0
3491,2013-07-15 00:30:00+00:00,0.0
3491,2013-07-15 01:00:00+00:00,0.0
3491,2013-07-15 01:30:00+00:00,0.0
3491,2013-07-15 02:00:00+00:00,0.0
3491,2013-07-15 02:30:00+00:00,0.0
3491,2013-07-15 03:00:00+00:00,0.0
3491,2013-07-15 03:30:00+00:00,0.0
3491,2013-07-15 04:00:00+00:00,0.0
3491,2013-07-15 04:30:00+00:00,0.0
3491,2013-07-15 05:00:00+00:00,10.83
3491,2013-07-15 05:30:00+00:00,33.82
3491,2013-07-15 06:00:00+00:00,48.59
3491,2013-07-15 06:30:00+00:00,60.31
3491,2013-07-15 07:00:00+00:00,73.17
3491,2013-07-15 07:30:00+00:00,86.08
3491,2013-07-15 08:00:00+00:00,96.98
3491,2013-07-15 08:30:00+00:00,500.95
3491,2013-07-15 09:00:00+00:00,872.85
3491,2013-07-15 09:30:00+00:00,964.25
3491,2013-07-15 10:00:00+00:00,897.85
3491,2013-07-15 10:30:00+00:00,949.95
3491,2013-07-15 11:00:00+00:00,960.4
3491,2013-07-15 11:30:00+00:00,948.5
3491,2013-07-15 12:00:00+00:00,911.3
3491,2013-07-15 12:30:00+00:00,910.95
3491,2013-07-15 13:00:00+00:00,837.75
3491,2013-07-15 13:30:00+00:00,776.95
3491,2013-07-15 14:00:00+00:00,518.75
3491,2013-07-15 14:30:00+00:00,540.55
3491,2013-07-15 15:00:00+00:00,582.0
3491,2013-07-15 15:30:00+00:00,401.82
3491,2013-07-15 16:00:00+00:00,304.54
3491,2013-07-15 16:30:00+00:00,184.23
3491,2013-07-15 17:00:00+00:00,108.74
3491,2013-07-15 17:30:00+00:00,105.66
3491,2013-07-15 18:00:00+00:00,111.5
3491,2013-07-15 18:30:00+00:00,80.0
3491,2013-07-15 19:00:00+00:00,41.67
3491,2013-07-15 19:30:00+00:00,15.47
3491,2013-07-15 20:00:00+00:00,0.66
3491,2013-07-15 20:30:00+00:00,0.0
3491,2013-07-15 21:00:00+00:00,0.0
3491,2013-07-15 21:30:00+00:00,0.0
3491,2013-07-15 22:00:00+00:00,0.0
3491,2013-07-15 22:30:00+00:00,0.0
3491,2013-07-15 23:00:00+00:00,0.0
3491,2013-07-15 23:30:00+00:00,0.0
3491,2013-07-16 00:00:00+00:00,0.0
3491,2013-07-16 00:30:00+00:00,0.0
3491,2013-07-16 01:00:00+00:00,0.0
3491,2013-07-16 01:30:00+00:00,0.0
3491,2013-07-16 02:00:00+00:00,0.0
3491,2013-07-16 02:30:00+00:00,0.0
3491,2013-07-16 03:00:00+00:00,0.0
3491,2013-07-16 03:30:00+00:00,0.0
3491,2013-07-16 04:00:00+00:00,0.0
3491,2013-07-16 04:30:00+00:00,0.0
3491,2013-07-16 05:00:00+00:00,11.45
3491,2013-07-16 05:30:00+00:00,53.11
3491,2013-07-16 06:00:00+00:00,95.87
3491,2013-07-16 06:30:00+00:00,146.7
3491,2013-07-16 07:00:00+00:00,176.23
3491,2013-07-16 07:30:00+00:00,204.08
3491,2013-07-16 08:00:00+00:00,258.16
3491,2013-07-16 08:30:00+00:00,306.6
3491,2013-07-16 09:00:00+00:00,433.83
3491,2013-07-16 09:30:00+00:00,623.45
3491,2013-07-16 10:00:00+00:00,751.6
3491,2013-07-16 10:30:00+00:00,837.4
3491,2013-07-16 11:00:00+00:00,845.9
3491,2013-07-16 11:30:00+00:00,834.8
3491,2013-07-16 12:00:00+00:00,797.75
3491,2013-07-16 12:30:00+00:00,820.65
3491,2013-07-16 13:00:00+00:00,772.1
3491,2013-07-16 13:30:00+00:00,651.4
3491,2013-07-16 14:00:00+00:00,567.4
3491,2013-07-16 14:30:00+00:00,573.95
3491,2013-07-16 15:00:00+00:00,491.5
3491,2013-07-16 15:30:00+00:00,373.84
3491,2013-07-16 16:00:00+00:00,321.31
3491,2013-07-16 16:30:00+00:00,217.69
3491,2013-07-16 17:00:00+00:00,178.11
3491,2013-07-16 17:30:00+00:00,141.11
3491,2013-07-16 18:00:00+00:00,121.54
3491,2013-07-16 18:30:00+00:00,77.15
3491,2013-07-16 19:00:00+00:00,31.65
3491,2013-07-16 19:30:00+00:00,8.61
3491,2013-07-16 20:00:00+00:00,0.0
3491,2013-07-16 20:30:00+00:00,0.0
3491,2013-07-16 21:00:00+00:00,0.0
3491,2013-07-16 21:30:00+00:00,0.0
3491,2013-07-16 22:00:00+00:00,0.0
3491,2013-07-16 22:30:00+00:00,0.0
3491,2013-07-16 23:00:00+00:00,0.0
3491,2013-07-16 23:30:00+00:00,0.0
3491,2013-07-17 00:00:00+00:00,0.0
3491,2013-07-17 00:30:00+00:00,0.0
3491,2013-07-17 01:00:00+00:00,0.0
3491,2013-07-17 01:30:00+00:00,0.0
3491,2013-07-17 02:00:00+00:00,0.0
3491,2013-07-17 02:30:00+00:00,0.0
3491,2013-07-17 03:00:00+00:00,0.0
3491,2013-07-17 03:30:00+00:00,0.0
3491,2013-07-17 04:00:00+00:00,0.0
3491,2013-07-17 04:30:00+00:00,0.0
3491,2013-07-17 05:00:00+00:00,2.4
3491,2013-07-17 05:30:00+00:00,25.99
3491,2013-07-17 06:00:00+00:00,48.37
3491,2013-07-17 06:30:00+00:00,62.2
3491,2013-07-17 07:00:00+00:00,85.83
3491,2013-07-17 07:30:00+00:00,139.63
3491,2013-07-17 08:00:00+00:00,159.37
3491,2013-07-17 08:30:00+00:00,275.61
3491,2013-07-17 09:00:00+00:00,829.65
3491,2013-07-17 09:30:00+00:00,921.8
3491,2013-07-17 10:00:00+00:00,960.6
3491,2013-07-17 10:30:00+00:00,885.85
3491,2013-07-17 11:00:00+00:00,849.7
3491,2013-07-17 11:30:00+00:00,947.45
3491,2013-07-17 12:00:00+00:00,940.0
3491,2013-07-17 12:30:00+00:00,940.2
3491,2013-07-17 13:00:00+00:00,877.5
3491,2013-07-17 13:30:00+00:00,697.5
3491,2013-07-17 14:00:00+00:00,694.15
3491,2013-07-17 14:30:00+00:00,640.4
3491,2013-07-17 15:00:00+00:00,552.05
3491,2013-07-17 15:30:00+00:00,419.16
3491,2013-07-17 16:00:00+00:00,293.18
3491,2013-07-17 16:30:00+00:00,181.26
3491,2013-07-17 17:00:00+00:00,107.82
3491,2013-07-17 17:30:00+00:00,84.56
3491,2013-07-17 18:00:00+00:00,67.15
3491,2013-07-17 18:30:00+00:00,43.52
3491,2013-07-17 19:00:00+00:00,26.18
3491,2013-07-17 19:30:00+00:00,11.44
3491,2013-07-17 20:00:00+00:00,0.0
3491,2013-07-17 20:30:00+00:00,0.0
3491,2013-07-17 21:00:00+00:00,0.0
3491,2013-07-17 21:30:00+00:00,0.0
3491,2013-07-17 22:00:00+00:00,0.0
3491,2013-07-17 22:30:00+00:00,0.0
3491,2013-07-17 23:00:00+00:00,0.0
3491,2013-07-17 23:30:00+00:00,0.0
3491,2013-07-18 00:00:00+00:00,0.0
3491,2013-07-18 00:30:00+00:00,0.0
3491,2013-07-18 01:00:00+00:00,0.0
3491,2013-07-18 01:30:00+00:00,0.0
3491,2013-07-18 02:00:00+00:00,0.0
3491,2013-07-18 02:30:00+00:00,0.0
3491,2013-07-18 03:00:00+00:00,0.0
3491,2013-07-18 03:30:00+00:00,0.0
3491,2013-07-18 04:00:00+00:00,0.0
3491,2013-07-18 04:30:00+00:00,0.0
3491,2013-07-18 05:00:00+00:00,9.23
3491,2013-07-18 05:30:00+00:00,34.26
3491,2013-07-18 06:00:00+00:00,56.87
3491,2013-07-18 06:30:00+00:00,96.84
3491,2013-07-18 07:00:00+00:00,144.98
3491,2013-07-18 07:30:00+00:00,176.03
3491,2013-07-18 08:00:00+00:00,165.29
3491,2013-07-18 08:30:00+00:00,177.96
3491,2013-07-18 09:00:00+00:00,617.1
3491,2013-07-18 09:30:00+00:00,939.55
3491,2013-07-18 10:00:00+00:00,966.5
3491,2013-07-18 10:30:00+00:00,983.75
3491,2013-07-18 11:00:00+00:00,992.6
3491,2013-07-18 11:30:00+00:00,996.0
3491,2013-07-18 12:00:00+00:00,976.6
3491,2013-07-18 12:30:00+00:00,946.85
3491,2013-07-18 13:00:00+00:00,893.65
3491,2013-07-18 13:30:00+00:00,837.25
3491,2013-07-18 14:00:00+00:00,759.15
3491,2013-07-18 14:30:00+00:00,668.85
3491,2013-07-18 15:00:00+00:00,560.3
3491,2013-07-18 15:30:00+00:00,434.74
3491,2013-07-18 16:00:00+00:00,298.7
3491,2013-07-18 16:30:00+00:00,165.78
3491,2013-07-18 17:00:00+00:00,79.29
3491,2013-07-18 17:30:00+00:00,59.75
3491,2013-07-18 18:00:00+00:00,50.72
3491,2013-07-18 18:30:00+00:00,39.04
3491,2013-07-18 19:00:00+00:00,26.54
3491,2013-07-18 19:30:00+00:00,13.12
3491,2013-07-18 20:00:00+00:00,0.26
3491,2013-07-18 20:30:00+00:00,0.0
3491,2013-07-18 21:00:00+00:00,0.0
3491,2013-07-18 21:30:00+00:00,0.0
3491,2013-07-18 22:00:00+00:00,0.0
3491,2013-07-18 22:30:00+00:00,0.0
3491,2013-07-18 23:00:00+00:00,0.0
3491,2013-07-18 23:30:00+00:00,0.0
3491,2013-07-19 00:00:00+00:00,0.0
3491,2013-07-19 00:30:00+00:00,0.0
3491,2013-07-19 01:00:00+00:00,0.0
3491,2013-07-19 01:30:00+00:00,0.0
3491,2013-07-19 02:00:00+00:00,0.0
3491,2013-07-19 02:30:00+00:00,0.0
3491,2013-07-19 03:00:00+00:00,0.0
3491,2013-07-19 03:30:00+00:00,0.0
3491,2013-07-19 04:00:00+00:00,0.0
3491,2013-07-19 04:30:00+00:00,0.0
3491,2013-07-19 05:00:00+00:00,4.22
3491,2013-07-19 05:30:00+00:00,23.7
3491,2013-07-19 06:00:00+00:00,35.65
3491,2013-07-19 06:30:00+00:00,48.02
3491,2013-07-19 07:00:00+00:00,61.09
3491,2013-07-19 07:30:00+00:00,71.87
3491,2013-07-19 08:00:00+00:00,91.26
3491,2013-07-19 08:30:00+00:00,415.7
3491,2013-07-19 09:00:00+00:00,912.55
3491,2013-07-19 09:30:00+00:00,1001.2
3491,2013-07-19 10:00:00+00:00,1027.25
3491,2013-07-19 10:30:00+00:00,1039.45
3491,2013-07-19 11:00:00+00:00,1045.55
3491,2013-07-19 11:30:00+00:00,1033.05
3491,2013-07-19 12:00:00+00:00,1013.45
3491,2013-07-19 12:30:00+00:00,966.95
3491,2013-07-19 13:00:00+00:00,922.75
3491,2013-07-19 13:30:00+00:00,860.75
3491,2013-07-19 14:00:00+00:00,775.55
3491,2013-07-19 14:30:00+00:00,677.9
3491,2013-07-19 15:00:00+00:00,563.9
3491,2013-07-19 15:30:00+00:00,432.77
3491,2013-07-19 16:00:00+00:00,289.66
3491,2013-07-19 16:30:00+00:00,152.41
3491,2013-07-19 17:00:00+00:00,65.24
3491,2013-07-19 17:30:00+00:00,50.89
3491,2013-07-19 18:00:00+00:00,44.95
3491,2013-07-19 18:30:00+00:00,33.64
3491,2013-07-19 19:00:00+00:00,23.18
3491,2013-07-19 19:30:00+00:00,11.54
3491,2013-07-19 20:00:00+00:00,0.0
3491,2013-07-19 20:30:00+00:00,0.0
3491,2013-07-19 21:00:00+00:00,0.0
3491,2013-07-19 21:30:00+00:00,0.0
3491,2013-07-19 22:00:00+00:00,0.0
3491,2013-07-19 22:30:00+00:00,0.0
3491,2013-07-19 23:00:00+00:00,0.0
3491,2013-07-19 23:30:00+00:00,0.0
3491,2013-07-20 00:00:00+00:00,0.0
3491,2013-07-20 00:30:00+00:00,0.0
3491,2013-07-20 01:00:00+00:00,0.0
3491,2013-07-20 01:30:00+00:00,0.0
3491,2013-07-20 02:00:00+00:00,0.0
3491,2013-07-20 02:30:00+00:00,0.0
3491,2013-07-20 03:00:00+00:00,0.0
3491,2013-07-20 03:30:00+00:00,0.0
3491,2013-07-20 04:00:00+00:00,0.0
3491,2013-07-20 04:30:00+00:00,0.0
3491,2013-07-20 05:00:00+00:00,0.0
3491,2013-07-20 05:30:00+00:00,10.72
3491,2013-07-20 06:00:00+00:00,67.42
3491,2013-07-20 06:30:00+00:00,90.88
3491,2013-07-20 07:00:00+00:00,147.53
3491,2013-07-20 07:30:00+00:00,135.94
3491,2013-07-20 08:00:00+00:00,158.34
3491,2013-07-20 08:30:00+00:00,125.41
3491,2013-07-20 09:00:00+00:00,103.9
3491,2013-07-20 09:30:00+00:00,161.39
3491,2013-07-20 10:00:00+00:00,132.65
3491,2013-07-20 10:30:00+00:00,128.99
3491,2013-07-20 11:00:00+00:00,163.43
3491,2013-07-20 11:30:00+00:00,180.48
3491,2013-07-20 12:00:00+00:00,312.58
3491,2013-07-20 12:30:00+00:00,578.55
3491,2013-07-20 13:00:00+00:00,505.2
3491,2013-07-20 13:30:00+00:00,435.99
3491,2013-07-20 14:00:00+00:00,432.67
3491,2013-07-20 14:30:00+00:00,500.8
3491,2013-07-20 15:00:00+00:00,530.9
3491,2013-07-20 15:30:00+00:00,375.69
3491,2013-07-20 16:00:00+00:00,312.85
3491,2013-07-20 16:30:00+00:00,256.61
3491,2013-07-20 17:00:00+00:00,166.06
3491,2013-07-20 17:30:00+00:00,93.59
3491,2013-07-20 18:00:00+00:00,65.0
3491,2013-07-20 18:30:00+00:00,43.87
3491,2013-07-20 19:00:00+00:00,29.16
3491,2013-07-20 19:30:00+00:00,2.07
3491,2013-07-20 20:00:00+00:00,0.0
3491,2013-07-20 20:30:00+00:00,0.0
3491,2013-07-20 21:00:00+00:00,0.0
3491,2013-07-20 21:30:00+00:00,0.0
3491,2013-07-20 22:00:00+00:00,0.0
3491,2013-07-20 22:30:00+00:00,0.0
3491,2013-07-20 23:00:00+00:00,0.0
3491,2013-07-20 23:30:00+00:00,0.0
3491,2013-07-21 00:00:00+00:00,0.0
3491,2013-07-21 00:30:00+00:00,0.0
3491,2013-07-21 01:00:00+00:00,0.0
3491,2013-07-21 01:30:00+00:00,0.0
3491,2013-07-21 02:00:00+00:00,0.0
3491,2013-07-21 02:30:00+00:00,0.0
3491,2013-07-21 03:00:00+00:00,0.0
3491,2013-07-21 03:30:00+00:00,0.0
3491,2013-07-21 04:00:00+00:00,0.0
3491,2013-07-21 04:30:00+00:00,0.0
3491,2013-07-21 05:00:00+00:00,0.0
3491,2013-07-21 05:30:00+00:00,0.0
3491,2013-07-21 06:00:00+00:00,0.0
3491,2013-07-21 06:30:00+00:00,0.0
3491,2013-07-21 07:00:00+00:00,2.01
3491,2013-07-21 07:30:00+00:00,18.86
3491,2013-07-21 08:00:00+00:00,35.71
3491,2013-07-21 08:30:00+00:00,51.24
3491,2013-07-21 09:00:00+00:00,84.59
3491,2013-07-21 09:30:00+00:00,172.75
3491,2013-07-21 10:00:00+00:00,243.7
3491,2013-07-21 10:30:00+00:00,307.62
3491,2013-07-21 11:00:00+00:00,328.34
3491,2013-07-21 11:30:00+00:00,694.75
3491,2013-07-21 12:00:00+00:00,917.2
3491,2013-07-21 12:30:00+00:00,836.55
3491,2013-07-21 13:00:00+00:00,842.35
3491,2013-07-21 13:30:00+00:00,804.9
3491,2013-07-21 14:00:00+00:00,770.05
3491,2013-07-21 14:30:00+00:00,673.85
3491,2013-07-21 15:00:00+00:00,556.55
3491,2013-07-21 15:30:00+00:00,425.67
3491,2013-07-21 16:00:00+00:00,298.03
3491,2013-07-21 16:30:00+00:00,182.84
3491,2013-07-21 17:00:00+00:00,105.54
3491,2013-07-21 17:30:00+00:00,80.77
3491,2013-07-21 18:00:00+00:00,63.94
3491,2013-07-21 18:30:00+00:00,46.78
3491,2013-07-21 19:00:00+00:00,28.89
3491,2013-07-21 19:30:00+00:00,10.74
3491,2013-07-21 20:00:00+00:00,0.0
3491,2013-07-21 20:30:00+00:00,0.0
3491,2013-07-21 21:00:00+00:00,0.0
3491,2013-07-21 21:30:00+00:00,0.0
3491,2013-07-21 22:00:00+00:00,0.0
3491,2013-07-21 22:30:00+00:00,0.0
3491,2013-07-21 23:00:00+00:00,0.0
3491,2013-07-21 23:30:00+00:00,0.0
3491,2013-07-22 00:00:00+00:00,0.0
3491,2013-07-22 00:30:00+00:00,0.0
3491,2013-07-22 01:00:00+00:00,0.0
3491,2013-07-22 01:30:00+00:00,0.0
3491,2013-07-22 02:00:00+00:00,0.0
3491,2013-07-22 02:30:00+00:00,0.0
3491,2013-07-22 03:00:00+00:00,0.0
3491,2013-07-22 03:30:00+00:00,0.0
3491,2013-07-22 04:00:00+00:00,0.0
3491,2013-07-22 04:30:00+00:00,0.0
3491,2013-07-22 05:00:00+00:00,12.76
3491,2013-07-22 05:30:00+00:00,48.4
3491,2013-07-22 06:00:00+00:00,72.57
3491,2013-07-22 06:30:00+00:00,139.71
3491,2013-07-22 07:00:00+00:00,141.47
3491,2013-07-22 07:30:00+00:00,212.28
3491,2013-07-22 08:00:00+00:00,232.07
3491,2013-07-22 08:30:00+00:00,341.45
3491,2013-07-22 09:00:00+00:00,553.8
3491,2013-07-22 09:30:00+00:00,744.05
3491,2013-07-22 10:00:00+00:00,781.55
3491,2013-07-22 10:30:00+00:00,694.25
3491,2013-07-22 11:00:00+00:00,961.0
3491,2013-07-22 11:30:00+00:00,931.05
3491,2013-07-22 12:00:00+00:00,937.7
3491,2013-07-22 12:30:00+00:00,868.4
3491,2013-07-22 13:00:00+00:00,807.25
3491,2013-07-22 13:30:00+00:00,754.8
3491,2013-07-22 14:00:00+00:00,728.7
3491,2013-07-22 14:30:00+00:00,630.95
3491,2013-07-22 15:00:00+00:00,490.52
3491,2013-07-22 15:30:00+00:00,395.69
3491,2013-07-22 16:00:00+00:00,270.39
3491,2013-07-22 16:30:00+00:00,196.45
3491,2013-07-22 17:00:00+00:00,153.16
3491,2013-07-22 17:30:00+00:00,126.86
3491,2013-07-22 18:00:00+00:00,84.92
3491,2013-07-22 18:30:00+00:00,44.39
3491,2013-07-22 19:00:00+00:00,28.79
3491,2013-07-22 19:30:00+00:00,23.75
3491,2013-07-22 20:00:00+00:00,0.18
3491,2013-07-22 20:30:00+00:00,0.0
3491,2013-07-22 21:00:00+00:00,0.0
3491,2013-07-22 21:30:00+00:00,0.0
3491,2013-07-22 22:00:00+00:00,0.0
3491,2013-07-22 22:30:00+00:00,0.0
3491,2013-07-22 23:00:00+00:00,0.0
3491,2013-07-22 23:30:00+00:00,0.0
3491,2013-07-23 00:00:00+00:00,0.0
3491,2013-07-23 00:30:00+00:00,0.0
3491,2013-07-23 01:00:00+00:00,0.0
3491,2013-07-23 01:30:00+00:00,0.0
3491,2013-07-23 02:00:00+00:00,0.0
3491,2013-07-23 02:30:00+00:00,0.0
3491,2013-07-23 03:00:00+00:00,0.0
3491,2013-07-23 03:30:00+00:00,0.0
3491,2013-07-23 04:00:00+00:00,0.0
3491,2013-07-23 04:30:00+00:00,0.0
3491,2013-07-23 05:00:00+00:00,0.0
3491,2013-07-23 05:30:00+00:00,0.0
3491,2013-07-23 06:00:00+00:00,0.0
3491,2013-07-23 06:30:00+00:00,36.18
3491,2013-07-23 07:00:00+00:00,72.87
3491,2013-07-23 07:30:00+00:00,98.57
3491,2013-07-23 08:00:00+00:00,154.25
3491,2013-07-23 08:30:00+00:00,112.38
3491,2013-07-23 09:00:00+00:00,252.18
3491,2013-07-23 09:30:00+00:00,388.56
3491,2013-07-23 10:00:00+00:00,852.85
3491,2013-07-23 10:30:00+00:00,896.95
3491,2013-07-23 11:00:00+00:00,374.43
3491,2013-07-23 11:30:00+00:00,284.49
3491,2013-07-23 12:00:00+00:00,760.65
3491,2013-07-23 12:30:00+00:00,925.45
3491,2013-07-23 13:00:00+00:00,597.5
3491,2013-07-23 13:30:00+00:00,526.5
3491,2013-07-23 14:00:00+00:00,780.9
3491,2013-07-23 14:30:00+00:00,610.75
3491,2013-07-23 15:00:00+00:00,337.32
3491,2013-07-23 15:30:00+00:00,314.12
3491,2013-07-23 16:00:00+00:00,333.56
3491,2013-07-23 16:30:00+00:00,325.25
3491,2013-07-23 17:00:00+00:00,201.33
3491,2013-07-23 17:30:00+00:00,27.93
3491,2013-07-23 18:00:00+00:00,47.34
3491,2013-07-23 18:30:00+00:00,18.98
3491,2013-07-23 19:00:00+00:00,12.47
3491,2013-07-23 19:30:00+00:00,10.79
3491,2013-07-23 20:00:00+00:00,0.93
3491,2013-07-23 20:30:00+00:00,0.0
3491,2013-07-23 21:00:00+00:00,0.0
3491,2013-07-23 21:30:00+00:00,0.0
3491,2013-07-23 22:00:00+00:00,0.0
3491,2013-07-23 22:30:00+00:00,0.0
3491,2013-07-23 23:00:00+00:00,0.0
3491,2013-07-23 23:30:00+00:00,0.0
3491,2013-07-24 00:00:00+00:00,0.0
3491,2013-07-24 00:30:00+00:00,0.0
3491,2013-07-24 01:00:00+00:00,0.0
3491,2013-07-24 01:30:00+00:00,0.0
3491,2013-07-24 02:00:00+00:00,0.0
3491,2013-07-24 02:30:00+00:00,0.0
3491,2013-07-24 03:00:00+00:00,0.0
3491,2013-07-24 03:30:00+00:00,0.0
3491,2013-07-24 04:00:00+00:00,0.0
3491,2013-07-24 04:30:00+00:00,0.0
3491,2013-07-24 05:00:00+00:00,16.2
3491,2013-07-24 05:30:00+00:00,75.41
3491,2013-07-24 06:00:00+00:00,65.7
3491,2013-07-24 06:30:00+00:00,97.13
3491,2013-07-24 07:00:00+00:00,140.24
3491,2013-07-24 07:30:00+00:00,239.37
3491,2013-07-24 08:00:00+00:00,255.13
3491,2013-07-24 08:30:00+00:00,298.89
3491,2013-07-24 09:00:00+00:00,413.15
3491,2013-07-24 09:30:00+00:00,414.85
3491,2013-07-24 10:00:00+00:00,568.4
3491,2013-07-24 10:30:00+00:00,803.35
3491,2013-07-24 11:00:00+00:00,913.85
3491,2013-07-24 11:30:00+00:00,869.25
3491,2013-07-24 12:00:00+00:00,1025.75
3491,2013-07-24 12:30:00+00:00,957.0
3491,2013-07-24 13:00:00+00:00,906.9
3491,2013-07-24 13:30:00+00:00,836.75
3491,2013-07-24 14:00:00+00:00,752.55
3491,2013-07-24 14:30:00+00:00,561.55
3491,2013-07-24 15:00:00+00:00,560.85
3491,2013-07-24 15:30:00+00:00,450.49
3491,2013-07-24 16:00:00+00:00,253.44
3491,2013-07-24 16:30:00+00:00,179.52
3491,2013-07-24 17:00:00+00:00,67.18
3491,2013-07-24 17:30:00+00:00,50.74
3491,2013-07-24 18:00:00+00:00,44.61
3491,2013-07-24 18:30:00+00:00,33.72
3491,2013-07-24 19:00:00+00:00,13.95
3491,2013-07-24 19:30:00+00:00,4.84
3491,2013-07-24 20:00:00+00:00,0.0
3491,2013-07-24 20:30:00+00:00,0.0
3491,2013-07-24 21:00:00+00:00,0.0
3491,2013-07-24 21:30:00+00:00,0.0
3491,2013-07-24 22:00:00+00:00,0.0
3491,2013-07-24 22:30:00+00:00,0.0
3491,2013-07-24 23:00:00+00:00,0.0
3491,2013-07-24 23:30:00+00:00,0.0
3491,2013-07-25 00:00:00+00:00,0.0
3491,2013-07-25 00:30:00+00:00,0.0
3491,2013-07-25 01:00:00+00:00,0.0
3491,2013-07-25 01:30:00+00:00,0.0
3491,2013-07-25 02:00:00+00:00,0.0
3491,2013-07-25 02:30:00+00:00,0.0
3491,2013-07-25 03:00:00+00:00,0.0
3491,2013-07-25 03:30:00+00:00,0.0
3491,2013-07-25 04:00:00+00:00,0.0
3491,2013-07-25 04:30:00+00:00,0.0
3491,2013-07-25 05:00:00+00:00,0.0
3491,2013-07-25 05:30:00+00:00,3.71
3491,2013-07-25 06:00:00+00:00,56.41
3491,2013-07-25 06:30:00+00:00,121.91
3491,2013-07-25 07:00:00+00:00,111.66
3491,2013-07-25 07:30:00+00:00,214.6
3491,2013-07-25 08:00:00+00:00,293.58
3491,2013-07-25 08:30:00+00:00,298.32
3491,2013-07-25 09:00:00+00:00,309.31
3491,2013-07-25 09:30:00+00:00,580.55
3491,2013-07-25 10:00:00+00:00,582.05
3491,2013-07-25 10:30:00+00:00,442.05
3491,2013-07-25 11:00:00+00:00,414.97
3491,2013-07-25 11:30:00+00:00,621.75
3491,2013-07-25 12:00:00+00:00,648.85
3491,2013-07-25 12:30:00+00:00,385.08
3491,2013-07-25 13:00:00+00:00,761.15
3491,2013-07-25 13:30:00+00:00,769.8
3491,2013-07-25 14:00:00+00:00,755.9
3491,2013-07-25 14:30:00+00:00,432.63
3491,2013-07-25 15:00:00+00:00,481.64
3491,2013-07-25 15:30:00+00:00,402.24
3491,2013-07-25 16:00:00+00:00,286.64
3491,2013-07-25 16:30:00+00:00,152.28
3491,2013-07-25 17:00:00+00:00,67.42
3491,2013-07-25 17:30:00+00:00,54.93
3491,2013-07-25 18:00:00+00:00,51.33
3491,2013-07-25 18:30:00+00:00,39.77
3491,2013-07-25 19:00:00+00:00,30.22
3491,2013-07-25 19:30:00+00:00,11.5
3491,2013-07-25 20:00:00+00:00,0.0
3491,2013-07-25 20:30:00+00:00,0.0
3491,2013-07-25 21:00:00+00:00,0.0
3491,2013-07-25 21:30:00+00:00,0.0
3491,2013-07-25 22:00:00+00:00,0.0
3491,2013-07-25 22:30:00+00:00,0.0
3491,2013-07-25 23:00:00+00:00,0.0
3491,2013-07-25 23:30:00+00:00,0.0
3491,2013-07-26 00:00:00+00:00,0.0
3491,2013-07-26 00:30:00+00:00,0.0
3491,2013-07-26 01:00:00+00:00,0.0
3491,2013-07-26 01:30:00+00:00,0.0
3491,2013-07-26 02:00:00+00:00,0.0
3491,2013-07-26 02:30:00+00:00,0.0
3491,2013-07-26 03:00:00+00:00,0.0
3491,2013-07-26 03:30:00+00:00,0.0
3491,2013-07-26 04:00:00+00:00,0.0
3491,2013-07-26 04:30:00+00:00,0.0
3491,2013-07-26 05:00:00+00:00,0.0
3491,2013-07-26 05:30:00+00:00,11.49
3491,2013-07-26 06:00:00+00:00,55.59
3491,2013-07-26 06:30:00+00:00,78.1
3491,2013-07-26 07:00:00+00:00,113.19
3491,2013-07-26 07:30:00+00:00,166.59
3491,2013-07-26 08:00:00+00:00,189.09
3491,2013-07-26 08:30:00+00:00,246.24
3491,2013-07-26 09:00:00+00:00,242.35
3491,2013-07-26 09:30:00+00:00,560.35
3491,2013-07-26 10:00:00+00:00,350.37
3491,2013-07-26 10:30:00+00:00,660.45
3491,2013-07-26 11:00:00+00:00,698.25
3491,2013-07-26 11:30:00+00:00,734.5
3491,2013-07-26 12:00:00+00:00,573.45
3491,2013-07-26 12:30:00+00:00,824.55
3491,2013-07-26 13:00:00+00:00,805.45
3491,2013-07-26 13:30:00+00:00,442.41
3491,2013-07-26 14:00:00+00:00,409.52
3491,2013-07-26 14:30:00+00:00,395.15
3491,2013-07-26 15:00:00+00:00,481.65
3491,2013-07-26 15:30:00+00:00,272.88
3491,2013-07-26 16:00:00+00:00,176.2
3491,2013-07-26 16:30:00+00:00,131.63
3491,2013-07-26 17:00:00+00:00,152.82
3491,2013-07-26 17:30:00+00:00,119.92
3491,2013-07-26 18:00:00+00:00,109.38
3491,2013-07-26 18:30:00+00:00,64.13
3491,2013-07-26 19:00:00+00:00,30.09
3491,2013-07-26 19:30:00+00:00,13.71
3491,2013-07-26 20:00:00+00:00,1.2
3491,2013-07-26 20:30:00+00:00,0.0
3491,2013-07-26 21:00:00+00:00,0.0
3491,2013-07-26 21:30:00+00:00,0.0
3491,2013-07-26 22:00:00+00:00,0.0
3491,2013-07-26 22:30:00+00:00,0.0
3491,2013-07-26 23:00:00+00:00,0.0
3491,2013-07-26 23:30:00+00:00,0.0
3491,2013-07-27 00:00:00+00:00,0.0
3491,2013-07-27 00:30:00+00:00,0.0
3491,2013-07-27 01:00:00+00:00,0.0
3491,2013-07-27 01:30:00+00:00,0.0
3491,2013-07-27 02:00:00+00:00,0.0
3491,2013-07-27 02:30:00+00:00,0.0
3491,2013-07-27 03:00:00+00:00,0.0
3491,2013-07-27 03:30:00+00:00,0.0
3491,2013-07-27 04:00:00+00:00,0.0
3491,2013-07-27 04:30:00+00:00,0.0
3491,2013-07-27 05:00:00+00:00,0.0
3491,2013-07-27 05:30:00+00:00,19.39
3491,2013-07-27 06:00:00+00:00,56.29
3491,2013-07-27 06:30:00+00:00,84.09
3491,2013-07-27 07:00:00+00:00,116.97
3491,2013-07-27 07:30:00+00:00,171.01
3491,2013-07-27 08:00:00+00:00,224.32
3491,2013-07-27 08:30:00+00:00,270.15
3491,2013-07-27 09:00:00+00:00,244.94
3491,2013-07-27 09:30:00+00:00,632.1
3491,2013-07-27 10:00:00+00:00,700.55
3491,2013-07-27 10:30:00+00:00,847.85
3491,2013-07-27 11:00:00+00:00,892.6
3491,2013-07-27 11:30:00+00:00,943.7
3491,2013-07-27 12:00:00+00:00,934.25
3491,2013-07-27 12:30:00+00:00,875.15
3491,2013-07-27 13:00:00+00:00,844.65
3491,2013-07-27 13:30:00+00:00,810.1
3491,2013-07-27 14:00:00+00:00,599.05
3491,2013-07-27 14:30:00+00:00,320.04
3491,2013-07-27 15:00:00+00:00,213.73
3491,2013-07-27 15:30:00+00:00,446.86
3491,2013-07-27 16:00:00+00:00,248.96
3491,2013-07-27 16:30:00+00:00,188.09
3491,2013-07-27 17:00:00+00:00,135.26
3491,2013-07-27 17:30:00+00:00,68.07
3491,2013-07-27 18:00:00+00:00,22.33
3491,2013-07-27 18:30:00+00:00,0.03
3491,2013-07-27 19:00:00+00:00,0.0
3491,2013-07-27 19:30:00+00:00,0.0
3491,2013-07-27 20:00:00+00:00,0.0
3491,2013-07-27 20:30:00+00:00,0.0
3491,2013-07-27 21:00:00+00:00,0.0
3491,2013-07-27 21:30:00+00:00,0.0
3491,2013-07-27 22:00:00+00:00,0.0
3491,2013-07-27 22:30:00+00:00,0.0
3491,2013-07-27 23:00:00+00:00,0.0
3491,2013-07-27 23:30:00+00:00,0.0
3491,2013-07-28 00:00:00+00:00,0.0
3491,2013-07-28 00:30:00+00:00,0.0
3491,2013-07-28 01:00:00+00:00,0.0
3491,2013-07-28 01:30:00+00:00,0.0
3491,2013-07-28 02:00:00+00:00,0.0
3491,2013-07-28 02:30:00+00:00,0.0
3491,2013-07-28 03:00:00+00:00,0.0
3491,2013-07-28 03:30:00+00:00,0.0
3491,2013-07-28 04:00:00+00:00,0.0
3491,2013-07-28 04:30:00+00:00,0.0
3491,2013-07-28 05:00:00+00:00,0.0
3491,2013-07-28 05:30:00+00:00,19.38
3491,2013-07-28 06:00:00+00:00,31.96
3491,2013-07-28 06:30:00+00:00,44.18
3491,2013-07-28 07:00:00+00:00,66.29
3491,2013-07-28 07:30:00+00:00,132.21
3491,2013-07-28 08:00:00+00:00,212.13
3491,2013-07-28 08:30:00+00:00,398.67
3491,2013-07-28 09:00:00+00:00,737.1
3491,2013-07-28 09:30:00+00:00,864.35
3491,2013-07-28 10:00:00+00:00,869.85
3491,2013-07-28 10:30:00+00:00,672.45
3491,2013-07-28 11:00:00+00:00,788.1
3491,2013-07-28 11:30:00+00:00,965.6
3491,2013-07-28 12:00:00+00:00,959.9
3491,2013-07-28 12:30:00+00:00,870.75
3491,2013-07-28 13:00:00+00:00,717.4
3491,2013-07-28 13:30:00+00:00,759.0
3491,2013-07-28 14:00:00+00:00,774.85
3491,2013-07-28 14:30:00+00:00,712.55
3491,2013-07-28 15:00:00+00:00,420.11
3491,2013-07-28 15:30:00+00:00,376.99
3491,2013-07-28 16:00:00+00:00,246.1
3491,2013-07-28 16:30:00+00:00,143.03
3491,2013-07-28 17:00:00+00:00,60.09
3491,2013-07-28 17:30:00+00:00,53.81
3491,2013-07-28 18:00:00+00:00,69.49
3491,2013-07-28 18:30:00+00:00,37.73
3491,2013-07-28 19:00:00+00:00,19.3
3491,2013-07-28 19:30:00+00:00,5.2
3491,2013-07-28 20:00:00+00:00,0.0
3491,2013-07-28 20:30:00+00:00,0.0
3491,2013-07-28 21:00:00+00:00,0.0
3491,2013-07-28 21:30:00+00:00,0.0
3491,2013-07-28 22:00:00+00:00,0.0
3491,2013-07-28 22:30:00+00:00,0.0
3491,2013-07-28 23:00:00+00:00,0.0
3491,2013-07-28 23:30:00+00:00,0.0
3491,2013-07-29 00:00:00+00:00,0.0
3491,2013-07-29 00:30:00+00:00,0.0
3491,2013-07-29 01:00:00+00:00,0.0
3491,2013-07-29 01:30:00+00:00,0.0
3491,2013-07-29 02:00:00+00:00,0.0
3491,2013-07-29 02:30:00+00:00,0.0
3491,2013-07-29 03:00:00+00:00,0.0
3491,2013-07-29 03:30:00+00:00,0.0
3491,2013-07-29 04:00:00+00:00,0.0
3491,2013-07-29 04:30:00+00:00,0.0
3491,2013-07-29 05:00:00+00:00,0.0
3491,2013-07-29 05:30:00+00:00,6.7
3491,2013-07-29 06:00:00+00:00,28.33
3491,2013-07-29 06:30:00+00:00,66.39
3491,2013-07-29 07:00:00+00:00,120.38
3491,2013-07-29 07:30:00+00:00,112.43
3491,2013-07-29 08:00:00+00:00,210.45
3491,2013-07-29 08:30:00+00:00,326.04
3491,2013-07-29 09:00:00+00:00,725.7
3491,2013-07-29 09:30:00+00:00,678.6
3491,2013-07-29 10:00:00+00:00,879.9
3491,2013-07-29 10:30:00+00:00,742.65
3491,2013-07-29 11:00:00+00:00,857.5
3491,2013-07-29 11:30:00+00:00,915.9
3491,2013-07-29 12:00:00+00:00,577.75
3491,2013-07-29 12:30:00+00:00,917.9
3491,2013-07-29 13:00:00+00:00,926.5
3491,2013-07-29 13:30:00+00:00,714.35
3491,2013-07-29 14:00:00+00:00,741.05
3491,2013-07-29 14:30:00+00:00,629.7
3491,2013-07-29 15:00:00+00:00,574.4
3491,2013-07-29 15:30:00+00:00,455.88
3491,2013-07-29 16:00:00+00:00,300.22
3491,2013-07-29 16:30:00+00:00,144.38
3491,2013-07-29 17:00:00+00:00,78.4
3491,2013-07-29 17:30:00+00:00,55.95
3491,2013-07-29 18:00:00+00:00,43.76
3491,2013-07-29 18:30:00+00:00,25.62
3491,2013-07-29 19:00:00+00:00,0.96
3491,2013-07-29 19:30:00+00:00,0.0
3491,2013-07-29 20:00:00+00:00,0.0
3491,2013-07-29 20:30:00+00:00,0.0
3491,2013-07-29 21:00:00+00:00,0.0
3491,2013-07-29 21:30:00+00:00,0.0
3491,2013-07-29 22:00:00+00:00,0.0
3491,2013-07-29 22:30:00+00:00,0.0
3491,2013-07-29 23:00:00+00:00,0.0
3491,2013-07-29 23:30:00+00:00,0.0
3491,2013-07-30 00:00:00+00:00,0.0
3491,2013-07-30 00:30:00+00:00,0.0
3491,2013-07-30 01:00:00+00:00,0.0
3491,2013-07-30 01:30:00+00:00,0.0
3491,2013-07-30 02:00:00+00:00,0.0
3491,2013-07-30 02:30:00+00:00,0.0
3491,2013-07-30 03:00:00+00:00,0.0
3491,2013-07-30 03:30:00+00:00,0.0
3491,2013-07-30 04:00:00+00:00,0.0
3491,2013-07-30 04:30:00+00:00,0.0
3491,2013-07-30 05:00:00+00:00,4.94
3491,2013-07-30 05:30:00+00:00,26.04
3491,2013-07-30 06:00:00+00:00,47.58
3491,2013-07-30 06:30:00+00:00,118.46
3491,2013-07-30 07:00:00+00:00,103.1
3491,2013-07-30 07:30:00+00:00,84.07
3491,2013-07-30 08:00:00+00:00,106.76
3491,2013-07-30 08:30:00+00:00,32.77
3491,2013-07-30 09:00:00+00:00,35.11
3491,2013-07-30 09:30:00+00:00,89.24
3491,2013-07-30 10:00:00+00:00,258.08
3491,2013-07-30 10:30:00+00:00,345.99
3491,2013-07-30 11:00:00+00:00,160.07
3491,2013-07-30 11:30:00+00:00,325.6
3491,2013-07-30 12:00:00+00:00,293.2
3491,2013-07-30 12:30:00+00:00,272.19
3491,2013-07-30 13:00:00+00:00,286.99
3491,2013-07-30 13:30:00+00:00,260.51
3491,2013-07-30 14:00:00+00:00,181.89
3491,2013-07-30 14:30:00+00:00,196.52
3491,2013-07-30 15:00:00+00:00,222.86
3491,2013-07-30 15:30:00+00:00,275.07
3491,2013-07-30 16:00:00+00:00,249.55
3491,2013-07-30 16:30:00+00:00,188.46
3491,2013-07-30 17:00:00+00:00,127.68
3491,2013-07-30 17:30:00+00:00,108.73
3491,2013-07-30 18:00:00+00:00,76.26
3491,2013-07-30 18:30:00+00:00,51.71
3491,2013-07-30 19:00:00+00:00,19.05
3491,2013-07-30 19:30:00+00:00,7.14
3491,2013-07-30 20:00:00+00:00,0.0
3491,2013-07-30 20:30:00+00:00,0.0
3491,2013-07-30 21:00:00+00:00,0.0
3491,2013-07-30 21:30:00+00:00,0.0
3491,2013-07-30 22:00:00+00:00,0.0
3491,2013-07-30 22:30:00+00:00,0.0
3491,2013-07-30 23:00:00+00:00,0.0
3491,2013-07-30 23:30:00+00:00,0.0
3491,2013-07-31 00:00:00+00:00,0.0
3491,2013-07-31 00:30:00+00:00,0.0
3491,2013-07-31 01:00:00+00:00,0.0
3491,2013-07-31 01:30:00+00:00,0.0
3491,2013-07-31 02:00:00+00:00,0.0
3491,2013-07-31 02:30:00+00:00,0.0
3491,2013-07-31 03:00:00+00:00,0.0
3491,2013-07-31 03:30:00+00:00,0.0
3491,2013-07-31 04:00:00+00:00,0.0
3491,2013-07-31 04:30:00+00:00,0.0
3491,2013-07-31 05:00:00+00:00,0.0
3491,2013-07-31 05:30:00+00:00,14.88
3491,2013-07-31 06:00:00+00:00,75.16
3491,2013-07-31 06:30:00+00:00,103.88
3491,2013-07-31 07:00:00+00:00,170.56
3491,2013-07-31 07:30:00+00:00,147.32
3491,2013-07-31 08:00:00+00:00,193.38
3491,2013-07-31 08:30:00+00:00,150.19
3491,2013-07-31 09:00:00+00:00,134.78
3491,2013-07-31 09:30:00+00:00,173.06
3491,2013-07-31 10:00:00+00:00,222.94
3491,2013-07-31 10:30:00+00:00,429.84
3491,2013-07-31 11:00:00+00:00,208.52
3491,2013-07-31 11:30:00+00:00,251.28
3491,2013-07-31 12:00:00+00:00,383.91
3491,2013-07-31 12:30:00+00:00,368.18
3491,2013-07-31 13:00:00+00:00,409.73
3491,2013-07-31 13:30:00+00:00,540.05
3491,2013-07-31 14:00:00+00:00,583.75
3491,2013-07-31 14:30:00+00:00,449.77
3491,2013-07-31 15:00:00+00:00,475.47
3491,2013-07-31 15:30:00+00:00,318.42
3491,2013-07-31 16:00:00+00:00,304.36
3491,2013-07-31 16:30:00+00:00,213.4
3491,2013-07-31 17:00:00+00:00,186.65
3491,2013-07-31 17:30:00+00:00,101.3
3491,2013-07-31 18:00:00+00:00,112.54
3491,2013-07-31 18:30:00+00:00,72.2
3491,2013-07-31 19:00:00+00:00,29.8
3491,2013-07-31 19:30:00+00:00,4.33
3491,2013-07-31 20:00:00+00:00,0.0
3491,2013-07-31 20:30:00+00:00,0.0
3491,2013-07-31 21:00:00+00:00,0.0
3491,2013-07-31 21:30:00+00:00,0.0
3491,2013-07-31 22:00:00+00:00,0.0
3491,2013-07-31 22:30:00+00:00,0.0
3491,2013-07-31 23:00:00+00:00,0.0
3491,2013-07-31 23:30:00+00:00,0.0
3491,2013-08-01 00:30:00+00:00,0.0
3491,2013-08-01 01:00:00+00:00,0.0
3491,2013-08-01 01:30:00+00:00,0.0
3491,2013-08-01 02:00:00+00:00,0.0
3491,2013-08-01 02:30:00+00:00,0.0
3491,2013-08-01 03:00:00+00:00,0.0
3491,2013-08-01 03:30:00+00:00,0.0
3491,2013-08-01 04:00:00+00:00,0.0
3491,2013-08-01 04:30:00+00:00,0.0
3491,2013-08-01 05:00:00+00:00,0.0
3491,2013-08-01 05:30:00+00:00,13.62
3491,2013-08-01 06:00:00+00:00,28.38
3491,2013-08-01 06:30:00+00:00,36.22
3491,2013-08-01 07:00:00+00:00,42.0
3491,2013-08-01 07:30:00+00:00,50.75
3491,2013-08-01 08:00:00+00:00,59.99
3491,2013-08-01 08:30:00+00:00,419.74
3491,2013-08-01 09:00:00+00:00,899.05
3491,2013-08-01 09:30:00+00:00,976.5
3491,2013-08-01 10:00:00+00:00,999.45
3491,2013-08-01 10:30:00+00:00,1007.1
3491,2013-08-01 11:00:00+00:00,999.05
3491,2013-08-01 11:30:00+00:00,991.65
3491,2013-08-01 12:00:00+00:00,969.0
3491,2013-08-01 12:30:00+00:00,934.4
3491,2013-08-01 13:00:00+00:00,880.75
3491,2013-08-01 13:30:00+00:00,815.3
3491,2013-08-01 14:00:00+00:00,736.05
3491,2013-08-01 14:30:00+00:00,640.75
3491,2013-08-01 15:00:00+00:00,531.7
3491,2013-08-01 15:30:00+00:00,402.83
3491,2013-08-01 16:00:00+00:00,266.47
3491,2013-08-01 16:30:00+00:00,143.93
3491,2013-08-01 17:00:00+00:00,97.28
3491,2013-08-01 17:30:00+00:00,63.35
3491,2013-08-01 18:00:00+00:00,56.81
3491,2013-08-01 18:30:00+00:00,34.81
3491,2013-08-01 19:00:00+00:00,30.86
3491,2013-08-01 19:30:00+00:00,4.55
3491,2013-08-01 20:00:00+00:00,0.0
3491,2013-08-01 20:30:00+00:00,0.0
3491,2013-08-01 21:00:00+00:00,0.0
3491,2013-08-01 21:30:00+00:00,0.0
3491,2013-08-01 22:00:00+00:00,0.0
3491,2013-08-01 22:30:00+00:00,0.0
3491,2013-08-01 23:00:00+00:00,0.0
3491,2013-08-01 23:30:00+00:00,0.0
3491,2013-08-02 00:00:00+00:00,0.0
3491,2013-08-02 00:30:00+00:00,0.0
3491,2013-08-02 01:00:00+00:00,0.0
3491,2013-08-02 01:30:00+00:00,0.0
3491,2013-08-02 02:00:00+00:00,0.0
3491,2013-08-02 02:30:00+00:00,0.0
3491,2013-08-02 03:00:00+00:00,0.0
3491,2013-08-02 03:30:00+00:00,0.0
3491,2013-08-02 04:00:00+00:00,0.0
3491,2013-08-02 04:30:00+00:00,0.0
3491,2013-08-02 05:00:00+00:00,0.0
3491,2013-08-02 05:30:00+00:00,21.43
3491,2013-08-02 06:00:00+00:00,73.08
3491,2013-08-02 06:30:00+00:00,95.85
3491,2013-08-02 07:00:00+00:00,91.25
3491,2013-08-02 07:30:00+00:00,161.48
3491,2013-08-02 08:00:00+00:00,132.16
3491,2013-08-02 08:30:00+00:00,63.53
3491,2013-08-02 09:00:00+00:00,326.61
3491,2013-08-02 09:30:00+00:00,202.85
3491,2013-08-02 10:00:00+00:00,246.91
3491,2013-08-02 10:30:00+00:00,204.36
3491,2013-08-02 11:00:00+00:00,378.47
3491,2013-08-02 11:30:00+00:00,292.95
3491,2013-08-02 12:00:00+00:00,545.0
3491,2013-08-02 12:30:00+00:00,280.64
3491,2013-08-02 13:00:00+00:00,361.83
3491,2013-08-02 13:30:00+00:00,461.72
3491,2013-08-02 14:00:00+00:00,318.39
3491,2013-08-02 14:30:00+00:00,527.1
3491,2013-08-02 15:00:00+00:00,536.25
3491,2013-08-02 15:30:00+00:00,464.74
3491,2013-08-02 16:00:00+00:00,215.67
3491,2013-08-02 16:30:00+00:00,155.43
3491,2013-08-02 17:00:00+00:00,73.69
3491,2013-08-02 17:30:00+00:00,56.96
3491,2013-08-02 18:00:00+00:00,29.67
3491,2013-08-02 18:30:00+00:00,31.78
3491,2013-08-02 19:00:00+00:00,16.99
3491,2013-08-02 19:30:00+00:00,10.7
3491,2013-08-02 20:00:00+00:00,0.0
3491,2013-08-02 20:30:00+00:00,0.0
3491,2013-08-02 21:00:00+00:00,0.0
3491,2013-08-02 21:30:00+00:00,0.0
3491,2013-08-02 22:00:00+00:00,0.0
3491,2013-08-02 22:30:00+00:00,0.0
3491,2013-08-02 23:00:00+00:00,0.0
3491,2013-08-02 23:30:00+00:00,0.0
3491,2013-08-03 00:00:00+00:00,0.0
3491,2013-08-03 00:30:00+00:00,0.0
3491,2013-08-03 01:00:00+00:00,0.0
3491,2013-08-03 01:30:00+00:00,0.0
3491,2013-08-03 02:00:00+00:00,0.0
3491,2013-08-03 02:30:00+00:00,0.0
3491,2013-08-03 03:00:00+00:00,0.0
3491,2013-08-03 03:30:00+00:00,0.0
3491,2013-08-03 04:00:00+00:00,0.0
3491,2013-08-03 04:30:00+00:00,0.0
3491,2013-08-03 05:00:00+00:00,0.0
3491,2013-08-03 05:30:00+00:00,13.48
3491,2013-08-03 06:00:00+00:00,29.52
3491,2013-08-03 06:30:00+00:00,43.53
3491,2013-08-03 07:00:00+00:00,113.73
3491,2013-08-03 07:30:00+00:00,178.59
3491,2013-08-03 08:00:00+00:00,91.27
3491,2013-08-03 08:30:00+00:00,596.4
3491,2013-08-03 09:00:00+00:00,708.05
3491,2013-08-03 09:30:00+00:00,1015.85
3491,2013-08-03 10:00:00+00:00,963.35
3491,2013-08-03 10:30:00+00:00,883.25
3491,2013-08-03 11:00:00+00:00,929.95
3491,2013-08-03 11:30:00+00:00,991.75
3491,2013-08-03 12:00:00+00:00,871.7
3491,2013-08-03 12:30:00+00:00,895.85
3491,2013-08-03 13:00:00+00:00,915.4
3491,2013-08-03 13:30:00+00:00,686.65
3491,2013-08-03 14:00:00+00:00,781.3
3491,2013-08-03 14:30:00+00:00,673.7
3491,2013-08-03 15:00:00+00:00,449.81
3491,2013-08-03 15:30:00+00:00,391.59
3491,2013-08-03 16:00:00+00:00,267.57
3491,2013-08-03 16:30:00+00:00,153.96
3491,2013-08-03 17:00:00+00:00,61.08
3491,2013-08-03 17:30:00+00:00,50.48
3491,2013-08-03 18:00:00+00:00,48.93
3491,2013-08-03 18:30:00+00:00,32.14
3491,2013-08-03 19:00:00+00:00,16.91
3491,2013-08-03 19:30:00+00:00,2.52
3491,2013-08-03 20:00:00+00:00,0.0
3491,2013-08-03 20:30:00+00:00,0.0
3491,2013-08-03 21:00:00+00:00,0.0
3491,2013-08-03 21:30:00+00:00,0.0
3491,2013-08-03 22:00:00+00:00,0.0
3491,2013-08-03 22:30:00+00:00,0.0
3491,2013-08-03 23:00:00+00:00,0.0
3491,2013-08-03 23:30:00+00:00,0.0
3491,2013-08-04 00:00:00+00:00,0.0
3491,2013-08-04 00:30:00+00:00,0.0
3491,2013-08-04 01:00:00+00:00,0.0
3491,2013-08-04 01:30:00+00:00,0.0
3491,2013-08-04 02:00:00+00:00,0.0
3491,2013-08-04 02:30:00+00:00,0.0
3491,2013-08-04 03:00:00+00:00,0.0
3491,2013-08-04 03:30:00+00:00,0.0
3491,2013-08-04 04:00:00+00:00,0.0
3491,2013-08-04 04:30:00+00:00,0.0
3491,2013-08-04 05:00:00+00:00,10.82
3491,2013-08-04 05:30:00+00:00,42.5
3491,2013-08-04 06:00:00+00:00,41.59
3491,2013-08-04 06:30:00+00:00,44.91
3491,2013-08-04 07:00:00+00:00,67.02
3491,2013-08-04 07:30:00+00:00,117.24
3491,2013-08-04 08:00:00+00:00,190.24
3491,2013-08-04 08:30:00+00:00,546.95
3491,2013-08-04 09:00:00+00:00,722.05
3491,2013-08-04 09:30:00+00:00,669.05
3491,2013-08-04 10:00:00+00:00,1032.85
3491,2013-08-04 10:30:00+00:00,1100.25
3491,2013-08-04 11:00:00+00:00,1066.85
3491,2013-08-04 11:30:00+00:00,998.5
3491,2013-08-04 12:00:00+00:00,791.85
3491,2013-08-04 12:30:00+00:00,541.75
3491,2013-08-04 13:00:00+00:00,633.4
3491,2013-08-04 13:30:00+00:00,676.7
3491,2013-08-04 14:00:00+00:00,647.65
3491,2013-08-04 14:30:00+00:00,642.1
3491,2013-08-04 15:00:00+00:00,534.1
3491,2013-08-04 15:30:00+00:00,403.4
3491,2013-08-04 16:00:00+00:00,264.4
3491,2013-08-04 16:30:00+00:00,158.94
3491,2013-08-04 17:00:00+00:00,85.97
3491,2013-08-04 17:30:00+00:00,103.39
3491,2013-08-04 18:00:00+00:00,59.63
3491,2013-08-04 18:30:00+00:00,32.48
3491,2013-08-04 19:00:00+00:00,22.19
3491,2013-08-04 19:30:00+00:00,0.0
3491,2013-08-04 20:00:00+00:00,0.0
3491,2013-08-04 20:30:00+00:00,0.0
3491,2013-08-04 21:00:00+00:00,0.0
3491,2013-08-04 21:30:00+00:00,0.0
3491,2013-08-04 22:00:00+00:00,0.0
3491,2013-08-04 22:30:00+00:00,0.0
3491,2013-08-04 23:00:00+00:00,0.0
3491,2013-08-04 23:30:00+00:00,0.0
3491,2013-08-05 00:00:00+00:00,0.0
3491,2013-08-05 00:30:00+00:00,0.0
3491,2013-08-05 01:00:00+00:00,0.0
3491,2013-08-05 01:30:00+00:00,0.0
3491,2013-08-05 02:00:00+00:00,0.0
3491,2013-08-05 02:30:00+00:00,0.0
3491,2013-08-05 03:00:00+00:00,0.0
3491,2013-08-05 03:30:00+00:00,0.0
3491,2013-08-05 04:00:00+00:00,0.0
3491,2013-08-05 04:30:00+00:00,0.0
3491,2013-08-05 05:00:00+00:00,0.0
3491,2013-08-05 05:30:00+00:00,8.55
3491,2013-08-05 06:00:00+00:00,49.02
3491,2013-08-05 06:30:00+00:00,71.85
3491,2013-08-05 07:00:00+00:00,129.9
3491,2013-08-05 07:30:00+00:00,161.48
3491,2013-08-05 08:00:00+00:00,250.7
3491,2013-08-05 08:30:00+00:00,384.88
3491,2013-08-05 09:00:00+00:00,426.09
3491,2013-08-05 09:30:00+00:00,447.41
3491,2013-08-05 10:00:00+00:00,425.95
3491,2013-08-05 10:30:00+00:00,432.92
3491,2013-08-05 11:00:00+00:00,454.67
3491,2013-08-05 11:30:00+00:00,201.82
3491,2013-08-05 12:00:00+00:00,138.01
3491,2013-08-05 12:30:00+00:00,56.42
3491,2013-08-05 13:00:00+00:00,203.75
3491,2013-08-05 13:30:00+00:00,913.4
3491,2013-08-05 14:00:00+00:00,691.35
3491,2013-08-05 14:30:00+00:00,733.15
3491,2013-08-05 15:00:00+00:00,530.25
3491,2013-08-05 15:30:00+00:00,235.97
3491,2013-08-05 16:00:00+00:00,279.34
3491,2013-08-05 16:30:00+00:00,36.61
3491,2013-08-05 17:00:00+00:00,6.81
3491,2013-08-05 17:30:00+00:00,122.84
3491,2013-08-05 18:00:00+00:00,54.9
3491,2013-08-05 18:30:00+00:00,52.66
3491,2013-08-05 19:00:00+00:00,34.4
3491,2013-08-05 19:30:00+00:00,7.71
3491,2013-08-05 20:00:00+00:00,0.0
3491,2013-08-05 20:30:00+00:00,0.0
3491,2013-08-05 21:00:00+00:00,0.0
3491,2013-08-05 21:30:00+00:00,0.0
3491,2013-08-05 22:00:00+00:00,0.0
3491,2013-08-05 22:30:00+00:00,0.0
3491,2013-08-05 23:00:00+00:00,0.0
3491,2013-08-05 23:30:00+00:00,0.0
3491,2013-08-06 00:00:00+00:00,0.0
3491,2013-08-06 00:30:00+00:00,0.0
3491,2013-08-06 01:00:00+00:00,0.0
3491,2013-08-06 01:30:00+00:00,0.0
3491,2013-08-06 02:00:00+00:00,0.0
3491,2013-08-06 02:30:00+00:00,0.0
3491,2013-08-06 03:00:00+00:00,0.0
3491,2013-08-06 03:30:00+00:00,0.0
3491,2013-08-06 04:00:00+00:00,0.0
3491,2013-08-06 04:30:00+00:00,0.0
3491,2013-08-06 05:00:00+00:00,0.0
3491,2013-08-06 05:30:00+00:00,11.02
3491,2013-08-06 06:00:00+00:00,42.34
3491,2013-08-06 06:30:00+00:00,43.75
3491,2013-08-06 07:00:00+00:00,79.93
3491,2013-08-06 07:30:00+00:00,114.57
3491,2013-08-06 08:00:00+00:00,102.64
3491,2013-08-06 08:30:00+00:00,376.5
3491,2013-08-06 09:00:00+00:00,918.0
3491,2013-08-06 09:30:00+00:00,988.6
3491,2013-08-06 10:00:00+00:00,1011.55
3491,2013-08-06 10:30:00+00:00,880.95
3491,2013-08-06 11:00:00+00:00,789.55
3491,2013-08-06 11:30:00+00:00,818.0
3491,2013-08-06 12:00:00+00:00,689.75
3491,2013-08-06 12:30:00+00:00,608.5
3491,2013-08-06 13:00:00+00:00,947.1
3491,2013-08-06 13:30:00+00:00,892.95
3491,2013-08-06 14:00:00+00:00,688.35
3491,2013-08-06 14:30:00+00:00,408.86
3491,2013-08-06 15:00:00+00:00,258.1
3491,2013-08-06 15:30:00+00:00,416.16
3491,2013-08-06 16:00:00+00:00,263.88
3491,2013-08-06 16:30:00+00:00,129.15
3491,2013-08-06 17:00:00+00:00,105.98
3491,2013-08-06 17:30:00+00:00,76.34
3491,2013-08-06 18:00:00+00:00,33.72
3491,2013-08-06 18:30:00+00:00,39.74
3491,2013-08-06 19:00:00+00:00,14.59
3491,2013-08-06 19:30:00+00:00,3.35
3491,2013-08-06 20:00:00+00:00,0.0
3491,2013-08-06 20:30:00+00:00,0.0
3491,2013-08-06 21:00:00+00:00,0.0
3491,2013-08-06 21:30:00+00:00,0.0
3491,2013-08-06 22:00:00+00:00,0.0
3491,2013-08-06 22:30:00+00:00,0.0
3491,2013-08-06 23:00:00+00:00,0.0
3491,2013-08-06 23:30:00+00:00,0.0
3491,2013-08-07 00:00:00+00:00,0.0
3491,2013-08-07 00:30:00+00:00,0.0
3491,2013-08-07 01:00:00+00:00,0.0
3491,2013-08-07 01:30:00+00:00,0.0
3491,2013-08-07 02:00:00+00:00,0.0
3491,2013-08-07 02:30:00+00:00,0.0
3491,2013-08-07 03:00:00+00:00,0.0
3491,2013-08-07 03:30:00+00:00,0.0
3491,2013-08-07 04:00:00+00:00,0.0
3491,2013-08-07 04:30:00+00:00,0.0
3491,2013-08-07 05:00:00+00:00,0.0
3491,2013-08-07 05:30:00+00:00,12.09
3491,2013-08-07 06:00:00+00:00,30.23
3491,2013-08-07 06:30:00+00:00,82.0
3491,2013-08-07 07:00:00+00:00,109.77
3491,2013-08-07 07:30:00+00:00,170.42
3491,2013-08-07 08:00:00+00:00,205.65
3491,2013-08-07 08:30:00+00:00,267.55
3491,2013-08-07 09:00:00+00:00,414.29
3491,2013-08-07 09:30:00+00:00,549.7
3491,2013-08-07 10:00:00+00:00,475.29
3491,2013-08-07 10:30:00+00:00,562.7
3491,2013-08-07 11:00:00+00:00,630.8
3491,2013-08-07 11:30:00+00:00,812.05
3491,2013-08-07 12:00:00+00:00,803.2
3491,2013-08-07 12:30:00+00:00,609.2
3491,2013-08-07 13:00:00+00:00,739.35
3491,2013-08-07 13:30:00+00:00,680.65
3491,2013-08-07 14:00:00+00:00,496.26
3491,2013-08-07 14:30:00+00:00,347.1
3491,2013-08-07 15:00:00+00:00,303.41
3491,2013-08-07 15:30:00+00:00,300.98
3491,2013-08-07 16:00:00+00:00,232.21
3491,2013-08-07 16:30:00+00:00,213.99
3491,2013-08-07 17:00:00+00:00,180.96
3491,2013-08-07 17:30:00+00:00,103.1
3491,2013-08-07 18:00:00+00:00,70.91
3491,2013-08-07 18:30:00+00:00,55.19
3491,2013-08-07 19:00:00+00:00,23.19
3491,2013-08-07 19:30:00+00:00,1.21
3491,2013-08-07 20:00:00+00:00,0.0
3491,2013-08-07 20:30:00+00:00,0.0
3491,2013-08-07 21:00:00+00:00,0.0
3491,2013-08-07 21:30:00+00:00,0.0
3491,2013-08-07 22:00:00+00:00,0.0
3491,2013-08-07 22:30:00+00:00,0.0
3491,2013-08-07 23:00:00+00:00,0.0
3491,2013-08-07 23:30:00+00:00,0.0
3491,2013-08-08 00:00:00+00:00,0.0
3491,2013-08-08 00:30:00+00:00,0.0
3491,2013-08-08 01:00:00+00:00,0.0
3491,2013-08-08 01:30:00+00:00,0.0
3491,2013-08-08 02:00:00+00:00,0.0
3491,2013-08-08 02:30:00+00:00,0.0
3491,2013-08-08 03:00:00+00:00,0.0
3491,2013-08-08 03:30:00+00:00,0.0
3491,2013-08-08 04:00:00+00:00,0.0
3491,2013-08-08 04:30:00+00:00,0.0
3491,2013-08-08 05:00:00+00:00,0.0
3491,2013-08-08 05:30:00+00:00,11.17
3491,2013-08-08 06:00:00+00:00,32.31
3491,2013-08-08 06:30:00+00:00,53.44
3491,2013-08-08 07:00:00+00:00,67.25
3491,2013-08-08 07:30:00+00:00,83.31
3491,2013-08-08 08:00:00+00:00,108.84
3491,2013-08-08 08:30:00+00:00,276.31
3491,2013-08-08 09:00:00+00:00,881.65
3491,2013-08-08 09:30:00+00:00,952.15
3491,2013-08-08 10:00:00+00:00,949.4
3491,2013-08-08 10:30:00+00:00,736.85
3491,2013-08-08 11:00:00+00:00,887.25
3491,2013-08-08 11:30:00+00:00,895.35
3491,2013-08-08 12:00:00+00:00,657.7
3491,2013-08-08 12:30:00+00:00,791.25
3491,2013-08-08 13:00:00+00:00,847.05
3491,2013-08-08 13:30:00+00:00,838.85
3491,2013-08-08 14:00:00+00:00,723.95
3491,2013-08-08 14:30:00+00:00,473.04
3491,2013-08-08 15:00:00+00:00,383.46
3491,2013-08-08 15:30:00+00:00,280.92
3491,2013-08-08 16:00:00+00:00,215.08
3491,2013-08-08 16:30:00+00:00,173.31
3491,2013-08-08 17:00:00+00:00,90.1
3491,2013-08-08 17:30:00+00:00,105.32
3491,2013-08-08 18:00:00+00:00,43.96
3491,2013-08-08 18:30:00+00:00,28.52
3491,2013-08-08 19:00:00+00:00,6.65
3491,2013-08-08 19:30:00+00:00,0.0
3491,2013-08-08 20:00:00+00:00,0.0
3491,2013-08-08 20:30:00+00:00,0.0
3491,2013-08-08 21:00:00+00:00,0.0
3491,2013-08-08 21:30:00+00:00,0.0
3491,2013-08-08 22:00:00+00:00,0.0
3491,2013-08-08 22:30:00+00:00,0.0
3491,2013-08-08 23:00:00+00:00,0.0
3491,2013-08-08 23:30:00+00:00,0.0
3491,2013-08-09 00:00:00+00:00,0.0
3491,2013-08-09 00:30:00+00:00,0.0
3491,2013-08-09 01:00:00+00:00,0.0
3491,2013-08-09 01:30:00+00:00,0.0
3491,2013-08-09 02:00:00+00:00,0.0
3491,2013-08-09 02:30:00+00:00,0.0
3491,2013-08-09 03:00:00+00:00,0.0
3491,2013-08-09 03:30:00+00:00,0.0
3491,2013-08-09 04:00:00+00:00,0.0
3491,2013-08-09 04:30:00+00:00,0.0
3491,2013-08-09 05:00:00+00:00,0.0
3491,2013-08-09 05:30:00+00:00,38.13
3491,2013-08-09 06:00:00+00:00,15.7
3491,2013-08-09 06:30:00+00:00,3.53
3491,2013-08-09 07:00:00+00:00,52.84
3491,2013-08-09 07:30:00+00:00,184.52
3491,2013-08-09 08:00:00+00:00,187.15
3491,2013-08-09 08:30:00+00:00,267.15
3491,2013-08-09 09:00:00+00:00,312.18
3491,2013-08-09 09:30:00+00:00,447.36
3491,2013-08-09 10:00:00+00:00,201.78
3491,2013-08-09 10:30:00+00:00,924.45
3491,2013-08-09 11:00:00+00:00,650.45
3491,2013-08-09 11:30:00+00:00,871.85
3491,2013-08-09 12:00:00+00:00,673.1
3491,2013-08-09 12:30:00+00:00,444.92
3491,2013-08-09 13:00:00+00:00,763.65
3491,2013-08-09 13:30:00+00:00,713.25
3491,2013-08-09 14:00:00+00:00,508.8
3491,2013-08-09 14:30:00+00:00,470.12
3491,2013-08-09 15:00:00+00:00,349.88
3491,2013-08-09 15:30:00+00:00,236.33
3491,2013-08-09 16:00:00+00:00,321.07
3491,2013-08-09 16:30:00+00:00,169.9
3491,2013-08-09 17:00:00+00:00,147.09
3491,2013-08-09 17:30:00+00:00,101.01
3491,2013-08-09 18:00:00+00:00,58.01
3491,2013-08-09 18:30:00+00:00,37.83
3491,2013-08-09 19:00:00+00:00,4.56
3491,2013-08-09 19:30:00+00:00,0.0
3491,2013-08-09 20:00:00+00:00,0.0
3491,2013-08-09 20:30:00+00:00,0.0
3491,2013-08-09 21:00:00+00:00,0.0
3491,2013-08-09 21:30:00+00:00,0.0
3491,2013-08-09 22:00:00+00:00,0.0
3491,2013-08-09 22:30:00+00:00,0.0
3491,2013-08-09 23:00:00+00:00,0.0
3491,2013-08-09 23:30:00+00:00,0.0
3491,2013-08-10 00:00:00+00:00,0.0
3491,2013-08-10 00:30:00+00:00,0.0
3491,2013-08-10 01:00:00+00:00,0.0
3491,2013-08-10 01:30:00+00:00,0.0
3491,2013-08-10 02:00:00+00:00,0.0
3491,2013-08-10 02:30:00+00:00,0.0
3491,2013-08-10 03:00:00+00:00,0.0
3491,2013-08-10 03:30:00+00:00,0.0
3491,2013-08-10 04:00:00+00:00,0.0
3491,2013-08-10 04:30:00+00:00,0.0
3491,2013-08-10 05:00:00+00:00,0.0
3491,2013-08-10 05:30:00+00:00,3.32
3491,2013-08-10 06:00:00+00:00,37.83
3491,2013-08-10 06:30:00+00:00,88.27
3491,2013-08-10 07:00:00+00:00,134.12
3491,2013-08-10 07:30:00+00:00,198.03
3491,2013-08-10 08:00:00+00:00,250.39
3491,2013-08-10 08:30:00+00:00,338.47
3491,2013-08-10 09:00:00+00:00,336.51
3491,2013-08-10 09:30:00+00:00,443.28
3491,2013-08-10 10:00:00+00:00,459.98
3491,2013-08-10 10:30:00+00:00,471.25
3491,2013-08-10 11:00:00+00:00,524.7
3491,2013-08-10 11:30:00+00:00,557.15
3491,2013-08-10 12:00:00+00:00,528.5
3491,2013-08-10 12:30:00+00:00,436.67
3491,2013-08-10 13:00:00+00:00,414.54
3491,2013-08-10 13:30:00+00:00,634.8
3491,2013-08-10 14:00:00+00:00,638.05
3491,2013-08-10 14:30:00+00:00,399.91
3491,2013-08-10 15:00:00+00:00,352.06
3491,2013-08-10 15:30:00+00:00,333.7
3491,2013-08-10 16:00:00+00:00,300.34
3491,2013-08-10 16:30:00+00:00,207.1
3491,2013-08-10 17:00:00+00:00,133.6
3491,2013-08-10 17:30:00+00:00,110.6
3491,2013-08-10 18:00:00+00:00,63.79
3491,2013-08-10 18:30:00+00:00,36.46
3491,2013-08-10 19:00:00+00:00,9.39
3491,2013-08-10 19:30:00+00:00,0.0
3491,2013-08-10 20:00:00+00:00,0.0
3491,2013-08-10 20:30:00+00:00,0.0
3491,2013-08-10 21:00:00+00:00,0.0
3491,2013-08-10 21:30:00+00:00,0.0
3491,2013-08-10 22:00:00+00:00,0.0
3491,2013-08-10 22:30:00+00:00,0.0
3491,2013-08-10 23:00:00+00:00,0.0
3491,2013-08-10 23:30:00+00:00,0.0
3491,2013-08-11 00:00:00+00:00,0.0
3491,2013-08-11 00:30:00+00:00,0.0
3491,2013-08-11 01:00:00+00:00,0.0
3491,2013-08-11 01:30:00+00:00,0.0
3491,2013-08-11 02:00:00+00:00,0.0
3491,2013-08-11 02:30:00+00:00,0.0
3491,2013-08-11 03:00:00+00:00,0.0
3491,2013-08-11 03:30:00+00:00,0.0
3491,2013-08-11 04:00:00+00:00,0.0
3491,2013-08-11 04:30:00+00:00,0.0
3491,2013-08-11 05:00:00+00:00,0.0
3491,2013-08-11 05:30:00+00:00,3.48
3491,2013-08-11 06:00:00+00:00,29.02
3491,2013-08-11 06:30:00+00:00,71.24
3491,2013-08-11 07:00:00+00:00,127.08
3491,2013-08-11 07:30:00+00:00,114.92
3491,2013-08-11 08:00:00+00:00,212.95
3491,2013-08-11 08:30:00+00:00,424.73
3491,2013-08-11 09:00:00+00:00,581.6
3491,2013-08-11 09:30:00+00:00,342.92
3491,2013-08-11 10:00:00+00:00,445.83
3491,2013-08-11 10:30:00+00:00,458.77
3491,2013-08-11 11:00:00+00:00,520.45
3491,2013-08-11 11:30:00+00:00,349.8
3491,2013-08-11 12:00:00+00:00,556.9
3491,2013-08-11 12:30:00+00:00,872.6
3491,2013-08-11 13:00:00+00:00,423.03
3491,2013-08-11 13:30:00+00:00,698.65
3491,2013-08-11 14:00:00+00:00,697.95
3491,2013-08-11 14:30:00+00:00,590.75
3491,2013-08-11 15:00:00+00:00,580.55
3491,2013-08-11 15:30:00+00:00,414.46
3491,2013-08-11 16:00:00+00:00,260.44
3491,2013-08-11 16:30:00+00:00,148.18
3491,2013-08-11 17:00:00+00:00,97.49
3491,2013-08-11 17:30:00+00:00,61.04
3491,2013-08-11 18:00:00+00:00,40.26
3491,2013-08-11 18:30:00+00:00,25.6
3491,2013-08-11 19:00:00+00:00,7.67
3491,2013-08-11 19:30:00+00:00,0.0
3491,2013-08-11 20:00:00+00:00,0.0
3491,2013-08-11 20:30:00+00:00,0.0
3491,2013-08-11 21:00:00+00:00,0.0
3491,2013-08-11 21:30:00+00:00,0.0
3491,2013-08-11 22:00:00+00:00,0.0
3491,2013-08-11 22:30:00+00:00,0.0
3491,2013-08-11 23:00:00+00:00,0.0
3491,2013-08-11 23:30:00+00:00,0.0
3491,2013-08-12 00:00:00+00:00,0.0
3491,2013-08-12 00:30:00+00:00,0.0
3491,2013-08-12 01:00:00+00:00,0.0
3491,2013-08-12 01:30:00+00:00,0.0
3491,2013-08-12 02:00:00+00:00,0.0
3491,2013-08-12 02:30:00+00:00,0.0
3491,2013-08-12 03:00:00+00:00,0.0
3491,2013-08-12 03:30:00+00:00,0.0
3491,2013-08-12 04:00:00+00:00,0.0
3491,2013-08-12 04:30:00+00:00,0.0
3491,2013-08-12 05:00:00+00:00,0.0
3491,2013-08-12 05:30:00+00:00,0.0
3491,2013-08-12 06:00:00+00:00,4.18
3491,2013-08-12 06:30:00+00:00,38.83
3491,2013-08-12 07:00:00+00:00,105.04
3491,2013-08-12 07:30:00+00:00,195.48
3491,2013-08-12 08:00:00+00:00,230.01
3491,2013-08-12 08:30:00+00:00,327.34
3491,2013-08-12 09:00:00+00:00,474.69
3491,2013-08-12 09:30:00+00:00,767.05
3491,2013-08-12 10:00:00+00:00,714.15
3491,2013-08-12 10:30:00+00:00,749.8
3491,2013-08-12 11:00:00+00:00,626.95
3491,2013-08-12 11:30:00+00:00,480.34
3491,2013-08-12 12:00:00+00:00,425.59
3491,2013-08-12 12:30:00+00:00,781.55
3491,2013-08-12 13:00:00+00:00,539.95
3491,2013-08-12 13:30:00+00:00,361.35
3491,2013-08-12 14:00:00+00:00,680.45
3491,2013-08-12 14:30:00+00:00,525.85
3491,2013-08-12 15:00:00+00:00,381.94
3491,2013-08-12 15:30:00+00:00,218.15
3491,2013-08-12 16:00:00+00:00,200.31
3491,2013-08-12 16:30:00+00:00,204.01
3491,2013-08-12 17:00:00+00:00,124.89
3491,2013-08-12 17:30:00+00:00,99.51
3491,2013-08-12 18:00:00+00:00,58.27
3491,2013-08-12 18:30:00+00:00,32.96
3491,2013-08-12 19:00:00+00:00,8.47
3491,2013-08-12 19:30:00+00:00,0.0
3491,2013-08-12 20:00:00+00:00,0.0
3491,2013-08-12 20:30:00+00:00,0.0
3491,2013-08-12 21:00:00+00:00,0.0
3491,2013-08-12 21:30:00+00:00,0.0
3491,2013-08-12 22:00:00+00:00,0.0
3491,2013-08-12 22:30:00+00:00,0.0
3491,2013-08-12 23:00:00+00:00,0.0
3491,2013-08-12 23:30:00+00:00,0.0
3491,2013-08-13 00:00:00+00:00,0.0
3491,2013-08-13 00:30:00+00:00,0.0
3491,2013-08-13 01:00:00+00:00,0.0
3491,2013-08-13 01:30:00+00:00,0.0
3491,2013-08-13 02:00:00+00:00,0.0
3491,2013-08-13 02:30:00+00:00,0.0
3491,2013-08-13 03:00:00+00:00,0.0
3491,2013-08-13 03:30:00+00:00,0.0
3491,2013-08-13 04:00:00+00:00,0.0
3491,2013-08-13 04:30:00+00:00,0.0
3491,2013-08-13 05:00:00+00:00,0.0
3491,2013-08-13 05:30:00+00:00,17.62
3491,2013-08-13 06:00:00+00:00,75.81
3491,2013-08-13 06:30:00+00:00,111.2
3491,2013-08-13 07:00:00+00:00,129.63
3491,2013-08-13 07:30:00+00:00,201.16
3491,2013-08-13 08:00:00+00:00,256.87
3491,2013-08-13 08:30:00+00:00,369.09
3491,2013-08-13 09:00:00+00:00,560.8
3491,2013-08-13 09:30:00+00:00,847.4
3491,2013-08-13 10:00:00+00:00,797.75
3491,2013-08-13 10:30:00+00:00,926.2
3491,2013-08-13 11:00:00+00:00,866.5
3491,2013-08-13 11:30:00+00:00,663.3
3491,2013-08-13 12:00:00+00:00,470.44
3491,2013-08-13 12:30:00+00:00,359.26
3491,2013-08-13 13:00:00+00:00,547.2
3491,2013-08-13 13:30:00+00:00,485.96
3491,2013-08-13 14:00:00+00:00,360.62
3491,2013-08-13 14:30:00+00:00,269.44
3491,2013-08-13 15:00:00+00:00,234.0
3491,2013-08-13 15:30:00+00:00,169.36
3491,2013-08-13 16:00:00+00:00,126.02
3491,2013-08-13 16:30:00+00:00,139.61
3491,2013-08-13 17:00:00+00:00,113.57
3491,2013-08-13 17:30:00+00:00,98.03
3491,2013-08-13 18:00:00+00:00,45.89
3491,2013-08-13 18:30:00+00:00,30.22
3491,2013-08-13 19:00:00+00:00,5.6
3491,2013-08-13 19:30:00+00:00,0.0
3491,2013-08-13 20:00:00+00:00,0.0
3491,2013-08-13 20:30:00+00:00,0.0
3491,2013-08-13 21:00:00+00:00,0.0
3491,2013-08-13 21:30:00+00:00,0.0
3491,2013-08-13 22:00:00+00:00,0.0
3491,2013-08-13 22:30:00+00:00,0.0
3491,2013-08-13 23:00:00+00:00,0.0
3491,2013-08-13 23:30:00+00:00,0.0
3491,2013-08-14 00:00:00+00:00,0.0
3491,2013-08-14 00:30:00+00:00,0.0
3491,2013-08-14 01:00:00+00:00,0.0
3491,2013-08-14 01:30:00+00:00,0.0
3491,2013-08-14 02:00:00+00:00,0.0
3491,2013-08-14 02:30:00+00:00,0.0
3491,2013-08-14 03:00:00+00:00,0.0
3491,2013-08-14 03:30:00+00:00,0.0
3491,2013-08-14 04:00:00+00:00,0.0
3491,2013-08-14 04:30:00+00:00,0.0
3491,2013-08-14 05:00:00+00:00,0.0
3491,2013-08-14 05:30:00+00:00,2.75
3491,2013-08-14 06:00:00+00:00,23.12
3491,2013-08-14 06:30:00+00:00,35.97
3491,2013-08-14 07:00:00+00:00,48.43
3491,2013-08-14 07:30:00+00:00,60.04
3491,2013-08-14 08:00:00+00:00,71.85
3491,2013-08-14 08:30:00+00:00,282.6
3491,2013-08-14 09:00:00+00:00,868.95
3491,2013-08-14 09:30:00+00:00,966.2
3491,2013-08-14 10:00:00+00:00,975.6
3491,2013-08-14 10:30:00+00:00,687.0
3491,2013-08-14 11:00:00+00:00,495.73
3491,2013-08-14 11:30:00+00:00,585.7
3491,2013-08-14 12:00:00+00:00,339.3
3491,2013-08-14 12:30:00+00:00,442.43
3491,2013-08-14 13:00:00+00:00,696.5
3491,2013-08-14 13:30:00+00:00,626.75
3491,2013-08-14 14:00:00+00:00,616.55
3491,2013-08-14 14:30:00+00:00,438.98
3491,2013-08-14 15:00:00+00:00,316.8
3491,2013-08-14 15:30:00+00:00,373.06
3491,2013-08-14 16:00:00+00:00,325.3
3491,2013-08-14 16:30:00+00:00,187.82
3491,2013-08-14 17:00:00+00:00,135.9
3491,2013-08-14 17:30:00+00:00,89.21
3491,2013-08-14 18:00:00+00:00,73.42
3491,2013-08-14 18:30:00+00:00,36.52
3491,2013-08-14 19:00:00+00:00,5.66
3491,2013-08-14 19:30:00+00:00,0.0
3491,2013-08-14 20:00:00+00:00,0.0
3491,2013-08-14 20:30:00+00:00,0.0
3491,2013-08-14 21:00:00+00:00,0.0
3491,2013-08-14 21:30:00+00:00,0.0
3491,2013-08-14 22:00:00+00:00,0.0
3491,2013-08-14 22:30:00+00:00,0.0
3491,2013-08-14 23:00:00+00:00,0.0
3491,2013-08-14 23:30:00+00:00,0.0
3491,2013-08-15 00:00:00+00:00,0.0
3491,2013-08-15 00:30:00+00:00,0.0
3491,2013-08-15 01:00:00+00:00,0.0
3491,2013-08-15 01:30:00+00:00,0.0
3491,2013-08-15 02:00:00+00:00,0.0
3491,2013-08-15 02:30:00+00:00,0.0
3491,2013-08-15 03:00:00+00:00,0.0
3491,2013-08-15 03:30:00+00:00,0.0
3491,2013-08-15 04:00:00+00:00,0.0
3491,2013-08-15 04:30:00+00:00,0.0
3491,2013-08-15 05:00:00+00:00,0.0
3491,2013-08-15 05:30:00+00:00,2.01
3491,2013-08-15 06:00:00+00:00,30.61
3491,2013-08-15 06:30:00+00:00,64.19
3491,2013-08-15 07:00:00+00:00,125.52
3491,2013-08-15 07:30:00+00:00,156.3
3491,2013-08-15 08:00:00+00:00,164.92
3491,2013-08-15 08:30:00+00:00,248.43
3491,2013-08-15 09:00:00+00:00,638.9
3491,2013-08-15 09:30:00+00:00,304.26
3491,2013-08-15 10:00:00+00:00,524.6
3491,2013-08-15 10:30:00+00:00,955.95
3491,2013-08-15 11:00:00+00:00,522.6
3491,2013-08-15 11:30:00+00:00,843.0
3491,2013-08-15 12:00:00+00:00,836.35
3491,2013-08-15 12:30:00+00:00,632.2
3491,2013-08-15 13:00:00+00:00,348.62
3491,2013-08-15 13:30:00+00:00,593.5
3491,2013-08-15 14:00:00+00:00,654.05
3491,2013-08-15 14:30:00+00:00,598.95
3491,2013-08-15 15:00:00+00:00,353.59
3491,2013-08-15 15:30:00+00:00,383.89
3491,2013-08-15 16:00:00+00:00,231.71
3491,2013-08-15 16:30:00+00:00,133.9
3491,2013-08-15 17:00:00+00:00,143.07
3491,2013-08-15 17:30:00+00:00,72.21
3491,2013-08-15 18:00:00+00:00,78.05
3491,2013-08-15 18:30:00+00:00,22.98
3491,2013-08-15 19:00:00+00:00,0.0
3491,2013-08-15 19:30:00+00:00,0.0
3491,2013-08-15 20:00:00+00:00,0.0
3491,2013-08-15 20:30:00+00:00,0.0
3491,2013-08-15 21:00:00+00:00,0.0
3491,2013-08-15 21:30:00+00:00,0.0
3491,2013-08-15 22:00:00+00:00,0.0
3491,2013-08-15 22:30:00+00:00,0.0
3491,2013-08-15 23:00:00+00:00,0.0
3491,2013-08-15 23:30:00+00:00,0.0
3491,2013-08-16 00:00:00+00:00,0.0
3491,2013-08-16 00:30:00+00:00,0.0
3491,2013-08-16 01:00:00+00:00,0.0
3491,2013-08-16 01:30:00+00:00,0.0
3491,2013-08-16 02:00:00+00:00,0.0
3491,2013-08-16 02:30:00+00:00,0.0
3491,2013-08-16 03:00:00+00:00,0.0
3491,2013-08-16 03:30:00+00:00,0.0
3491,2013-08-16 04:00:00+00:00,0.0
3491,2013-08-16 04:30:00+00:00,0.0
3491,2013-08-16 05:00:00+00:00,0.0
3491,2013-08-16 05:30:00+00:00,0.0
3491,2013-08-16 06:00:00+00:00,18.59
3491,2013-08-16 06:30:00+00:00,49.73
3491,2013-08-16 07:00:00+00:00,59.53
3491,2013-08-16 07:30:00+00:00,81.3
3491,2013-08-16 08:00:00+00:00,80.1
3491,2013-08-16 08:30:00+00:00,118.92
3491,2013-08-16 09:00:00+00:00,215.18
3491,2013-08-16 09:30:00+00:00,194.03
3491,2013-08-16 10:00:00+00:00,259.18
3491,2013-08-16 10:30:00+00:00,257.07
3491,2013-08-16 11:00:00+00:00,292.53
3491,2013-08-16 11:30:00+00:00,445.09
3491,2013-08-16 12:00:00+00:00,283.65
3491,2013-08-16 12:30:00+00:00,232.88
3491,2013-08-16 13:00:00+00:00,350.41
3491,2013-08-16 13:30:00+00:00,392.84
3491,2013-08-16 14:00:00+00:00,223.18
3491,2013-08-16 14:30:00+00:00,309.51
3491,2013-08-16 15:00:00+00:00,103.55
3491,2013-08-16 15:30:00+00:00,78.73
3491,2013-08-16 16:00:00+00:00,114.28
3491,2013-08-16 16:30:00+00:00,173.71
3491,2013-08-16 17:00:00+00:00,179.0
3491,2013-08-16 17:30:00+00:00,132.42
3491,2013-08-16 18:00:00+00:00,84.77
3491,2013-08-16 18:30:00+00:00,33.34
3491,2013-08-16 19:00:00+00:00,15.68
3491,2013-08-16 19:30:00+00:00,0.0
3491,2013-08-16 20:00:00+00:00,0.0
3491,2013-08-16 20:30:00+00:00,0.0
3491,2013-08-16 21:00:00+00:00,0.0
3491,2013-08-16 21:30:00+00:00,0.0
3491,2013-08-16 22:00:00+00:00,0.0
3491,2013-08-16 22:30:00+00:00,0.0
3491,2013-08-16 23:00:00+00:00,0.0
3491,2013-08-16 23:30:00+00:00,0.0
3491,2013-08-17 00:00:00+00:00,0.0
3491,2013-08-17 00:30:00+00:00,0.0
3491,2013-08-17 01:00:00+00:00,0.0
3491,2013-08-17 01:30:00+00:00,0.0
3491,2013-08-17 02:00:00+00:00,0.0
3491,2013-08-17 02:30:00+00:00,0.0
3491,2013-08-17 03:00:00+00:00,0.0
3491,2013-08-17 03:30:00+00:00,0.0
3491,2013-08-17 04:00:00+00:00,0.0
3491,2013-08-17 04:30:00+00:00,0.0
3491,2013-08-17 05:00:00+00:00,0.0
3491,2013-08-17 05:30:00+00:00,9.46
3491,2013-08-17 06:00:00+00:00,34.05
3491,2013-08-17 06:30:00+00:00,75.02
3491,2013-08-17 07:00:00+00:00,129.28
3491,2013-08-17 07:30:00+00:00,111.33
3491,2013-08-17 08:00:00+00:00,229.88
3491,2013-08-17 08:30:00+00:00,262.73
3491,2013-08-17 09:00:00+00:00,443.42
3491,2013-08-17 09:30:00+00:00,593.7
3491,2013-08-17 10:00:00+00:00,707.9
3491,2013-08-17 10:30:00+00:00,392.67
3491,2013-08-17 11:00:00+00:00,360.94
3491,2013-08-17 11:30:00+00:00,326.75
3491,2013-08-17 12:00:00+00:00,392.53
3491,2013-08-17 12:30:00+00:00,645.85
3491,2013-08-17 13:00:00+00:00,379.05
3491,2013-08-17 13:30:00+00:00,311.83
3491,2013-08-17 14:00:00+00:00,224.08
3491,2013-08-17 14:30:00+00:00,156.41
3491,2013-08-17 15:00:00+00:00,159.19
3491,2013-08-17 15:30:00+00:00,82.96
3491,2013-08-17 16:00:00+00:00,151.12
3491,2013-08-17 16:30:00+00:00,142.63
3491,2013-08-17 17:00:00+00:00,159.36
3491,2013-08-17 17:30:00+00:00,94.6
3491,2013-08-17 18:00:00+00:00,45.9
3491,2013-08-17 18:30:00+00:00,30.34
3491,2013-08-17 19:00:00+00:00,4.26
3491,2013-08-17 19:30:00+00:00,0.0
3491,2013-08-17 20:00:00+00:00,0.0
3491,2013-08-17 20:30:00+00:00,0.0
3491,2013-08-17 21:00:00+00:00,0.0
3491,2013-08-17 21:30:00+00:00,0.0
3491,2013-08-17 22:00:00+00:00,0.0
3491,2013-08-17 22:30:00+00:00,0.0
3491,2013-08-17 23:00:00+00:00,0.0
3491,2013-08-17 23:30:00+00:00,0.0
3491,2013-08-18 00:00:00+00:00,0.0
3491,2013-08-18 00:30:00+00:00,0.0
3491,2013-08-18 01:00:00+00:00,0.0
3491,2013-08-18 01:30:00+00:00,0.0
3491,2013-08-18 02:00:00+00:00,0.0
3491,2013-08-18 02:30:00+00:00,0.0
3491,2013-08-18 03:00:00+00:00,0.0
3491,2013-08-18 03:30:00+00:00,0.0
3491,2013-08-18 04:00:00+00:00,0.0
3491,2013-08-18 04:30:00+00:00,0.0
3491,2013-08-18 05:00:00+00:00,0.0
3491,2013-08-18 05:30:00+00:00,0.73
3491,2013-08-18 06:00:00+00:00,25.26
3491,2013-08-18 06:30:00+00:00,67.81
3491,2013-08-18 07:00:00+00:00,62.92
3491,2013-08-18 07:30:00+00:00,126.94
3491,2013-08-18 08:00:00+00:00,152.91
3491,2013-08-18 08:30:00+00:00,251.93
3491,2013-08-18 09:00:00+00:00,690.35
3491,2013-08-18 09:30:00+00:00,539.7
3491,2013-08-18 10:00:00+00:00,640.95
3491,2013-08-18 10:30:00+00:00,426.31
3491,2013-08-18 11:00:00+00:00,537.55
3491,2013-08-18 11:30:00+00:00,692.55
3491,2013-08-18 12:00:00+00:00,760.15
3491,2013-08-18 12:30:00+00:00,620.35
3491,2013-08-18 13:00:00+00:00,458.66
3491,2013-08-18 13:30:00+00:00,441.62
3491,2013-08-18 14:00:00+00:00,658.5
3491,2013-08-18 14:30:00+00:00,637.45
3491,2013-08-18 15:00:00+00:00,218.11
3491,2013-08-18 15:30:00+00:00,135.14
3491,2013-08-18 16:00:00+00:00,202.24
3491,2013-08-18 16:30:00+00:00,146.4
3491,2013-08-18 17:00:00+00:00,95.76
3491,2013-08-18 17:30:00+00:00,61.07
3491,2013-08-18 18:00:00+00:00,40.9
3491,2013-08-18 18:30:00+00:00,25.78
3491,2013-08-18 19:00:00+00:00,2.72
3491,2013-08-18 19:30:00+00:00,0.0
3491,2013-08-18 20:00:00+00:00,0.0
3491,2013-08-18 20:30:00+00:00,0.0
3491,2013-08-18 21:00:00+00:00,0.0
3491,2013-08-18 21:30:00+00:00,0.0
3491,2013-08-18 22:00:00+00:00,0.0
3491,2013-08-18 22:30:00+00:00,0.0
3491,2013-08-18 23:00:00+00:00,0.0
3491,2013-08-18 23:30:00+00:00,0.0
3491,2013-08-19 00:00:00+00:00,0.0
3491,2013-08-19 00:30:00+00:00,0.0
3491,2013-08-19 01:00:00+00:00,0.0
3491,2013-08-19 01:30:00+00:00,0.0
3491,2013-08-19 02:00:00+00:00,0.0
3491,2013-08-19 02:30:00+00:00,0.0
3491,2013-08-19 03:00:00+00:00,0.0
3491,2013-08-19 03:30:00+00:00,0.0
3491,2013-08-19 04:00:00+00:00,0.0
3491,2013-08-19 04:30:00+00:00,0.0
3491,2013-08-19 05:00:00+00:00,0.0
3491,2013-08-19 05:30:00+00:00,1.11
3491,2013-08-19 06:00:00+00:00,20.86
3491,2013-08-19 06:30:00+00:00,35.98
3491,2013-08-19 07:00:00+00:00,44.78
3491,2013-08-19 07:30:00+00:00,60.51
3491,2013-08-19 08:00:00+00:00,75.42
3491,2013-08-19 08:30:00+00:00,92.57
3491,2013-08-19 09:00:00+00:00,870.4
3491,2013-08-19 09:30:00+00:00,983.95
3491,2013-08-19 10:00:00+00:00,750.9
3491,2013-08-19 10:30:00+00:00,798.1
3491,2013-08-19 11:00:00+00:00,669.1
3491,2013-08-19 11:30:00+00:00,454.95
3491,2013-08-19 12:00:00+00:00,365.66
3491,2013-08-19 12:30:00+00:00,406.7
3491,2013-08-19 13:00:00+00:00,695.3
3491,2013-08-19 13:30:00+00:00,496.74
3491,2013-08-19 14:00:00+00:00,510.2
3491,2013-08-19 14:30:00+00:00,411.83
3491,2013-08-19 15:00:00+00:00,307.26
3491,2013-08-19 15:30:00+00:00,295.75
3491,2013-08-19 16:00:00+00:00,155.65
3491,2013-08-19 16:30:00+00:00,154.52
3491,2013-08-19 17:00:00+00:00,64.66
3491,2013-08-19 17:30:00+00:00,53.88
3491,2013-08-19 18:00:00+00:00,45.23
3491,2013-08-19 18:30:00+00:00,24.15
3491,2013-08-19 19:00:00+00:00,2.75
3491,2013-08-19 19:30:00+00:00,0.0
3491,2013-08-19 20:00:00+00:00,0.0
3491,2013-08-19 20:30:00+00:00,0.0
3491,2013-08-19 21:00:00+00:00,0.0
3491,2013-08-19 21:30:00+00:00,0.0
3491,2013-08-19 22:00:00+00:00,0.0
3491,2013-08-19 22:30:00+00:00,0.0
3491,2013-08-19 23:00:00+00:00,0.0
3491,2013-08-19 23:30:00+00:00,0.0
3491,2013-08-20 00:00:00+00:00,0.0
3491,2013-08-20 00:30:00+00:00,0.0
3491,2013-08-20 01:00:00+00:00,0.0
3491,2013-08-20 01:30:00+00:00,0.0
3491,2013-08-20 02:00:00+00:00,0.0
3491,2013-08-20 02:30:00+00:00,0.0
3491,2013-08-20 03:00:00+00:00,0.0
3491,2013-08-20 03:30:00+00:00,0.0
3491,2013-08-20 04:00:00+00:00,0.0
3491,2013-08-20 04:30:00+00:00,0.0
3491,2013-08-20 05:00:00+00:00,0.0
3491,2013-08-20 05:30:00+00:00,0.0
3491,2013-08-20 06:00:00+00:00,25.36
3491,2013-08-20 06:30:00+00:00,71.38
3491,2013-08-20 07:00:00+00:00,110.89
3491,2013-08-20 07:30:00+00:00,188.57
3491,2013-08-20 08:00:00+00:00,262.9
3491,2013-08-20 08:30:00+00:00,316.91
3491,2013-08-20 09:00:00+00:00,569.35
3491,2013-08-20 09:30:00+00:00,956.2
3491,2013-08-20 10:00:00+00:00,988.3
3491,2013-08-20 10:30:00+00:00,972.6
3491,2013-08-20 11:00:00+00:00,646.2
3491,2013-08-20 11:30:00+00:00,1018.8
3491,2013-08-20 12:00:00+00:00,970.15
3491,2013-08-20 12:30:00+00:00,896.85
3491,2013-08-20 13:00:00+00:00,678.5
3491,2013-08-20 13:30:00+00:00,597.2
3491,2013-08-20 14:00:00+00:00,751.45
3491,2013-08-20 14:30:00+00:00,645.15
3491,2013-08-20 15:00:00+00:00,468.1
3491,2013-08-20 15:30:00+00:00,396.14
3491,2013-08-20 16:00:00+00:00,211.88
3491,2013-08-20 16:30:00+00:00,105.76
3491,2013-08-20 17:00:00+00:00,69.53
3491,2013-08-20 17:30:00+00:00,52.57
3491,2013-08-20 18:00:00+00:00,35.42
3491,2013-08-20 18:30:00+00:00,17.17
3491,2013-08-20 19:00:00+00:00,1.78
3491,2013-08-20 19:30:00+00:00,0.0
3491,2013-08-20 20:00:00+00:00,0.0
3491,2013-08-20 20:30:00+00:00,0.0
3491,2013-08-20 21:00:00+00:00,0.0
3491,2013-08-20 21:30:00+00:00,0.0
3491,2013-08-20 22:00:00+00:00,0.0
3491,2013-08-20 22:30:00+00:00,0.0
3491,2013-08-20 23:00:00+00:00,0.0
3491,2013-08-20 23:30:00+00:00,0.0
3491,2013-08-21 00:00:00+00:00,0.0
3491,2013-08-21 00:30:00+00:00,0.0
3491,2013-08-21 01:00:00+00:00,0.0
3491,2013-08-21 01:30:00+00:00,0.0
3491,2013-08-21 02:00:00+00:00,0.0
3491,2013-08-21 02:30:00+00:00,0.0
3491,2013-08-21 03:00:00+00:00,0.0
3491,2013-08-21 03:30:00+00:00,0.0
3491,2013-08-21 04:00:00+00:00,0.0
3491,2013-08-21 04:30:00+00:00,0.0
3491,2013-08-21 05:00:00+00:00,0.0
3491,2013-08-21 05:30:00+00:00,1.77
3491,2013-08-21 06:00:00+00:00,39.74
3491,2013-08-21 06:30:00+00:00,94.94
3491,2013-08-21 07:00:00+00:00,71.11
3491,2013-08-21 07:30:00+00:00,132.67
3491,2013-08-21 08:00:00+00:00,138.3
3491,2013-08-21 08:30:00+00:00,243.03
3491,2013-08-21 09:00:00+00:00,824.3
3491,2013-08-21 09:30:00+00:00,898.85
3491,2013-08-21 10:00:00+00:00,816.55
3491,2013-08-21 10:30:00+00:00,932.85
3491,2013-08-21 11:00:00+00:00,960.15
3491,2013-08-21 11:30:00+00:00,967.9
3491,2013-08-21 12:00:00+00:00,914.65
3491,2013-08-21 12:30:00+00:00,762.5
3491,2013-08-21 13:00:00+00:00,823.3
3491,2013-08-21 13:30:00+00:00,738.35
3491,2013-08-21 14:00:00+00:00,707.5
3491,2013-08-21 14:30:00+00:00,617.25
3491,2013-08-21 15:00:00+00:00,489.61
3491,2013-08-21 15:30:00+00:00,259.81
3491,2013-08-21 16:00:00+00:00,206.31
3491,2013-08-21 16:30:00+00:00,160.51
3491,2013-08-21 17:00:00+00:00,92.74
3491,2013-08-21 17:30:00+00:00,103.04
3491,2013-08-21 18:00:00+00:00,58.53
3491,2013-08-21 18:30:00+00:00,24.8
3491,2013-08-21 19:00:00+00:00,6.38
3491,2013-08-21 19:30:00+00:00,0.0
3491,2013-08-21 20:00:00+00:00,0.0
3491,2013-08-21 20:30:00+00:00,0.0
3491,2013-08-21 21:00:00+00:00,0.0
3491,2013-08-21 21:30:00+00:00,0.0
3491,2013-08-21 22:00:00+00:00,0.0
3491,2013-08-21 22:30:00+00:00,0.0
3491,2013-08-21 23:00:00+00:00,0.0
3491,2013-08-21 23:30:00+00:00,0.0
3491,2013-08-22 00:00:00+00:00,0.0
3491,2013-08-22 00:30:00+00:00,0.0
3491,2013-08-22 01:00:00+00:00,0.0
3491,2013-08-22 01:30:00+00:00,0.0
3491,2013-08-22 02:00:00+00:00,0.0
3491,2013-08-22 02:30:00+00:00,0.0
3491,2013-08-22 03:00:00+00:00,0.0
3491,2013-08-22 03:30:00+00:00,0.0
3491,2013-08-22 04:00:00+00:00,0.0
3491,2013-08-22 04:30:00+00:00,0.0
3491,2013-08-22 05:00:00+00:00,0.0
3491,2013-08-22 05:30:00+00:00,0.0
3491,2013-08-22 06:00:00+00:00,0.0
3491,2013-08-22 06:30:00+00:00,13.75
3491,2013-08-22 07:00:00+00:00,47.52
3491,2013-08-22 07:30:00+00:00,21.06
3491,2013-08-22 08:00:00+00:00,1.96
3491,2013-08-22 08:30:00+00:00,10.06
3491,2013-08-22 09:00:00+00:00,20.63
3491,2013-08-22 09:30:00+00:00,46.16
3491,2013-08-22 10:00:00+00:00,117.3
3491,2013-08-22 10:30:00+00:00,59.21
3491,2013-08-22 11:00:00+00:00,135.05
3491,2013-08-22 11:30:00+00:00,114.43
3491,2013-08-22 12:00:00+00:00,137.38
3491,2013-08-22 12:30:00+00:00,136.1
3491,2013-08-22 13:00:00+00:00,400.99
3491,2013-08-22 13:30:00+00:00,252.58
3491,2013-08-22 14:00:00+00:00,195.26
3491,2013-08-22 14:30:00+00:00,215.15
3491,2013-08-22 15:00:00+00:00,299.97
3491,2013-08-22 15:30:00+00:00,257.6
3491,2013-08-22 16:00:00+00:00,220.98
3491,2013-08-22 16:30:00+00:00,198.22
3491,2013-08-22 17:00:00+00:00,156.78
3491,2013-08-22 17:30:00+00:00,61.89
3491,2013-08-22 18:00:00+00:00,63.57
3491,2013-08-22 18:30:00+00:00,36.49
3491,2013-08-22 19:00:00+00:00,3.03
3491,2013-08-22 19:30:00+00:00,0.0
3491,2013-08-22 20:00:00+00:00,0.0
3491,2013-08-22 20:30:00+00:00,0.0
3491,2013-08-22 21:00:00+00:00,0.0
3491,2013-08-22 21:30:00+00:00,0.0
3491,2013-08-22 22:00:00+00:00,0.0
3491,2013-08-22 22:30:00+00:00,0.0
3491,2013-08-22 23:00:00+00:00,0.0
3491,2013-08-22 23:30:00+00:00,0.0
3491,2013-08-23 00:00:00+00:00,0.0
3491,2013-08-23 00:30:00+00:00,0.0
3491,2013-08-23 01:00:00+00:00,0.0
3491,2013-08-23 01:30:00+00:00,0.0
3491,2013-08-23 02:00:00+00:00,0.0
3491,2013-08-23 02:30:00+00:00,0.0
3491,2013-08-23 03:00:00+00:00,0.0
3491,2013-08-23 03:30:00+00:00,0.0
3491,2013-08-23 04:00:00+00:00,0.0
3491,2013-08-23 04:30:00+00:00,0.0
3491,2013-08-23 05:00:00+00:00,0.0
3491,2013-08-23 05:30:00+00:00,0.0
3491,2013-08-23 06:00:00+00:00,13.67
3491,2013-08-23 06:30:00+00:00,54.16
3491,2013-08-23 07:00:00+00:00,107.43
3491,2013-08-23 07:30:00+00:00,148.42
3491,2013-08-23 08:00:00+00:00,196.78
3491,2013-08-23 08:30:00+00:00,277.61
3491,2013-08-23 09:00:00+00:00,771.15
3491,2013-08-23 09:30:00+00:00,883.95
3491,2013-08-23 10:00:00+00:00,924.75
3491,2013-08-23 10:30:00+00:00,946.65
3491,2013-08-23 11:00:00+00:00,934.85
3491,2013-08-23 11:30:00+00:00,856.35
3491,2013-08-23 12:00:00+00:00,759.4
3491,2013-08-23 12:30:00+00:00,443.24
3491,2013-08-23 13:00:00+00:00,623.9
3491,2013-08-23 13:30:00+00:00,503.4
3491,2013-08-23 14:00:00+00:00,402.75
3491,2013-08-23 14:30:00+00:00,354.22
3491,2013-08-23 15:00:00+00:00,243.19
3491,2013-08-23 15:30:00+00:00,249.59
3491,2013-08-23 16:00:00+00:00,188.52
3491,2013-08-23 16:30:00+00:00,95.06
3491,2013-08-23 17:00:00+00:00,70.78
3491,2013-08-23 17:30:00+00:00,51.64
3491,2013-08-23 18:00:00+00:00,16.99
3491,2013-08-23 18:30:00+00:00,0.0
3491,2013-08-23 19:00:00+00:00,0.0
3491,2013-08-23 19:30:00+00:00,0.0
3491,2013-08-23 20:00:00+00:00,0.0
3491,2013-08-23 20:30:00+00:00,0.0
3491,2013-08-23 21:00:00+00:00,0.0
3491,2013-08-23 21:30:00+00:00,0.0
3491,2013-08-23 22:00:00+00:00,0.0
3491,2013-08-23 22:30:00+00:00,0.0
3491,2013-08-23 23:00:00+00:00,0.0
3491,2013-08-23 23:30:00+00:00,0.0
3491,2013-08-24 00:00:00+00:00,0.0
3491,2013-08-24 00:30:00+00:00,0.0
3491,2013-08-24 01:00:00+00:00,0.0
3491,2013-08-24 01:30:00+00:00,0.0
3491,2013-08-24 02:00:00+00:00,0.0
3491,2013-08-24 02:30:00+00:00,0.0
3491,2013-08-24 03:00:00+00:00,0.0
3491,2013-08-24 03:30:00+00:00,0.0
3491,2013-08-24 04:00:00+00:00,0.0
3491,2013-08-24 04:30:00+00:00,0.0
3491,2013-08-24 05:00:00+00:00,0.0
3491,2013-08-24 05:30:00+00:00,0.0
3491,2013-08-24 06:00:00+00:00,0.86
3491,2013-08-24 06:30:00+00:00,25.14
3491,2013-08-24 07:00:00+00:00,39.82
3491,2013-08-24 07:30:00+00:00,57.47
3491,2013-08-24 08:00:00+00:00,31.95
3491,2013-08-24 08:30:00+00:00,35.45
3491,2013-08-24 09:00:00+00:00,56.41
3491,2013-08-24 09:30:00+00:00,63.91
3491,2013-08-24 10:00:00+00:00,120.17
3491,2013-08-24 10:30:00+00:00,177.2
3491,2013-08-24 11:00:00+00:00,308.2
3491,2013-08-24 11:30:00+00:00,335.13
3491,2013-08-24 12:00:00+00:00,284.9
3491,2013-08-24 12:30:00+00:00,152.04
3491,2013-08-24 13:00:00+00:00,150.72
3491,2013-08-24 13:30:00+00:00,160.75
3491,2013-08-24 14:00:00+00:00,141.26
3491,2013-08-24 14:30:00+00:00,110.48
3491,2013-08-24 15:00:00+00:00,56.05
3491,2013-08-24 15:30:00+00:00,62.29
3491,2013-08-24 16:00:00+00:00,7.83
3491,2013-08-24 16:30:00+00:00,1.03
3491,2013-08-24 17:00:00+00:00,8.59
3491,2013-08-24 17:30:00+00:00,0.0
3491,2013-08-24 18:00:00+00:00,0.0
3491,2013-08-24 18:30:00+00:00,0.0
3491,2013-08-24 19:00:00+00:00,0.0
3491,2013-08-24 19:30:00+00:00,0.0
3491,2013-08-24 20:00:00+00:00,0.0
3491,2013-08-24 20:30:00+00:00,0.0
3491,2013-08-24 21:00:00+00:00,0.0
3491,2013-08-24 21:30:00+00:00,0.0
3491,2013-08-24 22:00:00+00:00,0.0
3491,2013-08-24 22:30:00+00:00,0.0
3491,2013-08-24 23:00:00+00:00,0.0
3491,2013-08-24 23:30:00+00:00,0.0
3491,2013-08-25 00:00:00+00:00,0.0
3491,2013-08-25 00:30:00+00:00,0.0
3491,2013-08-25 01:00:00+00:00,0.0
3491,2013-08-25 01:30:00+00:00,0.0
3491,2013-08-25 02:00:00+00:00,0.0
3491,2013-08-25 02:30:00+00:00,0.0
3491,2013-08-25 03:00:00+00:00,0.0
3491,2013-08-25 03:30:00+00:00,0.0
3491,2013-08-25 04:00:00+00:00,0.0
3491,2013-08-25 04:30:00+00:00,0.0
3491,2013-08-25 05:00:00+00:00,0.0
3491,2013-08-25 05:30:00+00:00,0.0
3491,2013-08-25 06:00:00+00:00,0.0
3491,2013-08-25 06:30:00+00:00,10.09
3491,2013-08-25 07:00:00+00:00,25.9
3491,2013-08-25 07:30:00+00:00,35.11
3491,2013-08-25 08:00:00+00:00,48.08
3491,2013-08-25 08:30:00+00:00,80.9
3491,2013-08-25 09:00:00+00:00,74.78
3491,2013-08-25 09:30:00+00:00,111.98
3491,2013-08-25 10:00:00+00:00,416.0
3491,2013-08-25 10:30:00+00:00,522.05
3491,2013-08-25 11:00:00+00:00,477.96
3491,2013-08-25 11:30:00+00:00,692.25
3491,2013-08-25 12:00:00+00:00,843.5
3491,2013-08-25 12:30:00+00:00,773.6
3491,2013-08-25 13:00:00+00:00,744.45
3491,2013-08-25 13:30:00+00:00,794.6
3491,2013-08-25 14:00:00+00:00,717.6
3491,2013-08-25 14:30:00+00:00,605.0
3491,2013-08-25 15:00:00+00:00,516.4
3491,2013-08-25 15:30:00+00:00,350.24
3491,2013-08-25 16:00:00+00:00,272.71
3491,2013-08-25 16:30:00+00:00,162.04
3491,2013-08-25 17:00:00+00:00,156.17
3491,2013-08-25 17:30:00+00:00,37.12
3491,2013-08-25 18:00:00+00:00,34.48
3491,2013-08-25 18:30:00+00:00,15.7
3491,2013-08-25 19:00:00+00:00,0.07
3491,2013-08-25 19:30:00+00:00,0.0
3491,2013-08-25 20:00:00+00:00,0.0
3491,2013-08-25 20:30:00+00:00,0.0
3491,2013-08-25 21:00:00+00:00,0.0
3491,2013-08-25 21:30:00+00:00,0.0
3491,2013-08-25 22:00:00+00:00,0.0
3491,2013-08-25 22:30:00+00:00,0.0
3491,2013-08-25 23:00:00+00:00,0.0
3491,2013-08-25 23:30:00+00:00,0.0
3491,2013-08-26 00:00:00+00:00,0.0
3491,2013-08-26 00:30:00+00:00,0.0
3491,2013-08-26 01:00:00+00:00,0.0
3491,2013-08-26 01:30:00+00:00,0.0
3491,2013-08-26 02:00:00+00:00,0.0
3491,2013-08-26 02:30:00+00:00,0.0
3491,2013-08-26 03:00:00+00:00,0.0
3491,2013-08-26 03:30:00+00:00,0.0
3491,2013-08-26 04:00:00+00:00,0.0
3491,2013-08-26 04:30:00+00:00,0.0
3491,2013-08-26 05:00:00+00:00,0.0
3491,2013-08-26 05:30:00+00:00,0.0
3491,2013-08-26 06:00:00+00:00,1.23
3491,2013-08-26 06:30:00+00:00,14.21
3491,2013-08-26 07:00:00+00:00,37.72
3491,2013-08-26 07:30:00+00:00,89.19
3491,2013-08-26 08:00:00+00:00,118.66
3491,2013-08-26 08:30:00+00:00,175.36
3491,2013-08-26 09:00:00+00:00,551.05
3491,2013-08-26 09:30:00+00:00,853.25
3491,2013-08-26 10:00:00+00:00,901.3
3491,2013-08-26 10:30:00+00:00,974.95
3491,2013-08-26 11:00:00+00:00,976.4
3491,2013-08-26 11:30:00+00:00,980.6
3491,2013-08-26 12:00:00+00:00,968.3
3491,2013-08-26 12:30:00+00:00,949.1
3491,2013-08-26 13:00:00+00:00,901.75
3491,2013-08-26 13:30:00+00:00,820.25
3491,2013-08-26 14:00:00+00:00,737.75
3491,2013-08-26 14:30:00+00:00,631.15
3491,2013-08-26 15:00:00+00:00,506.9
3491,2013-08-26 15:30:00+00:00,361.81
3491,2013-08-26 16:00:00+00:00,214.34
3491,2013-08-26 16:30:00+00:00,96.23
3491,2013-08-26 17:00:00+00:00,55.27
3491,2013-08-26 17:30:00+00:00,43.85
3491,2013-08-26 18:00:00+00:00,29.49
3491,2013-08-26 18:30:00+00:00,13.34
3491,2013-08-26 19:00:00+00:00,0.0
3491,2013-08-26 19:30:00+00:00,0.0
3491,2013-08-26 20:00:00+00:00,0.0
3491,2013-08-26 20:30:00+00:00,0.0
3491,2013-08-26 21:00:00+00:00,0.0
3491,2013-08-26 21:30:00+00:00,0.0
3491,2013-08-26 22:00:00+00:00,0.0
3491,2013-08-26 22:30:00+00:00,0.0
3491,2013-08-26 23:00:00+00:00,0.0
3491,2013-08-26 23:30:00+00:00,0.0
3491,2013-08-27 00:00:00+00:00,0.0
3491,2013-08-27 00:30:00+00:00,0.0
3491,2013-08-27 01:00:00+00:00,0.0
3491,2013-08-27 01:30:00+00:00,0.0
3491,2013-08-27 02:00:00+00:00,0.0
3491,2013-08-27 02:30:00+00:00,0.0
3491,2013-08-27 03:00:00+00:00,0.0
3491,2013-08-27 03:30:00+00:00,0.0
3491,2013-08-27 04:00:00+00:00,0.0
3491,2013-08-27 04:30:00+00:00,0.0
3491,2013-08-27 05:00:00+00:00,0.0
3491,2013-08-27 05:30:00+00:00,0.0
3491,2013-08-27 06:00:00+00:00,18.52
3491,2013-08-27 06:30:00+00:00,34.63
3491,2013-08-27 07:00:00+00:00,58.32
3491,2013-08-27 07:30:00+00:00,105.22
3491,2013-08-27 08:00:00+00:00,157.85
3491,2013-08-27 08:30:00+00:00,183.53
3491,2013-08-27 09:00:00+00:00,262.03
3491,2013-08-27 09:30:00+00:00,629.85
3491,2013-08-27 10:00:00+00:00,992.35
3491,2013-08-27 10:30:00+00:00,1043.75
3491,2013-08-27 11:00:00+00:00,1027.95
3491,2013-08-27 11:30:00+00:00,1004.2
3491,2013-08-27 12:00:00+00:00,977.7
3491,2013-08-27 12:30:00+00:00,812.0
3491,2013-08-27 13:00:00+00:00,902.25
3491,2013-08-27 13:30:00+00:00,812.6
3491,2013-08-27 14:00:00+00:00,736.4
3491,2013-08-27 14:30:00+00:00,627.25
3491,2013-08-27 15:00:00+00:00,502.35
3491,2013-08-27 15:30:00+00:00,351.79
3491,2013-08-27 16:00:00+00:00,212.15
3491,2013-08-27 16:30:00+00:00,108.03
3491,2013-08-27 17:00:00+00:00,53.58
3491,2013-08-27 17:30:00+00:00,37.96
3491,2013-08-27 18:00:00+00:00,23.57
3491,2013-08-27 18:30:00+00:00,8.42
3491,2013-08-27 19:00:00+00:00,0.0
3491,2013-08-27 19:30:00+00:00,0.0
3491,2013-08-27 20:00:00+00:00,0.0
3491,2013-08-27 20:30:00+00:00,0.0
3491,2013-08-27 21:00:00+00:00,0.0
3491,2013-08-27 21:30:00+00:00,0.0
3491,2013-08-27 22:00:00+00:00,0.0
3491,2013-08-27 22:30:00+00:00,0.0
3491,2013-08-27 23:00:00+00:00,0.0
3491,2013-08-27 23:30:00+00:00,0.0
3491,2013-08-28 00:00:00+00:00,0.0
3491,2013-08-28 00:30:00+00:00,0.0
3491,2013-08-28 01:00:00+00:00,0.0
3491,2013-08-28 01:30:00+00:00,0.0
3491,2013-08-28 02:00:00+00:00,0.0
3491,2013-08-28 02:30:00+00:00,0.0
3491,2013-08-28 03:00:00+00:00,0.0
3491,2013-08-28 03:30:00+00:00,0.0
3491,2013-08-28 04:00:00+00:00,0.0
3491,2013-08-28 04:30:00+00:00,0.0
3491,2013-08-28 05:00:00+00:00,0.0
3491,2013-08-28 05:30:00+00:00,0.0
3491,2013-08-28 06:00:00+00:00,0.0
3491,2013-08-28 06:30:00+00:00,2.29
3491,2013-08-28 07:00:00+00:00,27.34
3491,2013-08-28 07:30:00+00:00,70.04
3491,2013-08-28 08:00:00+00:00,158.04
3491,2013-08-28 08:30:00+00:00,216.69
3491,2013-08-28 09:00:00+00:00,804.15
3491,2013-08-28 09:30:00+00:00,954.3
3491,2013-08-28 10:00:00+00:00,966.2
3491,2013-08-28 10:30:00+00:00,990.95
3491,2013-08-28 11:00:00+00:00,992.25
3491,2013-08-28 11:30:00+00:00,958.7
3491,2013-08-28 12:00:00+00:00,897.7
3491,2013-08-28 12:30:00+00:00,931.95
3491,2013-08-28 13:00:00+00:00,820.2
3491,2013-08-28 13:30:00+00:00,792.7
3491,2013-08-28 14:00:00+00:00,705.25
3491,2013-08-28 14:30:00+00:00,593.15
3491,2013-08-28 15:00:00+00:00,471.39
3491,2013-08-28 15:30:00+00:00,323.71
3491,2013-08-28 16:00:00+00:00,203.16
3491,2013-08-28 16:30:00+00:00,117.16
3491,2013-08-28 17:00:00+00:00,81.76
3491,2013-08-28 17:30:00+00:00,57.35
3491,2013-08-28 18:00:00+00:00,27.82
3491,2013-08-28 18:30:00+00:00,7.24
3491,2013-08-28 19:00:00+00:00,0.0
3491,2013-08-28 19:30:00+00:00,0.0
3491,2013-08-28 20:00:00+00:00,0.0
3491,2013-08-28 20:30:00+00:00,0.0
3491,2013-08-28 21:00:00+00:00,0.0
3491,2013-08-28 21:30:00+00:00,0.0
3491,2013-08-28 22:00:00+00:00,0.0
3491,2013-08-28 22:30:00+00:00,0.0
3491,2013-08-28 23:00:00+00:00,0.0
3491,2013-08-28 23:30:00+00:00,0.0
3491,2013-08-29 00:00:00+00:00,0.0
3491,2013-08-29 00:30:00+00:00,0.0
3491,2013-08-29 01:00:00+00:00,0.0
3491,2013-08-29 01:30:00+00:00,0.0
3491,2013-08-29 02:00:00+00:00,0.0
3491,2013-08-29 02:30:00+00:00,0.0
3491,2013-08-29 03:00:00+00:00,0.0
3491,2013-08-29 03:30:00+00:00,0.0
3491,2013-08-29 04:00:00+00:00,0.0
3491,2013-08-29 04:30:00+00:00,0.0
3491,2013-08-29 05:00:00+00:00,0.0
3491,2013-08-29 05:30:00+00:00,0.0
3491,2013-08-29 06:00:00+00:00,15.11
3491,2013-08-29 06:30:00+00:00,48.6
3491,2013-08-29 07:00:00+00:00,95.22
3491,2013-08-29 07:30:00+00:00,123.01
3491,2013-08-29 08:00:00+00:00,246.66
3491,2013-08-29 08:30:00+00:00,259.33
3491,2013-08-29 09:00:00+00:00,744.3
3491,2013-08-29 09:30:00+00:00,922.45
3491,2013-08-29 10:00:00+00:00,973.1
3491,2013-08-29 10:30:00+00:00,993.75
3491,2013-08-29 11:00:00+00:00,1013.8
3491,2013-08-29 11:30:00+00:00,1009.6
3491,2013-08-29 12:00:00+00:00,988.95
3491,2013-08-29 12:30:00+00:00,900.65
3491,2013-08-29 13:00:00+00:00,859.65
3491,2013-08-29 13:30:00+00:00,708.0
3491,2013-08-29 14:00:00+00:00,496.6
3491,2013-08-29 14:30:00+00:00,463.47
3491,2013-08-29 15:00:00+00:00,378.45
3491,2013-08-29 15:30:00+00:00,271.68
3491,2013-08-29 16:00:00+00:00,219.39
3491,2013-08-29 16:30:00+00:00,126.78
3491,2013-08-29 17:00:00+00:00,60.25
3491,2013-08-29 17:30:00+00:00,66.9
3491,2013-08-29 18:00:00+00:00,42.49
3491,2013-08-29 18:30:00+00:00,14.62
3491,2013-08-29 19:00:00+00:00,0.0
3491,2013-08-29 19:30:00+00:00,0.0
3491,2013-08-29 20:00:00+00:00,0.0
3491,2013-08-29 20:30:00+00:00,0.0
3491,2013-08-29 21:00:00+00:00,0.0
3491,2013-08-29 21:30:00+00:00,0.0
3491,2013-08-29 22:00:00+00:00,0.0
3491,2013-08-29 22:30:00+00:00,0.0
3491,2013-08-29 23:00:00+00:00,0.0
3491,2013-08-29 23:30:00+00:00,0.0
3491,2013-08-30 00:00:00+00:00,0.0
3491,2013-08-30 00:30:00+00:00,0.0
3491,2013-08-30 01:00:00+00:00,0.0
3491,2013-08-30 01:30:00+00:00,0.0
3491,2013-08-30 02:00:00+00:00,0.0
3491,2013-08-30 02:30:00+00:00,0.0
3491,2013-08-30 03:00:00+00:00,0.0
3491,2013-08-30 03:30:00+00:00,0.0
3491,2013-08-30 04:00:00+00:00,0.0
3491,2013-08-30 04:30:00+00:00,0.0
3491,2013-08-30 05:00:00+00:00,0.0
3491,2013-08-30 05:30:00+00:00,0.0
3491,2013-08-30 06:00:00+00:00,12.83
3491,2013-08-30 06:30:00+00:00,96.74
3491,2013-08-30 07:00:00+00:00,119.04
3491,2013-08-30 07:30:00+00:00,136.62
3491,2013-08-30 08:00:00+00:00,65.85
3491,2013-08-30 08:30:00+00:00,209.09
3491,2013-08-30 09:00:00+00:00,848.85
3491,2013-08-30 09:30:00+00:00,956.2
3491,2013-08-30 10:00:00+00:00,746.75
3491,2013-08-30 10:30:00+00:00,619.15
3491,2013-08-30 11:00:00+00:00,753.45
3491,2013-08-30 11:30:00+00:00,332.23
3491,2013-08-30 12:00:00+00:00,900.15
3491,2013-08-30 12:30:00+00:00,557.55
3491,2013-08-30 13:00:00+00:00,521.35
3491,2013-08-30 13:30:00+00:00,587.6
3491,2013-08-30 14:00:00+00:00,534.1
3491,2013-08-30 14:30:00+00:00,542.05
3491,2013-08-30 15:00:00+00:00,376.28
3491,2013-08-30 15:30:00+00:00,322.65
3491,2013-08-30 16:00:00+00:00,206.76
3491,2013-08-30 16:30:00+00:00,121.81
3491,2013-08-30 17:00:00+00:00,63.44
3491,2013-08-30 17:30:00+00:00,54.76
3491,2013-08-30 18:00:00+00:00,51.72
3491,2013-08-30 18:30:00+00:00,13.69
3491,2013-08-30 19:00:00+00:00,0.0
3491,2013-08-30 19:30:00+00:00,0.0
3491,2013-08-30 20:00:00+00:00,0.0
3491,2013-08-30 20:30:00+00:00,0.0
3491,2013-08-30 21:00:00+00:00,0.0
3491,2013-08-30 21:30:00+00:00,0.0
3491,2013-08-30 22:00:00+00:00,0.0
3491,2013-08-30 22:30:00+00:00,0.0
3491,2013-08-30 23:00:00+00:00,0.0
3491,2013-08-30 23:30:00+00:00,0.0
3491,2013-08-31 00:00:00+00:00,0.0
3491,2013-08-31 00:30:00+00:00,0.0
3491,2013-08-31 01:00:00+00:00,0.0
3491,2013-08-31 01:30:00+00:00,0.0
3491,2013-08-31 02:00:00+00:00,0.0
3491,2013-08-31 02:30:00+00:00,0.0
3491,2013-08-31 03:00:00+00:00,0.0
3491,2013-08-31 03:30:00+00:00,0.0
3491,2013-08-31 04:00:00+00:00,0.0
3491,2013-08-31 04:30:00+00:00,0.0
3491,2013-08-31 05:00:00+00:00,0.0
3491,2013-08-31 05:30:00+00:00,0.0
3491,2013-08-31 06:00:00+00:00,0.0
3491,2013-08-31 06:30:00+00:00,53.01
3491,2013-08-31 07:00:00+00:00,100.08
3491,2013-08-31 07:30:00+00:00,116.93
3491,2013-08-31 08:00:00+00:00,97.32
3491,2013-08-31 08:30:00+00:00,185.34
3491,2013-08-31 09:00:00+00:00,846.9
3491,2013-08-31 09:30:00+00:00,1002.35
3491,2013-08-31 10:00:00+00:00,1042.5
3491,2013-08-31 10:30:00+00:00,1049.2
3491,2013-08-31 11:00:00+00:00,1049.9
3491,2013-08-31 11:30:00+00:00,1034.4
3491,2013-08-31 12:00:00+00:00,1008.25
3491,2013-08-31 12:30:00+00:00,970.25
3491,2013-08-31 13:00:00+00:00,911.8
3491,2013-08-31 13:30:00+00:00,832.1
3491,2013-08-31 14:00:00+00:00,739.65
3491,2013-08-31 14:30:00+00:00,628.95
3491,2013-08-31 15:00:00+00:00,492.81
3491,2013-08-31 15:30:00+00:00,345.3
3491,2013-08-31 16:00:00+00:00,200.9
3491,2013-08-31 16:30:00+00:00,89.39
3491,2013-08-31 17:00:00+00:00,71.76
3491,2013-08-31 17:30:00+00:00,45.93
3491,2013-08-31 18:00:00+00:00,66.06
3491,2013-08-31 18:30:00+00:00,6.66
3491,2013-08-31 19:00:00+00:00,0.0
3491,2013-08-31 19:30:00+00:00,0.0
3491,2013-08-31 20:00:00+00:00,0.0
3491,2013-08-31 20:30:00+00:00,0.0
3491,2013-08-31 21:00:00+00:00,0.0
3491,2013-08-31 21:30:00+00:00,0.0
3491,2013-08-31 22:00:00+00:00,0.0
3491,2013-08-31 22:30:00+00:00,0.0
3491,2013-08-31 23:00:00+00:00,0.0
3491,2013-08-31 23:30:00+00:00,0.0
3491,2013-09-01 00:30:00+00:00,0.0
3491,2013-09-01 01:00:00+00:00,0.0
3491,2013-09-01 01:30:00+00:00,0.0
3491,2013-09-01 02:00:00+00:00,0.0
3491,2013-09-01 02:30:00+00:00,0.0
3491,2013-09-01 03:00:00+00:00,0.0
3491,2013-09-01 03:30:00+00:00,0.0
3491,2013-09-01 04:00:00+00:00,0.0
3491,2013-09-01 04:30:00+00:00,0.0
3491,2013-09-01 05:00:00+00:00,0.0
3491,2013-09-01 05:30:00+00:00,0.0
3491,2013-09-01 06:00:00+00:00,13.87
3491,2013-09-01 06:30:00+00:00,53.46
3491,2013-09-01 07:00:00+00:00,103.05
3491,2013-09-01 07:30:00+00:00,154.5
3491,2013-09-01 08:00:00+00:00,216.22
3491,2013-09-01 08:30:00+00:00,270.85
3491,2013-09-01 09:00:00+00:00,388.89
3491,2013-09-01 09:30:00+00:00,425.74
3491,2013-09-01 10:00:00+00:00,387.37
3491,2013-09-01 10:30:00+00:00,463.74
3491,2013-09-01 11:00:00+00:00,929.9
3491,2013-09-01 11:30:00+00:00,891.3
3491,2013-09-01 12:00:00+00:00,687.8
3491,2013-09-01 12:30:00+00:00,752.6
3491,2013-09-01 13:00:00+00:00,754.95
3491,2013-09-01 13:30:00+00:00,706.55
3491,2013-09-01 14:00:00+00:00,522.5
3491,2013-09-01 14:30:00+00:00,295.58
3491,2013-09-01 15:00:00+00:00,265.63
3491,2013-09-01 15:30:00+00:00,248.28
3491,2013-09-01 16:00:00+00:00,209.75
3491,2013-09-01 16:30:00+00:00,147.96
3491,2013-09-01 17:00:00+00:00,108.77
3491,2013-09-01 17:30:00+00:00,65.24
3491,2013-09-01 18:00:00+00:00,31.09
3491,2013-09-01 18:30:00+00:00,2.05
3491,2013-09-01 19:00:00+00:00,0.0
3491,2013-09-01 19:30:00+00:00,0.0
3491,2013-09-01 20:00:00+00:00,0.0
3491,2013-09-01 20:30:00+00:00,0.0
3491,2013-09-01 21:00:00+00:00,0.0
3491,2013-09-01 21:30:00+00:00,0.0
3491,2013-09-01 22:00:00+00:00,0.0
3491,2013-09-01 22:30:00+00:00,0.0
3491,2013-09-01 23:00:00+00:00,0.0
3491,2013-09-01 23:30:00+00:00,0.0
3491,2013-09-02 00:00:00+00:00,0.0
3491,2013-09-02 00:30:00+00:00,0.0
3491,2013-09-02 01:00:00+00:00,0.0
3491,2013-09-02 01:30:00+00:00,0.0
3491,2013-09-02 02:00:00+00:00,0.0
3491,2013-09-02 02:30:00+00:00,0.0
3491,2013-09-02 03:00:00+00:00,0.0
3491,2013-09-02 03:30:00+00:00,0.0
3491,2013-09-02 04:00:00+00:00,0.0
3491,2013-09-02 04:30:00+00:00,0.0
3491,2013-09-02 05:00:00+00:00,0.0
3491,2013-09-02 05:30:00+00:00,0.0
3491,2013-09-02 06:00:00+00:00,4.63
3491,2013-09-02 06:30:00+00:00,26.6
3491,2013-09-02 07:00:00+00:00,52.67
3491,2013-09-02 07:30:00+00:00,85.17
3491,2013-09-02 08:00:00+00:00,127.65
3491,2013-09-02 08:30:00+00:00,252.27
3491,2013-09-02 09:00:00+00:00,768.45
3491,2013-09-02 09:30:00+00:00,845.4
3491,2013-09-02 10:00:00+00:00,1019.4
3491,2013-09-02 10:30:00+00:00,903.7
3491,2013-09-02 11:00:00+00:00,972.9
3491,2013-09-02 11:30:00+00:00,1001.0
3491,2013-09-02 12:00:00+00:00,941.3
3491,2013-09-02 12:30:00+00:00,846.2
3491,2013-09-02 13:00:00+00:00,832.55
3491,2013-09-02 13:30:00+00:00,796.2
3491,2013-09-02 14:00:00+00:00,704.9
3491,2013-09-02 14:30:00+00:00,592.4
3491,2013-09-02 15:00:00+00:00,468.45
3491,2013-09-02 15:30:00+00:00,324.46
3491,2013-09-02 16:00:00+00:00,177.35
3491,2013-09-02 16:30:00+00:00,69.6
3491,2013-09-02 17:00:00+00:00,41.61
3491,2013-09-02 17:30:00+00:00,31.18
3491,2013-09-02 18:00:00+00:00,17.98
3491,2013-09-02 18:30:00+00:00,2.92
3491,2013-09-02 19:00:00+00:00,0.0
3491,2013-09-02 19:30:00+00:00,0.0
3491,2013-09-02 20:00:00+00:00,0.0
3491,2013-09-02 20:30:00+00:00,0.0
3491,2013-09-02 21:00:00+00:00,0.0
3491,2013-09-02 21:30:00+00:00,0.0
3491,2013-09-02 22:00:00+00:00,0.0
3491,2013-09-02 22:30:00+00:00,0.0
3491,2013-09-02 23:00:00+00:00,0.0
3491,2013-09-02 23:30:00+00:00,0.0
3491,2013-09-03 00:00:00+00:00,0.0
3491,2013-09-03 00:30:00+00:00,0.0
3491,2013-09-03 01:00:00+00:00,0.0
3491,2013-09-03 01:30:00+00:00,0.0
3491,2013-09-03 02:00:00+00:00,0.0
3491,2013-09-03 02:30:00+00:00,0.0
3491,2013-09-03 03:00:00+00:00,0.0
3491,2013-09-03 03:30:00+00:00,0.0
3491,2013-09-03 04:00:00+00:00,0.0
3491,2013-09-03 04:30:00+00:00,0.0
3491,2013-09-03 05:00:00+00:00,0.0
3491,2013-09-03 05:30:00+00:00,0.0
3491,2013-09-03 06:00:00+00:00,4.97
3491,2013-09-03 06:30:00+00:00,28.65
3491,2013-09-03 07:00:00+00:00,71.37
3491,2013-09-03 07:30:00+00:00,150.06
3491,2013-09-03 08:00:00+00:00,185.99
3491,2013-09-03 08:30:00+00:00,286.67
3491,2013-09-03 09:00:00+00:00,374.04
3491,2013-09-03 09:30:00+00:00,398.86
3491,2013-09-03 10:00:00+00:00,371.61
3491,2013-09-03 10:30:00+00:00,448.14
3491,2013-09-03 11:00:00+00:00,573.6
3491,2013-09-03 11:30:00+00:00,603.95
3491,2013-09-03 12:00:00+00:00,461.17
3491,2013-09-03 12:30:00+00:00,325.2
3491,2013-09-03 13:00:00+00:00,445.6
3491,2013-09-03 13:30:00+00:00,688.65
3491,2013-09-03 14:00:00+00:00,660.4
3491,2013-09-03 14:30:00+00:00,569.7
3491,2013-09-03 15:00:00+00:00,340.89
3491,2013-09-03 15:30:00+00:00,223.11
3491,2013-09-03 16:00:00+00:00,239.58
3491,2013-09-03 16:30:00+00:00,155.3
3491,2013-09-03 17:00:00+00:00,66.37
3491,2013-09-03 17:30:00+00:00,59.02
3491,2013-09-03 18:00:00+00:00,30.05
3491,2013-09-03 18:30:00+00:00,4.93
3491,2013-09-03 19:00:00+00:00,0.0
3491,2013-09-03 19:30:00+00:00,0.0
3491,2013-09-03 20:00:00+00:00,0.0
3491,2013-09-03 20:30:00+00:00,0.0
3491,2013-09-03 21:00:00+00:00,0.0
3491,2013-09-03 21:30:00+00:00,0.0
3491,2013-09-03 22:00:00+00:00,0.0
3491,2013-09-03 22:30:00+00:00,0.0
3491,2013-09-03 23:00:00+00:00,0.0
3491,2013-09-03 23:30:00+00:00,0.0
3491,2013-09-04 00:00:00+00:00,0.0
3491,2013-09-04 00:30:00+00:00,0.0
3491,2013-09-04 01:00:00+00:00,0.0
3491,2013-09-04 01:30:00+00:00,0.0
3491,2013-09-04 02:00:00+00:00,0.0
3491,2013-09-04 02:30:00+00:00,0.0
3491,2013-09-04 03:00:00+00:00,0.0
3491,2013-09-04 03:30:00+00:00,0.0
3491,2013-09-04 04:00:00+00:00,0.0
3491,2013-09-04 04:30:00+00:00,0.0
3491,2013-09-04 05:00:00+00:00,0.0
3491,2013-09-04 05:30:00+00:00,0.0
3491,2013-09-04 06:00:00+00:00,11.34
3491,2013-09-04 06:30:00+00:00,40.83
3491,2013-09-04 07:00:00+00:00,63.68
3491,2013-09-04 07:30:00+00:00,102.0
3491,2013-09-04 08:00:00+00:00,158.42
3491,2013-09-04 08:30:00+00:00,201.42
3491,2013-09-04 09:00:00+00:00,412.91
3491,2013-09-04 09:30:00+00:00,736.6
3491,2013-09-04 10:00:00+00:00,866.1
3491,2013-09-04 10:30:00+00:00,961.55
3491,2013-09-04 11:00:00+00:00,928.25
3491,2013-09-04 11:30:00+00:00,950.8
3491,2013-09-04 12:00:00+00:00,928.9
3491,2013-09-04 12:30:00+00:00,868.8
3491,2013-09-04 13:00:00+00:00,843.65
3491,2013-09-04 13:30:00+00:00,726.45
3491,2013-09-04 14:00:00+00:00,658.5
3491,2013-09-04 14:30:00+00:00,562.8
3491,2013-09-04 15:00:00+00:00,437.17
3491,2013-09-04 15:30:00+00:00,301.12
3491,2013-09-04 16:00:00+00:00,180.47
3491,2013-09-04 16:30:00+00:00,86.29
3491,2013-09-04 17:00:00+00:00,54.62
3491,2013-09-04 17:30:00+00:00,37.43
3491,2013-09-04 18:00:00+00:00,20.06
3491,2013-09-04 18:30:00+00:00,2.97
3491,2013-09-04 19:00:00+00:00,0.0
3491,2013-09-04 19:30:00+00:00,0.0
3491,2013-09-04 20:00:00+00:00,0.0
3491,2013-09-04 20:30:00+00:00,0.0
3491,2013-09-04 21:00:00+00:00,0.0
3491,2013-09-04 21:30:00+00:00,0.0
3491,2013-09-04 22:00:00+00:00,0.0
3491,2013-09-04 22:30:00+00:00,0.0
3491,2013-09-04 23:00:00+00:00,0.0
3491,2013-09-04 23:30:00+00:00,0.0
3491,2013-09-05 00:00:00+00:00,0.0
3491,2013-09-05 00:30:00+00:00,0.0
3491,2013-09-05 01:00:00+00:00,0.0
3491,2013-09-05 01:30:00+00:00,0.0
3491,2013-09-05 02:00:00+00:00,0.0
3491,2013-09-05 02:30:00+00:00,0.0
3491,2013-09-05 03:00:00+00:00,0.0
3491,2013-09-05 03:30:00+00:00,0.0
3491,2013-09-05 04:00:00+00:00,0.0
3491,2013-09-05 04:30:00+00:00,0.0
3491,2013-09-05 05:00:00+00:00,0.0
3491,2013-09-05 05:30:00+00:00,0.0
3491,2013-09-05 06:00:00+00:00,1.67
3491,2013-09-05 06:30:00+00:00,24.82
3491,2013-09-05 07:00:00+00:00,89.39
3491,2013-09-05 07:30:00+00:00,130.74
3491,2013-09-05 08:00:00+00:00,154.33
3491,2013-09-05 08:30:00+00:00,168.6
3491,2013-09-05 09:00:00+00:00,272.32
3491,2013-09-05 09:30:00+00:00,864.7
3491,2013-09-05 10:00:00+00:00,901.45
3491,2013-09-05 10:30:00+00:00,914.65
3491,2013-09-05 11:00:00+00:00,916.0
3491,2013-09-05 11:30:00+00:00,903.0
3491,2013-09-05 12:00:00+00:00,876.15
3491,2013-09-05 12:30:00+00:00,829.05
3491,2013-09-05 13:00:00+00:00,765.2
3491,2013-09-05 13:30:00+00:00,693.3
3491,2013-09-05 14:00:00+00:00,556.4
3491,2013-09-05 14:30:00+00:00,434.67
3491,2013-09-05 15:00:00+00:00,363.75
3491,2013-09-05 15:30:00+00:00,199.28
3491,2013-09-05 16:00:00+00:00,150.3
3491,2013-09-05 16:30:00+00:00,72.69
3491,2013-09-05 17:00:00+00:00,35.11
3491,2013-09-05 17:30:00+00:00,21.94
3491,2013-09-05 18:00:00+00:00,11.1
3491,2013-09-05 18:30:00+00:00,0.72
3491,2013-09-05 19:00:00+00:00,0.0
3491,2013-09-05 19:30:00+00:00,0.0
3491,2013-09-05 20:00:00+00:00,0.0
3491,2013-09-05 20:30:00+00:00,0.0
3491,2013-09-05 21:00:00+00:00,0.0
3491,2013-09-05 21:30:00+00:00,0.0
3491,2013-09-05 22:00:00+00:00,0.0
3491,2013-09-05 22:30:00+00:00,0.0
3491,2013-09-05 23:00:00+00:00,0.0
3491,2013-09-05 23:30:00+00:00,0.0
3491,2013-09-06 00:00:00+00:00,0.0
3491,2013-09-06 00:30:00+00:00,0.0
3491,2013-09-06 01:00:00+00:00,0.0
3491,2013-09-06 01:30:00+00:00,0.0
3491,2013-09-06 02:00:00+00:00,0.0
3491,2013-09-06 02:30:00+00:00,0.0
3491,2013-09-06 03:00:00+00:00,0.0
3491,2013-09-06 03:30:00+00:00,0.0
3491,2013-09-06 04:00:00+00:00,0.0
3491,2013-09-06 04:30:00+00:00,0.0
3491,2013-09-06 05:00:00+00:00,0.0
3491,2013-09-06 05:30:00+00:00,0.0
3491,2013-09-06 06:00:00+00:00,0.0
3491,2013-09-06 06:30:00+00:00,22.91
3491,2013-09-06 07:00:00+00:00,64.61
3491,2013-09-06 07:30:00+00:00,52.48
3491,2013-09-06 08:00:00+00:00,75.59
3491,2013-09-06 08:30:00+00:00,120.06
3491,2013-09-06 09:00:00+00:00,178.03
3491,2013-09-06 09:30:00+00:00,80.39
3491,2013-09-06 10:00:00+00:00,78.8
3491,2013-09-06 10:30:00+00:00,106.97
3491,2013-09-06 11:00:00+00:00,84.57
3491,2013-09-06 11:30:00+00:00,80.34
3491,2013-09-06 12:00:00+00:00,118.17
3491,2013-09-06 12:30:00+00:00,203.2
3491,2013-09-06 13:00:00+00:00,88.28
3491,2013-09-06 13:30:00+00:00,80.39
3491,2013-09-06 14:00:00+00:00,56.59
3491,2013-09-06 14:30:00+00:00,62.21
3491,2013-09-06 15:00:00+00:00,110.26
3491,2013-09-06 15:30:00+00:00,195.09
3491,2013-09-06 16:00:00+00:00,145.83
3491,2013-09-06 16:30:00+00:00,114.52
3491,2013-09-06 17:00:00+00:00,106.6
3491,2013-09-06 17:30:00+00:00,59.98
3491,2013-09-06 18:00:00+00:00,29.13
3491,2013-09-06 18:30:00+00:00,2.24
3491,2013-09-06 19:00:00+00:00,0.0
3491,2013-09-06 19:30:00+00:00,0.0
3491,2013-09-06 20:00:00+00:00,0.0
3491,2013-09-06 20:30:00+00:00,0.0
3491,2013-09-06 21:00:00+00:00,0.0
3491,2013-09-06 21:30:00+00:00,0.0
3491,2013-09-06 22:00:00+00:00,0.0
3491,2013-09-06 22:30:00+00:00,0.0
3491,2013-09-06 23:00:00+00:00,0.0
3491,2013-09-06 23:30:00+00:00,0.0
3491,2013-09-07 00:00:00+00:00,0.0
3491,2013-09-07 00:30:00+00:00,0.0
3491,2013-09-07 01:00:00+00:00,0.0
3491,2013-09-07 01:30:00+00:00,0.0
3491,2013-09-07 02:00:00+00:00,0.0
3491,2013-09-07 02:30:00+00:00,0.0
3491,2013-09-07 03:00:00+00:00,0.0
3491,2013-09-07 03:30:00+00:00,0.0
3491,2013-09-07 04:00:00+00:00,0.0
3491,2013-09-07 04:30:00+00:00,0.0
3491,2013-09-07 05:00:00+00:00,0.0
3491,2013-09-07 05:30:00+00:00,0.0
3491,2013-09-07 06:00:00+00:00,17.24
3491,2013-09-07 06:30:00+00:00,16.56
3491,2013-09-07 07:00:00+00:00,31.49
3491,2013-09-07 07:30:00+00:00,45.26
3491,2013-09-07 08:00:00+00:00,128.56
3491,2013-09-07 08:30:00+00:00,171.92
3491,2013-09-07 09:00:00+00:00,395.59
3491,2013-09-07 09:30:00+00:00,673.25
3491,2013-09-07 10:00:00+00:00,475.21
3491,2013-09-07 10:30:00+00:00,324.03
3491,2013-09-07 11:00:00+00:00,610.5
3491,2013-09-07 11:30:00+00:00,504.25
3491,2013-09-07 12:00:00+00:00,420.15
3491,2013-09-07 12:30:00+00:00,603.9
3491,2013-09-07 13:00:00+00:00,407.23
3491,2013-09-07 13:30:00+00:00,215.86
3491,2013-09-07 14:00:00+00:00,589.85
3491,2013-09-07 14:30:00+00:00,556.4
3491,2013-09-07 15:00:00+00:00,494.12
3491,2013-09-07 15:30:00+00:00,328.05
3491,2013-09-07 16:00:00+00:00,173.02
3491,2013-09-07 16:30:00+00:00,91.71
3491,2013-09-07 17:00:00+00:00,43.25
3491,2013-09-07 17:30:00+00:00,31.19
3491,2013-09-07 18:00:00+00:00,15.03
3491,2013-09-07 18:30:00+00:00,0.6
3491,2013-09-07 19:00:00+00:00,0.0
3491,2013-09-07 19:30:00+00:00,0.0
3491,2013-09-07 20:00:00+00:00,0.0
3491,2013-09-07 20:30:00+00:00,0.0
3491,2013-09-07 21:00:00+00:00,0.0
3491,2013-09-07 21:30:00+00:00,0.0
3491,2013-09-07 22:00:00+00:00,0.0
3491,2013-09-07 22:30:00+00:00,0.0
3491,2013-09-07 23:00:00+00:00,0.0
3491,2013-09-07 23:30:00+00:00,0.0
3491,2013-09-08 00:00:00+00:00,0.0
3491,2013-09-08 00:30:00+00:00,0.0
3491,2013-09-08 01:00:00+00:00,0.0
3491,2013-09-08 01:30:00+00:00,0.0
3491,2013-09-08 02:00:00+00:00,0.0
3491,2013-09-08 02:30:00+00:00,0.0
3491,2013-09-08 03:00:00+00:00,0.0
3491,2013-09-08 03:30:00+00:00,0.0
3491,2013-09-08 04:00:00+00:00,0.0
3491,2013-09-08 04:30:00+00:00,0.0
3491,2013-09-08 05:00:00+00:00,0.0
3491,2013-09-08 05:30:00+00:00,0.0
3491,2013-09-08 06:00:00+00:00,0.0
3491,2013-09-08 06:30:00+00:00,22.8
3491,2013-09-08 07:00:00+00:00,31.66
3491,2013-09-08 07:30:00+00:00,47.2
3491,2013-09-08 08:00:00+00:00,62.41
3491,2013-09-08 08:30:00+00:00,156.45
3491,2013-09-08 09:00:00+00:00,413.04
3491,2013-09-08 09:30:00+00:00,567.95
3491,2013-09-08 10:00:00+00:00,447.82
3491,2013-09-08 10:30:00+00:00,869.3
3491,2013-09-08 11:00:00+00:00,658.9
3491,2013-09-08 11:30:00+00:00,545.1
3491,2013-09-08 12:00:00+00:00,640.15
3491,2013-09-08 12:30:00+00:00,453.55
3491,2013-09-08 13:00:00+00:00,485.97
3491,2013-09-08 13:30:00+00:00,501.6
3491,2013-09-08 14:00:00+00:00,559.6
3491,2013-09-08 14:30:00+00:00,240.76
3491,2013-09-08 15:00:00+00:00,92.66
3491,2013-09-08 15:30:00+00:00,193.55
3491,2013-09-08 16:00:00+00:00,178.74
3491,2013-09-08 16:30:00+00:00,59.37
3491,2013-09-08 17:00:00+00:00,17.94
3491,2013-09-08 17:30:00+00:00,81.86
3491,2013-09-08 18:00:00+00:00,23.37
3491,2013-09-08 18:30:00+00:00,0.0
3491,2013-09-08 19:00:00+00:00,0.0
3491,2013-09-08 19:30:00+00:00,0.0
3491,2013-09-08 20:00:00+00:00,0.0
3491,2013-09-08 20:30:00+00:00,0.0
3491,2013-09-08 21:00:00+00:00,0.0
3491,2013-09-08 21:30:00+00:00,0.0
3491,2013-09-08 22:00:00+00:00,0.0
3491,2013-09-08 22:30:00+00:00,0.0
3491,2013-09-08 23:00:00+00:00,0.0
3491,2013-09-08 23:30:00+00:00,0.0
3491,2013-09-09 00:00:00+00:00,0.0
3491,2013-09-09 00:30:00+00:00,0.0
3491,2013-09-09 01:00:00+00:00,0.0
3491,2013-09-09 01:30:00+00:00,0.0
3491,2013-09-09 02:00:00+00:00,0.0
3491,2013-09-09 02:30:00+00:00,0.0
3491,2013-09-09 03:00:00+00:00,0.0
3491,2013-09-09 03:30:00+00:00,0.0
3491,2013-09-09 04:00:00+00:00,0.0
3491,2013-09-09 04:30:00+00:00,0.0
3491,2013-09-09 05:00:00+00:00,0.0
3491,2013-09-09 05:30:00+00:00,0.0
3491,2013-09-09 06:00:00+00:00,0.0
3491,2013-09-09 06:30:00+00:00,2.96
3491,2013-09-09 07:00:00+00:00,7.58
3491,2013-09-09 07:30:00+00:00,49.68
3491,2013-09-09 08:00:00+00:00,85.03
3491,2013-09-09 08:30:00+00:00,91.02
3491,2013-09-09 09:00:00+00:00,77.83
3491,2013-09-09 09:30:00+00:00,95.42
3491,2013-09-09 10:00:00+00:00,135.32
3491,2013-09-09 10:30:00+00:00,177.97
3491,2013-09-09 11:00:00+00:00,148.4
3491,2013-09-09 11:30:00+00:00,139.1
3491,2013-09-09 12:00:00+00:00,203.25
3491,2013-09-09 12:30:00+00:00,219.17
3491,2013-09-09 13:00:00+00:00,98.95
3491,2013-09-09 13:30:00+00:00,87.42
3491,2013-09-09 14:00:00+00:00,49.4
3491,2013-09-09 14:30:00+00:00,229.27
3491,2013-09-09 15:00:00+00:00,101.83
3491,2013-09-09 15:30:00+00:00,214.29
3491,2013-09-09 16:00:00+00:00,163.46
3491,2013-09-09 16:30:00+00:00,82.0
3491,2013-09-09 17:00:00+00:00,86.92
3491,2013-09-09 17:30:00+00:00,30.39
3491,2013-09-09 18:00:00+00:00,26.86
3491,2013-09-09 18:30:00+00:00,0.45
3491,2013-09-09 19:00:00+00:00,0.0
3491,2013-09-09 19:30:00+00:00,0.0
3491,2013-09-09 20:00:00+00:00,0.0
3491,2013-09-09 20:30:00+00:00,0.0
3491,2013-09-09 21:00:00+00:00,0.0
3491,2013-09-09 21:30:00+00:00,0.0
3491,2013-09-09 22:00:00+00:00,0.0
3491,2013-09-09 22:30:00+00:00,0.0
3491,2013-09-09 23:00:00+00:00,0.0
3491,2013-09-09 23:30:00+00:00,0.0
3491,2013-09-10 00:00:00+00:00,0.0
3491,2013-09-10 00:30:00+00:00,0.0
3491,2013-09-10 01:00:00+00:00,0.0
3491,2013-09-10 01:30:00+00:00,0.0
3491,2013-09-10 02:00:00+00:00,0.0
3491,2013-09-10 02:30:00+00:00,0.0
3491,2013-09-10 03:00:00+00:00,0.0
3491,2013-09-10 03:30:00+00:00,0.0
3491,2013-09-10 04:00:00+00:00,0.0
3491,2013-09-10 04:30:00+00:00,0.0
3491,2013-09-10 05:00:00+00:00,0.0
3491,2013-09-10 05:30:00+00:00,0.0
3491,2013-09-10 06:00:00+00:00,4.93
3491,2013-09-10 06:30:00+00:00,15.66
3491,2013-09-10 07:00:00+00:00,55.52
3491,2013-09-10 07:30:00+00:00,129.7
3491,2013-09-10 08:00:00+00:00,100.04
3491,2013-09-10 08:30:00+00:00,162.42
3491,2013-09-10 09:00:00+00:00,207.5
3491,2013-09-10 09:30:00+00:00,678.55
3491,2013-09-10 10:00:00+00:00,997.2
3491,2013-09-10 10:30:00+00:00,751.45
3491,2013-09-10 11:00:00+00:00,606.25
3491,2013-09-10 11:30:00+00:00,563.0
3491,2013-09-10 12:00:00+00:00,483.39
3491,2013-09-10 12:30:00+00:00,270.3
3491,2013-09-10 13:00:00+00:00,299.92
3491,2013-09-10 13:30:00+00:00,260.29
3491,2013-09-10 14:00:00+00:00,265.95
3491,2013-09-10 14:30:00+00:00,315.55
3491,2013-09-10 15:00:00+00:00,136.84
3491,2013-09-10 15:30:00+00:00,93.41
3491,2013-09-10 16:00:00+00:00,77.38
3491,2013-09-10 16:30:00+00:00,68.75
3491,2013-09-10 17:00:00+00:00,21.49
3491,2013-09-10 17:30:00+00:00,11.19
3491,2013-09-10 18:00:00+00:00,0.0
3491,2013-09-10 18:30:00+00:00,0.0
3491,2013-09-10 19:00:00+00:00,0.0
3491,2013-09-10 19:30:00+00:00,0.0
3491,2013-09-10 20:00:00+00:00,0.0
3491,2013-09-10 20:30:00+00:00,0.0
3491,2013-09-10 21:00:00+00:00,0.0
3491,2013-09-10 21:30:00+00:00,0.0
3491,2013-09-10 22:00:00+00:00,0.0
3491,2013-09-10 22:30:00+00:00,0.0
3491,2013-09-10 23:00:00+00:00,0.0
3491,2013-09-10 23:30:00+00:00,0.0
3491,2013-09-11 00:00:00+00:00,0.0
3491,2013-09-11 00:30:00+00:00,0.0
3491,2013-09-11 01:00:00+00:00,0.0
3491,2013-09-11 01:30:00+00:00,0.0
3491,2013-09-11 02:00:00+00:00,0.0
3491,2013-09-11 02:30:00+00:00,0.0
3491,2013-09-11 03:00:00+00:00,0.0
3491,2013-09-11 03:30:00+00:00,0.0
3491,2013-09-11 04:00:00+00:00,0.0
3491,2013-09-11 04:30:00+00:00,0.0
3491,2013-09-11 05:00:00+00:00,0.0
3491,2013-09-11 05:30:00+00:00,0.0
3491,2013-09-11 06:00:00+00:00,0.0
3491,2013-09-11 06:30:00+00:00,0.0
3491,2013-09-11 07:00:00+00:00,32.38
3491,2013-09-11 07:30:00+00:00,31.22
3491,2013-09-11 08:00:00+00:00,41.98
3491,2013-09-11 08:30:00+00:00,71.41
3491,2013-09-11 09:00:00+00:00,155.71
3491,2013-09-11 09:30:00+00:00,88.63
3491,2013-09-11 10:00:00+00:00,130.5
3491,2013-09-11 10:30:00+00:00,179.47
3491,2013-09-11 11:00:00+00:00,222.06
3491,2013-09-11 11:30:00+00:00,220.04
3491,2013-09-11 12:00:00+00:00,247.7
3491,2013-09-11 12:30:00+00:00,262.23
3491,2013-09-11 13:00:00+00:00,354.5
3491,2013-09-11 13:30:00+00:00,149.24
3491,2013-09-11 14:00:00+00:00,179.3
3491,2013-09-11 14:30:00+00:00,42.31
3491,2013-09-11 15:00:00+00:00,71.13
3491,2013-09-11 15:30:00+00:00,92.5
3491,2013-09-11 16:00:00+00:00,99.75
3491,2013-09-11 16:30:00+00:00,33.0
3491,2013-09-11 17:00:00+00:00,7.73
3491,2013-09-11 17:30:00+00:00,3.64
3491,2013-09-11 18:00:00+00:00,0.0
3491,2013-09-11 18:30:00+00:00,0.0
3491,2013-09-11 19:00:00+00:00,0.0
3491,2013-09-11 19:30:00+00:00,0.0
3491,2013-09-11 20:00:00+00:00,0.0
3491,2013-09-11 20:30:00+00:00,0.0
3491,2013-09-11 21:00:00+00:00,0.0
3491,2013-09-11 21:30:00+00:00,0.0
3491,2013-09-11 22:00:00+00:00,0.0
3491,2013-09-11 22:30:00+00:00,0.0
3491,2013-09-11 23:00:00+00:00,0.0
3491,2013-09-11 23:30:00+00:00,0.0
3491,2013-09-12 00:00:00+00:00,0.0
3491,2013-09-12 00:30:00+00:00,0.0
3491,2013-09-12 01:00:00+00:00,0.0
3491,2013-09-12 01:30:00+00:00,0.0
3491,2013-09-12 02:00:00+00:00,0.0
3491,2013-09-12 02:30:00+00:00,0.0
3491,2013-09-12 03:00:00+00:00,0.0
3491,2013-09-12 03:30:00+00:00,0.0
3491,2013-09-12 04:00:00+00:00,0.0
3491,2013-09-12 04:30:00+00:00,0.0
3491,2013-09-12 05:00:00+00:00,0.0
3491,2013-09-12 05:30:00+00:00,0.0
3491,2013-09-12 06:00:00+00:00,0.0
3491,2013-09-12 06:30:00+00:00,0.0
3491,2013-09-12 07:00:00+00:00,2.68
3491,2013-09-12 07:30:00+00:00,20.99
3491,2013-09-12 08:00:00+00:00,22.16
3491,2013-09-12 08:30:00+00:00,31.11
3491,2013-09-12 09:00:00+00:00,64.97
3491,2013-09-12 09:30:00+00:00,163.55
3491,2013-09-12 10:00:00+00:00,567.15
3491,2013-09-12 10:30:00+00:00,211.15
3491,2013-09-12 11:00:00+00:00,322.02
3491,2013-09-12 11:30:00+00:00,372.21
3491,2013-09-12 12:00:00+00:00,379.56
3491,2013-09-12 12:30:00+00:00,314.44
3491,2013-09-12 13:00:00+00:00,576.55
3491,2013-09-12 13:30:00+00:00,307.62
3491,2013-09-12 14:00:00+00:00,356.24
3491,2013-09-12 14:30:00+00:00,213.49
3491,2013-09-12 15:00:00+00:00,170.22
3491,2013-09-12 15:30:00+00:00,152.4
3491,2013-09-12 16:00:00+00:00,95.76
3491,2013-09-12 16:30:00+00:00,123.32
3491,2013-09-12 17:00:00+00:00,85.69
3491,2013-09-12 17:30:00+00:00,39.22
3491,2013-09-12 18:00:00+00:00,12.87
3491,2013-09-12 18:30:00+00:00,0.0
3491,2013-09-12 19:00:00+00:00,0.0
3491,2013-09-12 19:30:00+00:00,0.0
3491,2013-09-12 20:00:00+00:00,0.0
3491,2013-09-12 20:30:00+00:00,0.0
3491,2013-09-12 21:00:00+00:00,0.0
3491,2013-09-12 21:30:00+00:00,0.0
3491,2013-09-12 22:00:00+00:00,0.0
3491,2013-09-12 22:30:00+00:00,0.0
3491,2013-09-12 23:00:00+00:00,0.0
3491,2013-09-12 23:30:00+00:00,0.0
3491,2013-09-13 00:00:00+00:00,0.0
3491,2013-09-13 00:30:00+00:00,0.0
3491,2013-09-13 01:00:00+00:00,0.0
3491,2013-09-13 01:30:00+00:00,0.0
3491,2013-09-13 02:00:00+00:00,0.0
3491,2013-09-13 02:30:00+00:00,0.0
3491,2013-09-13 03:00:00+00:00,0.0
3491,2013-09-13 03:30:00+00:00,0.0
3491,2013-09-13 04:00:00+00:00,0.0
3491,2013-09-13 04:30:00+00:00,0.0
3491,2013-09-13 05:00:00+00:00,0.0
3491,2013-09-13 05:30:00+00:00,0.0
3491,2013-09-13 06:00:00+00:00,0.0
3491,2013-09-13 06:30:00+00:00,14.04
3491,2013-09-13 07:00:00+00:00,68.92
3491,2013-09-13 07:30:00+00:00,46.23
3491,2013-09-13 08:00:00+00:00,54.53
3491,2013-09-13 08:30:00+00:00,56.21
3491,2013-09-13 09:00:00+00:00,85.35
3491,2013-09-13 09:30:00+00:00,67.83
3491,2013-09-13 10:00:00+00:00,178.71
3491,2013-09-13 10:30:00+00:00,229.29
3491,2013-09-13 11:00:00+00:00,251.08
3491,2013-09-13 11:30:00+00:00,146.47
3491,2013-09-13 12:00:00+00:00,424.46
3491,2013-09-13 12:30:00+00:00,79.61
3491,2013-09-13 13:00:00+00:00,123.38
3491,2013-09-13 13:30:00+00:00,184.51
3491,2013-09-13 14:00:00+00:00,85.71
3491,2013-09-13 14:30:00+00:00,47.89
3491,2013-09-13 15:00:00+00:00,64.27
3491,2013-09-13 15:30:00+00:00,57.82
3491,2013-09-13 16:00:00+00:00,16.0
3491,2013-09-13 16:30:00+00:00,4.46
3491,2013-09-13 17:00:00+00:00,1.04
3491,2013-09-13 17:30:00+00:00,0.43
3491,2013-09-13 18:00:00+00:00,0.0
3491,2013-09-13 18:30:00+00:00,0.0
3491,2013-09-13 19:00:00+00:00,0.0
3491,2013-09-13 19:30:00+00:00,0.0
3491,2013-09-13 20:00:00+00:00,0.0
3491,2013-09-13 20:30:00+00:00,0.0
3491,2013-09-13 21:00:00+00:00,0.0
3491,2013-09-13 21:30:00+00:00,0.0
3491,2013-09-13 22:00:00+00:00,0.0
3491,2013-09-13 22:30:00+00:00,0.0
3491,2013-09-13 23:00:00+00:00,0.0
3491,2013-09-13 23:30:00+00:00,0.0
3491,2013-09-14 00:00:00+00:00,0.0
3491,2013-09-14 00:30:00+00:00,0.0
3491,2013-09-14 01:00:00+00:00,0.0
3491,2013-09-14 01:30:00+00:00,0.0
3491,2013-09-14 02:00:00+00:00,0.0
3491,2013-09-14 02:30:00+00:00,0.0
3491,2013-09-14 03:00:00+00:00,0.0
3491,2013-09-14 03:30:00+00:00,0.0
3491,2013-09-14 04:00:00+00:00,0.0
3491,2013-09-14 04:30:00+00:00,0.0
3491,2013-09-14 05:00:00+00:00,0.0
3491,2013-09-14 05:30:00+00:00,0.0
3491,2013-09-14 06:00:00+00:00,0.0
3491,2013-09-14 06:30:00+00:00,0.0
3491,2013-09-14 07:00:00+00:00,18.56
3491,2013-09-14 07:30:00+00:00,41.47
3491,2013-09-14 08:00:00+00:00,63.48
3491,2013-09-14 08:30:00+00:00,63.95
3491,2013-09-14 09:00:00+00:00,67.33
3491,2013-09-14 09:30:00+00:00,44.82
3491,2013-09-14 10:00:00+00:00,97.87
3491,2013-09-14 10:30:00+00:00,132.29
3491,2013-09-14 11:00:00+00:00,150.52
3491,2013-09-14 11:30:00+00:00,136.78
3491,2013-09-14 12:00:00+00:00,150.74
3491,2013-09-14 12:30:00+00:00,150.71
3491,2013-09-14 13:00:00+00:00,178.64
3491,2013-09-14 13:30:00+00:00,122.73
3491,2013-09-14 14:00:00+00:00,181.1
3491,2013-09-14 14:30:00+00:00,91.71
3491,2013-09-14 15:00:00+00:00,111.15
3491,2013-09-14 15:30:00+00:00,93.99
3491,2013-09-14 16:00:00+00:00,39.38
3491,2013-09-14 16:30:00+00:00,63.08
3491,2013-09-14 17:00:00+00:00,34.15
3491,2013-09-14 17:30:00+00:00,5.5
3491,2013-09-14 18:00:00+00:00,0.0
3491,2013-09-14 18:30:00+00:00,0.0
3491,2013-09-14 19:00:00+00:00,0.0
3491,2013-09-14 19:30:00+00:00,0.0
3491,2013-09-14 20:00:00+00:00,0.0
3491,2013-09-14 20:30:00+00:00,0.0
3491,2013-09-14 21:00:00+00:00,0.0
3491,2013-09-14 21:30:00+00:00,0.0
3491,2013-09-14 22:00:00+00:00,0.0
3491,2013-09-14 22:30:00+00:00,0.0
3491,2013-09-14 23:00:00+00:00,0.0
3491,2013-09-14 23:30:00+00:00,0.0
3491,2013-09-15 00:00:00+00:00,0.0
3491,2013-09-15 00:30:00+00:00,0.0
3491,2013-09-15 01:00:00+00:00,0.0
3491,2013-09-15 01:30:00+00:00,0.0
3491,2013-09-15 02:00:00+00:00,0.0
3491,2013-09-15 02:30:00+00:00,0.0
3491,2013-09-15 03:00:00+00:00,0.0
3491,2013-09-15 03:30:00+00:00,0.0
3491,2013-09-15 04:00:00+00:00,0.0
3491,2013-09-15 04:30:00+00:00,0.0
3491,2013-09-15 05:00:00+00:00,0.0
3491,2013-09-15 05:30:00+00:00,0.0
3491,2013-09-15 06:00:00+00:00,0.0
3491,2013-09-15 06:30:00+00:00,13.22
3491,2013-09-15 07:00:00+00:00,36.79
3491,2013-09-15 07:30:00+00:00,53.06
3491,2013-09-15 08:00:00+00:00,66.99
3491,2013-09-15 08:30:00+00:00,385.4
3491,2013-09-15 09:00:00+00:00,843.0
3491,2013-09-15 09:30:00+00:00,902.8
3491,2013-09-15 10:00:00+00:00,845.3
3491,2013-09-15 10:30:00+00:00,595.6
3491,2013-09-15 11:00:00+00:00,417.09
3491,2013-09-15 11:30:00+00:00,270.01
3491,2013-09-15 12:00:00+00:00,147.4
3491,2013-09-15 12:30:00+00:00,132.14
3491,2013-09-15 13:00:00+00:00,71.59
3491,2013-09-15 13:30:00+00:00,110.79
3491,2013-09-15 14:00:00+00:00,77.43
3491,2013-09-15 14:30:00+00:00,71.18
3491,2013-09-15 15:00:00+00:00,62.87
3491,2013-09-15 15:30:00+00:00,124.04
3491,2013-09-15 16:00:00+00:00,61.33
3491,2013-09-15 16:30:00+00:00,7.11
3491,2013-09-15 17:00:00+00:00,25.87
3491,2013-09-15 17:30:00+00:00,9.4
3491,2013-09-15 18:00:00+00:00,0.01
3491,2013-09-15 18:30:00+00:00,0.0
3491,2013-09-15 19:00:00+00:00,0.0
3491,2013-09-15 19:30:00+00:00,0.0
3491,2013-09-15 20:00:00+00:00,0.0
3491,2013-09-15 20:30:00+00:00,0.0
3491,2013-09-15 21:00:00+00:00,0.0
3491,2013-09-15 21:30:00+00:00,0.0
3491,2013-09-15 22:00:00+00:00,0.0
3491,2013-09-15 22:30:00+00:00,0.0
3491,2013-09-15 23:00:00+00:00,0.0
3491,2013-09-15 23:30:00+00:00,0.0
3491,2013-09-16 00:00:00+00:00,0.0
3491,2013-09-16 00:30:00+00:00,0.0
3491,2013-09-16 01:00:00+00:00,0.0
3491,2013-09-16 01:30:00+00:00,0.0
3491,2013-09-16 02:00:00+00:00,0.0
3491,2013-09-16 02:30:00+00:00,0.0
3491,2013-09-16 03:00:00+00:00,0.0
3491,2013-09-16 03:30:00+00:00,0.0
3491,2013-09-16 04:00:00+00:00,0.0
3491,2013-09-16 04:30:00+00:00,0.0
3491,2013-09-16 05:00:00+00:00,0.0
3491,2013-09-16 05:30:00+00:00,0.0
3491,2013-09-16 06:00:00+00:00,0.0
3491,2013-09-16 06:30:00+00:00,11.6
3491,2013-09-16 07:00:00+00:00,31.13
3491,2013-09-16 07:30:00+00:00,50.36
3491,2013-09-16 08:00:00+00:00,71.13
3491,2013-09-16 08:30:00+00:00,415.06
3491,2013-09-16 09:00:00+00:00,895.75
3491,2013-09-16 09:30:00+00:00,1002.75
3491,2013-09-16 10:00:00+00:00,1094.85
3491,2013-09-16 10:30:00+00:00,957.8
3491,2013-09-16 11:00:00+00:00,687.45
3491,2013-09-16 11:30:00+00:00,555.2
3491,2013-09-16 12:00:00+00:00,657.05
3491,2013-09-16 12:30:00+00:00,840.65
3491,2013-09-16 13:00:00+00:00,825.2
3491,2013-09-16 13:30:00+00:00,537.95
3491,2013-09-16 14:00:00+00:00,303.95
3491,2013-09-16 14:30:00+00:00,530.2
3491,2013-09-16 15:00:00+00:00,216.8
3491,2013-09-16 15:30:00+00:00,196.96
3491,2013-09-16 16:00:00+00:00,147.1
3491,2013-09-16 16:30:00+00:00,78.68
3491,2013-09-16 17:00:00+00:00,72.31
3491,2013-09-16 17:30:00+00:00,19.41
3491,2013-09-16 18:00:00+00:00,2.16
3491,2013-09-16 18:30:00+00:00,0.0
3491,2013-09-16 19:00:00+00:00,0.0
3491,2013-09-16 19:30:00+00:00,0.0
3491,2013-09-16 20:00:00+00:00,0.0
3491,2013-09-16 20:30:00+00:00,0.0
3491,2013-09-16 21:00:00+00:00,0.0
3491,2013-09-16 21:30:00+00:00,0.0
3491,2013-09-16 22:00:00+00:00,0.0
3491,2013-09-16 22:30:00+00:00,0.0
3491,2013-09-16 23:00:00+00:00,0.0
3491,2013-09-16 23:30:00+00:00,0.0
3491,2013-09-17 00:00:00+00:00,0.0
3491,2013-09-17 00:30:00+00:00,0.0
3491,2013-09-17 01:00:00+00:00,0.0
3491,2013-09-17 01:30:00+00:00,0.0
3491,2013-09-17 02:00:00+00:00,0.0
3491,2013-09-17 02:30:00+00:00,0.0
3491,2013-09-17 03:00:00+00:00,0.0
3491,2013-09-17 03:30:00+00:00,0.0
3491,2013-09-17 04:00:00+00:00,0.0
3491,2013-09-17 04:30:00+00:00,0.0
3491,2013-09-17 05:00:00+00:00,0.0
3491,2013-09-17 05:30:00+00:00,0.0
3491,2013-09-17 06:00:00+00:00,0.0
3491,2013-09-17 06:30:00+00:00,21.57
3491,2013-09-17 07:00:00+00:00,63.48
3491,2013-09-17 07:30:00+00:00,88.72
3491,2013-09-17 08:00:00+00:00,180.83
3491,2013-09-17 08:30:00+00:00,344.32
3491,2013-09-17 09:00:00+00:00,631.05
3491,2013-09-17 09:30:00+00:00,776.45
3491,2013-09-17 10:00:00+00:00,517.8
3491,2013-09-17 10:30:00+00:00,408.23
3491,2013-09-17 11:00:00+00:00,625.45
3491,2013-09-17 11:30:00+00:00,363.72
3491,2013-09-17 12:00:00+00:00,325.69
3491,2013-09-17 12:30:00+00:00,194.98
3491,2013-09-17 13:00:00+00:00,72.86
3491,2013-09-17 13:30:00+00:00,146.71
3491,2013-09-17 14:00:00+00:00,133.54
3491,2013-09-17 14:30:00+00:00,212.68
3491,2013-09-17 15:00:00+00:00,218.7
3491,2013-09-17 15:30:00+00:00,65.52
3491,2013-09-17 16:00:00+00:00,55.38
3491,2013-09-17 16:30:00+00:00,28.66
3491,2013-09-17 17:00:00+00:00,41.15
3491,2013-09-17 17:30:00+00:00,0.75
3491,2013-09-17 18:00:00+00:00,0.0
3491,2013-09-17 18:30:00+00:00,0.0
3491,2013-09-17 19:00:00+00:00,0.0
3491,2013-09-17 19:30:00+00:00,0.0
3491,2013-09-17 20:00:00+00:00,0.0
3491,2013-09-17 20:30:00+00:00,0.0
3491,2013-09-17 21:00:00+00:00,0.0
3491,2013-09-17 21:30:00+00:00,0.0
3491,2013-09-17 22:00:00+00:00,0.0
3491,2013-09-17 22:30:00+00:00,0.0
3491,2013-09-17 23:00:00+00:00,0.0
3491,2013-09-17 23:30:00+00:00,0.0
3491,2013-09-18 00:00:00+00:00,0.0
3491,2013-09-18 00:30:00+00:00,0.0
3491,2013-09-18 01:00:00+00:00,0.0
3491,2013-09-18 01:30:00+00:00,0.0
3491,2013-09-18 02:00:00+00:00,0.0
3491,2013-09-18 02:30:00+00:00,0.0
3491,2013-09-18 03:00:00+00:00,0.0
3491,2013-09-18 03:30:00+00:00,0.0
3491,2013-09-18 04:00:00+00:00,0.0
3491,2013-09-18 04:30:00+00:00,0.0
3491,2013-09-18 05:00:00+00:00,0.0
3491,2013-09-18 05:30:00+00:00,0.0
3491,2013-09-18 06:00:00+00:00,0.0
3491,2013-09-18 06:30:00+00:00,8.65
3491,2013-09-18 07:00:00+00:00,83.91
3491,2013-09-18 07:30:00+00:00,142.83
3491,2013-09-18 08:00:00+00:00,177.28
3491,2013-09-18 08:30:00+00:00,224.41
3491,2013-09-18 09:00:00+00:00,587.3
3491,2013-09-18 09:30:00+00:00,1011.1
3491,2013-09-18 10:00:00+00:00,683.3
3491,2013-09-18 10:30:00+00:00,744.6
3491,2013-09-18 11:00:00+00:00,604.8
3491,2013-09-18 11:30:00+00:00,767.75
3491,2013-09-18 12:00:00+00:00,757.65
3491,2013-09-18 12:30:00+00:00,475.65
3491,2013-09-18 13:00:00+00:00,412.24
3491,2013-09-18 13:30:00+00:00,717.45
3491,2013-09-18 14:00:00+00:00,659.95
3491,2013-09-18 14:30:00+00:00,472.55
3491,2013-09-18 15:00:00+00:00,325.56
3491,2013-09-18 15:30:00+00:00,150.32
3491,2013-09-18 16:00:00+00:00,101.41
3491,2013-09-18 16:30:00+00:00,62.58
3491,2013-09-18 17:00:00+00:00,34.45
3491,2013-09-18 17:30:00+00:00,25.5
3491,2013-09-18 18:00:00+00:00,2.11
3491,2013-09-18 18:30:00+00:00,0.0
3491,2013-09-18 19:00:00+00:00,0.0
3491,2013-09-18 19:30:00+00:00,0.0
3491,2013-09-18 20:00:00+00:00,0.0
3491,2013-09-18 20:30:00+00:00,0.0
3491,2013-09-18 21:00:00+00:00,0.0
3491,2013-09-18 21:30:00+00:00,0.0
3491,2013-09-18 22:00:00+00:00,0.0
3491,2013-09-18 22:30:00+00:00,0.0
3491,2013-09-18 23:00:00+00:00,0.0
3491,2013-09-18 23:30:00+00:00,0.0
3491,2013-09-19 00:00:00+00:00,0.0
3491,2013-09-19 00:30:00+00:00,0.0
3491,2013-09-19 01:00:00+00:00,0.0
3491,2013-09-19 01:30:00+00:00,0.0
3491,2013-09-19 02:00:00+00:00,0.0
3491,2013-09-19 02:30:00+00:00,0.0
3491,2013-09-19 03:00:00+00:00,0.0
3491,2013-09-19 03:30:00+00:00,0.0
3491,2013-09-19 04:00:00+00:00,0.0
3491,2013-09-19 04:30:00+00:00,0.0
3491,2013-09-19 05:00:00+00:00,0.0
3491,2013-09-19 05:30:00+00:00,0.0
3491,2013-09-19 06:00:00+00:00,0.0
3491,2013-09-19 06:30:00+00:00,0.0
3491,2013-09-19 07:00:00+00:00,22.71
3491,2013-09-19 07:30:00+00:00,81.14
3491,2013-09-19 08:00:00+00:00,112.91
3491,2013-09-19 08:30:00+00:00,138.39
3491,2013-09-19 09:00:00+00:00,273.62
3491,2013-09-19 09:30:00+00:00,214.32
3491,2013-09-19 10:00:00+00:00,225.07
3491,2013-09-19 10:30:00+00:00,832.1
3491,2013-09-19 11:00:00+00:00,647.55
3491,2013-09-19 11:30:00+00:00,210.52
3491,2013-09-19 12:00:00+00:00,354.87
3491,2013-09-19 12:30:00+00:00,145.43
3491,2013-09-19 13:00:00+00:00,123.83
3491,2013-09-19 13:30:00+00:00,192.93
3491,2013-09-19 14:00:00+00:00,209.86
3491,2013-09-19 14:30:00+00:00,180.26
3491,2013-09-19 15:00:00+00:00,93.78
3491,2013-09-19 15:30:00+00:00,134.99
3491,2013-09-19 16:00:00+00:00,87.36
3491,2013-09-19 16:30:00+00:00,59.54
3491,2013-09-19 17:00:00+00:00,58.9
3491,2013-09-19 17:30:00+00:00,30.27
3491,2013-09-19 18:00:00+00:00,1.18
3491,2013-09-19 18:30:00+00:00,0.0
3491,2013-09-19 19:00:00+00:00,0.0
3491,2013-09-19 19:30:00+00:00,0.0
3491,2013-09-19 20:00:00+00:00,0.0
3491,2013-09-19 20:30:00+00:00,0.0
3491,2013-09-19 21:00:00+00:00,0.0
3491,2013-09-19 21:30:00+00:00,0.0
3491,2013-09-19 22:00:00+00:00,0.0
3491,2013-09-19 22:30:00+00:00,0.0
3491,2013-09-19 23:00:00+00:00,0.0
3491,2013-09-19 23:30:00+00:00,0.0
3491,2013-09-20 00:00:00+00:00,0.0
3491,2013-09-20 00:30:00+00:00,0.0
3491,2013-09-20 01:00:00+00:00,0.0
3491,2013-09-20 01:30:00+00:00,0.0
3491,2013-09-20 02:00:00+00:00,0.0
3491,2013-09-20 02:30:00+00:00,0.0
3491,2013-09-20 03:00:00+00:00,0.0
3491,2013-09-20 03:30:00+00:00,0.0
3491,2013-09-20 04:00:00+00:00,0.0
3491,2013-09-20 04:30:00+00:00,0.0
3491,2013-09-20 05:00:00+00:00,0.0
3491,2013-09-20 05:30:00+00:00,0.0
3491,2013-09-20 06:00:00+00:00,0.0
3491,2013-09-20 06:30:00+00:00,0.0
3491,2013-09-20 07:00:00+00:00,24.52
3491,2013-09-20 07:30:00+00:00,54.14
3491,2013-09-20 08:00:00+00:00,63.44
3491,2013-09-20 08:30:00+00:00,108.89
3491,2013-09-20 09:00:00+00:00,150.51
3491,2013-09-20 09:30:00+00:00,204.63
3491,2013-09-20 10:00:00+00:00,257.55
3491,2013-09-20 10:30:00+00:00,218.47
3491,2013-09-20 11:00:00+00:00,269.05
3491,2013-09-20 11:30:00+00:00,282.6
3491,2013-09-20 12:00:00+00:00,310.92
3491,2013-09-20 12:30:00+00:00,302.94
3491,2013-09-20 13:00:00+00:00,761.25
3491,2013-09-20 13:30:00+00:00,828.5
3491,2013-09-20 14:00:00+00:00,662.4
3491,2013-09-20 14:30:00+00:00,544.1
3491,2013-09-20 15:00:00+00:00,338.28
3491,2013-09-20 15:30:00+00:00,152.03
3491,2013-09-20 16:00:00+00:00,109.5
3491,2013-09-20 16:30:00+00:00,54.34
3491,2013-09-20 17:00:00+00:00,37.15
3491,2013-09-20 17:30:00+00:00,18.05
3491,2013-09-20 18:00:00+00:00,0.0
3491,2013-09-20 18:30:00+00:00,0.0
3491,2013-09-20 19:00:00+00:00,0.0
3491,2013-09-20 19:30:00+00:00,0.0
3491,2013-09-20 20:00:00+00:00,0.0
3491,2013-09-20 20:30:00+00:00,0.0
3491,2013-09-20 21:00:00+00:00,0.0
3491,2013-09-20 21:30:00+00:00,0.0
3491,2013-09-20 22:00:00+00:00,0.0
3491,2013-09-20 22:30:00+00:00,0.0
3491,2013-09-20 23:00:00+00:00,0.0
3491,2013-09-20 23:30:00+00:00,0.0
3491,2013-09-21 00:00:00+00:00,0.0
3491,2013-09-21 00:30:00+00:00,0.0
3491,2013-09-21 01:00:00+00:00,0.0
3491,2013-09-21 01:30:00+00:00,0.0
3491,2013-09-21 02:00:00+00:00,0.0
3491,2013-09-21 02:30:00+00:00,0.0
3491,2013-09-21 03:00:00+00:00,0.0
3491,2013-09-21 03:30:00+00:00,0.0
3491,2013-09-21 04:00:00+00:00,0.0
3491,2013-09-21 04:30:00+00:00,0.0
3491,2013-09-21 05:00:00+00:00,0.0
3491,2013-09-21 05:30:00+00:00,0.0
3491,2013-09-21 06:00:00+00:00,0.0
3491,2013-09-21 06:30:00+00:00,7.94
3491,2013-09-21 07:00:00+00:00,56.92
3491,2013-09-21 07:30:00+00:00,81.33
3491,2013-09-21 08:00:00+00:00,93.73
3491,2013-09-21 08:30:00+00:00,158.98
3491,2013-09-21 09:00:00+00:00,337.77
3491,2013-09-21 09:30:00+00:00,424.09
3491,2013-09-21 10:00:00+00:00,307.1
3491,2013-09-21 10:30:00+00:00,294.49
3491,2013-09-21 11:00:00+00:00,239.94
3491,2013-09-21 11:30:00+00:00,228.83
3491,2013-09-21 12:00:00+00:00,246.01
3491,2013-09-21 12:30:00+00:00,234.58
3491,2013-09-21 13:00:00+00:00,184.54
3491,2013-09-21 13:30:00+00:00,198.51
3491,2013-09-21 14:00:00+00:00,205.39
3491,2013-09-21 14:30:00+00:00,184.99
3491,2013-09-21 15:00:00+00:00,227.57
3491,2013-09-21 15:30:00+00:00,173.82
3491,2013-09-21 16:00:00+00:00,101.2
3491,2013-09-21 16:30:00+00:00,72.03
3491,2013-09-21 17:00:00+00:00,41.51
3491,2013-09-21 17:30:00+00:00,9.41
3491,2013-09-21 18:00:00+00:00,0.0
3491,2013-09-21 18:30:00+00:00,0.0
3491,2013-09-21 19:00:00+00:00,0.0
3491,2013-09-21 19:30:00+00:00,0.0
3491,2013-09-21 20:00:00+00:00,0.0
3491,2013-09-21 20:30:00+00:00,0.0
3491,2013-09-21 21:00:00+00:00,0.0
3491,2013-09-21 21:30:00+00:00,0.0
3491,2013-09-21 22:00:00+00:00,0.0
3491,2013-09-21 22:30:00+00:00,0.0
3491,2013-09-21 23:00:00+00:00,0.0
3491,2013-09-21 23:30:00+00:00,0.0
3491,2013-09-22 00:00:00+00:00,0.0
3491,2013-09-22 00:30:00+00:00,0.0
3491,2013-09-22 01:00:00+00:00,0.0
3491,2013-09-22 01:30:00+00:00,0.0
3491,2013-09-22 02:00:00+00:00,0.0
3491,2013-09-22 02:30:00+00:00,0.0
3491,2013-09-22 03:00:00+00:00,0.0
3491,2013-09-22 03:30:00+00:00,0.0
3491,2013-09-22 04:00:00+00:00,0.0
3491,2013-09-22 04:30:00+00:00,0.0
3491,2013-09-22 05:00:00+00:00,0.0
3491,2013-09-22 05:30:00+00:00,0.0
3491,2013-09-22 06:00:00+00:00,0.0
3491,2013-09-22 06:30:00+00:00,0.0
3491,2013-09-22 07:00:00+00:00,7.77
3491,2013-09-22 07:30:00+00:00,32.74
3491,2013-09-22 08:00:00+00:00,45.67
3491,2013-09-22 08:30:00+00:00,57.95
3491,2013-09-22 09:00:00+00:00,78.14
3491,2013-09-22 09:30:00+00:00,83.63
3491,2013-09-22 10:00:00+00:00,113.2
3491,2013-09-22 10:30:00+00:00,93.17
3491,2013-09-22 11:00:00+00:00,93.16
3491,2013-09-22 11:30:00+00:00,86.46
3491,2013-09-22 12:00:00+00:00,87.49
3491,2013-09-22 12:30:00+00:00,113.23
3491,2013-09-22 13:00:00+00:00,124.94
3491,2013-09-22 13:30:00+00:00,89.59
3491,2013-09-22 14:00:00+00:00,74.16
3491,2013-09-22 14:30:00+00:00,80.14
3491,2013-09-22 15:00:00+00:00,56.8
3491,2013-09-22 15:30:00+00:00,44.57
3491,2013-09-22 16:00:00+00:00,27.2
3491,2013-09-22 16:30:00+00:00,16.62
3491,2013-09-22 17:00:00+00:00,1.75
3491,2013-09-22 17:30:00+00:00,0.0
3491,2013-09-22 18:00:00+00:00,0.0
3491,2013-09-22 18:30:00+00:00,0.0
3491,2013-09-22 19:00:00+00:00,0.0
3491,2013-09-22 19:30:00+00:00,0.0
3491,2013-09-22 20:00:00+00:00,0.0
3491,2013-09-22 20:30:00+00:00,0.0
3491,2013-09-22 21:00:00+00:00,0.0
3491,2013-09-22 21:30:00+00:00,0.0
3491,2013-09-22 22:00:00+00:00,0.0
3491,2013-09-22 22:30:00+00:00,0.0
3491,2013-09-22 23:00:00+00:00,0.0
3491,2013-09-22 23:30:00+00:00,0.0
3491,2013-09-23 00:00:00+00:00,0.0
3491,2013-09-23 00:30:00+00:00,0.0
3491,2013-09-23 01:00:00+00:00,0.0
3491,2013-09-23 01:30:00+00:00,0.0
3491,2013-09-23 02:00:00+00:00,0.0
3491,2013-09-23 02:30:00+00:00,0.0
3491,2013-09-23 03:00:00+00:00,0.0
3491,2013-09-23 03:30:00+00:00,0.0
3491,2013-09-23 04:00:00+00:00,0.0
3491,2013-09-23 04:30:00+00:00,0.0
3491,2013-09-23 05:00:00+00:00,0.0
3491,2013-09-23 05:30:00+00:00,0.0
3491,2013-09-23 06:00:00+00:00,0.0
3491,2013-09-23 06:30:00+00:00,0.0
3491,2013-09-23 07:00:00+00:00,10.53
3491,2013-09-23 07:30:00+00:00,30.97
3491,2013-09-23 08:00:00+00:00,51.63
3491,2013-09-23 08:30:00+00:00,73.08
3491,2013-09-23 09:00:00+00:00,107.64
3491,2013-09-23 09:30:00+00:00,154.98
3491,2013-09-23 10:00:00+00:00,185.2
3491,2013-09-23 10:30:00+00:00,183.27
3491,2013-09-23 11:00:00+00:00,209.34
3491,2013-09-23 11:30:00+00:00,300.86
3491,2013-09-23 12:00:00+00:00,309.59
3491,2013-09-23 12:30:00+00:00,348.34
3491,2013-09-23 13:00:00+00:00,340.2
3491,2013-09-23 13:30:00+00:00,376.78
3491,2013-09-23 14:00:00+00:00,368.42
3491,2013-09-23 14:30:00+00:00,454.71
3491,2013-09-23 15:00:00+00:00,369.89
3491,2013-09-23 15:30:00+00:00,159.17
3491,2013-09-23 16:00:00+00:00,90.5
3491,2013-09-23 16:30:00+00:00,45.0
3491,2013-09-23 17:00:00+00:00,30.22
3491,2013-09-23 17:30:00+00:00,13.26
3491,2013-09-23 18:00:00+00:00,0.0
3491,2013-09-23 18:30:00+00:00,0.0
3491,2013-09-23 19:00:00+00:00,0.0
3491,2013-09-23 19:30:00+00:00,0.0
3491,2013-09-23 20:00:00+00:00,0.0
3491,2013-09-23 20:30:00+00:00,0.0
3491,2013-09-23 21:00:00+00:00,0.0
3491,2013-09-23 21:30:00+00:00,0.0
3491,2013-09-23 22:00:00+00:00,0.0
3491,2013-09-23 22:30:00+00:00,0.0
3491,2013-09-23 23:00:00+00:00,0.0
3491,2013-09-23 23:30:00+00:00,0.0
3491,2013-09-24 00:00:00+00:00,0.0
3491,2013-09-24 00:30:00+00:00,0.0
3491,2013-09-24 01:00:00+00:00,0.0
3491,2013-09-24 01:30:00+00:00,0.0
3491,2013-09-24 02:00:00+00:00,0.0
3491,2013-09-24 02:30:00+00:00,0.0
3491,2013-09-24 03:00:00+00:00,0.0
3491,2013-09-24 03:30:00+00:00,0.0
3491,2013-09-24 04:00:00+00:00,0.0
3491,2013-09-24 04:30:00+00:00,0.0
3491,2013-09-24 05:00:00+00:00,0.0
3491,2013-09-24 05:30:00+00:00,0.0
3491,2013-09-24 06:00:00+00:00,0.0
3491,2013-09-24 06:30:00+00:00,8.49
3491,2013-09-24 07:00:00+00:00,52.53
3491,2013-09-24 07:30:00+00:00,107.32
3491,2013-09-24 08:00:00+00:00,151.73
3491,2013-09-24 08:30:00+00:00,178.77
3491,2013-09-24 09:00:00+00:00,216.08
3491,2013-09-24 09:30:00+00:00,217.4
3491,2013-09-24 10:00:00+00:00,218.12
3491,2013-09-24 10:30:00+00:00,531.1
3491,2013-09-24 11:00:00+00:00,880.75
3491,2013-09-24 11:30:00+00:00,894.85
3491,2013-09-24 12:00:00+00:00,924.85
3491,2013-09-24 12:30:00+00:00,789.2
3491,2013-09-24 13:00:00+00:00,697.55
3491,2013-09-24 13:30:00+00:00,682.45
3491,2013-09-24 14:00:00+00:00,586.15
3491,2013-09-24 14:30:00+00:00,469.71
3491,2013-09-24 15:00:00+00:00,366.87
3491,2013-09-24 15:30:00+00:00,195.82
3491,2013-09-24 16:00:00+00:00,127.87
3491,2013-09-24 16:30:00+00:00,81.61
3491,2013-09-24 17:00:00+00:00,39.61
3491,2013-09-24 17:30:00+00:00,8.36
3491,2013-09-24 18:00:00+00:00,0.0
3491,2013-09-24 18:30:00+00:00,0.0
3491,2013-09-24 19:00:00+00:00,0.0
3491,2013-09-24 19:30:00+00:00,0.0
3491,2013-09-24 20:00:00+00:00,0.0
3491,2013-09-24 20:30:00+00:00,0.0
3491,2013-09-24 21:00:00+00:00,0.0
3491,2013-09-24 21:30:00+00:00,0.0
3491,2013-09-24 22:00:00+00:00,0.0
3491,2013-09-24 22:30:00+00:00,0.0
3491,2013-09-24 23:00:00+00:00,0.0
3491,2013-09-24 23:30:00+00:00,0.0
3491,2013-09-25 00:00:00+00:00,0.0
3491,2013-09-25 00:30:00+00:00,0.0
3491,2013-09-25 01:00:00+00:00,0.0
3491,2013-09-25 01:30:00+00:00,0.0
3491,2013-09-25 02:00:00+00:00,0.0
3491,2013-09-25 02:30:00+00:00,0.0
3491,2013-09-25 03:00:00+00:00,0.0
3491,2013-09-25 03:30:00+00:00,0.0
3491,2013-09-25 04:00:00+00:00,0.0
3491,2013-09-25 04:30:00+00:00,0.0
3491,2013-09-25 05:00:00+00:00,0.0
3491,2013-09-25 05:30:00+00:00,0.0
3491,2013-09-25 06:00:00+00:00,0.0
3491,2013-09-25 06:30:00+00:00,0.0
3491,2013-09-25 07:00:00+00:00,3.33
3491,2013-09-25 07:30:00+00:00,50.51
3491,2013-09-25 08:00:00+00:00,108.25
3491,2013-09-25 08:30:00+00:00,161.63
3491,2013-09-25 09:00:00+00:00,234.99
3491,2013-09-25 09:30:00+00:00,203.06
3491,2013-09-25 10:00:00+00:00,180.18
3491,2013-09-25 10:30:00+00:00,216.36
3491,2013-09-25 11:00:00+00:00,612.25
3491,2013-09-25 11:30:00+00:00,802.4
3491,2013-09-25 12:00:00+00:00,565.5
3491,2013-09-25 12:30:00+00:00,705.1
3491,2013-09-25 13:00:00+00:00,606.25
3491,2013-09-25 13:30:00+00:00,451.13
3491,2013-09-25 14:00:00+00:00,310.67
3491,2013-09-25 14:30:00+00:00,306.1
3491,2013-09-25 15:00:00+00:00,188.37
3491,2013-09-25 15:30:00+00:00,187.87
3491,2013-09-25 16:00:00+00:00,112.96
3491,2013-09-25 16:30:00+00:00,102.01
3491,2013-09-25 17:00:00+00:00,66.34
3491,2013-09-25 17:30:00+00:00,20.04
3491,2013-09-25 18:00:00+00:00,0.0
3491,2013-09-25 18:30:00+00:00,0.0
3491,2013-09-25 19:00:00+00:00,0.0
3491,2013-09-25 19:30:00+00:00,0.0
3491,2013-09-25 20:00:00+00:00,0.0
3491,2013-09-25 20:30:00+00:00,0.0
3491,2013-09-25 21:00:00+00:00,0.0
3491,2013-09-25 21:30:00+00:00,0.0
3491,2013-09-25 22:00:00+00:00,0.0
3491,2013-09-25 22:30:00+00:00,0.0
3491,2013-09-25 23:00:00+00:00,0.0
3491,2013-09-25 23:30:00+00:00,0.0
3491,2013-09-26 00:00:00+00:00,0.0
3491,2013-09-26 00:30:00+00:00,0.0
3491,2013-09-26 01:00:00+00:00,0.0
3491,2013-09-26 01:30:00+00:00,0.0
3491,2013-09-26 02:00:00+00:00,0.0
3491,2013-09-26 02:30:00+00:00,0.0
3491,2013-09-26 03:00:00+00:00,0.0
3491,2013-09-26 03:30:00+00:00,0.0
3491,2013-09-26 04:00:00+00:00,0.0
3491,2013-09-26 04:30:00+00:00,0.0
3491,2013-09-26 05:00:00+00:00,0.0
3491,2013-09-26 05:30:00+00:00,0.0
3491,2013-09-26 06:00:00+00:00,0.0
3491,2013-09-26 06:30:00+00:00,0.0
3491,2013-09-26 07:00:00+00:00,0.0
3491,2013-09-26 07:30:00+00:00,3.52
3491,2013-09-26 08:00:00+00:00,40.62
3491,2013-09-26 08:30:00+00:00,211.99
3491,2013-09-26 09:00:00+00:00,791.15
3491,2013-09-26 09:30:00+00:00,701.55
3491,2013-09-26 10:00:00+00:00,725.8
3491,2013-09-26 10:30:00+00:00,1005.95
3491,2013-09-26 11:00:00+00:00,986.15
3491,2013-09-26 11:30:00+00:00,954.55
3491,2013-09-26 12:00:00+00:00,882.6
3491,2013-09-26 12:30:00+00:00,913.6
3491,2013-09-26 13:00:00+00:00,587.35
3491,2013-09-26 13:30:00+00:00,651.7
3491,2013-09-26 14:00:00+00:00,687.0
3491,2013-09-26 14:30:00+00:00,440.34
3491,2013-09-26 15:00:00+00:00,278.5
3491,2013-09-26 15:30:00+00:00,141.66
3491,2013-09-26 16:00:00+00:00,90.73
3491,2013-09-26 16:30:00+00:00,62.88
3491,2013-09-26 17:00:00+00:00,45.66
3491,2013-09-26 17:30:00+00:00,19.95
3491,2013-09-26 18:00:00+00:00,0.11
3491,2013-09-26 18:30:00+00:00,0.0
3491,2013-09-26 19:00:00+00:00,0.0
3491,2013-09-26 19:30:00+00:00,0.0
3491,2013-09-26 20:00:00+00:00,0.0
3491,2013-09-26 20:30:00+00:00,0.0
3491,2013-09-26 21:00:00+00:00,0.0
3491,2013-09-26 21:30:00+00:00,0.0
3491,2013-09-26 22:00:00+00:00,0.0
3491,2013-09-26 22:30:00+00:00,0.0
3491,2013-09-26 23:00:00+00:00,0.0
3491,2013-09-26 23:30:00+00:00,0.0
3491,2013-09-27 00:00:00+00:00,0.0
3491,2013-09-27 00:30:00+00:00,0.0
3491,2013-09-27 01:00:00+00:00,0.0
3491,2013-09-27 01:30:00+00:00,0.0
3491,2013-09-27 02:00:00+00:00,0.0
3491,2013-09-27 02:30:00+00:00,0.0
3491,2013-09-27 03:00:00+00:00,0.0
3491,2013-09-27 03:30:00+00:00,0.0
3491,2013-09-27 04:00:00+00:00,0.0
3491,2013-09-27 04:30:00+00:00,0.0
3491,2013-09-27 05:00:00+00:00,0.0
3491,2013-09-27 05:30:00+00:00,0.0
3491,2013-09-27 06:00:00+00:00,0.0
3491,2013-09-27 06:30:00+00:00,8.07
3491,2013-09-27 07:00:00+00:00,41.14
3491,2013-09-27 07:30:00+00:00,96.37
3491,2013-09-27 08:00:00+00:00,161.64
3491,2013-09-27 08:30:00+00:00,248.86
3491,2013-09-27 09:00:00+00:00,718.35
3491,2013-09-27 09:30:00+00:00,778.95
3491,2013-09-27 10:00:00+00:00,717.85
3491,2013-09-27 10:30:00+00:00,672.9
3491,2013-09-27 11:00:00+00:00,660.0
3491,2013-09-27 11:30:00+00:00,744.45
3491,2013-09-27 12:00:00+00:00,590.95
3491,2013-09-27 12:30:00+00:00,582.6
3491,2013-09-27 13:00:00+00:00,700.05
3491,2013-09-27 13:30:00+00:00,708.15
3491,2013-09-27 14:00:00+00:00,638.55
3491,2013-09-27 14:30:00+00:00,259.39
3491,2013-09-27 15:00:00+00:00,304.31
3491,2013-09-27 15:30:00+00:00,213.62
3491,2013-09-27 16:00:00+00:00,117.14
3491,2013-09-27 16:30:00+00:00,72.43
3491,2013-09-27 17:00:00+00:00,34.55
3491,2013-09-27 17:30:00+00:00,4.54
3491,2013-09-27 18:00:00+00:00,0.0
3491,2013-09-27 18:30:00+00:00,0.0
3491,2013-09-27 19:00:00+00:00,0.0
3491,2013-09-27 19:30:00+00:00,0.0
3491,2013-09-27 20:00:00+00:00,0.0
3491,2013-09-27 20:30:00+00:00,0.0
3491,2013-09-27 21:00:00+00:00,0.0
3491,2013-09-27 21:30:00+00:00,0.0
3491,2013-09-27 22:00:00+00:00,0.0
3491,2013-09-27 22:30:00+00:00,0.0
3491,2013-09-27 23:00:00+00:00,0.0
3491,2013-09-27 23:30:00+00:00,0.0
3491,2013-09-28 00:00:00+00:00,0.0
3491,2013-09-28 00:30:00+00:00,0.0
3491,2013-09-28 01:00:00+00:00,0.0
3491,2013-09-28 01:30:00+00:00,0.0
3491,2013-09-28 02:00:00+00:00,0.0
3491,2013-09-28 02:30:00+00:00,0.0
3491,2013-09-28 03:00:00+00:00,0.0
3491,2013-09-28 03:30:00+00:00,0.0
3491,2013-09-28 04:00:00+00:00,0.0
3491,2013-09-28 04:30:00+00:00,0.0
3491,2013-09-28 05:00:00+00:00,0.0
3491,2013-09-28 05:30:00+00:00,0.0
3491,2013-09-28 06:00:00+00:00,0.0
3491,2013-09-28 06:30:00+00:00,2.4
3491,2013-09-28 07:00:00+00:00,44.23
3491,2013-09-28 07:30:00+00:00,95.34
3491,2013-09-28 08:00:00+00:00,152.6
3491,2013-09-28 08:30:00+00:00,202.0
3491,2013-09-28 09:00:00+00:00,246.55
3491,2013-09-28 09:30:00+00:00,490.4
3491,2013-09-28 10:00:00+00:00,690.75
3491,2013-09-28 10:30:00+00:00,912.45
3491,2013-09-28 11:00:00+00:00,797.3
3491,2013-09-28 11:30:00+00:00,351.48
3491,2013-09-28 12:00:00+00:00,274.55
3491,2013-09-28 12:30:00+00:00,155.75
3491,2013-09-28 13:00:00+00:00,84.81
3491,2013-09-28 13:30:00+00:00,58.82
3491,2013-09-28 14:00:00+00:00,52.76
3491,2013-09-28 14:30:00+00:00,133.45
3491,2013-09-28 15:00:00+00:00,120.99
3491,2013-09-28 15:30:00+00:00,95.27
3491,2013-09-28 16:00:00+00:00,90.79
3491,2013-09-28 16:30:00+00:00,47.69
3491,2013-09-28 17:00:00+00:00,11.51
3491,2013-09-28 17:30:00+00:00,0.34
3491,2013-09-28 18:00:00+00:00,0.0
3491,2013-09-28 18:30:00+00:00,0.0
3491,2013-09-28 19:00:00+00:00,0.0
3491,2013-09-28 19:30:00+00:00,0.0
3491,2013-09-28 20:00:00+00:00,0.0
3491,2013-09-28 20:30:00+00:00,0.0
3491,2013-09-28 21:00:00+00:00,0.0
3491,2013-09-28 21:30:00+00:00,0.0
3491,2013-09-28 22:00:00+00:00,0.0
3491,2013-09-28 22:30:00+00:00,0.0
3491,2013-09-28 23:00:00+00:00,0.0
3491,2013-09-28 23:30:00+00:00,0.0
3491,2013-09-29 00:00:00+00:00,0.0
3491,2013-09-29 00:30:00+00:00,0.0
3491,2013-09-29 01:00:00+00:00,0.0
3491,2013-09-29 01:30:00+00:00,0.0
3491,2013-09-29 02:00:00+00:00,0.0
3491,2013-09-29 02:30:00+00:00,0.0
3491,2013-09-29 03:00:00+00:00,0.0
3491,2013-09-29 03:30:00+00:00,0.0
3491,2013-09-29 04:00:00+00:00,0.0
3491,2013-09-29 04:30:00+00:00,0.0
3491,2013-09-29 05:00:00+00:00,0.0
3491,2013-09-29 05:30:00+00:00,0.0
3491,2013-09-29 06:00:00+00:00,0.0
3491,2013-09-29 06:30:00+00:00,1.95
3491,2013-09-29 07:00:00+00:00,25.31
3491,2013-09-29 07:30:00+00:00,28.09
3491,2013-09-29 08:00:00+00:00,55.81
3491,2013-09-29 08:30:00+00:00,120.34
3491,2013-09-29 09:00:00+00:00,360.61
3491,2013-09-29 09:30:00+00:00,199.67
3491,2013-09-29 10:00:00+00:00,171.75
3491,2013-09-29 10:30:00+00:00,224.2
3491,2013-09-29 11:00:00+00:00,325.76
3491,2013-09-29 11:30:00+00:00,211.46
3491,2013-09-29 12:00:00+00:00,230.61
3491,2013-09-29 12:30:00+00:00,472.72
3491,2013-09-29 13:00:00+00:00,443.85
3491,2013-09-29 13:30:00+00:00,240.81
3491,2013-09-29 14:00:00+00:00,189.22
3491,2013-09-29 14:30:00+00:00,174.62
3491,2013-09-29 15:00:00+00:00,99.53
3491,2013-09-29 15:30:00+00:00,78.09
3491,2013-09-29 16:00:00+00:00,45.68
3491,2013-09-29 16:30:00+00:00,28.96
3491,2013-09-29 17:00:00+00:00,1.92
3491,2013-09-29 17:30:00+00:00,0.0
3491,2013-09-29 18:00:00+00:00,0.0
3491,2013-09-29 18:30:00+00:00,0.0
3491,2013-09-29 19:00:00+00:00,0.0
3491,2013-09-29 19:30:00+00:00,0.0
3491,2013-09-29 20:00:00+00:00,0.0
3491,2013-09-29 20:30:00+00:00,0.0
3491,2013-09-29 21:00:00+00:00,0.0
3491,2013-09-29 21:30:00+00:00,0.0
3491,2013-09-29 22:00:00+00:00,0.0
3491,2013-09-29 22:30:00+00:00,0.0
3491,2013-09-29 23:00:00+00:00,0.0
3491,2013-09-29 23:30:00+00:00,0.0
3491,2013-09-30 00:00:00+00:00,0.0
3491,2013-09-30 00:30:00+00:00,0.0
3491,2013-09-30 01:00:00+00:00,0.0
3491,2013-09-30 01:30:00+00:00,0.0
3491,2013-09-30 02:00:00+00:00,0.0
3491,2013-09-30 02:30:00+00:00,0.0
3491,2013-09-30 03:00:00+00:00,0.0
3491,2013-09-30 03:30:00+00:00,0.0
3491,2013-09-30 04:00:00+00:00,0.0
3491,2013-09-30 04:30:00+00:00,0.0
3491,2013-09-30 05:00:00+00:00,0.0
3491,2013-09-30 05:30:00+00:00,0.0
3491,2013-09-30 06:00:00+00:00,0.0
3491,2013-09-30 06:30:00+00:00,4.02
3491,2013-09-30 07:00:00+00:00,32.26
3491,2013-09-30 07:30:00+00:00,72.35
3491,2013-09-30 08:00:00+00:00,93.03
3491,2013-09-30 08:30:00+00:00,69.82
3491,2013-09-30 09:00:00+00:00,180.32
3491,2013-09-30 09:30:00+00:00,417.35
3491,2013-09-30 10:00:00+00:00,905.8
3491,2013-09-30 10:30:00+00:00,896.65
3491,2013-09-30 11:00:00+00:00,797.9
3491,2013-09-30 11:30:00+00:00,770.3
3491,2013-09-30 12:00:00+00:00,823.25
3491,2013-09-30 12:30:00+00:00,871.55
3491,2013-09-30 13:00:00+00:00,748.3
3491,2013-09-30 13:30:00+00:00,366.96
3491,2013-09-30 14:00:00+00:00,300.59
3491,2013-09-30 14:30:00+00:00,496.27
3491,2013-09-30 15:00:00+00:00,142.62
3491,2013-09-30 15:30:00+00:00,168.04
3491,2013-09-30 16:00:00+00:00,80.53
3491,2013-09-30 16:30:00+00:00,45.7
3491,2013-09-30 17:00:00+00:00,19.8
3491,2013-09-30 17:30:00+00:00,0.8
3491,2013-09-30 18:00:00+00:00,0.0
3491,2013-09-30 18:30:00+00:00,0.0
3491,2013-09-30 19:00:00+00:00,0.0
3491,2013-09-30 19:30:00+00:00,0.0
3491,2013-09-30 20:00:00+00:00,0.0
3491,2013-09-30 20:30:00+00:00,0.0
3491,2013-09-30 21:00:00+00:00,0.0
3491,2013-09-30 21:30:00+00:00,0.0
3491,2013-09-30 22:00:00+00:00,0.0
3491,2013-09-30 22:30:00+00:00,0.0
3491,2013-09-30 23:00:00+00:00,0.0
3491,2013-09-30 23:30:00+00:00,0.0
3491,2013-10-01 00:30:00+00:00,0.0
3491,2013-10-01 01:00:00+00:00,0.0
3491,2013-10-01 01:30:00+00:00,0.0
3491,2013-10-01 02:00:00+00:00,0.0
3491,2013-10-01 02:30:00+00:00,0.0
3491,2013-10-01 03:00:00+00:00,0.0
3491,2013-10-01 03:30:00+00:00,0.0
3491,2013-10-01 04:00:00+00:00,0.0
3491,2013-10-01 04:30:00+00:00,0.0
3491,2013-10-01 05:00:00+00:00,0.0
3491,2013-10-01 05:30:00+00:00,0.0
3491,2013-10-01 06:00:00+00:00,0.0
3491,2013-10-01 06:30:00+00:00,5.33
3491,2013-10-01 07:00:00+00:00,61.72
3491,2013-10-01 07:30:00+00:00,119.69
3491,2013-10-01 08:00:00+00:00,97.0
3491,2013-10-01 08:30:00+00:00,149.05
3491,2013-10-01 09:00:00+00:00,280.86
3491,2013-10-01 09:30:00+00:00,712.45
3491,2013-10-01 10:00:00+00:00,869.45
3491,2013-10-01 10:30:00+00:00,637.3
3491,2013-10-01 11:00:00+00:00,145.04
3491,2013-10-01 11:30:00+00:00,200.56
3491,2013-10-01 12:00:00+00:00,305.73
3491,2013-10-01 12:30:00+00:00,282.31
3491,2013-10-01 13:00:00+00:00,491.05
3491,2013-10-01 13:30:00+00:00,338.96
3491,2013-10-01 14:00:00+00:00,206.74
3491,2013-10-01 14:30:00+00:00,142.06
3491,2013-10-01 15:00:00+00:00,232.25
3491,2013-10-01 15:30:00+00:00,148.56
3491,2013-10-01 16:00:00+00:00,98.92
3491,2013-10-01 16:30:00+00:00,36.27
3491,2013-10-01 17:00:00+00:00,1.07
3491,2013-10-01 17:30:00+00:00,0.0
3491,2013-10-01 18:00:00+00:00,0.0
3491,2013-10-01 18:30:00+00:00,0.0
3491,2013-10-01 19:00:00+00:00,0.0
3491,2013-10-01 19:30:00+00:00,0.0
3491,2013-10-01 20:00:00+00:00,0.0
3491,2013-10-01 20:30:00+00:00,0.0
3491,2013-10-01 21:00:00+00:00,0.0
3491,2013-10-01 21:30:00+00:00,0.0
3491,2013-10-01 22:00:00+00:00,0.0
3491,2013-10-01 22:30:00+00:00,0.0
3491,2013-10-01 23:00:00+00:00,0.0
3491,2013-10-01 23:30:00+00:00,0.0
3491,2013-10-02 00:00:00+00:00,0.0
3491,2013-10-02 00:30:00+00:00,0.0
3491,2013-10-02 01:00:00+00:00,0.0
3491,2013-10-02 01:30:00+00:00,0.0
3491,2013-10-02 02:00:00+00:00,0.0
3491,2013-10-02 02:30:00+00:00,0.0
3491,2013-10-02 03:00:00+00:00,0.0
3491,2013-10-02 03:30:00+00:00,0.0
3491,2013-10-02 04:00:00+00:00,0.0
3491,2013-10-02 04:30:00+00:00,0.0
3491,2013-10-02 05:00:00+00:00,0.0
3491,2013-10-02 05:30:00+00:00,0.0
3491,2013-10-02 06:00:00+00:00,0.0
3491,2013-10-02 06:30:00+00:00,0.0
3491,2013-10-02 07:00:00+00:00,0.0
3491,2013-10-02 07:30:00+00:00,3.71
3491,2013-10-02 08:00:00+00:00,18.93
3491,2013-10-02 08:30:00+00:00,26.79
3491,2013-10-02 09:00:00+00:00,67.98
3491,2013-10-02 09:30:00+00:00,57.2
3491,2013-10-02 10:00:00+00:00,46.96
3491,2013-10-02 10:30:00+00:00,53.1
3491,2013-10-02 11:00:00+00:00,105.28
3491,2013-10-02 11:30:00+00:00,77.98
3491,2013-10-02 12:00:00+00:00,116.64
3491,2013-10-02 12:30:00+00:00,122.68
3491,2013-10-02 13:00:00+00:00,121.04
3491,2013-10-02 13:30:00+00:00,138.02
3491,2013-10-02 14:00:00+00:00,168.94
3491,2013-10-02 14:30:00+00:00,187.11
3491,2013-10-02 15:00:00+00:00,171.07
3491,2013-10-02 15:30:00+00:00,221.24
3491,2013-10-02 16:00:00+00:00,96.06
3491,2013-10-02 16:30:00+00:00,71.99
3491,2013-10-02 17:00:00+00:00,27.28
3491,2013-10-02 17:30:00+00:00,4.68
3491,2013-10-02 18:00:00+00:00,0.0
3491,2013-10-02 18:30:00+00:00,0.0
3491,2013-10-02 19:00:00+00:00,0.0
3491,2013-10-02 19:30:00+00:00,0.0
3491,2013-10-02 20:00:00+00:00,0.0
3491,2013-10-02 20:30:00+00:00,0.0
3491,2013-10-02 21:00:00+00:00,0.0
3491,2013-10-02 21:30:00+00:00,0.0
3491,2013-10-02 22:00:00+00:00,0.0
3491,2013-10-02 22:30:00+00:00,0.0
3491,2013-10-02 23:00:00+00:00,0.0
3491,2013-10-02 23:30:00+00:00,0.0
3491,2013-10-03 00:00:00+00:00,0.0
3491,2013-10-03 00:30:00+00:00,0.0
3491,2013-10-03 01:00:00+00:00,0.0
3491,2013-10-03 01:30:00+00:00,0.0
3491,2013-10-03 02:00:00+00:00,0.0
3491,2013-10-03 02:30:00+00:00,0.0
3491,2013-10-03 03:00:00+00:00,0.0
3491,2013-10-03 03:30:00+00:00,0.0
3491,2013-10-03 04:00:00+00:00,0.0
3491,2013-10-03 04:30:00+00:00,0.0
3491,2013-10-03 05:00:00+00:00,0.0
3491,2013-10-03 05:30:00+00:00,0.0
3491,2013-10-03 06:00:00+00:00,0.0
3491,2013-10-03 06:30:00+00:00,0.0
3491,2013-10-03 07:00:00+00:00,30.18
3491,2013-10-03 07:30:00+00:00,74.82
3491,2013-10-03 08:00:00+00:00,121.62
3491,2013-10-03 08:30:00+00:00,272.04
3491,2013-10-03 09:00:00+00:00,359.41
3491,2013-10-03 09:30:00+00:00,306.17
3491,2013-10-03 10:00:00+00:00,401.86
3491,2013-10-03 10:30:00+00:00,273.51
3491,2013-10-03 11:00:00+00:00,230.47
3491,2013-10-03 11:30:00+00:00,61.79
3491,2013-10-03 12:00:00+00:00,46.4
3491,2013-10-03 12:30:00+00:00,35.72
3491,2013-10-03 13:00:00+00:00,13.43
3491,2013-10-03 13:30:00+00:00,43.26
3491,2013-10-03 14:00:00+00:00,83.72
3491,2013-10-03 14:30:00+00:00,123.11
3491,2013-10-03 15:00:00+00:00,159.31
3491,2013-10-03 15:30:00+00:00,223.36
3491,2013-10-03 16:00:00+00:00,115.82
3491,2013-10-03 16:30:00+00:00,78.54
3491,2013-10-03 17:00:00+00:00,17.66
3491,2013-10-03 17:30:00+00:00,0.0
3491,2013-10-03 18:00:00+00:00,0.0
3491,2013-10-03 18:30:00+00:00,0.0
3491,2013-10-03 19:00:00+00:00,0.0
3491,2013-10-03 19:30:00+00:00,0.0
3491,2013-10-03 20:00:00+00:00,0.0
3491,2013-10-03 20:30:00+00:00,0.0
3491,2013-10-03 21:00:00+00:00,0.0
3491,2013-10-03 21:30:00+00:00,0.0
3491,2013-10-03 22:00:00+00:00,0.0
3491,2013-10-03 22:30:00+00:00,0.0
3491,2013-10-03 23:00:00+00:00,0.0
3491,2013-10-03 23:30:00+00:00,0.0
3491,2013-10-04 00:00:00+00:00,0.0
3491,2013-10-04 00:30:00+00:00,0.0
3491,2013-10-04 01:00:00+00:00,0.0
3491,2013-10-04 01:30:00+00:00,0.0
3491,2013-10-04 02:00:00+00:00,0.0
3491,2013-10-04 02:30:00+00:00,0.0
3491,2013-10-04 03:00:00+00:00,0.0
3491,2013-10-04 03:30:00+00:00,0.0
3491,2013-10-04 04:00:00+00:00,0.0
3491,2013-10-04 04:30:00+00:00,0.0
3491,2013-10-04 05:00:00+00:00,0.0
3491,2013-10-04 05:30:00+00:00,0.0
3491,2013-10-04 06:00:00+00:00,0.0
3491,2013-10-04 06:30:00+00:00,0.0
3491,2013-10-04 07:00:00+00:00,0.0
3491,2013-10-04 07:30:00+00:00,38.58
3491,2013-10-04 08:00:00+00:00,74.61
3491,2013-10-04 08:30:00+00:00,194.58
3491,2013-10-04 09:00:00+00:00,241.32
3491,2013-10-04 09:30:00+00:00,231.37
3491,2013-10-04 10:00:00+00:00,192.61
3491,2013-10-04 10:30:00+00:00,167.94
3491,2013-10-04 11:00:00+00:00,271.77
3491,2013-10-04 11:30:00+00:00,410.81
3491,2013-10-04 12:00:00+00:00,653.25
3491,2013-10-04 12:30:00+00:00,810.8
3491,2013-10-04 13:00:00+00:00,646.8
3491,2013-10-04 13:30:00+00:00,591.35
3491,2013-10-04 14:00:00+00:00,478.78
3491,2013-10-04 14:30:00+00:00,362.1
3491,2013-10-04 15:00:00+00:00,274.22
3491,2013-10-04 15:30:00+00:00,159.48
3491,2013-10-04 16:00:00+00:00,127.42
3491,2013-10-04 16:30:00+00:00,71.63
3491,2013-10-04 17:00:00+00:00,38.52
3491,2013-10-04 17:30:00+00:00,3.85
3491,2013-10-04 18:00:00+00:00,0.0
3491,2013-10-04 18:30:00+00:00,0.0
3491,2013-10-04 19:00:00+00:00,0.0
3491,2013-10-04 19:30:00+00:00,0.0
3491,2013-10-04 20:00:00+00:00,0.0
3491,2013-10-04 20:30:00+00:00,0.0
3491,2013-10-04 21:00:00+00:00,0.0
3491,2013-10-04 21:30:00+00:00,0.0
3491,2013-10-04 22:00:00+00:00,0.0
3491,2013-10-04 22:30:00+00:00,0.0
3491,2013-10-04 23:00:00+00:00,0.0
3491,2013-10-04 23:30:00+00:00,0.0
3491,2013-10-05 00:00:00+00:00,0.0
3491,2013-10-05 00:30:00+00:00,0.0
3491,2013-10-05 01:00:00+00:00,0.0
3491,2013-10-05 01:30:00+00:00,0.0
3491,2013-10-05 02:00:00+00:00,0.0
3491,2013-10-05 02:30:00+00:00,0.0
3491,2013-10-05 03:00:00+00:00,0.0
3491,2013-10-05 03:30:00+00:00,0.0
3491,2013-10-05 04:00:00+00:00,0.0
3491,2013-10-05 04:30:00+00:00,0.0
3491,2013-10-05 05:00:00+00:00,0.0
3491,2013-10-05 05:30:00+00:00,0.0
3491,2013-10-05 06:00:00+00:00,0.0
3491,2013-10-05 06:30:00+00:00,0.0
3491,2013-10-05 07:00:00+00:00,0.0
3491,2013-10-05 07:30:00+00:00,17.92
3491,2013-10-05 08:00:00+00:00,53.9
3491,2013-10-05 08:30:00+00:00,125.91
3491,2013-10-05 09:00:00+00:00,102.5
3491,2013-10-05 09:30:00+00:00,126.06
3491,2013-10-05 10:00:00+00:00,155.36
3491,2013-10-05 10:30:00+00:00,165.53
3491,2013-10-05 11:00:00+00:00,167.31
3491,2013-10-05 11:30:00+00:00,178.29
3491,2013-10-05 12:00:00+00:00,290.42
3491,2013-10-05 12:30:00+00:00,404.71
3491,2013-10-05 13:00:00+00:00,313.77
3491,2013-10-05 13:30:00+00:00,196.12
3491,2013-10-05 14:00:00+00:00,121.36
3491,2013-10-05 14:30:00+00:00,80.81
3491,2013-10-05 15:00:00+00:00,99.37
3491,2013-10-05 15:30:00+00:00,101.99
3491,2013-10-05 16:00:00+00:00,62.13
3491,2013-10-05 16:30:00+00:00,16.72
3491,2013-10-05 17:00:00+00:00,0.0
3491,2013-10-05 17:30:00+00:00,0.0
3491,2013-10-05 18:00:00+00:00,0.0
3491,2013-10-05 18:30:00+00:00,0.0
3491,2013-10-05 19:00:00+00:00,0.0
3491,2013-10-05 19:30:00+00:00,0.0
3491,2013-10-05 20:00:00+00:00,0.0
3491,2013-10-05 20:30:00+00:00,0.0
3491,2013-10-05 21:00:00+00:00,0.0
3491,2013-10-05 21:30:00+00:00,0.0
3491,2013-10-05 22:00:00+00:00,0.0
3491,2013-10-05 22:30:00+00:00,0.0
3491,2013-10-05 23:00:00+00:00,0.0
3491,2013-10-05 23:30:00+00:00,0.0
3491,2013-10-06 00:00:00+00:00,0.0
3491,2013-10-06 00:30:00+00:00,0.0
3491,2013-10-06 01:00:00+00:00,0.0
3491,2013-10-06 01:30:00+00:00,0.0
3491,2013-10-06 02:00:00+00:00,0.0
3491,2013-10-06 02:30:00+00:00,0.0
3491,2013-10-06 03:00:00+00:00,0.0
3491,2013-10-06 03:30:00+00:00,0.0
3491,2013-10-06 04:00:00+00:00,0.0
3491,2013-10-06 04:30:00+00:00,0.0
3491,2013-10-06 05:00:00+00:00,0.0
3491,2013-10-06 05:30:00+00:00,0.0
3491,2013-10-06 06:00:00+00:00,0.0
3491,2013-10-06 06:30:00+00:00,0.0
3491,2013-10-06 07:00:00+00:00,14.62
3491,2013-10-06 07:30:00+00:00,42.35
3491,2013-10-06 08:00:00+00:00,60.37
3491,2013-10-06 08:30:00+00:00,244.32
3491,2013-10-06 09:00:00+00:00,787.45
3491,2013-10-06 09:30:00+00:00,922.55
3491,2013-10-06 10:00:00+00:00,946.45
3491,2013-10-06 10:30:00+00:00,936.45
3491,2013-10-06 11:00:00+00:00,937.35
3491,2013-10-06 11:30:00+00:00,812.05
3491,2013-10-06 12:00:00+00:00,678.95
3491,2013-10-06 12:30:00+00:00,354.85
3491,2013-10-06 13:00:00+00:00,305.51
3491,2013-10-06 13:30:00+00:00,611.5
3491,2013-10-06 14:00:00+00:00,203.04
3491,2013-10-06 14:30:00+00:00,209.05
3491,2013-10-06 15:00:00+00:00,210.95
3491,2013-10-06 15:30:00+00:00,102.92
3491,2013-10-06 16:00:00+00:00,50.83
3491,2013-10-06 16:30:00+00:00,43.23
3491,2013-10-06 17:00:00+00:00,25.13
3491,2013-10-06 17:30:00+00:00,1.21
3491,2013-10-06 18:00:00+00:00,0.0
3491,2013-10-06 18:30:00+00:00,0.0
3491,2013-10-06 19:00:00+00:00,0.0
3491,2013-10-06 19:30:00+00:00,0.0
3491,2013-10-06 20:00:00+00:00,0.0
3491,2013-10-06 20:30:00+00:00,0.0
3491,2013-10-06 21:00:00+00:00,0.0
3491,2013-10-06 21:30:00+00:00,0.0
3491,2013-10-06 22:00:00+00:00,0.0
3491,2013-10-06 22:30:00+00:00,0.0
3491,2013-10-06 23:00:00+00:00,0.0
3491,2013-10-06 23:30:00+00:00,0.0
3491,2013-10-07 00:00:00+00:00,0.0
3491,2013-10-07 00:30:00+00:00,0.0
3491,2013-10-07 01:00:00+00:00,0.0
3491,2013-10-07 01:30:00+00:00,0.0
3491,2013-10-07 02:00:00+00:00,0.0
3491,2013-10-07 02:30:00+00:00,0.0
3491,2013-10-07 03:00:00+00:00,0.0
3491,2013-10-07 03:30:00+00:00,0.0
3491,2013-10-07 04:00:00+00:00,0.0
3491,2013-10-07 04:30:00+00:00,0.0
3491,2013-10-07 05:00:00+00:00,0.0
3491,2013-10-07 05:30:00+00:00,0.0
3491,2013-10-07 06:00:00+00:00,0.0
3491,2013-10-07 06:30:00+00:00,0.0
3491,2013-10-07 07:00:00+00:00,20.78
3491,2013-10-07 07:30:00+00:00,57.71
3491,2013-10-07 08:00:00+00:00,154.75
3491,2013-10-07 08:30:00+00:00,197.72
3491,2013-10-07 09:00:00+00:00,251.31
3491,2013-10-07 09:30:00+00:00,480.52
3491,2013-10-07 10:00:00+00:00,841.45
3491,2013-10-07 10:30:00+00:00,922.45
3491,2013-10-07 11:00:00+00:00,939.3
3491,2013-10-07 11:30:00+00:00,987.35
3491,2013-10-07 12:00:00+00:00,524.0
3491,2013-10-07 12:30:00+00:00,456.12
3491,2013-10-07 13:00:00+00:00,330.95
3491,2013-10-07 13:30:00+00:00,261.54
3491,2013-10-07 14:00:00+00:00,173.35
3491,2013-10-07 14:30:00+00:00,133.03
3491,2013-10-07 15:00:00+00:00,137.3
3491,2013-10-07 15:30:00+00:00,114.42
3491,2013-10-07 16:00:00+00:00,63.87
3491,2013-10-07 16:30:00+00:00,24.31
3491,2013-10-07 17:00:00+00:00,2.44
3491,2013-10-07 17:30:00+00:00,0.0
3491,2013-10-07 18:00:00+00:00,0.0
3491,2013-10-07 18:30:00+00:00,0.0
3491,2013-10-07 19:00:00+00:00,0.0
3491,2013-10-07 19:30:00+00:00,0.0
3491,2013-10-07 20:00:00+00:00,0.0
3491,2013-10-07 20:30:00+00:00,0.0
3491,2013-10-07 21:00:00+00:00,0.0
3491,2013-10-07 21:30:00+00:00,0.0
3491,2013-10-07 22:00:00+00:00,0.0
3491,2013-10-07 22:30:00+00:00,0.0
3491,2013-10-07 23:00:00+00:00,0.0
3491,2013-10-07 23:30:00+00:00,0.0
3491,2013-10-08 00:00:00+00:00,0.0
3491,2013-10-08 00:30:00+00:00,0.0
3491,2013-10-08 01:00:00+00:00,0.0
3491,2013-10-08 01:30:00+00:00,0.0
3491,2013-10-08 02:00:00+00:00,0.0
3491,2013-10-08 02:30:00+00:00,0.0
3491,2013-10-08 03:00:00+00:00,0.0
3491,2013-10-08 03:30:00+00:00,0.0
3491,2013-10-08 04:00:00+00:00,0.0
3491,2013-10-08 04:30:00+00:00,0.0
3491,2013-10-08 05:00:00+00:00,0.0
3491,2013-10-08 05:30:00+00:00,0.0
3491,2013-10-08 06:00:00+00:00,0.0
3491,2013-10-08 06:30:00+00:00,0.0
3491,2013-10-08 07:00:00+00:00,10.68
3491,2013-10-08 07:30:00+00:00,40.09
3491,2013-10-08 08:00:00+00:00,68.74
3491,2013-10-08 08:30:00+00:00,123.63
3491,2013-10-08 09:00:00+00:00,557.0
3491,2013-10-08 09:30:00+00:00,406.65
3491,2013-10-08 10:00:00+00:00,938.15
3491,2013-10-08 10:30:00+00:00,960.25
3491,2013-10-08 11:00:00+00:00,952.05
3491,2013-10-08 11:30:00+00:00,912.95
3491,2013-10-08 12:00:00+00:00,809.75
3491,2013-10-08 12:30:00+00:00,686.95
3491,2013-10-08 13:00:00+00:00,649.0
3491,2013-10-08 13:30:00+00:00,565.45
3491,2013-10-08 14:00:00+00:00,352.51
3491,2013-10-08 14:30:00+00:00,324.26
3491,2013-10-08 15:00:00+00:00,242.42
3491,2013-10-08 15:30:00+00:00,111.85
3491,2013-10-08 16:00:00+00:00,27.54
3491,2013-10-08 16:30:00+00:00,9.32
3491,2013-10-08 17:00:00+00:00,12.48
3491,2013-10-08 17:30:00+00:00,0.0
3491,2013-10-08 18:00:00+00:00,0.0
3491,2013-10-08 18:30:00+00:00,0.0
3491,2013-10-08 19:00:00+00:00,0.0
3491,2013-10-08 19:30:00+00:00,0.0
3491,2013-10-08 20:00:00+00:00,0.0
3491,2013-10-08 20:30:00+00:00,0.0
3491,2013-10-08 21:00:00+00:00,0.0
3491,2013-10-08 21:30:00+00:00,0.0
3491,2013-10-08 22:00:00+00:00,0.0
3491,2013-10-08 22:30:00+00:00,0.0
3491,2013-10-08 23:00:00+00:00,0.0
3491,2013-10-08 23:30:00+00:00,0.0
3491,2013-10-09 00:00:00+00:00,0.0
3491,2013-10-09 00:30:00+00:00,0.0
3491,2013-10-09 01:00:00+00:00,0.0
3491,2013-10-09 01:30:00+00:00,0.0
3491,2013-10-09 02:00:00+00:00,0.0
3491,2013-10-09 02:30:00+00:00,0.0
3491,2013-10-09 03:00:00+00:00,0.0
3491,2013-10-09 03:30:00+00:00,0.0
3491,2013-10-09 04:00:00+00:00,0.0
3491,2013-10-09 04:30:00+00:00,0.0
3491,2013-10-09 05:00:00+00:00,0.0
3491,2013-10-09 05:30:00+00:00,0.0
3491,2013-10-09 06:00:00+00:00,0.0
3491,2013-10-09 06:30:00+00:00,0.0
3491,2013-10-09 07:00:00+00:00,5.76
3491,2013-10-09 07:30:00+00:00,48.39
3491,2013-10-09 08:00:00+00:00,130.66
3491,2013-10-09 08:30:00+00:00,79.78
3491,2013-10-09 09:00:00+00:00,69.66
3491,2013-10-09 09:30:00+00:00,78.4
3491,2013-10-09 10:00:00+00:00,239.08
3491,2013-10-09 10:30:00+00:00,570.3
3491,2013-10-09 11:00:00+00:00,593.65
3491,2013-10-09 11:30:00+00:00,273.93
3491,2013-10-09 12:00:00+00:00,277.88
3491,2013-10-09 12:30:00+00:00,314.47
3491,2013-10-09 13:00:00+00:00,553.65
3491,2013-10-09 13:30:00+00:00,243.27
3491,2013-10-09 14:00:00+00:00,155.48
3491,2013-10-09 14:30:00+00:00,127.91
3491,2013-10-09 15:00:00+00:00,93.65
3491,2013-10-09 15:30:00+00:00,53.21
3491,2013-10-09 16:00:00+00:00,42.9
3491,2013-10-09 16:30:00+00:00,32.37
3491,2013-10-09 17:00:00+00:00,2.8
3491,2013-10-09 17:30:00+00:00,0.0
3491,2013-10-09 18:00:00+00:00,0.0
3491,2013-10-09 18:30:00+00:00,0.0
3491,2013-10-09 19:00:00+00:00,0.0
3491,2013-10-09 19:30:00+00:00,0.0
3491,2013-10-09 20:00:00+00:00,0.0
3491,2013-10-09 20:30:00+00:00,0.0
3491,2013-10-09 21:00:00+00:00,0.0
3491,2013-10-09 21:30:00+00:00,0.0
3491,2013-10-09 22:00:00+00:00,0.0
3491,2013-10-09 22:30:00+00:00,0.0
3491,2013-10-09 23:00:00+00:00,0.0
3491,2013-10-09 23:30:00+00:00,0.0
3491,2013-10-10 00:00:00+00:00,0.0
3491,2013-10-10 00:30:00+00:00,0.0
3491,2013-10-10 01:00:00+00:00,0.0
3491,2013-10-10 01:30:00+00:00,0.0
3491,2013-10-10 02:00:00+00:00,0.0
3491,2013-10-10 02:30:00+00:00,0.0
3491,2013-10-10 03:00:00+00:00,0.0
3491,2013-10-10 03:30:00+00:00,0.0
3491,2013-10-10 04:00:00+00:00,0.0
3491,2013-10-10 04:30:00+00:00,0.0
3491,2013-10-10 05:00:00+00:00,0.0
3491,2013-10-10 05:30:00+00:00,0.0
3491,2013-10-10 06:00:00+00:00,0.0
3491,2013-10-10 06:30:00+00:00,0.0
3491,2013-10-10 07:00:00+00:00,0.31
3491,2013-10-10 07:30:00+00:00,52.49
3491,2013-10-10 08:00:00+00:00,147.46
3491,2013-10-10 08:30:00+00:00,127.11
3491,2013-10-10 09:00:00+00:00,307.25
3491,2013-10-10 09:30:00+00:00,217.84
3491,2013-10-10 10:00:00+00:00,351.92
3491,2013-10-10 10:30:00+00:00,217.83
3491,2013-10-10 11:00:00+00:00,409.31
3491,2013-10-10 11:30:00+00:00,547.8
3491,2013-10-10 12:00:00+00:00,127.44
3491,2013-10-10 12:30:00+00:00,153.0
3491,2013-10-10 13:00:00+00:00,408.06
3491,2013-10-10 13:30:00+00:00,157.83
3491,2013-10-10 14:00:00+00:00,112.28
3491,2013-10-10 14:30:00+00:00,132.38
3491,2013-10-10 15:00:00+00:00,215.09
3491,2013-10-10 15:30:00+00:00,107.83
3491,2013-10-10 16:00:00+00:00,70.35
3491,2013-10-10 16:30:00+00:00,35.65
3491,2013-10-10 17:00:00+00:00,6.49
3491,2013-10-10 17:30:00+00:00,0.0
3491,2013-10-10 18:00:00+00:00,0.0
3491,2013-10-10 18:30:00+00:00,0.0
3491,2013-10-10 19:00:00+00:00,0.0
3491,2013-10-10 19:30:00+00:00,0.0
3491,2013-10-10 20:00:00+00:00,0.0
3491,2013-10-10 20:30:00+00:00,0.0
3491,2013-10-10 21:00:00+00:00,0.0
3491,2013-10-10 21:30:00+00:00,0.0
3491,2013-10-10 22:00:00+00:00,0.0
3491,2013-10-10 22:30:00+00:00,0.0
3491,2013-10-10 23:00:00+00:00,0.0
3491,2013-10-10 23:30:00+00:00,0.0
3491,2013-10-11 00:00:00+00:00,0.0
3491,2013-10-11 00:30:00+00:00,0.0
3491,2013-10-11 01:00:00+00:00,0.0
3491,2013-10-11 01:30:00+00:00,0.0
3491,2013-10-11 02:00:00+00:00,0.0
3491,2013-10-11 02:30:00+00:00,0.0
3491,2013-10-11 03:00:00+00:00,0.0
3491,2013-10-11 03:30:00+00:00,0.0
3491,2013-10-11 04:00:00+00:00,0.0
3491,2013-10-11 04:30:00+00:00,0.0
3491,2013-10-11 05:00:00+00:00,0.0
3491,2013-10-11 05:30:00+00:00,0.0
3491,2013-10-11 06:00:00+00:00,0.0
3491,2013-10-11 06:30:00+00:00,0.0
3491,2013-10-11 07:00:00+00:00,13.03
3491,2013-10-11 07:30:00+00:00,0.66
3491,2013-10-11 08:00:00+00:00,45.78
3491,2013-10-11 08:30:00+00:00,171.33
3491,2013-10-11 09:00:00+00:00,246.9
3491,2013-10-11 09:30:00+00:00,370.45
3491,2013-10-11 10:00:00+00:00,147.91
3491,2013-10-11 10:30:00+00:00,144.61
3491,2013-10-11 11:00:00+00:00,109.59
3491,2013-10-11 11:30:00+00:00,65.67
3491,2013-10-11 12:00:00+00:00,35.62
3491,2013-10-11 12:30:00+00:00,26.12
3491,2013-10-11 13:00:00+00:00,32.69
3491,2013-10-11 13:30:00+00:00,23.46
3491,2013-10-11 14:00:00+00:00,25.48
3491,2013-10-11 14:30:00+00:00,16.18
3491,2013-10-11 15:00:00+00:00,7.98
3491,2013-10-11 15:30:00+00:00,0.63
3491,2013-10-11 16:00:00+00:00,0.0
3491,2013-10-11 16:30:00+00:00,0.0
3491,2013-10-11 17:00:00+00:00,0.0
3491,2013-10-11 17:30:00+00:00,0.0
3491,2013-10-11 18:00:00+00:00,0.0
3491,2013-10-11 18:30:00+00:00,0.0
3491,2013-10-11 19:00:00+00:00,0.0
3491,2013-10-11 19:30:00+00:00,0.0
3491,2013-10-11 20:00:00+00:00,0.0
3491,2013-10-11 20:30:00+00:00,0.0
3491,2013-10-11 21:00:00+00:00,0.0
3491,2013-10-11 21:30:00+00:00,0.0
3491,2013-10-11 22:00:00+00:00,0.0
3491,2013-10-11 22:30:00+00:00,0.0
3491,2013-10-11 23:00:00+00:00,0.0
3491,2013-10-11 23:30:00+00:00,0.0
3491,2013-10-12 00:00:00+00:00,0.0
3491,2013-10-12 00:30:00+00:00,0.0
3491,2013-10-12 01:00:00+00:00,0.0
3491,2013-10-12 01:30:00+00:00,0.0
3491,2013-10-12 02:00:00+00:00,0.0
3491,2013-10-12 02:30:00+00:00,0.0
3491,2013-10-12 03:00:00+00:00,0.0
3491,2013-10-12 03:30:00+00:00,0.0
3491,2013-10-12 04:00:00+00:00,0.0
3491,2013-10-12 04:30:00+00:00,0.0
3491,2013-10-12 05:00:00+00:00,0.0
3491,2013-10-12 05:30:00+00:00,0.0
3491,2013-10-12 06:00:00+00:00,0.0
3491,2013-10-12 06:30:00+00:00,0.0
3491,2013-10-12 07:00:00+00:00,5.42
3491,2013-10-12 07:30:00+00:00,41.65
3491,2013-10-12 08:00:00+00:00,75.08
3491,2013-10-12 08:30:00+00:00,309.18
3491,2013-10-12 09:00:00+00:00,801.45
3491,2013-10-12 09:30:00+00:00,678.0
3491,2013-10-12 10:00:00+00:00,800.55
3491,2013-10-12 10:30:00+00:00,247.44
3491,2013-10-12 11:00:00+00:00,418.45
3491,2013-10-12 11:30:00+00:00,670.45
3491,2013-10-12 12:00:00+00:00,621.25
3491,2013-10-12 12:30:00+00:00,453.23
3491,2013-10-12 13:00:00+00:00,549.35
3491,2013-10-12 13:30:00+00:00,314.72
3491,2013-10-12 14:00:00+00:00,212.78
3491,2013-10-12 14:30:00+00:00,150.91
3491,2013-10-12 15:00:00+00:00,180.31
3491,2013-10-12 15:30:00+00:00,130.12
3491,2013-10-12 16:00:00+00:00,70.56
3491,2013-10-12 16:30:00+00:00,30.4
3491,2013-10-12 17:00:00+00:00,3.3
3491,2013-10-12 17:30:00+00:00,0.0
3491,2013-10-12 18:00:00+00:00,0.0
3491,2013-10-12 18:30:00+00:00,0.0
3491,2013-10-12 19:00:00+00:00,0.0
3491,2013-10-12 19:30:00+00:00,0.0
3491,2013-10-12 20:00:00+00:00,0.0
3491,2013-10-12 20:30:00+00:00,0.0
3491,2013-10-12 21:00:00+00:00,0.0
3491,2013-10-12 21:30:00+00:00,0.0
3491,2013-10-12 22:00:00+00:00,0.0
3491,2013-10-12 22:30:00+00:00,0.0
3491,2013-10-12 23:00:00+00:00,0.0
3491,2013-10-12 23:30:00+00:00,0.0
3491,2013-10-13 00:00:00+00:00,0.0
3491,2013-10-13 00:30:00+00:00,0.0
3491,2013-10-13 01:00:00+00:00,0.0
3491,2013-10-13 01:30:00+00:00,0.0
3491,2013-10-13 02:00:00+00:00,0.0
3491,2013-10-13 02:30:00+00:00,0.0
3491,2013-10-13 03:00:00+00:00,0.0
3491,2013-10-13 03:30:00+00:00,0.0
3491,2013-10-13 04:00:00+00:00,0.0
3491,2013-10-13 04:30:00+00:00,0.0
3491,2013-10-13 05:00:00+00:00,0.0
3491,2013-10-13 05:30:00+00:00,0.0
3491,2013-10-13 06:00:00+00:00,0.0
3491,2013-10-13 06:30:00+00:00,0.0
3491,2013-10-13 07:00:00+00:00,0.0
3491,2013-10-13 07:30:00+00:00,0.0
3491,2013-10-13 08:00:00+00:00,0.0
3491,2013-10-13 08:30:00+00:00,0.0
3491,2013-10-13 09:00:00+00:00,0.0
3491,2013-10-13 09:30:00+00:00,0.0
3491,2013-10-13 10:00:00+00:00,23.24
3491,2013-10-13 10:30:00+00:00,31.39
3491,2013-10-13 11:00:00+00:00,25.46
3491,2013-10-13 11:30:00+00:00,15.35
3491,2013-10-13 12:00:00+00:00,11.77
3491,2013-10-13 12:30:00+00:00,66.83
3491,2013-10-13 13:00:00+00:00,51.79
3491,2013-10-13 13:30:00+00:00,62.3
3491,2013-10-13 14:00:00+00:00,145.13
3491,2013-10-13 14:30:00+00:00,106.37
3491,2013-10-13 15:00:00+00:00,143.09
3491,2013-10-13 15:30:00+00:00,79.49
3491,2013-10-13 16:00:00+00:00,0.7
3491,2013-10-13 16:30:00+00:00,0.0
3491,2013-10-13 17:00:00+00:00,0.0
3491,2013-10-13 17:30:00+00:00,0.0
3491,2013-10-13 18:00:00+00:00,0.0
3491,2013-10-13 18:30:00+00:00,0.0
3491,2013-10-13 19:00:00+00:00,0.0
3491,2013-10-13 19:30:00+00:00,0.0
3491,2013-10-13 20:00:00+00:00,0.0
3491,2013-10-13 20:30:00+00:00,0.0
3491,2013-10-13 21:00:00+00:00,0.0
3491,2013-10-13 21:30:00+00:00,0.0
3491,2013-10-13 22:00:00+00:00,0.0
3491,2013-10-13 22:30:00+00:00,0.0
3491,2013-10-13 23:00:00+00:00,0.0
3491,2013-10-13 23:30:00+00:00,0.0
3491,2013-10-14 00:00:00+00:00,0.0
3491,2013-10-14 00:30:00+00:00,0.0
3491,2013-10-14 01:00:00+00:00,0.0
3491,2013-10-14 01:30:00+00:00,0.0
3491,2013-10-14 02:00:00+00:00,0.0
3491,2013-10-14 02:30:00+00:00,0.0
3491,2013-10-14 03:00:00+00:00,0.0
3491,2013-10-14 03:30:00+00:00,0.0
3491,2013-10-14 04:00:00+00:00,0.0
3491,2013-10-14 04:30:00+00:00,0.0
3491,2013-10-14 05:00:00+00:00,0.0
3491,2013-10-14 05:30:00+00:00,0.0
3491,2013-10-14 06:00:00+00:00,0.0
3491,2013-10-14 06:30:00+00:00,0.0
3491,2013-10-14 07:00:00+00:00,0.95
3491,2013-10-14 07:30:00+00:00,22.33
3491,2013-10-14 08:00:00+00:00,32.01
3491,2013-10-14 08:30:00+00:00,53.9
3491,2013-10-14 09:00:00+00:00,101.88
3491,2013-10-14 09:30:00+00:00,71.92
3491,2013-10-14 10:00:00+00:00,181.84
3491,2013-10-14 10:30:00+00:00,215.04
3491,2013-10-14 11:00:00+00:00,334.9
3491,2013-10-14 11:30:00+00:00,405.48
3491,2013-10-14 12:00:00+00:00,135.56
3491,2013-10-14 12:30:00+00:00,87.3
3491,2013-10-14 13:00:00+00:00,68.19
3491,2013-10-14 13:30:00+00:00,74.63
3491,2013-10-14 14:00:00+00:00,78.98
3491,2013-10-14 14:30:00+00:00,162.17
3491,2013-10-14 15:00:00+00:00,167.93
3491,2013-10-14 15:30:00+00:00,117.15
3491,2013-10-14 16:00:00+00:00,94.99
3491,2013-10-14 16:30:00+00:00,26.58
3491,2013-10-14 17:00:00+00:00,0.0
3491,2013-10-14 17:30:00+00:00,0.0
3491,2013-10-14 18:00:00+00:00,0.0
3491,2013-10-14 18:30:00+00:00,0.0
3491,2013-10-14 19:00:00+00:00,0.0
3491,2013-10-14 19:30:00+00:00,0.0
3491,2013-10-14 20:00:00+00:00,0.0
3491,2013-10-14 20:30:00+00:00,0.0
3491,2013-10-14 21:00:00+00:00,0.0
3491,2013-10-14 21:30:00+00:00,0.0
3491,2013-10-14 22:00:00+00:00,0.0
3491,2013-10-14 22:30:00+00:00,0.0
3491,2013-10-14 23:00:00+00:00,0.0
3491,2013-10-14 23:30:00+00:00,0.0
3491,2013-10-15 00:00:00+00:00,0.0
3491,2013-10-15 00:30:00+00:00,0.0
3491,2013-10-15 01:00:00+00:00,0.0
3491,2013-10-15 01:30:00+00:00,0.0
3491,2013-10-15 02:00:00+00:00,0.0
3491,2013-10-15 02:30:00+00:00,0.0
3491,2013-10-15 03:00:00+00:00,0.0
3491,2013-10-15 03:30:00+00:00,0.0
3491,2013-10-15 04:00:00+00:00,0.0
3491,2013-10-15 04:30:00+00:00,0.0
3491,2013-10-15 05:00:00+00:00,0.0
3491,2013-10-15 05:30:00+00:00,0.0
3491,2013-10-15 06:00:00+00:00,0.0
3491,2013-10-15 06:30:00+00:00,0.0
3491,2013-10-15 07:00:00+00:00,0.0
3491,2013-10-15 07:30:00+00:00,18.08
3491,2013-10-15 08:00:00+00:00,89.98
3491,2013-10-15 08:30:00+00:00,155.26
3491,2013-10-15 09:00:00+00:00,295.96
3491,2013-10-15 09:30:00+00:00,495.46
3491,2013-10-15 10:00:00+00:00,494.03
3491,2013-10-15 10:30:00+00:00,211.03
3491,2013-10-15 11:00:00+00:00,167.64
3491,2013-10-15 11:30:00+00:00,333.64
3491,2013-10-15 12:00:00+00:00,586.85
3491,2013-10-15 12:30:00+00:00,715.3
3491,2013-10-15 13:00:00+00:00,328.01
3491,2013-10-15 13:30:00+00:00,369.52
3491,2013-10-15 14:00:00+00:00,473.21
3491,2013-10-15 14:30:00+00:00,370.4
3491,2013-10-15 15:00:00+00:00,198.89
3491,2013-10-15 15:30:00+00:00,64.8
3491,2013-10-15 16:00:00+00:00,42.02
3491,2013-10-15 16:30:00+00:00,22.73
3491,2013-10-15 17:00:00+00:00,3.32
3491,2013-10-15 17:30:00+00:00,0.0
3491,2013-10-15 18:00:00+00:00,0.0
3491,2013-10-15 18:30:00+00:00,0.0
3491,2013-10-15 19:00:00+00:00,0.0
3491,2013-10-15 19:30:00+00:00,0.0
3491,2013-10-15 20:00:00+00:00,0.0
3491,2013-10-15 20:30:00+00:00,0.0
3491,2013-10-15 21:00:00+00:00,0.0
3491,2013-10-15 21:30:00+00:00,0.0
3491,2013-10-15 22:00:00+00:00,0.0
3491,2013-10-15 22:30:00+00:00,0.0
3491,2013-10-15 23:00:00+00:00,0.0
3491,2013-10-15 23:30:00+00:00,0.0
3491,2013-10-16 00:00:00+00:00,0.0
3491,2013-10-16 00:30:00+00:00,0.0
3491,2013-10-16 01:00:00+00:00,0.0
3491,2013-10-16 01:30:00+00:00,0.0
3491,2013-10-16 02:00:00+00:00,0.0
3491,2013-10-16 02:30:00+00:00,0.0
3491,2013-10-16 03:00:00+00:00,0.0
3491,2013-10-16 03:30:00+00:00,0.0
3491,2013-10-16 04:00:00+00:00,0.0
3491,2013-10-16 04:30:00+00:00,0.0
3491,2013-10-16 05:00:00+00:00,0.0
3491,2013-10-16 05:30:00+00:00,0.0
3491,2013-10-16 06:00:00+00:00,0.0
3491,2013-10-16 06:30:00+00:00,0.0
3491,2013-10-16 07:00:00+00:00,0.0
3491,2013-10-16 07:30:00+00:00,0.0
3491,2013-10-16 08:00:00+00:00,5.68
3491,2013-10-16 08:30:00+00:00,14.59
3491,2013-10-16 09:00:00+00:00,18.07
3491,2013-10-16 09:30:00+00:00,16.42
3491,2013-10-16 10:00:00+00:00,25.45
3491,2013-10-16 10:30:00+00:00,56.13
3491,2013-10-16 11:00:00+00:00,106.57
3491,2013-10-16 11:30:00+00:00,87.44
3491,2013-10-16 12:00:00+00:00,64.29
3491,2013-10-16 12:30:00+00:00,54.37
3491,2013-10-16 13:00:00+00:00,44.67
3491,2013-10-16 13:30:00+00:00,162.47
3491,2013-10-16 14:00:00+00:00,156.82
3491,2013-10-16 14:30:00+00:00,231.89
3491,2013-10-16 15:00:00+00:00,194.62
3491,2013-10-16 15:30:00+00:00,71.56
3491,2013-10-16 16:00:00+00:00,26.39
3491,2013-10-16 16:30:00+00:00,17.85
3491,2013-10-16 17:00:00+00:00,2.07
3491,2013-10-16 17:30:00+00:00,0.0
3491,2013-10-16 18:00:00+00:00,0.0
3491,2013-10-16 18:30:00+00:00,0.0
3491,2013-10-16 19:00:00+00:00,0.0
3491,2013-10-16 19:30:00+00:00,0.0
3491,2013-10-16 20:00:00+00:00,0.0
3491,2013-10-16 20:30:00+00:00,0.0
3491,2013-10-16 21:00:00+00:00,0.0
3491,2013-10-16 21:30:00+00:00,0.0
3491,2013-10-16 22:00:00+00:00,0.0
3491,2013-10-16 22:30:00+00:00,0.0
3491,2013-10-16 23:00:00+00:00,0.0
3491,2013-10-16 23:30:00+00:00,0.0
3491,2013-10-17 00:00:00+00:00,0.0
3491,2013-10-17 00:30:00+00:00,0.0
3491,2013-10-17 01:00:00+00:00,0.0
3491,2013-10-17 01:30:00+00:00,0.0
3491,2013-10-17 02:00:00+00:00,0.0
3491,2013-10-17 02:30:00+00:00,0.0
3491,2013-10-17 03:00:00+00:00,0.0
3491,2013-10-17 03:30:00+00:00,0.0
3491,2013-10-17 04:00:00+00:00,0.0
3491,2013-10-17 04:30:00+00:00,0.0
3491,2013-10-17 05:00:00+00:00,0.0
3491,2013-10-17 05:30:00+00:00,0.0
3491,2013-10-17 06:00:00+00:00,0.0
3491,2013-10-17 06:30:00+00:00,0.0
3491,2013-10-17 07:00:00+00:00,0.0
3491,2013-10-17 07:30:00+00:00,14.12
3491,2013-10-17 08:00:00+00:00,63.42
3491,2013-10-17 08:30:00+00:00,202.11
3491,2013-10-17 09:00:00+00:00,644.6
3491,2013-10-17 09:30:00+00:00,673.9
3491,2013-10-17 10:00:00+00:00,881.95
3491,2013-10-17 10:30:00+00:00,679.95
3491,2013-10-17 11:00:00+00:00,793.85
3491,2013-10-17 11:30:00+00:00,470.49
3491,2013-10-17 12:00:00+00:00,369.5
3491,2013-10-17 12:30:00+00:00,238.59
3491,2013-10-17 13:00:00+00:00,382.81
3491,2013-10-17 13:30:00+00:00,274.23
3491,2013-10-17 14:00:00+00:00,347.12
3491,2013-10-17 14:30:00+00:00,346.94
3491,2013-10-17 15:00:00+00:00,117.89
3491,2013-10-17 15:30:00+00:00,95.32
3491,2013-10-17 16:00:00+00:00,81.92
3491,2013-10-17 16:30:00+00:00,31.11
3491,2013-10-17 17:00:00+00:00,3.85
3491,2013-10-17 17:30:00+00:00,0.0
3491,2013-10-17 18:00:00+00:00,0.0
3491,2013-10-17 18:30:00+00:00,0.0
3491,2013-10-17 19:00:00+00:00,0.0
3491,2013-10-17 19:30:00+00:00,0.0
3491,2013-10-17 20:00:00+00:00,0.0
3491,2013-10-17 20:30:00+00:00,0.0
3491,2013-10-17 21:00:00+00:00,0.0
3491,2013-10-17 21:30:00+00:00,0.0
3491,2013-10-17 22:00:00+00:00,0.0
3491,2013-10-17 22:30:00+00:00,0.0
3491,2013-10-17 23:00:00+00:00,0.0
3491,2013-10-17 23:30:00+00:00,0.0
3491,2013-10-18 00:00:00+00:00,0.0
3491,2013-10-18 00:30:00+00:00,0.0
3491,2013-10-18 01:00:00+00:00,0.0
3491,2013-10-18 01:30:00+00:00,0.0
3491,2013-10-18 02:00:00+00:00,0.0
3491,2013-10-18 02:30:00+00:00,0.0
3491,2013-10-18 03:00:00+00:00,0.0
3491,2013-10-18 03:30:00+00:00,0.0
3491,2013-10-18 04:00:00+00:00,0.0
3491,2013-10-18 04:30:00+00:00,0.0
3491,2013-10-18 05:00:00+00:00,0.0
3491,2013-10-18 05:30:00+00:00,0.0
3491,2013-10-18 06:00:00+00:00,0.0
3491,2013-10-18 06:30:00+00:00,0.0
3491,2013-10-18 07:00:00+00:00,6.73
3491,2013-10-18 07:30:00+00:00,55.86
3491,2013-10-18 08:00:00+00:00,65.97
3491,2013-10-18 08:30:00+00:00,131.45
3491,2013-10-18 09:00:00+00:00,187.54
3491,2013-10-18 09:30:00+00:00,521.3
3491,2013-10-18 10:00:00+00:00,519.35
3491,2013-10-18 10:30:00+00:00,301.42
3491,2013-10-18 11:00:00+00:00,223.33
3491,2013-10-18 11:30:00+00:00,323.25
3491,2013-10-18 12:00:00+00:00,257.7
3491,2013-10-18 12:30:00+00:00,206.05
3491,2013-10-18 13:00:00+00:00,288.57
3491,2013-10-18 13:30:00+00:00,203.38
3491,2013-10-18 14:00:00+00:00,268.76
3491,2013-10-18 14:30:00+00:00,231.12
3491,2013-10-18 15:00:00+00:00,89.92
3491,2013-10-18 15:30:00+00:00,93.89
3491,2013-10-18 16:00:00+00:00,82.79
3491,2013-10-18 16:30:00+00:00,16.15
3491,2013-10-18 17:00:00+00:00,0.0
3491,2013-10-18 17:30:00+00:00,0.0
3491,2013-10-18 18:00:00+00:00,0.0
3491,2013-10-18 18:30:00+00:00,0.0
3491,2013-10-18 19:00:00+00:00,0.0
3491,2013-10-18 19:30:00+00:00,0.0
3491,2013-10-18 20:00:00+00:00,0.0
3491,2013-10-18 20:30:00+00:00,0.0
3491,2013-10-18 21:00:00+00:00,0.0
3491,2013-10-18 21:30:00+00:00,0.0
3491,2013-10-18 22:00:00+00:00,0.0
3491,2013-10-18 22:30:00+00:00,0.0
3491,2013-10-18 23:00:00+00:00,0.0
3491,2013-10-18 23:30:00+00:00,0.0
3491,2013-10-19 00:00:00+00:00,0.0
3491,2013-10-19 00:30:00+00:00,0.0
3491,2013-10-19 01:00:00+00:00,0.0
3491,2013-10-19 01:30:00+00:00,0.0
3491,2013-10-19 02:00:00+00:00,0.0
3491,2013-10-19 02:30:00+00:00,0.0
3491,2013-10-19 03:00:00+00:00,0.0
3491,2013-10-19 03:30:00+00:00,0.0
3491,2013-10-19 04:00:00+00:00,0.0
3491,2013-10-19 04:30:00+00:00,0.0
3491,2013-10-19 05:00:00+00:00,0.0
3491,2013-10-19 05:30:00+00:00,0.0
3491,2013-10-19 06:00:00+00:00,0.0
3491,2013-10-19 06:30:00+00:00,0.0
3491,2013-10-19 07:00:00+00:00,0.0
3491,2013-10-19 07:30:00+00:00,9.49
3491,2013-10-19 08:00:00+00:00,40.2
3491,2013-10-19 08:30:00+00:00,26.38
3491,2013-10-19 09:00:00+00:00,54.17
3491,2013-10-19 09:30:00+00:00,42.35
3491,2013-10-19 10:00:00+00:00,37.76
3491,2013-10-19 10:30:00+00:00,37.29
3491,2013-10-19 11:00:00+00:00,21.85
3491,2013-10-19 11:30:00+00:00,53.49
3491,2013-10-19 12:00:00+00:00,60.84
3491,2013-10-19 12:30:00+00:00,76.98
3491,2013-10-19 13:00:00+00:00,52.7
3491,2013-10-19 13:30:00+00:00,55.13
3491,2013-10-19 14:00:00+00:00,58.19
3491,2013-10-19 14:30:00+00:00,104.95
3491,2013-10-19 15:00:00+00:00,142.69
3491,2013-10-19 15:30:00+00:00,97.62
3491,2013-10-19 16:00:00+00:00,43.32
3491,2013-10-19 16:30:00+00:00,27.27
3491,2013-10-19 17:00:00+00:00,1.84
3491,2013-10-19 17:30:00+00:00,0.0
3491,2013-10-19 18:00:00+00:00,0.0
3491,2013-10-19 18:30:00+00:00,0.0
3491,2013-10-19 19:00:00+00:00,0.0
3491,2013-10-19 19:30:00+00:00,0.0
3491,2013-10-19 20:00:00+00:00,0.0
3491,2013-10-19 20:30:00+00:00,0.0
3491,2013-10-19 21:00:00+00:00,0.0
3491,2013-10-19 21:30:00+00:00,0.0
3491,2013-10-19 22:00:00+00:00,0.0
3491,2013-10-19 22:30:00+00:00,0.0
3491,2013-10-19 23:00:00+00:00,0.0
3491,2013-10-19 23:30:00+00:00,0.0
3491,2013-10-20 00:00:00+00:00,0.0
3491,2013-10-20 00:30:00+00:00,0.0
3491,2013-10-20 01:00:00+00:00,0.0
3491,2013-10-20 01:30:00+00:00,0.0
3491,2013-10-20 02:00:00+00:00,0.0
3491,2013-10-20 02:30:00+00:00,0.0
3491,2013-10-20 03:00:00+00:00,0.0
3491,2013-10-20 03:30:00+00:00,0.0
3491,2013-10-20 04:00:00+00:00,0.0
3491,2013-10-20 04:30:00+00:00,0.0
3491,2013-10-20 05:00:00+00:00,0.0
3491,2013-10-20 05:30:00+00:00,0.0
3491,2013-10-20 06:00:00+00:00,0.0
3491,2013-10-20 06:30:00+00:00,0.0
3491,2013-10-20 07:00:00+00:00,0.0
3491,2013-10-20 07:30:00+00:00,16.2
3491,2013-10-20 08:00:00+00:00,31.38
3491,2013-10-20 08:30:00+00:00,125.5
3491,2013-10-20 09:00:00+00:00,172.59
3491,2013-10-20 09:30:00+00:00,735.85
3491,2013-10-20 10:00:00+00:00,838.45
3491,2013-10-20 10:30:00+00:00,764.6
3491,2013-10-20 11:00:00+00:00,204.45
3491,2013-10-20 11:30:00+00:00,221.6
3491,2013-10-20 12:00:00+00:00,233.95
3491,2013-10-20 12:30:00+00:00,588.8
3491,2013-10-20 13:00:00+00:00,439.34
3491,2013-10-20 13:30:00+00:00,187.9
3491,2013-10-20 14:00:00+00:00,59.71
3491,2013-10-20 14:30:00+00:00,0.23
3491,2013-10-20 15:00:00+00:00,3.71
3491,2013-10-20 15:30:00+00:00,82.76
3491,2013-10-20 16:00:00+00:00,54.92
3491,2013-10-20 16:30:00+00:00,1.93
3491,2013-10-20 17:00:00+00:00,0.0
3491,2013-10-20 17:30:00+00:00,0.0
3491,2013-10-20 18:00:00+00:00,0.0
3491,2013-10-20 18:30:00+00:00,0.0
3491,2013-10-20 19:00:00+00:00,0.0
3491,2013-10-20 19:30:00+00:00,0.0
3491,2013-10-20 20:00:00+00:00,0.0
3491,2013-10-20 20:30:00+00:00,0.0
3491,2013-10-20 21:00:00+00:00,0.0
3491,2013-10-20 21:30:00+00:00,0.0
3491,2013-10-20 22:00:00+00:00,0.0
3491,2013-10-20 22:30:00+00:00,0.0
3491,2013-10-20 23:00:00+00:00,0.0
3491,2013-10-20 23:30:00+00:00,0.0
3491,2013-10-21 00:00:00+00:00,0.0
3491,2013-10-21 00:30:00+00:00,0.0
3491,2013-10-21 01:00:00+00:00,0.0
3491,2013-10-21 01:30:00+00:00,0.0
3491,2013-10-21 02:00:00+00:00,0.0
3491,2013-10-21 02:30:00+00:00,0.0
3491,2013-10-21 03:00:00+00:00,0.0
3491,2013-10-21 03:30:00+00:00,0.0
3491,2013-10-21 04:00:00+00:00,0.0
3491,2013-10-21 04:30:00+00:00,0.0
3491,2013-10-21 05:00:00+00:00,0.0
3491,2013-10-21 05:30:00+00:00,0.0
3491,2013-10-21 06:00:00+00:00,0.0
3491,2013-10-21 06:30:00+00:00,0.0
3491,2013-10-21 07:00:00+00:00,0.0
3491,2013-10-21 07:30:00+00:00,11.45
3491,2013-10-21 08:00:00+00:00,40.05
3491,2013-10-21 08:30:00+00:00,78.69
3491,2013-10-21 09:00:00+00:00,79.86
3491,2013-10-21 09:30:00+00:00,78.26
3491,2013-10-21 10:00:00+00:00,89.13
3491,2013-10-21 10:30:00+00:00,117.42
3491,2013-10-21 11:00:00+00:00,387.36
3491,2013-10-21 11:30:00+00:00,296.41
3491,2013-10-21 12:00:00+00:00,575.85
3491,2013-10-21 12:30:00+00:00,360.92
3491,2013-10-21 13:00:00+00:00,304.11
3491,2013-10-21 13:30:00+00:00,445.41
3491,2013-10-21 14:00:00+00:00,320.84
3491,2013-10-21 14:30:00+00:00,190.95
3491,2013-10-21 15:00:00+00:00,122.87
3491,2013-10-21 15:30:00+00:00,85.42
3491,2013-10-21 16:00:00+00:00,32.79
3491,2013-10-21 16:30:00+00:00,8.31
3491,2013-10-21 17:00:00+00:00,0.0
3491,2013-10-21 17:30:00+00:00,0.0
3491,2013-10-21 18:00:00+00:00,0.0
3491,2013-10-21 18:30:00+00:00,0.0
3491,2013-10-21 19:00:00+00:00,0.0
3491,2013-10-21 19:30:00+00:00,0.0
3491,2013-10-21 20:00:00+00:00,0.0
3491,2013-10-21 20:30:00+00:00,0.0
3491,2013-10-21 21:00:00+00:00,0.0
3491,2013-10-21 21:30:00+00:00,0.0
3491,2013-10-21 22:00:00+00:00,0.0
3491,2013-10-21 22:30:00+00:00,0.0
3491,2013-10-21 23:00:00+00:00,0.0
3491,2013-10-21 23:30:00+00:00,0.0
3491,2013-10-22 00:00:00+00:00,0.0
3491,2013-10-22 00:30:00+00:00,0.0
3491,2013-10-22 01:00:00+00:00,0.0
3491,2013-10-22 01:30:00+00:00,0.0
3491,2013-10-22 02:00:00+00:00,0.0
3491,2013-10-22 02:30:00+00:00,0.0
3491,2013-10-22 03:00:00+00:00,0.0
3491,2013-10-22 03:30:00+00:00,0.0
3491,2013-10-22 04:00:00+00:00,0.0
3491,2013-10-22 04:30:00+00:00,0.0
3491,2013-10-22 05:00:00+00:00,0.0
3491,2013-10-22 05:30:00+00:00,0.0
3491,2013-10-22 06:00:00+00:00,0.0
3491,2013-10-22 06:30:00+00:00,0.0
3491,2013-10-22 07:00:00+00:00,0.0
3491,2013-10-22 07:30:00+00:00,0.0
3491,2013-10-22 08:00:00+00:00,54.99
3491,2013-10-22 08:30:00+00:00,151.48
3491,2013-10-22 09:00:00+00:00,35.09
3491,2013-10-22 09:30:00+00:00,40.31
3491,2013-10-22 10:00:00+00:00,75.28
3491,2013-10-22 10:30:00+00:00,83.99
3491,2013-10-22 11:00:00+00:00,135.63
3491,2013-10-22 11:30:00+00:00,100.16
3491,2013-10-22 12:00:00+00:00,14.12
3491,2013-10-22 12:30:00+00:00,40.66
3491,2013-10-22 13:00:00+00:00,161.52
3491,2013-10-22 13:30:00+00:00,166.81
3491,2013-10-22 14:00:00+00:00,176.24
3491,2013-10-22 14:30:00+00:00,133.4
3491,2013-10-22 15:00:00+00:00,102.87
3491,2013-10-22 15:30:00+00:00,87.7
3491,2013-10-22 16:00:00+00:00,62.94
3491,2013-10-22 16:30:00+00:00,22.43
3491,2013-10-22 17:00:00+00:00,0.0
3491,2013-10-22 17:30:00+00:00,0.0
3491,2013-10-22 18:00:00+00:00,0.0
3491,2013-10-22 18:30:00+00:00,0.0
3491,2013-10-22 19:00:00+00:00,0.0
3491,2013-10-22 19:30:00+00:00,0.0
3491,2013-10-22 20:00:00+00:00,0.0
3491,2013-10-22 20:30:00+00:00,0.0
3491,2013-10-22 21:00:00+00:00,0.0
3491,2013-10-22 21:30:00+00:00,0.0
3491,2013-10-22 22:00:00+00:00,0.0
3491,2013-10-22 22:30:00+00:00,0.0
3491,2013-10-22 23:00:00+00:00,0.0
3491,2013-10-22 23:30:00+00:00,0.0
3491,2013-10-23 00:00:00+00:00,0.0
3491,2013-10-23 00:30:00+00:00,0.0
3491,2013-10-23 01:00:00+00:00,0.0
3491,2013-10-23 01:30:00+00:00,0.0
3491,2013-10-23 02:00:00+00:00,0.0
3491,2013-10-23 02:30:00+00:00,0.0
3491,2013-10-23 03:00:00+00:00,0.0
3491,2013-10-23 03:30:00+00:00,0.0
3491,2013-10-23 04:00:00+00:00,0.0
3491,2013-10-23 04:30:00+00:00,0.0
3491,2013-10-23 05:00:00+00:00,0.0
3491,2013-10-23 05:30:00+00:00,0.0
3491,2013-10-23 06:00:00+00:00,0.0
3491,2013-10-23 06:30:00+00:00,0.0
3491,2013-10-23 07:00:00+00:00,6.47
3491,2013-10-23 07:30:00+00:00,13.28
3491,2013-10-23 08:00:00+00:00,21.85
3491,2013-10-23 08:30:00+00:00,139.05
3491,2013-10-23 09:00:00+00:00,219.73
3491,2013-10-23 09:30:00+00:00,346.8
3491,2013-10-23 10:00:00+00:00,244.37
3491,2013-10-23 10:30:00+00:00,253.51
3491,2013-10-23 11:00:00+00:00,603.7
3491,2013-10-23 11:30:00+00:00,276.78
3491,2013-10-23 12:00:00+00:00,696.5
3491,2013-10-23 12:30:00+00:00,319.44
3491,2013-10-23 13:00:00+00:00,582.45
3491,2013-10-23 13:30:00+00:00,458.39
3491,2013-10-23 14:00:00+00:00,405.36
3491,2013-10-23 14:30:00+00:00,106.92
3491,2013-10-23 15:00:00+00:00,146.74
3491,2013-10-23 15:30:00+00:00,61.85
3491,2013-10-23 16:00:00+00:00,24.76
3491,2013-10-23 16:30:00+00:00,8.71
3491,2013-10-23 17:00:00+00:00,0.0
3491,2013-10-23 17:30:00+00:00,0.0
3491,2013-10-23 18:00:00+00:00,0.0
3491,2013-10-23 18:30:00+00:00,0.0
3491,2013-10-23 19:00:00+00:00,0.0
3491,2013-10-23 19:30:00+00:00,0.0
3491,2013-10-23 20:00:00+00:00,0.0
3491,2013-10-23 20:30:00+00:00,0.0
3491,2013-10-23 21:00:00+00:00,0.0
3491,2013-10-23 21:30:00+00:00,0.0
3491,2013-10-23 22:00:00+00:00,0.0
3491,2013-10-23 22:30:00+00:00,0.0
3491,2013-10-23 23:00:00+00:00,0.0
3491,2013-10-23 23:30:00+00:00,0.0
3491,2013-10-24 00:00:00+00:00,0.0
3491,2013-10-24 00:30:00+00:00,0.0
3491,2013-10-24 01:00:00+00:00,0.0
3491,2013-10-24 01:30:00+00:00,0.0
3491,2013-10-24 02:00:00+00:00,0.0
3491,2013-10-24 02:30:00+00:00,0.0
3491,2013-10-24 03:00:00+00:00,0.0
3491,2013-10-24 03:30:00+00:00,0.0
3491,2013-10-24 04:00:00+00:00,0.0
3491,2013-10-24 04:30:00+00:00,0.0
3491,2013-10-24 05:00:00+00:00,0.0
3491,2013-10-24 05:30:00+00:00,0.0
3491,2013-10-24 06:00:00+00:00,0.0
3491,2013-10-24 06:30:00+00:00,0.0
3491,2013-10-24 07:00:00+00:00,0.0
3491,2013-10-24 07:30:00+00:00,42.82
3491,2013-10-24 08:00:00+00:00,95.58
3491,2013-10-24 08:30:00+00:00,116.04
3491,2013-10-24 09:00:00+00:00,603.8
3491,2013-10-24 09:30:00+00:00,822.35
3491,2013-10-24 10:00:00+00:00,879.2
3491,2013-10-24 10:30:00+00:00,903.7
3491,2013-10-24 11:00:00+00:00,900.7
3491,2013-10-24 11:30:00+00:00,836.8
3491,2013-10-24 12:00:00+00:00,689.8
3491,2013-10-24 12:30:00+00:00,571.4
3491,2013-10-24 13:00:00+00:00,359.44
3491,2013-10-24 13:30:00+00:00,357.59
3491,2013-10-24 14:00:00+00:00,412.7
3491,2013-10-24 14:30:00+00:00,140.6
3491,2013-10-24 15:00:00+00:00,86.47
3491,2013-10-24 15:30:00+00:00,74.79
3491,2013-10-24 16:00:00+00:00,33.07
3491,2013-10-24 16:30:00+00:00,4.28
3491,2013-10-24 17:00:00+00:00,0.0
3491,2013-10-24 17:30:00+00:00,0.0
3491,2013-10-24 18:00:00+00:00,0.0
3491,2013-10-24 18:30:00+00:00,0.0
3491,2013-10-24 19:00:00+00:00,0.0
3491,2013-10-24 19:30:00+00:00,0.0
3491,2013-10-24 20:00:00+00:00,0.0
3491,2013-10-24 20:30:00+00:00,0.0
3491,2013-10-24 21:00:00+00:00,0.0
3491,2013-10-24 21:30:00+00:00,0.0
3491,2013-10-24 22:00:00+00:00,0.0
3491,2013-10-24 22:30:00+00:00,0.0
3491,2013-10-24 23:00:00+00:00,0.0
3491,2013-10-24 23:30:00+00:00,0.0
3491,2013-10-25 00:00:00+00:00,0.0
3491,2013-10-25 00:30:00+00:00,0.0
3491,2013-10-25 01:00:00+00:00,0.0
3491,2013-10-25 01:30:00+00:00,0.0
3491,2013-10-25 02:00:00+00:00,0.0
3491,2013-10-25 02:30:00+00:00,0.0
3491,2013-10-25 03:00:00+00:00,0.0
3491,2013-10-25 03:30:00+00:00,0.0
3491,2013-10-25 04:00:00+00:00,0.0
3491,2013-10-25 04:30:00+00:00,0.0
3491,2013-10-25 05:00:00+00:00,0.0
3491,2013-10-25 05:30:00+00:00,0.0
3491,2013-10-25 06:00:00+00:00,0.0
3491,2013-10-25 06:30:00+00:00,0.0
3491,2013-10-25 07:00:00+00:00,0.0
3491,2013-10-25 07:30:00+00:00,0.0
3491,2013-10-25 08:00:00+00:00,10.86
3491,2013-10-25 08:30:00+00:00,55.64
3491,2013-10-25 09:00:00+00:00,40.92
3491,2013-10-25 09:30:00+00:00,59.86
3491,2013-10-25 10:00:00+00:00,144.29
3491,2013-10-25 10:30:00+00:00,333.06
3491,2013-10-25 11:00:00+00:00,768.45
3491,2013-10-25 11:30:00+00:00,605.55
3491,2013-10-25 12:00:00+00:00,440.91
3491,2013-10-25 12:30:00+00:00,219.85
3491,2013-10-25 13:00:00+00:00,218.78
3491,2013-10-25 13:30:00+00:00,182.81
3491,2013-10-25 14:00:00+00:00,170.94
3491,2013-10-25 14:30:00+00:00,104.3
3491,2013-10-25 15:00:00+00:00,91.34
3491,2013-10-25 15:30:00+00:00,84.25
3491,2013-10-25 16:00:00+00:00,52.92
3491,2013-10-25 16:30:00+00:00,19.09
3491,2013-10-25 17:00:00+00:00,0.1
3491,2013-10-25 17:30:00+00:00,0.0
3491,2013-10-25 18:00:00+00:00,0.0
3491,2013-10-25 18:30:00+00:00,0.0
3491,2013-10-25 19:00:00+00:00,0.0
3491,2013-10-25 19:30:00+00:00,0.0
3491,2013-10-25 20:00:00+00:00,0.0
3491,2013-10-25 20:30:00+00:00,0.0
3491,2013-10-25 21:00:00+00:00,0.0
3491,2013-10-25 21:30:00+00:00,0.0
3491,2013-10-25 22:00:00+00:00,0.0
3491,2013-10-25 22:30:00+00:00,0.0
3491,2013-10-25 23:00:00+00:00,0.0
3491,2013-10-25 23:30:00+00:00,0.0
3491,2013-10-26 00:00:00+00:00,0.0
3491,2013-10-26 00:30:00+00:00,0.0
3491,2013-10-26 01:00:00+00:00,0.0
3491,2013-10-26 01:30:00+00:00,0.0
3491,2013-10-26 02:00:00+00:00,0.0
3491,2013-10-26 02:30:00+00:00,0.0
3491,2013-10-26 03:00:00+00:00,0.0
3491,2013-10-26 03:30:00+00:00,0.0
3491,2013-10-26 04:00:00+00:00,0.0
3491,2013-10-26 04:30:00+00:00,0.0
3491,2013-10-26 05:00:00+00:00,0.0
3491,2013-10-26 05:30:00+00:00,0.0
3491,2013-10-26 06:00:00+00:00,0.0
3491,2013-10-26 06:30:00+00:00,0.0
3491,2013-10-26 07:00:00+00:00,0.0
3491,2013-10-26 07:30:00+00:00,2.41
3491,2013-10-26 08:00:00+00:00,44.84
3491,2013-10-26 08:30:00+00:00,43.72
3491,2013-10-26 09:00:00+00:00,13.26
3491,2013-10-26 09:30:00+00:00,200.24
3491,2013-10-26 10:00:00+00:00,236.85
3491,2013-10-26 10:30:00+00:00,365.44
3491,2013-10-26 11:00:00+00:00,202.67
3491,2013-10-26 11:30:00+00:00,158.18
3491,2013-10-26 12:00:00+00:00,304.69
3491,2013-10-26 12:30:00+00:00,138.46
3491,2013-10-26 13:00:00+00:00,133.01
3491,2013-10-26 13:30:00+00:00,325.01
3491,2013-10-26 14:00:00+00:00,338.8
3491,2013-10-26 14:30:00+00:00,69.39
3491,2013-10-26 15:00:00+00:00,46.81
3491,2013-10-26 15:30:00+00:00,39.21
3491,2013-10-26 16:00:00+00:00,25.01
3491,2013-10-26 16:30:00+00:00,0.0
3491,2013-10-26 17:00:00+00:00,0.0
3491,2013-10-26 17:30:00+00:00,0.0
3491,2013-10-26 18:00:00+00:00,0.0
3491,2013-10-26 18:30:00+00:00,0.0
3491,2013-10-26 19:00:00+00:00,0.0
3491,2013-10-26 19:30:00+00:00,0.0
3491,2013-10-26 20:00:00+00:00,0.0
3491,2013-10-26 20:30:00+00:00,0.0
3491,2013-10-26 21:00:00+00:00,0.0
3491,2013-10-26 21:30:00+00:00,0.0
3491,2013-10-26 22:00:00+00:00,0.0
3491,2013-10-26 22:30:00+00:00,0.0
3491,2013-10-26 23:00:00+00:00,0.0
3491,2013-10-26 23:30:00+00:00,0.0
3491,2013-10-27 00:00:00+00:00,0.0
3491,2013-10-27 00:30:00+00:00,0.0
3491,2013-10-27 01:00:00+00:00,0.0
3491,2013-10-27 01:30:00+00:00,0.0
3491,2013-10-27 02:00:00+00:00,0.0
3491,2013-10-27 02:30:00+00:00,0.0
3491,2013-10-27 03:00:00+00:00,0.0
3491,2013-10-27 03:30:00+00:00,0.0
3491,2013-10-27 04:00:00+00:00,0.0
3491,2013-10-27 04:30:00+00:00,0.0
3491,2013-10-27 05:00:00+00:00,0.0
3491,2013-10-27 05:30:00+00:00,0.0
3491,2013-10-27 06:00:00+00:00,0.0
3491,2013-10-27 06:30:00+00:00,0.0
3491,2013-10-27 07:00:00+00:00,0.0
3491,2013-10-27 07:30:00+00:00,13.66
3491,2013-10-27 08:00:00+00:00,63.39
3491,2013-10-27 08:30:00+00:00,135.0
3491,2013-10-27 09:00:00+00:00,598.95
3491,2013-10-27 09:30:00+00:00,716.3
3491,2013-10-27 10:00:00+00:00,577.05
3491,2013-10-27 10:30:00+00:00,932.6
3491,2013-10-27 11:00:00+00:00,818.05
3491,2013-10-27 11:30:00+00:00,789.5
3491,2013-10-27 12:00:00+00:00,817.35
3491,2013-10-27 12:30:00+00:00,663.05
3491,2013-10-27 13:00:00+00:00,404.27
3491,2013-10-27 13:30:00+00:00,396.47
3491,2013-10-27 14:00:00+00:00,315.06
3491,2013-10-27 14:30:00+00:00,144.19
3491,2013-10-27 15:00:00+00:00,99.73
3491,2013-10-27 15:30:00+00:00,63.67
3491,2013-10-27 16:00:00+00:00,23.98
3491,2013-10-27 16:30:00+00:00,0.82
3491,2013-10-27 17:00:00+00:00,0.0
3491,2013-10-27 17:30:00+00:00,0.0
3491,2013-10-27 18:00:00+00:00,0.0
3491,2013-10-27 18:30:00+00:00,0.0
3491,2013-10-27 19:00:00+00:00,0.0
3491,2013-10-27 19:30:00+00:00,0.0
3491,2013-10-27 20:00:00+00:00,0.0
3491,2013-10-27 20:30:00+00:00,0.0
3491,2013-10-27 21:00:00+00:00,0.0
3491,2013-10-27 21:30:00+00:00,0.0
3491,2013-10-27 22:00:00+00:00,0.0
3491,2013-10-27 22:30:00+00:00,0.0
3491,2013-10-27 23:00:00+00:00,0.0
3491,2013-10-27 23:30:00+00:00,0.0
3491,2013-10-28 00:00:00+00:00,0.0
3491,2013-10-28 00:30:00+00:00,0.0
3491,2013-10-28 01:00:00+00:00,0.0
3491,2013-10-28 01:30:00+00:00,0.0
3491,2013-10-28 02:00:00+00:00,0.0
3491,2013-10-28 02:30:00+00:00,0.0
3491,2013-10-28 03:00:00+00:00,0.0
3491,2013-10-28 03:30:00+00:00,0.0
3491,2013-10-28 04:00:00+00:00,0.0
3491,2013-10-28 04:30:00+00:00,0.0
3491,2013-10-28 05:00:00+00:00,0.0
3491,2013-10-28 05:30:00+00:00,0.0
3491,2013-10-28 06:00:00+00:00,0.0
3491,2013-10-28 06:30:00+00:00,0.0
3491,2013-10-28 07:00:00+00:00,0.0
3491,2013-10-28 07:30:00+00:00,0.0
3491,2013-10-28 08:00:00+00:00,17.36
3491,2013-10-28 08:30:00+00:00,74.22
3491,2013-10-28 09:00:00+00:00,580.9
3491,2013-10-28 09:30:00+00:00,432.28
3491,2013-10-28 10:00:00+00:00,299.95
3491,2013-10-28 10:30:00+00:00,858.4
3491,2013-10-28 11:00:00+00:00,759.3
3491,2013-10-28 11:30:00+00:00,903.8
3491,2013-10-28 12:00:00+00:00,826.7
3491,2013-10-28 12:30:00+00:00,673.15
3491,2013-10-28 13:00:00+00:00,339.83
3491,2013-10-28 13:30:00+00:00,447.61
3491,2013-10-28 14:00:00+00:00,300.16
3491,2013-10-28 14:30:00+00:00,87.62
3491,2013-10-28 15:00:00+00:00,56.32
3491,2013-10-28 15:30:00+00:00,36.22
3491,2013-10-28 16:00:00+00:00,48.77
3491,2013-10-28 16:30:00+00:00,7.19
3491,2013-10-28 17:00:00+00:00,0.0
3491,2013-10-28 17:30:00+00:00,0.0
3491,2013-10-28 18:00:00+00:00,0.0
3491,2013-10-28 18:30:00+00:00,0.0
3491,2013-10-28 19:00:00+00:00,0.0
3491,2013-10-28 19:30:00+00:00,0.0
3491,2013-10-28 20:00:00+00:00,0.0
3491,2013-10-28 20:30:00+00:00,0.0
3491,2013-10-28 21:00:00+00:00,0.0
3491,2013-10-28 21:30:00+00:00,0.0
3491,2013-10-28 22:00:00+00:00,0.0
3491,2013-10-28 22:30:00+00:00,0.0
3491,2013-10-28 23:00:00+00:00,0.0
3491,2013-10-28 23:30:00+00:00,0.0
3491,2013-10-29 00:00:00+00:00,0.0
3491,2013-10-29 00:30:00+00:00,0.0
3491,2013-10-29 01:00:00+00:00,0.0
3491,2013-10-29 01:30:00+00:00,0.0
3491,2013-10-29 02:00:00+00:00,0.0
3491,2013-10-29 02:30:00+00:00,0.0
3491,2013-10-29 03:00:00+00:00,0.0
3491,2013-10-29 03:30:00+00:00,0.0
3491,2013-10-29 04:00:00+00:00,0.0
3491,2013-10-29 04:30:00+00:00,0.0
3491,2013-10-29 05:00:00+00:00,0.0
3491,2013-10-29 05:30:00+00:00,0.0
3491,2013-10-29 06:00:00+00:00,0.0
3491,2013-10-29 06:30:00+00:00,0.0
3491,2013-10-29 07:00:00+00:00,0.0
3491,2013-10-29 07:30:00+00:00,13.32
3491,2013-10-29 08:00:00+00:00,49.94
3491,2013-10-29 08:30:00+00:00,108.51
3491,2013-10-29 09:00:00+00:00,667.3
3491,2013-10-29 09:30:00+00:00,865.15
3491,2013-10-29 10:00:00+00:00,920.5
3491,2013-10-29 10:30:00+00:00,922.4
3491,2013-10-29 11:00:00+00:00,831.3
3491,2013-10-29 11:30:00+00:00,372.68
3491,2013-10-29 12:00:00+00:00,310.0
3491,2013-10-29 12:30:00+00:00,186.31
3491,2013-10-29 13:00:00+00:00,402.41
3491,2013-10-29 13:30:00+00:00,302.87
3491,2013-10-29 14:00:00+00:00,330.23
3491,2013-10-29 14:30:00+00:00,225.67
3491,2013-10-29 15:00:00+00:00,107.39
3491,2013-10-29 15:30:00+00:00,61.92
3491,2013-10-29 16:00:00+00:00,34.13
3491,2013-10-29 16:30:00+00:00,0.0
3491,2013-10-29 17:00:00+00:00,0.0
3491,2013-10-29 17:30:00+00:00,0.0
3491,2013-10-29 18:00:00+00:00,0.0
3491,2013-10-29 18:30:00+00:00,0.0
3491,2013-10-29 19:00:00+00:00,0.0
3491,2013-10-29 19:30:00+00:00,0.0
3491,2013-10-29 20:00:00+00:00,0.0
3491,2013-10-29 20:30:00+00:00,0.0
3491,2013-10-29 21:00:00+00:00,0.0
3491,2013-10-29 21:30:00+00:00,0.0
3491,2013-10-29 22:00:00+00:00,0.0
3491,2013-10-29 22:30:00+00:00,0.0
3491,2013-10-29 23:00:00+00:00,0.0
3491,2013-10-29 23:30:00+00:00,0.0
3491,2013-10-30 00:00:00+00:00,0.0
3491,2013-10-30 00:30:00+00:00,0.0
3491,2013-10-30 01:00:00+00:00,0.0
3491,2013-10-30 01:30:00+00:00,0.0
3491,2013-10-30 02:00:00+00:00,0.0
3491,2013-10-30 02:30:00+00:00,0.0
3491,2013-10-30 03:00:00+00:00,0.0
3491,2013-10-30 03:30:00+00:00,0.0
3491,2013-10-30 04:00:00+00:00,0.0
3491,2013-10-30 04:30:00+00:00,0.0
3491,2013-10-30 05:00:00+00:00,0.0
3491,2013-10-30 05:30:00+00:00,0.0
3491,2013-10-30 06:00:00+00:00,0.0
3491,2013-10-30 06:30:00+00:00,0.0
3491,2013-10-30 07:00:00+00:00,0.0
3491,2013-10-30 07:30:00+00:00,12.29
3491,2013-10-30 08:00:00+00:00,50.49
3491,2013-10-30 08:30:00+00:00,98.31
3491,2013-10-30 09:00:00+00:00,535.65
3491,2013-10-30 09:30:00+00:00,856.0
3491,2013-10-30 10:00:00+00:00,900.6
3491,2013-10-30 10:30:00+00:00,916.2
3491,2013-10-30 11:00:00+00:00,909.05
3491,2013-10-30 11:30:00+00:00,885.15
3491,2013-10-30 12:00:00+00:00,738.95
3491,2013-10-30 12:30:00+00:00,626.25
3491,2013-10-30 13:00:00+00:00,426.03
3491,2013-10-30 13:30:00+00:00,360.5
3491,2013-10-30 14:00:00+00:00,141.15
3491,2013-10-30 14:30:00+00:00,130.1
3491,2013-10-30 15:00:00+00:00,75.47
3491,2013-10-30 15:30:00+00:00,56.21
3491,2013-10-30 16:00:00+00:00,33.09
3491,2013-10-30 16:30:00+00:00,1.77
3491,2013-10-30 17:00:00+00:00,0.0
3491,2013-10-30 17:30:00+00:00,0.0
3491,2013-10-30 18:00:00+00:00,0.0
3491,2013-10-30 18:30:00+00:00,0.0
3491,2013-10-30 19:00:00+00:00,0.0
3491,2013-10-30 19:30:00+00:00,0.0
3491,2013-10-30 20:00:00+00:00,0.0
3491,2013-10-30 20:30:00+00:00,0.0
3491,2013-10-30 21:00:00+00:00,0.0
3491,2013-10-30 21:30:00+00:00,0.0
3491,2013-10-30 22:00:00+00:00,0.0
3491,2013-10-30 22:30:00+00:00,0.0
3491,2013-10-30 23:00:00+00:00,0.0
3491,2013-10-30 23:30:00+00:00,0.0
3491,2013-10-31 00:00:00+00:00,0.0
3491,2013-10-31 00:30:00+00:00,0.0
3491,2013-10-31 01:00:00+00:00,0.0
3491,2013-10-31 01:30:00+00:00,0.0
3491,2013-10-31 02:00:00+00:00,0.0
3491,2013-10-31 02:30:00+00:00,0.0
3491,2013-10-31 03:00:00+00:00,0.0
3491,2013-10-31 03:30:00+00:00,0.0
3491,2013-10-31 04:00:00+00:00,0.0
3491,2013-10-31 04:30:00+00:00,0.0
3491,2013-10-31 05:00:00+00:00,0.0
3491,2013-10-31 05:30:00+00:00,0.0
3491,2013-10-31 06:00:00+00:00,0.0
3491,2013-10-31 06:30:00+00:00,0.0
3491,2013-10-31 07:00:00+00:00,0.0
3491,2013-10-31 07:30:00+00:00,0.0
3491,2013-10-31 08:00:00+00:00,0.0
3491,2013-10-31 08:30:00+00:00,1.72
3491,2013-10-31 09:00:00+00:00,24.81
3491,2013-10-31 09:30:00+00:00,23.02
3491,2013-10-31 10:00:00+00:00,32.67
3491,2013-10-31 10:30:00+00:00,69.83
3491,2013-10-31 11:00:00+00:00,47.17
3491,2013-10-31 11:30:00+00:00,46.13
3491,2013-10-31 12:00:00+00:00,76.58
3491,2013-10-31 12:30:00+00:00,122.95
3491,2013-10-31 13:00:00+00:00,121.71
3491,2013-10-31 13:30:00+00:00,114.63
3491,2013-10-31 14:00:00+00:00,73.76
3491,2013-10-31 14:30:00+00:00,49.77
3491,2013-10-31 15:00:00+00:00,35.94
3491,2013-10-31 15:30:00+00:00,17.12
3491,2013-10-31 16:00:00+00:00,2.75
3491,2013-10-31 16:30:00+00:00,0.0
3491,2013-10-31 17:00:00+00:00,0.0
3491,2013-10-31 17:30:00+00:00,0.0
3491,2013-10-31 18:00:00+00:00,0.0
3491,2013-10-31 18:30:00+00:00,0.0
3491,2013-10-31 19:00:00+00:00,0.0
3491,2013-10-31 19:30:00+00:00,0.0
3491,2013-10-31 20:00:00+00:00,0.0
3491,2013-10-31 20:30:00+00:00,0.0
3491,2013-10-31 21:00:00+00:00,0.0
3491,2013-10-31 21:30:00+00:00,0.0
3491,2013-10-31 22:00:00+00:00,0.0
3491,2013-10-31 22:30:00+00:00,0.0
3491,2013-10-31 23:00:00+00:00,0.0
3491,2013-10-31 23:30:00+00:00,0.0
3491,2013-11-01 00:30:00+00:00,0.0
3491,2013-11-01 01:00:00+00:00,0.0
3491,2013-11-01 01:30:00+00:00,0.0
3491,2013-11-01 02:00:00+00:00,0.0
3491,2013-11-01 02:30:00+00:00,0.0
3491,2013-11-01 03:00:00+00:00,0.0
3491,2013-11-01 03:30:00+00:00,0.0
3491,2013-11-01 04:00:00+00:00,0.0
3491,2013-11-01 04:30:00+00:00,0.0
3491,2013-11-01 05:00:00+00:00,0.0
3491,2013-11-01 05:30:00+00:00,0.0
3491,2013-11-01 06:00:00+00:00,0.0
3491,2013-11-01 06:30:00+00:00,0.0
3491,2013-11-01 07:00:00+00:00,0.0
3491,2013-11-01 07:30:00+00:00,0.0
3491,2013-11-01 08:00:00+00:00,12.5
3491,2013-11-01 08:30:00+00:00,58.97
3491,2013-11-01 09:00:00+00:00,90.29
3491,2013-11-01 09:30:00+00:00,94.2
3491,2013-11-01 10:00:00+00:00,117.82
3491,2013-11-01 10:30:00+00:00,162.12
3491,2013-11-01 11:00:00+00:00,199.26
3491,2013-11-01 11:30:00+00:00,233.86
3491,2013-11-01 12:00:00+00:00,117.85
3491,2013-11-01 12:30:00+00:00,140.41
3491,2013-11-01 13:00:00+00:00,149.49
3491,2013-11-01 13:30:00+00:00,83.9
3491,2013-11-01 14:00:00+00:00,84.35
3491,2013-11-01 14:30:00+00:00,65.99
3491,2013-11-01 15:00:00+00:00,112.37
3491,2013-11-01 15:30:00+00:00,36.38
3491,2013-11-01 16:00:00+00:00,15.87
3491,2013-11-01 16:30:00+00:00,0.77
3491,2013-11-01 17:00:00+00:00,0.0
3491,2013-11-01 17:30:00+00:00,0.0
3491,2013-11-01 18:00:00+00:00,0.0
3491,2013-11-01 18:30:00+00:00,0.0
3491,2013-11-01 19:00:00+00:00,0.0
3491,2013-11-01 19:30:00+00:00,0.0
3491,2013-11-01 20:00:00+00:00,0.0
3491,2013-11-01 20:30:00+00:00,0.0
3491,2013-11-01 21:00:00+00:00,0.0
3491,2013-11-01 21:30:00+00:00,0.0
3491,2013-11-01 22:00:00+00:00,0.0
3491,2013-11-01 22:30:00+00:00,0.0
3491,2013-11-01 23:00:00+00:00,0.0
3491,2013-11-01 23:30:00+00:00,0.0
3491,2013-11-02 00:00:00+00:00,0.0
3491,2013-11-02 00:30:00+00:00,0.0
3491,2013-11-02 01:00:00+00:00,0.0
3491,2013-11-02 01:30:00+00:00,0.0
3491,2013-11-02 02:00:00+00:00,0.0
3491,2013-11-02 02:30:00+00:00,0.0
3491,2013-11-02 03:00:00+00:00,0.0
3491,2013-11-02 03:30:00+00:00,0.0
3491,2013-11-02 04:00:00+00:00,0.0
3491,2013-11-02 04:30:00+00:00,0.0
3491,2013-11-02 05:00:00+00:00,0.0
3491,2013-11-02 05:30:00+00:00,0.0
3491,2013-11-02 06:00:00+00:00,0.0
3491,2013-11-02 06:30:00+00:00,0.0
3491,2013-11-02 07:00:00+00:00,0.0
3491,2013-11-02 07:30:00+00:00,0.0
3491,2013-11-02 08:00:00+00:00,14.43
3491,2013-11-02 08:30:00+00:00,115.79
3491,2013-11-02 09:00:00+00:00,134.08
3491,2013-11-02 09:30:00+00:00,90.18
3491,2013-11-02 10:00:00+00:00,661.8
3491,2013-11-02 10:30:00+00:00,463.75
3491,2013-11-02 11:00:00+00:00,736.7
3491,2013-11-02 11:30:00+00:00,837.25
3491,2013-11-02 12:00:00+00:00,699.3
3491,2013-11-02 12:30:00+00:00,178.13
3491,2013-11-02 13:00:00+00:00,459.37
3491,2013-11-02 13:30:00+00:00,426.61
3491,2013-11-02 14:00:00+00:00,223.46
3491,2013-11-02 14:30:00+00:00,87.6
3491,2013-11-02 15:00:00+00:00,52.13
3491,2013-11-02 15:30:00+00:00,66.66
3491,2013-11-02 16:00:00+00:00,22.72
3491,2013-11-02 16:30:00+00:00,1.13
3491,2013-11-02 17:00:00+00:00,0.0
3491,2013-11-02 17:30:00+00:00,0.0
3491,2013-11-02 18:00:00+00:00,0.0
3491,2013-11-02 18:30:00+00:00,0.0
3491,2013-11-02 19:00:00+00:00,0.0
3491,2013-11-02 19:30:00+00:00,0.0
3491,2013-11-02 20:00:00+00:00,0.0
3491,2013-11-02 20:30:00+00:00,0.0
3491,2013-11-02 21:00:00+00:00,0.0
3491,2013-11-02 21:30:00+00:00,0.0
3491,2013-11-02 22:00:00+00:00,0.0
3491,2013-11-02 22:30:00+00:00,0.0
3491,2013-11-02 23:00:00+00:00,0.0
3491,2013-11-02 23:30:00+00:00,0.0
3491,2013-11-03 00:00:00+00:00,0.0
3491,2013-11-03 00:30:00+00:00,0.0
3491,2013-11-03 01:00:00+00:00,0.0
3491,2013-11-03 01:30:00+00:00,0.0
3491,2013-11-03 02:00:00+00:00,0.0
3491,2013-11-03 02:30:00+00:00,0.0
3491,2013-11-03 03:00:00+00:00,0.0
3491,2013-11-03 03:30:00+00:00,0.0
3491,2013-11-03 04:00:00+00:00,0.0
3491,2013-11-03 04:30:00+00:00,0.0
3491,2013-11-03 05:00:00+00:00,0.0
3491,2013-11-03 05:30:00+00:00,0.0
3491,2013-11-03 06:00:00+00:00,0.0
3491,2013-11-03 06:30:00+00:00,0.0
3491,2013-11-03 07:00:00+00:00,0.0
3491,2013-11-03 07:30:00+00:00,14.78
3491,2013-11-03 08:00:00+00:00,43.09
3491,2013-11-03 08:30:00+00:00,64.71
3491,2013-11-03 09:00:00+00:00,594.0
3491,2013-11-03 09:30:00+00:00,801.7
3491,2013-11-03 10:00:00+00:00,425.78
3491,2013-11-03 10:30:00+00:00,848.85
3491,2013-11-03 11:00:00+00:00,935.6
3491,2013-11-03 11:30:00+00:00,894.1
3491,2013-11-03 12:00:00+00:00,730.65
3491,2013-11-03 12:30:00+00:00,510.3
3491,2013-11-03 13:00:00+00:00,253.32
3491,2013-11-03 13:30:00+00:00,341.82
3491,2013-11-03 14:00:00+00:00,410.79
3491,2013-11-03 14:30:00+00:00,95.44
3491,2013-11-03 15:00:00+00:00,55.21
3491,2013-11-03 15:30:00+00:00,28.38
3491,2013-11-03 16:00:00+00:00,1.52
3491,2013-11-03 16:30:00+00:00,0.0
3491,2013-11-03 17:00:00+00:00,0.0
3491,2013-11-03 17:30:00+00:00,0.0
3491,2013-11-03 18:00:00+00:00,0.0
3491,2013-11-03 18:30:00+00:00,0.0
3491,2013-11-03 19:00:00+00:00,0.0
3491,2013-11-03 19:30:00+00:00,0.0
3491,2013-11-03 20:00:00+00:00,0.0
3491,2013-11-03 20:30:00+00:00,0.0
3491,2013-11-03 21:00:00+00:00,0.0
3491,2013-11-03 21:30:00+00:00,0.0
3491,2013-11-03 22:00:00+00:00,0.0
3491,2013-11-03 22:30:00+00:00,0.0
3491,2013-11-03 23:00:00+00:00,0.0
3491,2013-11-03 23:30:00+00:00,0.0
3491,2013-11-04 00:00:00+00:00,0.0
3491,2013-11-04 00:30:00+00:00,0.0
3491,2013-11-04 01:00:00+00:00,0.0
3491,2013-11-04 01:30:00+00:00,0.0
3491,2013-11-04 02:00:00+00:00,0.0
3491,2013-11-04 02:30:00+00:00,0.0
3491,2013-11-04 03:00:00+00:00,0.0
3491,2013-11-04 03:30:00+00:00,0.0
3491,2013-11-04 04:00:00+00:00,0.0
3491,2013-11-04 04:30:00+00:00,0.0
3491,2013-11-04 05:00:00+00:00,0.0
3491,2013-11-04 05:30:00+00:00,0.0
3491,2013-11-04 06:00:00+00:00,0.0
3491,2013-11-04 06:30:00+00:00,0.0
3491,2013-11-04 07:00:00+00:00,0.0
3491,2013-11-04 07:30:00+00:00,0.0
3491,2013-11-04 08:00:00+00:00,7.56
3491,2013-11-04 08:30:00+00:00,26.01
3491,2013-11-04 09:00:00+00:00,263.98
3491,2013-11-04 09:30:00+00:00,787.0
3491,2013-11-04 10:00:00+00:00,926.25
3491,2013-11-04 10:30:00+00:00,937.55
3491,2013-11-04 11:00:00+00:00,931.75
3491,2013-11-04 11:30:00+00:00,914.35
3491,2013-11-04 12:00:00+00:00,753.05
3491,2013-11-04 12:30:00+00:00,596.3
3491,2013-11-04 13:00:00+00:00,487.85
3491,2013-11-04 13:30:00+00:00,291.95
3491,2013-11-04 14:00:00+00:00,296.98
3491,2013-11-04 14:30:00+00:00,184.23
3491,2013-11-04 15:00:00+00:00,61.46
3491,2013-11-04 15:30:00+00:00,64.18
3491,2013-11-04 16:00:00+00:00,27.16
3491,2013-11-04 16:30:00+00:00,2.93
3491,2013-11-04 17:00:00+00:00,0.0
3491,2013-11-04 17:30:00+00:00,0.0
3491,2013-11-04 18:00:00+00:00,0.0
3491,2013-11-04 18:30:00+00:00,0.0
3491,2013-11-04 19:00:00+00:00,0.0
3491,2013-11-04 19:30:00+00:00,0.0
3491,2013-11-04 20:00:00+00:00,0.0
3491,2013-11-04 20:30:00+00:00,0.0
3491,2013-11-04 21:00:00+00:00,0.0
3491,2013-11-04 21:30:00+00:00,0.0
3491,2013-11-04 22:00:00+00:00,0.0
3491,2013-11-04 22:30:00+00:00,0.0
3491,2013-11-04 23:00:00+00:00,0.0
3491,2013-11-04 23:30:00+00:00,0.0
3491,2013-11-05 00:00:00+00:00,0.0
3491,2013-11-05 00:30:00+00:00,0.0
3491,2013-11-05 01:00:00+00:00,0.0
3491,2013-11-05 01:30:00+00:00,0.0
3491,2013-11-05 02:00:00+00:00,0.0
3491,2013-11-05 02:30:00+00:00,0.0
3491,2013-11-05 03:00:00+00:00,0.0
3491,2013-11-05 03:30:00+00:00,0.0
3491,2013-11-05 04:00:00+00:00,0.0
3491,2013-11-05 04:30:00+00:00,0.0
3491,2013-11-05 05:00:00+00:00,0.0
3491,2013-11-05 05:30:00+00:00,0.0
3491,2013-11-05 06:00:00+00:00,0.0
3491,2013-11-05 06:30:00+00:00,0.0
3491,2013-11-05 07:00:00+00:00,0.0
3491,2013-11-05 07:30:00+00:00,0.0
3491,2013-11-05 08:00:00+00:00,11.56
3491,2013-11-05 08:30:00+00:00,22.46
3491,2013-11-05 09:00:00+00:00,42.06
3491,2013-11-05 09:30:00+00:00,58.4
3491,2013-11-05 10:00:00+00:00,35.57
3491,2013-11-05 10:30:00+00:00,40.16
3491,2013-11-05 11:00:00+00:00,59.72
3491,2013-11-05 11:30:00+00:00,73.83
3491,2013-11-05 12:00:00+00:00,43.5
3491,2013-11-05 12:30:00+00:00,288.91
3491,2013-11-05 13:00:00+00:00,458.77
3491,2013-11-05 13:30:00+00:00,108.04
3491,2013-11-05 14:00:00+00:00,130.99
3491,2013-11-05 14:30:00+00:00,37.21
3491,2013-11-05 15:00:00+00:00,59.3
3491,2013-11-05 15:30:00+00:00,36.79
3491,2013-11-05 16:00:00+00:00,10.89
3491,2013-11-05 16:30:00+00:00,0.0
3491,2013-11-05 17:00:00+00:00,0.0
3491,2013-11-05 17:30:00+00:00,0.0
3491,2013-11-05 18:00:00+00:00,0.0
3491,2013-11-05 18:30:00+00:00,0.0
3491,2013-11-05 19:00:00+00:00,0.0
3491,2013-11-05 19:30:00+00:00,0.0
3491,2013-11-05 20:00:00+00:00,0.0
3491,2013-11-05 20:30:00+00:00,0.0
3491,2013-11-05 21:00:00+00:00,0.0
3491,2013-11-05 21:30:00+00:00,0.0
3491,2013-11-05 22:00:00+00:00,0.0
3491,2013-11-05 22:30:00+00:00,0.0
3491,2013-11-05 23:00:00+00:00,0.0
3491,2013-11-05 23:30:00+00:00,0.0
3491,2013-11-06 00:00:00+00:00,0.0
3491,2013-11-06 00:30:00+00:00,0.0
3491,2013-11-06 01:00:00+00:00,0.0
3491,2013-11-06 01:30:00+00:00,0.0
3491,2013-11-06 02:00:00+00:00,0.0
3491,2013-11-06 02:30:00+00:00,0.0
3491,2013-11-06 03:00:00+00:00,0.0
3491,2013-11-06 03:30:00+00:00,0.0
3491,2013-11-06 04:00:00+00:00,0.0
3491,2013-11-06 04:30:00+00:00,0.0
3491,2013-11-06 05:00:00+00:00,0.0
3491,2013-11-06 05:30:00+00:00,0.0
3491,2013-11-06 06:00:00+00:00,0.0
3491,2013-11-06 06:30:00+00:00,0.0
3491,2013-11-06 07:00:00+00:00,0.0
3491,2013-11-06 07:30:00+00:00,0.0
3491,2013-11-06 08:00:00+00:00,0.0
3491,2013-11-06 08:30:00+00:00,10.74
3491,2013-11-06 09:00:00+00:00,28.84
3491,2013-11-06 09:30:00+00:00,36.39
3491,2013-11-06 10:00:00+00:00,64.64
3491,2013-11-06 10:30:00+00:00,75.64
3491,2013-11-06 11:00:00+00:00,126.18
3491,2013-11-06 11:30:00+00:00,139.43
3491,2013-11-06 12:00:00+00:00,107.65
3491,2013-11-06 12:30:00+00:00,69.13
3491,2013-11-06 13:00:00+00:00,40.52
3491,2013-11-06 13:30:00+00:00,14.71
3491,2013-11-06 14:00:00+00:00,40.03
3491,2013-11-06 14:30:00+00:00,14.81
3491,2013-11-06 15:00:00+00:00,43.71
3491,2013-11-06 15:30:00+00:00,38.88
3491,2013-11-06 16:00:00+00:00,12.5
3491,2013-11-06 16:30:00+00:00,0.0
3491,2013-11-06 17:00:00+00:00,0.0
3491,2013-11-06 17:30:00+00:00,0.0
3491,2013-11-06 18:00:00+00:00,0.0
3491,2013-11-06 18:30:00+00:00,0.0
3491,2013-11-06 19:00:00+00:00,0.0
3491,2013-11-06 19:30:00+00:00,0.0
3491,2013-11-06 20:00:00+00:00,0.0
3491,2013-11-06 20:30:00+00:00,0.0
3491,2013-11-06 21:00:00+00:00,0.0
3491,2013-11-06 21:30:00+00:00,0.0
3491,2013-11-06 22:00:00+00:00,0.0
3491,2013-11-06 22:30:00+00:00,0.0
3491,2013-11-06 23:00:00+00:00,0.0
3491,2013-11-06 23:30:00+00:00,0.0
3491,2013-11-07 00:00:00+00:00,0.0
3491,2013-11-07 00:30:00+00:00,0.0
3491,2013-11-07 01:00:00+00:00,0.0
3491,2013-11-07 01:30:00+00:00,0.0
3491,2013-11-07 02:00:00+00:00,0.0
3491,2013-11-07 02:30:00+00:00,0.0
3491,2013-11-07 03:00:00+00:00,0.0
3491,2013-11-07 03:30:00+00:00,0.0
3491,2013-11-07 04:00:00+00:00,0.0
3491,2013-11-07 04:30:00+00:00,0.0
3491,2013-11-07 05:00:00+00:00,0.0
3491,2013-11-07 05:30:00+00:00,0.0
3491,2013-11-07 06:00:00+00:00,0.0
3491,2013-11-07 06:30:00+00:00,0.0
3491,2013-11-07 07:00:00+00:00,0.0
3491,2013-11-07 07:30:00+00:00,0.0
3491,2013-11-07 08:00:00+00:00,10.78
3491,2013-11-07 08:30:00+00:00,31.48
3491,2013-11-07 09:00:00+00:00,68.8
3491,2013-11-07 09:30:00+00:00,86.16
3491,2013-11-07 10:00:00+00:00,221.1
3491,2013-11-07 10:30:00+00:00,365.6
3491,2013-11-07 11:00:00+00:00,446.14
3491,2013-11-07 11:30:00+00:00,445.4
3491,2013-11-07 12:00:00+00:00,329.97
3491,2013-11-07 12:30:00+00:00,308.55
3491,2013-11-07 13:00:00+00:00,137.54
3491,2013-11-07 13:30:00+00:00,110.3
3491,2013-11-07 14:00:00+00:00,87.76
3491,2013-11-07 14:30:00+00:00,62.92
3491,2013-11-07 15:00:00+00:00,56.43
3491,2013-11-07 15:30:00+00:00,20.08
3491,2013-11-07 16:00:00+00:00,0.0
3491,2013-11-07 16:30:00+00:00,0.0
3491,2013-11-07 17:00:00+00:00,0.0
3491,2013-11-07 17:30:00+00:00,0.0
3491,2013-11-07 18:00:00+00:00,0.0
3491,2013-11-07 18:30:00+00:00,0.0
3491,2013-11-07 19:00:00+00:00,0.0
3491,2013-11-07 19:30:00+00:00,0.0
3491,2013-11-07 20:00:00+00:00,0.0
3491,2013-11-07 20:30:00+00:00,0.0
3491,2013-11-07 21:00:00+00:00,0.0
3491,2013-11-07 21:30:00+00:00,0.0
3491,2013-11-07 22:00:00+00:00,0.0
3491,2013-11-07 22:30:00+00:00,0.0
3491,2013-11-07 23:00:00+00:00,0.0
3491,2013-11-07 23:30:00+00:00,0.0
3491,2013-11-08 00:00:00+00:00,0.0
3491,2013-11-08 00:30:00+00:00,0.0
3491,2013-11-08 01:00:00+00:00,0.0
3491,2013-11-08 01:30:00+00:00,0.0
3491,2013-11-08 02:00:00+00:00,0.0
3491,2013-11-08 02:30:00+00:00,0.0
3491,2013-11-08 03:00:00+00:00,0.0
3491,2013-11-08 03:30:00+00:00,0.0
3491,2013-11-08 04:00:00+00:00,0.0
3491,2013-11-08 04:30:00+00:00,0.0
3491,2013-11-08 05:00:00+00:00,0.0
3491,2013-11-08 05:30:00+00:00,0.0
3491,2013-11-08 06:00:00+00:00,0.0
3491,2013-11-08 06:30:00+00:00,0.0
3491,2013-11-08 07:00:00+00:00,0.0
3491,2013-11-08 07:30:00+00:00,0.0
3491,2013-11-08 08:00:00+00:00,13.13
3491,2013-11-08 08:30:00+00:00,44.84
3491,2013-11-08 09:00:00+00:00,80.14
3491,2013-11-08 09:30:00+00:00,92.85
3491,2013-11-08 10:00:00+00:00,123.42
3491,2013-11-08 10:30:00+00:00,111.83
3491,2013-11-08 11:00:00+00:00,137.45
3491,2013-11-08 11:30:00+00:00,221.02
3491,2013-11-08 12:00:00+00:00,291.71
3491,2013-11-08 12:30:00+00:00,215.63
3491,2013-11-08 13:00:00+00:00,419.6
3491,2013-11-08 13:30:00+00:00,216.01
3491,2013-11-08 14:00:00+00:00,94.99
3491,2013-11-08 14:30:00+00:00,72.99
3491,2013-11-08 15:00:00+00:00,10.01
3491,2013-11-08 15:30:00+00:00,0.0
3491,2013-11-08 16:00:00+00:00,0.0
3491,2013-11-08 16:30:00+00:00,0.0
3491,2013-11-08 17:00:00+00:00,0.0
3491,2013-11-08 17:30:00+00:00,0.0
3491,2013-11-08 18:00:00+00:00,0.0
3491,2013-11-08 18:30:00+00:00,0.0
3491,2013-11-08 19:00:00+00:00,0.0
3491,2013-11-08 19:30:00+00:00,0.0
3491,2013-11-08 20:00:00+00:00,0.0
3491,2013-11-08 20:30:00+00:00,0.0
3491,2013-11-08 21:00:00+00:00,0.0
3491,2013-11-08 21:30:00+00:00,0.0
3491,2013-11-08 22:00:00+00:00,0.0
3491,2013-11-08 22:30:00+00:00,0.0
3491,2013-11-08 23:00:00+00:00,0.0
3491,2013-11-08 23:30:00+00:00,0.0
3491,2013-11-09 00:00:00+00:00,0.0
3491,2013-11-09 00:30:00+00:00,0.0
3491,2013-11-09 01:00:00+00:00,0.0
3491,2013-11-09 01:30:00+00:00,0.0
3491,2013-11-09 02:00:00+00:00,0.0
3491,2013-11-09 02:30:00+00:00,0.0
3491,2013-11-09 03:00:00+00:00,0.0
3491,2013-11-09 03:30:00+00:00,0.0
3491,2013-11-09 04:00:00+00:00,0.0
3491,2013-11-09 04:30:00+00:00,0.0
3491,2013-11-09 05:00:00+00:00,0.0
3491,2013-11-09 05:30:00+00:00,0.0
3491,2013-11-09 06:00:00+00:00,0.0
3491,2013-11-09 06:30:00+00:00,0.0
3491,2013-11-09 07:00:00+00:00,0.0
3491,2013-11-09 07:30:00+00:00,5.98
3491,2013-11-09 08:00:00+00:00,23.86
3491,2013-11-09 08:30:00+00:00,49.59
3491,2013-11-09 09:00:00+00:00,133.17
3491,2013-11-09 09:30:00+00:00,309.03
3491,2013-11-09 10:00:00+00:00,71.7
3491,2013-11-09 10:30:00+00:00,48.74
3491,2013-11-09 11:00:00+00:00,52.0
3491,2013-11-09 11:30:00+00:00,24.07
3491,2013-11-09 12:00:00+00:00,2.38
3491,2013-11-09 12:30:00+00:00,104.3
3491,2013-11-09 13:00:00+00:00,104.14
3491,2013-11-09 13:30:00+00:00,67.65
3491,2013-11-09 14:00:00+00:00,35.77
3491,2013-11-09 14:30:00+00:00,37.42
3491,2013-11-09 15:00:00+00:00,38.29
3491,2013-11-09 15:30:00+00:00,16.28
3491,2013-11-09 16:00:00+00:00,2.42
3491,2013-11-09 16:30:00+00:00,0.0
3491,2013-11-09 17:00:00+00:00,0.0
3491,2013-11-09 17:30:00+00:00,0.0
3491,2013-11-09 18:00:00+00:00,0.0
3491,2013-11-09 18:30:00+00:00,0.0
3491,2013-11-09 19:00:00+00:00,0.0
3491,2013-11-09 19:30:00+00:00,0.0
3491,2013-11-09 20:00:00+00:00,0.0
3491,2013-11-09 20:30:00+00:00,0.0
3491,2013-11-09 21:00:00+00:00,0.0
3491,2013-11-09 21:30:00+00:00,0.0
3491,2013-11-09 22:00:00+00:00,0.0
3491,2013-11-09 22:30:00+00:00,0.0
3491,2013-11-09 23:00:00+00:00,0.0
3491,2013-11-09 23:30:00+00:00,0.0
3491,2013-11-10 00:00:00+00:00,0.0
3491,2013-11-10 00:30:00+00:00,0.0
3491,2013-11-10 01:00:00+00:00,0.0
3491,2013-11-10 01:30:00+00:00,0.0
3491,2013-11-10 02:00:00+00:00,0.0
3491,2013-11-10 02:30:00+00:00,0.0
3491,2013-11-10 03:00:00+00:00,0.0
3491,2013-11-10 03:30:00+00:00,0.0
3491,2013-11-10 04:00:00+00:00,0.0
3491,2013-11-10 04:30:00+00:00,0.0
3491,2013-11-10 05:00:00+00:00,0.0
3491,2013-11-10 05:30:00+00:00,0.0
3491,2013-11-10 06:00:00+00:00,0.0
3491,2013-11-10 06:30:00+00:00,0.0
3491,2013-11-10 07:00:00+00:00,0.0
3491,2013-11-10 07:30:00+00:00,0.0
3491,2013-11-10 08:00:00+00:00,26.94
3491,2013-11-10 08:30:00+00:00,138.47
3491,2013-11-10 09:00:00+00:00,554.75
3491,2013-11-10 09:30:00+00:00,744.4
3491,2013-11-10 10:00:00+00:00,854.4
3491,2013-11-10 10:30:00+00:00,905.5
3491,2013-11-10 11:00:00+00:00,910.25
3491,2013-11-10 11:30:00+00:00,876.7
3491,2013-11-10 12:00:00+00:00,730.25
3491,2013-11-10 12:30:00+00:00,523.2
3491,2013-11-10 13:00:00+00:00,412.68
3491,2013-11-10 13:30:00+00:00,297.09
3491,2013-11-10 14:00:00+00:00,295.82
3491,2013-11-10 14:30:00+00:00,74.71
3491,2013-11-10 15:00:00+00:00,38.67
3491,2013-11-10 15:30:00+00:00,27.41
3491,2013-11-10 16:00:00+00:00,4.11
3491,2013-11-10 16:30:00+00:00,0.0
3491,2013-11-10 17:00:00+00:00,0.0
3491,2013-11-10 17:30:00+00:00,0.0
3491,2013-11-10 18:00:00+00:00,0.0
3491,2013-11-10 18:30:00+00:00,0.0
3491,2013-11-10 19:00:00+00:00,0.0
3491,2013-11-10 19:30:00+00:00,0.0
3491,2013-11-10 20:00:00+00:00,0.0
3491,2013-11-10 20:30:00+00:00,0.0
3491,2013-11-10 21:00:00+00:00,0.0
3491,2013-11-10 21:30:00+00:00,0.0
3491,2013-11-10 22:00:00+00:00,0.0
3491,2013-11-10 22:30:00+00:00,0.0
3491,2013-11-10 23:00:00+00:00,0.0
3491,2013-11-10 23:30:00+00:00,0.0
3491,2013-11-11 00:00:00+00:00,0.0
3491,2013-11-11 00:30:00+00:00,0.0
3491,2013-11-11 01:00:00+00:00,0.0
3491,2013-11-11 01:30:00+00:00,0.0
3491,2013-11-11 02:00:00+00:00,0.0
3491,2013-11-11 02:30:00+00:00,0.0
3491,2013-11-11 03:00:00+00:00,0.0
3491,2013-11-11 03:30:00+00:00,0.0
3491,2013-11-11 04:00:00+00:00,0.0
3491,2013-11-11 04:30:00+00:00,0.0
3491,2013-11-11 05:00:00+00:00,0.0
3491,2013-11-11 05:30:00+00:00,0.0
3491,2013-11-11 06:00:00+00:00,0.0
3491,2013-11-11 06:30:00+00:00,0.0
3491,2013-11-11 07:00:00+00:00,0.0
3491,2013-11-11 07:30:00+00:00,0.0
3491,2013-11-11 08:00:00+00:00,0.0
3491,2013-11-11 08:30:00+00:00,9.54
3491,2013-11-11 09:00:00+00:00,31.13
3491,2013-11-11 09:30:00+00:00,51.98
3491,2013-11-11 10:00:00+00:00,110.63
3491,2013-11-11 10:30:00+00:00,112.21
3491,2013-11-11 11:00:00+00:00,75.75
3491,2013-11-11 11:30:00+00:00,131.77
3491,2013-11-11 12:00:00+00:00,100.9
3491,2013-11-11 12:30:00+00:00,82.1
3491,2013-11-11 13:00:00+00:00,38.83
3491,2013-11-11 13:30:00+00:00,36.58
3491,2013-11-11 14:00:00+00:00,40.78
3491,2013-11-11 14:30:00+00:00,36.9
3491,2013-11-11 15:00:00+00:00,13.5
3491,2013-11-11 15:30:00+00:00,0.34
3491,2013-11-11 16:00:00+00:00,0.0
3491,2013-11-11 16:30:00+00:00,0.0
3491,2013-11-11 17:00:00+00:00,0.0
3491,2013-11-11 17:30:00+00:00,0.0
3491,2013-11-11 18:00:00+00:00,0.0
3491,2013-11-11 18:30:00+00:00,0.0
3491,2013-11-11 19:00:00+00:00,0.0
3491,2013-11-11 19:30:00+00:00,0.0
3491,2013-11-11 20:00:00+00:00,0.0
3491,2013-11-11 20:30:00+00:00,0.0
3491,2013-11-11 21:00:00+00:00,0.0
3491,2013-11-11 21:30:00+00:00,0.0
3491,2013-11-11 22:00:00+00:00,0.0
3491,2013-11-11 22:30:00+00:00,0.0
3491,2013-11-11 23:00:00+00:00,0.0
3491,2013-11-11 23:30:00+00:00,0.0
3491,2013-11-12 00:00:00+00:00,0.0
3491,2013-11-12 00:30:00+00:00,0.0
3491,2013-11-12 01:00:00+00:00,0.0
3491,2013-11-12 01:30:00+00:00,0.0
3491,2013-11-12 02:00:00+00:00,0.0
3491,2013-11-12 02:30:00+00:00,0.0
3491,2013-11-12 03:00:00+00:00,0.0
3491,2013-11-12 03:30:00+00:00,0.0
3491,2013-11-12 04:00:00+00:00,0.0
3491,2013-11-12 04:30:00+00:00,0.0
3491,2013-11-12 05:00:00+00:00,0.0
3491,2013-11-12 05:30:00+00:00,0.0
3491,2013-11-12 06:00:00+00:00,0.0
3491,2013-11-12 06:30:00+00:00,0.0
3491,2013-11-12 07:00:00+00:00,0.0
3491,2013-11-12 07:30:00+00:00,0.0
3491,2013-11-12 08:00:00+00:00,0.0
3491,2013-11-12 08:30:00+00:00,3.7
3491,2013-11-12 09:00:00+00:00,21.53
3491,2013-11-12 09:30:00+00:00,46.45
3491,2013-11-12 10:00:00+00:00,89.8
3491,2013-11-12 10:30:00+00:00,147.21
3491,2013-11-12 11:00:00+00:00,83.3
3491,2013-11-12 11:30:00+00:00,195.24
3491,2013-11-12 12:00:00+00:00,431.41
3491,2013-11-12 12:30:00+00:00,368.1
3491,2013-11-12 13:00:00+00:00,295.35
3491,2013-11-12 13:30:00+00:00,136.62
3491,2013-11-12 14:00:00+00:00,180.09
3491,2013-11-12 14:30:00+00:00,129.94
3491,2013-11-12 15:00:00+00:00,60.45
3491,2013-11-12 15:30:00+00:00,15.67
3491,2013-11-12 16:00:00+00:00,3.75
3491,2013-11-12 16:30:00+00:00,0.0
3491,2013-11-12 17:00:00+00:00,0.0
3491,2013-11-12 17:30:00+00:00,0.0
3491,2013-11-12 18:00:00+00:00,0.0
3491,2013-11-12 18:30:00+00:00,0.0
3491,2013-11-12 19:00:00+00:00,0.0
3491,2013-11-12 19:30:00+00:00,0.0
3491,2013-11-12 20:00:00+00:00,0.0
3491,2013-11-12 20:30:00+00:00,0.0
3491,2013-11-12 21:00:00+00:00,0.0
3491,2013-11-12 21:30:00+00:00,0.0
3491,2013-11-12 22:00:00+00:00,0.0
3491,2013-11-12 22:30:00+00:00,0.0
3491,2013-11-12 23:00:00+00:00,0.0
3491,2013-11-12 23:30:00+00:00,0.0
3491,2013-11-13 00:00:00+00:00,0.0
3491,2013-11-13 00:30:00+00:00,0.0
3491,2013-11-13 01:00:00+00:00,0.0
3491,2013-11-13 01:30:00+00:00,0.0
3491,2013-11-13 02:00:00+00:00,0.0
3491,2013-11-13 02:30:00+00:00,0.0
3491,2013-11-13 03:00:00+00:00,0.0
3491,2013-11-13 03:30:00+00:00,0.0
3491,2013-11-13 04:00:00+00:00,0.0
3491,2013-11-13 04:30:00+00:00,0.0
3491,2013-11-13 05:00:00+00:00,0.0
3491,2013-11-13 05:30:00+00:00,0.0
3491,2013-11-13 06:00:00+00:00,0.0
3491,2013-11-13 06:30:00+00:00,0.0
3491,2013-11-13 07:00:00+00:00,0.0
3491,2013-11-13 07:30:00+00:00,0.0
3491,2013-11-13 08:00:00+00:00,37.39
3491,2013-11-13 08:30:00+00:00,134.61
3491,2013-11-13 09:00:00+00:00,407.73
3491,2013-11-13 09:30:00+00:00,756.45
3491,2013-11-13 10:00:00+00:00,827.85
3491,2013-11-13 10:30:00+00:00,843.8
3491,2013-11-13 11:00:00+00:00,851.95
3491,2013-11-13 11:30:00+00:00,762.05
3491,2013-11-13 12:00:00+00:00,545.15
3491,2013-11-13 12:30:00+00:00,592.3
3491,2013-11-13 13:00:00+00:00,336.57
3491,2013-11-13 13:30:00+00:00,179.38
3491,2013-11-13 14:00:00+00:00,160.14
3491,2013-11-13 14:30:00+00:00,100.48
3491,2013-11-13 15:00:00+00:00,63.57
3491,2013-11-13 15:30:00+00:00,31.37
3491,2013-11-13 16:00:00+00:00,6.55
3491,2013-11-13 16:30:00+00:00,0.0
3491,2013-11-13 17:00:00+00:00,0.0
3491,2013-11-13 17:30:00+00:00,0.0
3491,2013-11-13 18:00:00+00:00,0.0
3491,2013-11-13 18:30:00+00:00,0.0
3491,2013-11-13 19:00:00+00:00,0.0
3491,2013-11-13 19:30:00+00:00,0.0
3491,2013-11-13 20:00:00+00:00,0.0
3491,2013-11-13 20:30:00+00:00,0.0
3491,2013-11-13 21:00:00+00:00,0.0
3491,2013-11-13 21:30:00+00:00,0.0
3491,2013-11-13 22:00:00+00:00,0.0
3491,2013-11-13 22:30:00+00:00,0.0
3491,2013-11-13 23:00:00+00:00,0.0
3491,2013-11-13 23:30:00+00:00,0.0
3491,2013-11-14 00:00:00+00:00,0.0
3491,2013-11-14 00:30:00+00:00,0.0
3491,2013-11-14 01:00:00+00:00,0.0
3491,2013-11-14 01:30:00+00:00,0.0
3491,2013-11-14 02:00:00+00:00,0.0
3491,2013-11-14 02:30:00+00:00,0.0
3491,2013-11-14 03:00:00+00:00,0.0
3491,2013-11-14 03:30:00+00:00,0.0
3491,2013-11-14 04:00:00+00:00,0.0
3491,2013-11-14 04:30:00+00:00,0.0
3491,2013-11-14 05:00:00+00:00,0.0
3491,2013-11-14 05:30:00+00:00,0.0
3491,2013-11-14 06:00:00+00:00,0.0
3491,2013-11-14 06:30:00+00:00,0.0
3491,2013-11-14 07:00:00+00:00,0.0
3491,2013-11-14 07:30:00+00:00,0.0
3491,2013-11-14 08:00:00+00:00,23.92
3491,2013-11-14 08:30:00+00:00,142.41
3491,2013-11-14 09:00:00+00:00,367.09
3491,2013-11-14 09:30:00+00:00,526.25
3491,2013-11-14 10:00:00+00:00,676.0
3491,2013-11-14 10:30:00+00:00,443.23
3491,2013-11-14 11:00:00+00:00,413.77
3491,2013-11-14 11:30:00+00:00,628.45
3491,2013-11-14 12:00:00+00:00,492.07
3491,2013-11-14 12:30:00+00:00,300.79
3491,2013-11-14 13:00:00+00:00,342.41
3491,2013-11-14 13:30:00+00:00,73.41
3491,2013-11-14 14:00:00+00:00,52.95
3491,2013-11-14 14:30:00+00:00,69.39
3491,2013-11-14 15:00:00+00:00,55.92
3491,2013-11-14 15:30:00+00:00,24.15
3491,2013-11-14 16:00:00+00:00,4.47
3491,2013-11-14 16:30:00+00:00,0.0
3491,2013-11-14 17:00:00+00:00,0.0
3491,2013-11-14 17:30:00+00:00,0.0
3491,2013-11-14 18:00:00+00:00,0.0
3491,2013-11-14 18:30:00+00:00,0.0
3491,2013-11-14 19:00:00+00:00,0.0
3491,2013-11-14 19:30:00+00:00,0.0
3491,2013-11-14 20:00:00+00:00,0.0
3491,2013-11-14 20:30:00+00:00,0.0
3491,2013-11-14 21:00:00+00:00,0.0
3491,2013-11-14 21:30:00+00:00,0.0
3491,2013-11-14 22:00:00+00:00,0.0
3491,2013-11-14 22:30:00+00:00,0.0
3491,2013-11-14 23:00:00+00:00,0.0
3491,2013-11-14 23:30:00+00:00,0.0
3491,2013-11-15 00:00:00+00:00,0.0
3491,2013-11-15 00:30:00+00:00,0.0
3491,2013-11-15 01:00:00+00:00,0.0
3491,2013-11-15 01:30:00+00:00,0.0
3491,2013-11-15 02:00:00+00:00,0.0
3491,2013-11-15 02:30:00+00:00,0.0
3491,2013-11-15 03:00:00+00:00,0.0
3491,2013-11-15 03:30:00+00:00,0.0
3491,2013-11-15 04:00:00+00:00,0.0
3491,2013-11-15 04:30:00+00:00,0.0
3491,2013-11-15 05:00:00+00:00,0.0
3491,2013-11-15 05:30:00+00:00,0.0
3491,2013-11-15 06:00:00+00:00,0.0
3491,2013-11-15 06:30:00+00:00,0.0
3491,2013-11-15 07:00:00+00:00,0.0
3491,2013-11-15 07:30:00+00:00,0.0
3491,2013-11-15 08:00:00+00:00,6.42
3491,2013-11-15 08:30:00+00:00,88.06
3491,2013-11-15 09:00:00+00:00,321.28
3491,2013-11-15 09:30:00+00:00,463.92
3491,2013-11-15 10:00:00+00:00,698.6
3491,2013-11-15 10:30:00+00:00,591.0
3491,2013-11-15 11:00:00+00:00,832.6
3491,2013-11-15 11:30:00+00:00,823.05
3491,2013-11-15 12:00:00+00:00,679.25
3491,2013-11-15 12:30:00+00:00,597.95
3491,2013-11-15 13:00:00+00:00,368.07
3491,2013-11-15 13:30:00+00:00,321.42
3491,2013-11-15 14:00:00+00:00,164.95
3491,2013-11-15 14:30:00+00:00,136.81
3491,2013-11-15 15:00:00+00:00,80.96
3491,2013-11-15 15:30:00+00:00,40.81
3491,2013-11-15 16:00:00+00:00,4.6
3491,2013-11-15 16:30:00+00:00,0.0
3491,2013-11-15 17:00:00+00:00,0.0
3491,2013-11-15 17:30:00+00:00,0.0
3491,2013-11-15 18:00:00+00:00,0.0
3491,2013-11-15 18:30:00+00:00,0.0
3491,2013-11-15 19:00:00+00:00,0.0
3491,2013-11-15 19:30:00+00:00,0.0
3491,2013-11-15 20:00:00+00:00,0.0
3491,2013-11-15 20:30:00+00:00,0.0
3491,2013-11-15 21:00:00+00:00,0.0
3491,2013-11-15 21:30:00+00:00,0.0
3491,2013-11-15 22:00:00+00:00,0.0
3491,2013-11-15 22:30:00+00:00,0.0
3491,2013-11-15 23:00:00+00:00,0.0
3491,2013-11-15 23:30:00+00:00,0.0
3491,2013-11-16 00:00:00+00:00,0.0
3491,2013-11-16 00:30:00+00:00,0.0
3491,2013-11-16 01:00:00+00:00,0.0
3491,2013-11-16 01:30:00+00:00,0.0
3491,2013-11-16 02:00:00+00:00,0.0
3491,2013-11-16 02:30:00+00:00,0.0
3491,2013-11-16 03:00:00+00:00,0.0
3491,2013-11-16 03:30:00+00:00,0.0
3491,2013-11-16 04:00:00+00:00,0.0
3491,2013-11-16 04:30:00+00:00,0.0
3491,2013-11-16 05:00:00+00:00,0.0
3491,2013-11-16 05:30:00+00:00,0.0
3491,2013-11-16 06:00:00+00:00,0.0
3491,2013-11-16 06:30:00+00:00,0.0
3491,2013-11-16 07:00:00+00:00,0.0
3491,2013-11-16 07:30:00+00:00,0.0
3491,2013-11-16 08:00:00+00:00,38.28
3491,2013-11-16 08:30:00+00:00,147.44
3491,2013-11-16 09:00:00+00:00,412.85
3491,2013-11-16 09:30:00+00:00,703.6
3491,2013-11-16 10:00:00+00:00,762.45
3491,2013-11-16 10:30:00+00:00,789.75
3491,2013-11-16 11:00:00+00:00,810.05
3491,2013-11-16 11:30:00+00:00,794.15
3491,2013-11-16 12:00:00+00:00,636.35
3491,2013-11-16 12:30:00+00:00,527.5
3491,2013-11-16 13:00:00+00:00,363.94
3491,2013-11-16 13:30:00+00:00,165.79
3491,2013-11-16 14:00:00+00:00,110.64
3491,2013-11-16 14:30:00+00:00,107.14
3491,2013-11-16 15:00:00+00:00,61.9
3491,2013-11-16 15:30:00+00:00,18.53
3491,2013-11-16 16:00:00+00:00,1.82
3491,2013-11-16 16:30:00+00:00,0.0
3491,2013-11-16 17:00:00+00:00,0.0
3491,2013-11-16 17:30:00+00:00,0.0
3491,2013-11-16 18:00:00+00:00,0.0
3491,2013-11-16 18:30:00+00:00,0.0
3491,2013-11-16 19:00:00+00:00,0.0
3491,2013-11-16 19:30:00+00:00,0.0
3491,2013-11-16 20:00:00+00:00,0.0
3491,2013-11-16 20:30:00+00:00,0.0
3491,2013-11-16 21:00:00+00:00,0.0
3491,2013-11-16 21:30:00+00:00,0.0
3491,2013-11-16 22:00:00+00:00,0.0
3491,2013-11-16 22:30:00+00:00,0.0
3491,2013-11-16 23:00:00+00:00,0.0
3491,2013-11-16 23:30:00+00:00,0.0
3491,2013-11-17 00:00:00+00:00,0.0
3491,2013-11-17 00:30:00+00:00,0.0
3491,2013-11-17 01:00:00+00:00,0.0
3491,2013-11-17 01:30:00+00:00,0.0
3491,2013-11-17 02:00:00+00:00,0.0
3491,2013-11-17 02:30:00+00:00,0.0
3491,2013-11-17 03:00:00+00:00,0.0
3491,2013-11-17 03:30:00+00:00,0.0
3491,2013-11-17 04:00:00+00:00,0.0
3491,2013-11-17 04:30:00+00:00,0.0
3491,2013-11-17 05:00:00+00:00,0.0
3491,2013-11-17 05:30:00+00:00,0.0
3491,2013-11-17 06:00:00+00:00,0.0
3491,2013-11-17 06:30:00+00:00,0.0
3491,2013-11-17 07:00:00+00:00,0.0
3491,2013-11-17 07:30:00+00:00,0.0
3491,2013-11-17 08:00:00+00:00,0.0
3491,2013-11-17 08:30:00+00:00,11.29
3491,2013-11-17 09:00:00+00:00,32.34
3491,2013-11-17 09:30:00+00:00,38.81
3491,2013-11-17 10:00:00+00:00,43.24
3491,2013-11-17 10:30:00+00:00,39.13
3491,2013-11-17 11:00:00+00:00,30.94
3491,2013-11-17 11:30:00+00:00,30.6
3491,2013-11-17 12:00:00+00:00,38.56
3491,2013-11-17 12:30:00+00:00,24.91
3491,2013-11-17 13:00:00+00:00,22.99
3491,2013-11-17 13:30:00+00:00,33.06
3491,2013-11-17 14:00:00+00:00,28.4
3491,2013-11-17 14:30:00+00:00,18.77
3491,2013-11-17 15:00:00+00:00,2.75
3491,2013-11-17 15:30:00+00:00,0.0
3491,2013-11-17 16:00:00+00:00,0.0
3491,2013-11-17 16:30:00+00:00,0.0
3491,2013-11-17 17:00:00+00:00,0.0
3491,2013-11-17 17:30:00+00:00,0.0
3491,2013-11-17 18:00:00+00:00,0.0
3491,2013-11-17 18:30:00+00:00,0.0
3491,2013-11-17 19:00:00+00:00,0.0
3491,2013-11-17 19:30:00+00:00,0.0
3491,2013-11-17 20:00:00+00:00,0.0
3491,2013-11-17 20:30:00+00:00,0.0
3491,2013-11-17 21:00:00+00:00,0.0
3491,2013-11-17 21:30:00+00:00,0.0
3491,2013-11-17 22:00:00+00:00,0.0
3491,2013-11-17 22:30:00+00:00,0.0
3491,2013-11-17 23:00:00+00:00,0.0
3491,2013-11-17 23:30:00+00:00,0.0
3491,2013-11-18 00:00:00+00:00,0.0
3491,2013-11-18 00:30:00+00:00,0.0
3491,2013-11-18 01:00:00+00:00,0.0
3491,2013-11-18 01:30:00+00:00,0.0
3491,2013-11-18 02:00:00+00:00,0.0
3491,2013-11-18 02:30:00+00:00,0.0
3491,2013-11-18 03:00:00+00:00,0.0
3491,2013-11-18 03:30:00+00:00,0.0
3491,2013-11-18 04:00:00+00:00,0.0
3491,2013-11-18 04:30:00+00:00,0.0
3491,2013-11-18 05:00:00+00:00,0.0
3491,2013-11-18 05:30:00+00:00,0.0
3491,2013-11-18 06:00:00+00:00,0.0
3491,2013-11-18 06:30:00+00:00,0.0
3491,2013-11-18 07:00:00+00:00,0.0
3491,2013-11-18 07:30:00+00:00,0.0
3491,2013-11-18 08:00:00+00:00,0.0
3491,2013-11-18 08:30:00+00:00,4.82
3491,2013-11-18 09:00:00+00:00,24.09
3491,2013-11-18 09:30:00+00:00,18.56
3491,2013-11-18 10:00:00+00:00,32.75
3491,2013-11-18 10:30:00+00:00,49.28
3491,2013-11-18 11:00:00+00:00,50.47
3491,2013-11-18 11:30:00+00:00,99.87
3491,2013-11-18 12:00:00+00:00,96.19
3491,2013-11-18 12:30:00+00:00,85.24
3491,2013-11-18 13:00:00+00:00,60.41
3491,2013-11-18 13:30:00+00:00,58.15
3491,2013-11-18 14:00:00+00:00,36.27
3491,2013-11-18 14:30:00+00:00,26.58
3491,2013-11-18 15:00:00+00:00,0.0
3491,2013-11-18 15:30:00+00:00,0.0
3491,2013-11-18 16:00:00+00:00,0.0
3491,2013-11-18 16:30:00+00:00,0.0
3491,2013-11-18 17:00:00+00:00,0.0
3491,2013-11-18 17:30:00+00:00,0.0
3491,2013-11-18 18:00:00+00:00,0.0
3491,2013-11-18 18:30:00+00:00,0.0
3491,2013-11-18 19:00:00+00:00,0.0
3491,2013-11-18 19:30:00+00:00,0.0
3491,2013-11-18 20:00:00+00:00,0.0
3491,2013-11-18 20:30:00+00:00,0.0
3491,2013-11-18 21:00:00+00:00,0.0
3491,2013-11-18 21:30:00+00:00,0.0
3491,2013-11-18 22:00:00+00:00,0.0
3491,2013-11-18 22:30:00+00:00,0.0
3491,2013-11-18 23:00:00+00:00,0.0
3491,2013-11-18 23:30:00+00:00,0.0
3491,2013-11-19 00:00:00+00:00,0.0
3491,2013-11-19 00:30:00+00:00,0.0
3491,2013-11-19 01:00:00+00:00,0.0
3491,2013-11-19 01:30:00+00:00,0.0
3491,2013-11-19 02:00:00+00:00,0.0
3491,2013-11-19 02:30:00+00:00,0.0
3491,2013-11-19 03:00:00+00:00,0.0
3491,2013-11-19 03:30:00+00:00,0.0
3491,2013-11-19 04:00:00+00:00,0.0
3491,2013-11-19 04:30:00+00:00,0.0
3491,2013-11-19 05:00:00+00:00,0.0
3491,2013-11-19 05:30:00+00:00,0.0
3491,2013-11-19 06:00:00+00:00,0.0
3491,2013-11-19 06:30:00+00:00,0.0
3491,2013-11-19 07:00:00+00:00,0.0
3491,2013-11-19 07:30:00+00:00,0.0
3491,2013-11-19 08:00:00+00:00,18.24
3491,2013-11-19 08:30:00+00:00,161.65
3491,2013-11-19 09:00:00+00:00,445.1
3491,2013-11-19 09:30:00+00:00,733.85
3491,2013-11-19 10:00:00+00:00,816.0
3491,2013-11-19 10:30:00+00:00,844.05
3491,2013-11-19 11:00:00+00:00,812.65
3491,2013-11-19 11:30:00+00:00,180.85
3491,2013-11-19 12:00:00+00:00,193.44
3491,2013-11-19 12:30:00+00:00,113.17
3491,2013-11-19 13:00:00+00:00,390.83
3491,2013-11-19 13:30:00+00:00,121.35
3491,2013-11-19 14:00:00+00:00,110.99
3491,2013-11-19 14:30:00+00:00,146.33
3491,2013-11-19 15:00:00+00:00,60.58
3491,2013-11-19 15:30:00+00:00,15.85
3491,2013-11-19 16:00:00+00:00,2.89
3491,2013-11-19 16:30:00+00:00,0.0
3491,2013-11-19 17:00:00+00:00,0.0
3491,2013-11-19 17:30:00+00:00,0.0
3491,2013-11-19 18:00:00+00:00,0.0
3491,2013-11-19 18:30:00+00:00,0.0
3491,2013-11-19 19:00:00+00:00,0.0
3491,2013-11-19 19:30:00+00:00,0.0
3491,2013-11-19 20:00:00+00:00,0.0
3491,2013-11-19 20:30:00+00:00,0.0
3491,2013-11-19 21:00:00+00:00,0.0
3491,2013-11-19 21:30:00+00:00,0.0
3491,2013-11-19 22:00:00+00:00,0.0
3491,2013-11-19 22:30:00+00:00,0.0
3491,2013-11-19 23:00:00+00:00,0.0
3491,2013-11-19 23:30:00+00:00,0.0
3491,2013-11-20 00:00:00+00:00,0.0
3491,2013-11-20 00:30:00+00:00,0.0
3491,2013-11-20 01:00:00+00:00,0.0
3491,2013-11-20 01:30:00+00:00,0.0
3491,2013-11-20 02:00:00+00:00,0.0
3491,2013-11-20 02:30:00+00:00,0.0
3491,2013-11-20 03:00:00+00:00,0.0
3491,2013-11-20 03:30:00+00:00,0.0
3491,2013-11-20 04:00:00+00:00,0.0
3491,2013-11-20 04:30:00+00:00,0.0
3491,2013-11-20 05:00:00+00:00,0.0
3491,2013-11-20 05:30:00+00:00,0.0
3491,2013-11-20 06:00:00+00:00,0.0
3491,2013-11-20 06:30:00+00:00,0.0
3491,2013-11-20 07:00:00+00:00,0.0
3491,2013-11-20 07:30:00+00:00,0.0
3491,2013-11-20 08:00:00+00:00,0.0
3491,2013-11-20 08:30:00+00:00,0.0
3491,2013-11-20 09:00:00+00:00,0.0
3491,2013-11-20 09:30:00+00:00,1.95
3491,2013-11-20 10:00:00+00:00,8.7
3491,2013-11-20 10:30:00+00:00,26.71
3491,2013-11-20 11:00:00+00:00,34.57
3491,2013-11-20 11:30:00+00:00,58.4
3491,2013-11-20 12:00:00+00:00,109.64
3491,2013-11-20 12:30:00+00:00,19.65
3491,2013-11-20 13:00:00+00:00,77.75
3491,2013-11-20 13:30:00+00:00,98.62
3491,2013-11-20 14:00:00+00:00,53.6
3491,2013-11-20 14:30:00+00:00,62.03
3491,2013-11-20 15:00:00+00:00,52.22
3491,2013-11-20 15:30:00+00:00,23.33
3491,2013-11-20 16:00:00+00:00,2.82
3491,2013-11-20 16:30:00+00:00,0.0
3491,2013-11-20 17:00:00+00:00,0.0
3491,2013-11-20 17:30:00+00:00,0.0
3491,2013-11-20 18:00:00+00:00,0.0
3491,2013-11-20 18:30:00+00:00,0.0
3491,2013-11-20 19:00:00+00:00,0.0
3491,2013-11-20 19:30:00+00:00,0.0
3491,2013-11-20 20:00:00+00:00,0.0
3491,2013-11-20 20:30:00+00:00,0.0
3491,2013-11-20 21:00:00+00:00,0.0
3491,2013-11-20 21:30:00+00:00,0.0
3491,2013-11-20 22:00:00+00:00,0.0
3491,2013-11-20 22:30:00+00:00,0.0
3491,2013-11-20 23:00:00+00:00,0.0
3491,2013-11-20 23:30:00+00:00,0.0
3491,2013-11-21 00:00:00+00:00,0.0
3491,2013-11-21 00:30:00+00:00,0.0
3491,2013-11-21 01:00:00+00:00,0.0
3491,2013-11-21 01:30:00+00:00,0.0
3491,2013-11-21 02:00:00+00:00,0.0
3491,2013-11-21 02:30:00+00:00,0.0
3491,2013-11-21 03:00:00+00:00,0.0
3491,2013-11-21 03:30:00+00:00,0.0
3491,2013-11-21 04:00:00+00:00,0.0
3491,2013-11-21 04:30:00+00:00,0.0
3491,2013-11-21 05:00:00+00:00,0.0
3491,2013-11-21 05:30:00+00:00,0.0
3491,2013-11-21 06:00:00+00:00,0.0
3491,2013-11-21 06:30:00+00:00,0.0
3491,2013-11-21 07:00:00+00:00,0.0
3491,2013-11-21 07:30:00+00:00,0.0
3491,2013-11-21 08:00:00+00:00,0.0
3491,2013-11-21 08:30:00+00:00,0.0
3491,2013-11-21 09:00:00+00:00,0.0
3491,2013-11-21 09:30:00+00:00,13.46
3491,2013-11-21 10:00:00+00:00,10.69
3491,2013-11-21 10:30:00+00:00,15.03
3491,2013-11-21 11:00:00+00:00,43.98
3491,2013-11-21 11:30:00+00:00,61.14
3491,2013-11-21 12:00:00+00:00,35.71
3491,2013-11-21 12:30:00+00:00,19.64
3491,2013-11-21 13:00:00+00:00,16.01
3491,2013-11-21 13:30:00+00:00,75.42
3491,2013-11-21 14:00:00+00:00,71.6
3491,2013-11-21 14:30:00+00:00,84.06
3491,2013-11-21 15:00:00+00:00,35.98
3491,2013-11-21 15:30:00+00:00,20.04
3491,2013-11-21 16:00:00+00:00,3.16
3491,2013-11-21 16:30:00+00:00,0.0
3491,2013-11-21 17:00:00+00:00,0.0
3491,2013-11-21 17:30:00+00:00,0.0
3491,2013-11-21 18:00:00+00:00,0.0
3491,2013-11-21 18:30:00+00:00,0.0
3491,2013-11-21 19:00:00+00:00,0.0
3491,2013-11-21 19:30:00+00:00,0.0
3491,2013-11-21 20:00:00+00:00,0.0
3491,2013-11-21 20:30:00+00:00,0.0
3491,2013-11-21 21:00:00+00:00,0.0
3491,2013-11-21 21:30:00+00:00,0.0
3491,2013-11-21 22:00:00+00:00,0.0
3491,2013-11-21 22:30:00+00:00,0.0
3491,2013-11-21 23:00:00+00:00,0.0
3491,2013-11-21 23:30:00+00:00,0.0
3491,2013-11-22 00:00:00+00:00,0.0
3491,2013-11-22 00:30:00+00:00,0.0
3491,2013-11-22 01:00:00+00:00,0.0
3491,2013-11-22 01:30:00+00:00,0.0
3491,2013-11-22 02:00:00+00:00,0.0
3491,2013-11-22 02:30:00+00:00,0.0
3491,2013-11-22 03:00:00+00:00,0.0
3491,2013-11-22 03:30:00+00:00,0.0
3491,2013-11-22 04:00:00+00:00,0.0
3491,2013-11-22 04:30:00+00:00,0.0
3491,2013-11-22 05:00:00+00:00,0.0
3491,2013-11-22 05:30:00+00:00,0.0
3491,2013-11-22 06:00:00+00:00,0.0
3491,2013-11-22 06:30:00+00:00,0.0
3491,2013-11-22 07:00:00+00:00,0.0
3491,2013-11-22 07:30:00+00:00,0.0
3491,2013-11-22 08:00:00+00:00,0.0
3491,2013-11-22 08:30:00+00:00,7.69
3491,2013-11-22 09:00:00+00:00,53.66
3491,2013-11-22 09:30:00+00:00,53.11
3491,2013-11-22 10:00:00+00:00,305.51
3491,2013-11-22 10:30:00+00:00,373.34
3491,2013-11-22 11:00:00+00:00,224.06
3491,2013-11-22 11:30:00+00:00,291.74
3491,2013-11-22 12:00:00+00:00,168.7
3491,2013-11-22 12:30:00+00:00,154.04
3491,2013-11-22 13:00:00+00:00,123.26
3491,2013-11-22 13:30:00+00:00,89.4
3491,2013-11-22 14:00:00+00:00,90.78
3491,2013-11-22 14:30:00+00:00,72.12
3491,2013-11-22 15:00:00+00:00,53.75
3491,2013-11-22 15:30:00+00:00,16.17
3491,2013-11-22 16:00:00+00:00,0.76
3491,2013-11-22 16:30:00+00:00,0.0
3491,2013-11-22 17:00:00+00:00,0.0
3491,2013-11-22 17:30:00+00:00,0.0
3491,2013-11-22 18:00:00+00:00,0.0
3491,2013-11-22 18:30:00+00:00,0.0
3491,2013-11-22 19:00:00+00:00,0.0
3491,2013-11-22 19:30:00+00:00,0.0
3491,2013-11-22 20:00:00+00:00,0.0
3491,2013-11-22 20:30:00+00:00,0.0
3491,2013-11-22 21:00:00+00:00,0.0
3491,2013-11-22 21:30:00+00:00,0.0
3491,2013-11-22 22:00:00+00:00,0.0
3491,2013-11-22 22:30:00+00:00,0.0
3491,2013-11-22 23:00:00+00:00,0.0
3491,2013-11-22 23:30:00+00:00,0.0
3491,2013-11-23 00:00:00+00:00,0.0
3491,2013-11-23 00:30:00+00:00,0.0
3491,2013-11-23 01:00:00+00:00,0.0
3491,2013-11-23 01:30:00+00:00,0.0
3491,2013-11-23 02:00:00+00:00,0.0
3491,2013-11-23 02:30:00+00:00,0.0
3491,2013-11-23 03:00:00+00:00,0.0
3491,2013-11-23 03:30:00+00:00,0.0
3491,2013-11-23 04:00:00+00:00,0.0
3491,2013-11-23 04:30:00+00:00,0.0
3491,2013-11-23 05:00:00+00:00,0.0
3491,2013-11-23 05:30:00+00:00,0.0
3491,2013-11-23 06:00:00+00:00,0.0
3491,2013-11-23 06:30:00+00:00,0.0
3491,2013-11-23 07:00:00+00:00,0.0
3491,2013-11-23 07:30:00+00:00,0.0
3491,2013-11-23 08:00:00+00:00,0.0
3491,2013-11-23 08:30:00+00:00,18.09
3491,2013-11-23 09:00:00+00:00,264.41
3491,2013-11-23 09:30:00+00:00,591.3
3491,2013-11-23 10:00:00+00:00,729.6
3491,2013-11-23 10:30:00+00:00,775.55
3491,2013-11-23 11:00:00+00:00,769.5
3491,2013-11-23 11:30:00+00:00,761.85
3491,2013-11-23 12:00:00+00:00,654.05
3491,2013-11-23 12:30:00+00:00,443.0
3491,2013-11-23 13:00:00+00:00,420.99
3491,2013-11-23 13:30:00+00:00,182.7
3491,2013-11-23 14:00:00+00:00,126.91
3491,2013-11-23 14:30:00+00:00,74.5
3491,2013-11-23 15:00:00+00:00,48.38
3491,2013-11-23 15:30:00+00:00,17.39
3491,2013-11-23 16:00:00+00:00,0.0
3491,2013-11-23 16:30:00+00:00,0.0
3491,2013-11-23 17:00:00+00:00,0.0
3491,2013-11-23 17:30:00+00:00,0.0
3491,2013-11-23 18:00:00+00:00,0.0
3491,2013-11-23 18:30:00+00:00,0.0
3491,2013-11-23 19:00:00+00:00,0.0
3491,2013-11-23 19:30:00+00:00,0.0
3491,2013-11-23 20:00:00+00:00,0.0
3491,2013-11-23 20:30:00+00:00,0.0
3491,2013-11-23 21:00:00+00:00,0.0
3491,2013-11-23 21:30:00+00:00,0.0
3491,2013-11-23 22:00:00+00:00,0.0
3491,2013-11-23 22:30:00+00:00,0.0
3491,2013-11-23 23:00:00+00:00,0.0
3491,2013-11-23 23:30:00+00:00,0.0
3491,2013-11-24 00:00:00+00:00,0.0
3491,2013-11-24 00:30:00+00:00,0.0
3491,2013-11-24 01:00:00+00:00,0.0
3491,2013-11-24 01:30:00+00:00,0.0
3491,2013-11-24 02:00:00+00:00,0.0
3491,2013-11-24 02:30:00+00:00,0.0
3491,2013-11-24 03:00:00+00:00,0.0
3491,2013-11-24 03:30:00+00:00,0.0
3491,2013-11-24 04:00:00+00:00,0.0
3491,2013-11-24 04:30:00+00:00,0.0
3491,2013-11-24 05:00:00+00:00,0.0
3491,2013-11-24 05:30:00+00:00,0.0
3491,2013-11-24 06:00:00+00:00,0.0
3491,2013-11-24 06:30:00+00:00,0.0
3491,2013-11-24 07:00:00+00:00,0.0
3491,2013-11-24 07:30:00+00:00,0.0
3491,2013-11-24 08:00:00+00:00,0.0
3491,2013-11-24 08:30:00+00:00,10.12
3491,2013-11-24 09:00:00+00:00,34.78
3491,2013-11-24 09:30:00+00:00,58.2
3491,2013-11-24 10:00:00+00:00,81.32
3491,2013-11-24 10:30:00+00:00,208.23
3491,2013-11-24 11:00:00+00:00,336.6
3491,2013-11-24 11:30:00+00:00,119.65
3491,2013-11-24 12:00:00+00:00,100.73
3491,2013-11-24 12:30:00+00:00,130.65
3491,2013-11-24 13:00:00+00:00,60.2
3491,2013-11-24 13:30:00+00:00,58.31
3491,2013-11-24 14:00:00+00:00,47.17
3491,2013-11-24 14:30:00+00:00,34.75
3491,2013-11-24 15:00:00+00:00,33.12
3491,2013-11-24 15:30:00+00:00,16.48
3491,2013-11-24 16:00:00+00:00,0.0
3491,2013-11-24 16:30:00+00:00,0.0
3491,2013-11-24 17:00:00+00:00,0.0
3491,2013-11-24 17:30:00+00:00,0.0
3491,2013-11-24 18:00:00+00:00,0.0
3491,2013-11-24 18:30:00+00:00,0.0
3491,2013-11-24 19:00:00+00:00,0.0
3491,2013-11-24 19:30:00+00:00,0.0
3491,2013-11-24 20:00:00+00:00,0.0
3491,2013-11-24 20:30:00+00:00,0.0
3491,2013-11-24 21:00:00+00:00,0.0
3491,2013-11-24 21:30:00+00:00,0.0
3491,2013-11-24 22:00:00+00:00,0.0
3491,2013-11-24 22:30:00+00:00,0.0
3491,2013-11-24 23:00:00+00:00,0.0
3491,2013-11-24 23:30:00+00:00,0.0
3491,2013-11-25 00:00:00+00:00,0.0
3491,2013-11-25 00:30:00+00:00,0.0
3491,2013-11-25 01:00:00+00:00,0.0
3491,2013-11-25 01:30:00+00:00,0.0
3491,2013-11-25 02:00:00+00:00,0.0
3491,2013-11-25 02:30:00+00:00,0.0
3491,2013-11-25 03:00:00+00:00,0.0
3491,2013-11-25 03:30:00+00:00,0.0
3491,2013-11-25 04:00:00+00:00,0.0
3491,2013-11-25 04:30:00+00:00,0.0
3491,2013-11-25 05:00:00+00:00,0.0
3491,2013-11-25 05:30:00+00:00,0.0
3491,2013-11-25 06:00:00+00:00,0.0
3491,2013-11-25 06:30:00+00:00,0.0
3491,2013-11-25 07:00:00+00:00,0.0
3491,2013-11-25 07:30:00+00:00,0.0
3491,2013-11-25 08:00:00+00:00,3.69
3491,2013-11-25 08:30:00+00:00,39.24
3491,2013-11-25 09:00:00+00:00,125.24
3491,2013-11-25 09:30:00+00:00,250.67
3491,2013-11-25 10:00:00+00:00,544.0
3491,2013-11-25 10:30:00+00:00,610.25
3491,2013-11-25 11:00:00+00:00,352.01
3491,2013-11-25 11:30:00+00:00,357.58
3491,2013-11-25 12:00:00+00:00,229.08
3491,2013-11-25 12:30:00+00:00,252.05
3491,2013-11-25 13:00:00+00:00,208.63
3491,2013-11-25 13:30:00+00:00,169.41
3491,2013-11-25 14:00:00+00:00,106.47
3491,2013-11-25 14:30:00+00:00,76.64
3491,2013-11-25 15:00:00+00:00,40.62
3491,2013-11-25 15:30:00+00:00,9.26
3491,2013-11-25 16:00:00+00:00,0.03
3491,2013-11-25 16:30:00+00:00,0.0
3491,2013-11-25 17:00:00+00:00,0.0
3491,2013-11-25 17:30:00+00:00,0.0
3491,2013-11-25 18:00:00+00:00,0.0
3491,2013-11-25 18:30:00+00:00,0.0
3491,2013-11-25 19:00:00+00:00,0.0
3491,2013-11-25 19:30:00+00:00,0.0
3491,2013-11-25 20:00:00+00:00,0.0
3491,2013-11-25 20:30:00+00:00,0.0
3491,2013-11-25 21:00:00+00:00,0.0
3491,2013-11-25 21:30:00+00:00,0.0
3491,2013-11-25 22:00:00+00:00,0.0
3491,2013-11-25 22:30:00+00:00,0.0
3491,2013-11-25 23:00:00+00:00,0.0
3491,2013-11-25 23:30:00+00:00,0.0
3491,2013-11-26 00:00:00+00:00,0.0
3491,2013-11-26 00:30:00+00:00,0.0
3491,2013-11-26 01:00:00+00:00,0.0
3491,2013-11-26 01:30:00+00:00,0.0
3491,2013-11-26 02:00:00+00:00,0.0
3491,2013-11-26 02:30:00+00:00,0.0
3491,2013-11-26 03:00:00+00:00,0.0
3491,2013-11-26 03:30:00+00:00,0.0
3491,2013-11-26 04:00:00+00:00,0.0
3491,2013-11-26 04:30:00+00:00,0.0
3491,2013-11-26 05:00:00+00:00,0.0
3491,2013-11-26 05:30:00+00:00,0.0
3491,2013-11-26 06:00:00+00:00,0.0
3491,2013-11-26 06:30:00+00:00,0.0
3491,2013-11-26 07:00:00+00:00,0.0
3491,2013-11-26 07:30:00+00:00,0.0
3491,2013-11-26 08:00:00+00:00,0.0
3491,2013-11-26 08:30:00+00:00,14.37
3491,2013-11-26 09:00:00+00:00,183.49
3491,2013-11-26 09:30:00+00:00,601.5
3491,2013-11-26 10:00:00+00:00,725.2
3491,2013-11-26 10:30:00+00:00,622.5
3491,2013-11-26 11:00:00+00:00,610.3
3491,2013-11-26 11:30:00+00:00,521.45
3491,2013-11-26 12:00:00+00:00,491.57
3491,2013-11-26 12:30:00+00:00,405.88
3491,2013-11-26 13:00:00+00:00,265.04
3491,2013-11-26 13:30:00+00:00,170.99
3491,2013-11-26 14:00:00+00:00,161.12
3491,2013-11-26 14:30:00+00:00,88.64
3491,2013-11-26 15:00:00+00:00,71.86
3491,2013-11-26 15:30:00+00:00,21.22
3491,2013-11-26 16:00:00+00:00,0.0
3491,2013-11-26 16:30:00+00:00,0.0
3491,2013-11-26 17:00:00+00:00,0.0
3491,2013-11-26 17:30:00+00:00,0.0
3491,2013-11-26 18:00:00+00:00,0.0
3491,2013-11-26 18:30:00+00:00,0.0
3491,2013-11-26 19:00:00+00:00,0.0
3491,2013-11-26 19:30:00+00:00,0.0
3491,2013-11-26 20:00:00+00:00,0.0
3491,2013-11-26 20:30:00+00:00,0.0
3491,2013-11-26 21:00:00+00:00,0.0
3491,2013-11-26 21:30:00+00:00,0.0
3491,2013-11-26 22:00:00+00:00,0.0
3491,2013-11-26 22:30:00+00:00,0.0
3491,2013-11-26 23:00:00+00:00,0.0
3491,2013-11-26 23:30:00+00:00,0.0
3491,2013-11-27 00:00:00+00:00,0.0
3491,2013-11-27 00:30:00+00:00,0.0
3491,2013-11-27 01:00:00+00:00,0.0
3491,2013-11-27 01:30:00+00:00,0.0
3491,2013-11-27 02:00:00+00:00,0.0
3491,2013-11-27 02:30:00+00:00,0.0
3491,2013-11-27 03:00:00+00:00,0.0
3491,2013-11-27 03:30:00+00:00,0.0
3491,2013-11-27 04:00:00+00:00,0.0
3491,2013-11-27 04:30:00+00:00,0.0
3491,2013-11-27 05:00:00+00:00,0.0
3491,2013-11-27 05:30:00+00:00,0.0
3491,2013-11-27 06:00:00+00:00,0.0
3491,2013-11-27 06:30:00+00:00,0.0
3491,2013-11-27 07:00:00+00:00,0.0
3491,2013-11-27 07:30:00+00:00,0.0
3491,2013-11-27 08:00:00+00:00,0.0
3491,2013-11-27 08:30:00+00:00,0.0
3491,2013-11-27 09:00:00+00:00,0.0
3491,2013-11-27 09:30:00+00:00,5.8
3491,2013-11-27 10:00:00+00:00,30.22
3491,2013-11-27 10:30:00+00:00,35.62
3491,2013-11-27 11:00:00+00:00,73.2
3491,2013-11-27 11:30:00+00:00,47.89
3491,2013-11-27 12:00:00+00:00,42.15
3491,2013-11-27 12:30:00+00:00,30.43
3491,2013-11-27 13:00:00+00:00,30.32
3491,2013-11-27 13:30:00+00:00,97.58
3491,2013-11-27 14:00:00+00:00,34.71
3491,2013-11-27 14:30:00+00:00,36.76
3491,2013-11-27 15:00:00+00:00,22.97
3491,2013-11-27 15:30:00+00:00,12.17
3491,2013-11-27 16:00:00+00:00,0.0
3491,2013-11-27 16:30:00+00:00,0.0
3491,2013-11-27 17:00:00+00:00,0.0
3491,2013-11-27 17:30:00+00:00,0.0
3491,2013-11-27 18:00:00+00:00,0.0
3491,2013-11-27 18:30:00+00:00,0.0
3491,2013-11-27 19:00:00+00:00,0.0
3491,2013-11-27 19:30:00+00:00,0.0
3491,2013-11-27 20:00:00+00:00,0.0
3491,2013-11-27 20:30:00+00:00,0.0
3491,2013-11-27 21:00:00+00:00,0.0
3491,2013-11-27 21:30:00+00:00,0.0
3491,2013-11-27 22:00:00+00:00,0.0
3491,2013-11-27 22:30:00+00:00,0.0
3491,2013-11-27 23:00:00+00:00,0.0
3491,2013-11-27 23:30:00+00:00,0.0
3491,2013-11-28 00:00:00+00:00,0.0
3491,2013-11-28 00:30:00+00:00,0.0
3491,2013-11-28 01:00:00+00:00,0.0
3491,2013-11-28 01:30:00+00:00,0.0
3491,2013-11-28 02:00:00+00:00,0.0
3491,2013-11-28 02:30:00+00:00,0.0
3491,2013-11-28 03:00:00+00:00,0.0
3491,2013-11-28 03:30:00+00:00,0.0
3491,2013-11-28 04:00:00+00:00,0.0
3491,2013-11-28 04:30:00+00:00,0.0
3491,2013-11-28 05:00:00+00:00,0.0
3491,2013-11-28 05:30:00+00:00,0.0
3491,2013-11-28 06:00:00+00:00,0.0
3491,2013-11-28 06:30:00+00:00,0.0
3491,2013-11-28 07:00:00+00:00,0.0
3491,2013-11-28 07:30:00+00:00,0.0
3491,2013-11-28 08:00:00+00:00,0.0
3491,2013-11-28 08:30:00+00:00,0.0
3491,2013-11-28 09:00:00+00:00,0.0
3491,2013-11-28 09:30:00+00:00,0.0
3491,2013-11-28 10:00:00+00:00,8.47
3491,2013-11-28 10:30:00+00:00,36.13
3491,2013-11-28 11:00:00+00:00,32.49
3491,2013-11-28 11:30:00+00:00,41.07
3491,2013-11-28 12:00:00+00:00,46.38
3491,2013-11-28 12:30:00+00:00,40.01
3491,2013-11-28 13:00:00+00:00,57.73
3491,2013-11-28 13:30:00+00:00,45.05
3491,2013-11-28 14:00:00+00:00,41.09
3491,2013-11-28 14:30:00+00:00,17.44
3491,2013-11-28 15:00:00+00:00,6.11
3491,2013-11-28 15:30:00+00:00,0.0
3491,2013-11-28 16:00:00+00:00,0.0
3491,2013-11-28 16:30:00+00:00,0.0
3491,2013-11-28 17:00:00+00:00,0.0
3491,2013-11-28 17:30:00+00:00,0.0
3491,2013-11-28 18:00:00+00:00,0.0
3491,2013-11-28 18:30:00+00:00,0.0
3491,2013-11-28 19:00:00+00:00,0.0
3491,2013-11-28 19:30:00+00:00,0.0
3491,2013-11-28 20:00:00+00:00,0.0
3491,2013-11-28 20:30:00+00:00,0.0
3491,2013-11-28 21:00:00+00:00,0.0
3491,2013-11-28 21:30:00+00:00,0.0
3491,2013-11-28 22:00:00+00:00,0.0
3491,2013-11-28 22:30:00+00:00,0.0
3491,2013-11-28 23:00:00+00:00,0.0
3491,2013-11-28 23:30:00+00:00,0.0
3491,2013-11-29 00:00:00+00:00,0.0
3491,2013-11-29 00:30:00+00:00,0.0
3491,2013-11-29 01:00:00+00:00,0.0
3491,2013-11-29 01:30:00+00:00,0.0
3491,2013-11-29 02:00:00+00:00,0.0
3491,2013-11-29 02:30:00+00:00,0.0
3491,2013-11-29 03:00:00+00:00,0.0
3491,2013-11-29 03:30:00+00:00,0.0
3491,2013-11-29 04:00:00+00:00,0.0
3491,2013-11-29 04:30:00+00:00,0.0
3491,2013-11-29 05:00:00+00:00,0.0
3491,2013-11-29 05:30:00+00:00,0.0
3491,2013-11-29 06:00:00+00:00,0.0
3491,2013-11-29 06:30:00+00:00,0.0
3491,2013-11-29 07:00:00+00:00,0.0
3491,2013-11-29 07:30:00+00:00,0.0
3491,2013-11-29 08:00:00+00:00,0.0
3491,2013-11-29 08:30:00+00:00,0.0
3491,2013-11-29 09:00:00+00:00,17.14
3491,2013-11-29 09:30:00+00:00,42.19
3491,2013-11-29 10:00:00+00:00,86.78
3491,2013-11-29 10:30:00+00:00,94.53
3491,2013-11-29 11:00:00+00:00,129.54
3491,2013-11-29 11:30:00+00:00,147.4
3491,2013-11-29 12:00:00+00:00,229.02
3491,2013-11-29 12:30:00+00:00,128.6
3491,2013-11-29 13:00:00+00:00,125.23
3491,2013-11-29 13:30:00+00:00,51.89
3491,2013-11-29 14:00:00+00:00,6.91
3491,2013-11-29 14:30:00+00:00,0.0
3491,2013-11-29 15:00:00+00:00,3.3
3491,2013-11-29 15:30:00+00:00,7.62
3491,2013-11-29 16:00:00+00:00,0.0
3491,2013-11-29 16:30:00+00:00,0.0
3491,2013-11-29 17:00:00+00:00,0.0
3491,2013-11-29 17:30:00+00:00,0.0
3491,2013-11-29 18:00:00+00:00,0.0
3491,2013-11-29 18:30:00+00:00,0.0
3491,2013-11-29 19:00:00+00:00,0.0
3491,2013-11-29 19:30:00+00:00,0.0
3491,2013-11-29 20:00:00+00:00,0.0
3491,2013-11-29 20:30:00+00:00,0.0
3491,2013-11-29 21:00:00+00:00,0.0
3491,2013-11-29 21:30:00+00:00,0.0
3491,2013-11-29 22:00:00+00:00,0.0
3491,2013-11-29 22:30:00+00:00,0.0
3491,2013-11-29 23:00:00+00:00,0.0
3491,2013-11-29 23:30:00+00:00,0.0
3491,2013-11-30 00:00:00+00:00,0.0
3491,2013-11-30 00:30:00+00:00,0.0
3491,2013-11-30 01:00:00+00:00,0.0
3491,2013-11-30 01:30:00+00:00,0.0
3491,2013-11-30 02:00:00+00:00,0.0
3491,2013-11-30 02:30:00+00:00,0.0
3491,2013-11-30 03:00:00+00:00,0.0
3491,2013-11-30 03:30:00+00:00,0.0
3491,2013-11-30 04:00:00+00:00,0.0
3491,2013-11-30 04:30:00+00:00,0.0
3491,2013-11-30 05:00:00+00:00,0.0
3491,2013-11-30 05:30:00+00:00,0.0
3491,2013-11-30 06:00:00+00:00,0.0
3491,2013-11-30 06:30:00+00:00,0.0
3491,2013-11-30 07:00:00+00:00,0.0
3491,2013-11-30 07:30:00+00:00,0.0
3491,2013-11-30 08:00:00+00:00,0.0
3491,2013-11-30 08:30:00+00:00,12.89
3491,2013-11-30 09:00:00+00:00,37.69
3491,2013-11-30 09:30:00+00:00,161.89
3491,2013-11-30 10:00:00+00:00,54.54
3491,2013-11-30 10:30:00+00:00,28.3
3491,2013-11-30 11:00:00+00:00,39.61
3491,2013-11-30 11:30:00+00:00,34.75
3491,2013-11-30 12:00:00+00:00,49.9
3491,2013-11-30 12:30:00+00:00,92.91
3491,2013-11-30 13:00:00+00:00,183.17
3491,2013-11-30 13:30:00+00:00,123.05
3491,2013-11-30 14:00:00+00:00,92.88
3491,2013-11-30 14:30:00+00:00,31.99
3491,2013-11-30 15:00:00+00:00,30.96
3491,2013-11-30 15:30:00+00:00,3.33
3491,2013-11-30 16:00:00+00:00,0.0
3491,2013-11-30 16:30:00+00:00,0.0
3491,2013-11-30 17:00:00+00:00,0.0
3491,2013-11-30 17:30:00+00:00,0.0
3491,2013-11-30 18:00:00+00:00,0.0
3491,2013-11-30 18:30:00+00:00,0.0
3491,2013-11-30 19:00:00+00:00,0.0
3491,2013-11-30 19:30:00+00:00,0.0
3491,2013-11-30 20:00:00+00:00,0.0
3491,2013-11-30 20:30:00+00:00,0.0
3491,2013-11-30 21:00:00+00:00,0.0
3491,2013-11-30 21:30:00+00:00,0.0
3491,2013-11-30 22:00:00+00:00,0.0
3491,2013-11-30 22:30:00+00:00,0.0
3491,2013-11-30 23:00:00+00:00,0.0
3491,2013-11-30 23:30:00+00:00,0.0
3491,2013-12-01 00:30:00+00:00,0.0
3491,2013-12-01 01:00:00+00:00,0.0
3491,2013-12-01 01:30:00+00:00,0.0
3491,2013-12-01 02:00:00+00:00,0.0
3491,2013-12-01 02:30:00+00:00,0.0
3491,2013-12-01 03:00:00+00:00,0.0
3491,2013-12-01 03:30:00+00:00,0.0
3491,2013-12-01 04:00:00+00:00,0.0
3491,2013-12-01 04:30:00+00:00,0.0
3491,2013-12-01 05:00:00+00:00,0.0
3491,2013-12-01 05:30:00+00:00,0.0
3491,2013-12-01 06:00:00+00:00,0.0
3491,2013-12-01 06:30:00+00:00,0.0
3491,2013-12-01 07:00:00+00:00,0.0
3491,2013-12-01 07:30:00+00:00,0.0
3491,2013-12-01 08:00:00+00:00,0.0
3491,2013-12-01 08:30:00+00:00,0.0
3491,2013-12-01 09:00:00+00:00,0.0
3491,2013-12-01 09:30:00+00:00,9.02
3491,2013-12-01 10:00:00+00:00,34.03
3491,2013-12-01 10:30:00+00:00,42.93
3491,2013-12-01 11:00:00+00:00,54.31
3491,2013-12-01 11:30:00+00:00,64.38
3491,2013-12-01 12:00:00+00:00,85.48
3491,2013-12-01 12:30:00+00:00,89.67
3491,2013-12-01 13:00:00+00:00,89.04
3491,2013-12-01 13:30:00+00:00,83.82
3491,2013-12-01 14:00:00+00:00,139.1
3491,2013-12-01 14:30:00+00:00,80.37
3491,2013-12-01 15:00:00+00:00,39.9
3491,2013-12-01 15:30:00+00:00,11.23
3491,2013-12-01 16:00:00+00:00,0.0
3491,2013-12-01 16:30:00+00:00,0.0
3491,2013-12-01 17:00:00+00:00,0.0
3491,2013-12-01 17:30:00+00:00,0.0
3491,2013-12-01 18:00:00+00:00,0.0
3491,2013-12-01 18:30:00+00:00,0.0
3491,2013-12-01 19:00:00+00:00,0.0
3491,2013-12-01 19:30:00+00:00,0.0
3491,2013-12-01 20:00:00+00:00,0.0
3491,2013-12-01 20:30:00+00:00,0.0
3491,2013-12-01 21:00:00+00:00,0.0
3491,2013-12-01 21:30:00+00:00,0.0
3491,2013-12-01 22:00:00+00:00,0.0
3491,2013-12-01 22:30:00+00:00,0.0
3491,2013-12-01 23:00:00+00:00,0.0
3491,2013-12-01 23:30:00+00:00,0.0
3491,2013-12-02 00:00:00+00:00,0.0
3491,2013-12-02 00:30:00+00:00,0.0
3491,2013-12-02 01:00:00+00:00,0.0
3491,2013-12-02 01:30:00+00:00,0.0
3491,2013-12-02 02:00:00+00:00,0.0
3491,2013-12-02 02:30:00+00:00,0.0
3491,2013-12-02 03:00:00+00:00,0.0
3491,2013-12-02 03:30:00+00:00,0.0
3491,2013-12-02 04:00:00+00:00,0.0
3491,2013-12-02 04:30:00+00:00,0.0
3491,2013-12-02 05:00:00+00:00,0.0
3491,2013-12-02 05:30:00+00:00,0.0
3491,2013-12-02 06:00:00+00:00,0.0
3491,2013-12-02 06:30:00+00:00,0.0
3491,2013-12-02 07:00:00+00:00,0.0
3491,2013-12-02 07:30:00+00:00,0.0
3491,2013-12-02 08:00:00+00:00,0.0
3491,2013-12-02 08:30:00+00:00,0.0
3491,2013-12-02 09:00:00+00:00,0.16
3491,2013-12-02 09:30:00+00:00,27.98
3491,2013-12-02 10:00:00+00:00,33.76
3491,2013-12-02 10:30:00+00:00,30.38
3491,2013-12-02 11:00:00+00:00,34.98
3491,2013-12-02 11:30:00+00:00,42.51
3491,2013-12-02 12:00:00+00:00,55.91
3491,2013-12-02 12:30:00+00:00,58.07
3491,2013-12-02 13:00:00+00:00,43.57
3491,2013-12-02 13:30:00+00:00,41.07
3491,2013-12-02 14:00:00+00:00,51.7
3491,2013-12-02 14:30:00+00:00,44.07
3491,2013-12-02 15:00:00+00:00,34.01
3491,2013-12-02 15:30:00+00:00,8.89
3491,2013-12-02 16:00:00+00:00,0.0
3491,2013-12-02 16:30:00+00:00,0.0
3491,2013-12-02 17:00:00+00:00,0.0
3491,2013-12-02 17:30:00+00:00,0.0
3491,2013-12-02 18:00:00+00:00,0.0
3491,2013-12-02 18:30:00+00:00,0.0
3491,2013-12-02 19:00:00+00:00,0.0
3491,2013-12-02 19:30:00+00:00,0.0
3491,2013-12-02 20:00:00+00:00,0.0
3491,2013-12-02 20:30:00+00:00,0.0
3491,2013-12-02 21:00:00+00:00,0.0
3491,2013-12-02 21:30:00+00:00,0.0
3491,2013-12-02 22:00:00+00:00,0.0
3491,2013-12-02 22:30:00+00:00,0.0
3491,2013-12-02 23:00:00+00:00,0.0
3491,2013-12-02 23:30:00+00:00,0.0
3491,2013-12-03 00:00:00+00:00,0.0
3491,2013-12-03 00:30:00+00:00,0.0
3491,2013-12-03 01:00:00+00:00,0.0
3491,2013-12-03 01:30:00+00:00,0.0
3491,2013-12-03 02:00:00+00:00,0.0
3491,2013-12-03 02:30:00+00:00,0.0
3491,2013-12-03 03:00:00+00:00,0.0
3491,2013-12-03 03:30:00+00:00,0.0
3491,2013-12-03 04:00:00+00:00,0.0
3491,2013-12-03 04:30:00+00:00,0.0
3491,2013-12-03 05:00:00+00:00,0.0
3491,2013-12-03 05:30:00+00:00,0.0
3491,2013-12-03 06:00:00+00:00,0.0
3491,2013-12-03 06:30:00+00:00,0.0
3491,2013-12-03 07:00:00+00:00,0.0
3491,2013-12-03 07:30:00+00:00,0.0
3491,2013-12-03 08:00:00+00:00,0.0
3491,2013-12-03 08:30:00+00:00,0.0
3491,2013-12-03 09:00:00+00:00,2.32
3491,2013-12-03 09:30:00+00:00,18.24
3491,2013-12-03 10:00:00+00:00,25.72
3491,2013-12-03 10:30:00+00:00,38.19
3491,2013-12-03 11:00:00+00:00,93.97
3491,2013-12-03 11:30:00+00:00,114.43
3491,2013-12-03 12:00:00+00:00,82.06
3491,2013-12-03 12:30:00+00:00,62.77
3491,2013-12-03 13:00:00+00:00,55.04
3491,2013-12-03 13:30:00+00:00,44.04
3491,2013-12-03 14:00:00+00:00,24.72
3491,2013-12-03 14:30:00+00:00,12.98
3491,2013-12-03 15:00:00+00:00,6.42
3491,2013-12-03 15:30:00+00:00,0.0
3491,2013-12-03 16:00:00+00:00,0.0
3491,2013-12-03 16:30:00+00:00,0.0
3491,2013-12-03 17:00:00+00:00,0.0
3491,2013-12-03 17:30:00+00:00,0.0
3491,2013-12-03 18:00:00+00:00,0.0
3491,2013-12-03 18:30:00+00:00,0.0
3491,2013-12-03 19:00:00+00:00,0.0
3491,2013-12-03 19:30:00+00:00,0.0
3491,2013-12-03 20:00:00+00:00,0.0
3491,2013-12-03 20:30:00+00:00,0.0
3491,2013-12-03 21:00:00+00:00,0.0
3491,2013-12-03 21:30:00+00:00,0.0
3491,2013-12-03 22:00:00+00:00,0.0
3491,2013-12-03 22:30:00+00:00,0.0
3491,2013-12-03 23:00:00+00:00,0.0
3491,2013-12-03 23:30:00+00:00,0.0
3491,2013-12-04 00:00:00+00:00,0.0
3491,2013-12-04 00:30:00+00:00,0.0
3491,2013-12-04 01:00:00+00:00,0.0
3491,2013-12-04 01:30:00+00:00,0.0
3491,2013-12-04 02:00:00+00:00,0.0
3491,2013-12-04 02:30:00+00:00,0.0
3491,2013-12-04 03:00:00+00:00,0.0
3491,2013-12-04 03:30:00+00:00,0.0
3491,2013-12-04 04:00:00+00:00,0.0
3491,2013-12-04 04:30:00+00:00,0.0
3491,2013-12-04 05:00:00+00:00,0.0
3491,2013-12-04 05:30:00+00:00,0.0
3491,2013-12-04 06:00:00+00:00,0.0
3491,2013-12-04 06:30:00+00:00,0.0
3491,2013-12-04 07:00:00+00:00,0.0
3491,2013-12-04 07:30:00+00:00,0.0
3491,2013-12-04 08:00:00+00:00,0.0
3491,2013-12-04 08:30:00+00:00,4.44
3491,2013-12-04 09:00:00+00:00,40.41
3491,2013-12-04 09:30:00+00:00,65.3
3491,2013-12-04 10:00:00+00:00,21.89
3491,2013-12-04 10:30:00+00:00,61.11
3491,2013-12-04 11:00:00+00:00,121.82
3491,2013-12-04 11:30:00+00:00,27.26
3491,2013-12-04 12:00:00+00:00,54.84
3491,2013-12-04 12:30:00+00:00,66.6
3491,2013-12-04 13:00:00+00:00,81.33
3491,2013-12-04 13:30:00+00:00,88.41
3491,2013-12-04 14:00:00+00:00,54.27
3491,2013-12-04 14:30:00+00:00,55.78
3491,2013-12-04 15:00:00+00:00,35.44
3491,2013-12-04 15:30:00+00:00,11.24
3491,2013-12-04 16:00:00+00:00,0.0
3491,2013-12-04 16:30:00+00:00,0.0
3491,2013-12-04 17:00:00+00:00,0.0
3491,2013-12-04 17:30:00+00:00,0.0
3491,2013-12-04 18:00:00+00:00,0.0
3491,2013-12-04 18:30:00+00:00,0.0
3491,2013-12-04 19:00:00+00:00,0.0
3491,2013-12-04 19:30:00+00:00,0.0
3491,2013-12-04 20:00:00+00:00,0.0
3491,2013-12-04 20:30:00+00:00,0.0
3491,2013-12-04 21:00:00+00:00,0.0
3491,2013-12-04 21:30:00+00:00,0.0
3491,2013-12-04 22:00:00+00:00,0.0
3491,2013-12-04 22:30:00+00:00,0.0
3491,2013-12-04 23:00:00+00:00,0.0
3491,2013-12-04 23:30:00+00:00,0.0
3491,2013-12-05 00:00:00+00:00,0.0
3491,2013-12-05 00:30:00+00:00,0.0
3491,2013-12-05 01:00:00+00:00,0.0
3491,2013-12-05 01:30:00+00:00,0.0
3491,2013-12-05 02:00:00+00:00,0.0
3491,2013-12-05 02:30:00+00:00,0.0
3491,2013-12-05 03:00:00+00:00,0.0
3491,2013-12-05 03:30:00+00:00,0.0
3491,2013-12-05 04:00:00+00:00,0.0
3491,2013-12-05 04:30:00+00:00,0.0
3491,2013-12-05 05:00:00+00:00,0.0
3491,2013-12-05 05:30:00+00:00,0.0
3491,2013-12-05 06:00:00+00:00,0.0
3491,2013-12-05 06:30:00+00:00,0.0
3491,2013-12-05 07:00:00+00:00,0.0
3491,2013-12-05 07:30:00+00:00,0.0
3491,2013-12-05 08:00:00+00:00,0.0
3491,2013-12-05 08:30:00+00:00,7.84
3491,2013-12-05 09:00:00+00:00,30.36
3491,2013-12-05 09:30:00+00:00,56.98
3491,2013-12-05 10:00:00+00:00,112.83
3491,2013-12-05 10:30:00+00:00,150.99
3491,2013-12-05 11:00:00+00:00,143.36
3491,2013-12-05 11:30:00+00:00,262.34
3491,2013-12-05 12:00:00+00:00,615.55
3491,2013-12-05 12:30:00+00:00,394.07
3491,2013-12-05 13:00:00+00:00,92.42
3491,2013-12-05 13:30:00+00:00,97.93
3491,2013-12-05 14:00:00+00:00,125.86
3491,2013-12-05 14:30:00+00:00,76.15
3491,2013-12-05 15:00:00+00:00,29.93
3491,2013-12-05 15:30:00+00:00,0.12
3491,2013-12-05 16:00:00+00:00,0.0
3491,2013-12-05 16:30:00+00:00,0.0
3491,2013-12-05 17:00:00+00:00,0.0
3491,2013-12-05 17:30:00+00:00,0.0
3491,2013-12-05 18:00:00+00:00,0.0
3491,2013-12-05 18:30:00+00:00,0.0
3491,2013-12-05 19:00:00+00:00,0.0
3491,2013-12-05 19:30:00+00:00,0.0
3491,2013-12-05 20:00:00+00:00,0.0
3491,2013-12-05 20:30:00+00:00,0.0
3491,2013-12-05 21:00:00+00:00,0.0
3491,2013-12-05 21:30:00+00:00,0.0
3491,2013-12-05 22:00:00+00:00,0.0
3491,2013-12-05 22:30:00+00:00,0.0
3491,2013-12-05 23:00:00+00:00,0.0
3491,2013-12-05 23:30:00+00:00,0.0
3491,2013-12-06 00:00:00+00:00,0.0
3491,2013-12-06 00:30:00+00:00,0.0
3491,2013-12-06 01:00:00+00:00,0.0
3491,2013-12-06 01:30:00+00:00,0.0
3491,2013-12-06 02:00:00+00:00,0.0
3491,2013-12-06 02:30:00+00:00,0.0
3491,2013-12-06 03:00:00+00:00,0.0
3491,2013-12-06 03:30:00+00:00,0.0
3491,2013-12-06 04:00:00+00:00,0.0
3491,2013-12-06 04:30:00+00:00,0.0
3491,2013-12-06 05:00:00+00:00,0.0
3491,2013-12-06 05:30:00+00:00,0.0
3491,2013-12-06 06:00:00+00:00,0.0
3491,2013-12-06 06:30:00+00:00,0.0
3491,2013-12-06 07:00:00+00:00,0.0
3491,2013-12-06 07:30:00+00:00,0.0
3491,2013-12-06 08:00:00+00:00,0.0
3491,2013-12-06 08:30:00+00:00,51.55
3491,2013-12-06 09:00:00+00:00,75.85
3491,2013-12-06 09:30:00+00:00,130.86
3491,2013-12-06 10:00:00+00:00,73.3
3491,2013-12-06 10:30:00+00:00,126.86
3491,2013-12-06 11:00:00+00:00,334.28
3491,2013-12-06 11:30:00+00:00,593.9
3491,2013-12-06 12:00:00+00:00,126.46
3491,2013-12-06 12:30:00+00:00,93.77
3491,2013-12-06 13:00:00+00:00,156.39
3491,2013-12-06 13:30:00+00:00,62.44
3491,2013-12-06 14:00:00+00:00,40.87
3491,2013-12-06 14:30:00+00:00,26.89
3491,2013-12-06 15:00:00+00:00,23.59
3491,2013-12-06 15:30:00+00:00,19.4
3491,2013-12-06 16:00:00+00:00,0.26
3491,2013-12-06 16:30:00+00:00,0.0
3491,2013-12-06 17:00:00+00:00,0.0
3491,2013-12-06 17:30:00+00:00,0.0
3491,2013-12-06 18:00:00+00:00,0.0
3491,2013-12-06 18:30:00+00:00,0.0
3491,2013-12-06 19:00:00+00:00,0.0
3491,2013-12-06 19:30:00+00:00,0.0
3491,2013-12-06 20:00:00+00:00,0.0
3491,2013-12-06 20:30:00+00:00,0.0
3491,2013-12-06 21:00:00+00:00,0.0
3491,2013-12-06 21:30:00+00:00,0.0
3491,2013-12-06 22:00:00+00:00,0.0
3491,2013-12-06 22:30:00+00:00,0.0
3491,2013-12-06 23:00:00+00:00,0.0
3491,2013-12-06 23:30:00+00:00,0.0
3491,2013-12-07 00:00:00+00:00,0.0
3491,2013-12-07 00:30:00+00:00,0.0
3491,2013-12-07 01:00:00+00:00,0.0
3491,2013-12-07 01:30:00+00:00,0.0
3491,2013-12-07 02:00:00+00:00,0.0
3491,2013-12-07 02:30:00+00:00,0.0
3491,2013-12-07 03:00:00+00:00,0.0
3491,2013-12-07 03:30:00+00:00,0.0
3491,2013-12-07 04:00:00+00:00,0.0
3491,2013-12-07 04:30:00+00:00,0.0
3491,2013-12-07 05:00:00+00:00,0.0
3491,2013-12-07 05:30:00+00:00,0.0
3491,2013-12-07 06:00:00+00:00,0.0
3491,2013-12-07 06:30:00+00:00,0.0
3491,2013-12-07 07:00:00+00:00,0.0
3491,2013-12-07 07:30:00+00:00,0.0
3491,2013-12-07 08:00:00+00:00,0.0
3491,2013-12-07 08:30:00+00:00,0.0
3491,2013-12-07 09:00:00+00:00,11.25
3491,2013-12-07 09:30:00+00:00,27.05
3491,2013-12-07 10:00:00+00:00,30.65
3491,2013-12-07 10:30:00+00:00,46.01
3491,2013-12-07 11:00:00+00:00,50.92
3491,2013-12-07 11:30:00+00:00,56.25
3491,2013-12-07 12:00:00+00:00,79.59
3491,2013-12-07 12:30:00+00:00,69.31
3491,2013-12-07 13:00:00+00:00,91.95
3491,2013-12-07 13:30:00+00:00,62.45
3491,2013-12-07 14:00:00+00:00,39.31
3491,2013-12-07 14:30:00+00:00,26.99
3491,2013-12-07 15:00:00+00:00,13.47
3491,2013-12-07 15:30:00+00:00,2.36
3491,2013-12-07 16:00:00+00:00,0.0
3491,2013-12-07 16:30:00+00:00,0.0
3491,2013-12-07 17:00:00+00:00,0.0
3491,2013-12-07 17:30:00+00:00,0.0
3491,2013-12-07 18:00:00+00:00,0.0
3491,2013-12-07 18:30:00+00:00,0.0
3491,2013-12-07 19:00:00+00:00,0.0
3491,2013-12-07 19:30:00+00:00,0.0
3491,2013-12-07 20:00:00+00:00,0.0
3491,2013-12-07 20:30:00+00:00,0.0
3491,2013-12-07 21:00:00+00:00,0.0
3491,2013-12-07 21:30:00+00:00,0.0
3491,2013-12-07 22:00:00+00:00,0.0
3491,2013-12-07 22:30:00+00:00,0.0
3491,2013-12-07 23:00:00+00:00,0.0
3491,2013-12-07 23:30:00+00:00,0.0
3491,2013-12-08 00:00:00+00:00,0.0
3491,2013-12-08 00:30:00+00:00,0.0
3491,2013-12-08 01:00:00+00:00,0.0
3491,2013-12-08 01:30:00+00:00,0.0
3491,2013-12-08 02:00:00+00:00,0.0
3491,2013-12-08 02:30:00+00:00,0.0
3491,2013-12-08 03:00:00+00:00,0.0
3491,2013-12-08 03:30:00+00:00,0.0
3491,2013-12-08 04:00:00+00:00,0.0
3491,2013-12-08 04:30:00+00:00,0.0
3491,2013-12-08 05:00:00+00:00,0.0
3491,2013-12-08 05:30:00+00:00,0.0
3491,2013-12-08 06:00:00+00:00,0.0
3491,2013-12-08 06:30:00+00:00,0.0
3491,2013-12-08 07:00:00+00:00,0.0
3491,2013-12-08 07:30:00+00:00,0.0
3491,2013-12-08 08:00:00+00:00,0.0
3491,2013-12-08 08:30:00+00:00,38.9
3491,2013-12-08 09:00:00+00:00,236.87
3491,2013-12-08 09:30:00+00:00,210.23
3491,2013-12-08 10:00:00+00:00,453.96
3491,2013-12-08 10:30:00+00:00,173.3
3491,2013-12-08 11:00:00+00:00,594.4
3491,2013-12-08 11:30:00+00:00,667.75
3491,2013-12-08 12:00:00+00:00,493.39
3491,2013-12-08 12:30:00+00:00,313.18
3491,2013-12-08 13:00:00+00:00,439.48
3491,2013-12-08 13:30:00+00:00,174.25
3491,2013-12-08 14:00:00+00:00,59.77
3491,2013-12-08 14:30:00+00:00,78.72
3491,2013-12-08 15:00:00+00:00,43.53
3491,2013-12-08 15:30:00+00:00,20.3
3491,2013-12-08 16:00:00+00:00,0.71
3491,2013-12-08 16:30:00+00:00,0.0
3491,2013-12-08 17:00:00+00:00,0.0
3491,2013-12-08 17:30:00+00:00,0.0
3491,2013-12-08 18:00:00+00:00,0.0
3491,2013-12-08 18:30:00+00:00,0.0
3491,2013-12-08 19:00:00+00:00,0.0
3491,2013-12-08 19:30:00+00:00,0.0
3491,2013-12-08 20:00:00+00:00,0.0
3491,2013-12-08 20:30:00+00:00,0.0
3491,2013-12-08 21:00:00+00:00,0.0
3491,2013-12-08 21:30:00+00:00,0.0
3491,2013-12-08 22:00:00+00:00,0.0
3491,2013-12-08 22:30:00+00:00,0.0
3491,2013-12-08 23:00:00+00:00,0.0
3491,2013-12-08 23:30:00+00:00,0.0
3491,2013-12-09 00:00:00+00:00,0.0
3491,2013-12-09 00:30:00+00:00,0.0
3491,2013-12-09 01:00:00+00:00,0.0
3491,2013-12-09 01:30:00+00:00,0.0
3491,2013-12-09 02:00:00+00:00,0.0
3491,2013-12-09 02:30:00+00:00,0.0
3491,2013-12-09 03:00:00+00:00,0.0
3491,2013-12-09 03:30:00+00:00,0.0
3491,2013-12-09 04:00:00+00:00,0.0
3491,2013-12-09 04:30:00+00:00,0.0
3491,2013-12-09 05:00:00+00:00,0.0
3491,2013-12-09 05:30:00+00:00,0.0
3491,2013-12-09 06:00:00+00:00,0.0
3491,2013-12-09 06:30:00+00:00,0.0
3491,2013-12-09 07:00:00+00:00,0.0
3491,2013-12-09 07:30:00+00:00,0.0
3491,2013-12-09 08:00:00+00:00,0.0
3491,2013-12-09 08:30:00+00:00,15.24
3491,2013-12-09 09:00:00+00:00,72.35
3491,2013-12-09 09:30:00+00:00,146.68
3491,2013-12-09 10:00:00+00:00,255.79
3491,2013-12-09 10:30:00+00:00,359.14
3491,2013-12-09 11:00:00+00:00,398.81
3491,2013-12-09 11:30:00+00:00,451.74
3491,2013-12-09 12:00:00+00:00,412.01
3491,2013-12-09 12:30:00+00:00,368.81
3491,2013-12-09 13:00:00+00:00,238.05
3491,2013-12-09 13:30:00+00:00,207.05
3491,2013-12-09 14:00:00+00:00,135.79
3491,2013-12-09 14:30:00+00:00,118.59
3491,2013-12-09 15:00:00+00:00,68.25
3491,2013-12-09 15:30:00+00:00,30.28
3491,2013-12-09 16:00:00+00:00,0.97
3491,2013-12-09 16:30:00+00:00,0.0
3491,2013-12-09 17:00:00+00:00,0.0
3491,2013-12-09 17:30:00+00:00,0.0
3491,2013-12-09 18:00:00+00:00,0.0
3491,2013-12-09 18:30:00+00:00,0.0
3491,2013-12-09 19:00:00+00:00,0.0
3491,2013-12-09 19:30:00+00:00,0.0
3491,2013-12-09 20:00:00+00:00,0.0
3491,2013-12-09 20:30:00+00:00,0.0
3491,2013-12-09 21:00:00+00:00,0.0
3491,2013-12-09 21:30:00+00:00,0.0
3491,2013-12-09 22:00:00+00:00,0.0
3491,2013-12-09 22:30:00+00:00,0.0
3491,2013-12-09 23:00:00+00:00,0.0
3491,2013-12-09 23:30:00+00:00,0.0
3491,2013-12-10 00:00:00+00:00,0.0
3491,2013-12-10 00:30:00+00:00,0.0
3491,2013-12-10 01:00:00+00:00,0.0
3491,2013-12-10 01:30:00+00:00,0.0
3491,2013-12-10 02:00:00+00:00,0.0
3491,2013-12-10 02:30:00+00:00,0.0
3491,2013-12-10 03:00:00+00:00,0.0
3491,2013-12-10 03:30:00+00:00,0.0
3491,2013-12-10 04:00:00+00:00,0.0
3491,2013-12-10 04:30:00+00:00,0.0
3491,2013-12-10 05:00:00+00:00,0.0
3491,2013-12-10 05:30:00+00:00,0.0
3491,2013-12-10 06:00:00+00:00,0.0
3491,2013-12-10 06:30:00+00:00,0.0
3491,2013-12-10 07:00:00+00:00,0.0
3491,2013-12-10 07:30:00+00:00,0.0
3491,2013-12-10 08:00:00+00:00,0.0
3491,2013-12-10 08:30:00+00:00,16.35
3491,2013-12-10 09:00:00+00:00,188.04
3491,2013-12-10 09:30:00+00:00,386.55
3491,2013-12-10 10:00:00+00:00,386.32
3491,2013-12-10 10:30:00+00:00,568.45
3491,2013-12-10 11:00:00+00:00,700.0
3491,2013-12-10 11:30:00+00:00,672.4
3491,2013-12-10 12:00:00+00:00,552.85
3491,2013-12-10 12:30:00+00:00,488.65
3491,2013-12-10 13:00:00+00:00,281.6
3491,2013-12-10 13:30:00+00:00,157.05
3491,2013-12-10 14:00:00+00:00,69.13
3491,2013-12-10 14:30:00+00:00,41.98
3491,2013-12-10 15:00:00+00:00,41.62
3491,2013-12-10 15:30:00+00:00,15.31
3491,2013-12-10 16:00:00+00:00,0.0
3491,2013-12-10 16:30:00+00:00,0.0
3491,2013-12-10 17:00:00+00:00,0.0
3491,2013-12-10 17:30:00+00:00,0.0
3491,2013-12-10 18:00:00+00:00,0.0
3491,2013-12-10 18:30:00+00:00,0.0
3491,2013-12-10 19:00:00+00:00,0.0
3491,2013-12-10 19:30:00+00:00,0.0
3491,2013-12-10 20:00:00+00:00,0.0
3491,2013-12-10 20:30:00+00:00,0.0
3491,2013-12-10 21:00:00+00:00,0.0
3491,2013-12-10 21:30:00+00:00,0.0
3491,2013-12-10 22:00:00+00:00,0.0
3491,2013-12-10 22:30:00+00:00,0.0
3491,2013-12-10 23:00:00+00:00,0.0
3491,2013-12-10 23:30:00+00:00,0.0
3491,2013-12-11 00:00:00+00:00,0.0
3491,2013-12-11 00:30:00+00:00,0.0
3491,2013-12-11 01:00:00+00:00,0.0
3491,2013-12-11 01:30:00+00:00,0.0
3491,2013-12-11 02:00:00+00:00,0.0
3491,2013-12-11 02:30:00+00:00,0.0
3491,2013-12-11 03:00:00+00:00,0.0
3491,2013-12-11 03:30:00+00:00,0.0
3491,2013-12-11 04:00:00+00:00,0.0
3491,2013-12-11 04:30:00+00:00,0.0
3491,2013-12-11 05:00:00+00:00,0.0
3491,2013-12-11 05:30:00+00:00,0.0
3491,2013-12-11 06:00:00+00:00,0.0
3491,2013-12-11 06:30:00+00:00,0.0
3491,2013-12-11 07:00:00+00:00,0.0
3491,2013-12-11 07:30:00+00:00,0.0
3491,2013-12-11 08:00:00+00:00,0.0
3491,2013-12-11 08:30:00+00:00,0.36
3491,2013-12-11 09:00:00+00:00,33.9
3491,2013-12-11 09:30:00+00:00,93.51
3491,2013-12-11 10:00:00+00:00,153.03
3491,2013-12-11 10:30:00+00:00,185.54
3491,2013-12-11 11:00:00+00:00,199.4
3491,2013-12-11 11:30:00+00:00,236.7
3491,2013-12-11 12:00:00+00:00,438.55
3491,2013-12-11 12:30:00+00:00,535.6
3491,2013-12-11 13:00:00+00:00,297.67
3491,2013-12-11 13:30:00+00:00,139.44
3491,2013-12-11 14:00:00+00:00,67.38
3491,2013-12-11 14:30:00+00:00,35.89
3491,2013-12-11 15:00:00+00:00,21.12
3491,2013-12-11 15:30:00+00:00,1.14
3491,2013-12-11 16:00:00+00:00,0.0
3491,2013-12-11 16:30:00+00:00,0.0
3491,2013-12-11 17:00:00+00:00,0.0
3491,2013-12-11 17:30:00+00:00,0.0
3491,2013-12-11 18:00:00+00:00,0.0
3491,2013-12-11 18:30:00+00:00,0.0
3491,2013-12-11 19:00:00+00:00,0.0
3491,2013-12-11 19:30:00+00:00,0.0
3491,2013-12-11 20:00:00+00:00,0.0
3491,2013-12-11 20:30:00+00:00,0.0
3491,2013-12-11 21:00:00+00:00,0.0
3491,2013-12-11 21:30:00+00:00,0.0
3491,2013-12-11 22:00:00+00:00,0.0
3491,2013-12-11 22:30:00+00:00,0.0
3491,2013-12-11 23:00:00+00:00,0.0
3491,2013-12-11 23:30:00+00:00,0.0
3491,2013-12-12 00:00:00+00:00,0.0
3491,2013-12-12 00:30:00+00:00,0.0
3491,2013-12-12 01:00:00+00:00,0.0
3491,2013-12-12 01:30:00+00:00,0.0
3491,2013-12-12 02:00:00+00:00,0.0
3491,2013-12-12 02:30:00+00:00,0.0
3491,2013-12-12 03:00:00+00:00,0.0
3491,2013-12-12 03:30:00+00:00,0.0
3491,2013-12-12 04:00:00+00:00,0.0
3491,2013-12-12 04:30:00+00:00,0.0
3491,2013-12-12 05:00:00+00:00,0.0
3491,2013-12-12 05:30:00+00:00,0.0
3491,2013-12-12 06:00:00+00:00,0.0
3491,2013-12-12 06:30:00+00:00,0.0
3491,2013-12-12 07:00:00+00:00,0.0
3491,2013-12-12 07:30:00+00:00,0.0
3491,2013-12-12 08:00:00+00:00,0.0
3491,2013-12-12 08:30:00+00:00,25.31
3491,2013-12-12 09:00:00+00:00,164.22
3491,2013-12-12 09:30:00+00:00,358.94
3491,2013-12-12 10:00:00+00:00,386.02
3491,2013-12-12 10:30:00+00:00,610.0
3491,2013-12-12 11:00:00+00:00,373.35
3491,2013-12-12 11:30:00+00:00,183.81
3491,2013-12-12 12:00:00+00:00,180.56
3491,2013-12-12 12:30:00+00:00,218.09
3491,2013-12-12 13:00:00+00:00,208.71
3491,2013-12-12 13:30:00+00:00,195.97
3491,2013-12-12 14:00:00+00:00,134.23
3491,2013-12-12 14:30:00+00:00,56.82
3491,2013-12-12 15:00:00+00:00,24.87
3491,2013-12-12 15:30:00+00:00,11.64
3491,2013-12-12 16:00:00+00:00,0.57
3491,2013-12-12 16:30:00+00:00,0.0
3491,2013-12-12 17:00:00+00:00,0.0
3491,2013-12-12 17:30:00+00:00,0.0
3491,2013-12-12 18:00:00+00:00,0.0
3491,2013-12-12 18:30:00+00:00,0.0
3491,2013-12-12 19:00:00+00:00,0.0
3491,2013-12-12 19:30:00+00:00,0.0
3491,2013-12-12 20:00:00+00:00,0.0
3491,2013-12-12 20:30:00+00:00,0.0
3491,2013-12-12 21:00:00+00:00,0.0
3491,2013-12-12 21:30:00+00:00,0.0
3491,2013-12-12 22:00:00+00:00,0.0
3491,2013-12-12 22:30:00+00:00,0.0
3491,2013-12-12 23:00:00+00:00,0.0
3491,2013-12-12 23:30:00+00:00,0.0
3491,2013-12-13 00:00:00+00:00,0.0
3491,2013-12-13 00:30:00+00:00,0.0
3491,2013-12-13 01:00:00+00:00,0.0
3491,2013-12-13 01:30:00+00:00,0.0
3491,2013-12-13 02:00:00+00:00,0.0
3491,2013-12-13 02:30:00+00:00,0.0
3491,2013-12-13 03:00:00+00:00,0.0
3491,2013-12-13 03:30:00+00:00,0.0
3491,2013-12-13 04:00:00+00:00,0.0
3491,2013-12-13 04:30:00+00:00,0.0
3491,2013-12-13 05:00:00+00:00,0.0
3491,2013-12-13 05:30:00+00:00,0.0
3491,2013-12-13 06:00:00+00:00,0.0
3491,2013-12-13 06:30:00+00:00,0.0
3491,2013-12-13 07:00:00+00:00,0.0
3491,2013-12-13 07:30:00+00:00,0.0
3491,2013-12-13 08:00:00+00:00,0.0
3491,2013-12-13 08:30:00+00:00,0.0
3491,2013-12-13 09:00:00+00:00,0.0
3491,2013-12-13 09:30:00+00:00,0.0
3491,2013-12-13 10:00:00+00:00,1.78
3491,2013-12-13 10:30:00+00:00,14.92
3491,2013-12-13 11:00:00+00:00,30.03
3491,2013-12-13 11:30:00+00:00,38.77
3491,2013-12-13 12:00:00+00:00,35.22
3491,2013-12-13 12:30:00+00:00,30.17
3491,2013-12-13 13:00:00+00:00,28.63
3491,2013-12-13 13:30:00+00:00,28.03
3491,2013-12-13 14:00:00+00:00,26.4
3491,2013-12-13 14:30:00+00:00,15.57
3491,2013-12-13 15:00:00+00:00,0.1
3491,2013-12-13 15:30:00+00:00,0.0
3491,2013-12-13 16:00:00+00:00,0.0
3491,2013-12-13 16:30:00+00:00,0.0
3491,2013-12-13 17:00:00+00:00,0.0
3491,2013-12-13 17:30:00+00:00,0.0
3491,2013-12-13 18:00:00+00:00,0.0
3491,2013-12-13 18:30:00+00:00,0.0
3491,2013-12-13 19:00:00+00:00,0.0
3491,2013-12-13 19:30:00+00:00,0.0
3491,2013-12-13 20:00:00+00:00,0.0
3491,2013-12-13 20:30:00+00:00,0.0
3491,2013-12-13 21:00:00+00:00,0.0
3491,2013-12-13 21:30:00+00:00,0.0
3491,2013-12-13 22:00:00+00:00,0.0
3491,2013-12-13 22:30:00+00:00,0.0
3491,2013-12-13 23:00:00+00:00,0.0
3491,2013-12-13 23:30:00+00:00,0.0
3491,2013-12-14 00:00:00+00:00,0.0
3491,2013-12-14 00:30:00+00:00,0.0
3491,2013-12-14 01:00:00+00:00,0.0
3491,2013-12-14 01:30:00+00:00,0.0
3491,2013-12-14 02:00:00+00:00,0.0
3491,2013-12-14 02:30:00+00:00,0.0
3491,2013-12-14 03:00:00+00:00,0.0
3491,2013-12-14 03:30:00+00:00,0.0
3491,2013-12-14 04:00:00+00:00,0.0
3491,2013-12-14 04:30:00+00:00,0.0
3491,2013-12-14 05:00:00+00:00,0.0
3491,2013-12-14 05:30:00+00:00,0.0
3491,2013-12-14 06:00:00+00:00,0.0
3491,2013-12-14 06:30:00+00:00,0.0
3491,2013-12-14 07:00:00+00:00,0.0
3491,2013-12-14 07:30:00+00:00,0.0
3491,2013-12-14 08:00:00+00:00,0.0
3491,2013-12-14 08:30:00+00:00,32.07
3491,2013-12-14 09:00:00+00:00,128.76
3491,2013-12-14 09:30:00+00:00,472.94
3491,2013-12-14 10:00:00+00:00,636.1
3491,2013-12-14 10:30:00+00:00,501.1
3491,2013-12-14 11:00:00+00:00,635.4
3491,2013-12-14 11:30:00+00:00,720.35
3491,2013-12-14 12:00:00+00:00,602.5
3491,2013-12-14 12:30:00+00:00,306.0
3491,2013-12-14 13:00:00+00:00,243.4
3491,2013-12-14 13:30:00+00:00,109.62
3491,2013-12-14 14:00:00+00:00,64.88
3491,2013-12-14 14:30:00+00:00,55.18
3491,2013-12-14 15:00:00+00:00,13.27
3491,2013-12-14 15:30:00+00:00,2.82
3491,2013-12-14 16:00:00+00:00,0.0
3491,2013-12-14 16:30:00+00:00,0.0
3491,2013-12-14 17:00:00+00:00,0.0
3491,2013-12-14 17:30:00+00:00,0.0
3491,2013-12-14 18:00:00+00:00,0.0
3491,2013-12-14 18:30:00+00:00,0.0
3491,2013-12-14 19:00:00+00:00,0.0
3491,2013-12-14 19:30:00+00:00,0.0
3491,2013-12-14 20:00:00+00:00,0.0
3491,2013-12-14 20:30:00+00:00,0.0
3491,2013-12-14 21:00:00+00:00,0.0
3491,2013-12-14 21:30:00+00:00,0.0
3491,2013-12-14 22:00:00+00:00,0.0
3491,2013-12-14 22:30:00+00:00,0.0
3491,2013-12-14 23:00:00+00:00,0.0
3491,2013-12-14 23:30:00+00:00,0.0
3491,2013-12-15 00:00:00+00:00,0.0
3491,2013-12-15 00:30:00+00:00,0.0
3491,2013-12-15 01:00:00+00:00,0.0
3491,2013-12-15 01:30:00+00:00,0.0
3491,2013-12-15 02:00:00+00:00,0.0
3491,2013-12-15 02:30:00+00:00,0.0
3491,2013-12-15 03:00:00+00:00,0.0
3491,2013-12-15 03:30:00+00:00,0.0
3491,2013-12-15 04:00:00+00:00,0.0
3491,2013-12-15 04:30:00+00:00,0.0
3491,2013-12-15 05:00:00+00:00,0.0
3491,2013-12-15 05:30:00+00:00,0.0
3491,2013-12-15 06:00:00+00:00,0.0
3491,2013-12-15 06:30:00+00:00,0.0
3491,2013-12-15 07:00:00+00:00,0.0
3491,2013-12-15 07:30:00+00:00,0.0
3491,2013-12-15 08:00:00+00:00,0.0
3491,2013-12-15 08:30:00+00:00,23.94
3491,2013-12-15 09:00:00+00:00,149.34
3491,2013-12-15 09:30:00+00:00,169.66
3491,2013-12-15 10:00:00+00:00,28.06
3491,2013-12-15 10:30:00+00:00,76.24
3491,2013-12-15 11:00:00+00:00,39.37
3491,2013-12-15 11:30:00+00:00,59.91
3491,2013-12-15 12:00:00+00:00,60.25
3491,2013-12-15 12:30:00+00:00,60.56
3491,2013-12-15 13:00:00+00:00,49.36
3491,2013-12-15 13:30:00+00:00,42.11
3491,2013-12-15 14:00:00+00:00,72.94
3491,2013-12-15 14:30:00+00:00,96.99
3491,2013-12-15 15:00:00+00:00,4.7
3491,2013-12-15 15:30:00+00:00,0.0
3491,2013-12-15 16:00:00+00:00,0.0
3491,2013-12-15 16:30:00+00:00,0.0
3491,2013-12-15 17:00:00+00:00,0.0
3491,2013-12-15 17:30:00+00:00,0.0
3491,2013-12-15 18:00:00+00:00,0.0
3491,2013-12-15 18:30:00+00:00,0.0
3491,2013-12-15 19:00:00+00:00,0.0
3491,2013-12-15 19:30:00+00:00,0.0
3491,2013-12-15 20:00:00+00:00,0.0
3491,2013-12-15 20:30:00+00:00,0.0
3491,2013-12-15 21:00:00+00:00,0.0
3491,2013-12-15 21:30:00+00:00,0.0
3491,2013-12-15 22:00:00+00:00,0.0
3491,2013-12-15 22:30:00+00:00,0.0
3491,2013-12-15 23:00:00+00:00,0.0
3491,2013-12-15 23:30:00+00:00,0.0
3491,2013-12-16 00:00:00+00:00,0.0
3491,2013-12-16 00:30:00+00:00,0.0
3491,2013-12-16 01:00:00+00:00,0.0
3491,2013-12-16 01:30:00+00:00,0.0
3491,2013-12-16 02:00:00+00:00,0.0
3491,2013-12-16 02:30:00+00:00,0.0
3491,2013-12-16 03:00:00+00:00,0.0
3491,2013-12-16 03:30:00+00:00,0.0
3491,2013-12-16 04:00:00+00:00,0.0
3491,2013-12-16 04:30:00+00:00,0.0
3491,2013-12-16 05:00:00+00:00,0.0
3491,2013-12-16 05:30:00+00:00,0.0
3491,2013-12-16 06:00:00+00:00,0.0
3491,2013-12-16 06:30:00+00:00,0.0
3491,2013-12-16 07:00:00+00:00,0.0
3491,2013-12-16 07:30:00+00:00,0.0
3491,2013-12-16 08:00:00+00:00,0.0
3491,2013-12-16 08:30:00+00:00,1.56
3491,2013-12-16 09:00:00+00:00,9.61
3491,2013-12-16 09:30:00+00:00,8.41
3491,2013-12-16 10:00:00+00:00,32.22
3491,2013-12-16 10:30:00+00:00,49.2
3491,2013-12-16 11:00:00+00:00,132.8
3491,2013-12-16 11:30:00+00:00,67.1
3491,2013-12-16 12:00:00+00:00,41.56
3491,2013-12-16 12:30:00+00:00,36.64
3491,2013-12-16 13:00:00+00:00,68.02
3491,2013-12-16 13:30:00+00:00,87.39
3491,2013-12-16 14:00:00+00:00,48.8
3491,2013-12-16 14:30:00+00:00,9.94
3491,2013-12-16 15:00:00+00:00,0.0
3491,2013-12-16 15:30:00+00:00,0.0
3491,2013-12-16 16:00:00+00:00,0.0
3491,2013-12-16 16:30:00+00:00,0.0
3491,2013-12-16 17:00:00+00:00,0.0
3491,2013-12-16 17:30:00+00:00,0.0
3491,2013-12-16 18:00:00+00:00,0.0
3491,2013-12-16 18:30:00+00:00,0.0
3491,2013-12-16 19:00:00+00:00,0.0
3491,2013-12-16 19:30:00+00:00,0.0
3491,2013-12-16 20:00:00+00:00,0.0
3491,2013-12-16 20:30:00+00:00,0.0
3491,2013-12-16 21:00:00+00:00,0.0
3491,2013-12-16 21:30:00+00:00,0.0
3491,2013-12-16 22:00:00+00:00,0.0
3491,2013-12-16 22:30:00+00:00,0.0
3491,2013-12-16 23:00:00+00:00,0.0
3491,2013-12-16 23:30:00+00:00,0.0
3491,2013-12-17 00:00:00+00:00,0.0
3491,2013-12-17 00:30:00+00:00,0.0
3491,2013-12-17 01:00:00+00:00,0.0
3491,2013-12-17 01:30:00+00:00,0.0
3491,2013-12-17 02:00:00+00:00,0.0
3491,2013-12-17 02:30:00+00:00,0.0
3491,2013-12-17 03:00:00+00:00,0.0
3491,2013-12-17 03:30:00+00:00,0.0
3491,2013-12-17 04:00:00+00:00,0.0
3491,2013-12-17 04:30:00+00:00,0.0
3491,2013-12-17 05:00:00+00:00,0.0
3491,2013-12-17 05:30:00+00:00,0.0
3491,2013-12-17 06:00:00+00:00,0.0
3491,2013-12-17 06:30:00+00:00,0.0
3491,2013-12-17 07:00:00+00:00,0.0
3491,2013-12-17 07:30:00+00:00,0.0
3491,2013-12-17 08:00:00+00:00,0.0
3491,2013-12-17 08:30:00+00:00,0.0
3491,2013-12-17 09:00:00+00:00,0.0
3491,2013-12-17 09:30:00+00:00,3.69
3491,2013-12-17 10:00:00+00:00,36.62
3491,2013-12-17 10:30:00+00:00,33.96
3491,2013-12-17 11:00:00+00:00,97.9
3491,2013-12-17 11:30:00+00:00,60.22
3491,2013-12-17 12:00:00+00:00,49.82
3491,2013-12-17 12:30:00+00:00,43.03
3491,2013-12-17 13:00:00+00:00,35.24
3491,2013-12-17 13:30:00+00:00,50.9
3491,2013-12-17 14:00:00+00:00,39.57
3491,2013-12-17 14:30:00+00:00,15.48
3491,2013-12-17 15:00:00+00:00,10.6
3491,2013-12-17 15:30:00+00:00,0.0
3491,2013-12-17 16:00:00+00:00,0.0
3491,2013-12-17 16:30:00+00:00,0.0
3491,2013-12-17 17:00:00+00:00,0.0
3491,2013-12-17 17:30:00+00:00,0.0
3491,2013-12-17 18:00:00+00:00,0.0
3491,2013-12-17 18:30:00+00:00,0.0
3491,2013-12-17 19:00:00+00:00,0.0
3491,2013-12-17 19:30:00+00:00,0.0
3491,2013-12-17 20:00:00+00:00,0.0
3491,2013-12-17 20:30:00+00:00,0.0
3491,2013-12-17 21:00:00+00:00,0.0
3491,2013-12-17 21:30:00+00:00,0.0
3491,2013-12-17 22:00:00+00:00,0.0
3491,2013-12-17 22:30:00+00:00,0.0
3491,2013-12-17 23:00:00+00:00,0.0
3491,2013-12-17 23:30:00+00:00,0.0
3491,2013-12-18 00:00:00+00:00,0.0
3491,2013-12-18 00:30:00+00:00,0.0
3491,2013-12-18 01:00:00+00:00,0.0
3491,2013-12-18 01:30:00+00:00,0.0
3491,2013-12-18 02:00:00+00:00,0.0
3491,2013-12-18 02:30:00+00:00,0.0
3491,2013-12-18 03:00:00+00:00,0.0
3491,2013-12-18 03:30:00+00:00,0.0
3491,2013-12-18 04:00:00+00:00,0.0
3491,2013-12-18 04:30:00+00:00,0.0
3491,2013-12-18 05:00:00+00:00,0.0
3491,2013-12-18 05:30:00+00:00,0.0
3491,2013-12-18 06:00:00+00:00,0.0
3491,2013-12-18 06:30:00+00:00,0.0
3491,2013-12-18 07:00:00+00:00,0.0
3491,2013-12-18 07:30:00+00:00,0.0
3491,2013-12-18 08:00:00+00:00,0.0
3491,2013-12-18 08:30:00+00:00,0.0
3491,2013-12-18 09:00:00+00:00,136.13
3491,2013-12-18 09:30:00+00:00,440.04
3491,2013-12-18 10:00:00+00:00,123.46
3491,2013-12-18 10:30:00+00:00,455.16
3491,2013-12-18 11:00:00+00:00,399.39
3491,2013-12-18 11:30:00+00:00,560.3
3491,2013-12-18 12:00:00+00:00,632.3
3491,2013-12-18 12:30:00+00:00,401.79
3491,2013-12-18 13:00:00+00:00,287.12
3491,2013-12-18 13:30:00+00:00,52.29
3491,2013-12-18 14:00:00+00:00,33.66
3491,2013-12-18 14:30:00+00:00,48.48
3491,2013-12-18 15:00:00+00:00,4.97
3491,2013-12-18 15:30:00+00:00,0.0
3491,2013-12-18 16:00:00+00:00,0.0
3491,2013-12-18 16:30:00+00:00,0.0
3491,2013-12-18 17:00:00+00:00,0.0
3491,2013-12-18 17:30:00+00:00,0.0
3491,2013-12-18 18:00:00+00:00,0.0
3491,2013-12-18 18:30:00+00:00,0.0
3491,2013-12-18 19:00:00+00:00,0.0
3491,2013-12-18 19:30:00+00:00,0.0
3491,2013-12-18 20:00:00+00:00,0.0
3491,2013-12-18 20:30:00+00:00,0.0
3491,2013-12-18 21:00:00+00:00,0.0
3491,2013-12-18 21:30:00+00:00,0.0
3491,2013-12-18 22:00:00+00:00,0.0
3491,2013-12-18 22:30:00+00:00,0.0
3491,2013-12-18 23:00:00+00:00,0.0
3491,2013-12-18 23:30:00+00:00,0.0
3491,2013-12-19 00:00:00+00:00,0.0
3491,2013-12-19 00:30:00+00:00,0.0
3491,2013-12-19 01:00:00+00:00,0.0
3491,2013-12-19 01:30:00+00:00,0.0
3491,2013-12-19 02:00:00+00:00,0.0
3491,2013-12-19 02:30:00+00:00,0.0
3491,2013-12-19 03:00:00+00:00,0.0
3491,2013-12-19 03:30:00+00:00,0.0
3491,2013-12-19 04:00:00+00:00,0.0
3491,2013-12-19 04:30:00+00:00,0.0
3491,2013-12-19 05:00:00+00:00,0.0
3491,2013-12-19 05:30:00+00:00,0.0
3491,2013-12-19 06:00:00+00:00,0.0
3491,2013-12-19 06:30:00+00:00,0.0
3491,2013-12-19 07:00:00+00:00,0.0
3491,2013-12-19 07:30:00+00:00,0.0
3491,2013-12-19 08:00:00+00:00,0.0
3491,2013-12-19 08:30:00+00:00,8.07
3491,2013-12-19 09:00:00+00:00,128.93
3491,2013-12-19 09:30:00+00:00,318.65
3491,2013-12-19 10:00:00+00:00,678.05
3491,2013-12-19 10:30:00+00:00,780.05
3491,2013-12-19 11:00:00+00:00,688.2
3491,2013-12-19 11:30:00+00:00,783.3
3491,2013-12-19 12:00:00+00:00,648.1
3491,2013-12-19 12:30:00+00:00,538.65
3491,2013-12-19 13:00:00+00:00,328.61
3491,2013-12-19 13:30:00+00:00,164.0
3491,2013-12-19 14:00:00+00:00,110.97
3491,2013-12-19 14:30:00+00:00,140.46
3491,2013-12-19 15:00:00+00:00,40.78
3491,2013-12-19 15:30:00+00:00,5.88
3491,2013-12-19 16:00:00+00:00,0.0
3491,2013-12-19 16:30:00+00:00,0.0
3491,2013-12-19 17:00:00+00:00,0.0
3491,2013-12-19 17:30:00+00:00,0.0
3491,2013-12-19 18:00:00+00:00,0.0
3491,2013-12-19 18:30:00+00:00,0.0
3491,2013-12-19 19:00:00+00:00,0.0
3491,2013-12-19 19:30:00+00:00,0.0
3491,2013-12-19 20:00:00+00:00,0.0
3491,2013-12-19 20:30:00+00:00,0.0
3491,2013-12-19 21:00:00+00:00,0.0
3491,2013-12-19 21:30:00+00:00,0.0
3491,2013-12-19 22:00:00+00:00,0.0
3491,2013-12-19 22:30:00+00:00,0.0
3491,2013-12-19 23:00:00+00:00,0.0
3491,2013-12-19 23:30:00+00:00,0.0
3491,2013-12-20 00:00:00+00:00,0.0
3491,2013-12-20 00:30:00+00:00,0.0
3491,2013-12-20 01:00:00+00:00,0.0
3491,2013-12-20 01:30:00+00:00,0.0
3491,2013-12-20 02:00:00+00:00,0.0
3491,2013-12-20 02:30:00+00:00,0.0
3491,2013-12-20 03:00:00+00:00,0.0
3491,2013-12-20 03:30:00+00:00,0.0
3491,2013-12-20 04:00:00+00:00,0.0
3491,2013-12-20 04:30:00+00:00,0.0
3491,2013-12-20 05:00:00+00:00,0.0
3491,2013-12-20 05:30:00+00:00,0.0
3491,2013-12-20 06:00:00+00:00,0.0
3491,2013-12-20 06:30:00+00:00,0.0
3491,2013-12-20 07:00:00+00:00,0.0
3491,2013-12-20 07:30:00+00:00,0.0
3491,2013-12-20 08:00:00+00:00,0.0
3491,2013-12-20 08:30:00+00:00,9.08
3491,2013-12-20 09:00:00+00:00,127.53
3491,2013-12-20 09:30:00+00:00,483.03
3491,2013-12-20 10:00:00+00:00,612.15
3491,2013-12-20 10:30:00+00:00,710.75
3491,2013-12-20 11:00:00+00:00,762.3
3491,2013-12-20 11:30:00+00:00,756.3
3491,2013-12-20 12:00:00+00:00,636.05
3491,2013-12-20 12:30:00+00:00,535.3
3491,2013-12-20 13:00:00+00:00,335.89
3491,2013-12-20 13:30:00+00:00,157.13
3491,2013-12-20 14:00:00+00:00,84.7
3491,2013-12-20 14:30:00+00:00,62.65
3491,2013-12-20 15:00:00+00:00,56.3
3491,2013-12-20 15:30:00+00:00,22.51
3491,2013-12-20 16:00:00+00:00,0.0
3491,2013-12-20 16:30:00+00:00,0.0
3491,2013-12-20 17:00:00+00:00,0.0
3491,2013-12-20 17:30:00+00:00,0.0
3491,2013-12-20 18:00:00+00:00,0.0
3491,2013-12-20 18:30:00+00:00,0.0
3491,2013-12-20 19:00:00+00:00,0.0
3491,2013-12-20 19:30:00+00:00,0.0
3491,2013-12-20 20:00:00+00:00,0.0
3491,2013-12-20 20:30:00+00:00,0.0
3491,2013-12-20 21:00:00+00:00,0.0
3491,2013-12-20 21:30:00+00:00,0.0
3491,2013-12-20 22:00:00+00:00,0.0
3491,2013-12-20 22:30:00+00:00,0.0
3491,2013-12-20 23:00:00+00:00,0.0
3491,2013-12-20 23:30:00+00:00,0.0
3491,2013-12-21 00:00:00+00:00,0.0
3491,2013-12-21 00:30:00+00:00,0.0
3491,2013-12-21 01:00:00+00:00,0.0
3491,2013-12-21 01:30:00+00:00,0.0
3491,2013-12-21 02:00:00+00:00,0.0
3491,2013-12-21 02:30:00+00:00,0.0
3491,2013-12-21 03:00:00+00:00,0.0
3491,2013-12-21 03:30:00+00:00,0.0
3491,2013-12-21 04:00:00+00:00,0.0
3491,2013-12-21 04:30:00+00:00,0.0
3491,2013-12-21 05:00:00+00:00,0.0
3491,2013-12-21 05:30:00+00:00,0.0
3491,2013-12-21 06:00:00+00:00,0.0
3491,2013-12-21 06:30:00+00:00,0.0
3491,2013-12-21 07:00:00+00:00,0.0
3491,2013-12-21 07:30:00+00:00,0.0
3491,2013-12-21 08:00:00+00:00,0.0
3491,2013-12-21 08:30:00+00:00,0.0
3491,2013-12-21 09:00:00+00:00,10.28
3491,2013-12-21 09:30:00+00:00,0.56
3491,2013-12-21 10:00:00+00:00,10.01
3491,2013-12-21 10:30:00+00:00,14.27
3491,2013-12-21 11:00:00+00:00,8.51
3491,2013-12-21 11:30:00+00:00,46.95
3491,2013-12-21 12:00:00+00:00,100.42
3491,2013-12-21 12:30:00+00:00,10.63
3491,2013-12-21 13:00:00+00:00,6.01
3491,2013-12-21 13:30:00+00:00,18.93
3491,2013-12-21 14:00:00+00:00,48.0
3491,2013-12-21 14:30:00+00:00,27.04
3491,2013-12-21 15:00:00+00:00,10.92
3491,2013-12-21 15:30:00+00:00,0.76
3491,2013-12-21 16:00:00+00:00,0.0
3491,2013-12-21 16:30:00+00:00,0.0
3491,2013-12-21 17:00:00+00:00,0.0
3491,2013-12-21 17:30:00+00:00,0.0
3491,2013-12-21 18:00:00+00:00,0.0
3491,2013-12-21 18:30:00+00:00,0.0
3491,2013-12-21 19:00:00+00:00,0.0
3491,2013-12-21 19:30:00+00:00,0.0
3491,2013-12-21 20:00:00+00:00,0.0
3491,2013-12-21 20:30:00+00:00,0.0
3491,2013-12-21 21:00:00+00:00,0.0
3491,2013-12-21 21:30:00+00:00,0.0
3491,2013-12-21 22:00:00+00:00,0.0
3491,2013-12-21 22:30:00+00:00,0.0
3491,2013-12-21 23:00:00+00:00,0.0
3491,2013-12-21 23:30:00+00:00,0.0
3491,2013-12-22 00:00:00+00:00,0.0
3491,2013-12-22 00:30:00+00:00,0.0
3491,2013-12-22 01:00:00+00:00,0.0
3491,2013-12-22 01:30:00+00:00,0.0
3491,2013-12-22 02:00:00+00:00,0.0
3491,2013-12-22 02:30:00+00:00,0.0
3491,2013-12-22 03:00:00+00:00,0.0
3491,2013-12-22 03:30:00+00:00,0.0
3491,2013-12-22 04:00:00+00:00,0.0
3491,2013-12-22 04:30:00+00:00,0.0
3491,2013-12-22 05:00:00+00:00,0.0
3491,2013-12-22 05:30:00+00:00,0.0
3491,2013-12-22 06:00:00+00:00,0.0
3491,2013-12-22 06:30:00+00:00,0.0
3491,2013-12-22 07:00:00+00:00,0.0
3491,2013-12-22 07:30:00+00:00,0.0
3491,2013-12-22 08:00:00+00:00,0.0
3491,2013-12-22 08:30:00+00:00,0.0
3491,2013-12-22 09:00:00+00:00,1.04
3491,2013-12-22 09:30:00+00:00,20.47
3491,2013-12-22 10:00:00+00:00,73.86
3491,2013-12-22 10:30:00+00:00,69.17
3491,2013-12-22 11:00:00+00:00,145.43
3491,2013-12-22 11:30:00+00:00,729.3
3491,2013-12-22 12:00:00+00:00,646.6
3491,2013-12-22 12:30:00+00:00,412.85
3491,2013-12-22 13:00:00+00:00,361.02
3491,2013-12-22 13:30:00+00:00,236.3
3491,2013-12-22 14:00:00+00:00,153.91
3491,2013-12-22 14:30:00+00:00,61.34
3491,2013-12-22 15:00:00+00:00,43.78
3491,2013-12-22 15:30:00+00:00,11.72
3491,2013-12-22 16:00:00+00:00,0.0
3491,2013-12-22 16:30:00+00:00,0.0
3491,2013-12-22 17:00:00+00:00,0.0
3491,2013-12-22 17:30:00+00:00,0.0
3491,2013-12-22 18:00:00+00:00,0.0
3491,2013-12-22 18:30:00+00:00,0.0
3491,2013-12-22 19:00:00+00:00,0.0
3491,2013-12-22 19:30:00+00:00,0.0
3491,2013-12-22 20:00:00+00:00,0.0
3491,2013-12-22 20:30:00+00:00,0.0
3491,2013-12-22 21:00:00+00:00,0.0
3491,2013-12-22 21:30:00+00:00,0.0
3491,2013-12-22 22:00:00+00:00,0.0
3491,2013-12-22 22:30:00+00:00,0.0
3491,2013-12-22 23:00:00+00:00,0.0
3491,2013-12-22 23:30:00+00:00,0.0
3491,2013-12-23 00:00:00+00:00,0.0
3491,2013-12-23 00:30:00+00:00,0.0
3491,2013-12-23 01:00:00+00:00,0.0
3491,2013-12-23 01:30:00+00:00,0.0
3491,2013-12-23 02:00:00+00:00,0.0
3491,2013-12-23 02:30:00+00:00,0.0
3491,2013-12-23 03:00:00+00:00,0.0
3491,2013-12-23 03:30:00+00:00,0.0
3491,2013-12-23 04:00:00+00:00,0.0
3491,2013-12-23 04:30:00+00:00,0.0
3491,2013-12-23 05:00:00+00:00,0.0
3491,2013-12-23 05:30:00+00:00,0.0
3491,2013-12-23 06:00:00+00:00,0.0
3491,2013-12-23 06:30:00+00:00,0.0
3491,2013-12-23 07:00:00+00:00,0.0
3491,2013-12-23 07:30:00+00:00,0.0
3491,2013-12-23 08:00:00+00:00,0.0
3491,2013-12-23 08:30:00+00:00,0.0
3491,2013-12-23 09:00:00+00:00,0.0
3491,2013-12-23 09:30:00+00:00,9.07
3491,2013-12-23 10:00:00+00:00,18.17
3491,2013-12-23 10:30:00+00:00,15.67
3491,2013-12-23 11:00:00+00:00,64.85
3491,2013-12-23 11:30:00+00:00,71.79
3491,2013-12-23 12:00:00+00:00,60.72
3491,2013-12-23 12:30:00+00:00,42.17
3491,2013-12-23 13:00:00+00:00,29.79
3491,2013-12-23 13:30:00+00:00,31.93
3491,2013-12-23 14:00:00+00:00,13.25
3491,2013-12-23 14:30:00+00:00,15.62
3491,2013-12-23 15:00:00+00:00,0.52
3491,2013-12-23 15:30:00+00:00,0.0
3491,2013-12-23 16:00:00+00:00,0.0
3491,2013-12-23 16:30:00+00:00,0.0
3491,2013-12-23 17:00:00+00:00,0.0
3491,2013-12-23 17:30:00+00:00,0.0
3491,2013-12-23 18:00:00+00:00,0.0
3491,2013-12-23 18:30:00+00:00,0.0
3491,2013-12-23 19:00:00+00:00,0.0
3491,2013-12-23 19:30:00+00:00,0.0
3491,2013-12-23 20:00:00+00:00,0.0
3491,2013-12-23 20:30:00+00:00,0.0
3491,2013-12-23 21:00:00+00:00,0.0
3491,2013-12-23 21:30:00+00:00,0.0
3491,2013-12-23 22:00:00+00:00,0.0
3491,2013-12-23 22:30:00+00:00,0.0
3491,2013-12-23 23:00:00+00:00,0.0
3491,2013-12-23 23:30:00+00:00,0.0
3491,2013-12-24 00:00:00+00:00,0.0
3491,2013-12-24 00:30:00+00:00,0.0
3491,2013-12-24 01:00:00+00:00,0.0
3491,2013-12-24 01:30:00+00:00,0.0
3491,2013-12-24 02:00:00+00:00,0.0
3491,2013-12-24 02:30:00+00:00,0.0
3491,2013-12-24 03:00:00+00:00,0.0
3491,2013-12-24 03:30:00+00:00,0.0
3491,2013-12-24 04:00:00+00:00,0.0
3491,2013-12-24 04:30:00+00:00,0.0
3491,2013-12-24 05:00:00+00:00,0.0
3491,2013-12-24 05:30:00+00:00,0.0
3491,2013-12-24 06:00:00+00:00,0.0
3491,2013-12-24 06:30:00+00:00,0.0
3491,2013-12-24 07:00:00+00:00,0.0
3491,2013-12-24 07:30:00+00:00,0.0
3491,2013-12-24 08:00:00+00:00,0.0
3491,2013-12-24 08:30:00+00:00,0.0
3491,2013-12-24 09:00:00+00:00,0.0
3491,2013-12-24 09:30:00+00:00,14.89
3491,2013-12-24 10:00:00+00:00,21.72
3491,2013-12-24 10:30:00+00:00,35.77
3491,2013-12-24 11:00:00+00:00,44.18
3491,2013-12-24 11:30:00+00:00,49.57
3491,2013-12-24 12:00:00+00:00,65.28
3491,2013-12-24 12:30:00+00:00,117.37
3491,2013-12-24 13:00:00+00:00,141.34
3491,2013-12-24 13:30:00+00:00,57.81
3491,2013-12-24 14:00:00+00:00,75.68
3491,2013-12-24 14:30:00+00:00,60.49
3491,2013-12-24 15:00:00+00:00,55.05
3491,2013-12-24 15:30:00+00:00,9.97
3491,2013-12-24 16:00:00+00:00,0.0
3491,2013-12-24 16:30:00+00:00,0.0
3491,2013-12-24 17:00:00+00:00,0.0
3491,2013-12-24 17:30:00+00:00,0.0
3491,2013-12-24 18:00:00+00:00,0.0
3491,2013-12-24 18:30:00+00:00,0.0
3491,2013-12-24 19:00:00+00:00,0.0
3491,2013-12-24 19:30:00+00:00,0.0
3491,2013-12-24 20:00:00+00:00,0.0
3491,2013-12-24 20:30:00+00:00,0.0
3491,2013-12-24 21:00:00+00:00,0.0
3491,2013-12-24 21:30:00+00:00,0.0
3491,2013-12-24 22:00:00+00:00,0.0
3491,2013-12-24 22:30:00+00:00,0.0
3491,2013-12-24 23:00:00+00:00,0.0
3491,2013-12-24 23:30:00+00:00,0.0
3491,2013-12-25 00:00:00+00:00,0.0
3491,2013-12-25 00:30:00+00:00,0.0
3491,2013-12-25 01:00:00+00:00,0.0
3491,2013-12-25 01:30:00+00:00,0.0
3491,2013-12-25 02:00:00+00:00,0.0
3491,2013-12-25 02:30:00+00:00,0.0
3491,2013-12-25 03:00:00+00:00,0.0
3491,2013-12-25 03:30:00+00:00,0.0
3491,2013-12-25 04:00:00+00:00,0.0
3491,2013-12-25 04:30:00+00:00,0.0
3491,2013-12-25 05:00:00+00:00,0.0
3491,2013-12-25 05:30:00+00:00,0.0
3491,2013-12-25 06:00:00+00:00,0.0
3491,2013-12-25 06:30:00+00:00,0.0
3491,2013-12-25 07:00:00+00:00,0.0
3491,2013-12-25 07:30:00+00:00,0.0
3491,2013-12-25 08:00:00+00:00,0.0
3491,2013-12-25 08:30:00+00:00,0.0
3491,2013-12-25 09:00:00+00:00,26.57
3491,2013-12-25 09:30:00+00:00,62.16
3491,2013-12-25 10:00:00+00:00,446.07
3491,2013-12-25 10:30:00+00:00,760.4
3491,2013-12-25 11:00:00+00:00,616.3
3491,2013-12-25 11:30:00+00:00,313.97
3491,2013-12-25 12:00:00+00:00,51.5
3491,2013-12-25 12:30:00+00:00,342.19
3491,2013-12-25 13:00:00+00:00,208.38
3491,2013-12-25 13:30:00+00:00,29.35
3491,2013-12-25 14:00:00+00:00,32.51
3491,2013-12-25 14:30:00+00:00,40.71
3491,2013-12-25 15:00:00+00:00,68.63
3491,2013-12-25 15:30:00+00:00,37.28
3491,2013-12-25 16:00:00+00:00,2.43
3491,2013-12-25 16:30:00+00:00,0.0
3491,2013-12-25 17:00:00+00:00,0.0
3491,2013-12-25 17:30:00+00:00,0.0
3491,2013-12-25 18:00:00+00:00,0.0
3491,2013-12-25 18:30:00+00:00,0.0
3491,2013-12-25 19:00:00+00:00,0.0
3491,2013-12-25 19:30:00+00:00,0.0
3491,2013-12-25 20:00:00+00:00,0.0
3491,2013-12-25 20:30:00+00:00,0.0
3491,2013-12-25 21:00:00+00:00,0.0
3491,2013-12-25 21:30:00+00:00,0.0
3491,2013-12-25 22:00:00+00:00,0.0
3491,2013-12-25 22:30:00+00:00,0.0
3491,2013-12-25 23:00:00+00:00,0.0
3491,2013-12-25 23:30:00+00:00,0.0
3491,2013-12-26 00:00:00+00:00,0.0
3491,2013-12-26 00:30:00+00:00,0.0
3491,2013-12-26 01:00:00+00:00,0.0
3491,2013-12-26 01:30:00+00:00,0.0
3491,2013-12-26 02:00:00+00:00,0.0
3491,2013-12-26 02:30:00+00:00,0.0
3491,2013-12-26 03:00:00+00:00,0.0
3491,2013-12-26 03:30:00+00:00,0.0
3491,2013-12-26 04:00:00+00:00,0.0
3491,2013-12-26 04:30:00+00:00,0.0
3491,2013-12-26 05:00:00+00:00,0.0
3491,2013-12-26 05:30:00+00:00,0.0
3491,2013-12-26 06:00:00+00:00,0.0
3491,2013-12-26 06:30:00+00:00,0.0
3491,2013-12-26 07:00:00+00:00,0.0
3491,2013-12-26 07:30:00+00:00,0.0
3491,2013-12-26 08:00:00+00:00,0.0
3491,2013-12-26 08:30:00+00:00,0.0
3491,2013-12-26 09:00:00+00:00,7.86
3491,2013-12-26 09:30:00+00:00,100.54
3491,2013-12-26 10:00:00+00:00,515.5
3491,2013-12-26 10:30:00+00:00,758.45
3491,2013-12-26 11:00:00+00:00,455.42
3491,2013-12-26 11:30:00+00:00,766.95
3491,2013-12-26 12:00:00+00:00,656.7
3491,2013-12-26 12:30:00+00:00,565.0
3491,2013-12-26 13:00:00+00:00,357.67
3491,2013-12-26 13:30:00+00:00,172.16
3491,2013-12-26 14:00:00+00:00,164.55
3491,2013-12-26 14:30:00+00:00,149.14
3491,2013-12-26 15:00:00+00:00,52.88
3491,2013-12-26 15:30:00+00:00,9.07
3491,2013-12-26 16:00:00+00:00,0.04
3491,2013-12-26 16:30:00+00:00,0.0
3491,2013-12-26 17:00:00+00:00,0.0
3491,2013-12-26 17:30:00+00:00,0.0
3491,2013-12-26 18:00:00+00:00,0.0
3491,2013-12-26 18:30:00+00:00,0.0
3491,2013-12-26 19:00:00+00:00,0.0
3491,2013-12-26 19:30:00+00:00,0.0
3491,2013-12-26 20:00:00+00:00,0.0
3491,2013-12-26 20:30:00+00:00,0.0
3491,2013-12-26 21:00:00+00:00,0.0
3491,2013-12-26 21:30:00+00:00,0.0
3491,2013-12-26 22:00:00+00:00,0.0
3491,2013-12-26 22:30:00+00:00,0.0
3491,2013-12-26 23:00:00+00:00,0.0
3491,2013-12-26 23:30:00+00:00,0.0
3491,2013-12-27 00:00:00+00:00,0.0
3491,2013-12-27 00:30:00+00:00,0.0
3491,2013-12-27 01:00:00+00:00,0.0
3491,2013-12-27 01:30:00+00:00,0.0
3491,2013-12-27 02:00:00+00:00,0.0
3491,2013-12-27 02:30:00+00:00,0.0
3491,2013-12-27 03:00:00+00:00,0.0
3491,2013-12-27 03:30:00+00:00,0.0
3491,2013-12-27 04:00:00+00:00,0.0
3491,2013-12-27 04:30:00+00:00,0.0
3491,2013-12-27 05:00:00+00:00,0.0
3491,2013-12-27 05:30:00+00:00,0.0
3491,2013-12-27 06:00:00+00:00,0.0
3491,2013-12-27 06:30:00+00:00,0.0
3491,2013-12-27 07:00:00+00:00,0.0
3491,2013-12-27 07:30:00+00:00,0.0
3491,2013-12-27 08:00:00+00:00,0.0
3491,2013-12-27 08:30:00+00:00,0.0
3491,2013-12-27 09:00:00+00:00,0.0
3491,2013-12-27 09:30:00+00:00,0.0
3491,2013-12-27 10:00:00+00:00,0.0
3491,2013-12-27 10:30:00+00:00,1.36
3491,2013-12-27 11:00:00+00:00,22.27
3491,2013-12-27 11:30:00+00:00,76.62
3491,2013-12-27 12:00:00+00:00,90.33
3491,2013-12-27 12:30:00+00:00,100.61
3491,2013-12-27 13:00:00+00:00,41.23
3491,2013-12-27 13:30:00+00:00,20.09
3491,2013-12-27 14:00:00+00:00,25.54
3491,2013-12-27 14:30:00+00:00,22.37
3491,2013-12-27 15:00:00+00:00,28.42
3491,2013-12-27 15:30:00+00:00,13.69
3491,2013-12-27 16:00:00+00:00,0.0
3491,2013-12-27 16:30:00+00:00,0.0
3491,2013-12-27 17:00:00+00:00,0.0
3491,2013-12-27 17:30:00+00:00,0.0
3491,2013-12-27 18:00:00+00:00,0.0
3491,2013-12-27 18:30:00+00:00,0.0
3491,2013-12-27 19:00:00+00:00,0.0
3491,2013-12-27 19:30:00+00:00,0.0
3491,2013-12-27 20:00:00+00:00,0.0
3491,2013-12-27 20:30:00+00:00,0.0
3491,2013-12-27 21:00:00+00:00,0.0
3491,2013-12-27 21:30:00+00:00,0.0
3491,2013-12-27 22:00:00+00:00,0.0
3491,2013-12-27 22:30:00+00:00,0.0
3491,2013-12-27 23:00:00+00:00,0.0
3491,2013-12-27 23:30:00+00:00,0.0
3491,2013-12-28 00:00:00+00:00,0.0
3491,2013-12-28 00:30:00+00:00,0.0
3491,2013-12-28 01:00:00+00:00,0.0
3491,2013-12-28 01:30:00+00:00,0.0
3491,2013-12-28 02:00:00+00:00,0.0
3491,2013-12-28 02:30:00+00:00,0.0
3491,2013-12-28 03:00:00+00:00,0.0
3491,2013-12-28 03:30:00+00:00,0.0
3491,2013-12-28 04:00:00+00:00,0.0
3491,2013-12-28 04:30:00+00:00,0.0
3491,2013-12-28 05:00:00+00:00,0.0
3491,2013-12-28 05:30:00+00:00,0.0
3491,2013-12-28 06:00:00+00:00,0.0
3491,2013-12-28 06:30:00+00:00,0.0
3491,2013-12-28 07:00:00+00:00,0.0
3491,2013-12-28 07:30:00+00:00,0.0
3491,2013-12-28 08:00:00+00:00,0.0
3491,2013-12-28 08:30:00+00:00,1.33
3491,2013-12-28 09:00:00+00:00,8.28
3491,2013-12-28 09:30:00+00:00,50.34
3491,2013-12-28 10:00:00+00:00,684.0
3491,2013-12-28 10:30:00+00:00,734.75
3491,2013-12-28 11:00:00+00:00,683.95
3491,2013-12-28 11:30:00+00:00,610.3
3491,2013-12-28 12:00:00+00:00,492.07
3491,2013-12-28 12:30:00+00:00,478.89
3491,2013-12-28 13:00:00+00:00,379.61
3491,2013-12-28 13:30:00+00:00,183.38
3491,2013-12-28 14:00:00+00:00,96.2
3491,2013-12-28 14:30:00+00:00,89.32
3491,2013-12-28 15:00:00+00:00,26.88
3491,2013-12-28 15:30:00+00:00,15.72
3491,2013-12-28 16:00:00+00:00,0.0
3491,2013-12-28 16:30:00+00:00,0.0
3491,2013-12-28 17:00:00+00:00,0.0
3491,2013-12-28 17:30:00+00:00,0.0
3491,2013-12-28 18:00:00+00:00,0.0
3491,2013-12-28 18:30:00+00:00,0.0
3491,2013-12-28 19:00:00+00:00,0.0
3491,2013-12-28 19:30:00+00:00,0.0
3491,2013-12-28 20:00:00+00:00,0.0
3491,2013-12-28 20:30:00+00:00,0.0
3491,2013-12-28 21:00:00+00:00,0.0
3491,2013-12-28 21:30:00+00:00,0.0
3491,2013-12-28 22:00:00+00:00,0.0
3491,2013-12-28 22:30:00+00:00,0.0
3491,2013-12-28 23:00:00+00:00,0.0
3491,2013-12-28 23:30:00+00:00,0.0
3491,2013-12-29 00:00:00+00:00,0.0
3491,2013-12-29 00:30:00+00:00,0.0
3491,2013-12-29 01:00:00+00:00,0.0
3491,2013-12-29 01:30:00+00:00,0.0
3491,2013-12-29 02:00:00+00:00,0.0
3491,2013-12-29 02:30:00+00:00,0.0
3491,2013-12-29 03:00:00+00:00,0.0
3491,2013-12-29 03:30:00+00:00,0.0
3491,2013-12-29 04:00:00+00:00,0.0
3491,2013-12-29 04:30:00+00:00,0.0
3491,2013-12-29 05:00:00+00:00,0.0
3491,2013-12-29 05:30:00+00:00,0.0
3491,2013-12-29 06:00:00+00:00,0.0
3491,2013-12-29 06:30:00+00:00,0.0
3491,2013-12-29 07:00:00+00:00,0.0
3491,2013-12-29 07:30:00+00:00,0.0
3491,2013-12-29 08:00:00+00:00,0.0
3491,2013-12-29 08:30:00+00:00,4.75
3491,2013-12-29 09:00:00+00:00,109.83
3491,2013-12-29 09:30:00+00:00,462.02
3491,2013-12-29 10:00:00+00:00,674.4
3491,2013-12-29 10:30:00+00:00,735.75
3491,2013-12-29 11:00:00+00:00,768.25
3491,2013-12-29 11:30:00+00:00,771.85
3491,2013-12-29 12:00:00+00:00,654.35
3491,2013-12-29 12:30:00+00:00,568.8
3491,2013-12-29 13:00:00+00:00,376.3
3491,2013-12-29 13:30:00+00:00,157.8
3491,2013-12-29 14:00:00+00:00,107.59
3491,2013-12-29 14:30:00+00:00,53.43
3491,2013-12-29 15:00:00+00:00,33.75
3491,2013-12-29 15:30:00+00:00,16.9
3491,2013-12-29 16:00:00+00:00,0.47
3491,2013-12-29 16:30:00+00:00,0.0
3491,2013-12-29 17:00:00+00:00,0.0
3491,2013-12-29 17:30:00+00:00,0.0
3491,2013-12-29 18:00:00+00:00,0.0
3491,2013-12-29 18:30:00+00:00,0.0
3491,2013-12-29 19:00:00+00:00,0.0
3491,2013-12-29 19:30:00+00:00,0.0
3491,2013-12-29 20:00:00+00:00,0.0
3491,2013-12-29 20:30:00+00:00,0.0
3491,2013-12-29 21:00:00+00:00,0.0
3491,2013-12-29 21:30:00+00:00,0.0
3491,2013-12-29 22:00:00+00:00,0.0
3491,2013-12-29 22:30:00+00:00,0.0
3491,2013-12-29 23:00:00+00:00,0.0
3491,2013-12-29 23:30:00+00:00,0.0
3491,2013-12-30 00:00:00+00:00,0.0
3491,2013-12-30 00:30:00+00:00,0.0
3491,2013-12-30 01:00:00+00:00,0.0
3491,2013-12-30 01:30:00+00:00,0.0
3491,2013-12-30 02:00:00+00:00,0.0
3491,2013-12-30 02:30:00+00:00,0.0
3491,2013-12-30 03:00:00+00:00,0.0
3491,2013-12-30 03:30:00+00:00,0.0
3491,2013-12-30 04:00:00+00:00,0.0
3491,2013-12-30 04:30:00+00:00,0.0
3491,2013-12-30 05:00:00+00:00,0.0
3491,2013-12-30 05:30:00+00:00,0.0
3491,2013-12-30 06:00:00+00:00,0.0
3491,2013-12-30 06:30:00+00:00,0.0
3491,2013-12-30 07:00:00+00:00,0.0
3491,2013-12-30 07:30:00+00:00,0.0
3491,2013-12-30 08:00:00+00:00,0.0
3491,2013-12-30 08:30:00+00:00,0.0
3491,2013-12-30 09:00:00+00:00,3.09
3491,2013-12-30 09:30:00+00:00,32.93
3491,2013-12-30 10:00:00+00:00,14.2
3491,2013-12-30 10:30:00+00:00,16.39
3491,2013-12-30 11:00:00+00:00,45.53
3491,2013-12-30 11:30:00+00:00,40.63
3491,2013-12-30 12:00:00+00:00,14.62
3491,2013-12-30 12:30:00+00:00,18.02
3491,2013-12-30 13:00:00+00:00,27.61
3491,2013-12-30 13:30:00+00:00,97.83
3491,2013-12-30 14:00:00+00:00,128.15
3491,2013-12-30 14:30:00+00:00,36.11
3491,2013-12-30 15:00:00+00:00,34.99
3491,2013-12-30 15:30:00+00:00,13.65
3491,2013-12-30 16:00:00+00:00,0.0
3491,2013-12-30 16:30:00+00:00,0.0
3491,2013-12-30 17:00:00+00:00,0.0
3491,2013-12-30 17:30:00+00:00,0.0
3491,2013-12-30 18:00:00+00:00,0.0
3491,2013-12-30 18:30:00+00:00,0.0
3491,2013-12-30 19:00:00+00:00,0.0
3491,2013-12-30 19:30:00+00:00,0.0
3491,2013-12-30 20:00:00+00:00,0.0
3491,2013-12-30 20:30:00+00:00,0.0
3491,2013-12-30 21:00:00+00:00,0.0
3491,2013-12-30 21:30:00+00:00,0.0
3491,2013-12-30 22:00:00+00:00,0.0
3491,2013-12-30 22:30:00+00:00,0.0
3491,2013-12-30 23:00:00+00:00,0.0
3491,2013-12-30 23:30:00+00:00,0.0
3491,2013-12-31 00:00:00+00:00,0.0
3491,2013-12-31 00:30:00+00:00,0.0
3491,2013-12-31 01:00:00+00:00,0.0
3491,2013-12-31 01:30:00+00:00,0.0
3491,2013-12-31 02:00:00+00:00,0.0
3491,2013-12-31 02:30:00+00:00,0.0
3491,2013-12-31 03:00:00+00:00,0.0
3491,2013-12-31 03:30:00+00:00,0.0
3491,2013-12-31 04:00:00+00:00,0.0
3491,2013-12-31 04:30:00+00:00,0.0
3491,2013-12-31 05:00:00+00:00,0.0
3491,2013-12-31 05:30:00+00:00,0.0
3491,2013-12-31 06:00:00+00:00,0.0
3491,2013-12-31 06:30:00+00:00,0.0
3491,2013-12-31 07:00:00+00:00,0.0
3491,2013-12-31 07:30:00+00:00,0.0
3491,2013-12-31 08:00:00+00:00,0.0
3491,2013-12-31 08:30:00+00:00,0.0
3491,2013-12-31 09:00:00+00:00,0.0
3491,2013-12-31 09:30:00+00:00,12.25
3491,2013-12-31 10:00:00+00:00,29.06
3491,2013-12-31 10:30:00+00:00,57.26
3491,2013-12-31 11:00:00+00:00,67.69
3491,2013-12-31 11:30:00+00:00,81.65
3491,2013-12-31 12:00:00+00:00,42.51
3491,2013-12-31 12:30:00+00:00,23.89
3491,2013-12-31 13:00:00+00:00,20.29
3491,2013-12-31 13:30:00+00:00,15.86
3491,2013-12-31 14:00:00+00:00,8.61
3491,2013-12-31 14:30:00+00:00,0.0
3491,2013-12-31 15:00:00+00:00,0.0
3491,2013-12-31 15:30:00+00:00,0.0
3491,2013-12-31 16:00:00+00:00,0.0
3491,2013-12-31 16:30:00+00:00,0.0
3491,2013-12-31 17:00:00+00:00,0.0
3491,2013-12-31 17:30:00+00:00,0.0
3491,2013-12-31 18:00:00+00:00,0.0
3491,2013-12-31 18:30:00+00:00,0.0
3491,2013-12-31 19:00:00+00:00,0.0
3491,2013-12-31 19:30:00+00:00,0.0
3491,2013-12-31 20:00:00+00:00,0.0
3491,2013-12-31 20:30:00+00:00,0.0
3491,2013-12-31 21:00:00+00:00,0.0
3491,2013-12-31 21:30:00+00:00,0.0
3491,2013-12-31 22:00:00+00:00,0.0
3491,2013-12-31 22:30:00+00:00,0.0
3491,2013-12-31 23:00:00+00:00,0.0
3491,2013-12-31 23:30:00+00:00,0.0
