ss_id,datetime_GMT,generation_Wh
4029,2013-01-01 00:30:00+00:00,0.0
4029,2013-01-01 01:00:00+00:00,0.0
4029,2013-01-01 01:30:00+00:00,0.0
4029,2013-01-01 02:00:00+00:00,0.0
4029,2013-01-01 02:30:00+00:00,0.0
4029,2013-01-01 03:00:00+00:00,0.0
4029,2013-01-01 03:30:00+00:00,0.0
4029,2013-01-01 04:00:00+00:00,0.0
4029,2013-01-01 04:30:00+00:00,0.0
4029,2013-01-01 05:00:00+00:00,0.0
4029,2013-01-01 05:30:00+00:00,0.0
4029,2013-01-01 06:00:00+00:00,0.0
4029,2013-01-01 06:30:00+00:00,0.0
4029,2013-01-01 07:00:00+00:00,0.0
4029,2013-01-01 07:30:00+00:00,0.0
4029,2013-01-01 08:00:00+00:00,0.0
4029,2013-01-01 08:30:00+00:00,22.05
4029,2013-01-01 09:00:00+00:00,49.99
4029,2013-01-01 09:30:00+00:00,172.22
4029,2013-01-01 10:00:00+00:00,300.07
4029,2013-01-01 10:30:00+00:00,249.74
4029,2013-01-01 11:00:00+00:00,443.97
4029,2013-01-01 11:30:00+00:00,722.79
4029,2013-01-01 12:00:00+00:00,849.12
4029,2013-01-01 12:30:00+00:00,871.83
4029,2013-01-01 13:00:00+00:00,634.72
4029,2013-01-01 13:30:00+00:00,448.42
4029,2013-01-01 14:00:00+00:00,501.08
4029,2013-01-01 14:30:00+00:00,377.85
4029,2013-01-01 15:00:00+00:00,128.24
4029,2013-01-01 15:30:00+00:00,27.91
4029,2013-01-01 16:00:00+00:00,50.0
4029,2013-01-01 16:30:00+00:00,0.0
4029,2013-01-01 17:00:00+00:00,0.0
4029,2013-01-01 17:30:00+00:00,0.0
4029,2013-01-01 18:00:00+00:00,0.0
4029,2013-01-01 18:30:00+00:00,0.0
4029,2013-01-01 19:00:00+00:00,0.0
4029,2013-01-01 19:30:00+00:00,0.0
4029,2013-01-01 20:00:00+00:00,0.0
4029,2013-01-01 20:30:00+00:00,0.0
4029,2013-01-01 21:00:00+00:00,0.0
4029,2013-01-01 21:30:00+00:00,0.0
4029,2013-01-01 22:00:00+00:00,0.0
4029,2013-01-01 22:30:00+00:00,0.0
4029,2013-01-01 23:00:00+00:00,0.0
4029,2013-01-01 23:30:00+00:00,0.0
4029,2013-01-02 00:00:00+00:00,0.0
4029,2013-01-02 00:30:00+00:00,0.0
4029,2013-01-02 01:00:00+00:00,0.0
4029,2013-01-02 01:30:00+00:00,0.0
4029,2013-01-02 02:00:00+00:00,0.0
4029,2013-01-02 02:30:00+00:00,0.0
4029,2013-01-02 03:00:00+00:00,0.0
4029,2013-01-02 03:30:00+00:00,0.0
4029,2013-01-02 04:00:00+00:00,0.0
4029,2013-01-02 04:30:00+00:00,0.0
4029,2013-01-02 05:00:00+00:00,0.0
4029,2013-01-02 05:30:00+00:00,0.0
4029,2013-01-02 06:00:00+00:00,0.0
4029,2013-01-02 06:30:00+00:00,0.0
4029,2013-01-02 07:00:00+00:00,0.0
4029,2013-01-02 07:30:00+00:00,0.0
4029,2013-01-02 08:00:00+00:00,0.0
4029,2013-01-02 08:30:00+00:00,0.0
4029,2013-01-02 09:00:00+00:00,0.0
4029,2013-01-02 09:30:00+00:00,50.0
4029,2013-01-02 10:00:00+00:00,0.0
4029,2013-01-02 10:30:00+00:00,50.0
4029,2013-01-02 11:00:00+00:00,50.0
4029,2013-01-02 11:30:00+00:00,22.29
4029,2013-01-02 12:00:00+00:00,27.71
4029,2013-01-02 12:30:00+00:00,50.0
4029,2013-01-02 13:00:00+00:00,50.0
4029,2013-01-02 13:30:00+00:00,50.0
4029,2013-01-02 14:00:00+00:00,0.0
4029,2013-01-02 14:30:00+00:00,50.0
4029,2013-01-02 15:00:00+00:00,0.0
4029,2013-01-02 15:30:00+00:00,0.0
4029,2013-01-02 16:00:00+00:00,0.0
4029,2013-01-02 16:30:00+00:00,0.0
4029,2013-01-02 17:00:00+00:00,0.0
4029,2013-01-02 17:30:00+00:00,0.0
4029,2013-01-02 18:00:00+00:00,0.0
4029,2013-01-02 18:30:00+00:00,0.0
4029,2013-01-02 19:00:00+00:00,0.0
4029,2013-01-02 19:30:00+00:00,0.0
4029,2013-01-02 20:00:00+00:00,0.0
4029,2013-01-02 20:30:00+00:00,0.0
4029,2013-01-02 21:00:00+00:00,0.0
4029,2013-01-02 21:30:00+00:00,0.0
4029,2013-01-02 22:00:00+00:00,0.0
4029,2013-01-02 22:30:00+00:00,0.0
4029,2013-01-02 23:00:00+00:00,0.0
4029,2013-01-02 23:30:00+00:00,0.0
4029,2013-01-03 00:00:00+00:00,0.0
4029,2013-01-03 00:30:00+00:00,0.0
4029,2013-01-03 01:00:00+00:00,0.0
4029,2013-01-03 01:30:00+00:00,0.0
4029,2013-01-03 02:00:00+00:00,0.0
4029,2013-01-03 02:30:00+00:00,0.0
4029,2013-01-03 03:00:00+00:00,0.0
4029,2013-01-03 03:30:00+00:00,0.0
4029,2013-01-03 04:00:00+00:00,0.0
4029,2013-01-03 04:30:00+00:00,0.0
4029,2013-01-03 05:00:00+00:00,0.0
4029,2013-01-03 05:30:00+00:00,0.0
4029,2013-01-03 06:00:00+00:00,0.0
4029,2013-01-03 06:30:00+00:00,0.0
4029,2013-01-03 07:00:00+00:00,0.0
4029,2013-01-03 07:30:00+00:00,0.0
4029,2013-01-03 08:00:00+00:00,0.0
4029,2013-01-03 08:30:00+00:00,0.0
4029,2013-01-03 09:00:00+00:00,72.59
4029,2013-01-03 09:30:00+00:00,99.87
4029,2013-01-03 10:00:00+00:00,100.09
4029,2013-01-03 10:30:00+00:00,172.56
4029,2013-01-03 11:00:00+00:00,177.43
4029,2013-01-03 11:30:00+00:00,172.29
4029,2013-01-03 12:00:00+00:00,177.62
4029,2013-01-03 12:30:00+00:00,172.81
4029,2013-01-03 13:00:00+00:00,199.91
4029,2013-01-03 13:30:00+00:00,372.33
4029,2013-01-03 14:00:00+00:00,255.12
4029,2013-01-03 14:30:00+00:00,127.38
4029,2013-01-03 15:00:00+00:00,50.0
4029,2013-01-03 15:30:00+00:00,50.0
4029,2013-01-03 16:00:00+00:00,0.0
4029,2013-01-03 16:30:00+00:00,0.0
4029,2013-01-03 17:00:00+00:00,0.0
4029,2013-01-03 17:30:00+00:00,0.0
4029,2013-01-03 18:00:00+00:00,0.0
4029,2013-01-03 18:30:00+00:00,0.0
4029,2013-01-03 19:00:00+00:00,0.0
4029,2013-01-03 19:30:00+00:00,0.0
4029,2013-01-03 20:00:00+00:00,0.0
4029,2013-01-03 20:30:00+00:00,0.0
4029,2013-01-03 21:00:00+00:00,0.0
4029,2013-01-03 21:30:00+00:00,0.0
4029,2013-01-03 22:00:00+00:00,0.0
4029,2013-01-03 22:30:00+00:00,0.0
4029,2013-01-03 23:00:00+00:00,0.0
4029,2013-01-03 23:30:00+00:00,0.0
4029,2013-01-04 00:00:00+00:00,0.0
4029,2013-01-04 00:30:00+00:00,0.0
4029,2013-01-04 01:00:00+00:00,0.0
4029,2013-01-04 01:30:00+00:00,0.0
4029,2013-01-04 02:00:00+00:00,0.0
4029,2013-01-04 02:30:00+00:00,0.0
4029,2013-01-04 03:00:00+00:00,0.0
4029,2013-01-04 03:30:00+00:00,0.0
4029,2013-01-04 04:00:00+00:00,0.0
4029,2013-01-04 04:30:00+00:00,0.0
4029,2013-01-04 05:00:00+00:00,0.0
4029,2013-01-04 05:30:00+00:00,0.0
4029,2013-01-04 06:00:00+00:00,0.0
4029,2013-01-04 06:30:00+00:00,0.0
4029,2013-01-04 07:00:00+00:00,0.0
4029,2013-01-04 07:30:00+00:00,0.0
4029,2013-01-04 08:00:00+00:00,0.0
4029,2013-01-04 08:30:00+00:00,0.0
4029,2013-01-04 09:00:00+00:00,0.0
4029,2013-01-04 09:30:00+00:00,28.82
4029,2013-01-04 10:00:00+00:00,49.98
4029,2013-01-04 10:30:00+00:00,100.07
4029,2013-01-04 11:00:00+00:00,149.96
4029,2013-01-04 11:30:00+00:00,178.86
4029,2013-01-04 12:00:00+00:00,221.19
4029,2013-01-04 12:30:00+00:00,249.99
4029,2013-01-04 13:00:00+00:00,228.73
4029,2013-01-04 13:30:00+00:00,400.21
4029,2013-01-04 14:00:00+00:00,221.09
4029,2013-01-04 14:30:00+00:00,21.1
4029,2013-01-04 15:00:00+00:00,0.0
4029,2013-01-04 15:30:00+00:00,50.0
4029,2013-01-04 17:30:00+00:00,0.0
4029,2013-01-04 18:00:00+00:00,0.0
4029,2013-01-04 18:30:00+00:00,0.0
4029,2013-01-04 19:00:00+00:00,0.0
4029,2013-01-04 19:30:00+00:00,0.0
4029,2013-01-04 20:00:00+00:00,0.0
4029,2013-01-04 20:30:00+00:00,0.0
4029,2013-01-04 21:00:00+00:00,0.0
4029,2013-01-04 21:30:00+00:00,0.0
4029,2013-01-04 22:00:00+00:00,0.0
4029,2013-01-04 22:30:00+00:00,0.0
4029,2013-01-04 23:00:00+00:00,0.0
4029,2013-01-04 23:30:00+00:00,0.0
4029,2013-01-05 00:00:00+00:00,0.0
4029,2013-01-05 00:30:00+00:00,0.0
4029,2013-01-05 01:00:00+00:00,0.0
4029,2013-01-05 01:30:00+00:00,0.0
4029,2013-01-05 02:00:00+00:00,0.0
4029,2013-01-05 02:30:00+00:00,0.0
4029,2013-01-05 03:00:00+00:00,0.0
4029,2013-01-05 03:30:00+00:00,0.0
4029,2013-01-05 04:00:00+00:00,0.0
4029,2013-01-05 04:30:00+00:00,0.0
4029,2013-01-05 05:00:00+00:00,0.0
4029,2013-01-05 05:30:00+00:00,0.0
4029,2013-01-05 06:00:00+00:00,0.0
4029,2013-01-05 06:30:00+00:00,0.0
4029,2013-01-05 07:00:00+00:00,0.0
4029,2013-01-05 07:30:00+00:00,0.0
4029,2013-01-05 08:00:00+00:00,0.0
4029,2013-01-05 08:30:00+00:00,0.0
4029,2013-01-05 09:00:00+00:00,0.0
4029,2013-01-05 09:30:00+00:00,0.0
4029,2013-01-05 10:00:00+00:00,50.0
4029,2013-01-05 10:30:00+00:00,29.02
4029,2013-01-05 11:00:00+00:00,50.15
4029,2013-01-05 11:30:00+00:00,70.83
4029,2013-01-05 12:00:00+00:00,29.1
4029,2013-01-05 12:30:00+00:00,70.9
4029,2013-01-05 13:00:00+00:00,50.0
4029,2013-01-05 13:30:00+00:00,50.0
4029,2013-01-05 14:00:00+00:00,50.0
4029,2013-01-05 14:30:00+00:00,0.0
4029,2013-01-05 15:00:00+00:00,50.0
4029,2013-01-05 15:30:00+00:00,0.0
4029,2013-01-05 16:00:00+00:00,0.0
4029,2013-01-05 16:30:00+00:00,0.0
4029,2013-01-05 17:00:00+00:00,0.0
4029,2013-01-05 17:30:00+00:00,0.0
4029,2013-01-05 18:00:00+00:00,0.0
4029,2013-01-05 18:30:00+00:00,0.0
4029,2013-01-05 19:00:00+00:00,0.0
4029,2013-01-05 19:30:00+00:00,0.0
4029,2013-01-05 20:00:00+00:00,0.0
4029,2013-01-05 20:30:00+00:00,0.0
4029,2013-01-05 21:00:00+00:00,0.0
4029,2013-01-05 21:30:00+00:00,0.0
4029,2013-01-05 22:00:00+00:00,0.0
4029,2013-01-05 22:30:00+00:00,0.0
4029,2013-01-05 23:00:00+00:00,0.0
4029,2013-01-05 23:30:00+00:00,0.0
4029,2013-01-06 00:00:00+00:00,0.0
4029,2013-01-06 00:30:00+00:00,0.0
4029,2013-01-06 01:00:00+00:00,0.0
4029,2013-01-06 01:30:00+00:00,0.0
4029,2013-01-06 02:00:00+00:00,0.0
4029,2013-01-06 02:30:00+00:00,0.0
4029,2013-01-06 03:00:00+00:00,0.0
4029,2013-01-06 03:30:00+00:00,0.0
4029,2013-01-06 04:00:00+00:00,0.0
4029,2013-01-06 04:30:00+00:00,0.0
4029,2013-01-06 05:00:00+00:00,0.0
4029,2013-01-06 05:30:00+00:00,0.0
4029,2013-01-06 06:00:00+00:00,0.0
4029,2013-01-06 06:30:00+00:00,0.0
4029,2013-01-06 07:00:00+00:00,0.0
4029,2013-01-06 07:30:00+00:00,0.0
4029,2013-01-06 08:00:00+00:00,0.0
4029,2013-01-06 08:30:00+00:00,0.0
4029,2013-01-06 09:00:00+00:00,0.0
4029,2013-01-06 09:30:00+00:00,50.0
4029,2013-01-06 10:00:00+00:00,29.3
4029,2013-01-06 10:30:00+00:00,20.7
4029,2013-01-06 11:00:00+00:00,50.0
4029,2013-01-06 11:30:00+00:00,79.42
4029,2013-01-06 12:00:00+00:00,70.58
4029,2013-01-06 12:30:00+00:00,50.0
4029,2013-01-06 13:00:00+00:00,50.0
4029,2013-01-06 13:30:00+00:00,50.0
4029,2013-01-06 14:00:00+00:00,50.0
4029,2013-01-06 14:30:00+00:00,50.0
4029,2013-01-06 15:00:00+00:00,50.0
4029,2013-01-06 15:30:00+00:00,0.0
4029,2013-01-06 16:00:00+00:00,0.0
4029,2013-01-06 16:30:00+00:00,0.0
4029,2013-01-06 17:00:00+00:00,0.0
4029,2013-01-06 17:30:00+00:00,0.0
4029,2013-01-06 18:00:00+00:00,0.0
4029,2013-01-06 18:30:00+00:00,0.0
4029,2013-01-06 19:00:00+00:00,0.0
4029,2013-01-06 19:30:00+00:00,0.0
4029,2013-01-06 20:00:00+00:00,0.0
4029,2013-01-06 20:30:00+00:00,0.0
4029,2013-01-06 21:00:00+00:00,0.0
4029,2013-01-06 21:30:00+00:00,0.0
4029,2013-01-06 22:00:00+00:00,0.0
4029,2013-01-06 22:30:00+00:00,0.0
4029,2013-01-06 23:00:00+00:00,0.0
4029,2013-01-06 23:30:00+00:00,0.0
4029,2013-01-07 00:00:00+00:00,0.0
4029,2013-01-07 00:30:00+00:00,0.0
4029,2013-01-07 01:00:00+00:00,0.0
4029,2013-01-07 01:30:00+00:00,0.0
4029,2013-01-07 02:00:00+00:00,0.0
4029,2013-01-07 02:30:00+00:00,0.0
4029,2013-01-07 03:00:00+00:00,0.0
4029,2013-01-07 03:30:00+00:00,0.0
4029,2013-01-07 04:00:00+00:00,0.0
4029,2013-01-07 04:30:00+00:00,0.0
4029,2013-01-07 05:00:00+00:00,0.0
4029,2013-01-07 05:30:00+00:00,0.0
4029,2013-01-07 06:00:00+00:00,0.0
4029,2013-01-07 06:30:00+00:00,0.0
4029,2013-01-07 07:00:00+00:00,0.0
4029,2013-01-07 07:30:00+00:00,0.0
4029,2013-01-07 08:00:00+00:00,0.0
4029,2013-01-07 08:30:00+00:00,0.0
4029,2013-01-07 09:00:00+00:00,0.0
4029,2013-01-07 09:30:00+00:00,0.0
4029,2013-01-07 10:00:00+00:00,0.0
4029,2013-01-07 10:30:00+00:00,50.0
4029,2013-01-07 11:00:00+00:00,79.58
4029,2013-01-07 11:30:00+00:00,100.04
4029,2013-01-07 12:00:00+00:00,70.38
4029,2013-01-07 12:30:00+00:00,0.0
4029,2013-01-07 13:00:00+00:00,29.7
4029,2013-01-07 13:30:00+00:00,49.88
4029,2013-01-07 14:00:00+00:00,20.42
4029,2013-01-07 14:30:00+00:00,0.0
4029,2013-01-07 15:00:00+00:00,0.0
4029,2013-01-07 15:30:00+00:00,0.0
4029,2013-01-07 16:00:00+00:00,0.0
4029,2013-01-07 16:30:00+00:00,0.0
4029,2013-01-07 17:00:00+00:00,0.0
4029,2013-01-07 17:30:00+00:00,0.0
4029,2013-01-07 18:00:00+00:00,0.0
4029,2013-01-07 18:30:00+00:00,0.0
4029,2013-01-07 19:00:00+00:00,0.0
4029,2013-01-07 19:30:00+00:00,0.0
4029,2013-01-07 20:00:00+00:00,0.0
4029,2013-01-07 20:30:00+00:00,0.0
4029,2013-01-07 21:00:00+00:00,0.0
4029,2013-01-07 21:30:00+00:00,0.0
4029,2013-01-07 22:00:00+00:00,0.0
4029,2013-01-07 22:30:00+00:00,0.0
4029,2013-01-07 23:00:00+00:00,0.0
4029,2013-01-07 23:30:00+00:00,0.0
4029,2013-01-08 00:00:00+00:00,0.0
4029,2013-01-08 00:30:00+00:00,0.0
4029,2013-01-08 01:00:00+00:00,0.0
4029,2013-01-08 01:30:00+00:00,0.0
4029,2013-01-08 02:00:00+00:00,0.0
4029,2013-01-08 02:30:00+00:00,0.0
4029,2013-01-08 03:00:00+00:00,0.0
4029,2013-01-08 03:30:00+00:00,0.0
4029,2013-01-08 04:00:00+00:00,0.0
4029,2013-01-08 04:30:00+00:00,0.0
4029,2013-01-08 05:00:00+00:00,0.0
4029,2013-01-08 05:30:00+00:00,0.0
4029,2013-01-08 06:00:00+00:00,0.0
4029,2013-01-08 06:30:00+00:00,0.0
4029,2013-01-08 07:00:00+00:00,0.0
4029,2013-01-08 07:30:00+00:00,0.0
4029,2013-01-08 08:00:00+00:00,0.0
4029,2013-01-08 08:30:00+00:00,29.88
4029,2013-01-08 09:00:00+00:00,70.12
4029,2013-01-08 09:30:00+00:00,179.78
4029,2013-01-08 10:00:00+00:00,279.95
4029,2013-01-08 10:30:00+00:00,379.52
4029,2013-01-08 11:00:00+00:00,220.58
4029,2013-01-08 11:30:00+00:00,299.8
4029,2013-01-08 12:00:00+00:00,609.23
4029,2013-01-08 12:30:00+00:00,620.34
4029,2013-01-08 13:00:00+00:00,400.25
4029,2013-01-08 13:30:00+00:00,369.72
4029,2013-01-08 14:00:00+00:00,329.83
4029,2013-01-08 14:30:00+00:00,211.0
4029,2013-01-08 15:00:00+00:00,0.0
4029,2013-01-08 15:30:00+00:00,0.0
4029,2013-01-08 16:00:00+00:00,0.0
4029,2013-01-08 16:30:00+00:00,0.0
4029,2013-01-08 17:00:00+00:00,0.0
4029,2013-01-08 17:30:00+00:00,0.0
4029,2013-01-08 18:00:00+00:00,0.0
4029,2013-01-08 18:30:00+00:00,0.0
4029,2013-01-08 19:00:00+00:00,0.0
4029,2013-01-08 19:30:00+00:00,0.0
4029,2013-01-08 20:00:00+00:00,0.0
4029,2013-01-08 20:30:00+00:00,0.0
4029,2013-01-08 21:00:00+00:00,0.0
4029,2013-01-08 21:30:00+00:00,0.0
4029,2013-01-08 22:00:00+00:00,0.0
4029,2013-01-08 22:30:00+00:00,0.0
4029,2013-01-08 23:00:00+00:00,0.0
4029,2013-01-08 23:30:00+00:00,0.0
4029,2013-01-09 00:00:00+00:00,0.0
4029,2013-01-09 00:30:00+00:00,0.0
4029,2013-01-09 01:00:00+00:00,0.0
4029,2013-01-09 01:30:00+00:00,0.0
4029,2013-01-09 02:00:00+00:00,0.0
4029,2013-01-09 02:30:00+00:00,0.0
4029,2013-01-09 03:00:00+00:00,0.0
4029,2013-01-09 03:30:00+00:00,0.0
4029,2013-01-09 04:00:00+00:00,0.0
4029,2013-01-09 04:30:00+00:00,0.0
4029,2013-01-09 05:00:00+00:00,0.0
4029,2013-01-09 05:30:00+00:00,0.0
4029,2013-01-09 06:00:00+00:00,0.0
4029,2013-01-09 06:30:00+00:00,0.0
4029,2013-01-09 07:00:00+00:00,0.0
4029,2013-01-09 07:30:00+00:00,0.0
4029,2013-01-09 08:00:00+00:00,0.0
4029,2013-01-09 08:30:00+00:00,0.0
4029,2013-01-09 09:00:00+00:00,0.0
4029,2013-01-09 09:30:00+00:00,0.0
4029,2013-01-09 10:00:00+00:00,50.0
4029,2013-01-09 10:30:00+00:00,0.0
4029,2013-01-09 11:00:00+00:00,0.0
4029,2013-01-09 11:30:00+00:00,50.0
4029,2013-01-09 12:00:00+00:00,80.08
4029,2013-01-09 12:30:00+00:00,99.94
4029,2013-01-09 13:00:00+00:00,69.98
4029,2013-01-09 13:30:00+00:00,129.98
4029,2013-01-09 14:00:00+00:00,100.05
4029,2013-01-09 14:30:00+00:00,119.97
4029,2013-01-09 15:00:00+00:00,30.13
4029,2013-01-09 15:30:00+00:00,69.87
4029,2013-01-09 16:00:00+00:00,0.0
4029,2013-01-09 16:30:00+00:00,0.0
4029,2013-01-09 17:00:00+00:00,0.0
4029,2013-01-09 17:30:00+00:00,0.0
4029,2013-01-09 18:00:00+00:00,0.0
4029,2013-01-09 18:30:00+00:00,0.0
4029,2013-01-09 19:00:00+00:00,0.0
4029,2013-01-09 19:30:00+00:00,0.0
4029,2013-01-09 20:00:00+00:00,0.0
4029,2013-01-09 20:30:00+00:00,0.0
4029,2013-01-09 21:00:00+00:00,0.0
4029,2013-01-09 21:30:00+00:00,0.0
4029,2013-01-09 22:00:00+00:00,0.0
4029,2013-01-09 22:30:00+00:00,0.0
4029,2013-01-09 23:00:00+00:00,0.0
4029,2013-01-09 23:30:00+00:00,0.0
4029,2013-01-10 00:00:00+00:00,0.0
4029,2013-01-10 00:30:00+00:00,0.0
4029,2013-01-10 01:00:00+00:00,0.0
4029,2013-01-10 01:30:00+00:00,0.0
4029,2013-01-10 02:00:00+00:00,0.0
4029,2013-01-10 02:30:00+00:00,0.0
4029,2013-01-10 03:00:00+00:00,0.0
4029,2013-01-10 03:30:00+00:00,0.0
4029,2013-01-10 04:00:00+00:00,0.0
4029,2013-01-10 04:30:00+00:00,0.0
4029,2013-01-10 05:00:00+00:00,0.0
4029,2013-01-10 05:30:00+00:00,0.0
4029,2013-01-10 06:00:00+00:00,0.0
4029,2013-01-10 06:30:00+00:00,0.0
4029,2013-01-10 07:00:00+00:00,0.0
4029,2013-01-10 07:30:00+00:00,0.0
4029,2013-01-10 08:00:00+00:00,0.0
4029,2013-01-10 08:30:00+00:00,0.0
4029,2013-01-10 09:00:00+00:00,30.28
4029,2013-01-10 09:30:00+00:00,19.72
4029,2013-01-10 10:00:00+00:00,50.0
4029,2013-01-10 10:30:00+00:00,130.28
4029,2013-01-10 11:00:00+00:00,150.02
4029,2013-01-10 11:30:00+00:00,119.7
4029,2013-01-10 12:00:00+00:00,50.0
4029,2013-01-10 12:30:00+00:00,50.0
4029,2013-01-10 13:00:00+00:00,50.0
4029,2013-01-10 13:30:00+00:00,80.17
4029,2013-01-10 14:00:00+00:00,100.25
4029,2013-01-10 14:30:00+00:00,49.8
4029,2013-01-10 15:00:00+00:00,50.0
4029,2013-01-10 15:30:00+00:00,50.16
4029,2013-01-10 16:00:00+00:00,19.62
4029,2013-01-10 16:30:00+00:00,0.0
4029,2013-01-10 17:00:00+00:00,0.0
4029,2013-01-10 17:30:00+00:00,0.0
4029,2013-01-10 18:00:00+00:00,0.0
4029,2013-01-10 18:30:00+00:00,0.0
4029,2013-01-10 19:00:00+00:00,0.0
4029,2013-01-10 19:30:00+00:00,0.0
4029,2013-01-10 20:00:00+00:00,0.0
4029,2013-01-10 20:30:00+00:00,0.0
4029,2013-01-10 21:00:00+00:00,0.0
4029,2013-01-10 21:30:00+00:00,0.0
4029,2013-01-10 22:00:00+00:00,0.0
4029,2013-01-10 22:30:00+00:00,0.0
4029,2013-01-10 23:00:00+00:00,0.0
4029,2013-01-10 23:30:00+00:00,0.0
4029,2013-01-11 00:00:00+00:00,0.0
4029,2013-01-11 00:30:00+00:00,0.0
4029,2013-01-11 01:00:00+00:00,0.0
4029,2013-01-11 01:30:00+00:00,0.0
4029,2013-01-11 02:00:00+00:00,0.0
4029,2013-01-11 02:30:00+00:00,0.0
4029,2013-01-11 03:00:00+00:00,0.0
4029,2013-01-11 03:30:00+00:00,0.0
4029,2013-01-11 04:00:00+00:00,0.0
4029,2013-01-11 04:30:00+00:00,0.0
4029,2013-01-11 05:00:00+00:00,0.0
4029,2013-01-11 05:30:00+00:00,0.0
4029,2013-01-11 06:00:00+00:00,0.0
4029,2013-01-11 06:30:00+00:00,0.0
4029,2013-01-11 07:00:00+00:00,0.0
4029,2013-01-11 07:30:00+00:00,0.0
4029,2013-01-11 08:00:00+00:00,0.0
4029,2013-01-11 08:30:00+00:00,0.0
4029,2013-01-11 09:00:00+00:00,0.0
4029,2013-01-11 09:30:00+00:00,0.0
4029,2013-01-11 10:00:00+00:00,50.0
4029,2013-01-11 10:30:00+00:00,80.55
4029,2013-01-11 11:00:00+00:00,100.0
4029,2013-01-11 11:30:00+00:00,99.98
4029,2013-01-11 12:00:00+00:00,99.97
4029,2013-01-11 12:30:00+00:00,50.12
4029,2013-01-11 13:00:00+00:00,69.38
4029,2013-01-11 13:30:00+00:00,30.55
4029,2013-01-11 14:00:00+00:00,50.12
4029,2013-01-11 14:30:00+00:00,69.33
4029,2013-01-11 15:00:00+00:00,50.0
4029,2013-01-11 15:30:00+00:00,0.0
4029,2013-01-11 16:00:00+00:00,0.0
4029,2013-01-11 16:30:00+00:00,0.0
4029,2013-01-11 17:00:00+00:00,0.0
4029,2013-01-11 17:30:00+00:00,0.0
4029,2013-01-11 18:00:00+00:00,0.0
4029,2013-01-11 18:30:00+00:00,0.0
4029,2013-01-11 19:00:00+00:00,0.0
4029,2013-01-11 19:30:00+00:00,0.0
4029,2013-01-11 20:00:00+00:00,0.0
4029,2013-01-11 20:30:00+00:00,0.0
4029,2013-01-11 21:00:00+00:00,0.0
4029,2013-01-11 21:30:00+00:00,0.0
4029,2013-01-11 22:00:00+00:00,0.0
4029,2013-01-11 22:30:00+00:00,0.0
4029,2013-01-11 23:00:00+00:00,0.0
4029,2013-01-11 23:30:00+00:00,0.0
4029,2013-01-12 00:00:00+00:00,0.0
4029,2013-01-12 00:30:00+00:00,0.0
4029,2013-01-12 01:00:00+00:00,0.0
4029,2013-01-12 01:30:00+00:00,0.0
4029,2013-01-12 02:00:00+00:00,0.0
4029,2013-01-12 02:30:00+00:00,0.0
4029,2013-01-12 03:00:00+00:00,0.0
4029,2013-01-12 03:30:00+00:00,0.0
4029,2013-01-12 04:00:00+00:00,0.0
4029,2013-01-12 04:30:00+00:00,0.0
4029,2013-01-12 05:00:00+00:00,0.0
4029,2013-01-12 05:30:00+00:00,0.0
4029,2013-01-12 06:00:00+00:00,0.0
4029,2013-01-12 06:30:00+00:00,0.0
4029,2013-01-12 07:00:00+00:00,0.0
4029,2013-01-12 07:30:00+00:00,0.0
4029,2013-01-12 08:00:00+00:00,0.0
4029,2013-01-12 08:30:00+00:00,0.0
4029,2013-01-12 09:00:00+00:00,0.0
4029,2013-01-12 09:30:00+00:00,50.0
4029,2013-01-12 10:00:00+00:00,50.0
4029,2013-01-12 10:30:00+00:00,50.0
4029,2013-01-12 11:00:00+00:00,80.77
4029,2013-01-12 11:30:00+00:00,119.23
4029,2013-01-12 12:00:00+00:00,50.0
4029,2013-01-12 12:30:00+00:00,0.0
4029,2013-01-12 13:00:00+00:00,50.0
4029,2013-01-12 13:30:00+00:00,50.0
4029,2013-01-12 14:00:00+00:00,0.0
4029,2013-01-12 14:30:00+00:00,0.0
4029,2013-01-12 15:00:00+00:00,50.0
4029,2013-01-12 15:30:00+00:00,0.0
4029,2013-01-12 16:00:00+00:00,0.0
4029,2013-01-12 16:30:00+00:00,0.0
4029,2013-01-12 17:00:00+00:00,0.0
4029,2013-01-12 17:30:00+00:00,0.0
4029,2013-01-12 18:00:00+00:00,0.0
4029,2013-01-12 18:30:00+00:00,0.0
4029,2013-01-12 19:00:00+00:00,0.0
4029,2013-01-12 19:30:00+00:00,0.0
4029,2013-01-12 20:00:00+00:00,0.0
4029,2013-01-12 20:30:00+00:00,0.0
4029,2013-01-12 21:00:00+00:00,0.0
4029,2013-01-12 21:30:00+00:00,0.0
4029,2013-01-12 22:00:00+00:00,0.0
4029,2013-01-12 22:30:00+00:00,0.0
4029,2013-01-12 23:00:00+00:00,0.0
4029,2013-01-12 23:30:00+00:00,0.0
4029,2013-01-13 00:00:00+00:00,0.0
4029,2013-01-13 00:30:00+00:00,0.0
4029,2013-01-13 01:00:00+00:00,0.0
4029,2013-01-13 01:30:00+00:00,0.0
4029,2013-01-13 02:00:00+00:00,0.0
4029,2013-01-13 02:30:00+00:00,0.0
4029,2013-01-13 03:00:00+00:00,0.0
4029,2013-01-13 03:30:00+00:00,0.0
4029,2013-01-13 04:00:00+00:00,0.0
4029,2013-01-13 04:30:00+00:00,0.0
4029,2013-01-13 05:00:00+00:00,0.0
4029,2013-01-13 05:30:00+00:00,0.0
4029,2013-01-13 06:00:00+00:00,0.0
4029,2013-01-13 06:30:00+00:00,0.0
4029,2013-01-13 07:00:00+00:00,0.0
4029,2013-01-13 07:30:00+00:00,0.0
4029,2013-01-13 08:00:00+00:00,0.0
4029,2013-01-13 08:30:00+00:00,0.0
4029,2013-01-13 09:00:00+00:00,0.0
4029,2013-01-13 09:30:00+00:00,31.02
4029,2013-01-13 10:00:00+00:00,68.98
4029,2013-01-13 10:30:00+00:00,50.0
4029,2013-01-13 11:00:00+00:00,50.0
4029,2013-01-13 11:30:00+00:00,31.03
4029,2013-01-13 12:00:00+00:00,100.05
4029,2013-01-13 12:30:00+00:00,68.92
4029,2013-01-13 13:00:00+00:00,80.97
4029,2013-01-13 13:30:00+00:00,100.11
4029,2013-01-13 14:00:00+00:00,118.92
4029,2013-01-13 14:30:00+00:00,81.03
4029,2013-01-13 15:00:00+00:00,100.05
4029,2013-01-13 15:30:00+00:00,118.92
4029,2013-01-13 16:00:00+00:00,50.0
4029,2013-01-13 16:30:00+00:00,0.0
4029,2013-01-13 17:00:00+00:00,0.0
4029,2013-01-13 17:30:00+00:00,0.0
4029,2013-01-13 18:00:00+00:00,0.0
4029,2013-01-13 18:30:00+00:00,0.0
4029,2013-01-13 19:00:00+00:00,0.0
4029,2013-01-13 19:30:00+00:00,0.0
4029,2013-01-13 20:00:00+00:00,0.0
4029,2013-01-13 20:30:00+00:00,0.0
4029,2013-01-13 21:00:00+00:00,0.0
4029,2013-01-13 21:30:00+00:00,0.0
4029,2013-01-13 22:00:00+00:00,0.0
4029,2013-01-13 22:30:00+00:00,0.0
4029,2013-01-13 23:00:00+00:00,0.0
4029,2013-01-13 23:30:00+00:00,0.0
4029,2013-01-14 00:00:00+00:00,0.0
4029,2013-01-14 00:30:00+00:00,0.0
4029,2013-01-14 01:00:00+00:00,0.0
4029,2013-01-14 01:30:00+00:00,0.0
4029,2013-01-14 02:00:00+00:00,0.0
4029,2013-01-14 02:30:00+00:00,0.0
4029,2013-01-14 03:00:00+00:00,0.0
4029,2013-01-14 03:30:00+00:00,0.0
4029,2013-01-14 04:00:00+00:00,0.0
4029,2013-01-14 04:30:00+00:00,0.0
4029,2013-01-14 05:00:00+00:00,0.0
4029,2013-01-14 05:30:00+00:00,0.0
4029,2013-01-14 06:00:00+00:00,0.0
4029,2013-01-14 06:30:00+00:00,0.0
4029,2013-01-14 07:00:00+00:00,0.0
4029,2013-01-14 07:30:00+00:00,0.0
4029,2013-01-14 08:00:00+00:00,0.0
4029,2013-01-14 08:30:00+00:00,0.0
4029,2013-01-14 09:00:00+00:00,0.0
4029,2013-01-14 09:30:00+00:00,0.0
4029,2013-01-14 10:00:00+00:00,0.0
4029,2013-01-14 10:30:00+00:00,0.0
4029,2013-01-14 11:00:00+00:00,50.0
4029,2013-01-14 11:30:00+00:00,81.23
4029,2013-01-14 12:00:00+00:00,50.07
4029,2013-01-14 12:30:00+00:00,49.85
4029,2013-01-14 13:00:00+00:00,50.07
4029,2013-01-14 13:30:00+00:00,18.78
4029,2013-01-14 14:00:00+00:00,50.0
4029,2013-01-14 14:30:00+00:00,0.0
4029,2013-01-14 15:00:00+00:00,0.0
4029,2013-01-14 15:30:00+00:00,0.0
4029,2013-01-14 16:00:00+00:00,0.0
4029,2013-01-14 16:30:00+00:00,0.0
4029,2013-01-14 17:00:00+00:00,0.0
4029,2013-01-14 17:30:00+00:00,0.0
4029,2013-01-14 18:00:00+00:00,0.0
4029,2013-01-14 18:30:00+00:00,0.0
4029,2013-01-14 19:00:00+00:00,0.0
4029,2013-01-14 19:30:00+00:00,0.0
4029,2013-01-14 20:00:00+00:00,0.0
4029,2013-01-14 20:30:00+00:00,0.0
4029,2013-01-14 21:00:00+00:00,0.0
4029,2013-01-14 21:30:00+00:00,0.0
4029,2013-01-14 22:00:00+00:00,0.0
4029,2013-01-14 22:30:00+00:00,0.0
4029,2013-01-14 23:00:00+00:00,0.0
4029,2013-01-14 23:30:00+00:00,0.0
4029,2013-01-15 00:00:00+00:00,0.0
4029,2013-01-15 00:30:00+00:00,0.0
4029,2013-01-15 01:00:00+00:00,0.0
4029,2013-01-15 01:30:00+00:00,0.0
4029,2013-01-15 02:00:00+00:00,0.0
4029,2013-01-15 02:30:00+00:00,0.0
4029,2013-01-15 03:00:00+00:00,0.0
4029,2013-01-15 03:30:00+00:00,0.0
4029,2013-01-15 04:00:00+00:00,0.0
4029,2013-01-15 04:30:00+00:00,0.0
4029,2013-01-15 05:00:00+00:00,0.0
4029,2013-01-15 05:30:00+00:00,0.0
4029,2013-01-15 06:00:00+00:00,0.0
4029,2013-01-15 06:30:00+00:00,0.0
4029,2013-01-15 07:00:00+00:00,0.0
4029,2013-01-15 07:30:00+00:00,0.0
4029,2013-01-15 08:00:00+00:00,0.0
4029,2013-01-15 08:30:00+00:00,31.47
4029,2013-01-15 09:00:00+00:00,18.53
4029,2013-01-15 09:30:00+00:00,131.5
4029,2013-01-15 10:00:00+00:00,281.56
4029,2013-01-15 10:30:00+00:00,331.38
4029,2013-01-15 11:00:00+00:00,399.81
4029,2013-01-15 11:30:00+00:00,337.14
4029,2013-01-15 12:00:00+00:00,394.28
4029,2013-01-15 12:30:00+00:00,763.02
4029,2013-01-15 13:00:00+00:00,737.64
4029,2013-01-15 13:30:00+00:00,518.08
4029,2013-01-15 14:00:00+00:00,350.03
4029,2013-01-15 14:30:00+00:00,187.04
4029,2013-01-15 15:00:00+00:00,100.07
4029,2013-01-15 15:30:00+00:00,68.45
4029,2013-01-15 16:00:00+00:00,0.0
4029,2013-01-15 16:30:00+00:00,0.0
4029,2013-01-15 17:00:00+00:00,0.0
4029,2013-01-15 17:30:00+00:00,0.0
4029,2013-01-15 18:00:00+00:00,0.0
4029,2013-01-15 18:30:00+00:00,0.0
4029,2013-01-15 19:00:00+00:00,0.0
4029,2013-01-15 19:30:00+00:00,0.0
4029,2013-01-15 20:00:00+00:00,0.0
4029,2013-01-15 20:30:00+00:00,0.0
4029,2013-01-15 21:00:00+00:00,0.0
4029,2013-01-15 21:30:00+00:00,0.0
4029,2013-01-15 22:00:00+00:00,0.0
4029,2013-01-15 22:30:00+00:00,0.0
4029,2013-01-15 23:00:00+00:00,0.0
4029,2013-01-15 23:30:00+00:00,0.0
4029,2013-01-16 00:00:00+00:00,0.0
4029,2013-01-16 00:30:00+00:00,0.0
4029,2013-01-16 01:00:00+00:00,0.0
4029,2013-01-16 01:30:00+00:00,0.0
4029,2013-01-16 02:00:00+00:00,0.0
4029,2013-01-16 02:30:00+00:00,0.0
4029,2013-01-16 03:00:00+00:00,0.0
4029,2013-01-16 03:30:00+00:00,0.0
4029,2013-01-16 04:00:00+00:00,0.0
4029,2013-01-16 04:30:00+00:00,0.0
4029,2013-01-16 05:00:00+00:00,0.0
4029,2013-01-16 05:30:00+00:00,0.0
4029,2013-01-16 06:00:00+00:00,0.0
4029,2013-01-16 06:30:00+00:00,0.0
4029,2013-01-16 07:00:00+00:00,0.0
4029,2013-01-16 07:30:00+00:00,0.0
4029,2013-01-16 08:00:00+00:00,0.0
4029,2013-01-16 08:30:00+00:00,0.0
4029,2013-01-16 09:00:00+00:00,50.0
4029,2013-01-16 09:30:00+00:00,31.61
4029,2013-01-16 10:00:00+00:00,50.06
4029,2013-01-16 10:30:00+00:00,68.33
4029,2013-01-16 11:00:00+00:00,100.0
4029,2013-01-16 11:30:00+00:00,131.72
4029,2013-01-16 12:00:00+00:00,118.28
4029,2013-01-16 12:30:00+00:00,131.73
4029,2013-01-16 13:00:00+00:00,149.97
4029,2013-01-16 13:30:00+00:00,313.64
4029,2013-01-16 14:00:00+00:00,399.82
4029,2013-01-16 14:30:00+00:00,318.34
4029,2013-01-16 15:00:00+00:00,186.5
4029,2013-01-16 15:30:00+00:00,100.0
4029,2013-01-16 16:00:00+00:00,50.0
4029,2013-01-16 16:30:00+00:00,0.0
4029,2013-01-16 17:00:00+00:00,0.0
4029,2013-01-16 17:30:00+00:00,0.0
4029,2013-01-16 18:00:00+00:00,0.0
4029,2013-01-16 18:30:00+00:00,0.0
4029,2013-01-16 19:00:00+00:00,0.0
4029,2013-01-16 19:30:00+00:00,0.0
4029,2013-01-16 20:00:00+00:00,0.0
4029,2013-01-16 20:30:00+00:00,0.0
4029,2013-01-16 21:00:00+00:00,0.0
4029,2013-01-16 21:30:00+00:00,0.0
4029,2013-01-16 22:00:00+00:00,0.0
4029,2013-01-16 22:30:00+00:00,0.0
4029,2013-01-16 23:00:00+00:00,0.0
4029,2013-01-16 23:30:00+00:00,0.0
4029,2013-01-17 00:00:00+00:00,0.0
4029,2013-01-17 00:30:00+00:00,0.0
4029,2013-01-17 01:00:00+00:00,0.0
4029,2013-01-17 01:30:00+00:00,0.0
4029,2013-01-17 02:00:00+00:00,0.0
4029,2013-01-17 02:30:00+00:00,0.0
4029,2013-01-17 03:00:00+00:00,0.0
4029,2013-01-17 03:30:00+00:00,0.0
4029,2013-01-17 04:00:00+00:00,0.0
4029,2013-01-17 04:30:00+00:00,0.0
4029,2013-01-17 05:00:00+00:00,0.0
4029,2013-01-17 05:30:00+00:00,0.0
4029,2013-01-17 06:00:00+00:00,0.0
4029,2013-01-17 06:30:00+00:00,0.0
4029,2013-01-17 07:00:00+00:00,0.0
4029,2013-01-17 07:30:00+00:00,0.0
4029,2013-01-17 08:00:00+00:00,0.0
4029,2013-01-17 08:30:00+00:00,0.0
4029,2013-01-17 09:00:00+00:00,81.89
4029,2013-01-17 09:30:00+00:00,281.94
4029,2013-01-17 10:00:00+00:00,350.12
4029,2013-01-17 10:30:00+00:00,299.88
4029,2013-01-17 11:00:00+00:00,364.26
4029,2013-01-17 11:30:00+00:00,713.41
4029,2013-01-17 12:00:00+00:00,850.0
4029,2013-01-17 12:30:00+00:00,899.68
4029,2013-01-17 13:00:00+00:00,786.94
4029,2013-01-17 13:30:00+00:00,617.65
4029,2013-01-17 14:00:00+00:00,532.35
4029,2013-01-17 14:30:00+00:00,385.87
4029,2013-01-17 15:00:00+00:00,267.93
4029,2013-01-17 15:30:00+00:00,150.1
4029,2013-01-17 16:00:00+00:00,17.98
4029,2013-01-17 16:30:00+00:00,0.0
4029,2013-01-17 17:00:00+00:00,0.0
4029,2013-01-17 17:30:00+00:00,0.0
4029,2013-01-17 18:00:00+00:00,0.0
4029,2013-01-17 18:30:00+00:00,0.0
4029,2013-01-17 19:00:00+00:00,0.0
4029,2013-01-17 19:30:00+00:00,0.0
4029,2013-01-17 20:00:00+00:00,0.0
4029,2013-01-17 20:30:00+00:00,0.0
4029,2013-01-17 21:00:00+00:00,0.0
4029,2013-01-17 21:30:00+00:00,0.0
4029,2013-01-17 22:00:00+00:00,0.0
4029,2013-01-17 22:30:00+00:00,0.0
4029,2013-01-17 23:00:00+00:00,0.0
4029,2013-01-17 23:30:00+00:00,0.0
4029,2013-01-18 00:00:00+00:00,0.0
4029,2013-01-18 00:30:00+00:00,0.0
4029,2013-01-18 01:00:00+00:00,0.0
4029,2013-01-18 01:30:00+00:00,0.0
4029,2013-01-18 02:00:00+00:00,0.0
4029,2013-01-18 02:30:00+00:00,0.0
4029,2013-01-18 03:00:00+00:00,0.0
4029,2013-01-18 03:30:00+00:00,0.0
4029,2013-01-18 04:00:00+00:00,0.0
4029,2013-01-18 04:30:00+00:00,0.0
4029,2013-01-18 05:00:00+00:00,0.0
4029,2013-01-18 05:30:00+00:00,0.0
4029,2013-01-18 06:00:00+00:00,0.0
4029,2013-01-18 06:30:00+00:00,0.0
4029,2013-01-18 07:00:00+00:00,0.0
4029,2013-01-18 07:30:00+00:00,0.0
4029,2013-01-18 08:00:00+00:00,0.0
4029,2013-01-18 08:30:00+00:00,0.0
4029,2013-01-18 09:00:00+00:00,0.0
4029,2013-01-18 09:30:00+00:00,0.0
4029,2013-01-18 10:00:00+00:00,32.03
4029,2013-01-18 10:30:00+00:00,50.19
4029,2013-01-18 11:00:00+00:00,67.78
4029,2013-01-18 11:30:00+00:00,50.0
4029,2013-01-18 12:00:00+00:00,82.11
4029,2013-01-18 12:30:00+00:00,67.89
4029,2013-01-18 13:00:00+00:00,50.0
4029,2013-01-18 13:30:00+00:00,32.19
4029,2013-01-18 14:00:00+00:00,17.81
4029,2013-01-18 14:30:00+00:00,0.0
4029,2013-01-18 15:00:00+00:00,50.0
4029,2013-01-18 15:30:00+00:00,0.0
4029,2013-01-18 16:00:00+00:00,0.0
4029,2013-01-18 16:30:00+00:00,0.0
4029,2013-01-18 17:00:00+00:00,0.0
4029,2013-01-18 17:30:00+00:00,0.0
4029,2013-01-18 18:00:00+00:00,0.0
4029,2013-01-18 18:30:00+00:00,0.0
4029,2013-01-18 19:00:00+00:00,0.0
4029,2013-01-18 19:30:00+00:00,0.0
4029,2013-01-18 20:00:00+00:00,0.0
4029,2013-01-18 20:30:00+00:00,0.0
4029,2013-01-18 21:00:00+00:00,0.0
4029,2013-01-18 21:30:00+00:00,0.0
4029,2013-01-18 22:00:00+00:00,0.0
4029,2013-01-18 22:30:00+00:00,0.0
4029,2013-01-18 23:00:00+00:00,0.0
4029,2013-01-18 23:30:00+00:00,0.0
4029,2013-01-19 00:00:00+00:00,0.0
4029,2013-01-19 00:30:00+00:00,0.0
4029,2013-01-19 01:00:00+00:00,0.0
4029,2013-01-19 01:30:00+00:00,0.0
4029,2013-01-19 02:00:00+00:00,0.0
4029,2013-01-19 02:30:00+00:00,0.0
4029,2013-01-19 03:00:00+00:00,0.0
4029,2013-01-19 03:30:00+00:00,0.0
4029,2013-01-19 04:00:00+00:00,0.0
4029,2013-01-19 04:30:00+00:00,0.0
4029,2013-01-19 05:00:00+00:00,0.0
4029,2013-01-19 05:30:00+00:00,0.0
4029,2013-01-19 06:00:00+00:00,0.0
4029,2013-01-19 06:30:00+00:00,0.0
4029,2013-01-19 07:00:00+00:00,0.0
4029,2013-01-19 07:30:00+00:00,0.0
4029,2013-01-19 08:00:00+00:00,0.0
4029,2013-01-19 08:30:00+00:00,0.0
4029,2013-01-19 09:00:00+00:00,0.0
4029,2013-01-19 09:30:00+00:00,0.0
4029,2013-01-19 10:00:00+00:00,0.0
4029,2013-01-19 10:30:00+00:00,0.0
4029,2013-01-19 11:00:00+00:00,50.0
4029,2013-01-19 11:30:00+00:00,0.0
4029,2013-01-19 12:00:00+00:00,32.42
4029,2013-01-19 12:30:00+00:00,17.58
4029,2013-01-19 13:00:00+00:00,0.0
4029,2013-01-19 13:30:00+00:00,0.0
4029,2013-01-19 14:00:00+00:00,50.0
4029,2013-01-19 14:30:00+00:00,0.0
4029,2013-01-19 15:00:00+00:00,0.0
4029,2013-01-19 15:30:00+00:00,0.0
4029,2013-01-19 16:00:00+00:00,0.0
4029,2013-01-19 16:30:00+00:00,0.0
4029,2013-01-19 17:00:00+00:00,0.0
4029,2013-01-19 17:30:00+00:00,0.0
4029,2013-01-19 18:00:00+00:00,0.0
4029,2013-01-19 18:30:00+00:00,0.0
4029,2013-01-19 19:00:00+00:00,0.0
4029,2013-01-19 19:30:00+00:00,0.0
4029,2013-01-19 20:00:00+00:00,0.0
4029,2013-01-19 20:30:00+00:00,0.0
4029,2013-01-19 21:00:00+00:00,0.0
4029,2013-01-19 21:30:00+00:00,0.0
4029,2013-01-19 22:00:00+00:00,0.0
4029,2013-01-19 22:30:00+00:00,0.0
4029,2013-01-19 23:00:00+00:00,0.0
4029,2013-01-19 23:30:00+00:00,0.0
4029,2013-01-20 00:00:00+00:00,0.0
4029,2013-01-20 00:30:00+00:00,0.0
4029,2013-01-20 01:00:00+00:00,0.0
4029,2013-01-20 01:30:00+00:00,0.0
4029,2013-01-20 02:00:00+00:00,0.0
4029,2013-01-20 02:30:00+00:00,0.0
4029,2013-01-20 03:00:00+00:00,0.0
4029,2013-01-20 03:30:00+00:00,0.0
4029,2013-01-20 04:00:00+00:00,0.0
4029,2013-01-20 04:30:00+00:00,0.0
4029,2013-01-20 05:00:00+00:00,0.0
4029,2013-01-20 05:30:00+00:00,0.0
4029,2013-01-20 06:00:00+00:00,0.0
4029,2013-01-20 06:30:00+00:00,0.0
4029,2013-01-20 07:00:00+00:00,0.0
4029,2013-01-20 07:30:00+00:00,0.0
4029,2013-01-20 08:00:00+00:00,0.0
4029,2013-01-20 08:30:00+00:00,0.0
4029,2013-01-20 09:00:00+00:00,0.0
4029,2013-01-20 09:30:00+00:00,0.0
4029,2013-01-20 10:00:00+00:00,0.0
4029,2013-01-20 10:30:00+00:00,0.0
4029,2013-01-20 11:00:00+00:00,0.0
4029,2013-01-20 11:30:00+00:00,0.0
4029,2013-01-20 12:00:00+00:00,0.0
4029,2013-01-20 12:30:00+00:00,0.0
4029,2013-01-20 13:00:00+00:00,0.0
4029,2013-01-20 13:30:00+00:00,0.0
4029,2013-01-20 14:00:00+00:00,0.0
4029,2013-01-20 14:30:00+00:00,0.0
4029,2013-01-20 15:00:00+00:00,0.0
4029,2013-01-20 15:30:00+00:00,0.0
4029,2013-01-20 16:00:00+00:00,0.0
4029,2013-01-20 16:30:00+00:00,0.0
4029,2013-01-20 17:00:00+00:00,0.0
4029,2013-01-20 17:30:00+00:00,0.0
4029,2013-01-20 18:00:00+00:00,0.0
4029,2013-01-20 18:30:00+00:00,0.0
4029,2013-01-20 19:00:00+00:00,0.0
4029,2013-01-20 19:30:00+00:00,0.0
4029,2013-01-20 20:00:00+00:00,0.0
4029,2013-01-20 20:30:00+00:00,0.0
4029,2013-01-20 21:00:00+00:00,0.0
4029,2013-01-20 21:30:00+00:00,0.0
4029,2013-01-20 22:00:00+00:00,0.0
4029,2013-01-20 22:30:00+00:00,0.0
4029,2013-01-20 23:00:00+00:00,0.0
4029,2013-01-20 23:30:00+00:00,0.0
4029,2013-01-21 00:00:00+00:00,0.0
4029,2013-01-21 00:30:00+00:00,0.0
4029,2013-01-21 01:00:00+00:00,0.0
4029,2013-01-21 01:30:00+00:00,0.0
4029,2013-01-21 02:00:00+00:00,0.0
4029,2013-01-21 02:30:00+00:00,0.0
4029,2013-01-21 03:00:00+00:00,0.0
4029,2013-01-21 03:30:00+00:00,0.0
4029,2013-01-21 04:00:00+00:00,0.0
4029,2013-01-21 04:30:00+00:00,0.0
4029,2013-01-21 05:00:00+00:00,0.0
4029,2013-01-21 05:30:00+00:00,0.0
4029,2013-01-21 06:00:00+00:00,0.0
4029,2013-01-21 06:30:00+00:00,0.0
4029,2013-01-21 07:00:00+00:00,0.0
4029,2013-01-21 07:30:00+00:00,0.0
4029,2013-01-21 08:00:00+00:00,0.0
4029,2013-01-21 08:30:00+00:00,0.0
4029,2013-01-21 09:00:00+00:00,0.0
4029,2013-01-21 09:30:00+00:00,0.0
4029,2013-01-21 10:00:00+00:00,0.0
4029,2013-01-21 10:30:00+00:00,0.0
4029,2013-01-21 11:00:00+00:00,50.0
4029,2013-01-21 11:30:00+00:00,0.0
4029,2013-01-21 12:00:00+00:00,0.0
4029,2013-01-21 12:30:00+00:00,0.0
4029,2013-01-21 13:00:00+00:00,0.0
4029,2013-01-21 13:30:00+00:00,50.0
4029,2013-01-21 14:00:00+00:00,0.0
4029,2013-01-21 14:30:00+00:00,50.0
4029,2013-01-21 15:00:00+00:00,0.0
4029,2013-01-21 15:30:00+00:00,0.0
4029,2013-01-21 16:00:00+00:00,0.0
4029,2013-01-21 16:30:00+00:00,0.0
4029,2013-01-21 17:00:00+00:00,0.0
4029,2013-01-21 17:30:00+00:00,0.0
4029,2013-01-21 18:00:00+00:00,0.0
4029,2013-01-21 18:30:00+00:00,0.0
4029,2013-01-21 19:00:00+00:00,0.0
4029,2013-01-21 19:30:00+00:00,0.0
4029,2013-01-21 20:00:00+00:00,0.0
4029,2013-01-21 20:30:00+00:00,0.0
4029,2013-01-21 21:00:00+00:00,0.0
4029,2013-01-21 21:30:00+00:00,0.0
4029,2013-01-21 22:00:00+00:00,0.0
4029,2013-01-21 22:30:00+00:00,0.0
4029,2013-01-21 23:00:00+00:00,0.0
4029,2013-01-21 23:30:00+00:00,0.0
4029,2013-01-22 00:00:00+00:00,0.0
4029,2013-01-22 00:30:00+00:00,0.0
4029,2013-01-22 01:00:00+00:00,0.0
4029,2013-01-22 01:30:00+00:00,0.0
4029,2013-01-22 02:00:00+00:00,0.0
4029,2013-01-22 02:30:00+00:00,0.0
4029,2013-01-22 03:00:00+00:00,0.0
4029,2013-01-22 03:30:00+00:00,0.0
4029,2013-01-22 04:00:00+00:00,0.0
4029,2013-01-22 04:30:00+00:00,0.0
4029,2013-01-22 05:00:00+00:00,0.0
4029,2013-01-22 05:30:00+00:00,0.0
4029,2013-01-22 06:00:00+00:00,0.0
4029,2013-01-22 06:30:00+00:00,0.0
4029,2013-01-22 07:00:00+00:00,0.0
4029,2013-01-22 07:30:00+00:00,0.0
4029,2013-01-22 08:00:00+00:00,0.0
4029,2013-01-22 08:30:00+00:00,0.0
4029,2013-01-22 09:00:00+00:00,50.0
4029,2013-01-22 09:30:00+00:00,0.0
4029,2013-01-22 10:00:00+00:00,83.14
4029,2013-01-22 10:30:00+00:00,133.08
4029,2013-01-22 11:00:00+00:00,133.78
4029,2013-01-22 11:30:00+00:00,83.19
4029,2013-01-22 12:00:00+00:00,149.98
4029,2013-01-22 12:30:00+00:00,383.11
4029,2013-01-22 13:00:00+00:00,216.86
4029,2013-01-22 13:30:00+00:00,199.94
4029,2013-01-22 14:00:00+00:00,100.03
4029,2013-01-22 14:30:00+00:00,66.89
4029,2013-01-22 15:00:00+00:00,50.0
4029,2013-01-22 15:30:00+00:00,50.0
4029,2013-01-22 16:00:00+00:00,0.0
4029,2013-01-22 16:30:00+00:00,0.0
4029,2013-01-22 17:00:00+00:00,0.0
4029,2013-01-22 17:30:00+00:00,0.0
4029,2013-01-22 18:00:00+00:00,0.0
4029,2013-01-22 18:30:00+00:00,0.0
4029,2013-01-22 19:00:00+00:00,0.0
4029,2013-01-22 19:30:00+00:00,0.0
4029,2013-01-22 20:00:00+00:00,0.0
4029,2013-01-22 20:30:00+00:00,0.0
4029,2013-01-22 21:00:00+00:00,0.0
4029,2013-01-22 21:30:00+00:00,0.0
4029,2013-01-22 22:00:00+00:00,0.0
4029,2013-01-22 22:30:00+00:00,0.0
4029,2013-01-22 23:00:00+00:00,0.0
4029,2013-01-22 23:30:00+00:00,0.0
4029,2013-01-23 00:00:00+00:00,0.0
4029,2013-01-23 00:30:00+00:00,0.0
4029,2013-01-23 01:00:00+00:00,0.0
4029,2013-01-23 01:30:00+00:00,0.0
4029,2013-01-23 02:00:00+00:00,0.0
4029,2013-01-23 02:30:00+00:00,0.0
4029,2013-01-23 03:00:00+00:00,0.0
4029,2013-01-23 03:30:00+00:00,0.0
4029,2013-01-23 04:00:00+00:00,0.0
4029,2013-01-23 04:30:00+00:00,0.0
4029,2013-01-23 05:00:00+00:00,0.0
4029,2013-01-23 05:30:00+00:00,0.0
4029,2013-01-23 06:00:00+00:00,0.0
4029,2013-01-23 06:30:00+00:00,0.0
4029,2013-01-23 07:00:00+00:00,0.0
4029,2013-01-23 07:30:00+00:00,0.0
4029,2013-01-23 08:00:00+00:00,0.0
4029,2013-01-23 08:30:00+00:00,0.0
4029,2013-01-23 09:00:00+00:00,50.0
4029,2013-01-23 09:30:00+00:00,0.0
4029,2013-01-23 10:00:00+00:00,50.0
4029,2013-01-23 10:30:00+00:00,50.0
4029,2013-01-23 11:00:00+00:00,50.0
4029,2013-01-23 11:30:00+00:00,83.25
4029,2013-01-23 12:00:00+00:00,50.19
4029,2013-01-23 12:30:00+00:00,66.56
4029,2013-01-23 13:00:00+00:00,50.0
4029,2013-01-23 13:30:00+00:00,50.0
4029,2013-01-23 14:00:00+00:00,50.0
4029,2013-01-23 14:30:00+00:00,50.0
4029,2013-01-23 15:00:00+00:00,33.47
4029,2013-01-23 15:30:00+00:00,16.53
4029,2013-01-23 16:00:00+00:00,0.0
4029,2013-01-23 16:30:00+00:00,0.0
4029,2013-01-23 17:00:00+00:00,0.0
4029,2013-01-23 17:30:00+00:00,0.0
4029,2013-01-23 18:00:00+00:00,0.0
4029,2013-01-23 18:30:00+00:00,0.0
4029,2013-01-23 19:00:00+00:00,0.0
4029,2013-01-23 19:30:00+00:00,0.0
4029,2013-01-23 20:00:00+00:00,0.0
4029,2013-01-23 20:30:00+00:00,0.0
4029,2013-01-23 21:00:00+00:00,0.0
4029,2013-01-23 21:30:00+00:00,0.0
4029,2013-01-23 22:00:00+00:00,0.0
4029,2013-01-23 22:30:00+00:00,0.0
4029,2013-01-23 23:00:00+00:00,0.0
4029,2013-01-23 23:30:00+00:00,0.0
4029,2013-01-24 00:00:00+00:00,0.0
4029,2013-01-24 00:30:00+00:00,0.0
4029,2013-01-24 01:00:00+00:00,0.0
4029,2013-01-24 01:30:00+00:00,0.0
4029,2013-01-24 02:00:00+00:00,0.0
4029,2013-01-24 02:30:00+00:00,0.0
4029,2013-01-24 03:00:00+00:00,0.0
4029,2013-01-24 03:30:00+00:00,0.0
4029,2013-01-24 04:00:00+00:00,0.0
4029,2013-01-24 04:30:00+00:00,0.0
4029,2013-01-24 05:00:00+00:00,0.0
4029,2013-01-24 05:30:00+00:00,0.0
4029,2013-01-24 06:00:00+00:00,0.0
4029,2013-01-24 06:30:00+00:00,0.0
4029,2013-01-24 07:00:00+00:00,0.0
4029,2013-01-24 07:30:00+00:00,0.0
4029,2013-01-24 08:00:00+00:00,0.0
4029,2013-01-24 08:30:00+00:00,0.0
4029,2013-01-24 09:00:00+00:00,0.0
4029,2013-01-24 09:30:00+00:00,0.0
4029,2013-01-24 10:00:00+00:00,0.0
4029,2013-01-24 10:30:00+00:00,50.0
4029,2013-01-24 11:00:00+00:00,0.0
4029,2013-01-24 11:30:00+00:00,0.0
4029,2013-01-24 12:00:00+00:00,50.0
4029,2013-01-24 12:30:00+00:00,50.0
4029,2013-01-24 13:00:00+00:00,50.0
4029,2013-01-24 13:30:00+00:00,50.0
4029,2013-01-24 14:00:00+00:00,83.61
4029,2013-01-24 14:30:00+00:00,16.39
4029,2013-01-24 15:00:00+00:00,50.0
4029,2013-01-24 15:30:00+00:00,0.0
4029,2013-01-24 16:00:00+00:00,0.0
4029,2013-01-24 16:30:00+00:00,0.0
4029,2013-01-24 17:00:00+00:00,0.0
4029,2013-01-24 17:30:00+00:00,0.0
4029,2013-01-24 18:00:00+00:00,0.0
4029,2013-01-24 18:30:00+00:00,0.0
4029,2013-01-24 19:00:00+00:00,0.0
4029,2013-01-24 19:30:00+00:00,0.0
4029,2013-01-24 20:00:00+00:00,0.0
4029,2013-01-24 20:30:00+00:00,0.0
4029,2013-01-24 21:00:00+00:00,0.0
4029,2013-01-24 21:30:00+00:00,0.0
4029,2013-01-24 22:00:00+00:00,0.0
4029,2013-01-24 22:30:00+00:00,0.0
4029,2013-01-24 23:00:00+00:00,0.0
4029,2013-01-24 23:30:00+00:00,0.0
4029,2013-01-25 00:00:00+00:00,0.0
4029,2013-01-25 00:30:00+00:00,0.0
4029,2013-01-25 01:00:00+00:00,0.0
4029,2013-01-25 01:30:00+00:00,0.0
4029,2013-01-25 02:00:00+00:00,0.0
4029,2013-01-25 02:30:00+00:00,0.0
4029,2013-01-25 03:00:00+00:00,0.0
4029,2013-01-25 03:30:00+00:00,0.0
4029,2013-01-25 04:00:00+00:00,0.0
4029,2013-01-25 04:30:00+00:00,0.0
4029,2013-01-25 05:00:00+00:00,0.0
4029,2013-01-25 05:30:00+00:00,0.0
4029,2013-01-25 06:00:00+00:00,0.0
4029,2013-01-25 06:30:00+00:00,0.0
4029,2013-01-25 07:00:00+00:00,0.0
4029,2013-01-25 07:30:00+00:00,0.0
4029,2013-01-25 08:00:00+00:00,0.0
4029,2013-01-25 08:30:00+00:00,0.0
4029,2013-01-25 09:00:00+00:00,50.0
4029,2013-01-25 09:30:00+00:00,0.0
4029,2013-01-25 10:00:00+00:00,0.0
4029,2013-01-25 10:30:00+00:00,50.0
4029,2013-01-25 11:00:00+00:00,33.83
4029,2013-01-25 11:30:00+00:00,49.98
4029,2013-01-25 12:00:00+00:00,100.02
4029,2013-01-25 12:30:00+00:00,150.0
4029,2013-01-25 13:00:00+00:00,200.0
4029,2013-01-25 13:30:00+00:00,100.17
4029,2013-01-25 14:00:00+00:00,66.0
4029,2013-01-25 14:30:00+00:00,50.0
4029,2013-01-25 15:00:00+00:00,50.0
4029,2013-01-25 15:30:00+00:00,50.0
4029,2013-01-25 16:00:00+00:00,0.0
4029,2013-01-25 16:30:00+00:00,0.0
4029,2013-01-25 17:00:00+00:00,0.0
4029,2013-01-25 17:30:00+00:00,0.0
4029,2013-01-25 18:00:00+00:00,0.0
4029,2013-01-25 18:30:00+00:00,0.0
4029,2013-01-25 19:00:00+00:00,0.0
4029,2013-01-25 19:30:00+00:00,0.0
4029,2013-01-25 20:00:00+00:00,0.0
4029,2013-01-25 20:30:00+00:00,0.0
4029,2013-01-25 21:00:00+00:00,0.0
4029,2013-01-25 21:30:00+00:00,0.0
4029,2013-01-25 22:00:00+00:00,0.0
4029,2013-01-25 22:30:00+00:00,0.0
4029,2013-01-25 23:00:00+00:00,0.0
4029,2013-01-25 23:30:00+00:00,0.0
4029,2013-01-26 00:00:00+00:00,0.0
4029,2013-01-26 00:30:00+00:00,0.0
4029,2013-01-26 01:00:00+00:00,0.0
4029,2013-01-26 01:30:00+00:00,0.0
4029,2013-01-26 02:00:00+00:00,0.0
4029,2013-01-26 02:30:00+00:00,0.0
4029,2013-01-26 03:00:00+00:00,0.0
4029,2013-01-26 03:30:00+00:00,0.0
4029,2013-01-26 04:00:00+00:00,0.0
4029,2013-01-26 04:30:00+00:00,0.0
4029,2013-01-26 05:00:00+00:00,0.0
4029,2013-01-26 05:30:00+00:00,0.0
4029,2013-01-26 06:00:00+00:00,0.0
4029,2013-01-26 06:30:00+00:00,0.0
4029,2013-01-26 07:00:00+00:00,0.0
4029,2013-01-26 07:30:00+00:00,0.0
4029,2013-01-26 08:00:00+00:00,0.0
4029,2013-01-26 08:30:00+00:00,34.05
4029,2013-01-26 09:00:00+00:00,99.95
4029,2013-01-26 09:30:00+00:00,284.0
4029,2013-01-26 10:00:00+00:00,400.33
4029,2013-01-26 10:30:00+00:00,468.0
4029,2013-01-26 11:00:00+00:00,549.88
4029,2013-01-26 11:30:00+00:00,734.23
4029,2013-01-26 12:00:00+00:00,833.4
4029,2013-01-26 12:30:00+00:00,900.64
4029,2013-01-26 13:00:00+00:00,866.64
4029,2013-01-26 13:30:00+00:00,581.38
4029,2013-01-26 14:00:00+00:00,499.66
4029,2013-01-26 14:30:00+00:00,416.23
4029,2013-01-26 15:00:00+00:00,265.69
4029,2013-01-26 15:30:00+00:00,150.03
4029,2013-01-26 16:00:00+00:00,115.89
4029,2013-01-26 16:30:00+00:00,0.0
4029,2013-01-26 17:00:00+00:00,0.0
4029,2013-01-26 17:30:00+00:00,0.0
4029,2013-01-26 18:00:00+00:00,0.0
4029,2013-01-26 18:30:00+00:00,0.0
4029,2013-01-26 19:00:00+00:00,0.0
4029,2013-01-26 19:30:00+00:00,0.0
4029,2013-01-26 20:00:00+00:00,0.0
4029,2013-01-26 20:30:00+00:00,0.0
4029,2013-01-26 21:00:00+00:00,0.0
4029,2013-01-26 21:30:00+00:00,0.0
4029,2013-01-26 22:00:00+00:00,0.0
4029,2013-01-26 22:30:00+00:00,0.0
4029,2013-01-26 23:00:00+00:00,0.0
4029,2013-01-26 23:30:00+00:00,0.0
4029,2013-01-27 00:00:00+00:00,0.0
4029,2013-01-27 00:30:00+00:00,0.0
4029,2013-01-27 01:00:00+00:00,0.0
4029,2013-01-27 01:30:00+00:00,0.0
4029,2013-01-27 02:00:00+00:00,0.0
4029,2013-01-27 02:30:00+00:00,0.0
4029,2013-01-27 03:00:00+00:00,0.0
4029,2013-01-27 03:30:00+00:00,0.0
4029,2013-01-27 04:00:00+00:00,0.0
4029,2013-01-27 04:30:00+00:00,0.0
4029,2013-01-27 05:00:00+00:00,0.0
4029,2013-01-27 05:30:00+00:00,0.0
4029,2013-01-27 06:00:00+00:00,0.0
4029,2013-01-27 06:30:00+00:00,0.0
4029,2013-01-27 07:00:00+00:00,0.0
4029,2013-01-27 07:30:00+00:00,0.0
4029,2013-01-27 08:00:00+00:00,0.0
4029,2013-01-27 08:30:00+00:00,0.0
4029,2013-01-27 09:00:00+00:00,50.0
4029,2013-01-27 09:30:00+00:00,50.0
4029,2013-01-27 10:00:00+00:00,100.0
4029,2013-01-27 10:30:00+00:00,302.67
4029,2013-01-27 11:00:00+00:00,568.71
4029,2013-01-27 11:30:00+00:00,784.46
4029,2013-01-27 12:00:00+00:00,865.13
4029,2013-01-27 12:30:00+00:00,735.37
4029,2013-01-27 13:00:00+00:00,899.82
4029,2013-01-27 13:30:00+00:00,799.84
4029,2013-01-27 14:00:00+00:00,731.79
4029,2013-01-27 14:30:00+00:00,431.04
4029,2013-01-27 15:00:00+00:00,300.0
4029,2013-01-27 15:30:00+00:00,199.84
4029,2013-01-27 16:00:00+00:00,81.33
4029,2013-01-27 16:30:00+00:00,0.0
4029,2013-01-27 17:00:00+00:00,0.0
4029,2013-01-27 17:30:00+00:00,0.0
4029,2013-01-27 18:00:00+00:00,0.0
4029,2013-01-27 18:30:00+00:00,0.0
4029,2013-01-27 19:00:00+00:00,0.0
4029,2013-01-27 19:30:00+00:00,0.0
4029,2013-01-27 20:00:00+00:00,0.0
4029,2013-01-27 20:30:00+00:00,0.0
4029,2013-01-27 21:00:00+00:00,0.0
4029,2013-01-27 21:30:00+00:00,0.0
4029,2013-01-27 22:00:00+00:00,0.0
4029,2013-01-27 22:30:00+00:00,0.0
4029,2013-01-27 23:00:00+00:00,0.0
4029,2013-01-27 23:30:00+00:00,0.0
4029,2013-01-28 00:00:00+00:00,0.0
4029,2013-01-28 00:30:00+00:00,0.0
4029,2013-01-28 01:00:00+00:00,0.0
4029,2013-01-28 01:30:00+00:00,0.0
4029,2013-01-28 02:00:00+00:00,0.0
4029,2013-01-28 02:30:00+00:00,0.0
4029,2013-01-28 03:00:00+00:00,0.0
4029,2013-01-28 03:30:00+00:00,0.0
4029,2013-01-28 04:00:00+00:00,0.0
4029,2013-01-28 04:30:00+00:00,0.0
4029,2013-01-28 05:00:00+00:00,0.0
4029,2013-01-28 05:30:00+00:00,0.0
4029,2013-01-28 06:00:00+00:00,0.0
4029,2013-01-28 06:30:00+00:00,0.0
4029,2013-01-28 07:00:00+00:00,0.0
4029,2013-01-28 07:30:00+00:00,0.0
4029,2013-01-28 08:00:00+00:00,0.0
4029,2013-01-28 08:30:00+00:00,34.58
4029,2013-01-28 09:00:00+00:00,100.0
4029,2013-01-28 09:30:00+00:00,353.98
4029,2013-01-28 10:00:00+00:00,465.11
4029,2013-01-28 10:30:00+00:00,415.66
4029,2013-01-28 11:00:00+00:00,265.17
4029,2013-01-28 11:30:00+00:00,250.08
4029,2013-01-28 12:00:00+00:00,249.95
4029,2013-01-28 12:30:00+00:00,115.47
4029,2013-01-28 13:00:00+00:00,84.64
4029,2013-01-28 13:30:00+00:00,99.94
4029,2013-01-28 14:00:00+00:00,15.42
4029,2013-01-28 14:30:00+00:00,50.0
4029,2013-01-28 15:00:00+00:00,0.0
4029,2013-01-28 15:30:00+00:00,50.0
4029,2013-01-28 16:00:00+00:00,0.0
4029,2013-01-28 16:30:00+00:00,0.0
4029,2013-01-28 17:00:00+00:00,0.0
4029,2013-01-28 17:30:00+00:00,0.0
4029,2013-01-28 18:00:00+00:00,0.0
4029,2013-01-28 18:30:00+00:00,0.0
4029,2013-01-28 19:00:00+00:00,0.0
4029,2013-01-28 19:30:00+00:00,0.0
4029,2013-01-28 20:00:00+00:00,0.0
4029,2013-01-28 20:30:00+00:00,0.0
4029,2013-01-28 21:00:00+00:00,0.0
4029,2013-01-28 21:30:00+00:00,0.0
4029,2013-01-28 22:00:00+00:00,0.0
4029,2013-01-28 22:30:00+00:00,0.0
4029,2013-01-28 23:00:00+00:00,0.0
4029,2013-01-28 23:30:00+00:00,0.0
4029,2013-01-29 00:00:00+00:00,0.0
4029,2013-01-29 00:30:00+00:00,0.0
4029,2013-01-29 01:00:00+00:00,0.0
4029,2013-01-29 01:30:00+00:00,0.0
4029,2013-01-29 02:00:00+00:00,0.0
4029,2013-01-29 02:30:00+00:00,0.0
4029,2013-01-29 03:00:00+00:00,0.0
4029,2013-01-29 03:30:00+00:00,0.0
4029,2013-01-29 04:00:00+00:00,0.0
4029,2013-01-29 04:30:00+00:00,0.0
4029,2013-01-29 05:00:00+00:00,0.0
4029,2013-01-29 05:30:00+00:00,0.0
4029,2013-01-29 06:00:00+00:00,0.0
4029,2013-01-29 06:30:00+00:00,0.0
4029,2013-01-29 07:00:00+00:00,0.0
4029,2013-01-29 07:30:00+00:00,0.0
4029,2013-01-29 08:00:00+00:00,0.0
4029,2013-01-29 08:30:00+00:00,0.0
4029,2013-01-29 09:00:00+00:00,0.0
4029,2013-01-29 09:30:00+00:00,0.0
4029,2013-01-29 10:00:00+00:00,0.0
4029,2013-01-29 10:30:00+00:00,50.0
4029,2013-01-29 11:00:00+00:00,50.0
4029,2013-01-29 11:30:00+00:00,84.81
4029,2013-01-29 12:00:00+00:00,50.05
4029,2013-01-29 12:30:00+00:00,65.14
4029,2013-01-29 13:00:00+00:00,34.75
4029,2013-01-29 13:30:00+00:00,65.25
4029,2013-01-29 14:00:00+00:00,50.0
4029,2013-01-29 14:30:00+00:00,50.0
4029,2013-01-29 15:00:00+00:00,0.0
4029,2013-01-29 15:30:00+00:00,50.0
4029,2013-01-29 16:00:00+00:00,0.0
4029,2013-01-29 16:30:00+00:00,0.0
4029,2013-01-29 17:00:00+00:00,0.0
4029,2013-01-29 17:30:00+00:00,0.0
4029,2013-01-29 18:00:00+00:00,0.0
4029,2013-01-29 18:30:00+00:00,0.0
4029,2013-01-29 19:00:00+00:00,0.0
4029,2013-01-29 19:30:00+00:00,0.0
4029,2013-01-29 20:00:00+00:00,0.0
4029,2013-01-29 20:30:00+00:00,0.0
4029,2013-01-29 21:00:00+00:00,0.0
4029,2013-01-29 21:30:00+00:00,0.0
4029,2013-01-29 22:00:00+00:00,0.0
4029,2013-01-29 22:30:00+00:00,0.0
4029,2013-01-29 23:00:00+00:00,0.0
4029,2013-01-29 23:30:00+00:00,0.0
4029,2013-01-30 00:00:00+00:00,0.0
4029,2013-01-30 00:30:00+00:00,0.0
4029,2013-01-30 01:00:00+00:00,0.0
4029,2013-01-30 01:30:00+00:00,0.0
4029,2013-01-30 02:00:00+00:00,0.0
4029,2013-01-30 02:30:00+00:00,0.0
4029,2013-01-30 03:00:00+00:00,0.0
4029,2013-01-30 03:30:00+00:00,0.0
4029,2013-01-30 04:00:00+00:00,0.0
4029,2013-01-30 04:30:00+00:00,0.0
4029,2013-01-30 05:00:00+00:00,0.0
4029,2013-01-30 05:30:00+00:00,0.0
4029,2013-01-30 06:00:00+00:00,0.0
4029,2013-01-30 06:30:00+00:00,0.0
4029,2013-01-30 07:00:00+00:00,0.0
4029,2013-01-30 07:30:00+00:00,0.0
4029,2013-01-30 08:00:00+00:00,0.0
4029,2013-01-30 08:30:00+00:00,0.0
4029,2013-01-30 09:00:00+00:00,0.0
4029,2013-01-30 09:30:00+00:00,135.02
4029,2013-01-30 10:00:00+00:00,150.04
4029,2013-01-30 10:30:00+00:00,334.99
4029,2013-01-30 11:00:00+00:00,115.07
4029,2013-01-30 11:30:00+00:00,375.18
4029,2013-01-30 12:00:00+00:00,665.24
4029,2013-01-30 12:30:00+00:00,884.61
4029,2013-01-30 13:00:00+00:00,900.4
4029,2013-01-30 13:30:00+00:00,749.45
4029,2013-01-30 14:00:00+00:00,715.29
4029,2013-01-30 14:30:00+00:00,580.21
4029,2013-01-30 15:00:00+00:00,499.93
4029,2013-01-30 15:30:00+00:00,364.97
4029,2013-01-30 16:00:00+00:00,79.6
4029,2013-01-30 16:30:00+00:00,50.0
4029,2013-01-30 17:00:00+00:00,0.0
4029,2013-01-30 17:30:00+00:00,0.0
4029,2013-01-30 18:00:00+00:00,0.0
4029,2013-01-30 18:30:00+00:00,0.0
4029,2013-01-30 19:00:00+00:00,0.0
4029,2013-01-30 19:30:00+00:00,0.0
4029,2013-01-30 20:00:00+00:00,0.0
4029,2013-01-30 20:30:00+00:00,0.0
4029,2013-01-30 21:00:00+00:00,0.0
4029,2013-01-30 21:30:00+00:00,0.0
4029,2013-01-30 22:00:00+00:00,0.0
4029,2013-01-30 22:30:00+00:00,0.0
4029,2013-01-30 23:00:00+00:00,0.0
4029,2013-01-30 23:30:00+00:00,0.0
4029,2013-01-31 00:00:00+00:00,0.0
4029,2013-01-31 00:30:00+00:00,0.0
4029,2013-01-31 01:00:00+00:00,0.0
4029,2013-01-31 01:30:00+00:00,0.0
4029,2013-01-31 02:00:00+00:00,0.0
4029,2013-01-31 02:30:00+00:00,0.0
4029,2013-01-31 03:00:00+00:00,0.0
4029,2013-01-31 03:30:00+00:00,0.0
4029,2013-01-31 04:00:00+00:00,0.0
4029,2013-01-31 04:30:00+00:00,0.0
4029,2013-01-31 05:00:00+00:00,0.0
4029,2013-01-31 05:30:00+00:00,0.0
4029,2013-01-31 06:00:00+00:00,0.0
4029,2013-01-31 06:30:00+00:00,0.0
4029,2013-01-31 07:00:00+00:00,0.0
4029,2013-01-31 07:30:00+00:00,0.0
4029,2013-01-31 08:00:00+00:00,0.0
4029,2013-01-31 08:30:00+00:00,0.0
4029,2013-01-31 09:00:00+00:00,35.39
4029,2013-01-31 09:30:00+00:00,185.23
4029,2013-01-31 10:00:00+00:00,435.63
4029,2013-01-31 10:30:00+00:00,379.06
4029,2013-01-31 11:00:00+00:00,149.96
4029,2013-01-31 11:30:00+00:00,99.98
4029,2013-01-31 12:00:00+00:00,491.71
4029,2013-01-31 12:30:00+00:00,664.47
4029,2013-01-31 13:00:00+00:00,485.41
4029,2013-01-31 13:30:00+00:00,679.06
4029,2013-01-31 14:00:00+00:00,570.35
4029,2013-01-31 14:30:00+00:00,529.65
4029,2013-01-31 15:00:00+00:00,414.82
4029,2013-01-31 15:30:00+00:00,164.62
4029,2013-01-31 16:00:00+00:00,64.66
4029,2013-01-31 16:30:00+00:00,0.0
4029,2013-01-31 17:00:00+00:00,0.0
4029,2013-01-31 17:30:00+00:00,0.0
4029,2013-01-31 18:00:00+00:00,0.0
4029,2013-01-31 18:30:00+00:00,0.0
4029,2013-01-31 19:00:00+00:00,0.0
4029,2013-01-31 19:30:00+00:00,0.0
4029,2013-01-31 20:00:00+00:00,0.0
4029,2013-01-31 20:30:00+00:00,0.0
4029,2013-01-31 21:00:00+00:00,0.0
4029,2013-01-31 21:30:00+00:00,0.0
4029,2013-01-31 22:00:00+00:00,0.0
4029,2013-01-31 22:30:00+00:00,0.0
4029,2013-01-31 23:00:00+00:00,0.0
4029,2013-01-31 23:30:00+00:00,0.0
4029,2013-02-01 00:30:00+00:00,0.0
4029,2013-02-01 01:00:00+00:00,0.0
4029,2013-02-01 01:30:00+00:00,0.0
4029,2013-02-01 02:00:00+00:00,0.0
4029,2013-02-01 02:30:00+00:00,0.0
4029,2013-02-01 03:00:00+00:00,0.0
4029,2013-02-01 03:30:00+00:00,0.0
4029,2013-02-01 04:00:00+00:00,0.0
4029,2013-02-01 04:30:00+00:00,0.0
4029,2013-02-01 05:00:00+00:00,0.0
4029,2013-02-01 05:30:00+00:00,0.0
4029,2013-02-01 06:00:00+00:00,0.0
4029,2013-02-01 06:30:00+00:00,0.0
4029,2013-02-01 07:00:00+00:00,0.0
4029,2013-02-01 07:30:00+00:00,0.0
4029,2013-02-01 08:00:00+00:00,0.0
4029,2013-02-01 08:30:00+00:00,0.0
4029,2013-02-01 09:00:00+00:00,0.0
4029,2013-02-01 09:30:00+00:00,50.0
4029,2013-02-01 10:00:00+00:00,0.0
4029,2013-02-01 10:30:00+00:00,0.0
4029,2013-02-01 11:00:00+00:00,50.0
4029,2013-02-01 11:30:00+00:00,50.0
4029,2013-02-01 12:00:00+00:00,50.0
4029,2013-02-01 12:30:00+00:00,85.67
4029,2013-02-01 13:00:00+00:00,149.88
4029,2013-02-01 13:30:00+00:00,214.45
4029,2013-02-01 14:00:00+00:00,357.0
4029,2013-02-01 14:30:00+00:00,193.0
4029,2013-02-01 15:00:00+00:00,50.0
4029,2013-02-01 15:30:00+00:00,135.67
4029,2013-02-01 16:00:00+00:00,64.33
4029,2013-02-01 16:30:00+00:00,0.0
4029,2013-02-01 17:00:00+00:00,0.0
4029,2013-02-01 17:30:00+00:00,0.0
4029,2013-02-01 18:00:00+00:00,0.0
4029,2013-02-01 18:30:00+00:00,0.0
4029,2013-02-01 19:00:00+00:00,0.0
4029,2013-02-01 19:30:00+00:00,0.0
4029,2013-02-01 20:00:00+00:00,0.0
4029,2013-02-01 20:30:00+00:00,0.0
4029,2013-02-01 21:00:00+00:00,0.0
4029,2013-02-01 21:30:00+00:00,0.0
4029,2013-02-01 22:00:00+00:00,0.0
4029,2013-02-01 22:30:00+00:00,0.0
4029,2013-02-01 23:00:00+00:00,0.0
4029,2013-02-01 23:30:00+00:00,0.0
4029,2013-02-02 00:00:00+00:00,0.0
4029,2013-02-02 00:30:00+00:00,0.0
4029,2013-02-02 01:00:00+00:00,0.0
4029,2013-02-02 01:30:00+00:00,0.0
4029,2013-02-02 02:00:00+00:00,0.0
4029,2013-02-02 02:30:00+00:00,0.0
4029,2013-02-02 03:00:00+00:00,0.0
4029,2013-02-02 03:30:00+00:00,0.0
4029,2013-02-02 04:00:00+00:00,0.0
4029,2013-02-02 04:30:00+00:00,0.0
4029,2013-02-02 05:00:00+00:00,0.0
4029,2013-02-02 05:30:00+00:00,0.0
4029,2013-02-02 06:00:00+00:00,0.0
4029,2013-02-02 06:30:00+00:00,0.0
4029,2013-02-02 07:00:00+00:00,0.0
4029,2013-02-02 07:30:00+00:00,0.0
4029,2013-02-02 08:00:00+00:00,0.0
4029,2013-02-02 08:30:00+00:00,50.0
4029,2013-02-02 09:00:00+00:00,42.83
4029,2013-02-02 09:30:00+00:00,214.6
4029,2013-02-02 10:00:00+00:00,128.24
4029,2013-02-02 10:30:00+00:00,200.1
4029,2013-02-02 11:00:00+00:00,285.71
4029,2013-02-02 11:30:00+00:00,557.15
4029,2013-02-02 12:00:00+00:00,564.18
4029,2013-02-02 12:30:00+00:00,428.81
4029,2013-02-02 13:00:00+00:00,178.38
4029,2013-02-02 13:30:00+00:00,385.77
4029,2013-02-02 14:00:00+00:00,200.06
4029,2013-02-02 14:30:00+00:00,249.94
4029,2013-02-02 15:00:00+00:00,385.94
4029,2013-02-02 15:30:00+00:00,114.06
4029,2013-02-02 16:00:00+00:00,14.23
4029,2013-02-02 16:30:00+00:00,0.0
4029,2013-02-02 17:00:00+00:00,0.0
4029,2013-02-02 17:30:00+00:00,0.0
4029,2013-02-02 18:00:00+00:00,0.0
4029,2013-02-02 18:30:00+00:00,0.0
4029,2013-02-02 19:00:00+00:00,0.0
4029,2013-02-02 19:30:00+00:00,0.0
4029,2013-02-02 20:00:00+00:00,0.0
4029,2013-02-02 20:30:00+00:00,0.0
4029,2013-02-02 21:00:00+00:00,0.0
4029,2013-02-02 21:30:00+00:00,0.0
4029,2013-02-02 22:00:00+00:00,0.0
4029,2013-02-02 22:30:00+00:00,0.0
4029,2013-02-02 23:00:00+00:00,0.0
4029,2013-02-02 23:30:00+00:00,0.0
4029,2013-02-03 00:00:00+00:00,0.0
4029,2013-02-03 00:30:00+00:00,0.0
4029,2013-02-03 01:00:00+00:00,0.0
4029,2013-02-03 01:30:00+00:00,0.0
4029,2013-02-03 02:00:00+00:00,0.0
4029,2013-02-03 02:30:00+00:00,0.0
4029,2013-02-03 03:00:00+00:00,0.0
4029,2013-02-03 03:30:00+00:00,0.0
4029,2013-02-03 04:00:00+00:00,0.0
4029,2013-02-03 04:30:00+00:00,0.0
4029,2013-02-03 05:00:00+00:00,0.0
4029,2013-02-03 05:30:00+00:00,0.0
4029,2013-02-03 06:00:00+00:00,0.0
4029,2013-02-03 06:30:00+00:00,0.0
4029,2013-02-03 07:00:00+00:00,0.0
4029,2013-02-03 07:30:00+00:00,0.0
4029,2013-02-03 08:00:00+00:00,0.0
4029,2013-02-03 08:30:00+00:00,0.0
4029,2013-02-03 09:00:00+00:00,50.0
4029,2013-02-03 09:30:00+00:00,50.0
4029,2013-02-03 10:00:00+00:00,85.88
4029,2013-02-03 10:30:00+00:00,49.92
4029,2013-02-03 11:00:00+00:00,64.2
4029,2013-02-03 11:30:00+00:00,100.0
4029,2013-02-03 12:00:00+00:00,50.0
4029,2013-02-03 12:30:00+00:00,50.0
4029,2013-02-03 13:00:00+00:00,86.02
4029,2013-02-03 13:30:00+00:00,99.98
4029,2013-02-03 14:00:00+00:00,100.06
4029,2013-02-03 14:30:00+00:00,100.02
4029,2013-02-03 15:00:00+00:00,63.92
4029,2013-02-03 15:30:00+00:00,50.0
4029,2013-02-03 16:00:00+00:00,0.0
4029,2013-02-03 16:30:00+00:00,0.0
4029,2013-02-03 17:00:00+00:00,0.0
4029,2013-02-03 17:30:00+00:00,0.0
4029,2013-02-03 18:00:00+00:00,0.0
4029,2013-02-03 18:30:00+00:00,0.0
4029,2013-02-03 19:00:00+00:00,0.0
4029,2013-02-03 19:30:00+00:00,0.0
4029,2013-02-03 20:00:00+00:00,0.0
4029,2013-02-03 20:30:00+00:00,0.0
4029,2013-02-03 21:00:00+00:00,0.0
4029,2013-02-03 21:30:00+00:00,0.0
4029,2013-02-03 22:00:00+00:00,0.0
4029,2013-02-03 22:30:00+00:00,0.0
4029,2013-02-03 23:00:00+00:00,0.0
4029,2013-02-03 23:30:00+00:00,0.0
4029,2013-02-04 00:00:00+00:00,0.0
4029,2013-02-04 00:30:00+00:00,0.0
4029,2013-02-04 01:00:00+00:00,0.0
4029,2013-02-04 01:30:00+00:00,0.0
4029,2013-02-04 02:00:00+00:00,0.0
4029,2013-02-04 02:30:00+00:00,0.0
4029,2013-02-04 03:00:00+00:00,0.0
4029,2013-02-04 03:30:00+00:00,0.0
4029,2013-02-04 04:00:00+00:00,0.0
4029,2013-02-04 04:30:00+00:00,0.0
4029,2013-02-04 05:00:00+00:00,0.0
4029,2013-02-04 05:30:00+00:00,0.0
4029,2013-02-04 06:00:00+00:00,0.0
4029,2013-02-04 06:30:00+00:00,0.0
4029,2013-02-04 07:00:00+00:00,0.0
4029,2013-02-04 07:30:00+00:00,0.0
4029,2013-02-04 08:00:00+00:00,0.0
4029,2013-02-04 08:30:00+00:00,36.19
4029,2013-02-04 09:00:00+00:00,13.81
4029,2013-02-04 09:30:00+00:00,0.0
4029,2013-02-04 10:00:00+00:00,86.14
4029,2013-02-04 10:30:00+00:00,222.5
4029,2013-02-04 11:00:00+00:00,586.03
4029,2013-02-04 11:30:00+00:00,736.16
4029,2013-02-04 12:00:00+00:00,405.34
4029,2013-02-04 12:30:00+00:00,192.22
4029,2013-02-04 13:00:00+00:00,210.15
4029,2013-02-04 13:30:00+00:00,200.68
4029,2013-02-04 14:00:00+00:00,489.45
4029,2013-02-04 14:30:00+00:00,378.21
4029,2013-02-04 15:00:00+00:00,550.45
4029,2013-02-04 15:30:00+00:00,281.85
4029,2013-02-04 16:00:00+00:00,60.82
4029,2013-02-04 16:30:00+00:00,39.27
4029,2013-02-04 17:00:00+00:00,10.73
4029,2013-02-04 17:30:00+00:00,0.0
4029,2013-02-04 18:00:00+00:00,0.0
4029,2013-02-04 18:30:00+00:00,0.0
4029,2013-02-04 19:00:00+00:00,0.0
4029,2013-02-04 19:30:00+00:00,0.0
4029,2013-02-04 20:00:00+00:00,0.0
4029,2013-02-04 20:30:00+00:00,0.0
4029,2013-02-04 21:00:00+00:00,0.0
4029,2013-02-04 21:30:00+00:00,0.0
4029,2013-02-04 22:00:00+00:00,0.0
4029,2013-02-04 22:30:00+00:00,0.0
4029,2013-02-04 23:00:00+00:00,0.0
4029,2013-02-04 23:30:00+00:00,0.0
4029,2013-02-05 00:00:00+00:00,0.0
4029,2013-02-05 00:30:00+00:00,0.0
4029,2013-02-05 01:00:00+00:00,0.0
4029,2013-02-05 01:30:00+00:00,0.0
4029,2013-02-05 02:00:00+00:00,0.0
4029,2013-02-05 02:30:00+00:00,0.0
4029,2013-02-05 03:00:00+00:00,0.0
4029,2013-02-05 03:30:00+00:00,0.0
4029,2013-02-05 04:00:00+00:00,0.0
4029,2013-02-05 04:30:00+00:00,0.0
4029,2013-02-05 05:00:00+00:00,0.0
4029,2013-02-05 05:30:00+00:00,0.0
4029,2013-02-05 06:00:00+00:00,0.0
4029,2013-02-05 06:30:00+00:00,0.0
4029,2013-02-05 07:00:00+00:00,0.0
4029,2013-02-05 07:30:00+00:00,0.0
4029,2013-02-05 08:00:00+00:00,0.0
4029,2013-02-05 08:30:00+00:00,0.0
4029,2013-02-05 09:00:00+00:00,89.52
4029,2013-02-05 09:30:00+00:00,378.98
4029,2013-02-05 10:00:00+00:00,489.55
4029,2013-02-05 10:30:00+00:00,510.4
4029,2013-02-05 11:00:00+00:00,560.25
4029,2013-02-05 11:30:00+00:00,389.69
4029,2013-02-05 12:00:00+00:00,640.01
4029,2013-02-05 12:30:00+00:00,531.07
4029,2013-02-05 13:00:00+00:00,835.53
4029,2013-02-05 13:30:00+00:00,1022.5
4029,2013-02-05 14:00:00+00:00,531.46
4029,2013-02-05 14:30:00+00:00,369.2
4029,2013-02-05 15:00:00+00:00,599.76
4029,2013-02-05 15:30:00+00:00,381.38
4029,2013-02-05 16:00:00+00:00,110.22
4029,2013-02-05 16:30:00+00:00,10.48
4029,2013-02-05 17:00:00+00:00,0.0
4029,2013-02-05 17:30:00+00:00,0.0
4029,2013-02-05 18:00:00+00:00,0.0
4029,2013-02-05 18:30:00+00:00,0.0
4029,2013-02-05 19:00:00+00:00,0.0
4029,2013-02-05 19:30:00+00:00,0.0
4029,2013-02-05 20:00:00+00:00,0.0
4029,2013-02-05 20:30:00+00:00,0.0
4029,2013-02-05 21:00:00+00:00,0.0
4029,2013-02-05 21:30:00+00:00,0.0
4029,2013-02-05 22:00:00+00:00,0.0
4029,2013-02-05 22:30:00+00:00,0.0
4029,2013-02-05 23:00:00+00:00,0.0
4029,2013-02-05 23:30:00+00:00,0.0
4029,2013-02-06 00:00:00+00:00,0.0
4029,2013-02-06 00:30:00+00:00,0.0
4029,2013-02-06 01:00:00+00:00,0.0
4029,2013-02-06 01:30:00+00:00,0.0
4029,2013-02-06 02:00:00+00:00,0.0
4029,2013-02-06 02:30:00+00:00,0.0
4029,2013-02-06 03:00:00+00:00,0.0
4029,2013-02-06 03:30:00+00:00,0.0
4029,2013-02-06 04:00:00+00:00,0.0
4029,2013-02-06 04:30:00+00:00,0.0
4029,2013-02-06 05:00:00+00:00,0.0
4029,2013-02-06 05:30:00+00:00,0.0
4029,2013-02-06 06:00:00+00:00,0.0
4029,2013-02-06 06:30:00+00:00,0.0
4029,2013-02-06 07:00:00+00:00,0.0
4029,2013-02-06 07:30:00+00:00,0.0
4029,2013-02-06 08:00:00+00:00,0.0
4029,2013-02-06 08:30:00+00:00,50.0
4029,2013-02-06 09:00:00+00:00,39.83
4029,2013-02-06 09:30:00+00:00,99.84
4029,2013-02-06 10:00:00+00:00,239.93
4029,2013-02-06 10:30:00+00:00,429.4
4029,2013-02-06 11:00:00+00:00,480.58
4029,2013-02-06 11:30:00+00:00,110.42
4029,2013-02-06 12:00:00+00:00,139.65
4029,2013-02-06 12:30:00+00:00,100.18
4029,2013-02-06 13:00:00+00:00,139.8
4029,2013-02-06 13:30:00+00:00,259.9
4029,2013-02-06 14:00:00+00:00,100.24
4029,2013-02-06 14:30:00+00:00,100.05
4029,2013-02-06 15:00:00+00:00,199.95
4029,2013-02-06 15:30:00+00:00,160.23
4029,2013-02-06 16:00:00+00:00,50.0
4029,2013-02-06 16:30:00+00:00,0.0
4029,2013-02-06 17:00:00+00:00,0.0
4029,2013-02-06 17:30:00+00:00,0.0
4029,2013-02-06 18:00:00+00:00,0.0
4029,2013-02-06 18:30:00+00:00,0.0
4029,2013-02-06 19:00:00+00:00,0.0
4029,2013-02-06 19:30:00+00:00,0.0
4029,2013-02-06 20:00:00+00:00,0.0
4029,2013-02-06 20:30:00+00:00,0.0
4029,2013-02-06 21:00:00+00:00,0.0
4029,2013-02-06 21:30:00+00:00,0.0
4029,2013-02-06 22:00:00+00:00,0.0
4029,2013-02-06 22:30:00+00:00,0.0
4029,2013-02-06 23:00:00+00:00,0.0
4029,2013-02-06 23:30:00+00:00,0.0
4029,2013-02-07 00:00:00+00:00,0.0
4029,2013-02-07 00:30:00+00:00,0.0
4029,2013-02-07 01:00:00+00:00,0.0
4029,2013-02-07 01:30:00+00:00,0.0
4029,2013-02-07 02:00:00+00:00,0.0
4029,2013-02-07 02:30:00+00:00,0.0
4029,2013-02-07 03:00:00+00:00,0.0
4029,2013-02-07 03:30:00+00:00,0.0
4029,2013-02-07 04:00:00+00:00,0.0
4029,2013-02-07 04:30:00+00:00,0.0
4029,2013-02-07 05:00:00+00:00,0.0
4029,2013-02-07 05:30:00+00:00,0.0
4029,2013-02-07 06:00:00+00:00,0.0
4029,2013-02-07 06:30:00+00:00,0.0
4029,2013-02-07 07:00:00+00:00,0.0
4029,2013-02-07 07:30:00+00:00,0.0
4029,2013-02-07 08:00:00+00:00,0.0
4029,2013-02-07 08:30:00+00:00,40.02
4029,2013-02-07 09:00:00+00:00,99.83
4029,2013-02-07 09:30:00+00:00,380.15
4029,2013-02-07 10:00:00+00:00,310.0
4029,2013-02-07 10:30:00+00:00,629.6
4029,2013-02-07 11:00:00+00:00,550.53
4029,2013-02-07 11:30:00+00:00,469.7
4029,2013-02-07 12:00:00+00:00,389.92
4029,2013-02-07 12:30:00+00:00,589.98
4029,2013-02-07 13:00:00+00:00,590.94
4029,2013-02-07 13:30:00+00:00,878.98
4029,2013-02-07 14:00:00+00:00,680.48
4029,2013-02-07 14:30:00+00:00,640.29
4029,2013-02-07 15:00:00+00:00,289.48
4029,2013-02-07 15:30:00+00:00,100.07
4029,2013-02-07 16:00:00+00:00,60.03
4029,2013-02-07 16:30:00+00:00,50.0
4029,2013-02-07 17:00:00+00:00,0.0
4029,2013-02-07 17:30:00+00:00,0.0
4029,2013-02-07 18:00:00+00:00,0.0
4029,2013-02-07 18:30:00+00:00,0.0
4029,2013-02-07 19:00:00+00:00,0.0
4029,2013-02-07 19:30:00+00:00,0.0
4029,2013-02-07 20:00:00+00:00,0.0
4029,2013-02-07 20:30:00+00:00,0.0
4029,2013-02-07 21:00:00+00:00,0.0
4029,2013-02-07 21:30:00+00:00,0.0
4029,2013-02-07 22:00:00+00:00,0.0
4029,2013-02-07 22:30:00+00:00,0.0
4029,2013-02-07 23:00:00+00:00,0.0
4029,2013-02-07 23:30:00+00:00,0.0
4029,2013-02-08 00:00:00+00:00,0.0
4029,2013-02-08 00:30:00+00:00,0.0
4029,2013-02-08 01:00:00+00:00,0.0
4029,2013-02-08 01:30:00+00:00,0.0
4029,2013-02-08 02:00:00+00:00,0.0
4029,2013-02-08 02:30:00+00:00,0.0
4029,2013-02-08 03:00:00+00:00,0.0
4029,2013-02-08 03:30:00+00:00,0.0
4029,2013-02-08 04:00:00+00:00,0.0
4029,2013-02-08 04:30:00+00:00,0.0
4029,2013-02-08 05:00:00+00:00,0.0
4029,2013-02-08 05:30:00+00:00,0.0
4029,2013-02-08 06:00:00+00:00,0.0
4029,2013-02-08 06:30:00+00:00,0.0
4029,2013-02-08 07:00:00+00:00,0.0
4029,2013-02-08 07:30:00+00:00,0.0
4029,2013-02-08 08:00:00+00:00,0.0
4029,2013-02-08 08:30:00+00:00,40.3
4029,2013-02-08 09:00:00+00:00,99.97
4029,2013-02-08 09:30:00+00:00,380.43
4029,2013-02-08 10:00:00+00:00,490.23
4029,2013-02-08 10:30:00+00:00,690.66
4029,2013-02-08 11:00:00+00:00,790.12
4029,2013-02-08 11:30:00+00:00,669.35
4029,2013-02-08 12:00:00+00:00,879.94
4029,2013-02-08 12:30:00+00:00,859.5
4029,2013-02-08 13:00:00+00:00,760.03
4029,2013-02-08 13:30:00+00:00,780.07
4029,2013-02-08 14:00:00+00:00,549.57
4029,2013-02-08 14:30:00+00:00,339.97
4029,2013-02-08 15:00:00+00:00,169.86
4029,2013-02-08 15:30:00+00:00,90.28
4029,2013-02-08 16:00:00+00:00,199.97
4029,2013-02-08 16:30:00+00:00,50.08
4029,2013-02-08 17:00:00+00:00,9.67
4029,2013-02-08 17:30:00+00:00,0.0
4029,2013-02-08 18:00:00+00:00,0.0
4029,2013-02-08 18:30:00+00:00,0.0
4029,2013-02-08 19:00:00+00:00,0.0
4029,2013-02-08 19:30:00+00:00,0.0
4029,2013-02-08 20:00:00+00:00,0.0
4029,2013-02-08 20:30:00+00:00,0.0
4029,2013-02-08 21:00:00+00:00,0.0
4029,2013-02-08 21:30:00+00:00,0.0
4029,2013-02-08 22:00:00+00:00,0.0
4029,2013-02-08 22:30:00+00:00,0.0
4029,2013-02-08 23:00:00+00:00,0.0
4029,2013-02-08 23:30:00+00:00,0.0
4029,2013-02-09 00:00:00+00:00,0.0
4029,2013-02-09 00:30:00+00:00,0.0
4029,2013-02-09 01:00:00+00:00,0.0
4029,2013-02-09 01:30:00+00:00,0.0
4029,2013-02-09 02:00:00+00:00,0.0
4029,2013-02-09 02:30:00+00:00,0.0
4029,2013-02-09 03:00:00+00:00,0.0
4029,2013-02-09 03:30:00+00:00,0.0
4029,2013-02-09 04:00:00+00:00,0.0
4029,2013-02-09 04:30:00+00:00,0.0
4029,2013-02-09 05:00:00+00:00,0.0
4029,2013-02-09 05:30:00+00:00,0.0
4029,2013-02-09 06:00:00+00:00,0.0
4029,2013-02-09 06:30:00+00:00,0.0
4029,2013-02-09 07:00:00+00:00,0.0
4029,2013-02-09 07:30:00+00:00,0.0
4029,2013-02-09 08:00:00+00:00,0.0
4029,2013-02-09 08:30:00+00:00,50.0
4029,2013-02-09 09:00:00+00:00,180.94
4029,2013-02-09 09:30:00+00:00,69.06
4029,2013-02-09 10:00:00+00:00,100.0
4029,2013-02-09 10:30:00+00:00,140.4
4029,2013-02-09 11:00:00+00:00,331.15
4029,2013-02-09 11:30:00+00:00,268.95
4029,2013-02-09 12:00:00+00:00,149.87
4029,2013-02-09 12:30:00+00:00,150.13
4029,2013-02-09 13:00:00+00:00,149.97
4029,2013-02-09 13:30:00+00:00,59.53
4029,2013-02-09 14:00:00+00:00,50.0
4029,2013-02-09 14:30:00+00:00,89.77
4029,2013-02-09 15:00:00+00:00,40.28
4029,2013-02-09 15:30:00+00:00,60.42
4029,2013-02-09 16:00:00+00:00,9.53
4029,2013-02-09 16:30:00+00:00,0.0
4029,2013-02-09 17:00:00+00:00,0.0
4029,2013-02-09 17:30:00+00:00,0.0
4029,2013-02-09 18:00:00+00:00,0.0
4029,2013-02-09 18:30:00+00:00,0.0
4029,2013-02-09 19:00:00+00:00,0.0
4029,2013-02-09 19:30:00+00:00,0.0
4029,2013-02-09 20:00:00+00:00,0.0
4029,2013-02-09 20:30:00+00:00,0.0
4029,2013-02-09 21:00:00+00:00,0.0
4029,2013-02-09 21:30:00+00:00,0.0
4029,2013-02-09 22:00:00+00:00,0.0
4029,2013-02-09 22:30:00+00:00,0.0
4029,2013-02-09 23:00:00+00:00,0.0
4029,2013-02-09 23:30:00+00:00,0.0
4029,2013-02-10 00:00:00+00:00,0.0
4029,2013-02-10 00:30:00+00:00,0.0
4029,2013-02-10 01:00:00+00:00,0.0
4029,2013-02-10 01:30:00+00:00,0.0
4029,2013-02-10 02:00:00+00:00,0.0
4029,2013-02-10 02:30:00+00:00,0.0
4029,2013-02-10 03:00:00+00:00,0.0
4029,2013-02-10 03:30:00+00:00,0.0
4029,2013-02-10 04:00:00+00:00,0.0
4029,2013-02-10 04:30:00+00:00,0.0
4029,2013-02-10 05:00:00+00:00,0.0
4029,2013-02-10 05:30:00+00:00,0.0
4029,2013-02-10 06:00:00+00:00,0.0
4029,2013-02-10 06:30:00+00:00,0.0
4029,2013-02-10 07:00:00+00:00,0.0
4029,2013-02-10 07:30:00+00:00,0.0
4029,2013-02-10 08:00:00+00:00,0.0
4029,2013-02-10 08:30:00+00:00,0.0
4029,2013-02-10 09:00:00+00:00,40.61
4029,2013-02-10 09:30:00+00:00,9.39
4029,2013-02-10 10:00:00+00:00,50.0
4029,2013-02-10 10:30:00+00:00,50.0
4029,2013-02-10 11:00:00+00:00,40.73
4029,2013-02-10 11:30:00+00:00,50.02
4029,2013-02-10 12:00:00+00:00,59.25
4029,2013-02-10 12:30:00+00:00,90.67
4029,2013-02-10 13:00:00+00:00,59.33
4029,2013-02-10 13:30:00+00:00,50.0
4029,2013-02-10 14:00:00+00:00,50.0
4029,2013-02-10 14:30:00+00:00,40.67
4029,2013-02-10 15:00:00+00:00,9.33
4029,2013-02-10 15:30:00+00:00,0.0
4029,2013-02-10 16:00:00+00:00,0.0
4029,2013-02-10 16:30:00+00:00,0.0
4029,2013-02-10 17:00:00+00:00,0.0
4029,2013-02-10 17:30:00+00:00,0.0
4029,2013-02-10 18:00:00+00:00,0.0
4029,2013-02-10 18:30:00+00:00,0.0
4029,2013-02-10 19:00:00+00:00,0.0
4029,2013-02-10 19:30:00+00:00,0.0
4029,2013-02-10 20:00:00+00:00,0.0
4029,2013-02-10 20:30:00+00:00,0.0
4029,2013-02-10 21:00:00+00:00,0.0
4029,2013-02-10 21:30:00+00:00,0.0
4029,2013-02-10 22:00:00+00:00,0.0
4029,2013-02-10 22:30:00+00:00,0.0
4029,2013-02-10 23:00:00+00:00,0.0
4029,2013-02-10 23:30:00+00:00,0.0
4029,2013-02-11 00:00:00+00:00,0.0
4029,2013-02-11 00:30:00+00:00,0.0
4029,2013-02-11 01:00:00+00:00,0.0
4029,2013-02-11 01:30:00+00:00,0.0
4029,2013-02-11 02:00:00+00:00,0.0
4029,2013-02-11 02:30:00+00:00,0.0
4029,2013-02-11 03:00:00+00:00,0.0
4029,2013-02-11 03:30:00+00:00,0.0
4029,2013-02-11 04:00:00+00:00,0.0
4029,2013-02-11 04:30:00+00:00,0.0
4029,2013-02-11 05:00:00+00:00,0.0
4029,2013-02-11 05:30:00+00:00,0.0
4029,2013-02-11 06:00:00+00:00,0.0
4029,2013-02-11 06:30:00+00:00,0.0
4029,2013-02-11 07:00:00+00:00,0.0
4029,2013-02-11 07:30:00+00:00,0.0
4029,2013-02-11 08:00:00+00:00,0.0
4029,2013-02-11 08:30:00+00:00,0.0
4029,2013-02-11 09:00:00+00:00,40.93
4029,2013-02-11 09:30:00+00:00,9.07
4029,2013-02-11 10:00:00+00:00,50.0
4029,2013-02-11 10:30:00+00:00,50.0
4029,2013-02-11 11:00:00+00:00,50.0
4029,2013-02-11 11:30:00+00:00,50.0
4029,2013-02-11 12:00:00+00:00,0.0
4029,2013-02-11 12:30:00+00:00,50.0
4029,2013-02-11 13:00:00+00:00,50.0
4029,2013-02-11 13:30:00+00:00,50.0
4029,2013-02-11 14:00:00+00:00,50.0
4029,2013-02-11 14:30:00+00:00,50.0
4029,2013-02-11 15:00:00+00:00,0.0
4029,2013-02-11 15:30:00+00:00,0.0
4029,2013-02-11 16:00:00+00:00,0.0
4029,2013-02-11 16:30:00+00:00,0.0
4029,2013-02-11 17:00:00+00:00,0.0
4029,2013-02-11 17:30:00+00:00,0.0
4029,2013-02-11 18:00:00+00:00,0.0
4029,2013-02-11 18:30:00+00:00,0.0
4029,2013-02-11 19:00:00+00:00,0.0
4029,2013-02-11 19:30:00+00:00,0.0
4029,2013-02-11 20:00:00+00:00,0.0
4029,2013-02-11 20:30:00+00:00,0.0
4029,2013-02-11 21:00:00+00:00,0.0
4029,2013-02-11 21:30:00+00:00,0.0
4029,2013-02-11 22:00:00+00:00,0.0
4029,2013-02-11 22:30:00+00:00,0.0
4029,2013-02-11 23:00:00+00:00,0.0
4029,2013-02-11 23:30:00+00:00,0.0
4029,2013-02-12 00:00:00+00:00,0.0
4029,2013-02-12 00:30:00+00:00,0.0
4029,2013-02-12 01:00:00+00:00,0.0
4029,2013-02-12 01:30:00+00:00,0.0
4029,2013-02-12 02:00:00+00:00,0.0
4029,2013-02-12 02:30:00+00:00,0.0
4029,2013-02-12 03:00:00+00:00,0.0
4029,2013-02-12 03:30:00+00:00,0.0
4029,2013-02-12 04:00:00+00:00,0.0
4029,2013-02-12 04:30:00+00:00,0.0
4029,2013-02-12 05:00:00+00:00,0.0
4029,2013-02-12 05:30:00+00:00,0.0
4029,2013-02-12 06:00:00+00:00,0.0
4029,2013-02-12 06:30:00+00:00,0.0
4029,2013-02-12 07:00:00+00:00,0.0
4029,2013-02-12 07:30:00+00:00,0.0
4029,2013-02-12 08:00:00+00:00,0.0
4029,2013-02-12 08:30:00+00:00,0.0
4029,2013-02-12 09:00:00+00:00,0.0
4029,2013-02-12 09:30:00+00:00,50.0
4029,2013-02-12 10:00:00+00:00,50.0
4029,2013-02-12 10:30:00+00:00,50.0
4029,2013-02-12 11:00:00+00:00,91.24
4029,2013-02-12 11:30:00+00:00,99.84
4029,2013-02-12 12:00:00+00:00,50.03
4029,2013-02-12 12:30:00+00:00,108.89
4029,2013-02-12 13:00:00+00:00,100.0
4029,2013-02-12 13:30:00+00:00,91.33
4029,2013-02-12 14:00:00+00:00,58.67
4029,2013-02-12 14:30:00+00:00,50.0
4029,2013-02-12 15:00:00+00:00,50.0
4029,2013-02-12 15:30:00+00:00,0.0
4029,2013-02-12 16:00:00+00:00,0.0
4029,2013-02-12 16:30:00+00:00,0.0
4029,2013-02-12 17:00:00+00:00,0.0
4029,2013-02-12 17:30:00+00:00,0.0
4029,2013-02-12 18:00:00+00:00,0.0
4029,2013-02-12 18:30:00+00:00,0.0
4029,2013-02-12 19:00:00+00:00,0.0
4029,2013-02-12 19:30:00+00:00,0.0
4029,2013-02-12 20:00:00+00:00,0.0
4029,2013-02-12 20:30:00+00:00,0.0
4029,2013-02-12 21:00:00+00:00,0.0
4029,2013-02-12 21:30:00+00:00,0.0
4029,2013-02-12 22:00:00+00:00,0.0
4029,2013-02-12 22:30:00+00:00,0.0
4029,2013-02-12 23:00:00+00:00,0.0
4029,2013-02-12 23:30:00+00:00,0.0
4029,2013-02-13 00:00:00+00:00,0.0
4029,2013-02-13 00:30:00+00:00,0.0
4029,2013-02-13 01:00:00+00:00,0.0
4029,2013-02-13 01:30:00+00:00,0.0
4029,2013-02-13 02:00:00+00:00,0.0
4029,2013-02-13 02:30:00+00:00,0.0
4029,2013-02-13 03:00:00+00:00,0.0
4029,2013-02-13 03:30:00+00:00,0.0
4029,2013-02-13 04:00:00+00:00,0.0
4029,2013-02-13 04:30:00+00:00,0.0
4029,2013-02-13 05:00:00+00:00,0.0
4029,2013-02-13 05:30:00+00:00,0.0
4029,2013-02-13 06:00:00+00:00,0.0
4029,2013-02-13 06:30:00+00:00,0.0
4029,2013-02-13 07:00:00+00:00,0.0
4029,2013-02-13 07:30:00+00:00,0.0
4029,2013-02-13 08:00:00+00:00,50.0
4029,2013-02-13 08:30:00+00:00,50.0
4029,2013-02-13 09:00:00+00:00,91.32
4029,2013-02-13 09:30:00+00:00,241.51
4029,2013-02-13 10:00:00+00:00,299.97
4029,2013-02-13 10:30:00+00:00,382.87
4029,2013-02-13 11:00:00+00:00,375.59
4029,2013-02-13 11:30:00+00:00,200.09
4029,2013-02-13 12:00:00+00:00,108.65
4029,2013-02-13 12:30:00+00:00,141.5
4029,2013-02-13 13:00:00+00:00,99.83
4029,2013-02-13 13:30:00+00:00,58.67
4029,2013-02-13 14:00:00+00:00,91.35
4029,2013-02-13 14:30:00+00:00,58.65
4029,2013-02-13 15:00:00+00:00,50.0
4029,2013-02-13 15:30:00+00:00,50.0
4029,2013-02-13 16:00:00+00:00,0.0
4029,2013-02-13 16:30:00+00:00,0.0
4029,2013-02-13 17:00:00+00:00,0.0
4029,2013-02-13 17:30:00+00:00,0.0
4029,2013-02-13 18:00:00+00:00,0.0
4029,2013-02-13 18:30:00+00:00,0.0
4029,2013-02-13 19:00:00+00:00,0.0
4029,2013-02-13 19:30:00+00:00,0.0
4029,2013-02-13 20:00:00+00:00,0.0
4029,2013-02-13 20:30:00+00:00,0.0
4029,2013-02-13 21:00:00+00:00,0.0
4029,2013-02-13 21:30:00+00:00,0.0
4029,2013-02-13 22:00:00+00:00,0.0
4029,2013-02-13 22:30:00+00:00,0.0
4029,2013-02-13 23:00:00+00:00,0.0
4029,2013-02-13 23:30:00+00:00,0.0
4029,2013-02-14 00:00:00+00:00,0.0
4029,2013-02-14 00:30:00+00:00,0.0
4029,2013-02-14 01:00:00+00:00,0.0
4029,2013-02-14 01:30:00+00:00,0.0
4029,2013-02-14 02:00:00+00:00,0.0
4029,2013-02-14 02:30:00+00:00,0.0
4029,2013-02-14 03:00:00+00:00,0.0
4029,2013-02-14 03:30:00+00:00,0.0
4029,2013-02-14 04:00:00+00:00,0.0
4029,2013-02-14 04:30:00+00:00,0.0
4029,2013-02-14 05:00:00+00:00,0.0
4029,2013-02-14 05:30:00+00:00,0.0
4029,2013-02-14 06:00:00+00:00,0.0
4029,2013-02-14 06:30:00+00:00,0.0
4029,2013-02-14 07:00:00+00:00,0.0
4029,2013-02-14 07:30:00+00:00,0.0
4029,2013-02-14 08:00:00+00:00,0.0
4029,2013-02-14 08:30:00+00:00,41.72
4029,2013-02-14 09:00:00+00:00,8.28
4029,2013-02-14 09:30:00+00:00,91.61
4029,2013-02-14 10:00:00+00:00,58.39
4029,2013-02-14 10:30:00+00:00,233.22
4029,2013-02-14 11:00:00+00:00,258.38
4029,2013-02-14 11:30:00+00:00,100.07
4029,2013-02-14 12:00:00+00:00,233.16
4029,2013-02-14 12:30:00+00:00,616.25
4029,2013-02-14 13:00:00+00:00,300.6
4029,2013-02-14 13:30:00+00:00,350.06
4029,2013-02-14 14:00:00+00:00,524.82
4029,2013-02-14 14:30:00+00:00,275.23
4029,2013-02-14 15:00:00+00:00,249.82
4029,2013-02-14 15:30:00+00:00,100.0
4029,2013-02-14 16:00:00+00:00,200.07
4029,2013-02-14 16:30:00+00:00,58.32
4029,2013-02-14 17:00:00+00:00,50.0
4029,2013-02-14 17:30:00+00:00,0.0
4029,2013-02-14 18:00:00+00:00,0.0
4029,2013-02-14 18:30:00+00:00,0.0
4029,2013-02-14 19:00:00+00:00,0.0
4029,2013-02-14 19:30:00+00:00,0.0
4029,2013-02-14 20:00:00+00:00,0.0
4029,2013-02-14 20:30:00+00:00,0.0
4029,2013-02-14 21:00:00+00:00,0.0
4029,2013-02-14 21:30:00+00:00,0.0
4029,2013-02-14 22:00:00+00:00,0.0
4029,2013-02-14 22:30:00+00:00,0.0
4029,2013-02-14 23:00:00+00:00,0.0
4029,2013-02-14 23:30:00+00:00,0.0
4029,2013-02-15 00:00:00+00:00,0.0
4029,2013-02-15 00:30:00+00:00,0.0
4029,2013-02-15 01:00:00+00:00,0.0
4029,2013-02-15 01:30:00+00:00,0.0
4029,2013-02-15 02:00:00+00:00,0.0
4029,2013-02-15 02:30:00+00:00,0.0
4029,2013-02-15 03:00:00+00:00,0.0
4029,2013-02-15 03:30:00+00:00,0.0
4029,2013-02-15 04:00:00+00:00,0.0
4029,2013-02-15 04:30:00+00:00,0.0
4029,2013-02-15 05:00:00+00:00,0.0
4029,2013-02-15 05:30:00+00:00,0.0
4029,2013-02-15 06:00:00+00:00,0.0
4029,2013-02-15 06:30:00+00:00,0.0
4029,2013-02-15 07:00:00+00:00,0.0
4029,2013-02-15 07:30:00+00:00,0.0
4029,2013-02-15 08:00:00+00:00,0.0
4029,2013-02-15 08:30:00+00:00,50.0
4029,2013-02-15 09:00:00+00:00,91.99
4029,2013-02-15 09:30:00+00:00,149.93
4029,2013-02-15 10:00:00+00:00,191.94
4029,2013-02-15 10:30:00+00:00,249.86
4029,2013-02-15 11:00:00+00:00,434.23
4029,2013-02-15 11:30:00+00:00,791.28
4029,2013-02-15 12:00:00+00:00,983.79
4029,2013-02-15 12:30:00+00:00,774.37
4029,2013-02-15 13:00:00+00:00,584.37
4029,2013-02-15 13:30:00+00:00,507.47
4029,2013-02-15 14:00:00+00:00,140.77
4029,2013-02-15 14:30:00+00:00,50.0
4029,2013-02-15 15:00:00+00:00,50.0
4029,2013-02-15 15:30:00+00:00,50.0
4029,2013-02-15 16:00:00+00:00,42.0
4029,2013-02-15 16:30:00+00:00,8.0
4029,2013-02-15 17:00:00+00:00,0.0
4029,2013-02-15 17:30:00+00:00,0.0
4029,2013-02-15 18:00:00+00:00,0.0
4029,2013-02-15 18:30:00+00:00,0.0
4029,2013-02-15 19:00:00+00:00,0.0
4029,2013-02-15 19:30:00+00:00,0.0
4029,2013-02-15 20:00:00+00:00,0.0
4029,2013-02-15 20:30:00+00:00,0.0
4029,2013-02-15 21:00:00+00:00,0.0
4029,2013-02-15 21:30:00+00:00,0.0
4029,2013-02-15 22:00:00+00:00,0.0
4029,2013-02-15 22:30:00+00:00,0.0
4029,2013-02-15 23:00:00+00:00,0.0
4029,2013-02-15 23:30:00+00:00,0.0
4029,2013-02-16 00:00:00+00:00,0.0
4029,2013-02-16 00:30:00+00:00,0.0
4029,2013-02-16 01:00:00+00:00,0.0
4029,2013-02-16 01:30:00+00:00,0.0
4029,2013-02-16 02:00:00+00:00,0.0
4029,2013-02-16 02:30:00+00:00,0.0
4029,2013-02-16 03:00:00+00:00,0.0
4029,2013-02-16 03:30:00+00:00,0.0
4029,2013-02-16 04:00:00+00:00,0.0
4029,2013-02-16 04:30:00+00:00,0.0
4029,2013-02-16 05:00:00+00:00,0.0
4029,2013-02-16 05:30:00+00:00,0.0
4029,2013-02-16 06:00:00+00:00,0.0
4029,2013-02-16 06:30:00+00:00,0.0
4029,2013-02-16 07:00:00+00:00,0.0
4029,2013-02-16 07:30:00+00:00,0.0
4029,2013-02-16 08:00:00+00:00,0.0
4029,2013-02-16 08:30:00+00:00,0.0
4029,2013-02-16 09:00:00+00:00,50.0
4029,2013-02-16 09:30:00+00:00,50.0
4029,2013-02-16 10:00:00+00:00,142.0
4029,2013-02-16 10:30:00+00:00,100.08
4029,2013-02-16 11:00:00+00:00,199.93
4029,2013-02-16 11:30:00+00:00,250.17
4029,2013-02-16 12:00:00+00:00,249.93
4029,2013-02-16 12:30:00+00:00,242.2
4029,2013-02-16 13:00:00+00:00,200.02
4029,2013-02-16 13:30:00+00:00,299.98
4029,2013-02-16 14:00:00+00:00,207.91
4029,2013-02-16 14:30:00+00:00,199.86
4029,2013-02-16 15:00:00+00:00,150.1
4029,2013-02-16 15:30:00+00:00,99.93
4029,2013-02-16 16:00:00+00:00,100.11
4029,2013-02-16 16:30:00+00:00,57.78
4029,2013-02-16 17:00:00+00:00,50.0
4029,2013-02-16 17:30:00+00:00,0.0
4029,2013-02-16 18:00:00+00:00,0.0
4029,2013-02-16 18:30:00+00:00,0.0
4029,2013-02-16 19:00:00+00:00,0.0
4029,2013-02-16 19:30:00+00:00,0.0
4029,2013-02-16 20:00:00+00:00,0.0
4029,2013-02-16 20:30:00+00:00,0.0
4029,2013-02-16 21:00:00+00:00,0.0
4029,2013-02-16 21:30:00+00:00,0.0
4029,2013-02-16 22:00:00+00:00,0.0
4029,2013-02-16 22:30:00+00:00,0.0
4029,2013-02-16 23:00:00+00:00,0.0
4029,2013-02-16 23:30:00+00:00,0.0
4029,2013-02-17 00:00:00+00:00,0.0
4029,2013-02-17 00:30:00+00:00,0.0
4029,2013-02-17 01:00:00+00:00,0.0
4029,2013-02-17 01:30:00+00:00,0.0
4029,2013-02-17 02:00:00+00:00,0.0
4029,2013-02-17 02:30:00+00:00,0.0
4029,2013-02-17 03:00:00+00:00,0.0
4029,2013-02-17 03:30:00+00:00,0.0
4029,2013-02-17 04:00:00+00:00,0.0
4029,2013-02-17 04:30:00+00:00,0.0
4029,2013-02-17 05:00:00+00:00,0.0
4029,2013-02-17 05:30:00+00:00,0.0
4029,2013-02-17 06:00:00+00:00,0.0
4029,2013-02-17 06:30:00+00:00,0.0
4029,2013-02-17 07:00:00+00:00,0.0
4029,2013-02-17 07:30:00+00:00,0.0
4029,2013-02-17 08:00:00+00:00,0.0
4029,2013-02-17 08:30:00+00:00,92.43
4029,2013-02-17 09:00:00+00:00,142.19
4029,2013-02-17 09:30:00+00:00,342.25
4029,2013-02-17 10:00:00+00:00,500.38
4029,2013-02-17 10:30:00+00:00,684.54
4029,2013-02-17 11:00:00+00:00,742.36
4029,2013-02-17 11:30:00+00:00,900.35
4029,2013-02-17 12:00:00+00:00,991.74
4029,2013-02-17 12:30:00+00:00,731.18
4029,2013-02-17 13:00:00+00:00,669.09
4029,2013-02-17 13:30:00+00:00,245.84
4029,2013-02-17 14:00:00+00:00,804.07
4029,2013-02-17 14:30:00+00:00,615.66
4029,2013-02-17 15:00:00+00:00,664.67
4029,2013-02-17 15:30:00+00:00,400.67
4029,2013-02-17 16:00:00+00:00,357.39
4029,2013-02-17 16:30:00+00:00,157.62
4029,2013-02-17 17:00:00+00:00,57.57
4029,2013-02-17 17:30:00+00:00,0.0
4029,2013-02-17 18:00:00+00:00,0.0
4029,2013-02-17 18:30:00+00:00,0.0
4029,2013-02-17 19:00:00+00:00,0.0
4029,2013-02-17 19:30:00+00:00,0.0
4029,2013-02-17 20:00:00+00:00,0.0
4029,2013-02-17 20:30:00+00:00,0.0
4029,2013-02-17 21:00:00+00:00,0.0
4029,2013-02-17 21:30:00+00:00,0.0
4029,2013-02-17 22:00:00+00:00,0.0
4029,2013-02-17 22:30:00+00:00,0.0
4029,2013-02-17 23:00:00+00:00,0.0
4029,2013-02-17 23:30:00+00:00,0.0
4029,2013-02-18 00:00:00+00:00,0.0
4029,2013-02-18 00:30:00+00:00,0.0
4029,2013-02-18 01:00:00+00:00,0.0
4029,2013-02-18 01:30:00+00:00,0.0
4029,2013-02-18 02:00:00+00:00,0.0
4029,2013-02-18 02:30:00+00:00,0.0
4029,2013-02-18 03:00:00+00:00,0.0
4029,2013-02-18 03:30:00+00:00,0.0
4029,2013-02-18 04:00:00+00:00,0.0
4029,2013-02-18 04:30:00+00:00,0.0
4029,2013-02-18 05:00:00+00:00,0.0
4029,2013-02-18 05:30:00+00:00,0.0
4029,2013-02-18 06:00:00+00:00,0.0
4029,2013-02-18 06:30:00+00:00,0.0
4029,2013-02-18 07:00:00+00:00,0.0
4029,2013-02-18 07:30:00+00:00,0.0
4029,2013-02-18 08:00:00+00:00,42.6
4029,2013-02-18 08:30:00+00:00,50.03
4029,2013-02-18 09:00:00+00:00,149.81
4029,2013-02-18 09:30:00+00:00,427.66
4029,2013-02-18 10:00:00+00:00,549.95
4029,2013-02-18 10:30:00+00:00,692.8
4029,2013-02-18 11:00:00+00:00,750.07
4029,2013-02-18 11:30:00+00:00,843.01
4029,2013-02-18 12:00:00+00:00,849.64
4029,2013-02-18 12:30:00+00:00,1000.28
4029,2013-02-18 13:00:00+00:00,1000.22
4029,2013-02-18 13:30:00+00:00,1041.93
4029,2013-02-18 14:00:00+00:00,679.71
4029,2013-02-18 14:30:00+00:00,593.01
4029,2013-02-18 15:00:00+00:00,556.99
4029,2013-02-18 15:30:00+00:00,450.11
4029,2013-02-18 16:00:00+00:00,307.49
4029,2013-02-18 16:30:00+00:00,107.26
4029,2013-02-18 17:00:00+00:00,57.43
4029,2013-02-18 17:30:00+00:00,0.0
4029,2013-02-18 18:00:00+00:00,0.0
4029,2013-02-18 18:30:00+00:00,0.0
4029,2013-02-18 19:00:00+00:00,0.0
4029,2013-02-18 19:30:00+00:00,0.0
4029,2013-02-18 20:00:00+00:00,0.0
4029,2013-02-18 20:30:00+00:00,0.0
4029,2013-02-18 21:00:00+00:00,0.0
4029,2013-02-18 21:30:00+00:00,0.0
4029,2013-02-18 22:00:00+00:00,0.0
4029,2013-02-18 22:30:00+00:00,0.0
4029,2013-02-18 23:00:00+00:00,0.0
4029,2013-02-18 23:30:00+00:00,0.0
4029,2013-02-19 00:00:00+00:00,0.0
4029,2013-02-19 00:30:00+00:00,0.0
4029,2013-02-19 01:00:00+00:00,0.0
4029,2013-02-19 01:30:00+00:00,0.0
4029,2013-02-19 02:00:00+00:00,0.0
4029,2013-02-19 02:30:00+00:00,0.0
4029,2013-02-19 03:00:00+00:00,0.0
4029,2013-02-19 03:30:00+00:00,0.0
4029,2013-02-19 04:00:00+00:00,0.0
4029,2013-02-19 04:30:00+00:00,0.0
4029,2013-02-19 05:00:00+00:00,0.0
4029,2013-02-19 05:30:00+00:00,0.0
4029,2013-02-19 06:00:00+00:00,0.0
4029,2013-02-19 06:30:00+00:00,0.0
4029,2013-02-19 07:00:00+00:00,0.0
4029,2013-02-19 07:30:00+00:00,0.0
4029,2013-02-19 08:00:00+00:00,42.83
4029,2013-02-19 08:30:00+00:00,7.17
4029,2013-02-19 09:00:00+00:00,92.76
4029,2013-02-19 09:30:00+00:00,107.24
4029,2013-02-19 10:00:00+00:00,235.81
4029,2013-02-19 10:30:00+00:00,385.76
4029,2013-02-19 11:00:00+00:00,735.93
4029,2013-02-19 11:30:00+00:00,892.75
4029,2013-02-19 12:00:00+00:00,948.59
4029,2013-02-19 12:30:00+00:00,1001.41
4029,2013-02-19 13:00:00+00:00,1048.67
4029,2013-02-19 13:30:00+00:00,1001.92
4029,2013-02-19 14:00:00+00:00,720.54
4029,2013-02-19 14:30:00+00:00,593.2
4029,2013-02-19 15:00:00+00:00,463.74
4029,2013-02-19 15:30:00+00:00,500.64
4029,2013-02-19 16:00:00+00:00,306.87
4029,2013-02-19 16:30:00+00:00,157.07
4029,2013-02-19 17:00:00+00:00,7.1
4029,2013-02-19 17:30:00+00:00,50.0
4029,2013-02-19 18:00:00+00:00,0.0
4029,2013-02-19 18:30:00+00:00,0.0
4029,2013-02-19 19:00:00+00:00,0.0
4029,2013-02-19 19:30:00+00:00,0.0
4029,2013-02-19 20:00:00+00:00,0.0
4029,2013-02-19 20:30:00+00:00,0.0
4029,2013-02-19 21:00:00+00:00,0.0
4029,2013-02-19 21:30:00+00:00,0.0
4029,2013-02-19 22:00:00+00:00,0.0
4029,2013-02-19 22:30:00+00:00,0.0
4029,2013-02-19 23:00:00+00:00,0.0
4029,2013-02-19 23:30:00+00:00,0.0
4029,2013-02-20 00:00:00+00:00,0.0
4029,2013-02-20 00:30:00+00:00,0.0
4029,2013-02-20 01:00:00+00:00,0.0
4029,2013-02-20 01:30:00+00:00,0.0
4029,2013-02-20 02:00:00+00:00,0.0
4029,2013-02-20 02:30:00+00:00,0.0
4029,2013-02-20 03:00:00+00:00,0.0
4029,2013-02-20 03:30:00+00:00,0.0
4029,2013-02-20 04:00:00+00:00,0.0
4029,2013-02-20 04:30:00+00:00,0.0
4029,2013-02-20 05:00:00+00:00,0.0
4029,2013-02-20 05:30:00+00:00,0.0
4029,2013-02-20 06:00:00+00:00,0.0
4029,2013-02-20 06:30:00+00:00,0.0
4029,2013-02-20 07:00:00+00:00,0.0
4029,2013-02-20 07:30:00+00:00,0.0
4029,2013-02-20 08:00:00+00:00,0.0
4029,2013-02-20 08:30:00+00:00,43.17
4029,2013-02-20 09:00:00+00:00,99.9
4029,2013-02-20 09:30:00+00:00,100.1
4029,2013-02-20 10:00:00+00:00,99.84
4029,2013-02-20 10:30:00+00:00,100.01
4029,2013-02-20 11:00:00+00:00,143.03
4029,2013-02-20 11:30:00+00:00,249.85
4029,2013-02-20 12:00:00+00:00,443.35
4029,2013-02-20 12:30:00+00:00,821.25
4029,2013-02-20 13:00:00+00:00,529.18
4029,2013-02-20 13:30:00+00:00,556.82
4029,2013-02-20 14:00:00+00:00,299.71
4029,2013-02-20 14:30:00+00:00,436.12
4029,2013-02-20 15:00:00+00:00,607.39
4029,2013-02-20 15:30:00+00:00,549.6
4029,2013-02-20 16:00:00+00:00,313.84
4029,2013-02-20 16:30:00+00:00,149.95
4029,2013-02-20 17:00:00+00:00,56.89
4029,2013-02-20 17:30:00+00:00,0.0
4029,2013-02-20 18:00:00+00:00,0.0
4029,2013-02-20 18:30:00+00:00,0.0
4029,2013-02-20 19:00:00+00:00,0.0
4029,2013-02-20 19:30:00+00:00,0.0
4029,2013-02-20 20:00:00+00:00,0.0
4029,2013-02-20 20:30:00+00:00,0.0
4029,2013-02-20 21:00:00+00:00,0.0
4029,2013-02-20 21:30:00+00:00,0.0
4029,2013-02-20 22:00:00+00:00,0.0
4029,2013-02-20 22:30:00+00:00,0.0
4029,2013-02-20 23:00:00+00:00,0.0
4029,2013-02-20 23:30:00+00:00,0.0
4029,2013-02-21 00:00:00+00:00,0.0
4029,2013-02-21 00:30:00+00:00,0.0
4029,2013-02-21 01:00:00+00:00,0.0
4029,2013-02-21 01:30:00+00:00,0.0
4029,2013-02-21 02:00:00+00:00,0.0
4029,2013-02-21 02:30:00+00:00,0.0
4029,2013-02-21 03:00:00+00:00,0.0
4029,2013-02-21 03:30:00+00:00,0.0
4029,2013-02-21 04:00:00+00:00,0.0
4029,2013-02-21 04:30:00+00:00,0.0
4029,2013-02-21 05:00:00+00:00,0.0
4029,2013-02-21 05:30:00+00:00,0.0
4029,2013-02-21 06:00:00+00:00,0.0
4029,2013-02-21 06:30:00+00:00,0.0
4029,2013-02-21 07:00:00+00:00,0.0
4029,2013-02-21 07:30:00+00:00,0.0
4029,2013-02-21 08:00:00+00:00,0.0
4029,2013-02-21 08:30:00+00:00,0.0
4029,2013-02-21 09:00:00+00:00,50.0
4029,2013-02-21 09:30:00+00:00,100.0
4029,2013-02-21 10:00:00+00:00,100.0
4029,2013-02-21 10:30:00+00:00,186.81
4029,2013-02-21 11:00:00+00:00,199.73
4029,2013-02-21 11:30:00+00:00,156.65
4029,2013-02-21 12:00:00+00:00,243.62
4029,2013-02-21 12:30:00+00:00,206.5
4029,2013-02-21 13:00:00+00:00,199.96
4029,2013-02-21 13:30:00+00:00,200.06
4029,2013-02-21 14:00:00+00:00,193.36
4029,2013-02-21 14:30:00+00:00,106.73
4029,2013-02-21 15:00:00+00:00,99.85
4029,2013-02-21 15:30:00+00:00,50.22
4029,2013-02-21 16:00:00+00:00,49.76
4029,2013-02-21 16:30:00+00:00,6.75
4029,2013-02-21 17:00:00+00:00,0.0
4029,2013-02-21 17:30:00+00:00,0.0
4029,2013-02-21 18:00:00+00:00,0.0
4029,2013-02-21 18:30:00+00:00,0.0
4029,2013-02-21 19:00:00+00:00,0.0
4029,2013-02-21 19:30:00+00:00,0.0
4029,2013-02-21 20:00:00+00:00,0.0
4029,2013-02-21 20:30:00+00:00,0.0
4029,2013-02-21 21:00:00+00:00,0.0
4029,2013-02-21 21:30:00+00:00,0.0
4029,2013-02-21 22:00:00+00:00,0.0
4029,2013-02-21 22:30:00+00:00,0.0
4029,2013-02-21 23:00:00+00:00,0.0
4029,2013-02-21 23:30:00+00:00,0.0
4029,2013-02-22 00:00:00+00:00,0.0
4029,2013-02-22 00:30:00+00:00,0.0
4029,2013-02-22 01:00:00+00:00,0.0
4029,2013-02-22 01:30:00+00:00,0.0
4029,2013-02-22 02:00:00+00:00,0.0
4029,2013-02-22 02:30:00+00:00,0.0
4029,2013-02-22 03:00:00+00:00,0.0
4029,2013-02-22 03:30:00+00:00,0.0
4029,2013-02-22 04:00:00+00:00,0.0
4029,2013-02-22 04:30:00+00:00,0.0
4029,2013-02-22 05:00:00+00:00,0.0
4029,2013-02-22 05:30:00+00:00,0.0
4029,2013-02-22 06:00:00+00:00,0.0
4029,2013-02-22 06:30:00+00:00,0.0
4029,2013-02-22 07:00:00+00:00,0.0
4029,2013-02-22 07:30:00+00:00,0.0
4029,2013-02-22 08:00:00+00:00,0.0
4029,2013-02-22 08:30:00+00:00,0.0
4029,2013-02-22 09:00:00+00:00,47.42
4029,2013-02-22 09:30:00+00:00,2.58
4029,2013-02-22 10:00:00+00:00,97.42
4029,2013-02-22 10:30:00+00:00,50.0
4029,2013-02-22 11:00:00+00:00,52.58
4029,2013-02-22 11:30:00+00:00,97.42
4029,2013-02-22 12:00:00+00:00,52.58
4029,2013-02-22 12:30:00+00:00,100.0
4029,2013-02-22 13:00:00+00:00,147.5
4029,2013-02-22 13:30:00+00:00,97.33
4029,2013-02-22 14:00:00+00:00,105.17
4029,2013-02-22 14:30:00+00:00,147.5
4029,2013-02-22 15:00:00+00:00,97.34
4029,2013-02-22 15:30:00+00:00,52.66
4029,2013-02-22 16:00:00+00:00,52.5
4029,2013-02-22 16:30:00+00:00,0.0
4029,2013-02-22 17:00:00+00:00,0.0
4029,2013-02-22 17:30:00+00:00,0.0
4029,2013-02-22 18:00:00+00:00,0.0
4029,2013-02-22 18:30:00+00:00,0.0
4029,2013-02-22 19:00:00+00:00,0.0
4029,2013-02-22 19:30:00+00:00,0.0
4029,2013-02-22 20:00:00+00:00,0.0
4029,2013-02-22 20:30:00+00:00,0.0
4029,2013-02-22 21:00:00+00:00,0.0
4029,2013-02-22 21:30:00+00:00,0.0
4029,2013-02-22 22:00:00+00:00,0.0
4029,2013-02-22 22:30:00+00:00,0.0
4029,2013-02-22 23:00:00+00:00,0.0
4029,2013-02-22 23:30:00+00:00,0.0
4029,2013-02-23 00:00:00+00:00,0.0
4029,2013-02-23 00:30:00+00:00,0.0
4029,2013-02-23 01:00:00+00:00,0.0
4029,2013-02-23 01:30:00+00:00,0.0
4029,2013-02-23 02:00:00+00:00,0.0
4029,2013-02-23 02:30:00+00:00,0.0
4029,2013-02-23 03:00:00+00:00,0.0
4029,2013-02-23 03:30:00+00:00,0.0
4029,2013-02-23 04:00:00+00:00,0.0
4029,2013-02-23 04:30:00+00:00,0.0
4029,2013-02-23 05:00:00+00:00,0.0
4029,2013-02-23 05:30:00+00:00,0.0
4029,2013-02-23 06:00:00+00:00,0.0
4029,2013-02-23 06:30:00+00:00,0.0
4029,2013-02-23 07:00:00+00:00,0.0
4029,2013-02-23 07:30:00+00:00,0.0
4029,2013-02-23 08:00:00+00:00,0.0
4029,2013-02-23 08:30:00+00:00,0.0
4029,2013-02-23 09:00:00+00:00,0.0
4029,2013-02-23 09:30:00+00:00,145.17
4029,2013-02-23 10:00:00+00:00,54.83
4029,2013-02-23 10:30:00+00:00,50.0
4029,2013-02-23 11:00:00+00:00,97.67
4029,2013-02-23 11:30:00+00:00,150.0
4029,2013-02-23 12:00:00+00:00,150.0
4029,2013-02-23 12:30:00+00:00,147.66
4029,2013-02-23 13:00:00+00:00,152.34
4029,2013-02-23 13:30:00+00:00,150.0
4029,2013-02-23 14:00:00+00:00,100.0
4029,2013-02-23 14:30:00+00:00,100.0
4029,2013-02-23 15:00:00+00:00,52.33
4029,2013-02-23 15:30:00+00:00,50.0
4029,2013-02-23 16:00:00+00:00,47.75
4029,2013-02-23 16:30:00+00:00,2.25
4029,2013-02-23 17:00:00+00:00,0.0
4029,2013-02-23 17:30:00+00:00,0.0
4029,2013-02-23 18:00:00+00:00,0.0
4029,2013-02-23 18:30:00+00:00,0.0
4029,2013-02-23 19:00:00+00:00,0.0
4029,2013-02-23 19:30:00+00:00,0.0
4029,2013-02-23 20:00:00+00:00,0.0
4029,2013-02-23 20:30:00+00:00,0.0
4029,2013-02-23 21:00:00+00:00,0.0
4029,2013-02-23 21:30:00+00:00,0.0
4029,2013-02-23 22:00:00+00:00,0.0
4029,2013-02-23 22:30:00+00:00,0.0
4029,2013-02-23 23:00:00+00:00,0.0
4029,2013-02-23 23:30:00+00:00,0.0
4029,2013-02-24 00:00:00+00:00,0.0
4029,2013-02-24 00:30:00+00:00,0.0
4029,2013-02-24 01:00:00+00:00,0.0
4029,2013-02-24 01:30:00+00:00,0.0
4029,2013-02-24 02:00:00+00:00,0.0
4029,2013-02-24 02:30:00+00:00,0.0
4029,2013-02-24 03:00:00+00:00,0.0
4029,2013-02-24 03:30:00+00:00,0.0
4029,2013-02-24 04:00:00+00:00,0.0
4029,2013-02-24 04:30:00+00:00,0.0
4029,2013-02-24 05:00:00+00:00,0.0
4029,2013-02-24 05:30:00+00:00,0.0
4029,2013-02-24 06:00:00+00:00,0.0
4029,2013-02-24 06:30:00+00:00,0.0
4029,2013-02-24 07:00:00+00:00,0.0
4029,2013-02-24 07:30:00+00:00,0.0
4029,2013-02-24 08:00:00+00:00,0.0
4029,2013-02-24 08:30:00+00:00,0.0
4029,2013-02-24 09:00:00+00:00,0.0
4029,2013-02-24 09:30:00+00:00,0.0
4029,2013-02-24 10:00:00+00:00,50.0
4029,2013-02-24 10:30:00+00:00,47.84
4029,2013-02-24 11:00:00+00:00,2.16
4029,2013-02-24 11:30:00+00:00,50.0
4029,2013-02-24 12:00:00+00:00,50.0
4029,2013-02-24 12:30:00+00:00,50.0
4029,2013-02-24 13:00:00+00:00,50.0
4029,2013-02-24 13:30:00+00:00,97.92
4029,2013-02-24 14:00:00+00:00,50.0
4029,2013-02-24 14:30:00+00:00,50.0
4029,2013-02-24 15:00:00+00:00,50.0
4029,2013-02-24 15:30:00+00:00,52.08
4029,2013-02-24 16:00:00+00:00,50.0
4029,2013-02-24 16:30:00+00:00,47.92
4029,2013-02-24 17:00:00+00:00,2.08
4029,2013-02-24 17:30:00+00:00,0.0
4029,2013-02-24 18:00:00+00:00,0.0
4029,2013-02-24 18:30:00+00:00,0.0
4029,2013-02-24 19:00:00+00:00,0.0
4029,2013-02-24 19:30:00+00:00,0.0
4029,2013-02-24 20:00:00+00:00,0.0
4029,2013-02-24 20:30:00+00:00,0.0
4029,2013-02-24 21:00:00+00:00,0.0
4029,2013-02-24 21:30:00+00:00,0.0
4029,2013-02-24 22:00:00+00:00,0.0
4029,2013-02-24 22:30:00+00:00,0.0
4029,2013-02-24 23:00:00+00:00,0.0
4029,2013-02-24 23:30:00+00:00,0.0
4029,2013-02-25 00:00:00+00:00,0.0
4029,2013-02-25 00:30:00+00:00,0.0
4029,2013-02-25 01:00:00+00:00,0.0
4029,2013-02-25 01:30:00+00:00,0.0
4029,2013-02-25 02:00:00+00:00,0.0
4029,2013-02-25 02:30:00+00:00,0.0
4029,2013-02-25 03:00:00+00:00,0.0
4029,2013-02-25 03:30:00+00:00,0.0
4029,2013-02-25 04:00:00+00:00,0.0
4029,2013-02-25 04:30:00+00:00,0.0
4029,2013-02-25 05:00:00+00:00,0.0
4029,2013-02-25 05:30:00+00:00,0.0
4029,2013-02-25 06:00:00+00:00,0.0
4029,2013-02-25 06:30:00+00:00,0.0
4029,2013-02-25 07:00:00+00:00,0.0
4029,2013-02-25 07:30:00+00:00,0.0
4029,2013-02-25 08:00:00+00:00,0.0
4029,2013-02-25 08:30:00+00:00,0.0
4029,2013-02-25 09:00:00+00:00,0.0
4029,2013-02-25 09:30:00+00:00,48.17
4029,2013-02-25 10:00:00+00:00,1.83
4029,2013-02-25 10:30:00+00:00,48.09
4029,2013-02-25 11:00:00+00:00,49.99
4029,2013-02-25 11:30:00+00:00,50.09
4029,2013-02-25 12:00:00+00:00,51.83
4029,2013-02-25 12:30:00+00:00,98.17
4029,2013-02-25 13:00:00+00:00,50.0
4029,2013-02-25 13:30:00+00:00,50.0
4029,2013-02-25 14:00:00+00:00,1.83
4029,2013-02-25 14:30:00+00:00,48.17
4029,2013-02-25 15:00:00+00:00,1.83
4029,2013-02-25 15:30:00+00:00,50.0
4029,2013-02-25 16:00:00+00:00,0.0
4029,2013-02-25 16:30:00+00:00,50.0
4029,2013-02-25 17:00:00+00:00,0.0
4029,2013-02-25 17:30:00+00:00,0.0
4029,2013-02-25 18:00:00+00:00,0.0
4029,2013-02-25 18:30:00+00:00,0.0
4029,2013-02-25 19:00:00+00:00,0.0
4029,2013-02-25 19:30:00+00:00,0.0
4029,2013-02-25 20:00:00+00:00,0.0
4029,2013-02-25 20:30:00+00:00,0.0
4029,2013-02-25 21:00:00+00:00,0.0
4029,2013-02-25 21:30:00+00:00,0.0
4029,2013-02-25 22:00:00+00:00,0.0
4029,2013-02-25 22:30:00+00:00,0.0
4029,2013-02-25 23:00:00+00:00,0.0
4029,2013-02-25 23:30:00+00:00,0.0
4029,2013-02-26 00:00:00+00:00,0.0
4029,2013-02-26 00:30:00+00:00,0.0
4029,2013-02-26 01:00:00+00:00,0.0
4029,2013-02-26 01:30:00+00:00,0.0
4029,2013-02-26 02:00:00+00:00,0.0
4029,2013-02-26 02:30:00+00:00,0.0
4029,2013-02-26 03:00:00+00:00,0.0
4029,2013-02-26 03:30:00+00:00,0.0
4029,2013-02-26 04:00:00+00:00,0.0
4029,2013-02-26 04:30:00+00:00,0.0
4029,2013-02-26 05:00:00+00:00,0.0
4029,2013-02-26 05:30:00+00:00,0.0
4029,2013-02-26 06:00:00+00:00,0.0
4029,2013-02-26 06:30:00+00:00,0.0
4029,2013-02-26 07:00:00+00:00,0.0
4029,2013-02-26 07:30:00+00:00,0.0
4029,2013-02-26 08:00:00+00:00,0.0
4029,2013-02-26 08:30:00+00:00,0.0
4029,2013-02-26 09:00:00+00:00,0.0
4029,2013-02-26 09:30:00+00:00,0.0
4029,2013-02-26 10:00:00+00:00,50.0
4029,2013-02-26 10:30:00+00:00,48.42
4029,2013-02-26 11:00:00+00:00,51.58
4029,2013-02-26 11:30:00+00:00,50.0
4029,2013-02-26 12:00:00+00:00,98.34
4029,2013-02-26 12:30:00+00:00,51.66
4029,2013-02-26 13:00:00+00:00,100.0
4029,2013-02-26 13:30:00+00:00,98.42
4029,2013-02-26 14:00:00+00:00,51.58
4029,2013-02-26 14:30:00+00:00,50.0
4029,2013-02-26 15:00:00+00:00,50.0
4029,2013-02-26 15:30:00+00:00,48.42
4029,2013-02-26 16:00:00+00:00,1.58
4029,2013-02-26 16:30:00+00:00,0.0
4029,2013-02-26 17:00:00+00:00,0.0
4029,2013-02-26 17:30:00+00:00,0.0
4029,2013-02-26 18:00:00+00:00,0.0
4029,2013-02-26 18:30:00+00:00,0.0
4029,2013-02-26 19:00:00+00:00,0.0
4029,2013-02-26 19:30:00+00:00,0.0
4029,2013-02-26 20:00:00+00:00,0.0
4029,2013-02-26 20:30:00+00:00,0.0
4029,2013-02-26 21:00:00+00:00,0.0
4029,2013-02-26 21:30:00+00:00,0.0
4029,2013-02-26 22:00:00+00:00,0.0
4029,2013-02-26 22:30:00+00:00,0.0
4029,2013-02-26 23:00:00+00:00,0.0
4029,2013-02-26 23:30:00+00:00,0.0
4029,2013-02-27 00:00:00+00:00,0.0
4029,2013-02-27 00:30:00+00:00,0.0
4029,2013-02-27 01:00:00+00:00,0.0
4029,2013-02-27 01:30:00+00:00,0.0
4029,2013-02-27 02:00:00+00:00,0.0
4029,2013-02-27 02:30:00+00:00,0.0
4029,2013-02-27 03:00:00+00:00,0.0
4029,2013-02-27 03:30:00+00:00,0.0
4029,2013-02-27 04:00:00+00:00,0.0
4029,2013-02-27 04:30:00+00:00,0.0
4029,2013-02-27 05:00:00+00:00,0.0
4029,2013-02-27 05:30:00+00:00,0.0
4029,2013-02-27 06:00:00+00:00,0.0
4029,2013-02-27 06:30:00+00:00,0.0
4029,2013-02-27 07:00:00+00:00,0.0
4029,2013-02-27 07:30:00+00:00,0.0
4029,2013-02-27 08:00:00+00:00,0.0
4029,2013-02-27 08:30:00+00:00,0.0
4029,2013-02-27 09:00:00+00:00,50.0
4029,2013-02-27 09:30:00+00:00,48.58
4029,2013-02-27 10:00:00+00:00,51.42
4029,2013-02-27 10:30:00+00:00,148.66
4029,2013-02-27 11:00:00+00:00,101.34
4029,2013-02-27 11:30:00+00:00,148.67
4029,2013-02-27 12:00:00+00:00,248.66
4029,2013-02-27 12:30:00+00:00,300.0
4029,2013-02-27 13:00:00+00:00,200.0
4029,2013-02-27 13:30:00+00:00,151.34
4029,2013-02-27 14:00:00+00:00,199.92
4029,2013-02-27 14:30:00+00:00,248.74
4029,2013-02-27 15:00:00+00:00,300.0
4029,2013-02-27 15:30:00+00:00,448.67
4029,2013-02-27 16:00:00+00:00,401.33
4029,2013-02-27 16:30:00+00:00,151.34
4029,2013-02-27 17:00:00+00:00,101.33
4029,2013-02-27 17:30:00+00:00,50.0
4029,2013-02-27 18:00:00+00:00,0.0
4029,2013-02-27 18:30:00+00:00,0.0
4029,2013-02-27 19:00:00+00:00,0.0
4029,2013-02-27 19:30:00+00:00,0.0
4029,2013-02-27 20:00:00+00:00,0.0
4029,2013-02-27 20:30:00+00:00,0.0
4029,2013-02-27 21:00:00+00:00,0.0
4029,2013-02-27 21:30:00+00:00,0.0
4029,2013-02-27 22:00:00+00:00,0.0
4029,2013-02-27 22:30:00+00:00,0.0
4029,2013-02-27 23:00:00+00:00,0.0
4029,2013-02-27 23:30:00+00:00,0.0
4029,2013-02-28 00:00:00+00:00,0.0
4029,2013-02-28 00:30:00+00:00,0.0
4029,2013-02-28 01:00:00+00:00,0.0
4029,2013-02-28 01:30:00+00:00,0.0
4029,2013-02-28 02:00:00+00:00,0.0
4029,2013-02-28 02:30:00+00:00,0.0
4029,2013-02-28 03:00:00+00:00,0.0
4029,2013-02-28 03:30:00+00:00,0.0
4029,2013-02-28 04:00:00+00:00,0.0
4029,2013-02-28 04:30:00+00:00,0.0
4029,2013-02-28 05:00:00+00:00,0.0
4029,2013-02-28 05:30:00+00:00,0.0
4029,2013-02-28 06:00:00+00:00,0.0
4029,2013-02-28 06:30:00+00:00,0.0
4029,2013-02-28 07:00:00+00:00,0.0
4029,2013-02-28 07:30:00+00:00,0.0
4029,2013-02-28 08:00:00+00:00,0.0
4029,2013-02-28 08:30:00+00:00,48.83
4029,2013-02-28 09:00:00+00:00,50.0
4029,2013-02-28 09:30:00+00:00,50.0
4029,2013-02-28 10:00:00+00:00,50.0
4029,2013-02-28 10:30:00+00:00,100.01
4029,2013-02-28 11:00:00+00:00,99.99
4029,2013-02-28 11:30:00+00:00,51.17
4029,2013-02-28 12:00:00+00:00,100.0
4029,2013-02-28 12:30:00+00:00,98.92
4029,2013-02-28 13:00:00+00:00,100.0
4029,2013-02-28 13:30:00+00:00,99.99
4029,2013-02-28 14:00:00+00:00,100.01
4029,2013-02-28 14:30:00+00:00,101.08
4029,2013-02-28 15:00:00+00:00,100.0
4029,2013-02-28 15:30:00+00:00,98.92
4029,2013-02-28 16:00:00+00:00,1.08
4029,2013-02-28 16:30:00+00:00,50.0
4029,2013-02-28 17:00:00+00:00,0.0
4029,2013-02-28 17:30:00+00:00,0.0
4029,2013-02-28 18:00:00+00:00,0.0
4029,2013-02-28 18:30:00+00:00,0.0
4029,2013-02-28 19:00:00+00:00,0.0
4029,2013-02-28 19:30:00+00:00,0.0
4029,2013-02-28 20:00:00+00:00,0.0
4029,2013-02-28 20:30:00+00:00,0.0
4029,2013-02-28 21:00:00+00:00,0.0
4029,2013-02-28 21:30:00+00:00,0.0
4029,2013-02-28 22:00:00+00:00,0.0
4029,2013-02-28 22:30:00+00:00,0.0
4029,2013-02-28 23:00:00+00:00,0.0
4029,2013-02-28 23:30:00+00:00,0.0
4029,2013-03-01 00:30:00+00:00,0.0
4029,2013-03-01 01:00:00+00:00,0.0
4029,2013-03-01 01:30:00+00:00,0.0
4029,2013-03-01 02:00:00+00:00,0.0
4029,2013-03-01 02:30:00+00:00,0.0
4029,2013-03-01 03:00:00+00:00,0.0
4029,2013-03-01 03:30:00+00:00,0.0
4029,2013-03-01 04:00:00+00:00,0.0
4029,2013-03-01 04:30:00+00:00,0.0
4029,2013-03-01 05:00:00+00:00,0.0
4029,2013-03-01 05:30:00+00:00,0.0
4029,2013-03-01 06:00:00+00:00,0.0
4029,2013-03-01 06:30:00+00:00,0.0
4029,2013-03-01 07:00:00+00:00,0.0
4029,2013-03-01 07:30:00+00:00,0.0
4029,2013-03-01 08:00:00+00:00,0.0
4029,2013-03-01 08:30:00+00:00,0.0
4029,2013-03-01 09:00:00+00:00,50.0
4029,2013-03-01 09:30:00+00:00,99.08
4029,2013-03-01 10:00:00+00:00,100.0
4029,2013-03-01 10:30:00+00:00,299.09
4029,2013-03-01 11:00:00+00:00,300.0
4029,2013-03-01 11:30:00+00:00,300.0
4029,2013-03-01 12:00:00+00:00,301.0
4029,2013-03-01 12:30:00+00:00,349.0
4029,2013-03-01 13:00:00+00:00,749.33
4029,2013-03-01 13:30:00+00:00,250.67
4029,2013-03-01 14:00:00+00:00,299.33
4029,2013-03-01 14:30:00+00:00,151.67
4029,2013-03-01 15:00:00+00:00,149.91
4029,2013-03-01 15:30:00+00:00,50.92
4029,2013-03-01 16:00:00+00:00,50.0
4029,2013-03-01 16:30:00+00:00,50.0
4029,2013-03-01 17:00:00+00:00,0.0
4029,2013-03-01 17:30:00+00:00,0.0
4029,2013-03-01 18:00:00+00:00,0.0
4029,2013-03-01 18:30:00+00:00,0.0
4029,2013-03-01 19:00:00+00:00,0.0
4029,2013-03-01 19:30:00+00:00,0.0
4029,2013-03-01 20:00:00+00:00,0.0
4029,2013-03-01 20:30:00+00:00,0.0
4029,2013-03-01 21:00:00+00:00,0.0
4029,2013-03-01 21:30:00+00:00,0.0
4029,2013-03-01 22:00:00+00:00,0.0
4029,2013-03-01 22:30:00+00:00,0.0
4029,2013-03-01 23:00:00+00:00,0.0
4029,2013-03-01 23:30:00+00:00,0.0
4029,2013-03-02 00:00:00+00:00,0.0
4029,2013-03-02 00:30:00+00:00,0.0
4029,2013-03-02 01:00:00+00:00,0.0
4029,2013-03-02 01:30:00+00:00,0.0
4029,2013-03-02 02:00:00+00:00,0.0
4029,2013-03-02 02:30:00+00:00,0.0
4029,2013-03-02 03:00:00+00:00,0.0
4029,2013-03-02 03:30:00+00:00,0.0
4029,2013-03-02 04:00:00+00:00,0.0
4029,2013-03-02 04:30:00+00:00,0.0
4029,2013-03-02 05:00:00+00:00,0.0
4029,2013-03-02 05:30:00+00:00,0.0
4029,2013-03-02 06:00:00+00:00,0.0
4029,2013-03-02 06:30:00+00:00,0.0
4029,2013-03-02 07:00:00+00:00,0.0
4029,2013-03-02 07:30:00+00:00,0.0
4029,2013-03-02 08:00:00+00:00,49.33
4029,2013-03-02 08:30:00+00:00,0.67
4029,2013-03-02 09:00:00+00:00,50.0
4029,2013-03-02 09:30:00+00:00,99.33
4029,2013-03-02 10:00:00+00:00,50.67
4029,2013-03-02 10:30:00+00:00,149.33
4029,2013-03-02 11:00:00+00:00,100.0
4029,2013-03-02 11:30:00+00:00,200.0
4029,2013-03-02 12:00:00+00:00,150.0
4029,2013-03-02 12:30:00+00:00,150.0
4029,2013-03-02 13:00:00+00:00,200.0
4029,2013-03-02 13:30:00+00:00,200.09
4029,2013-03-02 14:00:00+00:00,200.0
4029,2013-03-02 14:30:00+00:00,199.41
4029,2013-03-02 15:00:00+00:00,150.59
4029,2013-03-02 15:30:00+00:00,100.0
4029,2013-03-02 16:00:00+00:00,100.0
4029,2013-03-02 16:30:00+00:00,50.58
4029,2013-03-02 17:00:00+00:00,49.42
4029,2013-03-02 17:30:00+00:00,0.58
4029,2013-03-02 18:00:00+00:00,0.0
4029,2013-03-02 18:30:00+00:00,0.0
4029,2013-03-02 19:00:00+00:00,0.0
4029,2013-03-02 19:30:00+00:00,0.0
4029,2013-03-02 20:00:00+00:00,0.0
4029,2013-03-02 20:30:00+00:00,0.0
4029,2013-03-02 21:00:00+00:00,0.0
4029,2013-03-02 21:30:00+00:00,0.0
4029,2013-03-02 22:00:00+00:00,0.0
4029,2013-03-02 22:30:00+00:00,0.0
4029,2013-03-02 23:00:00+00:00,0.0
4029,2013-03-02 23:30:00+00:00,0.0
4029,2013-03-03 00:00:00+00:00,0.0
4029,2013-03-03 00:30:00+00:00,0.0
4029,2013-03-03 01:00:00+00:00,0.0
4029,2013-03-03 01:30:00+00:00,0.0
4029,2013-03-03 02:00:00+00:00,0.0
4029,2013-03-03 02:30:00+00:00,0.0
4029,2013-03-03 03:00:00+00:00,0.0
4029,2013-03-03 03:30:00+00:00,0.0
4029,2013-03-03 04:00:00+00:00,0.0
4029,2013-03-03 04:30:00+00:00,0.0
4029,2013-03-03 05:00:00+00:00,0.0
4029,2013-03-03 05:30:00+00:00,0.0
4029,2013-03-03 06:00:00+00:00,0.0
4029,2013-03-03 06:30:00+00:00,0.0
4029,2013-03-03 07:00:00+00:00,0.0
4029,2013-03-03 07:30:00+00:00,0.0
4029,2013-03-03 08:00:00+00:00,50.0
4029,2013-03-03 08:30:00+00:00,149.58
4029,2013-03-03 09:00:00+00:00,150.0
4029,2013-03-03 09:30:00+00:00,299.42
4029,2013-03-03 10:00:00+00:00,299.75
4029,2013-03-03 10:30:00+00:00,450.0
4029,2013-03-03 11:00:00+00:00,400.0
4029,2013-03-03 11:30:00+00:00,600.0
4029,2013-03-03 12:00:00+00:00,150.83
4029,2013-03-03 12:30:00+00:00,200.0
4029,2013-03-03 13:00:00+00:00,299.59
4029,2013-03-03 13:30:00+00:00,200.0
4029,2013-03-03 14:00:00+00:00,399.16
4029,2013-03-03 14:30:00+00:00,501.25
4029,2013-03-03 15:00:00+00:00,198.76
4029,2013-03-03 15:30:00+00:00,600.41
4029,2013-03-03 16:00:00+00:00,250.83
4029,2013-03-03 16:30:00+00:00,50.42
4029,2013-03-03 17:00:00+00:00,50.0
4029,2013-03-03 17:30:00+00:00,49.67
4029,2013-03-03 18:00:00+00:00,0.33
4029,2013-03-03 18:30:00+00:00,0.0
4029,2013-03-03 19:00:00+00:00,0.0
4029,2013-03-03 19:30:00+00:00,0.0
4029,2013-03-03 20:00:00+00:00,0.0
4029,2013-03-03 20:30:00+00:00,0.0
4029,2013-03-03 21:00:00+00:00,0.0
4029,2013-03-03 21:30:00+00:00,0.0
4029,2013-03-03 22:00:00+00:00,0.0
4029,2013-03-03 22:30:00+00:00,0.0
4029,2013-03-03 23:00:00+00:00,0.0
4029,2013-03-03 23:30:00+00:00,0.0
4029,2013-03-04 00:00:00+00:00,0.0
4029,2013-03-04 00:30:00+00:00,0.0
4029,2013-03-04 01:00:00+00:00,0.0
4029,2013-03-04 01:30:00+00:00,0.0
4029,2013-03-04 02:00:00+00:00,0.0
4029,2013-03-04 02:30:00+00:00,0.0
4029,2013-03-04 03:00:00+00:00,0.0
4029,2013-03-04 03:30:00+00:00,0.0
4029,2013-03-04 04:00:00+00:00,0.0
4029,2013-03-04 04:30:00+00:00,0.0
4029,2013-03-04 05:00:00+00:00,0.0
4029,2013-03-04 05:30:00+00:00,0.0
4029,2013-03-04 06:00:00+00:00,0.0
4029,2013-03-04 06:30:00+00:00,0.0
4029,2013-03-04 07:00:00+00:00,0.0
4029,2013-03-04 07:30:00+00:00,0.0
4029,2013-03-04 08:00:00+00:00,50.0
4029,2013-03-04 08:30:00+00:00,149.83
4029,2013-03-04 09:00:00+00:00,199.84
4029,2013-03-04 09:30:00+00:00,499.33
4029,2013-03-04 10:00:00+00:00,599.75
4029,2013-03-04 10:30:00+00:00,700.58
4029,2013-03-04 11:00:00+00:00,899.17
4029,2013-03-04 11:30:00+00:00,900.0
4029,2013-03-04 12:00:00+00:00,1050.33
4029,2013-03-04 12:30:00+00:00,1050.0
4029,2013-03-04 13:00:00+00:00,1099.84
4029,2013-03-04 13:30:00+00:00,1050.16
4029,2013-03-04 14:00:00+00:00,850.17
4029,2013-03-04 14:30:00+00:00,800.17
4029,2013-03-04 15:00:00+00:00,650.16
4029,2013-03-04 15:30:00+00:00,550.0
4029,2013-03-04 16:00:00+00:00,450.42
4029,2013-03-04 16:30:00+00:00,350.08
4029,2013-03-04 17:00:00+00:00,100.17
4029,2013-03-04 17:30:00+00:00,50.0
4029,2013-03-04 18:00:00+00:00,0.0
4029,2013-03-04 18:30:00+00:00,0.0
4029,2013-03-04 19:00:00+00:00,0.0
4029,2013-03-04 19:30:00+00:00,0.0
4029,2013-03-04 20:00:00+00:00,0.0
4029,2013-03-04 20:30:00+00:00,0.0
4029,2013-03-04 21:00:00+00:00,0.0
4029,2013-03-04 21:30:00+00:00,0.0
4029,2013-03-04 22:00:00+00:00,0.0
4029,2013-03-04 22:30:00+00:00,0.0
4029,2013-03-04 23:00:00+00:00,0.0
4029,2013-03-04 23:30:00+00:00,0.0
4029,2013-03-05 00:00:00+00:00,0.0
4029,2013-03-05 00:30:00+00:00,0.0
4029,2013-03-05 01:00:00+00:00,0.0
4029,2013-03-05 01:30:00+00:00,0.0
4029,2013-03-05 02:00:00+00:00,0.0
4029,2013-03-05 02:30:00+00:00,0.0
4029,2013-03-05 03:00:00+00:00,0.0
4029,2013-03-05 03:30:00+00:00,0.0
4029,2013-03-05 04:00:00+00:00,0.0
4029,2013-03-05 04:30:00+00:00,0.0
4029,2013-03-05 05:00:00+00:00,0.0
4029,2013-03-05 05:30:00+00:00,0.0
4029,2013-03-05 06:00:00+00:00,0.0
4029,2013-03-05 06:30:00+00:00,0.0
4029,2013-03-05 07:00:00+00:00,0.0
4029,2013-03-05 07:30:00+00:00,0.0
4029,2013-03-05 08:00:00+00:00,100.0
4029,2013-03-05 08:30:00+00:00,100.0
4029,2013-03-05 09:00:00+00:00,200.0
4029,2013-03-05 09:30:00+00:00,450.0
4029,2013-03-05 10:00:00+00:00,600.42
4029,2013-03-05 10:30:00+00:00,750.0
4029,2013-03-05 11:00:00+00:00,800.08
4029,2013-03-05 11:30:00+00:00,900.0
4029,2013-03-05 12:00:00+00:00,950.08
4029,2013-03-05 12:30:00+00:00,1050.0
4029,2013-03-05 13:00:00+00:00,1050.0
4029,2013-03-05 13:30:00+00:00,999.92
4029,2013-03-05 14:00:00+00:00,900.0
4029,2013-03-05 14:30:00+00:00,849.92
4029,2013-03-05 15:00:00+00:00,699.83
4029,2013-03-05 15:30:00+00:00,450.0
4029,2013-03-05 16:00:00+00:00,500.08
4029,2013-03-05 16:30:00+00:00,449.84
4029,2013-03-05 17:00:00+00:00,149.91
4029,2013-03-05 17:30:00+00:00,49.92
4029,2013-03-05 18:00:00+00:00,0.0
4029,2013-03-05 18:30:00+00:00,0.0
4029,2013-03-05 19:00:00+00:00,0.0
4029,2013-03-05 19:30:00+00:00,0.0
4029,2013-03-05 20:00:00+00:00,0.0
4029,2013-03-05 20:30:00+00:00,0.0
4029,2013-03-05 21:00:00+00:00,0.0
4029,2013-03-05 21:30:00+00:00,0.0
4029,2013-03-05 22:00:00+00:00,0.0
4029,2013-03-05 22:30:00+00:00,0.0
4029,2013-03-05 23:00:00+00:00,0.0
4029,2013-03-05 23:30:00+00:00,0.0
4029,2013-03-06 00:00:00+00:00,0.0
4029,2013-03-06 00:30:00+00:00,0.0
4029,2013-03-06 01:00:00+00:00,0.0
4029,2013-03-06 01:30:00+00:00,0.0
4029,2013-03-06 02:00:00+00:00,0.0
4029,2013-03-06 02:30:00+00:00,0.0
4029,2013-03-06 03:00:00+00:00,0.0
4029,2013-03-06 03:30:00+00:00,0.0
4029,2013-03-06 04:00:00+00:00,0.0
4029,2013-03-06 04:30:00+00:00,0.0
4029,2013-03-06 05:00:00+00:00,0.0
4029,2013-03-06 05:30:00+00:00,0.0
4029,2013-03-06 06:00:00+00:00,0.0
4029,2013-03-06 06:30:00+00:00,0.0
4029,2013-03-06 07:00:00+00:00,0.0
4029,2013-03-06 07:30:00+00:00,0.0
4029,2013-03-06 08:00:00+00:00,50.0
4029,2013-03-06 08:30:00+00:00,0.25
4029,2013-03-06 09:00:00+00:00,100.0
4029,2013-03-06 09:30:00+00:00,100.0
4029,2013-03-06 10:00:00+00:00,150.0
4029,2013-03-06 10:30:00+00:00,250.25
4029,2013-03-06 11:00:00+00:00,601.17
4029,2013-03-06 11:30:00+00:00,498.83
4029,2013-03-06 12:00:00+00:00,300.17
4029,2013-03-06 12:30:00+00:00,250.33
4029,2013-03-06 13:00:00+00:00,550.0
4029,2013-03-06 13:30:00+00:00,399.67
4029,2013-03-06 14:00:00+00:00,300.0
4029,2013-03-06 14:30:00+00:00,199.66
4029,2013-03-06 15:00:00+00:00,149.67
4029,2013-03-06 15:30:00+00:00,50.0
4029,2013-03-06 16:00:00+00:00,0.33
4029,2013-03-06 16:30:00+00:00,49.67
4029,2013-03-06 17:00:00+00:00,50.0
4029,2013-03-06 17:30:00+00:00,0.0
4029,2013-03-06 18:00:00+00:00,0.0
4029,2013-03-06 18:30:00+00:00,0.0
4029,2013-03-06 19:00:00+00:00,0.0
4029,2013-03-06 19:30:00+00:00,0.0
4029,2013-03-06 20:00:00+00:00,0.0
4029,2013-03-06 20:30:00+00:00,0.0
4029,2013-03-06 21:00:00+00:00,0.0
4029,2013-03-06 21:30:00+00:00,0.0
4029,2013-03-06 22:00:00+00:00,0.0
4029,2013-03-06 22:30:00+00:00,0.0
4029,2013-03-06 23:00:00+00:00,0.0
4029,2013-03-06 23:30:00+00:00,0.0
4029,2013-03-07 00:00:00+00:00,0.0
4029,2013-03-07 00:30:00+00:00,0.0
4029,2013-03-07 01:00:00+00:00,0.0
4029,2013-03-07 01:30:00+00:00,0.0
4029,2013-03-07 02:00:00+00:00,0.0
4029,2013-03-07 02:30:00+00:00,0.0
4029,2013-03-07 03:00:00+00:00,0.0
4029,2013-03-07 03:30:00+00:00,0.0
4029,2013-03-07 04:00:00+00:00,0.0
4029,2013-03-07 04:30:00+00:00,0.0
4029,2013-03-07 05:00:00+00:00,0.0
4029,2013-03-07 05:30:00+00:00,0.0
4029,2013-03-07 06:00:00+00:00,0.0
4029,2013-03-07 06:30:00+00:00,0.0
4029,2013-03-07 07:00:00+00:00,0.0
4029,2013-03-07 07:30:00+00:00,0.0
4029,2013-03-07 08:00:00+00:00,50.0
4029,2013-03-07 08:30:00+00:00,50.0
4029,2013-03-07 09:00:00+00:00,50.5
4029,2013-03-07 09:30:00+00:00,100.0
4029,2013-03-07 10:00:00+00:00,100.0
4029,2013-03-07 10:30:00+00:00,150.0
4029,2013-03-07 11:00:00+00:00,150.0
4029,2013-03-07 11:30:00+00:00,150.0
4029,2013-03-07 12:00:00+00:00,100.08
4029,2013-03-07 12:30:00+00:00,150.59
4029,2013-03-07 13:00:00+00:00,199.33
4029,2013-03-07 13:30:00+00:00,100.08
4029,2013-03-07 14:00:00+00:00,49.42
4029,2013-03-07 14:30:00+00:00,50.0
4029,2013-03-07 15:00:00+00:00,0.0
4029,2013-03-07 15:30:00+00:00,0.0
4029,2013-03-07 16:00:00+00:00,50.0
4029,2013-03-07 16:30:00+00:00,0.0
4029,2013-03-07 17:00:00+00:00,0.0
4029,2013-03-07 17:30:00+00:00,0.0
4029,2013-03-07 18:00:00+00:00,0.0
4029,2013-03-07 18:30:00+00:00,0.0
4029,2013-03-07 19:00:00+00:00,0.0
4029,2013-03-07 19:30:00+00:00,0.0
4029,2013-03-07 20:00:00+00:00,0.0
4029,2013-03-07 20:30:00+00:00,0.0
4029,2013-03-07 21:00:00+00:00,0.0
4029,2013-03-07 21:30:00+00:00,0.0
4029,2013-03-07 22:00:00+00:00,0.0
4029,2013-03-07 22:30:00+00:00,0.0
4029,2013-03-07 23:00:00+00:00,0.0
4029,2013-03-07 23:30:00+00:00,0.0
4029,2013-03-08 00:00:00+00:00,0.0
4029,2013-03-08 00:30:00+00:00,0.0
4029,2013-03-08 01:00:00+00:00,0.0
4029,2013-03-08 01:30:00+00:00,0.0
4029,2013-03-08 02:00:00+00:00,0.0
4029,2013-03-08 02:30:00+00:00,0.0
4029,2013-03-08 03:00:00+00:00,0.0
4029,2013-03-08 03:30:00+00:00,0.0
4029,2013-03-08 04:00:00+00:00,0.0
4029,2013-03-08 04:30:00+00:00,0.0
4029,2013-03-08 05:00:00+00:00,0.0
4029,2013-03-08 05:30:00+00:00,0.0
4029,2013-03-08 06:00:00+00:00,0.0
4029,2013-03-08 06:30:00+00:00,0.0
4029,2013-03-08 07:00:00+00:00,0.0
4029,2013-03-08 07:30:00+00:00,0.0
4029,2013-03-08 08:00:00+00:00,0.0
4029,2013-03-08 08:30:00+00:00,0.75
4029,2013-03-08 09:00:00+00:00,49.25
4029,2013-03-08 09:30:00+00:00,50.0
4029,2013-03-08 10:00:00+00:00,0.75
4029,2013-03-08 10:30:00+00:00,49.25
4029,2013-03-08 11:00:00+00:00,50.75
4029,2013-03-08 11:30:00+00:00,100.08
4029,2013-03-08 12:00:00+00:00,149.17
4029,2013-03-08 12:30:00+00:00,50.75
4029,2013-03-08 13:00:00+00:00,49.25
4029,2013-03-08 13:30:00+00:00,0.0
4029,2013-03-08 14:00:00+00:00,0.75
4029,2013-03-08 14:30:00+00:00,49.25
4029,2013-03-08 15:00:00+00:00,0.0
4029,2013-03-08 15:30:00+00:00,0.0
4029,2013-03-08 16:00:00+00:00,50.0
4029,2013-03-08 16:30:00+00:00,0.0
4029,2013-03-08 17:00:00+00:00,0.0
4029,2013-03-08 17:30:00+00:00,0.0
4029,2013-03-08 18:00:00+00:00,0.0
4029,2013-03-08 18:30:00+00:00,0.0
4029,2013-03-08 19:00:00+00:00,0.0
4029,2013-03-08 19:30:00+00:00,0.0
4029,2013-03-08 20:00:00+00:00,0.0
4029,2013-03-08 20:30:00+00:00,0.0
4029,2013-03-08 21:00:00+00:00,0.0
4029,2013-03-08 21:30:00+00:00,0.0
4029,2013-03-08 22:00:00+00:00,0.0
4029,2013-03-08 22:30:00+00:00,0.0
4029,2013-03-08 23:00:00+00:00,0.0
4029,2013-03-08 23:30:00+00:00,0.0
4029,2013-03-09 00:00:00+00:00,0.0
4029,2013-03-09 00:30:00+00:00,0.0
4029,2013-03-09 01:00:00+00:00,0.0
4029,2013-03-09 01:30:00+00:00,0.0
4029,2013-03-09 02:00:00+00:00,0.0
4029,2013-03-09 02:30:00+00:00,0.0
4029,2013-03-09 03:00:00+00:00,0.0
4029,2013-03-09 03:30:00+00:00,0.0
4029,2013-03-09 04:00:00+00:00,0.0
4029,2013-03-09 04:30:00+00:00,0.0
4029,2013-03-09 05:00:00+00:00,0.0
4029,2013-03-09 05:30:00+00:00,0.0
4029,2013-03-09 06:00:00+00:00,0.0
4029,2013-03-09 06:30:00+00:00,0.0
4029,2013-03-09 07:00:00+00:00,0.0
4029,2013-03-09 07:30:00+00:00,0.0
4029,2013-03-09 08:00:00+00:00,0.0
4029,2013-03-09 08:30:00+00:00,51.0
4029,2013-03-09 09:00:00+00:00,101.0
4029,2013-03-09 09:30:00+00:00,149.0
4029,2013-03-09 10:00:00+00:00,99.75
4029,2013-03-09 10:30:00+00:00,100.23
4029,2013-03-09 11:00:00+00:00,74.52
4029,2013-03-09 11:30:00+00:00,75.5
4029,2013-03-09 12:00:00+00:00,50.0
4029,2013-03-09 12:30:00+00:00,100.0
4029,2013-03-09 13:00:00+00:00,100.0
4029,2013-03-09 13:30:00+00:00,100.0
4029,2013-03-09 14:00:00+00:00,99.0
4029,2013-03-09 14:30:00+00:00,51.0
4029,2013-03-09 15:00:00+00:00,99.0
4029,2013-03-09 15:30:00+00:00,50.0
4029,2013-03-09 16:00:00+00:00,50.0
4029,2013-03-09 16:30:00+00:00,0.0
4029,2013-03-09 17:00:00+00:00,50.0
4029,2013-03-09 17:30:00+00:00,0.0
4029,2013-03-09 18:00:00+00:00,0.0
4029,2013-03-09 18:30:00+00:00,0.0
4029,2013-03-09 19:00:00+00:00,0.0
4029,2013-03-09 19:30:00+00:00,0.0
4029,2013-03-09 20:00:00+00:00,0.0
4029,2013-03-09 20:30:00+00:00,0.0
4029,2013-03-09 21:00:00+00:00,0.0
4029,2013-03-09 21:30:00+00:00,0.0
4029,2013-03-09 22:00:00+00:00,0.0
4029,2013-03-09 22:30:00+00:00,0.0
4029,2013-03-09 23:00:00+00:00,0.0
4029,2013-03-09 23:30:00+00:00,0.0
4029,2013-03-10 00:00:00+00:00,0.0
4029,2013-03-10 00:30:00+00:00,0.0
4029,2013-03-10 01:00:00+00:00,0.0
4029,2013-03-10 01:30:00+00:00,0.0
4029,2013-03-10 02:00:00+00:00,0.0
4029,2013-03-10 02:30:00+00:00,0.0
4029,2013-03-10 03:00:00+00:00,0.0
4029,2013-03-10 03:30:00+00:00,0.0
4029,2013-03-10 04:00:00+00:00,0.0
4029,2013-03-10 04:30:00+00:00,0.0
4029,2013-03-10 05:00:00+00:00,0.0
4029,2013-03-10 05:30:00+00:00,0.0
4029,2013-03-10 06:00:00+00:00,0.0
4029,2013-03-10 06:30:00+00:00,0.0
4029,2013-03-10 07:00:00+00:00,0.0
4029,2013-03-10 07:30:00+00:00,0.0
4029,2013-03-10 08:00:00+00:00,0.0
4029,2013-03-10 08:30:00+00:00,50.0
4029,2013-03-10 09:00:00+00:00,1.25
4029,2013-03-10 09:30:00+00:00,98.75
4029,2013-03-10 10:00:00+00:00,100.0
4029,2013-03-10 10:30:00+00:00,100.0
4029,2013-03-10 11:00:00+00:00,50.0
4029,2013-03-10 11:30:00+00:00,51.25
4029,2013-03-10 12:00:00+00:00,48.75
4029,2013-03-10 12:30:00+00:00,50.0
4029,2013-03-10 13:00:00+00:00,50.0
4029,2013-03-10 13:30:00+00:00,50.0
4029,2013-03-10 14:00:00+00:00,0.0
4029,2013-03-10 14:30:00+00:00,1.25
4029,2013-03-10 15:00:00+00:00,48.75
4029,2013-03-10 15:30:00+00:00,0.0
4029,2013-03-10 16:00:00+00:00,0.0
4029,2013-03-10 16:30:00+00:00,0.0
4029,2013-03-10 17:00:00+00:00,0.0
4029,2013-03-10 17:30:00+00:00,0.0
4029,2013-03-10 18:00:00+00:00,0.0
4029,2013-03-10 18:30:00+00:00,0.0
4029,2013-03-10 19:00:00+00:00,0.0
4029,2013-03-10 19:30:00+00:00,0.0
4029,2013-03-10 20:00:00+00:00,0.0
4029,2013-03-10 20:30:00+00:00,0.0
4029,2013-03-10 21:00:00+00:00,0.0
4029,2013-03-10 21:30:00+00:00,0.0
4029,2013-03-10 22:00:00+00:00,0.0
4029,2013-03-10 22:30:00+00:00,0.0
4029,2013-03-10 23:00:00+00:00,0.0
4029,2013-03-10 23:30:00+00:00,0.0
4029,2013-03-11 00:00:00+00:00,0.0
4029,2013-03-11 00:30:00+00:00,0.0
4029,2013-03-11 01:00:00+00:00,0.0
4029,2013-03-11 01:30:00+00:00,0.0
4029,2013-03-11 02:00:00+00:00,0.0
4029,2013-03-11 02:30:00+00:00,0.0
4029,2013-03-11 03:00:00+00:00,0.0
4029,2013-03-11 03:30:00+00:00,0.0
4029,2013-03-11 04:00:00+00:00,0.0
4029,2013-03-11 04:30:00+00:00,0.0
4029,2013-03-11 05:00:00+00:00,0.0
4029,2013-03-11 05:30:00+00:00,0.0
4029,2013-03-11 06:00:00+00:00,0.0
4029,2013-03-11 06:30:00+00:00,0.0
4029,2013-03-11 07:00:00+00:00,0.0
4029,2013-03-11 07:30:00+00:00,0.0
4029,2013-03-11 08:00:00+00:00,1.42
4029,2013-03-11 08:30:00+00:00,48.58
4029,2013-03-11 09:00:00+00:00,1.5
4029,2013-03-11 09:30:00+00:00,48.5
4029,2013-03-11 10:00:00+00:00,51.5
4029,2013-03-11 10:30:00+00:00,100.0
4029,2013-03-11 11:00:00+00:00,199.92
4029,2013-03-11 11:30:00+00:00,201.58
4029,2013-03-11 12:00:00+00:00,198.41
4029,2013-03-11 12:30:00+00:00,150.09
4029,2013-03-11 13:00:00+00:00,149.25
4029,2013-03-11 13:30:00+00:00,100.75
4029,2013-03-11 14:00:00+00:00,148.5
4029,2013-03-11 14:30:00+00:00,51.5
4029,2013-03-11 15:00:00+00:00,100.0
4029,2013-03-11 15:30:00+00:00,98.5
4029,2013-03-11 16:00:00+00:00,50.0
4029,2013-03-11 16:30:00+00:00,0.0
4029,2013-03-11 17:00:00+00:00,0.0
4029,2013-03-11 17:30:00+00:00,0.0
4029,2013-03-11 18:00:00+00:00,0.0
4029,2013-03-11 18:30:00+00:00,0.0
4029,2013-03-11 19:00:00+00:00,0.0
4029,2013-03-11 19:30:00+00:00,0.0
4029,2013-03-11 20:00:00+00:00,0.0
4029,2013-03-11 20:30:00+00:00,0.0
4029,2013-03-11 21:00:00+00:00,0.0
4029,2013-03-11 21:30:00+00:00,0.0
4029,2013-03-11 22:00:00+00:00,0.0
4029,2013-03-11 22:30:00+00:00,0.0
4029,2013-03-11 23:00:00+00:00,0.0
4029,2013-03-11 23:30:00+00:00,0.0
4029,2013-03-12 00:00:00+00:00,0.0
4029,2013-03-12 00:30:00+00:00,0.0
4029,2013-03-12 01:00:00+00:00,0.0
4029,2013-03-12 01:30:00+00:00,0.0
4029,2013-03-12 02:00:00+00:00,0.0
4029,2013-03-12 02:30:00+00:00,0.0
4029,2013-03-12 03:00:00+00:00,0.0
4029,2013-03-12 03:30:00+00:00,0.0
4029,2013-03-12 04:00:00+00:00,0.0
4029,2013-03-12 04:30:00+00:00,0.0
4029,2013-03-12 05:00:00+00:00,0.0
4029,2013-03-12 05:30:00+00:00,0.0
4029,2013-03-12 06:00:00+00:00,0.0
4029,2013-03-12 06:30:00+00:00,0.0
4029,2013-03-12 07:00:00+00:00,0.0
4029,2013-03-12 07:30:00+00:00,0.0
4029,2013-03-12 08:00:00+00:00,0.0
4029,2013-03-12 08:30:00+00:00,0.0
4029,2013-03-12 09:00:00+00:00,0.0
4029,2013-03-12 09:30:00+00:00,0.0
4029,2013-03-12 10:00:00+00:00,0.0
4029,2013-03-12 10:30:00+00:00,0.0
4029,2013-03-12 11:00:00+00:00,0.0
4029,2013-03-12 11:30:00+00:00,1.75
4029,2013-03-12 12:00:00+00:00,101.75
4029,2013-03-12 12:30:00+00:00,607.0
4029,2013-03-12 13:00:00+00:00,1151.67
4029,2013-03-12 13:30:00+00:00,1196.58
4029,2013-03-12 14:00:00+00:00,946.61
4029,2013-03-12 14:30:00+00:00,951.64
4029,2013-03-12 15:00:00+00:00,548.25
4029,2013-03-12 15:30:00+00:00,698.25
4029,2013-03-12 16:00:00+00:00,603.51
4029,2013-03-12 16:30:00+00:00,548.24
4029,2013-03-12 17:00:00+00:00,296.58
4029,2013-03-12 17:30:00+00:00,48.17
4029,2013-03-12 18:00:00+00:00,0.0
4029,2013-03-12 18:30:00+00:00,0.0
4029,2013-03-12 19:00:00+00:00,0.0
4029,2013-03-12 19:30:00+00:00,0.0
4029,2013-03-12 20:00:00+00:00,0.0
4029,2013-03-12 20:30:00+00:00,0.0
4029,2013-03-12 21:00:00+00:00,0.0
4029,2013-03-12 21:30:00+00:00,0.0
4029,2013-03-12 22:00:00+00:00,0.0
4029,2013-03-12 22:30:00+00:00,0.0
4029,2013-03-12 23:00:00+00:00,0.0
4029,2013-03-12 23:30:00+00:00,0.0
4029,2013-03-13 00:00:00+00:00,0.0
4029,2013-03-13 00:30:00+00:00,0.0
4029,2013-03-13 01:00:00+00:00,0.0
4029,2013-03-13 01:30:00+00:00,0.0
4029,2013-03-13 02:00:00+00:00,0.0
4029,2013-03-13 02:30:00+00:00,0.0
4029,2013-03-13 03:00:00+00:00,0.0
4029,2013-03-13 03:30:00+00:00,0.0
4029,2013-03-13 04:00:00+00:00,0.0
4029,2013-03-13 04:30:00+00:00,0.0
4029,2013-03-13 05:00:00+00:00,0.0
4029,2013-03-13 05:30:00+00:00,0.0
4029,2013-03-13 06:00:00+00:00,0.0
4029,2013-03-13 06:30:00+00:00,0.0
4029,2013-03-13 07:00:00+00:00,50.0
4029,2013-03-13 07:30:00+00:00,1.92
4029,2013-03-13 08:00:00+00:00,100.0
4029,2013-03-13 08:30:00+00:00,150.0
4029,2013-03-13 09:00:00+00:00,151.92
4029,2013-03-13 09:30:00+00:00,254.16
4029,2013-03-13 10:00:00+00:00,447.75
4029,2013-03-13 10:30:00+00:00,346.25
4029,2013-03-13 11:00:00+00:00,299.92
4029,2013-03-13 11:30:00+00:00,454.07
4029,2013-03-13 12:00:00+00:00,298.0
4029,2013-03-13 12:30:00+00:00,247.93
4029,2013-03-13 13:00:00+00:00,351.92
4029,2013-03-13 13:30:00+00:00,557.68
4029,2013-03-13 14:00:00+00:00,390.48
4029,2013-03-13 14:30:00+00:00,510.0
4029,2013-03-13 15:00:00+00:00,492.08
4029,2013-03-13 15:30:00+00:00,503.92
4029,2013-03-13 16:00:00+00:00,544.0
4029,2013-03-13 16:30:00+00:00,48.0
4029,2013-03-13 17:00:00+00:00,52.0
4029,2013-03-13 17:30:00+00:00,48.0
4029,2013-03-13 18:00:00+00:00,0.0
4029,2013-03-13 18:30:00+00:00,0.0
4029,2013-03-13 19:00:00+00:00,0.0
4029,2013-03-13 19:30:00+00:00,0.0
4029,2013-03-13 20:00:00+00:00,0.0
4029,2013-03-13 20:30:00+00:00,0.0
4029,2013-03-13 21:00:00+00:00,0.0
4029,2013-03-13 21:30:00+00:00,0.0
4029,2013-03-13 22:00:00+00:00,0.0
4029,2013-03-13 22:30:00+00:00,0.0
4029,2013-03-13 23:00:00+00:00,0.0
4029,2013-03-13 23:30:00+00:00,0.0
4029,2013-03-14 00:00:00+00:00,0.0
4029,2013-03-14 00:30:00+00:00,0.0
4029,2013-03-14 01:00:00+00:00,0.0
4029,2013-03-14 01:30:00+00:00,0.0
4029,2013-03-14 02:00:00+00:00,0.0
4029,2013-03-14 02:30:00+00:00,0.0
4029,2013-03-14 03:00:00+00:00,0.0
4029,2013-03-14 03:30:00+00:00,0.0
4029,2013-03-14 04:00:00+00:00,0.0
4029,2013-03-14 04:30:00+00:00,0.0
4029,2013-03-14 05:00:00+00:00,0.0
4029,2013-03-14 05:30:00+00:00,0.0
4029,2013-03-14 06:00:00+00:00,0.0
4029,2013-03-14 06:30:00+00:00,0.0
4029,2013-03-14 07:00:00+00:00,50.0
4029,2013-03-14 07:30:00+00:00,2.17
4029,2013-03-14 08:00:00+00:00,100.0
4029,2013-03-14 08:30:00+00:00,150.0
4029,2013-03-14 09:00:00+00:00,304.33
4029,2013-03-14 09:30:00+00:00,552.17
4029,2013-03-14 10:00:00+00:00,702.56
4029,2013-03-14 10:30:00+00:00,802.27
4029,2013-03-14 11:00:00+00:00,845.5
4029,2013-03-14 11:30:00+00:00,756.17
4029,2013-03-14 12:00:00+00:00,647.85
4029,2013-03-14 12:30:00+00:00,902.73
4029,2013-03-14 13:00:00+00:00,604.47
4029,2013-03-14 13:30:00+00:00,1084.12
4029,2013-03-14 14:00:00+00:00,562.99
4029,2013-03-14 14:30:00+00:00,996.15
4029,2013-03-14 15:00:00+00:00,847.77
4029,2013-03-14 15:30:00+00:00,641.0
4029,2013-03-14 16:00:00+00:00,99.96
4029,2013-03-14 16:30:00+00:00,100.04
4029,2013-03-14 17:00:00+00:00,47.75
4029,2013-03-14 17:30:00+00:00,50.0
4029,2013-03-14 18:00:00+00:00,0.0
4029,2013-03-14 18:30:00+00:00,0.0
4029,2013-03-14 19:00:00+00:00,0.0
4029,2013-03-14 19:30:00+00:00,0.0
4029,2013-03-14 20:00:00+00:00,0.0
4029,2013-03-14 20:30:00+00:00,0.0
4029,2013-03-14 21:00:00+00:00,0.0
4029,2013-03-14 21:30:00+00:00,0.0
4029,2013-03-14 22:00:00+00:00,0.0
4029,2013-03-14 22:30:00+00:00,0.0
4029,2013-03-14 23:00:00+00:00,0.0
4029,2013-03-14 23:30:00+00:00,0.0
4029,2013-03-15 00:00:00+00:00,0.0
4029,2013-03-15 00:30:00+00:00,0.0
4029,2013-03-15 01:00:00+00:00,0.0
4029,2013-03-15 01:30:00+00:00,0.0
4029,2013-03-15 02:00:00+00:00,0.0
4029,2013-03-15 02:30:00+00:00,0.0
4029,2013-03-15 03:00:00+00:00,0.0
4029,2013-03-15 03:30:00+00:00,0.0
4029,2013-03-15 04:00:00+00:00,0.0
4029,2013-03-15 04:30:00+00:00,0.0
4029,2013-03-15 05:00:00+00:00,0.0
4029,2013-03-15 05:30:00+00:00,0.0
4029,2013-03-15 06:00:00+00:00,0.0
4029,2013-03-15 06:30:00+00:00,0.0
4029,2013-03-15 07:00:00+00:00,0.0
4029,2013-03-15 07:30:00+00:00,0.0
4029,2013-03-15 08:00:00+00:00,52.42
4029,2013-03-15 08:30:00+00:00,100.0
4029,2013-03-15 09:00:00+00:00,97.58
4029,2013-03-15 09:30:00+00:00,102.42
4029,2013-03-15 10:00:00+00:00,150.0
4029,2013-03-15 10:30:00+00:00,197.58
4029,2013-03-15 11:00:00+00:00,52.42
4029,2013-03-15 11:30:00+00:00,152.57
4029,2013-03-15 12:00:00+00:00,247.43
4029,2013-03-15 12:30:00+00:00,200.08
4029,2013-03-15 13:00:00+00:00,100.0
4029,2013-03-15 13:30:00+00:00,99.92
4029,2013-03-15 14:00:00+00:00,150.08
4029,2013-03-15 14:30:00+00:00,147.5
4029,2013-03-15 15:00:00+00:00,100.0
4029,2013-03-15 15:30:00+00:00,50.0
4029,2013-03-15 16:00:00+00:00,50.0
4029,2013-03-15 16:30:00+00:00,50.0
4029,2013-03-15 17:00:00+00:00,0.0
4029,2013-03-15 17:30:00+00:00,0.0
4029,2013-03-15 18:00:00+00:00,0.0
4029,2013-03-15 18:30:00+00:00,0.0
4029,2013-03-15 19:00:00+00:00,0.0
4029,2013-03-15 19:30:00+00:00,0.0
4029,2013-03-15 20:00:00+00:00,0.0
4029,2013-03-15 20:30:00+00:00,0.0
4029,2013-03-15 21:00:00+00:00,0.0
4029,2013-03-15 21:30:00+00:00,0.0
4029,2013-03-15 22:00:00+00:00,0.0
4029,2013-03-15 22:30:00+00:00,0.0
4029,2013-03-15 23:00:00+00:00,0.0
4029,2013-03-15 23:30:00+00:00,0.0
4029,2013-03-16 00:00:00+00:00,0.0
4029,2013-03-16 00:30:00+00:00,0.0
4029,2013-03-16 01:00:00+00:00,0.0
4029,2013-03-16 01:30:00+00:00,0.0
4029,2013-03-16 02:00:00+00:00,0.0
4029,2013-03-16 02:30:00+00:00,0.0
4029,2013-03-16 03:00:00+00:00,0.0
4029,2013-03-16 03:30:00+00:00,0.0
4029,2013-03-16 04:00:00+00:00,0.0
4029,2013-03-16 04:30:00+00:00,0.0
4029,2013-03-16 05:00:00+00:00,0.0
4029,2013-03-16 05:30:00+00:00,0.0
4029,2013-03-16 06:00:00+00:00,0.0
4029,2013-03-16 06:30:00+00:00,0.0
4029,2013-03-16 07:00:00+00:00,0.0
4029,2013-03-16 07:30:00+00:00,50.0
4029,2013-03-16 08:00:00+00:00,50.0
4029,2013-03-16 08:30:00+00:00,50.0
4029,2013-03-16 09:00:00+00:00,100.0
4029,2013-03-16 09:30:00+00:00,102.59
4029,2013-03-16 10:00:00+00:00,147.41
4029,2013-03-16 10:30:00+00:00,100.0
4029,2013-03-16 11:00:00+00:00,50.0
4029,2013-03-16 11:30:00+00:00,50.0
4029,2013-03-16 12:00:00+00:00,50.0
4029,2013-03-16 12:30:00+00:00,50.0
4029,2013-03-16 13:00:00+00:00,0.0
4029,2013-03-16 13:30:00+00:00,50.0
4029,2013-03-16 14:00:00+00:00,52.75
4029,2013-03-16 14:30:00+00:00,50.0
4029,2013-03-16 15:00:00+00:00,97.25
4029,2013-03-16 15:30:00+00:00,50.0
4029,2013-03-16 16:00:00+00:00,100.0
4029,2013-03-16 16:30:00+00:00,0.0
4029,2013-03-16 17:00:00+00:00,50.0
4029,2013-03-16 17:30:00+00:00,0.0
4029,2013-03-16 18:00:00+00:00,0.0
4029,2013-03-16 18:30:00+00:00,0.0
4029,2013-03-16 19:00:00+00:00,0.0
4029,2013-03-16 19:30:00+00:00,0.0
4029,2013-03-16 20:00:00+00:00,0.0
4029,2013-03-16 20:30:00+00:00,0.0
4029,2013-03-16 21:00:00+00:00,0.0
4029,2013-03-16 21:30:00+00:00,0.0
4029,2013-03-16 22:00:00+00:00,0.0
4029,2013-03-16 22:30:00+00:00,0.0
4029,2013-03-16 23:00:00+00:00,0.0
4029,2013-03-16 23:30:00+00:00,0.0
4029,2013-03-17 00:00:00+00:00,0.0
4029,2013-03-17 00:30:00+00:00,0.0
4029,2013-03-17 01:00:00+00:00,0.0
4029,2013-03-17 01:30:00+00:00,0.0
4029,2013-03-17 02:00:00+00:00,0.0
4029,2013-03-17 02:30:00+00:00,0.0
4029,2013-03-17 03:00:00+00:00,0.0
4029,2013-03-17 03:30:00+00:00,0.0
4029,2013-03-17 04:00:00+00:00,0.0
4029,2013-03-17 04:30:00+00:00,0.0
4029,2013-03-17 05:00:00+00:00,0.0
4029,2013-03-17 05:30:00+00:00,0.0
4029,2013-03-17 06:00:00+00:00,0.0
4029,2013-03-17 06:30:00+00:00,0.0
4029,2013-03-17 07:00:00+00:00,2.84
4029,2013-03-17 07:30:00+00:00,50.0
4029,2013-03-17 08:00:00+00:00,47.16
4029,2013-03-17 08:30:00+00:00,52.91
4029,2013-03-17 09:00:00+00:00,100.01
4029,2013-03-17 09:30:00+00:00,99.99
4029,2013-03-17 10:00:00+00:00,100.0
4029,2013-03-17 10:30:00+00:00,100.0
4029,2013-03-17 11:00:00+00:00,199.93
4029,2013-03-17 11:30:00+00:00,150.08
4029,2013-03-17 12:00:00+00:00,100.0
4029,2013-03-17 12:30:00+00:00,150.0
4029,2013-03-17 13:00:00+00:00,100.0
4029,2013-03-17 13:30:00+00:00,97.08
4029,2013-03-17 14:00:00+00:00,55.83
4029,2013-03-17 14:30:00+00:00,509.15
4029,2013-03-17 15:00:00+00:00,749.6
4029,2013-03-17 15:30:00+00:00,438.34
4029,2013-03-17 16:00:00+00:00,97.08
4029,2013-03-17 16:30:00+00:00,153.0
4029,2013-03-17 17:00:00+00:00,97.0
4029,2013-03-17 17:30:00+00:00,0.0
4029,2013-03-17 18:00:00+00:00,0.0
4029,2013-03-17 18:30:00+00:00,0.0
4029,2013-03-17 19:00:00+00:00,0.0
4029,2013-03-17 19:30:00+00:00,0.0
4029,2013-03-17 20:00:00+00:00,0.0
4029,2013-03-17 20:30:00+00:00,0.0
4029,2013-03-17 21:00:00+00:00,0.0
4029,2013-03-17 21:30:00+00:00,0.0
4029,2013-03-17 22:00:00+00:00,0.0
4029,2013-03-17 22:30:00+00:00,0.0
4029,2013-03-17 23:00:00+00:00,0.0
4029,2013-03-17 23:30:00+00:00,0.0
4029,2013-03-18 00:00:00+00:00,0.0
4029,2013-03-18 00:30:00+00:00,0.0
4029,2013-03-18 01:00:00+00:00,0.0
4029,2013-03-18 01:30:00+00:00,0.0
4029,2013-03-18 02:00:00+00:00,0.0
4029,2013-03-18 02:30:00+00:00,0.0
4029,2013-03-18 03:00:00+00:00,0.0
4029,2013-03-18 03:30:00+00:00,0.0
4029,2013-03-18 04:00:00+00:00,0.0
4029,2013-03-18 04:30:00+00:00,0.0
4029,2013-03-18 05:00:00+00:00,0.0
4029,2013-03-18 05:30:00+00:00,0.0
4029,2013-03-18 06:00:00+00:00,0.0
4029,2013-03-18 06:30:00+00:00,3.08
4029,2013-03-18 07:00:00+00:00,46.92
4029,2013-03-18 07:30:00+00:00,50.0
4029,2013-03-18 08:00:00+00:00,103.08
4029,2013-03-18 08:30:00+00:00,150.0
4029,2013-03-18 09:00:00+00:00,146.92
4029,2013-03-18 09:30:00+00:00,103.08
4029,2013-03-18 10:00:00+00:00,153.25
4029,2013-03-18 10:30:00+00:00,196.84
4029,2013-03-18 11:00:00+00:00,146.83
4029,2013-03-18 11:30:00+00:00,259.27
4029,2013-03-18 12:00:00+00:00,350.0
4029,2013-03-18 12:30:00+00:00,347.06
4029,2013-03-18 13:00:00+00:00,250.0
4029,2013-03-18 13:30:00+00:00,143.67
4029,2013-03-18 14:00:00+00:00,3.17
4029,2013-03-18 14:30:00+00:00,46.83
4029,2013-03-18 15:00:00+00:00,3.17
4029,2013-03-18 15:30:00+00:00,46.83
4029,2013-03-18 16:00:00+00:00,0.0
4029,2013-03-18 16:30:00+00:00,0.0
4029,2013-03-18 17:00:00+00:00,0.0
4029,2013-03-18 17:30:00+00:00,0.0
4029,2013-03-18 18:00:00+00:00,0.0
4029,2013-03-18 18:30:00+00:00,0.0
4029,2013-03-18 19:00:00+00:00,0.0
4029,2013-03-18 19:30:00+00:00,0.0
4029,2013-03-18 20:00:00+00:00,0.0
4029,2013-03-18 20:30:00+00:00,0.0
4029,2013-03-18 21:00:00+00:00,0.0
4029,2013-03-18 21:30:00+00:00,0.0
4029,2013-03-18 22:00:00+00:00,0.0
4029,2013-03-18 22:30:00+00:00,0.0
4029,2013-03-18 23:00:00+00:00,0.0
4029,2013-03-18 23:30:00+00:00,0.0
4029,2013-03-19 00:00:00+00:00,0.0
4029,2013-03-19 00:30:00+00:00,0.0
4029,2013-03-19 01:00:00+00:00,0.0
4029,2013-03-19 01:30:00+00:00,0.0
4029,2013-03-19 02:00:00+00:00,0.0
4029,2013-03-19 02:30:00+00:00,0.0
4029,2013-03-19 03:00:00+00:00,0.0
4029,2013-03-19 03:30:00+00:00,0.0
4029,2013-03-19 04:00:00+00:00,0.0
4029,2013-03-19 04:30:00+00:00,0.0
4029,2013-03-19 05:00:00+00:00,0.0
4029,2013-03-19 05:30:00+00:00,0.0
4029,2013-03-19 06:00:00+00:00,0.0
4029,2013-03-19 06:30:00+00:00,0.0
4029,2013-03-19 07:00:00+00:00,0.0
4029,2013-03-19 07:30:00+00:00,3.33
4029,2013-03-19 08:00:00+00:00,96.67
4029,2013-03-19 08:30:00+00:00,50.0
4029,2013-03-19 09:00:00+00:00,50.0
4029,2013-03-19 09:30:00+00:00,3.34
4029,2013-03-19 10:00:00+00:00,50.08
4029,2013-03-19 10:30:00+00:00,149.91
4029,2013-03-19 11:00:00+00:00,200.08
4029,2013-03-19 11:30:00+00:00,250.0
4029,2013-03-19 12:00:00+00:00,150.01
4029,2013-03-19 12:30:00+00:00,199.92
4029,2013-03-19 13:00:00+00:00,100.07
4029,2013-03-19 13:30:00+00:00,100.01
4029,2013-03-19 14:00:00+00:00,200.0
4029,2013-03-19 14:30:00+00:00,153.41
4029,2013-03-19 15:00:00+00:00,196.59
4029,2013-03-19 15:30:00+00:00,150.0
4029,2013-03-19 16:00:00+00:00,146.58
4029,2013-03-19 16:30:00+00:00,3.5
4029,2013-03-19 17:00:00+00:00,46.5
4029,2013-03-19 17:30:00+00:00,50.0
4029,2013-03-19 18:00:00+00:00,0.0
4029,2013-03-19 18:30:00+00:00,0.0
4029,2013-03-19 19:00:00+00:00,0.0
4029,2013-03-19 19:30:00+00:00,0.0
4029,2013-03-19 20:00:00+00:00,0.0
4029,2013-03-19 20:30:00+00:00,0.0
4029,2013-03-19 21:00:00+00:00,0.0
4029,2013-03-19 21:30:00+00:00,0.0
4029,2013-03-19 22:00:00+00:00,0.0
4029,2013-03-19 22:30:00+00:00,0.0
4029,2013-03-19 23:00:00+00:00,0.0
4029,2013-03-19 23:30:00+00:00,0.0
4029,2013-03-20 00:00:00+00:00,0.0
4029,2013-03-20 00:30:00+00:00,0.0
4029,2013-03-20 01:00:00+00:00,0.0
4029,2013-03-20 01:30:00+00:00,0.0
4029,2013-03-20 02:00:00+00:00,0.0
4029,2013-03-20 02:30:00+00:00,0.0
4029,2013-03-20 03:00:00+00:00,0.0
4029,2013-03-20 03:30:00+00:00,0.0
4029,2013-03-20 04:00:00+00:00,0.0
4029,2013-03-20 04:30:00+00:00,0.0
4029,2013-03-20 05:00:00+00:00,0.0
4029,2013-03-20 05:30:00+00:00,0.0
4029,2013-03-20 06:00:00+00:00,0.0
4029,2013-03-20 06:30:00+00:00,0.0
4029,2013-03-20 07:00:00+00:00,0.0
4029,2013-03-20 07:30:00+00:00,0.0
4029,2013-03-20 08:00:00+00:00,50.0
4029,2013-03-20 08:30:00+00:00,3.58
4029,2013-03-20 09:00:00+00:00,150.0
4029,2013-03-20 09:30:00+00:00,250.0
4029,2013-03-20 10:00:00+00:00,253.59
4029,2013-03-20 10:30:00+00:00,296.41
4029,2013-03-20 11:00:00+00:00,203.74
4029,2013-03-20 11:30:00+00:00,396.35
4029,2013-03-20 12:00:00+00:00,100.0
4029,2013-03-20 12:30:00+00:00,46.33
4029,2013-03-20 13:00:00+00:00,50.0
4029,2013-03-20 13:30:00+00:00,0.0
4029,2013-03-20 14:00:00+00:00,50.0
4029,2013-03-20 14:30:00+00:00,50.0
4029,2013-03-20 15:00:00+00:00,50.0
4029,2013-03-20 15:30:00+00:00,0.0
4029,2013-03-20 16:00:00+00:00,50.0
4029,2013-03-20 16:30:00+00:00,0.0
4029,2013-03-20 17:00:00+00:00,0.0
4029,2013-03-20 17:30:00+00:00,0.0
4029,2013-03-20 18:00:00+00:00,0.0
4029,2013-03-20 18:30:00+00:00,0.0
4029,2013-03-20 19:00:00+00:00,0.0
4029,2013-03-20 19:30:00+00:00,0.0
4029,2013-03-20 20:00:00+00:00,0.0
4029,2013-03-20 20:30:00+00:00,0.0
4029,2013-03-20 21:00:00+00:00,0.0
4029,2013-03-20 21:30:00+00:00,0.0
4029,2013-03-20 22:00:00+00:00,0.0
4029,2013-03-20 22:30:00+00:00,0.0
4029,2013-03-20 23:00:00+00:00,0.0
4029,2013-03-20 23:30:00+00:00,0.0
4029,2013-03-21 00:00:00+00:00,0.0
4029,2013-03-21 00:30:00+00:00,0.0
4029,2013-03-21 01:00:00+00:00,0.0
4029,2013-03-21 01:30:00+00:00,0.0
4029,2013-03-21 02:00:00+00:00,0.0
4029,2013-03-21 02:30:00+00:00,0.0
4029,2013-03-21 03:00:00+00:00,0.0
4029,2013-03-21 03:30:00+00:00,0.0
4029,2013-03-21 04:00:00+00:00,0.0
4029,2013-03-21 04:30:00+00:00,0.0
4029,2013-03-21 05:00:00+00:00,0.0
4029,2013-03-21 05:30:00+00:00,0.0
4029,2013-03-21 06:00:00+00:00,0.0
4029,2013-03-21 06:30:00+00:00,0.0
4029,2013-03-21 07:00:00+00:00,50.0
4029,2013-03-21 07:30:00+00:00,53.83
4029,2013-03-21 08:00:00+00:00,149.92
4029,2013-03-21 08:30:00+00:00,200.08
4029,2013-03-21 09:00:00+00:00,307.67
4029,2013-03-21 09:30:00+00:00,450.0
4029,2013-03-21 10:00:00+00:00,450.0
4029,2013-03-21 10:30:00+00:00,453.83
4029,2013-03-21 11:00:00+00:00,546.17
4029,2013-03-21 11:30:00+00:00,454.14
4029,2013-03-21 12:00:00+00:00,545.86
4029,2013-03-21 12:30:00+00:00,400.0
4029,2013-03-21 13:00:00+00:00,396.18
4029,2013-03-21 13:30:00+00:00,300.15
4029,2013-03-21 14:00:00+00:00,249.99
4029,2013-03-21 14:30:00+00:00,250.01
4029,2013-03-21 15:00:00+00:00,300.0
4029,2013-03-21 15:30:00+00:00,196.01
4029,2013-03-21 16:00:00+00:00,96.16
4029,2013-03-21 16:30:00+00:00,53.92
4029,2013-03-21 17:00:00+00:00,46.08
4029,2013-03-21 17:30:00+00:00,0.0
4029,2013-03-21 18:00:00+00:00,0.0
4029,2013-03-21 18:30:00+00:00,0.0
4029,2013-03-21 19:00:00+00:00,0.0
4029,2013-03-21 19:30:00+00:00,0.0
4029,2013-03-21 20:00:00+00:00,0.0
4029,2013-03-21 20:30:00+00:00,0.0
4029,2013-03-21 21:00:00+00:00,0.0
4029,2013-03-21 21:30:00+00:00,0.0
4029,2013-03-21 22:00:00+00:00,0.0
4029,2013-03-21 22:30:00+00:00,0.0
4029,2013-03-21 23:00:00+00:00,0.0
4029,2013-03-21 23:30:00+00:00,0.0
4029,2013-03-22 00:00:00+00:00,0.0
4029,2013-03-22 00:30:00+00:00,0.0
4029,2013-03-22 01:00:00+00:00,0.0
4029,2013-03-22 01:30:00+00:00,0.0
4029,2013-03-22 02:00:00+00:00,0.0
4029,2013-03-22 02:30:00+00:00,0.0
4029,2013-03-22 03:00:00+00:00,0.0
4029,2013-03-22 03:30:00+00:00,0.0
4029,2013-03-22 04:00:00+00:00,0.0
4029,2013-03-22 04:30:00+00:00,0.0
4029,2013-03-22 05:00:00+00:00,0.0
4029,2013-03-22 05:30:00+00:00,0.0
4029,2013-03-22 06:00:00+00:00,0.0
4029,2013-03-22 06:30:00+00:00,0.0
4029,2013-03-22 07:00:00+00:00,4.08
4029,2013-03-22 07:30:00+00:00,45.92
4029,2013-03-22 08:00:00+00:00,50.0
4029,2013-03-22 08:30:00+00:00,50.0
4029,2013-03-22 09:00:00+00:00,104.08
4029,2013-03-22 09:30:00+00:00,150.0
4029,2013-03-22 10:00:00+00:00,153.93
4029,2013-03-22 10:30:00+00:00,200.16
4029,2013-03-22 11:00:00+00:00,404.08
4029,2013-03-22 11:30:00+00:00,595.92
4029,2013-03-22 12:00:00+00:00,250.0
4029,2013-03-22 12:30:00+00:00,300.0
4029,2013-03-22 13:00:00+00:00,300.0
4029,2013-03-22 13:30:00+00:00,500.0
4029,2013-03-22 14:00:00+00:00,400.0
4029,2013-03-22 14:30:00+00:00,295.91
4029,2013-03-22 15:00:00+00:00,204.25
4029,2013-03-22 15:30:00+00:00,145.84
4029,2013-03-22 16:00:00+00:00,95.83
4029,2013-03-22 16:30:00+00:00,50.0
4029,2013-03-22 17:00:00+00:00,0.0
4029,2013-03-22 17:30:00+00:00,0.0
4029,2013-03-22 18:00:00+00:00,0.0
4029,2013-03-22 18:30:00+00:00,0.0
4029,2013-03-22 19:00:00+00:00,0.0
4029,2013-03-22 19:30:00+00:00,0.0
4029,2013-03-22 20:00:00+00:00,0.0
4029,2013-03-22 20:30:00+00:00,0.0
4029,2013-03-22 21:00:00+00:00,0.0
4029,2013-03-22 21:30:00+00:00,0.0
4029,2013-03-22 22:00:00+00:00,0.0
4029,2013-03-22 22:30:00+00:00,0.0
4029,2013-03-22 23:00:00+00:00,0.0
4029,2013-03-22 23:30:00+00:00,0.0
4029,2013-03-23 00:00:00+00:00,0.0
4029,2013-03-23 00:30:00+00:00,0.0
4029,2013-03-23 01:00:00+00:00,0.0
4029,2013-03-23 01:30:00+00:00,0.0
4029,2013-03-23 02:00:00+00:00,0.0
4029,2013-03-23 02:30:00+00:00,0.0
4029,2013-03-23 03:00:00+00:00,0.0
4029,2013-03-23 03:30:00+00:00,0.0
4029,2013-03-23 04:00:00+00:00,0.0
4029,2013-03-23 04:30:00+00:00,0.0
4029,2013-03-23 05:00:00+00:00,0.0
4029,2013-03-23 05:30:00+00:00,0.0
4029,2013-03-23 06:00:00+00:00,0.0
4029,2013-03-23 06:30:00+00:00,0.0
4029,2013-03-23 07:00:00+00:00,0.0
4029,2013-03-23 07:30:00+00:00,0.0
4029,2013-03-23 08:00:00+00:00,50.0
4029,2013-03-23 08:30:00+00:00,0.0
4029,2013-03-23 09:00:00+00:00,0.0
4029,2013-03-23 09:30:00+00:00,4.26
4029,2013-03-23 10:00:00+00:00,45.74
4029,2013-03-23 10:30:00+00:00,50.0
4029,2013-03-23 11:00:00+00:00,4.33
4029,2013-03-23 11:30:00+00:00,49.93
4029,2013-03-23 12:00:00+00:00,50.07
4029,2013-03-23 12:30:00+00:00,95.67
4029,2013-03-23 13:00:00+00:00,54.33
4029,2013-03-23 13:30:00+00:00,45.67
4029,2013-03-23 14:00:00+00:00,50.0
4029,2013-03-23 14:30:00+00:00,50.0
4029,2013-03-23 15:00:00+00:00,50.0
4029,2013-03-23 15:30:00+00:00,0.0
4029,2013-03-23 16:00:00+00:00,50.0
4029,2013-03-23 16:30:00+00:00,0.0
4029,2013-03-23 17:00:00+00:00,0.0
4029,2013-03-23 17:30:00+00:00,0.0
4029,2013-03-23 18:00:00+00:00,0.0
4029,2013-03-23 18:30:00+00:00,0.0
4029,2013-03-23 19:00:00+00:00,0.0
4029,2013-03-23 19:30:00+00:00,0.0
4029,2013-03-23 20:00:00+00:00,0.0
4029,2013-03-23 20:30:00+00:00,0.0
4029,2013-03-23 21:00:00+00:00,0.0
4029,2013-03-23 21:30:00+00:00,0.0
4029,2013-03-23 22:00:00+00:00,0.0
4029,2013-03-23 22:30:00+00:00,0.0
4029,2013-03-23 23:00:00+00:00,0.0
4029,2013-03-23 23:30:00+00:00,0.0
4029,2013-03-24 00:00:00+00:00,0.0
4029,2013-03-24 00:30:00+00:00,0.0
4029,2013-03-24 01:00:00+00:00,0.0
4029,2013-03-24 01:30:00+00:00,0.0
4029,2013-03-24 02:00:00+00:00,0.0
4029,2013-03-24 02:30:00+00:00,0.0
4029,2013-03-24 03:00:00+00:00,0.0
4029,2013-03-24 03:30:00+00:00,0.0
4029,2013-03-24 04:00:00+00:00,0.0
4029,2013-03-24 04:30:00+00:00,0.0
4029,2013-03-24 05:00:00+00:00,0.0
4029,2013-03-24 05:30:00+00:00,0.0
4029,2013-03-24 06:00:00+00:00,0.0
4029,2013-03-24 06:30:00+00:00,0.0
4029,2013-03-24 07:00:00+00:00,0.0
4029,2013-03-24 07:30:00+00:00,0.0
4029,2013-03-24 08:00:00+00:00,0.0
4029,2013-03-24 08:30:00+00:00,0.0
4029,2013-03-24 09:00:00+00:00,0.0
4029,2013-03-24 09:30:00+00:00,50.0
4029,2013-03-24 10:00:00+00:00,0.0
4029,2013-03-24 10:30:00+00:00,50.0
4029,2013-03-24 11:00:00+00:00,50.0
4029,2013-03-24 11:30:00+00:00,54.58
4029,2013-03-24 12:00:00+00:00,45.42
4029,2013-03-24 12:30:00+00:00,50.0
4029,2013-03-24 13:00:00+00:00,50.0
4029,2013-03-24 13:30:00+00:00,50.0
4029,2013-03-24 14:00:00+00:00,50.0
4029,2013-03-24 14:30:00+00:00,50.0
4029,2013-03-24 15:00:00+00:00,50.0
4029,2013-03-24 15:30:00+00:00,50.0
4029,2013-03-24 16:00:00+00:00,54.58
4029,2013-03-24 16:30:00+00:00,50.0
4029,2013-03-24 17:00:00+00:00,45.42
4029,2013-03-24 17:30:00+00:00,0.0
4029,2013-03-24 18:00:00+00:00,0.0
4029,2013-03-24 18:30:00+00:00,0.0
4029,2013-03-24 19:00:00+00:00,0.0
4029,2013-03-24 19:30:00+00:00,0.0
4029,2013-03-24 20:00:00+00:00,0.0
4029,2013-03-24 20:30:00+00:00,0.0
4029,2013-03-24 21:00:00+00:00,0.0
4029,2013-03-24 21:30:00+00:00,0.0
4029,2013-03-24 22:00:00+00:00,0.0
4029,2013-03-24 22:30:00+00:00,0.0
4029,2013-03-24 23:00:00+00:00,0.0
4029,2013-03-24 23:30:00+00:00,0.0
4029,2013-03-25 00:00:00+00:00,0.0
4029,2013-03-25 00:30:00+00:00,0.0
4029,2013-03-25 01:00:00+00:00,0.0
4029,2013-03-25 01:30:00+00:00,0.0
4029,2013-03-25 02:00:00+00:00,0.0
4029,2013-03-25 02:30:00+00:00,0.0
4029,2013-03-25 03:00:00+00:00,0.0
4029,2013-03-25 03:30:00+00:00,0.0
4029,2013-03-25 04:00:00+00:00,0.0
4029,2013-03-25 04:30:00+00:00,0.0
4029,2013-03-25 05:00:00+00:00,0.0
4029,2013-03-25 05:30:00+00:00,0.0
4029,2013-03-25 06:00:00+00:00,0.0
4029,2013-03-25 06:30:00+00:00,0.0
4029,2013-03-25 07:00:00+00:00,0.0
4029,2013-03-25 07:30:00+00:00,50.0
4029,2013-03-25 08:00:00+00:00,4.75
4029,2013-03-25 08:30:00+00:00,50.08
4029,2013-03-25 09:00:00+00:00,99.92
4029,2013-03-25 09:30:00+00:00,100.08
4029,2013-03-25 10:00:00+00:00,145.17
4029,2013-03-25 10:30:00+00:00,154.76
4029,2013-03-25 11:00:00+00:00,200.07
4029,2013-03-25 11:30:00+00:00,154.82
4029,2013-03-25 12:00:00+00:00,240.35
4029,2013-03-25 12:30:00+00:00,104.83
4029,2013-03-25 13:00:00+00:00,95.17
4029,2013-03-25 13:30:00+00:00,100.0
4029,2013-03-25 14:00:00+00:00,104.83
4029,2013-03-25 14:30:00+00:00,100.0
4029,2013-03-25 15:00:00+00:00,100.0
4029,2013-03-25 15:30:00+00:00,95.17
4029,2013-03-25 16:00:00+00:00,50.0
4029,2013-03-25 16:30:00+00:00,50.0
4029,2013-03-25 17:00:00+00:00,4.83
4029,2013-03-25 17:30:00+00:00,45.17
4029,2013-03-25 18:00:00+00:00,0.0
4029,2013-03-25 18:30:00+00:00,0.0
4029,2013-03-25 19:00:00+00:00,0.0
4029,2013-03-25 19:30:00+00:00,0.0
4029,2013-03-25 20:00:00+00:00,0.0
4029,2013-03-25 20:30:00+00:00,0.0
4029,2013-03-25 21:00:00+00:00,0.0
4029,2013-03-25 21:30:00+00:00,0.0
4029,2013-03-25 22:00:00+00:00,0.0
4029,2013-03-25 22:30:00+00:00,0.0
4029,2013-03-25 23:00:00+00:00,0.0
4029,2013-03-25 23:30:00+00:00,0.0
4029,2013-03-26 00:00:00+00:00,0.0
4029,2013-03-26 00:30:00+00:00,0.0
4029,2013-03-26 01:00:00+00:00,0.0
4029,2013-03-26 01:30:00+00:00,0.0
4029,2013-03-26 02:00:00+00:00,0.0
4029,2013-03-26 02:30:00+00:00,0.0
4029,2013-03-26 03:00:00+00:00,0.0
4029,2013-03-26 03:30:00+00:00,0.0
4029,2013-03-26 04:00:00+00:00,0.0
4029,2013-03-26 04:30:00+00:00,0.0
4029,2013-03-26 05:00:00+00:00,0.0
4029,2013-03-26 05:30:00+00:00,0.0
4029,2013-03-26 06:00:00+00:00,0.0
4029,2013-03-26 06:30:00+00:00,0.0
4029,2013-03-26 07:00:00+00:00,0.0
4029,2013-03-26 07:30:00+00:00,50.0
4029,2013-03-26 08:00:00+00:00,50.0
4029,2013-03-26 08:30:00+00:00,50.0
4029,2013-03-26 09:00:00+00:00,100.0
4029,2013-03-26 09:30:00+00:00,105.0
4029,2013-03-26 10:00:00+00:00,150.08
4029,2013-03-26 10:30:00+00:00,149.93
4029,2013-03-26 11:00:00+00:00,199.99
4029,2013-03-26 11:30:00+00:00,145.0
4029,2013-03-26 12:00:00+00:00,55.08
4029,2013-03-26 12:30:00+00:00,149.99
4029,2013-03-26 13:00:00+00:00,204.95
4029,2013-03-26 13:30:00+00:00,244.99
4029,2013-03-26 14:00:00+00:00,144.99
4029,2013-03-26 14:30:00+00:00,110.02
4029,2013-03-26 15:00:00+00:00,189.98
4029,2013-03-26 15:30:00+00:00,55.08
4029,2013-03-26 16:00:00+00:00,100.0
4029,2013-03-26 16:30:00+00:00,150.0
4029,2013-03-26 17:00:00+00:00,94.92
4029,2013-03-26 17:30:00+00:00,50.0
4029,2013-03-26 18:00:00+00:00,50.0
4029,2013-03-26 18:30:00+00:00,0.0
4029,2013-03-26 19:00:00+00:00,0.0
4029,2013-03-26 19:30:00+00:00,0.0
4029,2013-03-26 20:00:00+00:00,0.0
4029,2013-03-26 20:30:00+00:00,0.0
4029,2013-03-26 21:00:00+00:00,0.0
4029,2013-03-26 21:30:00+00:00,0.0
4029,2013-03-26 22:00:00+00:00,0.0
4029,2013-03-26 22:30:00+00:00,0.0
4029,2013-03-26 23:00:00+00:00,0.0
4029,2013-03-26 23:30:00+00:00,0.0
4029,2013-03-27 00:00:00+00:00,0.0
4029,2013-03-27 00:30:00+00:00,0.0
4029,2013-03-27 01:00:00+00:00,0.0
4029,2013-03-27 01:30:00+00:00,0.0
4029,2013-03-27 02:00:00+00:00,0.0
4029,2013-03-27 02:30:00+00:00,0.0
4029,2013-03-27 03:00:00+00:00,0.0
4029,2013-03-27 03:30:00+00:00,0.0
4029,2013-03-27 04:00:00+00:00,0.0
4029,2013-03-27 04:30:00+00:00,0.0
4029,2013-03-27 05:00:00+00:00,0.0
4029,2013-03-27 05:30:00+00:00,0.0
4029,2013-03-27 06:00:00+00:00,0.0
4029,2013-03-27 06:30:00+00:00,0.0
4029,2013-03-27 07:00:00+00:00,5.25
4029,2013-03-27 07:30:00+00:00,49.99
4029,2013-03-27 08:00:00+00:00,100.01
4029,2013-03-27 08:30:00+00:00,155.25
4029,2013-03-27 09:00:00+00:00,200.0
4029,2013-03-27 09:30:00+00:00,255.25
4029,2013-03-27 10:00:00+00:00,460.5
4029,2013-03-27 10:30:00+00:00,705.25
4029,2013-03-27 11:00:00+00:00,950.0
4029,2013-03-27 11:30:00+00:00,789.5
4029,2013-03-27 12:00:00+00:00,744.75
4029,2013-03-27 12:30:00+00:00,700.0
4029,2013-03-27 13:00:00+00:00,755.29
4029,2013-03-27 13:30:00+00:00,500.0
4029,2013-03-27 14:00:00+00:00,860.51
4029,2013-03-27 14:30:00+00:00,639.49
4029,2013-03-27 15:00:00+00:00,444.96
4029,2013-03-27 15:30:00+00:00,289.32
4029,2013-03-27 16:00:00+00:00,144.68
4029,2013-03-27 16:30:00+00:00,100.0
4029,2013-03-27 17:00:00+00:00,55.33
4029,2013-03-27 17:30:00+00:00,50.0
4029,2013-03-27 18:00:00+00:00,44.67
4029,2013-03-27 18:30:00+00:00,0.0
4029,2013-03-27 19:00:00+00:00,0.0
4029,2013-03-27 19:30:00+00:00,0.0
4029,2013-03-27 20:00:00+00:00,0.0
4029,2013-03-27 20:30:00+00:00,0.0
4029,2013-03-27 21:00:00+00:00,0.0
4029,2013-03-27 21:30:00+00:00,0.0
4029,2013-03-27 22:00:00+00:00,0.0
4029,2013-03-27 22:30:00+00:00,0.0
4029,2013-03-27 23:00:00+00:00,0.0
4029,2013-03-27 23:30:00+00:00,0.0
4029,2013-03-28 00:00:00+00:00,0.0
4029,2013-03-28 00:30:00+00:00,0.0
4029,2013-03-28 01:00:00+00:00,0.0
4029,2013-03-28 01:30:00+00:00,0.0
4029,2013-03-28 02:00:00+00:00,0.0
4029,2013-03-28 02:30:00+00:00,0.0
4029,2013-03-28 03:00:00+00:00,0.0
4029,2013-03-28 03:30:00+00:00,0.0
4029,2013-03-28 04:00:00+00:00,0.0
4029,2013-03-28 04:30:00+00:00,0.0
4029,2013-03-28 05:00:00+00:00,0.0
4029,2013-03-28 05:30:00+00:00,0.0
4029,2013-03-28 06:00:00+00:00,0.0
4029,2013-03-28 06:30:00+00:00,27.75
4029,2013-03-28 07:00:00+00:00,27.68
4029,2013-03-28 07:30:00+00:00,100.07
4029,2013-03-28 08:00:00+00:00,149.99
4029,2013-03-28 08:30:00+00:00,205.51
4029,2013-03-28 09:00:00+00:00,294.5
4029,2013-03-28 09:30:00+00:00,366.5
4029,2013-03-28 10:00:00+00:00,450.0
4029,2013-03-28 10:30:00+00:00,578.0
4029,2013-03-28 11:00:00+00:00,266.5
4029,2013-03-28 11:30:00+00:00,672.0
4029,2013-03-28 12:00:00+00:00,778.0
4029,2013-03-28 12:30:00+00:00,394.5
4029,2013-03-28 13:00:00+00:00,455.5
4029,2013-03-28 13:30:00+00:00,655.5
4029,2013-03-28 14:00:00+00:00,455.92
4029,2013-03-28 14:30:00+00:00,649.58
4029,2013-03-28 15:00:00+00:00,594.83
4029,2013-03-28 15:30:00+00:00,383.25
4029,2013-03-28 16:00:00+00:00,355.59
4029,2013-03-28 16:30:00+00:00,305.58
4029,2013-03-28 17:00:00+00:00,288.82
4029,2013-03-28 17:30:00+00:00,94.43
4029,2013-03-28 18:00:00+00:00,50.0
4029,2013-03-28 18:30:00+00:00,0.0
4029,2013-03-28 19:00:00+00:00,0.0
4029,2013-03-28 19:30:00+00:00,0.0
4029,2013-03-28 20:00:00+00:00,0.0
4029,2013-03-28 20:30:00+00:00,0.0
4029,2013-03-28 21:00:00+00:00,0.0
4029,2013-03-28 21:30:00+00:00,0.0
4029,2013-03-28 22:00:00+00:00,0.0
4029,2013-03-28 22:30:00+00:00,0.0
4029,2013-03-28 23:00:00+00:00,0.0
4029,2013-03-28 23:30:00+00:00,0.0
4029,2013-03-29 00:00:00+00:00,0.0
4029,2013-03-29 00:30:00+00:00,0.0
4029,2013-03-29 01:00:00+00:00,0.0
4029,2013-03-29 01:30:00+00:00,0.0
4029,2013-03-29 02:00:00+00:00,0.0
4029,2013-03-29 02:30:00+00:00,0.0
4029,2013-03-29 03:00:00+00:00,0.0
4029,2013-03-29 03:30:00+00:00,0.0
4029,2013-03-29 04:00:00+00:00,0.0
4029,2013-03-29 04:30:00+00:00,0.0
4029,2013-03-29 05:00:00+00:00,0.0
4029,2013-03-29 05:30:00+00:00,0.0
4029,2013-03-29 06:00:00+00:00,0.0
4029,2013-03-29 06:30:00+00:00,0.0
4029,2013-03-29 07:00:00+00:00,5.75
4029,2013-03-29 07:30:00+00:00,71.88
4029,2013-03-29 08:00:00+00:00,78.11
4029,2013-03-29 08:30:00+00:00,105.76
4029,2013-03-29 09:00:00+00:00,249.85
4029,2013-03-29 09:30:00+00:00,305.9
4029,2013-03-29 10:00:00+00:00,350.0
4029,2013-03-29 10:30:00+00:00,450.0
4029,2013-03-29 11:00:00+00:00,400.0
4029,2013-03-29 11:30:00+00:00,405.75
4029,2013-03-29 12:00:00+00:00,550.0
4029,2013-03-29 12:30:00+00:00,673.0
4029,2013-03-29 13:00:00+00:00,877.0
4029,2013-03-29 13:30:00+00:00,500.33
4029,2013-03-29 14:00:00+00:00,699.67
4029,2013-03-29 14:30:00+00:00,538.5
4029,2013-03-29 15:00:00+00:00,673.0
4029,2013-03-29 15:30:00+00:00,894.25
4029,2013-03-29 16:00:00+00:00,605.81
4029,2013-03-29 16:30:00+00:00,721.27
4029,2013-03-29 17:00:00+00:00,399.92
4029,2013-03-29 17:30:00+00:00,94.25
4029,2013-03-29 18:00:00+00:00,50.0
4029,2013-03-29 18:30:00+00:00,0.0
4029,2013-03-29 19:00:00+00:00,0.0
4029,2013-03-29 19:30:00+00:00,0.0
4029,2013-03-29 20:00:00+00:00,0.0
4029,2013-03-29 20:30:00+00:00,0.0
4029,2013-03-29 21:00:00+00:00,0.0
4029,2013-03-29 21:30:00+00:00,0.0
4029,2013-03-29 22:00:00+00:00,0.0
4029,2013-03-29 22:30:00+00:00,0.0
4029,2013-03-29 23:00:00+00:00,0.0
4029,2013-03-29 23:30:00+00:00,0.0
4029,2013-03-30 00:00:00+00:00,0.0
4029,2013-03-30 00:30:00+00:00,0.0
4029,2013-03-30 01:00:00+00:00,0.0
4029,2013-03-30 01:30:00+00:00,0.0
4029,2013-03-30 02:00:00+00:00,0.0
4029,2013-03-30 02:30:00+00:00,0.0
4029,2013-03-30 03:00:00+00:00,0.0
4029,2013-03-30 03:30:00+00:00,0.0
4029,2013-03-30 04:00:00+00:00,0.0
4029,2013-03-30 04:30:00+00:00,0.0
4029,2013-03-30 05:00:00+00:00,0.0
4029,2013-03-30 05:30:00+00:00,0.0
4029,2013-03-30 06:00:00+00:00,0.0
4029,2013-03-30 06:30:00+00:00,0.0
4029,2013-03-30 07:00:00+00:00,0.0
4029,2013-03-30 07:30:00+00:00,5.89
4029,2013-03-30 08:00:00+00:00,50.04
4029,2013-03-30 08:30:00+00:00,97.07
4029,2013-03-30 09:00:00+00:00,103.0
4029,2013-03-30 09:30:00+00:00,144.0
4029,2013-03-30 10:00:00+00:00,118.0
4029,2013-03-30 10:30:00+00:00,456.0
4029,2013-03-30 11:00:00+00:00,399.67
4029,2013-03-30 11:30:00+00:00,232.26
4029,2013-03-30 12:00:00+00:00,324.07
4029,2013-03-30 12:30:00+00:00,812.0
4029,2013-03-30 13:00:00+00:00,964.0
4029,2013-03-30 13:30:00+00:00,150.0
4029,2013-03-30 14:00:00+00:00,150.0
4029,2013-03-30 14:30:00+00:00,236.51
4029,2013-03-30 15:00:00+00:00,713.49
4029,2013-03-30 15:30:00+00:00,100.01
4029,2013-03-30 16:00:00+00:00,200.0
4029,2013-03-30 16:30:00+00:00,50.07
4029,2013-03-30 17:00:00+00:00,93.92
4029,2013-03-30 17:30:00+00:00,50.0
4029,2013-03-30 18:00:00+00:00,0.0
4029,2013-03-30 18:30:00+00:00,0.0
4029,2013-03-30 19:00:00+00:00,0.0
4029,2013-03-30 19:30:00+00:00,0.0
4029,2013-03-30 20:00:00+00:00,0.0
4029,2013-03-30 20:30:00+00:00,0.0
4029,2013-03-30 21:00:00+00:00,0.0
4029,2013-03-30 21:30:00+00:00,0.0
4029,2013-03-30 22:00:00+00:00,0.0
4029,2013-03-30 22:30:00+00:00,0.0
4029,2013-03-30 23:00:00+00:00,0.0
4029,2013-03-30 23:30:00+00:00,0.0
4029,2013-03-31 00:00:00+00:00,0.0
4029,2013-03-31 00:30:00+00:00,0.0
4029,2013-03-31 01:00:00+00:00,0.0
4029,2013-03-31 01:30:00+00:00,0.0
4029,2013-03-31 02:00:00+00:00,0.0
4029,2013-03-31 02:30:00+00:00,0.0
4029,2013-03-31 03:00:00+00:00,0.0
4029,2013-03-31 03:30:00+00:00,0.0
4029,2013-03-31 04:00:00+00:00,0.0
4029,2013-03-31 04:30:00+00:00,0.0
4029,2013-03-31 05:00:00+00:00,0.0
4029,2013-03-31 05:30:00+00:00,0.0
4029,2013-03-31 06:00:00+00:00,0.0
4029,2013-03-31 06:30:00+00:00,0.0
4029,2013-03-31 07:00:00+00:00,50.0
4029,2013-03-31 07:30:00+00:00,56.17
4029,2013-03-31 08:00:00+00:00,100.07
4029,2013-03-31 08:30:00+00:00,149.9
4029,2013-03-31 09:00:00+00:00,200.03
4029,2013-03-31 09:30:00+00:00,151.66
4029,2013-03-31 10:00:00+00:00,204.67
4029,2013-03-31 10:30:00+00:00,250.0
4029,2013-03-31 11:00:00+00:00,299.98
4029,2013-03-31 11:30:00+00:00,293.69
4029,2013-03-31 12:00:00+00:00,156.31
4029,2013-03-31 12:30:00+00:00,250.02
4029,2013-03-31 13:00:00+00:00,243.74
4029,2013-03-31 13:30:00+00:00,200.01
4029,2013-03-31 14:00:00+00:00,200.0
4029,2013-03-31 14:30:00+00:00,150.0
4029,2013-03-31 15:00:00+00:00,200.0
4029,2013-03-31 15:30:00+00:00,312.5
4029,2013-03-31 16:00:00+00:00,537.5
4029,2013-03-31 16:30:00+00:00,268.75
4029,2013-03-31 17:00:00+00:00,587.5
4029,2013-03-31 17:30:00+00:00,243.82
4029,2013-03-31 18:00:00+00:00,43.68
4029,2013-03-31 18:30:00+00:00,0.0
4029,2013-03-31 19:00:00+00:00,0.0
4029,2013-03-31 19:30:00+00:00,0.0
4029,2013-03-31 20:00:00+00:00,0.0
4029,2013-03-31 20:30:00+00:00,0.0
4029,2013-03-31 21:00:00+00:00,0.0
4029,2013-03-31 21:30:00+00:00,0.0
4029,2013-03-31 22:00:00+00:00,0.0
4029,2013-03-31 22:30:00+00:00,0.0
4029,2013-03-31 23:00:00+00:00,0.0
4029,2013-03-31 23:30:00+00:00,0.0
4029,2013-04-01 00:30:00+00:00,0.0
4029,2013-04-01 01:00:00+00:00,0.0
4029,2013-04-01 01:30:00+00:00,0.0
4029,2013-04-01 02:00:00+00:00,0.0
4029,2013-04-01 02:30:00+00:00,0.0
4029,2013-04-01 03:00:00+00:00,0.0
4029,2013-04-01 03:30:00+00:00,0.0
4029,2013-04-01 04:00:00+00:00,0.0
4029,2013-04-01 04:30:00+00:00,0.0
4029,2013-04-01 05:00:00+00:00,0.0
4029,2013-04-01 05:30:00+00:00,0.0
4029,2013-04-01 06:00:00+00:00,0.0
4029,2013-04-01 06:30:00+00:00,0.0
4029,2013-04-01 07:00:00+00:00,50.0
4029,2013-04-01 07:30:00+00:00,0.0
4029,2013-04-01 08:00:00+00:00,56.42
4029,2013-04-01 08:30:00+00:00,93.58
4029,2013-04-01 09:00:00+00:00,56.42
4029,2013-04-01 09:30:00+00:00,143.58
4029,2013-04-01 10:00:00+00:00,100.0
4029,2013-04-01 10:30:00+00:00,55.53
4029,2013-04-01 11:00:00+00:00,150.9
4029,2013-04-01 11:30:00+00:00,200.0
4029,2013-04-01 12:00:00+00:00,432.57
4029,2013-04-01 12:30:00+00:00,862.33
4029,2013-04-01 13:00:00+00:00,1044.17
4029,2013-04-01 13:30:00+00:00,987.0
4029,2013-04-01 14:00:00+00:00,900.0
4029,2013-04-01 14:30:00+00:00,906.5
4029,2013-04-01 15:00:00+00:00,574.0
4029,2013-04-01 15:30:00+00:00,619.5
4029,2013-04-01 16:00:00+00:00,787.0
4029,2013-04-01 16:30:00+00:00,506.5
4029,2013-04-01 17:00:00+00:00,480.5
4029,2013-04-01 17:30:00+00:00,193.5
4029,2013-04-01 18:00:00+00:00,50.0
4029,2013-04-01 18:30:00+00:00,0.0
4029,2013-04-01 19:00:00+00:00,0.0
4029,2013-04-01 19:30:00+00:00,0.0
4029,2013-04-01 20:00:00+00:00,0.0
4029,2013-04-01 20:30:00+00:00,0.0
4029,2013-04-01 21:00:00+00:00,0.0
4029,2013-04-01 21:30:00+00:00,0.0
4029,2013-04-01 22:00:00+00:00,0.0
4029,2013-04-01 22:30:00+00:00,0.0
4029,2013-04-01 23:00:00+00:00,0.0
4029,2013-04-01 23:30:00+00:00,0.0
4029,2013-04-02 00:00:00+00:00,0.0
4029,2013-04-02 00:30:00+00:00,0.0
4029,2013-04-02 01:00:00+00:00,0.0
4029,2013-04-02 01:30:00+00:00,0.0
4029,2013-04-02 02:00:00+00:00,0.0
4029,2013-04-02 02:30:00+00:00,0.0
4029,2013-04-02 03:00:00+00:00,0.0
4029,2013-04-02 03:30:00+00:00,0.0
4029,2013-04-02 04:00:00+00:00,0.0
4029,2013-04-02 04:30:00+00:00,0.0
4029,2013-04-02 05:00:00+00:00,0.0
4029,2013-04-02 05:30:00+00:00,0.0
4029,2013-04-02 06:00:00+00:00,0.0
4029,2013-04-02 06:30:00+00:00,50.0
4029,2013-04-02 07:00:00+00:00,50.0
4029,2013-04-02 07:30:00+00:00,100.0
4029,2013-04-02 08:00:00+00:00,106.67
4029,2013-04-02 08:30:00+00:00,256.66
4029,2013-04-02 09:00:00+00:00,363.34
4029,2013-04-02 09:30:00+00:00,656.66
4029,2013-04-02 10:00:00+00:00,756.67
4029,2013-04-02 10:30:00+00:00,730.0
4029,2013-04-02 11:00:00+00:00,576.67
4029,2013-04-02 11:30:00+00:00,729.52
4029,2013-04-02 12:00:00+00:00,563.88
4029,2013-04-02 12:30:00+00:00,836.89
4029,2013-04-02 13:00:00+00:00,769.78
4029,2013-04-02 13:30:00+00:00,1207.26
4029,2013-04-02 14:00:00+00:00,1192.74
4029,2013-04-02 14:30:00+00:00,993.76
4029,2013-04-02 15:00:00+00:00,1006.75
4029,2013-04-02 15:30:00+00:00,1000.0
4029,2013-04-02 16:00:00+00:00,986.5
4029,2013-04-02 16:30:00+00:00,750.0
4029,2013-04-02 17:00:00+00:00,636.5
4029,2013-04-02 17:30:00+00:00,286.5
4029,2013-04-02 18:00:00+00:00,43.25
4029,2013-04-02 18:30:00+00:00,50.0
4029,2013-04-02 19:00:00+00:00,0.0
4029,2013-04-02 19:30:00+00:00,0.0
4029,2013-04-02 20:00:00+00:00,0.0
4029,2013-04-02 20:30:00+00:00,0.0
4029,2013-04-02 21:00:00+00:00,0.0
4029,2013-04-02 21:30:00+00:00,0.0
4029,2013-04-02 22:00:00+00:00,0.0
4029,2013-04-02 22:30:00+00:00,0.0
4029,2013-04-02 23:00:00+00:00,0.0
4029,2013-04-02 23:30:00+00:00,0.0
4029,2013-04-03 00:00:00+00:00,0.0
4029,2013-04-03 00:30:00+00:00,0.0
4029,2013-04-03 01:00:00+00:00,0.0
4029,2013-04-03 01:30:00+00:00,0.0
4029,2013-04-03 02:00:00+00:00,0.0
4029,2013-04-03 02:30:00+00:00,0.0
4029,2013-04-03 03:00:00+00:00,0.0
4029,2013-04-03 03:30:00+00:00,0.0
4029,2013-04-03 04:00:00+00:00,0.0
4029,2013-04-03 04:30:00+00:00,0.0
4029,2013-04-03 05:00:00+00:00,0.0
4029,2013-04-03 05:30:00+00:00,0.0
4029,2013-04-03 06:00:00+00:00,0.0
4029,2013-04-03 06:30:00+00:00,0.0
4029,2013-04-03 07:00:00+00:00,50.0
4029,2013-04-03 07:30:00+00:00,0.0
4029,2013-04-03 08:00:00+00:00,50.0
4029,2013-04-03 08:30:00+00:00,6.92
4029,2013-04-03 09:00:00+00:00,50.0
4029,2013-04-03 09:30:00+00:00,100.0
4029,2013-04-03 10:00:00+00:00,93.08
4029,2013-04-03 10:30:00+00:00,56.92
4029,2013-04-03 11:00:00+00:00,150.0
4029,2013-04-03 11:30:00+00:00,150.07
4029,2013-04-03 12:00:00+00:00,156.41
4029,2013-04-03 12:30:00+00:00,200.16
4029,2013-04-03 13:00:00+00:00,164.9
4029,2013-04-03 13:30:00+00:00,121.54
4029,2013-04-03 14:00:00+00:00,107.0
4029,2013-04-03 14:30:00+00:00,99.99
4029,2013-04-03 15:00:00+00:00,100.01
4029,2013-04-03 15:30:00+00:00,93.0
4029,2013-04-03 16:00:00+00:00,57.0
4029,2013-04-03 16:30:00+00:00,43.0
4029,2013-04-03 17:00:00+00:00,0.0
4029,2013-04-03 17:30:00+00:00,7.0
4029,2013-04-03 18:00:00+00:00,43.0
4029,2013-04-03 18:30:00+00:00,0.0
4029,2013-04-03 19:00:00+00:00,0.0
4029,2013-04-03 19:30:00+00:00,0.0
4029,2013-04-03 20:00:00+00:00,0.0
4029,2013-04-03 20:30:00+00:00,0.0
4029,2013-04-03 21:00:00+00:00,0.0
4029,2013-04-03 21:30:00+00:00,0.0
4029,2013-04-03 22:00:00+00:00,0.0
4029,2013-04-03 22:30:00+00:00,0.0
4029,2013-04-03 23:00:00+00:00,0.0
4029,2013-04-03 23:30:00+00:00,0.0
4029,2013-04-04 00:00:00+00:00,0.0
4029,2013-04-04 00:30:00+00:00,0.0
4029,2013-04-04 01:00:00+00:00,0.0
4029,2013-04-04 01:30:00+00:00,0.0
4029,2013-04-04 02:00:00+00:00,0.0
4029,2013-04-04 02:30:00+00:00,0.0
4029,2013-04-04 03:00:00+00:00,0.0
4029,2013-04-04 03:30:00+00:00,0.0
4029,2013-04-04 04:00:00+00:00,0.0
4029,2013-04-04 04:30:00+00:00,0.0
4029,2013-04-04 05:00:00+00:00,0.0
4029,2013-04-04 05:30:00+00:00,0.0
4029,2013-04-04 06:00:00+00:00,0.0
4029,2013-04-04 06:30:00+00:00,0.0
4029,2013-04-04 07:00:00+00:00,0.0
4029,2013-04-04 07:30:00+00:00,50.0
4029,2013-04-04 08:00:00+00:00,0.0
4029,2013-04-04 08:30:00+00:00,57.17
4029,2013-04-04 09:00:00+00:00,92.83
4029,2013-04-04 09:30:00+00:00,7.15
4029,2013-04-04 10:00:00+00:00,100.02
4029,2013-04-04 10:30:00+00:00,142.83
4029,2013-04-04 11:00:00+00:00,100.0
4029,2013-04-04 11:30:00+00:00,50.0
4029,2013-04-04 12:00:00+00:00,94.5
4029,2013-04-04 12:30:00+00:00,177.75
4029,2013-04-04 13:00:00+00:00,200.05
4029,2013-04-04 13:30:00+00:00,99.95
4029,2013-04-04 14:00:00+00:00,100.04
4029,2013-04-04 14:30:00+00:00,150.04
4029,2013-04-04 15:00:00+00:00,122.24
4029,2013-04-04 15:30:00+00:00,127.76
4029,2013-04-04 16:00:00+00:00,172.26
4029,2013-04-04 16:30:00+00:00,227.74
4029,2013-04-04 17:00:00+00:00,27.67
4029,2013-04-04 17:30:00+00:00,0.0
4029,2013-04-04 18:00:00+00:00,0.0
4029,2013-04-04 18:30:00+00:00,0.0
4029,2013-04-04 19:00:00+00:00,0.0
4029,2013-04-04 19:30:00+00:00,0.0
4029,2013-04-04 20:00:00+00:00,0.0
4029,2013-04-04 20:30:00+00:00,0.0
4029,2013-04-04 21:00:00+00:00,0.0
4029,2013-04-04 21:30:00+00:00,0.0
4029,2013-04-04 22:00:00+00:00,0.0
4029,2013-04-04 22:30:00+00:00,0.0
4029,2013-04-04 23:00:00+00:00,0.0
4029,2013-04-04 23:30:00+00:00,0.0
4029,2013-04-05 00:00:00+00:00,0.0
4029,2013-04-05 00:30:00+00:00,0.0
4029,2013-04-05 01:00:00+00:00,0.0
4029,2013-04-05 01:30:00+00:00,0.0
4029,2013-04-05 02:00:00+00:00,0.0
4029,2013-04-05 02:30:00+00:00,0.0
4029,2013-04-05 03:00:00+00:00,0.0
4029,2013-04-05 03:30:00+00:00,0.0
4029,2013-04-05 04:00:00+00:00,0.0
4029,2013-04-05 04:30:00+00:00,0.0
4029,2013-04-05 05:00:00+00:00,0.0
4029,2013-04-05 05:30:00+00:00,0.0
4029,2013-04-05 06:00:00+00:00,0.0
4029,2013-04-05 06:30:00+00:00,0.0
4029,2013-04-05 07:00:00+00:00,0.0
4029,2013-04-05 07:30:00+00:00,0.0
4029,2013-04-05 08:00:00+00:00,50.0
4029,2013-04-05 08:30:00+00:00,0.0
4029,2013-04-05 09:00:00+00:00,50.0
4029,2013-04-05 09:30:00+00:00,122.45
4029,2013-04-05 10:00:00+00:00,99.97
4029,2013-04-05 10:30:00+00:00,100.08
4029,2013-04-05 11:00:00+00:00,172.43
4029,2013-04-05 11:30:00+00:00,300.07
4029,2013-04-05 12:00:00+00:00,349.78
4029,2013-04-05 12:30:00+00:00,277.72
4029,2013-04-05 13:00:00+00:00,270.93
4029,2013-04-05 13:30:00+00:00,251.57
4029,2013-04-05 14:00:00+00:00,372.5
4029,2013-04-05 14:30:00+00:00,305.0
4029,2013-04-05 15:00:00+00:00,222.5
4029,2013-04-05 15:30:00+00:00,227.5
4029,2013-04-05 16:00:00+00:00,172.59
4029,2013-04-05 16:30:00+00:00,127.46
4029,2013-04-05 17:00:00+00:00,77.45
4029,2013-04-05 17:30:00+00:00,50.0
4029,2013-04-05 18:00:00+00:00,0.0
4029,2013-04-05 18:30:00+00:00,0.0
4029,2013-04-05 19:00:00+00:00,0.0
4029,2013-04-05 19:30:00+00:00,0.0
4029,2013-04-05 20:00:00+00:00,0.0
4029,2013-04-05 20:30:00+00:00,0.0
4029,2013-04-05 21:00:00+00:00,0.0
4029,2013-04-05 21:30:00+00:00,0.0
4029,2013-04-05 22:00:00+00:00,0.0
4029,2013-04-05 22:30:00+00:00,0.0
4029,2013-04-05 23:00:00+00:00,0.0
4029,2013-04-05 23:30:00+00:00,0.0
4029,2013-04-06 00:00:00+00:00,0.0
4029,2013-04-06 00:30:00+00:00,0.0
4029,2013-04-06 01:00:00+00:00,0.0
4029,2013-04-06 01:30:00+00:00,0.0
4029,2013-04-06 02:00:00+00:00,0.0
4029,2013-04-06 02:30:00+00:00,0.0
4029,2013-04-06 03:00:00+00:00,0.0
4029,2013-04-06 03:30:00+00:00,0.0
4029,2013-04-06 04:00:00+00:00,0.0
4029,2013-04-06 04:30:00+00:00,0.0
4029,2013-04-06 05:00:00+00:00,0.0
4029,2013-04-06 05:30:00+00:00,0.0
4029,2013-04-06 06:00:00+00:00,22.67
4029,2013-04-06 06:30:00+00:00,27.33
4029,2013-04-06 07:00:00+00:00,72.67
4029,2013-04-06 07:30:00+00:00,77.33
4029,2013-04-06 08:00:00+00:00,122.7
4029,2013-04-06 08:30:00+00:00,272.71
4029,2013-04-06 09:00:00+00:00,322.73
4029,2013-04-06 09:30:00+00:00,445.61
4029,2013-04-06 10:00:00+00:00,622.75
4029,2013-04-06 10:30:00+00:00,800.0
4029,2013-04-06 11:00:00+00:00,1022.75
4029,2013-04-06 11:30:00+00:00,1072.45
4029,2013-04-06 12:00:00+00:00,1150.3
4029,2013-04-06 12:30:00+00:00,1222.75
4029,2013-04-06 13:00:00+00:00,1177.25
4029,2013-04-06 13:30:00+00:00,1177.25
4029,2013-04-06 14:00:00+00:00,1146.11
4029,2013-04-06 14:30:00+00:00,1103.89
4029,2013-04-06 15:00:00+00:00,1050.0
4029,2013-04-06 15:30:00+00:00,1000.0
4029,2013-04-06 16:00:00+00:00,877.25
4029,2013-04-06 16:30:00+00:00,754.65
4029,2013-04-06 17:00:00+00:00,577.1
4029,2013-04-06 17:30:00+00:00,404.55
4029,2013-04-06 18:00:00+00:00,100.0
4029,2013-04-06 18:30:00+00:00,27.2
4029,2013-04-06 19:00:00+00:00,0.0
4029,2013-04-06 19:30:00+00:00,0.0
4029,2013-04-06 20:00:00+00:00,0.0
4029,2013-04-06 20:30:00+00:00,0.0
4029,2013-04-06 21:00:00+00:00,0.0
4029,2013-04-06 21:30:00+00:00,0.0
4029,2013-04-06 22:00:00+00:00,0.0
4029,2013-04-06 22:30:00+00:00,0.0
4029,2013-04-06 23:00:00+00:00,0.0
4029,2013-04-06 23:30:00+00:00,0.0
4029,2013-04-07 00:00:00+00:00,0.0
4029,2013-04-07 00:30:00+00:00,0.0
4029,2013-04-07 01:00:00+00:00,0.0
4029,2013-04-07 01:30:00+00:00,0.0
4029,2013-04-07 02:00:00+00:00,0.0
4029,2013-04-07 02:30:00+00:00,0.0
4029,2013-04-07 03:00:00+00:00,0.0
4029,2013-04-07 03:30:00+00:00,0.0
4029,2013-04-07 04:00:00+00:00,0.0
4029,2013-04-07 04:30:00+00:00,0.0
4029,2013-04-07 05:00:00+00:00,0.0
4029,2013-04-07 05:30:00+00:00,0.0
4029,2013-04-07 06:00:00+00:00,0.0
4029,2013-04-07 06:30:00+00:00,50.0
4029,2013-04-07 07:00:00+00:00,50.0
4029,2013-04-07 07:30:00+00:00,72.92
4029,2013-04-07 08:00:00+00:00,200.0
4029,2013-04-07 08:30:00+00:00,295.83
4029,2013-04-07 09:00:00+00:00,423.25
4029,2013-04-07 09:30:00+00:00,549.67
4029,2013-04-07 10:00:00+00:00,673.33
4029,2013-04-07 10:30:00+00:00,750.0
4029,2013-04-07 11:00:00+00:00,749.81
4029,2013-04-07 11:30:00+00:00,872.92
4029,2013-04-07 12:00:00+00:00,950.27
4029,2013-04-07 12:30:00+00:00,1045.33
4029,2013-04-07 13:00:00+00:00,1127.09
4029,2013-04-07 13:30:00+00:00,1150.26
4029,2013-04-07 14:00:00+00:00,1077.32
4029,2013-04-07 14:30:00+00:00,777.0
4029,2013-04-07 15:00:00+00:00,747.75
4029,2013-04-07 15:30:00+00:00,606.25
4029,2013-04-07 16:00:00+00:00,450.0
4029,2013-04-07 16:30:00+00:00,350.0
4029,2013-04-07 17:00:00+00:00,377.08
4029,2013-04-07 17:30:00+00:00,203.92
4029,2013-04-07 18:00:00+00:00,50.0
4029,2013-04-07 18:30:00+00:00,0.0
4029,2013-04-07 19:00:00+00:00,0.0
4029,2013-04-07 19:30:00+00:00,0.0
4029,2013-04-07 20:00:00+00:00,0.0
4029,2013-04-07 20:30:00+00:00,0.0
4029,2013-04-07 21:00:00+00:00,0.0
4029,2013-04-07 21:30:00+00:00,0.0
4029,2013-04-07 22:00:00+00:00,0.0
4029,2013-04-07 22:30:00+00:00,0.0
4029,2013-04-07 23:00:00+00:00,0.0
4029,2013-04-07 23:30:00+00:00,0.0
4029,2013-04-08 00:00:00+00:00,0.0
4029,2013-04-08 00:30:00+00:00,0.0
4029,2013-04-08 01:00:00+00:00,0.0
4029,2013-04-08 01:30:00+00:00,0.0
4029,2013-04-08 02:00:00+00:00,0.0
4029,2013-04-08 02:30:00+00:00,0.0
4029,2013-04-08 03:00:00+00:00,0.0
4029,2013-04-08 03:30:00+00:00,0.0
4029,2013-04-08 04:00:00+00:00,0.0
4029,2013-04-08 04:30:00+00:00,0.0
4029,2013-04-08 05:00:00+00:00,0.0
4029,2013-04-08 05:30:00+00:00,0.0
4029,2013-04-08 06:00:00+00:00,0.0
4029,2013-04-08 06:30:00+00:00,50.0
4029,2013-04-08 07:00:00+00:00,50.0
4029,2013-04-08 07:30:00+00:00,123.17
4029,2013-04-08 08:00:00+00:00,150.0
4029,2013-04-08 08:30:00+00:00,223.16
4029,2013-04-08 09:00:00+00:00,250.0
4029,2013-04-08 09:30:00+00:00,300.0
4029,2013-04-08 10:00:00+00:00,300.17
4029,2013-04-08 10:30:00+00:00,323.0
4029,2013-04-08 11:00:00+00:00,523.32
4029,2013-04-08 11:30:00+00:00,673.21
4029,2013-04-08 12:00:00+00:00,676.79
4029,2013-04-08 12:30:00+00:00,673.21
4029,2013-04-08 13:00:00+00:00,873.47
4029,2013-04-08 13:30:00+00:00,850.0
4029,2013-04-08 14:00:00+00:00,876.33
4029,2013-04-08 14:30:00+00:00,726.99
4029,2013-04-08 15:00:00+00:00,796.68
4029,2013-04-08 15:30:00+00:00,533.58
4029,2013-04-08 16:00:00+00:00,149.71
4029,2013-04-08 16:30:00+00:00,163.84
4029,2013-04-08 17:00:00+00:00,113.37
4029,2013-04-08 17:30:00+00:00,100.0
4029,2013-04-08 18:00:00+00:00,50.0
4029,2013-04-08 18:30:00+00:00,0.0
4029,2013-04-08 19:00:00+00:00,0.0
4029,2013-04-08 19:30:00+00:00,0.0
4029,2013-04-08 20:00:00+00:00,0.0
4029,2013-04-08 20:30:00+00:00,0.0
4029,2013-04-08 21:00:00+00:00,0.0
4029,2013-04-08 21:30:00+00:00,0.0
4029,2013-04-08 22:00:00+00:00,0.0
4029,2013-04-08 22:30:00+00:00,0.0
4029,2013-04-08 23:00:00+00:00,0.0
4029,2013-04-08 23:30:00+00:00,0.0
4029,2013-04-09 00:00:00+00:00,0.0
4029,2013-04-09 00:30:00+00:00,0.0
4029,2013-04-09 01:00:00+00:00,0.0
4029,2013-04-09 01:30:00+00:00,0.0
4029,2013-04-09 02:00:00+00:00,0.0
4029,2013-04-09 02:30:00+00:00,0.0
4029,2013-04-09 03:00:00+00:00,0.0
4029,2013-04-09 03:30:00+00:00,0.0
4029,2013-04-09 04:00:00+00:00,0.0
4029,2013-04-09 04:30:00+00:00,0.0
4029,2013-04-09 05:00:00+00:00,0.0
4029,2013-04-09 05:30:00+00:00,0.0
4029,2013-04-09 06:00:00+00:00,0.0
4029,2013-04-09 06:30:00+00:00,50.0
4029,2013-04-09 07:00:00+00:00,23.37
4029,2013-04-09 07:30:00+00:00,26.63
4029,2013-04-09 08:00:00+00:00,73.38
4029,2013-04-09 08:30:00+00:00,99.99
4029,2013-04-09 09:00:00+00:00,150.05
4029,2013-04-09 09:30:00+00:00,250.0
4029,2013-04-09 10:00:00+00:00,100.0
4029,2013-04-09 10:30:00+00:00,150.0
4029,2013-04-09 11:00:00+00:00,150.0
4029,2013-04-09 11:30:00+00:00,100.0
4029,2013-04-09 12:00:00+00:00,100.0
4029,2013-04-09 12:30:00+00:00,76.58
4029,2013-04-09 13:00:00+00:00,73.42
4029,2013-04-09 13:30:00+00:00,100.0
4029,2013-04-09 14:00:00+00:00,76.58
4029,2013-04-09 14:30:00+00:00,73.5
4029,2013-04-09 15:00:00+00:00,126.5
4029,2013-04-09 15:30:00+00:00,123.42
4029,2013-04-09 16:00:00+00:00,76.58
4029,2013-04-09 16:30:00+00:00,50.0
4029,2013-04-09 17:00:00+00:00,0.0
4029,2013-04-09 17:30:00+00:00,36.62
4029,2013-04-09 18:00:00+00:00,13.38
4029,2013-04-09 18:30:00+00:00,0.0
4029,2013-04-09 19:00:00+00:00,0.0
4029,2013-04-09 19:30:00+00:00,0.0
4029,2013-04-09 20:00:00+00:00,0.0
4029,2013-04-09 20:30:00+00:00,0.0
4029,2013-04-09 21:00:00+00:00,0.0
4029,2013-04-09 21:30:00+00:00,0.0
4029,2013-04-09 22:00:00+00:00,0.0
4029,2013-04-09 22:30:00+00:00,0.0
4029,2013-04-09 23:00:00+00:00,0.0
4029,2013-04-09 23:30:00+00:00,0.0
4029,2013-04-10 00:00:00+00:00,0.0
4029,2013-04-10 00:30:00+00:00,0.0
4029,2013-04-10 01:00:00+00:00,0.0
4029,2013-04-10 01:30:00+00:00,0.0
4029,2013-04-10 02:00:00+00:00,0.0
4029,2013-04-10 02:30:00+00:00,0.0
4029,2013-04-10 03:00:00+00:00,0.0
4029,2013-04-10 03:30:00+00:00,0.0
4029,2013-04-10 04:00:00+00:00,0.0
4029,2013-04-10 04:30:00+00:00,0.0
4029,2013-04-10 05:00:00+00:00,0.0
4029,2013-04-10 05:30:00+00:00,0.0
4029,2013-04-10 06:00:00+00:00,0.0
4029,2013-04-10 06:30:00+00:00,0.0
4029,2013-04-10 07:00:00+00:00,23.58
4029,2013-04-10 07:30:00+00:00,76.42
4029,2013-04-10 08:00:00+00:00,73.67
4029,2013-04-10 08:30:00+00:00,150.0
4029,2013-04-10 09:00:00+00:00,273.5
4029,2013-04-10 09:30:00+00:00,350.08
4029,2013-04-10 10:00:00+00:00,471.08
4029,2013-04-10 10:30:00+00:00,800.0
4029,2013-04-10 11:00:00+00:00,700.0
4029,2013-04-10 11:30:00+00:00,629.0
4029,2013-04-10 12:00:00+00:00,400.0
4029,2013-04-10 12:30:00+00:00,373.67
4029,2013-04-10 13:00:00+00:00,573.67
4029,2013-04-10 13:30:00+00:00,476.33
4029,2013-04-10 14:00:00+00:00,400.0
4029,2013-04-10 14:30:00+00:00,402.71
4029,2013-04-10 15:00:00+00:00,250.0
4029,2013-04-10 15:30:00+00:00,200.0
4029,2013-04-10 16:00:00+00:00,200.04
4029,2013-04-10 16:30:00+00:00,126.25
4029,2013-04-10 17:00:00+00:00,123.71
4029,2013-04-10 17:30:00+00:00,26.29
4029,2013-04-10 18:00:00+00:00,50.0
4029,2013-04-10 18:30:00+00:00,0.0
4029,2013-04-10 19:00:00+00:00,0.0
4029,2013-04-10 19:30:00+00:00,0.0
4029,2013-04-10 20:00:00+00:00,0.0
4029,2013-04-10 20:30:00+00:00,0.0
4029,2013-04-10 21:00:00+00:00,0.0
4029,2013-04-10 21:30:00+00:00,0.0
4029,2013-04-10 22:00:00+00:00,0.0
4029,2013-04-10 22:30:00+00:00,0.0
4029,2013-04-10 23:00:00+00:00,0.0
4029,2013-04-10 23:30:00+00:00,0.0
4029,2013-04-11 00:00:00+00:00,0.0
4029,2013-04-11 00:30:00+00:00,0.0
4029,2013-04-11 01:00:00+00:00,0.0
4029,2013-04-11 01:30:00+00:00,0.0
4029,2013-04-11 02:00:00+00:00,0.0
4029,2013-04-11 02:30:00+00:00,0.0
4029,2013-04-11 03:00:00+00:00,0.0
4029,2013-04-11 03:30:00+00:00,0.0
4029,2013-04-11 04:00:00+00:00,0.0
4029,2013-04-11 04:30:00+00:00,0.0
4029,2013-04-11 05:00:00+00:00,0.0
4029,2013-04-11 05:30:00+00:00,0.0
4029,2013-04-11 06:00:00+00:00,0.0
4029,2013-04-11 06:30:00+00:00,0.0
4029,2013-04-11 07:00:00+00:00,0.0
4029,2013-04-11 07:30:00+00:00,50.0
4029,2013-04-11 08:00:00+00:00,23.87
4029,2013-04-11 08:30:00+00:00,26.13
4029,2013-04-11 09:00:00+00:00,73.88
4029,2013-04-11 09:30:00+00:00,49.95
4029,2013-04-11 10:00:00+00:00,100.05
4029,2013-04-11 10:30:00+00:00,100.0
4029,2013-04-11 11:00:00+00:00,76.12
4029,2013-04-11 11:30:00+00:00,123.92
4029,2013-04-11 12:00:00+00:00,150.0
4029,2013-04-11 12:30:00+00:00,173.91
4029,2013-04-11 13:00:00+00:00,250.0
4029,2013-04-11 13:30:00+00:00,397.84
4029,2013-04-11 14:00:00+00:00,404.33
4029,2013-04-11 14:30:00+00:00,271.75
4029,2013-04-11 15:00:00+00:00,502.17
4029,2013-04-11 15:30:00+00:00,223.99
4029,2013-04-11 16:00:00+00:00,176.09
4029,2013-04-11 16:30:00+00:00,173.91
4029,2013-04-11 17:00:00+00:00,276.09
4029,2013-04-11 17:30:00+00:00,100.0
4029,2013-04-11 18:00:00+00:00,99.96
4029,2013-04-11 18:30:00+00:00,76.04
4029,2013-04-11 19:00:00+00:00,0.0
4029,2013-04-11 19:30:00+00:00,0.0
4029,2013-04-11 20:00:00+00:00,0.0
4029,2013-04-11 20:30:00+00:00,0.0
4029,2013-04-11 21:00:00+00:00,0.0
4029,2013-04-11 21:30:00+00:00,0.0
4029,2013-04-11 22:00:00+00:00,0.0
4029,2013-04-11 22:30:00+00:00,0.0
4029,2013-04-11 23:00:00+00:00,0.0
4029,2013-04-11 23:30:00+00:00,0.0
4029,2013-04-12 00:00:00+00:00,0.0
4029,2013-04-12 00:30:00+00:00,0.0
4029,2013-04-12 01:00:00+00:00,0.0
4029,2013-04-12 01:30:00+00:00,0.0
4029,2013-04-12 02:00:00+00:00,0.0
4029,2013-04-12 02:30:00+00:00,0.0
4029,2013-04-12 03:00:00+00:00,0.0
4029,2013-04-12 03:30:00+00:00,0.0
4029,2013-04-12 04:00:00+00:00,0.0
4029,2013-04-12 04:30:00+00:00,0.0
4029,2013-04-12 05:00:00+00:00,0.0
4029,2013-04-12 05:30:00+00:00,0.0
4029,2013-04-12 06:00:00+00:00,0.0
4029,2013-04-12 06:30:00+00:00,0.0
4029,2013-04-12 07:00:00+00:00,50.0
4029,2013-04-12 07:30:00+00:00,24.12
4029,2013-04-12 08:00:00+00:00,100.0
4029,2013-04-12 08:30:00+00:00,100.05
4029,2013-04-12 09:00:00+00:00,249.91
4029,2013-04-12 09:30:00+00:00,300.09
4029,2013-04-12 10:00:00+00:00,200.0
4029,2013-04-12 10:30:00+00:00,372.5
4029,2013-04-12 11:00:00+00:00,327.5
4029,2013-04-12 11:30:00+00:00,174.16
4029,2013-04-12 12:00:00+00:00,275.84
4029,2013-04-12 12:30:00+00:00,100.0
4029,2013-04-12 13:00:00+00:00,446.66
4029,2013-04-12 13:30:00+00:00,277.5
4029,2013-04-12 14:00:00+00:00,625.84
4029,2013-04-12 14:30:00+00:00,250.0
4029,2013-04-12 15:00:00+00:00,75.83
4029,2013-04-12 15:30:00+00:00,222.5
4029,2013-04-12 16:00:00+00:00,550.0
4029,2013-04-12 16:30:00+00:00,425.83
4029,2013-04-12 17:00:00+00:00,175.88
4029,2013-04-12 17:30:00+00:00,75.79
4029,2013-04-12 18:00:00+00:00,50.0
4029,2013-04-12 18:30:00+00:00,0.0
4029,2013-04-12 19:00:00+00:00,0.0
4029,2013-04-12 19:30:00+00:00,0.0
4029,2013-04-12 20:00:00+00:00,0.0
4029,2013-04-12 20:30:00+00:00,0.0
4029,2013-04-12 21:00:00+00:00,0.0
4029,2013-04-12 21:30:00+00:00,0.0
4029,2013-04-12 22:00:00+00:00,0.0
4029,2013-04-12 22:30:00+00:00,0.0
4029,2013-04-12 23:00:00+00:00,0.0
4029,2013-04-12 23:30:00+00:00,0.0
4029,2013-04-13 00:00:00+00:00,0.0
4029,2013-04-13 00:30:00+00:00,0.0
4029,2013-04-13 01:00:00+00:00,0.0
4029,2013-04-13 01:30:00+00:00,0.0
4029,2013-04-13 02:00:00+00:00,0.0
4029,2013-04-13 02:30:00+00:00,0.0
4029,2013-04-13 03:00:00+00:00,0.0
4029,2013-04-13 03:30:00+00:00,0.0
4029,2013-04-13 04:00:00+00:00,0.0
4029,2013-04-13 04:30:00+00:00,0.0
4029,2013-04-13 05:00:00+00:00,0.0
4029,2013-04-13 05:30:00+00:00,0.0
4029,2013-04-13 06:00:00+00:00,0.0
4029,2013-04-13 06:30:00+00:00,50.0
4029,2013-04-13 07:00:00+00:00,50.0
4029,2013-04-13 07:30:00+00:00,100.0
4029,2013-04-13 08:00:00+00:00,148.67
4029,2013-04-13 08:30:00+00:00,274.33
4029,2013-04-13 09:00:00+00:00,374.33
4029,2013-04-13 09:30:00+00:00,425.8
4029,2013-04-13 10:00:00+00:00,449.87
4029,2013-04-13 10:30:00+00:00,550.0
4029,2013-04-13 11:00:00+00:00,524.67
4029,2013-04-13 11:30:00+00:00,475.58
4029,2013-04-13 12:00:00+00:00,375.58
4029,2013-04-13 12:30:00+00:00,275.59
4029,2013-04-13 13:00:00+00:00,150.0
4029,2013-04-13 13:30:00+00:00,125.58
4029,2013-04-13 14:00:00+00:00,100.0
4029,2013-04-13 14:30:00+00:00,74.42
4029,2013-04-13 15:00:00+00:00,50.0
4029,2013-04-13 15:30:00+00:00,25.58
4029,2013-04-13 16:00:00+00:00,50.0
4029,2013-04-13 16:30:00+00:00,50.0
4029,2013-04-13 17:00:00+00:00,0.0
4029,2013-04-13 17:30:00+00:00,0.0
4029,2013-04-13 18:00:00+00:00,0.0
4029,2013-04-13 18:30:00+00:00,0.0
4029,2013-04-13 19:00:00+00:00,0.0
4029,2013-04-13 19:30:00+00:00,0.0
4029,2013-04-13 20:00:00+00:00,0.0
4029,2013-04-13 20:30:00+00:00,0.0
4029,2013-04-13 21:00:00+00:00,0.0
4029,2013-04-13 21:30:00+00:00,0.0
4029,2013-04-13 22:00:00+00:00,0.0
4029,2013-04-13 22:30:00+00:00,0.0
4029,2013-04-13 23:00:00+00:00,0.0
4029,2013-04-13 23:30:00+00:00,0.0
4029,2013-04-14 00:00:00+00:00,0.0
4029,2013-04-14 00:30:00+00:00,0.0
4029,2013-04-14 01:00:00+00:00,0.0
4029,2013-04-14 01:30:00+00:00,0.0
4029,2013-04-14 02:00:00+00:00,0.0
4029,2013-04-14 02:30:00+00:00,0.0
4029,2013-04-14 03:00:00+00:00,0.0
4029,2013-04-14 03:30:00+00:00,0.0
4029,2013-04-14 04:00:00+00:00,0.0
4029,2013-04-14 04:30:00+00:00,0.0
4029,2013-04-14 05:00:00+00:00,0.0
4029,2013-04-14 05:30:00+00:00,0.0
4029,2013-04-14 06:00:00+00:00,0.0
4029,2013-04-14 06:30:00+00:00,50.0
4029,2013-04-14 07:00:00+00:00,50.0
4029,2013-04-14 07:30:00+00:00,50.0
4029,2013-04-14 08:00:00+00:00,74.58
4029,2013-04-14 08:30:00+00:00,150.0
4029,2013-04-14 09:00:00+00:00,124.59
4029,2013-04-14 09:30:00+00:00,523.75
4029,2013-04-14 10:00:00+00:00,650.96
4029,2013-04-14 10:30:00+00:00,424.45
4029,2013-04-14 11:00:00+00:00,674.8
4029,2013-04-14 11:30:00+00:00,476.04
4029,2013-04-14 12:00:00+00:00,672.91
4029,2013-04-14 12:30:00+00:00,1000.59
4029,2013-04-14 13:00:00+00:00,1099.7
4029,2013-04-14 13:30:00+00:00,975.63
4029,2013-04-14 14:00:00+00:00,974.37
4029,2013-04-14 14:30:00+00:00,1100.3
4029,2013-04-14 15:00:00+00:00,975.33
4029,2013-04-14 15:30:00+00:00,924.67
4029,2013-04-14 16:00:00+00:00,875.33
4029,2013-04-14 16:30:00+00:00,775.33
4029,2013-04-14 17:00:00+00:00,476.0
4029,2013-04-14 17:30:00+00:00,325.34
4029,2013-04-14 18:00:00+00:00,150.0
4029,2013-04-14 18:30:00+00:00,25.33
4029,2013-04-14 19:00:00+00:00,0.0
4029,2013-04-14 19:30:00+00:00,0.0
4029,2013-04-14 20:00:00+00:00,0.0
4029,2013-04-14 20:30:00+00:00,0.0
4029,2013-04-14 21:00:00+00:00,0.0
4029,2013-04-14 21:30:00+00:00,0.0
4029,2013-04-14 22:00:00+00:00,0.0
4029,2013-04-14 22:30:00+00:00,0.0
4029,2013-04-14 23:00:00+00:00,0.0
4029,2013-04-14 23:30:00+00:00,0.0
4029,2013-04-15 00:00:00+00:00,0.0
4029,2013-04-15 00:30:00+00:00,0.0
4029,2013-04-15 01:00:00+00:00,0.0
4029,2013-04-15 01:30:00+00:00,0.0
4029,2013-04-15 02:00:00+00:00,0.0
4029,2013-04-15 02:30:00+00:00,0.0
4029,2013-04-15 03:00:00+00:00,0.0
4029,2013-04-15 03:30:00+00:00,0.0
4029,2013-04-15 04:00:00+00:00,0.0
4029,2013-04-15 04:30:00+00:00,0.0
4029,2013-04-15 05:00:00+00:00,0.0
4029,2013-04-15 05:30:00+00:00,0.0
4029,2013-04-15 06:00:00+00:00,0.0
4029,2013-04-15 06:30:00+00:00,50.0
4029,2013-04-15 07:00:00+00:00,74.79
4029,2013-04-15 07:30:00+00:00,125.21
4029,2013-04-15 08:00:00+00:00,149.67
4029,2013-04-15 08:30:00+00:00,250.0
4029,2013-04-15 09:00:00+00:00,400.0
4029,2013-04-15 09:30:00+00:00,349.66
4029,2013-04-15 10:00:00+00:00,575.17
4029,2013-04-15 10:30:00+00:00,824.5
4029,2013-04-15 11:00:00+00:00,975.17
4029,2013-04-15 11:30:00+00:00,800.33
4029,2013-04-15 12:00:00+00:00,500.0
4029,2013-04-15 12:30:00+00:00,500.13
4029,2013-04-15 13:00:00+00:00,574.87
4029,2013-04-15 13:30:00+00:00,750.0
4029,2013-04-15 14:00:00+00:00,599.75
4029,2013-04-15 14:30:00+00:00,800.42
4029,2013-04-15 15:00:00+00:00,549.58
4029,2013-04-15 15:30:00+00:00,750.42
4029,2013-04-15 16:00:00+00:00,624.91
4029,2013-04-15 16:30:00+00:00,650.17
4029,2013-04-15 17:00:00+00:00,325.08
4029,2013-04-15 17:30:00+00:00,175.09
4029,2013-04-15 18:00:00+00:00,250.0
4029,2013-04-15 18:30:00+00:00,50.0
4029,2013-04-15 19:00:00+00:00,25.08
4029,2013-04-15 19:30:00+00:00,0.0
4029,2013-04-15 20:00:00+00:00,0.0
4029,2013-04-15 20:30:00+00:00,0.0
4029,2013-04-15 21:00:00+00:00,0.0
4029,2013-04-15 21:30:00+00:00,0.0
4029,2013-04-15 22:00:00+00:00,0.0
4029,2013-04-15 22:30:00+00:00,0.0
4029,2013-04-15 23:00:00+00:00,0.0
4029,2013-04-15 23:30:00+00:00,0.0
4029,2013-04-16 00:00:00+00:00,0.0
4029,2013-04-16 00:30:00+00:00,0.0
4029,2013-04-16 01:00:00+00:00,0.0
4029,2013-04-16 01:30:00+00:00,0.0
4029,2013-04-16 02:00:00+00:00,0.0
4029,2013-04-16 02:30:00+00:00,0.0
4029,2013-04-16 03:00:00+00:00,0.0
4029,2013-04-16 03:30:00+00:00,0.0
4029,2013-04-16 04:00:00+00:00,0.0
4029,2013-04-16 04:30:00+00:00,0.0
4029,2013-04-16 05:00:00+00:00,0.0
4029,2013-04-16 05:30:00+00:00,0.0
4029,2013-04-16 06:00:00+00:00,0.0
4029,2013-04-16 06:30:00+00:00,0.0
4029,2013-04-16 07:00:00+00:00,0.0
4029,2013-04-16 07:30:00+00:00,50.0
4029,2013-04-16 08:00:00+00:00,50.0
4029,2013-04-16 08:30:00+00:00,75.08
4029,2013-04-16 09:00:00+00:00,125.09
4029,2013-04-16 09:30:00+00:00,300.0
4029,2013-04-16 10:00:00+00:00,300.0
4029,2013-04-16 10:30:00+00:00,350.0
4029,2013-04-16 11:00:00+00:00,425.08
4029,2013-04-16 11:30:00+00:00,450.0
4029,2013-04-16 12:00:00+00:00,525.08
4029,2013-04-16 12:30:00+00:00,474.92
4029,2013-04-16 13:00:00+00:00,400.0
4029,2013-04-16 13:30:00+00:00,575.25
4029,2013-04-16 14:00:00+00:00,724.92
4029,2013-04-16 14:30:00+00:00,875.25
4029,2013-04-16 15:00:00+00:00,1050.08
4029,2013-04-16 15:30:00+00:00,925.08
4029,2013-04-16 16:00:00+00:00,850.0
4029,2013-04-16 16:30:00+00:00,750.0
4029,2013-04-16 17:00:00+00:00,599.67
4029,2013-04-16 17:30:00+00:00,424.83
4029,2013-04-16 18:00:00+00:00,224.8
4029,2013-04-16 18:30:00+00:00,74.87
4029,2013-04-16 19:00:00+00:00,0.0
4029,2013-04-16 19:30:00+00:00,0.0
4029,2013-04-16 20:00:00+00:00,0.0
4029,2013-04-16 20:30:00+00:00,0.0
4029,2013-04-16 21:00:00+00:00,0.0
4029,2013-04-16 21:30:00+00:00,0.0
4029,2013-04-16 22:00:00+00:00,0.0
4029,2013-04-16 22:30:00+00:00,0.0
4029,2013-04-16 23:00:00+00:00,0.0
4029,2013-04-16 23:30:00+00:00,0.0
4029,2013-04-17 00:00:00+00:00,0.0
4029,2013-04-17 00:30:00+00:00,0.0
4029,2013-04-17 01:00:00+00:00,0.0
4029,2013-04-17 01:30:00+00:00,0.0
4029,2013-04-17 02:00:00+00:00,0.0
4029,2013-04-17 02:30:00+00:00,0.0
4029,2013-04-17 03:00:00+00:00,0.0
4029,2013-04-17 03:30:00+00:00,0.0
4029,2013-04-17 04:00:00+00:00,0.0
4029,2013-04-17 04:30:00+00:00,0.0
4029,2013-04-17 05:00:00+00:00,0.0
4029,2013-04-17 05:30:00+00:00,0.0
4029,2013-04-17 06:00:00+00:00,0.0
4029,2013-04-17 06:30:00+00:00,50.0
4029,2013-04-17 07:00:00+00:00,0.0
4029,2013-04-17 07:30:00+00:00,50.0
4029,2013-04-17 08:00:00+00:00,50.0
4029,2013-04-17 08:30:00+00:00,25.33
4029,2013-04-17 09:00:00+00:00,50.0
4029,2013-04-17 09:30:00+00:00,50.0
4029,2013-04-17 10:00:00+00:00,99.92
4029,2013-04-17 10:30:00+00:00,100.04
4029,2013-04-17 11:00:00+00:00,275.21
4029,2013-04-17 11:30:00+00:00,450.83
4029,2013-04-17 12:00:00+00:00,524.67
4029,2013-04-17 12:30:00+00:00,475.33
4029,2013-04-17 13:00:00+00:00,901.34
4029,2013-04-17 13:30:00+00:00,1050.0
4029,2013-04-17 14:00:00+00:00,999.33
4029,2013-04-17 14:30:00+00:00,624.0
4029,2013-04-17 15:00:00+00:00,525.5
4029,2013-04-17 15:30:00+00:00,650.5
4029,2013-04-17 16:00:00+00:00,648.75
4029,2013-04-17 16:30:00+00:00,500.75
4029,2013-04-17 17:00:00+00:00,624.63
4029,2013-04-17 17:30:00+00:00,299.29
4029,2013-04-17 18:00:00+00:00,149.95
4029,2013-04-17 18:30:00+00:00,74.63
4029,2013-04-17 19:00:00+00:00,0.0
4029,2013-04-17 19:30:00+00:00,0.0
4029,2013-04-17 20:00:00+00:00,0.0
4029,2013-04-17 20:30:00+00:00,0.0
4029,2013-04-17 21:00:00+00:00,0.0
4029,2013-04-17 21:30:00+00:00,0.0
4029,2013-04-17 22:00:00+00:00,0.0
4029,2013-04-17 22:30:00+00:00,0.0
4029,2013-04-17 23:00:00+00:00,0.0
4029,2013-04-17 23:30:00+00:00,0.0
4029,2013-04-18 00:00:00+00:00,0.0
4029,2013-04-18 00:30:00+00:00,0.0
4029,2013-04-18 01:00:00+00:00,0.0
4029,2013-04-18 01:30:00+00:00,0.0
4029,2013-04-18 02:00:00+00:00,0.0
4029,2013-04-18 02:30:00+00:00,0.0
4029,2013-04-18 03:00:00+00:00,0.0
4029,2013-04-18 03:30:00+00:00,0.0
4029,2013-04-18 04:00:00+00:00,0.0
4029,2013-04-18 04:30:00+00:00,0.0
4029,2013-04-18 05:00:00+00:00,0.0
4029,2013-04-18 05:30:00+00:00,0.0
4029,2013-04-18 06:00:00+00:00,0.0
4029,2013-04-18 06:30:00+00:00,50.0
4029,2013-04-18 07:00:00+00:00,75.5
4029,2013-04-18 07:30:00+00:00,150.0
4029,2013-04-18 08:00:00+00:00,225.5
4029,2013-04-18 08:30:00+00:00,250.0
4029,2013-04-18 09:00:00+00:00,401.16
4029,2013-04-18 09:30:00+00:00,524.34
4029,2013-04-18 10:00:00+00:00,501.0
4029,2013-04-18 10:30:00+00:00,474.83
4029,2013-04-18 11:00:00+00:00,551.17
4029,2013-04-18 11:30:00+00:00,798.83
4029,2013-04-18 12:00:00+00:00,651.17
4029,2013-04-18 12:30:00+00:00,1025.29
4029,2013-04-18 13:00:00+00:00,824.21
4029,2013-04-18 13:30:00+00:00,750.5
4029,2013-04-18 14:00:00+00:00,925.58
4029,2013-04-18 14:30:00+00:00,1074.42
4029,2013-04-18 15:00:00+00:00,775.58
4029,2013-04-18 15:30:00+00:00,748.84
4029,2013-04-18 16:00:00+00:00,322.08
4029,2013-04-18 16:30:00+00:00,200.0
4029,2013-04-18 17:00:00+00:00,402.33
4029,2013-04-18 17:30:00+00:00,473.34
4029,2013-04-18 18:00:00+00:00,100.0
4029,2013-04-18 18:30:00+00:00,24.33
4029,2013-04-18 19:00:00+00:00,0.0
4029,2013-04-18 19:30:00+00:00,0.0
4029,2013-04-18 20:00:00+00:00,0.0
4029,2013-04-18 20:30:00+00:00,0.0
4029,2013-04-18 21:00:00+00:00,0.0
4029,2013-04-18 21:30:00+00:00,0.0
4029,2013-04-18 22:00:00+00:00,0.0
4029,2013-04-18 22:30:00+00:00,0.0
4029,2013-04-18 23:00:00+00:00,0.0
4029,2013-04-18 23:30:00+00:00,0.0
4029,2013-04-19 00:00:00+00:00,0.0
4029,2013-04-19 00:30:00+00:00,0.0
4029,2013-04-19 01:00:00+00:00,0.0
4029,2013-04-19 01:30:00+00:00,0.0
4029,2013-04-19 02:00:00+00:00,0.0
4029,2013-04-19 02:30:00+00:00,0.0
4029,2013-04-19 03:00:00+00:00,0.0
4029,2013-04-19 03:30:00+00:00,0.0
4029,2013-04-19 04:00:00+00:00,0.0
4029,2013-04-19 04:30:00+00:00,0.0
4029,2013-04-19 05:00:00+00:00,0.0
4029,2013-04-19 05:30:00+00:00,0.0
4029,2013-04-19 06:00:00+00:00,0.0
4029,2013-04-19 06:30:00+00:00,50.0
4029,2013-04-19 07:00:00+00:00,50.0
4029,2013-04-19 07:30:00+00:00,100.0
4029,2013-04-19 08:00:00+00:00,125.75
4029,2013-04-19 08:30:00+00:00,225.75
4029,2013-04-19 09:00:00+00:00,200.0
4029,2013-04-19 09:30:00+00:00,324.25
4029,2013-04-19 10:00:00+00:00,275.75
4029,2013-04-19 10:30:00+00:00,300.0
4029,2013-04-19 11:00:00+00:00,350.09
4029,2013-04-19 11:30:00+00:00,324.24
4029,2013-04-19 12:00:00+00:00,225.84
4029,2013-04-19 12:30:00+00:00,224.16
4029,2013-04-19 13:00:00+00:00,100.0
4029,2013-04-19 13:30:00+00:00,150.0
4029,2013-04-19 14:00:00+00:00,149.96
4029,2013-04-19 14:30:00+00:00,200.04
4029,2013-04-19 15:00:00+00:00,200.0
4029,2013-04-19 15:30:00+00:00,74.17
4029,2013-04-19 16:00:00+00:00,203.33
4029,2013-04-19 16:30:00+00:00,450.0
4029,2013-04-19 17:00:00+00:00,472.5
4029,2013-04-19 17:30:00+00:00,300.0
4029,2013-04-19 18:00:00+00:00,24.17
4029,2013-04-19 18:30:00+00:00,50.0
4029,2013-04-19 19:00:00+00:00,0.0
4029,2013-04-19 19:30:00+00:00,0.0
4029,2013-04-19 20:00:00+00:00,0.0
4029,2013-04-19 20:30:00+00:00,0.0
4029,2013-04-19 21:00:00+00:00,0.0
4029,2013-04-19 21:30:00+00:00,0.0
4029,2013-04-19 22:00:00+00:00,0.0
4029,2013-04-19 22:30:00+00:00,0.0
4029,2013-04-19 23:00:00+00:00,0.0
4029,2013-04-19 23:30:00+00:00,0.0
4029,2013-04-20 00:00:00+00:00,0.0
4029,2013-04-20 00:30:00+00:00,0.0
4029,2013-04-20 01:00:00+00:00,0.0
4029,2013-04-20 01:30:00+00:00,0.0
4029,2013-04-20 02:00:00+00:00,0.0
4029,2013-04-20 02:30:00+00:00,0.0
4029,2013-04-20 03:00:00+00:00,0.0
4029,2013-04-20 03:30:00+00:00,0.0
4029,2013-04-20 04:00:00+00:00,0.0
4029,2013-04-20 04:30:00+00:00,0.0
4029,2013-04-20 05:00:00+00:00,0.0
4029,2013-04-20 05:30:00+00:00,0.0
4029,2013-04-20 06:00:00+00:00,25.96
4029,2013-04-20 06:30:00+00:00,50.04
4029,2013-04-20 07:00:00+00:00,100.0
4029,2013-04-20 07:30:00+00:00,150.0
4029,2013-04-20 08:00:00+00:00,200.0
4029,2013-04-20 08:30:00+00:00,226.0
4029,2013-04-20 09:00:00+00:00,552.0
4029,2013-04-20 09:30:00+00:00,650.0
4029,2013-04-20 10:00:00+00:00,776.0
4029,2013-04-20 10:30:00+00:00,902.0
4029,2013-04-20 11:00:00+00:00,1000.3
4029,2013-04-20 11:30:00+00:00,1075.7
4029,2013-04-20 12:00:00+00:00,1124.3
4029,2013-04-20 12:30:00+00:00,1150.0
4029,2013-04-20 13:00:00+00:00,1176.05
4029,2013-04-20 13:30:00+00:00,1199.65
4029,2013-04-20 14:00:00+00:00,1150.35
4029,2013-04-20 14:30:00+00:00,1123.95
4029,2013-04-20 15:00:00+00:00,1100.28
4029,2013-04-20 15:30:00+00:00,999.7
4029,2013-04-20 16:00:00+00:00,924.22
4029,2013-04-20 16:30:00+00:00,823.92
4029,2013-04-20 17:00:00+00:00,723.91
4029,2013-04-20 17:30:00+00:00,473.92
4029,2013-04-20 18:00:00+00:00,347.83
4029,2013-04-20 18:30:00+00:00,123.92
4029,2013-04-20 19:00:00+00:00,0.0
4029,2013-04-20 19:30:00+00:00,0.0
4029,2013-04-20 20:00:00+00:00,0.0
4029,2013-04-20 20:30:00+00:00,0.0
4029,2013-04-20 21:00:00+00:00,0.0
4029,2013-04-20 21:30:00+00:00,0.0
4029,2013-04-20 22:00:00+00:00,0.0
4029,2013-04-20 22:30:00+00:00,0.0
4029,2013-04-20 23:00:00+00:00,0.0
4029,2013-04-20 23:30:00+00:00,0.0
4029,2013-04-21 00:00:00+00:00,0.0
4029,2013-04-21 00:30:00+00:00,0.0
4029,2013-04-21 01:00:00+00:00,0.0
4029,2013-04-21 01:30:00+00:00,0.0
4029,2013-04-21 02:00:00+00:00,0.0
4029,2013-04-21 02:30:00+00:00,0.0
4029,2013-04-21 03:00:00+00:00,0.0
4029,2013-04-21 03:30:00+00:00,0.0
4029,2013-04-21 04:00:00+00:00,0.0
4029,2013-04-21 04:30:00+00:00,0.0
4029,2013-04-21 05:00:00+00:00,0.0
4029,2013-04-21 05:30:00+00:00,0.0
4029,2013-04-21 06:00:00+00:00,26.25
4029,2013-04-21 06:30:00+00:00,73.75
4029,2013-04-21 07:00:00+00:00,100.0
4029,2013-04-21 07:30:00+00:00,126.17
4029,2013-04-21 08:00:00+00:00,226.33
4029,2013-04-21 08:30:00+00:00,326.25
4029,2013-04-21 09:00:00+00:00,476.25
4029,2013-04-21 09:30:00+00:00,676.25
4029,2013-04-21 10:00:00+00:00,776.25
4029,2013-04-21 10:30:00+00:00,900.0
4029,2013-04-21 11:00:00+00:00,976.25
4029,2013-04-21 11:30:00+00:00,1076.25
4029,2013-04-21 12:00:00+00:00,1100.0
4029,2013-04-21 12:30:00+00:00,1150.0
4029,2013-04-21 13:00:00+00:00,1124.06
4029,2013-04-21 13:30:00+00:00,1099.69
4029,2013-04-21 14:00:00+00:00,1126.57
4029,2013-04-21 14:30:00+00:00,1150.0
4029,2013-04-21 15:00:00+00:00,871.35
4029,2013-04-21 15:30:00+00:00,420.91
4029,2013-04-21 16:00:00+00:00,523.75
4029,2013-04-21 16:30:00+00:00,226.34
4029,2013-04-21 17:00:00+00:00,273.66
4029,2013-04-21 17:30:00+00:00,100.0
4029,2013-04-21 18:00:00+00:00,123.67
4029,2013-04-21 18:30:00+00:00,0.0
4029,2013-04-21 19:00:00+00:00,0.0
4029,2013-04-21 19:30:00+00:00,0.0
4029,2013-04-21 20:00:00+00:00,0.0
4029,2013-04-21 20:30:00+00:00,0.0
4029,2013-04-21 21:00:00+00:00,0.0
4029,2013-04-21 21:30:00+00:00,0.0
4029,2013-04-21 22:00:00+00:00,0.0
4029,2013-04-21 22:30:00+00:00,0.0
4029,2013-04-21 23:00:00+00:00,0.0
4029,2013-04-21 23:30:00+00:00,0.0
4029,2013-04-22 00:00:00+00:00,0.0
4029,2013-04-22 00:30:00+00:00,0.0
4029,2013-04-22 01:00:00+00:00,0.0
4029,2013-04-22 01:30:00+00:00,0.0
4029,2013-04-22 02:00:00+00:00,0.0
4029,2013-04-22 02:30:00+00:00,0.0
4029,2013-04-22 03:00:00+00:00,0.0
4029,2013-04-22 03:30:00+00:00,0.0
4029,2013-04-22 04:00:00+00:00,0.0
4029,2013-04-22 04:30:00+00:00,0.0
4029,2013-04-22 05:00:00+00:00,0.0
4029,2013-04-22 05:30:00+00:00,26.34
4029,2013-04-22 06:00:00+00:00,23.66
4029,2013-04-22 06:30:00+00:00,38.09
4029,2013-04-22 07:00:00+00:00,88.41
4029,2013-04-22 07:30:00+00:00,100.0
4029,2013-04-22 08:00:00+00:00,249.96
4029,2013-04-22 08:30:00+00:00,176.46
4029,2013-04-22 09:00:00+00:00,526.58
4029,2013-04-22 09:30:00+00:00,323.5
4029,2013-04-22 10:00:00+00:00,500.0
4029,2013-04-22 10:30:00+00:00,779.5
4029,2013-04-22 11:00:00+00:00,826.5
4029,2013-04-22 11:30:00+00:00,897.0
4029,2013-04-22 12:00:00+00:00,650.0
4029,2013-04-22 12:30:00+00:00,573.5
4029,2013-04-22 13:00:00+00:00,600.0
4029,2013-04-22 13:30:00+00:00,626.5
4029,2013-04-22 14:00:00+00:00,800.0
4029,2013-04-22 14:30:00+00:00,347.08
4029,2013-04-22 15:00:00+00:00,173.46
4029,2013-04-22 15:30:00+00:00,99.96
4029,2013-04-22 16:00:00+00:00,226.67
4029,2013-04-22 16:30:00+00:00,173.41
4029,2013-04-22 17:00:00+00:00,23.42
4029,2013-04-22 17:30:00+00:00,76.58
4029,2013-04-22 18:00:00+00:00,23.42
4029,2013-04-22 18:30:00+00:00,0.0
4029,2013-04-22 19:00:00+00:00,0.0
4029,2013-04-22 19:30:00+00:00,0.0
4029,2013-04-22 20:00:00+00:00,0.0
4029,2013-04-22 20:30:00+00:00,0.0
4029,2013-04-22 21:00:00+00:00,0.0
4029,2013-04-22 21:30:00+00:00,0.0
4029,2013-04-22 22:00:00+00:00,0.0
4029,2013-04-22 22:30:00+00:00,0.0
4029,2013-04-22 23:00:00+00:00,0.0
4029,2013-04-22 23:30:00+00:00,0.0
4029,2013-04-23 00:00:00+00:00,0.0
4029,2013-04-23 00:30:00+00:00,0.0
4029,2013-04-23 01:00:00+00:00,0.0
4029,2013-04-23 01:30:00+00:00,0.0
4029,2013-04-23 02:00:00+00:00,0.0
4029,2013-04-23 02:30:00+00:00,0.0
4029,2013-04-23 03:00:00+00:00,0.0
4029,2013-04-23 03:30:00+00:00,0.0
4029,2013-04-23 04:00:00+00:00,0.0
4029,2013-04-23 04:30:00+00:00,0.0
4029,2013-04-23 05:00:00+00:00,0.0
4029,2013-04-23 05:30:00+00:00,50.0
4029,2013-04-23 06:00:00+00:00,0.0
4029,2013-04-23 06:30:00+00:00,50.0
4029,2013-04-23 07:00:00+00:00,76.75
4029,2013-04-23 07:30:00+00:00,99.94
4029,2013-04-23 08:00:00+00:00,176.73
4029,2013-04-23 08:30:00+00:00,250.08
4029,2013-04-23 09:00:00+00:00,453.32
4029,2013-04-23 09:30:00+00:00,626.71
4029,2013-04-23 10:00:00+00:00,776.47
4029,2013-04-23 10:30:00+00:00,850.5
4029,2013-04-23 11:00:00+00:00,976.48
4029,2013-04-23 11:30:00+00:00,1050.27
4029,2013-04-23 12:00:00+00:00,1049.73
4029,2013-04-23 12:30:00+00:00,1100.27
4029,2013-04-23 13:00:00+00:00,1100.0
4029,2013-04-23 13:30:00+00:00,1126.75
4029,2013-04-23 14:00:00+00:00,1100.0
4029,2013-04-23 14:30:00+00:00,1023.25
4029,2013-04-23 15:00:00+00:00,973.25
4029,2013-04-23 15:30:00+00:00,950.23
4029,2013-04-23 16:00:00+00:00,799.77
4029,2013-04-23 16:30:00+00:00,669.75
4029,2013-04-23 17:00:00+00:00,576.93
4029,2013-04-23 17:30:00+00:00,446.49
4029,2013-04-23 18:00:00+00:00,273.16
4029,2013-04-23 18:30:00+00:00,100.0
4029,2013-04-23 19:00:00+00:00,23.17
4029,2013-04-23 19:30:00+00:00,0.0
4029,2013-04-23 20:00:00+00:00,0.0
4029,2013-04-23 20:30:00+00:00,0.0
4029,2013-04-23 21:00:00+00:00,0.0
4029,2013-04-23 21:30:00+00:00,0.0
4029,2013-04-23 22:00:00+00:00,0.0
4029,2013-04-23 22:30:00+00:00,0.0
4029,2013-04-23 23:00:00+00:00,0.0
4029,2013-04-23 23:30:00+00:00,0.0
4029,2013-04-24 00:00:00+00:00,0.0
4029,2013-04-24 00:30:00+00:00,0.0
4029,2013-04-24 01:00:00+00:00,0.0
4029,2013-04-24 01:30:00+00:00,0.0
4029,2013-04-24 02:00:00+00:00,0.0
4029,2013-04-24 02:30:00+00:00,0.0
4029,2013-04-24 03:00:00+00:00,0.0
4029,2013-04-24 03:30:00+00:00,0.0
4029,2013-04-24 04:00:00+00:00,0.0
4029,2013-04-24 04:30:00+00:00,0.0
4029,2013-04-24 05:00:00+00:00,0.0
4029,2013-04-24 05:30:00+00:00,0.0
4029,2013-04-24 06:00:00+00:00,26.92
4029,2013-04-24 06:30:00+00:00,50.0
4029,2013-04-24 07:00:00+00:00,73.08
4029,2013-04-24 07:30:00+00:00,100.0
4029,2013-04-24 08:00:00+00:00,176.92
4029,2013-04-24 08:30:00+00:00,275.44
4029,2013-04-24 09:00:00+00:00,378.64
4029,2013-04-24 09:30:00+00:00,603.81
4029,2013-04-24 10:00:00+00:00,677.19
4029,2013-04-24 10:30:00+00:00,827.0
4029,2013-04-24 11:00:00+00:00,973.0
4029,2013-04-24 11:30:00+00:00,1054.0
4029,2013-04-24 12:00:00+00:00,896.0
4029,2013-04-24 12:30:00+00:00,823.0
4029,2013-04-24 13:00:00+00:00,900.0
4029,2013-04-24 13:30:00+00:00,800.0
4029,2013-04-24 14:00:00+00:00,1027.0
4029,2013-04-24 14:30:00+00:00,769.0
4029,2013-04-24 15:00:00+00:00,500.0
4029,2013-04-24 15:30:00+00:00,323.0
4029,2013-04-24 16:00:00+00:00,273.0
4029,2013-04-24 16:30:00+00:00,200.0
4029,2013-04-24 17:00:00+00:00,100.04
4029,2013-04-24 17:30:00+00:00,72.96
4029,2013-04-24 18:00:00+00:00,50.0
4029,2013-04-24 18:30:00+00:00,50.0
4029,2013-04-24 19:00:00+00:00,0.0
4029,2013-04-24 19:30:00+00:00,0.0
4029,2013-04-24 20:00:00+00:00,0.0
4029,2013-04-24 20:30:00+00:00,0.0
4029,2013-04-24 21:00:00+00:00,0.0
4029,2013-04-24 21:30:00+00:00,0.0
4029,2013-04-24 22:00:00+00:00,0.0
4029,2013-04-24 22:30:00+00:00,0.0
4029,2013-04-24 23:00:00+00:00,0.0
4029,2013-04-24 23:30:00+00:00,0.0
4029,2013-04-25 00:00:00+00:00,0.0
4029,2013-04-25 00:30:00+00:00,0.0
4029,2013-04-25 01:00:00+00:00,0.0
4029,2013-04-25 01:30:00+00:00,0.0
4029,2013-04-25 02:00:00+00:00,0.0
4029,2013-04-25 02:30:00+00:00,0.0
4029,2013-04-25 03:00:00+00:00,0.0
4029,2013-04-25 03:30:00+00:00,0.0
4029,2013-04-25 04:00:00+00:00,0.0
4029,2013-04-25 04:30:00+00:00,0.0
4029,2013-04-25 05:00:00+00:00,0.0
4029,2013-04-25 05:30:00+00:00,0.0
4029,2013-04-25 06:00:00+00:00,27.17
4029,2013-04-25 06:30:00+00:00,100.0
4029,2013-04-25 07:00:00+00:00,100.0
4029,2013-04-25 07:30:00+00:00,150.0
4029,2013-04-25 08:00:00+00:00,250.0
4029,2013-04-25 08:30:00+00:00,354.33
4029,2013-04-25 09:00:00+00:00,400.0
4029,2013-04-25 09:30:00+00:00,475.3
4029,2013-04-25 10:00:00+00:00,606.47
4029,2013-04-25 10:30:00+00:00,849.73
4029,2013-04-25 11:00:00+00:00,950.23
4029,2013-04-25 11:30:00+00:00,1000.0
4029,2013-04-25 12:00:00+00:00,1077.25
4029,2013-04-25 12:30:00+00:00,1050.27
4029,2013-04-25 13:00:00+00:00,872.48
4029,2013-04-25 13:30:00+00:00,927.25
4029,2013-04-25 14:00:00+00:00,995.77
4029,2013-04-25 14:30:00+00:00,877.25
4029,2013-04-25 15:00:00+00:00,1000.0
4029,2013-04-25 15:30:00+00:00,845.5
4029,2013-04-25 16:00:00+00:00,777.25
4029,2013-04-25 16:30:00+00:00,650.0
4029,2013-04-25 17:00:00+00:00,595.5
4029,2013-04-25 17:30:00+00:00,422.75
4029,2013-04-25 18:00:00+00:00,222.75
4029,2013-04-25 18:30:00+00:00,100.0
4029,2013-04-25 19:00:00+00:00,22.75
4029,2013-04-25 19:30:00+00:00,0.0
4029,2013-04-25 20:00:00+00:00,0.0
4029,2013-04-25 20:30:00+00:00,0.0
4029,2013-04-25 21:00:00+00:00,0.0
4029,2013-04-25 21:30:00+00:00,0.0
4029,2013-04-25 22:00:00+00:00,0.0
4029,2013-04-25 22:30:00+00:00,0.0
4029,2013-04-25 23:00:00+00:00,0.0
4029,2013-04-25 23:30:00+00:00,0.0
4029,2013-04-26 00:00:00+00:00,0.0
4029,2013-04-26 00:30:00+00:00,0.0
4029,2013-04-26 01:00:00+00:00,0.0
4029,2013-04-26 01:30:00+00:00,0.0
4029,2013-04-26 02:00:00+00:00,0.0
4029,2013-04-26 02:30:00+00:00,0.0
4029,2013-04-26 03:00:00+00:00,0.0
4029,2013-04-26 03:30:00+00:00,0.0
4029,2013-04-26 04:00:00+00:00,0.0
4029,2013-04-26 04:30:00+00:00,0.0
4029,2013-04-26 05:00:00+00:00,0.0
4029,2013-04-26 05:30:00+00:00,0.0
4029,2013-04-26 06:00:00+00:00,0.0
4029,2013-04-26 06:30:00+00:00,0.0
4029,2013-04-26 07:00:00+00:00,0.0
4029,2013-04-26 07:30:00+00:00,50.0
4029,2013-04-26 08:00:00+00:00,50.0
4029,2013-04-26 08:30:00+00:00,50.0
4029,2013-04-26 09:00:00+00:00,77.42
4029,2013-04-26 09:30:00+00:00,72.58
4029,2013-04-26 10:00:00+00:00,77.42
4029,2013-04-26 10:30:00+00:00,126.34
4029,2013-04-26 11:00:00+00:00,506.06
4029,2013-04-26 11:30:00+00:00,954.95
4029,2013-04-26 12:00:00+00:00,699.73
4029,2013-04-26 12:30:00+00:00,440.41
4029,2013-04-26 13:00:00+00:00,149.92
4029,2013-04-26 13:30:00+00:00,732.67
4029,2013-04-26 14:00:00+00:00,639.96
4029,2013-04-26 14:30:00+00:00,487.27
4029,2013-04-26 15:00:00+00:00,390.27
4029,2013-04-26 15:30:00+00:00,409.73
4029,2013-04-26 16:00:00+00:00,900.27
4029,2013-04-26 16:30:00+00:00,367.5
4029,2013-04-26 17:00:00+00:00,295.0
4029,2013-04-26 17:30:00+00:00,150.0
4029,2013-04-26 18:00:00+00:00,72.5
4029,2013-04-26 18:30:00+00:00,50.0
4029,2013-04-26 19:00:00+00:00,0.0
4029,2013-04-26 19:30:00+00:00,0.0
4029,2013-04-26 20:00:00+00:00,0.0
4029,2013-04-26 20:30:00+00:00,0.0
4029,2013-04-26 21:00:00+00:00,0.0
4029,2013-04-26 21:30:00+00:00,0.0
4029,2013-04-26 22:00:00+00:00,0.0
4029,2013-04-26 22:30:00+00:00,0.0
4029,2013-04-26 23:00:00+00:00,0.0
4029,2013-04-26 23:30:00+00:00,0.0
4029,2013-04-27 00:00:00+00:00,0.0
4029,2013-04-27 00:30:00+00:00,0.0
4029,2013-04-27 01:00:00+00:00,0.0
4029,2013-04-27 01:30:00+00:00,0.0
4029,2013-04-27 02:00:00+00:00,0.0
4029,2013-04-27 02:30:00+00:00,0.0
4029,2013-04-27 03:00:00+00:00,0.0
4029,2013-04-27 03:30:00+00:00,0.0
4029,2013-04-27 04:00:00+00:00,0.0
4029,2013-04-27 04:30:00+00:00,0.0
4029,2013-04-27 05:00:00+00:00,0.0
4029,2013-04-27 05:30:00+00:00,0.0
4029,2013-04-27 06:00:00+00:00,77.63
4029,2013-04-27 06:30:00+00:00,72.37
4029,2013-04-27 07:00:00+00:00,127.63
4029,2013-04-27 07:30:00+00:00,177.7
4029,2013-04-27 08:00:00+00:00,250.0
4029,2013-04-27 08:30:00+00:00,277.53
4029,2013-04-27 09:00:00+00:00,422.4
4029,2013-04-27 09:30:00+00:00,483.07
4029,2013-04-27 10:00:00+00:00,672.34
4029,2013-04-27 10:30:00+00:00,644.66
4029,2013-04-27 11:00:00+00:00,272.22
4029,2013-04-27 11:30:00+00:00,377.86
4029,2013-04-27 12:00:00+00:00,299.92
4029,2013-04-27 12:30:00+00:00,427.67
4029,2013-04-27 13:00:00+00:00,427.85
4029,2013-04-27 13:30:00+00:00,1032.82
4029,2013-04-27 14:00:00+00:00,850.32
4029,2013-04-27 14:30:00+00:00,383.71
4029,2013-04-27 15:00:00+00:00,277.73
4029,2013-04-27 15:30:00+00:00,594.57
4029,2013-04-27 16:00:00+00:00,205.41
4029,2013-04-27 16:30:00+00:00,305.59
4029,2013-04-27 17:00:00+00:00,366.75
4029,2013-04-27 17:30:00+00:00,327.75
4029,2013-04-27 18:00:00+00:00,250.0
4029,2013-04-27 18:30:00+00:00,144.5
4029,2013-04-27 19:00:00+00:00,0.0
4029,2013-04-27 19:30:00+00:00,0.0
4029,2013-04-27 20:00:00+00:00,0.0
4029,2013-04-27 20:30:00+00:00,0.0
4029,2013-04-27 21:00:00+00:00,0.0
4029,2013-04-27 21:30:00+00:00,0.0
4029,2013-04-27 22:00:00+00:00,0.0
4029,2013-04-27 22:30:00+00:00,0.0
4029,2013-04-27 23:00:00+00:00,0.0
4029,2013-04-27 23:30:00+00:00,0.0
4029,2013-04-28 00:00:00+00:00,0.0
4029,2013-04-28 00:30:00+00:00,0.0
4029,2013-04-28 01:00:00+00:00,0.0
4029,2013-04-28 01:30:00+00:00,0.0
4029,2013-04-28 02:00:00+00:00,0.0
4029,2013-04-28 02:30:00+00:00,0.0
4029,2013-04-28 03:00:00+00:00,0.0
4029,2013-04-28 03:30:00+00:00,0.0
4029,2013-04-28 04:00:00+00:00,0.0
4029,2013-04-28 04:30:00+00:00,0.0
4029,2013-04-28 05:00:00+00:00,0.0
4029,2013-04-28 05:30:00+00:00,0.0
4029,2013-04-28 06:00:00+00:00,50.0
4029,2013-04-28 06:30:00+00:00,50.0
4029,2013-04-28 07:00:00+00:00,50.0
4029,2013-04-28 07:30:00+00:00,77.92
4029,2013-04-28 08:00:00+00:00,127.82
4029,2013-04-28 08:30:00+00:00,300.02
4029,2013-04-28 09:00:00+00:00,505.57
4029,2013-04-28 09:30:00+00:00,650.34
4029,2013-04-28 10:00:00+00:00,805.83
4029,2013-04-28 10:30:00+00:00,927.92
4029,2013-04-28 11:00:00+00:00,1000.0
4029,2013-04-28 11:30:00+00:00,1050.0
4029,2013-04-28 12:00:00+00:00,1149.22
4029,2013-04-28 12:30:00+00:00,1122.86
4029,2013-04-28 13:00:00+00:00,1048.66
4029,2013-04-28 13:30:00+00:00,1001.34
4029,2013-04-28 14:00:00+00:00,716.5
4029,2013-04-28 14:30:00+00:00,683.5
4029,2013-04-28 15:00:00+00:00,744.5
4029,2013-04-28 15:30:00+00:00,365.95
4029,2013-04-28 16:00:00+00:00,411.87
4029,2013-04-28 16:30:00+00:00,416.09
4029,2013-04-28 17:00:00+00:00,422.09
4029,2013-04-28 17:30:00+00:00,122.0
4029,2013-04-28 18:00:00+00:00,100.0
4029,2013-04-28 18:30:00+00:00,50.0
4029,2013-04-28 19:00:00+00:00,0.0
4029,2013-04-28 19:30:00+00:00,0.0
4029,2013-04-28 20:00:00+00:00,0.0
4029,2013-04-28 20:30:00+00:00,0.0
4029,2013-04-28 21:00:00+00:00,0.0
4029,2013-04-28 21:30:00+00:00,0.0
4029,2013-04-28 22:00:00+00:00,0.0
4029,2013-04-28 22:30:00+00:00,0.0
4029,2013-04-28 23:00:00+00:00,0.0
4029,2013-04-28 23:30:00+00:00,0.0
4029,2013-04-29 00:00:00+00:00,0.0
4029,2013-04-29 00:30:00+00:00,0.0
4029,2013-04-29 01:00:00+00:00,0.0
4029,2013-04-29 01:30:00+00:00,0.0
4029,2013-04-29 02:00:00+00:00,0.0
4029,2013-04-29 02:30:00+00:00,0.0
4029,2013-04-29 03:00:00+00:00,0.0
4029,2013-04-29 03:30:00+00:00,0.0
4029,2013-04-29 04:00:00+00:00,0.0
4029,2013-04-29 04:30:00+00:00,0.0
4029,2013-04-29 05:00:00+00:00,0.0
4029,2013-04-29 05:30:00+00:00,0.0
4029,2013-04-29 06:00:00+00:00,28.08
4029,2013-04-29 06:30:00+00:00,71.92
4029,2013-04-29 07:00:00+00:00,78.12
4029,2013-04-29 07:30:00+00:00,71.88
4029,2013-04-29 08:00:00+00:00,156.26
4029,2013-04-29 08:30:00+00:00,300.07
4029,2013-04-29 09:00:00+00:00,506.19
4029,2013-04-29 09:30:00+00:00,628.31
4029,2013-04-29 10:00:00+00:00,571.84
4029,2013-04-29 10:30:00+00:00,500.0
4029,2013-04-29 11:00:00+00:00,628.16
4029,2013-04-29 11:30:00+00:00,921.84
4029,2013-04-29 12:00:00+00:00,721.83
4029,2013-04-29 12:30:00+00:00,684.5
4029,2013-04-29 13:00:00+00:00,615.08
4029,2013-04-29 13:30:00+00:00,656.75
4029,2013-04-29 14:00:00+00:00,984.5
4029,2013-04-29 14:30:00+00:00,1037.34
4029,2013-04-29 15:00:00+00:00,650.14
4029,2013-04-29 15:30:00+00:00,393.52
4029,2013-04-29 16:00:00+00:00,721.88
4029,2013-04-29 16:30:00+00:00,278.22
4029,2013-04-29 17:00:00+00:00,250.07
4029,2013-04-29 17:30:00+00:00,328.25
4029,2013-04-29 18:00:00+00:00,293.5
4029,2013-04-29 18:30:00+00:00,49.95
4029,2013-04-29 19:00:00+00:00,21.8
4029,2013-04-29 19:30:00+00:00,0.0
4029,2013-04-29 20:00:00+00:00,0.0
4029,2013-04-29 20:30:00+00:00,0.0
4029,2013-04-29 21:00:00+00:00,0.0
4029,2013-04-29 21:30:00+00:00,0.0
4029,2013-04-29 22:00:00+00:00,0.0
4029,2013-04-29 22:30:00+00:00,0.0
4029,2013-04-29 23:00:00+00:00,0.0
4029,2013-04-29 23:30:00+00:00,0.0
4029,2013-04-30 00:00:00+00:00,0.0
4029,2013-04-30 00:30:00+00:00,0.0
4029,2013-04-30 01:00:00+00:00,0.0
4029,2013-04-30 01:30:00+00:00,0.0
4029,2013-04-30 02:00:00+00:00,0.0
4029,2013-04-30 02:30:00+00:00,0.0
4029,2013-04-30 03:00:00+00:00,0.0
4029,2013-04-30 03:30:00+00:00,0.0
4029,2013-04-30 04:00:00+00:00,0.0
4029,2013-04-30 04:30:00+00:00,0.0
4029,2013-04-30 05:00:00+00:00,0.0
4029,2013-04-30 05:30:00+00:00,0.0
4029,2013-04-30 06:00:00+00:00,50.0
4029,2013-04-30 06:30:00+00:00,50.0
4029,2013-04-30 07:00:00+00:00,78.33
4029,2013-04-30 07:30:00+00:00,71.67
4029,2013-04-30 08:00:00+00:00,128.42
4029,2013-04-30 08:30:00+00:00,278.32
4029,2013-04-30 09:00:00+00:00,456.74
4029,2013-04-30 09:30:00+00:00,600.04
4029,2013-04-30 10:00:00+00:00,678.56
4029,2013-04-30 10:30:00+00:00,878.2
4029,2013-04-30 11:00:00+00:00,928.31
4029,2013-04-30 11:30:00+00:00,828.46
4029,2013-04-30 12:00:00+00:00,900.28
4029,2013-04-30 12:30:00+00:00,1050.0
4029,2013-04-30 13:00:00+00:00,1138.25
4029,2013-04-30 13:30:00+00:00,1104.78
4029,2013-04-30 14:00:00+00:00,1140.91
4029,2013-04-30 14:30:00+00:00,1054.37
4029,2013-04-30 15:00:00+00:00,1050.53
4029,2013-04-30 15:30:00+00:00,1050.0
4029,2013-04-30 16:00:00+00:00,904.38
4029,2013-04-30 16:30:00+00:00,755.28
4029,2013-04-30 17:00:00+00:00,654.84
4029,2013-04-30 17:30:00+00:00,504.83
4029,2013-04-30 18:00:00+00:00,259.67
4029,2013-04-30 18:30:00+00:00,200.0
4029,2013-04-30 19:00:00+00:00,4.83
4029,2013-04-30 19:30:00+00:00,0.0
4029,2013-04-30 20:00:00+00:00,0.0
4029,2013-04-30 20:30:00+00:00,0.0
4029,2013-04-30 21:00:00+00:00,0.0
4029,2013-04-30 21:30:00+00:00,0.0
4029,2013-04-30 22:00:00+00:00,0.0
4029,2013-04-30 22:30:00+00:00,0.0
4029,2013-04-30 23:00:00+00:00,0.0
4029,2013-04-30 23:30:00+00:00,0.0
4029,2013-05-01 00:30:00+00:00,0.0
4029,2013-05-01 01:00:00+00:00,0.0
4029,2013-05-01 01:30:00+00:00,0.0
4029,2013-05-01 02:00:00+00:00,0.0
4029,2013-05-01 02:30:00+00:00,0.0
4029,2013-05-01 03:00:00+00:00,0.0
4029,2013-05-01 03:30:00+00:00,0.0
4029,2013-05-01 04:00:00+00:00,0.0
4029,2013-05-01 04:30:00+00:00,0.0
4029,2013-05-01 05:00:00+00:00,0.0
4029,2013-05-01 05:30:00+00:00,45.26
4029,2013-05-01 06:00:00+00:00,4.74
4029,2013-05-01 06:30:00+00:00,50.0
4029,2013-05-01 07:00:00+00:00,95.33
4029,2013-05-01 07:30:00+00:00,195.34
4029,2013-05-01 08:00:00+00:00,200.0
4029,2013-05-01 08:30:00+00:00,295.33
4029,2013-05-01 09:00:00+00:00,495.33
4029,2013-05-01 09:30:00+00:00,645.34
4029,2013-05-01 10:00:00+00:00,695.33
4029,2013-05-01 10:30:00+00:00,900.0
4029,2013-05-01 11:00:00+00:00,1045.33
4029,2013-05-01 11:30:00+00:00,1050.0
4029,2013-05-01 12:00:00+00:00,1095.34
4029,2013-05-01 12:30:00+00:00,1150.0
4029,2013-05-01 13:00:00+00:00,1150.6
4029,2013-05-01 13:30:00+00:00,1058.73
4029,2013-05-01 14:00:00+00:00,1140.67
4029,2013-05-01 14:30:00+00:00,1098.44
4029,2013-05-01 15:00:00+00:00,1056.22
4029,2013-05-01 15:30:00+00:00,954.67
4029,2013-05-01 16:00:00+00:00,900.05
4029,2013-05-01 16:30:00+00:00,805.03
4029,2013-05-01 17:00:00+00:00,654.59
4029,2013-05-01 17:30:00+00:00,504.33
4029,2013-05-01 18:00:00+00:00,309.34
4029,2013-05-01 18:30:00+00:00,199.99
4029,2013-05-01 19:00:00+00:00,54.67
4029,2013-05-01 19:30:00+00:00,0.0
4029,2013-05-01 20:00:00+00:00,0.0
4029,2013-05-01 20:30:00+00:00,0.0
4029,2013-05-01 21:00:00+00:00,0.0
4029,2013-05-01 21:30:00+00:00,0.0
4029,2013-05-01 22:00:00+00:00,0.0
4029,2013-05-01 22:30:00+00:00,0.0
4029,2013-05-01 23:00:00+00:00,0.0
4029,2013-05-01 23:30:00+00:00,0.0
4029,2013-05-02 00:00:00+00:00,0.0
4029,2013-05-02 00:30:00+00:00,0.0
4029,2013-05-02 01:00:00+00:00,0.0
4029,2013-05-02 01:30:00+00:00,0.0
4029,2013-05-02 02:00:00+00:00,0.0
4029,2013-05-02 02:30:00+00:00,0.0
4029,2013-05-02 03:00:00+00:00,0.0
4029,2013-05-02 03:30:00+00:00,0.0
4029,2013-05-02 04:00:00+00:00,0.0
4029,2013-05-02 04:30:00+00:00,0.0
4029,2013-05-02 05:00:00+00:00,0.0
4029,2013-05-02 05:30:00+00:00,0.0
4029,2013-05-02 06:00:00+00:00,45.5
4029,2013-05-02 06:30:00+00:00,50.0
4029,2013-05-02 07:00:00+00:00,54.5
4029,2013-05-02 07:30:00+00:00,95.51
4029,2013-05-02 08:00:00+00:00,195.66
4029,2013-05-02 08:30:00+00:00,249.84
4029,2013-05-02 09:00:00+00:00,541.32
4029,2013-05-02 09:30:00+00:00,695.59
4029,2013-05-02 10:00:00+00:00,795.58
4029,2013-05-02 10:30:00+00:00,900.0
4029,2013-05-02 11:00:00+00:00,995.58
4029,2013-05-02 11:30:00+00:00,1050.0
4029,2013-05-02 12:00:00+00:00,1054.42
4029,2013-05-02 12:30:00+00:00,613.25
4029,2013-05-02 13:00:00+00:00,500.0
4029,2013-05-02 13:30:00+00:00,591.17
4029,2013-05-02 14:00:00+00:00,836.75
4029,2013-05-02 14:30:00+00:00,1054.41
4029,2013-05-02 15:00:00+00:00,1000.43
4029,2013-05-02 15:30:00+00:00,517.24
4029,2013-05-02 16:00:00+00:00,450.24
4029,2013-05-02 16:30:00+00:00,445.68
4029,2013-05-02 17:00:00+00:00,554.1
4029,2013-05-02 17:30:00+00:00,354.56
4029,2013-05-02 18:00:00+00:00,299.99
4029,2013-05-02 18:30:00+00:00,154.35
4029,2013-05-02 19:00:00+00:00,50.0
4029,2013-05-02 19:30:00+00:00,4.33
4029,2013-05-02 20:00:00+00:00,0.0
4029,2013-05-02 20:30:00+00:00,0.0
4029,2013-05-02 21:00:00+00:00,0.0
4029,2013-05-02 21:30:00+00:00,0.0
4029,2013-05-02 22:00:00+00:00,0.0
4029,2013-05-02 22:30:00+00:00,0.0
4029,2013-05-02 23:00:00+00:00,0.0
4029,2013-05-02 23:30:00+00:00,0.0
4029,2013-05-03 00:00:00+00:00,0.0
4029,2013-05-03 00:30:00+00:00,0.0
4029,2013-05-03 01:00:00+00:00,0.0
4029,2013-05-03 01:30:00+00:00,0.0
4029,2013-05-03 02:00:00+00:00,0.0
4029,2013-05-03 02:30:00+00:00,0.0
4029,2013-05-03 03:00:00+00:00,0.0
4029,2013-05-03 03:30:00+00:00,0.0
4029,2013-05-03 04:00:00+00:00,0.0
4029,2013-05-03 04:30:00+00:00,0.0
4029,2013-05-03 05:00:00+00:00,0.0
4029,2013-05-03 05:30:00+00:00,0.0
4029,2013-05-03 06:00:00+00:00,50.0
4029,2013-05-03 06:30:00+00:00,50.0
4029,2013-05-03 07:00:00+00:00,50.0
4029,2013-05-03 07:30:00+00:00,95.75
4029,2013-05-03 08:00:00+00:00,150.08
4029,2013-05-03 08:30:00+00:00,291.44
4029,2013-05-03 09:00:00+00:00,446.06
4029,2013-05-03 09:30:00+00:00,645.8
4029,2013-05-03 10:00:00+00:00,750.0
4029,2013-05-03 10:30:00+00:00,845.87
4029,2013-05-03 11:00:00+00:00,950.0
4029,2013-05-03 11:30:00+00:00,995.83
4029,2013-05-03 12:00:00+00:00,1050.0
4029,2013-05-03 12:30:00+00:00,1050.0
4029,2013-05-03 13:00:00+00:00,1050.0
4029,2013-05-03 13:30:00+00:00,1050.0
4029,2013-05-03 14:00:00+00:00,1100.0
4029,2013-05-03 14:30:00+00:00,1050.0
4029,2013-05-03 15:00:00+00:00,1004.17
4029,2013-05-03 15:30:00+00:00,950.0
4029,2013-05-03 16:00:00+00:00,849.87
4029,2013-05-03 16:30:00+00:00,754.3
4029,2013-05-03 17:00:00+00:00,654.01
4029,2013-05-03 17:30:00+00:00,454.32
4029,2013-05-03 18:00:00+00:00,308.42
4029,2013-05-03 18:30:00+00:00,150.0
4029,2013-05-03 19:00:00+00:00,54.08
4029,2013-05-03 19:30:00+00:00,0.0
4029,2013-05-03 20:00:00+00:00,0.0
4029,2013-05-03 20:30:00+00:00,0.0
4029,2013-05-03 21:00:00+00:00,0.0
4029,2013-05-03 21:30:00+00:00,0.0
4029,2013-05-03 22:00:00+00:00,0.0
4029,2013-05-03 22:30:00+00:00,0.0
4029,2013-05-03 23:00:00+00:00,0.0
4029,2013-05-03 23:30:00+00:00,0.0
4029,2013-05-04 00:00:00+00:00,0.0
4029,2013-05-04 00:30:00+00:00,0.0
4029,2013-05-04 01:00:00+00:00,0.0
4029,2013-05-04 01:30:00+00:00,0.0
4029,2013-05-04 02:00:00+00:00,0.0
4029,2013-05-04 02:30:00+00:00,0.0
4029,2013-05-04 03:00:00+00:00,0.0
4029,2013-05-04 03:30:00+00:00,0.0
4029,2013-05-04 04:00:00+00:00,0.0
4029,2013-05-04 04:30:00+00:00,0.0
4029,2013-05-04 05:00:00+00:00,0.0
4029,2013-05-04 05:30:00+00:00,0.0
4029,2013-05-04 06:00:00+00:00,50.0
4029,2013-05-04 06:30:00+00:00,50.0
4029,2013-05-04 07:00:00+00:00,146.0
4029,2013-05-04 07:30:00+00:00,196.0
4029,2013-05-04 08:00:00+00:00,250.0
4029,2013-05-04 08:30:00+00:00,250.0
4029,2013-05-04 09:00:00+00:00,488.0
4029,2013-05-04 09:30:00+00:00,408.0
4029,2013-05-04 10:00:00+00:00,358.0
4029,2013-05-04 10:30:00+00:00,246.0
4029,2013-05-04 11:00:00+00:00,204.01
4029,2013-05-04 11:30:00+00:00,392.24
4029,2013-05-04 12:00:00+00:00,596.08
4029,2013-05-04 12:30:00+00:00,311.75
4029,2013-05-04 13:00:00+00:00,692.15
4029,2013-05-04 13:30:00+00:00,207.85
4029,2013-05-04 14:00:00+00:00,200.0
4029,2013-05-04 14:30:00+00:00,300.0
4029,2013-05-04 15:00:00+00:00,196.09
4029,2013-05-04 15:30:00+00:00,542.16
4029,2013-05-04 16:00:00+00:00,592.17
4029,2013-05-04 16:30:00+00:00,369.58
4029,2013-05-04 17:00:00+00:00,199.78
4029,2013-05-04 17:30:00+00:00,150.22
4029,2013-05-04 18:00:00+00:00,126.96
4029,2013-05-04 18:30:00+00:00,26.96
4029,2013-05-04 19:00:00+00:00,0.0
4029,2013-05-04 19:30:00+00:00,0.0
4029,2013-05-04 20:00:00+00:00,0.0
4029,2013-05-04 20:30:00+00:00,0.0
4029,2013-05-04 21:00:00+00:00,0.0
4029,2013-05-04 21:30:00+00:00,0.0
4029,2013-05-04 22:00:00+00:00,0.0
4029,2013-05-04 22:30:00+00:00,0.0
4029,2013-05-04 23:00:00+00:00,0.0
4029,2013-05-04 23:30:00+00:00,0.0
4029,2013-05-05 00:00:00+00:00,0.0
4029,2013-05-05 00:30:00+00:00,0.0
4029,2013-05-05 01:00:00+00:00,0.0
4029,2013-05-05 01:30:00+00:00,0.0
4029,2013-05-05 02:00:00+00:00,0.0
4029,2013-05-05 02:30:00+00:00,0.0
4029,2013-05-05 03:00:00+00:00,0.0
4029,2013-05-05 03:30:00+00:00,0.0
4029,2013-05-05 04:00:00+00:00,0.0
4029,2013-05-05 04:30:00+00:00,0.0
4029,2013-05-05 05:00:00+00:00,0.0
4029,2013-05-05 05:30:00+00:00,46.25
4029,2013-05-05 06:00:00+00:00,3.75
4029,2013-05-05 06:30:00+00:00,50.0
4029,2013-05-05 07:00:00+00:00,96.25
4029,2013-05-05 07:30:00+00:00,53.75
4029,2013-05-05 08:00:00+00:00,192.5
4029,2013-05-05 08:30:00+00:00,300.0
4029,2013-05-05 09:00:00+00:00,538.75
4029,2013-05-05 09:30:00+00:00,600.0
4029,2013-05-05 10:00:00+00:00,800.0
4029,2013-05-05 10:30:00+00:00,700.0
4029,2013-05-05 11:00:00+00:00,800.0
4029,2013-05-05 11:30:00+00:00,1038.75
4029,2013-05-05 12:00:00+00:00,1000.0
4029,2013-05-05 12:30:00+00:00,1150.62
4029,2013-05-05 13:00:00+00:00,1003.71
4029,2013-05-05 13:30:00+00:00,900.0
4029,2013-05-05 14:00:00+00:00,568.34
4029,2013-05-05 14:30:00+00:00,785.33
4029,2013-05-05 15:00:00+00:00,1096.29
4029,2013-05-05 15:30:00+00:00,768.38
4029,2013-05-05 16:00:00+00:00,250.0
4029,2013-05-05 16:30:00+00:00,446.33
4029,2013-05-05 17:00:00+00:00,353.67
4029,2013-05-05 17:30:00+00:00,107.33
4029,2013-05-05 18:00:00+00:00,146.1
4029,2013-05-05 18:30:00+00:00,103.9
4029,2013-05-05 19:00:00+00:00,0.0
4029,2013-05-05 19:30:00+00:00,0.0
4029,2013-05-05 20:00:00+00:00,0.0
4029,2013-05-05 20:30:00+00:00,0.0
4029,2013-05-05 21:00:00+00:00,0.0
4029,2013-05-05 21:30:00+00:00,0.0
4029,2013-05-05 22:00:00+00:00,0.0
4029,2013-05-05 22:30:00+00:00,0.0
4029,2013-05-05 23:00:00+00:00,0.0
4029,2013-05-05 23:30:00+00:00,0.0
4029,2013-05-06 00:00:00+00:00,0.0
4029,2013-05-06 00:30:00+00:00,0.0
4029,2013-05-06 01:00:00+00:00,0.0
4029,2013-05-06 01:30:00+00:00,0.0
4029,2013-05-06 02:00:00+00:00,0.0
4029,2013-05-06 02:30:00+00:00,0.0
4029,2013-05-06 03:00:00+00:00,0.0
4029,2013-05-06 03:30:00+00:00,0.0
4029,2013-05-06 04:00:00+00:00,0.0
4029,2013-05-06 04:30:00+00:00,0.0
4029,2013-05-06 05:00:00+00:00,46.42
4029,2013-05-06 05:30:00+00:00,3.58
4029,2013-05-06 06:00:00+00:00,50.0
4029,2013-05-06 06:30:00+00:00,50.0
4029,2013-05-06 07:00:00+00:00,96.5
4029,2013-05-06 07:30:00+00:00,53.5
4029,2013-05-06 08:00:00+00:00,192.99
4029,2013-05-06 08:30:00+00:00,296.51
4029,2013-05-06 09:00:00+00:00,446.5
4029,2013-05-06 09:30:00+00:00,600.0
4029,2013-05-06 10:00:00+00:00,793.0
4029,2013-05-06 10:30:00+00:00,850.0
4029,2013-05-06 11:00:00+00:00,946.5
4029,2013-05-06 11:30:00+00:00,996.5
4029,2013-05-06 12:00:00+00:00,467.73
4029,2013-05-06 12:30:00+00:00,349.79
4029,2013-05-06 13:00:00+00:00,303.65
4029,2013-05-06 13:30:00+00:00,350.0
4029,2013-05-06 14:00:00+00:00,489.75
4029,2013-05-06 14:30:00+00:00,1093.12
4029,2013-05-06 15:00:00+00:00,270.47
4029,2013-05-06 15:30:00+00:00,250.07
4029,2013-05-06 16:00:00+00:00,199.92
4029,2013-05-06 16:30:00+00:00,296.66
4029,2013-05-06 17:00:00+00:00,396.59
4029,2013-05-06 17:30:00+00:00,403.42
4029,2013-05-06 18:00:00+00:00,300.0
4029,2013-05-06 18:30:00+00:00,106.83
4029,2013-05-06 19:00:00+00:00,50.0
4029,2013-05-06 19:30:00+00:00,0.0
4029,2013-05-06 20:00:00+00:00,0.0
4029,2013-05-06 20:30:00+00:00,0.0
4029,2013-05-06 21:00:00+00:00,0.0
4029,2013-05-06 21:30:00+00:00,0.0
4029,2013-05-06 22:00:00+00:00,0.0
4029,2013-05-06 22:30:00+00:00,0.0
4029,2013-05-06 23:00:00+00:00,0.0
4029,2013-05-06 23:30:00+00:00,0.0
4029,2013-05-07 00:00:00+00:00,0.0
4029,2013-05-07 00:30:00+00:00,0.0
4029,2013-05-07 01:00:00+00:00,0.0
4029,2013-05-07 01:30:00+00:00,0.0
4029,2013-05-07 02:00:00+00:00,0.0
4029,2013-05-07 02:30:00+00:00,0.0
4029,2013-05-07 03:00:00+00:00,0.0
4029,2013-05-07 03:30:00+00:00,0.0
4029,2013-05-07 04:00:00+00:00,0.0
4029,2013-05-07 04:30:00+00:00,0.0
4029,2013-05-07 05:00:00+00:00,0.0
4029,2013-05-07 05:30:00+00:00,0.0
4029,2013-05-07 06:00:00+00:00,50.0
4029,2013-05-07 06:30:00+00:00,46.75
4029,2013-05-07 07:00:00+00:00,53.25
4029,2013-05-07 07:30:00+00:00,96.75
4029,2013-05-07 08:00:00+00:00,200.0
4029,2013-05-07 08:30:00+00:00,246.58
4029,2013-05-07 09:00:00+00:00,203.42
4029,2013-05-07 09:30:00+00:00,150.0
4029,2013-05-07 10:00:00+00:00,199.99
4029,2013-05-07 10:30:00+00:00,293.51
4029,2013-05-07 11:00:00+00:00,400.0
4029,2013-05-07 11:30:00+00:00,400.0
4029,2013-05-07 12:00:00+00:00,303.25
4029,2013-05-07 12:30:00+00:00,493.5
4029,2013-05-07 13:00:00+00:00,797.14
4029,2013-05-07 13:30:00+00:00,1043.66
4029,2013-05-07 14:00:00+00:00,902.73
4029,2013-05-07 14:30:00+00:00,950.47
4029,2013-05-07 15:00:00+00:00,900.0
4029,2013-05-07 15:30:00+00:00,800.0
4029,2013-05-07 16:00:00+00:00,752.78
4029,2013-05-07 16:30:00+00:00,503.55
4029,2013-05-07 17:00:00+00:00,550.0
4029,2013-05-07 17:30:00+00:00,406.34
4029,2013-05-07 18:00:00+00:00,253.09
4029,2013-05-07 18:30:00+00:00,150.07
4029,2013-05-07 19:00:00+00:00,3.17
4029,2013-05-07 19:30:00+00:00,0.0
4029,2013-05-07 20:00:00+00:00,0.0
4029,2013-05-07 20:30:00+00:00,0.0
4029,2013-05-07 21:00:00+00:00,0.0
4029,2013-05-07 21:30:00+00:00,0.0
4029,2013-05-07 22:00:00+00:00,0.0
4029,2013-05-07 22:30:00+00:00,0.0
4029,2013-05-07 23:00:00+00:00,0.0
4029,2013-05-07 23:30:00+00:00,0.0
4029,2013-05-08 00:00:00+00:00,0.0
4029,2013-05-08 00:30:00+00:00,0.0
4029,2013-05-08 01:00:00+00:00,0.0
4029,2013-05-08 01:30:00+00:00,0.0
4029,2013-05-08 02:00:00+00:00,0.0
4029,2013-05-08 02:30:00+00:00,0.0
4029,2013-05-08 03:00:00+00:00,0.0
4029,2013-05-08 03:30:00+00:00,0.0
4029,2013-05-08 04:00:00+00:00,0.0
4029,2013-05-08 04:30:00+00:00,0.0
4029,2013-05-08 05:00:00+00:00,0.0
4029,2013-05-08 05:30:00+00:00,0.0
4029,2013-05-08 06:00:00+00:00,0.0
4029,2013-05-08 06:30:00+00:00,0.0
4029,2013-05-08 07:00:00+00:00,50.0
4029,2013-05-08 07:30:00+00:00,50.0
4029,2013-05-08 08:00:00+00:00,100.0
4029,2013-05-08 08:30:00+00:00,293.99
4029,2013-05-08 09:00:00+00:00,250.01
4029,2013-05-08 09:30:00+00:00,102.99
4029,2013-05-08 10:00:00+00:00,390.99
4029,2013-05-08 10:30:00+00:00,359.02
4029,2013-05-08 11:00:00+00:00,343.77
4029,2013-05-08 11:30:00+00:00,1034.56
4029,2013-05-08 12:00:00+00:00,965.67
4029,2013-05-08 12:30:00+00:00,750.0
4029,2013-05-08 13:00:00+00:00,647.0
4029,2013-05-08 13:30:00+00:00,794.0
4029,2013-05-08 14:00:00+00:00,706.0
4029,2013-05-08 14:30:00+00:00,900.0
4029,2013-05-08 15:00:00+00:00,647.39
4029,2013-05-08 15:30:00+00:00,747.08
4029,2013-05-08 16:00:00+00:00,899.53
4029,2013-05-08 16:30:00+00:00,509.0
4029,2013-05-08 17:00:00+00:00,156.08
4029,2013-05-08 17:30:00+00:00,150.0
4029,2013-05-08 18:00:00+00:00,52.92
4029,2013-05-08 18:30:00+00:00,50.0
4029,2013-05-08 19:00:00+00:00,0.0
4029,2013-05-08 19:30:00+00:00,0.0
4029,2013-05-08 20:00:00+00:00,0.0
4029,2013-05-08 20:30:00+00:00,0.0
4029,2013-05-08 21:00:00+00:00,0.0
4029,2013-05-08 21:30:00+00:00,0.0
4029,2013-05-08 22:00:00+00:00,0.0
4029,2013-05-08 22:30:00+00:00,0.0
4029,2013-05-08 23:00:00+00:00,0.0
4029,2013-05-08 23:30:00+00:00,0.0
4029,2013-05-09 00:00:00+00:00,0.0
4029,2013-05-09 00:30:00+00:00,0.0
4029,2013-05-09 01:00:00+00:00,0.0
4029,2013-05-09 01:30:00+00:00,0.0
4029,2013-05-09 02:00:00+00:00,0.0
4029,2013-05-09 02:30:00+00:00,0.0
4029,2013-05-09 03:00:00+00:00,0.0
4029,2013-05-09 03:30:00+00:00,0.0
4029,2013-05-09 04:00:00+00:00,0.0
4029,2013-05-09 04:30:00+00:00,0.0
4029,2013-05-09 05:00:00+00:00,47.17
4029,2013-05-09 05:30:00+00:00,2.83
4029,2013-05-09 06:00:00+00:00,50.0
4029,2013-05-09 06:30:00+00:00,100.0
4029,2013-05-09 07:00:00+00:00,147.17
4029,2013-05-09 07:30:00+00:00,150.0
4029,2013-05-09 08:00:00+00:00,200.08
4029,2013-05-09 08:30:00+00:00,297.09
4029,2013-05-09 09:00:00+00:00,249.99
4029,2013-05-09 09:30:00+00:00,394.67
4029,2013-05-09 10:00:00+00:00,752.51
4029,2013-05-09 10:30:00+00:00,750.23
4029,2013-05-09 11:00:00+00:00,544.51
4029,2013-05-09 11:30:00+00:00,1044.47
4029,2013-05-09 12:00:00+00:00,661.03
4029,2013-05-09 12:30:00+00:00,888.45
4029,2013-05-09 13:00:00+00:00,761.55
4029,2013-05-09 13:30:00+00:00,686.25
4029,2013-05-09 14:00:00+00:00,811.0
4029,2013-05-09 14:30:00+00:00,741.75
4029,2013-05-09 15:00:00+00:00,800.0
4029,2013-05-09 15:30:00+00:00,1002.75
4029,2013-05-09 16:00:00+00:00,902.75
4029,2013-05-09 16:30:00+00:00,653.07
4029,2013-05-09 17:00:00+00:00,502.67
4029,2013-05-09 17:30:00+00:00,105.34
4029,2013-05-09 18:00:00+00:00,102.67
4029,2013-05-09 18:30:00+00:00,100.0
4029,2013-05-09 19:00:00+00:00,50.0
4029,2013-05-09 19:30:00+00:00,0.0
4029,2013-05-09 20:00:00+00:00,0.0
4029,2013-05-09 20:30:00+00:00,0.0
4029,2013-05-09 21:00:00+00:00,0.0
4029,2013-05-09 21:30:00+00:00,0.0
4029,2013-05-09 22:00:00+00:00,0.0
4029,2013-05-09 22:30:00+00:00,0.0
4029,2013-05-09 23:00:00+00:00,0.0
4029,2013-05-09 23:30:00+00:00,0.0
4029,2013-05-10 00:00:00+00:00,0.0
4029,2013-05-10 00:30:00+00:00,0.0
4029,2013-05-10 01:00:00+00:00,0.0
4029,2013-05-10 01:30:00+00:00,0.0
4029,2013-05-10 02:00:00+00:00,0.0
4029,2013-05-10 02:30:00+00:00,0.0
4029,2013-05-10 03:00:00+00:00,0.0
4029,2013-05-10 03:30:00+00:00,0.0
4029,2013-05-10 04:00:00+00:00,0.0
4029,2013-05-10 04:30:00+00:00,0.0
4029,2013-05-10 05:00:00+00:00,0.0
4029,2013-05-10 05:30:00+00:00,0.0
4029,2013-05-10 06:00:00+00:00,0.0
4029,2013-05-10 06:30:00+00:00,50.0
4029,2013-05-10 07:00:00+00:00,147.42
4029,2013-05-10 07:30:00+00:00,100.0
4029,2013-05-10 08:00:00+00:00,200.0
4029,2013-05-10 08:30:00+00:00,294.83
4029,2013-05-10 09:00:00+00:00,252.58
4029,2013-05-10 09:30:00+00:00,152.59
4029,2013-05-10 10:00:00+00:00,297.42
4029,2013-05-10 10:30:00+00:00,397.41
4029,2013-05-10 11:00:00+00:00,402.75
4029,2013-05-10 11:30:00+00:00,302.5
4029,2013-05-10 12:00:00+00:00,247.5
4029,2013-05-10 12:30:00+00:00,350.0
4029,2013-05-10 13:00:00+00:00,840.0
4029,2013-05-10 13:30:00+00:00,1047.5
4029,2013-05-10 14:00:00+00:00,1002.5
4029,2013-05-10 14:30:00+00:00,847.5
4029,2013-05-10 15:00:00+00:00,560.0
4029,2013-05-10 15:30:00+00:00,452.5
4029,2013-05-10 16:00:00+00:00,400.0
4029,2013-05-10 16:30:00+00:00,400.0
4029,2013-05-10 17:00:00+00:00,152.5
4029,2013-05-10 17:30:00+00:00,197.5
4029,2013-05-10 18:00:00+00:00,202.5
4029,2013-05-10 18:30:00+00:00,100.0
4029,2013-05-10 19:00:00+00:00,52.5
4029,2013-05-10 19:30:00+00:00,0.0
4029,2013-05-10 20:00:00+00:00,0.0
4029,2013-05-10 20:30:00+00:00,0.0
4029,2013-05-10 21:00:00+00:00,0.0
4029,2013-05-10 21:30:00+00:00,0.0
4029,2013-05-10 22:00:00+00:00,0.0
4029,2013-05-10 22:30:00+00:00,0.0
4029,2013-05-10 23:00:00+00:00,0.0
4029,2013-05-10 23:30:00+00:00,0.0
4029,2013-05-11 00:00:00+00:00,0.0
4029,2013-05-11 00:30:00+00:00,0.0
4029,2013-05-11 01:00:00+00:00,0.0
4029,2013-05-11 01:30:00+00:00,0.0
4029,2013-05-11 02:00:00+00:00,0.0
4029,2013-05-11 02:30:00+00:00,0.0
4029,2013-05-11 03:00:00+00:00,0.0
4029,2013-05-11 03:30:00+00:00,0.0
4029,2013-05-11 04:00:00+00:00,0.0
4029,2013-05-11 04:30:00+00:00,0.0
4029,2013-05-11 05:00:00+00:00,0.0
4029,2013-05-11 05:30:00+00:00,0.0
4029,2013-05-11 06:00:00+00:00,50.0
4029,2013-05-11 06:30:00+00:00,50.0
4029,2013-05-11 07:00:00+00:00,97.67
4029,2013-05-11 07:30:00+00:00,197.66
4029,2013-05-11 08:00:00+00:00,152.34
4029,2013-05-11 08:30:00+00:00,197.66
4029,2013-05-11 09:00:00+00:00,400.0
4029,2013-05-11 09:30:00+00:00,593.0
4029,2013-05-11 10:00:00+00:00,452.34
4029,2013-05-11 10:30:00+00:00,500.0
4029,2013-05-11 11:00:00+00:00,700.01
4029,2013-05-11 11:30:00+00:00,898.05
4029,2013-05-11 12:00:00+00:00,899.6
4029,2013-05-11 12:30:00+00:00,407.16
4029,2013-05-11 13:00:00+00:00,593.26
4029,2013-05-11 13:30:00+00:00,454.25
4029,2013-05-11 14:00:00+00:00,154.75
4029,2013-05-11 14:30:00+00:00,100.0
4029,2013-05-11 15:00:00+00:00,100.0
4029,2013-05-11 15:30:00+00:00,297.75
4029,2013-05-11 16:00:00+00:00,202.25
4029,2013-05-11 16:30:00+00:00,50.0
4029,2013-05-11 17:00:00+00:00,150.0
4029,2013-05-11 17:30:00+00:00,200.0
4029,2013-05-11 18:00:00+00:00,200.0
4029,2013-05-11 18:30:00+00:00,150.0
4029,2013-05-11 19:00:00+00:00,52.25
4029,2013-05-11 19:30:00+00:00,0.0
4029,2013-05-11 20:00:00+00:00,0.0
4029,2013-05-11 20:30:00+00:00,0.0
4029,2013-05-11 21:00:00+00:00,0.0
4029,2013-05-11 21:30:00+00:00,0.0
4029,2013-05-11 22:00:00+00:00,0.0
4029,2013-05-11 22:30:00+00:00,0.0
4029,2013-05-11 23:00:00+00:00,0.0
4029,2013-05-11 23:30:00+00:00,0.0
4029,2013-05-12 00:00:00+00:00,0.0
4029,2013-05-12 00:30:00+00:00,0.0
4029,2013-05-12 01:00:00+00:00,0.0
4029,2013-05-12 01:30:00+00:00,0.0
4029,2013-05-12 02:00:00+00:00,0.0
4029,2013-05-12 02:30:00+00:00,0.0
4029,2013-05-12 03:00:00+00:00,0.0
4029,2013-05-12 03:30:00+00:00,0.0
4029,2013-05-12 04:00:00+00:00,0.0
4029,2013-05-12 04:30:00+00:00,0.0
4029,2013-05-12 05:00:00+00:00,0.0
4029,2013-05-12 05:30:00+00:00,47.92
4029,2013-05-12 06:00:00+00:00,49.92
4029,2013-05-12 06:30:00+00:00,50.0
4029,2013-05-12 07:00:00+00:00,52.16
4029,2013-05-12 07:30:00+00:00,147.92
4029,2013-05-12 08:00:00+00:00,147.75
4029,2013-05-12 08:30:00+00:00,300.16
4029,2013-05-12 09:00:00+00:00,445.84
4029,2013-05-12 09:30:00+00:00,602.08
4029,2013-05-12 10:00:00+00:00,745.83
4029,2013-05-12 10:30:00+00:00,745.84
4029,2013-05-12 11:00:00+00:00,756.25
4029,2013-05-12 11:30:00+00:00,500.0
4029,2013-05-12 12:00:00+00:00,750.0
4029,2013-05-12 12:30:00+00:00,939.58
4029,2013-05-12 13:00:00+00:00,1152.08
4029,2013-05-12 13:30:00+00:00,756.67
4029,2013-05-12 14:00:00+00:00,650.0
4029,2013-05-12 14:30:00+00:00,406.0
4029,2013-05-12 15:00:00+00:00,200.0
4029,2013-05-12 15:30:00+00:00,152.0
4029,2013-05-12 16:00:00+00:00,150.0
4029,2013-05-12 16:30:00+00:00,102.0
4029,2013-05-12 17:00:00+00:00,98.0
4029,2013-05-12 17:30:00+00:00,50.0
4029,2013-05-12 18:00:00+00:00,2.0
4029,2013-05-12 18:30:00+00:00,0.0
4029,2013-05-12 19:00:00+00:00,0.0
4029,2013-05-12 19:30:00+00:00,0.0
4029,2013-05-12 20:00:00+00:00,0.0
4029,2013-05-12 20:30:00+00:00,0.0
4029,2013-05-12 21:00:00+00:00,0.0
4029,2013-05-12 21:30:00+00:00,0.0
4029,2013-05-12 22:00:00+00:00,0.0
4029,2013-05-12 22:30:00+00:00,0.0
4029,2013-05-12 23:00:00+00:00,0.0
4029,2013-05-12 23:30:00+00:00,0.0
4029,2013-05-13 00:00:00+00:00,0.0
4029,2013-05-13 00:30:00+00:00,0.0
4029,2013-05-13 01:00:00+00:00,0.0
4029,2013-05-13 01:30:00+00:00,0.0
4029,2013-05-13 02:00:00+00:00,0.0
4029,2013-05-13 02:30:00+00:00,0.0
4029,2013-05-13 03:00:00+00:00,0.0
4029,2013-05-13 03:30:00+00:00,0.0
4029,2013-05-13 04:00:00+00:00,0.0
4029,2013-05-13 04:30:00+00:00,0.0
4029,2013-05-13 05:00:00+00:00,48.08
4029,2013-05-13 05:30:00+00:00,1.92
4029,2013-05-13 06:00:00+00:00,50.0
4029,2013-05-13 06:30:00+00:00,48.09
4029,2013-05-13 07:00:00+00:00,100.07
4029,2013-05-13 07:30:00+00:00,149.93
4029,2013-05-13 08:00:00+00:00,150.08
4029,2013-05-13 08:30:00+00:00,298.0
4029,2013-05-13 09:00:00+00:00,446.5
4029,2013-05-13 09:30:00+00:00,598.16
4029,2013-05-13 10:00:00+00:00,553.67
4029,2013-05-13 10:30:00+00:00,646.33
4029,2013-05-13 11:00:00+00:00,650.0
4029,2013-05-13 11:30:00+00:00,651.84
4029,2013-05-13 12:00:00+00:00,601.83
4029,2013-05-13 12:30:00+00:00,548.17
4029,2013-05-13 13:00:00+00:00,796.33
4029,2013-05-13 13:30:00+00:00,603.67
4029,2013-05-13 14:00:00+00:00,696.35
4029,2013-05-13 14:30:00+00:00,703.66
4029,2013-05-13 15:00:00+00:00,898.17
4029,2013-05-13 15:30:00+00:00,700.39
4029,2013-05-13 16:00:00+00:00,501.76
4029,2013-05-13 16:30:00+00:00,403.5
4029,2013-05-13 17:00:00+00:00,201.67
4029,2013-05-13 17:30:00+00:00,198.33
4029,2013-05-13 18:00:00+00:00,53.5
4029,2013-05-13 18:30:00+00:00,50.0
4029,2013-05-13 19:00:00+00:00,50.0
4029,2013-05-13 19:30:00+00:00,0.0
4029,2013-05-13 20:00:00+00:00,0.0
4029,2013-05-13 20:30:00+00:00,0.0
4029,2013-05-13 21:00:00+00:00,0.0
4029,2013-05-13 21:30:00+00:00,0.0
4029,2013-05-13 22:00:00+00:00,0.0
4029,2013-05-13 22:30:00+00:00,0.0
4029,2013-05-13 23:00:00+00:00,0.0
4029,2013-05-13 23:30:00+00:00,0.0
4029,2013-05-14 00:00:00+00:00,0.0
4029,2013-05-14 00:30:00+00:00,0.0
4029,2013-05-14 01:00:00+00:00,0.0
4029,2013-05-14 01:30:00+00:00,0.0
4029,2013-05-14 02:00:00+00:00,0.0
4029,2013-05-14 02:30:00+00:00,0.0
4029,2013-05-14 03:00:00+00:00,0.0
4029,2013-05-14 03:30:00+00:00,0.0
4029,2013-05-14 04:00:00+00:00,0.0
4029,2013-05-14 04:30:00+00:00,0.0
4029,2013-05-14 05:00:00+00:00,50.0
4029,2013-05-14 05:30:00+00:00,48.33
4029,2013-05-14 06:00:00+00:00,51.67
4029,2013-05-14 06:30:00+00:00,148.33
4029,2013-05-14 07:00:00+00:00,150.0
4029,2013-05-14 07:30:00+00:00,198.34
4029,2013-05-14 08:00:00+00:00,250.16
4029,2013-05-14 08:30:00+00:00,348.42
4029,2013-05-14 09:00:00+00:00,351.58
4029,2013-05-14 09:30:00+00:00,448.41
4029,2013-05-14 10:00:00+00:00,351.59
4029,2013-05-14 10:30:00+00:00,250.0
4029,2013-05-14 11:00:00+00:00,498.42
4029,2013-05-14 11:30:00+00:00,403.17
4029,2013-05-14 12:00:00+00:00,298.41
4029,2013-05-14 12:30:00+00:00,350.0
4029,2013-05-14 13:00:00+00:00,350.0
4029,2013-05-14 13:30:00+00:00,300.0
4029,2013-05-14 14:00:00+00:00,301.59
4029,2013-05-14 14:30:00+00:00,298.42
4029,2013-05-14 15:00:00+00:00,396.83
4029,2013-05-14 15:30:00+00:00,154.75
4029,2013-05-14 16:00:00+00:00,250.08
4029,2013-05-14 16:30:00+00:00,99.92
4029,2013-05-14 17:00:00+00:00,50.0
4029,2013-05-14 17:30:00+00:00,50.08
4029,2013-05-14 18:00:00+00:00,1.5
4029,2013-05-14 18:30:00+00:00,48.5
4029,2013-05-14 19:00:00+00:00,1.5
4029,2013-05-14 19:30:00+00:00,0.0
4029,2013-05-14 20:00:00+00:00,0.0
4029,2013-05-14 20:30:00+00:00,0.0
4029,2013-05-14 21:00:00+00:00,0.0
4029,2013-05-14 21:30:00+00:00,0.0
4029,2013-05-14 22:00:00+00:00,0.0
4029,2013-05-14 22:30:00+00:00,0.0
4029,2013-05-14 23:00:00+00:00,0.0
4029,2013-05-14 23:30:00+00:00,0.0
4029,2013-05-15 00:00:00+00:00,0.0
4029,2013-05-15 00:30:00+00:00,0.0
4029,2013-05-15 01:00:00+00:00,0.0
4029,2013-05-15 01:30:00+00:00,0.0
4029,2013-05-15 02:00:00+00:00,0.0
4029,2013-05-15 02:30:00+00:00,0.0
4029,2013-05-15 03:00:00+00:00,0.0
4029,2013-05-15 03:30:00+00:00,0.0
4029,2013-05-15 04:00:00+00:00,0.0
4029,2013-05-15 04:30:00+00:00,0.0
4029,2013-05-15 05:00:00+00:00,0.0
4029,2013-05-15 05:30:00+00:00,0.0
4029,2013-05-15 06:00:00+00:00,50.0
4029,2013-05-15 06:30:00+00:00,50.0
4029,2013-05-15 07:00:00+00:00,148.58
4029,2013-05-15 07:30:00+00:00,100.08
4029,2013-05-15 08:00:00+00:00,199.92
4029,2013-05-15 08:30:00+00:00,248.59
4029,2013-05-15 09:00:00+00:00,151.5
4029,2013-05-15 09:30:00+00:00,248.5
4029,2013-05-15 10:00:00+00:00,250.16
4029,2013-05-15 10:30:00+00:00,250.0
4029,2013-05-15 11:00:00+00:00,202.67
4029,2013-05-15 11:30:00+00:00,548.67
4029,2013-05-15 12:00:00+00:00,494.66
4029,2013-05-15 12:30:00+00:00,502.67
4029,2013-05-15 13:00:00+00:00,599.99
4029,2013-05-15 13:30:00+00:00,454.01
4029,2013-05-15 14:00:00+00:00,444.67
4029,2013-05-15 14:30:00+00:00,646.0
4029,2013-05-15 15:00:00+00:00,505.33
4029,2013-05-15 15:30:00+00:00,648.67
4029,2013-05-15 16:00:00+00:00,602.66
4029,2013-05-15 16:30:00+00:00,498.67
4029,2013-05-15 17:00:00+00:00,647.33
4029,2013-05-15 17:30:00+00:00,551.67
4029,2013-05-15 18:00:00+00:00,303.75
4029,2013-05-15 18:30:00+00:00,101.25
4029,2013-05-15 19:00:00+00:00,50.0
4029,2013-05-15 19:30:00+00:00,0.0
4029,2013-05-15 20:00:00+00:00,0.0
4029,2013-05-15 20:30:00+00:00,0.0
4029,2013-05-15 21:00:00+00:00,0.0
4029,2013-05-15 21:30:00+00:00,0.0
4029,2013-05-15 22:00:00+00:00,0.0
4029,2013-05-15 22:30:00+00:00,0.0
4029,2013-05-15 23:00:00+00:00,0.0
4029,2013-05-15 23:30:00+00:00,0.0
4029,2013-05-16 00:00:00+00:00,0.0
4029,2013-05-16 00:30:00+00:00,0.0
4029,2013-05-16 01:00:00+00:00,0.0
4029,2013-05-16 01:30:00+00:00,0.0
4029,2013-05-16 02:00:00+00:00,0.0
4029,2013-05-16 02:30:00+00:00,0.0
4029,2013-05-16 03:00:00+00:00,0.0
4029,2013-05-16 03:30:00+00:00,0.0
4029,2013-05-16 04:00:00+00:00,0.0
4029,2013-05-16 04:30:00+00:00,0.0
4029,2013-05-16 05:00:00+00:00,0.0
4029,2013-05-16 05:30:00+00:00,48.83
4029,2013-05-16 06:00:00+00:00,50.58
4029,2013-05-16 06:30:00+00:00,99.42
4029,2013-05-16 07:00:00+00:00,100.0
4029,2013-05-16 07:30:00+00:00,200.0
4029,2013-05-16 08:00:00+00:00,200.0
4029,2013-05-16 08:30:00+00:00,200.0
4029,2013-05-16 09:00:00+00:00,397.67
4029,2013-05-16 09:30:00+00:00,698.08
4029,2013-05-16 10:00:00+00:00,750.76
4029,2013-05-16 10:30:00+00:00,752.33
4029,2013-05-16 11:00:00+00:00,845.82
4029,2013-05-16 11:30:00+00:00,849.52
4029,2013-05-16 12:00:00+00:00,1198.32
4029,2013-05-16 12:30:00+00:00,704.33
4029,2013-05-16 13:00:00+00:00,1095.67
4029,2013-05-16 13:30:00+00:00,953.25
4029,2013-05-16 14:00:00+00:00,996.75
4029,2013-05-16 14:30:00+00:00,854.34
4029,2013-05-16 15:00:00+00:00,500.0
4029,2013-05-16 15:30:00+00:00,648.91
4029,2013-05-16 16:00:00+00:00,504.34
4029,2013-05-16 16:30:00+00:00,150.0
4029,2013-05-16 17:00:00+00:00,348.91
4029,2013-05-16 17:30:00+00:00,498.92
4029,2013-05-16 18:00:00+00:00,202.17
4029,2013-05-16 18:30:00+00:00,250.0
4029,2013-05-16 19:00:00+00:00,51.08
4029,2013-05-16 19:30:00+00:00,0.0
4029,2013-05-16 20:00:00+00:00,0.0
4029,2013-05-16 20:30:00+00:00,0.0
4029,2013-05-16 21:00:00+00:00,0.0
4029,2013-05-16 21:30:00+00:00,0.0
4029,2013-05-16 22:00:00+00:00,0.0
4029,2013-05-16 22:30:00+00:00,0.0
4029,2013-05-16 23:00:00+00:00,0.0
4029,2013-05-16 23:30:00+00:00,0.0
4029,2013-05-17 00:00:00+00:00,0.0
4029,2013-05-17 00:30:00+00:00,0.0
4029,2013-05-17 01:00:00+00:00,0.0
4029,2013-05-17 01:30:00+00:00,0.0
4029,2013-05-17 02:00:00+00:00,0.0
4029,2013-05-17 02:30:00+00:00,0.0
4029,2013-05-17 03:00:00+00:00,0.0
4029,2013-05-17 03:30:00+00:00,0.0
4029,2013-05-17 04:00:00+00:00,0.0
4029,2013-05-17 04:30:00+00:00,0.0
4029,2013-05-17 05:00:00+00:00,49.0
4029,2013-05-17 05:30:00+00:00,1.0
4029,2013-05-17 06:00:00+00:00,50.0
4029,2013-05-17 06:30:00+00:00,50.0
4029,2013-05-17 07:00:00+00:00,149.08
4029,2013-05-17 07:30:00+00:00,199.08
4029,2013-05-17 08:00:00+00:00,200.92
4029,2013-05-17 08:30:00+00:00,348.17
4029,2013-05-17 09:00:00+00:00,201.83
4029,2013-05-17 09:30:00+00:00,100.0
4029,2013-05-17 10:00:00+00:00,200.0
4029,2013-05-17 10:30:00+00:00,100.0
4029,2013-05-17 11:00:00+00:00,150.09
4029,2013-05-17 11:30:00+00:00,99.91
4029,2013-05-17 12:00:00+00:00,150.0
4029,2013-05-17 12:30:00+00:00,250.09
4029,2013-05-17 13:00:00+00:00,50.83
4029,2013-05-17 13:30:00+00:00,198.33
4029,2013-05-17 14:00:00+00:00,101.67
4029,2013-05-17 14:30:00+00:00,99.08
4029,2013-05-17 15:00:00+00:00,100.09
4029,2013-05-17 15:30:00+00:00,50.83
4029,2013-05-17 16:00:00+00:00,50.0
4029,2013-05-17 16:30:00+00:00,99.17
4029,2013-05-17 17:00:00+00:00,50.83
4029,2013-05-17 17:30:00+00:00,99.17
4029,2013-05-17 18:00:00+00:00,0.83
4029,2013-05-17 18:30:00+00:00,50.0
4029,2013-05-17 19:00:00+00:00,0.0
4029,2013-05-17 19:30:00+00:00,0.0
4029,2013-05-17 20:00:00+00:00,0.0
4029,2013-05-17 20:30:00+00:00,0.0
4029,2013-05-17 21:00:00+00:00,0.0
4029,2013-05-17 21:30:00+00:00,0.0
4029,2013-05-17 22:00:00+00:00,0.0
4029,2013-05-17 22:30:00+00:00,0.0
4029,2013-05-17 23:00:00+00:00,0.0
4029,2013-05-17 23:30:00+00:00,0.0
4029,2013-05-18 00:00:00+00:00,0.0
4029,2013-05-18 00:30:00+00:00,0.0
4029,2013-05-18 01:00:00+00:00,0.0
4029,2013-05-18 01:30:00+00:00,0.0
4029,2013-05-18 02:00:00+00:00,0.0
4029,2013-05-18 02:30:00+00:00,0.0
4029,2013-05-18 03:00:00+00:00,0.0
4029,2013-05-18 03:30:00+00:00,0.0
4029,2013-05-18 04:00:00+00:00,0.0
4029,2013-05-18 04:30:00+00:00,0.0
4029,2013-05-18 05:00:00+00:00,0.0
4029,2013-05-18 05:30:00+00:00,0.0
4029,2013-05-18 06:00:00+00:00,50.0
4029,2013-05-18 06:30:00+00:00,99.33
4029,2013-05-18 07:00:00+00:00,150.0
4029,2013-05-18 07:30:00+00:00,199.17
4029,2013-05-18 08:00:00+00:00,250.14
4029,2013-05-18 08:30:00+00:00,300.03
4029,2013-05-18 09:00:00+00:00,300.0
4029,2013-05-18 09:30:00+00:00,399.33
4029,2013-05-18 10:00:00+00:00,500.0
4029,2013-05-18 10:30:00+00:00,499.33
4029,2013-05-18 11:00:00+00:00,301.34
4029,2013-05-18 11:30:00+00:00,350.0
4029,2013-05-18 12:00:00+00:00,548.67
4029,2013-05-18 12:30:00+00:00,252.08
4029,2013-05-18 13:00:00+00:00,199.91
4029,2013-05-18 13:30:00+00:00,398.67
4029,2013-05-18 14:00:00+00:00,449.67
4029,2013-05-18 14:30:00+00:00,450.33
4029,2013-05-18 15:00:00+00:00,550.25
4029,2013-05-18 15:30:00+00:00,350.58
4029,2013-05-18 16:00:00+00:00,200.59
4029,2013-05-18 16:30:00+00:00,149.91
4029,2013-05-18 17:00:00+00:00,100.09
4029,2013-05-18 17:30:00+00:00,100.0
4029,2013-05-18 18:00:00+00:00,100.0
4029,2013-05-18 18:30:00+00:00,100.58
4029,2013-05-18 19:00:00+00:00,50.0
4029,2013-05-18 19:30:00+00:00,0.0
4029,2013-05-18 20:00:00+00:00,0.0
4029,2013-05-18 20:30:00+00:00,0.0
4029,2013-05-18 21:00:00+00:00,0.0
4029,2013-05-18 21:30:00+00:00,0.0
4029,2013-05-18 22:00:00+00:00,0.0
4029,2013-05-18 22:30:00+00:00,0.0
4029,2013-05-18 23:00:00+00:00,0.0
4029,2013-05-18 23:30:00+00:00,0.0
4029,2013-05-19 00:00:00+00:00,0.0
4029,2013-05-19 00:30:00+00:00,0.0
4029,2013-05-19 01:00:00+00:00,0.0
4029,2013-05-19 01:30:00+00:00,0.0
4029,2013-05-19 02:00:00+00:00,0.0
4029,2013-05-19 02:30:00+00:00,0.0
4029,2013-05-19 03:00:00+00:00,0.0
4029,2013-05-19 03:30:00+00:00,0.0
4029,2013-05-19 04:00:00+00:00,0.0
4029,2013-05-19 04:30:00+00:00,0.0
4029,2013-05-19 05:00:00+00:00,0.0
4029,2013-05-19 05:30:00+00:00,50.0
4029,2013-05-19 06:00:00+00:00,0.0
4029,2013-05-19 06:30:00+00:00,100.0
4029,2013-05-19 07:00:00+00:00,149.5
4029,2013-05-19 07:30:00+00:00,150.08
4029,2013-05-19 08:00:00+00:00,200.0
4029,2013-05-19 08:30:00+00:00,348.92
4029,2013-05-19 09:00:00+00:00,300.65
4029,2013-05-19 09:30:00+00:00,249.6
4029,2013-05-19 10:00:00+00:00,599.58
4029,2013-05-19 10:30:00+00:00,700.0
4029,2013-05-19 11:00:00+00:00,849.17
4029,2013-05-19 11:30:00+00:00,1049.58
4029,2013-05-19 12:00:00+00:00,1000.84
4029,2013-05-19 12:30:00+00:00,798.75
4029,2013-05-19 13:00:00+00:00,1050.0
4029,2013-05-19 13:30:00+00:00,1050.83
4029,2013-05-19 14:00:00+00:00,751.25
4029,2013-05-19 14:30:00+00:00,948.75
4029,2013-05-19 15:00:00+00:00,850.0
4029,2013-05-19 15:30:00+00:00,900.83
4029,2013-05-19 16:00:00+00:00,799.59
4029,2013-05-19 16:30:00+00:00,750.74
4029,2013-05-19 17:00:00+00:00,600.34
4029,2013-05-19 17:30:00+00:00,400.58
4029,2013-05-19 18:00:00+00:00,200.09
4029,2013-05-19 18:30:00+00:00,50.33
4029,2013-05-19 19:00:00+00:00,50.0
4029,2013-05-19 19:30:00+00:00,50.0
4029,2013-05-19 20:00:00+00:00,0.0
4029,2013-05-19 20:30:00+00:00,0.0
4029,2013-05-19 21:00:00+00:00,0.0
4029,2013-05-19 21:30:00+00:00,0.0
4029,2013-05-19 22:00:00+00:00,0.0
4029,2013-05-19 22:30:00+00:00,0.0
4029,2013-05-19 23:00:00+00:00,0.0
4029,2013-05-19 23:30:00+00:00,0.0
4029,2013-05-20 00:00:00+00:00,0.0
4029,2013-05-20 00:30:00+00:00,0.0
4029,2013-05-20 01:00:00+00:00,0.0
4029,2013-05-20 01:30:00+00:00,0.0
4029,2013-05-20 02:00:00+00:00,0.0
4029,2013-05-20 02:30:00+00:00,0.0
4029,2013-05-20 03:00:00+00:00,0.0
4029,2013-05-20 03:30:00+00:00,0.0
4029,2013-05-20 04:00:00+00:00,0.0
4029,2013-05-20 04:30:00+00:00,0.0
4029,2013-05-20 05:00:00+00:00,0.0
4029,2013-05-20 05:30:00+00:00,0.0
4029,2013-05-20 06:00:00+00:00,0.0
4029,2013-05-20 06:30:00+00:00,0.0
4029,2013-05-20 07:00:00+00:00,0.0
4029,2013-05-20 07:30:00+00:00,50.0
4029,2013-05-20 08:00:00+00:00,49.83
4029,2013-05-20 08:30:00+00:00,0.17
4029,2013-05-20 09:00:00+00:00,50.0
4029,2013-05-20 09:30:00+00:00,50.0
4029,2013-05-20 10:00:00+00:00,100.0
4029,2013-05-20 10:30:00+00:00,99.75
4029,2013-05-20 11:00:00+00:00,50.25
4029,2013-05-20 11:30:00+00:00,50.0
4029,2013-05-20 12:00:00+00:00,50.0
4029,2013-05-20 12:30:00+00:00,99.83
4029,2013-05-20 13:00:00+00:00,50.0
4029,2013-05-20 13:30:00+00:00,0.17
4029,2013-05-20 14:00:00+00:00,100.0
4029,2013-05-20 14:30:00+00:00,149.83
4029,2013-05-20 15:00:00+00:00,100.0
4029,2013-05-20 15:30:00+00:00,50.17
4029,2013-05-20 16:00:00+00:00,50.0
4029,2013-05-20 16:30:00+00:00,50.0
4029,2013-05-20 17:00:00+00:00,49.92
4029,2013-05-20 17:30:00+00:00,0.08
4029,2013-05-20 18:00:00+00:00,0.0
4029,2013-05-20 18:30:00+00:00,0.0
4029,2013-05-20 19:00:00+00:00,0.0
4029,2013-05-20 19:30:00+00:00,0.0
4029,2013-05-20 20:00:00+00:00,0.0
4029,2013-05-20 20:30:00+00:00,0.0
4029,2013-05-20 21:00:00+00:00,0.0
4029,2013-05-20 21:30:00+00:00,0.0
4029,2013-05-20 22:00:00+00:00,0.0
4029,2013-05-20 22:30:00+00:00,0.0
4029,2013-05-20 23:00:00+00:00,0.0
4029,2013-05-20 23:30:00+00:00,0.0
4029,2013-05-21 00:00:00+00:00,0.0
4029,2013-05-21 00:30:00+00:00,0.0
4029,2013-05-21 01:00:00+00:00,0.0
4029,2013-05-21 01:30:00+00:00,0.0
4029,2013-05-21 02:00:00+00:00,0.0
4029,2013-05-21 02:30:00+00:00,0.0
4029,2013-05-21 03:00:00+00:00,0.0
4029,2013-05-21 03:30:00+00:00,0.0
4029,2013-05-21 04:00:00+00:00,0.0
4029,2013-05-21 04:30:00+00:00,0.0
4029,2013-05-21 05:00:00+00:00,0.0
4029,2013-05-21 05:30:00+00:00,0.0
4029,2013-05-21 06:00:00+00:00,50.0
4029,2013-05-21 06:30:00+00:00,0.0
4029,2013-05-21 07:00:00+00:00,0.0
4029,2013-05-21 07:30:00+00:00,50.0
4029,2013-05-21 08:00:00+00:00,50.0
4029,2013-05-21 08:30:00+00:00,100.0
4029,2013-05-21 09:00:00+00:00,50.0
4029,2013-05-21 09:30:00+00:00,50.0
4029,2013-05-21 10:00:00+00:00,50.0
4029,2013-05-21 10:30:00+00:00,100.0
4029,2013-05-21 11:00:00+00:00,149.02
4029,2013-05-21 11:30:00+00:00,200.98
4029,2013-05-21 12:00:00+00:00,250.0
4029,2013-05-21 12:30:00+00:00,250.17
4029,2013-05-21 13:00:00+00:00,250.0
4029,2013-05-21 13:30:00+00:00,249.91
4029,2013-05-21 14:00:00+00:00,250.17
4029,2013-05-21 14:30:00+00:00,399.83
4029,2013-05-21 15:00:00+00:00,150.0
4029,2013-05-21 15:30:00+00:00,150.0
4029,2013-05-21 16:00:00+00:00,100.09
4029,2013-05-21 16:30:00+00:00,99.83
4029,2013-05-21 17:00:00+00:00,150.25
4029,2013-05-21 17:30:00+00:00,350.25
4029,2013-05-21 18:00:00+00:00,349.5
4029,2013-05-21 18:30:00+00:00,100.0
4029,2013-05-21 19:00:00+00:00,50.0
4029,2013-05-21 19:30:00+00:00,0.0
4029,2013-05-21 20:00:00+00:00,0.0
4029,2013-05-21 20:30:00+00:00,0.0
4029,2013-05-21 21:00:00+00:00,0.0
4029,2013-05-21 21:30:00+00:00,0.0
4029,2013-05-21 22:00:00+00:00,0.0
4029,2013-05-21 22:30:00+00:00,0.0
4029,2013-05-21 23:00:00+00:00,0.0
4029,2013-05-21 23:30:00+00:00,0.0
4029,2013-05-22 00:00:00+00:00,0.0
4029,2013-05-22 00:30:00+00:00,0.0
4029,2013-05-22 01:00:00+00:00,0.0
4029,2013-05-22 01:30:00+00:00,0.0
4029,2013-05-22 02:00:00+00:00,0.0
4029,2013-05-22 02:30:00+00:00,0.0
4029,2013-05-22 03:00:00+00:00,0.0
4029,2013-05-22 03:30:00+00:00,0.0
4029,2013-05-22 04:00:00+00:00,0.0
4029,2013-05-22 04:30:00+00:00,0.0
4029,2013-05-22 05:00:00+00:00,0.0
4029,2013-05-22 05:30:00+00:00,0.0
4029,2013-05-22 06:00:00+00:00,0.25
4029,2013-05-22 06:30:00+00:00,50.0
4029,2013-05-22 07:00:00+00:00,100.0
4029,2013-05-22 07:30:00+00:00,100.0
4029,2013-05-22 08:00:00+00:00,150.0
4029,2013-05-22 08:30:00+00:00,150.0
4029,2013-05-22 09:00:00+00:00,100.0
4029,2013-05-22 09:30:00+00:00,150.08
4029,2013-05-22 10:00:00+00:00,100.0
4029,2013-05-22 10:30:00+00:00,149.67
4029,2013-05-22 11:00:00+00:00,150.0
4029,2013-05-22 11:30:00+00:00,150.67
4029,2013-05-22 12:00:00+00:00,249.66
4029,2013-05-22 12:30:00+00:00,200.0
4029,2013-05-22 13:00:00+00:00,149.92
4029,2013-05-22 13:30:00+00:00,150.08
4029,2013-05-22 14:00:00+00:00,150.0
4029,2013-05-22 14:30:00+00:00,199.92
4029,2013-05-22 15:00:00+00:00,100.08
4029,2013-05-22 15:30:00+00:00,149.67
4029,2013-05-22 16:00:00+00:00,150.33
4029,2013-05-22 16:30:00+00:00,100.0
4029,2013-05-22 17:00:00+00:00,150.0
4029,2013-05-22 17:30:00+00:00,150.0
4029,2013-05-22 18:00:00+00:00,149.67
4029,2013-05-22 18:30:00+00:00,150.0
4029,2013-05-22 19:00:00+00:00,0.0
4029,2013-05-22 19:30:00+00:00,50.0
4029,2013-05-22 20:00:00+00:00,0.0
4029,2013-05-22 20:30:00+00:00,0.0
4029,2013-05-22 21:00:00+00:00,0.0
4029,2013-05-22 21:30:00+00:00,0.0
4029,2013-05-22 22:00:00+00:00,0.0
4029,2013-05-22 22:30:00+00:00,0.0
4029,2013-05-22 23:00:00+00:00,0.0
4029,2013-05-22 23:30:00+00:00,0.0
4029,2013-05-23 00:00:00+00:00,0.0
4029,2013-05-23 00:30:00+00:00,0.0
4029,2013-05-23 01:00:00+00:00,0.0
4029,2013-05-23 01:30:00+00:00,0.0
4029,2013-05-23 02:00:00+00:00,0.0
4029,2013-05-23 02:30:00+00:00,0.0
4029,2013-05-23 03:00:00+00:00,0.0
4029,2013-05-23 03:30:00+00:00,0.0
4029,2013-05-23 04:00:00+00:00,0.0
4029,2013-05-23 04:30:00+00:00,0.0
4029,2013-05-23 05:00:00+00:00,0.0
4029,2013-05-23 05:30:00+00:00,0.5
4029,2013-05-23 06:00:00+00:00,99.5
4029,2013-05-23 06:30:00+00:00,50.5
4029,2013-05-23 07:00:00+00:00,149.92
4029,2013-05-23 07:30:00+00:00,200.08
4029,2013-05-23 08:00:00+00:00,250.5
4029,2013-05-23 08:30:00+00:00,349.5
4029,2013-05-23 09:00:00+00:00,200.0
4029,2013-05-23 09:30:00+00:00,250.5
4029,2013-05-23 10:00:00+00:00,400.0
4029,2013-05-23 10:30:00+00:00,350.0
4029,2013-05-23 11:00:00+00:00,250.0
4029,2013-05-23 11:30:00+00:00,401.0
4029,2013-05-23 12:00:00+00:00,649.0
4029,2013-05-23 12:30:00+00:00,350.01
4029,2013-05-23 13:00:00+00:00,401.93
4029,2013-05-23 13:30:00+00:00,749.23
4029,2013-05-23 14:00:00+00:00,851.91
4029,2013-05-23 14:30:00+00:00,1000.59
4029,2013-05-23 15:00:00+00:00,645.91
4029,2013-05-23 15:30:00+00:00,100.92
4029,2013-05-23 16:00:00+00:00,751.0
4029,2013-05-23 16:30:00+00:00,800.42
4029,2013-05-23 17:00:00+00:00,397.08
4029,2013-05-23 17:30:00+00:00,101.17
4029,2013-05-23 18:00:00+00:00,249.41
4029,2013-05-23 18:30:00+00:00,149.42
4029,2013-05-23 19:00:00+00:00,0.58
4029,2013-05-23 19:30:00+00:00,49.42
4029,2013-05-23 20:00:00+00:00,0.0
4029,2013-05-23 20:30:00+00:00,0.0
4029,2013-05-23 21:00:00+00:00,0.0
4029,2013-05-23 21:30:00+00:00,0.0
4029,2013-05-23 22:00:00+00:00,0.0
4029,2013-05-23 22:30:00+00:00,0.0
4029,2013-05-23 23:00:00+00:00,0.0
4029,2013-05-23 23:30:00+00:00,0.0
4029,2013-05-24 00:00:00+00:00,0.0
4029,2013-05-24 00:30:00+00:00,0.0
4029,2013-05-24 01:00:00+00:00,0.0
4029,2013-05-24 01:30:00+00:00,0.0
4029,2013-05-24 02:00:00+00:00,0.0
4029,2013-05-24 02:30:00+00:00,0.0
4029,2013-05-24 03:00:00+00:00,0.0
4029,2013-05-24 03:30:00+00:00,0.0
4029,2013-05-24 04:00:00+00:00,0.0
4029,2013-05-24 04:30:00+00:00,0.0
4029,2013-05-24 05:00:00+00:00,0.0
4029,2013-05-24 05:30:00+00:00,50.0
4029,2013-05-24 06:00:00+00:00,0.75
4029,2013-05-24 06:30:00+00:00,100.0
4029,2013-05-24 07:00:00+00:00,149.92
4029,2013-05-24 07:30:00+00:00,150.08
4029,2013-05-24 08:00:00+00:00,150.75
4029,2013-05-24 08:30:00+00:00,300.0
4029,2013-05-24 09:00:00+00:00,350.0
4029,2013-05-24 09:30:00+00:00,250.0
4029,2013-05-24 10:00:00+00:00,200.0
4029,2013-05-24 10:30:00+00:00,200.0
4029,2013-05-24 11:00:00+00:00,250.0
4029,2013-05-24 11:30:00+00:00,349.25
4029,2013-05-24 12:00:00+00:00,150.08
4029,2013-05-24 12:30:00+00:00,250.67
4029,2013-05-24 13:00:00+00:00,250.0
4029,2013-05-24 13:30:00+00:00,199.51
4029,2013-05-24 14:00:00+00:00,198.99
4029,2013-05-24 14:30:00+00:00,175.44
4029,2013-05-24 15:00:00+00:00,275.39
4029,2013-05-24 15:30:00+00:00,200.84
4029,2013-05-24 16:00:00+00:00,299.16
4029,2013-05-24 16:30:00+00:00,100.0
4029,2013-05-24 17:00:00+00:00,150.0
4029,2013-05-24 17:30:00+00:00,100.0
4029,2013-05-24 18:00:00+00:00,49.17
4029,2013-05-24 18:30:00+00:00,50.0
4029,2013-05-24 19:00:00+00:00,50.0
4029,2013-05-24 19:30:00+00:00,0.0
4029,2013-05-24 20:00:00+00:00,0.0
4029,2013-05-24 20:30:00+00:00,0.0
4029,2013-05-24 21:00:00+00:00,0.0
4029,2013-05-24 21:30:00+00:00,0.0
4029,2013-05-24 22:00:00+00:00,0.0
4029,2013-05-24 22:30:00+00:00,0.0
4029,2013-05-24 23:00:00+00:00,0.0
4029,2013-05-24 23:30:00+00:00,0.0
4029,2013-05-25 00:00:00+00:00,0.0
4029,2013-05-25 00:30:00+00:00,0.0
4029,2013-05-25 01:00:00+00:00,0.0
4029,2013-05-25 01:30:00+00:00,0.0
4029,2013-05-25 02:00:00+00:00,0.0
4029,2013-05-25 02:30:00+00:00,0.0
4029,2013-05-25 03:00:00+00:00,0.0
4029,2013-05-25 03:30:00+00:00,0.0
4029,2013-05-25 04:00:00+00:00,0.0
4029,2013-05-25 04:30:00+00:00,0.0
4029,2013-05-25 05:00:00+00:00,50.0
4029,2013-05-25 05:30:00+00:00,0.92
4029,2013-05-25 06:00:00+00:00,99.08
4029,2013-05-25 06:30:00+00:00,101.0
4029,2013-05-25 07:00:00+00:00,99.92
4029,2013-05-25 07:30:00+00:00,150.08
4029,2013-05-25 08:00:00+00:00,150.84
4029,2013-05-25 08:30:00+00:00,250.16
4029,2013-05-25 09:00:00+00:00,401.0
4029,2013-05-25 09:30:00+00:00,552.0
4029,2013-05-25 10:00:00+00:00,601.0
4029,2013-05-25 10:30:00+00:00,851.0
4029,2013-05-25 11:00:00+00:00,847.0
4029,2013-05-25 11:30:00+00:00,802.0
4029,2013-05-25 12:00:00+00:00,950.0
4029,2013-05-25 12:30:00+00:00,751.0
4029,2013-05-25 13:00:00+00:00,847.0
4029,2013-05-25 13:30:00+00:00,651.0
4029,2013-05-25 14:00:00+00:00,697.0
4029,2013-05-25 14:30:00+00:00,503.97
4029,2013-05-25 15:00:00+00:00,699.45
4029,2013-05-25 15:30:00+00:00,649.58
4029,2013-05-25 16:00:00+00:00,600.01
4029,2013-05-25 16:30:00+00:00,700.41
4029,2013-05-25 17:00:00+00:00,698.91
4029,2013-05-25 17:30:00+00:00,548.91
4029,2013-05-25 18:00:00+00:00,398.93
4029,2013-05-25 18:30:00+00:00,197.83
4029,2013-05-25 19:00:00+00:00,50.0
4029,2013-05-25 19:30:00+00:00,0.0
4029,2013-05-25 20:00:00+00:00,0.0
4029,2013-05-25 20:30:00+00:00,0.0
4029,2013-05-25 21:00:00+00:00,0.0
4029,2013-05-25 21:30:00+00:00,0.0
4029,2013-05-25 22:00:00+00:00,0.0
4029,2013-05-25 22:30:00+00:00,0.0
4029,2013-05-25 23:00:00+00:00,0.0
4029,2013-05-25 23:30:00+00:00,0.0
4029,2013-05-26 00:00:00+00:00,0.0
4029,2013-05-26 00:30:00+00:00,0.0
4029,2013-05-26 01:00:00+00:00,0.0
4029,2013-05-26 01:30:00+00:00,0.0
4029,2013-05-26 02:00:00+00:00,0.0
4029,2013-05-26 02:30:00+00:00,0.0
4029,2013-05-26 03:00:00+00:00,0.0
4029,2013-05-26 03:30:00+00:00,0.0
4029,2013-05-26 04:00:00+00:00,0.0
4029,2013-05-26 04:30:00+00:00,0.0
4029,2013-05-26 05:00:00+00:00,50.0
4029,2013-05-26 05:30:00+00:00,1.17
4029,2013-05-26 06:00:00+00:00,50.0
4029,2013-05-26 06:30:00+00:00,98.83
4029,2013-05-26 07:00:00+00:00,51.17
4029,2013-05-26 07:30:00+00:00,148.83
4029,2013-05-26 08:00:00+00:00,152.34
4029,2013-05-26 08:30:00+00:00,300.16
4029,2013-05-26 09:00:00+00:00,452.49
4029,2013-05-26 09:30:00+00:00,651.26
4029,2013-05-26 10:00:00+00:00,750.75
4029,2013-05-26 10:30:00+00:00,900.5
4029,2013-05-26 11:00:00+00:00,901.25
4029,2013-05-26 11:30:00+00:00,1000.0
4029,2013-05-26 12:00:00+00:00,1050.0
4029,2013-05-26 12:30:00+00:00,1050.0
4029,2013-05-26 13:00:00+00:00,1100.0
4029,2013-05-26 13:30:00+00:00,1100.0
4029,2013-05-26 14:00:00+00:00,1100.0
4029,2013-05-26 14:30:00+00:00,1048.75
4029,2013-05-26 15:00:00+00:00,1000.49
4029,2013-05-26 15:30:00+00:00,949.47
4029,2013-05-26 16:00:00+00:00,797.54
4029,2013-05-26 16:30:00+00:00,446.35
4029,2013-05-26 17:00:00+00:00,603.97
4029,2013-05-26 17:30:00+00:00,498.44
4029,2013-05-26 18:00:00+00:00,348.9
4029,2013-05-26 18:30:00+00:00,198.67
4029,2013-05-26 19:00:00+00:00,48.67
4029,2013-05-26 19:30:00+00:00,50.0
4029,2013-05-26 20:00:00+00:00,0.0
4029,2013-05-26 20:30:00+00:00,0.0
4029,2013-05-26 21:00:00+00:00,0.0
4029,2013-05-26 21:30:00+00:00,0.0
4029,2013-05-26 22:00:00+00:00,0.0
4029,2013-05-26 22:30:00+00:00,0.0
4029,2013-05-26 23:00:00+00:00,0.0
4029,2013-05-26 23:30:00+00:00,0.0
4029,2013-05-27 00:00:00+00:00,0.0
4029,2013-05-27 00:30:00+00:00,0.0
4029,2013-05-27 01:00:00+00:00,0.0
4029,2013-05-27 01:30:00+00:00,0.0
4029,2013-05-27 02:00:00+00:00,0.0
4029,2013-05-27 02:30:00+00:00,0.0
4029,2013-05-27 03:00:00+00:00,0.0
4029,2013-05-27 03:30:00+00:00,0.0
4029,2013-05-27 04:00:00+00:00,0.0
4029,2013-05-27 04:30:00+00:00,0.0
4029,2013-05-27 05:00:00+00:00,0.0
4029,2013-05-27 05:30:00+00:00,50.0
4029,2013-05-27 06:00:00+00:00,50.0
4029,2013-05-27 06:30:00+00:00,50.0
4029,2013-05-27 07:00:00+00:00,51.42
4029,2013-05-27 07:30:00+00:00,98.58
4029,2013-05-27 08:00:00+00:00,103.0
4029,2013-05-27 08:30:00+00:00,301.49
4029,2013-05-27 09:00:00+00:00,451.18
4029,2013-05-27 09:30:00+00:00,651.83
4029,2013-05-27 10:00:00+00:00,799.6
4029,2013-05-27 10:30:00+00:00,801.9
4029,2013-05-27 11:00:00+00:00,901.5
4029,2013-05-27 11:30:00+00:00,1050.0
4029,2013-05-27 12:00:00+00:00,948.01
4029,2013-05-27 12:30:00+00:00,1001.42
4029,2013-05-27 13:00:00+00:00,1100.57
4029,2013-05-27 13:30:00+00:00,1100.85
4029,2013-05-27 14:00:00+00:00,1150.65
4029,2013-05-27 14:30:00+00:00,1150.0
4029,2013-05-27 15:00:00+00:00,1098.5
4029,2013-05-27 15:30:00+00:00,1048.5
4029,2013-05-27 16:00:00+00:00,798.5
4029,2013-05-27 16:30:00+00:00,798.82
4029,2013-05-27 17:00:00+00:00,648.18
4029,2013-05-27 17:30:00+00:00,498.66
4029,2013-05-27 18:00:00+00:00,350.01
4029,2013-05-27 18:30:00+00:00,148.33
4029,2013-05-27 19:00:00+00:00,48.5
4029,2013-05-27 19:30:00+00:00,0.0
4029,2013-05-27 20:00:00+00:00,0.0
4029,2013-05-27 20:30:00+00:00,0.0
4029,2013-05-27 21:00:00+00:00,0.0
4029,2013-05-27 21:30:00+00:00,0.0
4029,2013-05-27 22:00:00+00:00,0.0
4029,2013-05-27 22:30:00+00:00,0.0
4029,2013-05-27 23:00:00+00:00,0.0
4029,2013-05-27 23:30:00+00:00,0.0
4029,2013-05-28 00:00:00+00:00,0.0
4029,2013-05-28 00:30:00+00:00,0.0
4029,2013-05-28 01:00:00+00:00,0.0
4029,2013-05-28 01:30:00+00:00,0.0
4029,2013-05-28 02:00:00+00:00,0.0
4029,2013-05-28 02:30:00+00:00,0.0
4029,2013-05-28 03:00:00+00:00,0.0
4029,2013-05-28 03:30:00+00:00,0.0
4029,2013-05-28 04:00:00+00:00,0.0
4029,2013-05-28 04:30:00+00:00,0.0
4029,2013-05-28 05:00:00+00:00,0.0
4029,2013-05-28 05:30:00+00:00,0.0
4029,2013-05-28 06:00:00+00:00,50.0
4029,2013-05-28 06:30:00+00:00,0.0
4029,2013-05-28 07:00:00+00:00,1.67
4029,2013-05-28 07:30:00+00:00,100.0
4029,2013-05-28 08:00:00+00:00,200.0
4029,2013-05-28 08:30:00+00:00,150.0
4029,2013-05-28 09:00:00+00:00,150.0
4029,2013-05-28 09:30:00+00:00,150.0
4029,2013-05-28 10:00:00+00:00,98.33
4029,2013-05-28 10:30:00+00:00,101.67
4029,2013-05-28 11:00:00+00:00,148.33
4029,2013-05-28 11:30:00+00:00,50.0
4029,2013-05-28 12:00:00+00:00,50.0
4029,2013-05-28 12:30:00+00:00,50.0
4029,2013-05-28 13:00:00+00:00,101.75
4029,2013-05-28 13:30:00+00:00,149.92
4029,2013-05-28 14:00:00+00:00,201.67
4029,2013-05-28 14:30:00+00:00,303.66
4029,2013-05-28 15:00:00+00:00,450.0
4029,2013-05-28 15:30:00+00:00,744.75
4029,2013-05-28 16:00:00+00:00,200.0
4029,2013-05-28 16:30:00+00:00,150.0
4029,2013-05-28 17:00:00+00:00,100.0
4029,2013-05-28 17:30:00+00:00,303.5
4029,2013-05-28 18:00:00+00:00,398.41
4029,2013-05-28 18:30:00+00:00,248.06
4029,2013-05-28 19:00:00+00:00,98.28
4029,2013-05-28 19:30:00+00:00,0.0
4029,2013-05-28 20:00:00+00:00,0.0
4029,2013-05-28 20:30:00+00:00,0.0
4029,2013-05-28 21:00:00+00:00,0.0
4029,2013-05-28 21:30:00+00:00,0.0
4029,2013-05-28 22:00:00+00:00,0.0
4029,2013-05-28 22:30:00+00:00,0.0
4029,2013-05-28 23:00:00+00:00,0.0
4029,2013-05-28 23:30:00+00:00,0.0
4029,2013-05-29 00:00:00+00:00,0.0
4029,2013-05-29 00:30:00+00:00,0.0
4029,2013-05-29 01:00:00+00:00,0.0
4029,2013-05-29 01:30:00+00:00,0.0
4029,2013-05-29 02:00:00+00:00,0.0
4029,2013-05-29 02:30:00+00:00,0.0
4029,2013-05-29 03:00:00+00:00,0.0
4029,2013-05-29 03:30:00+00:00,0.0
4029,2013-05-29 04:00:00+00:00,0.0
4029,2013-05-29 04:30:00+00:00,0.0
4029,2013-05-29 05:00:00+00:00,50.0
4029,2013-05-29 05:30:00+00:00,51.92
4029,2013-05-29 06:00:00+00:00,50.0
4029,2013-05-29 06:30:00+00:00,100.0
4029,2013-05-29 07:00:00+00:00,151.91
4029,2013-05-29 07:30:00+00:00,199.84
4029,2013-05-29 08:00:00+00:00,300.16
4029,2013-05-29 08:30:00+00:00,300.0
4029,2013-05-29 09:00:00+00:00,250.0
4029,2013-05-29 09:30:00+00:00,350.0
4029,2013-05-29 10:00:00+00:00,250.0
4029,2013-05-29 10:30:00+00:00,248.09
4029,2013-05-29 11:00:00+00:00,100.08
4029,2013-05-29 11:30:00+00:00,149.92
4029,2013-05-29 12:00:00+00:00,98.08
4029,2013-05-29 12:30:00+00:00,52.0
4029,2013-05-29 13:00:00+00:00,49.92
4029,2013-05-29 13:30:00+00:00,100.0
4029,2013-05-29 14:00:00+00:00,100.08
4029,2013-05-29 14:30:00+00:00,102.0
4029,2013-05-29 15:00:00+00:00,146.0
4029,2013-05-29 15:30:00+00:00,50.0
4029,2013-05-29 16:00:00+00:00,2.0
4029,2013-05-29 16:30:00+00:00,48.0
4029,2013-05-29 17:00:00+00:00,50.0
4029,2013-05-29 17:30:00+00:00,0.0
4029,2013-05-29 18:00:00+00:00,2.0
4029,2013-05-29 18:30:00+00:00,48.0
4029,2013-05-29 19:00:00+00:00,0.0
4029,2013-05-29 19:30:00+00:00,0.0
4029,2013-05-29 20:00:00+00:00,0.0
4029,2013-05-29 20:30:00+00:00,0.0
4029,2013-05-29 21:00:00+00:00,0.0
4029,2013-05-29 21:30:00+00:00,0.0
4029,2013-05-29 22:00:00+00:00,0.0
4029,2013-05-29 22:30:00+00:00,0.0
4029,2013-05-29 23:00:00+00:00,0.0
4029,2013-05-29 23:30:00+00:00,0.0
4029,2013-05-30 00:00:00+00:00,0.0
4029,2013-05-30 00:30:00+00:00,0.0
4029,2013-05-30 01:00:00+00:00,0.0
4029,2013-05-30 01:30:00+00:00,0.0
4029,2013-05-30 02:00:00+00:00,0.0
4029,2013-05-30 02:30:00+00:00,0.0
4029,2013-05-30 03:00:00+00:00,0.0
4029,2013-05-30 03:30:00+00:00,0.0
4029,2013-05-30 04:00:00+00:00,0.0
4029,2013-05-30 04:30:00+00:00,0.0
4029,2013-05-30 05:00:00+00:00,0.0
4029,2013-05-30 05:30:00+00:00,2.16
4029,2013-05-30 06:00:00+00:00,97.84
4029,2013-05-30 06:30:00+00:00,104.17
4029,2013-05-30 07:00:00+00:00,147.92
4029,2013-05-30 07:30:00+00:00,50.07
4029,2013-05-30 08:00:00+00:00,50.01
4029,2013-05-30 08:30:00+00:00,202.16
4029,2013-05-30 09:00:00+00:00,250.0
4029,2013-05-30 09:30:00+00:00,197.84
4029,2013-05-30 10:00:00+00:00,150.0
4029,2013-05-30 10:30:00+00:00,147.83
4029,2013-05-30 11:00:00+00:00,152.17
4029,2013-05-30 11:30:00+00:00,202.16
4029,2013-05-30 12:00:00+00:00,200.0
4029,2013-05-30 12:30:00+00:00,145.67
4029,2013-05-30 13:00:00+00:00,100.0
4029,2013-05-30 13:30:00+00:00,52.17
4029,2013-05-30 14:00:00+00:00,147.83
4029,2013-05-30 14:30:00+00:00,102.25
4029,2013-05-30 15:00:00+00:00,97.75
4029,2013-05-30 15:30:00+00:00,50.0
4029,2013-05-30 16:00:00+00:00,50.0
4029,2013-05-30 16:30:00+00:00,50.0
4029,2013-05-30 17:00:00+00:00,2.25
4029,2013-05-30 17:30:00+00:00,47.75
4029,2013-05-30 18:00:00+00:00,50.0
4029,2013-05-30 18:30:00+00:00,0.0
4029,2013-05-30 19:00:00+00:00,50.0
4029,2013-05-30 19:30:00+00:00,0.0
4029,2013-05-30 20:00:00+00:00,0.0
4029,2013-05-30 20:30:00+00:00,0.0
4029,2013-05-30 21:00:00+00:00,0.0
4029,2013-05-30 21:30:00+00:00,0.0
4029,2013-05-30 22:00:00+00:00,0.0
4029,2013-05-30 22:30:00+00:00,0.0
4029,2013-05-30 23:00:00+00:00,0.0
4029,2013-05-30 23:30:00+00:00,0.0
4029,2013-05-31 00:00:00+00:00,0.0
4029,2013-05-31 00:30:00+00:00,0.0
4029,2013-05-31 01:00:00+00:00,0.0
4029,2013-05-31 01:30:00+00:00,0.0
4029,2013-05-31 02:00:00+00:00,0.0
4029,2013-05-31 02:30:00+00:00,0.0
4029,2013-05-31 03:00:00+00:00,0.0
4029,2013-05-31 03:30:00+00:00,0.0
4029,2013-05-31 04:00:00+00:00,0.0
4029,2013-05-31 04:30:00+00:00,0.0
4029,2013-05-31 05:00:00+00:00,0.0
4029,2013-05-31 05:30:00+00:00,0.0
4029,2013-05-31 06:00:00+00:00,52.33
4029,2013-05-31 06:30:00+00:00,97.67
4029,2013-05-31 07:00:00+00:00,100.0
4029,2013-05-31 07:30:00+00:00,152.42
4029,2013-05-31 08:00:00+00:00,200.0
4029,2013-05-31 08:30:00+00:00,200.0
4029,2013-05-31 09:00:00+00:00,250.0
4029,2013-05-31 09:30:00+00:00,252.41
4029,2013-05-31 10:00:00+00:00,297.5
4029,2013-05-31 10:30:00+00:00,354.92
4029,2013-05-31 11:00:00+00:00,554.83
4029,2013-05-31 11:30:00+00:00,704.84
4029,2013-05-31 12:00:00+00:00,1000.0
4029,2013-05-31 12:30:00+00:00,1097.58
4029,2013-05-31 13:00:00+00:00,995.17
4029,2013-05-31 13:30:00+00:00,907.25
4029,2013-05-31 14:00:00+00:00,997.58
4029,2013-05-31 14:30:00+00:00,950.5
4029,2013-05-31 15:00:00+00:00,949.98
4029,2013-05-31 15:30:00+00:00,897.1
4029,2013-05-31 16:00:00+00:00,742.75
4029,2013-05-31 16:30:00+00:00,454.85
4029,2013-05-31 17:00:00+00:00,547.82
4029,2013-05-31 17:30:00+00:00,297.49
4029,2013-05-31 18:00:00+00:00,197.51
4029,2013-05-31 18:30:00+00:00,100.0
4029,2013-05-31 19:00:00+00:00,47.5
4029,2013-05-31 19:30:00+00:00,0.0
4029,2013-05-31 20:00:00+00:00,0.0
4029,2013-05-31 20:30:00+00:00,0.0
4029,2013-05-31 21:00:00+00:00,0.0
4029,2013-05-31 21:30:00+00:00,0.0
4029,2013-05-31 22:00:00+00:00,0.0
4029,2013-05-31 22:30:00+00:00,0.0
4029,2013-05-31 23:00:00+00:00,0.0
4029,2013-05-31 23:30:00+00:00,0.0
4029,2013-06-01 00:30:00+00:00,0.0
4029,2013-06-01 01:00:00+00:00,0.0
4029,2013-06-01 01:30:00+00:00,0.0
4029,2013-06-01 02:00:00+00:00,0.0
4029,2013-06-01 02:30:00+00:00,0.0
4029,2013-06-01 03:00:00+00:00,0.0
4029,2013-06-01 03:30:00+00:00,0.0
4029,2013-06-01 04:00:00+00:00,0.0
4029,2013-06-01 04:30:00+00:00,50.0
4029,2013-06-01 05:00:00+00:00,0.0
4029,2013-06-01 05:30:00+00:00,50.0
4029,2013-06-01 06:00:00+00:00,102.58
4029,2013-06-01 06:30:00+00:00,150.0
4029,2013-06-01 07:00:00+00:00,150.0
4029,2013-06-01 07:30:00+00:00,100.0
4029,2013-06-01 08:00:00+00:00,252.59
4029,2013-06-01 08:30:00+00:00,300.0
4029,2013-06-01 09:00:00+00:00,402.59
4029,2013-06-01 09:30:00+00:00,447.57
4029,2013-06-01 10:00:00+00:00,560.67
4029,2013-06-01 10:30:00+00:00,850.0
4029,2013-06-01 11:00:00+00:00,902.67
4029,2013-06-01 11:30:00+00:00,1047.33
4029,2013-06-01 12:00:00+00:00,689.33
4029,2013-06-01 12:30:00+00:00,300.0
4029,2013-06-01 13:00:00+00:00,247.34
4029,2013-06-01 13:30:00+00:00,352.66
4029,2013-06-01 14:00:00+00:00,247.34
4029,2013-06-01 14:30:00+00:00,252.66
4029,2013-06-01 15:00:00+00:00,300.0
4029,2013-06-01 15:30:00+00:00,250.0
4029,2013-06-01 16:00:00+00:00,347.34
4029,2013-06-01 16:30:00+00:00,150.0
4029,2013-06-01 17:00:00+00:00,100.0
4029,2013-06-01 17:30:00+00:00,150.0
4029,2013-06-01 18:00:00+00:00,205.57
4029,2013-06-01 18:30:00+00:00,241.76
4029,2013-06-01 19:00:00+00:00,50.0
4029,2013-06-01 19:30:00+00:00,0.0
4029,2013-06-01 20:00:00+00:00,0.0
4029,2013-06-01 20:30:00+00:00,0.0
4029,2013-06-01 21:00:00+00:00,0.0
4029,2013-06-01 21:30:00+00:00,0.0
4029,2013-06-01 22:00:00+00:00,0.0
4029,2013-06-01 22:30:00+00:00,0.0
4029,2013-06-01 23:00:00+00:00,0.0
4029,2013-06-01 23:30:00+00:00,0.0
4029,2013-06-02 00:00:00+00:00,0.0
4029,2013-06-02 00:30:00+00:00,0.0
4029,2013-06-02 01:00:00+00:00,0.0
4029,2013-06-02 01:30:00+00:00,0.0
4029,2013-06-02 02:00:00+00:00,0.0
4029,2013-06-02 02:30:00+00:00,0.0
4029,2013-06-02 03:00:00+00:00,0.0
4029,2013-06-02 03:30:00+00:00,0.0
4029,2013-06-02 04:00:00+00:00,0.0
4029,2013-06-02 04:30:00+00:00,0.0
4029,2013-06-02 05:00:00+00:00,50.0
4029,2013-06-02 05:30:00+00:00,50.0
4029,2013-06-02 06:00:00+00:00,102.83
4029,2013-06-02 06:30:00+00:00,100.0
4029,2013-06-02 07:00:00+00:00,100.0
4029,2013-06-02 07:30:00+00:00,147.17
4029,2013-06-02 08:00:00+00:00,105.67
4029,2013-06-02 08:30:00+00:00,300.0
4029,2013-06-02 09:00:00+00:00,452.83
4029,2013-06-02 09:30:00+00:00,403.15
4029,2013-06-02 10:00:00+00:00,602.52
4029,2013-06-02 10:30:00+00:00,794.57
4029,2013-06-02 11:00:00+00:00,605.84
4029,2013-06-02 11:30:00+00:00,702.89
4029,2013-06-02 12:00:00+00:00,800.0
4029,2013-06-02 12:30:00+00:00,891.28
4029,2013-06-02 13:00:00+00:00,458.75
4029,2013-06-02 13:30:00+00:00,552.88
4029,2013-06-02 14:00:00+00:00,844.2
4029,2013-06-02 14:30:00+00:00,805.84
4029,2013-06-02 15:00:00+00:00,649.45
4029,2013-06-02 15:30:00+00:00,735.96
4029,2013-06-02 16:00:00+00:00,461.67
4029,2013-06-02 16:30:00+00:00,741.25
4029,2013-06-02 17:00:00+00:00,552.92
4029,2013-06-02 17:30:00+00:00,491.25
4029,2013-06-02 18:00:00+00:00,252.92
4029,2013-06-02 18:30:00+00:00,194.16
4029,2013-06-02 19:00:00+00:00,50.0
4029,2013-06-02 19:30:00+00:00,0.0
4029,2013-06-02 20:00:00+00:00,0.0
4029,2013-06-02 20:30:00+00:00,0.0
4029,2013-06-02 21:00:00+00:00,0.0
4029,2013-06-02 21:30:00+00:00,0.0
4029,2013-06-02 22:00:00+00:00,0.0
4029,2013-06-02 22:30:00+00:00,0.0
4029,2013-06-02 23:00:00+00:00,0.0
4029,2013-06-02 23:30:00+00:00,0.0
4029,2013-06-03 00:00:00+00:00,0.0
4029,2013-06-03 00:30:00+00:00,0.0
4029,2013-06-03 01:00:00+00:00,0.0
4029,2013-06-03 01:30:00+00:00,0.0
4029,2013-06-03 02:00:00+00:00,0.0
4029,2013-06-03 02:30:00+00:00,0.0
4029,2013-06-03 03:00:00+00:00,0.0
4029,2013-06-03 03:30:00+00:00,0.0
4029,2013-06-03 04:00:00+00:00,0.0
4029,2013-06-03 04:30:00+00:00,3.08
4029,2013-06-03 05:00:00+00:00,46.92
4029,2013-06-03 05:30:00+00:00,50.0
4029,2013-06-03 06:00:00+00:00,50.0
4029,2013-06-03 06:30:00+00:00,53.01
4029,2013-06-03 07:00:00+00:00,100.07
4029,2013-06-03 07:30:00+00:00,153.09
4029,2013-06-03 08:00:00+00:00,200.0
4029,2013-06-03 08:30:00+00:00,300.0
4029,2013-06-03 09:00:00+00:00,456.16
4029,2013-06-03 09:30:00+00:00,603.09
4029,2013-06-03 10:00:00+00:00,850.0
4029,2013-06-03 10:30:00+00:00,696.91
4029,2013-06-03 11:00:00+00:00,650.0
4029,2013-06-03 11:30:00+00:00,756.17
4029,2013-06-03 12:00:00+00:00,1003.67
4029,2013-06-03 12:30:00+00:00,999.96
4029,2013-06-03 13:00:00+00:00,1100.04
4029,2013-06-03 13:30:00+00:00,1100.0
4029,2013-06-03 14:00:00+00:00,1100.0
4029,2013-06-03 14:30:00+00:00,1049.45
4029,2013-06-03 15:00:00+00:00,1050.55
4029,2013-06-03 15:30:00+00:00,996.83
4029,2013-06-03 16:00:00+00:00,843.67
4029,2013-06-03 16:30:00+00:00,603.16
4029,2013-06-03 17:00:00+00:00,743.67
4029,2013-06-03 17:30:00+00:00,300.0
4029,2013-06-03 18:00:00+00:00,496.83
4029,2013-06-03 18:30:00+00:00,296.84
4029,2013-06-03 19:00:00+00:00,50.0
4029,2013-06-03 19:30:00+00:00,46.83
4029,2013-06-03 20:00:00+00:00,0.0
4029,2013-06-03 20:30:00+00:00,0.0
4029,2013-06-03 21:00:00+00:00,0.0
4029,2013-06-03 21:30:00+00:00,0.0
4029,2013-06-03 22:00:00+00:00,0.0
4029,2013-06-03 22:30:00+00:00,0.0
4029,2013-06-03 23:00:00+00:00,0.0
4029,2013-06-03 23:30:00+00:00,0.0
4029,2013-06-04 00:00:00+00:00,0.0
4029,2013-06-04 00:30:00+00:00,0.0
4029,2013-06-04 01:00:00+00:00,0.0
4029,2013-06-04 01:30:00+00:00,0.0
4029,2013-06-04 02:00:00+00:00,0.0
4029,2013-06-04 02:30:00+00:00,0.0
4029,2013-06-04 03:00:00+00:00,0.0
4029,2013-06-04 03:30:00+00:00,0.0
4029,2013-06-04 04:00:00+00:00,0.0
4029,2013-06-04 04:30:00+00:00,0.0
4029,2013-06-04 05:00:00+00:00,3.25
4029,2013-06-04 05:30:00+00:00,50.01
4029,2013-06-04 06:00:00+00:00,50.0
4029,2013-06-04 06:30:00+00:00,96.74
4029,2013-06-04 07:00:00+00:00,53.26
4029,2013-06-04 07:30:00+00:00,100.07
4029,2013-06-04 08:00:00+00:00,153.34
4029,2013-06-04 08:30:00+00:00,199.84
4029,2013-06-04 09:00:00+00:00,306.49
4029,2013-06-04 09:30:00+00:00,550.33
4029,2013-06-04 10:00:00+00:00,653.34
4029,2013-06-04 10:30:00+00:00,853.33
4029,2013-06-04 11:00:00+00:00,900.0
4029,2013-06-04 11:30:00+00:00,953.33
4029,2013-06-04 12:00:00+00:00,1050.0
4029,2013-06-04 12:30:00+00:00,1100.55
4029,2013-06-04 13:00:00+00:00,1099.45
4029,2013-06-04 13:30:00+00:00,1053.38
4029,2013-06-04 14:00:00+00:00,1096.66
4029,2013-06-04 14:30:00+00:00,1050.55
4029,2013-06-04 15:00:00+00:00,1049.41
4029,2013-06-04 15:30:00+00:00,950.59
4029,2013-06-04 16:00:00+00:00,896.58
4029,2013-06-04 16:30:00+00:00,796.55
4029,2013-06-04 17:00:00+00:00,692.97
4029,2013-06-04 17:30:00+00:00,500.23
4029,2013-06-04 18:00:00+00:00,396.58
4029,2013-06-04 18:30:00+00:00,243.17
4029,2013-06-04 19:00:00+00:00,50.0
4029,2013-06-04 19:30:00+00:00,0.0
4029,2013-06-04 20:00:00+00:00,0.0
4029,2013-06-04 20:30:00+00:00,0.0
4029,2013-06-04 21:00:00+00:00,0.0
4029,2013-06-04 21:30:00+00:00,0.0
4029,2013-06-04 22:00:00+00:00,0.0
4029,2013-06-04 22:30:00+00:00,0.0
4029,2013-06-04 23:00:00+00:00,0.0
4029,2013-06-04 23:30:00+00:00,0.0
4029,2013-06-05 00:00:00+00:00,0.0
4029,2013-06-05 00:30:00+00:00,0.0
4029,2013-06-05 01:00:00+00:00,0.0
4029,2013-06-05 01:30:00+00:00,0.0
4029,2013-06-05 02:00:00+00:00,0.0
4029,2013-06-05 02:30:00+00:00,0.0
4029,2013-06-05 03:00:00+00:00,0.0
4029,2013-06-05 03:30:00+00:00,0.0
4029,2013-06-05 04:00:00+00:00,0.0
4029,2013-06-05 04:30:00+00:00,0.0
4029,2013-06-05 05:00:00+00:00,50.0
4029,2013-06-05 05:30:00+00:00,50.0
4029,2013-06-05 06:00:00+00:00,103.58
4029,2013-06-05 06:30:00+00:00,100.0
4029,2013-06-05 07:00:00+00:00,150.0
4029,2013-06-05 07:30:00+00:00,203.57
4029,2013-06-05 08:00:00+00:00,299.86
4029,2013-06-05 08:30:00+00:00,303.74
4029,2013-06-05 09:00:00+00:00,346.42
4029,2013-06-05 09:30:00+00:00,560.75
4029,2013-06-05 10:00:00+00:00,750.0
4029,2013-06-05 10:30:00+00:00,853.54
4029,2013-06-05 11:00:00+00:00,903.62
4029,2013-06-05 11:30:00+00:00,1000.0
4029,2013-06-05 12:00:00+00:00,1003.59
4029,2013-06-05 12:30:00+00:00,1096.41
4029,2013-06-05 13:00:00+00:00,1053.59
4029,2013-06-05 13:30:00+00:00,1096.41
4029,2013-06-05 14:00:00+00:00,1050.0
4029,2013-06-05 14:30:00+00:00,1050.0
4029,2013-06-05 15:00:00+00:00,1000.0
4029,2013-06-05 15:30:00+00:00,946.92
4029,2013-06-05 16:00:00+00:00,896.33
4029,2013-06-05 16:30:00+00:00,749.62
4029,2013-06-05 17:00:00+00:00,646.72
4029,2013-06-05 17:30:00+00:00,546.08
4029,2013-06-05 18:00:00+00:00,396.58
4029,2013-06-05 18:30:00+00:00,242.67
4029,2013-06-05 19:00:00+00:00,0.0
4029,2013-06-05 19:30:00+00:00,50.0
4029,2013-06-05 20:00:00+00:00,0.0
4029,2013-06-05 20:30:00+00:00,0.0
4029,2013-06-05 21:00:00+00:00,0.0
4029,2013-06-05 21:30:00+00:00,0.0
4029,2013-06-05 22:00:00+00:00,0.0
4029,2013-06-05 22:30:00+00:00,0.0
4029,2013-06-05 23:00:00+00:00,0.0
4029,2013-06-05 23:30:00+00:00,0.0
4029,2013-06-06 00:00:00+00:00,0.0
4029,2013-06-06 00:30:00+00:00,0.0
4029,2013-06-06 01:00:00+00:00,0.0
4029,2013-06-06 01:30:00+00:00,0.0
4029,2013-06-06 02:00:00+00:00,0.0
4029,2013-06-06 02:30:00+00:00,0.0
4029,2013-06-06 03:00:00+00:00,0.0
4029,2013-06-06 03:30:00+00:00,0.0
4029,2013-06-06 04:00:00+00:00,0.0
4029,2013-06-06 04:30:00+00:00,0.0
4029,2013-06-06 05:00:00+00:00,3.75
4029,2013-06-06 05:30:00+00:00,50.0
4029,2013-06-06 06:00:00+00:00,100.0
4029,2013-06-06 06:30:00+00:00,200.0
4029,2013-06-06 07:00:00+00:00,200.0
4029,2013-06-06 07:30:00+00:00,203.9
4029,2013-06-06 08:00:00+00:00,303.85
4029,2013-06-06 08:30:00+00:00,396.01
4029,2013-06-06 09:00:00+00:00,453.74
4029,2013-06-06 09:30:00+00:00,603.78
4029,2013-06-06 10:00:00+00:00,707.93
4029,2013-06-06 10:30:00+00:00,850.0
4029,2013-06-06 11:00:00+00:00,903.87
4029,2013-06-06 11:30:00+00:00,995.71
4029,2013-06-06 12:00:00+00:00,1003.75
4029,2013-06-06 12:30:00+00:00,1050.54
4029,2013-06-06 13:00:00+00:00,1050.0
4029,2013-06-06 13:30:00+00:00,1050.0
4029,2013-06-06 14:00:00+00:00,1050.0
4029,2013-06-06 14:30:00+00:00,1046.17
4029,2013-06-06 15:00:00+00:00,1004.0
4029,2013-06-06 15:30:00+00:00,900.0
4029,2013-06-06 16:00:00+00:00,845.5
4029,2013-06-06 16:30:00+00:00,745.5
4029,2013-06-06 17:00:00+00:00,600.0
4029,2013-06-06 17:30:00+00:00,491.0
4029,2013-06-06 18:00:00+00:00,349.85
4029,2013-06-06 18:30:00+00:00,191.15
4029,2013-06-06 19:00:00+00:00,50.0
4029,2013-06-06 19:30:00+00:00,4.5
4029,2013-06-06 20:00:00+00:00,45.5
4029,2013-06-06 20:30:00+00:00,0.0
4029,2013-06-06 21:00:00+00:00,0.0
4029,2013-06-06 21:30:00+00:00,0.0
4029,2013-06-06 22:00:00+00:00,0.0
4029,2013-06-06 22:30:00+00:00,0.0
4029,2013-06-06 23:00:00+00:00,0.0
4029,2013-06-06 23:30:00+00:00,0.0
4029,2013-06-07 00:00:00+00:00,0.0
4029,2013-06-07 00:30:00+00:00,0.0
4029,2013-06-07 01:00:00+00:00,0.0
4029,2013-06-07 01:30:00+00:00,0.0
4029,2013-06-07 02:00:00+00:00,0.0
4029,2013-06-07 02:30:00+00:00,0.0
4029,2013-06-07 03:00:00+00:00,0.0
4029,2013-06-07 03:30:00+00:00,0.0
4029,2013-06-07 04:00:00+00:00,0.0
4029,2013-06-07 04:30:00+00:00,0.0
4029,2013-06-07 05:00:00+00:00,0.0
4029,2013-06-07 05:30:00+00:00,50.0
4029,2013-06-07 06:00:00+00:00,54.92
4029,2013-06-07 06:30:00+00:00,145.08
4029,2013-06-07 07:00:00+00:00,109.67
4029,2013-06-07 07:30:00+00:00,200.11
4029,2013-06-07 08:00:00+00:00,277.42
4029,2013-06-07 08:30:00+00:00,372.62
4029,2013-06-07 09:00:00+00:00,404.93
4029,2013-06-07 09:30:00+00:00,559.83
4029,2013-06-07 10:00:00+00:00,754.47
4029,2013-06-07 10:30:00+00:00,795.53
4029,2013-06-07 11:00:00+00:00,854.92
4029,2013-06-07 11:30:00+00:00,845.08
4029,2013-06-07 12:00:00+00:00,590.67
4029,2013-06-07 12:30:00+00:00,674.75
4029,2013-06-07 13:00:00+00:00,1000.67
4029,2013-06-07 13:30:00+00:00,939.38
4029,2013-06-07 14:00:00+00:00,905.47
4029,2013-06-07 14:30:00+00:00,994.98
4029,2013-06-07 15:00:00+00:00,628.85
4029,2013-06-07 15:30:00+00:00,559.62
4029,2013-06-07 16:00:00+00:00,604.36
4029,2013-06-07 16:30:00+00:00,745.37
4029,2013-06-07 17:00:00+00:00,595.55
4029,2013-06-07 17:30:00+00:00,499.75
4029,2013-06-07 18:00:00+00:00,340.67
4029,2013-06-07 18:30:00+00:00,195.33
4029,2013-06-07 19:00:00+00:00,50.0
4029,2013-06-07 19:30:00+00:00,0.0
4029,2013-06-07 20:00:00+00:00,50.0
4029,2013-06-07 20:30:00+00:00,0.0
4029,2013-06-07 21:00:00+00:00,0.0
4029,2013-06-07 21:30:00+00:00,0.0
4029,2013-06-07 22:00:00+00:00,0.0
4029,2013-06-07 22:30:00+00:00,0.0
4029,2013-06-07 23:00:00+00:00,0.0
4029,2013-06-07 23:30:00+00:00,0.0
4029,2013-06-08 00:00:00+00:00,0.0
4029,2013-06-08 00:30:00+00:00,0.0
4029,2013-06-08 01:00:00+00:00,0.0
4029,2013-06-08 01:30:00+00:00,0.0
4029,2013-06-08 02:00:00+00:00,0.0
4029,2013-06-08 02:30:00+00:00,0.0
4029,2013-06-08 03:00:00+00:00,0.0
4029,2013-06-08 03:30:00+00:00,0.0
4029,2013-06-08 04:00:00+00:00,0.0
4029,2013-06-08 04:30:00+00:00,0.0
4029,2013-06-08 05:00:00+00:00,0.0
4029,2013-06-08 05:30:00+00:00,0.0
4029,2013-06-08 06:00:00+00:00,55.08
4029,2013-06-08 06:30:00+00:00,94.92
4029,2013-06-08 07:00:00+00:00,105.08
4029,2013-06-08 07:30:00+00:00,100.0
4029,2013-06-08 08:00:00+00:00,205.09
4029,2013-06-08 08:30:00+00:00,300.0
4029,2013-06-08 09:00:00+00:00,299.8
4029,2013-06-08 09:30:00+00:00,450.2
4029,2013-06-08 10:00:00+00:00,405.08
4029,2013-06-08 10:30:00+00:00,400.0
4029,2013-06-08 11:00:00+00:00,455.08
4029,2013-06-08 11:30:00+00:00,610.17
4029,2013-06-08 12:00:00+00:00,945.75
4029,2013-06-08 12:30:00+00:00,965.75
4029,2013-06-08 13:00:00+00:00,1100.0
4029,2013-06-08 13:30:00+00:00,1144.75
4029,2013-06-08 14:00:00+00:00,1105.25
4029,2013-06-08 14:30:00+00:00,1094.75
4029,2013-06-08 15:00:00+00:00,1043.25
4029,2013-06-08 15:30:00+00:00,955.0
4029,2013-06-08 16:00:00+00:00,940.0
4029,2013-06-08 16:30:00+00:00,800.0
4029,2013-06-08 17:00:00+00:00,694.7
4029,2013-06-08 17:30:00+00:00,545.3
4029,2013-06-08 18:00:00+00:00,395.0
4029,2013-06-08 18:30:00+00:00,245.0
4029,2013-06-08 19:00:00+00:00,45.0
4029,2013-06-08 19:30:00+00:00,0.0
4029,2013-06-08 20:00:00+00:00,0.0
4029,2013-06-08 20:30:00+00:00,0.0
4029,2013-06-08 21:00:00+00:00,0.0
4029,2013-06-08 21:30:00+00:00,0.0
4029,2013-06-08 22:00:00+00:00,0.0
4029,2013-06-08 22:30:00+00:00,0.0
4029,2013-06-08 23:00:00+00:00,0.0
4029,2013-06-08 23:30:00+00:00,0.0
4029,2013-06-09 00:00:00+00:00,0.0
4029,2013-06-09 00:30:00+00:00,0.0
4029,2013-06-09 01:00:00+00:00,0.0
4029,2013-06-09 01:30:00+00:00,0.0
4029,2013-06-09 02:00:00+00:00,0.0
4029,2013-06-09 02:30:00+00:00,0.0
4029,2013-06-09 03:00:00+00:00,0.0
4029,2013-06-09 03:30:00+00:00,0.0
4029,2013-06-09 04:00:00+00:00,0.0
4029,2013-06-09 04:30:00+00:00,0.0
4029,2013-06-09 05:00:00+00:00,0.0
4029,2013-06-09 05:30:00+00:00,50.0
4029,2013-06-09 06:00:00+00:00,0.0
4029,2013-06-09 06:30:00+00:00,5.34
4029,2013-06-09 07:00:00+00:00,50.07
4029,2013-06-09 07:30:00+00:00,50.01
4029,2013-06-09 08:00:00+00:00,94.58
4029,2013-06-09 08:30:00+00:00,55.33
4029,2013-06-09 09:00:00+00:00,100.09
4029,2013-06-09 09:30:00+00:00,149.99
4029,2013-06-09 10:00:00+00:00,99.98
4029,2013-06-09 10:30:00+00:00,149.95
4029,2013-06-09 11:00:00+00:00,255.49
4029,2013-06-09 11:30:00+00:00,294.59
4029,2013-06-09 12:00:00+00:00,250.09
4029,2013-06-09 12:30:00+00:00,261.24
4029,2013-06-09 13:00:00+00:00,399.97
4029,2013-06-09 13:30:00+00:00,344.43
4029,2013-06-09 14:00:00+00:00,399.85
4029,2013-06-09 14:30:00+00:00,466.55
4029,2013-06-09 15:00:00+00:00,543.15
4029,2013-06-09 15:30:00+00:00,444.8
4029,2013-06-09 16:00:00+00:00,400.0
4029,2013-06-09 16:30:00+00:00,344.83
4029,2013-06-09 17:00:00+00:00,250.15
4029,2013-06-09 17:30:00+00:00,194.69
4029,2013-06-09 18:00:00+00:00,144.83
4029,2013-06-09 18:30:00+00:00,50.0
4029,2013-06-09 19:00:00+00:00,50.0
4029,2013-06-09 19:30:00+00:00,0.0
4029,2013-06-09 20:00:00+00:00,0.0
4029,2013-06-09 20:30:00+00:00,0.0
4029,2013-06-09 21:00:00+00:00,0.0
4029,2013-06-09 21:30:00+00:00,0.0
4029,2013-06-09 22:00:00+00:00,0.0
4029,2013-06-09 22:30:00+00:00,0.0
4029,2013-06-09 23:00:00+00:00,0.0
4029,2013-06-09 23:30:00+00:00,0.0
4029,2013-06-10 00:00:00+00:00,0.0
4029,2013-06-10 00:30:00+00:00,0.0
4029,2013-06-10 01:00:00+00:00,0.0
4029,2013-06-10 01:30:00+00:00,0.0
4029,2013-06-10 02:00:00+00:00,0.0
4029,2013-06-10 02:30:00+00:00,0.0
4029,2013-06-10 03:00:00+00:00,0.0
4029,2013-06-10 03:30:00+00:00,0.0
4029,2013-06-10 04:00:00+00:00,0.0
4029,2013-06-10 04:30:00+00:00,0.0
4029,2013-06-10 05:00:00+00:00,0.0
4029,2013-06-10 05:30:00+00:00,0.0
4029,2013-06-10 06:00:00+00:00,0.0
4029,2013-06-10 06:30:00+00:00,50.0
4029,2013-06-10 07:00:00+00:00,5.58
4029,2013-06-10 07:30:00+00:00,50.0
4029,2013-06-10 08:00:00+00:00,100.0
4029,2013-06-10 08:30:00+00:00,100.0
4029,2013-06-10 09:00:00+00:00,100.0
4029,2013-06-10 09:30:00+00:00,155.59
4029,2013-06-10 10:00:00+00:00,194.41
4029,2013-06-10 10:30:00+00:00,150.0
4029,2013-06-10 11:00:00+00:00,255.59
4029,2013-06-10 11:30:00+00:00,244.29
4029,2013-06-10 12:00:00+00:00,211.79
4029,2013-06-10 12:30:00+00:00,400.0
4029,2013-06-10 13:00:00+00:00,450.0
4029,2013-06-10 13:30:00+00:00,344.25
4029,2013-06-10 14:00:00+00:00,244.25
4029,2013-06-10 14:30:00+00:00,205.75
4029,2013-06-10 15:00:00+00:00,360.46
4029,2013-06-10 15:30:00+00:00,439.04
4029,2013-06-10 16:00:00+00:00,194.43
4029,2013-06-10 16:30:00+00:00,144.57
4029,2013-06-10 17:00:00+00:00,55.49
4029,2013-06-10 17:30:00+00:00,100.01
4029,2013-06-10 18:00:00+00:00,99.99
4029,2013-06-10 18:30:00+00:00,100.01
4029,2013-06-10 19:00:00+00:00,50.0
4029,2013-06-10 19:30:00+00:00,44.5
4029,2013-06-10 20:00:00+00:00,0.0
4029,2013-06-10 20:30:00+00:00,0.0
4029,2013-06-10 21:00:00+00:00,0.0
4029,2013-06-10 21:30:00+00:00,0.0
4029,2013-06-10 22:00:00+00:00,0.0
4029,2013-06-10 22:30:00+00:00,0.0
4029,2013-06-10 23:00:00+00:00,0.0
4029,2013-06-10 23:30:00+00:00,0.0
4029,2013-06-11 00:00:00+00:00,0.0
4029,2013-06-11 00:30:00+00:00,0.0
4029,2013-06-11 01:00:00+00:00,0.0
4029,2013-06-11 01:30:00+00:00,0.0
4029,2013-06-11 02:00:00+00:00,0.0
4029,2013-06-11 02:30:00+00:00,0.0
4029,2013-06-11 03:00:00+00:00,0.0
4029,2013-06-11 03:30:00+00:00,0.0
4029,2013-06-11 04:00:00+00:00,0.0
4029,2013-06-11 04:30:00+00:00,0.0
4029,2013-06-11 05:00:00+00:00,5.83
4029,2013-06-11 05:30:00+00:00,44.17
4029,2013-06-11 06:00:00+00:00,0.0
4029,2013-06-11 06:30:00+00:00,50.0
4029,2013-06-11 07:00:00+00:00,55.91
4029,2013-06-11 07:30:00+00:00,149.92
4029,2013-06-11 08:00:00+00:00,205.84
4029,2013-06-11 08:30:00+00:00,300.0
4029,2013-06-11 09:00:00+00:00,350.0
4029,2013-06-11 09:30:00+00:00,361.66
4029,2013-06-11 10:00:00+00:00,488.34
4029,2013-06-11 10:30:00+00:00,311.7
4029,2013-06-11 11:00:00+00:00,588.3
4029,2013-06-11 11:30:00+00:00,394.16
4029,2013-06-11 12:00:00+00:00,250.17
4029,2013-06-11 12:30:00+00:00,199.97
4029,2013-06-11 13:00:00+00:00,200.03
4029,2013-06-11 13:30:00+00:00,150.0
4029,2013-06-11 14:00:00+00:00,200.0
4029,2013-06-11 14:30:00+00:00,250.01
4029,2013-06-11 15:00:00+00:00,199.66
4029,2013-06-11 15:30:00+00:00,150.0
4029,2013-06-11 16:00:00+00:00,100.0
4029,2013-06-11 16:30:00+00:00,100.0
4029,2013-06-11 17:00:00+00:00,144.33
4029,2013-06-11 17:30:00+00:00,105.67
4029,2013-06-11 18:00:00+00:00,94.33
4029,2013-06-11 18:30:00+00:00,50.0
4029,2013-06-11 19:00:00+00:00,50.0
4029,2013-06-11 19:30:00+00:00,50.0
4029,2013-06-11 20:00:00+00:00,0.0
4029,2013-06-11 20:30:00+00:00,0.0
4029,2013-06-11 21:00:00+00:00,0.0
4029,2013-06-11 21:30:00+00:00,0.0
4029,2013-06-11 22:00:00+00:00,0.0
4029,2013-06-11 22:30:00+00:00,0.0
4029,2013-06-11 23:00:00+00:00,0.0
4029,2013-06-11 23:30:00+00:00,0.0
4029,2013-06-12 00:00:00+00:00,0.0
4029,2013-06-12 00:30:00+00:00,0.0
4029,2013-06-12 01:00:00+00:00,0.0
4029,2013-06-12 01:30:00+00:00,0.0
4029,2013-06-12 02:00:00+00:00,0.0
4029,2013-06-12 02:30:00+00:00,0.0
4029,2013-06-12 03:00:00+00:00,0.0
4029,2013-06-12 03:30:00+00:00,0.0
4029,2013-06-12 04:00:00+00:00,0.0
4029,2013-06-12 04:30:00+00:00,0.0
4029,2013-06-12 05:00:00+00:00,0.0
4029,2013-06-12 05:30:00+00:00,0.0
4029,2013-06-12 06:00:00+00:00,0.0
4029,2013-06-12 06:30:00+00:00,56.07
4029,2013-06-12 07:00:00+00:00,93.93
4029,2013-06-12 07:30:00+00:00,56.0
4029,2013-06-12 08:00:00+00:00,150.0
4029,2013-06-12 08:30:00+00:00,156.02
4029,2013-06-12 09:00:00+00:00,200.15
4029,2013-06-12 09:30:00+00:00,200.0
4029,2013-06-12 10:00:00+00:00,250.0
4029,2013-06-12 10:30:00+00:00,255.83
4029,2013-06-12 11:00:00+00:00,444.17
4029,2013-06-12 11:30:00+00:00,343.91
4029,2013-06-12 12:00:00+00:00,150.17
4029,2013-06-12 12:30:00+00:00,162.47
4029,2013-06-12 13:00:00+00:00,337.53
4029,2013-06-12 13:30:00+00:00,149.92
4029,2013-06-12 14:00:00+00:00,99.95
4029,2013-06-12 14:30:00+00:00,200.12
4029,2013-06-12 15:00:00+00:00,149.75
4029,2013-06-12 15:30:00+00:00,100.01
4029,2013-06-12 16:00:00+00:00,49.92
4029,2013-06-12 16:30:00+00:00,100.07
4029,2013-06-12 17:00:00+00:00,100.01
4029,2013-06-12 17:30:00+00:00,150.0
4029,2013-06-12 18:00:00+00:00,49.99
4029,2013-06-12 18:30:00+00:00,44.01
4029,2013-06-12 19:00:00+00:00,0.0
4029,2013-06-12 19:30:00+00:00,0.0
4029,2013-06-12 20:00:00+00:00,0.0
4029,2013-06-12 20:30:00+00:00,0.0
4029,2013-06-12 21:00:00+00:00,0.0
4029,2013-06-12 21:30:00+00:00,0.0
4029,2013-06-12 22:00:00+00:00,0.0
4029,2013-06-12 22:30:00+00:00,0.0
4029,2013-06-12 23:00:00+00:00,0.0
4029,2013-06-12 23:30:00+00:00,0.0
4029,2013-06-13 00:00:00+00:00,0.0
4029,2013-06-13 00:30:00+00:00,0.0
4029,2013-06-13 01:00:00+00:00,0.0
4029,2013-06-13 01:30:00+00:00,0.0
4029,2013-06-13 02:00:00+00:00,0.0
4029,2013-06-13 02:30:00+00:00,0.0
4029,2013-06-13 03:00:00+00:00,0.0
4029,2013-06-13 03:30:00+00:00,0.0
4029,2013-06-13 04:00:00+00:00,0.0
4029,2013-06-13 04:30:00+00:00,0.0
4029,2013-06-13 05:00:00+00:00,0.0
4029,2013-06-13 05:30:00+00:00,6.33
4029,2013-06-13 06:00:00+00:00,50.0
4029,2013-06-13 06:30:00+00:00,43.67
4029,2013-06-13 07:00:00+00:00,50.0
4029,2013-06-13 07:30:00+00:00,50.0
4029,2013-06-13 08:00:00+00:00,56.33
4029,2013-06-13 08:30:00+00:00,100.0
4029,2013-06-13 09:00:00+00:00,100.05
4029,2013-06-13 09:30:00+00:00,99.71
4029,2013-06-13 10:00:00+00:00,143.91
4029,2013-06-13 10:30:00+00:00,106.17
4029,2013-06-13 11:00:00+00:00,143.83
4029,2013-06-13 11:30:00+00:00,106.16
4029,2013-06-13 12:00:00+00:00,106.17
4029,2013-06-13 12:30:00+00:00,250.0
4029,2013-06-13 13:00:00+00:00,568.45
4029,2013-06-13 13:30:00+00:00,537.5
4029,2013-06-13 14:00:00+00:00,644.05
4029,2013-06-13 14:30:00+00:00,412.0
4029,2013-06-13 15:00:00+00:00,812.49
4029,2013-06-13 15:30:00+00:00,619.34
4029,2013-06-13 16:00:00+00:00,249.95
4029,2013-06-13 16:30:00+00:00,200.22
4029,2013-06-13 17:00:00+00:00,150.0
4029,2013-06-13 17:30:00+00:00,243.67
4029,2013-06-13 18:00:00+00:00,250.0
4029,2013-06-13 18:30:00+00:00,100.0
4029,2013-06-13 19:00:00+00:00,50.0
4029,2013-06-13 19:30:00+00:00,0.0
4029,2013-06-13 20:00:00+00:00,50.0
4029,2013-06-13 20:30:00+00:00,0.0
4029,2013-06-13 21:00:00+00:00,0.0
4029,2013-06-13 21:30:00+00:00,0.0
4029,2013-06-13 22:00:00+00:00,0.0
4029,2013-06-13 22:30:00+00:00,0.0
4029,2013-06-13 23:00:00+00:00,0.0
4029,2013-06-13 23:30:00+00:00,0.0
4029,2013-06-14 00:00:00+00:00,0.0
4029,2013-06-14 00:30:00+00:00,0.0
4029,2013-06-14 01:00:00+00:00,0.0
4029,2013-06-14 01:30:00+00:00,0.0
4029,2013-06-14 02:00:00+00:00,0.0
4029,2013-06-14 02:30:00+00:00,0.0
4029,2013-06-14 03:00:00+00:00,0.0
4029,2013-06-14 03:30:00+00:00,0.0
4029,2013-06-14 04:00:00+00:00,0.0
4029,2013-06-14 04:30:00+00:00,0.0
4029,2013-06-14 05:00:00+00:00,50.0
4029,2013-06-14 05:30:00+00:00,56.5
4029,2013-06-14 06:00:00+00:00,100.02
4029,2013-06-14 06:30:00+00:00,150.15
4029,2013-06-14 07:00:00+00:00,156.66
4029,2013-06-14 07:30:00+00:00,250.15
4029,2013-06-14 08:00:00+00:00,299.42
4029,2013-06-14 08:30:00+00:00,300.43
4029,2013-06-14 09:00:00+00:00,193.3
4029,2013-06-14 09:30:00+00:00,206.2
4029,2013-06-14 10:00:00+00:00,243.59
4029,2013-06-14 10:30:00+00:00,362.83
4029,2013-06-14 11:00:00+00:00,506.42
4029,2013-06-14 11:30:00+00:00,656.41
4029,2013-06-14 12:00:00+00:00,750.0
4029,2013-06-14 12:30:00+00:00,743.59
4029,2013-06-14 13:00:00+00:00,819.25
4029,2013-06-14 13:30:00+00:00,1006.41
4029,2013-06-14 14:00:00+00:00,1130.75
4029,2013-06-14 14:30:00+00:00,1012.84
4029,2013-06-14 15:00:00+00:00,1093.58
4029,2013-06-14 15:30:00+00:00,956.42
4029,2013-06-14 16:00:00+00:00,943.71
4029,2013-06-14 16:30:00+00:00,793.69
4029,2013-06-14 17:00:00+00:00,694.35
4029,2013-06-14 17:30:00+00:00,593.33
4029,2013-06-14 18:00:00+00:00,393.19
4029,2013-06-14 18:30:00+00:00,186.81
4029,2013-06-14 19:00:00+00:00,50.0
4029,2013-06-14 19:30:00+00:00,6.67
4029,2013-06-14 20:00:00+00:00,43.33
4029,2013-06-14 20:30:00+00:00,0.0
4029,2013-06-14 21:00:00+00:00,0.0
4029,2013-06-14 21:30:00+00:00,0.0
4029,2013-06-14 22:00:00+00:00,0.0
4029,2013-06-14 22:30:00+00:00,0.0
4029,2013-06-14 23:00:00+00:00,0.0
4029,2013-06-14 23:30:00+00:00,0.0
4029,2013-06-15 00:00:00+00:00,0.0
4029,2013-06-15 00:30:00+00:00,0.0
4029,2013-06-15 01:00:00+00:00,0.0
4029,2013-06-15 01:30:00+00:00,0.0
4029,2013-06-15 02:00:00+00:00,0.0
4029,2013-06-15 02:30:00+00:00,0.0
4029,2013-06-15 03:00:00+00:00,0.0
4029,2013-06-15 03:30:00+00:00,0.0
4029,2013-06-15 04:00:00+00:00,0.0
4029,2013-06-15 04:30:00+00:00,0.0
4029,2013-06-15 05:00:00+00:00,0.0
4029,2013-06-15 05:30:00+00:00,50.0
4029,2013-06-15 06:00:00+00:00,50.0
4029,2013-06-15 06:30:00+00:00,57.0
4029,2013-06-15 07:00:00+00:00,100.0
4029,2013-06-15 07:30:00+00:00,157.0
4029,2013-06-15 08:00:00+00:00,193.0
4029,2013-06-15 08:30:00+00:00,257.0
4029,2013-06-15 09:00:00+00:00,406.83
4029,2013-06-15 09:30:00+00:00,555.5
4029,2013-06-15 10:00:00+00:00,756.59
4029,2013-06-15 10:30:00+00:00,800.05
4029,2013-06-15 11:00:00+00:00,643.7
4029,2013-06-15 11:30:00+00:00,649.71
4029,2013-06-15 12:00:00+00:00,636.95
4029,2013-06-15 12:30:00+00:00,413.29
4029,2013-06-15 13:00:00+00:00,493.38
4029,2013-06-15 13:30:00+00:00,336.66
4029,2013-06-15 14:00:00+00:00,306.65
4029,2013-06-15 14:30:00+00:00,549.88
4029,2013-06-15 15:00:00+00:00,569.78
4029,2013-06-15 15:30:00+00:00,700.31
4029,2013-06-15 16:00:00+00:00,806.42
4029,2013-06-15 16:30:00+00:00,737.63
4029,2013-06-15 17:00:00+00:00,650.0
4029,2013-06-15 17:30:00+00:00,543.07
4029,2013-06-15 18:00:00+00:00,393.27
4029,2013-06-15 18:30:00+00:00,243.16
4029,2013-06-15 19:00:00+00:00,93.17
4029,2013-06-15 19:30:00+00:00,0.0
4029,2013-06-15 20:00:00+00:00,50.0
4029,2013-06-15 20:30:00+00:00,0.0
4029,2013-06-15 21:00:00+00:00,0.0
4029,2013-06-15 21:30:00+00:00,0.0
4029,2013-06-15 22:00:00+00:00,0.0
4029,2013-06-15 22:30:00+00:00,0.0
4029,2013-06-15 23:00:00+00:00,0.0
4029,2013-06-15 23:30:00+00:00,0.0
4029,2013-06-16 00:00:00+00:00,0.0
4029,2013-06-16 00:30:00+00:00,0.0
4029,2013-06-16 01:00:00+00:00,0.0
4029,2013-06-16 01:30:00+00:00,0.0
4029,2013-06-16 02:00:00+00:00,0.0
4029,2013-06-16 02:30:00+00:00,0.0
4029,2013-06-16 03:00:00+00:00,0.0
4029,2013-06-16 03:30:00+00:00,0.0
4029,2013-06-16 04:00:00+00:00,0.0
4029,2013-06-16 04:30:00+00:00,0.0
4029,2013-06-16 05:00:00+00:00,0.0
4029,2013-06-16 05:30:00+00:00,57.0
4029,2013-06-16 06:00:00+00:00,100.02
4029,2013-06-16 06:30:00+00:00,150.15
4029,2013-06-16 07:00:00+00:00,200.0
4029,2013-06-16 07:30:00+00:00,207.16
4029,2013-06-16 08:00:00+00:00,300.15
4029,2013-06-16 08:30:00+00:00,307.02
4029,2013-06-16 09:00:00+00:00,399.86
4029,2013-06-16 09:30:00+00:00,449.39
4029,2013-06-16 10:00:00+00:00,449.78
4029,2013-06-16 10:30:00+00:00,543.3
4029,2013-06-16 11:00:00+00:00,300.0
4029,2013-06-16 11:30:00+00:00,306.92
4029,2013-06-16 12:00:00+00:00,500.0
4029,2013-06-16 12:30:00+00:00,406.92
4029,2013-06-16 13:00:00+00:00,756.91
4029,2013-06-16 13:30:00+00:00,636.17
4029,2013-06-16 14:00:00+00:00,649.97
4029,2013-06-16 14:30:00+00:00,393.11
4029,2013-06-16 15:00:00+00:00,727.67
4029,2013-06-16 15:30:00+00:00,806.92
4029,2013-06-16 16:00:00+00:00,822.4
4029,2013-06-16 16:30:00+00:00,414.6
4029,2013-06-16 17:00:00+00:00,628.75
4029,2013-06-16 17:30:00+00:00,450.14
4029,2013-06-16 18:00:00+00:00,349.86
4029,2013-06-16 18:30:00+00:00,235.83
4029,2013-06-16 19:00:00+00:00,56.94
4029,2013-06-16 19:30:00+00:00,43.06
4029,2013-06-16 20:00:00+00:00,0.0
4029,2013-06-16 20:30:00+00:00,0.0
4029,2013-06-16 21:00:00+00:00,0.0
4029,2013-06-16 21:30:00+00:00,0.0
4029,2013-06-16 22:00:00+00:00,0.0
4029,2013-06-16 22:30:00+00:00,0.0
4029,2013-06-16 23:00:00+00:00,0.0
4029,2013-06-16 23:30:00+00:00,0.0
4029,2013-06-17 00:00:00+00:00,0.0
4029,2013-06-17 00:30:00+00:00,0.0
4029,2013-06-17 01:00:00+00:00,0.0
4029,2013-06-17 01:30:00+00:00,0.0
4029,2013-06-17 02:00:00+00:00,0.0
4029,2013-06-17 02:30:00+00:00,0.0
4029,2013-06-17 03:00:00+00:00,0.0
4029,2013-06-17 03:30:00+00:00,0.0
4029,2013-06-17 04:00:00+00:00,0.0
4029,2013-06-17 04:30:00+00:00,0.0
4029,2013-06-17 05:00:00+00:00,0.0
4029,2013-06-17 05:30:00+00:00,50.0
4029,2013-06-17 06:00:00+00:00,107.29
4029,2013-06-17 06:30:00+00:00,100.21
4029,2013-06-17 07:00:00+00:00,149.93
4029,2013-06-17 07:30:00+00:00,150.0
4029,2013-06-17 08:00:00+00:00,207.55
4029,2013-06-17 08:30:00+00:00,292.51
4029,2013-06-17 09:00:00+00:00,257.41
4029,2013-06-17 09:30:00+00:00,249.43
4029,2013-06-17 10:00:00+00:00,250.0
4029,2013-06-17 10:30:00+00:00,350.03
4029,2013-06-17 11:00:00+00:00,349.97
4029,2013-06-17 11:30:00+00:00,464.67
4029,2013-06-17 12:00:00+00:00,592.5
4029,2013-06-17 12:30:00+00:00,407.45
4029,2013-06-17 13:00:00+00:00,556.88
4029,2013-06-17 13:30:00+00:00,685.67
4029,2013-06-17 14:00:00+00:00,500.0
4029,2013-06-17 14:30:00+00:00,621.5
4029,2013-06-17 15:00:00+00:00,742.83
4029,2013-06-17 15:30:00+00:00,807.67
4029,2013-06-17 16:00:00+00:00,792.51
4029,2013-06-17 16:30:00+00:00,735.99
4029,2013-06-17 17:00:00+00:00,492.81
4029,2013-06-17 17:30:00+00:00,242.61
4029,2013-06-17 18:00:00+00:00,192.58
4029,2013-06-17 18:30:00+00:00,57.4
4029,2013-06-17 19:00:00+00:00,42.6
4029,2013-06-17 19:30:00+00:00,50.0
4029,2013-06-17 20:00:00+00:00,0.0
4029,2013-06-17 20:30:00+00:00,0.0
4029,2013-06-17 21:00:00+00:00,0.0
4029,2013-06-17 21:30:00+00:00,0.0
4029,2013-06-17 22:00:00+00:00,0.0
4029,2013-06-17 22:30:00+00:00,0.0
4029,2013-06-17 23:00:00+00:00,0.0
4029,2013-06-17 23:30:00+00:00,0.0
4029,2013-06-18 00:00:00+00:00,0.0
4029,2013-06-18 00:30:00+00:00,0.0
4029,2013-06-18 01:00:00+00:00,0.0
4029,2013-06-18 01:30:00+00:00,0.0
4029,2013-06-18 02:00:00+00:00,0.0
4029,2013-06-18 02:30:00+00:00,0.0
4029,2013-06-18 03:00:00+00:00,0.0
4029,2013-06-18 03:30:00+00:00,0.0
4029,2013-06-18 04:00:00+00:00,0.0
4029,2013-06-18 04:30:00+00:00,0.0
4029,2013-06-18 05:00:00+00:00,7.58
4029,2013-06-18 05:30:00+00:00,49.99
4029,2013-06-18 06:00:00+00:00,99.97
4029,2013-06-18 06:30:00+00:00,150.21
4029,2013-06-18 07:00:00+00:00,100.0
4029,2013-06-18 07:30:00+00:00,207.75
4029,2013-06-18 08:00:00+00:00,192.25
4029,2013-06-18 08:30:00+00:00,257.75
4029,2013-06-18 09:00:00+00:00,349.87
4029,2013-06-18 09:30:00+00:00,514.01
4029,2013-06-18 10:00:00+00:00,485.45
4029,2013-06-18 10:30:00+00:00,300.0
4029,2013-06-18 11:00:00+00:00,300.0
4029,2013-06-18 11:30:00+00:00,200.0
4029,2013-06-18 12:00:00+00:00,192.59
4029,2013-06-18 12:30:00+00:00,199.91
4029,2013-06-18 13:00:00+00:00,99.87
4029,2013-06-18 13:30:00+00:00,150.13
4029,2013-06-18 14:00:00+00:00,157.36
4029,2013-06-18 14:30:00+00:00,407.31
4029,2013-06-18 15:00:00+00:00,392.69
4029,2013-06-18 15:30:00+00:00,200.12
4029,2013-06-18 16:00:00+00:00,242.63
4029,2013-06-18 16:30:00+00:00,207.73
4029,2013-06-18 17:00:00+00:00,300.0
4029,2013-06-18 17:30:00+00:00,300.0
4029,2013-06-18 18:00:00+00:00,192.41
4029,2013-06-18 18:30:00+00:00,200.0
4029,2013-06-18 19:00:00+00:00,100.0
4029,2013-06-18 19:30:00+00:00,42.42
4029,2013-06-18 20:00:00+00:00,0.0
4029,2013-06-18 20:30:00+00:00,0.0
4029,2013-06-18 21:00:00+00:00,0.0
4029,2013-06-18 21:30:00+00:00,0.0
4029,2013-06-18 22:00:00+00:00,0.0
4029,2013-06-18 22:30:00+00:00,0.0
4029,2013-06-18 23:00:00+00:00,0.0
4029,2013-06-18 23:30:00+00:00,0.0
4029,2013-06-19 00:00:00+00:00,0.0
4029,2013-06-19 00:30:00+00:00,0.0
4029,2013-06-19 01:00:00+00:00,0.0
4029,2013-06-19 01:30:00+00:00,0.0
4029,2013-06-19 02:00:00+00:00,0.0
4029,2013-06-19 02:30:00+00:00,0.0
4029,2013-06-19 03:00:00+00:00,0.0
4029,2013-06-19 03:30:00+00:00,0.0
4029,2013-06-19 04:00:00+00:00,0.0
4029,2013-06-19 04:30:00+00:00,0.0
4029,2013-06-19 05:00:00+00:00,0.0
4029,2013-06-19 05:30:00+00:00,50.0
4029,2013-06-19 06:00:00+00:00,7.85
4029,2013-06-19 06:30:00+00:00,100.07
4029,2013-06-19 07:00:00+00:00,150.0
4029,2013-06-19 07:30:00+00:00,150.0
4029,2013-06-19 08:00:00+00:00,200.01
4029,2013-06-19 08:30:00+00:00,150.06
4029,2013-06-19 09:00:00+00:00,249.96
4029,2013-06-19 09:30:00+00:00,249.72
4029,2013-06-19 10:00:00+00:00,257.66
4029,2013-06-19 10:30:00+00:00,423.0
4029,2013-06-19 11:00:00+00:00,750.0
4029,2013-06-19 11:30:00+00:00,857.67
4029,2013-06-19 12:00:00+00:00,950.0
4029,2013-06-19 12:30:00+00:00,950.0
4029,2013-06-19 13:00:00+00:00,1000.0
4029,2013-06-19 13:30:00+00:00,957.67
4029,2013-06-19 14:00:00+00:00,927.0
4029,2013-06-19 14:30:00+00:00,377.0
4029,2013-06-19 15:00:00+00:00,365.33
4029,2013-06-19 15:30:00+00:00,515.33
4029,2013-06-19 16:00:00+00:00,750.13
4029,2013-06-19 16:30:00+00:00,619.46
4029,2013-06-19 17:00:00+00:00,249.93
4029,2013-06-19 17:30:00+00:00,200.07
4029,2013-06-19 18:00:00+00:00,142.08
4029,2013-06-19 18:30:00+00:00,107.9
4029,2013-06-19 19:00:00+00:00,100.02
4029,2013-06-19 19:30:00+00:00,92.08
4029,2013-06-19 20:00:00+00:00,0.0
4029,2013-06-19 20:30:00+00:00,0.0
4029,2013-06-19 21:00:00+00:00,0.0
4029,2013-06-19 21:30:00+00:00,0.0
4029,2013-06-19 22:00:00+00:00,0.0
4029,2013-06-19 22:30:00+00:00,0.0
4029,2013-06-19 23:00:00+00:00,0.0
4029,2013-06-19 23:30:00+00:00,0.0
4029,2013-06-20 00:00:00+00:00,0.0
4029,2013-06-20 00:30:00+00:00,0.0
4029,2013-06-20 01:00:00+00:00,0.0
4029,2013-06-20 01:30:00+00:00,0.0
4029,2013-06-20 02:00:00+00:00,0.0
4029,2013-06-20 02:30:00+00:00,0.0
4029,2013-06-20 03:00:00+00:00,0.0
4029,2013-06-20 03:30:00+00:00,0.0
4029,2013-06-20 04:00:00+00:00,0.0
4029,2013-06-20 04:30:00+00:00,0.0
4029,2013-06-20 05:00:00+00:00,0.0
4029,2013-06-20 05:30:00+00:00,8.08
4029,2013-06-20 06:00:00+00:00,99.96
4029,2013-06-20 06:30:00+00:00,100.21
4029,2013-06-20 07:00:00+00:00,199.93
4029,2013-06-20 07:30:00+00:00,200.07
4029,2013-06-20 08:00:00+00:00,166.5
4029,2013-06-20 08:30:00+00:00,391.75
4029,2013-06-20 09:00:00+00:00,199.89
4029,2013-06-20 09:30:00+00:00,191.44
4029,2013-06-20 10:00:00+00:00,158.0
4029,2013-06-20 10:30:00+00:00,142.09
4029,2013-06-20 11:00:00+00:00,150.0
4029,2013-06-20 11:30:00+00:00,99.93
4029,2013-06-20 12:00:00+00:00,142.15
4029,2013-06-20 12:30:00+00:00,107.92
4029,2013-06-20 13:00:00+00:00,199.91
4029,2013-06-20 13:30:00+00:00,307.98
4029,2013-06-20 14:00:00+00:00,300.02
4029,2013-06-20 14:30:00+00:00,192.02
4029,2013-06-20 15:00:00+00:00,157.98
4029,2013-06-20 15:30:00+00:00,141.88
4029,2013-06-20 16:00:00+00:00,150.23
4029,2013-06-20 16:30:00+00:00,316.31
4029,2013-06-20 17:00:00+00:00,225.75
4029,2013-06-20 17:30:00+00:00,116.17
4029,2013-06-20 18:00:00+00:00,200.0
4029,2013-06-20 18:30:00+00:00,233.83
4029,2013-06-20 19:00:00+00:00,50.0
4029,2013-06-20 19:30:00+00:00,0.0
4029,2013-06-20 20:00:00+00:00,0.0
4029,2013-06-20 20:30:00+00:00,0.0
4029,2013-06-20 21:00:00+00:00,0.0
4029,2013-06-20 21:30:00+00:00,0.0
4029,2013-06-20 22:00:00+00:00,0.0
4029,2013-06-20 22:30:00+00:00,0.0
4029,2013-06-20 23:00:00+00:00,0.0
4029,2013-06-20 23:30:00+00:00,0.0
4029,2013-06-21 00:00:00+00:00,0.0
4029,2013-06-21 00:30:00+00:00,0.0
4029,2013-06-21 01:00:00+00:00,0.0
4029,2013-06-21 01:30:00+00:00,0.0
4029,2013-06-21 02:00:00+00:00,0.0
4029,2013-06-21 02:30:00+00:00,0.0
4029,2013-06-21 03:00:00+00:00,0.0
4029,2013-06-21 03:30:00+00:00,0.0
4029,2013-06-21 04:00:00+00:00,0.0
4029,2013-06-21 04:30:00+00:00,0.0
4029,2013-06-21 05:00:00+00:00,0.0
4029,2013-06-21 05:30:00+00:00,50.0
4029,2013-06-21 06:00:00+00:00,50.0
4029,2013-06-21 06:30:00+00:00,58.07
4029,2013-06-21 07:00:00+00:00,91.93
4029,2013-06-21 07:30:00+00:00,50.0
4029,2013-06-21 08:00:00+00:00,100.0
4029,2013-06-21 08:30:00+00:00,112.13
4029,2013-06-21 09:00:00+00:00,262.12
4029,2013-06-21 09:30:00+00:00,250.0
4029,2013-06-21 10:00:00+00:00,492.25
4029,2013-06-21 10:30:00+00:00,191.75
4029,2013-06-21 11:00:00+00:00,150.01
4029,2013-06-21 11:30:00+00:00,200.06
4029,2013-06-21 12:00:00+00:00,149.93
4029,2013-06-21 12:30:00+00:00,158.25
4029,2013-06-21 13:00:00+00:00,458.25
4029,2013-06-21 13:30:00+00:00,450.0
4029,2013-06-21 14:00:00+00:00,466.85
4029,2013-06-21 14:30:00+00:00,524.9
4029,2013-06-21 15:00:00+00:00,491.74
4029,2013-06-21 15:30:00+00:00,941.26
4029,2013-06-21 16:00:00+00:00,741.75
4029,2013-06-21 16:30:00+00:00,750.0
4029,2013-06-21 17:00:00+00:00,631.67
4029,2013-06-21 17:30:00+00:00,344.05
4029,2013-06-21 18:00:00+00:00,141.45
4029,2013-06-21 18:30:00+00:00,200.0
4029,2013-06-21 19:00:00+00:00,50.0
4029,2013-06-21 19:30:00+00:00,41.58
4029,2013-06-21 20:00:00+00:00,0.0
4029,2013-06-21 20:30:00+00:00,0.0
4029,2013-06-21 21:00:00+00:00,0.0
4029,2013-06-21 21:30:00+00:00,0.0
4029,2013-06-21 22:00:00+00:00,0.0
4029,2013-06-21 22:30:00+00:00,0.0
4029,2013-06-21 23:00:00+00:00,0.0
4029,2013-06-21 23:30:00+00:00,0.0
4029,2013-06-22 00:00:00+00:00,0.0
4029,2013-06-22 00:30:00+00:00,0.0
4029,2013-06-22 01:00:00+00:00,0.0
4029,2013-06-22 01:30:00+00:00,0.0
4029,2013-06-22 02:00:00+00:00,0.0
4029,2013-06-22 02:30:00+00:00,0.0
4029,2013-06-22 03:00:00+00:00,0.0
4029,2013-06-22 03:30:00+00:00,0.0
4029,2013-06-22 04:00:00+00:00,0.0
4029,2013-06-22 04:30:00+00:00,0.0
4029,2013-06-22 05:00:00+00:00,8.33
4029,2013-06-22 05:30:00+00:00,41.67
4029,2013-06-22 06:00:00+00:00,8.42
4029,2013-06-22 06:30:00+00:00,99.91
4029,2013-06-22 07:00:00+00:00,91.67
4029,2013-06-22 07:30:00+00:00,100.0
4029,2013-06-22 08:00:00+00:00,108.42
4029,2013-06-22 08:30:00+00:00,158.25
4029,2013-06-22 09:00:00+00:00,200.0
4029,2013-06-22 09:30:00+00:00,500.0
4029,2013-06-22 10:00:00+00:00,341.91
4029,2013-06-22 10:30:00+00:00,350.0
4029,2013-06-22 11:00:00+00:00,467.17
4029,2013-06-22 11:30:00+00:00,658.58
4029,2013-06-22 12:00:00+00:00,382.81
4029,2013-06-22 12:30:00+00:00,501.53
4029,2013-06-22 13:00:00+00:00,915.39
4029,2013-06-22 13:30:00+00:00,558.86
4029,2013-06-22 14:00:00+00:00,724.25
4029,2013-06-22 14:30:00+00:00,458.58
4029,2013-06-22 15:00:00+00:00,232.82
4029,2013-06-22 15:30:00+00:00,100.01
4029,2013-06-22 16:00:00+00:00,141.42
4029,2013-06-22 16:30:00+00:00,100.0
4029,2013-06-22 17:00:00+00:00,100.0
4029,2013-06-22 17:30:00+00:00,50.0
4029,2013-06-22 18:00:00+00:00,50.0
4029,2013-06-22 18:30:00+00:00,8.75
4029,2013-06-22 19:00:00+00:00,41.25
4029,2013-06-22 19:30:00+00:00,0.0
4029,2013-06-22 20:00:00+00:00,0.0
4029,2013-06-22 20:30:00+00:00,0.0
4029,2013-06-22 21:00:00+00:00,0.0
4029,2013-06-22 21:30:00+00:00,0.0
4029,2013-06-22 22:00:00+00:00,0.0
4029,2013-06-22 22:30:00+00:00,0.0
4029,2013-06-22 23:00:00+00:00,0.0
4029,2013-06-22 23:30:00+00:00,0.0
4029,2013-06-23 00:00:00+00:00,0.0
4029,2013-06-23 00:30:00+00:00,0.0
4029,2013-06-23 01:00:00+00:00,0.0
4029,2013-06-23 01:30:00+00:00,0.0
4029,2013-06-23 02:00:00+00:00,0.0
4029,2013-06-23 02:30:00+00:00,0.0
4029,2013-06-23 03:00:00+00:00,0.0
4029,2013-06-23 03:30:00+00:00,0.0
4029,2013-06-23 04:00:00+00:00,0.0
4029,2013-06-23 04:30:00+00:00,0.0
4029,2013-06-23 05:00:00+00:00,50.0
4029,2013-06-23 05:30:00+00:00,8.58
4029,2013-06-23 06:00:00+00:00,91.42
4029,2013-06-23 06:30:00+00:00,100.0
4029,2013-06-23 07:00:00+00:00,108.57
4029,2013-06-23 07:30:00+00:00,150.0
4029,2013-06-23 08:00:00+00:00,241.43
4029,2013-06-23 08:30:00+00:00,175.75
4029,2013-06-23 09:00:00+00:00,341.39
4029,2013-06-23 09:30:00+00:00,358.4
4029,2013-06-23 10:00:00+00:00,459.46
4029,2013-06-23 10:30:00+00:00,450.0
4029,2013-06-23 11:00:00+00:00,482.5
4029,2013-06-23 11:30:00+00:00,517.5
4029,2013-06-23 12:00:00+00:00,708.75
4029,2013-06-23 12:30:00+00:00,582.5
4029,2013-06-23 13:00:00+00:00,382.5
4029,2013-06-23 13:30:00+00:00,317.5
4029,2013-06-23 14:00:00+00:00,232.5
4029,2013-06-23 14:30:00+00:00,217.5
4029,2013-06-23 15:00:00+00:00,332.5
4029,2013-06-23 15:30:00+00:00,250.0
4029,2013-06-23 16:00:00+00:00,150.0
4029,2013-06-23 16:30:00+00:00,150.0
4029,2013-06-23 17:00:00+00:00,141.25
4029,2013-06-23 17:30:00+00:00,150.0
4029,2013-06-23 18:00:00+00:00,200.0
4029,2013-06-23 18:30:00+00:00,58.92
4029,2013-06-23 19:00:00+00:00,91.08
4029,2013-06-23 19:30:00+00:00,0.0
4029,2013-06-23 20:00:00+00:00,0.0
4029,2013-06-23 20:30:00+00:00,0.0
4029,2013-06-23 21:00:00+00:00,0.0
4029,2013-06-23 21:30:00+00:00,0.0
4029,2013-06-23 22:00:00+00:00,0.0
4029,2013-06-23 22:30:00+00:00,0.0
4029,2013-06-23 23:00:00+00:00,0.0
4029,2013-06-23 23:30:00+00:00,0.0
4029,2013-06-24 00:00:00+00:00,0.0
4029,2013-06-24 00:30:00+00:00,0.0
4029,2013-06-24 01:00:00+00:00,0.0
4029,2013-06-24 01:30:00+00:00,0.0
4029,2013-06-24 02:00:00+00:00,0.0
4029,2013-06-24 02:30:00+00:00,0.0
4029,2013-06-24 03:00:00+00:00,0.0
4029,2013-06-24 03:30:00+00:00,0.0
4029,2013-06-24 04:00:00+00:00,0.0
4029,2013-06-24 04:30:00+00:00,0.0
4029,2013-06-24 05:00:00+00:00,50.0
4029,2013-06-24 05:30:00+00:00,0.0
4029,2013-06-24 06:00:00+00:00,50.0
4029,2013-06-24 06:30:00+00:00,58.83
4029,2013-06-24 07:00:00+00:00,91.17
4029,2013-06-24 07:30:00+00:00,108.83
4029,2013-06-24 08:00:00+00:00,150.0
4029,2013-06-24 08:30:00+00:00,158.84
4029,2013-06-24 09:00:00+00:00,241.16
4029,2013-06-24 09:30:00+00:00,208.84
4029,2013-06-24 10:00:00+00:00,250.5
4029,2013-06-24 10:30:00+00:00,249.86
4029,2013-06-24 11:00:00+00:00,300.14
4029,2013-06-24 11:30:00+00:00,290.91
4029,2013-06-24 12:00:00+00:00,208.95
4029,2013-06-24 12:30:00+00:00,200.0
4029,2013-06-24 13:00:00+00:00,390.99
4029,2013-06-24 13:30:00+00:00,150.05
4029,2013-06-24 14:00:00+00:00,209.07
4029,2013-06-24 14:30:00+00:00,458.86
4029,2013-06-24 15:00:00+00:00,309.27
4029,2013-06-24 15:30:00+00:00,331.87
4029,2013-06-24 16:00:00+00:00,350.03
4029,2013-06-24 16:30:00+00:00,449.83
4029,2013-06-24 17:00:00+00:00,191.25
4029,2013-06-24 17:30:00+00:00,150.0
4029,2013-06-24 18:00:00+00:00,199.93
4029,2013-06-24 18:30:00+00:00,50.07
4029,2013-06-24 19:00:00+00:00,90.75
4029,2013-06-24 19:30:00+00:00,50.0
4029,2013-06-24 20:00:00+00:00,0.0
4029,2013-06-24 20:30:00+00:00,0.0
4029,2013-06-24 21:00:00+00:00,0.0
4029,2013-06-24 21:30:00+00:00,0.0
4029,2013-06-24 22:00:00+00:00,0.0
4029,2013-06-24 22:30:00+00:00,0.0
4029,2013-06-24 23:00:00+00:00,0.0
4029,2013-06-24 23:30:00+00:00,0.0
4029,2013-06-25 00:00:00+00:00,0.0
4029,2013-06-25 00:30:00+00:00,0.0
4029,2013-06-25 01:00:00+00:00,0.0
4029,2013-06-25 01:30:00+00:00,0.0
4029,2013-06-25 02:00:00+00:00,0.0
4029,2013-06-25 02:30:00+00:00,0.0
4029,2013-06-25 03:00:00+00:00,0.0
4029,2013-06-25 03:30:00+00:00,0.0
4029,2013-06-25 04:00:00+00:00,0.0
4029,2013-06-25 04:30:00+00:00,0.0
4029,2013-06-25 05:00:00+00:00,50.0
4029,2013-06-25 05:30:00+00:00,50.0
4029,2013-06-25 06:00:00+00:00,109.08
4029,2013-06-25 06:30:00+00:00,100.0
4029,2013-06-25 07:00:00+00:00,150.0
4029,2013-06-25 07:30:00+00:00,100.0
4029,2013-06-25 08:00:00+00:00,159.09
4029,2013-06-25 08:30:00+00:00,259.08
4029,2013-06-25 09:00:00+00:00,400.0
4029,2013-06-25 09:30:00+00:00,568.17
4029,2013-06-25 10:00:00+00:00,701.25
4029,2013-06-25 10:30:00+00:00,800.0
4029,2013-06-25 11:00:00+00:00,859.24
4029,2013-06-25 11:30:00+00:00,781.09
4029,2013-06-25 12:00:00+00:00,628.33
4029,2013-06-25 12:30:00+00:00,612.47
4029,2013-06-25 13:00:00+00:00,850.2
4029,2013-06-25 13:30:00+00:00,473.29
4029,2013-06-25 14:00:00+00:00,626.51
4029,2013-06-25 14:30:00+00:00,690.73
4029,2013-06-25 15:00:00+00:00,836.97
4029,2013-06-25 15:30:00+00:00,650.5
4029,2013-06-25 16:00:00+00:00,881.33
4029,2013-06-25 16:30:00+00:00,690.62
4029,2013-06-25 17:00:00+00:00,231.53
4029,2013-06-25 17:30:00+00:00,250.02
4029,2013-06-25 18:00:00+00:00,100.0
4029,2013-06-25 18:30:00+00:00,200.0
4029,2013-06-25 19:00:00+00:00,50.0
4029,2013-06-25 19:30:00+00:00,40.5
4029,2013-06-25 20:00:00+00:00,0.0
4029,2013-06-25 20:30:00+00:00,0.0
4029,2013-06-25 21:00:00+00:00,0.0
4029,2013-06-25 21:30:00+00:00,0.0
4029,2013-06-25 22:00:00+00:00,0.0
4029,2013-06-25 22:30:00+00:00,0.0
4029,2013-06-25 23:00:00+00:00,0.0
4029,2013-06-25 23:30:00+00:00,0.0
4029,2013-06-26 00:00:00+00:00,0.0
4029,2013-06-26 00:30:00+00:00,0.0
4029,2013-06-26 01:00:00+00:00,0.0
4029,2013-06-26 01:30:00+00:00,0.0
4029,2013-06-26 02:00:00+00:00,0.0
4029,2013-06-26 02:30:00+00:00,0.0
4029,2013-06-26 03:00:00+00:00,0.0
4029,2013-06-26 03:30:00+00:00,0.0
4029,2013-06-26 04:00:00+00:00,0.0
4029,2013-06-26 04:30:00+00:00,0.0
4029,2013-06-26 05:00:00+00:00,50.0
4029,2013-06-26 05:30:00+00:00,50.0
4029,2013-06-26 06:00:00+00:00,59.29
4029,2013-06-26 06:30:00+00:00,149.98
4029,2013-06-26 07:00:00+00:00,150.06
4029,2013-06-26 07:30:00+00:00,209.34
4029,2013-06-26 08:00:00+00:00,240.66
4029,2013-06-26 08:30:00+00:00,268.62
4029,2013-06-26 09:00:00+00:00,349.85
4029,2013-06-26 09:30:00+00:00,340.73
4029,2013-06-26 10:00:00+00:00,300.47
4029,2013-06-26 10:30:00+00:00,300.0
4029,2013-06-26 11:00:00+00:00,350.0
4029,2013-06-26 11:30:00+00:00,350.0
4029,2013-06-26 12:00:00+00:00,538.0
4029,2013-06-26 12:30:00+00:00,900.0
4029,2013-06-26 13:00:00+00:00,771.5
4029,2013-06-26 13:30:00+00:00,390.5
4029,2013-06-26 14:00:00+00:00,300.0
4029,2013-06-26 14:30:00+00:00,359.5
4029,2013-06-26 15:00:00+00:00,481.0
4029,2013-06-26 15:30:00+00:00,409.5
4029,2013-06-26 16:00:00+00:00,200.0
4029,2013-06-26 16:30:00+00:00,240.5
4029,2013-06-26 17:00:00+00:00,269.5
4029,2013-06-26 17:30:00+00:00,280.67
4029,2013-06-26 18:00:00+00:00,100.0
4029,2013-06-26 18:30:00+00:00,40.33
4029,2013-06-26 19:00:00+00:00,59.67
4029,2013-06-26 19:30:00+00:00,40.33
4029,2013-06-26 20:00:00+00:00,0.0
4029,2013-06-26 20:30:00+00:00,0.0
4029,2013-06-26 21:00:00+00:00,0.0
4029,2013-06-26 21:30:00+00:00,0.0
4029,2013-06-26 22:00:00+00:00,0.0
4029,2013-06-26 22:30:00+00:00,0.0
4029,2013-06-26 23:00:00+00:00,0.0
4029,2013-06-26 23:30:00+00:00,0.0
4029,2013-06-27 00:00:00+00:00,0.0
4029,2013-06-27 00:30:00+00:00,0.0
4029,2013-06-27 01:00:00+00:00,0.0
4029,2013-06-27 01:30:00+00:00,0.0
4029,2013-06-27 02:00:00+00:00,0.0
4029,2013-06-27 02:30:00+00:00,0.0
4029,2013-06-27 03:00:00+00:00,0.0
4029,2013-06-27 03:30:00+00:00,0.0
4029,2013-06-27 04:00:00+00:00,0.0
4029,2013-06-27 04:30:00+00:00,0.0
4029,2013-06-27 05:00:00+00:00,9.58
4029,2013-06-27 05:30:00+00:00,50.0
4029,2013-06-27 06:00:00+00:00,90.42
4029,2013-06-27 06:30:00+00:00,109.58
4029,2013-06-27 07:00:00+00:00,150.0
4029,2013-06-27 07:30:00+00:00,149.82
4029,2013-06-27 08:00:00+00:00,209.77
4029,2013-06-27 08:30:00+00:00,259.58
4029,2013-06-27 09:00:00+00:00,459.58
4029,2013-06-27 09:30:00+00:00,390.42
4029,2013-06-27 10:00:00+00:00,590.92
4029,2013-06-27 10:30:00+00:00,469.33
4029,2013-06-27 11:00:00+00:00,819.6
4029,2013-06-27 11:30:00+00:00,660.12
4029,2013-06-27 12:00:00+00:00,820.35
4029,2013-06-27 12:30:00+00:00,530.43
4029,2013-06-27 13:00:00+00:00,489.1
4029,2013-06-27 13:30:00+00:00,880.73
4029,2013-06-27 14:00:00+00:00,549.67
4029,2013-06-27 14:30:00+00:00,590.5
4029,2013-06-27 15:00:00+00:00,390.03
4029,2013-06-27 15:30:00+00:00,349.97
4029,2013-06-27 16:00:00+00:00,190.25
4029,2013-06-27 16:30:00+00:00,150.07
4029,2013-06-27 17:00:00+00:00,150.18
4029,2013-06-27 17:30:00+00:00,49.93
4029,2013-06-27 18:00:00+00:00,50.07
4029,2013-06-27 18:30:00+00:00,40.0
4029,2013-06-27 19:00:00+00:00,50.0
4029,2013-06-27 19:30:00+00:00,0.0
4029,2013-06-27 20:00:00+00:00,0.0
4029,2013-06-27 20:30:00+00:00,0.0
4029,2013-06-27 21:00:00+00:00,0.0
4029,2013-06-27 21:30:00+00:00,0.0
4029,2013-06-27 22:00:00+00:00,0.0
4029,2013-06-27 22:30:00+00:00,0.0
4029,2013-06-27 23:00:00+00:00,0.0
4029,2013-06-27 23:30:00+00:00,0.0
4029,2013-06-28 00:00:00+00:00,0.0
4029,2013-06-28 00:30:00+00:00,0.0
4029,2013-06-28 01:00:00+00:00,0.0
4029,2013-06-28 01:30:00+00:00,0.0
4029,2013-06-28 02:00:00+00:00,0.0
4029,2013-06-28 02:30:00+00:00,0.0
4029,2013-06-28 03:00:00+00:00,0.0
4029,2013-06-28 03:30:00+00:00,0.0
4029,2013-06-28 04:00:00+00:00,0.0
4029,2013-06-28 04:30:00+00:00,0.0
4029,2013-06-28 05:00:00+00:00,0.0
4029,2013-06-28 05:30:00+00:00,50.0
4029,2013-06-28 06:00:00+00:00,50.0
4029,2013-06-28 06:30:00+00:00,59.93
4029,2013-06-28 07:00:00+00:00,90.07
4029,2013-06-28 07:30:00+00:00,169.97
4029,2013-06-28 08:00:00+00:00,250.0
4029,2013-06-28 08:30:00+00:00,259.63
4029,2013-06-28 09:00:00+00:00,350.15
4029,2013-06-28 09:30:00+00:00,350.0
4029,2013-06-28 10:00:00+00:00,230.23
4029,2013-06-28 10:30:00+00:00,219.97
4029,2013-06-28 11:00:00+00:00,289.88
4029,2013-06-28 11:30:00+00:00,240.09
4029,2013-06-28 12:00:00+00:00,200.16
4029,2013-06-28 12:30:00+00:00,260.12
4029,2013-06-28 13:00:00+00:00,239.9
4029,2013-06-28 13:30:00+00:00,310.1
4029,2013-06-28 14:00:00+00:00,139.95
4029,2013-06-28 14:30:00+00:00,50.0
4029,2013-06-28 15:00:00+00:00,210.05
4029,2013-06-28 15:30:00+00:00,300.0
4029,2013-06-28 16:00:00+00:00,310.05
4029,2013-06-28 16:30:00+00:00,229.85
4029,2013-06-28 17:00:00+00:00,100.07
4029,2013-06-28 17:30:00+00:00,99.98
4029,2013-06-28 18:00:00+00:00,89.85
4029,2013-06-28 18:30:00+00:00,50.0
4029,2013-06-28 19:00:00+00:00,50.0
4029,2013-06-28 19:30:00+00:00,0.0
4029,2013-06-28 20:00:00+00:00,0.0
4029,2013-06-28 20:30:00+00:00,0.0
4029,2013-06-28 21:00:00+00:00,0.0
4029,2013-06-28 21:30:00+00:00,0.0
4029,2013-06-28 22:00:00+00:00,0.0
4029,2013-06-28 22:30:00+00:00,0.0
4029,2013-06-28 23:00:00+00:00,0.0
4029,2013-06-28 23:30:00+00:00,0.0
4029,2013-06-29 00:00:00+00:00,0.0
4029,2013-06-29 00:30:00+00:00,0.0
4029,2013-06-29 01:00:00+00:00,0.0
4029,2013-06-29 01:30:00+00:00,0.0
4029,2013-06-29 02:00:00+00:00,0.0
4029,2013-06-29 02:30:00+00:00,0.0
4029,2013-06-29 03:00:00+00:00,0.0
4029,2013-06-29 03:30:00+00:00,0.0
4029,2013-06-29 04:00:00+00:00,0.0
4029,2013-06-29 04:30:00+00:00,0.0
4029,2013-06-29 05:00:00+00:00,50.0
4029,2013-06-29 05:30:00+00:00,50.0
4029,2013-06-29 06:00:00+00:00,60.17
4029,2013-06-29 06:30:00+00:00,100.01
4029,2013-06-29 07:00:00+00:00,110.32
4029,2013-06-29 07:30:00+00:00,200.0
4029,2013-06-29 08:00:00+00:00,300.0
4029,2013-06-29 08:30:00+00:00,300.0
4029,2013-06-29 09:00:00+00:00,360.05
4029,2013-06-29 09:30:00+00:00,510.45
4029,2013-06-29 10:00:00+00:00,558.92
4029,2013-06-29 10:30:00+00:00,641.08
4029,2013-06-29 11:00:00+00:00,660.25
4029,2013-06-29 11:30:00+00:00,739.75
4029,2013-06-29 12:00:00+00:00,850.67
4029,2013-06-29 12:30:00+00:00,781.25
4029,2013-06-29 13:00:00+00:00,1100.0
4029,2013-06-29 13:30:00+00:00,1039.58
4029,2013-06-29 14:00:00+00:00,1000.0
4029,2013-06-29 14:30:00+00:00,910.42
4029,2013-06-29 15:00:00+00:00,939.58
4029,2013-06-29 15:30:00+00:00,839.58
4029,2013-06-29 16:00:00+00:00,600.0
4029,2013-06-29 16:30:00+00:00,489.59
4029,2013-06-29 17:00:00+00:00,518.75
4029,2013-06-29 17:30:00+00:00,320.83
4029,2013-06-29 18:00:00+00:00,279.17
4029,2013-06-29 18:30:00+00:00,139.58
4029,2013-06-29 19:00:00+00:00,50.0
4029,2013-06-29 19:30:00+00:00,0.0
4029,2013-06-29 20:00:00+00:00,0.0
4029,2013-06-29 20:30:00+00:00,0.0
4029,2013-06-29 21:00:00+00:00,0.0
4029,2013-06-29 21:30:00+00:00,0.0
4029,2013-06-29 22:00:00+00:00,0.0
4029,2013-06-29 22:30:00+00:00,0.0
4029,2013-06-29 23:00:00+00:00,0.0
4029,2013-06-29 23:30:00+00:00,0.0
4029,2013-06-30 00:00:00+00:00,0.0
4029,2013-06-30 00:30:00+00:00,0.0
4029,2013-06-30 01:00:00+00:00,0.0
4029,2013-06-30 01:30:00+00:00,0.0
4029,2013-06-30 02:00:00+00:00,0.0
4029,2013-06-30 02:30:00+00:00,0.0
4029,2013-06-30 03:00:00+00:00,0.0
4029,2013-06-30 03:30:00+00:00,0.0
4029,2013-06-30 04:00:00+00:00,0.0
4029,2013-06-30 04:30:00+00:00,50.0
4029,2013-06-30 05:00:00+00:00,0.0
4029,2013-06-30 05:30:00+00:00,50.0
4029,2013-06-30 06:00:00+00:00,50.0
4029,2013-06-30 06:30:00+00:00,50.0
4029,2013-06-30 07:00:00+00:00,60.42
4029,2013-06-30 07:30:00+00:00,89.58
4029,2013-06-30 08:00:00+00:00,110.48
4029,2013-06-30 08:30:00+00:00,210.35
4029,2013-06-30 09:00:00+00:00,360.42
4029,2013-06-30 09:30:00+00:00,489.58
4029,2013-06-30 10:00:00+00:00,420.84
4029,2013-06-30 10:30:00+00:00,589.83
4029,2013-06-30 11:00:00+00:00,631.08
4029,2013-06-30 11:30:00+00:00,759.3
4029,2013-06-30 12:00:00+00:00,902.66
4029,2013-06-30 12:30:00+00:00,1039.07
4029,2013-06-30 13:00:00+00:00,1011.06
4029,2013-06-30 13:30:00+00:00,988.83
4029,2013-06-30 14:00:00+00:00,1011.17
4029,2013-06-30 14:30:00+00:00,999.54
4029,2013-06-30 15:00:00+00:00,950.46
4029,2013-06-30 15:30:00+00:00,938.83
4029,2013-06-30 16:00:00+00:00,789.42
4029,2013-06-30 16:30:00+00:00,739.41
4029,2013-06-30 17:00:00+00:00,539.42
4029,2013-06-30 17:30:00+00:00,450.0
4029,2013-06-30 18:00:00+00:00,439.42
4029,2013-06-30 18:30:00+00:00,239.48
4029,2013-06-30 19:00:00+00:00,89.35
4029,2013-06-30 19:30:00+00:00,50.0
4029,2013-06-30 20:00:00+00:00,0.0
4029,2013-06-30 20:30:00+00:00,0.0
4029,2013-06-30 21:00:00+00:00,0.0
4029,2013-06-30 21:30:00+00:00,0.0
4029,2013-06-30 22:00:00+00:00,0.0
4029,2013-06-30 22:30:00+00:00,0.0
4029,2013-06-30 23:00:00+00:00,0.0
4029,2013-06-30 23:30:00+00:00,0.0
4029,2013-07-01 00:30:00+00:00,0.0
4029,2013-07-01 01:00:00+00:00,0.0
4029,2013-07-01 01:30:00+00:00,0.0
4029,2013-07-01 02:00:00+00:00,0.0
4029,2013-07-01 02:30:00+00:00,0.0
4029,2013-07-01 03:00:00+00:00,0.0
4029,2013-07-01 03:30:00+00:00,0.0
4029,2013-07-01 04:00:00+00:00,0.0
4029,2013-07-01 04:30:00+00:00,0.0
4029,2013-07-01 05:00:00+00:00,10.73
4029,2013-07-01 05:30:00+00:00,39.27
4029,2013-07-01 06:00:00+00:00,50.0
4029,2013-07-01 06:30:00+00:00,60.75
4029,2013-07-01 07:00:00+00:00,139.25
4029,2013-07-01 07:30:00+00:00,160.68
4029,2013-07-01 08:00:00+00:00,210.82
4029,2013-07-01 08:30:00+00:00,310.7
4029,2013-07-01 09:00:00+00:00,399.85
4029,2013-07-01 09:30:00+00:00,450.2
4029,2013-07-01 10:00:00+00:00,449.95
4029,2013-07-01 10:30:00+00:00,571.55
4029,2013-07-01 11:00:00+00:00,760.64
4029,2013-07-01 11:30:00+00:00,1010.28
4029,2013-07-01 12:00:00+00:00,1090.83
4029,2013-07-01 12:30:00+00:00,988.01
4029,2013-07-01 13:00:00+00:00,801.07
4029,2013-07-01 13:30:00+00:00,639.09
4029,2013-07-01 14:00:00+00:00,628.16
4029,2013-07-01 14:30:00+00:00,310.92
4029,2013-07-01 15:00:00+00:00,400.0
4029,2013-07-01 15:30:00+00:00,693.21
4029,2013-07-01 16:00:00+00:00,795.87
4029,2013-07-01 16:30:00+00:00,449.97
4029,2013-07-01 17:00:00+00:00,421.87
4029,2013-07-01 17:30:00+00:00,588.88
4029,2013-07-01 18:00:00+00:00,349.5
4029,2013-07-01 18:30:00+00:00,278.68
4029,2013-07-01 19:00:00+00:00,100.19
4029,2013-07-01 19:30:00+00:00,39.08
4029,2013-07-01 20:00:00+00:00,50.0
4029,2013-07-01 20:30:00+00:00,0.0
4029,2013-07-01 21:00:00+00:00,0.0
4029,2013-07-01 21:30:00+00:00,0.0
4029,2013-07-01 22:00:00+00:00,0.0
4029,2013-07-01 22:30:00+00:00,0.0
4029,2013-07-01 23:00:00+00:00,0.0
4029,2013-07-01 23:30:00+00:00,0.0
4029,2013-07-02 00:00:00+00:00,0.0
4029,2013-07-02 00:30:00+00:00,0.0
4029,2013-07-02 01:00:00+00:00,0.0
4029,2013-07-02 01:30:00+00:00,0.0
4029,2013-07-02 02:00:00+00:00,0.0
4029,2013-07-02 02:30:00+00:00,0.0
4029,2013-07-02 03:00:00+00:00,0.0
4029,2013-07-02 03:30:00+00:00,0.0
4029,2013-07-02 04:00:00+00:00,0.0
4029,2013-07-02 04:30:00+00:00,0.0
4029,2013-07-02 05:00:00+00:00,0.0
4029,2013-07-02 05:30:00+00:00,60.84
4029,2013-07-02 06:00:00+00:00,99.99
4029,2013-07-02 06:30:00+00:00,100.0
4029,2013-07-02 07:00:00+00:00,160.84
4029,2013-07-02 07:30:00+00:00,250.0
4029,2013-07-02 08:00:00+00:00,239.01
4029,2013-07-02 08:30:00+00:00,210.82
4029,2013-07-02 09:00:00+00:00,189.18
4029,2013-07-02 09:30:00+00:00,160.82
4029,2013-07-02 10:00:00+00:00,189.18
4029,2013-07-02 10:30:00+00:00,210.78
4029,2013-07-02 11:00:00+00:00,310.79
4029,2013-07-02 11:30:00+00:00,389.12
4029,2013-07-02 12:00:00+00:00,339.38
4029,2013-07-02 12:30:00+00:00,321.3
4029,2013-07-02 13:00:00+00:00,339.45
4029,2013-07-02 13:30:00+00:00,300.0
4029,2013-07-02 14:00:00+00:00,248.4
4029,2013-07-02 14:30:00+00:00,251.56
4029,2013-07-02 15:00:00+00:00,189.46
4029,2013-07-02 15:30:00+00:00,100.0
4029,2013-07-02 16:00:00+00:00,139.08
4029,2013-07-02 16:30:00+00:00,100.0
4029,2013-07-02 17:00:00+00:00,110.92
4029,2013-07-02 17:30:00+00:00,89.08
4029,2013-07-02 18:00:00+00:00,50.0
4029,2013-07-02 18:30:00+00:00,0.0
4029,2013-07-02 19:00:00+00:00,50.0
4029,2013-07-02 19:30:00+00:00,50.0
4029,2013-07-02 20:00:00+00:00,0.0
4029,2013-07-02 20:30:00+00:00,0.0
4029,2013-07-02 21:00:00+00:00,0.0
4029,2013-07-02 21:30:00+00:00,0.0
4029,2013-07-02 22:00:00+00:00,0.0
4029,2013-07-02 22:30:00+00:00,0.0
4029,2013-07-02 23:00:00+00:00,0.0
4029,2013-07-02 23:30:00+00:00,0.0
4029,2013-07-03 00:00:00+00:00,0.0
4029,2013-07-03 00:30:00+00:00,0.0
4029,2013-07-03 01:00:00+00:00,0.0
4029,2013-07-03 01:30:00+00:00,0.0
4029,2013-07-03 02:00:00+00:00,0.0
4029,2013-07-03 02:30:00+00:00,0.0
4029,2013-07-03 03:00:00+00:00,0.0
4029,2013-07-03 03:30:00+00:00,0.0
4029,2013-07-03 04:00:00+00:00,0.0
4029,2013-07-03 04:30:00+00:00,0.0
4029,2013-07-03 05:00:00+00:00,0.0
4029,2013-07-03 05:30:00+00:00,0.0
4029,2013-07-03 06:00:00+00:00,50.0
4029,2013-07-03 06:30:00+00:00,11.31
4029,2013-07-03 07:00:00+00:00,150.0
4029,2013-07-03 07:30:00+00:00,100.0
4029,2013-07-03 08:00:00+00:00,99.61
4029,2013-07-03 08:30:00+00:00,150.0
4029,2013-07-03 09:00:00+00:00,100.0
4029,2013-07-03 09:30:00+00:00,150.0
4029,2013-07-03 10:00:00+00:00,271.83
4029,2013-07-03 10:30:00+00:00,278.17
4029,2013-07-03 11:00:00+00:00,139.08
4029,2013-07-03 11:30:00+00:00,171.83
4029,2013-07-03 12:00:00+00:00,239.09
4029,2013-07-03 12:30:00+00:00,532.75
4029,2013-07-03 13:00:00+00:00,378.16
4029,2013-07-03 13:30:00+00:00,360.92
4029,2013-07-03 14:00:00+00:00,471.83
4029,2013-07-03 14:30:00+00:00,567.25
4029,2013-07-03 15:00:00+00:00,300.34
4029,2013-07-03 15:30:00+00:00,238.93
4029,2013-07-03 16:00:00+00:00,149.98
4029,2013-07-03 16:30:00+00:00,150.0
4029,2013-07-03 17:00:00+00:00,38.92
4029,2013-07-03 17:30:00+00:00,100.0
4029,2013-07-03 18:00:00+00:00,161.15
4029,2013-07-03 18:30:00+00:00,200.0
4029,2013-07-03 19:00:00+00:00,88.85
4029,2013-07-03 19:30:00+00:00,0.0
4029,2013-07-03 20:00:00+00:00,0.0
4029,2013-07-03 20:30:00+00:00,0.0
4029,2013-07-03 21:00:00+00:00,0.0
4029,2013-07-03 21:30:00+00:00,0.0
4029,2013-07-03 22:00:00+00:00,0.0
4029,2013-07-03 22:30:00+00:00,0.0
4029,2013-07-03 23:00:00+00:00,0.0
4029,2013-07-03 23:30:00+00:00,0.0
4029,2013-07-04 00:00:00+00:00,0.0
4029,2013-07-04 00:30:00+00:00,0.0
4029,2013-07-04 01:00:00+00:00,0.0
4029,2013-07-04 01:30:00+00:00,0.0
4029,2013-07-04 02:00:00+00:00,0.0
4029,2013-07-04 02:30:00+00:00,0.0
4029,2013-07-04 03:00:00+00:00,0.0
4029,2013-07-04 03:30:00+00:00,0.0
4029,2013-07-04 04:00:00+00:00,0.0
4029,2013-07-04 04:30:00+00:00,0.0
4029,2013-07-04 05:00:00+00:00,11.17
4029,2013-07-04 05:30:00+00:00,38.83
4029,2013-07-04 06:00:00+00:00,61.17
4029,2013-07-04 06:30:00+00:00,150.0
4029,2013-07-04 07:00:00+00:00,150.0
4029,2013-07-04 07:30:00+00:00,200.0
4029,2013-07-04 08:00:00+00:00,149.98
4029,2013-07-04 08:30:00+00:00,150.02
4029,2013-07-04 09:00:00+00:00,149.98
4029,2013-07-04 09:30:00+00:00,149.93
4029,2013-07-04 10:00:00+00:00,222.92
4029,2013-07-04 10:30:00+00:00,550.0
4029,2013-07-04 11:00:00+00:00,700.0
4029,2013-07-04 11:30:00+00:00,650.0
4029,2013-07-04 12:00:00+00:00,472.67
4029,2013-07-04 12:30:00+00:00,738.66
4029,2013-07-04 13:00:00+00:00,527.34
4029,2013-07-04 13:30:00+00:00,484.0
4029,2013-07-04 14:00:00+00:00,761.33
4029,2013-07-04 14:30:00+00:00,566.0
4029,2013-07-04 15:00:00+00:00,450.0
4029,2013-07-04 15:30:00+00:00,422.67
4029,2013-07-04 16:00:00+00:00,638.66
4029,2013-07-04 16:30:00+00:00,757.39
4029,2013-07-04 17:00:00+00:00,643.54
4029,2013-07-04 17:30:00+00:00,526.78
4029,2013-07-04 18:00:00+00:00,349.96
4029,2013-07-04 18:30:00+00:00,238.5
4029,2013-07-04 19:00:00+00:00,50.0
4029,2013-07-04 19:30:00+00:00,38.5
4029,2013-07-04 20:00:00+00:00,0.0
4029,2013-07-04 20:30:00+00:00,0.0
4029,2013-07-04 21:00:00+00:00,0.0
4029,2013-07-04 21:30:00+00:00,0.0
4029,2013-07-04 22:00:00+00:00,0.0
4029,2013-07-04 22:30:00+00:00,0.0
4029,2013-07-04 23:00:00+00:00,0.0
4029,2013-07-04 23:30:00+00:00,0.0
4029,2013-07-05 00:00:00+00:00,0.0
4029,2013-07-05 00:30:00+00:00,0.0
4029,2013-07-05 01:00:00+00:00,0.0
4029,2013-07-05 01:30:00+00:00,0.0
4029,2013-07-05 02:00:00+00:00,0.0
4029,2013-07-05 02:30:00+00:00,0.0
4029,2013-07-05 03:00:00+00:00,0.0
4029,2013-07-05 03:30:00+00:00,0.0
4029,2013-07-05 04:00:00+00:00,0.0
4029,2013-07-05 04:30:00+00:00,0.0
4029,2013-07-05 05:00:00+00:00,0.0
4029,2013-07-05 05:30:00+00:00,50.0
4029,2013-07-05 06:00:00+00:00,50.0
4029,2013-07-05 06:30:00+00:00,61.42
4029,2013-07-05 07:00:00+00:00,100.0
4029,2013-07-05 07:30:00+00:00,138.58
4029,2013-07-05 08:00:00+00:00,122.83
4029,2013-07-05 08:30:00+00:00,250.0
4029,2013-07-05 09:00:00+00:00,411.42
4029,2013-07-05 09:30:00+00:00,522.93
4029,2013-07-05 10:00:00+00:00,688.82
4029,2013-07-05 10:30:00+00:00,761.08
4029,2013-07-05 11:00:00+00:00,861.92
4029,2013-07-05 11:30:00+00:00,949.89
4029,2013-07-05 12:00:00+00:00,861.16
4029,2013-07-05 12:30:00+00:00,877.45
4029,2013-07-05 13:00:00+00:00,788.5
4029,2013-07-05 13:30:00+00:00,772.61
4029,2013-07-05 14:00:00+00:00,888.79
4029,2013-07-05 14:30:00+00:00,850.1
4029,2013-07-05 15:00:00+00:00,861.5
4029,2013-07-05 15:30:00+00:00,888.5
4029,2013-07-05 16:00:00+00:00,799.9
4029,2013-07-05 16:30:00+00:00,688.5
4029,2013-07-05 17:00:00+00:00,589.1
4029,2013-07-05 17:30:00+00:00,450.0
4029,2013-07-05 18:00:00+00:00,326.67
4029,2013-07-05 18:30:00+00:00,188.33
4029,2013-07-05 19:00:00+00:00,61.67
4029,2013-07-05 19:30:00+00:00,38.33
4029,2013-07-05 20:00:00+00:00,0.0
4029,2013-07-05 20:30:00+00:00,0.0
4029,2013-07-05 21:00:00+00:00,0.0
4029,2013-07-05 21:30:00+00:00,0.0
4029,2013-07-05 22:00:00+00:00,0.0
4029,2013-07-05 22:30:00+00:00,0.0
4029,2013-07-05 23:00:00+00:00,0.0
4029,2013-07-05 23:30:00+00:00,0.0
4029,2013-07-06 00:00:00+00:00,0.0
4029,2013-07-06 00:30:00+00:00,0.0
4029,2013-07-06 01:00:00+00:00,0.0
4029,2013-07-06 01:30:00+00:00,0.0
4029,2013-07-06 02:00:00+00:00,0.0
4029,2013-07-06 02:30:00+00:00,0.0
4029,2013-07-06 03:00:00+00:00,0.0
4029,2013-07-06 03:30:00+00:00,0.0
4029,2013-07-06 04:00:00+00:00,0.0
4029,2013-07-06 04:30:00+00:00,0.0
4029,2013-07-06 05:00:00+00:00,50.0
4029,2013-07-06 05:30:00+00:00,11.83
4029,2013-07-06 06:00:00+00:00,50.0
4029,2013-07-06 06:30:00+00:00,88.17
4029,2013-07-06 07:00:00+00:00,62.02
4029,2013-07-06 07:30:00+00:00,100.0
4029,2013-07-06 08:00:00+00:00,161.98
4029,2013-07-06 08:30:00+00:00,250.0
4029,2013-07-06 09:00:00+00:00,412.0
4029,2013-07-06 09:30:00+00:00,523.7
4029,2013-07-06 10:00:00+00:00,725.49
4029,2013-07-06 10:30:00+00:00,635.19
4029,2013-07-06 11:00:00+00:00,661.42
4029,2013-07-06 11:30:00+00:00,988.7
4029,2013-07-06 12:00:00+00:00,826.5
4029,2013-07-06 12:30:00+00:00,885.25
4029,2013-07-06 13:00:00+00:00,688.25
4029,2013-07-06 13:30:00+00:00,650.0
4029,2013-07-06 14:00:00+00:00,750.0
4029,2013-07-06 14:30:00+00:00,900.0
4029,2013-07-06 15:00:00+00:00,676.5
4029,2013-07-06 15:30:00+00:00,623.5
4029,2013-07-06 16:00:00+00:00,664.75
4029,2013-07-06 16:30:00+00:00,500.18
4029,2013-07-06 17:00:00+00:00,550.51
4029,2013-07-06 17:30:00+00:00,438.06
4029,2013-07-06 18:00:00+00:00,299.87
4029,2013-07-06 18:30:00+00:00,226.13
4029,2013-07-06 19:00:00+00:00,50.0
4029,2013-07-06 19:30:00+00:00,50.0
4029,2013-07-06 20:00:00+00:00,0.0
4029,2013-07-06 20:30:00+00:00,0.0
4029,2013-07-06 21:00:00+00:00,0.0
4029,2013-07-06 21:30:00+00:00,0.0
4029,2013-07-06 22:00:00+00:00,0.0
4029,2013-07-06 22:30:00+00:00,0.0
4029,2013-07-06 23:00:00+00:00,0.0
4029,2013-07-06 23:30:00+00:00,0.0
4029,2013-07-07 00:00:00+00:00,0.0
4029,2013-07-07 00:30:00+00:00,0.0
4029,2013-07-07 01:00:00+00:00,0.0
4029,2013-07-07 01:30:00+00:00,0.0
4029,2013-07-07 02:00:00+00:00,0.0
4029,2013-07-07 02:30:00+00:00,0.0
4029,2013-07-07 03:00:00+00:00,0.0
4029,2013-07-07 03:30:00+00:00,0.0
4029,2013-07-07 04:00:00+00:00,0.0
4029,2013-07-07 04:30:00+00:00,0.0
4029,2013-07-07 05:00:00+00:00,0.0
4029,2013-07-07 05:30:00+00:00,50.0
4029,2013-07-07 06:00:00+00:00,50.0
4029,2013-07-07 06:30:00+00:00,100.0
4029,2013-07-07 07:00:00+00:00,112.33
4029,2013-07-07 07:30:00+00:00,149.92
4029,2013-07-07 08:00:00+00:00,162.42
4029,2013-07-07 08:30:00+00:00,250.0
4029,2013-07-07 09:00:00+00:00,350.0
4029,2013-07-07 09:30:00+00:00,474.26
4029,2013-07-07 10:00:00+00:00,610.65
4029,2013-07-07 10:30:00+00:00,750.0
4029,2013-07-07 11:00:00+00:00,811.92
4029,2013-07-07 11:30:00+00:00,900.0
4029,2013-07-07 12:00:00+00:00,950.0
4029,2013-07-07 12:30:00+00:00,961.92
4029,2013-07-07 13:00:00+00:00,1000.0
4029,2013-07-07 13:30:00+00:00,988.08
4029,2013-07-07 14:00:00+00:00,1000.38
4029,2013-07-07 14:30:00+00:00,949.74
4029,2013-07-07 15:00:00+00:00,899.88
4029,2013-07-07 15:30:00+00:00,888.4
4029,2013-07-07 16:00:00+00:00,749.68
4029,2013-07-07 16:30:00+00:00,738.33
4029,2013-07-07 17:00:00+00:00,588.59
4029,2013-07-07 17:30:00+00:00,450.0
4029,2013-07-07 18:00:00+00:00,337.71
4029,2013-07-07 18:30:00+00:00,225.79
4029,2013-07-07 19:00:00+00:00,50.0
4029,2013-07-07 19:30:00+00:00,50.0
4029,2013-07-07 20:00:00+00:00,0.0
4029,2013-07-07 20:30:00+00:00,0.0
4029,2013-07-07 21:00:00+00:00,0.0
4029,2013-07-07 21:30:00+00:00,0.0
4029,2013-07-07 22:00:00+00:00,0.0
4029,2013-07-07 22:30:00+00:00,0.0
4029,2013-07-07 23:00:00+00:00,0.0
4029,2013-07-07 23:30:00+00:00,0.0
4029,2013-07-08 00:00:00+00:00,0.0
4029,2013-07-08 00:30:00+00:00,0.0
4029,2013-07-08 01:00:00+00:00,0.0
4029,2013-07-08 01:30:00+00:00,0.0
4029,2013-07-08 02:00:00+00:00,0.0
4029,2013-07-08 02:30:00+00:00,0.0
4029,2013-07-08 03:00:00+00:00,0.0
4029,2013-07-08 03:30:00+00:00,0.0
4029,2013-07-08 04:00:00+00:00,0.0
4029,2013-07-08 04:30:00+00:00,0.0
4029,2013-07-08 05:00:00+00:00,0.0
4029,2013-07-08 05:30:00+00:00,50.0
4029,2013-07-08 06:00:00+00:00,50.0
4029,2013-07-08 06:30:00+00:00,50.0
4029,2013-07-08 07:00:00+00:00,62.5
4029,2013-07-08 07:30:00+00:00,100.0
4029,2013-07-08 08:00:00+00:00,100.0
4029,2013-07-08 08:30:00+00:00,262.5
4029,2013-07-08 09:00:00+00:00,362.5
4029,2013-07-08 09:30:00+00:00,562.25
4029,2013-07-08 10:00:00+00:00,711.4
4029,2013-07-08 10:30:00+00:00,812.23
4029,2013-07-08 11:00:00+00:00,862.37
4029,2013-07-08 11:30:00+00:00,950.0
4029,2013-07-08 12:00:00+00:00,999.56
4029,2013-07-08 12:30:00+00:00,1050.44
4029,2013-07-08 13:00:00+00:00,1049.86
4029,2013-07-08 13:30:00+00:00,1049.7
4029,2013-07-08 14:00:00+00:00,1050.3
4029,2013-07-08 14:30:00+00:00,1000.14
4029,2013-07-08 15:00:00+00:00,937.75
4029,2013-07-08 15:30:00+00:00,899.62
4029,2013-07-08 16:00:00+00:00,838.13
4029,2013-07-08 16:30:00+00:00,737.91
4029,2013-07-08 17:00:00+00:00,600.51
4029,2013-07-08 17:30:00+00:00,487.58
4029,2013-07-08 18:00:00+00:00,387.58
4029,2013-07-08 18:30:00+00:00,225.17
4029,2013-07-08 19:00:00+00:00,50.0
4029,2013-07-08 19:30:00+00:00,12.42
4029,2013-07-08 20:00:00+00:00,37.58
4029,2013-07-08 20:30:00+00:00,0.0
4029,2013-07-08 21:00:00+00:00,0.0
4029,2013-07-08 21:30:00+00:00,0.0
4029,2013-07-08 22:00:00+00:00,0.0
4029,2013-07-08 22:30:00+00:00,0.0
4029,2013-07-08 23:00:00+00:00,0.0
4029,2013-07-08 23:30:00+00:00,0.0
4029,2013-07-09 00:00:00+00:00,0.0
4029,2013-07-09 00:30:00+00:00,0.0
4029,2013-07-09 01:00:00+00:00,0.0
4029,2013-07-09 01:30:00+00:00,0.0
4029,2013-07-09 02:00:00+00:00,0.0
4029,2013-07-09 02:30:00+00:00,0.0
4029,2013-07-09 03:00:00+00:00,0.0
4029,2013-07-09 03:30:00+00:00,0.0
4029,2013-07-09 04:00:00+00:00,0.0
4029,2013-07-09 04:30:00+00:00,0.0
4029,2013-07-09 05:00:00+00:00,0.0
4029,2013-07-09 05:30:00+00:00,50.0
4029,2013-07-09 06:00:00+00:00,31.32
4029,2013-07-09 06:30:00+00:00,118.68
4029,2013-07-09 07:00:00+00:00,112.83
4029,2013-07-09 07:30:00+00:00,200.0
4029,2013-07-09 08:00:00+00:00,149.94
4029,2013-07-09 08:30:00+00:00,212.9
4029,2013-07-09 09:00:00+00:00,375.58
4029,2013-07-09 09:30:00+00:00,562.39
4029,2013-07-09 10:00:00+00:00,698.44
4029,2013-07-09 10:30:00+00:00,812.42
4029,2013-07-09 11:00:00+00:00,900.0
4029,2013-07-09 11:30:00+00:00,950.0
4029,2013-07-09 12:00:00+00:00,1012.42
4029,2013-07-09 12:30:00+00:00,1050.0
4029,2013-07-09 13:00:00+00:00,1050.0
4029,2013-07-09 13:30:00+00:00,1100.0
4029,2013-07-09 14:00:00+00:00,1037.58
4029,2013-07-09 14:30:00+00:00,1000.0
4029,2013-07-09 15:00:00+00:00,950.0
4029,2013-07-09 15:30:00+00:00,900.0
4029,2013-07-09 16:00:00+00:00,837.58
4029,2013-07-09 16:30:00+00:00,737.84
4029,2013-07-09 17:00:00+00:00,600.75
4029,2013-07-09 17:30:00+00:00,474.5
4029,2013-07-09 18:00:00+00:00,337.43
4029,2013-07-09 18:30:00+00:00,199.98
4029,2013-07-09 19:00:00+00:00,87.42
4029,2013-07-09 19:30:00+00:00,0.0
4029,2013-07-09 20:00:00+00:00,0.0
4029,2013-07-09 20:30:00+00:00,0.0
4029,2013-07-09 21:00:00+00:00,0.0
4029,2013-07-09 21:30:00+00:00,0.0
4029,2013-07-09 22:00:00+00:00,0.0
4029,2013-07-09 22:30:00+00:00,0.0
4029,2013-07-09 23:00:00+00:00,0.0
4029,2013-07-09 23:30:00+00:00,0.0
4029,2013-07-10 00:00:00+00:00,0.0
4029,2013-07-10 00:30:00+00:00,0.0
4029,2013-07-10 01:00:00+00:00,0.0
4029,2013-07-10 01:30:00+00:00,0.0
4029,2013-07-10 02:00:00+00:00,0.0
4029,2013-07-10 02:30:00+00:00,0.0
4029,2013-07-10 03:00:00+00:00,0.0
4029,2013-07-10 03:30:00+00:00,0.0
4029,2013-07-10 04:00:00+00:00,0.0
4029,2013-07-10 04:30:00+00:00,0.0
4029,2013-07-10 05:00:00+00:00,50.0
4029,2013-07-10 05:30:00+00:00,0.0
4029,2013-07-10 06:00:00+00:00,62.77
4029,2013-07-10 06:30:00+00:00,100.11
4029,2013-07-10 07:00:00+00:00,87.12
4029,2013-07-10 07:30:00+00:00,63.0
4029,2013-07-10 08:00:00+00:00,113.0
4029,2013-07-10 08:30:00+00:00,250.0
4029,2013-07-10 09:00:00+00:00,363.0
4029,2013-07-10 09:30:00+00:00,562.74
4029,2013-07-10 10:00:00+00:00,699.01
4029,2013-07-10 10:30:00+00:00,775.62
4029,2013-07-10 11:00:00+00:00,824.63
4029,2013-07-10 11:30:00+00:00,675.0
4029,2013-07-10 12:00:00+00:00,812.25
4029,2013-07-10 12:30:00+00:00,525.39
4029,2013-07-10 13:00:00+00:00,900.0
4029,2013-07-10 13:30:00+00:00,975.03
4029,2013-07-10 14:00:00+00:00,1037.33
4029,2013-07-10 14:30:00+00:00,950.5
4029,2013-07-10 15:00:00+00:00,949.63
4029,2013-07-10 15:30:00+00:00,849.87
4029,2013-07-10 16:00:00+00:00,837.75
4029,2013-07-10 16:30:00+00:00,750.21
4029,2013-07-10 17:00:00+00:00,674.79
4029,2013-07-10 17:30:00+00:00,500.0
4029,2013-07-10 18:00:00+00:00,387.08
4029,2013-07-10 18:30:00+00:00,237.09
4029,2013-07-10 19:00:00+00:00,50.0
4029,2013-07-10 19:30:00+00:00,37.08
4029,2013-07-10 20:00:00+00:00,0.0
4029,2013-07-10 20:30:00+00:00,0.0
4029,2013-07-10 21:00:00+00:00,0.0
4029,2013-07-10 21:30:00+00:00,0.0
4029,2013-07-10 22:00:00+00:00,0.0
4029,2013-07-10 22:30:00+00:00,0.0
4029,2013-07-10 23:00:00+00:00,0.0
4029,2013-07-10 23:30:00+00:00,0.0
4029,2013-07-11 00:00:00+00:00,0.0
4029,2013-07-11 00:30:00+00:00,0.0
4029,2013-07-11 01:00:00+00:00,0.0
4029,2013-07-11 01:30:00+00:00,0.0
4029,2013-07-11 02:00:00+00:00,0.0
4029,2013-07-11 02:30:00+00:00,0.0
4029,2013-07-11 03:00:00+00:00,0.0
4029,2013-07-11 03:30:00+00:00,0.0
4029,2013-07-11 04:00:00+00:00,0.0
4029,2013-07-11 04:30:00+00:00,0.0
4029,2013-07-11 05:00:00+00:00,0.0
4029,2013-07-11 05:30:00+00:00,50.0
4029,2013-07-11 06:00:00+00:00,13.08
4029,2013-07-11 06:30:00+00:00,86.92
4029,2013-07-11 07:00:00+00:00,100.0
4029,2013-07-11 07:30:00+00:00,113.25
4029,2013-07-11 08:00:00+00:00,150.0
4029,2013-07-11 08:30:00+00:00,163.25
4029,2013-07-11 09:00:00+00:00,250.0
4029,2013-07-11 09:30:00+00:00,299.82
4029,2013-07-11 10:00:00+00:00,412.43
4029,2013-07-11 10:30:00+00:00,575.83
4029,2013-07-11 11:00:00+00:00,812.92
4029,2013-07-11 11:30:00+00:00,962.92
4029,2013-07-11 12:00:00+00:00,1049.85
4029,2013-07-11 12:30:00+00:00,1050.15
4029,2013-07-11 13:00:00+00:00,1100.0
4029,2013-07-11 13:30:00+00:00,1050.0
4029,2013-07-11 14:00:00+00:00,1050.0
4029,2013-07-11 14:30:00+00:00,1000.0
4029,2013-07-11 15:00:00+00:00,987.08
4029,2013-07-11 15:30:00+00:00,899.63
4029,2013-07-11 16:00:00+00:00,837.45
4029,2013-07-11 16:30:00+00:00,750.33
4029,2013-07-11 17:00:00+00:00,637.67
4029,2013-07-11 17:30:00+00:00,436.85
4029,2013-07-11 18:00:00+00:00,336.9
4029,2013-07-11 18:30:00+00:00,236.78
4029,2013-07-11 19:00:00+00:00,86.89
4029,2013-07-11 19:30:00+00:00,13.08
4029,2013-07-11 20:00:00+00:00,36.92
4029,2013-07-11 20:30:00+00:00,0.0
4029,2013-07-11 21:00:00+00:00,0.0
4029,2013-07-11 21:30:00+00:00,0.0
4029,2013-07-11 22:00:00+00:00,0.0
4029,2013-07-11 22:30:00+00:00,0.0
4029,2013-07-11 23:00:00+00:00,0.0
4029,2013-07-11 23:30:00+00:00,0.0
4029,2013-07-12 00:00:00+00:00,0.0
4029,2013-07-12 00:30:00+00:00,0.0
4029,2013-07-12 01:00:00+00:00,0.0
4029,2013-07-12 01:30:00+00:00,0.0
4029,2013-07-12 02:00:00+00:00,0.0
4029,2013-07-12 02:30:00+00:00,0.0
4029,2013-07-12 03:00:00+00:00,0.0
4029,2013-07-12 03:30:00+00:00,0.0
4029,2013-07-12 04:00:00+00:00,0.0
4029,2013-07-12 04:30:00+00:00,0.0
4029,2013-07-12 05:00:00+00:00,0.0
4029,2013-07-12 05:30:00+00:00,0.0
4029,2013-07-12 06:00:00+00:00,0.0
4029,2013-07-12 06:30:00+00:00,50.0
4029,2013-07-12 07:00:00+00:00,0.0
4029,2013-07-12 07:30:00+00:00,50.0
4029,2013-07-12 08:00:00+00:00,63.48
4029,2013-07-12 08:30:00+00:00,100.02
4029,2013-07-12 09:00:00+00:00,149.94
4029,2013-07-12 09:30:00+00:00,213.38
4029,2013-07-12 10:00:00+00:00,199.51
4029,2013-07-12 10:30:00+00:00,300.0
4029,2013-07-12 11:00:00+00:00,236.92
4029,2013-07-12 11:30:00+00:00,263.21
4029,2013-07-12 12:00:00+00:00,376.21
4029,2013-07-12 12:30:00+00:00,663.16
4029,2013-07-12 13:00:00+00:00,926.77
4029,2013-07-12 13:30:00+00:00,999.57
4029,2013-07-12 14:00:00+00:00,987.33
4029,2013-07-12 14:30:00+00:00,949.63
4029,2013-07-12 15:00:00+00:00,886.7
4029,2013-07-12 15:30:00+00:00,850.11
4029,2013-07-12 16:00:00+00:00,749.89
4029,2013-07-12 16:30:00+00:00,700.33
4029,2013-07-12 17:00:00+00:00,560.67
4029,2013-07-12 17:30:00+00:00,350.0
4029,2013-07-12 18:00:00+00:00,293.28
4029,2013-07-12 18:30:00+00:00,143.31
4029,2013-07-12 19:00:00+00:00,86.58
4029,2013-07-12 19:30:00+00:00,13.39
4029,2013-07-12 20:00:00+00:00,36.61
4029,2013-07-12 20:30:00+00:00,0.0
4029,2013-07-12 21:00:00+00:00,0.0
4029,2013-07-12 21:30:00+00:00,0.0
4029,2013-07-12 22:00:00+00:00,0.0
4029,2013-07-12 22:30:00+00:00,0.0
4029,2013-07-12 23:00:00+00:00,0.0
4029,2013-07-12 23:30:00+00:00,0.0
4029,2013-07-13 00:00:00+00:00,0.0
4029,2013-07-13 00:30:00+00:00,0.0
4029,2013-07-13 01:00:00+00:00,0.0
4029,2013-07-13 01:30:00+00:00,0.0
4029,2013-07-13 02:00:00+00:00,0.0
4029,2013-07-13 02:30:00+00:00,0.0
4029,2013-07-13 03:00:00+00:00,0.0
4029,2013-07-13 03:30:00+00:00,0.0
4029,2013-07-13 04:00:00+00:00,0.0
4029,2013-07-13 04:30:00+00:00,0.0
4029,2013-07-13 05:00:00+00:00,0.0
4029,2013-07-13 05:30:00+00:00,50.0
4029,2013-07-13 06:00:00+00:00,50.0
4029,2013-07-13 06:30:00+00:00,113.63
4029,2013-07-13 07:00:00+00:00,100.12
4029,2013-07-13 07:30:00+00:00,150.0
4029,2013-07-13 08:00:00+00:00,200.0
4029,2013-07-13 08:30:00+00:00,263.75
4029,2013-07-13 09:00:00+00:00,363.75
4029,2013-07-13 09:30:00+00:00,513.39
4029,2013-07-13 10:00:00+00:00,649.03
4029,2013-07-13 10:30:00+00:00,726.46
4029,2013-07-13 11:00:00+00:00,836.95
4029,2013-07-13 11:30:00+00:00,863.42
4029,2013-07-13 12:00:00+00:00,912.99
4029,2013-07-13 12:30:00+00:00,950.43
4029,2013-07-13 13:00:00+00:00,986.45
4029,2013-07-13 13:30:00+00:00,849.63
4029,2013-07-13 14:00:00+00:00,950.37
4029,2013-07-13 14:30:00+00:00,872.96
4029,2013-07-13 15:00:00+00:00,786.85
4029,2013-07-13 15:30:00+00:00,613.49
4029,2013-07-13 16:00:00+00:00,699.91
4029,2013-07-13 16:30:00+00:00,650.27
4029,2013-07-13 17:00:00+00:00,536.97
4029,2013-07-13 17:30:00+00:00,386.47
4029,2013-07-13 18:00:00+00:00,336.29
4029,2013-07-13 18:30:00+00:00,186.42
4029,2013-07-13 19:00:00+00:00,50.0
4029,2013-07-13 19:30:00+00:00,50.0
4029,2013-07-13 20:00:00+00:00,0.0
4029,2013-07-13 20:30:00+00:00,0.0
4029,2013-07-13 21:00:00+00:00,0.0
4029,2013-07-13 21:30:00+00:00,0.0
4029,2013-07-13 22:00:00+00:00,0.0
4029,2013-07-13 22:30:00+00:00,0.0
4029,2013-07-13 23:00:00+00:00,0.0
4029,2013-07-13 23:30:00+00:00,0.0
4029,2013-07-14 00:00:00+00:00,0.0
4029,2013-07-14 00:30:00+00:00,0.0
4029,2013-07-14 01:00:00+00:00,0.0
4029,2013-07-14 01:30:00+00:00,0.0
4029,2013-07-14 02:00:00+00:00,0.0
4029,2013-07-14 02:30:00+00:00,0.0
4029,2013-07-14 03:00:00+00:00,0.0
4029,2013-07-14 03:30:00+00:00,0.0
4029,2013-07-14 04:00:00+00:00,0.0
4029,2013-07-14 04:30:00+00:00,0.0
4029,2013-07-14 05:00:00+00:00,0.0
4029,2013-07-14 05:30:00+00:00,50.0
4029,2013-07-14 06:00:00+00:00,50.0
4029,2013-07-14 06:30:00+00:00,100.0
4029,2013-07-14 07:00:00+00:00,113.94
4029,2013-07-14 07:30:00+00:00,163.89
4029,2013-07-14 08:00:00+00:00,236.15
4029,2013-07-14 08:30:00+00:00,263.9
4029,2013-07-14 09:00:00+00:00,314.12
4029,2013-07-14 09:30:00+00:00,463.39
4029,2013-07-14 10:00:00+00:00,649.28
4029,2013-07-14 10:30:00+00:00,713.66
4029,2013-07-14 11:00:00+00:00,763.67
4029,2013-07-14 11:30:00+00:00,836.33
4029,2013-07-14 12:00:00+00:00,663.67
4029,2013-07-14 12:30:00+00:00,900.0
4029,2013-07-14 13:00:00+00:00,822.67
4029,2013-07-14 13:30:00+00:00,750.0
4029,2013-07-14 14:00:00+00:00,663.66
4029,2013-07-14 14:30:00+00:00,813.67
4029,2013-07-14 15:00:00+00:00,736.33
4029,2013-07-14 15:30:00+00:00,750.0
4029,2013-07-14 16:00:00+00:00,750.0
4029,2013-07-14 16:30:00+00:00,672.88
4029,2013-07-14 17:00:00+00:00,450.36
4029,2013-07-14 17:30:00+00:00,386.26
4029,2013-07-14 18:00:00+00:00,299.84
4029,2013-07-14 18:30:00+00:00,172.33
4029,2013-07-14 19:00:00+00:00,50.0
4029,2013-07-14 19:30:00+00:00,0.0
4029,2013-07-14 20:00:00+00:00,0.0
4029,2013-07-14 20:30:00+00:00,0.0
4029,2013-07-14 21:00:00+00:00,0.0
4029,2013-07-14 21:30:00+00:00,0.0
4029,2013-07-14 22:00:00+00:00,0.0
4029,2013-07-14 22:30:00+00:00,0.0
4029,2013-07-14 23:00:00+00:00,0.0
4029,2013-07-14 23:30:00+00:00,0.0
4029,2013-07-15 00:00:00+00:00,0.0
4029,2013-07-15 00:30:00+00:00,0.0
4029,2013-07-15 01:00:00+00:00,0.0
4029,2013-07-15 01:30:00+00:00,0.0
4029,2013-07-15 02:00:00+00:00,0.0
4029,2013-07-15 02:30:00+00:00,0.0
4029,2013-07-15 03:00:00+00:00,0.0
4029,2013-07-15 03:30:00+00:00,0.0
4029,2013-07-15 04:00:00+00:00,0.0
4029,2013-07-15 04:30:00+00:00,0.0
4029,2013-07-15 05:00:00+00:00,13.35
4029,2013-07-15 05:30:00+00:00,36.65
4029,2013-07-15 06:00:00+00:00,50.0
4029,2013-07-15 06:30:00+00:00,64.11
4029,2013-07-15 07:00:00+00:00,50.08
4029,2013-07-15 07:30:00+00:00,100.06
4029,2013-07-15 08:00:00+00:00,150.0
4029,2013-07-15 08:30:00+00:00,214.25
4029,2013-07-15 09:00:00+00:00,364.25
4029,2013-07-15 09:30:00+00:00,528.03
4029,2013-07-15 10:00:00+00:00,698.39
4029,2013-07-15 10:30:00+00:00,750.41
4029,2013-07-15 11:00:00+00:00,813.78
4029,2013-07-15 11:30:00+00:00,850.14
4029,2013-07-15 12:00:00+00:00,850.0
4029,2013-07-15 12:30:00+00:00,885.67
4029,2013-07-15 13:00:00+00:00,864.33
4029,2013-07-15 13:30:00+00:00,949.5
4029,2013-07-15 14:00:00+00:00,900.0
4029,2013-07-15 14:30:00+00:00,900.14
4029,2013-07-15 15:00:00+00:00,900.36
4029,2013-07-15 15:30:00+00:00,836.08
4029,2013-07-15 16:00:00+00:00,750.0
4029,2013-07-15 16:30:00+00:00,672.13
4029,2013-07-15 17:00:00+00:00,500.54
4029,2013-07-15 17:30:00+00:00,385.92
4029,2013-07-15 18:00:00+00:00,235.91
4029,2013-07-15 18:30:00+00:00,150.0
4029,2013-07-15 19:00:00+00:00,85.92
4029,2013-07-15 19:30:00+00:00,0.0
4029,2013-07-15 20:00:00+00:00,0.0
4029,2013-07-15 20:30:00+00:00,0.0
4029,2013-07-15 21:00:00+00:00,0.0
4029,2013-07-15 21:30:00+00:00,0.0
4029,2013-07-15 22:00:00+00:00,0.0
4029,2013-07-15 22:30:00+00:00,0.0
4029,2013-07-15 23:00:00+00:00,0.0
4029,2013-07-15 23:30:00+00:00,0.0
4029,2013-07-16 00:00:00+00:00,0.0
4029,2013-07-16 00:30:00+00:00,0.0
4029,2013-07-16 01:00:00+00:00,0.0
4029,2013-07-16 01:30:00+00:00,0.0
4029,2013-07-16 02:00:00+00:00,0.0
4029,2013-07-16 02:30:00+00:00,0.0
4029,2013-07-16 03:00:00+00:00,0.0
4029,2013-07-16 03:30:00+00:00,0.0
4029,2013-07-16 04:00:00+00:00,0.0
4029,2013-07-16 04:30:00+00:00,0.0
4029,2013-07-16 05:00:00+00:00,14.25
4029,2013-07-16 05:30:00+00:00,50.0
4029,2013-07-16 06:00:00+00:00,100.0
4029,2013-07-16 06:30:00+00:00,100.05
4029,2013-07-16 07:00:00+00:00,164.53
4029,2013-07-16 07:30:00+00:00,200.0
4029,2013-07-16 08:00:00+00:00,235.59
4029,2013-07-16 08:30:00+00:00,264.41
4029,2013-07-16 09:00:00+00:00,314.42
4029,2013-07-16 09:30:00+00:00,449.78
4029,2013-07-16 10:00:00+00:00,513.64
4029,2013-07-16 10:30:00+00:00,600.0
4029,2013-07-16 11:00:00+00:00,714.16
4029,2013-07-16 11:30:00+00:00,750.0
4029,2013-07-16 12:00:00+00:00,750.0
4029,2013-07-16 12:30:00+00:00,800.0
4029,2013-07-16 13:00:00+00:00,864.17
4029,2013-07-16 13:30:00+00:00,835.83
4029,2013-07-16 14:00:00+00:00,800.24
4029,2013-07-16 14:30:00+00:00,688.08
4029,2013-07-16 15:00:00+00:00,650.18
4029,2013-07-16 15:30:00+00:00,550.0
4029,2013-07-16 16:00:00+00:00,522.33
4029,2013-07-16 16:30:00+00:00,345.64
4029,2013-07-16 17:00:00+00:00,200.03
4029,2013-07-16 17:30:00+00:00,277.17
4029,2013-07-16 18:00:00+00:00,222.79
4029,2013-07-16 18:30:00+00:00,72.71
4029,2013-07-16 19:00:00+00:00,50.0
4029,2013-07-16 19:30:00+00:00,0.0
4029,2013-07-16 20:00:00+00:00,0.0
4029,2013-07-16 20:30:00+00:00,0.0
4029,2013-07-16 21:00:00+00:00,0.0
4029,2013-07-16 21:30:00+00:00,0.0
4029,2013-07-16 22:00:00+00:00,0.0
4029,2013-07-16 22:30:00+00:00,0.0
4029,2013-07-16 23:00:00+00:00,0.0
4029,2013-07-16 23:30:00+00:00,0.0
4029,2013-07-17 00:00:00+00:00,0.0
4029,2013-07-17 00:30:00+00:00,0.0
4029,2013-07-17 01:00:00+00:00,0.0
4029,2013-07-17 01:30:00+00:00,0.0
4029,2013-07-17 02:00:00+00:00,0.0
4029,2013-07-17 02:30:00+00:00,0.0
4029,2013-07-17 03:00:00+00:00,0.0
4029,2013-07-17 03:30:00+00:00,0.0
4029,2013-07-17 04:00:00+00:00,0.0
4029,2013-07-17 04:30:00+00:00,0.0
4029,2013-07-17 05:00:00+00:00,0.0
4029,2013-07-17 05:30:00+00:00,50.0
4029,2013-07-17 06:00:00+00:00,27.63
4029,2013-07-17 06:30:00+00:00,72.37
4029,2013-07-17 07:00:00+00:00,77.67
4029,2013-07-17 07:30:00+00:00,100.0
4029,2013-07-17 08:00:00+00:00,149.95
4029,2013-07-17 08:30:00+00:00,227.71
4029,2013-07-17 09:00:00+00:00,349.91
4029,2013-07-17 09:30:00+00:00,505.43
4029,2013-07-17 10:00:00+00:00,650.0
4029,2013-07-17 10:30:00+00:00,727.66
4029,2013-07-17 11:00:00+00:00,799.77
4029,2013-07-17 11:30:00+00:00,828.9
4029,2013-07-17 12:00:00+00:00,822.17
4029,2013-07-17 12:30:00+00:00,866.5
4029,2013-07-17 13:00:00+00:00,461.33
4029,2013-07-17 13:30:00+00:00,438.67
4029,2013-07-17 14:00:00+00:00,355.66
4029,2013-07-17 14:30:00+00:00,776.17
4029,2013-07-17 15:00:00+00:00,850.0
4029,2013-07-17 15:30:00+00:00,772.17
4029,2013-07-17 16:00:00+00:00,700.33
4029,2013-07-17 16:30:00+00:00,650.0
4029,2013-07-17 17:00:00+00:00,522.25
4029,2013-07-17 17:30:00+00:00,421.75
4029,2013-07-17 18:00:00+00:00,301.0
4029,2013-07-17 18:30:00+00:00,172.5
4029,2013-07-17 19:00:00+00:00,50.0
4029,2013-07-17 19:30:00+00:00,22.5
4029,2013-07-17 20:00:00+00:00,0.0
4029,2013-07-17 20:30:00+00:00,0.0
4029,2013-07-17 21:00:00+00:00,0.0
4029,2013-07-17 21:30:00+00:00,0.0
4029,2013-07-17 22:00:00+00:00,0.0
4029,2013-07-17 22:30:00+00:00,0.0
4029,2013-07-17 23:00:00+00:00,0.0
4029,2013-07-17 23:30:00+00:00,0.0
4029,2013-07-18 00:00:00+00:00,0.0
4029,2013-07-18 00:30:00+00:00,0.0
4029,2013-07-18 01:00:00+00:00,0.0
4029,2013-07-18 01:30:00+00:00,0.0
4029,2013-07-18 02:00:00+00:00,0.0
4029,2013-07-18 02:30:00+00:00,0.0
4029,2013-07-18 03:00:00+00:00,0.0
4029,2013-07-18 03:30:00+00:00,0.0
4029,2013-07-18 04:00:00+00:00,0.0
4029,2013-07-18 04:30:00+00:00,0.0
4029,2013-07-18 05:00:00+00:00,0.0
4029,2013-07-18 05:30:00+00:00,50.0
4029,2013-07-18 06:00:00+00:00,27.83
4029,2013-07-18 06:30:00+00:00,100.0
4029,2013-07-18 07:00:00+00:00,150.0
4029,2013-07-18 07:30:00+00:00,122.17
4029,2013-07-18 08:00:00+00:00,127.83
4029,2013-07-18 08:30:00+00:00,227.84
4029,2013-07-18 09:00:00+00:00,377.83
4029,2013-07-18 09:30:00+00:00,527.83
4029,2013-07-18 10:00:00+00:00,677.84
4029,2013-07-18 10:30:00+00:00,800.0
4029,2013-07-18 11:00:00+00:00,827.83
4029,2013-07-18 11:30:00+00:00,929.58
4029,2013-07-18 12:00:00+00:00,950.0
4029,2013-07-18 12:30:00+00:00,999.68
4029,2013-07-18 13:00:00+00:00,1021.74
4029,2013-07-18 13:30:00+00:00,1028.33
4029,2013-07-18 14:00:00+00:00,999.93
4029,2013-07-18 14:30:00+00:00,997.99
4029,2013-07-18 15:00:00+00:00,972.25
4029,2013-07-18 15:30:00+00:00,900.0
4029,2013-07-18 16:00:00+00:00,822.25
4029,2013-07-18 16:30:00+00:00,750.0
4029,2013-07-18 17:00:00+00:00,622.25
4029,2013-07-18 17:30:00+00:00,522.25
4029,2013-07-18 18:00:00+00:00,372.25
4029,2013-07-18 18:30:00+00:00,222.14
4029,2013-07-18 19:00:00+00:00,72.36
4029,2013-07-18 19:30:00+00:00,0.0
4029,2013-07-18 20:00:00+00:00,0.0
4029,2013-07-18 20:30:00+00:00,0.0
4029,2013-07-18 21:00:00+00:00,0.0
4029,2013-07-18 21:30:00+00:00,0.0
4029,2013-07-18 22:00:00+00:00,0.0
4029,2013-07-18 22:30:00+00:00,0.0
4029,2013-07-18 23:00:00+00:00,0.0
4029,2013-07-18 23:30:00+00:00,0.0
4029,2013-07-19 00:00:00+00:00,0.0
4029,2013-07-19 00:30:00+00:00,0.0
4029,2013-07-19 01:00:00+00:00,0.0
4029,2013-07-19 01:30:00+00:00,0.0
4029,2013-07-19 02:00:00+00:00,0.0
4029,2013-07-19 02:30:00+00:00,0.0
4029,2013-07-19 03:00:00+00:00,0.0
4029,2013-07-19 03:30:00+00:00,0.0
4029,2013-07-19 04:00:00+00:00,0.0
4029,2013-07-19 04:30:00+00:00,0.0
4029,2013-07-19 05:00:00+00:00,0.0
4029,2013-07-19 05:30:00+00:00,50.0
4029,2013-07-19 06:00:00+00:00,28.12
4029,2013-07-19 06:30:00+00:00,71.88
4029,2013-07-19 07:00:00+00:00,50.0
4029,2013-07-19 07:30:00+00:00,78.13
4029,2013-07-19 08:00:00+00:00,100.04
4029,2013-07-19 08:30:00+00:00,228.07
4029,2013-07-19 09:00:00+00:00,378.15
4029,2013-07-19 09:30:00+00:00,528.28
4029,2013-07-19 10:00:00+00:00,677.98
4029,2013-07-19 10:30:00+00:00,800.18
4029,2013-07-19 11:00:00+00:00,827.67
4029,2013-07-19 11:30:00+00:00,965.28
4029,2013-07-19 12:00:00+00:00,964.55
4029,2013-07-19 12:30:00+00:00,999.42
4029,2013-07-19 13:00:00+00:00,1050.58
4029,2013-07-19 13:30:00+00:00,1050.0
4029,2013-07-19 14:00:00+00:00,1021.67
4029,2013-07-19 14:30:00+00:00,997.78
4029,2013-07-19 15:00:00+00:00,977.96
4029,2013-07-19 15:30:00+00:00,922.26
4029,2013-07-19 16:00:00+00:00,850.0
4029,2013-07-19 16:30:00+00:00,772.0
4029,2013-07-19 17:00:00+00:00,621.85
4029,2013-07-19 17:30:00+00:00,522.15
4029,2013-07-19 18:00:00+00:00,371.93
4029,2013-07-19 18:30:00+00:00,272.07
4029,2013-07-19 19:00:00+00:00,22.0
4029,2013-07-19 19:30:00+00:00,28.0
4029,2013-07-19 20:00:00+00:00,22.0
4029,2013-07-19 20:30:00+00:00,0.0
4029,2013-07-19 21:00:00+00:00,0.0
4029,2013-07-19 21:30:00+00:00,0.0
4029,2013-07-19 22:00:00+00:00,0.0
4029,2013-07-19 22:30:00+00:00,0.0
4029,2013-07-19 23:00:00+00:00,0.0
4029,2013-07-19 23:30:00+00:00,0.0
4029,2013-07-20 00:00:00+00:00,0.0
4029,2013-07-20 00:30:00+00:00,0.0
4029,2013-07-20 01:00:00+00:00,0.0
4029,2013-07-20 01:30:00+00:00,0.0
4029,2013-07-20 02:00:00+00:00,0.0
4029,2013-07-20 02:30:00+00:00,0.0
4029,2013-07-20 03:00:00+00:00,0.0
4029,2013-07-20 03:30:00+00:00,0.0
4029,2013-07-20 04:00:00+00:00,0.0
4029,2013-07-20 04:30:00+00:00,0.0
4029,2013-07-20 05:00:00+00:00,0.0
4029,2013-07-20 05:30:00+00:00,28.33
4029,2013-07-20 06:00:00+00:00,50.0
4029,2013-07-20 06:30:00+00:00,71.67
4029,2013-07-20 07:00:00+00:00,78.33
4029,2013-07-20 07:30:00+00:00,71.67
4029,2013-07-20 08:00:00+00:00,128.33
4029,2013-07-20 08:30:00+00:00,100.0
4029,2013-07-20 09:00:00+00:00,100.0
4029,2013-07-20 09:30:00+00:00,100.0
4029,2013-07-20 10:00:00+00:00,150.04
4029,2013-07-20 10:30:00+00:00,149.96
4029,2013-07-20 11:00:00+00:00,228.34
4029,2013-07-20 11:30:00+00:00,200.43
4029,2013-07-20 12:00:00+00:00,221.45
4029,2013-07-20 12:30:00+00:00,228.45
4029,2013-07-20 13:00:00+00:00,628.61
4029,2013-07-20 13:30:00+00:00,456.89
4029,2013-07-20 14:00:00+00:00,543.14
4029,2013-07-20 14:30:00+00:00,320.69
4029,2013-07-20 15:00:00+00:00,300.0
4029,2013-07-20 15:30:00+00:00,221.84
4029,2013-07-20 16:00:00+00:00,250.0
4029,2013-07-20 16:30:00+00:00,250.0
4029,2013-07-20 17:00:00+00:00,150.0
4029,2013-07-20 17:30:00+00:00,100.0
4029,2013-07-20 18:00:00+00:00,121.83
4029,2013-07-20 18:30:00+00:00,50.0
4029,2013-07-20 19:00:00+00:00,50.0
4029,2013-07-20 19:30:00+00:00,0.0
4029,2013-07-20 20:00:00+00:00,0.0
4029,2013-07-20 20:30:00+00:00,0.0
4029,2013-07-20 21:00:00+00:00,0.0
4029,2013-07-20 21:30:00+00:00,0.0
4029,2013-07-20 22:00:00+00:00,0.0
4029,2013-07-20 22:30:00+00:00,0.0
4029,2013-07-20 23:00:00+00:00,0.0
4029,2013-07-20 23:30:00+00:00,0.0
4029,2013-07-21 00:00:00+00:00,0.0
4029,2013-07-21 00:30:00+00:00,0.0
4029,2013-07-21 01:00:00+00:00,0.0
4029,2013-07-21 01:30:00+00:00,0.0
4029,2013-07-21 02:00:00+00:00,0.0
4029,2013-07-21 02:30:00+00:00,0.0
4029,2013-07-21 03:00:00+00:00,0.0
4029,2013-07-21 03:30:00+00:00,0.0
4029,2013-07-21 04:00:00+00:00,0.0
4029,2013-07-21 04:30:00+00:00,0.0
4029,2013-07-21 05:00:00+00:00,0.0
4029,2013-07-21 05:30:00+00:00,0.0
4029,2013-07-21 06:00:00+00:00,0.0
4029,2013-07-21 06:30:00+00:00,0.0
4029,2013-07-21 07:00:00+00:00,50.0
4029,2013-07-21 07:30:00+00:00,28.54
4029,2013-07-21 08:00:00+00:00,100.01
4029,2013-07-21 08:30:00+00:00,100.0
4029,2013-07-21 09:00:00+00:00,200.03
4029,2013-07-21 09:30:00+00:00,250.0
4029,2013-07-21 10:00:00+00:00,357.17
4029,2013-07-21 10:30:00+00:00,600.0
4029,2013-07-21 11:00:00+00:00,835.54
4029,2013-07-21 11:30:00+00:00,829.96
4029,2013-07-21 12:00:00+00:00,892.26
4029,2013-07-21 12:30:00+00:00,850.24
4029,2013-07-21 13:00:00+00:00,957.25
4029,2013-07-21 13:30:00+00:00,1000.25
4029,2013-07-21 14:00:00+00:00,1020.96
4029,2013-07-21 14:30:00+00:00,948.51
4029,2013-07-21 15:00:00+00:00,921.36
4029,2013-07-21 15:30:00+00:00,850.18
4029,2013-07-21 16:00:00+00:00,749.82
4029,2013-07-21 16:30:00+00:00,671.59
4029,2013-07-21 17:00:00+00:00,571.58
4029,2013-07-21 17:30:00+00:00,421.58
4029,2013-07-21 18:00:00+00:00,300.0
4029,2013-07-21 18:30:00+00:00,171.62
4029,2013-07-21 19:00:00+00:00,71.55
4029,2013-07-21 19:30:00+00:00,0.0
4029,2013-07-21 20:00:00+00:00,0.0
4029,2013-07-21 20:30:00+00:00,0.0
4029,2013-07-21 21:00:00+00:00,0.0
4029,2013-07-21 21:30:00+00:00,0.0
4029,2013-07-21 22:00:00+00:00,0.0
4029,2013-07-21 22:30:00+00:00,0.0
4029,2013-07-21 23:00:00+00:00,0.0
4029,2013-07-21 23:30:00+00:00,0.0
4029,2013-07-22 00:00:00+00:00,0.0
4029,2013-07-22 00:30:00+00:00,0.0
4029,2013-07-22 01:00:00+00:00,0.0
4029,2013-07-22 01:30:00+00:00,0.0
4029,2013-07-22 02:00:00+00:00,0.0
4029,2013-07-22 02:30:00+00:00,0.0
4029,2013-07-22 03:00:00+00:00,0.0
4029,2013-07-22 03:30:00+00:00,0.0
4029,2013-07-22 04:00:00+00:00,0.0
4029,2013-07-22 04:30:00+00:00,0.0
4029,2013-07-22 05:00:00+00:00,28.83
4029,2013-07-22 05:30:00+00:00,21.17
4029,2013-07-22 06:00:00+00:00,78.83
4029,2013-07-22 06:30:00+00:00,71.17
4029,2013-07-22 07:00:00+00:00,100.0
4029,2013-07-22 07:30:00+00:00,157.67
4029,2013-07-22 08:00:00+00:00,221.16
4029,2013-07-22 08:30:00+00:00,278.84
4029,2013-07-22 09:00:00+00:00,328.83
4029,2013-07-22 09:30:00+00:00,478.83
4029,2013-07-22 10:00:00+00:00,600.0
4029,2013-07-22 10:30:00+00:00,650.0
4029,2013-07-22 11:00:00+00:00,778.84
4029,2013-07-22 11:30:00+00:00,879.83
4029,2013-07-22 12:00:00+00:00,900.0
4029,2013-07-22 12:30:00+00:00,950.0
4029,2013-07-22 13:00:00+00:00,921.17
4029,2013-07-22 13:30:00+00:00,878.83
4029,2013-07-22 14:00:00+00:00,950.21
4029,2013-07-22 14:30:00+00:00,976.46
4029,2013-07-22 15:00:00+00:00,921.33
4029,2013-07-22 15:30:00+00:00,850.0
4029,2013-07-22 16:00:00+00:00,692.67
4029,2013-07-22 16:30:00+00:00,621.33
4029,2013-07-22 17:00:00+00:00,528.67
4029,2013-07-22 17:30:00+00:00,392.66
4029,2013-07-22 18:00:00+00:00,250.0
4029,2013-07-22 18:30:00+00:00,121.34
4029,2013-07-22 19:00:00+00:00,71.33
4029,2013-07-22 19:30:00+00:00,0.0
4029,2013-07-22 20:00:00+00:00,0.0
4029,2013-07-22 20:30:00+00:00,0.0
4029,2013-07-22 21:00:00+00:00,0.0
4029,2013-07-22 21:30:00+00:00,0.0
4029,2013-07-22 22:00:00+00:00,0.0
4029,2013-07-22 22:30:00+00:00,0.0
4029,2013-07-22 23:00:00+00:00,0.0
4029,2013-07-22 23:30:00+00:00,0.0
4029,2013-07-23 00:00:00+00:00,0.0
4029,2013-07-23 00:30:00+00:00,0.0
4029,2013-07-23 01:00:00+00:00,0.0
4029,2013-07-23 01:30:00+00:00,0.0
4029,2013-07-23 02:00:00+00:00,0.0
4029,2013-07-23 02:30:00+00:00,0.0
4029,2013-07-23 03:00:00+00:00,0.0
4029,2013-07-23 03:30:00+00:00,0.0
4029,2013-07-23 04:00:00+00:00,0.0
4029,2013-07-23 04:30:00+00:00,0.0
4029,2013-07-23 05:00:00+00:00,0.0
4029,2013-07-23 05:30:00+00:00,0.0
4029,2013-07-23 06:00:00+00:00,29.0
4029,2013-07-23 06:30:00+00:00,71.0
4029,2013-07-23 07:00:00+00:00,50.0
4029,2013-07-23 07:30:00+00:00,79.0
4029,2013-07-23 08:00:00+00:00,121.0
4029,2013-07-23 08:30:00+00:00,100.0
4029,2013-07-23 09:00:00+00:00,207.93
4029,2013-07-23 09:30:00+00:00,300.07
4029,2013-07-23 10:00:00+00:00,586.58
4029,2013-07-23 10:30:00+00:00,534.42
4029,2013-07-23 11:00:00+00:00,149.96
4029,2013-07-23 11:30:00+00:00,258.33
4029,2013-07-23 12:00:00+00:00,420.95
4029,2013-07-23 12:30:00+00:00,858.09
4029,2013-07-23 13:00:00+00:00,800.2
4029,2013-07-23 13:30:00+00:00,908.26
4029,2013-07-23 14:00:00+00:00,633.54
4029,2013-07-23 14:30:00+00:00,379.17
4029,2013-07-23 15:00:00+00:00,379.03
4029,2013-07-23 15:30:00+00:00,491.64
4029,2013-07-23 16:00:00+00:00,400.16
4029,2013-07-23 16:30:00+00:00,270.75
4029,2013-07-23 17:00:00+00:00,70.92
4029,2013-07-23 17:30:00+00:00,79.13
4029,2013-07-23 18:00:00+00:00,50.04
4029,2013-07-23 18:30:00+00:00,20.83
4029,2013-07-23 19:00:00+00:00,0.0
4029,2013-07-23 19:30:00+00:00,0.0
4029,2013-07-23 20:00:00+00:00,0.0
4029,2013-07-23 20:30:00+00:00,0.0
4029,2013-07-23 21:00:00+00:00,0.0
4029,2013-07-23 21:30:00+00:00,0.0
4029,2013-07-23 22:00:00+00:00,0.0
4029,2013-07-23 22:30:00+00:00,0.0
4029,2013-07-23 23:00:00+00:00,0.0
4029,2013-07-23 23:30:00+00:00,0.0
4029,2013-07-24 00:00:00+00:00,0.0
4029,2013-07-24 00:30:00+00:00,0.0
4029,2013-07-24 01:00:00+00:00,0.0
4029,2013-07-24 01:30:00+00:00,0.0
4029,2013-07-24 02:00:00+00:00,0.0
4029,2013-07-24 02:30:00+00:00,0.0
4029,2013-07-24 03:00:00+00:00,0.0
4029,2013-07-24 03:30:00+00:00,0.0
4029,2013-07-24 04:00:00+00:00,0.0
4029,2013-07-24 04:30:00+00:00,0.0
4029,2013-07-24 05:00:00+00:00,50.0
4029,2013-07-24 05:30:00+00:00,50.0
4029,2013-07-24 06:00:00+00:00,50.0
4029,2013-07-24 06:30:00+00:00,79.25
4029,2013-07-24 07:00:00+00:00,129.25
4029,2013-07-24 07:30:00+00:00,200.0
4029,2013-07-24 08:00:00+00:00,220.75
4029,2013-07-24 08:30:00+00:00,229.25
4029,2013-07-24 09:00:00+00:00,320.6
4029,2013-07-24 09:30:00+00:00,567.15
4029,2013-07-24 10:00:00+00:00,591.5
4029,2013-07-24 10:30:00+00:00,679.25
4029,2013-07-24 11:00:00+00:00,558.5
4029,2013-07-24 11:30:00+00:00,979.93
4029,2013-07-24 12:00:00+00:00,1050.49
4029,2013-07-24 12:30:00+00:00,1050.0
4029,2013-07-24 13:00:00+00:00,1050.0
4029,2013-07-24 13:30:00+00:00,1050.0
4029,2013-07-24 14:00:00+00:00,1050.0
4029,2013-07-24 14:30:00+00:00,1020.58
4029,2013-07-24 15:00:00+00:00,979.42
4029,2013-07-24 15:30:00+00:00,920.58
4029,2013-07-24 16:00:00+00:00,850.0
4029,2013-07-24 16:30:00+00:00,691.17
4029,2013-07-24 17:00:00+00:00,650.0
4029,2013-07-24 17:30:00+00:00,520.58
4029,2013-07-24 18:00:00+00:00,370.58
4029,2013-07-24 18:30:00+00:00,270.69
4029,2013-07-24 19:00:00+00:00,20.48
4029,2013-07-24 19:30:00+00:00,0.0
4029,2013-07-24 20:00:00+00:00,0.0
4029,2013-07-24 20:30:00+00:00,0.0
4029,2013-07-24 21:00:00+00:00,0.0
4029,2013-07-24 21:30:00+00:00,0.0
4029,2013-07-24 22:00:00+00:00,0.0
4029,2013-07-24 22:30:00+00:00,0.0
4029,2013-07-24 23:00:00+00:00,0.0
4029,2013-07-24 23:30:00+00:00,0.0
4029,2013-07-25 00:00:00+00:00,0.0
4029,2013-07-25 00:30:00+00:00,0.0
4029,2013-07-25 01:00:00+00:00,0.0
4029,2013-07-25 01:30:00+00:00,0.0
4029,2013-07-25 02:00:00+00:00,0.0
4029,2013-07-25 02:30:00+00:00,0.0
4029,2013-07-25 03:00:00+00:00,0.0
4029,2013-07-25 03:30:00+00:00,0.0
4029,2013-07-25 04:00:00+00:00,0.0
4029,2013-07-25 04:30:00+00:00,0.0
4029,2013-07-25 05:00:00+00:00,0.0
4029,2013-07-25 05:30:00+00:00,50.0
4029,2013-07-25 06:00:00+00:00,29.42
4029,2013-07-25 06:30:00+00:00,70.58
4029,2013-07-25 07:00:00+00:00,50.0
4029,2013-07-25 07:30:00+00:00,129.42
4029,2013-07-25 08:00:00+00:00,150.0
4029,2013-07-25 08:30:00+00:00,250.0
4029,2013-07-25 09:00:00+00:00,379.41
4029,2013-07-25 09:30:00+00:00,479.42
4029,2013-07-25 10:00:00+00:00,450.0
4029,2013-07-25 10:30:00+00:00,448.27
4029,2013-07-25 11:00:00+00:00,451.73
4029,2013-07-25 11:30:00+00:00,380.01
4029,2013-07-25 12:00:00+00:00,600.21
4029,2013-07-25 12:30:00+00:00,420.53
4029,2013-07-25 13:00:00+00:00,699.9
4029,2013-07-25 13:30:00+00:00,640.72
4029,2013-07-25 14:00:00+00:00,279.71
4029,2013-07-25 14:30:00+00:00,468.17
4029,2013-07-25 15:00:00+00:00,940.97
4029,2013-07-25 15:30:00+00:00,899.86
4029,2013-07-25 16:00:00+00:00,830.0
4029,2013-07-25 16:30:00+00:00,800.0
4029,2013-07-25 17:00:00+00:00,700.0
4029,2013-07-25 17:30:00+00:00,570.34
4029,2013-07-25 18:00:00+00:00,420.18
4029,2013-07-25 18:30:00+00:00,240.92
4029,2013-07-25 19:00:00+00:00,70.23
4029,2013-07-25 19:30:00+00:00,50.0
4029,2013-07-25 20:00:00+00:00,0.0
4029,2013-07-25 20:30:00+00:00,0.0
4029,2013-07-25 21:00:00+00:00,0.0
4029,2013-07-25 21:30:00+00:00,0.0
4029,2013-07-25 22:00:00+00:00,0.0
4029,2013-07-25 22:30:00+00:00,0.0
4029,2013-07-25 23:00:00+00:00,0.0
4029,2013-07-25 23:30:00+00:00,0.0
4029,2013-07-26 00:00:00+00:00,0.0
4029,2013-07-26 00:30:00+00:00,0.0
4029,2013-07-26 01:00:00+00:00,0.0
4029,2013-07-26 01:30:00+00:00,0.0
4029,2013-07-26 02:00:00+00:00,0.0
4029,2013-07-26 02:30:00+00:00,0.0
4029,2013-07-26 03:00:00+00:00,0.0
4029,2013-07-26 03:30:00+00:00,0.0
4029,2013-07-26 04:00:00+00:00,0.0
4029,2013-07-26 04:30:00+00:00,0.0
4029,2013-07-26 05:00:00+00:00,0.0
4029,2013-07-26 05:30:00+00:00,0.0
4029,2013-07-26 06:00:00+00:00,50.0
4029,2013-07-26 06:30:00+00:00,79.67
4029,2013-07-26 07:00:00+00:00,99.91
4029,2013-07-26 07:30:00+00:00,150.09
4029,2013-07-26 08:00:00+00:00,179.6
4029,2013-07-26 08:30:00+00:00,220.31
4029,2013-07-26 09:00:00+00:00,179.75
4029,2013-07-26 09:30:00+00:00,429.67
4029,2013-07-26 10:00:00+00:00,509.33
4029,2013-07-26 10:30:00+00:00,690.57
4029,2013-07-26 11:00:00+00:00,539.1
4029,2013-07-26 11:30:00+00:00,660.85
4029,2013-07-26 12:00:00+00:00,450.55
4029,2013-07-26 12:30:00+00:00,579.8
4029,2013-07-26 13:00:00+00:00,929.72
4029,2013-07-26 13:30:00+00:00,740.48
4029,2013-07-26 14:00:00+00:00,409.35
4029,2013-07-26 14:30:00+00:00,709.85
4029,2013-07-26 15:00:00+00:00,630.9
4029,2013-07-26 15:30:00+00:00,549.85
4029,2013-07-26 16:00:00+00:00,379.98
4029,2013-07-26 16:30:00+00:00,590.34
4029,2013-07-26 17:00:00+00:00,450.0
4029,2013-07-26 17:30:00+00:00,400.0
4029,2013-07-26 18:00:00+00:00,299.9
4029,2013-07-26 18:30:00+00:00,190.43
4029,2013-07-26 19:00:00+00:00,80.0
4029,2013-07-26 19:30:00+00:00,20.0
4029,2013-07-26 20:00:00+00:00,0.0
4029,2013-07-26 20:30:00+00:00,0.0
4029,2013-07-26 21:00:00+00:00,0.0
4029,2013-07-26 21:30:00+00:00,0.0
4029,2013-07-26 22:00:00+00:00,0.0
4029,2013-07-26 22:30:00+00:00,0.0
4029,2013-07-26 23:00:00+00:00,0.0
4029,2013-07-26 23:30:00+00:00,0.0
4029,2013-07-27 00:00:00+00:00,0.0
4029,2013-07-27 00:30:00+00:00,0.0
4029,2013-07-27 01:00:00+00:00,0.0
4029,2013-07-27 01:30:00+00:00,0.0
4029,2013-07-27 02:00:00+00:00,0.0
4029,2013-07-27 02:30:00+00:00,0.0
4029,2013-07-27 03:00:00+00:00,0.0
4029,2013-07-27 03:30:00+00:00,0.0
4029,2013-07-27 04:00:00+00:00,0.0
4029,2013-07-27 04:30:00+00:00,0.0
4029,2013-07-27 05:00:00+00:00,0.0
4029,2013-07-27 05:30:00+00:00,50.0
4029,2013-07-27 06:00:00+00:00,29.92
4029,2013-07-27 06:30:00+00:00,70.08
4029,2013-07-27 07:00:00+00:00,100.0
4029,2013-07-27 07:30:00+00:00,129.92
4029,2013-07-27 08:00:00+00:00,150.0
4029,2013-07-27 08:30:00+00:00,170.08
4029,2013-07-27 09:00:00+00:00,289.75
4029,2013-07-27 09:30:00+00:00,500.0
4029,2013-07-27 10:00:00+00:00,529.92
4029,2013-07-27 10:30:00+00:00,679.91
4029,2013-07-27 11:00:00+00:00,750.0
4029,2013-07-27 11:30:00+00:00,830.52
4029,2013-07-27 12:00:00+00:00,830.48
4029,2013-07-27 12:30:00+00:00,919.92
4029,2013-07-27 13:00:00+00:00,975.95
4029,2013-07-27 13:30:00+00:00,1004.13
4029,2013-07-27 14:00:00+00:00,779.67
4029,2013-07-27 14:30:00+00:00,139.83
4029,2013-07-27 15:00:00+00:00,720.34
4029,2013-07-27 15:30:00+00:00,639.83
4029,2013-07-27 16:00:00+00:00,469.92
4029,2013-07-27 16:30:00+00:00,169.91
4029,2013-07-27 17:00:00+00:00,119.92
4029,2013-07-27 17:30:00+00:00,50.0
4029,2013-07-27 18:00:00+00:00,0.0
4029,2013-07-27 18:30:00+00:00,0.0
4029,2013-07-27 19:00:00+00:00,0.0
4029,2013-07-27 19:30:00+00:00,0.0
4029,2013-07-27 20:00:00+00:00,0.0
4029,2013-07-27 20:30:00+00:00,0.0
4029,2013-07-27 21:00:00+00:00,0.0
4029,2013-07-27 21:30:00+00:00,0.0
4029,2013-07-27 22:00:00+00:00,0.0
4029,2013-07-27 22:30:00+00:00,0.0
4029,2013-07-27 23:00:00+00:00,0.0
4029,2013-07-27 23:30:00+00:00,0.0
4029,2013-07-28 00:00:00+00:00,0.0
4029,2013-07-28 00:30:00+00:00,0.0
4029,2013-07-28 01:00:00+00:00,0.0
4029,2013-07-28 01:30:00+00:00,0.0
4029,2013-07-28 02:00:00+00:00,0.0
4029,2013-07-28 02:30:00+00:00,0.0
4029,2013-07-28 03:00:00+00:00,0.0
4029,2013-07-28 03:30:00+00:00,0.0
4029,2013-07-28 04:00:00+00:00,0.0
4029,2013-07-28 04:30:00+00:00,0.0
4029,2013-07-28 05:00:00+00:00,0.0
4029,2013-07-28 05:30:00+00:00,50.0
4029,2013-07-28 06:00:00+00:00,29.68
4029,2013-07-28 06:30:00+00:00,70.32
4029,2013-07-28 07:00:00+00:00,80.08
4029,2013-07-28 07:30:00+00:00,100.0
4029,2013-07-28 08:00:00+00:00,200.0
4029,2013-07-28 08:30:00+00:00,180.09
4029,2013-07-28 09:00:00+00:00,310.36
4029,2013-07-28 09:30:00+00:00,449.8
4029,2013-07-28 10:00:00+00:00,580.09
4029,2013-07-28 10:30:00+00:00,830.08
4029,2013-07-28 11:00:00+00:00,859.75
4029,2013-07-28 11:30:00+00:00,650.45
4029,2013-07-28 12:00:00+00:00,571.28
4029,2013-07-28 12:30:00+00:00,1000.35
4029,2013-07-28 13:00:00+00:00,750.0
4029,2013-07-28 13:30:00+00:00,1038.92
4029,2013-07-28 14:00:00+00:00,909.45
4029,2013-07-28 14:30:00+00:00,971.1
4029,2013-07-28 15:00:00+00:00,719.87
4029,2013-07-28 15:30:00+00:00,910.43
4029,2013-07-28 16:00:00+00:00,739.57
4029,2013-07-28 16:30:00+00:00,749.83
4029,2013-07-28 17:00:00+00:00,539.35
4029,2013-07-28 17:30:00+00:00,450.05
4029,2013-07-28 18:00:00+00:00,369.7
4029,2013-07-28 18:30:00+00:00,250.27
4029,2013-07-28 19:00:00+00:00,39.13
4029,2013-07-28 19:30:00+00:00,0.0
4029,2013-07-28 20:00:00+00:00,0.0
4029,2013-07-28 20:30:00+00:00,0.0
4029,2013-07-28 21:00:00+00:00,0.0
4029,2013-07-28 21:30:00+00:00,0.0
4029,2013-07-28 22:00:00+00:00,0.0
4029,2013-07-28 22:30:00+00:00,0.0
4029,2013-07-28 23:00:00+00:00,0.0
4029,2013-07-28 23:30:00+00:00,0.0
4029,2013-07-29 00:00:00+00:00,0.0
4029,2013-07-29 00:30:00+00:00,0.0
4029,2013-07-29 01:00:00+00:00,0.0
4029,2013-07-29 01:30:00+00:00,0.0
4029,2013-07-29 02:00:00+00:00,0.0
4029,2013-07-29 02:30:00+00:00,0.0
4029,2013-07-29 03:00:00+00:00,0.0
4029,2013-07-29 03:30:00+00:00,0.0
4029,2013-07-29 04:00:00+00:00,0.0
4029,2013-07-29 04:30:00+00:00,0.0
4029,2013-07-29 05:00:00+00:00,0.0
4029,2013-07-29 05:30:00+00:00,30.42
4029,2013-07-29 06:00:00+00:00,19.58
4029,2013-07-29 06:30:00+00:00,80.42
4029,2013-07-29 07:00:00+00:00,99.9
4029,2013-07-29 07:30:00+00:00,150.1
4029,2013-07-29 08:00:00+00:00,180.41
4029,2013-07-29 08:30:00+00:00,300.0
4029,2013-07-29 09:00:00+00:00,300.0
4029,2013-07-29 09:30:00+00:00,360.84
4029,2013-07-29 10:00:00+00:00,439.16
4029,2013-07-29 10:30:00+00:00,510.84
4029,2013-07-29 11:00:00+00:00,450.0
4029,2013-07-29 11:30:00+00:00,619.89
4029,2013-07-29 12:00:00+00:00,661.36
4029,2013-07-29 12:30:00+00:00,961.16
4029,2013-07-29 13:00:00+00:00,950.0
4029,2013-07-29 13:30:00+00:00,819.42
4029,2013-07-29 14:00:00+00:00,1030.58
4029,2013-07-29 14:30:00+00:00,858.25
4029,2013-07-29 15:00:00+00:00,680.59
4029,2013-07-29 15:30:00+00:00,876.98
4029,2013-07-29 16:00:00+00:00,723.02
4029,2013-07-29 16:30:00+00:00,800.0
4029,2013-07-29 17:00:00+00:00,638.83
4029,2013-07-29 17:30:00+00:00,550.0
4029,2013-07-29 18:00:00+00:00,369.42
4029,2013-07-29 18:30:00+00:00,219.52
4029,2013-07-29 19:00:00+00:00,19.31
4029,2013-07-29 19:30:00+00:00,0.0
4029,2013-07-29 20:00:00+00:00,0.0
4029,2013-07-29 20:30:00+00:00,0.0
4029,2013-07-29 21:00:00+00:00,0.0
4029,2013-07-29 21:30:00+00:00,0.0
4029,2013-07-29 22:00:00+00:00,0.0
4029,2013-07-29 22:30:00+00:00,0.0
4029,2013-07-29 23:00:00+00:00,0.0
4029,2013-07-29 23:30:00+00:00,0.0
4029,2013-07-30 00:00:00+00:00,0.0
4029,2013-07-30 00:30:00+00:00,0.0
4029,2013-07-30 01:00:00+00:00,0.0
4029,2013-07-30 01:30:00+00:00,0.0
4029,2013-07-30 02:00:00+00:00,0.0
4029,2013-07-30 02:30:00+00:00,0.0
4029,2013-07-30 03:00:00+00:00,0.0
4029,2013-07-30 03:30:00+00:00,0.0
4029,2013-07-30 04:00:00+00:00,0.0
4029,2013-07-30 04:30:00+00:00,0.0
4029,2013-07-30 05:00:00+00:00,0.0
4029,2013-07-30 05:30:00+00:00,30.42
4029,2013-07-30 06:00:00+00:00,50.0
4029,2013-07-30 06:30:00+00:00,100.0
4029,2013-07-30 07:00:00+00:00,69.58
4029,2013-07-30 07:30:00+00:00,80.42
4029,2013-07-30 08:00:00+00:00,100.25
4029,2013-07-30 08:30:00+00:00,69.33
4029,2013-07-30 09:00:00+00:00,30.63
4029,2013-07-30 09:30:00+00:00,69.37
4029,2013-07-30 10:00:00+00:00,80.63
4029,2013-07-30 10:30:00+00:00,150.0
4029,2013-07-30 11:00:00+00:00,150.04
4029,2013-07-30 11:30:00+00:00,230.66
4029,2013-07-30 12:00:00+00:00,269.34
4029,2013-07-30 12:30:00+00:00,150.0
4029,2013-07-30 13:00:00+00:00,199.96
4029,2013-07-30 13:30:00+00:00,250.04
4029,2013-07-30 14:00:00+00:00,150.0
4029,2013-07-30 14:30:00+00:00,119.33
4029,2013-07-30 15:00:00+00:00,50.0
4029,2013-07-30 15:30:00+00:00,80.83
4029,2013-07-30 16:00:00+00:00,100.0
4029,2013-07-30 16:30:00+00:00,641.89
4029,2013-07-30 17:00:00+00:00,491.03
4029,2013-07-30 17:30:00+00:00,278.75
4029,2013-07-30 18:00:00+00:00,238.28
4029,2013-07-30 18:30:00+00:00,150.05
4029,2013-07-30 19:00:00+00:00,50.0
4029,2013-07-30 19:30:00+00:00,19.17
4029,2013-07-30 20:00:00+00:00,0.0
4029,2013-07-30 20:30:00+00:00,0.0
4029,2013-07-30 21:00:00+00:00,0.0
4029,2013-07-30 21:30:00+00:00,0.0
4029,2013-07-30 22:00:00+00:00,0.0
4029,2013-07-30 22:30:00+00:00,0.0
4029,2013-07-30 23:00:00+00:00,0.0
4029,2013-07-30 23:30:00+00:00,0.0
4029,2013-07-31 00:00:00+00:00,0.0
4029,2013-07-31 00:30:00+00:00,0.0
4029,2013-07-31 01:00:00+00:00,0.0
4029,2013-07-31 01:30:00+00:00,0.0
4029,2013-07-31 02:00:00+00:00,0.0
4029,2013-07-31 02:30:00+00:00,0.0
4029,2013-07-31 03:00:00+00:00,0.0
4029,2013-07-31 03:30:00+00:00,0.0
4029,2013-07-31 04:00:00+00:00,0.0
4029,2013-07-31 04:30:00+00:00,0.0
4029,2013-07-31 05:00:00+00:00,0.0
4029,2013-07-31 05:30:00+00:00,30.63
4029,2013-07-31 06:00:00+00:00,50.04
4029,2013-07-31 06:30:00+00:00,100.0
4029,2013-07-31 07:00:00+00:00,100.0
4029,2013-07-31 07:30:00+00:00,150.0
4029,2013-07-31 08:00:00+00:00,200.16
4029,2013-07-31 08:30:00+00:00,180.84
4029,2013-07-31 09:00:00+00:00,169.16
4029,2013-07-31 09:30:00+00:00,149.91
4029,2013-07-31 10:00:00+00:00,250.09
4029,2013-07-31 10:30:00+00:00,150.0
4029,2013-07-31 11:00:00+00:00,280.84
4029,2013-07-31 11:30:00+00:00,350.0
4029,2013-07-31 12:00:00+00:00,411.66
4029,2013-07-31 12:30:00+00:00,780.84
4029,2013-07-31 13:00:00+00:00,588.33
4029,2013-07-31 13:30:00+00:00,730.83
4029,2013-07-31 14:00:00+00:00,761.67
4029,2013-07-31 14:30:00+00:00,850.0
4029,2013-07-31 15:00:00+00:00,789.21
4029,2013-07-31 15:30:00+00:00,337.79
4029,2013-07-31 16:00:00+00:00,381.0
4029,2013-07-31 16:30:00+00:00,369.17
4029,2013-07-31 17:00:00+00:00,350.0
4029,2013-07-31 17:30:00+00:00,168.91
4029,2013-07-31 18:00:00+00:00,149.31
4029,2013-07-31 18:30:00+00:00,100.69
4029,2013-07-31 19:00:00+00:00,18.92
4029,2013-07-31 19:30:00+00:00,0.0
4029,2013-07-31 20:00:00+00:00,0.0
4029,2013-07-31 20:30:00+00:00,0.0
4029,2013-07-31 21:00:00+00:00,0.0
4029,2013-07-31 21:30:00+00:00,0.0
4029,2013-07-31 22:00:00+00:00,0.0
4029,2013-07-31 22:30:00+00:00,0.0
4029,2013-07-31 23:00:00+00:00,0.0
4029,2013-07-31 23:30:00+00:00,0.0
4029,2013-08-01 00:30:00+00:00,0.0
4029,2013-08-01 01:00:00+00:00,0.0
4029,2013-08-01 01:30:00+00:00,0.0
4029,2013-08-01 02:00:00+00:00,0.0
4029,2013-08-01 02:30:00+00:00,0.0
4029,2013-08-01 03:00:00+00:00,0.0
4029,2013-08-01 03:30:00+00:00,0.0
4029,2013-08-01 04:00:00+00:00,0.0
4029,2013-08-01 04:30:00+00:00,0.0
4029,2013-08-01 05:00:00+00:00,0.0
4029,2013-08-01 05:30:00+00:00,50.0
4029,2013-08-01 06:00:00+00:00,0.0
4029,2013-08-01 06:30:00+00:00,50.0
4029,2013-08-01 07:00:00+00:00,50.0
4029,2013-08-01 07:30:00+00:00,50.0
4029,2013-08-01 08:00:00+00:00,131.17
4029,2013-08-01 08:30:00+00:00,199.94
4029,2013-08-01 09:00:00+00:00,362.39
4029,2013-08-01 09:30:00+00:00,581.17
4029,2013-08-01 10:00:00+00:00,649.87
4029,2013-08-01 10:30:00+00:00,781.29
4029,2013-08-01 11:00:00+00:00,847.82
4029,2013-08-01 11:30:00+00:00,933.35
4029,2013-08-01 12:00:00+00:00,981.17
4029,2013-08-01 12:30:00+00:00,999.78
4029,2013-08-01 13:00:00+00:00,1050.0
4029,2013-08-01 13:30:00+00:00,1049.85
4029,2013-08-01 14:00:00+00:00,1000.0
4029,2013-08-01 14:30:00+00:00,1000.37
4029,2013-08-01 15:00:00+00:00,969.83
4029,2013-08-01 15:30:00+00:00,899.5
4029,2013-08-01 16:00:00+00:00,819.17
4029,2013-08-01 16:30:00+00:00,668.33
4029,2013-08-01 17:00:00+00:00,500.12
4029,2013-08-01 17:30:00+00:00,337.38
4029,2013-08-01 18:00:00+00:00,168.75
4029,2013-08-01 18:30:00+00:00,99.83
4029,2013-08-01 19:00:00+00:00,68.92
4029,2013-08-01 19:30:00+00:00,0.0
4029,2013-08-01 20:00:00+00:00,0.0
4029,2013-08-01 20:30:00+00:00,0.0
4029,2013-08-01 21:00:00+00:00,0.0
4029,2013-08-01 21:30:00+00:00,0.0
4029,2013-08-01 22:00:00+00:00,0.0
4029,2013-08-01 22:30:00+00:00,0.0
4029,2013-08-01 23:00:00+00:00,0.0
4029,2013-08-01 23:30:00+00:00,0.0
4029,2013-08-02 00:00:00+00:00,0.0
4029,2013-08-02 00:30:00+00:00,0.0
4029,2013-08-02 01:00:00+00:00,0.0
4029,2013-08-02 01:30:00+00:00,0.0
4029,2013-08-02 02:00:00+00:00,0.0
4029,2013-08-02 02:30:00+00:00,0.0
4029,2013-08-02 03:00:00+00:00,0.0
4029,2013-08-02 03:30:00+00:00,0.0
4029,2013-08-02 04:00:00+00:00,0.0
4029,2013-08-02 04:30:00+00:00,0.0
4029,2013-08-02 05:00:00+00:00,0.0
4029,2013-08-02 05:30:00+00:00,50.0
4029,2013-08-02 06:00:00+00:00,50.0
4029,2013-08-02 06:30:00+00:00,100.0
4029,2013-08-02 07:00:00+00:00,81.25
4029,2013-08-02 07:30:00+00:00,150.08
4029,2013-08-02 08:00:00+00:00,231.17
4029,2013-08-02 08:30:00+00:00,269.0
4029,2013-08-02 09:00:00+00:00,312.84
4029,2013-08-02 09:30:00+00:00,287.11
4029,2013-08-02 10:00:00+00:00,381.55
4029,2013-08-02 10:30:00+00:00,494.5
4029,2013-08-02 11:00:00+00:00,668.17
4029,2013-08-02 11:30:00+00:00,487.23
4029,2013-08-02 12:00:00+00:00,431.32
4029,2013-08-02 12:30:00+00:00,418.72
4029,2013-08-02 13:00:00+00:00,594.56
4029,2013-08-02 13:30:00+00:00,455.44
4029,2013-08-02 14:00:00+00:00,513.06
4029,2013-08-02 14:30:00+00:00,793.92
4029,2013-08-02 15:00:00+00:00,756.08
4029,2013-08-02 15:30:00+00:00,813.68
4029,2013-08-02 16:00:00+00:00,868.24
4029,2013-08-02 16:30:00+00:00,750.15
4029,2013-08-02 17:00:00+00:00,618.26
4029,2013-08-02 17:30:00+00:00,468.51
4029,2013-08-02 18:00:00+00:00,368.33
4029,2013-08-02 18:30:00+00:00,168.16
4029,2013-08-02 19:00:00+00:00,18.67
4029,2013-08-02 19:30:00+00:00,0.0
4029,2013-08-02 20:00:00+00:00,0.0
4029,2013-08-02 20:30:00+00:00,0.0
4029,2013-08-02 21:00:00+00:00,0.0
4029,2013-08-02 21:30:00+00:00,0.0
4029,2013-08-02 22:00:00+00:00,0.0
4029,2013-08-02 22:30:00+00:00,0.0
4029,2013-08-02 23:00:00+00:00,0.0
4029,2013-08-02 23:30:00+00:00,0.0
4029,2013-08-03 00:00:00+00:00,0.0
4029,2013-08-03 00:30:00+00:00,0.0
4029,2013-08-03 01:00:00+00:00,0.0
4029,2013-08-03 01:30:00+00:00,0.0
4029,2013-08-03 02:00:00+00:00,0.0
4029,2013-08-03 02:30:00+00:00,0.0
4029,2013-08-03 03:00:00+00:00,0.0
4029,2013-08-03 03:30:00+00:00,0.0
4029,2013-08-03 04:00:00+00:00,0.0
4029,2013-08-03 04:30:00+00:00,0.0
4029,2013-08-03 05:00:00+00:00,31.53
4029,2013-08-03 05:30:00+00:00,18.47
4029,2013-08-03 06:00:00+00:00,31.58
4029,2013-08-03 06:30:00+00:00,50.0
4029,2013-08-03 07:00:00+00:00,68.42
4029,2013-08-03 07:30:00+00:00,131.58
4029,2013-08-03 08:00:00+00:00,150.0
4029,2013-08-03 08:30:00+00:00,263.67
4029,2013-08-03 09:00:00+00:00,331.75
4029,2013-08-03 09:30:00+00:00,450.0
4029,2013-08-03 10:00:00+00:00,568.25
4029,2013-08-03 10:30:00+00:00,531.75
4029,2013-08-03 11:00:00+00:00,413.5
4029,2013-08-03 11:30:00+00:00,604.75
4029,2013-08-03 12:00:00+00:00,508.75
4029,2013-08-03 12:30:00+00:00,1050.0
4029,2013-08-03 13:00:00+00:00,1050.0
4029,2013-08-03 13:30:00+00:00,1084.27
4029,2013-08-03 14:00:00+00:00,1083.98
4029,2013-08-03 14:30:00+00:00,1050.0
4029,2013-08-03 15:00:00+00:00,1000.0
4029,2013-08-03 15:30:00+00:00,951.17
4029,2013-08-03 16:00:00+00:00,886.16
4029,2013-08-03 16:30:00+00:00,800.0
4029,2013-08-03 17:00:00+00:00,700.0
4029,2013-08-03 17:30:00+00:00,536.17
4029,2013-08-03 18:00:00+00:00,418.08
4029,2013-08-03 18:30:00+00:00,217.75
4029,2013-08-03 19:00:00+00:00,68.42
4029,2013-08-03 19:30:00+00:00,0.0
4029,2013-08-03 20:00:00+00:00,0.0
4029,2013-08-03 20:30:00+00:00,0.0
4029,2013-08-03 21:00:00+00:00,0.0
4029,2013-08-03 21:30:00+00:00,0.0
4029,2013-08-03 22:00:00+00:00,0.0
4029,2013-08-03 22:30:00+00:00,0.0
4029,2013-08-03 23:00:00+00:00,0.0
4029,2013-08-03 23:30:00+00:00,0.0
4029,2013-08-04 00:00:00+00:00,0.0
4029,2013-08-04 00:30:00+00:00,0.0
4029,2013-08-04 01:00:00+00:00,0.0
4029,2013-08-04 01:30:00+00:00,0.0
4029,2013-08-04 02:00:00+00:00,0.0
4029,2013-08-04 02:30:00+00:00,0.0
4029,2013-08-04 03:00:00+00:00,0.0
4029,2013-08-04 03:30:00+00:00,0.0
4029,2013-08-04 04:00:00+00:00,0.0
4029,2013-08-04 04:30:00+00:00,0.0
4029,2013-08-04 05:00:00+00:00,0.0
4029,2013-08-04 05:30:00+00:00,31.75
4029,2013-08-04 06:00:00+00:00,18.25
4029,2013-08-04 06:30:00+00:00,50.0
4029,2013-08-04 07:00:00+00:00,50.0
4029,2013-08-04 07:30:00+00:00,81.75
4029,2013-08-04 08:00:00+00:00,131.81
4029,2013-08-04 08:30:00+00:00,300.44
4029,2013-08-04 09:00:00+00:00,331.91
4029,2013-08-04 09:30:00+00:00,350.0
4029,2013-08-04 10:00:00+00:00,450.09
4029,2013-08-04 10:30:00+00:00,613.85
4029,2013-08-04 11:00:00+00:00,763.94
4029,2013-08-04 11:30:00+00:00,886.06
4029,2013-08-04 12:00:00+00:00,618.15
4029,2013-08-04 12:30:00+00:00,581.85
4029,2013-08-04 13:00:00+00:00,881.97
4029,2013-08-04 13:30:00+00:00,882.18
4029,2013-08-04 14:00:00+00:00,818.0
4029,2013-08-04 14:30:00+00:00,899.46
4029,2013-08-04 15:00:00+00:00,782.17
4029,2013-08-04 15:30:00+00:00,1019.37
4029,2013-08-04 16:00:00+00:00,850.0
4029,2013-08-04 16:30:00+00:00,817.68
4029,2013-08-04 17:00:00+00:00,535.82
4029,2013-08-04 17:30:00+00:00,317.77
4029,2013-08-04 18:00:00+00:00,235.73
4029,2013-08-04 18:30:00+00:00,50.0
4029,2013-08-04 19:00:00+00:00,50.0
4029,2013-08-04 19:30:00+00:00,0.0
4029,2013-08-04 20:00:00+00:00,0.0
4029,2013-08-04 20:30:00+00:00,0.0
4029,2013-08-04 21:00:00+00:00,0.0
4029,2013-08-04 21:30:00+00:00,0.0
4029,2013-08-04 22:00:00+00:00,0.0
4029,2013-08-04 22:30:00+00:00,0.0
4029,2013-08-04 23:00:00+00:00,0.0
4029,2013-08-04 23:30:00+00:00,0.0
4029,2013-08-05 00:00:00+00:00,0.0
4029,2013-08-05 00:30:00+00:00,0.0
4029,2013-08-05 01:00:00+00:00,0.0
4029,2013-08-05 01:30:00+00:00,0.0
4029,2013-08-05 02:00:00+00:00,0.0
4029,2013-08-05 02:30:00+00:00,0.0
4029,2013-08-05 03:00:00+00:00,0.0
4029,2013-08-05 03:30:00+00:00,0.0
4029,2013-08-05 04:00:00+00:00,0.0
4029,2013-08-05 04:30:00+00:00,0.0
4029,2013-08-05 05:00:00+00:00,0.0
4029,2013-08-05 05:30:00+00:00,0.0
4029,2013-08-05 06:00:00+00:00,82.0
4029,2013-08-05 06:30:00+00:00,50.0
4029,2013-08-05 07:00:00+00:00,150.0
4029,2013-08-05 07:30:00+00:00,181.94
4029,2013-08-05 08:00:00+00:00,250.06
4029,2013-08-05 08:30:00+00:00,282.5
4029,2013-08-05 09:00:00+00:00,350.0
4029,2013-08-05 09:30:00+00:00,532.17
4029,2013-08-05 10:00:00+00:00,700.0
4029,2013-08-05 10:30:00+00:00,732.16
4029,2013-08-05 11:00:00+00:00,832.17
4029,2013-08-05 11:30:00+00:00,671.33
4029,2013-08-05 12:00:00+00:00,235.67
4029,2013-08-05 12:30:00+00:00,100.0
4029,2013-08-05 13:00:00+00:00,393.0
4029,2013-08-05 13:30:00+00:00,917.83
4029,2013-08-05 14:00:00+00:00,650.0
4029,2013-08-05 14:30:00+00:00,864.34
4029,2013-08-05 15:00:00+00:00,935.66
4029,2013-08-05 15:30:00+00:00,368.84
4029,2013-08-05 16:00:00+00:00,502.33
4029,2013-08-05 16:30:00+00:00,18.0
4029,2013-08-05 17:00:00+00:00,0.0
4029,2013-08-05 17:30:00+00:00,247.25
4029,2013-08-05 18:00:00+00:00,202.75
4029,2013-08-05 18:30:00+00:00,182.03
4029,2013-08-05 19:00:00+00:00,67.97
4029,2013-08-05 19:30:00+00:00,0.0
4029,2013-08-05 20:00:00+00:00,0.0
4029,2013-08-05 20:30:00+00:00,0.0
4029,2013-08-05 21:00:00+00:00,0.0
4029,2013-08-05 21:30:00+00:00,0.0
4029,2013-08-05 22:00:00+00:00,0.0
4029,2013-08-05 22:30:00+00:00,0.0
4029,2013-08-05 23:00:00+00:00,0.0
4029,2013-08-05 23:30:00+00:00,0.0
4029,2013-08-06 00:00:00+00:00,0.0
4029,2013-08-06 00:30:00+00:00,0.0
4029,2013-08-06 01:00:00+00:00,0.0
4029,2013-08-06 01:30:00+00:00,0.0
4029,2013-08-06 02:00:00+00:00,0.0
4029,2013-08-06 02:30:00+00:00,0.0
4029,2013-08-06 03:00:00+00:00,0.0
4029,2013-08-06 03:30:00+00:00,0.0
4029,2013-08-06 04:00:00+00:00,0.0
4029,2013-08-06 04:30:00+00:00,0.0
4029,2013-08-06 05:00:00+00:00,0.0
4029,2013-08-06 05:30:00+00:00,0.0
4029,2013-08-06 06:00:00+00:00,82.25
4029,2013-08-06 06:30:00+00:00,17.75
4029,2013-08-06 07:00:00+00:00,100.0
4029,2013-08-06 07:30:00+00:00,132.25
4029,2013-08-06 08:00:00+00:00,100.0
4029,2013-08-06 08:30:00+00:00,282.64
4029,2013-08-06 09:00:00+00:00,382.52
4029,2013-08-06 09:30:00+00:00,582.26
4029,2013-08-06 10:00:00+00:00,714.83
4029,2013-08-06 10:30:00+00:00,650.0
4029,2013-08-06 11:00:00+00:00,485.17
4029,2013-08-06 11:30:00+00:00,947.25
4029,2013-08-06 12:00:00+00:00,1035.16
4029,2013-08-06 12:30:00+00:00,435.17
4029,2013-08-06 13:00:00+00:00,647.57
4029,2013-08-06 13:30:00+00:00,652.43
4029,2013-08-06 14:00:00+00:00,979.67
4029,2013-08-06 14:30:00+00:00,488.02
4029,2013-08-06 15:00:00+00:00,367.53
4029,2013-08-06 15:30:00+00:00,350.11
4029,2013-08-06 16:00:00+00:00,482.59
4029,2013-08-06 16:30:00+00:00,167.41
4029,2013-08-06 17:00:00+00:00,99.92
4029,2013-08-06 17:30:00+00:00,50.08
4029,2013-08-06 18:00:00+00:00,100.0
4029,2013-08-06 18:30:00+00:00,199.67
4029,2013-08-06 19:00:00+00:00,17.75
4029,2013-08-06 19:30:00+00:00,0.0
4029,2013-08-06 20:00:00+00:00,0.0
4029,2013-08-06 20:30:00+00:00,0.0
4029,2013-08-06 21:00:00+00:00,0.0
4029,2013-08-06 21:30:00+00:00,0.0
4029,2013-08-06 22:00:00+00:00,0.0
4029,2013-08-06 22:30:00+00:00,0.0
4029,2013-08-06 23:00:00+00:00,0.0
4029,2013-08-06 23:30:00+00:00,0.0
4029,2013-08-07 00:00:00+00:00,0.0
4029,2013-08-07 00:30:00+00:00,0.0
4029,2013-08-07 01:00:00+00:00,0.0
4029,2013-08-07 01:30:00+00:00,0.0
4029,2013-08-07 02:00:00+00:00,0.0
4029,2013-08-07 02:30:00+00:00,0.0
4029,2013-08-07 03:00:00+00:00,0.0
4029,2013-08-07 03:30:00+00:00,0.0
4029,2013-08-07 04:00:00+00:00,0.0
4029,2013-08-07 04:30:00+00:00,0.0
4029,2013-08-07 05:00:00+00:00,0.0
4029,2013-08-07 05:30:00+00:00,32.45
4029,2013-08-07 06:00:00+00:00,17.55
4029,2013-08-07 06:30:00+00:00,82.42
4029,2013-08-07 07:00:00+00:00,67.58
4029,2013-08-07 07:30:00+00:00,82.45
4029,2013-08-07 08:00:00+00:00,100.02
4029,2013-08-07 08:30:00+00:00,182.81
4029,2013-08-07 09:00:00+00:00,250.05
4029,2013-08-07 09:30:00+00:00,299.89
4029,2013-08-07 10:00:00+00:00,532.53
4029,2013-08-07 10:30:00+00:00,482.92
4029,2013-08-07 11:00:00+00:00,649.66
4029,2013-08-07 11:30:00+00:00,550.0
4029,2013-08-07 12:00:00+00:00,650.12
4029,2013-08-07 12:30:00+00:00,715.55
4029,2013-08-07 13:00:00+00:00,882.46
4029,2013-08-07 13:30:00+00:00,834.46
4029,2013-08-07 14:00:00+00:00,734.83
4029,2013-08-07 14:30:00+00:00,482.58
4029,2013-08-07 15:00:00+00:00,467.42
4029,2013-08-07 15:30:00+00:00,367.92
4029,2013-08-07 16:00:00+00:00,382.83
4029,2013-08-07 16:30:00+00:00,432.83
4029,2013-08-07 17:00:00+00:00,251.47
4029,2013-08-07 17:30:00+00:00,149.95
4029,2013-08-07 18:00:00+00:00,100.08
4029,2013-08-07 18:30:00+00:00,67.17
4029,2013-08-07 19:00:00+00:00,50.0
4029,2013-08-07 19:30:00+00:00,0.0
4029,2013-08-07 20:00:00+00:00,0.0
4029,2013-08-07 20:30:00+00:00,0.0
4029,2013-08-07 21:00:00+00:00,0.0
4029,2013-08-07 21:30:00+00:00,0.0
4029,2013-08-07 22:00:00+00:00,0.0
4029,2013-08-07 22:30:00+00:00,0.0
4029,2013-08-07 23:00:00+00:00,0.0
4029,2013-08-07 23:30:00+00:00,0.0
4029,2013-08-08 00:00:00+00:00,0.0
4029,2013-08-08 00:30:00+00:00,0.0
4029,2013-08-08 01:00:00+00:00,0.0
4029,2013-08-08 01:30:00+00:00,0.0
4029,2013-08-08 02:00:00+00:00,0.0
4029,2013-08-08 02:30:00+00:00,0.0
4029,2013-08-08 03:00:00+00:00,0.0
4029,2013-08-08 03:30:00+00:00,0.0
4029,2013-08-08 04:00:00+00:00,0.0
4029,2013-08-08 04:30:00+00:00,0.0
4029,2013-08-08 05:00:00+00:00,0.0
4029,2013-08-08 05:30:00+00:00,0.0
4029,2013-08-08 06:00:00+00:00,32.75
4029,2013-08-08 06:30:00+00:00,50.0
4029,2013-08-08 07:00:00+00:00,50.0
4029,2013-08-08 07:30:00+00:00,67.25
4029,2013-08-08 08:00:00+00:00,132.75
4029,2013-08-08 08:30:00+00:00,233.08
4029,2013-08-08 09:00:00+00:00,382.92
4029,2013-08-08 09:30:00+00:00,583.14
4029,2013-08-08 10:00:00+00:00,699.78
4029,2013-08-08 10:30:00+00:00,765.83
4029,2013-08-08 11:00:00+00:00,631.25
4029,2013-08-08 11:30:00+00:00,881.5
4029,2013-08-08 12:00:00+00:00,1021.25
4029,2013-08-08 12:30:00+00:00,463.0
4029,2013-08-08 13:00:00+00:00,1065.75
4029,2013-08-08 13:30:00+00:00,884.25
4029,2013-08-08 14:00:00+00:00,915.75
4029,2013-08-08 14:30:00+00:00,852.75
4029,2013-08-08 15:00:00+00:00,831.5
4029,2013-08-08 15:30:00+00:00,784.25
4029,2013-08-08 16:00:00+00:00,700.0
4029,2013-08-08 16:30:00+00:00,434.25
4029,2013-08-08 17:00:00+00:00,584.25
4029,2013-08-08 17:30:00+00:00,384.25
4029,2013-08-08 18:00:00+00:00,234.44
4029,2013-08-08 18:30:00+00:00,134.06
4029,2013-08-08 19:00:00+00:00,0.0
4029,2013-08-08 19:30:00+00:00,0.0
4029,2013-08-08 20:00:00+00:00,0.0
4029,2013-08-08 20:30:00+00:00,0.0
4029,2013-08-08 21:00:00+00:00,0.0
4029,2013-08-08 21:30:00+00:00,0.0
4029,2013-08-08 22:00:00+00:00,0.0
4029,2013-08-08 22:30:00+00:00,0.0
4029,2013-08-08 23:00:00+00:00,0.0
4029,2013-08-08 23:30:00+00:00,0.0
4029,2013-08-09 00:00:00+00:00,0.0
4029,2013-08-09 00:30:00+00:00,0.0
4029,2013-08-09 01:00:00+00:00,0.0
4029,2013-08-09 01:30:00+00:00,0.0
4029,2013-08-09 02:00:00+00:00,0.0
4029,2013-08-09 02:30:00+00:00,0.0
4029,2013-08-09 03:00:00+00:00,0.0
4029,2013-08-09 03:30:00+00:00,0.0
4029,2013-08-09 04:00:00+00:00,0.0
4029,2013-08-09 04:30:00+00:00,0.0
4029,2013-08-09 05:00:00+00:00,0.0
4029,2013-08-09 05:30:00+00:00,16.06
4029,2013-08-09 06:00:00+00:00,83.94
4029,2013-08-09 06:30:00+00:00,50.0
4029,2013-08-09 07:00:00+00:00,0.0
4029,2013-08-09 07:30:00+00:00,116.08
4029,2013-08-09 08:00:00+00:00,150.0
4029,2013-08-09 08:30:00+00:00,166.09
4029,2013-08-09 09:00:00+00:00,200.0
4029,2013-08-09 09:30:00+00:00,416.08
4029,2013-08-09 10:00:00+00:00,383.92
4029,2013-08-09 10:30:00+00:00,564.33
4029,2013-08-09 11:00:00+00:00,950.0
4029,2013-08-09 11:30:00+00:00,551.0
4029,2013-08-09 12:00:00+00:00,932.5
4029,2013-08-09 12:30:00+00:00,1085.0
4029,2013-08-09 13:00:00+00:00,283.75
4029,2013-08-09 13:30:00+00:00,632.5
4029,2013-08-09 14:00:00+00:00,898.75
4029,2013-08-09 14:30:00+00:00,867.5
4029,2013-08-09 15:00:00+00:00,783.75
4029,2013-08-09 15:30:00+00:00,801.25
4029,2013-08-09 16:00:00+00:00,532.5
4029,2013-08-09 16:30:00+00:00,367.5
4029,2013-08-09 17:00:00+00:00,183.75
4029,2013-08-09 17:30:00+00:00,298.75
4029,2013-08-09 18:00:00+00:00,385.0
4029,2013-08-09 18:30:00+00:00,50.0
4029,2013-08-09 19:00:00+00:00,0.0
4029,2013-08-09 19:30:00+00:00,0.0
4029,2013-08-09 20:00:00+00:00,0.0
4029,2013-08-09 20:30:00+00:00,0.0
4029,2013-08-09 21:00:00+00:00,0.0
4029,2013-08-09 21:30:00+00:00,0.0
4029,2013-08-09 22:00:00+00:00,0.0
4029,2013-08-09 22:30:00+00:00,0.0
4029,2013-08-09 23:00:00+00:00,0.0
4029,2013-08-09 23:30:00+00:00,0.0
4029,2013-08-10 00:00:00+00:00,0.0
4029,2013-08-10 00:30:00+00:00,0.0
4029,2013-08-10 01:00:00+00:00,0.0
4029,2013-08-10 01:30:00+00:00,0.0
4029,2013-08-10 02:00:00+00:00,0.0
4029,2013-08-10 02:30:00+00:00,0.0
4029,2013-08-10 03:00:00+00:00,0.0
4029,2013-08-10 03:30:00+00:00,0.0
4029,2013-08-10 04:00:00+00:00,0.0
4029,2013-08-10 04:30:00+00:00,0.0
4029,2013-08-10 05:00:00+00:00,0.0
4029,2013-08-10 05:30:00+00:00,16.31
4029,2013-08-10 06:00:00+00:00,49.97
4029,2013-08-10 06:30:00+00:00,83.72
4029,2013-08-10 07:00:00+00:00,116.31
4029,2013-08-10 07:30:00+00:00,166.36
4029,2013-08-10 08:00:00+00:00,233.66
4029,2013-08-10 08:30:00+00:00,316.34
4029,2013-08-10 09:00:00+00:00,349.88
4029,2013-08-10 09:30:00+00:00,250.06
4029,2013-08-10 10:00:00+00:00,366.14
4029,2013-08-10 10:30:00+00:00,450.08
4029,2013-08-10 11:00:00+00:00,349.92
4029,2013-08-10 11:30:00+00:00,517.25
4029,2013-08-10 12:00:00+00:00,533.33
4029,2013-08-10 12:30:00+00:00,550.17
4029,2013-08-10 13:00:00+00:00,583.0
4029,2013-08-10 13:30:00+00:00,850.0
4029,2013-08-10 14:00:00+00:00,832.81
4029,2013-08-10 14:30:00+00:00,783.69
4029,2013-08-10 15:00:00+00:00,684.0
4029,2013-08-10 15:30:00+00:00,282.78
4029,2013-08-10 16:00:00+00:00,583.55
4029,2013-08-10 16:30:00+00:00,533.67
4029,2013-08-10 17:00:00+00:00,183.5
4029,2013-08-10 17:30:00+00:00,133.5
4029,2013-08-10 18:00:00+00:00,66.47
4029,2013-08-10 18:30:00+00:00,33.53
4029,2013-08-10 19:00:00+00:00,0.0
4029,2013-08-10 19:30:00+00:00,0.0
4029,2013-08-10 20:00:00+00:00,0.0
4029,2013-08-10 20:30:00+00:00,0.0
4029,2013-08-10 21:00:00+00:00,0.0
4029,2013-08-10 21:30:00+00:00,0.0
4029,2013-08-10 22:00:00+00:00,0.0
4029,2013-08-10 22:30:00+00:00,0.0
4029,2013-08-10 23:00:00+00:00,0.0
4029,2013-08-10 23:30:00+00:00,0.0
4029,2013-08-11 00:00:00+00:00,0.0
4029,2013-08-11 00:30:00+00:00,0.0
4029,2013-08-11 01:00:00+00:00,0.0
4029,2013-08-11 01:30:00+00:00,0.0
4029,2013-08-11 02:00:00+00:00,0.0
4029,2013-08-11 02:30:00+00:00,0.0
4029,2013-08-11 03:00:00+00:00,0.0
4029,2013-08-11 03:30:00+00:00,0.0
4029,2013-08-11 04:00:00+00:00,0.0
4029,2013-08-11 04:30:00+00:00,0.0
4029,2013-08-11 05:00:00+00:00,0.0
4029,2013-08-11 05:30:00+00:00,50.0
4029,2013-08-11 06:00:00+00:00,16.56
4029,2013-08-11 06:30:00+00:00,83.44
4029,2013-08-11 07:00:00+00:00,116.58
4029,2013-08-11 07:30:00+00:00,149.95
4029,2013-08-11 08:00:00+00:00,216.58
4029,2013-08-11 08:30:00+00:00,250.06
4029,2013-08-11 09:00:00+00:00,450.0
4029,2013-08-11 09:30:00+00:00,400.0
4029,2013-08-11 10:00:00+00:00,533.41
4029,2013-08-11 10:30:00+00:00,299.75
4029,2013-08-11 11:00:00+00:00,582.84
4029,2013-08-11 11:30:00+00:00,567.83
4029,2013-08-11 12:00:00+00:00,500.0
4029,2013-08-11 12:30:00+00:00,683.5
4029,2013-08-11 13:00:00+00:00,733.25
4029,2013-08-11 13:30:00+00:00,1050.03
4029,2013-08-11 14:00:00+00:00,883.22
4029,2013-08-11 14:30:00+00:00,750.0
4029,2013-08-11 15:00:00+00:00,816.75
4029,2013-08-11 15:30:00+00:00,800.0
4029,2013-08-11 16:00:00+00:00,900.0
4029,2013-08-11 16:30:00+00:00,766.5
4029,2013-08-11 17:00:00+00:00,616.75
4029,2013-08-11 17:30:00+00:00,533.25
4029,2013-08-11 18:00:00+00:00,333.25
4029,2013-08-11 18:30:00+00:00,216.5
4029,2013-08-11 19:00:00+00:00,50.0
4029,2013-08-11 19:30:00+00:00,0.0
4029,2013-08-11 20:00:00+00:00,0.0
4029,2013-08-11 20:30:00+00:00,0.0
4029,2013-08-11 21:00:00+00:00,0.0
4029,2013-08-11 21:30:00+00:00,0.0
4029,2013-08-11 22:00:00+00:00,0.0
4029,2013-08-11 22:30:00+00:00,0.0
4029,2013-08-11 23:00:00+00:00,0.0
4029,2013-08-11 23:30:00+00:00,0.0
4029,2013-08-12 00:00:00+00:00,0.0
4029,2013-08-12 00:30:00+00:00,0.0
4029,2013-08-12 01:00:00+00:00,0.0
4029,2013-08-12 01:30:00+00:00,0.0
4029,2013-08-12 02:00:00+00:00,0.0
4029,2013-08-12 02:30:00+00:00,0.0
4029,2013-08-12 03:00:00+00:00,0.0
4029,2013-08-12 03:30:00+00:00,0.0
4029,2013-08-12 04:00:00+00:00,0.0
4029,2013-08-12 04:30:00+00:00,0.0
4029,2013-08-12 05:00:00+00:00,0.0
4029,2013-08-12 05:30:00+00:00,0.0
4029,2013-08-12 06:00:00+00:00,16.75
4029,2013-08-12 06:30:00+00:00,50.0
4029,2013-08-12 07:00:00+00:00,50.03
4029,2013-08-12 07:30:00+00:00,149.97
4029,2013-08-12 08:00:00+00:00,200.0
4029,2013-08-12 08:30:00+00:00,216.75
4029,2013-08-12 09:00:00+00:00,416.75
4029,2013-08-12 09:30:00+00:00,400.0
4029,2013-08-12 10:00:00+00:00,450.17
4029,2013-08-12 10:30:00+00:00,783.61
4029,2013-08-12 11:00:00+00:00,682.97
4029,2013-08-12 11:30:00+00:00,600.89
4029,2013-08-12 12:00:00+00:00,817.67
4029,2013-08-12 12:30:00+00:00,865.19
4029,2013-08-12 13:00:00+00:00,767.67
4029,2013-08-12 13:30:00+00:00,866.16
4029,2013-08-12 14:00:00+00:00,850.28
4029,2013-08-12 14:30:00+00:00,348.97
4029,2013-08-12 15:00:00+00:00,567.67
4029,2013-08-12 15:30:00+00:00,599.5
4029,2013-08-12 16:00:00+00:00,382.83
4029,2013-08-12 16:30:00+00:00,316.92
4029,2013-08-12 17:00:00+00:00,350.0
4029,2013-08-12 17:30:00+00:00,433.14
4029,2013-08-12 18:00:00+00:00,83.03
4029,2013-08-12 18:30:00+00:00,33.08
4029,2013-08-12 19:00:00+00:00,0.0
4029,2013-08-12 19:30:00+00:00,0.0
4029,2013-08-12 20:00:00+00:00,0.0
4029,2013-08-12 20:30:00+00:00,0.0
4029,2013-08-12 21:00:00+00:00,0.0
4029,2013-08-12 21:30:00+00:00,0.0
4029,2013-08-12 22:00:00+00:00,0.0
4029,2013-08-12 22:30:00+00:00,0.0
4029,2013-08-12 23:00:00+00:00,0.0
4029,2013-08-12 23:30:00+00:00,0.0
4029,2013-08-13 00:00:00+00:00,0.0
4029,2013-08-13 00:30:00+00:00,0.0
4029,2013-08-13 01:00:00+00:00,0.0
4029,2013-08-13 01:30:00+00:00,0.0
4029,2013-08-13 02:00:00+00:00,0.0
4029,2013-08-13 02:30:00+00:00,0.0
4029,2013-08-13 03:00:00+00:00,0.0
4029,2013-08-13 03:30:00+00:00,0.0
4029,2013-08-13 04:00:00+00:00,0.0
4029,2013-08-13 04:30:00+00:00,0.0
4029,2013-08-13 05:00:00+00:00,0.0
4029,2013-08-13 05:30:00+00:00,50.0
4029,2013-08-13 06:00:00+00:00,67.03
4029,2013-08-13 06:30:00+00:00,100.05
4029,2013-08-13 07:00:00+00:00,100.0
4029,2013-08-13 07:30:00+00:00,150.0
4029,2013-08-13 08:00:00+00:00,217.09
4029,2013-08-13 08:30:00+00:00,282.88
4029,2013-08-13 09:00:00+00:00,284.04
4029,2013-08-13 09:30:00+00:00,400.0
4029,2013-08-13 10:00:00+00:00,500.0
4029,2013-08-13 10:30:00+00:00,701.24
4029,2013-08-13 11:00:00+00:00,850.0
4029,2013-08-13 11:30:00+00:00,783.92
4029,2013-08-13 12:00:00+00:00,598.25
4029,2013-08-13 12:30:00+00:00,284.5
4029,2013-08-13 13:00:00+00:00,415.5
4029,2013-08-13 13:30:00+00:00,534.5
4029,2013-08-13 14:00:00+00:00,600.0
4029,2013-08-13 14:30:00+00:00,348.2
4029,2013-08-13 15:00:00+00:00,267.3
4029,2013-08-13 15:30:00+00:00,165.5
4029,2013-08-13 16:00:00+00:00,117.25
4029,2013-08-13 16:30:00+00:00,150.0
4029,2013-08-13 17:00:00+00:00,100.0
4029,2013-08-13 17:30:00+00:00,100.0
4029,2013-08-13 18:00:00+00:00,82.75
4029,2013-08-13 18:30:00+00:00,0.0
4029,2013-08-13 19:00:00+00:00,50.0
4029,2013-08-13 19:30:00+00:00,0.0
4029,2013-08-13 20:00:00+00:00,0.0
4029,2013-08-13 20:30:00+00:00,0.0
4029,2013-08-13 21:00:00+00:00,0.0
4029,2013-08-13 21:30:00+00:00,0.0
4029,2013-08-13 22:00:00+00:00,0.0
4029,2013-08-13 22:30:00+00:00,0.0
4029,2013-08-13 23:00:00+00:00,0.0
4029,2013-08-13 23:30:00+00:00,0.0
4029,2013-08-14 00:00:00+00:00,0.0
4029,2013-08-14 00:30:00+00:00,0.0
4029,2013-08-14 01:00:00+00:00,0.0
4029,2013-08-14 01:30:00+00:00,0.0
4029,2013-08-14 02:00:00+00:00,0.0
4029,2013-08-14 02:30:00+00:00,0.0
4029,2013-08-14 03:00:00+00:00,0.0
4029,2013-08-14 03:30:00+00:00,0.0
4029,2013-08-14 04:00:00+00:00,0.0
4029,2013-08-14 04:30:00+00:00,0.0
4029,2013-08-14 05:00:00+00:00,0.0
4029,2013-08-14 05:30:00+00:00,0.0
4029,2013-08-14 06:00:00+00:00,0.0
4029,2013-08-14 06:30:00+00:00,50.0
4029,2013-08-14 07:00:00+00:00,50.0
4029,2013-08-14 07:30:00+00:00,67.25
4029,2013-08-14 08:00:00+00:00,117.25
4029,2013-08-14 08:30:00+00:00,250.0
4029,2013-08-14 09:00:00+00:00,384.5
4029,2013-08-14 09:30:00+00:00,482.75
4029,2013-08-14 10:00:00+00:00,734.5
4029,2013-08-14 10:30:00+00:00,684.5
4029,2013-08-14 11:00:00+00:00,665.5
4029,2013-08-14 11:30:00+00:00,448.58
4029,2013-08-14 12:00:00+00:00,250.0
4029,2013-08-14 12:30:00+00:00,534.84
4029,2013-08-14 13:00:00+00:00,515.16
4029,2013-08-14 13:30:00+00:00,469.67
4029,2013-08-14 14:00:00+00:00,882.58
4029,2013-08-14 14:30:00+00:00,665.01
4029,2013-08-14 15:00:00+00:00,482.74
4029,2013-08-14 15:30:00+00:00,417.42
4029,2013-08-14 16:00:00+00:00,400.0
4029,2013-08-14 16:30:00+00:00,650.0
4029,2013-08-14 17:00:00+00:00,282.58
4029,2013-08-14 17:30:00+00:00,232.59
4029,2013-08-14 18:00:00+00:00,100.0
4029,2013-08-14 18:30:00+00:00,32.58
4029,2013-08-14 19:00:00+00:00,0.0
4029,2013-08-14 19:30:00+00:00,0.0
4029,2013-08-14 20:00:00+00:00,0.0
4029,2013-08-14 20:30:00+00:00,0.0
4029,2013-08-14 21:00:00+00:00,0.0
4029,2013-08-14 21:30:00+00:00,0.0
4029,2013-08-14 22:00:00+00:00,0.0
4029,2013-08-14 22:30:00+00:00,0.0
4029,2013-08-14 23:00:00+00:00,0.0
4029,2013-08-14 23:30:00+00:00,0.0
4029,2013-08-15 00:00:00+00:00,0.0
4029,2013-08-15 00:30:00+00:00,0.0
4029,2013-08-15 01:00:00+00:00,0.0
4029,2013-08-15 01:30:00+00:00,0.0
4029,2013-08-15 02:00:00+00:00,0.0
4029,2013-08-15 02:30:00+00:00,0.0
4029,2013-08-15 03:00:00+00:00,0.0
4029,2013-08-15 03:30:00+00:00,0.0
4029,2013-08-15 04:00:00+00:00,0.0
4029,2013-08-15 04:30:00+00:00,0.0
4029,2013-08-15 05:00:00+00:00,0.0
4029,2013-08-15 05:30:00+00:00,17.5
4029,2013-08-15 06:00:00+00:00,32.5
4029,2013-08-15 06:30:00+00:00,50.0
4029,2013-08-15 07:00:00+00:00,135.0
4029,2013-08-15 07:30:00+00:00,182.5
4029,2013-08-15 08:00:00+00:00,167.5
4029,2013-08-15 08:30:00+00:00,232.5
4029,2013-08-15 09:00:00+00:00,285.0
4029,2013-08-15 09:30:00+00:00,432.5
4029,2013-08-15 10:00:00+00:00,250.0
4029,2013-08-15 10:30:00+00:00,637.5
4029,2013-08-15 11:00:00+00:00,612.5
4029,2013-08-15 11:30:00+00:00,536.0
4029,2013-08-15 12:00:00+00:00,735.5
4029,2013-08-15 12:30:00+00:00,746.75
4029,2013-08-15 13:00:00+00:00,503.07
4029,2013-08-15 13:30:00+00:00,967.35
4029,2013-08-15 14:00:00+00:00,1029.58
4029,2013-08-15 14:30:00+00:00,485.35
4029,2013-08-15 15:00:00+00:00,614.4
4029,2013-08-15 15:30:00+00:00,432.39
4029,2013-08-15 16:00:00+00:00,503.36
4029,2013-08-15 16:30:00+00:00,696.69
4029,2013-08-15 17:00:00+00:00,303.31
4029,2013-08-15 17:30:00+00:00,414.41
4029,2013-08-15 18:00:00+00:00,332.34
4029,2013-08-15 18:30:00+00:00,164.5
4029,2013-08-15 19:00:00+00:00,0.0
4029,2013-08-15 19:30:00+00:00,0.0
4029,2013-08-15 20:00:00+00:00,0.0
4029,2013-08-15 20:30:00+00:00,0.0
4029,2013-08-15 21:00:00+00:00,0.0
4029,2013-08-15 21:30:00+00:00,0.0
4029,2013-08-15 22:00:00+00:00,0.0
4029,2013-08-15 22:30:00+00:00,0.0
4029,2013-08-15 23:00:00+00:00,0.0
4029,2013-08-15 23:30:00+00:00,0.0
4029,2013-08-16 00:00:00+00:00,0.0
4029,2013-08-16 00:30:00+00:00,0.0
4029,2013-08-16 01:00:00+00:00,0.0
4029,2013-08-16 01:30:00+00:00,0.0
4029,2013-08-16 02:00:00+00:00,0.0
4029,2013-08-16 02:30:00+00:00,0.0
4029,2013-08-16 03:00:00+00:00,0.0
4029,2013-08-16 03:30:00+00:00,0.0
4029,2013-08-16 04:00:00+00:00,0.0
4029,2013-08-16 04:30:00+00:00,0.0
4029,2013-08-16 05:00:00+00:00,0.0
4029,2013-08-16 05:30:00+00:00,0.0
4029,2013-08-16 06:00:00+00:00,0.0
4029,2013-08-16 06:30:00+00:00,50.0
4029,2013-08-16 07:00:00+00:00,50.0
4029,2013-08-16 07:30:00+00:00,67.75
4029,2013-08-16 08:00:00+00:00,132.25
4029,2013-08-16 08:30:00+00:00,67.75
4029,2013-08-16 09:00:00+00:00,199.95
4029,2013-08-16 09:30:00+00:00,150.0
4029,2013-08-16 10:00:00+00:00,150.05
4029,2013-08-16 10:30:00+00:00,150.0
4029,2013-08-16 11:00:00+00:00,150.0
4029,2013-08-16 11:30:00+00:00,436.0
4029,2013-08-16 12:00:00+00:00,331.98
4029,2013-08-16 12:30:00+00:00,282.19
4029,2013-08-16 13:00:00+00:00,100.0
4029,2013-08-16 13:30:00+00:00,150.0
4029,2013-08-16 14:00:00+00:00,100.0
4029,2013-08-16 14:30:00+00:00,100.0
4029,2013-08-16 15:00:00+00:00,50.0
4029,2013-08-16 15:30:00+00:00,82.08
4029,2013-08-16 16:00:00+00:00,67.92
4029,2013-08-16 16:30:00+00:00,32.08
4029,2013-08-16 17:00:00+00:00,50.0
4029,2013-08-16 17:30:00+00:00,67.92
4029,2013-08-16 18:00:00+00:00,182.08
4029,2013-08-16 18:30:00+00:00,50.0
4029,2013-08-16 19:00:00+00:00,50.0
4029,2013-08-16 19:30:00+00:00,0.0
4029,2013-08-16 20:00:00+00:00,0.0
4029,2013-08-16 20:30:00+00:00,0.0
4029,2013-08-16 21:00:00+00:00,0.0
4029,2013-08-16 21:30:00+00:00,0.0
4029,2013-08-16 22:00:00+00:00,0.0
4029,2013-08-16 22:30:00+00:00,0.0
4029,2013-08-16 23:00:00+00:00,0.0
4029,2013-08-16 23:30:00+00:00,0.0
4029,2013-08-17 00:00:00+00:00,0.0
4029,2013-08-17 00:30:00+00:00,0.0
4029,2013-08-17 01:00:00+00:00,0.0
4029,2013-08-17 01:30:00+00:00,0.0
4029,2013-08-17 02:00:00+00:00,0.0
4029,2013-08-17 02:30:00+00:00,0.0
4029,2013-08-17 03:00:00+00:00,0.0
4029,2013-08-17 03:30:00+00:00,0.0
4029,2013-08-17 04:00:00+00:00,0.0
4029,2013-08-17 04:30:00+00:00,0.0
4029,2013-08-17 05:00:00+00:00,0.0
4029,2013-08-17 05:30:00+00:00,0.0
4029,2013-08-17 06:00:00+00:00,18.0
4029,2013-08-17 06:30:00+00:00,50.0
4029,2013-08-17 07:00:00+00:00,100.0
4029,2013-08-17 07:30:00+00:00,100.0
4029,2013-08-17 08:00:00+00:00,218.0
4029,2013-08-17 08:30:00+00:00,300.0
4029,2013-08-17 09:00:00+00:00,318.0
4029,2013-08-17 09:30:00+00:00,418.0
4029,2013-08-17 10:00:00+00:00,550.0
4029,2013-08-17 10:30:00+00:00,514.0
4029,2013-08-17 11:00:00+00:00,300.0
4029,2013-08-17 11:30:00+00:00,318.75
4029,2013-08-17 12:00:00+00:00,431.58
4029,2013-08-17 12:30:00+00:00,486.55
4029,2013-08-17 13:00:00+00:00,413.45
4029,2013-08-17 13:30:00+00:00,350.17
4029,2013-08-17 14:00:00+00:00,249.94
4029,2013-08-17 14:30:00+00:00,213.56
4029,2013-08-17 15:00:00+00:00,100.0
4029,2013-08-17 15:30:00+00:00,118.22
4029,2013-08-17 16:00:00+00:00,150.03
4029,2013-08-17 16:30:00+00:00,81.75
4029,2013-08-17 17:00:00+00:00,204.66
4029,2013-08-17 17:30:00+00:00,213.56
4029,2013-08-17 18:00:00+00:00,50.03
4029,2013-08-17 18:30:00+00:00,31.75
4029,2013-08-17 19:00:00+00:00,0.0
4029,2013-08-17 19:30:00+00:00,0.0
4029,2013-08-17 20:00:00+00:00,0.0
4029,2013-08-17 20:30:00+00:00,0.0
4029,2013-08-17 21:00:00+00:00,0.0
4029,2013-08-17 21:30:00+00:00,0.0
4029,2013-08-17 22:00:00+00:00,0.0
4029,2013-08-17 22:30:00+00:00,0.0
4029,2013-08-17 23:00:00+00:00,0.0
4029,2013-08-17 23:30:00+00:00,0.0
4029,2013-08-18 00:00:00+00:00,0.0
4029,2013-08-18 00:30:00+00:00,0.0
4029,2013-08-18 01:00:00+00:00,0.0
4029,2013-08-18 01:30:00+00:00,0.0
4029,2013-08-18 02:00:00+00:00,0.0
4029,2013-08-18 02:30:00+00:00,0.0
4029,2013-08-18 03:00:00+00:00,0.0
4029,2013-08-18 03:30:00+00:00,0.0
4029,2013-08-18 04:00:00+00:00,0.0
4029,2013-08-18 04:30:00+00:00,0.0
4029,2013-08-18 05:00:00+00:00,0.0
4029,2013-08-18 05:30:00+00:00,0.0
4029,2013-08-18 06:00:00+00:00,18.22
4029,2013-08-18 06:30:00+00:00,49.98
4029,2013-08-18 07:00:00+00:00,81.8
4029,2013-08-18 07:30:00+00:00,68.25
4029,2013-08-18 08:00:00+00:00,149.95
4029,2013-08-18 08:30:00+00:00,236.46
4029,2013-08-18 09:00:00+00:00,368.34
4029,2013-08-18 09:30:00+00:00,350.0
4029,2013-08-18 10:00:00+00:00,531.75
4029,2013-08-18 10:30:00+00:00,450.0
4029,2013-08-18 11:00:00+00:00,518.13
4029,2013-08-18 11:30:00+00:00,669.2
4029,2013-08-18 12:00:00+00:00,376.34
4029,2013-08-18 12:30:00+00:00,336.83
4029,2013-08-18 13:00:00+00:00,636.83
4029,2013-08-18 13:30:00+00:00,563.17
4029,2013-08-18 14:00:00+00:00,213.17
4029,2013-08-18 14:30:00+00:00,678.91
4029,2013-08-18 15:00:00+00:00,1026.0
4029,2013-08-18 15:30:00+00:00,481.83
4029,2013-08-18 16:00:00+00:00,213.26
4029,2013-08-18 16:30:00+00:00,99.97
4029,2013-08-18 17:00:00+00:00,100.03
4029,2013-08-18 17:30:00+00:00,50.0
4029,2013-08-18 18:00:00+00:00,99.97
4029,2013-08-18 18:30:00+00:00,50.16
4029,2013-08-18 19:00:00+00:00,31.45
4029,2013-08-18 19:30:00+00:00,0.0
4029,2013-08-18 20:00:00+00:00,0.0
4029,2013-08-18 20:30:00+00:00,0.0
4029,2013-08-18 21:00:00+00:00,0.0
4029,2013-08-18 21:30:00+00:00,0.0
4029,2013-08-18 22:00:00+00:00,0.0
4029,2013-08-18 22:30:00+00:00,0.0
4029,2013-08-18 23:00:00+00:00,0.0
4029,2013-08-18 23:30:00+00:00,0.0
4029,2013-08-19 00:00:00+00:00,0.0
4029,2013-08-19 00:30:00+00:00,0.0
4029,2013-08-19 01:00:00+00:00,0.0
4029,2013-08-19 01:30:00+00:00,0.0
4029,2013-08-19 02:00:00+00:00,0.0
4029,2013-08-19 02:30:00+00:00,0.0
4029,2013-08-19 03:00:00+00:00,0.0
4029,2013-08-19 03:30:00+00:00,0.0
4029,2013-08-19 04:00:00+00:00,0.0
4029,2013-08-19 04:30:00+00:00,0.0
4029,2013-08-19 05:00:00+00:00,0.0
4029,2013-08-19 05:30:00+00:00,0.0
4029,2013-08-19 06:00:00+00:00,0.0
4029,2013-08-19 06:30:00+00:00,50.0
4029,2013-08-19 07:00:00+00:00,50.0
4029,2013-08-19 07:30:00+00:00,50.0
4029,2013-08-19 08:00:00+00:00,118.5
4029,2013-08-19 08:30:00+00:00,237.0
4029,2013-08-19 09:00:00+00:00,418.5
4029,2013-08-19 09:30:00+00:00,600.0
4029,2013-08-19 10:00:00+00:00,681.5
4029,2013-08-19 10:30:00+00:00,387.0
4029,2013-08-19 11:00:00+00:00,881.5
4029,2013-08-19 11:30:00+00:00,706.67
4029,2013-08-19 12:00:00+00:00,600.0
4029,2013-08-19 12:30:00+00:00,456.66
4029,2013-08-19 13:00:00+00:00,406.0
4029,2013-08-19 13:30:00+00:00,750.0
4029,2013-08-19 14:00:00+00:00,912.67
4029,2013-08-19 14:30:00+00:00,868.67
4029,2013-08-19 15:00:00+00:00,362.66
4029,2013-08-19 15:30:00+00:00,756.0
4029,2013-08-19 16:00:00+00:00,831.34
4029,2013-08-19 16:30:00+00:00,344.0
4029,2013-08-19 17:00:00+00:00,400.0
4029,2013-08-19 17:30:00+00:00,200.0
4029,2013-08-19 18:00:00+00:00,131.33
4029,2013-08-19 18:30:00+00:00,100.0
4029,2013-08-19 19:00:00+00:00,0.0
4029,2013-08-19 19:30:00+00:00,0.0
4029,2013-08-19 20:00:00+00:00,0.0
4029,2013-08-19 20:30:00+00:00,0.0
4029,2013-08-19 21:00:00+00:00,0.0
4029,2013-08-19 21:30:00+00:00,0.0
4029,2013-08-19 22:00:00+00:00,0.0
4029,2013-08-19 22:30:00+00:00,0.0
4029,2013-08-19 23:00:00+00:00,0.0
4029,2013-08-19 23:30:00+00:00,0.0
4029,2013-08-20 00:00:00+00:00,0.0
4029,2013-08-20 00:30:00+00:00,0.0
4029,2013-08-20 01:00:00+00:00,0.0
4029,2013-08-20 01:30:00+00:00,0.0
4029,2013-08-20 02:00:00+00:00,0.0
4029,2013-08-20 02:30:00+00:00,0.0
4029,2013-08-20 03:00:00+00:00,0.0
4029,2013-08-20 03:30:00+00:00,0.0
4029,2013-08-20 04:00:00+00:00,0.0
4029,2013-08-20 04:30:00+00:00,0.0
4029,2013-08-20 05:00:00+00:00,0.0
4029,2013-08-20 05:30:00+00:00,0.0
4029,2013-08-20 06:00:00+00:00,18.67
4029,2013-08-20 06:30:00+00:00,81.33
4029,2013-08-20 07:00:00+00:00,100.0
4029,2013-08-20 07:30:00+00:00,150.0
4029,2013-08-20 08:00:00+00:00,187.33
4029,2013-08-20 08:30:00+00:00,250.0
4029,2013-08-20 09:00:00+00:00,387.34
4029,2013-08-20 09:30:00+00:00,600.0
4029,2013-08-20 10:00:00+00:00,718.66
4029,2013-08-20 10:30:00+00:00,731.34
4029,2013-08-20 11:00:00+00:00,694.0
4029,2013-08-20 11:30:00+00:00,613.16
4029,2013-08-20 12:00:00+00:00,1018.84
4029,2013-08-20 12:30:00+00:00,662.33
4029,2013-08-20 13:00:00+00:00,887.67
4029,2013-08-20 13:30:00+00:00,1062.33
4029,2013-08-20 14:00:00+00:00,1068.83
4029,2013-08-20 14:30:00+00:00,1000.0
4029,2013-08-20 15:00:00+00:00,900.0
4029,2013-08-20 15:30:00+00:00,831.17
4029,2013-08-20 16:00:00+00:00,643.5
4029,2013-08-20 16:30:00+00:00,518.96
4029,2013-08-20 17:00:00+00:00,531.2
4029,2013-08-20 17:30:00+00:00,431.01
4029,2013-08-20 18:00:00+00:00,250.06
4029,2013-08-20 18:30:00+00:00,112.27
4029,2013-08-20 19:00:00+00:00,0.0
4029,2013-08-20 19:30:00+00:00,0.0
4029,2013-08-20 20:00:00+00:00,0.0
4029,2013-08-20 20:30:00+00:00,0.0
4029,2013-08-20 21:00:00+00:00,0.0
4029,2013-08-20 21:30:00+00:00,0.0
4029,2013-08-20 22:00:00+00:00,0.0
4029,2013-08-20 22:30:00+00:00,0.0
4029,2013-08-20 23:00:00+00:00,0.0
4029,2013-08-20 23:30:00+00:00,0.0
4029,2013-08-21 00:00:00+00:00,0.0
4029,2013-08-21 00:30:00+00:00,0.0
4029,2013-08-21 01:00:00+00:00,0.0
4029,2013-08-21 01:30:00+00:00,0.0
4029,2013-08-21 02:00:00+00:00,0.0
4029,2013-08-21 02:30:00+00:00,0.0
4029,2013-08-21 03:00:00+00:00,0.0
4029,2013-08-21 03:30:00+00:00,0.0
4029,2013-08-21 04:00:00+00:00,0.0
4029,2013-08-21 04:30:00+00:00,0.0
4029,2013-08-21 05:00:00+00:00,0.0
4029,2013-08-21 05:30:00+00:00,0.0
4029,2013-08-21 06:00:00+00:00,50.0
4029,2013-08-21 06:30:00+00:00,50.0
4029,2013-08-21 07:00:00+00:00,68.92
4029,2013-08-21 07:30:00+00:00,100.03
4029,2013-08-21 08:00:00+00:00,150.05
4029,2013-08-21 08:30:00+00:00,219.0
4029,2013-08-21 09:00:00+00:00,419.0
4029,2013-08-21 09:30:00+00:00,569.0
4029,2013-08-21 10:00:00+00:00,700.0
4029,2013-08-21 10:30:00+00:00,719.0
4029,2013-08-21 11:00:00+00:00,869.0
4029,2013-08-21 11:30:00+00:00,951.0
4029,2013-08-21 12:00:00+00:00,1000.0
4029,2013-08-21 12:30:00+00:00,1000.0
4029,2013-08-21 13:00:00+00:00,1019.17
4029,2013-08-21 13:30:00+00:00,900.0
4029,2013-08-21 14:00:00+00:00,1030.83
4029,2013-08-21 14:30:00+00:00,880.67
4029,2013-08-21 15:00:00+00:00,800.16
4029,2013-08-21 15:30:00+00:00,392.5
4029,2013-08-21 16:00:00+00:00,419.17
4029,2013-08-21 16:30:00+00:00,600.0
4029,2013-08-21 17:00:00+00:00,411.67
4029,2013-08-21 17:30:00+00:00,200.0
4029,2013-08-21 18:00:00+00:00,150.0
4029,2013-08-21 18:30:00+00:00,80.83
4029,2013-08-21 19:00:00+00:00,0.0
4029,2013-08-21 19:30:00+00:00,0.0
4029,2013-08-21 20:00:00+00:00,0.0
4029,2013-08-21 20:30:00+00:00,0.0
4029,2013-08-21 21:00:00+00:00,0.0
4029,2013-08-21 21:30:00+00:00,0.0
4029,2013-08-21 22:00:00+00:00,0.0
4029,2013-08-21 22:30:00+00:00,0.0
4029,2013-08-21 23:00:00+00:00,0.0
4029,2013-08-21 23:30:00+00:00,0.0
4029,2013-08-22 00:00:00+00:00,0.0
4029,2013-08-22 00:30:00+00:00,0.0
4029,2013-08-22 01:00:00+00:00,0.0
4029,2013-08-22 01:30:00+00:00,0.0
4029,2013-08-22 02:00:00+00:00,0.0
4029,2013-08-22 02:30:00+00:00,0.0
4029,2013-08-22 03:00:00+00:00,0.0
4029,2013-08-22 03:30:00+00:00,0.0
4029,2013-08-22 04:00:00+00:00,0.0
4029,2013-08-22 04:30:00+00:00,0.0
4029,2013-08-22 05:00:00+00:00,0.0
4029,2013-08-22 05:30:00+00:00,0.0
4029,2013-08-22 06:00:00+00:00,0.0
4029,2013-08-22 06:30:00+00:00,19.17
4029,2013-08-22 07:00:00+00:00,50.0
4029,2013-08-22 07:30:00+00:00,50.0
4029,2013-08-22 08:00:00+00:00,80.83
4029,2013-08-22 08:30:00+00:00,19.17
4029,2013-08-22 09:00:00+00:00,30.83
4029,2013-08-22 09:30:00+00:00,69.17
4029,2013-08-22 10:00:00+00:00,50.0
4029,2013-08-22 10:30:00+00:00,80.83
4029,2013-08-22 11:00:00+00:00,169.17
4029,2013-08-22 11:30:00+00:00,300.16
4029,2013-08-22 12:00:00+00:00,138.67
4029,2013-08-22 12:30:00+00:00,380.67
4029,2013-08-22 13:00:00+00:00,250.0
4029,2013-08-22 13:30:00+00:00,419.18
4029,2013-08-22 14:00:00+00:00,330.82
4029,2013-08-22 14:30:00+00:00,500.0
4029,2013-08-22 15:00:00+00:00,180.66
4029,2013-08-22 15:30:00+00:00,100.0
4029,2013-08-22 16:00:00+00:00,269.34
4029,2013-08-22 16:30:00+00:00,130.66
4029,2013-08-22 17:00:00+00:00,319.34
4029,2013-08-22 17:30:00+00:00,180.66
4029,2013-08-22 18:00:00+00:00,30.67
4029,2013-08-22 18:30:00+00:00,50.0
4029,2013-08-22 19:00:00+00:00,0.0
4029,2013-08-22 19:30:00+00:00,0.0
4029,2013-08-22 20:00:00+00:00,0.0
4029,2013-08-22 20:30:00+00:00,0.0
4029,2013-08-22 21:00:00+00:00,0.0
4029,2013-08-22 21:30:00+00:00,0.0
4029,2013-08-22 22:00:00+00:00,0.0
4029,2013-08-22 22:30:00+00:00,0.0
4029,2013-08-22 23:00:00+00:00,0.0
4029,2013-08-22 23:30:00+00:00,0.0
4029,2013-08-23 00:00:00+00:00,0.0
4029,2013-08-23 00:30:00+00:00,0.0
4029,2013-08-23 01:00:00+00:00,0.0
4029,2013-08-23 01:30:00+00:00,0.0
4029,2013-08-23 02:00:00+00:00,0.0
4029,2013-08-23 02:30:00+00:00,0.0
4029,2013-08-23 03:00:00+00:00,0.0
4029,2013-08-23 03:30:00+00:00,0.0
4029,2013-08-23 04:00:00+00:00,0.0
4029,2013-08-23 04:30:00+00:00,0.0
4029,2013-08-23 05:00:00+00:00,0.0
4029,2013-08-23 05:30:00+00:00,0.0
4029,2013-08-23 06:00:00+00:00,0.0
4029,2013-08-23 06:30:00+00:00,50.0
4029,2013-08-23 07:00:00+00:00,69.47
4029,2013-08-23 07:30:00+00:00,100.03
4029,2013-08-23 08:00:00+00:00,149.97
4029,2013-08-23 08:30:00+00:00,239.03
4029,2013-08-23 09:00:00+00:00,400.0
4029,2013-08-23 09:30:00+00:00,519.37
4029,2013-08-23 10:00:00+00:00,669.63
4029,2013-08-23 10:30:00+00:00,750.0
4029,2013-08-23 11:00:00+00:00,869.19
4029,2013-08-23 11:30:00+00:00,901.31
4029,2013-08-23 12:00:00+00:00,849.5
4029,2013-08-23 12:30:00+00:00,689.83
4029,2013-08-23 13:00:00+00:00,821.13
4029,2013-08-23 13:30:00+00:00,530.54
4029,2013-08-23 14:00:00+00:00,380.33
4029,2013-08-23 14:30:00+00:00,469.52
4029,2013-08-23 15:00:00+00:00,280.42
4029,2013-08-23 15:30:00+00:00,230.31
4029,2013-08-23 16:00:00+00:00,200.0
4029,2013-08-23 16:30:00+00:00,130.42
4029,2013-08-23 17:00:00+00:00,50.0
4029,2013-08-23 17:30:00+00:00,50.0
4029,2013-08-23 18:00:00+00:00,0.0
4029,2013-08-23 18:30:00+00:00,0.0
4029,2013-08-23 19:00:00+00:00,0.0
4029,2013-08-23 19:30:00+00:00,0.0
4029,2013-08-23 20:00:00+00:00,0.0
4029,2013-08-23 20:30:00+00:00,0.0
4029,2013-08-23 21:00:00+00:00,0.0
4029,2013-08-23 21:30:00+00:00,0.0
4029,2013-08-23 22:00:00+00:00,0.0
4029,2013-08-23 22:30:00+00:00,0.0
4029,2013-08-23 23:00:00+00:00,0.0
4029,2013-08-23 23:30:00+00:00,0.0
4029,2013-08-24 00:00:00+00:00,0.0
4029,2013-08-24 00:30:00+00:00,0.0
4029,2013-08-24 01:00:00+00:00,0.0
4029,2013-08-24 01:30:00+00:00,0.0
4029,2013-08-24 02:00:00+00:00,0.0
4029,2013-08-24 02:30:00+00:00,0.0
4029,2013-08-24 03:00:00+00:00,0.0
4029,2013-08-24 03:30:00+00:00,0.0
4029,2013-08-24 04:00:00+00:00,0.0
4029,2013-08-24 04:30:00+00:00,0.0
4029,2013-08-24 05:00:00+00:00,0.0
4029,2013-08-24 05:30:00+00:00,0.0
4029,2013-08-24 06:00:00+00:00,50.0
4029,2013-08-24 06:30:00+00:00,50.0
4029,2013-08-24 07:00:00+00:00,69.67
4029,2013-08-24 07:30:00+00:00,30.33
4029,2013-08-24 08:00:00+00:00,0.0
4029,2013-08-24 08:30:00+00:00,50.0
4029,2013-08-24 09:00:00+00:00,19.67
4029,2013-08-24 09:30:00+00:00,119.66
4029,2013-08-24 10:00:00+00:00,230.34
4029,2013-08-24 10:30:00+00:00,150.0
4029,2013-08-24 11:00:00+00:00,100.0
4029,2013-08-24 11:30:00+00:00,100.16
4029,2013-08-24 12:00:00+00:00,269.84
4029,2013-08-24 12:30:00+00:00,300.0
4029,2013-08-24 13:00:00+00:00,280.16
4029,2013-08-24 13:30:00+00:00,130.17
4029,2013-08-24 14:00:00+00:00,69.83
4029,2013-08-24 14:30:00+00:00,100.0
4029,2013-08-24 15:00:00+00:00,80.17
4029,2013-08-24 15:30:00+00:00,0.0
4029,2013-08-24 16:00:00+00:00,50.0
4029,2013-08-24 16:30:00+00:00,0.0
4029,2013-08-24 17:00:00+00:00,0.0
4029,2013-08-24 17:30:00+00:00,0.0
4029,2013-08-24 18:00:00+00:00,0.0
4029,2013-08-24 18:30:00+00:00,0.0
4029,2013-08-24 19:00:00+00:00,0.0
4029,2013-08-24 19:30:00+00:00,0.0
4029,2013-08-24 20:00:00+00:00,0.0
4029,2013-08-24 20:30:00+00:00,0.0
4029,2013-08-24 21:00:00+00:00,0.0
4029,2013-08-24 21:30:00+00:00,0.0
4029,2013-08-24 22:00:00+00:00,0.0
4029,2013-08-24 22:30:00+00:00,0.0
4029,2013-08-24 23:00:00+00:00,0.0
4029,2013-08-24 23:30:00+00:00,0.0
4029,2013-08-25 00:00:00+00:00,0.0
4029,2013-08-25 00:30:00+00:00,0.0
4029,2013-08-25 01:00:00+00:00,0.0
4029,2013-08-25 01:30:00+00:00,0.0
4029,2013-08-25 02:00:00+00:00,0.0
4029,2013-08-25 02:30:00+00:00,0.0
4029,2013-08-25 03:00:00+00:00,0.0
4029,2013-08-25 03:30:00+00:00,0.0
4029,2013-08-25 04:00:00+00:00,0.0
4029,2013-08-25 04:30:00+00:00,0.0
4029,2013-08-25 05:00:00+00:00,0.0
4029,2013-08-25 05:30:00+00:00,0.0
4029,2013-08-25 06:00:00+00:00,0.0
4029,2013-08-25 06:30:00+00:00,0.0
4029,2013-08-25 07:00:00+00:00,0.0
4029,2013-08-25 07:30:00+00:00,50.0
4029,2013-08-25 08:00:00+00:00,19.95
4029,2013-08-25 08:30:00+00:00,170.05
4029,2013-08-25 09:00:00+00:00,249.9
4029,2013-08-25 09:30:00+00:00,270.0
4029,2013-08-25 10:00:00+00:00,350.1
4029,2013-08-25 10:30:00+00:00,519.87
4029,2013-08-25 11:00:00+00:00,649.93
4029,2013-08-25 11:30:00+00:00,570.78
4029,2013-08-25 12:00:00+00:00,549.84
4029,2013-08-25 12:30:00+00:00,759.93
4029,2013-08-25 13:00:00+00:00,669.98
4029,2013-08-25 13:30:00+00:00,580.02
4029,2013-08-25 14:00:00+00:00,790.32
4029,2013-08-25 14:30:00+00:00,489.6
4029,2013-08-25 15:00:00+00:00,470.13
4029,2013-08-25 15:30:00+00:00,349.85
4029,2013-08-25 16:00:00+00:00,400.1
4029,2013-08-25 16:30:00+00:00,429.82
4029,2013-08-25 17:00:00+00:00,320.08
4029,2013-08-25 17:30:00+00:00,189.75
4029,2013-08-25 18:00:00+00:00,120.13
4029,2013-08-25 18:30:00+00:00,29.87
4029,2013-08-25 19:00:00+00:00,50.0
4029,2013-08-25 19:30:00+00:00,0.0
4029,2013-08-25 20:00:00+00:00,0.0
4029,2013-08-25 20:30:00+00:00,0.0
4029,2013-08-25 21:00:00+00:00,0.0
4029,2013-08-25 21:30:00+00:00,0.0
4029,2013-08-25 22:00:00+00:00,0.0
4029,2013-08-25 22:30:00+00:00,0.0
4029,2013-08-25 23:00:00+00:00,0.0
4029,2013-08-25 23:30:00+00:00,0.0
4029,2013-08-26 00:00:00+00:00,0.0
4029,2013-08-26 00:30:00+00:00,0.0
4029,2013-08-26 01:00:00+00:00,0.0
4029,2013-08-26 01:30:00+00:00,0.0
4029,2013-08-26 02:00:00+00:00,0.0
4029,2013-08-26 02:30:00+00:00,0.0
4029,2013-08-26 03:00:00+00:00,0.0
4029,2013-08-26 03:30:00+00:00,0.0
4029,2013-08-26 04:00:00+00:00,0.0
4029,2013-08-26 04:30:00+00:00,0.0
4029,2013-08-26 05:00:00+00:00,0.0
4029,2013-08-26 05:30:00+00:00,0.0
4029,2013-08-26 06:00:00+00:00,0.0
4029,2013-08-26 06:30:00+00:00,0.0
4029,2013-08-26 07:00:00+00:00,70.17
4029,2013-08-26 07:30:00+00:00,100.0
4029,2013-08-26 08:00:00+00:00,170.16
4029,2013-08-26 08:30:00+00:00,200.0
4029,2013-08-26 09:00:00+00:00,199.9
4029,2013-08-26 09:30:00+00:00,279.94
4029,2013-08-26 10:00:00+00:00,370.06
4029,2013-08-26 10:30:00+00:00,610.6
4029,2013-08-26 11:00:00+00:00,840.34
4029,2013-08-26 11:30:00+00:00,980.83
4029,2013-08-26 12:00:00+00:00,1020.68
4029,2013-08-26 12:30:00+00:00,999.65
4029,2013-08-26 13:00:00+00:00,1100.0
4029,2013-08-26 13:30:00+00:00,1029.67
4029,2013-08-26 14:00:00+00:00,1000.2
4029,2013-08-26 14:30:00+00:00,1020.13
4029,2013-08-26 15:00:00+00:00,950.0
4029,2013-08-26 15:30:00+00:00,909.34
4029,2013-08-26 16:00:00+00:00,820.33
4029,2013-08-26 16:30:00+00:00,709.53
4029,2013-08-26 17:00:00+00:00,599.8
4029,2013-08-26 17:30:00+00:00,429.67
4029,2013-08-26 18:00:00+00:00,259.33
4029,2013-08-26 18:30:00+00:00,79.67
4029,2013-08-26 19:00:00+00:00,0.0
4029,2013-08-26 19:30:00+00:00,0.0
4029,2013-08-26 20:00:00+00:00,0.0
4029,2013-08-26 20:30:00+00:00,0.0
4029,2013-08-26 21:00:00+00:00,0.0
4029,2013-08-26 21:30:00+00:00,0.0
4029,2013-08-26 22:00:00+00:00,0.0
4029,2013-08-26 22:30:00+00:00,0.0
4029,2013-08-26 23:00:00+00:00,0.0
4029,2013-08-26 23:30:00+00:00,0.0
4029,2013-08-27 00:00:00+00:00,0.0
4029,2013-08-27 00:30:00+00:00,0.0
4029,2013-08-27 01:00:00+00:00,0.0
4029,2013-08-27 01:30:00+00:00,0.0
4029,2013-08-27 02:00:00+00:00,0.0
4029,2013-08-27 02:30:00+00:00,0.0
4029,2013-08-27 03:00:00+00:00,0.0
4029,2013-08-27 03:30:00+00:00,0.0
4029,2013-08-27 04:00:00+00:00,0.0
4029,2013-08-27 04:30:00+00:00,0.0
4029,2013-08-27 05:00:00+00:00,0.0
4029,2013-08-27 05:30:00+00:00,0.0
4029,2013-08-27 06:00:00+00:00,50.0
4029,2013-08-27 06:30:00+00:00,20.45
4029,2013-08-27 07:00:00+00:00,99.97
4029,2013-08-27 07:30:00+00:00,129.58
4029,2013-08-27 08:00:00+00:00,120.42
4029,2013-08-27 08:30:00+00:00,270.41
4029,2013-08-27 09:00:00+00:00,440.84
4029,2013-08-27 09:30:00+00:00,600.0
4029,2013-08-27 10:00:00+00:00,720.41
4029,2013-08-27 10:30:00+00:00,820.42
4029,2013-08-27 11:00:00+00:00,950.0
4029,2013-08-27 11:30:00+00:00,972.17
4029,2013-08-27 12:00:00+00:00,1029.04
4029,2013-08-27 12:30:00+00:00,1020.72
4029,2013-08-27 13:00:00+00:00,1000.0
4029,2013-08-27 13:30:00+00:00,1079.28
4029,2013-08-27 14:00:00+00:00,1020.72
4029,2013-08-27 14:30:00+00:00,1050.24
4029,2013-08-27 15:00:00+00:00,979.12
4029,2013-08-27 15:30:00+00:00,900.21
4029,2013-08-27 16:00:00+00:00,829.16
4029,2013-08-27 16:30:00+00:00,729.37
4029,2013-08-27 17:00:00+00:00,579.47
4029,2013-08-27 17:30:00+00:00,329.24
4029,2013-08-27 18:00:00+00:00,279.43
4029,2013-08-27 18:30:00+00:00,29.33
4029,2013-08-27 19:00:00+00:00,0.0
4029,2013-08-27 19:30:00+00:00,0.0
4029,2013-08-27 20:00:00+00:00,0.0
4029,2013-08-27 20:30:00+00:00,0.0
4029,2013-08-27 21:00:00+00:00,0.0
4029,2013-08-27 21:30:00+00:00,0.0
4029,2013-08-27 22:00:00+00:00,0.0
4029,2013-08-27 22:30:00+00:00,0.0
4029,2013-08-27 23:00:00+00:00,0.0
4029,2013-08-27 23:30:00+00:00,0.0
4029,2013-08-28 00:00:00+00:00,0.0
4029,2013-08-28 00:30:00+00:00,0.0
4029,2013-08-28 01:00:00+00:00,0.0
4029,2013-08-28 01:30:00+00:00,0.0
4029,2013-08-28 02:00:00+00:00,0.0
4029,2013-08-28 02:30:00+00:00,0.0
4029,2013-08-28 03:00:00+00:00,0.0
4029,2013-08-28 03:30:00+00:00,0.0
4029,2013-08-28 04:00:00+00:00,0.0
4029,2013-08-28 04:30:00+00:00,0.0
4029,2013-08-28 05:00:00+00:00,0.0
4029,2013-08-28 05:30:00+00:00,0.0
4029,2013-08-28 06:00:00+00:00,0.0
4029,2013-08-28 06:30:00+00:00,50.0
4029,2013-08-28 07:00:00+00:00,20.67
4029,2013-08-28 07:30:00+00:00,50.0
4029,2013-08-28 08:00:00+00:00,150.0
4029,2013-08-28 08:30:00+00:00,170.66
4029,2013-08-28 09:00:00+00:00,420.67
4029,2013-08-28 09:30:00+00:00,570.67
4029,2013-08-28 10:00:00+00:00,720.66
4029,2013-08-28 10:30:00+00:00,770.67
4029,2013-08-28 11:00:00+00:00,900.0
4029,2013-08-28 11:30:00+00:00,971.83
4029,2013-08-28 12:00:00+00:00,1000.0
4029,2013-08-28 12:30:00+00:00,1050.0
4029,2013-08-28 13:00:00+00:00,1050.0
4029,2013-08-28 13:30:00+00:00,1050.0
4029,2013-08-28 14:00:00+00:00,1050.0
4029,2013-08-28 14:30:00+00:00,1000.0
4029,2013-08-28 15:00:00+00:00,929.17
4029,2013-08-28 15:30:00+00:00,829.17
4029,2013-08-28 16:00:00+00:00,679.16
4029,2013-08-28 16:30:00+00:00,600.0
4029,2013-08-28 17:00:00+00:00,479.17
4029,2013-08-28 17:30:00+00:00,308.33
4029,2013-08-28 18:00:00+00:00,150.0
4029,2013-08-28 18:30:00+00:00,29.17
4029,2013-08-28 19:00:00+00:00,0.0
4029,2013-08-28 19:30:00+00:00,0.0
4029,2013-08-28 20:00:00+00:00,0.0
4029,2013-08-28 20:30:00+00:00,0.0
4029,2013-08-28 21:00:00+00:00,0.0
4029,2013-08-28 21:30:00+00:00,0.0
4029,2013-08-28 22:00:00+00:00,0.0
4029,2013-08-28 22:30:00+00:00,0.0
4029,2013-08-28 23:00:00+00:00,0.0
4029,2013-08-28 23:30:00+00:00,0.0
4029,2013-08-29 00:00:00+00:00,0.0
4029,2013-08-29 00:30:00+00:00,0.0
4029,2013-08-29 01:00:00+00:00,0.0
4029,2013-08-29 01:30:00+00:00,0.0
4029,2013-08-29 02:00:00+00:00,0.0
4029,2013-08-29 02:30:00+00:00,0.0
4029,2013-08-29 03:00:00+00:00,0.0
4029,2013-08-29 03:30:00+00:00,0.0
4029,2013-08-29 04:00:00+00:00,0.0
4029,2013-08-29 04:30:00+00:00,0.0
4029,2013-08-29 05:00:00+00:00,0.0
4029,2013-08-29 05:30:00+00:00,0.0
4029,2013-08-29 06:00:00+00:00,20.92
4029,2013-08-29 06:30:00+00:00,29.08
4029,2013-08-29 07:00:00+00:00,70.92
4029,2013-08-29 07:30:00+00:00,129.08
4029,2013-08-29 08:00:00+00:00,120.92
4029,2013-08-29 08:30:00+00:00,220.91
4029,2013-08-29 09:00:00+00:00,391.84
4029,2013-08-29 09:30:00+00:00,550.0
4029,2013-08-29 10:00:00+00:00,670.91
4029,2013-08-29 10:30:00+00:00,800.0
4029,2013-08-29 11:00:00+00:00,920.92
4029,2013-08-29 11:30:00+00:00,972.08
4029,2013-08-29 12:00:00+00:00,1021.09
4029,2013-08-29 12:30:00+00:00,836.92
4029,2013-08-29 13:00:00+00:00,921.41
4029,2013-08-29 13:30:00+00:00,870.58
4029,2013-08-29 14:00:00+00:00,758.01
4029,2013-08-29 14:30:00+00:00,757.8
4029,2013-08-29 15:00:00+00:00,420.94
4029,2013-08-29 15:30:00+00:00,428.92
4029,2013-08-29 16:00:00+00:00,571.22
4029,2013-08-29 16:30:00+00:00,528.78
4029,2013-08-29 17:00:00+00:00,329.01
4029,2013-08-29 17:30:00+00:00,299.91
4029,2013-08-29 18:00:00+00:00,207.83
4029,2013-08-29 18:30:00+00:00,0.0
4029,2013-08-29 19:00:00+00:00,0.0
4029,2013-08-29 19:30:00+00:00,0.0
4029,2013-08-29 20:00:00+00:00,0.0
4029,2013-08-29 20:30:00+00:00,0.0
4029,2013-08-29 21:00:00+00:00,0.0
4029,2013-08-29 21:30:00+00:00,0.0
4029,2013-08-29 22:00:00+00:00,0.0
4029,2013-08-29 22:30:00+00:00,0.0
4029,2013-08-29 23:00:00+00:00,0.0
4029,2013-08-29 23:30:00+00:00,0.0
4029,2013-08-30 00:00:00+00:00,0.0
4029,2013-08-30 00:30:00+00:00,0.0
4029,2013-08-30 01:00:00+00:00,0.0
4029,2013-08-30 01:30:00+00:00,0.0
4029,2013-08-30 02:00:00+00:00,0.0
4029,2013-08-30 02:30:00+00:00,0.0
4029,2013-08-30 03:00:00+00:00,0.0
4029,2013-08-30 03:30:00+00:00,0.0
4029,2013-08-30 04:00:00+00:00,0.0
4029,2013-08-30 04:30:00+00:00,0.0
4029,2013-08-30 05:00:00+00:00,0.0
4029,2013-08-30 05:30:00+00:00,0.0
4029,2013-08-30 06:00:00+00:00,0.0
4029,2013-08-30 06:30:00+00:00,50.0
4029,2013-08-30 07:00:00+00:00,100.0
4029,2013-08-30 07:30:00+00:00,142.33
4029,2013-08-30 08:00:00+00:00,128.8
4029,2013-08-30 08:30:00+00:00,221.04
4029,2013-08-30 09:00:00+00:00,442.16
4029,2013-08-30 09:30:00+00:00,571.09
4029,2013-08-30 10:00:00+00:00,750.17
4029,2013-08-30 10:30:00+00:00,657.66
4029,2013-08-30 11:00:00+00:00,884.33
4029,2013-08-30 11:30:00+00:00,1000.25
4029,2013-08-30 12:00:00+00:00,999.75
4029,2013-08-30 12:30:00+00:00,1036.75
4029,2013-08-30 13:00:00+00:00,828.92
4029,2013-08-30 13:30:00+00:00,934.33
4029,2013-08-30 14:00:00+00:00,978.92
4029,2013-08-30 14:30:00+00:00,728.92
4029,2013-08-30 15:00:00+00:00,608.15
4029,2013-08-30 15:30:00+00:00,814.14
4029,2013-08-30 16:00:00+00:00,828.72
4029,2013-08-30 16:30:00+00:00,557.57
4029,2013-08-30 17:00:00+00:00,357.3
4029,2013-08-30 17:30:00+00:00,149.99
4029,2013-08-30 18:00:00+00:00,128.71
4029,2013-08-30 18:30:00+00:00,50.0
4029,2013-08-30 19:00:00+00:00,0.0
4029,2013-08-30 19:30:00+00:00,0.0
4029,2013-08-30 20:00:00+00:00,0.0
4029,2013-08-30 20:30:00+00:00,0.0
4029,2013-08-30 21:00:00+00:00,0.0
4029,2013-08-30 21:30:00+00:00,0.0
4029,2013-08-30 22:00:00+00:00,0.0
4029,2013-08-30 22:30:00+00:00,0.0
4029,2013-08-30 23:00:00+00:00,0.0
4029,2013-08-30 23:30:00+00:00,0.0
4029,2013-08-31 00:00:00+00:00,0.0
4029,2013-08-31 00:30:00+00:00,0.0
4029,2013-08-31 01:00:00+00:00,0.0
4029,2013-08-31 01:30:00+00:00,0.0
4029,2013-08-31 02:00:00+00:00,0.0
4029,2013-08-31 02:30:00+00:00,0.0
4029,2013-08-31 03:00:00+00:00,0.0
4029,2013-08-31 03:30:00+00:00,0.0
4029,2013-08-31 04:00:00+00:00,0.0
4029,2013-08-31 04:30:00+00:00,0.0
4029,2013-08-31 05:00:00+00:00,0.0
4029,2013-08-31 05:30:00+00:00,0.0
4029,2013-08-31 06:00:00+00:00,0.0
4029,2013-08-31 06:30:00+00:00,21.67
4029,2013-08-31 07:00:00+00:00,50.0
4029,2013-08-31 07:30:00+00:00,100.0
4029,2013-08-31 08:00:00+00:00,149.82
4029,2013-08-31 08:30:00+00:00,271.18
4029,2013-08-31 09:00:00+00:00,421.33
4029,2013-08-31 09:30:00+00:00,592.67
4029,2013-08-31 10:00:00+00:00,749.76
4029,2013-08-31 10:30:00+00:00,821.57
4029,2013-08-31 11:00:00+00:00,949.71
4029,2013-08-31 11:30:00+00:00,1021.29
4029,2013-08-31 12:00:00+00:00,1029.0
4029,2013-08-31 12:30:00+00:00,971.0
4029,2013-08-31 13:00:00+00:00,1000.33
4029,2013-08-31 13:30:00+00:00,1100.0
4029,2013-08-31 14:00:00+00:00,1099.42
4029,2013-08-31 14:30:00+00:00,1050.33
4029,2013-08-31 15:00:00+00:00,1000.75
4029,2013-08-31 15:30:00+00:00,929.17
4029,2013-08-31 16:00:00+00:00,828.5
4029,2013-08-31 16:30:00+00:00,700.0
4029,2013-08-31 17:00:00+00:00,557.0
4029,2013-08-31 17:30:00+00:00,335.5
4029,2013-08-31 18:00:00+00:00,71.5
4029,2013-08-31 18:30:00+00:00,28.5
4029,2013-08-31 19:00:00+00:00,0.0
4029,2013-08-31 19:30:00+00:00,0.0
4029,2013-08-31 20:00:00+00:00,0.0
4029,2013-08-31 20:30:00+00:00,0.0
4029,2013-08-31 21:00:00+00:00,0.0
4029,2013-08-31 21:30:00+00:00,0.0
4029,2013-08-31 22:00:00+00:00,0.0
4029,2013-08-31 22:30:00+00:00,0.0
4029,2013-08-31 23:00:00+00:00,0.0
4029,2013-08-31 23:30:00+00:00,0.0
4029,2013-09-01 00:30:00+00:00,0.0
4029,2013-09-01 01:00:00+00:00,0.0
4029,2013-09-01 01:30:00+00:00,0.0
4029,2013-09-01 02:00:00+00:00,0.0
4029,2013-09-01 02:30:00+00:00,0.0
4029,2013-09-01 03:00:00+00:00,0.0
4029,2013-09-01 03:30:00+00:00,0.0
4029,2013-09-01 04:00:00+00:00,0.0
4029,2013-09-01 04:30:00+00:00,0.0
4029,2013-09-01 05:00:00+00:00,0.0
4029,2013-09-01 05:30:00+00:00,0.0
4029,2013-09-01 06:00:00+00:00,0.0
4029,2013-09-01 06:30:00+00:00,71.88
4029,2013-09-01 07:00:00+00:00,78.12
4029,2013-09-01 07:30:00+00:00,121.92
4029,2013-09-01 08:00:00+00:00,199.77
4029,2013-09-01 08:30:00+00:00,242.81
4029,2013-09-01 09:00:00+00:00,399.89
4029,2013-09-01 09:30:00+00:00,450.11
4029,2013-09-01 10:00:00+00:00,450.0
4029,2013-09-01 10:30:00+00:00,400.0
4029,2013-09-01 11:00:00+00:00,714.5
4029,2013-09-01 11:30:00+00:00,921.5
4029,2013-09-01 12:00:00+00:00,728.5
4029,2013-09-01 12:30:00+00:00,728.5
4029,2013-09-01 13:00:00+00:00,728.5
4029,2013-09-01 13:30:00+00:00,671.5
4029,2013-09-01 14:00:00+00:00,657.0
4029,2013-09-01 14:30:00+00:00,378.5
4029,2013-09-01 15:00:00+00:00,250.22
4029,2013-09-01 15:30:00+00:00,278.49
4029,2013-09-01 16:00:00+00:00,221.79
4029,2013-09-01 16:30:00+00:00,178.25
4029,2013-09-01 17:00:00+00:00,128.25
4029,2013-09-01 17:30:00+00:00,71.75
4029,2013-09-01 18:00:00+00:00,28.25
4029,2013-09-01 18:30:00+00:00,0.0
4029,2013-09-01 19:00:00+00:00,0.0
4029,2013-09-01 19:30:00+00:00,0.0
4029,2013-09-01 20:00:00+00:00,0.0
4029,2013-09-01 20:30:00+00:00,0.0
4029,2013-09-01 21:00:00+00:00,0.0
4029,2013-09-01 21:30:00+00:00,0.0
4029,2013-09-01 22:00:00+00:00,0.0
4029,2013-09-01 22:30:00+00:00,0.0
4029,2013-09-01 23:00:00+00:00,0.0
4029,2013-09-01 23:30:00+00:00,0.0
4029,2013-09-02 00:00:00+00:00,0.0
4029,2013-09-02 00:30:00+00:00,0.0
4029,2013-09-02 01:00:00+00:00,0.0
4029,2013-09-02 01:30:00+00:00,0.0
4029,2013-09-02 02:00:00+00:00,0.0
4029,2013-09-02 02:30:00+00:00,0.0
4029,2013-09-02 03:00:00+00:00,0.0
4029,2013-09-02 03:30:00+00:00,0.0
4029,2013-09-02 04:00:00+00:00,0.0
4029,2013-09-02 04:30:00+00:00,0.0
4029,2013-09-02 05:00:00+00:00,0.0
4029,2013-09-02 05:30:00+00:00,0.0
4029,2013-09-02 06:00:00+00:00,22.0
4029,2013-09-02 06:30:00+00:00,28.0
4029,2013-09-02 07:00:00+00:00,50.0
4029,2013-09-02 07:30:00+00:00,72.05
4029,2013-09-02 08:00:00+00:00,149.84
4029,2013-09-02 08:30:00+00:00,243.36
4029,2013-09-02 09:00:00+00:00,450.0
4029,2013-09-02 09:30:00+00:00,571.75
4029,2013-09-02 10:00:00+00:00,721.75
4029,2013-09-02 10:30:00+00:00,800.0
4029,2013-09-02 11:00:00+00:00,700.0
4029,2013-09-02 11:30:00+00:00,921.75
4029,2013-09-02 12:00:00+00:00,1021.75
4029,2013-09-02 12:30:00+00:00,978.25
4029,2013-09-02 13:00:00+00:00,1000.0
4029,2013-09-02 13:30:00+00:00,1021.75
4029,2013-09-02 14:00:00+00:00,1050.0
4029,2013-09-02 14:30:00+00:00,1028.47
4029,2013-09-02 15:00:00+00:00,900.44
4029,2013-09-02 15:30:00+00:00,878.84
4029,2013-09-02 16:00:00+00:00,728.0
4029,2013-09-02 16:30:00+00:00,650.0
4029,2013-09-02 17:00:00+00:00,528.0
4029,2013-09-02 17:30:00+00:00,378.0
4029,2013-09-02 18:00:00+00:00,106.0
4029,2013-09-02 18:30:00+00:00,50.0
4029,2013-09-02 19:00:00+00:00,0.0
4029,2013-09-02 19:30:00+00:00,0.0
4029,2013-09-02 20:00:00+00:00,0.0
4029,2013-09-02 20:30:00+00:00,0.0
4029,2013-09-02 21:00:00+00:00,0.0
4029,2013-09-02 21:30:00+00:00,0.0
4029,2013-09-02 22:00:00+00:00,0.0
4029,2013-09-02 22:30:00+00:00,0.0
4029,2013-09-02 23:00:00+00:00,0.0
4029,2013-09-02 23:30:00+00:00,0.0
4029,2013-09-03 00:00:00+00:00,0.0
4029,2013-09-03 00:30:00+00:00,0.0
4029,2013-09-03 01:00:00+00:00,0.0
4029,2013-09-03 01:30:00+00:00,0.0
4029,2013-09-03 02:00:00+00:00,0.0
4029,2013-09-03 02:30:00+00:00,0.0
4029,2013-09-03 03:00:00+00:00,0.0
4029,2013-09-03 03:30:00+00:00,0.0
4029,2013-09-03 04:00:00+00:00,0.0
4029,2013-09-03 04:30:00+00:00,0.0
4029,2013-09-03 05:00:00+00:00,0.0
4029,2013-09-03 05:30:00+00:00,0.0
4029,2013-09-03 06:00:00+00:00,0.0
4029,2013-09-03 06:30:00+00:00,0.0
4029,2013-09-03 07:00:00+00:00,72.33
4029,2013-09-03 07:30:00+00:00,150.0
4029,2013-09-03 08:00:00+00:00,149.86
4029,2013-09-03 08:30:00+00:00,221.74
4029,2013-09-03 09:00:00+00:00,372.07
4029,2013-09-03 09:30:00+00:00,571.85
4029,2013-09-03 10:00:00+00:00,700.15
4029,2013-09-03 10:30:00+00:00,500.0
4029,2013-09-03 11:00:00+00:00,822.0
4029,2013-09-03 11:30:00+00:00,755.89
4029,2013-09-03 12:00:00+00:00,378.11
4029,2013-09-03 12:30:00+00:00,300.0
4029,2013-09-03 13:00:00+00:00,421.86
4029,2013-09-03 13:30:00+00:00,738.14
4029,2013-09-03 14:00:00+00:00,662.0
4029,2013-09-03 14:30:00+00:00,356.0
4029,2013-09-03 15:00:00+00:00,222.15
4029,2013-09-03 15:30:00+00:00,400.28
4029,2013-09-03 16:00:00+00:00,616.63
4029,2013-09-03 16:30:00+00:00,533.35
4029,2013-09-03 17:00:00+00:00,299.92
4029,2013-09-03 17:30:00+00:00,127.84
4029,2013-09-03 18:00:00+00:00,77.83
4029,2013-09-03 18:30:00+00:00,0.0
4029,2013-09-03 19:00:00+00:00,0.0
4029,2013-09-03 19:30:00+00:00,0.0
4029,2013-09-03 20:00:00+00:00,0.0
4029,2013-09-03 20:30:00+00:00,0.0
4029,2013-09-03 21:00:00+00:00,0.0
4029,2013-09-03 21:30:00+00:00,0.0
4029,2013-09-03 22:00:00+00:00,0.0
4029,2013-09-03 22:30:00+00:00,0.0
4029,2013-09-03 23:00:00+00:00,0.0
4029,2013-09-03 23:30:00+00:00,0.0
4029,2013-09-04 00:00:00+00:00,0.0
4029,2013-09-04 00:30:00+00:00,0.0
4029,2013-09-04 01:00:00+00:00,0.0
4029,2013-09-04 01:30:00+00:00,0.0
4029,2013-09-04 02:00:00+00:00,0.0
4029,2013-09-04 02:30:00+00:00,0.0
4029,2013-09-04 03:00:00+00:00,0.0
4029,2013-09-04 03:30:00+00:00,0.0
4029,2013-09-04 04:00:00+00:00,0.0
4029,2013-09-04 04:30:00+00:00,0.0
4029,2013-09-04 05:00:00+00:00,0.0
4029,2013-09-04 05:30:00+00:00,0.0
4029,2013-09-04 06:00:00+00:00,0.0
4029,2013-09-04 06:30:00+00:00,50.0
4029,2013-09-04 07:00:00+00:00,50.0
4029,2013-09-04 07:30:00+00:00,100.0
4029,2013-09-04 08:00:00+00:00,122.43
4029,2013-09-04 08:30:00+00:00,222.07
4029,2013-09-04 09:00:00+00:00,372.25
4029,2013-09-04 09:30:00+00:00,522.25
4029,2013-09-04 10:00:00+00:00,600.0
4029,2013-09-04 10:30:00+00:00,744.72
4029,2013-09-04 11:00:00+00:00,805.28
4029,2013-09-04 11:30:00+00:00,744.5
4029,2013-09-04 12:00:00+00:00,750.0
4029,2013-09-04 12:30:00+00:00,972.25
4029,2013-09-04 13:00:00+00:00,1000.0
4029,2013-09-04 13:30:00+00:00,1050.0
4029,2013-09-04 14:00:00+00:00,1000.0
4029,2013-09-04 14:30:00+00:00,977.75
4029,2013-09-04 15:00:00+00:00,950.45
4029,2013-09-04 15:30:00+00:00,878.13
4029,2013-09-04 16:00:00+00:00,750.0
4029,2013-09-04 16:30:00+00:00,677.77
4029,2013-09-04 17:00:00+00:00,527.4
4029,2013-09-04 17:30:00+00:00,305.25
4029,2013-09-04 18:00:00+00:00,77.5
4029,2013-09-04 18:30:00+00:00,0.0
4029,2013-09-04 19:00:00+00:00,0.0
4029,2013-09-04 19:30:00+00:00,0.0
4029,2013-09-04 20:00:00+00:00,0.0
4029,2013-09-04 20:30:00+00:00,0.0
4029,2013-09-04 21:00:00+00:00,0.0
4029,2013-09-04 21:30:00+00:00,0.0
4029,2013-09-04 22:00:00+00:00,0.0
4029,2013-09-04 22:30:00+00:00,0.0
4029,2013-09-04 23:00:00+00:00,0.0
4029,2013-09-04 23:30:00+00:00,0.0
4029,2013-09-05 00:00:00+00:00,0.0
4029,2013-09-05 00:30:00+00:00,0.0
4029,2013-09-05 01:00:00+00:00,0.0
4029,2013-09-05 01:30:00+00:00,0.0
4029,2013-09-05 02:00:00+00:00,0.0
4029,2013-09-05 02:30:00+00:00,0.0
4029,2013-09-05 03:00:00+00:00,0.0
4029,2013-09-05 03:30:00+00:00,0.0
4029,2013-09-05 04:00:00+00:00,0.0
4029,2013-09-05 04:30:00+00:00,0.0
4029,2013-09-05 05:00:00+00:00,0.0
4029,2013-09-05 05:30:00+00:00,0.0
4029,2013-09-05 06:00:00+00:00,0.0
4029,2013-09-05 06:30:00+00:00,50.0
4029,2013-09-05 07:00:00+00:00,50.0
4029,2013-09-05 07:30:00+00:00,72.88
4029,2013-09-05 08:00:00+00:00,99.81
4029,2013-09-05 08:30:00+00:00,222.22
4029,2013-09-05 09:00:00+00:00,372.34
4029,2013-09-05 09:30:00+00:00,522.75
4029,2013-09-05 10:00:00+00:00,672.27
4029,2013-09-05 10:30:00+00:00,750.04
4029,2013-09-05 11:00:00+00:00,822.19
4029,2013-09-05 11:30:00+00:00,900.28
4029,2013-09-05 12:00:00+00:00,899.72
4029,2013-09-05 12:30:00+00:00,950.28
4029,2013-09-05 13:00:00+00:00,972.4
4029,2013-09-05 13:30:00+00:00,977.6
4029,2013-09-05 14:00:00+00:00,972.14
4029,2013-09-05 14:30:00+00:00,950.0
4029,2013-09-05 15:00:00+00:00,905.73
4029,2013-09-05 15:30:00+00:00,823.35
4029,2013-09-05 16:00:00+00:00,777.33
4029,2013-09-05 16:30:00+00:00,627.49
4029,2013-09-05 17:00:00+00:00,527.18
4029,2013-09-05 17:30:00+00:00,304.67
4029,2013-09-05 18:00:00+00:00,77.33
4029,2013-09-05 18:30:00+00:00,0.0
4029,2013-09-05 19:00:00+00:00,0.0
4029,2013-09-05 19:30:00+00:00,0.0
4029,2013-09-05 20:00:00+00:00,0.0
4029,2013-09-05 20:30:00+00:00,0.0
4029,2013-09-05 21:00:00+00:00,0.0
4029,2013-09-05 21:30:00+00:00,0.0
4029,2013-09-05 22:00:00+00:00,0.0
4029,2013-09-05 22:30:00+00:00,0.0
4029,2013-09-05 23:00:00+00:00,0.0
4029,2013-09-05 23:30:00+00:00,0.0
4029,2013-09-06 00:00:00+00:00,0.0
4029,2013-09-06 00:30:00+00:00,0.0
4029,2013-09-06 01:00:00+00:00,0.0
4029,2013-09-06 01:30:00+00:00,0.0
4029,2013-09-06 02:00:00+00:00,0.0
4029,2013-09-06 02:30:00+00:00,0.0
4029,2013-09-06 03:00:00+00:00,0.0
4029,2013-09-06 03:30:00+00:00,0.0
4029,2013-09-06 04:00:00+00:00,0.0
4029,2013-09-06 04:30:00+00:00,0.0
4029,2013-09-06 05:00:00+00:00,0.0
4029,2013-09-06 05:30:00+00:00,0.0
4029,2013-09-06 06:00:00+00:00,0.0
4029,2013-09-06 06:30:00+00:00,23.04
4029,2013-09-06 07:00:00+00:00,49.91
4029,2013-09-06 07:30:00+00:00,27.05
4029,2013-09-06 08:00:00+00:00,122.93
4029,2013-09-06 08:30:00+00:00,149.82
4029,2013-09-06 09:00:00+00:00,250.0
4029,2013-09-06 09:30:00+00:00,122.67
4029,2013-09-06 10:00:00+00:00,127.33
4029,2013-09-06 10:30:00+00:00,100.0
4029,2013-09-06 11:00:00+00:00,150.0
4029,2013-09-06 11:30:00+00:00,100.0
4029,2013-09-06 12:00:00+00:00,168.25
4029,2013-09-06 12:30:00+00:00,431.75
4029,2013-09-06 13:00:00+00:00,100.0
4029,2013-09-06 13:30:00+00:00,100.0
4029,2013-09-06 14:00:00+00:00,100.0
4029,2013-09-06 14:30:00+00:00,100.0
4029,2013-09-06 15:00:00+00:00,222.9
4029,2013-09-06 15:30:00+00:00,427.3
4029,2013-09-06 16:00:00+00:00,222.88
4029,2013-09-06 16:30:00+00:00,500.08
4029,2013-09-06 17:00:00+00:00,127.09
4029,2013-09-06 17:30:00+00:00,299.92
4029,2013-09-06 18:00:00+00:00,77.08
4029,2013-09-06 18:30:00+00:00,0.0
4029,2013-09-06 19:00:00+00:00,0.0
4029,2013-09-06 19:30:00+00:00,0.0
4029,2013-09-06 20:00:00+00:00,0.0
4029,2013-09-06 20:30:00+00:00,0.0
4029,2013-09-06 21:00:00+00:00,0.0
4029,2013-09-06 21:30:00+00:00,0.0
4029,2013-09-06 22:00:00+00:00,0.0
4029,2013-09-06 22:30:00+00:00,0.0
4029,2013-09-06 23:00:00+00:00,0.0
4029,2013-09-06 23:30:00+00:00,0.0
4029,2013-09-07 00:00:00+00:00,0.0
4029,2013-09-07 00:30:00+00:00,0.0
4029,2013-09-07 01:00:00+00:00,0.0
4029,2013-09-07 01:30:00+00:00,0.0
4029,2013-09-07 02:00:00+00:00,0.0
4029,2013-09-07 02:30:00+00:00,0.0
4029,2013-09-07 03:00:00+00:00,0.0
4029,2013-09-07 03:30:00+00:00,0.0
4029,2013-09-07 04:00:00+00:00,0.0
4029,2013-09-07 04:30:00+00:00,0.0
4029,2013-09-07 05:00:00+00:00,0.0
4029,2013-09-07 05:30:00+00:00,0.0
4029,2013-09-07 06:00:00+00:00,23.25
4029,2013-09-07 06:30:00+00:00,26.75
4029,2013-09-07 07:00:00+00:00,50.0
4029,2013-09-07 07:30:00+00:00,23.29
4029,2013-09-07 08:00:00+00:00,199.89
4029,2013-09-07 08:30:00+00:00,199.86
4029,2013-09-07 09:00:00+00:00,346.21
4029,2013-09-07 09:30:00+00:00,672.93
4029,2013-09-07 10:00:00+00:00,473.24
4029,2013-09-07 10:30:00+00:00,649.8
4029,2013-09-07 11:00:00+00:00,754.03
4029,2013-09-07 11:30:00+00:00,445.94
4029,2013-09-07 12:00:00+00:00,1069.48
4029,2013-09-07 12:30:00+00:00,1030.75
4029,2013-09-07 13:00:00+00:00,1095.85
4029,2013-09-07 13:30:00+00:00,1100.0
4029,2013-09-07 14:00:00+00:00,627.23
4029,2013-09-07 14:30:00+00:00,1072.77
4029,2013-09-07 15:00:00+00:00,1077.69
4029,2013-09-07 15:30:00+00:00,973.79
4029,2013-09-07 16:00:00+00:00,753.5
4029,2013-09-07 16:30:00+00:00,530.25
4029,2013-09-07 17:00:00+00:00,250.0
4029,2013-09-07 17:30:00+00:00,226.75
4029,2013-09-07 18:00:00+00:00,26.75
4029,2013-09-07 18:30:00+00:00,0.0
4029,2013-09-07 19:00:00+00:00,0.0
4029,2013-09-07 19:30:00+00:00,0.0
4029,2013-09-07 20:00:00+00:00,0.0
4029,2013-09-07 20:30:00+00:00,0.0
4029,2013-09-07 21:00:00+00:00,0.0
4029,2013-09-07 21:30:00+00:00,0.0
4029,2013-09-07 22:00:00+00:00,0.0
4029,2013-09-07 22:30:00+00:00,0.0
4029,2013-09-07 23:00:00+00:00,0.0
4029,2013-09-07 23:30:00+00:00,0.0
4029,2013-09-08 00:00:00+00:00,0.0
4029,2013-09-08 00:30:00+00:00,0.0
4029,2013-09-08 01:00:00+00:00,0.0
4029,2013-09-08 01:30:00+00:00,0.0
4029,2013-09-08 02:00:00+00:00,0.0
4029,2013-09-08 02:30:00+00:00,0.0
4029,2013-09-08 03:00:00+00:00,0.0
4029,2013-09-08 03:30:00+00:00,0.0
4029,2013-09-08 04:00:00+00:00,0.0
4029,2013-09-08 04:30:00+00:00,0.0
4029,2013-09-08 05:00:00+00:00,0.0
4029,2013-09-08 05:30:00+00:00,0.0
4029,2013-09-08 06:00:00+00:00,23.63
4029,2013-09-08 06:30:00+00:00,26.37
4029,2013-09-08 07:00:00+00:00,50.0
4029,2013-09-08 07:30:00+00:00,50.0
4029,2013-09-08 08:00:00+00:00,73.43
4029,2013-09-08 08:30:00+00:00,223.07
4029,2013-09-08 09:00:00+00:00,396.5
4029,2013-09-08 09:30:00+00:00,380.21
4029,2013-09-08 10:00:00+00:00,173.29
4029,2013-09-08 10:30:00+00:00,743.0
4029,2013-09-08 11:00:00+00:00,657.0
4029,2013-09-08 11:30:00+00:00,226.75
4029,2013-09-08 12:00:00+00:00,466.25
4029,2013-09-08 12:30:00+00:00,507.0
4029,2013-09-08 13:00:00+00:00,546.5
4029,2013-09-08 13:30:00+00:00,476.75
4029,2013-09-08 14:00:00+00:00,376.75
4029,2013-09-08 14:30:00+00:00,103.5
4029,2013-09-08 15:00:00+00:00,146.66
4029,2013-09-08 15:30:00+00:00,323.72
4029,2013-09-08 16:00:00+00:00,503.08
4029,2013-09-08 16:30:00+00:00,49.96
4029,2013-09-08 17:00:00+00:00,26.58
4029,2013-09-08 17:30:00+00:00,223.5
4029,2013-09-08 18:00:00+00:00,76.5
4029,2013-09-08 18:30:00+00:00,0.0
4029,2013-09-08 19:00:00+00:00,0.0
4029,2013-09-08 19:30:00+00:00,0.0
4029,2013-09-08 20:00:00+00:00,0.0
4029,2013-09-08 20:30:00+00:00,0.0
4029,2013-09-08 21:00:00+00:00,0.0
4029,2013-09-08 21:30:00+00:00,0.0
4029,2013-09-08 22:00:00+00:00,0.0
4029,2013-09-08 22:30:00+00:00,0.0
4029,2013-09-08 23:00:00+00:00,0.0
4029,2013-09-08 23:30:00+00:00,0.0
4029,2013-09-09 00:00:00+00:00,0.0
4029,2013-09-09 00:30:00+00:00,0.0
4029,2013-09-09 01:00:00+00:00,0.0
4029,2013-09-09 01:30:00+00:00,0.0
4029,2013-09-09 02:00:00+00:00,0.0
4029,2013-09-09 02:30:00+00:00,0.0
4029,2013-09-09 03:00:00+00:00,0.0
4029,2013-09-09 03:30:00+00:00,0.0
4029,2013-09-09 04:00:00+00:00,0.0
4029,2013-09-09 04:30:00+00:00,0.0
4029,2013-09-09 05:00:00+00:00,0.0
4029,2013-09-09 05:30:00+00:00,0.0
4029,2013-09-09 06:00:00+00:00,0.0
4029,2013-09-09 06:30:00+00:00,0.0
4029,2013-09-09 07:00:00+00:00,0.0
4029,2013-09-09 07:30:00+00:00,73.75
4029,2013-09-09 08:00:00+00:00,49.88
4029,2013-09-09 08:30:00+00:00,149.87
4029,2013-09-09 09:00:00+00:00,100.0
4029,2013-09-09 09:30:00+00:00,76.5
4029,2013-09-09 10:00:00+00:00,73.5
4029,2013-09-09 10:30:00+00:00,76.5
4029,2013-09-09 11:00:00+00:00,123.5
4029,2013-09-09 11:30:00+00:00,150.0
4029,2013-09-09 12:00:00+00:00,150.0
4029,2013-09-09 12:30:00+00:00,100.0
4029,2013-09-09 13:00:00+00:00,100.0
4029,2013-09-09 13:30:00+00:00,76.5
4029,2013-09-09 14:00:00+00:00,50.0
4029,2013-09-09 14:30:00+00:00,50.0
4029,2013-09-09 15:00:00+00:00,147.24
4029,2013-09-09 15:30:00+00:00,450.26
4029,2013-09-09 16:00:00+00:00,202.5
4029,2013-09-09 16:30:00+00:00,73.75
4029,2013-09-09 17:00:00+00:00,126.25
4029,2013-09-09 17:30:00+00:00,50.0
4029,2013-09-09 18:00:00+00:00,0.0
4029,2013-09-09 18:30:00+00:00,0.0
4029,2013-09-09 19:00:00+00:00,0.0
4029,2013-09-09 19:30:00+00:00,0.0
4029,2013-09-09 20:00:00+00:00,0.0
4029,2013-09-09 20:30:00+00:00,0.0
4029,2013-09-09 21:00:00+00:00,0.0
4029,2013-09-09 21:30:00+00:00,0.0
4029,2013-09-09 22:00:00+00:00,0.0
4029,2013-09-09 22:30:00+00:00,0.0
4029,2013-09-09 23:00:00+00:00,0.0
4029,2013-09-09 23:30:00+00:00,0.0
4029,2013-09-10 00:00:00+00:00,0.0
4029,2013-09-10 00:30:00+00:00,0.0
4029,2013-09-10 01:00:00+00:00,0.0
4029,2013-09-10 01:30:00+00:00,0.0
4029,2013-09-10 02:00:00+00:00,0.0
4029,2013-09-10 02:30:00+00:00,0.0
4029,2013-09-10 03:00:00+00:00,0.0
4029,2013-09-10 03:30:00+00:00,0.0
4029,2013-09-10 04:00:00+00:00,0.0
4029,2013-09-10 04:30:00+00:00,0.0
4029,2013-09-10 05:00:00+00:00,0.0
4029,2013-09-10 05:30:00+00:00,0.0
4029,2013-09-10 06:00:00+00:00,0.0
4029,2013-09-10 06:30:00+00:00,24.08
4029,2013-09-10 07:00:00+00:00,25.92
4029,2013-09-10 07:30:00+00:00,74.08
4029,2013-09-10 08:00:00+00:00,99.84
4029,2013-09-10 08:30:00+00:00,149.83
4029,2013-09-10 09:00:00+00:00,223.75
4029,2013-09-10 09:30:00+00:00,273.62
4029,2013-09-10 10:00:00+00:00,621.38
4029,2013-09-10 10:30:00+00:00,678.62
4029,2013-09-10 11:00:00+00:00,623.88
4029,2013-09-10 11:30:00+00:00,576.25
4029,2013-09-10 12:00:00+00:00,426.25
4029,2013-09-10 12:30:00+00:00,202.5
4029,2013-09-10 13:00:00+00:00,247.42
4029,2013-09-10 13:30:00+00:00,250.0
4029,2013-09-10 14:00:00+00:00,249.91
4029,2013-09-10 14:30:00+00:00,347.67
4029,2013-09-10 15:00:00+00:00,278.79
4029,2013-09-10 15:30:00+00:00,150.13
4029,2013-09-10 16:00:00+00:00,26.08
4029,2013-09-10 16:30:00+00:00,50.0
4029,2013-09-10 17:00:00+00:00,50.0
4029,2013-09-10 17:30:00+00:00,0.0
4029,2013-09-10 18:00:00+00:00,0.0
4029,2013-09-10 18:30:00+00:00,0.0
4029,2013-09-10 19:00:00+00:00,0.0
4029,2013-09-10 19:30:00+00:00,0.0
4029,2013-09-10 20:00:00+00:00,0.0
4029,2013-09-10 20:30:00+00:00,0.0
4029,2013-09-10 21:00:00+00:00,0.0
4029,2013-09-10 21:30:00+00:00,0.0
4029,2013-09-10 22:00:00+00:00,0.0
4029,2013-09-10 22:30:00+00:00,0.0
4029,2013-09-10 23:00:00+00:00,0.0
4029,2013-09-10 23:30:00+00:00,0.0
4029,2013-09-11 00:00:00+00:00,0.0
4029,2013-09-11 00:30:00+00:00,0.0
4029,2013-09-11 01:00:00+00:00,0.0
4029,2013-09-11 01:30:00+00:00,0.0
4029,2013-09-11 02:00:00+00:00,0.0
4029,2013-09-11 02:30:00+00:00,0.0
4029,2013-09-11 03:00:00+00:00,0.0
4029,2013-09-11 03:30:00+00:00,0.0
4029,2013-09-11 04:00:00+00:00,0.0
4029,2013-09-11 04:30:00+00:00,0.0
4029,2013-09-11 05:00:00+00:00,0.0
4029,2013-09-11 05:30:00+00:00,0.0
4029,2013-09-11 06:00:00+00:00,0.0
4029,2013-09-11 06:30:00+00:00,0.0
4029,2013-09-11 07:00:00+00:00,50.0
4029,2013-09-11 07:30:00+00:00,0.0
4029,2013-09-11 08:00:00+00:00,50.0
4029,2013-09-11 08:30:00+00:00,50.0
4029,2013-09-11 09:00:00+00:00,124.0
4029,2013-09-11 09:30:00+00:00,100.0
4029,2013-09-11 10:00:00+00:00,100.0
4029,2013-09-11 10:30:00+00:00,300.0
4029,2013-09-11 11:00:00+00:00,174.0
4029,2013-09-11 11:30:00+00:00,250.0
4029,2013-09-11 12:00:00+00:00,250.0
4029,2013-09-11 12:30:00+00:00,276.0
4029,2013-09-11 13:00:00+00:00,348.0
4029,2013-09-11 13:30:00+00:00,302.0
4029,2013-09-11 14:00:00+00:00,200.0
4029,2013-09-11 14:30:00+00:00,200.0
4029,2013-09-11 15:00:00+00:00,76.0
4029,2013-09-11 15:30:00+00:00,74.17
4029,2013-09-11 16:00:00+00:00,150.04
4029,2013-09-11 16:30:00+00:00,75.79
4029,2013-09-11 17:00:00+00:00,50.0
4029,2013-09-11 17:30:00+00:00,0.0
4029,2013-09-11 18:00:00+00:00,0.0
4029,2013-09-11 18:30:00+00:00,0.0
4029,2013-09-11 19:00:00+00:00,0.0
4029,2013-09-11 19:30:00+00:00,0.0
4029,2013-09-11 20:00:00+00:00,0.0
4029,2013-09-11 20:30:00+00:00,0.0
4029,2013-09-11 21:00:00+00:00,0.0
4029,2013-09-11 21:30:00+00:00,0.0
4029,2013-09-11 22:00:00+00:00,0.0
4029,2013-09-11 22:30:00+00:00,0.0
4029,2013-09-11 23:00:00+00:00,0.0
4029,2013-09-11 23:30:00+00:00,0.0
4029,2013-09-12 00:00:00+00:00,0.0
4029,2013-09-12 00:30:00+00:00,0.0
4029,2013-09-12 01:00:00+00:00,0.0
4029,2013-09-12 01:30:00+00:00,0.0
4029,2013-09-12 02:00:00+00:00,0.0
4029,2013-09-12 02:30:00+00:00,0.0
4029,2013-09-12 03:00:00+00:00,0.0
4029,2013-09-12 03:30:00+00:00,0.0
4029,2013-09-12 04:00:00+00:00,0.0
4029,2013-09-12 04:30:00+00:00,0.0
4029,2013-09-12 05:00:00+00:00,0.0
4029,2013-09-12 05:30:00+00:00,0.0
4029,2013-09-12 06:00:00+00:00,0.0
4029,2013-09-12 06:30:00+00:00,0.0
4029,2013-09-12 07:00:00+00:00,0.0
4029,2013-09-12 07:30:00+00:00,24.25
4029,2013-09-12 08:00:00+00:00,50.08
4029,2013-09-12 08:30:00+00:00,125.67
4029,2013-09-12 09:00:00+00:00,148.83
4029,2013-09-12 09:30:00+00:00,200.0
4029,2013-09-12 10:00:00+00:00,374.42
4029,2013-09-12 10:30:00+00:00,450.0
4029,2013-09-12 11:00:00+00:00,375.58
4029,2013-09-12 11:30:00+00:00,300.0
4029,2013-09-12 12:00:00+00:00,498.84
4029,2013-09-12 12:30:00+00:00,376.75
4029,2013-09-12 13:00:00+00:00,50.0
4029,2013-09-12 13:30:00+00:00,100.0
4029,2013-09-12 14:00:00+00:00,224.41
4029,2013-09-12 14:30:00+00:00,299.92
4029,2013-09-12 15:00:00+00:00,275.79
4029,2013-09-12 15:30:00+00:00,150.09
4029,2013-09-12 16:00:00+00:00,99.99
4029,2013-09-12 16:30:00+00:00,150.05
4029,2013-09-12 17:00:00+00:00,199.33
4029,2013-09-12 17:30:00+00:00,126.0
4029,2013-09-12 18:00:00+00:00,50.0
4029,2013-09-12 18:30:00+00:00,0.0
4029,2013-09-12 19:00:00+00:00,0.0
4029,2013-09-12 19:30:00+00:00,0.0
4029,2013-09-12 20:00:00+00:00,0.0
4029,2013-09-12 20:30:00+00:00,0.0
4029,2013-09-12 21:00:00+00:00,0.0
4029,2013-09-12 21:30:00+00:00,0.0
4029,2013-09-12 22:00:00+00:00,0.0
4029,2013-09-12 22:30:00+00:00,0.0
4029,2013-09-12 23:00:00+00:00,0.0
4029,2013-09-12 23:30:00+00:00,0.0
4029,2013-09-13 00:00:00+00:00,0.0
4029,2013-09-13 00:30:00+00:00,0.0
4029,2013-09-13 01:00:00+00:00,0.0
4029,2013-09-13 01:30:00+00:00,0.0
4029,2013-09-13 02:00:00+00:00,0.0
4029,2013-09-13 02:30:00+00:00,0.0
4029,2013-09-13 03:00:00+00:00,0.0
4029,2013-09-13 03:30:00+00:00,0.0
4029,2013-09-13 04:00:00+00:00,0.0
4029,2013-09-13 04:30:00+00:00,0.0
4029,2013-09-13 05:00:00+00:00,0.0
4029,2013-09-13 05:30:00+00:00,0.0
4029,2013-09-13 06:00:00+00:00,0.0
4029,2013-09-13 06:30:00+00:00,0.0
4029,2013-09-13 07:00:00+00:00,24.42
4029,2013-09-13 07:30:00+00:00,25.58
4029,2013-09-13 08:00:00+00:00,100.0
4029,2013-09-13 08:30:00+00:00,74.67
4029,2013-09-13 09:00:00+00:00,149.95
4029,2013-09-13 09:30:00+00:00,150.01
4029,2013-09-13 10:00:00+00:00,174.62
4029,2013-09-13 10:30:00+00:00,250.08
4029,2013-09-13 11:00:00+00:00,175.34
4029,2013-09-13 11:30:00+00:00,224.5
4029,2013-09-13 12:00:00+00:00,300.16
4029,2013-09-13 12:30:00+00:00,275.29
4029,2013-09-13 13:00:00+00:00,100.05
4029,2013-09-13 13:30:00+00:00,149.95
4029,2013-09-13 14:00:00+00:00,50.05
4029,2013-09-13 14:30:00+00:00,100.0
4029,2013-09-13 15:00:00+00:00,150.04
4029,2013-09-13 15:30:00+00:00,125.29
4029,2013-09-13 16:00:00+00:00,50.0
4029,2013-09-13 16:30:00+00:00,50.0
4029,2013-09-13 17:00:00+00:00,0.0
4029,2013-09-13 17:30:00+00:00,0.0
4029,2013-09-13 18:00:00+00:00,0.0
4029,2013-09-13 18:30:00+00:00,0.0
4029,2013-09-13 19:00:00+00:00,0.0
4029,2013-09-13 19:30:00+00:00,0.0
4029,2013-09-13 20:00:00+00:00,0.0
4029,2013-09-13 20:30:00+00:00,0.0
4029,2013-09-13 21:00:00+00:00,0.0
4029,2013-09-13 21:30:00+00:00,0.0
4029,2013-09-13 22:00:00+00:00,0.0
4029,2013-09-13 22:30:00+00:00,0.0
4029,2013-09-13 23:00:00+00:00,0.0
4029,2013-09-13 23:30:00+00:00,0.0
4029,2013-09-14 00:00:00+00:00,0.0
4029,2013-09-14 00:30:00+00:00,0.0
4029,2013-09-14 01:00:00+00:00,0.0
4029,2013-09-14 01:30:00+00:00,0.0
4029,2013-09-14 02:00:00+00:00,0.0
4029,2013-09-14 02:30:00+00:00,0.0
4029,2013-09-14 03:00:00+00:00,0.0
4029,2013-09-14 03:30:00+00:00,0.0
4029,2013-09-14 04:00:00+00:00,0.0
4029,2013-09-14 04:30:00+00:00,0.0
4029,2013-09-14 05:00:00+00:00,0.0
4029,2013-09-14 05:30:00+00:00,0.0
4029,2013-09-14 06:00:00+00:00,0.0
4029,2013-09-14 06:30:00+00:00,0.0
4029,2013-09-14 07:00:00+00:00,24.67
4029,2013-09-14 07:30:00+00:00,100.0
4029,2013-09-14 08:00:00+00:00,150.08
4029,2013-09-14 08:30:00+00:00,50.08
4029,2013-09-14 09:00:00+00:00,75.17
4029,2013-09-14 09:30:00+00:00,100.0
4029,2013-09-14 10:00:00+00:00,124.83
4029,2013-09-14 10:30:00+00:00,150.0
4029,2013-09-14 11:00:00+00:00,150.0
4029,2013-09-14 11:30:00+00:00,150.0
4029,2013-09-14 12:00:00+00:00,174.84
4029,2013-09-14 12:30:00+00:00,175.16
4029,2013-09-14 13:00:00+00:00,199.67
4029,2013-09-14 13:30:00+00:00,325.17
4029,2013-09-14 14:00:00+00:00,200.0
4029,2013-09-14 14:30:00+00:00,325.16
4029,2013-09-14 15:00:00+00:00,125.09
4029,2013-09-14 15:30:00+00:00,325.08
4029,2013-09-14 16:00:00+00:00,225.0
4029,2013-09-14 16:30:00+00:00,50.0
4029,2013-09-14 17:00:00+00:00,50.0
4029,2013-09-14 17:30:00+00:00,0.0
4029,2013-09-14 18:00:00+00:00,0.0
4029,2013-09-14 18:30:00+00:00,0.0
4029,2013-09-14 19:00:00+00:00,0.0
4029,2013-09-14 19:30:00+00:00,0.0
4029,2013-09-14 20:00:00+00:00,0.0
4029,2013-09-14 20:30:00+00:00,0.0
4029,2013-09-14 21:00:00+00:00,0.0
4029,2013-09-14 21:30:00+00:00,0.0
4029,2013-09-14 22:00:00+00:00,0.0
4029,2013-09-14 22:30:00+00:00,0.0
4029,2013-09-14 23:00:00+00:00,0.0
4029,2013-09-14 23:30:00+00:00,0.0
4029,2013-09-15 00:00:00+00:00,0.0
4029,2013-09-15 00:30:00+00:00,0.0
4029,2013-09-15 01:00:00+00:00,0.0
4029,2013-09-15 01:30:00+00:00,0.0
4029,2013-09-15 02:00:00+00:00,0.0
4029,2013-09-15 02:30:00+00:00,0.0
4029,2013-09-15 03:00:00+00:00,0.0
4029,2013-09-15 03:30:00+00:00,0.0
4029,2013-09-15 04:00:00+00:00,0.0
4029,2013-09-15 04:30:00+00:00,0.0
4029,2013-09-15 05:00:00+00:00,0.0
4029,2013-09-15 05:30:00+00:00,0.0
4029,2013-09-15 06:00:00+00:00,0.0
4029,2013-09-15 06:30:00+00:00,50.0
4029,2013-09-15 07:00:00+00:00,24.92
4029,2013-09-15 07:30:00+00:00,50.0
4029,2013-09-15 08:00:00+00:00,100.12
4029,2013-09-15 08:30:00+00:00,175.29
4029,2013-09-15 09:00:00+00:00,400.0
4029,2013-09-15 09:30:00+00:00,475.5
4029,2013-09-15 10:00:00+00:00,650.0
4029,2013-09-15 10:30:00+00:00,499.54
4029,2013-09-15 11:00:00+00:00,424.96
4029,2013-09-15 11:30:00+00:00,199.92
4029,2013-09-15 12:00:00+00:00,174.92
4029,2013-09-15 12:30:00+00:00,149.95
4029,2013-09-15 13:00:00+00:00,74.88
4029,2013-09-15 13:30:00+00:00,100.0
4029,2013-09-15 14:00:00+00:00,100.0
4029,2013-09-15 14:30:00+00:00,50.0
4029,2013-09-15 15:00:00+00:00,75.25
4029,2013-09-15 15:30:00+00:00,100.04
4029,2013-09-15 16:00:00+00:00,74.71
4029,2013-09-15 16:30:00+00:00,0.0
4029,2013-09-15 17:00:00+00:00,50.0
4029,2013-09-15 17:30:00+00:00,0.0
4029,2013-09-15 18:00:00+00:00,0.0
4029,2013-09-15 18:30:00+00:00,0.0
4029,2013-09-15 19:00:00+00:00,0.0
4029,2013-09-15 19:30:00+00:00,0.0
4029,2013-09-15 20:00:00+00:00,0.0
4029,2013-09-15 20:30:00+00:00,0.0
4029,2013-09-15 21:00:00+00:00,0.0
4029,2013-09-15 21:30:00+00:00,0.0
4029,2013-09-15 22:00:00+00:00,0.0
4029,2013-09-15 22:30:00+00:00,0.0
4029,2013-09-15 23:00:00+00:00,0.0
4029,2013-09-15 23:30:00+00:00,0.0
4029,2013-09-16 00:00:00+00:00,0.0
4029,2013-09-16 00:30:00+00:00,0.0
4029,2013-09-16 01:00:00+00:00,0.0
4029,2013-09-16 01:30:00+00:00,0.0
4029,2013-09-16 02:00:00+00:00,0.0
4029,2013-09-16 02:30:00+00:00,0.0
4029,2013-09-16 03:00:00+00:00,0.0
4029,2013-09-16 03:30:00+00:00,0.0
4029,2013-09-16 04:00:00+00:00,0.0
4029,2013-09-16 04:30:00+00:00,0.0
4029,2013-09-16 05:00:00+00:00,0.0
4029,2013-09-16 05:30:00+00:00,0.0
4029,2013-09-16 06:00:00+00:00,0.0
4029,2013-09-16 06:30:00+00:00,0.0
4029,2013-09-16 07:00:00+00:00,50.0
4029,2013-09-16 07:30:00+00:00,50.0
4029,2013-09-16 08:00:00+00:00,75.33
4029,2013-09-16 08:30:00+00:00,175.59
4029,2013-09-16 09:00:00+00:00,450.75
4029,2013-09-16 09:30:00+00:00,600.17
4029,2013-09-16 10:00:00+00:00,750.66
4029,2013-09-16 10:30:00+00:00,900.0
4029,2013-09-16 11:00:00+00:00,674.58
4029,2013-09-16 11:30:00+00:00,750.0
4029,2013-09-16 12:00:00+00:00,699.17
4029,2013-09-16 12:30:00+00:00,851.67
4029,2013-09-16 13:00:00+00:00,1099.16
4029,2013-09-16 13:30:00+00:00,450.84
4029,2013-09-16 14:00:00+00:00,972.91
4029,2013-09-16 14:30:00+00:00,452.84
4029,2013-09-16 15:00:00+00:00,498.67
4029,2013-09-16 15:30:00+00:00,801.16
4029,2013-09-16 16:00:00+00:00,750.0
4029,2013-09-16 16:30:00+00:00,698.83
4029,2013-09-16 17:00:00+00:00,297.67
4029,2013-09-16 17:30:00+00:00,100.0
4029,2013-09-16 18:00:00+00:00,50.0
4029,2013-09-16 18:30:00+00:00,0.0
4029,2013-09-16 19:00:00+00:00,0.0
4029,2013-09-16 19:30:00+00:00,0.0
4029,2013-09-16 20:00:00+00:00,0.0
4029,2013-09-16 20:30:00+00:00,0.0
4029,2013-09-16 21:00:00+00:00,0.0
4029,2013-09-16 21:30:00+00:00,0.0
4029,2013-09-16 22:00:00+00:00,0.0
4029,2013-09-16 22:30:00+00:00,0.0
4029,2013-09-16 23:00:00+00:00,0.0
4029,2013-09-16 23:30:00+00:00,0.0
4029,2013-09-17 00:00:00+00:00,0.0
4029,2013-09-17 00:30:00+00:00,0.0
4029,2013-09-17 01:00:00+00:00,0.0
4029,2013-09-17 01:30:00+00:00,0.0
4029,2013-09-17 02:00:00+00:00,0.0
4029,2013-09-17 02:30:00+00:00,0.0
4029,2013-09-17 03:00:00+00:00,0.0
4029,2013-09-17 03:30:00+00:00,0.0
4029,2013-09-17 04:00:00+00:00,0.0
4029,2013-09-17 04:30:00+00:00,0.0
4029,2013-09-17 05:00:00+00:00,0.0
4029,2013-09-17 05:30:00+00:00,0.0
4029,2013-09-17 06:00:00+00:00,0.0
4029,2013-09-17 06:30:00+00:00,25.42
4029,2013-09-17 07:00:00+00:00,50.0
4029,2013-09-17 07:30:00+00:00,100.0
4029,2013-09-17 08:00:00+00:00,150.08
4029,2013-09-17 08:30:00+00:00,200.13
4029,2013-09-17 09:00:00+00:00,401.24
4029,2013-09-17 09:30:00+00:00,500.13
4029,2013-09-17 10:00:00+00:00,449.87
4029,2013-09-17 10:30:00+00:00,350.0
4029,2013-09-17 11:00:00+00:00,500.13
4029,2013-09-17 11:30:00+00:00,324.33
4029,2013-09-17 12:00:00+00:00,274.34
4029,2013-09-17 12:30:00+00:00,149.95
4029,2013-09-17 13:00:00+00:00,74.38
4029,2013-09-17 13:30:00+00:00,125.58
4029,2013-09-17 14:00:00+00:00,150.04
4029,2013-09-17 14:30:00+00:00,175.63
4029,2013-09-17 15:00:00+00:00,174.42
4029,2013-09-17 15:30:00+00:00,124.33
4029,2013-09-17 16:00:00+00:00,100.0
4029,2013-09-17 16:30:00+00:00,50.0
4029,2013-09-17 17:00:00+00:00,0.0
4029,2013-09-17 17:30:00+00:00,0.0
4029,2013-09-17 18:00:00+00:00,0.0
4029,2013-09-17 18:30:00+00:00,0.0
4029,2013-09-17 19:00:00+00:00,0.0
4029,2013-09-17 19:30:00+00:00,0.0
4029,2013-09-17 20:00:00+00:00,0.0
4029,2013-09-17 20:30:00+00:00,0.0
4029,2013-09-17 21:00:00+00:00,0.0
4029,2013-09-17 21:30:00+00:00,0.0
4029,2013-09-17 22:00:00+00:00,0.0
4029,2013-09-17 22:30:00+00:00,0.0
4029,2013-09-17 23:00:00+00:00,0.0
4029,2013-09-17 23:30:00+00:00,0.0
4029,2013-09-18 00:00:00+00:00,0.0
4029,2013-09-18 00:30:00+00:00,0.0
4029,2013-09-18 01:00:00+00:00,0.0
4029,2013-09-18 01:30:00+00:00,0.0
4029,2013-09-18 02:00:00+00:00,0.0
4029,2013-09-18 02:30:00+00:00,0.0
4029,2013-09-18 03:00:00+00:00,0.0
4029,2013-09-18 03:30:00+00:00,0.0
4029,2013-09-18 04:00:00+00:00,0.0
4029,2013-09-18 04:30:00+00:00,0.0
4029,2013-09-18 05:00:00+00:00,0.0
4029,2013-09-18 05:30:00+00:00,0.0
4029,2013-09-18 06:00:00+00:00,0.0
4029,2013-09-18 06:30:00+00:00,0.0
4029,2013-09-18 07:00:00+00:00,50.0
4029,2013-09-18 07:30:00+00:00,100.0
4029,2013-09-18 08:00:00+00:00,125.84
4029,2013-09-18 08:30:00+00:00,175.83
4029,2013-09-18 09:00:00+00:00,324.2
4029,2013-09-18 09:30:00+00:00,503.3
4029,2013-09-18 10:00:00+00:00,648.58
4029,2013-09-18 10:30:00+00:00,625.92
4029,2013-09-18 11:00:00+00:00,649.84
4029,2013-09-18 11:30:00+00:00,701.75
4029,2013-09-18 12:00:00+00:00,974.12
4029,2013-09-18 12:30:00+00:00,848.37
4029,2013-09-18 13:00:00+00:00,774.08
4029,2013-09-18 13:30:00+00:00,324.04
4029,2013-09-18 14:00:00+00:00,377.62
4029,2013-09-18 14:30:00+00:00,548.26
4029,2013-09-18 15:00:00+00:00,326.14
4029,2013-09-18 15:30:00+00:00,348.19
4029,2013-09-18 16:00:00+00:00,152.17
4029,2013-09-18 16:30:00+00:00,147.83
4029,2013-09-18 17:00:00+00:00,50.0
4029,2013-09-18 17:30:00+00:00,49.75
4029,2013-09-18 18:00:00+00:00,24.17
4029,2013-09-18 18:30:00+00:00,0.0
4029,2013-09-18 19:00:00+00:00,0.0
4029,2013-09-18 19:30:00+00:00,0.0
4029,2013-09-18 20:00:00+00:00,0.0
4029,2013-09-18 20:30:00+00:00,0.0
4029,2013-09-18 21:00:00+00:00,0.0
4029,2013-09-18 21:30:00+00:00,0.0
4029,2013-09-18 22:00:00+00:00,0.0
4029,2013-09-18 22:30:00+00:00,0.0
4029,2013-09-18 23:00:00+00:00,0.0
4029,2013-09-18 23:30:00+00:00,0.0
4029,2013-09-19 00:00:00+00:00,0.0
4029,2013-09-19 00:30:00+00:00,0.0
4029,2013-09-19 01:00:00+00:00,0.0
4029,2013-09-19 01:30:00+00:00,0.0
4029,2013-09-19 02:00:00+00:00,0.0
4029,2013-09-19 02:30:00+00:00,0.0
4029,2013-09-19 03:00:00+00:00,0.0
4029,2013-09-19 03:30:00+00:00,0.0
4029,2013-09-19 04:00:00+00:00,0.0
4029,2013-09-19 04:30:00+00:00,0.0
4029,2013-09-19 05:00:00+00:00,0.0
4029,2013-09-19 05:30:00+00:00,0.0
4029,2013-09-19 06:00:00+00:00,0.0
4029,2013-09-19 06:30:00+00:00,0.0
4029,2013-09-19 07:00:00+00:00,26.04
4029,2013-09-19 07:30:00+00:00,50.17
4029,2013-09-19 08:00:00+00:00,150.0
4029,2013-09-19 08:30:00+00:00,150.0
4029,2013-09-19 09:00:00+00:00,226.29
4029,2013-09-19 09:30:00+00:00,249.91
4029,2013-09-19 10:00:00+00:00,326.34
4029,2013-09-19 10:30:00+00:00,426.08
4029,2013-09-19 11:00:00+00:00,749.84
4029,2013-09-19 11:30:00+00:00,247.83
4029,2013-09-19 12:00:00+00:00,349.91
4029,2013-09-19 12:30:00+00:00,223.84
4029,2013-09-19 13:00:00+00:00,249.96
4029,2013-09-19 13:30:00+00:00,150.0
4029,2013-09-19 14:00:00+00:00,150.0
4029,2013-09-19 14:30:00+00:00,150.12
4029,2013-09-19 15:00:00+00:00,73.67
4029,2013-09-19 15:30:00+00:00,100.0
4029,2013-09-19 16:00:00+00:00,50.0
4029,2013-09-19 16:30:00+00:00,50.0
4029,2013-09-19 17:00:00+00:00,50.0
4029,2013-09-19 17:30:00+00:00,26.08
4029,2013-09-19 18:00:00+00:00,23.92
4029,2013-09-19 18:30:00+00:00,0.0
4029,2013-09-19 19:00:00+00:00,0.0
4029,2013-09-19 19:30:00+00:00,0.0
4029,2013-09-19 20:00:00+00:00,0.0
4029,2013-09-19 20:30:00+00:00,0.0
4029,2013-09-19 21:00:00+00:00,0.0
4029,2013-09-19 21:30:00+00:00,0.0
4029,2013-09-19 22:00:00+00:00,0.0
4029,2013-09-19 22:30:00+00:00,0.0
4029,2013-09-19 23:00:00+00:00,0.0
4029,2013-09-19 23:30:00+00:00,0.0
4029,2013-09-20 00:00:00+00:00,0.0
4029,2013-09-20 00:30:00+00:00,0.0
4029,2013-09-20 01:00:00+00:00,0.0
4029,2013-09-20 01:30:00+00:00,0.0
4029,2013-09-20 02:00:00+00:00,0.0
4029,2013-09-20 02:30:00+00:00,0.0
4029,2013-09-20 03:00:00+00:00,0.0
4029,2013-09-20 03:30:00+00:00,0.0
4029,2013-09-20 04:00:00+00:00,0.0
4029,2013-09-20 04:30:00+00:00,0.0
4029,2013-09-20 05:00:00+00:00,0.0
4029,2013-09-20 05:30:00+00:00,0.0
4029,2013-09-20 06:00:00+00:00,0.0
4029,2013-09-20 06:30:00+00:00,0.0
4029,2013-09-20 07:00:00+00:00,0.0
4029,2013-09-20 07:30:00+00:00,76.5
4029,2013-09-20 08:00:00+00:00,73.5
4029,2013-09-20 08:30:00+00:00,100.0
4029,2013-09-20 09:00:00+00:00,153.0
4029,2013-09-20 09:30:00+00:00,173.5
4029,2013-09-20 10:00:00+00:00,276.5
4029,2013-09-20 10:30:00+00:00,250.0
4029,2013-09-20 11:00:00+00:00,250.0
4029,2013-09-20 11:30:00+00:00,250.0
4029,2013-09-20 12:00:00+00:00,476.5
4029,2013-09-20 12:30:00+00:00,373.5
4029,2013-09-20 13:00:00+00:00,756.0
4029,2013-09-20 13:30:00+00:00,926.5
4029,2013-09-20 14:00:00+00:00,1073.5
4029,2013-09-20 14:30:00+00:00,901.0
4029,2013-09-20 15:00:00+00:00,746.67
4029,2013-09-20 15:30:00+00:00,600.0
4029,2013-09-20 16:00:00+00:00,596.66
4029,2013-09-20 16:30:00+00:00,173.34
4029,2013-09-20 17:00:00+00:00,100.0
4029,2013-09-20 17:30:00+00:00,73.33
4029,2013-09-20 18:00:00+00:00,0.0
4029,2013-09-20 18:30:00+00:00,0.0
4029,2013-09-20 19:00:00+00:00,0.0
4029,2013-09-20 19:30:00+00:00,0.0
4029,2013-09-20 20:00:00+00:00,0.0
4029,2013-09-20 20:30:00+00:00,0.0
4029,2013-09-20 21:00:00+00:00,0.0
4029,2013-09-20 21:30:00+00:00,0.0
4029,2013-09-20 22:00:00+00:00,0.0
4029,2013-09-20 22:30:00+00:00,0.0
4029,2013-09-20 23:00:00+00:00,0.0
4029,2013-09-20 23:30:00+00:00,0.0
4029,2013-09-21 00:00:00+00:00,0.0
4029,2013-09-21 00:30:00+00:00,0.0
4029,2013-09-21 01:00:00+00:00,0.0
4029,2013-09-21 01:30:00+00:00,0.0
4029,2013-09-21 02:00:00+00:00,0.0
4029,2013-09-21 02:30:00+00:00,0.0
4029,2013-09-21 03:00:00+00:00,0.0
4029,2013-09-21 03:30:00+00:00,0.0
4029,2013-09-21 04:00:00+00:00,0.0
4029,2013-09-21 04:30:00+00:00,0.0
4029,2013-09-21 05:00:00+00:00,0.0
4029,2013-09-21 05:30:00+00:00,0.0
4029,2013-09-21 06:00:00+00:00,0.0
4029,2013-09-21 06:30:00+00:00,0.0
4029,2013-09-21 07:00:00+00:00,50.0
4029,2013-09-21 07:30:00+00:00,76.71
4029,2013-09-21 08:00:00+00:00,99.96
4029,2013-09-21 08:30:00+00:00,150.04
4029,2013-09-21 09:00:00+00:00,226.7
4029,2013-09-21 09:30:00+00:00,476.59
4029,2013-09-21 10:00:00+00:00,373.42
4029,2013-09-21 10:30:00+00:00,223.29
4029,2013-09-21 11:00:00+00:00,250.0
4029,2013-09-21 11:30:00+00:00,276.62
4029,2013-09-21 12:00:00+00:00,250.09
4029,2013-09-21 12:30:00+00:00,326.83
4029,2013-09-21 13:00:00+00:00,526.59
4029,2013-09-21 13:30:00+00:00,373.41
4029,2013-09-21 14:00:00+00:00,326.75
4029,2013-09-21 14:30:00+00:00,396.83
4029,2013-09-21 15:00:00+00:00,250.0
4029,2013-09-21 15:30:00+00:00,400.0
4029,2013-09-21 16:00:00+00:00,250.0
4029,2013-09-21 16:30:00+00:00,146.17
4029,2013-09-21 17:00:00+00:00,50.0
4029,2013-09-21 17:30:00+00:00,0.0
4029,2013-09-21 18:00:00+00:00,50.0
4029,2013-09-21 18:30:00+00:00,0.0
4029,2013-09-21 19:00:00+00:00,0.0
4029,2013-09-21 19:30:00+00:00,0.0
4029,2013-09-21 20:00:00+00:00,0.0
4029,2013-09-21 20:30:00+00:00,0.0
4029,2013-09-21 21:00:00+00:00,0.0
4029,2013-09-21 21:30:00+00:00,0.0
4029,2013-09-21 22:00:00+00:00,0.0
4029,2013-09-21 22:30:00+00:00,0.0
4029,2013-09-21 23:00:00+00:00,0.0
4029,2013-09-21 23:30:00+00:00,0.0
4029,2013-09-22 00:00:00+00:00,0.0
4029,2013-09-22 00:30:00+00:00,0.0
4029,2013-09-22 01:00:00+00:00,0.0
4029,2013-09-22 01:30:00+00:00,0.0
4029,2013-09-22 02:00:00+00:00,0.0
4029,2013-09-22 02:30:00+00:00,0.0
4029,2013-09-22 03:00:00+00:00,0.0
4029,2013-09-22 03:30:00+00:00,0.0
4029,2013-09-22 04:00:00+00:00,0.0
4029,2013-09-22 04:30:00+00:00,0.0
4029,2013-09-22 05:00:00+00:00,0.0
4029,2013-09-22 05:30:00+00:00,0.0
4029,2013-09-22 06:00:00+00:00,0.0
4029,2013-09-22 06:30:00+00:00,0.0
4029,2013-09-22 07:00:00+00:00,0.0
4029,2013-09-22 07:30:00+00:00,0.0
4029,2013-09-22 08:00:00+00:00,50.0
4029,2013-09-22 08:30:00+00:00,77.0
4029,2013-09-22 09:00:00+00:00,73.0
4029,2013-09-22 09:30:00+00:00,100.0
4029,2013-09-22 10:00:00+00:00,100.0
4029,2013-09-22 10:30:00+00:00,100.0
4029,2013-09-22 11:00:00+00:00,100.0
4029,2013-09-22 11:30:00+00:00,100.0
4029,2013-09-22 12:00:00+00:00,127.0
4029,2013-09-22 12:30:00+00:00,99.96
4029,2013-09-22 13:00:00+00:00,150.04
4029,2013-09-22 13:30:00+00:00,123.0
4029,2013-09-22 14:00:00+00:00,100.0
4029,2013-09-22 14:30:00+00:00,100.0
4029,2013-09-22 15:00:00+00:00,50.0
4029,2013-09-22 15:30:00+00:00,50.0
4029,2013-09-22 16:00:00+00:00,50.0
4029,2013-09-22 16:30:00+00:00,0.0
4029,2013-09-22 17:00:00+00:00,0.0
4029,2013-09-22 17:30:00+00:00,0.0
4029,2013-09-22 18:00:00+00:00,0.0
4029,2013-09-22 18:30:00+00:00,0.0
4029,2013-09-22 19:00:00+00:00,0.0
4029,2013-09-22 19:30:00+00:00,0.0
4029,2013-09-22 20:00:00+00:00,0.0
4029,2013-09-22 20:30:00+00:00,0.0
4029,2013-09-22 21:00:00+00:00,0.0
4029,2013-09-22 21:30:00+00:00,0.0
4029,2013-09-22 22:00:00+00:00,0.0
4029,2013-09-22 22:30:00+00:00,0.0
4029,2013-09-22 23:00:00+00:00,0.0
4029,2013-09-22 23:30:00+00:00,0.0
4029,2013-09-23 00:00:00+00:00,0.0
4029,2013-09-23 00:30:00+00:00,0.0
4029,2013-09-23 01:00:00+00:00,0.0
4029,2013-09-23 01:30:00+00:00,0.0
4029,2013-09-23 02:00:00+00:00,0.0
4029,2013-09-23 02:30:00+00:00,0.0
4029,2013-09-23 03:00:00+00:00,0.0
4029,2013-09-23 03:30:00+00:00,0.0
4029,2013-09-23 04:00:00+00:00,0.0
4029,2013-09-23 04:30:00+00:00,0.0
4029,2013-09-23 05:00:00+00:00,0.0
4029,2013-09-23 05:30:00+00:00,0.0
4029,2013-09-23 06:00:00+00:00,0.0
4029,2013-09-23 06:30:00+00:00,0.0
4029,2013-09-23 07:00:00+00:00,50.0
4029,2013-09-23 07:30:00+00:00,27.25
4029,2013-09-23 08:00:00+00:00,100.04
4029,2013-09-23 08:30:00+00:00,99.96
4029,2013-09-23 09:00:00+00:00,150.0
4029,2013-09-23 09:30:00+00:00,150.0
4029,2013-09-23 10:00:00+00:00,177.33
4029,2013-09-23 10:30:00+00:00,222.67
4029,2013-09-23 11:00:00+00:00,177.25
4029,2013-09-23 11:30:00+00:00,250.0
4029,2013-09-23 12:00:00+00:00,404.68
4029,2013-09-23 12:30:00+00:00,699.82
4029,2013-09-23 13:00:00+00:00,859.3
4029,2013-09-23 13:30:00+00:00,1022.71
4029,2013-09-23 14:00:00+00:00,972.49
4029,2013-09-23 14:30:00+00:00,873.77
4029,2013-09-23 15:00:00+00:00,672.55
4029,2013-09-23 15:30:00+00:00,727.68
4029,2013-09-23 16:00:00+00:00,672.35
4029,2013-09-23 16:30:00+00:00,495.06
4029,2013-09-23 17:00:00+00:00,95.09
4029,2013-09-23 17:30:00+00:00,0.0
4029,2013-09-23 18:00:00+00:00,0.0
4029,2013-09-23 18:30:00+00:00,0.0
4029,2013-09-23 19:00:00+00:00,0.0
4029,2013-09-23 19:30:00+00:00,0.0
4029,2013-09-23 20:00:00+00:00,0.0
4029,2013-09-23 20:30:00+00:00,0.0
4029,2013-09-23 21:00:00+00:00,0.0
4029,2013-09-23 21:30:00+00:00,0.0
4029,2013-09-23 22:00:00+00:00,0.0
4029,2013-09-23 22:30:00+00:00,0.0
4029,2013-09-23 23:00:00+00:00,0.0
4029,2013-09-23 23:30:00+00:00,0.0
4029,2013-09-24 00:00:00+00:00,0.0
4029,2013-09-24 00:30:00+00:00,0.0
4029,2013-09-24 01:00:00+00:00,0.0
4029,2013-09-24 01:30:00+00:00,0.0
4029,2013-09-24 02:00:00+00:00,0.0
4029,2013-09-24 02:30:00+00:00,0.0
4029,2013-09-24 03:00:00+00:00,0.0
4029,2013-09-24 03:30:00+00:00,0.0
4029,2013-09-24 04:00:00+00:00,0.0
4029,2013-09-24 04:30:00+00:00,0.0
4029,2013-09-24 05:00:00+00:00,0.0
4029,2013-09-24 05:30:00+00:00,0.0
4029,2013-09-24 06:00:00+00:00,0.0
4029,2013-09-24 06:30:00+00:00,50.0
4029,2013-09-24 07:00:00+00:00,27.3
4029,2013-09-24 07:30:00+00:00,72.7
4029,2013-09-24 08:00:00+00:00,127.46
4029,2013-09-24 08:30:00+00:00,150.04
4029,2013-09-24 09:00:00+00:00,255.0
4029,2013-09-24 09:30:00+00:00,450.0
4029,2013-09-24 10:00:00+00:00,654.58
4029,2013-09-24 10:30:00+00:00,777.69
4029,2013-09-24 11:00:00+00:00,850.23
4029,2013-09-24 11:30:00+00:00,877.24
4029,2013-09-24 12:00:00+00:00,972.76
4029,2013-09-24 12:30:00+00:00,949.73
4029,2013-09-24 13:00:00+00:00,822.77
4029,2013-09-24 13:30:00+00:00,877.5
4029,2013-09-24 14:00:00+00:00,899.73
4029,2013-09-24 14:30:00+00:00,723.42
4029,2013-09-24 15:00:00+00:00,622.37
4029,2013-09-24 15:30:00+00:00,494.81
4029,2013-09-24 16:00:00+00:00,299.93
4029,2013-09-24 16:30:00+00:00,222.37
4029,2013-09-24 17:00:00+00:00,150.04
4029,2013-09-24 17:30:00+00:00,22.33
4029,2013-09-24 18:00:00+00:00,0.0
4029,2013-09-24 18:30:00+00:00,0.0
4029,2013-09-24 19:00:00+00:00,0.0
4029,2013-09-24 19:30:00+00:00,0.0
4029,2013-09-24 20:00:00+00:00,0.0
4029,2013-09-24 20:30:00+00:00,0.0
4029,2013-09-24 21:00:00+00:00,0.0
4029,2013-09-24 21:30:00+00:00,0.0
4029,2013-09-24 22:00:00+00:00,0.0
4029,2013-09-24 22:30:00+00:00,0.0
4029,2013-09-24 23:00:00+00:00,0.0
4029,2013-09-24 23:30:00+00:00,0.0
4029,2013-09-25 00:00:00+00:00,0.0
4029,2013-09-25 00:30:00+00:00,0.0
4029,2013-09-25 01:00:00+00:00,0.0
4029,2013-09-25 01:30:00+00:00,0.0
4029,2013-09-25 02:00:00+00:00,0.0
4029,2013-09-25 02:30:00+00:00,0.0
4029,2013-09-25 03:00:00+00:00,0.0
4029,2013-09-25 03:30:00+00:00,0.0
4029,2013-09-25 04:00:00+00:00,0.0
4029,2013-09-25 04:30:00+00:00,0.0
4029,2013-09-25 05:00:00+00:00,0.0
4029,2013-09-25 05:30:00+00:00,0.0
4029,2013-09-25 06:00:00+00:00,0.0
4029,2013-09-25 06:30:00+00:00,0.0
4029,2013-09-25 07:00:00+00:00,0.0
4029,2013-09-25 07:30:00+00:00,50.0
4029,2013-09-25 08:00:00+00:00,205.18
4029,2013-09-25 08:30:00+00:00,172.49
4029,2013-09-25 09:00:00+00:00,150.03
4029,2013-09-25 09:30:00+00:00,149.97
4029,2013-09-25 10:00:00+00:00,150.0
4029,2013-09-25 10:30:00+00:00,127.66
4029,2013-09-25 11:00:00+00:00,405.34
4029,2013-09-25 11:30:00+00:00,650.0
4029,2013-09-25 12:00:00+00:00,627.66
4029,2013-09-25 12:30:00+00:00,644.67
4029,2013-09-25 13:00:00+00:00,605.33
4029,2013-09-25 13:30:00+00:00,727.67
4029,2013-09-25 14:00:00+00:00,667.0
4029,2013-09-25 14:30:00+00:00,350.0
4029,2013-09-25 15:00:00+00:00,456.03
4029,2013-09-25 15:30:00+00:00,416.73
4029,2013-09-25 16:00:00+00:00,350.07
4029,2013-09-25 16:30:00+00:00,222.05
4029,2013-09-25 17:00:00+00:00,50.0
4029,2013-09-25 17:30:00+00:00,22.12
4029,2013-09-25 18:00:00+00:00,0.0
4029,2013-09-25 18:30:00+00:00,0.0
4029,2013-09-25 19:00:00+00:00,0.0
4029,2013-09-25 19:30:00+00:00,0.0
4029,2013-09-25 20:00:00+00:00,0.0
4029,2013-09-25 20:30:00+00:00,0.0
4029,2013-09-25 21:00:00+00:00,0.0
4029,2013-09-25 21:30:00+00:00,0.0
4029,2013-09-25 22:00:00+00:00,0.0
4029,2013-09-25 22:30:00+00:00,0.0
4029,2013-09-25 23:00:00+00:00,0.0
4029,2013-09-25 23:30:00+00:00,0.0
4029,2013-09-26 00:00:00+00:00,0.0
4029,2013-09-26 00:30:00+00:00,0.0
4029,2013-09-26 01:00:00+00:00,0.0
4029,2013-09-26 01:30:00+00:00,0.0
4029,2013-09-26 02:00:00+00:00,0.0
4029,2013-09-26 02:30:00+00:00,0.0
4029,2013-09-26 03:00:00+00:00,0.0
4029,2013-09-26 03:30:00+00:00,0.0
4029,2013-09-26 04:00:00+00:00,0.0
4029,2013-09-26 04:30:00+00:00,0.0
4029,2013-09-26 05:00:00+00:00,0.0
4029,2013-09-26 05:30:00+00:00,0.0
4029,2013-09-26 06:00:00+00:00,0.0
4029,2013-09-26 06:30:00+00:00,0.0
4029,2013-09-26 07:00:00+00:00,0.0
4029,2013-09-26 07:30:00+00:00,27.67
4029,2013-09-26 08:00:00+00:00,50.09
4029,2013-09-26 08:30:00+00:00,100.16
4029,2013-09-26 09:00:00+00:00,355.83
4029,2013-09-26 09:30:00+00:00,472.08
4029,2013-09-26 10:00:00+00:00,683.57
4029,2013-09-26 10:30:00+00:00,828.1
4029,2013-09-26 11:00:00+00:00,877.92
4029,2013-09-26 11:30:00+00:00,972.08
4029,2013-09-26 12:00:00+00:00,922.08
4029,2013-09-26 12:30:00+00:00,777.42
4029,2013-09-26 13:00:00+00:00,978.16
4029,2013-09-26 13:30:00+00:00,894.24
4029,2013-09-26 14:00:00+00:00,744.21
4029,2013-09-26 14:30:00+00:00,583.89
4029,2013-09-26 15:00:00+00:00,666.39
4029,2013-09-26 15:30:00+00:00,434.61
4029,2013-09-26 16:00:00+00:00,537.67
4029,2013-09-26 16:30:00+00:00,299.92
4029,2013-09-26 17:00:00+00:00,121.95
4029,2013-09-26 17:30:00+00:00,21.96
4029,2013-09-26 18:00:00+00:00,0.0
4029,2013-09-26 18:30:00+00:00,0.0
4029,2013-09-26 19:00:00+00:00,0.0
4029,2013-09-26 19:30:00+00:00,0.0
4029,2013-09-26 20:00:00+00:00,0.0
4029,2013-09-26 20:30:00+00:00,0.0
4029,2013-09-26 21:00:00+00:00,0.0
4029,2013-09-26 21:30:00+00:00,0.0
4029,2013-09-26 22:00:00+00:00,0.0
4029,2013-09-26 22:30:00+00:00,0.0
4029,2013-09-26 23:00:00+00:00,0.0
4029,2013-09-26 23:30:00+00:00,0.0
4029,2013-09-27 00:00:00+00:00,0.0
4029,2013-09-27 00:30:00+00:00,0.0
4029,2013-09-27 01:00:00+00:00,0.0
4029,2013-09-27 01:30:00+00:00,0.0
4029,2013-09-27 02:00:00+00:00,0.0
4029,2013-09-27 02:30:00+00:00,0.0
4029,2013-09-27 03:00:00+00:00,0.0
4029,2013-09-27 03:30:00+00:00,0.0
4029,2013-09-27 04:00:00+00:00,0.0
4029,2013-09-27 04:30:00+00:00,0.0
4029,2013-09-27 05:00:00+00:00,0.0
4029,2013-09-27 05:30:00+00:00,0.0
4029,2013-09-27 06:00:00+00:00,0.0
4029,2013-09-27 06:30:00+00:00,0.0
4029,2013-09-27 07:00:00+00:00,50.0
4029,2013-09-27 07:30:00+00:00,77.88
4029,2013-09-27 08:00:00+00:00,122.12
4029,2013-09-27 08:30:00+00:00,156.17
4029,2013-09-27 09:00:00+00:00,378.08
4029,2013-09-27 09:30:00+00:00,450.0
4029,2013-09-27 10:00:00+00:00,500.0
4029,2013-09-27 10:30:00+00:00,556.17
4029,2013-09-27 11:00:00+00:00,650.0
4029,2013-09-27 11:30:00+00:00,571.91
4029,2013-09-27 12:00:00+00:00,678.09
4029,2013-09-27 12:30:00+00:00,956.16
4029,2013-09-27 13:00:00+00:00,1050.0
4029,2013-09-27 13:30:00+00:00,1050.0
4029,2013-09-27 14:00:00+00:00,809.59
4029,2013-09-27 14:30:00+00:00,656.16
4029,2013-09-27 15:00:00+00:00,578.56
4029,2013-09-27 15:30:00+00:00,537.36
4029,2013-09-27 16:00:00+00:00,150.0
4029,2013-09-27 16:30:00+00:00,100.0
4029,2013-09-27 17:00:00+00:00,71.75
4029,2013-09-27 17:30:00+00:00,0.0
4029,2013-09-27 18:00:00+00:00,0.0
4029,2013-09-27 18:30:00+00:00,0.0
4029,2013-09-27 19:00:00+00:00,0.0
4029,2013-09-27 19:30:00+00:00,0.0
4029,2013-09-27 20:00:00+00:00,0.0
4029,2013-09-27 20:30:00+00:00,0.0
4029,2013-09-27 21:00:00+00:00,0.0
4029,2013-09-27 21:30:00+00:00,0.0
4029,2013-09-27 22:00:00+00:00,0.0
4029,2013-09-27 22:30:00+00:00,0.0
4029,2013-09-27 23:00:00+00:00,0.0
4029,2013-09-27 23:30:00+00:00,0.0
4029,2013-09-28 00:00:00+00:00,0.0
4029,2013-09-28 00:30:00+00:00,0.0
4029,2013-09-28 01:00:00+00:00,0.0
4029,2013-09-28 01:30:00+00:00,0.0
4029,2013-09-28 02:00:00+00:00,0.0
4029,2013-09-28 02:30:00+00:00,0.0
4029,2013-09-28 03:00:00+00:00,0.0
4029,2013-09-28 03:30:00+00:00,0.0
4029,2013-09-28 04:00:00+00:00,0.0
4029,2013-09-28 04:30:00+00:00,0.0
4029,2013-09-28 05:00:00+00:00,0.0
4029,2013-09-28 05:30:00+00:00,0.0
4029,2013-09-28 06:00:00+00:00,0.0
4029,2013-09-28 06:30:00+00:00,0.0
4029,2013-09-28 07:00:00+00:00,28.17
4029,2013-09-28 07:30:00+00:00,50.0
4029,2013-09-28 08:00:00+00:00,128.35
4029,2013-09-28 08:30:00+00:00,250.15
4029,2013-09-28 09:00:00+00:00,400.0
4029,2013-09-28 09:30:00+00:00,378.33
4029,2013-09-28 10:00:00+00:00,556.67
4029,2013-09-28 10:30:00+00:00,671.66
4029,2013-09-28 11:00:00+00:00,450.0
4029,2013-09-28 11:30:00+00:00,443.34
4029,2013-09-28 12:00:00+00:00,221.66
4029,2013-09-28 12:30:00+00:00,121.67
4029,2013-09-28 13:00:00+00:00,128.33
4029,2013-09-28 13:30:00+00:00,100.0
4029,2013-09-28 14:00:00+00:00,71.67
4029,2013-09-28 14:30:00+00:00,128.33
4029,2013-09-28 15:00:00+00:00,150.15
4029,2013-09-28 15:30:00+00:00,307.02
4029,2013-09-28 16:00:00+00:00,550.14
4029,2013-09-28 16:30:00+00:00,292.94
4029,2013-09-28 17:00:00+00:00,100.0
4029,2013-09-28 17:30:00+00:00,21.42
4029,2013-09-28 18:00:00+00:00,0.0
4029,2013-09-28 18:30:00+00:00,0.0
4029,2013-09-28 19:00:00+00:00,0.0
4029,2013-09-28 19:30:00+00:00,0.0
4029,2013-09-28 20:00:00+00:00,0.0
4029,2013-09-28 20:30:00+00:00,0.0
4029,2013-09-28 21:00:00+00:00,0.0
4029,2013-09-28 21:30:00+00:00,0.0
4029,2013-09-28 22:00:00+00:00,0.0
4029,2013-09-28 22:30:00+00:00,0.0
4029,2013-09-28 23:00:00+00:00,0.0
4029,2013-09-28 23:30:00+00:00,0.0
4029,2013-09-29 00:00:00+00:00,0.0
4029,2013-09-29 00:30:00+00:00,0.0
4029,2013-09-29 01:00:00+00:00,0.0
4029,2013-09-29 01:30:00+00:00,0.0
4029,2013-09-29 02:00:00+00:00,0.0
4029,2013-09-29 02:30:00+00:00,0.0
4029,2013-09-29 03:00:00+00:00,0.0
4029,2013-09-29 03:30:00+00:00,0.0
4029,2013-09-29 04:00:00+00:00,0.0
4029,2013-09-29 04:30:00+00:00,0.0
4029,2013-09-29 05:00:00+00:00,0.0
4029,2013-09-29 05:30:00+00:00,0.0
4029,2013-09-29 06:00:00+00:00,0.0
4029,2013-09-29 06:30:00+00:00,0.0
4029,2013-09-29 07:00:00+00:00,0.0
4029,2013-09-29 07:30:00+00:00,50.0
4029,2013-09-29 08:00:00+00:00,78.56
4029,2013-09-29 08:30:00+00:00,100.11
4029,2013-09-29 09:00:00+00:00,100.0
4029,2013-09-29 09:30:00+00:00,121.33
4029,2013-09-29 10:00:00+00:00,128.67
4029,2013-09-29 10:30:00+00:00,228.66
4029,2013-09-29 11:00:00+00:00,250.0
4029,2013-09-29 11:30:00+00:00,307.34
4029,2013-09-29 12:00:00+00:00,542.66
4029,2013-09-29 12:30:00+00:00,400.0
4029,2013-09-29 13:00:00+00:00,428.67
4029,2013-09-29 13:30:00+00:00,600.0
4029,2013-09-29 14:00:00+00:00,400.0
4029,2013-09-29 14:30:00+00:00,242.67
4029,2013-09-29 15:00:00+00:00,150.06
4029,2013-09-29 15:30:00+00:00,100.1
4029,2013-09-29 16:00:00+00:00,121.17
4029,2013-09-29 16:30:00+00:00,50.0
4029,2013-09-29 17:00:00+00:00,0.0
4029,2013-09-29 17:30:00+00:00,50.0
4029,2013-09-29 18:00:00+00:00,0.0
4029,2013-09-29 18:30:00+00:00,0.0
4029,2013-09-29 19:00:00+00:00,0.0
4029,2013-09-29 19:30:00+00:00,0.0
4029,2013-09-29 20:00:00+00:00,0.0
4029,2013-09-29 20:30:00+00:00,0.0
4029,2013-09-29 21:00:00+00:00,0.0
4029,2013-09-29 21:30:00+00:00,0.0
4029,2013-09-29 22:00:00+00:00,0.0
4029,2013-09-29 22:30:00+00:00,0.0
4029,2013-09-29 23:00:00+00:00,0.0
4029,2013-09-29 23:30:00+00:00,0.0
4029,2013-09-30 00:00:00+00:00,0.0
4029,2013-09-30 00:30:00+00:00,0.0
4029,2013-09-30 01:00:00+00:00,0.0
4029,2013-09-30 01:30:00+00:00,0.0
4029,2013-09-30 02:00:00+00:00,0.0
4029,2013-09-30 02:30:00+00:00,0.0
4029,2013-09-30 03:00:00+00:00,0.0
4029,2013-09-30 03:30:00+00:00,0.0
4029,2013-09-30 04:00:00+00:00,0.0
4029,2013-09-30 04:30:00+00:00,0.0
4029,2013-09-30 05:00:00+00:00,0.0
4029,2013-09-30 05:30:00+00:00,0.0
4029,2013-09-30 06:00:00+00:00,0.0
4029,2013-09-30 06:30:00+00:00,0.0
4029,2013-09-30 07:00:00+00:00,0.0
4029,2013-09-30 07:30:00+00:00,78.63
4029,2013-09-30 08:00:00+00:00,100.13
4029,2013-09-30 08:30:00+00:00,129.0
4029,2013-09-30 09:00:00+00:00,228.85
4029,2013-09-30 09:30:00+00:00,528.72
4029,2013-09-30 10:00:00+00:00,678.84
4029,2013-09-30 10:30:00+00:00,828.83
4029,2013-09-30 11:00:00+00:00,821.34
4029,2013-09-30 11:30:00+00:00,692.27
4029,2013-09-30 12:00:00+00:00,936.39
4029,2013-09-30 12:30:00+00:00,1000.29
4029,2013-09-30 13:00:00+00:00,763.35
4029,2013-09-30 13:30:00+00:00,449.86
4029,2013-09-30 14:00:00+00:00,392.38
4029,2013-09-30 14:30:00+00:00,249.95
4029,2013-09-30 15:00:00+00:00,337.08
4029,2013-09-30 15:30:00+00:00,471.34
4029,2013-09-30 16:00:00+00:00,320.92
4029,2013-09-30 16:30:00+00:00,220.91
4029,2013-09-30 17:00:00+00:00,70.92
4029,2013-09-30 17:30:00+00:00,0.0
4029,2013-09-30 18:00:00+00:00,0.0
4029,2013-09-30 18:30:00+00:00,0.0
4029,2013-09-30 19:00:00+00:00,0.0
4029,2013-09-30 19:30:00+00:00,0.0
4029,2013-09-30 20:00:00+00:00,0.0
4029,2013-09-30 20:30:00+00:00,0.0
4029,2013-09-30 21:00:00+00:00,0.0
4029,2013-09-30 21:30:00+00:00,0.0
4029,2013-09-30 22:00:00+00:00,0.0
4029,2013-09-30 22:30:00+00:00,0.0
4029,2013-09-30 23:00:00+00:00,0.0
4029,2013-09-30 23:30:00+00:00,0.0
4029,2013-10-01 00:30:00+00:00,0.0
4029,2013-10-01 01:00:00+00:00,0.0
4029,2013-10-01 01:30:00+00:00,0.0
4029,2013-10-01 02:00:00+00:00,0.0
4029,2013-10-01 02:30:00+00:00,0.0
4029,2013-10-01 03:00:00+00:00,0.0
4029,2013-10-01 03:30:00+00:00,0.0
4029,2013-10-01 04:00:00+00:00,0.0
4029,2013-10-01 04:30:00+00:00,0.0
4029,2013-10-01 05:00:00+00:00,0.0
4029,2013-10-01 05:30:00+00:00,0.0
4029,2013-10-01 06:00:00+00:00,0.0
4029,2013-10-01 06:30:00+00:00,0.0
4029,2013-10-01 07:00:00+00:00,50.0
4029,2013-10-01 07:30:00+00:00,78.92
4029,2013-10-01 08:00:00+00:00,50.09
4029,2013-10-01 08:30:00+00:00,179.23
4029,2013-10-01 09:00:00+00:00,229.26
4029,2013-10-01 09:30:00+00:00,420.74
4029,2013-10-01 10:00:00+00:00,249.93
4029,2013-10-01 10:30:00+00:00,270.95
4029,2013-10-01 11:00:00+00:00,149.96
4029,2013-10-01 11:30:00+00:00,200.09
4029,2013-10-01 12:00:00+00:00,149.91
4029,2013-10-01 12:30:00+00:00,308.27
4029,2013-10-01 13:00:00+00:00,320.82
4029,2013-10-01 13:30:00+00:00,171.0
4029,2013-10-01 14:00:00+00:00,120.83
4029,2013-10-01 14:30:00+00:00,79.12
4029,2013-10-01 15:00:00+00:00,50.11
4029,2013-10-01 15:30:00+00:00,100.1
4029,2013-10-01 16:00:00+00:00,70.67
4029,2013-10-01 16:30:00+00:00,0.0
4029,2013-10-01 17:00:00+00:00,0.0
4029,2013-10-01 17:30:00+00:00,0.0
4029,2013-10-01 18:00:00+00:00,0.0
4029,2013-10-01 18:30:00+00:00,0.0
4029,2013-10-01 19:00:00+00:00,0.0
4029,2013-10-01 19:30:00+00:00,0.0
4029,2013-10-01 20:00:00+00:00,0.0
4029,2013-10-01 20:30:00+00:00,0.0
4029,2013-10-01 21:00:00+00:00,0.0
4029,2013-10-01 21:30:00+00:00,0.0
4029,2013-10-01 22:00:00+00:00,0.0
4029,2013-10-01 22:30:00+00:00,0.0
4029,2013-10-01 23:00:00+00:00,0.0
4029,2013-10-01 23:30:00+00:00,0.0
4029,2013-10-02 00:00:00+00:00,0.0
4029,2013-10-02 00:30:00+00:00,0.0
4029,2013-10-02 01:00:00+00:00,0.0
4029,2013-10-02 01:30:00+00:00,0.0
4029,2013-10-02 02:00:00+00:00,0.0
4029,2013-10-02 02:30:00+00:00,0.0
4029,2013-10-02 03:00:00+00:00,0.0
4029,2013-10-02 03:30:00+00:00,0.0
4029,2013-10-02 04:00:00+00:00,0.0
4029,2013-10-02 04:30:00+00:00,0.0
4029,2013-10-02 05:00:00+00:00,0.0
4029,2013-10-02 05:30:00+00:00,0.0
4029,2013-10-02 06:00:00+00:00,0.0
4029,2013-10-02 06:30:00+00:00,0.0
4029,2013-10-02 07:00:00+00:00,0.0
4029,2013-10-02 07:30:00+00:00,29.17
4029,2013-10-02 08:00:00+00:00,20.83
4029,2013-10-02 08:30:00+00:00,50.0
4029,2013-10-02 09:00:00+00:00,50.0
4029,2013-10-02 09:30:00+00:00,79.33
4029,2013-10-02 10:00:00+00:00,70.67
4029,2013-10-02 10:30:00+00:00,79.33
4029,2013-10-02 11:00:00+00:00,120.67
4029,2013-10-02 11:30:00+00:00,179.33
4029,2013-10-02 12:00:00+00:00,150.0
4029,2013-10-02 12:30:00+00:00,250.0
4029,2013-10-02 13:00:00+00:00,200.0
4029,2013-10-02 13:30:00+00:00,300.0
4029,2013-10-02 14:00:00+00:00,317.34
4029,2013-10-02 14:30:00+00:00,470.66
4029,2013-10-02 15:00:00+00:00,262.1
4029,2013-10-02 15:30:00+00:00,150.07
4029,2013-10-02 16:00:00+00:00,250.0
4029,2013-10-02 16:30:00+00:00,70.5
4029,2013-10-02 17:00:00+00:00,50.0
4029,2013-10-02 17:30:00+00:00,0.0
4029,2013-10-02 18:00:00+00:00,0.0
4029,2013-10-02 18:30:00+00:00,0.0
4029,2013-10-02 19:00:00+00:00,0.0
4029,2013-10-02 19:30:00+00:00,0.0
4029,2013-10-02 20:00:00+00:00,0.0
4029,2013-10-02 20:30:00+00:00,0.0
4029,2013-10-02 21:00:00+00:00,0.0
4029,2013-10-02 21:30:00+00:00,0.0
4029,2013-10-02 22:00:00+00:00,0.0
4029,2013-10-02 22:30:00+00:00,0.0
4029,2013-10-02 23:00:00+00:00,0.0
4029,2013-10-02 23:30:00+00:00,0.0
4029,2013-10-03 00:00:00+00:00,0.0
4029,2013-10-03 00:30:00+00:00,0.0
4029,2013-10-03 01:00:00+00:00,0.0
4029,2013-10-03 01:30:00+00:00,0.0
4029,2013-10-03 02:00:00+00:00,0.0
4029,2013-10-03 02:30:00+00:00,0.0
4029,2013-10-03 03:00:00+00:00,0.0
4029,2013-10-03 03:30:00+00:00,0.0
4029,2013-10-03 04:00:00+00:00,0.0
4029,2013-10-03 04:30:00+00:00,0.0
4029,2013-10-03 05:00:00+00:00,0.0
4029,2013-10-03 05:30:00+00:00,0.0
4029,2013-10-03 06:00:00+00:00,0.0
4029,2013-10-03 06:30:00+00:00,0.0
4029,2013-10-03 07:00:00+00:00,0.0
4029,2013-10-03 07:30:00+00:00,50.0
4029,2013-10-03 08:00:00+00:00,129.52
4029,2013-10-03 08:30:00+00:00,179.65
4029,2013-10-03 09:00:00+00:00,250.0
4029,2013-10-03 09:30:00+00:00,300.0
4029,2013-10-03 10:00:00+00:00,220.41
4029,2013-10-03 10:30:00+00:00,279.59
4029,2013-10-03 11:00:00+00:00,140.83
4029,2013-10-03 11:30:00+00:00,50.0
4029,2013-10-03 12:00:00+00:00,79.58
4029,2013-10-03 12:30:00+00:00,20.42
4029,2013-10-03 13:00:00+00:00,0.0
4029,2013-10-03 13:30:00+00:00,79.58
4029,2013-10-03 14:00:00+00:00,150.0
4029,2013-10-03 14:30:00+00:00,70.42
4029,2013-10-03 15:00:00+00:00,209.36
4029,2013-10-03 15:30:00+00:00,220.44
4029,2013-10-03 16:00:00+00:00,199.98
4029,2013-10-03 16:30:00+00:00,20.22
4029,2013-10-03 17:00:00+00:00,0.0
4029,2013-10-03 17:30:00+00:00,0.0
4029,2013-10-03 18:00:00+00:00,0.0
4029,2013-10-03 18:30:00+00:00,0.0
4029,2013-10-03 19:00:00+00:00,0.0
4029,2013-10-03 19:30:00+00:00,0.0
4029,2013-10-03 20:00:00+00:00,0.0
4029,2013-10-03 20:30:00+00:00,0.0
4029,2013-10-03 21:00:00+00:00,0.0
4029,2013-10-03 21:30:00+00:00,0.0
4029,2013-10-03 22:00:00+00:00,0.0
4029,2013-10-03 22:30:00+00:00,0.0
4029,2013-10-03 23:00:00+00:00,0.0
4029,2013-10-03 23:30:00+00:00,0.0
4029,2013-10-04 00:00:00+00:00,0.0
4029,2013-10-04 00:30:00+00:00,0.0
4029,2013-10-04 01:00:00+00:00,0.0
4029,2013-10-04 01:30:00+00:00,0.0
4029,2013-10-04 02:00:00+00:00,0.0
4029,2013-10-04 02:30:00+00:00,0.0
4029,2013-10-04 03:00:00+00:00,0.0
4029,2013-10-04 03:30:00+00:00,0.0
4029,2013-10-04 04:00:00+00:00,0.0
4029,2013-10-04 04:30:00+00:00,0.0
4029,2013-10-04 05:00:00+00:00,0.0
4029,2013-10-04 05:30:00+00:00,0.0
4029,2013-10-04 06:00:00+00:00,0.0
4029,2013-10-04 06:30:00+00:00,0.0
4029,2013-10-04 07:00:00+00:00,0.0
4029,2013-10-04 07:30:00+00:00,0.0
4029,2013-10-04 08:00:00+00:00,50.0
4029,2013-10-04 08:30:00+00:00,50.0
4029,2013-10-04 09:00:00+00:00,79.97
4029,2013-10-04 09:30:00+00:00,200.03
4029,2013-10-04 10:00:00+00:00,150.0
4029,2013-10-04 10:30:00+00:00,130.0
4029,2013-10-04 11:00:00+00:00,509.87
4029,2013-10-04 11:30:00+00:00,210.08
4029,2013-10-04 12:00:00+00:00,280.05
4029,2013-10-04 12:30:00+00:00,600.0
4029,2013-10-04 13:00:00+00:00,700.0
4029,2013-10-04 13:30:00+00:00,249.9
4029,2013-10-04 14:00:00+00:00,590.1
4029,2013-10-04 14:30:00+00:00,729.8
4029,2013-10-04 15:00:00+00:00,630.53
4029,2013-10-04 15:30:00+00:00,330.17
4029,2013-10-04 16:00:00+00:00,369.83
4029,2013-10-04 16:30:00+00:00,269.84
4029,2013-10-04 17:00:00+00:00,69.83
4029,2013-10-04 17:30:00+00:00,0.0
4029,2013-10-04 18:00:00+00:00,0.0
4029,2013-10-04 18:30:00+00:00,0.0
4029,2013-10-04 19:00:00+00:00,0.0
4029,2013-10-04 19:30:00+00:00,0.0
4029,2013-10-04 20:00:00+00:00,0.0
4029,2013-10-04 20:30:00+00:00,0.0
4029,2013-10-04 21:00:00+00:00,0.0
4029,2013-10-04 21:30:00+00:00,0.0
4029,2013-10-04 22:00:00+00:00,0.0
4029,2013-10-04 22:30:00+00:00,0.0
4029,2013-10-04 23:00:00+00:00,0.0
4029,2013-10-04 23:30:00+00:00,0.0
4029,2013-10-05 00:00:00+00:00,0.0
4029,2013-10-05 00:30:00+00:00,0.0
4029,2013-10-05 01:00:00+00:00,0.0
4029,2013-10-05 01:30:00+00:00,0.0
4029,2013-10-05 02:00:00+00:00,0.0
4029,2013-10-05 02:30:00+00:00,0.0
4029,2013-10-05 03:00:00+00:00,0.0
4029,2013-10-05 03:30:00+00:00,0.0
4029,2013-10-05 04:00:00+00:00,0.0
4029,2013-10-05 04:30:00+00:00,0.0
4029,2013-10-05 05:00:00+00:00,0.0
4029,2013-10-05 05:30:00+00:00,0.0
4029,2013-10-05 06:00:00+00:00,0.0
4029,2013-10-05 06:30:00+00:00,0.0
4029,2013-10-05 07:00:00+00:00,0.0
4029,2013-10-05 07:30:00+00:00,0.0
4029,2013-10-05 08:00:00+00:00,50.0
4029,2013-10-05 08:30:00+00:00,80.25
4029,2013-10-05 09:00:00+00:00,150.0
4029,2013-10-05 09:30:00+00:00,150.0
4029,2013-10-05 10:00:00+00:00,150.0
4029,2013-10-05 10:30:00+00:00,180.25
4029,2013-10-05 11:00:00+00:00,250.0
4029,2013-10-05 11:30:00+00:00,219.75
4029,2013-10-05 12:00:00+00:00,250.0
4029,2013-10-05 12:30:00+00:00,230.25
4029,2013-10-05 13:00:00+00:00,300.0
4029,2013-10-05 13:30:00+00:00,219.75
4029,2013-10-05 14:00:00+00:00,200.0
4029,2013-10-05 14:30:00+00:00,100.0
4029,2013-10-05 15:00:00+00:00,69.75
4029,2013-10-05 15:30:00+00:00,50.0
4029,2013-10-05 16:00:00+00:00,50.0
4029,2013-10-05 16:30:00+00:00,50.0
4029,2013-10-05 17:00:00+00:00,0.0
4029,2013-10-05 17:30:00+00:00,0.0
4029,2013-10-05 18:00:00+00:00,0.0
4029,2013-10-05 18:30:00+00:00,0.0
4029,2013-10-05 19:00:00+00:00,0.0
4029,2013-10-05 19:30:00+00:00,0.0
4029,2013-10-05 20:00:00+00:00,0.0
4029,2013-10-05 20:30:00+00:00,0.0
4029,2013-10-05 21:00:00+00:00,0.0
4029,2013-10-05 21:30:00+00:00,0.0
4029,2013-10-05 22:00:00+00:00,0.0
4029,2013-10-05 22:30:00+00:00,0.0
4029,2013-10-05 23:00:00+00:00,0.0
4029,2013-10-05 23:30:00+00:00,0.0
4029,2013-10-06 00:00:00+00:00,0.0
4029,2013-10-06 00:30:00+00:00,0.0
4029,2013-10-06 01:00:00+00:00,0.0
4029,2013-10-06 01:30:00+00:00,0.0
4029,2013-10-06 02:00:00+00:00,0.0
4029,2013-10-06 02:30:00+00:00,0.0
4029,2013-10-06 03:00:00+00:00,0.0
4029,2013-10-06 03:30:00+00:00,0.0
4029,2013-10-06 04:00:00+00:00,0.0
4029,2013-10-06 04:30:00+00:00,0.0
4029,2013-10-06 05:00:00+00:00,0.0
4029,2013-10-06 05:30:00+00:00,0.0
4029,2013-10-06 06:00:00+00:00,0.0
4029,2013-10-06 06:30:00+00:00,0.0
4029,2013-10-06 07:00:00+00:00,0.0
4029,2013-10-06 07:30:00+00:00,80.3
4029,2013-10-06 08:00:00+00:00,100.15
4029,2013-10-06 08:30:00+00:00,100.0
4029,2013-10-06 09:00:00+00:00,341.35
4029,2013-10-06 09:30:00+00:00,549.87
4029,2013-10-06 10:00:00+00:00,680.41
4029,2013-10-06 10:30:00+00:00,800.0
4029,2013-10-06 11:00:00+00:00,880.42
4029,2013-10-06 11:30:00+00:00,950.0
4029,2013-10-06 12:00:00+00:00,730.42
4029,2013-10-06 12:30:00+00:00,497.91
4029,2013-10-06 13:00:00+00:00,710.84
4029,2013-10-06 13:30:00+00:00,730.58
4029,2013-10-06 14:00:00+00:00,769.42
4029,2013-10-06 14:30:00+00:00,550.33
4029,2013-10-06 15:00:00+00:00,469.9
4029,2013-10-06 15:30:00+00:00,450.0
4029,2013-10-06 16:00:00+00:00,238.73
4029,2013-10-06 16:30:00+00:00,119.37
4029,2013-10-06 17:00:00+00:00,50.0
4029,2013-10-06 17:30:00+00:00,0.0
4029,2013-10-06 18:00:00+00:00,0.0
4029,2013-10-06 18:30:00+00:00,0.0
4029,2013-10-06 19:00:00+00:00,0.0
4029,2013-10-06 19:30:00+00:00,0.0
4029,2013-10-06 20:00:00+00:00,0.0
4029,2013-10-06 20:30:00+00:00,0.0
4029,2013-10-06 21:00:00+00:00,0.0
4029,2013-10-06 21:30:00+00:00,0.0
4029,2013-10-06 22:00:00+00:00,0.0
4029,2013-10-06 22:30:00+00:00,0.0
4029,2013-10-06 23:00:00+00:00,0.0
4029,2013-10-06 23:30:00+00:00,0.0
4029,2013-10-07 00:00:00+00:00,0.0
4029,2013-10-07 00:30:00+00:00,0.0
4029,2013-10-07 01:00:00+00:00,0.0
4029,2013-10-07 01:30:00+00:00,0.0
4029,2013-10-07 02:00:00+00:00,0.0
4029,2013-10-07 02:30:00+00:00,0.0
4029,2013-10-07 03:00:00+00:00,0.0
4029,2013-10-07 03:30:00+00:00,0.0
4029,2013-10-07 04:00:00+00:00,0.0
4029,2013-10-07 04:30:00+00:00,0.0
4029,2013-10-07 05:00:00+00:00,0.0
4029,2013-10-07 05:30:00+00:00,0.0
4029,2013-10-07 06:00:00+00:00,0.0
4029,2013-10-07 06:30:00+00:00,0.0
4029,2013-10-07 07:00:00+00:00,30.42
4029,2013-10-07 07:30:00+00:00,19.58
4029,2013-10-07 08:00:00+00:00,80.42
4029,2013-10-07 08:30:00+00:00,150.16
4029,2013-10-07 09:00:00+00:00,261.17
4029,2013-10-07 09:30:00+00:00,288.83
4029,2013-10-07 10:00:00+00:00,602.92
4029,2013-10-07 10:30:00+00:00,800.0
4029,2013-10-07 11:00:00+00:00,900.0
4029,2013-10-07 11:30:00+00:00,1000.0
4029,2013-10-07 12:00:00+00:00,700.0
4029,2013-10-07 12:30:00+00:00,588.83
4029,2013-10-07 13:00:00+00:00,941.75
4029,2013-10-07 13:30:00+00:00,566.5
4029,2013-10-07 14:00:00+00:00,361.17
4029,2013-10-07 14:30:00+00:00,269.42
4029,2013-10-07 15:00:00+00:00,219.41
4029,2013-10-07 15:30:00+00:00,361.92
4029,2013-10-07 16:00:00+00:00,419.17
4029,2013-10-07 16:30:00+00:00,119.16
4029,2013-10-07 17:00:00+00:00,19.17
4029,2013-10-07 17:30:00+00:00,0.0
4029,2013-10-07 18:00:00+00:00,0.0
4029,2013-10-07 18:30:00+00:00,0.0
4029,2013-10-07 19:00:00+00:00,0.0
4029,2013-10-07 19:30:00+00:00,0.0
4029,2013-10-07 20:00:00+00:00,0.0
4029,2013-10-07 20:30:00+00:00,0.0
4029,2013-10-07 21:00:00+00:00,0.0
4029,2013-10-07 21:30:00+00:00,0.0
4029,2013-10-07 22:00:00+00:00,0.0
4029,2013-10-07 22:30:00+00:00,0.0
4029,2013-10-07 23:00:00+00:00,0.0
4029,2013-10-07 23:30:00+00:00,0.0
4029,2013-10-08 00:00:00+00:00,0.0
4029,2013-10-08 00:30:00+00:00,0.0
4029,2013-10-08 01:00:00+00:00,0.0
4029,2013-10-08 01:30:00+00:00,0.0
4029,2013-10-08 02:00:00+00:00,0.0
4029,2013-10-08 02:30:00+00:00,0.0
4029,2013-10-08 03:00:00+00:00,0.0
4029,2013-10-08 03:30:00+00:00,0.0
4029,2013-10-08 04:00:00+00:00,0.0
4029,2013-10-08 04:30:00+00:00,0.0
4029,2013-10-08 05:00:00+00:00,0.0
4029,2013-10-08 05:30:00+00:00,0.0
4029,2013-10-08 06:00:00+00:00,0.0
4029,2013-10-08 06:30:00+00:00,0.0
4029,2013-10-08 07:00:00+00:00,0.0
4029,2013-10-08 07:30:00+00:00,30.67
4029,2013-10-08 08:00:00+00:00,50.0
4029,2013-10-08 08:30:00+00:00,100.25
4029,2013-10-08 09:00:00+00:00,330.85
4029,2013-10-08 09:30:00+00:00,350.06
4029,2013-10-08 10:00:00+00:00,430.92
4029,2013-10-08 10:30:00+00:00,742.75
4029,2013-10-08 11:00:00+00:00,900.0
4029,2013-10-08 11:30:00+00:00,980.92
4029,2013-10-08 12:00:00+00:00,738.16
4029,2013-10-08 12:30:00+00:00,780.92
4029,2013-10-08 13:00:00+00:00,1080.92
4029,2013-10-08 13:30:00+00:00,707.12
4029,2013-10-08 14:00:00+00:00,461.96
4029,2013-10-08 14:30:00+00:00,426.33
4029,2013-10-08 15:00:00+00:00,280.92
4029,2013-10-08 15:30:00+00:00,481.46
4029,2013-10-08 16:00:00+00:00,125.79
4029,2013-10-08 16:30:00+00:00,0.0
4029,2013-10-08 17:00:00+00:00,0.0
4029,2013-10-08 17:30:00+00:00,0.0
4029,2013-10-08 18:00:00+00:00,0.0
4029,2013-10-08 18:30:00+00:00,0.0
4029,2013-10-08 19:00:00+00:00,0.0
4029,2013-10-08 19:30:00+00:00,0.0
4029,2013-10-08 20:00:00+00:00,0.0
4029,2013-10-08 20:30:00+00:00,0.0
4029,2013-10-08 21:00:00+00:00,0.0
4029,2013-10-08 21:30:00+00:00,0.0
4029,2013-10-08 22:00:00+00:00,0.0
4029,2013-10-08 22:30:00+00:00,0.0
4029,2013-10-08 23:00:00+00:00,0.0
4029,2013-10-08 23:30:00+00:00,0.0
4029,2013-10-09 00:00:00+00:00,0.0
4029,2013-10-09 00:30:00+00:00,0.0
4029,2013-10-09 01:00:00+00:00,0.0
4029,2013-10-09 01:30:00+00:00,0.0
4029,2013-10-09 02:00:00+00:00,0.0
4029,2013-10-09 02:30:00+00:00,0.0
4029,2013-10-09 03:00:00+00:00,0.0
4029,2013-10-09 03:30:00+00:00,0.0
4029,2013-10-09 04:00:00+00:00,0.0
4029,2013-10-09 04:30:00+00:00,0.0
4029,2013-10-09 05:00:00+00:00,0.0
4029,2013-10-09 05:30:00+00:00,0.0
4029,2013-10-09 06:00:00+00:00,0.0
4029,2013-10-09 06:30:00+00:00,0.0
4029,2013-10-09 07:00:00+00:00,30.92
4029,2013-10-09 07:30:00+00:00,19.08
4029,2013-10-09 08:00:00+00:00,130.83
4029,2013-10-09 08:30:00+00:00,100.25
4029,2013-10-09 09:00:00+00:00,100.0
4029,2013-10-09 09:30:00+00:00,100.0
4029,2013-10-09 10:00:00+00:00,181.09
4029,2013-10-09 10:30:00+00:00,543.25
4029,2013-10-09 11:00:00+00:00,656.75
4029,2013-10-09 11:30:00+00:00,168.91
4029,2013-10-09 12:00:00+00:00,100.0
4029,2013-10-09 12:30:00+00:00,281.09
4029,2013-10-09 13:00:00+00:00,481.08
4029,2013-10-09 13:30:00+00:00,418.92
4029,2013-10-09 14:00:00+00:00,200.0
4029,2013-10-09 14:30:00+00:00,87.83
4029,2013-10-09 15:00:00+00:00,81.08
4029,2013-10-09 15:30:00+00:00,68.92
4029,2013-10-09 16:00:00+00:00,50.0
4029,2013-10-09 16:30:00+00:00,50.0
4029,2013-10-09 17:00:00+00:00,50.0
4029,2013-10-09 17:30:00+00:00,0.0
4029,2013-10-09 18:00:00+00:00,0.0
4029,2013-10-09 18:30:00+00:00,0.0
4029,2013-10-09 19:00:00+00:00,0.0
4029,2013-10-09 19:30:00+00:00,0.0
4029,2013-10-09 20:00:00+00:00,0.0
4029,2013-10-09 20:30:00+00:00,0.0
4029,2013-10-09 21:00:00+00:00,0.0
4029,2013-10-09 21:30:00+00:00,0.0
4029,2013-10-09 22:00:00+00:00,0.0
4029,2013-10-09 22:30:00+00:00,0.0
4029,2013-10-09 23:00:00+00:00,0.0
4029,2013-10-09 23:30:00+00:00,0.0
4029,2013-10-10 00:00:00+00:00,0.0
4029,2013-10-10 00:30:00+00:00,0.0
4029,2013-10-10 01:00:00+00:00,0.0
4029,2013-10-10 01:30:00+00:00,0.0
4029,2013-10-10 02:00:00+00:00,0.0
4029,2013-10-10 02:30:00+00:00,0.0
4029,2013-10-10 03:00:00+00:00,0.0
4029,2013-10-10 03:30:00+00:00,0.0
4029,2013-10-10 04:00:00+00:00,0.0
4029,2013-10-10 04:30:00+00:00,0.0
4029,2013-10-10 05:00:00+00:00,0.0
4029,2013-10-10 05:30:00+00:00,0.0
4029,2013-10-10 06:00:00+00:00,0.0
4029,2013-10-10 06:30:00+00:00,0.0
4029,2013-10-10 07:00:00+00:00,0.0
4029,2013-10-10 07:30:00+00:00,31.17
4029,2013-10-10 08:00:00+00:00,68.83
4029,2013-10-10 08:30:00+00:00,131.36
4029,2013-10-10 09:00:00+00:00,231.31
4029,2013-10-10 09:30:00+00:00,368.72
4029,2013-10-10 10:00:00+00:00,381.28
4029,2013-10-10 10:30:00+00:00,468.66
4029,2013-10-10 11:00:00+00:00,575.34
4029,2013-10-10 11:30:00+00:00,881.33
4029,2013-10-10 12:00:00+00:00,437.54
4029,2013-10-10 12:30:00+00:00,305.79
4029,2013-10-10 13:00:00+00:00,612.67
4029,2013-10-10 13:30:00+00:00,381.54
4029,2013-10-10 14:00:00+00:00,618.55
4029,2013-10-10 14:30:00+00:00,768.66
4029,2013-10-10 15:00:00+00:00,654.17
4029,2013-10-10 15:30:00+00:00,491.58
4029,2013-10-10 16:00:00+00:00,295.75
4029,2013-10-10 16:30:00+00:00,95.75
4029,2013-10-10 17:00:00+00:00,4.25
4029,2013-10-10 17:30:00+00:00,45.75
4029,2013-10-10 18:00:00+00:00,0.0
4029,2013-10-10 18:30:00+00:00,0.0
4029,2013-10-10 19:00:00+00:00,0.0
4029,2013-10-10 19:30:00+00:00,0.0
4029,2013-10-10 20:00:00+00:00,0.0
4029,2013-10-10 20:30:00+00:00,0.0
4029,2013-10-10 21:00:00+00:00,0.0
4029,2013-10-10 21:30:00+00:00,0.0
4029,2013-10-10 22:00:00+00:00,0.0
4029,2013-10-10 22:30:00+00:00,0.0
4029,2013-10-10 23:00:00+00:00,0.0
4029,2013-10-10 23:30:00+00:00,0.0
4029,2013-10-11 00:00:00+00:00,0.0
4029,2013-10-11 00:30:00+00:00,0.0
4029,2013-10-11 01:00:00+00:00,0.0
4029,2013-10-11 01:30:00+00:00,0.0
4029,2013-10-11 02:00:00+00:00,0.0
4029,2013-10-11 02:30:00+00:00,0.0
4029,2013-10-11 03:00:00+00:00,0.0
4029,2013-10-11 03:30:00+00:00,0.0
4029,2013-10-11 04:00:00+00:00,0.0
4029,2013-10-11 04:30:00+00:00,0.0
4029,2013-10-11 05:00:00+00:00,0.0
4029,2013-10-11 05:30:00+00:00,0.0
4029,2013-10-11 06:00:00+00:00,0.0
4029,2013-10-11 06:30:00+00:00,0.0
4029,2013-10-11 07:00:00+00:00,0.0
4029,2013-10-11 07:30:00+00:00,50.0
4029,2013-10-11 08:00:00+00:00,54.36
4029,2013-10-11 08:30:00+00:00,150.22
4029,2013-10-11 09:00:00+00:00,159.17
4029,2013-10-11 09:30:00+00:00,290.83
4029,2013-10-11 10:00:00+00:00,150.0
4029,2013-10-11 10:30:00+00:00,200.0
4029,2013-10-11 11:00:00+00:00,100.0
4029,2013-10-11 11:30:00+00:00,95.42
4029,2013-10-11 12:00:00+00:00,4.58
4029,2013-10-11 12:30:00+00:00,95.42
4029,2013-10-11 13:00:00+00:00,50.0
4029,2013-10-11 13:30:00+00:00,0.0
4029,2013-10-11 14:00:00+00:00,0.0
4029,2013-10-11 14:30:00+00:00,50.0
4029,2013-10-11 15:00:00+00:00,0.0
4029,2013-10-11 15:30:00+00:00,0.0
4029,2013-10-11 16:00:00+00:00,0.0
4029,2013-10-11 16:30:00+00:00,0.0
4029,2013-10-11 17:00:00+00:00,0.0
4029,2013-10-11 17:30:00+00:00,0.0
4029,2013-10-11 18:00:00+00:00,0.0
4029,2013-10-11 18:30:00+00:00,0.0
4029,2013-10-11 19:00:00+00:00,0.0
4029,2013-10-11 19:30:00+00:00,0.0
4029,2013-10-11 20:00:00+00:00,0.0
4029,2013-10-11 20:30:00+00:00,0.0
4029,2013-10-11 21:00:00+00:00,0.0
4029,2013-10-11 21:30:00+00:00,0.0
4029,2013-10-11 22:00:00+00:00,0.0
4029,2013-10-11 22:30:00+00:00,0.0
4029,2013-10-11 23:00:00+00:00,0.0
4029,2013-10-11 23:30:00+00:00,0.0
4029,2013-10-12 00:00:00+00:00,0.0
4029,2013-10-12 00:30:00+00:00,0.0
4029,2013-10-12 01:00:00+00:00,0.0
4029,2013-10-12 01:30:00+00:00,0.0
4029,2013-10-12 02:00:00+00:00,0.0
4029,2013-10-12 02:30:00+00:00,0.0
4029,2013-10-12 03:00:00+00:00,0.0
4029,2013-10-12 03:30:00+00:00,0.0
4029,2013-10-12 04:00:00+00:00,0.0
4029,2013-10-12 04:30:00+00:00,0.0
4029,2013-10-12 05:00:00+00:00,0.0
4029,2013-10-12 05:30:00+00:00,0.0
4029,2013-10-12 06:00:00+00:00,0.0
4029,2013-10-12 06:30:00+00:00,0.0
4029,2013-10-12 07:00:00+00:00,50.0
4029,2013-10-12 07:30:00+00:00,4.67
4029,2013-10-12 08:00:00+00:00,50.16
4029,2013-10-12 08:30:00+00:00,100.0
4029,2013-10-12 09:00:00+00:00,314.54
4029,2013-10-12 09:30:00+00:00,596.28
4029,2013-10-12 10:00:00+00:00,708.89
4029,2013-10-12 10:30:00+00:00,654.46
4029,2013-10-12 11:00:00+00:00,945.17
4029,2013-10-12 11:30:00+00:00,645.16
4029,2013-10-12 12:00:00+00:00,495.42
4029,2013-10-12 12:30:00+00:00,399.98
4029,2013-10-12 13:00:00+00:00,344.94
4029,2013-10-12 13:30:00+00:00,245.17
4029,2013-10-12 14:00:00+00:00,200.0
4029,2013-10-12 14:30:00+00:00,364.83
4029,2013-10-12 15:00:00+00:00,495.33
4029,2013-10-12 15:30:00+00:00,285.0
4029,2013-10-12 16:00:00+00:00,100.0
4029,2013-10-12 16:30:00+00:00,50.0
4029,2013-10-12 17:00:00+00:00,0.0
4029,2013-10-12 17:30:00+00:00,0.0
4029,2013-10-12 18:00:00+00:00,0.0
4029,2013-10-12 18:30:00+00:00,0.0
4029,2013-10-12 19:00:00+00:00,0.0
4029,2013-10-12 19:30:00+00:00,0.0
4029,2013-10-12 20:00:00+00:00,0.0
4029,2013-10-12 20:30:00+00:00,0.0
4029,2013-10-12 21:00:00+00:00,0.0
4029,2013-10-12 21:30:00+00:00,0.0
4029,2013-10-12 22:00:00+00:00,0.0
4029,2013-10-12 22:30:00+00:00,0.0
4029,2013-10-12 23:00:00+00:00,0.0
4029,2013-10-12 23:30:00+00:00,0.0
4029,2013-10-13 00:00:00+00:00,0.0
4029,2013-10-13 00:30:00+00:00,0.0
4029,2013-10-13 01:00:00+00:00,0.0
4029,2013-10-13 01:30:00+00:00,0.0
4029,2013-10-13 02:00:00+00:00,0.0
4029,2013-10-13 02:30:00+00:00,0.0
4029,2013-10-13 03:00:00+00:00,0.0
4029,2013-10-13 03:30:00+00:00,0.0
4029,2013-10-13 04:00:00+00:00,0.0
4029,2013-10-13 04:30:00+00:00,0.0
4029,2013-10-13 05:00:00+00:00,0.0
4029,2013-10-13 05:30:00+00:00,0.0
4029,2013-10-13 06:00:00+00:00,0.0
4029,2013-10-13 06:30:00+00:00,0.0
4029,2013-10-13 07:00:00+00:00,0.0
4029,2013-10-13 07:30:00+00:00,0.0
4029,2013-10-13 08:00:00+00:00,0.0
4029,2013-10-13 08:30:00+00:00,0.0
4029,2013-10-13 09:00:00+00:00,0.0
4029,2013-10-13 09:30:00+00:00,0.0
4029,2013-10-13 10:00:00+00:00,0.0
4029,2013-10-13 10:30:00+00:00,50.0
4029,2013-10-13 11:00:00+00:00,50.0
4029,2013-10-13 11:30:00+00:00,50.0
4029,2013-10-13 12:00:00+00:00,50.0
4029,2013-10-13 12:30:00+00:00,5.08
4029,2013-10-13 13:00:00+00:00,100.0
4029,2013-10-13 13:30:00+00:00,44.92
4029,2013-10-13 14:00:00+00:00,55.08
4029,2013-10-13 14:30:00+00:00,150.0
4029,2013-10-13 15:00:00+00:00,205.42
4029,2013-10-13 15:30:00+00:00,144.75
4029,2013-10-13 16:00:00+00:00,50.0
4029,2013-10-13 16:30:00+00:00,44.75
4029,2013-10-13 17:00:00+00:00,0.0
4029,2013-10-13 17:30:00+00:00,0.0
4029,2013-10-13 18:00:00+00:00,0.0
4029,2013-10-13 18:30:00+00:00,0.0
4029,2013-10-13 19:00:00+00:00,0.0
4029,2013-10-13 19:30:00+00:00,0.0
4029,2013-10-13 20:00:00+00:00,0.0
4029,2013-10-13 20:30:00+00:00,0.0
4029,2013-10-13 21:00:00+00:00,0.0
4029,2013-10-13 21:30:00+00:00,0.0
4029,2013-10-13 22:00:00+00:00,0.0
4029,2013-10-13 22:30:00+00:00,0.0
4029,2013-10-13 23:00:00+00:00,0.0
4029,2013-10-13 23:30:00+00:00,0.0
4029,2013-10-14 00:00:00+00:00,0.0
4029,2013-10-14 00:30:00+00:00,0.0
4029,2013-10-14 01:00:00+00:00,0.0
4029,2013-10-14 01:30:00+00:00,0.0
4029,2013-10-14 02:00:00+00:00,0.0
4029,2013-10-14 02:30:00+00:00,0.0
4029,2013-10-14 03:00:00+00:00,0.0
4029,2013-10-14 03:30:00+00:00,0.0
4029,2013-10-14 04:00:00+00:00,0.0
4029,2013-10-14 04:30:00+00:00,0.0
4029,2013-10-14 05:00:00+00:00,0.0
4029,2013-10-14 05:30:00+00:00,0.0
4029,2013-10-14 06:00:00+00:00,0.0
4029,2013-10-14 06:30:00+00:00,0.0
4029,2013-10-14 07:00:00+00:00,0.0
4029,2013-10-14 07:30:00+00:00,0.0
4029,2013-10-14 08:00:00+00:00,50.0
4029,2013-10-14 08:30:00+00:00,55.33
4029,2013-10-14 09:00:00+00:00,150.0
4029,2013-10-14 09:30:00+00:00,216.0
4029,2013-10-14 10:00:00+00:00,434.0
4029,2013-10-14 10:30:00+00:00,260.67
4029,2013-10-14 11:00:00+00:00,350.0
4029,2013-10-14 11:30:00+00:00,289.33
4029,2013-10-14 12:00:00+00:00,199.09
4029,2013-10-14 12:30:00+00:00,150.91
4029,2013-10-14 13:00:00+00:00,100.0
4029,2013-10-14 13:30:00+00:00,150.0
4029,2013-10-14 14:00:00+00:00,200.0
4029,2013-10-14 14:30:00+00:00,200.0
4029,2013-10-14 15:00:00+00:00,100.17
4029,2013-10-14 15:30:00+00:00,150.0
4029,2013-10-14 16:00:00+00:00,194.5
4029,2013-10-14 16:30:00+00:00,50.0
4029,2013-10-14 17:00:00+00:00,0.0
4029,2013-10-14 17:30:00+00:00,0.0
4029,2013-10-14 18:00:00+00:00,0.0
4029,2013-10-14 18:30:00+00:00,0.0
4029,2013-10-14 19:00:00+00:00,0.0
4029,2013-10-14 19:30:00+00:00,0.0
4029,2013-10-14 20:00:00+00:00,0.0
4029,2013-10-14 20:30:00+00:00,0.0
4029,2013-10-14 21:00:00+00:00,0.0
4029,2013-10-14 21:30:00+00:00,0.0
4029,2013-10-14 22:00:00+00:00,0.0
4029,2013-10-14 22:30:00+00:00,0.0
4029,2013-10-14 23:00:00+00:00,0.0
4029,2013-10-14 23:30:00+00:00,0.0
4029,2013-10-15 00:00:00+00:00,0.0
4029,2013-10-15 00:30:00+00:00,0.0
4029,2013-10-15 01:00:00+00:00,0.0
4029,2013-10-15 01:30:00+00:00,0.0
4029,2013-10-15 02:00:00+00:00,0.0
4029,2013-10-15 02:30:00+00:00,0.0
4029,2013-10-15 03:00:00+00:00,0.0
4029,2013-10-15 03:30:00+00:00,0.0
4029,2013-10-15 04:00:00+00:00,0.0
4029,2013-10-15 04:30:00+00:00,0.0
4029,2013-10-15 05:00:00+00:00,0.0
4029,2013-10-15 05:30:00+00:00,0.0
4029,2013-10-15 06:00:00+00:00,0.0
4029,2013-10-15 06:30:00+00:00,0.0
4029,2013-10-15 07:00:00+00:00,0.0
4029,2013-10-15 07:30:00+00:00,50.0
4029,2013-10-15 08:00:00+00:00,5.67
4029,2013-10-15 08:30:00+00:00,94.33
4029,2013-10-15 09:00:00+00:00,161.33
4029,2013-10-15 09:30:00+00:00,150.0
4029,2013-10-15 10:00:00+00:00,417.0
4029,2013-10-15 10:30:00+00:00,488.67
4029,2013-10-15 11:00:00+00:00,717.0
4029,2013-10-15 11:30:00+00:00,955.67
4029,2013-10-15 12:00:00+00:00,1027.33
4029,2013-10-15 12:30:00+00:00,650.0
4029,2013-10-15 13:00:00+00:00,488.44
4029,2013-10-15 13:30:00+00:00,205.89
4029,2013-10-15 14:00:00+00:00,200.0
4029,2013-10-15 14:30:00+00:00,211.34
4029,2013-10-15 15:00:00+00:00,589.0
4029,2013-10-15 15:30:00+00:00,300.0
4029,2013-10-15 16:00:00+00:00,194.16
4029,2013-10-15 16:30:00+00:00,50.01
4029,2013-10-15 17:00:00+00:00,44.16
4029,2013-10-15 17:30:00+00:00,0.0
4029,2013-10-15 18:00:00+00:00,0.0
4029,2013-10-15 18:30:00+00:00,0.0
4029,2013-10-15 19:00:00+00:00,0.0
4029,2013-10-15 19:30:00+00:00,0.0
4029,2013-10-15 20:00:00+00:00,0.0
4029,2013-10-15 20:30:00+00:00,0.0
4029,2013-10-15 21:00:00+00:00,0.0
4029,2013-10-15 21:30:00+00:00,0.0
4029,2013-10-15 22:00:00+00:00,0.0
4029,2013-10-15 22:30:00+00:00,0.0
4029,2013-10-15 23:00:00+00:00,0.0
4029,2013-10-15 23:30:00+00:00,0.0
4029,2013-10-16 00:00:00+00:00,0.0
4029,2013-10-16 00:30:00+00:00,0.0
4029,2013-10-16 01:00:00+00:00,0.0
4029,2013-10-16 01:30:00+00:00,0.0
4029,2013-10-16 02:00:00+00:00,0.0
4029,2013-10-16 02:30:00+00:00,0.0
4029,2013-10-16 03:00:00+00:00,0.0
4029,2013-10-16 03:30:00+00:00,0.0
4029,2013-10-16 04:00:00+00:00,0.0
4029,2013-10-16 04:30:00+00:00,0.0
4029,2013-10-16 05:00:00+00:00,0.0
4029,2013-10-16 05:30:00+00:00,0.0
4029,2013-10-16 06:00:00+00:00,0.0
4029,2013-10-16 06:30:00+00:00,0.0
4029,2013-10-16 07:00:00+00:00,0.0
4029,2013-10-16 07:30:00+00:00,0.0
4029,2013-10-16 08:00:00+00:00,0.0
4029,2013-10-16 08:30:00+00:00,0.0
4029,2013-10-16 09:00:00+00:00,50.0
4029,2013-10-16 09:30:00+00:00,5.83
4029,2013-10-16 10:00:00+00:00,94.17
4029,2013-10-16 10:30:00+00:00,55.83
4029,2013-10-16 11:00:00+00:00,150.0
4029,2013-10-16 11:30:00+00:00,144.17
4029,2013-10-16 12:00:00+00:00,55.83
4029,2013-10-16 12:30:00+00:00,50.0
4029,2013-10-16 13:00:00+00:00,100.0
4029,2013-10-16 13:30:00+00:00,94.17
4029,2013-10-16 14:00:00+00:00,100.0
4029,2013-10-16 14:30:00+00:00,50.0
4029,2013-10-16 15:00:00+00:00,117.56
4029,2013-10-16 15:30:00+00:00,338.44
4029,2013-10-16 16:00:00+00:00,144.0
4029,2013-10-16 16:30:00+00:00,50.0
4029,2013-10-16 17:00:00+00:00,0.0
4029,2013-10-16 17:30:00+00:00,0.0
4029,2013-10-16 18:00:00+00:00,0.0
4029,2013-10-16 18:30:00+00:00,0.0
4029,2013-10-16 19:00:00+00:00,0.0
4029,2013-10-16 19:30:00+00:00,0.0
4029,2013-10-16 20:00:00+00:00,0.0
4029,2013-10-16 20:30:00+00:00,0.0
4029,2013-10-16 21:00:00+00:00,0.0
4029,2013-10-16 21:30:00+00:00,0.0
4029,2013-10-16 22:00:00+00:00,0.0
4029,2013-10-16 22:30:00+00:00,0.0
4029,2013-10-16 23:00:00+00:00,0.0
4029,2013-10-16 23:30:00+00:00,0.0
4029,2013-10-17 00:00:00+00:00,0.0
4029,2013-10-17 00:30:00+00:00,0.0
4029,2013-10-17 01:00:00+00:00,0.0
4029,2013-10-17 01:30:00+00:00,0.0
4029,2013-10-17 02:00:00+00:00,0.0
4029,2013-10-17 02:30:00+00:00,0.0
4029,2013-10-17 03:00:00+00:00,0.0
4029,2013-10-17 03:30:00+00:00,0.0
4029,2013-10-17 04:00:00+00:00,0.0
4029,2013-10-17 04:30:00+00:00,0.0
4029,2013-10-17 05:00:00+00:00,0.0
4029,2013-10-17 05:30:00+00:00,0.0
4029,2013-10-17 06:00:00+00:00,0.0
4029,2013-10-17 06:30:00+00:00,0.0
4029,2013-10-17 07:00:00+00:00,0.0
4029,2013-10-17 07:30:00+00:00,50.0
4029,2013-10-17 08:00:00+00:00,5.95
4029,2013-10-17 08:30:00+00:00,106.38
4029,2013-10-17 09:00:00+00:00,305.92
4029,2013-10-17 09:30:00+00:00,337.92
4029,2013-10-17 10:00:00+00:00,312.3
4029,2013-10-17 10:30:00+00:00,450.03
4029,2013-10-17 11:00:00+00:00,499.75
4029,2013-10-17 11:30:00+00:00,400.25
4029,2013-10-17 12:00:00+00:00,724.08
4029,2013-10-17 12:30:00+00:00,919.75
4029,2013-10-17 13:00:00+00:00,400.0
4029,2013-10-17 13:30:00+00:00,187.67
4029,2013-10-17 14:00:00+00:00,262.33
4029,2013-10-17 14:30:00+00:00,200.0
4029,2013-10-17 15:00:00+00:00,350.04
4029,2013-10-17 15:30:00+00:00,249.71
4029,2013-10-17 16:00:00+00:00,194.25
4029,2013-10-17 16:30:00+00:00,49.92
4029,2013-10-17 17:00:00+00:00,43.75
4029,2013-10-17 17:30:00+00:00,0.0
4029,2013-10-17 18:00:00+00:00,0.0
4029,2013-10-17 18:30:00+00:00,0.0
4029,2013-10-17 19:00:00+00:00,0.0
4029,2013-10-17 19:30:00+00:00,0.0
4029,2013-10-17 20:00:00+00:00,0.0
4029,2013-10-17 20:30:00+00:00,0.0
4029,2013-10-17 21:00:00+00:00,0.0
4029,2013-10-17 21:30:00+00:00,0.0
4029,2013-10-17 22:00:00+00:00,0.0
4029,2013-10-17 22:30:00+00:00,0.0
4029,2013-10-17 23:00:00+00:00,0.0
4029,2013-10-17 23:30:00+00:00,0.0
4029,2013-10-18 00:00:00+00:00,0.0
4029,2013-10-18 00:30:00+00:00,0.0
4029,2013-10-18 01:00:00+00:00,0.0
4029,2013-10-18 01:30:00+00:00,0.0
4029,2013-10-18 02:00:00+00:00,0.0
4029,2013-10-18 02:30:00+00:00,0.0
4029,2013-10-18 03:00:00+00:00,0.0
4029,2013-10-18 03:30:00+00:00,0.0
4029,2013-10-18 04:00:00+00:00,0.0
4029,2013-10-18 04:30:00+00:00,0.0
4029,2013-10-18 05:00:00+00:00,0.0
4029,2013-10-18 05:30:00+00:00,0.0
4029,2013-10-18 06:00:00+00:00,0.0
4029,2013-10-18 06:30:00+00:00,0.0
4029,2013-10-18 07:00:00+00:00,0.0
4029,2013-10-18 07:30:00+00:00,50.0
4029,2013-10-18 08:00:00+00:00,100.0
4029,2013-10-18 08:30:00+00:00,106.42
4029,2013-10-18 09:00:00+00:00,150.0
4029,2013-10-18 09:30:00+00:00,206.41
4029,2013-10-18 10:00:00+00:00,143.59
4029,2013-10-18 10:30:00+00:00,200.0
4029,2013-10-18 11:00:00+00:00,206.41
4029,2013-10-18 11:30:00+00:00,200.0
4029,2013-10-18 12:00:00+00:00,193.59
4029,2013-10-18 12:30:00+00:00,250.0
4029,2013-10-18 13:00:00+00:00,150.0
4029,2013-10-18 13:30:00+00:00,106.41
4029,2013-10-18 14:00:00+00:00,200.0
4029,2013-10-18 14:30:00+00:00,250.0
4029,2013-10-18 15:00:00+00:00,243.61
4029,2013-10-18 15:30:00+00:00,200.14
4029,2013-10-18 16:00:00+00:00,93.42
4029,2013-10-18 16:30:00+00:00,50.0
4029,2013-10-18 17:00:00+00:00,0.0
4029,2013-10-18 17:30:00+00:00,0.0
4029,2013-10-18 18:00:00+00:00,0.0
4029,2013-10-18 18:30:00+00:00,0.0
4029,2013-10-18 19:00:00+00:00,0.0
4029,2013-10-18 19:30:00+00:00,0.0
4029,2013-10-18 20:00:00+00:00,0.0
4029,2013-10-18 20:30:00+00:00,0.0
4029,2013-10-18 21:00:00+00:00,0.0
4029,2013-10-18 21:30:00+00:00,0.0
4029,2013-10-18 22:00:00+00:00,0.0
4029,2013-10-18 22:30:00+00:00,0.0
4029,2013-10-18 23:00:00+00:00,0.0
4029,2013-10-18 23:30:00+00:00,0.0
4029,2013-10-19 00:00:00+00:00,0.0
4029,2013-10-19 00:30:00+00:00,0.0
4029,2013-10-19 01:00:00+00:00,0.0
4029,2013-10-19 01:30:00+00:00,0.0
4029,2013-10-19 02:00:00+00:00,0.0
4029,2013-10-19 02:30:00+00:00,0.0
4029,2013-10-19 03:00:00+00:00,0.0
4029,2013-10-19 03:30:00+00:00,0.0
4029,2013-10-19 04:00:00+00:00,0.0
4029,2013-10-19 04:30:00+00:00,0.0
4029,2013-10-19 05:00:00+00:00,0.0
4029,2013-10-19 05:30:00+00:00,0.0
4029,2013-10-19 06:00:00+00:00,0.0
4029,2013-10-19 06:30:00+00:00,0.0
4029,2013-10-19 07:00:00+00:00,0.0
4029,2013-10-19 07:30:00+00:00,0.0
4029,2013-10-19 08:00:00+00:00,0.0
4029,2013-10-19 08:30:00+00:00,50.0
4029,2013-10-19 09:00:00+00:00,50.0
4029,2013-10-19 09:30:00+00:00,50.0
4029,2013-10-19 10:00:00+00:00,0.0
4029,2013-10-19 10:30:00+00:00,50.0
4029,2013-10-19 11:00:00+00:00,56.58
4029,2013-10-19 11:30:00+00:00,100.09
4029,2013-10-19 12:00:00+00:00,93.33
4029,2013-10-19 12:30:00+00:00,50.0
4029,2013-10-19 13:00:00+00:00,50.0
4029,2013-10-19 13:30:00+00:00,56.66
4029,2013-10-19 14:00:00+00:00,93.34
4029,2013-10-19 14:30:00+00:00,163.33
4029,2013-10-19 15:00:00+00:00,150.05
4029,2013-10-19 15:30:00+00:00,236.62
4029,2013-10-19 16:00:00+00:00,56.83
4029,2013-10-19 16:30:00+00:00,43.17
4029,2013-10-19 17:00:00+00:00,0.0
4029,2013-10-19 17:30:00+00:00,0.0
4029,2013-10-19 18:00:00+00:00,0.0
4029,2013-10-19 18:30:00+00:00,0.0
4029,2013-10-19 19:00:00+00:00,0.0
4029,2013-10-19 19:30:00+00:00,0.0
4029,2013-10-19 20:00:00+00:00,0.0
4029,2013-10-19 20:30:00+00:00,0.0
4029,2013-10-19 21:00:00+00:00,0.0
4029,2013-10-19 21:30:00+00:00,0.0
4029,2013-10-19 22:00:00+00:00,0.0
4029,2013-10-19 22:30:00+00:00,0.0
4029,2013-10-19 23:00:00+00:00,0.0
4029,2013-10-19 23:30:00+00:00,0.0
4029,2013-10-20 00:00:00+00:00,0.0
4029,2013-10-20 00:30:00+00:00,0.0
4029,2013-10-20 01:00:00+00:00,0.0
4029,2013-10-20 01:30:00+00:00,0.0
4029,2013-10-20 02:00:00+00:00,0.0
4029,2013-10-20 02:30:00+00:00,0.0
4029,2013-10-20 03:00:00+00:00,0.0
4029,2013-10-20 03:30:00+00:00,0.0
4029,2013-10-20 04:00:00+00:00,0.0
4029,2013-10-20 04:30:00+00:00,0.0
4029,2013-10-20 05:00:00+00:00,0.0
4029,2013-10-20 05:30:00+00:00,0.0
4029,2013-10-20 06:00:00+00:00,0.0
4029,2013-10-20 06:30:00+00:00,0.0
4029,2013-10-20 07:00:00+00:00,0.0
4029,2013-10-20 07:30:00+00:00,50.0
4029,2013-10-20 08:00:00+00:00,6.7
4029,2013-10-20 08:30:00+00:00,93.3
4029,2013-10-20 09:00:00+00:00,70.75
4029,2013-10-20 09:30:00+00:00,506.92
4029,2013-10-20 10:00:00+00:00,450.0
4029,2013-10-20 10:30:00+00:00,279.25
4029,2013-10-20 11:00:00+00:00,203.34
4029,2013-10-20 11:30:00+00:00,203.57
4029,2013-10-20 12:00:00+00:00,277.67
4029,2013-10-20 12:30:00+00:00,886.17
4029,2013-10-20 13:00:00+00:00,372.33
4029,2013-10-20 13:30:00+00:00,150.0
4029,2013-10-20 14:00:00+00:00,50.0
4029,2013-10-20 14:30:00+00:00,50.0
4029,2013-10-20 15:00:00+00:00,0.0
4029,2013-10-20 15:30:00+00:00,57.08
4029,2013-10-20 16:00:00+00:00,92.92
4029,2013-10-20 16:30:00+00:00,0.0
4029,2013-10-20 17:00:00+00:00,0.0
4029,2013-10-20 17:30:00+00:00,0.0
4029,2013-10-20 18:00:00+00:00,0.0
4029,2013-10-20 18:30:00+00:00,0.0
4029,2013-10-20 19:00:00+00:00,0.0
4029,2013-10-20 19:30:00+00:00,0.0
4029,2013-10-20 20:00:00+00:00,0.0
4029,2013-10-20 20:30:00+00:00,0.0
4029,2013-10-20 21:00:00+00:00,0.0
4029,2013-10-20 21:30:00+00:00,0.0
4029,2013-10-20 22:00:00+00:00,0.0
4029,2013-10-20 22:30:00+00:00,0.0
4029,2013-10-20 23:00:00+00:00,0.0
4029,2013-10-20 23:30:00+00:00,0.0
4029,2013-10-21 00:00:00+00:00,0.0
4029,2013-10-21 00:30:00+00:00,0.0
4029,2013-10-21 01:00:00+00:00,0.0
4029,2013-10-21 01:30:00+00:00,0.0
4029,2013-10-21 02:00:00+00:00,0.0
4029,2013-10-21 02:30:00+00:00,0.0
4029,2013-10-21 03:00:00+00:00,0.0
4029,2013-10-21 03:30:00+00:00,0.0
4029,2013-10-21 04:00:00+00:00,0.0
4029,2013-10-21 04:30:00+00:00,0.0
4029,2013-10-21 05:00:00+00:00,0.0
4029,2013-10-21 05:30:00+00:00,0.0
4029,2013-10-21 06:00:00+00:00,0.0
4029,2013-10-21 06:30:00+00:00,0.0
4029,2013-10-21 07:00:00+00:00,0.0
4029,2013-10-21 07:30:00+00:00,50.0
4029,2013-10-21 08:00:00+00:00,7.02
4029,2013-10-21 08:30:00+00:00,92.98
4029,2013-10-21 09:00:00+00:00,50.0
4029,2013-10-21 09:30:00+00:00,0.0
4029,2013-10-21 10:00:00+00:00,107.17
4029,2013-10-21 10:30:00+00:00,142.83
4029,2013-10-21 11:00:00+00:00,114.36
4029,2013-10-21 11:30:00+00:00,142.81
4029,2013-10-21 12:00:00+00:00,92.83
4029,2013-10-21 12:30:00+00:00,107.17
4029,2013-10-21 13:00:00+00:00,207.16
4029,2013-10-21 13:30:00+00:00,292.91
4029,2013-10-21 14:00:00+00:00,199.93
4029,2013-10-21 14:30:00+00:00,100.0
4029,2013-10-21 15:00:00+00:00,150.02
4029,2013-10-21 15:30:00+00:00,100.14
4029,2013-10-21 16:00:00+00:00,92.67
4029,2013-10-21 16:30:00+00:00,0.0
4029,2013-10-21 17:00:00+00:00,0.0
4029,2013-10-21 17:30:00+00:00,0.0
4029,2013-10-21 18:00:00+00:00,0.0
4029,2013-10-21 18:30:00+00:00,0.0
4029,2013-10-21 19:00:00+00:00,0.0
4029,2013-10-21 19:30:00+00:00,0.0
4029,2013-10-21 20:00:00+00:00,0.0
4029,2013-10-21 20:30:00+00:00,0.0
4029,2013-10-21 21:00:00+00:00,0.0
4029,2013-10-21 21:30:00+00:00,0.0
4029,2013-10-21 22:00:00+00:00,0.0
4029,2013-10-21 22:30:00+00:00,0.0
4029,2013-10-21 23:00:00+00:00,0.0
4029,2013-10-21 23:30:00+00:00,0.0
4029,2013-10-22 00:00:00+00:00,0.0
4029,2013-10-22 00:30:00+00:00,0.0
4029,2013-10-22 01:00:00+00:00,0.0
4029,2013-10-22 01:30:00+00:00,0.0
4029,2013-10-22 02:00:00+00:00,0.0
4029,2013-10-22 02:30:00+00:00,0.0
4029,2013-10-22 03:00:00+00:00,0.0
4029,2013-10-22 03:30:00+00:00,0.0
4029,2013-10-22 04:00:00+00:00,0.0
4029,2013-10-22 04:30:00+00:00,0.0
4029,2013-10-22 05:00:00+00:00,0.0
4029,2013-10-22 05:30:00+00:00,0.0
4029,2013-10-22 06:00:00+00:00,0.0
4029,2013-10-22 06:30:00+00:00,0.0
4029,2013-10-22 07:00:00+00:00,0.0
4029,2013-10-22 07:30:00+00:00,7.17
4029,2013-10-22 08:00:00+00:00,50.03
4029,2013-10-22 08:30:00+00:00,100.15
4029,2013-10-22 09:00:00+00:00,50.07
4029,2013-10-22 09:30:00+00:00,42.58
4029,2013-10-22 10:00:00+00:00,57.4
4029,2013-10-22 10:30:00+00:00,50.02
4029,2013-10-22 11:00:00+00:00,107.41
4029,2013-10-22 11:30:00+00:00,192.52
4029,2013-10-22 12:00:00+00:00,42.65
4029,2013-10-22 12:30:00+00:00,57.4
4029,2013-10-22 13:00:00+00:00,150.0
4029,2013-10-22 13:30:00+00:00,150.02
4029,2013-10-22 14:00:00+00:00,199.98
4029,2013-10-22 14:30:00+00:00,149.93
4029,2013-10-22 15:00:00+00:00,150.11
4029,2013-10-22 15:30:00+00:00,92.56
4029,2013-10-22 16:00:00+00:00,100.0
4029,2013-10-22 16:30:00+00:00,0.0
4029,2013-10-22 17:00:00+00:00,0.0
4029,2013-10-22 17:30:00+00:00,0.0
4029,2013-10-22 18:00:00+00:00,0.0
4029,2013-10-22 18:30:00+00:00,0.0
4029,2013-10-22 19:00:00+00:00,0.0
4029,2013-10-22 19:30:00+00:00,0.0
4029,2013-10-22 20:00:00+00:00,0.0
4029,2013-10-22 20:30:00+00:00,0.0
4029,2013-10-22 21:00:00+00:00,0.0
4029,2013-10-22 21:30:00+00:00,0.0
4029,2013-10-22 22:00:00+00:00,0.0
4029,2013-10-22 22:30:00+00:00,0.0
4029,2013-10-22 23:00:00+00:00,0.0
4029,2013-10-22 23:30:00+00:00,0.0
4029,2013-10-23 00:00:00+00:00,0.0
4029,2013-10-23 00:30:00+00:00,0.0
4029,2013-10-23 01:00:00+00:00,0.0
4029,2013-10-23 01:30:00+00:00,0.0
4029,2013-10-23 02:00:00+00:00,0.0
4029,2013-10-23 02:30:00+00:00,0.0
4029,2013-10-23 03:00:00+00:00,0.0
4029,2013-10-23 03:30:00+00:00,0.0
4029,2013-10-23 04:00:00+00:00,0.0
4029,2013-10-23 04:30:00+00:00,0.0
4029,2013-10-23 05:00:00+00:00,0.0
4029,2013-10-23 05:30:00+00:00,0.0
4029,2013-10-23 06:00:00+00:00,0.0
4029,2013-10-23 06:30:00+00:00,0.0
4029,2013-10-23 07:00:00+00:00,0.0
4029,2013-10-23 07:30:00+00:00,0.0
4029,2013-10-23 08:00:00+00:00,50.0
4029,2013-10-23 08:30:00+00:00,57.67
4029,2013-10-23 09:00:00+00:00,100.0
4029,2013-10-23 09:30:00+00:00,142.33
4029,2013-10-23 10:00:00+00:00,100.0
4029,2013-10-23 10:30:00+00:00,107.67
4029,2013-10-23 11:00:00+00:00,223.0
4029,2013-10-23 11:30:00+00:00,284.66
4029,2013-10-23 12:00:00+00:00,400.0
4029,2013-10-23 12:30:00+00:00,515.34
4029,2013-10-23 13:00:00+00:00,607.66
4029,2013-10-23 13:30:00+00:00,450.0
4029,2013-10-23 14:00:00+00:00,642.34
4029,2013-10-23 14:30:00+00:00,700.0
4029,2013-10-23 15:00:00+00:00,492.41
4029,2013-10-23 15:30:00+00:00,284.75
4029,2013-10-23 16:00:00+00:00,92.17
4029,2013-10-23 16:30:00+00:00,0.0
4029,2013-10-23 17:00:00+00:00,0.0
4029,2013-10-23 17:30:00+00:00,0.0
4029,2013-10-23 18:00:00+00:00,0.0
4029,2013-10-23 18:30:00+00:00,0.0
4029,2013-10-23 19:00:00+00:00,0.0
4029,2013-10-23 19:30:00+00:00,0.0
4029,2013-10-23 20:00:00+00:00,0.0
4029,2013-10-23 20:30:00+00:00,0.0
4029,2013-10-23 21:00:00+00:00,0.0
4029,2013-10-23 21:30:00+00:00,0.0
4029,2013-10-23 22:00:00+00:00,0.0
4029,2013-10-23 22:30:00+00:00,0.0
4029,2013-10-23 23:00:00+00:00,0.0
4029,2013-10-23 23:30:00+00:00,0.0
4029,2013-10-24 00:00:00+00:00,0.0
4029,2013-10-24 00:30:00+00:00,0.0
4029,2013-10-24 01:00:00+00:00,0.0
4029,2013-10-24 01:30:00+00:00,0.0
4029,2013-10-24 02:00:00+00:00,0.0
4029,2013-10-24 02:30:00+00:00,0.0
4029,2013-10-24 03:00:00+00:00,0.0
4029,2013-10-24 03:30:00+00:00,0.0
4029,2013-10-24 04:00:00+00:00,0.0
4029,2013-10-24 04:30:00+00:00,0.0
4029,2013-10-24 05:00:00+00:00,0.0
4029,2013-10-24 05:30:00+00:00,0.0
4029,2013-10-24 06:00:00+00:00,0.0
4029,2013-10-24 06:30:00+00:00,0.0
4029,2013-10-24 07:00:00+00:00,0.0
4029,2013-10-24 07:30:00+00:00,7.52
4029,2013-10-24 08:00:00+00:00,50.19
4029,2013-10-24 08:30:00+00:00,100.14
4029,2013-10-24 09:00:00+00:00,265.65
4029,2013-10-24 09:30:00+00:00,507.83
4029,2013-10-24 10:00:00+00:00,657.84
4029,2013-10-24 10:30:00+00:00,757.83
4029,2013-10-24 11:00:00+00:00,850.0
4029,2013-10-24 11:30:00+00:00,792.52
4029,2013-10-24 12:00:00+00:00,807.48
4029,2013-10-24 12:30:00+00:00,634.33
4029,2013-10-24 13:00:00+00:00,476.5
4029,2013-10-24 13:30:00+00:00,331.34
4029,2013-10-24 14:00:00+00:00,634.33
4029,2013-10-24 14:30:00+00:00,384.33
4029,2013-10-24 15:00:00+00:00,242.17
4029,2013-10-24 15:30:00+00:00,50.0
4029,2013-10-24 16:00:00+00:00,0.0
4029,2013-10-24 16:30:00+00:00,0.0
4029,2013-10-24 17:00:00+00:00,0.0
4029,2013-10-24 17:30:00+00:00,0.0
4029,2013-10-24 18:00:00+00:00,0.0
4029,2013-10-24 18:30:00+00:00,0.0
4029,2013-10-24 19:00:00+00:00,0.0
4029,2013-10-24 19:30:00+00:00,0.0
4029,2013-10-24 20:00:00+00:00,0.0
4029,2013-10-24 20:30:00+00:00,0.0
4029,2013-10-24 21:00:00+00:00,0.0
4029,2013-10-24 21:30:00+00:00,0.0
4029,2013-10-24 22:00:00+00:00,0.0
4029,2013-10-24 22:30:00+00:00,0.0
4029,2013-10-24 23:00:00+00:00,0.0
4029,2013-10-24 23:30:00+00:00,0.0
4029,2013-10-25 00:00:00+00:00,0.0
4029,2013-10-25 00:30:00+00:00,0.0
4029,2013-10-25 01:00:00+00:00,0.0
4029,2013-10-25 01:30:00+00:00,0.0
4029,2013-10-25 02:00:00+00:00,0.0
4029,2013-10-25 02:30:00+00:00,0.0
4029,2013-10-25 03:00:00+00:00,0.0
4029,2013-10-25 03:30:00+00:00,0.0
4029,2013-10-25 04:00:00+00:00,0.0
4029,2013-10-25 04:30:00+00:00,0.0
4029,2013-10-25 05:00:00+00:00,0.0
4029,2013-10-25 05:30:00+00:00,0.0
4029,2013-10-25 06:00:00+00:00,0.0
4029,2013-10-25 06:30:00+00:00,0.0
4029,2013-10-25 07:00:00+00:00,0.0
4029,2013-10-25 07:30:00+00:00,0.0
4029,2013-10-25 08:00:00+00:00,50.0
4029,2013-10-25 08:30:00+00:00,50.0
4029,2013-10-25 09:00:00+00:00,50.0
4029,2013-10-25 09:30:00+00:00,50.0
4029,2013-10-25 10:00:00+00:00,50.0
4029,2013-10-25 10:30:00+00:00,216.33
4029,2013-10-25 11:00:00+00:00,416.34
4029,2013-10-25 11:30:00+00:00,450.0
4029,2013-10-25 12:00:00+00:00,666.33
4029,2013-10-25 12:30:00+00:00,717.33
4029,2013-10-25 13:00:00+00:00,191.84
4029,2013-10-25 13:30:00+00:00,150.0
4029,2013-10-25 14:00:00+00:00,100.0
4029,2013-10-25 14:30:00+00:00,91.83
4029,2013-10-25 15:00:00+00:00,108.19
4029,2013-10-25 15:30:00+00:00,91.81
4029,2013-10-25 16:00:00+00:00,58.33
4029,2013-10-25 16:30:00+00:00,41.67
4029,2013-10-25 17:00:00+00:00,0.0
4029,2013-10-25 17:30:00+00:00,0.0
4029,2013-10-25 18:00:00+00:00,0.0
4029,2013-10-25 18:30:00+00:00,0.0
4029,2013-10-25 19:00:00+00:00,0.0
4029,2013-10-25 19:30:00+00:00,0.0
4029,2013-10-25 20:00:00+00:00,0.0
4029,2013-10-25 20:30:00+00:00,0.0
4029,2013-10-25 21:00:00+00:00,0.0
4029,2013-10-25 21:30:00+00:00,0.0
4029,2013-10-25 22:00:00+00:00,0.0
4029,2013-10-25 22:30:00+00:00,0.0
4029,2013-10-25 23:00:00+00:00,0.0
4029,2013-10-25 23:30:00+00:00,0.0
4029,2013-10-26 00:00:00+00:00,0.0
4029,2013-10-26 00:30:00+00:00,0.0
4029,2013-10-26 01:00:00+00:00,0.0
4029,2013-10-26 01:30:00+00:00,0.0
4029,2013-10-26 02:00:00+00:00,0.0
4029,2013-10-26 02:30:00+00:00,0.0
4029,2013-10-26 03:00:00+00:00,0.0
4029,2013-10-26 03:30:00+00:00,0.0
4029,2013-10-26 04:00:00+00:00,0.0
4029,2013-10-26 04:30:00+00:00,0.0
4029,2013-10-26 05:00:00+00:00,0.0
4029,2013-10-26 05:30:00+00:00,0.0
4029,2013-10-26 06:00:00+00:00,0.0
4029,2013-10-26 06:30:00+00:00,0.0
4029,2013-10-26 07:00:00+00:00,0.0
4029,2013-10-26 07:30:00+00:00,0.0
4029,2013-10-26 08:00:00+00:00,50.0
4029,2013-10-26 08:30:00+00:00,50.0
4029,2013-10-26 09:00:00+00:00,0.0
4029,2013-10-26 09:30:00+00:00,50.0
4029,2013-10-26 10:00:00+00:00,50.0
4029,2013-10-26 10:30:00+00:00,58.4
4029,2013-10-26 11:00:00+00:00,300.02
4029,2013-10-26 11:30:00+00:00,99.91
4029,2013-10-26 12:00:00+00:00,91.67
4029,2013-10-26 12:30:00+00:00,108.35
4029,2013-10-26 13:00:00+00:00,100.07
4029,2013-10-26 13:30:00+00:00,149.93
4029,2013-10-26 14:00:00+00:00,99.98
4029,2013-10-26 14:30:00+00:00,50.0
4029,2013-10-26 15:00:00+00:00,41.67
4029,2013-10-26 15:30:00+00:00,50.0
4029,2013-10-26 16:00:00+00:00,0.0
4029,2013-10-26 16:30:00+00:00,0.0
4029,2013-10-26 17:00:00+00:00,0.0
4029,2013-10-26 17:30:00+00:00,0.0
4029,2013-10-26 18:00:00+00:00,0.0
4029,2013-10-26 18:30:00+00:00,0.0
4029,2013-10-26 19:00:00+00:00,0.0
4029,2013-10-26 19:30:00+00:00,0.0
4029,2013-10-26 20:00:00+00:00,0.0
4029,2013-10-26 20:30:00+00:00,0.0
4029,2013-10-26 21:00:00+00:00,0.0
4029,2013-10-26 21:30:00+00:00,0.0
4029,2013-10-26 22:00:00+00:00,0.0
4029,2013-10-26 22:30:00+00:00,0.0
4029,2013-10-26 23:00:00+00:00,0.0
4029,2013-10-26 23:30:00+00:00,0.0
4029,2013-10-27 00:00:00+00:00,0.0
4029,2013-10-27 00:30:00+00:00,0.0
4029,2013-10-27 01:00:00+00:00,0.0
4029,2013-10-27 01:30:00+00:00,0.0
4029,2013-10-27 02:00:00+00:00,0.0
4029,2013-10-27 02:30:00+00:00,0.0
4029,2013-10-27 03:00:00+00:00,0.0
4029,2013-10-27 03:30:00+00:00,0.0
4029,2013-10-27 04:00:00+00:00,0.0
4029,2013-10-27 04:30:00+00:00,0.0
4029,2013-10-27 05:00:00+00:00,0.0
4029,2013-10-27 05:30:00+00:00,0.0
4029,2013-10-27 06:00:00+00:00,0.0
4029,2013-10-27 06:30:00+00:00,0.0
4029,2013-10-27 07:00:00+00:00,0.0
4029,2013-10-27 07:30:00+00:00,0.0
4029,2013-10-27 08:00:00+00:00,50.0
4029,2013-10-27 08:30:00+00:00,58.67
4029,2013-10-27 09:00:00+00:00,208.63
4029,2013-10-27 09:30:00+00:00,408.66
4029,2013-10-27 10:00:00+00:00,317.37
4029,2013-10-27 10:30:00+00:00,750.0
4029,2013-10-27 11:00:00+00:00,690.83
4029,2013-10-27 11:30:00+00:00,817.34
4029,2013-10-27 12:00:00+00:00,741.42
4029,2013-10-27 12:30:00+00:00,800.0
4029,2013-10-27 13:00:00+00:00,474.25
4029,2013-10-27 13:30:00+00:00,458.79
4029,2013-10-27 14:00:00+00:00,432.69
4029,2013-10-27 14:30:00+00:00,200.02
4029,2013-10-27 15:00:00+00:00,200.03
4029,2013-10-27 15:30:00+00:00,50.13
4029,2013-10-27 16:00:00+00:00,41.17
4029,2013-10-27 16:30:00+00:00,0.0
4029,2013-10-27 17:00:00+00:00,0.0
4029,2013-10-27 17:30:00+00:00,0.0
4029,2013-10-27 18:00:00+00:00,0.0
4029,2013-10-27 18:30:00+00:00,0.0
4029,2013-10-27 19:00:00+00:00,0.0
4029,2013-10-27 19:30:00+00:00,0.0
4029,2013-10-27 20:00:00+00:00,0.0
4029,2013-10-27 20:30:00+00:00,0.0
4029,2013-10-27 21:00:00+00:00,0.0
4029,2013-10-27 21:30:00+00:00,0.0
4029,2013-10-27 22:00:00+00:00,0.0
4029,2013-10-27 22:30:00+00:00,0.0
4029,2013-10-27 23:00:00+00:00,0.0
4029,2013-10-27 23:30:00+00:00,0.0
4029,2013-10-28 00:00:00+00:00,0.0
4029,2013-10-28 00:30:00+00:00,0.0
4029,2013-10-28 01:00:00+00:00,0.0
4029,2013-10-28 01:30:00+00:00,0.0
4029,2013-10-28 02:00:00+00:00,0.0
4029,2013-10-28 02:30:00+00:00,0.0
4029,2013-10-28 03:00:00+00:00,0.0
4029,2013-10-28 03:30:00+00:00,0.0
4029,2013-10-28 04:00:00+00:00,0.0
4029,2013-10-28 04:30:00+00:00,0.0
4029,2013-10-28 05:00:00+00:00,0.0
4029,2013-10-28 05:30:00+00:00,0.0
4029,2013-10-28 06:00:00+00:00,0.0
4029,2013-10-28 06:30:00+00:00,0.0
4029,2013-10-28 07:00:00+00:00,0.0
4029,2013-10-28 07:30:00+00:00,0.0
4029,2013-10-28 08:00:00+00:00,8.78
4029,2013-10-28 08:30:00+00:00,100.14
4029,2013-10-28 09:00:00+00:00,308.91
4029,2013-10-28 09:30:00+00:00,291.09
4029,2013-10-28 10:00:00+00:00,326.75
4029,2013-10-28 10:30:00+00:00,373.25
4029,2013-10-28 11:00:00+00:00,394.58
4029,2013-10-28 11:30:00+00:00,491.08
4029,2013-10-28 12:00:00+00:00,817.84
4029,2013-10-28 12:30:00+00:00,649.24
4029,2013-10-28 13:00:00+00:00,415.13
4029,2013-10-28 13:30:00+00:00,668.14
4029,2013-10-28 14:00:00+00:00,749.73
4029,2013-10-28 14:30:00+00:00,691.01
4029,2013-10-28 15:00:00+00:00,264.33
4029,2013-10-28 15:30:00+00:00,0.0
4029,2013-10-28 16:00:00+00:00,50.0
4029,2013-10-28 16:30:00+00:00,50.0
4029,2013-10-28 17:00:00+00:00,0.0
4029,2013-10-28 17:30:00+00:00,0.0
4029,2013-10-28 18:00:00+00:00,0.0
4029,2013-10-28 18:30:00+00:00,0.0
4029,2013-10-28 19:00:00+00:00,0.0
4029,2013-10-28 19:30:00+00:00,0.0
4029,2013-10-28 20:00:00+00:00,0.0
4029,2013-10-28 20:30:00+00:00,0.0
4029,2013-10-28 21:00:00+00:00,0.0
4029,2013-10-28 21:30:00+00:00,0.0
4029,2013-10-28 22:00:00+00:00,0.0
4029,2013-10-28 22:30:00+00:00,0.0
4029,2013-10-28 23:00:00+00:00,0.0
4029,2013-10-28 23:30:00+00:00,0.0
4029,2013-10-29 00:00:00+00:00,0.0
4029,2013-10-29 00:30:00+00:00,0.0
4029,2013-10-29 01:00:00+00:00,0.0
4029,2013-10-29 01:30:00+00:00,0.0
4029,2013-10-29 02:00:00+00:00,0.0
4029,2013-10-29 02:30:00+00:00,0.0
4029,2013-10-29 03:00:00+00:00,0.0
4029,2013-10-29 03:30:00+00:00,0.0
4029,2013-10-29 04:00:00+00:00,0.0
4029,2013-10-29 04:30:00+00:00,0.0
4029,2013-10-29 05:00:00+00:00,0.0
4029,2013-10-29 05:30:00+00:00,0.0
4029,2013-10-29 06:00:00+00:00,0.0
4029,2013-10-29 06:30:00+00:00,0.0
4029,2013-10-29 07:00:00+00:00,0.0
4029,2013-10-29 07:30:00+00:00,0.0
4029,2013-10-29 08:00:00+00:00,8.96
4029,2013-10-29 08:30:00+00:00,50.12
4029,2013-10-29 09:00:00+00:00,318.17
4029,2013-10-29 09:30:00+00:00,559.08
4029,2013-10-29 10:00:00+00:00,709.43
4029,2013-10-29 10:30:00+00:00,759.24
4029,2013-10-29 11:00:00+00:00,840.83
4029,2013-10-29 11:30:00+00:00,731.67
4029,2013-10-29 12:00:00+00:00,386.08
4029,2013-10-29 12:30:00+00:00,1013.67
4029,2013-10-29 13:00:00+00:00,768.17
4029,2013-10-29 13:30:00+00:00,790.73
4029,2013-10-29 14:00:00+00:00,409.27
4029,2013-10-29 14:30:00+00:00,640.91
4029,2013-10-29 15:00:00+00:00,472.85
4029,2013-10-29 15:30:00+00:00,150.09
4029,2013-10-29 16:00:00+00:00,50.05
4029,2013-10-29 16:30:00+00:00,40.68
4029,2013-10-29 17:00:00+00:00,0.0
4029,2013-10-29 17:30:00+00:00,0.0
4029,2013-10-29 18:00:00+00:00,0.0
4029,2013-10-29 18:30:00+00:00,0.0
4029,2013-10-29 19:00:00+00:00,0.0
4029,2013-10-29 19:30:00+00:00,0.0
4029,2013-10-29 20:00:00+00:00,0.0
4029,2013-10-29 20:30:00+00:00,0.0
4029,2013-10-29 21:00:00+00:00,0.0
4029,2013-10-29 21:30:00+00:00,0.0
4029,2013-10-29 22:00:00+00:00,0.0
4029,2013-10-29 22:30:00+00:00,0.0
4029,2013-10-29 23:00:00+00:00,0.0
4029,2013-10-29 23:30:00+00:00,0.0
4029,2013-10-30 00:00:00+00:00,0.0
4029,2013-10-30 00:30:00+00:00,0.0
4029,2013-10-30 01:00:00+00:00,0.0
4029,2013-10-30 01:30:00+00:00,0.0
4029,2013-10-30 02:00:00+00:00,0.0
4029,2013-10-30 02:30:00+00:00,0.0
4029,2013-10-30 03:00:00+00:00,0.0
4029,2013-10-30 03:30:00+00:00,0.0
4029,2013-10-30 04:00:00+00:00,0.0
4029,2013-10-30 04:30:00+00:00,0.0
4029,2013-10-30 05:00:00+00:00,0.0
4029,2013-10-30 05:30:00+00:00,0.0
4029,2013-10-30 06:00:00+00:00,0.0
4029,2013-10-30 06:30:00+00:00,0.0
4029,2013-10-30 07:00:00+00:00,0.0
4029,2013-10-30 07:30:00+00:00,0.0
4029,2013-10-30 08:00:00+00:00,9.21
4029,2013-10-30 08:30:00+00:00,100.21
4029,2013-10-30 09:00:00+00:00,268.83
4029,2013-10-30 09:30:00+00:00,559.42
4029,2013-10-30 10:00:00+00:00,659.41
4029,2013-10-30 10:30:00+00:00,808.83
4029,2013-10-30 11:00:00+00:00,900.09
4029,2013-10-30 11:30:00+00:00,909.33
4029,2013-10-30 12:00:00+00:00,1000.0
4029,2013-10-30 12:30:00+00:00,1000.0
4029,2013-10-30 13:00:00+00:00,990.67
4029,2013-10-30 13:30:00+00:00,403.33
4029,2013-10-30 14:00:00+00:00,150.0
4029,2013-10-30 14:30:00+00:00,218.67
4029,2013-10-30 15:00:00+00:00,181.18
4029,2013-10-30 15:30:00+00:00,90.82
4029,2013-10-30 16:00:00+00:00,0.0
4029,2013-10-30 16:30:00+00:00,0.0
4029,2013-10-30 17:00:00+00:00,0.0
4029,2013-10-30 17:30:00+00:00,0.0
4029,2013-10-30 18:00:00+00:00,0.0
4029,2013-10-30 18:30:00+00:00,0.0
4029,2013-10-30 19:00:00+00:00,0.0
4029,2013-10-30 19:30:00+00:00,0.0
4029,2013-10-30 20:00:00+00:00,0.0
4029,2013-10-30 20:30:00+00:00,0.0
4029,2013-10-30 21:00:00+00:00,0.0
4029,2013-10-30 21:30:00+00:00,0.0
4029,2013-10-30 22:00:00+00:00,0.0
4029,2013-10-30 22:30:00+00:00,0.0
4029,2013-10-30 23:00:00+00:00,0.0
4029,2013-10-30 23:30:00+00:00,0.0
4029,2013-10-31 00:00:00+00:00,0.0
4029,2013-10-31 00:30:00+00:00,0.0
4029,2013-10-31 01:00:00+00:00,0.0
4029,2013-10-31 01:30:00+00:00,0.0
4029,2013-10-31 02:00:00+00:00,0.0
4029,2013-10-31 02:30:00+00:00,0.0
4029,2013-10-31 03:00:00+00:00,0.0
4029,2013-10-31 03:30:00+00:00,0.0
4029,2013-10-31 04:00:00+00:00,0.0
4029,2013-10-31 04:30:00+00:00,0.0
4029,2013-10-31 05:00:00+00:00,0.0
4029,2013-10-31 05:30:00+00:00,0.0
4029,2013-10-31 06:00:00+00:00,0.0
4029,2013-10-31 06:30:00+00:00,0.0
4029,2013-10-31 07:00:00+00:00,0.0
4029,2013-10-31 07:30:00+00:00,0.0
4029,2013-10-31 08:00:00+00:00,0.0
4029,2013-10-31 08:30:00+00:00,50.0
4029,2013-10-31 09:00:00+00:00,0.0
4029,2013-10-31 09:30:00+00:00,50.0
4029,2013-10-31 10:00:00+00:00,50.0
4029,2013-10-31 10:30:00+00:00,0.0
4029,2013-10-31 11:00:00+00:00,50.0
4029,2013-10-31 11:30:00+00:00,0.0
4029,2013-10-31 12:00:00+00:00,50.0
4029,2013-10-31 12:30:00+00:00,50.0
4029,2013-10-31 13:00:00+00:00,100.0
4029,2013-10-31 13:30:00+00:00,100.0
4029,2013-10-31 14:00:00+00:00,59.6
4029,2013-10-31 14:30:00+00:00,50.07
4029,2013-10-31 15:00:00+00:00,40.33
4029,2013-10-31 15:30:00+00:00,50.0
4029,2013-10-31 16:00:00+00:00,0.0
4029,2013-10-31 16:30:00+00:00,0.0
4029,2013-10-31 17:00:00+00:00,0.0
4029,2013-10-31 17:30:00+00:00,0.0
4029,2013-10-31 18:00:00+00:00,0.0
4029,2013-10-31 18:30:00+00:00,0.0
4029,2013-10-31 19:00:00+00:00,0.0
4029,2013-10-31 19:30:00+00:00,0.0
4029,2013-10-31 20:00:00+00:00,0.0
4029,2013-10-31 20:30:00+00:00,0.0
4029,2013-10-31 21:00:00+00:00,0.0
4029,2013-10-31 21:30:00+00:00,0.0
4029,2013-10-31 22:00:00+00:00,0.0
4029,2013-10-31 22:30:00+00:00,0.0
4029,2013-10-31 23:00:00+00:00,0.0
4029,2013-10-31 23:30:00+00:00,0.0
4029,2013-11-01 00:30:00+00:00,0.0
4029,2013-11-01 01:00:00+00:00,0.0
4029,2013-11-01 01:30:00+00:00,0.0
4029,2013-11-01 02:00:00+00:00,0.0
4029,2013-11-01 02:30:00+00:00,0.0
4029,2013-11-01 03:00:00+00:00,0.0
4029,2013-11-01 03:30:00+00:00,0.0
4029,2013-11-01 04:00:00+00:00,0.0
4029,2013-11-01 04:30:00+00:00,0.0
4029,2013-11-01 05:00:00+00:00,0.0
4029,2013-11-01 05:30:00+00:00,0.0
4029,2013-11-01 06:00:00+00:00,0.0
4029,2013-11-01 06:30:00+00:00,0.0
4029,2013-11-01 07:00:00+00:00,0.0
4029,2013-11-01 07:30:00+00:00,0.0
4029,2013-11-01 08:00:00+00:00,0.0
4029,2013-11-01 08:30:00+00:00,59.83
4029,2013-11-01 09:00:00+00:00,100.0
4029,2013-11-01 09:30:00+00:00,90.17
4029,2013-11-01 10:00:00+00:00,109.83
4029,2013-11-01 10:30:00+00:00,150.0
4029,2013-11-01 11:00:00+00:00,150.0
4029,2013-11-01 11:30:00+00:00,150.0
4029,2013-11-01 12:00:00+00:00,90.17
4029,2013-11-01 12:30:00+00:00,59.83
4029,2013-11-01 13:00:00+00:00,140.17
4029,2013-11-01 13:30:00+00:00,159.83
4029,2013-11-01 14:00:00+00:00,109.84
4029,2013-11-01 14:30:00+00:00,190.16
4029,2013-11-01 15:00:00+00:00,140.17
4029,2013-11-01 15:30:00+00:00,50.0
4029,2013-11-01 16:00:00+00:00,0.0
4029,2013-11-01 16:30:00+00:00,50.0
4029,2013-11-01 17:00:00+00:00,0.0
4029,2013-11-01 17:30:00+00:00,0.0
4029,2013-11-01 18:00:00+00:00,0.0
4029,2013-11-01 18:30:00+00:00,0.0
4029,2013-11-01 19:00:00+00:00,0.0
4029,2013-11-01 19:30:00+00:00,0.0
4029,2013-11-01 20:00:00+00:00,0.0
4029,2013-11-01 20:30:00+00:00,0.0
4029,2013-11-01 21:00:00+00:00,0.0
4029,2013-11-01 21:30:00+00:00,0.0
4029,2013-11-01 22:00:00+00:00,0.0
4029,2013-11-01 22:30:00+00:00,0.0
4029,2013-11-01 23:00:00+00:00,0.0
4029,2013-11-01 23:30:00+00:00,0.0
4029,2013-11-02 00:00:00+00:00,0.0
4029,2013-11-02 00:30:00+00:00,0.0
4029,2013-11-02 01:00:00+00:00,0.0
4029,2013-11-02 01:30:00+00:00,0.0
4029,2013-11-02 02:00:00+00:00,0.0
4029,2013-11-02 02:30:00+00:00,0.0
4029,2013-11-02 03:00:00+00:00,0.0
4029,2013-11-02 03:30:00+00:00,0.0
4029,2013-11-02 04:00:00+00:00,0.0
4029,2013-11-02 04:30:00+00:00,0.0
4029,2013-11-02 05:00:00+00:00,0.0
4029,2013-11-02 05:30:00+00:00,0.0
4029,2013-11-02 06:00:00+00:00,0.0
4029,2013-11-02 06:30:00+00:00,0.0
4029,2013-11-02 07:00:00+00:00,0.0
4029,2013-11-02 07:30:00+00:00,0.0
4029,2013-11-02 08:00:00+00:00,0.0
4029,2013-11-02 08:30:00+00:00,70.17
4029,2013-11-02 09:00:00+00:00,89.91
4029,2013-11-02 09:30:00+00:00,100.0
4029,2013-11-02 10:00:00+00:00,300.0
4029,2013-11-02 10:30:00+00:00,100.0
4029,2013-11-02 11:00:00+00:00,550.0
4029,2013-11-02 11:30:00+00:00,700.42
4029,2013-11-02 12:00:00+00:00,809.67
4029,2013-11-02 12:30:00+00:00,750.0
4029,2013-11-02 13:00:00+00:00,339.91
4029,2013-11-02 13:30:00+00:00,400.0
4029,2013-11-02 14:00:00+00:00,139.92
4029,2013-11-02 14:30:00+00:00,10.08
4029,2013-11-02 15:00:00+00:00,39.92
4029,2013-11-02 15:30:00+00:00,110.25
4029,2013-11-02 16:00:00+00:00,89.75
4029,2013-11-02 16:30:00+00:00,0.0
4029,2013-11-02 17:00:00+00:00,0.0
4029,2013-11-02 17:30:00+00:00,0.0
4029,2013-11-02 18:00:00+00:00,0.0
4029,2013-11-02 18:30:00+00:00,0.0
4029,2013-11-02 19:00:00+00:00,0.0
4029,2013-11-02 19:30:00+00:00,0.0
4029,2013-11-02 20:00:00+00:00,0.0
4029,2013-11-02 20:30:00+00:00,0.0
4029,2013-11-02 21:00:00+00:00,0.0
4029,2013-11-02 21:30:00+00:00,0.0
4029,2013-11-02 22:00:00+00:00,0.0
4029,2013-11-02 22:30:00+00:00,0.0
4029,2013-11-02 23:00:00+00:00,0.0
4029,2013-11-02 23:30:00+00:00,0.0
4029,2013-11-03 00:00:00+00:00,0.0
4029,2013-11-03 00:30:00+00:00,0.0
4029,2013-11-03 01:00:00+00:00,0.0
4029,2013-11-03 01:30:00+00:00,0.0
4029,2013-11-03 02:00:00+00:00,0.0
4029,2013-11-03 02:30:00+00:00,0.0
4029,2013-11-03 03:00:00+00:00,0.0
4029,2013-11-03 03:30:00+00:00,0.0
4029,2013-11-03 04:00:00+00:00,0.0
4029,2013-11-03 04:30:00+00:00,0.0
4029,2013-11-03 05:00:00+00:00,0.0
4029,2013-11-03 05:30:00+00:00,0.0
4029,2013-11-03 06:00:00+00:00,0.0
4029,2013-11-03 06:30:00+00:00,0.0
4029,2013-11-03 07:00:00+00:00,0.0
4029,2013-11-03 07:30:00+00:00,0.0
4029,2013-11-03 08:00:00+00:00,60.22
4029,2013-11-03 08:30:00+00:00,39.78
4029,2013-11-03 09:00:00+00:00,231.2
4029,2013-11-03 09:30:00+00:00,279.22
4029,2013-11-03 10:00:00+00:00,210.38
4029,2013-11-03 10:30:00+00:00,420.8
4029,2013-11-03 11:00:00+00:00,870.9
4029,2013-11-03 11:30:00+00:00,949.9
4029,2013-11-03 12:00:00+00:00,910.52
4029,2013-11-03 12:30:00+00:00,768.41
4029,2013-11-03 13:00:00+00:00,739.92
4029,2013-11-03 13:30:00+00:00,429.1
4029,2013-11-03 14:00:00+00:00,510.45
4029,2013-11-03 14:30:00+00:00,320.53
4029,2013-11-03 15:00:00+00:00,319.06
4029,2013-11-03 15:30:00+00:00,50.19
4029,2013-11-03 16:00:00+00:00,39.42
4029,2013-11-03 16:30:00+00:00,0.0
4029,2013-11-03 17:00:00+00:00,0.0
4029,2013-11-03 17:30:00+00:00,0.0
4029,2013-11-03 18:00:00+00:00,0.0
4029,2013-11-03 18:30:00+00:00,0.0
4029,2013-11-03 19:00:00+00:00,0.0
4029,2013-11-03 19:30:00+00:00,0.0
4029,2013-11-03 20:00:00+00:00,0.0
4029,2013-11-03 20:30:00+00:00,0.0
4029,2013-11-03 21:00:00+00:00,0.0
4029,2013-11-03 21:30:00+00:00,0.0
4029,2013-11-03 22:00:00+00:00,0.0
4029,2013-11-03 22:30:00+00:00,0.0
4029,2013-11-03 23:00:00+00:00,0.0
4029,2013-11-03 23:30:00+00:00,0.0
4029,2013-11-04 00:00:00+00:00,0.0
4029,2013-11-04 00:30:00+00:00,0.0
4029,2013-11-04 01:00:00+00:00,0.0
4029,2013-11-04 01:30:00+00:00,0.0
4029,2013-11-04 02:00:00+00:00,0.0
4029,2013-11-04 02:30:00+00:00,0.0
4029,2013-11-04 03:00:00+00:00,0.0
4029,2013-11-04 03:30:00+00:00,0.0
4029,2013-11-04 04:00:00+00:00,0.0
4029,2013-11-04 04:30:00+00:00,0.0
4029,2013-11-04 05:00:00+00:00,0.0
4029,2013-11-04 05:30:00+00:00,0.0
4029,2013-11-04 06:00:00+00:00,0.0
4029,2013-11-04 06:30:00+00:00,0.0
4029,2013-11-04 07:00:00+00:00,0.0
4029,2013-11-04 07:30:00+00:00,0.0
4029,2013-11-04 08:00:00+00:00,0.0
4029,2013-11-04 08:30:00+00:00,0.0
4029,2013-11-04 09:00:00+00:00,50.0
4029,2013-11-04 09:30:00+00:00,142.33
4029,2013-11-04 10:00:00+00:00,660.91
4029,2013-11-04 10:30:00+00:00,760.26
4029,2013-11-04 11:00:00+00:00,900.0
4029,2013-11-04 11:30:00+00:00,960.58
4029,2013-11-04 12:00:00+00:00,1000.0
4029,2013-11-04 12:30:00+00:00,1050.0
4029,2013-11-04 13:00:00+00:00,928.84
4029,2013-11-04 13:30:00+00:00,678.83
4029,2013-11-04 14:00:00+00:00,560.58
4029,2013-11-04 14:30:00+00:00,500.0
4029,2013-11-04 15:00:00+00:00,428.91
4029,2013-11-04 15:30:00+00:00,128.76
4029,2013-11-04 16:00:00+00:00,50.0
4029,2013-11-04 16:30:00+00:00,0.0
4029,2013-11-04 17:00:00+00:00,0.0
4029,2013-11-04 17:30:00+00:00,0.0
4029,2013-11-04 18:00:00+00:00,0.0
4029,2013-11-04 18:30:00+00:00,0.0
4029,2013-11-04 19:00:00+00:00,0.0
4029,2013-11-04 19:30:00+00:00,0.0
4029,2013-11-04 20:00:00+00:00,0.0
4029,2013-11-04 20:30:00+00:00,0.0
4029,2013-11-04 21:00:00+00:00,0.0
4029,2013-11-04 21:30:00+00:00,0.0
4029,2013-11-04 22:00:00+00:00,0.0
4029,2013-11-04 22:30:00+00:00,0.0
4029,2013-11-04 23:00:00+00:00,0.0
4029,2013-11-04 23:30:00+00:00,0.0
4029,2013-11-05 00:00:00+00:00,0.0
4029,2013-11-05 00:30:00+00:00,0.0
4029,2013-11-05 01:00:00+00:00,0.0
4029,2013-11-05 01:30:00+00:00,0.0
4029,2013-11-05 02:00:00+00:00,0.0
4029,2013-11-05 02:30:00+00:00,0.0
4029,2013-11-05 03:00:00+00:00,0.0
4029,2013-11-05 03:30:00+00:00,0.0
4029,2013-11-05 04:00:00+00:00,0.0
4029,2013-11-05 04:30:00+00:00,0.0
4029,2013-11-05 05:00:00+00:00,0.0
4029,2013-11-05 05:30:00+00:00,0.0
4029,2013-11-05 06:00:00+00:00,0.0
4029,2013-11-05 06:30:00+00:00,0.0
4029,2013-11-05 07:00:00+00:00,0.0
4029,2013-11-05 07:30:00+00:00,0.0
4029,2013-11-05 08:00:00+00:00,0.0
4029,2013-11-05 08:30:00+00:00,10.92
4029,2013-11-05 09:00:00+00:00,39.08
4029,2013-11-05 09:30:00+00:00,50.0
4029,2013-11-05 10:00:00+00:00,50.0
4029,2013-11-05 10:30:00+00:00,50.0
4029,2013-11-05 11:00:00+00:00,50.0
4029,2013-11-05 11:30:00+00:00,60.92
4029,2013-11-05 12:00:00+00:00,89.08
4029,2013-11-05 12:30:00+00:00,404.58
4029,2013-11-05 13:00:00+00:00,767.25
4029,2013-11-05 13:30:00+00:00,471.84
4029,2013-11-05 14:00:00+00:00,606.33
4029,2013-11-05 14:30:00+00:00,60.92
4029,2013-11-05 15:00:00+00:00,39.08
4029,2013-11-05 15:30:00+00:00,50.0
4029,2013-11-05 16:00:00+00:00,0.0
4029,2013-11-05 16:30:00+00:00,0.0
4029,2013-11-05 17:00:00+00:00,0.0
4029,2013-11-05 17:30:00+00:00,0.0
4029,2013-11-05 18:00:00+00:00,0.0
4029,2013-11-05 18:30:00+00:00,0.0
4029,2013-11-05 19:00:00+00:00,0.0
4029,2013-11-05 19:30:00+00:00,0.0
4029,2013-11-05 20:00:00+00:00,0.0
4029,2013-11-05 20:30:00+00:00,0.0
4029,2013-11-05 21:00:00+00:00,0.0
4029,2013-11-05 21:30:00+00:00,0.0
4029,2013-11-05 22:00:00+00:00,0.0
4029,2013-11-05 22:30:00+00:00,0.0
4029,2013-11-05 23:00:00+00:00,0.0
4029,2013-11-05 23:30:00+00:00,0.0
4029,2013-11-06 00:00:00+00:00,0.0
4029,2013-11-06 00:30:00+00:00,0.0
4029,2013-11-06 01:00:00+00:00,0.0
4029,2013-11-06 01:30:00+00:00,0.0
4029,2013-11-06 02:00:00+00:00,0.0
4029,2013-11-06 02:30:00+00:00,0.0
4029,2013-11-06 03:00:00+00:00,0.0
4029,2013-11-06 03:30:00+00:00,0.0
4029,2013-11-06 04:00:00+00:00,0.0
4029,2013-11-06 04:30:00+00:00,0.0
4029,2013-11-06 05:00:00+00:00,0.0
4029,2013-11-06 05:30:00+00:00,0.0
4029,2013-11-06 06:00:00+00:00,0.0
4029,2013-11-06 06:30:00+00:00,0.0
4029,2013-11-06 07:00:00+00:00,0.0
4029,2013-11-06 07:30:00+00:00,0.0
4029,2013-11-06 08:00:00+00:00,0.0
4029,2013-11-06 08:30:00+00:00,50.0
4029,2013-11-06 09:00:00+00:00,0.0
4029,2013-11-06 09:30:00+00:00,50.0
4029,2013-11-06 10:00:00+00:00,50.0
4029,2013-11-06 10:30:00+00:00,50.0
4029,2013-11-06 11:00:00+00:00,61.17
4029,2013-11-06 11:30:00+00:00,100.0
4029,2013-11-06 12:00:00+00:00,88.83
4029,2013-11-06 12:30:00+00:00,11.17
4029,2013-11-06 13:00:00+00:00,38.83
4029,2013-11-06 13:30:00+00:00,50.0
4029,2013-11-06 14:00:00+00:00,50.0
4029,2013-11-06 14:30:00+00:00,50.0
4029,2013-11-06 15:00:00+00:00,50.0
4029,2013-11-06 15:30:00+00:00,50.0
4029,2013-11-06 16:00:00+00:00,0.0
4029,2013-11-06 16:30:00+00:00,0.0
4029,2013-11-06 17:00:00+00:00,0.0
4029,2013-11-06 17:30:00+00:00,0.0
4029,2013-11-06 18:00:00+00:00,0.0
4029,2013-11-06 18:30:00+00:00,0.0
4029,2013-11-06 19:00:00+00:00,0.0
4029,2013-11-06 19:30:00+00:00,0.0
4029,2013-11-06 20:00:00+00:00,0.0
4029,2013-11-06 20:30:00+00:00,0.0
4029,2013-11-06 21:00:00+00:00,0.0
4029,2013-11-06 21:30:00+00:00,0.0
4029,2013-11-06 22:00:00+00:00,0.0
4029,2013-11-06 22:30:00+00:00,0.0
4029,2013-11-06 23:00:00+00:00,0.0
4029,2013-11-06 23:30:00+00:00,0.0
4029,2013-11-07 00:00:00+00:00,0.0
4029,2013-11-07 00:30:00+00:00,0.0
4029,2013-11-07 01:00:00+00:00,0.0
4029,2013-11-07 01:30:00+00:00,0.0
4029,2013-11-07 02:00:00+00:00,0.0
4029,2013-11-07 02:30:00+00:00,0.0
4029,2013-11-07 03:00:00+00:00,0.0
4029,2013-11-07 03:30:00+00:00,0.0
4029,2013-11-07 04:00:00+00:00,0.0
4029,2013-11-07 04:30:00+00:00,0.0
4029,2013-11-07 05:00:00+00:00,0.0
4029,2013-11-07 05:30:00+00:00,0.0
4029,2013-11-07 06:00:00+00:00,0.0
4029,2013-11-07 06:30:00+00:00,0.0
4029,2013-11-07 07:00:00+00:00,0.0
4029,2013-11-07 07:30:00+00:00,0.0
4029,2013-11-07 08:00:00+00:00,50.0
4029,2013-11-07 08:30:00+00:00,11.42
4029,2013-11-07 09:00:00+00:00,49.93
4029,2013-11-07 09:30:00+00:00,138.65
4029,2013-11-07 10:00:00+00:00,111.4
4029,2013-11-07 10:30:00+00:00,311.3
4029,2013-11-07 12:30:00+00:00,436.54
4029,2013-11-07 13:00:00+00:00,163.52
4029,2013-11-07 13:30:00+00:00,136.62
4029,2013-11-07 14:00:00+00:00,76.71
4029,2013-11-07 14:30:00+00:00,86.58
4029,2013-11-07 15:00:00+00:00,50.06
4029,2013-11-07 15:30:00+00:00,13.36
4029,2013-11-07 16:00:00+00:00,0.0
4029,2013-11-07 16:30:00+00:00,0.0
4029,2013-11-07 17:00:00+00:00,0.0
4029,2013-11-07 17:30:00+00:00,0.0
4029,2013-11-07 18:00:00+00:00,0.0
4029,2013-11-07 18:30:00+00:00,0.0
4029,2013-11-07 19:00:00+00:00,0.0
4029,2013-11-07 19:30:00+00:00,0.0
4029,2013-11-07 20:00:00+00:00,0.0
4029,2013-11-07 20:30:00+00:00,0.0
4029,2013-11-07 21:00:00+00:00,0.0
4029,2013-11-07 21:30:00+00:00,0.0
4029,2013-11-07 22:00:00+00:00,0.0
4029,2013-11-07 22:30:00+00:00,0.0
4029,2013-11-07 23:00:00+00:00,0.0
4029,2013-11-07 23:30:00+00:00,0.0
4029,2013-11-08 00:00:00+00:00,0.0
4029,2013-11-08 00:30:00+00:00,0.0
4029,2013-11-08 01:00:00+00:00,0.0
4029,2013-11-08 01:30:00+00:00,0.0
4029,2013-11-08 02:00:00+00:00,0.0
4029,2013-11-08 02:30:00+00:00,0.0
4029,2013-11-08 03:00:00+00:00,0.0
4029,2013-11-08 03:30:00+00:00,0.0
4029,2013-11-08 04:00:00+00:00,0.0
4029,2013-11-08 04:30:00+00:00,0.0
4029,2013-11-08 05:00:00+00:00,0.0
4029,2013-11-08 05:30:00+00:00,0.0
4029,2013-11-08 06:00:00+00:00,0.0
4029,2013-11-08 06:30:00+00:00,0.0
4029,2013-11-08 07:00:00+00:00,0.0
4029,2013-11-08 07:30:00+00:00,0.0
4029,2013-11-08 08:00:00+00:00,0.0
4029,2013-11-08 08:30:00+00:00,50.0
4029,2013-11-08 09:00:00+00:00,87.19
4029,2013-11-08 09:30:00+00:00,100.04
4029,2013-11-08 10:00:00+00:00,99.94
4029,2013-11-08 10:30:00+00:00,100.06
4029,2013-11-08 11:00:00+00:00,149.94
4029,2013-11-08 11:30:00+00:00,187.21
4029,2013-11-08 12:00:00+00:00,286.44
4029,2013-11-08 12:30:00+00:00,350.0
4029,2013-11-08 13:00:00+00:00,823.76
4029,2013-11-08 13:30:00+00:00,165.42
4029,2013-11-08 14:00:00+00:00,123.3
4029,2013-11-08 14:30:00+00:00,113.62
4029,2013-11-08 15:00:00+00:00,50.0
4029,2013-11-08 15:30:00+00:00,50.0
4029,2013-11-08 16:00:00+00:00,13.08
4029,2013-11-08 16:30:00+00:00,0.0
4029,2013-11-08 17:00:00+00:00,0.0
4029,2013-11-08 17:30:00+00:00,0.0
4029,2013-11-08 18:00:00+00:00,0.0
4029,2013-11-08 18:30:00+00:00,0.0
4029,2013-11-08 19:00:00+00:00,0.0
4029,2013-11-08 19:30:00+00:00,0.0
4029,2013-11-08 20:00:00+00:00,0.0
4029,2013-11-08 20:30:00+00:00,0.0
4029,2013-11-08 21:00:00+00:00,0.0
4029,2013-11-08 21:30:00+00:00,0.0
4029,2013-11-08 22:00:00+00:00,0.0
4029,2013-11-08 22:30:00+00:00,0.0
4029,2013-11-08 23:00:00+00:00,0.0
4029,2013-11-08 23:30:00+00:00,0.0
4029,2013-11-09 00:00:00+00:00,0.0
4029,2013-11-09 00:30:00+00:00,0.0
4029,2013-11-09 01:00:00+00:00,0.0
4029,2013-11-09 01:30:00+00:00,0.0
4029,2013-11-09 02:00:00+00:00,0.0
4029,2013-11-09 02:30:00+00:00,0.0
4029,2013-11-09 03:00:00+00:00,0.0
4029,2013-11-09 03:30:00+00:00,0.0
4029,2013-11-09 04:00:00+00:00,0.0
4029,2013-11-09 04:30:00+00:00,0.0
4029,2013-11-09 05:00:00+00:00,0.0
4029,2013-11-09 05:30:00+00:00,0.0
4029,2013-11-09 06:00:00+00:00,0.0
4029,2013-11-09 06:30:00+00:00,0.0
4029,2013-11-09 07:00:00+00:00,0.0
4029,2013-11-09 07:30:00+00:00,0.0
4029,2013-11-09 08:00:00+00:00,0.0
4029,2013-11-09 08:30:00+00:00,50.0
4029,2013-11-09 09:00:00+00:00,100.0
4029,2013-11-09 09:30:00+00:00,100.0
4029,2013-11-09 10:00:00+00:00,50.0
4029,2013-11-09 10:30:00+00:00,50.0
4029,2013-11-09 11:00:00+00:00,0.0
4029,2013-11-09 11:30:00+00:00,0.0
4029,2013-11-09 12:00:00+00:00,50.0
4029,2013-11-09 12:30:00+00:00,124.17
4029,2013-11-09 13:00:00+00:00,162.91
4029,2013-11-09 13:30:00+00:00,150.0
4029,2013-11-09 14:00:00+00:00,12.92
4029,2013-11-09 14:30:00+00:00,0.0
4029,2013-11-09 15:00:00+00:00,50.0
4029,2013-11-09 15:30:00+00:00,50.0
4029,2013-11-09 16:00:00+00:00,0.0
4029,2013-11-09 16:30:00+00:00,0.0
4029,2013-11-09 17:00:00+00:00,0.0
4029,2013-11-09 17:30:00+00:00,0.0
4029,2013-11-09 18:00:00+00:00,0.0
4029,2013-11-09 18:30:00+00:00,0.0
4029,2013-11-09 19:00:00+00:00,0.0
4029,2013-11-09 19:30:00+00:00,0.0
4029,2013-11-09 20:00:00+00:00,0.0
4029,2013-11-09 20:30:00+00:00,0.0
4029,2013-11-09 21:00:00+00:00,0.0
4029,2013-11-09 21:30:00+00:00,0.0
4029,2013-11-09 22:00:00+00:00,0.0
4029,2013-11-09 22:30:00+00:00,0.0
4029,2013-11-09 23:00:00+00:00,0.0
4029,2013-11-09 23:30:00+00:00,0.0
4029,2013-11-10 00:00:00+00:00,0.0
4029,2013-11-10 00:30:00+00:00,0.0
4029,2013-11-10 01:00:00+00:00,0.0
4029,2013-11-10 01:30:00+00:00,0.0
4029,2013-11-10 02:00:00+00:00,0.0
4029,2013-11-10 02:30:00+00:00,0.0
4029,2013-11-10 03:00:00+00:00,0.0
4029,2013-11-10 03:30:00+00:00,0.0
4029,2013-11-10 04:00:00+00:00,0.0
4029,2013-11-10 04:30:00+00:00,0.0
4029,2013-11-10 05:00:00+00:00,0.0
4029,2013-11-10 05:30:00+00:00,0.0
4029,2013-11-10 06:00:00+00:00,0.0
4029,2013-11-10 06:30:00+00:00,0.0
4029,2013-11-10 07:00:00+00:00,0.0
4029,2013-11-10 07:30:00+00:00,0.0
4029,2013-11-10 08:00:00+00:00,0.0
4029,2013-11-10 08:30:00+00:00,50.0
4029,2013-11-10 09:00:00+00:00,263.0
4029,2013-11-10 09:30:00+00:00,487.67
4029,2013-11-10 10:00:00+00:00,587.66
4029,2013-11-10 10:30:00+00:00,650.32
4029,2013-11-10 11:00:00+00:00,837.35
4029,2013-11-10 11:30:00+00:00,862.33
4029,2013-11-10 12:00:00+00:00,936.17
4029,2013-11-10 12:30:00+00:00,712.58
4029,2013-11-10 13:00:00+00:00,850.0
4029,2013-11-10 13:30:00+00:00,700.0
4029,2013-11-10 14:00:00+00:00,475.17
4029,2013-11-10 14:30:00+00:00,537.42
4029,2013-11-10 15:00:00+00:00,337.75
4029,2013-11-10 15:30:00+00:00,112.58
4029,2013-11-10 16:00:00+00:00,0.0
4029,2013-11-10 16:30:00+00:00,0.0
4029,2013-11-10 17:00:00+00:00,0.0
4029,2013-11-10 17:30:00+00:00,0.0
4029,2013-11-10 18:00:00+00:00,0.0
4029,2013-11-10 18:30:00+00:00,0.0
4029,2013-11-10 19:00:00+00:00,0.0
4029,2013-11-10 19:30:00+00:00,0.0
4029,2013-11-10 20:00:00+00:00,0.0
4029,2013-11-10 20:30:00+00:00,0.0
4029,2013-11-10 21:00:00+00:00,0.0
4029,2013-11-10 21:30:00+00:00,0.0
4029,2013-11-10 22:00:00+00:00,0.0
4029,2013-11-10 22:30:00+00:00,0.0
4029,2013-11-10 23:00:00+00:00,0.0
4029,2013-11-10 23:30:00+00:00,0.0
4029,2013-11-11 00:00:00+00:00,0.0
4029,2013-11-11 00:30:00+00:00,0.0
4029,2013-11-11 01:00:00+00:00,0.0
4029,2013-11-11 01:30:00+00:00,0.0
4029,2013-11-11 02:00:00+00:00,0.0
4029,2013-11-11 02:30:00+00:00,0.0
4029,2013-11-11 03:00:00+00:00,0.0
4029,2013-11-11 03:30:00+00:00,0.0
4029,2013-11-11 04:00:00+00:00,0.0
4029,2013-11-11 04:30:00+00:00,0.0
4029,2013-11-11 05:00:00+00:00,0.0
4029,2013-11-11 05:30:00+00:00,0.0
4029,2013-11-11 06:00:00+00:00,0.0
4029,2013-11-11 06:30:00+00:00,0.0
4029,2013-11-11 07:00:00+00:00,0.0
4029,2013-11-11 07:30:00+00:00,0.0
4029,2013-11-11 08:00:00+00:00,0.0
4029,2013-11-11 08:30:00+00:00,0.0
4029,2013-11-11 09:00:00+00:00,50.0
4029,2013-11-11 09:30:00+00:00,50.0
4029,2013-11-11 10:00:00+00:00,87.94
4029,2013-11-11 10:30:00+00:00,62.06
4029,2013-11-11 11:00:00+00:00,50.0
4029,2013-11-11 11:30:00+00:00,50.0
4029,2013-11-11 12:00:00+00:00,50.0
4029,2013-11-11 12:30:00+00:00,50.0
4029,2013-11-11 13:00:00+00:00,50.0
4029,2013-11-11 13:30:00+00:00,50.0
4029,2013-11-11 14:00:00+00:00,50.0
4029,2013-11-11 14:30:00+00:00,0.0
4029,2013-11-11 15:00:00+00:00,0.0
4029,2013-11-11 15:30:00+00:00,0.0
4029,2013-11-11 16:00:00+00:00,0.0
4029,2013-11-11 16:30:00+00:00,0.0
4029,2013-11-11 17:00:00+00:00,0.0
4029,2013-11-11 17:30:00+00:00,0.0
4029,2013-11-11 18:00:00+00:00,0.0
4029,2013-11-11 18:30:00+00:00,0.0
4029,2013-11-11 19:00:00+00:00,0.0
4029,2013-11-11 19:30:00+00:00,0.0
4029,2013-11-11 20:00:00+00:00,0.0
4029,2013-11-11 20:30:00+00:00,0.0
4029,2013-11-11 21:00:00+00:00,0.0
4029,2013-11-11 21:30:00+00:00,0.0
4029,2013-11-11 22:00:00+00:00,0.0
4029,2013-11-11 22:30:00+00:00,0.0
4029,2013-11-11 23:00:00+00:00,0.0
4029,2013-11-11 23:30:00+00:00,0.0
4029,2013-11-12 00:00:00+00:00,0.0
4029,2013-11-12 00:30:00+00:00,0.0
4029,2013-11-12 01:00:00+00:00,0.0
4029,2013-11-12 01:30:00+00:00,0.0
4029,2013-11-12 02:00:00+00:00,0.0
4029,2013-11-12 02:30:00+00:00,0.0
4029,2013-11-12 03:00:00+00:00,0.0
4029,2013-11-12 03:30:00+00:00,0.0
4029,2013-11-12 04:00:00+00:00,0.0
4029,2013-11-12 04:30:00+00:00,0.0
4029,2013-11-12 05:00:00+00:00,0.0
4029,2013-11-12 05:30:00+00:00,0.0
4029,2013-11-12 06:00:00+00:00,0.0
4029,2013-11-12 06:30:00+00:00,0.0
4029,2013-11-12 07:00:00+00:00,0.0
4029,2013-11-12 07:30:00+00:00,0.0
4029,2013-11-12 08:00:00+00:00,0.0
4029,2013-11-12 08:30:00+00:00,50.0
4029,2013-11-12 09:00:00+00:00,0.0
4029,2013-11-12 09:30:00+00:00,38.25
4029,2013-11-12 10:00:00+00:00,50.0
4029,2013-11-12 10:30:00+00:00,100.0
4029,2013-11-12 11:00:00+00:00,100.0
4029,2013-11-12 11:30:00+00:00,100.0
4029,2013-11-12 12:00:00+00:00,99.67
4029,2013-11-12 12:30:00+00:00,237.91
4029,2013-11-12 13:00:00+00:00,437.92
4029,2013-11-12 13:30:00+00:00,224.17
4029,2013-11-12 14:00:00+00:00,150.0
4029,2013-11-12 14:30:00+00:00,100.0
4029,2013-11-12 15:00:00+00:00,62.08
4029,2013-11-12 15:30:00+00:00,50.0
4029,2013-11-12 16:00:00+00:00,0.0
4029,2013-11-12 16:30:00+00:00,0.0
4029,2013-11-12 17:00:00+00:00,0.0
4029,2013-11-12 17:30:00+00:00,0.0
4029,2013-11-12 18:00:00+00:00,0.0
4029,2013-11-12 18:30:00+00:00,0.0
4029,2013-11-12 19:00:00+00:00,0.0
4029,2013-11-12 19:30:00+00:00,0.0
4029,2013-11-12 20:00:00+00:00,0.0
4029,2013-11-12 20:30:00+00:00,0.0
4029,2013-11-12 21:00:00+00:00,0.0
4029,2013-11-12 21:30:00+00:00,0.0
4029,2013-11-12 22:00:00+00:00,0.0
4029,2013-11-12 22:30:00+00:00,0.0
4029,2013-11-12 23:00:00+00:00,0.0
4029,2013-11-12 23:30:00+00:00,0.0
4029,2013-11-13 00:00:00+00:00,0.0
4029,2013-11-13 00:30:00+00:00,0.0
4029,2013-11-13 01:00:00+00:00,0.0
4029,2013-11-13 01:30:00+00:00,0.0
4029,2013-11-13 02:00:00+00:00,0.0
4029,2013-11-13 02:30:00+00:00,0.0
4029,2013-11-13 03:00:00+00:00,0.0
4029,2013-11-13 03:30:00+00:00,0.0
4029,2013-11-13 04:00:00+00:00,0.0
4029,2013-11-13 04:30:00+00:00,0.0
4029,2013-11-13 05:00:00+00:00,0.0
4029,2013-11-13 05:30:00+00:00,0.0
4029,2013-11-13 06:00:00+00:00,0.0
4029,2013-11-13 06:30:00+00:00,0.0
4029,2013-11-13 07:00:00+00:00,0.0
4029,2013-11-13 07:30:00+00:00,0.0
4029,2013-11-13 08:00:00+00:00,0.0
4029,2013-11-13 08:30:00+00:00,50.0
4029,2013-11-13 09:00:00+00:00,226.83
4029,2013-11-13 09:30:00+00:00,438.42
4029,2013-11-13 10:00:00+00:00,450.0
4029,2013-11-13 10:30:00+00:00,538.42
4029,2013-11-13 11:00:00+00:00,826.83
4029,2013-11-13 11:30:00+00:00,800.0
4029,2013-11-13 12:00:00+00:00,622.17
4029,2013-11-13 12:30:00+00:00,700.0
4029,2013-11-13 13:00:00+00:00,700.0
4029,2013-11-13 13:30:00+00:00,650.0
4029,2013-11-13 14:00:00+00:00,461.83
4029,2013-11-13 14:30:00+00:00,361.83
4029,2013-11-13 15:00:00+00:00,211.84
4029,2013-11-13 15:30:00+00:00,61.83
4029,2013-11-13 16:00:00+00:00,0.0
4029,2013-11-13 16:30:00+00:00,0.0
4029,2013-11-13 17:00:00+00:00,0.0
4029,2013-11-13 17:30:00+00:00,0.0
4029,2013-11-13 18:00:00+00:00,0.0
4029,2013-11-13 18:30:00+00:00,0.0
4029,2013-11-13 19:00:00+00:00,0.0
4029,2013-11-13 19:30:00+00:00,0.0
4029,2013-11-13 20:00:00+00:00,0.0
4029,2013-11-13 20:30:00+00:00,0.0
4029,2013-11-13 21:00:00+00:00,0.0
4029,2013-11-13 21:30:00+00:00,0.0
4029,2013-11-13 22:00:00+00:00,0.0
4029,2013-11-13 22:30:00+00:00,0.0
4029,2013-11-13 23:00:00+00:00,0.0
4029,2013-11-13 23:30:00+00:00,0.0
4029,2013-11-14 00:00:00+00:00,0.0
4029,2013-11-14 00:30:00+00:00,0.0
4029,2013-11-14 01:00:00+00:00,0.0
4029,2013-11-14 01:30:00+00:00,0.0
4029,2013-11-14 02:00:00+00:00,0.0
4029,2013-11-14 02:30:00+00:00,0.0
4029,2013-11-14 03:00:00+00:00,0.0
4029,2013-11-14 03:30:00+00:00,0.0
4029,2013-11-14 04:00:00+00:00,0.0
4029,2013-11-14 04:30:00+00:00,0.0
4029,2013-11-14 05:00:00+00:00,0.0
4029,2013-11-14 05:30:00+00:00,0.0
4029,2013-11-14 06:00:00+00:00,0.0
4029,2013-11-14 06:30:00+00:00,0.0
4029,2013-11-14 07:00:00+00:00,0.0
4029,2013-11-14 07:30:00+00:00,0.0
4029,2013-11-14 08:00:00+00:00,0.0
4029,2013-11-14 08:30:00+00:00,88.58
4029,2013-11-14 09:00:00+00:00,200.17
4029,2013-11-14 09:30:00+00:00,327.5
4029,2013-11-14 10:00:00+00:00,438.75
4029,2013-11-14 10:30:00+00:00,550.0
4029,2013-11-14 11:00:00+00:00,650.0
4029,2013-11-14 11:30:00+00:00,799.92
4029,2013-11-14 12:00:00+00:00,798.75
4029,2013-11-14 12:30:00+00:00,484.75
4029,2013-11-14 13:00:00+00:00,565.25
4029,2013-11-14 13:30:00+00:00,384.75
4029,2013-11-14 14:00:00+00:00,61.58
4029,2013-11-14 14:30:00+00:00,226.83
4029,2013-11-14 15:00:00+00:00,261.59
4029,2013-11-14 15:30:00+00:00,61.58
4029,2013-11-14 16:00:00+00:00,50.0
4029,2013-11-14 16:30:00+00:00,0.0
4029,2013-11-14 17:00:00+00:00,0.0
4029,2013-11-14 17:30:00+00:00,0.0
4029,2013-11-14 18:00:00+00:00,0.0
4029,2013-11-14 18:30:00+00:00,0.0
4029,2013-11-14 19:00:00+00:00,0.0
4029,2013-11-14 19:30:00+00:00,0.0
4029,2013-11-14 20:00:00+00:00,0.0
4029,2013-11-14 20:30:00+00:00,0.0
4029,2013-11-14 21:00:00+00:00,0.0
4029,2013-11-14 21:30:00+00:00,0.0
4029,2013-11-14 22:00:00+00:00,0.0
4029,2013-11-14 22:30:00+00:00,0.0
4029,2013-11-14 23:00:00+00:00,0.0
4029,2013-11-14 23:30:00+00:00,0.0
4029,2013-11-15 00:00:00+00:00,0.0
4029,2013-11-15 00:30:00+00:00,0.0
4029,2013-11-15 01:00:00+00:00,0.0
4029,2013-11-15 01:30:00+00:00,0.0
4029,2013-11-15 02:00:00+00:00,0.0
4029,2013-11-15 02:30:00+00:00,0.0
4029,2013-11-15 03:00:00+00:00,0.0
4029,2013-11-15 03:30:00+00:00,0.0
4029,2013-11-15 04:00:00+00:00,0.0
4029,2013-11-15 04:30:00+00:00,0.0
4029,2013-11-15 05:00:00+00:00,0.0
4029,2013-11-15 05:30:00+00:00,0.0
4029,2013-11-15 06:00:00+00:00,0.0
4029,2013-11-15 06:30:00+00:00,0.0
4029,2013-11-15 07:00:00+00:00,0.0
4029,2013-11-15 07:30:00+00:00,0.0
4029,2013-11-15 08:00:00+00:00,0.0
4029,2013-11-15 08:30:00+00:00,38.83
4029,2013-11-15 09:00:00+00:00,189.17
4029,2013-11-15 09:30:00+00:00,389.0
4029,2013-11-15 10:00:00+00:00,400.0
4029,2013-11-15 10:30:00+00:00,539.0
4029,2013-11-15 11:00:00+00:00,789.33
4029,2013-11-15 11:30:00+00:00,849.67
4029,2013-11-15 12:00:00+00:00,925.67
4029,2013-11-15 12:30:00+00:00,822.66
4029,2013-11-15 13:00:00+00:00,750.0
4029,2013-11-15 13:30:00+00:00,661.34
4029,2013-11-15 14:00:00+00:00,461.27
4029,2013-11-15 14:30:00+00:00,211.36
4029,2013-11-15 15:00:00+00:00,172.7
4029,2013-11-15 15:30:00+00:00,50.0
4029,2013-11-15 16:00:00+00:00,0.0
4029,2013-11-15 16:30:00+00:00,0.0
4029,2013-11-15 17:00:00+00:00,0.0
4029,2013-11-15 17:30:00+00:00,0.0
4029,2013-11-15 18:00:00+00:00,0.0
4029,2013-11-15 18:30:00+00:00,0.0
4029,2013-11-15 19:00:00+00:00,0.0
4029,2013-11-15 19:30:00+00:00,0.0
4029,2013-11-15 20:00:00+00:00,0.0
4029,2013-11-15 20:30:00+00:00,0.0
4029,2013-11-15 21:00:00+00:00,0.0
4029,2013-11-15 21:30:00+00:00,0.0
4029,2013-11-15 22:00:00+00:00,0.0
4029,2013-11-15 22:30:00+00:00,0.0
4029,2013-11-15 23:00:00+00:00,0.0
4029,2013-11-15 23:30:00+00:00,0.0
4029,2013-11-16 00:00:00+00:00,0.0
4029,2013-11-16 00:30:00+00:00,0.0
4029,2013-11-16 01:00:00+00:00,0.0
4029,2013-11-16 01:30:00+00:00,0.0
4029,2013-11-16 02:00:00+00:00,0.0
4029,2013-11-16 02:30:00+00:00,0.0
4029,2013-11-16 03:00:00+00:00,0.0
4029,2013-11-16 03:30:00+00:00,0.0
4029,2013-11-16 04:00:00+00:00,0.0
4029,2013-11-16 04:30:00+00:00,0.0
4029,2013-11-16 05:00:00+00:00,0.0
4029,2013-11-16 05:30:00+00:00,0.0
4029,2013-11-16 06:00:00+00:00,0.0
4029,2013-11-16 06:30:00+00:00,0.0
4029,2013-11-16 07:00:00+00:00,0.0
4029,2013-11-16 07:30:00+00:00,0.0
4029,2013-11-16 08:00:00+00:00,0.0
4029,2013-11-16 08:30:00+00:00,50.0
4029,2013-11-16 09:00:00+00:00,228.5
4029,2013-11-16 09:30:00+00:00,389.2
4029,2013-11-16 10:00:00+00:00,400.05
4029,2013-11-16 10:30:00+00:00,538.99
4029,2013-11-16 11:00:00+00:00,778.76
4029,2013-11-16 11:30:00+00:00,849.61
4029,2013-11-16 12:00:00+00:00,848.39
4029,2013-11-16 12:30:00+00:00,772.17
4029,2013-11-16 13:00:00+00:00,688.91
4029,2013-11-16 13:30:00+00:00,572.17
4029,2013-11-16 14:00:00+00:00,411.08
4029,2013-11-16 14:30:00+00:00,350.0
4029,2013-11-16 15:00:00+00:00,261.09
4029,2013-11-16 15:30:00+00:00,30.54
4029,2013-11-16 16:00:00+00:00,30.54
4029,2013-11-16 16:30:00+00:00,0.0
4029,2013-11-16 17:00:00+00:00,0.0
4029,2013-11-16 17:30:00+00:00,0.0
4029,2013-11-16 18:00:00+00:00,0.0
4029,2013-11-16 18:30:00+00:00,0.0
4029,2013-11-16 19:00:00+00:00,0.0
4029,2013-11-16 19:30:00+00:00,0.0
4029,2013-11-16 20:00:00+00:00,0.0
4029,2013-11-16 20:30:00+00:00,0.0
4029,2013-11-16 21:00:00+00:00,0.0
4029,2013-11-16 21:30:00+00:00,0.0
4029,2013-11-16 22:00:00+00:00,0.0
4029,2013-11-16 22:30:00+00:00,0.0
4029,2013-11-16 23:00:00+00:00,0.0
4029,2013-11-16 23:30:00+00:00,0.0
4029,2013-11-17 00:00:00+00:00,0.0
4029,2013-11-17 00:30:00+00:00,0.0
4029,2013-11-17 01:00:00+00:00,0.0
4029,2013-11-17 01:30:00+00:00,0.0
4029,2013-11-17 02:00:00+00:00,0.0
4029,2013-11-17 02:30:00+00:00,0.0
4029,2013-11-17 03:00:00+00:00,0.0
4029,2013-11-17 03:30:00+00:00,0.0
4029,2013-11-17 04:00:00+00:00,0.0
4029,2013-11-17 04:30:00+00:00,0.0
4029,2013-11-17 05:00:00+00:00,0.0
4029,2013-11-17 05:30:00+00:00,0.0
4029,2013-11-17 06:00:00+00:00,0.0
4029,2013-11-17 06:30:00+00:00,0.0
4029,2013-11-17 07:00:00+00:00,0.0
4029,2013-11-17 07:30:00+00:00,0.0
4029,2013-11-17 08:00:00+00:00,0.0
4029,2013-11-17 08:30:00+00:00,0.0
4029,2013-11-17 09:00:00+00:00,0.0
4029,2013-11-17 09:30:00+00:00,50.0
4029,2013-11-17 10:00:00+00:00,0.0
4029,2013-11-17 10:30:00+00:00,50.0
4029,2013-11-17 11:00:00+00:00,0.0
4029,2013-11-17 11:30:00+00:00,50.0
4029,2013-11-17 12:00:00+00:00,39.07
4029,2013-11-17 12:30:00+00:00,10.93
4029,2013-11-17 13:00:00+00:00,0.0
4029,2013-11-17 13:30:00+00:00,50.0
4029,2013-11-17 14:00:00+00:00,0.0
4029,2013-11-17 14:30:00+00:00,0.0
4029,2013-11-17 15:00:00+00:00,0.0
4029,2013-11-17 15:30:00+00:00,0.0
4029,2013-11-17 16:00:00+00:00,0.0
4029,2013-11-17 16:30:00+00:00,0.0
4029,2013-11-17 17:00:00+00:00,0.0
4029,2013-11-17 17:30:00+00:00,0.0
4029,2013-11-17 18:00:00+00:00,0.0
4029,2013-11-17 18:30:00+00:00,0.0
4029,2013-11-17 19:00:00+00:00,0.0
4029,2013-11-17 19:30:00+00:00,0.0
4029,2013-11-17 20:00:00+00:00,0.0
4029,2013-11-17 20:30:00+00:00,0.0
4029,2013-11-17 21:00:00+00:00,0.0
4029,2013-11-17 21:30:00+00:00,0.0
4029,2013-11-17 22:00:00+00:00,0.0
4029,2013-11-17 22:30:00+00:00,0.0
4029,2013-11-17 23:00:00+00:00,0.0
4029,2013-11-17 23:30:00+00:00,0.0
4029,2013-11-18 00:00:00+00:00,0.0
4029,2013-11-18 00:30:00+00:00,0.0
4029,2013-11-18 01:00:00+00:00,0.0
4029,2013-11-18 01:30:00+00:00,0.0
4029,2013-11-18 02:00:00+00:00,0.0
4029,2013-11-18 02:30:00+00:00,0.0
4029,2013-11-18 03:00:00+00:00,0.0
4029,2013-11-18 03:30:00+00:00,0.0
4029,2013-11-18 04:00:00+00:00,0.0
4029,2013-11-18 04:30:00+00:00,0.0
4029,2013-11-18 05:00:00+00:00,0.0
4029,2013-11-18 05:30:00+00:00,0.0
4029,2013-11-18 06:00:00+00:00,0.0
4029,2013-11-18 06:30:00+00:00,0.0
4029,2013-11-18 07:00:00+00:00,0.0
4029,2013-11-18 07:30:00+00:00,0.0
4029,2013-11-18 08:00:00+00:00,0.0
4029,2013-11-18 08:30:00+00:00,50.0
4029,2013-11-18 09:00:00+00:00,0.0
4029,2013-11-18 09:30:00+00:00,50.0
4029,2013-11-18 10:00:00+00:00,50.0
4029,2013-11-18 10:30:00+00:00,39.65
4029,2013-11-18 11:00:00+00:00,10.35
4029,2013-11-18 11:30:00+00:00,50.0
4029,2013-11-18 12:00:00+00:00,89.25
4029,2013-11-18 12:30:00+00:00,100.0
4029,2013-11-18 13:00:00+00:00,100.0
4029,2013-11-18 13:30:00+00:00,100.0
4029,2013-11-18 14:00:00+00:00,60.75
4029,2013-11-18 14:30:00+00:00,39.25
4029,2013-11-18 15:00:00+00:00,10.75
4029,2013-11-18 15:30:00+00:00,0.0
4029,2013-11-18 16:00:00+00:00,0.0
4029,2013-11-18 16:30:00+00:00,0.0
4029,2013-11-18 17:00:00+00:00,0.0
4029,2013-11-18 17:30:00+00:00,0.0
4029,2013-11-18 18:00:00+00:00,0.0
4029,2013-11-18 18:30:00+00:00,0.0
4029,2013-11-18 19:00:00+00:00,0.0
4029,2013-11-18 19:30:00+00:00,0.0
4029,2013-11-18 20:00:00+00:00,0.0
4029,2013-11-18 20:30:00+00:00,0.0
4029,2013-11-18 21:00:00+00:00,0.0
4029,2013-11-18 21:30:00+00:00,0.0
4029,2013-11-18 22:00:00+00:00,0.0
4029,2013-11-18 22:30:00+00:00,0.0
4029,2013-11-18 23:00:00+00:00,0.0
4029,2013-11-18 23:30:00+00:00,0.0
4029,2013-11-19 00:00:00+00:00,0.0
4029,2013-11-19 00:30:00+00:00,0.0
4029,2013-11-19 01:00:00+00:00,0.0
4029,2013-11-19 01:30:00+00:00,0.0
4029,2013-11-19 02:00:00+00:00,0.0
4029,2013-11-19 02:30:00+00:00,0.0
4029,2013-11-19 03:00:00+00:00,0.0
4029,2013-11-19 03:30:00+00:00,0.0
4029,2013-11-19 04:00:00+00:00,0.0
4029,2013-11-19 04:30:00+00:00,0.0
4029,2013-11-19 05:00:00+00:00,0.0
4029,2013-11-19 05:30:00+00:00,0.0
4029,2013-11-19 06:00:00+00:00,0.0
4029,2013-11-19 06:30:00+00:00,0.0
4029,2013-11-19 07:00:00+00:00,0.0
4029,2013-11-19 07:30:00+00:00,0.0
4029,2013-11-19 08:00:00+00:00,0.0
4029,2013-11-19 08:30:00+00:00,39.6
4029,2013-11-19 09:00:00+00:00,239.73
4029,2013-11-19 09:30:00+00:00,389.62
4029,2013-11-19 10:00:00+00:00,450.05
4029,2013-11-19 10:30:00+00:00,539.67
4029,2013-11-19 11:00:00+00:00,779.33
4029,2013-11-19 11:30:00+00:00,681.0
4029,2013-11-19 12:00:00+00:00,170.67
4029,2013-11-19 12:30:00+00:00,50.0
4029,2013-11-19 13:00:00+00:00,179.13
4029,2013-11-19 13:30:00+00:00,689.53
4029,2013-11-19 14:00:00+00:00,370.84
4029,2013-11-19 14:30:00+00:00,439.78
4029,2013-11-19 15:00:00+00:00,220.65
4029,2013-11-19 15:30:00+00:00,60.4
4029,2013-11-19 16:00:00+00:00,0.0
4029,2013-11-19 16:30:00+00:00,0.0
4029,2013-11-19 17:00:00+00:00,0.0
4029,2013-11-19 17:30:00+00:00,0.0
4029,2013-11-19 18:00:00+00:00,0.0
4029,2013-11-19 18:30:00+00:00,0.0
4029,2013-11-19 19:00:00+00:00,0.0
4029,2013-11-19 19:30:00+00:00,0.0
4029,2013-11-19 20:00:00+00:00,0.0
4029,2013-11-19 20:30:00+00:00,0.0
4029,2013-11-19 21:00:00+00:00,0.0
4029,2013-11-19 21:30:00+00:00,0.0
4029,2013-11-19 22:00:00+00:00,0.0
4029,2013-11-19 22:30:00+00:00,0.0
4029,2013-11-19 23:00:00+00:00,0.0
4029,2013-11-19 23:30:00+00:00,0.0
4029,2013-11-20 00:00:00+00:00,0.0
4029,2013-11-20 00:30:00+00:00,0.0
4029,2013-11-20 01:00:00+00:00,0.0
4029,2013-11-20 01:30:00+00:00,0.0
4029,2013-11-20 02:00:00+00:00,0.0
4029,2013-11-20 02:30:00+00:00,0.0
4029,2013-11-20 03:00:00+00:00,0.0
4029,2013-11-20 03:30:00+00:00,0.0
4029,2013-11-20 04:00:00+00:00,0.0
4029,2013-11-20 04:30:00+00:00,0.0
4029,2013-11-20 05:00:00+00:00,0.0
4029,2013-11-20 05:30:00+00:00,0.0
4029,2013-11-20 06:00:00+00:00,0.0
4029,2013-11-20 06:30:00+00:00,0.0
4029,2013-11-20 07:00:00+00:00,0.0
4029,2013-11-20 07:30:00+00:00,0.0
4029,2013-11-20 08:00:00+00:00,0.0
4029,2013-11-20 08:30:00+00:00,0.0
4029,2013-11-20 09:00:00+00:00,0.0
4029,2013-11-20 09:30:00+00:00,0.0
4029,2013-11-20 10:00:00+00:00,0.0
4029,2013-11-20 10:30:00+00:00,50.0
4029,2013-11-20 11:00:00+00:00,39.92
4029,2013-11-20 11:30:00+00:00,10.08
4029,2013-11-20 12:00:00+00:00,139.92
4029,2013-11-20 12:30:00+00:00,60.08
4029,2013-11-20 13:00:00+00:00,39.92
4029,2013-11-20 13:30:00+00:00,60.08
4029,2013-11-20 14:00:00+00:00,50.0
4029,2013-11-20 14:30:00+00:00,89.92
4029,2013-11-20 15:00:00+00:00,150.0
4029,2013-11-20 15:30:00+00:00,60.08
4029,2013-11-20 16:00:00+00:00,0.0
4029,2013-11-20 16:30:00+00:00,0.0
4029,2013-11-20 17:00:00+00:00,0.0
4029,2013-11-20 17:30:00+00:00,0.0
4029,2013-11-20 18:00:00+00:00,0.0
4029,2013-11-20 18:30:00+00:00,0.0
4029,2013-11-20 19:00:00+00:00,0.0
4029,2013-11-20 19:30:00+00:00,0.0
4029,2013-11-20 20:00:00+00:00,0.0
4029,2013-11-20 20:30:00+00:00,0.0
4029,2013-11-20 21:00:00+00:00,0.0
4029,2013-11-20 21:30:00+00:00,0.0
4029,2013-11-20 22:00:00+00:00,0.0
4029,2013-11-20 22:30:00+00:00,0.0
4029,2013-11-20 23:00:00+00:00,0.0
4029,2013-11-20 23:30:00+00:00,0.0
4029,2013-11-21 00:00:00+00:00,0.0
4029,2013-11-21 00:30:00+00:00,0.0
4029,2013-11-21 01:00:00+00:00,0.0
4029,2013-11-21 01:30:00+00:00,0.0
4029,2013-11-21 02:00:00+00:00,0.0
4029,2013-11-21 02:30:00+00:00,0.0
4029,2013-11-21 03:00:00+00:00,0.0
4029,2013-11-21 03:30:00+00:00,0.0
4029,2013-11-21 04:00:00+00:00,0.0
4029,2013-11-21 04:30:00+00:00,0.0
4029,2013-11-21 05:00:00+00:00,0.0
4029,2013-11-21 05:30:00+00:00,0.0
4029,2013-11-21 06:00:00+00:00,0.0
4029,2013-11-21 06:30:00+00:00,0.0
4029,2013-11-21 07:00:00+00:00,0.0
4029,2013-11-21 07:30:00+00:00,0.0
4029,2013-11-21 08:00:00+00:00,0.0
4029,2013-11-21 08:30:00+00:00,40.08
4029,2013-11-21 09:00:00+00:00,50.0
4029,2013-11-21 09:30:00+00:00,159.92
4029,2013-11-21 10:00:00+00:00,0.0
4029,2013-11-21 10:30:00+00:00,0.0
4029,2013-11-21 11:00:00+00:00,40.1
4029,2013-11-21 11:30:00+00:00,9.9
4029,2013-11-21 12:00:00+00:00,50.0
4029,2013-11-21 12:30:00+00:00,50.0
4029,2013-11-21 13:00:00+00:00,0.0
4029,2013-11-21 13:30:00+00:00,0.0
4029,2013-11-21 14:00:00+00:00,40.1
4029,2013-11-21 14:30:00+00:00,50.05
4029,2013-11-21 15:00:00+00:00,59.85
4029,2013-11-21 15:30:00+00:00,0.0
4029,2013-11-21 16:00:00+00:00,50.0
4029,2013-11-21 16:30:00+00:00,0.0
4029,2013-11-21 17:00:00+00:00,0.0
4029,2013-11-21 17:30:00+00:00,0.0
4029,2013-11-21 18:00:00+00:00,0.0
4029,2013-11-21 18:30:00+00:00,0.0
4029,2013-11-21 19:00:00+00:00,0.0
4029,2013-11-21 19:30:00+00:00,0.0
4029,2013-11-21 20:00:00+00:00,0.0
4029,2013-11-21 20:30:00+00:00,0.0
4029,2013-11-21 21:00:00+00:00,0.0
4029,2013-11-21 21:30:00+00:00,0.0
4029,2013-11-21 22:00:00+00:00,0.0
4029,2013-11-21 22:30:00+00:00,0.0
4029,2013-11-21 23:00:00+00:00,0.0
4029,2013-11-21 23:30:00+00:00,0.0
4029,2013-11-22 00:00:00+00:00,0.0
4029,2013-11-22 00:30:00+00:00,0.0
4029,2013-11-22 01:00:00+00:00,0.0
4029,2013-11-22 01:30:00+00:00,0.0
4029,2013-11-22 02:00:00+00:00,0.0
4029,2013-11-22 02:30:00+00:00,0.0
4029,2013-11-22 03:00:00+00:00,0.0
4029,2013-11-22 03:30:00+00:00,0.0
4029,2013-11-22 04:00:00+00:00,0.0
4029,2013-11-22 04:30:00+00:00,0.0
4029,2013-11-22 05:00:00+00:00,0.0
4029,2013-11-22 05:30:00+00:00,0.0
4029,2013-11-22 06:00:00+00:00,0.0
4029,2013-11-22 06:30:00+00:00,0.0
4029,2013-11-22 07:00:00+00:00,0.0
4029,2013-11-22 07:30:00+00:00,0.0
4029,2013-11-22 08:00:00+00:00,0.0
4029,2013-11-22 08:30:00+00:00,0.0
4029,2013-11-22 09:00:00+00:00,0.0
4029,2013-11-22 09:30:00+00:00,40.33
4029,2013-11-22 10:00:00+00:00,149.99
4029,2013-11-22 10:30:00+00:00,100.01
4029,2013-11-22 11:00:00+00:00,149.99
4029,2013-11-22 11:30:00+00:00,59.68
4029,2013-11-22 12:00:00+00:00,90.5
4029,2013-11-22 12:30:00+00:00,59.5
4029,2013-11-22 13:00:00+00:00,140.43
4029,2013-11-22 13:30:00+00:00,100.07
4029,2013-11-22 14:00:00+00:00,99.93
4029,2013-11-22 14:30:00+00:00,300.05
4029,2013-11-22 15:00:00+00:00,50.02
4029,2013-11-22 15:30:00+00:00,59.5
4029,2013-11-22 16:00:00+00:00,0.0
4029,2013-11-22 16:30:00+00:00,0.0
4029,2013-11-22 17:00:00+00:00,0.0
4029,2013-11-22 17:30:00+00:00,0.0
4029,2013-11-22 18:00:00+00:00,0.0
4029,2013-11-22 18:30:00+00:00,0.0
4029,2013-11-22 19:00:00+00:00,0.0
4029,2013-11-22 19:30:00+00:00,0.0
4029,2013-11-22 20:00:00+00:00,0.0
4029,2013-11-22 20:30:00+00:00,0.0
4029,2013-11-22 21:00:00+00:00,0.0
4029,2013-11-22 21:30:00+00:00,0.0
4029,2013-11-22 22:00:00+00:00,0.0
4029,2013-11-22 22:30:00+00:00,0.0
4029,2013-11-22 23:00:00+00:00,0.0
4029,2013-11-22 23:30:00+00:00,0.0
4029,2013-11-23 00:00:00+00:00,0.0
4029,2013-11-23 00:30:00+00:00,0.0
4029,2013-11-23 01:00:00+00:00,0.0
4029,2013-11-23 01:30:00+00:00,0.0
4029,2013-11-23 02:00:00+00:00,0.0
4029,2013-11-23 02:30:00+00:00,0.0
4029,2013-11-23 03:00:00+00:00,0.0
4029,2013-11-23 03:30:00+00:00,0.0
4029,2013-11-23 04:00:00+00:00,0.0
4029,2013-11-23 04:30:00+00:00,0.0
4029,2013-11-23 05:00:00+00:00,0.0
4029,2013-11-23 05:30:00+00:00,0.0
4029,2013-11-23 06:00:00+00:00,0.0
4029,2013-11-23 06:30:00+00:00,0.0
4029,2013-11-23 07:00:00+00:00,0.0
4029,2013-11-23 07:30:00+00:00,0.0
4029,2013-11-23 08:00:00+00:00,0.0
4029,2013-11-23 08:30:00+00:00,40.67
4029,2013-11-23 09:00:00+00:00,50.0
4029,2013-11-23 09:30:00+00:00,190.66
4029,2013-11-23 10:00:00+00:00,440.47
4029,2013-11-23 10:30:00+00:00,400.15
4029,2013-11-23 11:00:00+00:00,681.38
4029,2013-11-23 11:30:00+00:00,850.84
4029,2013-11-23 12:00:00+00:00,890.83
4029,2013-11-23 12:30:00+00:00,859.17
4029,2013-11-23 13:00:00+00:00,750.0
4029,2013-11-23 13:30:00+00:00,477.5
4029,2013-11-23 14:00:00+00:00,209.16
4029,2013-11-23 14:30:00+00:00,250.0
4029,2013-11-23 15:00:00+00:00,150.0
4029,2013-11-23 15:30:00+00:00,59.17
4029,2013-11-23 16:00:00+00:00,0.0
4029,2013-11-23 16:30:00+00:00,0.0
4029,2013-11-23 17:00:00+00:00,0.0
4029,2013-11-23 17:30:00+00:00,0.0
4029,2013-11-23 18:00:00+00:00,0.0
4029,2013-11-23 18:30:00+00:00,0.0
4029,2013-11-23 19:00:00+00:00,0.0
4029,2013-11-23 19:30:00+00:00,0.0
4029,2013-11-23 20:00:00+00:00,0.0
4029,2013-11-23 20:30:00+00:00,0.0
4029,2013-11-23 21:00:00+00:00,0.0
4029,2013-11-23 21:30:00+00:00,0.0
4029,2013-11-23 22:00:00+00:00,0.0
4029,2013-11-23 22:30:00+00:00,0.0
4029,2013-11-23 23:00:00+00:00,0.0
4029,2013-11-23 23:30:00+00:00,0.0
4029,2013-11-24 00:00:00+00:00,0.0
4029,2013-11-24 00:30:00+00:00,0.0
4029,2013-11-24 01:00:00+00:00,0.0
4029,2013-11-24 01:30:00+00:00,0.0
4029,2013-11-24 02:00:00+00:00,0.0
4029,2013-11-24 02:30:00+00:00,0.0
4029,2013-11-24 03:00:00+00:00,0.0
4029,2013-11-24 03:30:00+00:00,0.0
4029,2013-11-24 04:00:00+00:00,0.0
4029,2013-11-24 04:30:00+00:00,0.0
4029,2013-11-24 05:00:00+00:00,0.0
4029,2013-11-24 05:30:00+00:00,0.0
4029,2013-11-24 06:00:00+00:00,0.0
4029,2013-11-24 06:30:00+00:00,0.0
4029,2013-11-24 07:00:00+00:00,0.0
4029,2013-11-24 07:30:00+00:00,0.0
4029,2013-11-24 08:00:00+00:00,0.0
4029,2013-11-24 08:30:00+00:00,0.0
4029,2013-11-24 09:00:00+00:00,50.0
4029,2013-11-24 09:30:00+00:00,50.0
4029,2013-11-24 10:00:00+00:00,140.83
4029,2013-11-24 10:30:00+00:00,150.0
4029,2013-11-24 11:00:00+00:00,463.34
4029,2013-11-24 11:30:00+00:00,677.83
4029,2013-11-24 12:00:00+00:00,158.93
4029,2013-11-24 12:30:00+00:00,59.07
4029,2013-11-24 13:00:00+00:00,100.0
4029,2013-11-24 13:30:00+00:00,50.0
4029,2013-11-24 14:00:00+00:00,90.93
4029,2013-11-24 14:30:00+00:00,49.99
4029,2013-11-24 15:00:00+00:00,9.08
4029,2013-11-24 15:30:00+00:00,50.0
4029,2013-11-24 16:00:00+00:00,0.0
4029,2013-11-24 16:30:00+00:00,0.0
4029,2013-11-24 17:00:00+00:00,0.0
4029,2013-11-24 17:30:00+00:00,0.0
4029,2013-11-24 18:00:00+00:00,0.0
4029,2013-11-24 18:30:00+00:00,0.0
4029,2013-11-24 19:00:00+00:00,0.0
4029,2013-11-24 19:30:00+00:00,0.0
4029,2013-11-24 20:00:00+00:00,0.0
4029,2013-11-24 20:30:00+00:00,0.0
4029,2013-11-24 21:00:00+00:00,0.0
4029,2013-11-24 21:30:00+00:00,0.0
4029,2013-11-24 22:00:00+00:00,0.0
4029,2013-11-24 22:30:00+00:00,0.0
4029,2013-11-24 23:00:00+00:00,0.0
4029,2013-11-24 23:30:00+00:00,0.0
4029,2013-11-25 00:00:00+00:00,0.0
4029,2013-11-25 00:30:00+00:00,0.0
4029,2013-11-25 01:00:00+00:00,0.0
4029,2013-11-25 01:30:00+00:00,0.0
4029,2013-11-25 02:00:00+00:00,0.0
4029,2013-11-25 02:30:00+00:00,0.0
4029,2013-11-25 03:00:00+00:00,0.0
4029,2013-11-25 03:30:00+00:00,0.0
4029,2013-11-25 04:00:00+00:00,0.0
4029,2013-11-25 04:30:00+00:00,0.0
4029,2013-11-25 05:00:00+00:00,0.0
4029,2013-11-25 05:30:00+00:00,0.0
4029,2013-11-25 06:00:00+00:00,0.0
4029,2013-11-25 06:30:00+00:00,0.0
4029,2013-11-25 07:00:00+00:00,0.0
4029,2013-11-25 07:30:00+00:00,0.0
4029,2013-11-25 08:00:00+00:00,0.0
4029,2013-11-25 08:30:00+00:00,41.17
4029,2013-11-25 09:00:00+00:00,149.91
4029,2013-11-25 09:30:00+00:00,291.25
4029,2013-11-25 10:00:00+00:00,299.87
4029,2013-11-25 10:30:00+00:00,350.13
4029,2013-11-25 11:00:00+00:00,450.0
4029,2013-11-25 11:30:00+00:00,383.0
4029,2013-11-25 12:00:00+00:00,508.67
4029,2013-11-25 12:30:00+00:00,358.67
4029,2013-11-25 13:00:00+00:00,358.66
4029,2013-11-25 13:30:00+00:00,300.0
4029,2013-11-25 14:00:00+00:00,200.0
4029,2013-11-25 14:30:00+00:00,108.67
4029,2013-11-25 15:00:00+00:00,100.0
4029,2013-11-25 15:30:00+00:00,50.0
4029,2013-11-25 16:00:00+00:00,0.0
4029,2013-11-25 16:30:00+00:00,0.0
4029,2013-11-25 17:00:00+00:00,0.0
4029,2013-11-25 17:30:00+00:00,0.0
4029,2013-11-25 18:00:00+00:00,0.0
4029,2013-11-25 18:30:00+00:00,0.0
4029,2013-11-25 19:00:00+00:00,0.0
4029,2013-11-25 19:30:00+00:00,0.0
4029,2013-11-25 20:00:00+00:00,0.0
4029,2013-11-25 20:30:00+00:00,0.0
4029,2013-11-25 21:00:00+00:00,0.0
4029,2013-11-25 21:30:00+00:00,0.0
4029,2013-11-25 22:00:00+00:00,0.0
4029,2013-11-25 22:30:00+00:00,0.0
4029,2013-11-25 23:00:00+00:00,0.0
4029,2013-11-25 23:30:00+00:00,0.0
4029,2013-11-26 00:00:00+00:00,0.0
4029,2013-11-26 00:30:00+00:00,0.0
4029,2013-11-26 01:00:00+00:00,0.0
4029,2013-11-26 01:30:00+00:00,0.0
4029,2013-11-26 02:00:00+00:00,0.0
4029,2013-11-26 02:30:00+00:00,0.0
4029,2013-11-26 03:00:00+00:00,0.0
4029,2013-11-26 03:30:00+00:00,0.0
4029,2013-11-26 04:00:00+00:00,0.0
4029,2013-11-26 04:30:00+00:00,0.0
4029,2013-11-26 05:00:00+00:00,0.0
4029,2013-11-26 05:30:00+00:00,0.0
4029,2013-11-26 06:00:00+00:00,0.0
4029,2013-11-26 06:30:00+00:00,0.0
4029,2013-11-26 07:00:00+00:00,0.0
4029,2013-11-26 07:30:00+00:00,0.0
4029,2013-11-26 08:00:00+00:00,0.0
4029,2013-11-26 08:30:00+00:00,0.0
4029,2013-11-26 09:00:00+00:00,50.0
4029,2013-11-26 09:30:00+00:00,141.42
4029,2013-11-26 10:00:00+00:00,241.55
4029,2013-11-26 10:30:00+00:00,299.86
4029,2013-11-26 11:00:00+00:00,532.84
4029,2013-11-26 11:30:00+00:00,650.94
4029,2013-11-26 12:00:00+00:00,691.65
4029,2013-11-26 12:30:00+00:00,799.73
4029,2013-11-26 13:00:00+00:00,416.76
4029,2013-11-26 13:30:00+00:00,350.0
4029,2013-11-26 14:00:00+00:00,391.64
4029,2013-11-26 14:30:00+00:00,225.28
4029,2013-11-26 15:00:00+00:00,199.98
4029,2013-11-26 15:30:00+00:00,58.35
4029,2013-11-26 16:00:00+00:00,0.0
4029,2013-11-26 16:30:00+00:00,0.0
4029,2013-11-26 17:00:00+00:00,0.0
4029,2013-11-26 17:30:00+00:00,0.0
4029,2013-11-26 18:00:00+00:00,0.0
4029,2013-11-26 18:30:00+00:00,0.0
4029,2013-11-26 19:00:00+00:00,0.0
4029,2013-11-26 19:30:00+00:00,0.0
4029,2013-11-26 20:00:00+00:00,0.0
4029,2013-11-26 20:30:00+00:00,0.0
4029,2013-11-26 21:00:00+00:00,0.0
4029,2013-11-26 21:30:00+00:00,0.0
4029,2013-11-26 22:00:00+00:00,0.0
4029,2013-11-26 22:30:00+00:00,0.0
4029,2013-11-26 23:00:00+00:00,0.0
4029,2013-11-26 23:30:00+00:00,0.0
4029,2013-11-27 00:00:00+00:00,0.0
4029,2013-11-27 00:30:00+00:00,0.0
4029,2013-11-27 01:00:00+00:00,0.0
4029,2013-11-27 01:30:00+00:00,0.0
4029,2013-11-27 02:00:00+00:00,0.0
4029,2013-11-27 02:30:00+00:00,0.0
4029,2013-11-27 03:00:00+00:00,0.0
4029,2013-11-27 03:30:00+00:00,0.0
4029,2013-11-27 04:00:00+00:00,0.0
4029,2013-11-27 04:30:00+00:00,0.0
4029,2013-11-27 05:00:00+00:00,0.0
4029,2013-11-27 05:30:00+00:00,0.0
4029,2013-11-27 06:00:00+00:00,0.0
4029,2013-11-27 06:30:00+00:00,0.0
4029,2013-11-27 07:00:00+00:00,0.0
4029,2013-11-27 07:30:00+00:00,0.0
4029,2013-11-27 08:00:00+00:00,0.0
4029,2013-11-27 08:30:00+00:00,0.0
4029,2013-11-27 09:00:00+00:00,0.0
4029,2013-11-27 09:30:00+00:00,0.0
4029,2013-11-27 10:00:00+00:00,0.0
4029,2013-11-27 10:30:00+00:00,42.99
4029,2013-11-27 11:00:00+00:00,49.93
4029,2013-11-27 11:30:00+00:00,50.0
4029,2013-11-27 12:00:00+00:00,7.08
4029,2013-11-27 12:30:00+00:00,50.0
4029,2013-11-27 13:00:00+00:00,0.0
4029,2013-11-27 13:30:00+00:00,0.0
4029,2013-11-27 14:00:00+00:00,50.0
4029,2013-11-27 14:30:00+00:00,50.0
4029,2013-11-27 15:00:00+00:00,0.0
4029,2013-11-27 15:30:00+00:00,0.0
4029,2013-11-27 16:00:00+00:00,0.0
4029,2013-11-27 16:30:00+00:00,0.0
4029,2013-11-27 17:00:00+00:00,0.0
4029,2013-11-27 17:30:00+00:00,0.0
4029,2013-11-27 18:00:00+00:00,0.0
4029,2013-11-27 18:30:00+00:00,0.0
4029,2013-11-27 19:00:00+00:00,0.0
4029,2013-11-27 19:30:00+00:00,0.0
4029,2013-11-27 20:00:00+00:00,0.0
4029,2013-11-27 20:30:00+00:00,0.0
4029,2013-11-27 21:00:00+00:00,0.0
4029,2013-11-27 21:30:00+00:00,0.0
4029,2013-11-27 22:00:00+00:00,0.0
4029,2013-11-27 22:30:00+00:00,0.0
4029,2013-11-27 23:00:00+00:00,0.0
4029,2013-11-27 23:30:00+00:00,0.0
4029,2013-11-28 00:00:00+00:00,0.0
4029,2013-11-28 00:30:00+00:00,0.0
4029,2013-11-28 01:00:00+00:00,0.0
4029,2013-11-28 01:30:00+00:00,0.0
4029,2013-11-28 02:00:00+00:00,0.0
4029,2013-11-28 02:30:00+00:00,0.0
4029,2013-11-28 03:00:00+00:00,0.0
4029,2013-11-28 03:30:00+00:00,0.0
4029,2013-11-28 04:00:00+00:00,0.0
4029,2013-11-28 04:30:00+00:00,0.0
4029,2013-11-28 05:00:00+00:00,0.0
4029,2013-11-28 05:30:00+00:00,0.0
4029,2013-11-28 06:00:00+00:00,0.0
4029,2013-11-28 06:30:00+00:00,0.0
4029,2013-11-28 07:00:00+00:00,0.0
4029,2013-11-28 07:30:00+00:00,0.0
4029,2013-11-28 08:00:00+00:00,0.0
4029,2013-11-28 08:30:00+00:00,0.0
4029,2013-11-28 09:00:00+00:00,0.0
4029,2013-11-28 09:30:00+00:00,0.0
4029,2013-11-28 10:00:00+00:00,0.0
4029,2013-11-28 10:30:00+00:00,50.0
4029,2013-11-28 11:00:00+00:00,43.17
4029,2013-11-28 11:30:00+00:00,6.83
4029,2013-11-28 12:00:00+00:00,50.0
4029,2013-11-28 12:30:00+00:00,50.0
4029,2013-11-28 13:00:00+00:00,93.33
4029,2013-11-28 13:30:00+00:00,6.67
4029,2013-11-28 14:00:00+00:00,50.0
4029,2013-11-28 14:30:00+00:00,0.0
4029,2013-11-28 15:00:00+00:00,0.0
4029,2013-11-28 15:30:00+00:00,0.0
4029,2013-11-28 16:00:00+00:00,0.0
4029,2013-11-28 16:30:00+00:00,0.0
4029,2013-11-28 17:00:00+00:00,0.0
4029,2013-11-28 17:30:00+00:00,0.0
4029,2013-11-28 18:00:00+00:00,0.0
4029,2013-11-28 18:30:00+00:00,0.0
4029,2013-11-28 19:00:00+00:00,0.0
4029,2013-11-28 19:30:00+00:00,0.0
4029,2013-11-28 20:00:00+00:00,0.0
4029,2013-11-28 20:30:00+00:00,0.0
4029,2013-11-28 21:00:00+00:00,0.0
4029,2013-11-28 21:30:00+00:00,0.0
4029,2013-11-28 22:00:00+00:00,0.0
4029,2013-11-28 22:30:00+00:00,0.0
4029,2013-11-28 23:00:00+00:00,0.0
4029,2013-11-28 23:30:00+00:00,0.0
4029,2013-11-29 00:00:00+00:00,0.0
4029,2013-11-29 00:30:00+00:00,0.0
4029,2013-11-29 01:00:00+00:00,0.0
4029,2013-11-29 01:30:00+00:00,0.0
4029,2013-11-29 02:00:00+00:00,0.0
4029,2013-11-29 02:30:00+00:00,0.0
4029,2013-11-29 03:00:00+00:00,0.0
4029,2013-11-29 03:30:00+00:00,0.0
4029,2013-11-29 04:00:00+00:00,0.0
4029,2013-11-29 04:30:00+00:00,0.0
4029,2013-11-29 05:00:00+00:00,0.0
4029,2013-11-29 05:30:00+00:00,0.0
4029,2013-11-29 06:00:00+00:00,0.0
4029,2013-11-29 06:30:00+00:00,0.0
4029,2013-11-29 07:00:00+00:00,0.0
4029,2013-11-29 07:30:00+00:00,0.0
4029,2013-11-29 08:00:00+00:00,0.0
4029,2013-11-29 08:30:00+00:00,0.0
4029,2013-11-29 09:00:00+00:00,50.0
4029,2013-11-29 09:30:00+00:00,43.42
4029,2013-11-29 10:00:00+00:00,50.07
4029,2013-11-29 10:30:00+00:00,56.51
4029,2013-11-29 11:00:00+00:00,143.43
4029,2013-11-29 11:30:00+00:00,106.57
4029,2013-11-29 12:00:00+00:00,186.83
4029,2013-11-29 12:30:00+00:00,206.73
4029,2013-11-29 13:00:00+00:00,156.44
4029,2013-11-29 13:30:00+00:00,93.67
4029,2013-11-29 14:00:00+00:00,6.33
4029,2013-11-29 14:30:00+00:00,50.0
4029,2013-11-29 15:00:00+00:00,0.0
4029,2013-11-29 15:30:00+00:00,0.0
4029,2013-11-29 16:00:00+00:00,0.0
4029,2013-11-29 16:30:00+00:00,0.0
4029,2013-11-29 17:00:00+00:00,0.0
4029,2013-11-29 17:30:00+00:00,0.0
4029,2013-11-29 18:00:00+00:00,0.0
4029,2013-11-29 18:30:00+00:00,0.0
4029,2013-11-29 19:00:00+00:00,0.0
4029,2013-11-29 19:30:00+00:00,0.0
4029,2013-11-29 20:00:00+00:00,0.0
4029,2013-11-29 20:30:00+00:00,0.0
4029,2013-11-29 21:00:00+00:00,0.0
4029,2013-11-29 21:30:00+00:00,0.0
4029,2013-11-29 22:00:00+00:00,0.0
4029,2013-11-29 22:30:00+00:00,0.0
4029,2013-11-29 23:00:00+00:00,0.0
4029,2013-11-29 23:30:00+00:00,0.0
4029,2013-11-30 00:00:00+00:00,0.0
4029,2013-11-30 00:30:00+00:00,0.0
4029,2013-11-30 01:00:00+00:00,0.0
4029,2013-11-30 01:30:00+00:00,0.0
4029,2013-11-30 02:00:00+00:00,0.0
4029,2013-11-30 02:30:00+00:00,0.0
4029,2013-11-30 03:00:00+00:00,0.0
4029,2013-11-30 03:30:00+00:00,0.0
4029,2013-11-30 04:00:00+00:00,0.0
4029,2013-11-30 04:30:00+00:00,0.0
4029,2013-11-30 05:00:00+00:00,0.0
4029,2013-11-30 05:30:00+00:00,0.0
4029,2013-11-30 06:00:00+00:00,0.0
4029,2013-11-30 06:30:00+00:00,0.0
4029,2013-11-30 07:00:00+00:00,0.0
4029,2013-11-30 07:30:00+00:00,0.0
4029,2013-11-30 08:00:00+00:00,0.0
4029,2013-11-30 08:30:00+00:00,0.0
4029,2013-11-30 09:00:00+00:00,50.0
4029,2013-11-30 09:30:00+00:00,237.5
4029,2013-11-30 10:00:00+00:00,256.25
4029,2013-11-30 10:30:00+00:00,200.0
4029,2013-11-30 11:00:00+00:00,56.25
4029,2013-11-30 11:30:00+00:00,93.75
4029,2013-11-30 12:00:00+00:00,100.0
4029,2013-11-30 12:30:00+00:00,100.15
4029,2013-11-30 13:00:00+00:00,100.02
4029,2013-11-30 13:30:00+00:00,200.0
4029,2013-11-30 14:00:00+00:00,50.0
4029,2013-11-30 14:30:00+00:00,56.08
4029,2013-11-30 15:00:00+00:00,0.0
4029,2013-11-30 15:30:00+00:00,0.0
4029,2013-11-30 16:00:00+00:00,0.0
4029,2013-11-30 16:30:00+00:00,0.0
4029,2013-11-30 17:00:00+00:00,0.0
4029,2013-11-30 17:30:00+00:00,0.0
4029,2013-11-30 18:00:00+00:00,0.0
4029,2013-11-30 18:30:00+00:00,0.0
4029,2013-11-30 19:00:00+00:00,0.0
4029,2013-11-30 19:30:00+00:00,0.0
4029,2013-11-30 20:00:00+00:00,0.0
4029,2013-11-30 20:30:00+00:00,0.0
4029,2013-11-30 21:00:00+00:00,0.0
4029,2013-11-30 21:30:00+00:00,0.0
4029,2013-11-30 22:00:00+00:00,0.0
4029,2013-11-30 22:30:00+00:00,0.0
4029,2013-11-30 23:00:00+00:00,0.0
4029,2013-11-30 23:30:00+00:00,0.0
4029,2013-12-01 00:30:00+00:00,0.0
4029,2013-12-01 01:00:00+00:00,0.0
4029,2013-12-01 01:30:00+00:00,0.0
4029,2013-12-01 02:00:00+00:00,0.0
4029,2013-12-01 02:30:00+00:00,0.0
4029,2013-12-01 03:00:00+00:00,0.0
4029,2013-12-01 03:30:00+00:00,0.0
4029,2013-12-01 04:00:00+00:00,0.0
4029,2013-12-01 04:30:00+00:00,0.0
4029,2013-12-01 05:00:00+00:00,0.0
4029,2013-12-01 05:30:00+00:00,0.0
4029,2013-12-01 06:00:00+00:00,0.0
4029,2013-12-01 06:30:00+00:00,0.0
4029,2013-12-01 07:00:00+00:00,0.0
4029,2013-12-01 07:30:00+00:00,0.0
4029,2013-12-01 08:00:00+00:00,0.0
4029,2013-12-01 08:30:00+00:00,0.0
4029,2013-12-01 09:00:00+00:00,0.0
4029,2013-12-01 09:30:00+00:00,0.0
4029,2013-12-01 10:00:00+00:00,50.0
4029,2013-12-01 10:30:00+00:00,43.93
4029,2013-12-01 11:00:00+00:00,49.99
4029,2013-12-01 11:30:00+00:00,100.0
4029,2013-12-01 12:00:00+00:00,56.08
4029,2013-12-01 12:30:00+00:00,50.0
4029,2013-12-01 13:00:00+00:00,100.0
4029,2013-12-01 13:30:00+00:00,94.08
4029,2013-12-01 14:00:00+00:00,244.09
4029,2013-12-01 14:30:00+00:00,250.02
4029,2013-12-01 15:00:00+00:00,61.81
4029,2013-12-01 15:30:00+00:00,50.0
4029,2013-12-01 16:00:00+00:00,0.0
4029,2013-12-01 16:30:00+00:00,0.0
4029,2013-12-01 17:00:00+00:00,0.0
4029,2013-12-01 17:30:00+00:00,0.0
4029,2013-12-01 18:00:00+00:00,0.0
4029,2013-12-01 18:30:00+00:00,0.0
4029,2013-12-01 19:00:00+00:00,0.0
4029,2013-12-01 19:30:00+00:00,0.0
4029,2013-12-01 20:00:00+00:00,0.0
4029,2013-12-01 20:30:00+00:00,0.0
4029,2013-12-01 21:00:00+00:00,0.0
4029,2013-12-01 21:30:00+00:00,0.0
4029,2013-12-01 22:00:00+00:00,0.0
4029,2013-12-01 22:30:00+00:00,0.0
4029,2013-12-01 23:00:00+00:00,0.0
4029,2013-12-01 23:30:00+00:00,0.0
4029,2013-12-02 00:00:00+00:00,0.0
4029,2013-12-02 00:30:00+00:00,0.0
4029,2013-12-02 01:00:00+00:00,0.0
4029,2013-12-02 01:30:00+00:00,0.0
4029,2013-12-02 02:00:00+00:00,0.0
4029,2013-12-02 02:30:00+00:00,0.0
4029,2013-12-02 03:00:00+00:00,0.0
4029,2013-12-02 03:30:00+00:00,0.0
4029,2013-12-02 04:00:00+00:00,0.0
4029,2013-12-02 04:30:00+00:00,0.0
4029,2013-12-02 05:00:00+00:00,0.0
4029,2013-12-02 05:30:00+00:00,0.0
4029,2013-12-02 06:00:00+00:00,0.0
4029,2013-12-02 06:30:00+00:00,0.0
4029,2013-12-02 07:00:00+00:00,0.0
4029,2013-12-02 07:30:00+00:00,0.0
4029,2013-12-02 08:00:00+00:00,0.0
4029,2013-12-02 08:30:00+00:00,0.0
4029,2013-12-02 09:00:00+00:00,0.0
4029,2013-12-02 09:30:00+00:00,0.0
4029,2013-12-02 10:00:00+00:00,50.0
4029,2013-12-02 10:30:00+00:00,0.0
4029,2013-12-02 11:00:00+00:00,50.0
4029,2013-12-02 11:30:00+00:00,50.0
4029,2013-12-02 12:00:00+00:00,94.25
4029,2013-12-02 12:30:00+00:00,5.75
4029,2013-12-02 13:00:00+00:00,50.0
4029,2013-12-02 13:30:00+00:00,50.0
4029,2013-12-02 14:00:00+00:00,50.0
4029,2013-12-02 14:30:00+00:00,50.0
4029,2013-12-02 15:00:00+00:00,50.0
4029,2013-12-02 15:30:00+00:00,44.2
4029,2013-12-02 16:00:00+00:00,5.8
4029,2013-12-02 16:30:00+00:00,0.0
4029,2013-12-02 17:00:00+00:00,0.0
4029,2013-12-02 17:30:00+00:00,0.0
4029,2013-12-02 18:00:00+00:00,0.0
4029,2013-12-02 18:30:00+00:00,0.0
4029,2013-12-02 19:00:00+00:00,0.0
4029,2013-12-02 19:30:00+00:00,0.0
4029,2013-12-02 20:00:00+00:00,0.0
4029,2013-12-02 20:30:00+00:00,0.0
4029,2013-12-02 21:00:00+00:00,0.0
4029,2013-12-02 21:30:00+00:00,0.0
4029,2013-12-02 22:00:00+00:00,0.0
4029,2013-12-02 22:30:00+00:00,0.0
4029,2013-12-02 23:00:00+00:00,0.0
4029,2013-12-02 23:30:00+00:00,0.0
4029,2013-12-03 00:00:00+00:00,0.0
4029,2013-12-03 00:30:00+00:00,0.0
4029,2013-12-03 01:00:00+00:00,0.0
4029,2013-12-03 01:30:00+00:00,0.0
4029,2013-12-03 02:00:00+00:00,0.0
4029,2013-12-03 02:30:00+00:00,0.0
4029,2013-12-03 03:00:00+00:00,0.0
4029,2013-12-03 03:30:00+00:00,0.0
4029,2013-12-03 04:00:00+00:00,0.0
4029,2013-12-03 04:30:00+00:00,0.0
4029,2013-12-03 05:00:00+00:00,0.0
4029,2013-12-03 05:30:00+00:00,0.0
4029,2013-12-03 06:00:00+00:00,0.0
4029,2013-12-03 06:30:00+00:00,0.0
4029,2013-12-03 07:00:00+00:00,0.0
4029,2013-12-03 07:30:00+00:00,0.0
4029,2013-12-03 08:00:00+00:00,0.0
4029,2013-12-03 08:30:00+00:00,0.0
4029,2013-12-03 09:00:00+00:00,0.0
4029,2013-12-03 09:30:00+00:00,0.0
4029,2013-12-03 10:00:00+00:00,44.25
4029,2013-12-03 10:30:00+00:00,5.75
4029,2013-12-03 11:00:00+00:00,50.0
4029,2013-12-03 11:30:00+00:00,50.0
4029,2013-12-03 12:00:00+00:00,50.0
4029,2013-12-03 12:30:00+00:00,44.47
4029,2013-12-03 13:00:00+00:00,5.53
4029,2013-12-03 13:30:00+00:00,44.5
4029,2013-12-03 14:00:00+00:00,5.5
4029,2013-12-03 14:30:00+00:00,0.0
4029,2013-12-03 15:00:00+00:00,0.0
4029,2013-12-03 15:30:00+00:00,0.0
4029,2013-12-03 16:00:00+00:00,0.0
4029,2013-12-03 16:30:00+00:00,0.0
4029,2013-12-03 17:00:00+00:00,0.0
4029,2013-12-03 17:30:00+00:00,0.0
4029,2013-12-03 18:00:00+00:00,0.0
4029,2013-12-03 18:30:00+00:00,0.0
4029,2013-12-03 19:00:00+00:00,0.0
4029,2013-12-03 19:30:00+00:00,0.0
4029,2013-12-03 20:00:00+00:00,0.0
4029,2013-12-03 20:30:00+00:00,0.0
4029,2013-12-03 21:00:00+00:00,0.0
4029,2013-12-03 21:30:00+00:00,0.0
4029,2013-12-03 22:00:00+00:00,0.0
4029,2013-12-03 22:30:00+00:00,0.0
4029,2013-12-03 23:00:00+00:00,0.0
4029,2013-12-03 23:30:00+00:00,0.0
4029,2013-12-04 00:00:00+00:00,0.0
4029,2013-12-04 00:30:00+00:00,0.0
4029,2013-12-04 01:00:00+00:00,0.0
4029,2013-12-04 01:30:00+00:00,0.0
4029,2013-12-04 02:00:00+00:00,0.0
4029,2013-12-04 02:30:00+00:00,0.0
4029,2013-12-04 03:00:00+00:00,0.0
4029,2013-12-04 03:30:00+00:00,0.0
4029,2013-12-04 04:00:00+00:00,0.0
4029,2013-12-04 04:30:00+00:00,0.0
4029,2013-12-04 05:00:00+00:00,0.0
4029,2013-12-04 05:30:00+00:00,0.0
4029,2013-12-04 06:00:00+00:00,0.0
4029,2013-12-04 06:30:00+00:00,0.0
4029,2013-12-04 07:00:00+00:00,0.0
4029,2013-12-04 07:30:00+00:00,0.0
4029,2013-12-04 08:00:00+00:00,0.0
4029,2013-12-04 08:30:00+00:00,0.0
4029,2013-12-04 09:00:00+00:00,50.0
4029,2013-12-04 09:30:00+00:00,50.0
4029,2013-12-04 10:00:00+00:00,50.0
4029,2013-12-04 10:30:00+00:00,50.0
4029,2013-12-04 11:00:00+00:00,50.0
4029,2013-12-04 11:30:00+00:00,144.66
4029,2013-12-04 12:00:00+00:00,5.34
4029,2013-12-04 12:30:00+00:00,50.0
4029,2013-12-04 13:00:00+00:00,94.67
4029,2013-12-04 13:30:00+00:00,55.33
4029,2013-12-04 14:00:00+00:00,50.0
4029,2013-12-04 14:30:00+00:00,50.0
4029,2013-12-04 15:00:00+00:00,50.0
4029,2013-12-04 15:30:00+00:00,0.0
4029,2013-12-04 16:00:00+00:00,0.0
4029,2013-12-04 16:30:00+00:00,0.0
4029,2013-12-04 17:00:00+00:00,0.0
4029,2013-12-04 17:30:00+00:00,0.0
4029,2013-12-04 18:00:00+00:00,0.0
4029,2013-12-04 18:30:00+00:00,0.0
4029,2013-12-04 19:00:00+00:00,0.0
4029,2013-12-04 19:30:00+00:00,0.0
4029,2013-12-04 20:00:00+00:00,0.0
4029,2013-12-04 20:30:00+00:00,0.0
4029,2013-12-04 21:00:00+00:00,0.0
4029,2013-12-04 21:30:00+00:00,0.0
4029,2013-12-04 22:00:00+00:00,0.0
4029,2013-12-04 22:30:00+00:00,0.0
4029,2013-12-04 23:00:00+00:00,0.0
4029,2013-12-04 23:30:00+00:00,0.0
4029,2013-12-05 00:00:00+00:00,0.0
4029,2013-12-05 00:30:00+00:00,0.0
4029,2013-12-05 01:00:00+00:00,0.0
4029,2013-12-05 01:30:00+00:00,0.0
4029,2013-12-05 02:00:00+00:00,0.0
4029,2013-12-05 02:30:00+00:00,0.0
4029,2013-12-05 03:00:00+00:00,0.0
4029,2013-12-05 03:30:00+00:00,0.0
4029,2013-12-05 04:00:00+00:00,0.0
4029,2013-12-05 04:30:00+00:00,0.0
4029,2013-12-05 05:00:00+00:00,0.0
4029,2013-12-05 05:30:00+00:00,0.0
4029,2013-12-05 06:00:00+00:00,0.0
4029,2013-12-05 06:30:00+00:00,0.0
4029,2013-12-05 07:00:00+00:00,0.0
4029,2013-12-05 07:30:00+00:00,0.0
4029,2013-12-05 08:00:00+00:00,0.0
4029,2013-12-05 08:30:00+00:00,0.0
4029,2013-12-05 09:00:00+00:00,50.0
4029,2013-12-05 09:30:00+00:00,50.0
4029,2013-12-05 10:00:00+00:00,144.92
4029,2013-12-05 10:30:00+00:00,150.0
4029,2013-12-05 11:00:00+00:00,199.12
4029,2013-12-05 11:30:00+00:00,150.88
4029,2013-12-05 12:00:00+00:00,479.66
4029,2013-12-05 12:30:00+00:00,520.34
4029,2013-12-05 13:00:00+00:00,200.0
4029,2013-12-05 13:30:00+00:00,100.0
4029,2013-12-05 14:00:00+00:00,55.08
4029,2013-12-05 14:30:00+00:00,289.83
4029,2013-12-05 15:00:00+00:00,60.17
4029,2013-12-05 15:30:00+00:00,0.0
4029,2013-12-05 16:00:00+00:00,0.0
4029,2013-12-05 16:30:00+00:00,0.0
4029,2013-12-05 17:00:00+00:00,0.0
4029,2013-12-05 17:30:00+00:00,0.0
4029,2013-12-05 18:00:00+00:00,0.0
4029,2013-12-05 18:30:00+00:00,0.0
4029,2013-12-05 19:00:00+00:00,0.0
4029,2013-12-05 19:30:00+00:00,0.0
4029,2013-12-05 20:00:00+00:00,0.0
4029,2013-12-05 20:30:00+00:00,0.0
4029,2013-12-05 21:00:00+00:00,0.0
4029,2013-12-05 21:30:00+00:00,0.0
4029,2013-12-05 22:00:00+00:00,0.0
4029,2013-12-05 22:30:00+00:00,0.0
4029,2013-12-05 23:00:00+00:00,0.0
4029,2013-12-05 23:30:00+00:00,0.0
4029,2013-12-06 00:00:00+00:00,0.0
4029,2013-12-06 00:30:00+00:00,0.0
4029,2013-12-06 01:00:00+00:00,0.0
4029,2013-12-06 01:30:00+00:00,0.0
4029,2013-12-06 02:00:00+00:00,0.0
4029,2013-12-06 02:30:00+00:00,0.0
4029,2013-12-06 03:00:00+00:00,0.0
4029,2013-12-06 03:30:00+00:00,0.0
4029,2013-12-06 04:00:00+00:00,0.0
4029,2013-12-06 04:30:00+00:00,0.0
4029,2013-12-06 05:00:00+00:00,0.0
4029,2013-12-06 05:30:00+00:00,0.0
4029,2013-12-06 06:00:00+00:00,0.0
4029,2013-12-06 06:30:00+00:00,0.0
4029,2013-12-06 07:00:00+00:00,0.0
4029,2013-12-06 07:30:00+00:00,0.0
4029,2013-12-06 08:00:00+00:00,0.0
4029,2013-12-06 08:30:00+00:00,0.0
4029,2013-12-06 09:00:00+00:00,95.17
4029,2013-12-06 09:30:00+00:00,50.0
4029,2013-12-06 10:00:00+00:00,54.83
4029,2013-12-06 10:30:00+00:00,95.17
4029,2013-12-06 11:00:00+00:00,100.0
4029,2013-12-06 11:30:00+00:00,490.35
4029,2013-12-06 12:00:00+00:00,314.48
4029,2013-12-06 12:30:00+00:00,97.62
4029,2013-12-06 13:00:00+00:00,192.71
4029,2013-12-06 13:30:00+00:00,354.84
4029,2013-12-06 14:00:00+00:00,50.0
4029,2013-12-06 14:30:00+00:00,104.83
4029,2013-12-06 15:00:00+00:00,50.0
4029,2013-12-06 15:30:00+00:00,50.0
4029,2013-12-06 16:00:00+00:00,0.0
4029,2013-12-06 16:30:00+00:00,0.0
4029,2013-12-06 17:00:00+00:00,0.0
4029,2013-12-06 17:30:00+00:00,0.0
4029,2013-12-06 18:00:00+00:00,0.0
4029,2013-12-06 18:30:00+00:00,0.0
4029,2013-12-06 19:00:00+00:00,0.0
4029,2013-12-06 19:30:00+00:00,0.0
4029,2013-12-06 20:00:00+00:00,0.0
4029,2013-12-06 20:30:00+00:00,0.0
4029,2013-12-06 21:00:00+00:00,0.0
4029,2013-12-06 21:30:00+00:00,0.0
4029,2013-12-06 22:00:00+00:00,0.0
4029,2013-12-06 22:30:00+00:00,0.0
4029,2013-12-06 23:00:00+00:00,0.0
4029,2013-12-06 23:30:00+00:00,0.0
4029,2013-12-07 00:00:00+00:00,0.0
4029,2013-12-07 00:30:00+00:00,0.0
4029,2013-12-07 01:00:00+00:00,0.0
4029,2013-12-07 01:30:00+00:00,0.0
4029,2013-12-07 02:00:00+00:00,0.0
4029,2013-12-07 02:30:00+00:00,0.0
4029,2013-12-07 03:00:00+00:00,0.0
4029,2013-12-07 03:30:00+00:00,0.0
4029,2013-12-07 04:00:00+00:00,0.0
4029,2013-12-07 04:30:00+00:00,0.0
4029,2013-12-07 05:00:00+00:00,0.0
4029,2013-12-07 05:30:00+00:00,0.0
4029,2013-12-07 06:00:00+00:00,0.0
4029,2013-12-07 06:30:00+00:00,0.0
4029,2013-12-07 07:00:00+00:00,0.0
4029,2013-12-07 07:30:00+00:00,0.0
4029,2013-12-07 08:00:00+00:00,0.0
4029,2013-12-07 08:30:00+00:00,0.0
4029,2013-12-07 09:00:00+00:00,0.0
4029,2013-12-07 09:30:00+00:00,50.0
4029,2013-12-07 10:00:00+00:00,45.42
4029,2013-12-07 10:30:00+00:00,4.58
4029,2013-12-07 11:00:00+00:00,50.0
4029,2013-12-07 11:30:00+00:00,50.0
4029,2013-12-07 12:00:00+00:00,50.0
4029,2013-12-07 12:30:00+00:00,50.0
4029,2013-12-07 13:00:00+00:00,95.42
4029,2013-12-07 13:30:00+00:00,54.58
4029,2013-12-07 14:00:00+00:00,50.0
4029,2013-12-07 14:30:00+00:00,0.0
4029,2013-12-07 15:00:00+00:00,50.0
4029,2013-12-07 15:30:00+00:00,0.0
4029,2013-12-07 16:00:00+00:00,0.0
4029,2013-12-07 16:30:00+00:00,0.0
4029,2013-12-07 17:00:00+00:00,0.0
4029,2013-12-07 17:30:00+00:00,0.0
4029,2013-12-07 18:00:00+00:00,0.0
4029,2013-12-07 18:30:00+00:00,0.0
4029,2013-12-07 19:00:00+00:00,0.0
4029,2013-12-07 19:30:00+00:00,0.0
4029,2013-12-07 20:00:00+00:00,0.0
4029,2013-12-07 20:30:00+00:00,0.0
4029,2013-12-07 21:00:00+00:00,0.0
4029,2013-12-07 21:30:00+00:00,0.0
4029,2013-12-07 22:00:00+00:00,0.0
4029,2013-12-07 22:30:00+00:00,0.0
4029,2013-12-07 23:00:00+00:00,0.0
4029,2013-12-07 23:30:00+00:00,0.0
4029,2013-12-08 00:00:00+00:00,0.0
4029,2013-12-08 00:30:00+00:00,0.0
4029,2013-12-08 01:00:00+00:00,0.0
4029,2013-12-08 01:30:00+00:00,0.0
4029,2013-12-08 02:00:00+00:00,0.0
4029,2013-12-08 02:30:00+00:00,0.0
4029,2013-12-08 03:00:00+00:00,0.0
4029,2013-12-08 03:30:00+00:00,0.0
4029,2013-12-08 04:00:00+00:00,0.0
4029,2013-12-08 04:30:00+00:00,0.0
4029,2013-12-08 05:00:00+00:00,0.0
4029,2013-12-08 05:30:00+00:00,0.0
4029,2013-12-08 06:00:00+00:00,0.0
4029,2013-12-08 06:30:00+00:00,0.0
4029,2013-12-08 07:00:00+00:00,0.0
4029,2013-12-08 07:30:00+00:00,0.0
4029,2013-12-08 08:00:00+00:00,0.0
4029,2013-12-08 08:30:00+00:00,0.0
4029,2013-12-08 09:00:00+00:00,100.0
4029,2013-12-08 09:30:00+00:00,145.67
4029,2013-12-08 10:00:00+00:00,195.82
4029,2013-12-08 10:30:00+00:00,300.0
4029,2013-12-08 11:00:00+00:00,299.84
4029,2013-12-08 11:30:00+00:00,345.9
4029,2013-12-08 12:00:00+00:00,391.1
4029,2013-12-08 12:30:00+00:00,567.42
4029,2013-12-08 13:00:00+00:00,149.92
4029,2013-12-08 13:30:00+00:00,395.66
4029,2013-12-08 14:00:00+00:00,350.16
4029,2013-12-08 14:30:00+00:00,204.02
4029,2013-12-08 15:00:00+00:00,102.44
4029,2013-12-08 15:30:00+00:00,52.05
4029,2013-12-08 16:00:00+00:00,0.0
4029,2013-12-08 16:30:00+00:00,0.0
4029,2013-12-08 17:00:00+00:00,0.0
4029,2013-12-08 17:30:00+00:00,0.0
4029,2013-12-08 18:00:00+00:00,0.0
4029,2013-12-08 18:30:00+00:00,0.0
4029,2013-12-08 19:00:00+00:00,0.0
4029,2013-12-08 19:30:00+00:00,0.0
4029,2013-12-08 20:00:00+00:00,0.0
4029,2013-12-08 20:30:00+00:00,0.0
4029,2013-12-08 21:00:00+00:00,0.0
4029,2013-12-08 21:30:00+00:00,0.0
4029,2013-12-08 22:00:00+00:00,0.0
4029,2013-12-08 22:30:00+00:00,0.0
4029,2013-12-08 23:00:00+00:00,0.0
4029,2013-12-08 23:30:00+00:00,0.0
4029,2013-12-09 00:00:00+00:00,0.0
4029,2013-12-09 00:30:00+00:00,0.0
4029,2013-12-09 01:00:00+00:00,0.0
4029,2013-12-09 01:30:00+00:00,0.0
4029,2013-12-09 02:00:00+00:00,0.0
4029,2013-12-09 02:30:00+00:00,0.0
4029,2013-12-09 03:00:00+00:00,0.0
4029,2013-12-09 03:30:00+00:00,0.0
4029,2013-12-09 04:00:00+00:00,0.0
4029,2013-12-09 04:30:00+00:00,0.0
4029,2013-12-09 05:00:00+00:00,0.0
4029,2013-12-09 05:30:00+00:00,0.0
4029,2013-12-09 06:00:00+00:00,0.0
4029,2013-12-09 06:30:00+00:00,0.0
4029,2013-12-09 07:00:00+00:00,0.0
4029,2013-12-09 07:30:00+00:00,0.0
4029,2013-12-09 08:00:00+00:00,0.0
4029,2013-12-09 08:30:00+00:00,0.0
4029,2013-12-09 09:00:00+00:00,95.92
4029,2013-12-09 09:30:00+00:00,100.08
4029,2013-12-09 10:00:00+00:00,200.0
4029,2013-12-09 10:30:00+00:00,250.0
4029,2013-12-09 11:00:00+00:00,341.77
4029,2013-12-09 11:30:00+00:00,496.23
4029,2013-12-09 12:00:00+00:00,550.0
4029,2013-12-09 12:30:00+00:00,549.97
4029,2013-12-09 13:00:00+00:00,454.01
4029,2013-12-09 13:30:00+00:00,449.77
4029,2013-12-09 14:00:00+00:00,350.25
4029,2013-12-09 14:30:00+00:00,307.99
4029,2013-12-09 15:00:00+00:00,150.09
4029,2013-12-09 15:30:00+00:00,53.92
4029,2013-12-09 16:00:00+00:00,0.0
4029,2013-12-09 16:30:00+00:00,0.0
4029,2013-12-09 17:00:00+00:00,0.0
4029,2013-12-09 17:30:00+00:00,0.0
4029,2013-12-09 18:00:00+00:00,0.0
4029,2013-12-09 18:30:00+00:00,0.0
4029,2013-12-09 19:00:00+00:00,0.0
4029,2013-12-09 19:30:00+00:00,0.0
4029,2013-12-09 20:00:00+00:00,0.0
4029,2013-12-09 20:30:00+00:00,0.0
4029,2013-12-09 21:00:00+00:00,0.0
4029,2013-12-09 21:30:00+00:00,0.0
4029,2013-12-09 22:00:00+00:00,0.0
4029,2013-12-09 22:30:00+00:00,0.0
4029,2013-12-09 23:00:00+00:00,0.0
4029,2013-12-09 23:30:00+00:00,0.0
4029,2013-12-10 00:00:00+00:00,0.0
4029,2013-12-10 00:30:00+00:00,0.0
4029,2013-12-10 01:00:00+00:00,0.0
4029,2013-12-10 01:30:00+00:00,0.0
4029,2013-12-10 02:00:00+00:00,0.0
4029,2013-12-10 02:30:00+00:00,0.0
4029,2013-12-10 03:00:00+00:00,0.0
4029,2013-12-10 03:30:00+00:00,0.0
4029,2013-12-10 04:00:00+00:00,0.0
4029,2013-12-10 04:30:00+00:00,0.0
4029,2013-12-10 05:00:00+00:00,0.0
4029,2013-12-10 05:30:00+00:00,0.0
4029,2013-12-10 06:00:00+00:00,0.0
4029,2013-12-10 06:30:00+00:00,0.0
4029,2013-12-10 07:00:00+00:00,0.0
4029,2013-12-10 07:30:00+00:00,0.0
4029,2013-12-10 08:00:00+00:00,0.0
4029,2013-12-10 08:30:00+00:00,0.0
4029,2013-12-10 09:00:00+00:00,0.0
4029,2013-12-10 09:30:00+00:00,50.0
4029,2013-12-10 10:00:00+00:00,50.0
4029,2013-12-10 10:30:00+00:00,96.17
4029,2013-12-10 11:00:00+00:00,100.0
4029,2013-12-10 11:30:00+00:00,150.0
4029,2013-12-10 12:00:00+00:00,150.0
4029,2013-12-10 12:30:00+00:00,100.0
4029,2013-12-10 13:00:00+00:00,103.83
4029,2013-12-10 13:30:00+00:00,146.17
4029,2013-12-10 14:00:00+00:00,150.0
4029,2013-12-10 14:30:00+00:00,150.0
4029,2013-12-10 15:00:00+00:00,53.83
4029,2013-12-10 15:30:00+00:00,50.0
4029,2013-12-10 16:00:00+00:00,0.0
4029,2013-12-10 16:30:00+00:00,0.0
4029,2013-12-10 17:00:00+00:00,0.0
4029,2013-12-10 17:30:00+00:00,0.0
4029,2013-12-10 18:00:00+00:00,0.0
4029,2013-12-10 18:30:00+00:00,0.0
4029,2013-12-10 19:00:00+00:00,0.0
4029,2013-12-10 19:30:00+00:00,0.0
4029,2013-12-10 20:00:00+00:00,0.0
4029,2013-12-10 20:30:00+00:00,0.0
4029,2013-12-10 21:00:00+00:00,0.0
4029,2013-12-10 21:30:00+00:00,0.0
4029,2013-12-10 22:00:00+00:00,0.0
4029,2013-12-10 22:30:00+00:00,0.0
4029,2013-12-10 23:00:00+00:00,0.0
4029,2013-12-10 23:30:00+00:00,0.0
4029,2013-12-11 00:00:00+00:00,0.0
4029,2013-12-11 00:30:00+00:00,0.0
4029,2013-12-11 01:00:00+00:00,0.0
4029,2013-12-11 01:30:00+00:00,0.0
4029,2013-12-11 02:00:00+00:00,0.0
4029,2013-12-11 02:30:00+00:00,0.0
4029,2013-12-11 03:00:00+00:00,0.0
4029,2013-12-11 03:30:00+00:00,0.0
4029,2013-12-11 04:00:00+00:00,0.0
4029,2013-12-11 04:30:00+00:00,0.0
4029,2013-12-11 05:00:00+00:00,0.0
4029,2013-12-11 05:30:00+00:00,0.0
4029,2013-12-11 06:00:00+00:00,0.0
4029,2013-12-11 06:30:00+00:00,0.0
4029,2013-12-11 07:00:00+00:00,0.0
4029,2013-12-11 07:30:00+00:00,0.0
4029,2013-12-11 08:00:00+00:00,0.0
4029,2013-12-11 08:30:00+00:00,0.0
4029,2013-12-11 09:00:00+00:00,50.0
4029,2013-12-11 09:30:00+00:00,146.5
4029,2013-12-11 10:00:00+00:00,196.3
4029,2013-12-11 10:30:00+00:00,253.69
4029,2013-12-11 11:00:00+00:00,489.18
4029,2013-12-11 11:30:00+00:00,746.83
4029,2013-12-11 12:00:00+00:00,846.46
4029,2013-12-11 12:30:00+00:00,803.51
4029,2013-12-11 13:00:00+00:00,457.03
4029,2013-12-11 13:30:00+00:00,399.98
4029,2013-12-11 14:00:00+00:00,349.79
4029,2013-12-11 14:30:00+00:00,207.15
4029,2013-12-11 15:00:00+00:00,53.58
4029,2013-12-11 15:30:00+00:00,50.0
4029,2013-12-11 16:00:00+00:00,0.0
4029,2013-12-11 16:30:00+00:00,0.0
4029,2013-12-11 17:00:00+00:00,0.0
4029,2013-12-11 17:30:00+00:00,0.0
4029,2013-12-11 18:00:00+00:00,0.0
4029,2013-12-11 18:30:00+00:00,0.0
4029,2013-12-11 19:00:00+00:00,0.0
4029,2013-12-11 19:30:00+00:00,0.0
4029,2013-12-11 20:00:00+00:00,0.0
4029,2013-12-11 20:30:00+00:00,0.0
4029,2013-12-11 21:00:00+00:00,0.0
4029,2013-12-11 21:30:00+00:00,0.0
4029,2013-12-11 22:00:00+00:00,0.0
4029,2013-12-11 22:30:00+00:00,0.0
4029,2013-12-11 23:00:00+00:00,0.0
4029,2013-12-11 23:30:00+00:00,0.0
4029,2013-12-12 00:00:00+00:00,0.0
4029,2013-12-12 00:30:00+00:00,0.0
4029,2013-12-12 01:00:00+00:00,0.0
4029,2013-12-12 01:30:00+00:00,0.0
4029,2013-12-12 02:00:00+00:00,0.0
4029,2013-12-12 02:30:00+00:00,0.0
4029,2013-12-12 03:00:00+00:00,0.0
4029,2013-12-12 03:30:00+00:00,0.0
4029,2013-12-12 04:00:00+00:00,0.0
4029,2013-12-12 04:30:00+00:00,0.0
4029,2013-12-12 05:00:00+00:00,0.0
4029,2013-12-12 05:30:00+00:00,0.0
4029,2013-12-12 06:00:00+00:00,0.0
4029,2013-12-12 06:30:00+00:00,0.0
4029,2013-12-12 07:00:00+00:00,0.0
4029,2013-12-12 07:30:00+00:00,0.0
4029,2013-12-12 08:00:00+00:00,0.0
4029,2013-12-12 08:30:00+00:00,0.0
4029,2013-12-12 09:00:00+00:00,50.0
4029,2013-12-12 09:30:00+00:00,96.75
4029,2013-12-12 10:00:00+00:00,100.0
4029,2013-12-12 10:30:00+00:00,53.25
4029,2013-12-12 11:00:00+00:00,96.75
4029,2013-12-12 11:30:00+00:00,53.25
4029,2013-12-12 12:00:00+00:00,96.75
4029,2013-12-12 12:30:00+00:00,150.0
4029,2013-12-12 13:00:00+00:00,150.0
4029,2013-12-12 13:30:00+00:00,396.74
4029,2013-12-12 14:00:00+00:00,250.01
4029,2013-12-12 14:30:00+00:00,106.5
4029,2013-12-12 15:00:00+00:00,50.0
4029,2013-12-12 15:30:00+00:00,50.0
4029,2013-12-12 16:00:00+00:00,0.0
4029,2013-12-12 16:30:00+00:00,0.0
4029,2013-12-12 17:00:00+00:00,0.0
4029,2013-12-12 17:30:00+00:00,0.0
4029,2013-12-12 18:00:00+00:00,0.0
4029,2013-12-12 18:30:00+00:00,0.0
4029,2013-12-12 19:00:00+00:00,0.0
4029,2013-12-12 19:30:00+00:00,0.0
4029,2013-12-12 20:00:00+00:00,0.0
4029,2013-12-12 20:30:00+00:00,0.0
4029,2013-12-12 21:00:00+00:00,0.0
4029,2013-12-12 21:30:00+00:00,0.0
4029,2013-12-12 22:00:00+00:00,0.0
4029,2013-12-12 22:30:00+00:00,0.0
4029,2013-12-12 23:00:00+00:00,0.0
4029,2013-12-12 23:30:00+00:00,0.0
4029,2013-12-13 00:00:00+00:00,0.0
4029,2013-12-13 00:30:00+00:00,0.0
4029,2013-12-13 01:00:00+00:00,0.0
4029,2013-12-13 01:30:00+00:00,0.0
4029,2013-12-13 02:00:00+00:00,0.0
4029,2013-12-13 02:30:00+00:00,0.0
4029,2013-12-13 03:00:00+00:00,0.0
4029,2013-12-13 03:30:00+00:00,0.0
4029,2013-12-13 04:00:00+00:00,0.0
4029,2013-12-13 04:30:00+00:00,0.0
4029,2013-12-13 05:00:00+00:00,0.0
4029,2013-12-13 05:30:00+00:00,0.0
4029,2013-12-13 06:00:00+00:00,0.0
4029,2013-12-13 06:30:00+00:00,0.0
4029,2013-12-13 07:00:00+00:00,0.0
4029,2013-12-13 07:30:00+00:00,0.0
4029,2013-12-13 08:00:00+00:00,0.0
4029,2013-12-13 08:30:00+00:00,0.0
4029,2013-12-13 09:00:00+00:00,0.0
4029,2013-12-13 09:30:00+00:00,0.0
4029,2013-12-13 10:00:00+00:00,0.0
4029,2013-12-13 10:30:00+00:00,50.0
4029,2013-12-13 11:00:00+00:00,0.0
4029,2013-12-13 11:30:00+00:00,50.0
4029,2013-12-13 12:00:00+00:00,50.0
4029,2013-12-13 12:30:00+00:00,50.0
4029,2013-12-13 13:00:00+00:00,50.0
4029,2013-12-13 13:30:00+00:00,50.0
4029,2013-12-13 14:00:00+00:00,50.0
4029,2013-12-13 14:30:00+00:00,0.0
4029,2013-12-13 15:00:00+00:00,0.0
4029,2013-12-13 15:30:00+00:00,0.0
4029,2013-12-13 16:00:00+00:00,0.0
4029,2013-12-13 16:30:00+00:00,0.0
4029,2013-12-13 17:00:00+00:00,0.0
4029,2013-12-13 17:30:00+00:00,0.0
4029,2013-12-13 18:00:00+00:00,0.0
4029,2013-12-13 18:30:00+00:00,0.0
4029,2013-12-13 19:00:00+00:00,0.0
4029,2013-12-13 19:30:00+00:00,0.0
4029,2013-12-13 20:00:00+00:00,0.0
4029,2013-12-13 20:30:00+00:00,0.0
4029,2013-12-13 21:00:00+00:00,0.0
4029,2013-12-13 21:30:00+00:00,0.0
4029,2013-12-13 22:00:00+00:00,0.0
4029,2013-12-13 22:30:00+00:00,0.0
4029,2013-12-13 23:00:00+00:00,0.0
4029,2013-12-13 23:30:00+00:00,0.0
4029,2013-12-14 00:00:00+00:00,0.0
4029,2013-12-14 00:30:00+00:00,0.0
4029,2013-12-14 01:00:00+00:00,0.0
4029,2013-12-14 01:30:00+00:00,0.0
4029,2013-12-14 02:00:00+00:00,0.0
4029,2013-12-14 02:30:00+00:00,0.0
4029,2013-12-14 03:00:00+00:00,0.0
4029,2013-12-14 03:30:00+00:00,0.0
4029,2013-12-14 04:00:00+00:00,0.0
4029,2013-12-14 04:30:00+00:00,0.0
4029,2013-12-14 05:00:00+00:00,0.0
4029,2013-12-14 05:30:00+00:00,0.0
4029,2013-12-14 06:00:00+00:00,0.0
4029,2013-12-14 06:30:00+00:00,0.0
4029,2013-12-14 07:00:00+00:00,0.0
4029,2013-12-14 07:30:00+00:00,0.0
4029,2013-12-14 08:00:00+00:00,0.0
4029,2013-12-14 08:30:00+00:00,47.17
4029,2013-12-14 09:00:00+00:00,50.15
4029,2013-12-14 09:30:00+00:00,197.35
4029,2013-12-14 10:00:00+00:00,300.0
4029,2013-12-14 10:30:00+00:00,297.09
4029,2013-12-14 11:00:00+00:00,447.57
4029,2013-12-14 11:30:00+00:00,697.34
4029,2013-12-14 12:00:00+00:00,702.66
4029,2013-12-14 12:30:00+00:00,458.0
4029,2013-12-14 13:00:00+00:00,344.67
4029,2013-12-14 13:30:00+00:00,105.33
4029,2013-12-14 14:00:00+00:00,52.67
4029,2013-12-14 14:30:00+00:00,100.0
4029,2013-12-14 15:00:00+00:00,0.0
4029,2013-12-14 15:30:00+00:00,0.0
4029,2013-12-14 16:00:00+00:00,0.0
4029,2013-12-14 16:30:00+00:00,0.0
4029,2013-12-14 17:00:00+00:00,0.0
4029,2013-12-14 17:30:00+00:00,0.0
4029,2013-12-14 18:00:00+00:00,0.0
4029,2013-12-14 18:30:00+00:00,0.0
4029,2013-12-14 19:00:00+00:00,0.0
4029,2013-12-14 19:30:00+00:00,0.0
4029,2013-12-14 20:00:00+00:00,0.0
4029,2013-12-14 20:30:00+00:00,0.0
4029,2013-12-14 21:00:00+00:00,0.0
4029,2013-12-14 21:30:00+00:00,0.0
4029,2013-12-14 22:00:00+00:00,0.0
4029,2013-12-14 22:30:00+00:00,0.0
4029,2013-12-14 23:00:00+00:00,0.0
4029,2013-12-14 23:30:00+00:00,0.0
4029,2013-12-15 00:00:00+00:00,0.0
4029,2013-12-15 00:30:00+00:00,0.0
4029,2013-12-15 01:00:00+00:00,0.0
4029,2013-12-15 01:30:00+00:00,0.0
4029,2013-12-15 02:00:00+00:00,0.0
4029,2013-12-15 02:30:00+00:00,0.0
4029,2013-12-15 03:00:00+00:00,0.0
4029,2013-12-15 03:30:00+00:00,0.0
4029,2013-12-15 04:00:00+00:00,0.0
4029,2013-12-15 04:30:00+00:00,0.0
4029,2013-12-15 05:00:00+00:00,0.0
4029,2013-12-15 05:30:00+00:00,0.0
4029,2013-12-15 06:00:00+00:00,0.0
4029,2013-12-15 06:30:00+00:00,0.0
4029,2013-12-15 07:00:00+00:00,0.0
4029,2013-12-15 07:30:00+00:00,0.0
4029,2013-12-15 08:00:00+00:00,0.0
4029,2013-12-15 08:30:00+00:00,47.33
4029,2013-12-15 09:00:00+00:00,2.67
4029,2013-12-15 09:30:00+00:00,0.0
4029,2013-12-15 10:00:00+00:00,50.0
4029,2013-12-15 10:30:00+00:00,0.0
4029,2013-12-15 11:00:00+00:00,50.0
4029,2013-12-15 11:30:00+00:00,0.0
4029,2013-12-15 12:00:00+00:00,50.0
4029,2013-12-15 12:30:00+00:00,0.0
4029,2013-12-15 13:00:00+00:00,50.0
4029,2013-12-15 13:30:00+00:00,0.0
4029,2013-12-15 14:00:00+00:00,47.58
4029,2013-12-15 14:30:00+00:00,2.42
4029,2013-12-15 15:00:00+00:00,0.0
4029,2013-12-15 15:30:00+00:00,0.0
4029,2013-12-15 16:00:00+00:00,0.0
4029,2013-12-15 16:30:00+00:00,0.0
4029,2013-12-15 17:00:00+00:00,0.0
4029,2013-12-15 17:30:00+00:00,0.0
4029,2013-12-15 18:00:00+00:00,0.0
4029,2013-12-15 18:30:00+00:00,0.0
4029,2013-12-15 19:00:00+00:00,0.0
4029,2013-12-15 19:30:00+00:00,0.0
4029,2013-12-15 20:00:00+00:00,0.0
4029,2013-12-15 20:30:00+00:00,0.0
4029,2013-12-15 21:00:00+00:00,0.0
4029,2013-12-15 21:30:00+00:00,0.0
4029,2013-12-15 22:00:00+00:00,0.0
4029,2013-12-15 22:30:00+00:00,0.0
4029,2013-12-15 23:00:00+00:00,0.0
4029,2013-12-15 23:30:00+00:00,0.0
4029,2013-12-16 00:00:00+00:00,0.0
4029,2013-12-16 00:30:00+00:00,0.0
4029,2013-12-16 01:00:00+00:00,0.0
4029,2013-12-16 01:30:00+00:00,0.0
4029,2013-12-16 02:00:00+00:00,0.0
4029,2013-12-16 02:30:00+00:00,0.0
4029,2013-12-16 03:00:00+00:00,0.0
4029,2013-12-16 03:30:00+00:00,0.0
4029,2013-12-16 04:00:00+00:00,0.0
4029,2013-12-16 04:30:00+00:00,0.0
4029,2013-12-16 05:00:00+00:00,0.0
4029,2013-12-16 05:30:00+00:00,0.0
4029,2013-12-16 06:00:00+00:00,0.0
4029,2013-12-16 06:30:00+00:00,0.0
4029,2013-12-16 07:00:00+00:00,0.0
4029,2013-12-16 07:30:00+00:00,0.0
4029,2013-12-16 08:00:00+00:00,0.0
4029,2013-12-16 08:30:00+00:00,0.0
4029,2013-12-16 09:00:00+00:00,0.0
4029,2013-12-16 09:30:00+00:00,0.0
4029,2013-12-16 10:00:00+00:00,0.0
4029,2013-12-16 10:30:00+00:00,0.0
4029,2013-12-16 11:00:00+00:00,0.0
4029,2013-12-16 11:30:00+00:00,50.0
4029,2013-12-16 12:00:00+00:00,0.0
4029,2013-12-16 12:30:00+00:00,0.0
4029,2013-12-16 13:00:00+00:00,0.0
4029,2013-12-16 13:30:00+00:00,0.0
4029,2013-12-16 14:00:00+00:00,0.0
4029,2013-12-16 14:30:00+00:00,0.0
4029,2013-12-16 15:00:00+00:00,0.0
4029,2013-12-16 15:30:00+00:00,0.0
4029,2013-12-16 16:00:00+00:00,0.0
4029,2013-12-16 16:30:00+00:00,0.0
4029,2013-12-16 17:00:00+00:00,0.0
4029,2013-12-16 17:30:00+00:00,0.0
4029,2013-12-16 18:00:00+00:00,0.0
4029,2013-12-16 18:30:00+00:00,0.0
4029,2013-12-16 19:00:00+00:00,0.0
4029,2013-12-16 19:30:00+00:00,0.0
4029,2013-12-16 20:00:00+00:00,0.0
4029,2013-12-16 20:30:00+00:00,0.0
4029,2013-12-16 21:00:00+00:00,0.0
4029,2013-12-16 21:30:00+00:00,0.0
4029,2013-12-16 22:00:00+00:00,0.0
4029,2013-12-16 22:30:00+00:00,0.0
4029,2013-12-16 23:00:00+00:00,0.0
4029,2013-12-16 23:30:00+00:00,0.0
4029,2013-12-17 00:00:00+00:00,0.0
4029,2013-12-17 00:30:00+00:00,0.0
4029,2013-12-17 01:00:00+00:00,0.0
4029,2013-12-17 01:30:00+00:00,0.0
4029,2013-12-17 02:00:00+00:00,0.0
4029,2013-12-17 02:30:00+00:00,0.0
4029,2013-12-17 03:00:00+00:00,0.0
4029,2013-12-17 03:30:00+00:00,0.0
4029,2013-12-17 04:00:00+00:00,0.0
4029,2013-12-17 04:30:00+00:00,0.0
4029,2013-12-17 05:00:00+00:00,0.0
4029,2013-12-17 05:30:00+00:00,0.0
4029,2013-12-17 06:00:00+00:00,0.0
4029,2013-12-17 06:30:00+00:00,0.0
4029,2013-12-17 07:00:00+00:00,0.0
4029,2013-12-17 07:30:00+00:00,0.0
4029,2013-12-17 08:00:00+00:00,0.0
4029,2013-12-17 08:30:00+00:00,0.0
4029,2013-12-17 09:00:00+00:00,0.0
4029,2013-12-17 09:30:00+00:00,50.0
4029,2013-12-17 10:00:00+00:00,0.0
4029,2013-12-17 10:30:00+00:00,48.08
4029,2013-12-17 11:00:00+00:00,50.0
4029,2013-12-17 11:30:00+00:00,101.92
4029,2013-12-17 12:00:00+00:00,100.0
4029,2013-12-17 12:30:00+00:00,98.08
4029,2013-12-17 13:00:00+00:00,51.92
4029,2013-12-17 13:30:00+00:00,50.0
4029,2013-12-17 14:00:00+00:00,50.0
4029,2013-12-17 14:30:00+00:00,50.0
4029,2013-12-17 15:00:00+00:00,0.0
4029,2013-12-17 15:30:00+00:00,0.0
4029,2013-12-17 16:00:00+00:00,0.0
4029,2013-12-17 16:30:00+00:00,0.0
4029,2013-12-17 17:00:00+00:00,0.0
4029,2013-12-17 17:30:00+00:00,0.0
4029,2013-12-17 18:00:00+00:00,0.0
4029,2013-12-17 18:30:00+00:00,0.0
4029,2013-12-17 19:00:00+00:00,0.0
4029,2013-12-17 19:30:00+00:00,0.0
4029,2013-12-17 20:00:00+00:00,0.0
4029,2013-12-17 20:30:00+00:00,0.0
4029,2013-12-17 21:00:00+00:00,0.0
4029,2013-12-17 21:30:00+00:00,0.0
4029,2013-12-17 22:00:00+00:00,0.0
4029,2013-12-17 22:30:00+00:00,0.0
4029,2013-12-17 23:00:00+00:00,0.0
4029,2013-12-17 23:30:00+00:00,0.0
4029,2013-12-18 00:00:00+00:00,0.0
4029,2013-12-18 00:30:00+00:00,0.0
4029,2013-12-18 01:00:00+00:00,0.0
4029,2013-12-18 01:30:00+00:00,0.0
4029,2013-12-18 02:00:00+00:00,0.0
4029,2013-12-18 02:30:00+00:00,0.0
4029,2013-12-18 03:00:00+00:00,0.0
4029,2013-12-18 03:30:00+00:00,0.0
4029,2013-12-18 04:00:00+00:00,0.0
4029,2013-12-18 04:30:00+00:00,0.0
4029,2013-12-18 05:00:00+00:00,0.0
4029,2013-12-18 05:30:00+00:00,0.0
4029,2013-12-18 06:00:00+00:00,0.0
4029,2013-12-18 06:30:00+00:00,0.0
4029,2013-12-18 07:00:00+00:00,0.0
4029,2013-12-18 07:30:00+00:00,0.0
4029,2013-12-18 08:00:00+00:00,0.0
4029,2013-12-18 08:30:00+00:00,0.0
4029,2013-12-18 09:00:00+00:00,0.0
4029,2013-12-18 09:30:00+00:00,148.33
4029,2013-12-18 10:00:00+00:00,51.67
4029,2013-12-18 10:30:00+00:00,124.13
4029,2013-12-18 11:00:00+00:00,172.54
4029,2013-12-18 11:30:00+00:00,250.0
4029,2013-12-18 12:00:00+00:00,396.33
4029,2013-12-18 12:30:00+00:00,355.25
4029,2013-12-18 13:00:00+00:00,251.75
4029,2013-12-18 13:30:00+00:00,50.0
4029,2013-12-18 14:00:00+00:00,61.75
4029,2013-12-18 14:30:00+00:00,38.25
4029,2013-12-18 15:00:00+00:00,0.0
4029,2013-12-18 15:30:00+00:00,0.0
4029,2013-12-18 16:00:00+00:00,0.0
4029,2013-12-18 16:30:00+00:00,0.0
4029,2013-12-18 17:00:00+00:00,0.0
4029,2013-12-18 17:30:00+00:00,0.0
4029,2013-12-18 18:00:00+00:00,0.0
4029,2013-12-18 18:30:00+00:00,0.0
4029,2013-12-18 19:00:00+00:00,0.0
4029,2013-12-18 19:30:00+00:00,0.0
4029,2013-12-18 20:00:00+00:00,0.0
4029,2013-12-18 20:30:00+00:00,0.0
4029,2013-12-18 21:00:00+00:00,0.0
4029,2013-12-18 21:30:00+00:00,0.0
4029,2013-12-18 22:00:00+00:00,0.0
4029,2013-12-18 22:30:00+00:00,0.0
4029,2013-12-18 23:00:00+00:00,0.0
4029,2013-12-18 23:30:00+00:00,0.0
4029,2013-12-19 00:00:00+00:00,0.0
4029,2013-12-19 00:30:00+00:00,0.0
4029,2013-12-19 01:00:00+00:00,0.0
4029,2013-12-19 01:30:00+00:00,0.0
4029,2013-12-19 02:00:00+00:00,0.0
4029,2013-12-19 02:30:00+00:00,0.0
4029,2013-12-19 03:00:00+00:00,0.0
4029,2013-12-19 03:30:00+00:00,0.0
4029,2013-12-19 04:00:00+00:00,0.0
4029,2013-12-19 04:30:00+00:00,0.0
4029,2013-12-19 05:00:00+00:00,0.0
4029,2013-12-19 05:30:00+00:00,0.0
4029,2013-12-19 06:00:00+00:00,0.0
4029,2013-12-19 06:30:00+00:00,0.0
4029,2013-12-19 07:00:00+00:00,0.0
4029,2013-12-19 07:30:00+00:00,0.0
4029,2013-12-19 08:00:00+00:00,0.0
4029,2013-12-19 08:30:00+00:00,0.0
4029,2013-12-19 09:00:00+00:00,50.0
4029,2013-12-19 09:30:00+00:00,112.0
4029,2013-12-19 10:00:00+00:00,200.0
4029,2013-12-19 10:30:00+00:00,262.0
4029,2013-12-19 11:00:00+00:00,474.0
4029,2013-12-19 11:30:00+00:00,512.32
4029,2013-12-19 12:00:00+00:00,811.68
4029,2013-12-19 12:30:00+00:00,838.0
4029,2013-12-19 13:00:00+00:00,476.0
4029,2013-12-19 13:30:00+00:00,450.0
4029,2013-12-19 14:00:00+00:00,350.0
4029,2013-12-19 14:30:00+00:00,226.06
4029,2013-12-19 15:00:00+00:00,87.94
4029,2013-12-19 15:30:00+00:00,50.0
4029,2013-12-19 16:00:00+00:00,0.0
4029,2013-12-19 16:30:00+00:00,0.0
4029,2013-12-19 17:00:00+00:00,0.0
4029,2013-12-19 17:30:00+00:00,0.0
4029,2013-12-19 18:00:00+00:00,0.0
4029,2013-12-19 18:30:00+00:00,0.0
4029,2013-12-19 19:00:00+00:00,0.0
4029,2013-12-19 19:30:00+00:00,0.0
4029,2013-12-19 20:00:00+00:00,0.0
4029,2013-12-19 20:30:00+00:00,0.0
4029,2013-12-19 21:00:00+00:00,0.0
4029,2013-12-19 21:30:00+00:00,0.0
4029,2013-12-19 22:00:00+00:00,0.0
4029,2013-12-19 22:30:00+00:00,0.0
4029,2013-12-19 23:00:00+00:00,0.0
4029,2013-12-19 23:30:00+00:00,0.0
4029,2013-12-20 00:00:00+00:00,0.0
4029,2013-12-20 00:30:00+00:00,0.0
4029,2013-12-20 01:00:00+00:00,0.0
4029,2013-12-20 01:30:00+00:00,0.0
4029,2013-12-20 02:00:00+00:00,0.0
4029,2013-12-20 02:30:00+00:00,0.0
4029,2013-12-20 03:00:00+00:00,0.0
4029,2013-12-20 03:30:00+00:00,0.0
4029,2013-12-20 04:00:00+00:00,0.0
4029,2013-12-20 04:30:00+00:00,0.0
4029,2013-12-20 05:00:00+00:00,0.0
4029,2013-12-20 05:30:00+00:00,0.0
4029,2013-12-20 06:00:00+00:00,0.0
4029,2013-12-20 06:30:00+00:00,0.0
4029,2013-12-20 07:00:00+00:00,0.0
4029,2013-12-20 07:30:00+00:00,0.0
4029,2013-12-20 08:00:00+00:00,0.0
4029,2013-12-20 08:30:00+00:00,0.0
4029,2013-12-20 09:00:00+00:00,12.25
4029,2013-12-20 09:30:00+00:00,212.25
4029,2013-12-20 10:00:00+00:00,250.0
4029,2013-12-20 10:30:00+00:00,250.0
4029,2013-12-20 11:00:00+00:00,486.43
4029,2013-12-20 11:30:00+00:00,762.57
4029,2013-12-20 12:00:00+00:00,800.0
4029,2013-12-20 12:30:00+00:00,837.75
4029,2013-12-20 13:00:00+00:00,575.5
4029,2013-12-20 13:30:00+00:00,399.94
4029,2013-12-20 14:00:00+00:00,287.68
4029,2013-12-20 14:30:00+00:00,150.09
4029,2013-12-20 15:00:00+00:00,137.96
4029,2013-12-20 15:30:00+00:00,37.58
4029,2013-12-20 16:00:00+00:00,0.0
4029,2013-12-20 16:30:00+00:00,0.0
4029,2013-12-20 17:00:00+00:00,0.0
4029,2013-12-20 17:30:00+00:00,0.0
4029,2013-12-20 18:00:00+00:00,0.0
4029,2013-12-20 18:30:00+00:00,0.0
4029,2013-12-20 19:00:00+00:00,0.0
4029,2013-12-20 19:30:00+00:00,0.0
4029,2013-12-20 20:00:00+00:00,0.0
4029,2013-12-20 20:30:00+00:00,0.0
4029,2013-12-20 21:00:00+00:00,0.0
4029,2013-12-20 21:30:00+00:00,0.0
4029,2013-12-20 22:00:00+00:00,0.0
4029,2013-12-20 22:30:00+00:00,0.0
4029,2013-12-20 23:00:00+00:00,0.0
4029,2013-12-20 23:30:00+00:00,0.0
4029,2013-12-21 00:00:00+00:00,0.0
4029,2013-12-21 00:30:00+00:00,0.0
4029,2013-12-21 01:00:00+00:00,0.0
4029,2013-12-21 01:30:00+00:00,0.0
4029,2013-12-21 02:00:00+00:00,0.0
4029,2013-12-21 02:30:00+00:00,0.0
4029,2013-12-21 03:00:00+00:00,0.0
4029,2013-12-21 03:30:00+00:00,0.0
4029,2013-12-21 04:00:00+00:00,0.0
4029,2013-12-21 04:30:00+00:00,0.0
4029,2013-12-21 05:00:00+00:00,0.0
4029,2013-12-21 05:30:00+00:00,0.0
4029,2013-12-21 06:00:00+00:00,0.0
4029,2013-12-21 06:30:00+00:00,0.0
4029,2013-12-21 07:00:00+00:00,0.0
4029,2013-12-21 07:30:00+00:00,0.0
4029,2013-12-21 08:00:00+00:00,0.0
4029,2013-12-21 08:30:00+00:00,0.0
4029,2013-12-21 09:00:00+00:00,0.0
4029,2013-12-21 09:30:00+00:00,0.0
4029,2013-12-21 10:00:00+00:00,12.42
4029,2013-12-21 10:30:00+00:00,37.58
4029,2013-12-21 11:00:00+00:00,12.42
4029,2013-12-21 11:30:00+00:00,37.58
4029,2013-12-21 12:00:00+00:00,12.42
4029,2013-12-21 12:30:00+00:00,37.58
4029,2013-12-21 13:00:00+00:00,0.0
4029,2013-12-21 13:30:00+00:00,0.0
4029,2013-12-21 14:00:00+00:00,0.0
4029,2013-12-21 14:30:00+00:00,0.0
4029,2013-12-21 15:00:00+00:00,0.0
4029,2013-12-21 15:30:00+00:00,0.0
4029,2013-12-21 16:00:00+00:00,0.0
4029,2013-12-21 16:30:00+00:00,0.0
4029,2013-12-21 17:00:00+00:00,0.0
4029,2013-12-21 17:30:00+00:00,0.0
4029,2013-12-21 18:00:00+00:00,0.0
4029,2013-12-21 18:30:00+00:00,0.0
4029,2013-12-21 19:00:00+00:00,0.0
4029,2013-12-21 19:30:00+00:00,0.0
4029,2013-12-21 20:00:00+00:00,0.0
4029,2013-12-21 20:30:00+00:00,0.0
4029,2013-12-21 21:00:00+00:00,0.0
4029,2013-12-21 21:30:00+00:00,0.0
4029,2013-12-21 22:00:00+00:00,0.0
4029,2013-12-21 22:30:00+00:00,0.0
4029,2013-12-21 23:00:00+00:00,0.0
4029,2013-12-21 23:30:00+00:00,0.0
4029,2013-12-22 00:00:00+00:00,0.0
4029,2013-12-22 00:30:00+00:00,0.0
4029,2013-12-22 01:00:00+00:00,0.0
4029,2013-12-22 01:30:00+00:00,0.0
4029,2013-12-22 02:00:00+00:00,0.0
4029,2013-12-22 02:30:00+00:00,0.0
4029,2013-12-22 03:00:00+00:00,0.0
4029,2013-12-22 03:30:00+00:00,0.0
4029,2013-12-22 04:00:00+00:00,0.0
4029,2013-12-22 04:30:00+00:00,0.0
4029,2013-12-22 05:00:00+00:00,0.0
4029,2013-12-22 05:30:00+00:00,0.0
4029,2013-12-22 06:00:00+00:00,0.0
4029,2013-12-22 06:30:00+00:00,0.0
4029,2013-12-22 07:00:00+00:00,0.0
4029,2013-12-22 07:30:00+00:00,0.0
4029,2013-12-22 08:00:00+00:00,0.0
4029,2013-12-22 08:30:00+00:00,0.0
4029,2013-12-22 09:00:00+00:00,0.0
4029,2013-12-22 09:30:00+00:00,12.75
4029,2013-12-22 10:00:00+00:00,37.25
4029,2013-12-22 10:30:00+00:00,50.0
4029,2013-12-22 11:00:00+00:00,62.75
4029,2013-12-22 11:30:00+00:00,463.62
4029,2013-12-22 12:00:00+00:00,849.63
4029,2013-12-22 12:30:00+00:00,686.69
4029,2013-12-22 13:00:00+00:00,100.0
4029,2013-12-22 13:30:00+00:00,425.5
4029,2013-12-22 14:00:00+00:00,437.31
4029,2013-12-22 14:30:00+00:00,187.23
4029,2013-12-22 15:00:00+00:00,100.19
4029,2013-12-22 15:30:00+00:00,37.08
4029,2013-12-22 16:00:00+00:00,0.0
4029,2013-12-22 16:30:00+00:00,0.0
4029,2013-12-22 17:00:00+00:00,0.0
4029,2013-12-22 17:30:00+00:00,0.0
4029,2013-12-22 18:00:00+00:00,0.0
4029,2013-12-22 18:30:00+00:00,0.0
4029,2013-12-22 19:00:00+00:00,0.0
4029,2013-12-22 19:30:00+00:00,0.0
4029,2013-12-22 20:00:00+00:00,0.0
4029,2013-12-22 20:30:00+00:00,0.0
4029,2013-12-22 21:00:00+00:00,0.0
4029,2013-12-22 21:30:00+00:00,0.0
4029,2013-12-22 22:00:00+00:00,0.0
4029,2013-12-22 22:30:00+00:00,0.0
4029,2013-12-22 23:00:00+00:00,0.0
4029,2013-12-22 23:30:00+00:00,0.0
4029,2013-12-23 00:00:00+00:00,0.0
4029,2013-12-23 00:30:00+00:00,0.0
4029,2013-12-23 01:00:00+00:00,0.0
4029,2013-12-23 01:30:00+00:00,0.0
4029,2013-12-23 02:00:00+00:00,0.0
4029,2013-12-23 02:30:00+00:00,0.0
4029,2013-12-23 03:00:00+00:00,0.0
4029,2013-12-23 03:30:00+00:00,0.0
4029,2013-12-23 04:00:00+00:00,0.0
4029,2013-12-23 04:30:00+00:00,0.0
4029,2013-12-23 05:00:00+00:00,0.0
4029,2013-12-23 05:30:00+00:00,0.0
4029,2013-12-23 06:00:00+00:00,0.0
4029,2013-12-23 06:30:00+00:00,0.0
4029,2013-12-23 07:00:00+00:00,0.0
4029,2013-12-23 07:30:00+00:00,0.0
4029,2013-12-23 08:00:00+00:00,0.0
4029,2013-12-23 08:30:00+00:00,0.0
4029,2013-12-23 09:00:00+00:00,0.0
4029,2013-12-23 09:30:00+00:00,0.0
4029,2013-12-23 10:00:00+00:00,0.0
4029,2013-12-23 10:30:00+00:00,0.0
4029,2013-12-23 11:00:00+00:00,50.0
4029,2013-12-23 11:30:00+00:00,0.0
4029,2013-12-23 12:00:00+00:00,50.0
4029,2013-12-23 12:30:00+00:00,0.0
4029,2013-12-23 13:00:00+00:00,0.0
4029,2013-12-23 13:30:00+00:00,50.0
4029,2013-12-23 14:00:00+00:00,0.0
4029,2013-12-23 14:30:00+00:00,0.0
4029,2013-12-23 15:00:00+00:00,0.0
4029,2013-12-23 15:30:00+00:00,0.0
4029,2013-12-23 16:00:00+00:00,0.0
4029,2013-12-23 16:30:00+00:00,0.0
4029,2013-12-23 17:00:00+00:00,0.0
4029,2013-12-23 17:30:00+00:00,0.0
4029,2013-12-23 18:00:00+00:00,0.0
4029,2013-12-23 18:30:00+00:00,0.0
4029,2013-12-23 19:00:00+00:00,0.0
4029,2013-12-23 19:30:00+00:00,0.0
4029,2013-12-23 20:00:00+00:00,0.0
4029,2013-12-23 20:30:00+00:00,0.0
4029,2013-12-23 21:00:00+00:00,0.0
4029,2013-12-23 21:30:00+00:00,0.0
4029,2013-12-23 22:00:00+00:00,0.0
4029,2013-12-23 22:30:00+00:00,0.0
4029,2013-12-23 23:00:00+00:00,0.0
4029,2013-12-23 23:30:00+00:00,0.0
4029,2013-12-24 00:00:00+00:00,0.0
4029,2013-12-24 00:30:00+00:00,0.0
4029,2013-12-24 01:00:00+00:00,0.0
4029,2013-12-24 01:30:00+00:00,0.0
4029,2013-12-24 04:00:00+00:00,0.0
4029,2013-12-24 04:30:00+00:00,0.0
4029,2013-12-24 05:00:00+00:00,0.0
4029,2013-12-24 05:30:00+00:00,0.0
4029,2013-12-24 06:00:00+00:00,0.0
4029,2013-12-24 06:30:00+00:00,0.0
4029,2013-12-24 07:00:00+00:00,0.0
4029,2013-12-24 07:30:00+00:00,0.0
4029,2013-12-24 08:00:00+00:00,0.0
4029,2013-12-24 08:30:00+00:00,0.0
4029,2013-12-24 09:00:00+00:00,0.0
4029,2013-12-24 09:30:00+00:00,0.0
4029,2013-12-24 10:00:00+00:00,0.0
4029,2013-12-24 10:30:00+00:00,18.83
4029,2013-12-24 11:00:00+00:00,31.17
4029,2013-12-24 11:30:00+00:00,50.0
4029,2013-12-24 12:00:00+00:00,68.83
4029,2013-12-24 12:30:00+00:00,81.17
4029,2013-12-24 13:00:00+00:00,68.83
4029,2013-12-24 13:30:00+00:00,150.0
4029,2013-12-24 14:00:00+00:00,100.0
4029,2013-12-24 14:30:00+00:00,31.17
4029,2013-12-24 15:00:00+00:00,50.0
4029,2013-12-24 15:30:00+00:00,18.83
4029,2013-12-24 16:00:00+00:00,31.17
4029,2013-12-24 16:30:00+00:00,0.0
4029,2013-12-24 17:00:00+00:00,0.0
4029,2013-12-24 17:30:00+00:00,0.0
4029,2013-12-24 18:00:00+00:00,0.0
4029,2013-12-24 18:30:00+00:00,0.0
4029,2013-12-24 19:00:00+00:00,0.0
4029,2013-12-24 19:30:00+00:00,0.0
4029,2013-12-24 20:00:00+00:00,0.0
4029,2013-12-24 20:30:00+00:00,0.0
4029,2013-12-24 21:00:00+00:00,0.0
4029,2013-12-24 21:30:00+00:00,0.0
4029,2013-12-24 22:00:00+00:00,0.0
4029,2013-12-24 22:30:00+00:00,0.0
4029,2013-12-24 23:00:00+00:00,0.0
4029,2013-12-24 23:30:00+00:00,0.0
4029,2013-12-25 00:00:00+00:00,0.0
4029,2013-12-25 00:30:00+00:00,0.0
4029,2013-12-25 01:00:00+00:00,0.0
4029,2013-12-25 01:30:00+00:00,0.0
4029,2013-12-25 02:00:00+00:00,0.0
4029,2013-12-25 02:30:00+00:00,0.0
4029,2013-12-25 03:00:00+00:00,0.0
4029,2013-12-25 03:30:00+00:00,0.0
4029,2013-12-25 04:00:00+00:00,0.0
4029,2013-12-25 04:30:00+00:00,0.0
4029,2013-12-25 05:00:00+00:00,0.0
4029,2013-12-25 05:30:00+00:00,0.0
4029,2013-12-25 06:00:00+00:00,0.0
4029,2013-12-25 06:30:00+00:00,0.0
4029,2013-12-25 07:00:00+00:00,0.0
4029,2013-12-25 07:30:00+00:00,0.0
4029,2013-12-25 08:00:00+00:00,0.0
4029,2013-12-25 08:30:00+00:00,0.0
4029,2013-12-25 09:00:00+00:00,0.0
4029,2013-12-25 09:30:00+00:00,50.0
4029,2013-12-25 10:00:00+00:00,87.67
4029,2013-12-25 10:30:00+00:00,300.39
4029,2013-12-25 11:00:00+00:00,280.99
4029,2013-12-25 11:30:00+00:00,80.95
4029,2013-12-25 12:00:00+00:00,245.42
4029,2013-12-25 12:30:00+00:00,792.64
4029,2013-12-25 13:00:00+00:00,350.0
4029,2013-12-25 13:30:00+00:00,280.99
4029,2013-12-25 14:00:00+00:00,99.58
4029,2013-12-25 14:30:00+00:00,200.42
4029,2013-12-25 15:00:00+00:00,130.95
4029,2013-12-25 15:30:00+00:00,50.0
4029,2013-12-25 16:00:00+00:00,0.0
4029,2013-12-25 16:30:00+00:00,0.0
4029,2013-12-25 17:00:00+00:00,0.0
4029,2013-12-25 17:30:00+00:00,0.0
4029,2013-12-25 18:00:00+00:00,0.0
4029,2013-12-25 18:30:00+00:00,0.0
4029,2013-12-25 19:00:00+00:00,0.0
4029,2013-12-25 19:30:00+00:00,0.0
4029,2013-12-25 20:00:00+00:00,0.0
4029,2013-12-25 20:30:00+00:00,0.0
4029,2013-12-25 21:00:00+00:00,0.0
4029,2013-12-25 21:30:00+00:00,0.0
4029,2013-12-25 22:00:00+00:00,0.0
4029,2013-12-25 22:30:00+00:00,0.0
4029,2013-12-25 23:00:00+00:00,0.0
4029,2013-12-25 23:30:00+00:00,0.0
4029,2013-12-26 00:00:00+00:00,0.0
4029,2013-12-26 00:30:00+00:00,0.0
4029,2013-12-26 01:00:00+00:00,0.0
4029,2013-12-26 01:30:00+00:00,0.0
4029,2013-12-26 02:00:00+00:00,0.0
4029,2013-12-26 02:30:00+00:00,0.0
4029,2013-12-26 03:00:00+00:00,0.0
4029,2013-12-26 03:30:00+00:00,0.0
4029,2013-12-26 04:00:00+00:00,0.0
4029,2013-12-26 04:30:00+00:00,0.0
4029,2013-12-26 05:00:00+00:00,0.0
4029,2013-12-26 05:30:00+00:00,0.0
4029,2013-12-26 06:00:00+00:00,0.0
4029,2013-12-26 06:30:00+00:00,0.0
4029,2013-12-26 07:00:00+00:00,0.0
4029,2013-12-26 07:30:00+00:00,0.0
4029,2013-12-26 08:00:00+00:00,0.0
4029,2013-12-26 08:30:00+00:00,0.0
4029,2013-12-26 09:00:00+00:00,19.17
4029,2013-12-26 09:30:00+00:00,80.83
4029,2013-12-26 10:00:00+00:00,69.08
4029,2013-12-26 10:30:00+00:00,269.42
4029,2013-12-26 11:00:00+00:00,457.75
4029,2013-12-26 11:30:00+00:00,769.25
4029,2013-12-26 12:00:00+00:00,850.0
4029,2013-12-26 12:30:00+00:00,900.0
4029,2013-12-26 13:00:00+00:00,611.5
4029,2013-12-26 13:30:00+00:00,461.5
4029,2013-12-26 14:00:00+00:00,380.75
4029,2013-12-26 14:30:00+00:00,250.0
4029,2013-12-26 15:00:00+00:00,80.75
4029,2013-12-26 15:30:00+00:00,0.0
4029,2013-12-26 16:00:00+00:00,0.0
4029,2013-12-26 16:30:00+00:00,0.0
4029,2013-12-26 17:00:00+00:00,0.0
4029,2013-12-26 17:30:00+00:00,0.0
4029,2013-12-26 18:00:00+00:00,0.0
4029,2013-12-26 18:30:00+00:00,0.0
4029,2013-12-26 19:00:00+00:00,0.0
4029,2013-12-26 19:30:00+00:00,0.0
4029,2013-12-26 20:00:00+00:00,0.0
4029,2013-12-26 20:30:00+00:00,0.0
4029,2013-12-26 21:00:00+00:00,0.0
4029,2013-12-26 21:30:00+00:00,0.0
4029,2013-12-26 22:00:00+00:00,0.0
4029,2013-12-26 22:30:00+00:00,0.0
4029,2013-12-26 23:00:00+00:00,0.0
4029,2013-12-26 23:30:00+00:00,0.0
4029,2013-12-27 00:00:00+00:00,0.0
4029,2013-12-27 00:30:00+00:00,0.0
4029,2013-12-27 01:00:00+00:00,0.0
4029,2013-12-27 01:30:00+00:00,0.0
4029,2013-12-27 02:00:00+00:00,0.0
4029,2013-12-27 02:30:00+00:00,0.0
4029,2013-12-27 03:00:00+00:00,0.0
4029,2013-12-27 03:30:00+00:00,0.0
4029,2013-12-27 04:00:00+00:00,0.0
4029,2013-12-27 04:30:00+00:00,0.0
4029,2013-12-27 05:00:00+00:00,0.0
4029,2013-12-27 05:30:00+00:00,0.0
4029,2013-12-27 06:00:00+00:00,0.0
4029,2013-12-27 06:30:00+00:00,0.0
4029,2013-12-27 07:00:00+00:00,0.0
4029,2013-12-27 07:30:00+00:00,0.0
4029,2013-12-27 08:00:00+00:00,0.0
4029,2013-12-27 08:30:00+00:00,0.0
4029,2013-12-27 09:00:00+00:00,0.0
4029,2013-12-27 09:30:00+00:00,0.0
4029,2013-12-27 10:00:00+00:00,0.0
4029,2013-12-27 10:30:00+00:00,50.0
4029,2013-12-27 11:00:00+00:00,0.0
4029,2013-12-27 11:30:00+00:00,50.0
4029,2013-12-27 12:00:00+00:00,50.0
4029,2013-12-27 12:30:00+00:00,50.0
4029,2013-12-27 13:00:00+00:00,50.0
4029,2013-12-27 13:30:00+00:00,19.58
4029,2013-12-27 14:00:00+00:00,30.42
4029,2013-12-27 14:30:00+00:00,0.0
4029,2013-12-27 15:00:00+00:00,50.0
4029,2013-12-27 15:30:00+00:00,0.0
4029,2013-12-27 16:00:00+00:00,0.0
4029,2013-12-27 16:30:00+00:00,0.0
4029,2013-12-27 17:00:00+00:00,0.0
4029,2013-12-27 17:30:00+00:00,0.0
4029,2013-12-27 18:00:00+00:00,0.0
4029,2013-12-27 18:30:00+00:00,0.0
4029,2013-12-27 19:00:00+00:00,0.0
4029,2013-12-27 19:30:00+00:00,0.0
4029,2013-12-27 20:00:00+00:00,0.0
4029,2013-12-27 20:30:00+00:00,0.0
4029,2013-12-27 21:00:00+00:00,0.0
4029,2013-12-27 21:30:00+00:00,0.0
4029,2013-12-27 22:00:00+00:00,0.0
4029,2013-12-27 22:30:00+00:00,0.0
4029,2013-12-27 23:00:00+00:00,0.0
4029,2013-12-27 23:30:00+00:00,0.0
4029,2013-12-28 00:00:00+00:00,0.0
4029,2013-12-28 00:30:00+00:00,0.0
4029,2013-12-28 01:00:00+00:00,0.0
4029,2013-12-28 01:30:00+00:00,0.0
4029,2013-12-28 02:00:00+00:00,0.0
4029,2013-12-28 02:30:00+00:00,0.0
4029,2013-12-28 03:00:00+00:00,0.0
4029,2013-12-28 03:30:00+00:00,0.0
4029,2013-12-28 04:00:00+00:00,0.0
4029,2013-12-28 04:30:00+00:00,0.0
4029,2013-12-28 05:00:00+00:00,0.0
4029,2013-12-28 05:30:00+00:00,0.0
4029,2013-12-28 06:00:00+00:00,0.0
4029,2013-12-28 06:30:00+00:00,0.0
4029,2013-12-28 07:00:00+00:00,0.0
4029,2013-12-28 07:30:00+00:00,0.0
4029,2013-12-28 08:00:00+00:00,0.0
4029,2013-12-28 08:30:00+00:00,0.0
4029,2013-12-28 09:00:00+00:00,0.0
4029,2013-12-28 09:30:00+00:00,0.0
4029,2013-12-28 10:00:00+00:00,100.0
4029,2013-12-28 10:30:00+00:00,169.83
4029,2013-12-28 11:00:00+00:00,259.37
4029,2013-12-28 11:30:00+00:00,750.13
4029,2013-12-28 12:00:00+00:00,769.84
4029,2013-12-28 12:30:00+00:00,800.0
4029,2013-12-28 13:00:00+00:00,560.18
4029,2013-12-28 13:30:00+00:00,380.22
4029,2013-12-28 14:00:00+00:00,369.93
4029,2013-12-28 14:30:00+00:00,190.5
4029,2013-12-28 15:00:00+00:00,69.83
4029,2013-12-28 15:30:00+00:00,30.17
4029,2013-12-28 16:00:00+00:00,0.0
4029,2013-12-28 16:30:00+00:00,0.0
4029,2013-12-28 17:00:00+00:00,0.0
4029,2013-12-28 17:30:00+00:00,0.0
4029,2013-12-28 18:00:00+00:00,0.0
4029,2013-12-28 18:30:00+00:00,0.0
4029,2013-12-28 19:00:00+00:00,0.0
4029,2013-12-28 19:30:00+00:00,0.0
4029,2013-12-28 20:00:00+00:00,0.0
4029,2013-12-28 20:30:00+00:00,0.0
4029,2013-12-28 21:00:00+00:00,0.0
4029,2013-12-28 21:30:00+00:00,0.0
4029,2013-12-28 22:00:00+00:00,0.0
4029,2013-12-28 22:30:00+00:00,0.0
4029,2013-12-28 23:00:00+00:00,0.0
4029,2013-12-28 23:30:00+00:00,0.0
4029,2013-12-29 00:00:00+00:00,0.0
4029,2013-12-29 00:30:00+00:00,0.0
4029,2013-12-29 01:00:00+00:00,0.0
4029,2013-12-29 01:30:00+00:00,0.0
4029,2013-12-29 02:00:00+00:00,0.0
4029,2013-12-29 02:30:00+00:00,0.0
4029,2013-12-29 03:00:00+00:00,0.0
4029,2013-12-29 03:30:00+00:00,0.0
4029,2013-12-29 04:00:00+00:00,0.0
4029,2013-12-29 04:30:00+00:00,0.0
4029,2013-12-29 05:00:00+00:00,0.0
4029,2013-12-29 05:30:00+00:00,0.0
4029,2013-12-29 06:00:00+00:00,0.0
4029,2013-12-29 06:30:00+00:00,0.0
4029,2013-12-29 07:00:00+00:00,0.0
4029,2013-12-29 07:30:00+00:00,0.0
4029,2013-12-29 08:00:00+00:00,0.0
4029,2013-12-29 08:30:00+00:00,0.0
4029,2013-12-29 09:00:00+00:00,20.08
4029,2013-12-29 09:30:00+00:00,190.17
4029,2013-12-29 10:00:00+00:00,279.92
4029,2013-12-29 10:30:00+00:00,229.71
4029,2013-12-29 11:00:00+00:00,410.12
4029,2013-12-29 11:30:00+00:00,740.5
4029,2013-12-29 12:00:00+00:00,850.0
4029,2013-12-29 12:30:00+00:00,850.0
4029,2013-12-29 13:00:00+00:00,589.75
4029,2013-12-29 13:30:00+00:00,449.9
4029,2013-12-29 14:00:00+00:00,400.0
4029,2013-12-29 14:30:00+00:00,279.92
4029,2013-12-29 15:00:00+00:00,109.93
4029,2013-12-29 15:30:00+00:00,50.0
4029,2013-12-29 16:00:00+00:00,0.0
4029,2013-12-29 16:30:00+00:00,0.0
4029,2013-12-29 17:00:00+00:00,0.0
4029,2013-12-29 17:30:00+00:00,0.0
4029,2013-12-29 18:00:00+00:00,0.0
4029,2013-12-29 18:30:00+00:00,0.0
4029,2013-12-29 19:00:00+00:00,0.0
4029,2013-12-29 19:30:00+00:00,0.0
4029,2013-12-29 20:00:00+00:00,0.0
4029,2013-12-29 20:30:00+00:00,0.0
4029,2013-12-29 21:00:00+00:00,0.0
4029,2013-12-29 21:30:00+00:00,0.0
4029,2013-12-29 22:00:00+00:00,0.0
4029,2013-12-29 22:30:00+00:00,0.0
4029,2013-12-29 23:00:00+00:00,0.0
4029,2013-12-29 23:30:00+00:00,0.0
4029,2013-12-30 00:00:00+00:00,0.0
4029,2013-12-30 00:30:00+00:00,0.0
4029,2013-12-30 01:00:00+00:00,0.0
4029,2013-12-30 01:30:00+00:00,0.0
4029,2013-12-30 02:00:00+00:00,0.0
4029,2013-12-30 02:30:00+00:00,0.0
4029,2013-12-30 03:00:00+00:00,0.0
4029,2013-12-30 03:30:00+00:00,0.0
4029,2013-12-30 04:00:00+00:00,0.0
4029,2013-12-30 04:30:00+00:00,0.0
4029,2013-12-30 05:00:00+00:00,0.0
4029,2013-12-30 05:30:00+00:00,0.0
4029,2013-12-30 06:00:00+00:00,0.0
4029,2013-12-30 06:30:00+00:00,0.0
4029,2013-12-30 07:00:00+00:00,0.0
4029,2013-12-30 07:30:00+00:00,0.0
4029,2013-12-30 08:00:00+00:00,0.0
4029,2013-12-30 08:30:00+00:00,0.0
4029,2013-12-30 09:00:00+00:00,0.0
4029,2013-12-30 09:30:00+00:00,0.0
4029,2013-12-30 10:00:00+00:00,0.0
4029,2013-12-30 10:30:00+00:00,0.0
4029,2013-12-30 11:00:00+00:00,0.0
4029,2013-12-30 11:30:00+00:00,50.0
4029,2013-12-30 12:00:00+00:00,0.0
4029,2013-12-30 12:30:00+00:00,0.0
4029,2013-12-30 13:00:00+00:00,0.0
4029,2013-12-30 13:30:00+00:00,20.25
4029,2013-12-30 14:00:00+00:00,150.0
4029,2013-12-30 14:30:00+00:00,150.0
4029,2013-12-30 15:00:00+00:00,79.75
4029,2013-12-30 15:30:00+00:00,50.0
4029,2013-12-30 16:00:00+00:00,0.0
4029,2013-12-30 16:30:00+00:00,0.0
4029,2013-12-30 17:00:00+00:00,0.0
4029,2013-12-30 17:30:00+00:00,0.0
4029,2013-12-30 18:00:00+00:00,0.0
4029,2013-12-30 18:30:00+00:00,0.0
4029,2013-12-30 19:00:00+00:00,0.0
4029,2013-12-30 19:30:00+00:00,0.0
4029,2013-12-30 20:00:00+00:00,0.0
4029,2013-12-30 20:30:00+00:00,0.0
4029,2013-12-30 21:00:00+00:00,0.0
4029,2013-12-30 21:30:00+00:00,0.0
4029,2013-12-30 22:00:00+00:00,0.0
4029,2013-12-30 22:30:00+00:00,0.0
4029,2013-12-30 23:00:00+00:00,0.0
4029,2013-12-30 23:30:00+00:00,0.0
4029,2013-12-31 00:00:00+00:00,0.0
4029,2013-12-31 00:30:00+00:00,0.0
4029,2013-12-31 01:00:00+00:00,0.0
4029,2013-12-31 01:30:00+00:00,0.0
4029,2013-12-31 02:00:00+00:00,0.0
4029,2013-12-31 02:30:00+00:00,0.0
4029,2013-12-31 03:00:00+00:00,0.0
4029,2013-12-31 03:30:00+00:00,0.0
4029,2013-12-31 04:00:00+00:00,0.0
4029,2013-12-31 04:30:00+00:00,0.0
4029,2013-12-31 05:00:00+00:00,0.0
4029,2013-12-31 05:30:00+00:00,0.0
4029,2013-12-31 06:00:00+00:00,0.0
4029,2013-12-31 06:30:00+00:00,0.0
4029,2013-12-31 07:00:00+00:00,0.0
4029,2013-12-31 07:30:00+00:00,0.0
4029,2013-12-31 08:00:00+00:00,0.0
4029,2013-12-31 08:30:00+00:00,0.0
4029,2013-12-31 09:00:00+00:00,0.0
4029,2013-12-31 09:30:00+00:00,0.0
4029,2013-12-31 10:00:00+00:00,0.0
4029,2013-12-31 10:30:00+00:00,20.58
4029,2013-12-31 11:00:00+00:00,49.97
4029,2013-12-31 11:30:00+00:00,79.45
4029,2013-12-31 12:00:00+00:00,70.55
4029,2013-12-31 12:30:00+00:00,29.45
4029,2013-12-31 13:00:00+00:00,50.0
4029,2013-12-31 13:30:00+00:00,0.0
4029,2013-12-31 14:00:00+00:00,0.0
4029,2013-12-31 14:30:00+00:00,0.0
4029,2013-12-31 15:00:00+00:00,0.0
4029,2013-12-31 15:30:00+00:00,0.0
4029,2013-12-31 16:00:00+00:00,0.0
4029,2013-12-31 16:30:00+00:00,0.0
4029,2013-12-31 17:00:00+00:00,0.0
4029,2013-12-31 17:30:00+00:00,0.0
4029,2013-12-31 18:00:00+00:00,0.0
4029,2013-12-31 18:30:00+00:00,0.0
4029,2013-12-31 19:00:00+00:00,0.0
4029,2013-12-31 19:30:00+00:00,0.0
4029,2013-12-31 20:00:00+00:00,0.0
4029,2013-12-31 20:30:00+00:00,0.0
4029,2013-12-31 21:00:00+00:00,0.0
4029,2013-12-31 21:30:00+00:00,0.0
4029,2013-12-31 22:00:00+00:00,0.0
4029,2013-12-31 22:30:00+00:00,0.0
4029,2013-12-31 23:00:00+00:00,0.0
4029,2013-12-31 23:30:00+00:00,0.0
