ss_id,datetime_GMT,generation_Wh
5286,2013-01-01 00:30:00+00:00,0.0
5286,2013-01-01 01:00:00+00:00,0.0
5286,2013-01-01 01:30:00+00:00,0.0
5286,2013-01-01 02:00:00+00:00,0.0
5286,2013-01-01 02:30:00+00:00,0.0
5286,2013-01-01 03:00:00+00:00,0.0
5286,2013-01-01 03:30:00+00:00,0.0
5286,2013-01-01 04:00:00+00:00,0.0
5286,2013-01-01 04:30:00+00:00,0.0
5286,2013-01-01 05:00:00+00:00,0.0
5286,2013-01-01 05:30:00+00:00,0.0
5286,2013-01-01 06:00:00+00:00,0.0
5286,2013-01-01 06:30:00+00:00,0.0
5286,2013-01-01 07:00:00+00:00,0.0
5286,2013-01-01 07:30:00+00:00,0.0
5286,2013-01-01 08:00:00+00:00,0.0
5286,2013-01-01 08:30:00+00:00,6.75
5286,2013-01-01 09:00:00+00:00,176.34
5286,2013-01-01 09:30:00+00:00,397.31
5286,2013-01-01 10:00:00+00:00,534.7
5286,2013-01-01 10:30:00+00:00,660.55
5286,2013-01-01 11:00:00+00:00,721.45
5286,2013-01-01 11:30:00+00:00,748.05
5286,2013-01-01 12:00:00+00:00,757.9
5286,2013-01-01 12:30:00+00:00,737.5
5286,2013-01-01 13:00:00+00:00,691.8
5286,2013-01-01 13:30:00+00:00,634.1
5286,2013-01-01 14:00:00+00:00,513.15
5286,2013-01-01 14:30:00+00:00,280.18
5286,2013-01-01 15:00:00+00:00,98.81
5286,2013-01-01 15:30:00+00:00,21.49
5286,2013-01-01 16:00:00+00:00,0.8
5286,2013-01-01 16:30:00+00:00,0.01
5286,2013-01-01 17:00:00+00:00,0.0
5286,2013-01-01 17:30:00+00:00,0.0
5286,2013-01-01 18:00:00+00:00,0.0
5286,2013-01-01 18:30:00+00:00,0.0
5286,2013-01-01 19:00:00+00:00,0.0
5286,2013-01-01 19:30:00+00:00,0.0
5286,2013-01-01 20:00:00+00:00,0.0
5286,2013-01-01 20:30:00+00:00,0.0
5286,2013-01-01 21:00:00+00:00,0.0
5286,2013-01-01 21:30:00+00:00,0.0
5286,2013-01-01 22:00:00+00:00,0.0
5286,2013-01-01 22:30:00+00:00,0.0
5286,2013-01-01 23:00:00+00:00,0.0
5286,2013-01-01 23:30:00+00:00,0.0
5286,2013-01-02 00:00:00+00:00,0.0
5286,2013-01-02 00:30:00+00:00,0.0
5286,2013-01-02 01:00:00+00:00,0.0
5286,2013-01-02 01:30:00+00:00,0.0
5286,2013-01-02 02:00:00+00:00,0.0
5286,2013-01-02 02:30:00+00:00,0.0
5286,2013-01-02 03:00:00+00:00,0.0
5286,2013-01-02 03:30:00+00:00,0.0
5286,2013-01-02 04:00:00+00:00,0.0
5286,2013-01-02 04:30:00+00:00,0.0
5286,2013-01-02 05:00:00+00:00,0.0
5286,2013-01-02 05:30:00+00:00,0.0
5286,2013-01-02 06:00:00+00:00,0.0
5286,2013-01-02 06:30:00+00:00,0.0
5286,2013-01-02 07:00:00+00:00,0.0
5286,2013-01-02 07:30:00+00:00,0.0
5286,2013-01-02 08:00:00+00:00,0.0
5286,2013-01-02 08:30:00+00:00,0.52
5286,2013-01-02 09:00:00+00:00,14.71
5286,2013-01-02 09:30:00+00:00,14.22
5286,2013-01-02 10:00:00+00:00,14.37
5286,2013-01-02 10:30:00+00:00,23.16
5286,2013-01-02 11:00:00+00:00,34.26
5286,2013-01-02 11:30:00+00:00,33.12
5286,2013-01-02 12:00:00+00:00,46.57
5286,2013-01-02 12:30:00+00:00,36.53
5286,2013-01-02 13:00:00+00:00,34.6
5286,2013-01-02 13:30:00+00:00,49.31
5286,2013-01-02 14:00:00+00:00,27.42
5286,2013-01-02 14:30:00+00:00,27.21
5286,2013-01-02 15:00:00+00:00,2.76
5286,2013-01-02 15:30:00+00:00,0.01
5286,2013-01-02 16:00:00+00:00,0.0
5286,2013-01-02 16:30:00+00:00,0.01
5286,2013-01-02 17:00:00+00:00,0.0
5286,2013-01-02 17:30:00+00:00,0.0
5286,2013-01-02 18:00:00+00:00,0.0
5286,2013-01-02 18:30:00+00:00,0.0
5286,2013-01-02 19:00:00+00:00,0.0
5286,2013-01-02 19:30:00+00:00,0.0
5286,2013-01-02 20:00:00+00:00,0.0
5286,2013-01-02 20:30:00+00:00,0.0
5286,2013-01-02 21:00:00+00:00,0.0
5286,2013-01-02 21:30:00+00:00,0.0
5286,2013-01-02 22:00:00+00:00,0.0
5286,2013-01-02 22:30:00+00:00,0.0
5286,2013-01-02 23:00:00+00:00,0.0
5286,2013-01-02 23:30:00+00:00,0.0
5286,2013-01-03 00:00:00+00:00,0.0
5286,2013-01-03 00:30:00+00:00,0.0
5286,2013-01-03 01:00:00+00:00,0.0
5286,2013-01-03 01:30:00+00:00,0.0
5286,2013-01-03 02:00:00+00:00,0.0
5286,2013-01-03 02:30:00+00:00,0.0
5286,2013-01-03 03:00:00+00:00,0.0
5286,2013-01-03 03:30:00+00:00,0.0
5286,2013-01-03 04:00:00+00:00,0.0
5286,2013-01-03 04:30:00+00:00,0.0
5286,2013-01-03 05:00:00+00:00,0.0
5286,2013-01-03 05:30:00+00:00,0.0
5286,2013-01-03 06:00:00+00:00,0.0
5286,2013-01-03 06:30:00+00:00,0.0
5286,2013-01-03 07:00:00+00:00,0.0
5286,2013-01-03 07:30:00+00:00,0.0
5286,2013-01-03 08:00:00+00:00,0.0
5286,2013-01-03 08:30:00+00:00,1.55
5286,2013-01-03 09:00:00+00:00,39.3
5286,2013-01-03 09:30:00+00:00,25.63
5286,2013-01-03 10:00:00+00:00,57.97
5286,2013-01-03 10:30:00+00:00,78.14
5286,2013-01-03 11:00:00+00:00,91.19
5286,2013-01-03 11:30:00+00:00,140.68
5286,2013-01-03 12:00:00+00:00,149.02
5286,2013-01-03 12:30:00+00:00,163.68
5286,2013-01-03 13:00:00+00:00,161.71
5286,2013-01-03 13:30:00+00:00,101.72
5286,2013-01-03 14:00:00+00:00,121.66
5286,2013-01-03 14:30:00+00:00,76.03
5286,2013-01-03 15:00:00+00:00,38.52
5286,2013-01-03 15:30:00+00:00,12.68
5286,2013-01-03 16:00:00+00:00,0.85
5286,2013-01-03 16:30:00+00:00,0.01
5286,2013-01-03 17:00:00+00:00,0.0
5286,2013-01-03 17:30:00+00:00,0.0
5286,2013-01-03 18:00:00+00:00,0.0
5286,2013-01-03 18:30:00+00:00,0.0
5286,2013-01-03 19:00:00+00:00,0.0
5286,2013-01-03 19:30:00+00:00,0.0
5286,2013-01-03 20:00:00+00:00,0.0
5286,2013-01-03 20:30:00+00:00,0.0
5286,2013-01-03 21:00:00+00:00,0.0
5286,2013-01-03 21:30:00+00:00,0.0
5286,2013-01-03 22:00:00+00:00,0.0
5286,2013-01-03 22:30:00+00:00,0.0
5286,2013-01-03 23:00:00+00:00,0.0
5286,2013-01-03 23:30:00+00:00,0.0
5286,2013-01-04 00:00:00+00:00,0.0
5286,2013-01-04 00:30:00+00:00,0.0
5286,2013-01-04 01:00:00+00:00,0.0
5286,2013-01-04 01:30:00+00:00,0.0
5286,2013-01-04 02:00:00+00:00,0.0
5286,2013-01-04 02:30:00+00:00,0.0
5286,2013-01-04 03:00:00+00:00,0.0
5286,2013-01-04 03:30:00+00:00,0.0
5286,2013-01-04 04:00:00+00:00,0.0
5286,2013-01-04 04:30:00+00:00,0.0
5286,2013-01-04 05:00:00+00:00,0.0
5286,2013-01-04 05:30:00+00:00,0.0
5286,2013-01-04 06:00:00+00:00,0.0
5286,2013-01-04 06:30:00+00:00,0.0
5286,2013-01-04 07:00:00+00:00,0.0
5286,2013-01-04 07:30:00+00:00,0.0
5286,2013-01-04 08:00:00+00:00,0.0
5286,2013-01-04 08:30:00+00:00,0.0
5286,2013-01-04 09:00:00+00:00,0.02
5286,2013-01-04 09:30:00+00:00,6.73
5286,2013-01-04 10:00:00+00:00,26.85
5286,2013-01-04 10:30:00+00:00,44.09
5286,2013-01-04 11:00:00+00:00,38.54
5286,2013-01-04 11:30:00+00:00,48.77
5286,2013-01-04 12:00:00+00:00,98.37
5286,2013-01-04 12:30:00+00:00,302.53
5286,2013-01-04 13:00:00+00:00,143.96
5286,2013-01-04 13:30:00+00:00,106.16
5286,2013-01-04 14:00:00+00:00,126.33
5286,2013-01-04 14:30:00+00:00,77.03
5286,2013-01-04 15:00:00+00:00,40.81
5286,2013-01-04 15:30:00+00:00,9.02
5286,2013-01-04 16:00:00+00:00,0.01
5286,2013-01-04 16:30:00+00:00,0.01
5286,2013-01-04 17:00:00+00:00,0.0
5286,2013-01-04 17:30:00+00:00,0.0
5286,2013-01-04 18:00:00+00:00,0.0
5286,2013-01-04 18:30:00+00:00,0.0
5286,2013-01-04 19:00:00+00:00,0.0
5286,2013-01-04 19:30:00+00:00,0.0
5286,2013-01-04 20:00:00+00:00,0.0
5286,2013-01-04 20:30:00+00:00,0.0
5286,2013-01-04 21:00:00+00:00,0.0
5286,2013-01-04 21:30:00+00:00,0.0
5286,2013-01-04 22:00:00+00:00,0.0
5286,2013-01-04 22:30:00+00:00,0.0
5286,2013-01-04 23:00:00+00:00,0.0
5286,2013-01-04 23:30:00+00:00,0.0
5286,2013-01-05 00:00:00+00:00,0.0
5286,2013-01-05 00:30:00+00:00,0.0
5286,2013-01-05 01:00:00+00:00,0.0
5286,2013-01-05 01:30:00+00:00,0.0
5286,2013-01-05 02:00:00+00:00,0.0
5286,2013-01-05 02:30:00+00:00,0.0
5286,2013-01-05 03:00:00+00:00,0.0
5286,2013-01-05 03:30:00+00:00,0.0
5286,2013-01-05 04:00:00+00:00,0.0
5286,2013-01-05 04:30:00+00:00,0.0
5286,2013-01-05 05:00:00+00:00,0.0
5286,2013-01-05 05:30:00+00:00,0.0
5286,2013-01-05 06:00:00+00:00,0.0
5286,2013-01-05 06:30:00+00:00,0.0
5286,2013-01-05 07:00:00+00:00,0.0
5286,2013-01-05 07:30:00+00:00,0.0
5286,2013-01-05 08:00:00+00:00,0.0
5286,2013-01-05 08:30:00+00:00,0.0
5286,2013-01-05 09:00:00+00:00,0.01
5286,2013-01-05 09:30:00+00:00,1.85
5286,2013-01-05 10:00:00+00:00,10.96
5286,2013-01-05 10:30:00+00:00,18.84
5286,2013-01-05 11:00:00+00:00,20.51
5286,2013-01-05 11:30:00+00:00,33.54
5286,2013-01-05 12:00:00+00:00,65.87
5286,2013-01-05 12:30:00+00:00,54.4
5286,2013-01-05 13:00:00+00:00,106.67
5286,2013-01-05 13:30:00+00:00,115.23
5286,2013-01-05 14:00:00+00:00,65.7
5286,2013-01-05 14:30:00+00:00,47.17
5286,2013-01-05 15:00:00+00:00,43.7
5286,2013-01-05 15:30:00+00:00,24.09
5286,2013-01-05 16:00:00+00:00,0.12
5286,2013-01-05 16:30:00+00:00,0.0
5286,2013-01-05 17:00:00+00:00,0.01
5286,2013-01-05 17:30:00+00:00,0.0
5286,2013-01-05 18:00:00+00:00,0.0
5286,2013-01-05 18:30:00+00:00,0.0
5286,2013-01-05 19:00:00+00:00,0.0
5286,2013-01-05 19:30:00+00:00,0.0
5286,2013-01-05 20:00:00+00:00,0.0
5286,2013-01-05 20:30:00+00:00,0.0
5286,2013-01-05 21:00:00+00:00,0.0
5286,2013-01-05 21:30:00+00:00,0.0
5286,2013-01-05 22:00:00+00:00,0.0
5286,2013-01-05 22:30:00+00:00,0.0
5286,2013-01-05 23:00:00+00:00,0.0
5286,2013-01-05 23:30:00+00:00,0.0
5286,2013-01-06 00:00:00+00:00,0.0
5286,2013-01-06 00:30:00+00:00,0.0
5286,2013-01-06 01:00:00+00:00,0.0
5286,2013-01-06 01:30:00+00:00,0.0
5286,2013-01-06 02:00:00+00:00,0.0
5286,2013-01-06 02:30:00+00:00,0.0
5286,2013-01-06 03:00:00+00:00,0.0
5286,2013-01-06 03:30:00+00:00,0.0
5286,2013-01-06 04:00:00+00:00,0.0
5286,2013-01-06 04:30:00+00:00,0.0
5286,2013-01-06 05:00:00+00:00,0.0
5286,2013-01-06 05:30:00+00:00,0.0
5286,2013-01-06 06:00:00+00:00,0.0
5286,2013-01-06 06:30:00+00:00,0.0
5286,2013-01-06 07:00:00+00:00,0.0
5286,2013-01-06 07:30:00+00:00,0.0
5286,2013-01-06 08:00:00+00:00,0.0
5286,2013-01-06 08:30:00+00:00,0.0
5286,2013-01-06 09:00:00+00:00,6.66
5286,2013-01-06 09:30:00+00:00,25.67
5286,2013-01-06 10:00:00+00:00,29.27
5286,2013-01-06 10:30:00+00:00,25.09
5286,2013-01-06 11:00:00+00:00,35.67
5286,2013-01-06 11:30:00+00:00,41.64
5286,2013-01-06 12:00:00+00:00,60.12
5286,2013-01-06 12:30:00+00:00,55.56
5286,2013-01-06 13:00:00+00:00,40.72
5286,2013-01-06 13:30:00+00:00,40.49
5286,2013-01-06 14:00:00+00:00,31.89
5286,2013-01-06 14:30:00+00:00,47.34
5286,2013-01-06 15:00:00+00:00,46.34
5286,2013-01-06 15:30:00+00:00,1.28
5286,2013-01-06 16:00:00+00:00,0.0
5286,2013-01-06 16:30:00+00:00,0.0
5286,2013-01-06 17:00:00+00:00,0.0
5286,2013-01-06 17:30:00+00:00,0.0
5286,2013-01-06 18:00:00+00:00,0.0
5286,2013-01-06 18:30:00+00:00,0.0
5286,2013-01-06 19:00:00+00:00,0.0
5286,2013-01-06 19:30:00+00:00,0.0
5286,2013-01-06 20:00:00+00:00,0.0
5286,2013-01-06 20:30:00+00:00,0.0
5286,2013-01-06 21:00:00+00:00,0.0
5286,2013-01-06 21:30:00+00:00,0.0
5286,2013-01-06 22:00:00+00:00,0.0
5286,2013-01-06 22:30:00+00:00,0.0
5286,2013-01-06 23:00:00+00:00,0.0
5286,2013-01-06 23:30:00+00:00,0.0
5286,2013-01-07 00:00:00+00:00,0.0
5286,2013-01-07 00:30:00+00:00,0.0
5286,2013-01-07 01:00:00+00:00,0.0
5286,2013-01-07 01:30:00+00:00,0.0
5286,2013-01-07 02:00:00+00:00,0.0
5286,2013-01-07 02:30:00+00:00,0.0
5286,2013-01-07 03:00:00+00:00,0.0
5286,2013-01-07 03:30:00+00:00,0.0
5286,2013-01-07 04:00:00+00:00,0.0
5286,2013-01-07 04:30:00+00:00,0.0
5286,2013-01-07 05:00:00+00:00,0.0
5286,2013-01-07 05:30:00+00:00,0.0
5286,2013-01-07 06:00:00+00:00,0.0
5286,2013-01-07 06:30:00+00:00,0.0
5286,2013-01-07 07:00:00+00:00,0.0
5286,2013-01-07 07:30:00+00:00,0.0
5286,2013-01-07 08:00:00+00:00,0.0
5286,2013-01-07 08:30:00+00:00,0.0
5286,2013-01-07 09:00:00+00:00,0.0
5286,2013-01-07 09:30:00+00:00,6.78
5286,2013-01-07 10:00:00+00:00,14.45
5286,2013-01-07 10:30:00+00:00,19.63
5286,2013-01-07 11:00:00+00:00,21.1
5286,2013-01-07 11:30:00+00:00,17.94
5286,2013-01-07 12:00:00+00:00,23.51
5286,2013-01-07 12:30:00+00:00,50.66
5286,2013-01-07 13:00:00+00:00,62.52
5286,2013-01-07 13:30:00+00:00,43.58
5286,2013-01-07 14:00:00+00:00,37.6
5286,2013-01-07 14:30:00+00:00,24.97
5286,2013-01-07 15:00:00+00:00,8.82
5286,2013-01-07 15:30:00+00:00,4.92
5286,2013-01-07 16:00:00+00:00,0.01
5286,2013-01-07 16:30:00+00:00,0.0
5286,2013-01-07 17:00:00+00:00,0.0
5286,2013-01-07 17:30:00+00:00,0.0
5286,2013-01-07 18:00:00+00:00,0.0
5286,2013-01-07 18:30:00+00:00,0.0
5286,2013-01-07 19:00:00+00:00,0.0
5286,2013-01-07 19:30:00+00:00,0.0
5286,2013-01-07 20:00:00+00:00,0.0
5286,2013-01-07 20:30:00+00:00,0.0
5286,2013-01-07 21:00:00+00:00,0.0
5286,2013-01-07 21:30:00+00:00,0.0
5286,2013-01-07 22:00:00+00:00,0.0
5286,2013-01-07 22:30:00+00:00,0.0
5286,2013-01-07 23:00:00+00:00,0.0
5286,2013-01-07 23:30:00+00:00,0.0
5286,2013-01-08 00:00:00+00:00,0.0
5286,2013-01-08 00:30:00+00:00,0.0
5286,2013-01-08 01:00:00+00:00,0.0
5286,2013-01-08 01:30:00+00:00,0.0
5286,2013-01-08 02:00:00+00:00,0.0
5286,2013-01-08 02:30:00+00:00,0.0
5286,2013-01-08 03:00:00+00:00,0.0
5286,2013-01-08 03:30:00+00:00,0.0
5286,2013-01-08 04:00:00+00:00,0.0
5286,2013-01-08 04:30:00+00:00,0.0
5286,2013-01-08 05:00:00+00:00,0.0
5286,2013-01-08 05:30:00+00:00,0.0
5286,2013-01-08 06:00:00+00:00,0.0
5286,2013-01-08 06:30:00+00:00,0.0
5286,2013-01-08 07:00:00+00:00,0.0
5286,2013-01-08 07:30:00+00:00,0.0
5286,2013-01-08 08:00:00+00:00,0.0
5286,2013-01-08 08:30:00+00:00,11.78
5286,2013-01-08 09:00:00+00:00,91.16
5286,2013-01-08 09:30:00+00:00,219.41
5286,2013-01-08 10:00:00+00:00,304.4
5286,2013-01-08 10:30:00+00:00,89.46
5286,2013-01-08 11:00:00+00:00,208.1
5286,2013-01-08 11:30:00+00:00,195.57
5286,2013-01-08 12:00:00+00:00,462.77
5286,2013-01-08 12:30:00+00:00,424.94
5286,2013-01-08 13:00:00+00:00,418.0
5286,2013-01-08 13:30:00+00:00,461.8
5286,2013-01-08 14:00:00+00:00,228.97
5286,2013-01-08 14:30:00+00:00,106.59
5286,2013-01-08 15:00:00+00:00,29.55
5286,2013-01-08 15:30:00+00:00,19.66
5286,2013-01-08 16:00:00+00:00,2.27
5286,2013-01-08 16:30:00+00:00,0.01
5286,2013-01-08 17:00:00+00:00,0.0
5286,2013-01-08 17:30:00+00:00,0.0
5286,2013-01-08 18:00:00+00:00,0.0
5286,2013-01-08 18:30:00+00:00,0.0
5286,2013-01-08 19:00:00+00:00,0.0
5286,2013-01-08 19:30:00+00:00,0.0
5286,2013-01-08 20:00:00+00:00,0.0
5286,2013-01-08 20:30:00+00:00,0.0
5286,2013-01-08 21:00:00+00:00,0.0
5286,2013-01-08 21:30:00+00:00,0.0
5286,2013-01-08 22:00:00+00:00,0.0
5286,2013-01-08 22:30:00+00:00,0.0
5286,2013-01-08 23:00:00+00:00,0.0
5286,2013-01-08 23:30:00+00:00,0.0
5286,2013-01-09 00:00:00+00:00,0.0
5286,2013-01-09 00:30:00+00:00,0.0
5286,2013-01-09 01:00:00+00:00,0.0
5286,2013-01-09 01:30:00+00:00,0.0
5286,2013-01-09 02:00:00+00:00,0.0
5286,2013-01-09 02:30:00+00:00,0.0
5286,2013-01-09 03:00:00+00:00,0.0
5286,2013-01-09 03:30:00+00:00,0.0
5286,2013-01-09 04:00:00+00:00,0.0
5286,2013-01-09 04:30:00+00:00,0.0
5286,2013-01-09 05:00:00+00:00,0.0
5286,2013-01-09 05:30:00+00:00,0.0
5286,2013-01-09 06:00:00+00:00,0.0
5286,2013-01-09 06:30:00+00:00,0.0
5286,2013-01-09 07:00:00+00:00,0.0
5286,2013-01-09 07:30:00+00:00,0.0
5286,2013-01-09 08:00:00+00:00,0.0
5286,2013-01-09 08:30:00+00:00,0.0
5286,2013-01-09 09:00:00+00:00,0.0
5286,2013-01-09 09:30:00+00:00,2.4
5286,2013-01-09 10:00:00+00:00,5.84
5286,2013-01-09 10:30:00+00:00,30.63
5286,2013-01-09 11:00:00+00:00,41.84
5286,2013-01-09 11:30:00+00:00,36.9
5286,2013-01-09 12:00:00+00:00,52.32
5286,2013-01-09 12:30:00+00:00,205.61
5286,2013-01-09 13:00:00+00:00,573.1
5286,2013-01-09 13:30:00+00:00,396.08
5286,2013-01-09 14:00:00+00:00,550.7
5286,2013-01-09 14:30:00+00:00,447.67
5286,2013-01-09 15:00:00+00:00,305.05
5286,2013-01-09 15:30:00+00:00,65.2
5286,2013-01-09 16:00:00+00:00,8.11
5286,2013-01-09 16:30:00+00:00,0.01
5286,2013-01-09 17:00:00+00:00,0.01
5286,2013-01-09 17:30:00+00:00,0.0
5286,2013-01-09 18:00:00+00:00,0.0
5286,2013-01-09 18:30:00+00:00,0.0
5286,2013-01-09 19:00:00+00:00,0.0
5286,2013-01-09 19:30:00+00:00,0.0
5286,2013-01-09 20:00:00+00:00,0.0
5286,2013-01-09 20:30:00+00:00,0.0
5286,2013-01-09 21:00:00+00:00,0.0
5286,2013-01-09 21:30:00+00:00,0.0
5286,2013-01-09 22:00:00+00:00,0.0
5286,2013-01-09 22:30:00+00:00,0.0
5286,2013-01-09 23:00:00+00:00,0.0
5286,2013-01-09 23:30:00+00:00,0.0
5286,2013-01-10 00:00:00+00:00,0.0
5286,2013-01-10 00:30:00+00:00,0.0
5286,2013-01-10 01:00:00+00:00,0.0
5286,2013-01-10 01:30:00+00:00,0.0
5286,2013-01-10 02:00:00+00:00,0.0
5286,2013-01-10 02:30:00+00:00,0.0
5286,2013-01-10 03:00:00+00:00,0.0
5286,2013-01-10 03:30:00+00:00,0.0
5286,2013-01-10 04:00:00+00:00,0.0
5286,2013-01-10 04:30:00+00:00,0.0
5286,2013-01-10 05:00:00+00:00,0.0
5286,2013-01-10 05:30:00+00:00,0.0
5286,2013-01-10 06:00:00+00:00,0.0
5286,2013-01-10 06:30:00+00:00,0.0
5286,2013-01-10 07:00:00+00:00,0.0
5286,2013-01-10 07:30:00+00:00,0.0
5286,2013-01-10 08:00:00+00:00,0.0
5286,2013-01-10 08:30:00+00:00,0.39
5286,2013-01-10 09:00:00+00:00,16.26
5286,2013-01-10 09:30:00+00:00,48.71
5286,2013-01-10 10:00:00+00:00,45.51
5286,2013-01-10 10:30:00+00:00,48.42
5286,2013-01-10 11:00:00+00:00,58.56
5286,2013-01-10 11:30:00+00:00,62.55
5286,2013-01-10 12:00:00+00:00,90.88
5286,2013-01-10 12:30:00+00:00,61.85
5286,2013-01-10 13:00:00+00:00,45.11
5286,2013-01-10 13:30:00+00:00,38.75
5286,2013-01-10 14:00:00+00:00,35.81
5286,2013-01-10 14:30:00+00:00,34.97
5286,2013-01-10 15:00:00+00:00,8.84
5286,2013-01-10 15:30:00+00:00,0.43
5286,2013-01-10 16:00:00+00:00,0.01
5286,2013-01-10 16:30:00+00:00,0.01
5286,2013-01-10 17:00:00+00:00,0.0
5286,2013-01-10 17:30:00+00:00,0.0
5286,2013-01-10 18:00:00+00:00,0.0
5286,2013-01-10 18:30:00+00:00,0.0
5286,2013-01-10 19:00:00+00:00,0.0
5286,2013-01-10 19:30:00+00:00,0.0
5286,2013-01-10 20:00:00+00:00,0.0
5286,2013-01-10 20:30:00+00:00,0.0
5286,2013-01-10 21:00:00+00:00,0.0
5286,2013-01-10 21:30:00+00:00,0.0
5286,2013-01-10 22:00:00+00:00,0.0
5286,2013-01-10 22:30:00+00:00,0.0
5286,2013-01-10 23:00:00+00:00,0.0
5286,2013-01-10 23:30:00+00:00,0.0
5286,2013-01-11 00:00:00+00:00,0.0
5286,2013-01-11 00:30:00+00:00,0.0
5286,2013-01-11 01:00:00+00:00,0.0
5286,2013-01-11 01:30:00+00:00,0.0
5286,2013-01-11 02:00:00+00:00,0.0
5286,2013-01-11 02:30:00+00:00,0.0
5286,2013-01-11 03:00:00+00:00,0.0
5286,2013-01-11 03:30:00+00:00,0.0
5286,2013-01-11 04:00:00+00:00,0.0
5286,2013-01-11 04:30:00+00:00,0.0
5286,2013-01-11 05:00:00+00:00,0.0
5286,2013-01-11 05:30:00+00:00,0.0
5286,2013-01-11 06:00:00+00:00,0.0
5286,2013-01-11 06:30:00+00:00,0.0
5286,2013-01-11 07:00:00+00:00,0.0
5286,2013-01-11 07:30:00+00:00,0.0
5286,2013-01-11 08:00:00+00:00,0.0
5286,2013-01-11 08:30:00+00:00,0.0
5286,2013-01-11 09:00:00+00:00,0.69
5286,2013-01-11 09:30:00+00:00,19.68
5286,2013-01-11 10:00:00+00:00,36.82
5286,2013-01-11 10:30:00+00:00,52.62
5286,2013-01-11 11:00:00+00:00,43.54
5286,2013-01-11 11:30:00+00:00,57.53
5286,2013-01-11 12:00:00+00:00,106.88
5286,2013-01-11 12:30:00+00:00,106.44
5286,2013-01-11 13:00:00+00:00,130.9
5286,2013-01-11 13:30:00+00:00,136.49
5286,2013-01-11 14:00:00+00:00,83.71
5286,2013-01-11 14:30:00+00:00,96.43
5286,2013-01-11 15:00:00+00:00,132.17
5286,2013-01-11 15:30:00+00:00,32.81
5286,2013-01-11 16:00:00+00:00,6.26
5286,2013-01-11 16:30:00+00:00,0.01
5286,2013-01-11 17:00:00+00:00,0.01
5286,2013-01-11 17:30:00+00:00,0.0
5286,2013-01-11 18:00:00+00:00,0.0
5286,2013-01-11 18:30:00+00:00,0.0
5286,2013-01-11 19:00:00+00:00,0.0
5286,2013-01-11 19:30:00+00:00,0.0
5286,2013-01-11 20:00:00+00:00,0.0
5286,2013-01-11 20:30:00+00:00,0.0
5286,2013-01-11 21:00:00+00:00,0.0
5286,2013-01-11 21:30:00+00:00,0.0
5286,2013-01-11 22:00:00+00:00,0.0
5286,2013-01-11 22:30:00+00:00,0.0
5286,2013-01-11 23:00:00+00:00,0.0
5286,2013-01-11 23:30:00+00:00,0.0
5286,2013-01-12 00:00:00+00:00,0.0
5286,2013-01-12 00:30:00+00:00,0.0
5286,2013-01-12 01:00:00+00:00,0.0
5286,2013-01-12 01:30:00+00:00,0.0
5286,2013-01-12 02:00:00+00:00,0.0
5286,2013-01-12 02:30:00+00:00,0.0
5286,2013-01-12 03:00:00+00:00,0.0
5286,2013-01-12 03:30:00+00:00,0.0
5286,2013-01-12 04:00:00+00:00,0.0
5286,2013-01-12 04:30:00+00:00,0.0
5286,2013-01-12 05:00:00+00:00,0.0
5286,2013-01-12 05:30:00+00:00,0.0
5286,2013-01-12 06:00:00+00:00,0.0
5286,2013-01-12 06:30:00+00:00,0.0
5286,2013-01-12 07:00:00+00:00,0.0
5286,2013-01-12 07:30:00+00:00,0.0
5286,2013-01-12 08:00:00+00:00,0.0
5286,2013-01-12 08:30:00+00:00,1.03
5286,2013-01-12 09:00:00+00:00,7.68
5286,2013-01-12 09:30:00+00:00,24.75
5286,2013-01-12 10:00:00+00:00,57.28
5286,2013-01-12 10:30:00+00:00,86.04
5286,2013-01-12 11:00:00+00:00,67.22
5286,2013-01-12 11:30:00+00:00,59.69
5286,2013-01-12 12:00:00+00:00,71.69
5286,2013-01-12 12:30:00+00:00,73.69
5286,2013-01-12 13:00:00+00:00,60.47
5286,2013-01-12 13:30:00+00:00,38.79
5286,2013-01-12 14:00:00+00:00,55.21
5286,2013-01-12 14:30:00+00:00,54.46
5286,2013-01-12 15:00:00+00:00,34.44
5286,2013-01-12 15:30:00+00:00,16.93
5286,2013-01-12 16:00:00+00:00,1.38
5286,2013-01-12 16:30:00+00:00,0.01
5286,2013-01-12 17:00:00+00:00,0.0
5286,2013-01-12 17:30:00+00:00,0.0
5286,2013-01-12 18:00:00+00:00,0.0
5286,2013-01-12 18:30:00+00:00,0.0
5286,2013-01-12 19:00:00+00:00,0.0
5286,2013-01-12 19:30:00+00:00,0.0
5286,2013-01-12 20:00:00+00:00,0.0
5286,2013-01-12 20:30:00+00:00,0.0
5286,2013-01-12 21:00:00+00:00,0.0
5286,2013-01-12 21:30:00+00:00,0.0
5286,2013-01-12 22:00:00+00:00,0.0
5286,2013-01-12 22:30:00+00:00,0.0
5286,2013-01-12 23:00:00+00:00,0.0
5286,2013-01-12 23:30:00+00:00,0.0
5286,2013-01-13 00:00:00+00:00,0.0
5286,2013-01-13 00:30:00+00:00,0.0
5286,2013-01-13 01:00:00+00:00,0.0
5286,2013-01-13 01:30:00+00:00,0.0
5286,2013-01-13 02:00:00+00:00,0.0
5286,2013-01-13 02:30:00+00:00,0.0
5286,2013-01-13 03:00:00+00:00,0.0
5286,2013-01-13 03:30:00+00:00,0.0
5286,2013-01-13 04:00:00+00:00,0.0
5286,2013-01-13 04:30:00+00:00,0.0
5286,2013-01-13 05:00:00+00:00,0.0
5286,2013-01-13 05:30:00+00:00,0.0
5286,2013-01-13 06:00:00+00:00,0.0
5286,2013-01-13 06:30:00+00:00,0.0
5286,2013-01-13 07:00:00+00:00,0.0
5286,2013-01-13 07:30:00+00:00,0.0
5286,2013-01-13 08:00:00+00:00,0.0
5286,2013-01-13 08:30:00+00:00,0.0
5286,2013-01-13 09:00:00+00:00,0.53
5286,2013-01-13 09:30:00+00:00,10.77
5286,2013-01-13 10:00:00+00:00,32.73
5286,2013-01-13 10:30:00+00:00,65.82
5286,2013-01-13 11:00:00+00:00,130.2
5286,2013-01-13 11:30:00+00:00,68.1
5286,2013-01-13 12:00:00+00:00,88.4
5286,2013-01-13 12:30:00+00:00,158.16
5286,2013-01-13 13:00:00+00:00,298.98
5286,2013-01-13 13:30:00+00:00,551.3
5286,2013-01-13 14:00:00+00:00,596.95
5286,2013-01-13 14:30:00+00:00,210.59
5286,2013-01-13 15:00:00+00:00,36.89
5286,2013-01-13 15:30:00+00:00,2.29
5286,2013-01-13 16:00:00+00:00,0.01
5286,2013-01-13 16:30:00+00:00,0.01
5286,2013-01-13 17:00:00+00:00,0.01
5286,2013-01-13 17:30:00+00:00,0.0
5286,2013-01-13 18:00:00+00:00,0.0
5286,2013-01-13 18:30:00+00:00,0.0
5286,2013-01-13 19:00:00+00:00,0.0
5286,2013-01-13 19:30:00+00:00,0.0
5286,2013-01-13 20:00:00+00:00,0.0
5286,2013-01-13 20:30:00+00:00,0.0
5286,2013-01-13 21:00:00+00:00,0.0
5286,2013-01-13 21:30:00+00:00,0.0
5286,2013-01-13 22:00:00+00:00,0.0
5286,2013-01-13 22:30:00+00:00,0.0
5286,2013-01-13 23:00:00+00:00,0.0
5286,2013-01-13 23:30:00+00:00,0.0
5286,2013-01-14 00:00:00+00:00,0.0
5286,2013-01-14 00:30:00+00:00,0.0
5286,2013-01-14 01:00:00+00:00,0.0
5286,2013-01-14 01:30:00+00:00,0.0
5286,2013-01-14 02:00:00+00:00,0.0
5286,2013-01-14 02:30:00+00:00,0.0
5286,2013-01-14 03:00:00+00:00,0.0
5286,2013-01-14 03:30:00+00:00,0.0
5286,2013-01-14 04:00:00+00:00,0.0
5286,2013-01-14 04:30:00+00:00,0.0
5286,2013-01-14 05:00:00+00:00,0.0
5286,2013-01-14 05:30:00+00:00,0.0
5286,2013-01-14 06:00:00+00:00,0.0
5286,2013-01-14 06:30:00+00:00,0.0
5286,2013-01-14 07:00:00+00:00,0.0
5286,2013-01-14 07:30:00+00:00,0.0
5286,2013-01-14 08:00:00+00:00,0.0
5286,2013-01-14 08:30:00+00:00,0.0
5286,2013-01-14 09:00:00+00:00,2.4
5286,2013-01-14 09:30:00+00:00,12.66
5286,2013-01-14 10:00:00+00:00,47.89
5286,2013-01-14 10:30:00+00:00,126.99
5286,2013-01-14 11:00:00+00:00,57.07
5286,2013-01-14 11:30:00+00:00,66.11
5286,2013-01-14 12:00:00+00:00,69.42
5286,2013-01-14 12:30:00+00:00,26.94
5286,2013-01-14 13:00:00+00:00,40.83
5286,2013-01-14 13:30:00+00:00,40.48
5286,2013-01-14 14:00:00+00:00,26.71
5286,2013-01-14 14:30:00+00:00,18.03
5286,2013-01-14 15:00:00+00:00,2.81
5286,2013-01-14 15:30:00+00:00,0.01
5286,2013-01-14 16:00:00+00:00,0.01
5286,2013-01-14 16:30:00+00:00,0.01
5286,2013-01-14 17:00:00+00:00,0.0
5286,2013-01-14 17:30:00+00:00,0.0
5286,2013-01-14 18:00:00+00:00,0.0
5286,2013-01-14 18:30:00+00:00,0.0
5286,2013-01-14 19:00:00+00:00,0.0
5286,2013-01-14 19:30:00+00:00,0.0
5286,2013-01-14 20:00:00+00:00,0.0
5286,2013-01-14 20:30:00+00:00,0.0
5286,2013-01-14 21:00:00+00:00,0.0
5286,2013-01-14 21:30:00+00:00,0.0
5286,2013-01-14 22:00:00+00:00,0.0
5286,2013-01-14 22:30:00+00:00,0.0
5286,2013-01-14 23:00:00+00:00,0.0
5286,2013-01-14 23:30:00+00:00,0.0
5286,2013-01-15 00:00:00+00:00,0.0
5286,2013-01-15 00:30:00+00:00,0.0
5286,2013-01-15 01:00:00+00:00,0.0
5286,2013-01-15 01:30:00+00:00,0.0
5286,2013-01-15 02:00:00+00:00,0.0
5286,2013-01-15 02:30:00+00:00,0.0
5286,2013-01-15 03:00:00+00:00,0.0
5286,2013-01-15 03:30:00+00:00,0.0
5286,2013-01-15 04:00:00+00:00,0.0
5286,2013-01-15 04:30:00+00:00,0.0
5286,2013-01-15 05:00:00+00:00,0.0
5286,2013-01-15 05:30:00+00:00,0.0
5286,2013-01-15 06:00:00+00:00,0.0
5286,2013-01-15 06:30:00+00:00,0.0
5286,2013-01-15 07:00:00+00:00,0.0
5286,2013-01-15 07:30:00+00:00,0.0
5286,2013-01-15 08:00:00+00:00,0.0
5286,2013-01-15 08:30:00+00:00,5.7
5286,2013-01-15 09:00:00+00:00,221.31
5286,2013-01-15 09:30:00+00:00,410.89
5286,2013-01-15 10:00:00+00:00,317.56
5286,2013-01-15 10:30:00+00:00,324.55
5286,2013-01-15 11:00:00+00:00,292.9
5286,2013-01-15 11:30:00+00:00,190.91
5286,2013-01-15 12:00:00+00:00,388.07
5286,2013-01-15 12:30:00+00:00,163.56
5286,2013-01-15 13:00:00+00:00,97.08
5286,2013-01-15 13:30:00+00:00,73.57
5286,2013-01-15 14:00:00+00:00,40.89
5286,2013-01-15 14:30:00+00:00,28.28
5286,2013-01-15 15:00:00+00:00,7.52
5286,2013-01-15 15:30:00+00:00,9.84
5286,2013-01-15 16:00:00+00:00,3.93
5286,2013-01-15 16:30:00+00:00,0.0
5286,2013-01-15 17:00:00+00:00,0.0
5286,2013-01-15 17:30:00+00:00,0.0
5286,2013-01-15 18:00:00+00:00,0.0
5286,2013-01-15 18:30:00+00:00,0.0
5286,2013-01-15 19:00:00+00:00,0.0
5286,2013-01-15 19:30:00+00:00,0.0
5286,2013-01-15 20:00:00+00:00,0.0
5286,2013-01-15 20:30:00+00:00,0.0
5286,2013-01-15 21:00:00+00:00,0.0
5286,2013-01-15 21:30:00+00:00,0.0
5286,2013-01-15 22:00:00+00:00,0.0
5286,2013-01-15 22:30:00+00:00,0.0
5286,2013-01-15 23:00:00+00:00,0.0
5286,2013-01-15 23:30:00+00:00,0.0
5286,2013-01-16 00:00:00+00:00,0.0
5286,2013-01-16 00:30:00+00:00,0.0
5286,2013-01-16 01:00:00+00:00,0.0
5286,2013-01-16 01:30:00+00:00,0.0
5286,2013-01-16 02:00:00+00:00,0.0
5286,2013-01-16 02:30:00+00:00,0.0
5286,2013-01-16 03:00:00+00:00,0.0
5286,2013-01-16 03:30:00+00:00,0.0
5286,2013-01-16 04:00:00+00:00,0.0
5286,2013-01-16 04:30:00+00:00,0.0
5286,2013-01-16 05:00:00+00:00,0.0
5286,2013-01-16 05:30:00+00:00,0.0
5286,2013-01-16 06:00:00+00:00,0.0
5286,2013-01-16 06:30:00+00:00,0.0
5286,2013-01-16 07:00:00+00:00,0.0
5286,2013-01-16 07:30:00+00:00,0.0
5286,2013-01-16 08:00:00+00:00,0.0
5286,2013-01-16 08:30:00+00:00,2.11
5286,2013-01-16 09:00:00+00:00,28.86
5286,2013-01-16 09:30:00+00:00,36.36
5286,2013-01-16 10:00:00+00:00,49.66
5286,2013-01-16 10:30:00+00:00,76.99
5286,2013-01-16 11:00:00+00:00,120.95
5286,2013-01-16 11:30:00+00:00,238.08
5286,2013-01-16 12:00:00+00:00,403.84
5286,2013-01-16 12:30:00+00:00,496.4
5286,2013-01-16 13:00:00+00:00,705.65
5286,2013-01-16 13:30:00+00:00,657.15
5286,2013-01-16 14:00:00+00:00,569.95
5286,2013-01-16 14:30:00+00:00,464.26
5286,2013-01-16 15:00:00+00:00,265.59
5286,2013-01-16 15:30:00+00:00,64.81
5286,2013-01-16 16:00:00+00:00,19.51
5286,2013-01-16 16:30:00+00:00,0.35
5286,2013-01-16 17:00:00+00:00,0.01
5286,2013-01-16 17:30:00+00:00,0.0
5286,2013-01-16 18:00:00+00:00,0.0
5286,2013-01-16 18:30:00+00:00,0.0
5286,2013-01-16 19:00:00+00:00,0.0
5286,2013-01-16 19:30:00+00:00,0.0
5286,2013-01-16 20:00:00+00:00,0.0
5286,2013-01-16 20:30:00+00:00,0.0
5286,2013-01-16 21:00:00+00:00,0.0
5286,2013-01-16 21:30:00+00:00,0.0
5286,2013-01-16 22:00:00+00:00,0.0
5286,2013-01-16 22:30:00+00:00,0.0
5286,2013-01-16 23:00:00+00:00,0.0
5286,2013-01-16 23:30:00+00:00,0.0
5286,2013-01-17 00:00:00+00:00,0.0
5286,2013-01-17 00:30:00+00:00,0.0
5286,2013-01-17 01:00:00+00:00,0.0
5286,2013-01-17 01:30:00+00:00,0.0
5286,2013-01-17 02:00:00+00:00,0.0
5286,2013-01-17 02:30:00+00:00,0.0
5286,2013-01-17 03:00:00+00:00,0.0
5286,2013-01-17 03:30:00+00:00,0.0
5286,2013-01-17 04:00:00+00:00,0.0
5286,2013-01-17 04:30:00+00:00,0.0
5286,2013-01-17 05:00:00+00:00,0.0
5286,2013-01-17 05:30:00+00:00,0.0
5286,2013-01-17 06:00:00+00:00,0.0
5286,2013-01-17 06:30:00+00:00,0.0
5286,2013-01-17 07:00:00+00:00,0.0
5286,2013-01-17 07:30:00+00:00,0.0
5286,2013-01-17 08:00:00+00:00,0.0
5286,2013-01-17 08:30:00+00:00,24.98
5286,2013-01-17 09:00:00+00:00,303.78
5286,2013-01-17 09:30:00+00:00,474.15
5286,2013-01-17 10:00:00+00:00,598.15
5286,2013-01-17 10:30:00+00:00,681.95
5286,2013-01-17 11:00:00+00:00,745.85
5286,2013-01-17 11:30:00+00:00,783.85
5286,2013-01-17 12:00:00+00:00,805.35
5286,2013-01-17 12:30:00+00:00,744.75
5286,2013-01-17 13:00:00+00:00,719.7
5286,2013-01-17 13:30:00+00:00,679.3
5286,2013-01-17 14:00:00+00:00,602.6
5286,2013-01-17 14:30:00+00:00,498.04
5286,2013-01-17 15:00:00+00:00,368.88
5286,2013-01-17 15:30:00+00:00,71.1
5286,2013-01-17 16:00:00+00:00,25.72
5286,2013-01-17 16:30:00+00:00,0.02
5286,2013-01-17 17:00:00+00:00,0.0
5286,2013-01-17 17:30:00+00:00,0.0
5286,2013-01-17 18:00:00+00:00,0.0
5286,2013-01-17 18:30:00+00:00,0.0
5286,2013-01-17 19:00:00+00:00,0.0
5286,2013-01-17 19:30:00+00:00,0.0
5286,2013-01-17 20:00:00+00:00,0.0
5286,2013-01-17 20:30:00+00:00,0.0
5286,2013-01-17 21:00:00+00:00,0.0
5286,2013-01-17 21:30:00+00:00,0.0
5286,2013-01-17 22:00:00+00:00,0.0
5286,2013-01-17 22:30:00+00:00,0.0
5286,2013-01-17 23:00:00+00:00,0.0
5286,2013-01-17 23:30:00+00:00,0.0
5286,2013-01-18 00:00:00+00:00,0.0
5286,2013-01-18 00:30:00+00:00,0.0
5286,2013-01-18 01:00:00+00:00,0.0
5286,2013-01-18 01:30:00+00:00,0.0
5286,2013-01-18 02:00:00+00:00,0.0
5286,2013-01-18 02:30:00+00:00,0.0
5286,2013-01-18 03:00:00+00:00,0.0
5286,2013-01-18 03:30:00+00:00,0.0
5286,2013-01-18 04:00:00+00:00,0.0
5286,2013-01-18 04:30:00+00:00,0.0
5286,2013-01-18 05:00:00+00:00,0.0
5286,2013-01-18 05:30:00+00:00,0.0
5286,2013-01-18 06:00:00+00:00,0.0
5286,2013-01-18 06:30:00+00:00,0.0
5286,2013-01-18 07:00:00+00:00,0.0
5286,2013-01-18 07:30:00+00:00,0.0
5286,2013-01-18 08:00:00+00:00,0.0
5286,2013-01-18 08:30:00+00:00,0.0
5286,2013-01-18 09:00:00+00:00,0.02
5286,2013-01-18 09:30:00+00:00,3.95
5286,2013-01-18 10:00:00+00:00,14.57
5286,2013-01-18 10:30:00+00:00,37.2
5286,2013-01-18 11:00:00+00:00,59.6
5286,2013-01-18 11:30:00+00:00,50.25
5286,2013-01-18 12:00:00+00:00,35.75
5286,2013-01-18 12:30:00+00:00,42.8
5286,2013-01-18 13:00:00+00:00,41.98
5286,2013-01-18 13:30:00+00:00,33.87
5286,2013-01-18 14:00:00+00:00,39.33
5286,2013-01-18 14:30:00+00:00,46.86
5286,2013-01-18 15:00:00+00:00,18.91
5286,2013-01-18 15:30:00+00:00,21.02
5286,2013-01-18 16:00:00+00:00,5.93
5286,2013-01-18 16:30:00+00:00,0.01
5286,2013-01-18 17:00:00+00:00,0.01
5286,2013-01-18 17:30:00+00:00,0.0
5286,2013-01-18 18:00:00+00:00,0.0
5286,2013-01-18 18:30:00+00:00,0.0
5286,2013-01-18 19:00:00+00:00,0.0
5286,2013-01-18 19:30:00+00:00,0.0
5286,2013-01-18 20:00:00+00:00,0.0
5286,2013-01-18 20:30:00+00:00,0.0
5286,2013-01-18 21:00:00+00:00,0.0
5286,2013-01-18 21:30:00+00:00,0.0
5286,2013-01-18 22:00:00+00:00,0.0
5286,2013-01-18 22:30:00+00:00,0.0
5286,2013-01-18 23:00:00+00:00,0.0
5286,2013-01-18 23:30:00+00:00,0.0
5286,2013-01-19 00:00:00+00:00,0.0
5286,2013-01-19 00:30:00+00:00,0.0
5286,2013-01-19 01:00:00+00:00,0.0
5286,2013-01-19 01:30:00+00:00,0.0
5286,2013-01-19 02:00:00+00:00,0.0
5286,2013-01-19 02:30:00+00:00,0.0
5286,2013-01-19 03:00:00+00:00,0.0
5286,2013-01-19 03:30:00+00:00,0.0
5286,2013-01-19 04:00:00+00:00,0.0
5286,2013-01-19 04:30:00+00:00,0.0
5286,2013-01-19 05:00:00+00:00,0.0
5286,2013-01-19 05:30:00+00:00,0.0
5286,2013-01-19 06:00:00+00:00,0.0
5286,2013-01-19 06:30:00+00:00,0.0
5286,2013-01-19 07:00:00+00:00,0.0
5286,2013-01-19 07:30:00+00:00,0.0
5286,2013-01-19 08:00:00+00:00,0.0
5286,2013-01-19 08:30:00+00:00,0.0
5286,2013-01-19 09:00:00+00:00,0.0
5286,2013-01-19 09:30:00+00:00,0.01
5286,2013-01-19 10:00:00+00:00,0.02
5286,2013-01-19 10:30:00+00:00,1.25
5286,2013-01-19 11:00:00+00:00,0.02
5286,2013-01-19 11:30:00+00:00,1.34
5286,2013-01-19 12:00:00+00:00,11.03
5286,2013-01-19 12:30:00+00:00,12.67
5286,2013-01-19 13:00:00+00:00,7.12
5286,2013-01-19 13:30:00+00:00,13.17
5286,2013-01-19 14:00:00+00:00,12.41
5286,2013-01-19 14:30:00+00:00,1.75
5286,2013-01-19 15:00:00+00:00,0.02
5286,2013-01-19 15:30:00+00:00,0.0
5286,2013-01-19 16:00:00+00:00,0.01
5286,2013-01-19 16:30:00+00:00,0.01
5286,2013-01-19 17:00:00+00:00,0.0
5286,2013-01-19 17:30:00+00:00,0.0
5286,2013-01-19 18:00:00+00:00,0.0
5286,2013-01-19 18:30:00+00:00,0.0
5286,2013-01-19 19:00:00+00:00,0.0
5286,2013-01-19 19:30:00+00:00,0.0
5286,2013-01-19 20:00:00+00:00,0.0
5286,2013-01-19 20:30:00+00:00,0.0
5286,2013-01-19 21:00:00+00:00,0.0
5286,2013-01-19 21:30:00+00:00,0.0
5286,2013-01-19 22:00:00+00:00,0.0
5286,2013-01-19 22:30:00+00:00,0.0
5286,2013-01-19 23:00:00+00:00,0.0
5286,2013-01-19 23:30:00+00:00,0.0
5286,2013-01-20 00:00:00+00:00,0.0
5286,2013-01-20 00:30:00+00:00,0.0
5286,2013-01-20 01:00:00+00:00,0.0
5286,2013-01-20 01:30:00+00:00,0.0
5286,2013-01-20 02:00:00+00:00,0.0
5286,2013-01-20 02:30:00+00:00,0.0
5286,2013-01-20 03:00:00+00:00,0.0
5286,2013-01-20 03:30:00+00:00,0.0
5286,2013-01-20 04:00:00+00:00,0.0
5286,2013-01-20 04:30:00+00:00,0.0
5286,2013-01-20 05:00:00+00:00,0.0
5286,2013-01-20 05:30:00+00:00,0.0
5286,2013-01-20 06:00:00+00:00,0.0
5286,2013-01-20 06:30:00+00:00,0.0
5286,2013-01-20 07:00:00+00:00,0.0
5286,2013-01-20 07:30:00+00:00,0.0
5286,2013-01-20 08:00:00+00:00,0.0
5286,2013-01-20 08:30:00+00:00,0.0
5286,2013-01-20 09:00:00+00:00,0.01
5286,2013-01-20 09:30:00+00:00,0.01
5286,2013-01-20 10:00:00+00:00,0.01
5286,2013-01-20 10:30:00+00:00,0.03
5286,2013-01-20 11:00:00+00:00,0.02
5286,2013-01-20 11:30:00+00:00,0.02
5286,2013-01-20 12:00:00+00:00,0.03
5286,2013-01-20 12:30:00+00:00,0.03
5286,2013-01-20 13:00:00+00:00,0.02
5286,2013-01-20 13:30:00+00:00,0.02
5286,2013-01-20 14:00:00+00:00,0.02
5286,2013-01-20 14:30:00+00:00,0.01
5286,2013-01-20 15:00:00+00:00,0.0
5286,2013-01-20 15:30:00+00:00,0.01
5286,2013-01-20 16:00:00+00:00,0.01
5286,2013-01-20 16:30:00+00:00,0.01
5286,2013-01-20 17:00:00+00:00,0.0
5286,2013-01-20 17:30:00+00:00,0.0
5286,2013-01-20 18:00:00+00:00,0.0
5286,2013-01-20 18:30:00+00:00,0.0
5286,2013-01-20 19:00:00+00:00,0.0
5286,2013-01-20 19:30:00+00:00,0.0
5286,2013-01-20 20:00:00+00:00,0.0
5286,2013-01-20 20:30:00+00:00,0.0
5286,2013-01-20 21:00:00+00:00,0.0
5286,2013-01-20 21:30:00+00:00,0.0
5286,2013-01-20 22:00:00+00:00,0.0
5286,2013-01-20 22:30:00+00:00,0.0
5286,2013-01-20 23:00:00+00:00,0.0
5286,2013-01-20 23:30:00+00:00,0.0
5286,2013-01-21 00:00:00+00:00,0.0
5286,2013-01-21 00:30:00+00:00,0.0
5286,2013-01-21 01:00:00+00:00,0.0
5286,2013-01-21 01:30:00+00:00,0.0
5286,2013-01-21 02:00:00+00:00,0.0
5286,2013-01-21 02:30:00+00:00,0.0
5286,2013-01-21 03:00:00+00:00,0.0
5286,2013-01-21 03:30:00+00:00,0.0
5286,2013-01-21 04:00:00+00:00,0.0
5286,2013-01-21 04:30:00+00:00,0.0
5286,2013-01-21 05:00:00+00:00,0.0
5286,2013-01-21 05:30:00+00:00,0.0
5286,2013-01-21 06:00:00+00:00,0.0
5286,2013-01-21 06:30:00+00:00,0.0
5286,2013-01-21 07:00:00+00:00,0.0
5286,2013-01-21 07:30:00+00:00,0.0
5286,2013-01-21 08:00:00+00:00,0.0
5286,2013-01-21 08:30:00+00:00,0.0
5286,2013-01-21 09:00:00+00:00,0.0
5286,2013-01-21 09:30:00+00:00,0.0
5286,2013-01-21 10:00:00+00:00,0.01
5286,2013-01-21 10:30:00+00:00,0.01
5286,2013-01-21 11:00:00+00:00,0.02
5286,2013-01-21 11:30:00+00:00,0.01
5286,2013-01-21 12:00:00+00:00,0.02
5286,2013-01-21 12:30:00+00:00,0.01
5286,2013-01-21 13:00:00+00:00,0.01
5286,2013-01-21 13:30:00+00:00,0.01
5286,2013-01-21 14:00:00+00:00,0.01
5286,2013-01-21 14:30:00+00:00,0.0
5286,2013-01-21 15:00:00+00:00,0.01
5286,2013-01-21 15:30:00+00:00,0.01
5286,2013-01-21 16:00:00+00:00,0.01
5286,2013-01-21 16:30:00+00:00,0.01
5286,2013-01-21 17:00:00+00:00,0.0
5286,2013-01-21 17:30:00+00:00,0.0
5286,2013-01-21 18:00:00+00:00,0.0
5286,2013-01-21 18:30:00+00:00,0.0
5286,2013-01-21 19:00:00+00:00,0.0
5286,2013-01-21 19:30:00+00:00,0.0
5286,2013-01-21 20:00:00+00:00,0.0
5286,2013-01-21 20:30:00+00:00,0.0
5286,2013-01-21 21:00:00+00:00,0.0
5286,2013-01-21 21:30:00+00:00,0.0
5286,2013-01-21 22:00:00+00:00,0.0
5286,2013-01-21 22:30:00+00:00,0.0
5286,2013-01-21 23:00:00+00:00,0.0
5286,2013-01-21 23:30:00+00:00,0.0
5286,2013-01-22 00:00:00+00:00,0.0
5286,2013-01-22 00:30:00+00:00,0.0
5286,2013-01-22 01:00:00+00:00,0.0
5286,2013-01-22 01:30:00+00:00,0.0
5286,2013-01-22 02:00:00+00:00,0.0
5286,2013-01-22 02:30:00+00:00,0.0
5286,2013-01-22 03:00:00+00:00,0.0
5286,2013-01-22 03:30:00+00:00,0.0
5286,2013-01-22 04:00:00+00:00,0.0
5286,2013-01-22 04:30:00+00:00,0.0
5286,2013-01-22 05:00:00+00:00,0.0
5286,2013-01-22 05:30:00+00:00,0.0
5286,2013-01-22 06:00:00+00:00,0.0
5286,2013-01-22 06:30:00+00:00,0.0
5286,2013-01-22 07:00:00+00:00,0.0
5286,2013-01-22 07:30:00+00:00,0.0
5286,2013-01-22 08:00:00+00:00,0.0
5286,2013-01-22 08:30:00+00:00,0.0
5286,2013-01-22 09:00:00+00:00,0.0
5286,2013-01-22 09:30:00+00:00,0.01
5286,2013-01-22 10:00:00+00:00,0.79
5286,2013-01-22 10:30:00+00:00,0.13
5286,2013-01-22 11:00:00+00:00,0.03
5286,2013-01-22 11:30:00+00:00,35.26
5286,2013-01-22 12:00:00+00:00,61.92
5286,2013-01-22 12:30:00+00:00,126.17
5286,2013-01-22 13:00:00+00:00,112.63
5286,2013-01-22 13:30:00+00:00,159.86
5286,2013-01-22 14:00:00+00:00,146.14
5286,2013-01-22 14:30:00+00:00,105.08
5286,2013-01-22 15:00:00+00:00,63.13
5286,2013-01-22 15:30:00+00:00,34.31
5286,2013-01-22 16:00:00+00:00,10.58
5286,2013-01-22 16:30:00+00:00,0.01
5286,2013-01-22 17:00:00+00:00,0.01
5286,2013-01-22 17:30:00+00:00,0.0
5286,2013-01-22 18:00:00+00:00,0.0
5286,2013-01-22 18:30:00+00:00,0.0
5286,2013-01-22 19:00:00+00:00,0.0
5286,2013-01-22 19:30:00+00:00,0.0
5286,2013-01-22 20:00:00+00:00,0.0
5286,2013-01-22 20:30:00+00:00,0.0
5286,2013-01-22 21:00:00+00:00,0.0
5286,2013-01-22 21:30:00+00:00,0.0
5286,2013-01-22 22:00:00+00:00,0.0
5286,2013-01-22 22:30:00+00:00,0.0
5286,2013-01-22 23:00:00+00:00,0.0
5286,2013-01-22 23:30:00+00:00,0.0
5286,2013-01-23 00:00:00+00:00,0.0
5286,2013-01-23 00:30:00+00:00,0.0
5286,2013-01-23 01:00:00+00:00,0.0
5286,2013-01-23 01:30:00+00:00,0.0
5286,2013-01-23 02:00:00+00:00,0.0
5286,2013-01-23 02:30:00+00:00,0.0
5286,2013-01-23 03:00:00+00:00,0.0
5286,2013-01-23 03:30:00+00:00,0.0
5286,2013-01-23 04:00:00+00:00,0.0
5286,2013-01-23 04:30:00+00:00,0.0
5286,2013-01-23 05:00:00+00:00,0.0
5286,2013-01-23 05:30:00+00:00,0.0
5286,2013-01-23 06:00:00+00:00,0.0
5286,2013-01-23 06:30:00+00:00,0.0
5286,2013-01-23 07:00:00+00:00,0.0
5286,2013-01-23 07:30:00+00:00,0.0
5286,2013-01-23 08:00:00+00:00,0.0
5286,2013-01-23 08:30:00+00:00,0.0
5286,2013-01-23 09:00:00+00:00,1.44
5286,2013-01-23 09:30:00+00:00,19.7
5286,2013-01-23 10:00:00+00:00,62.77
5286,2013-01-23 10:30:00+00:00,38.22
5286,2013-01-23 11:00:00+00:00,29.42
5286,2013-01-23 11:30:00+00:00,32.56
5286,2013-01-23 12:00:00+00:00,25.26
5286,2013-01-23 12:30:00+00:00,52.68
5286,2013-01-23 13:00:00+00:00,61.77
5286,2013-01-23 13:30:00+00:00,62.71
5286,2013-01-23 14:00:00+00:00,50.63
5286,2013-01-23 14:30:00+00:00,48.25
5286,2013-01-23 15:00:00+00:00,40.4
5286,2013-01-23 15:30:00+00:00,38.76
5286,2013-01-23 16:00:00+00:00,8.9
5286,2013-01-23 16:30:00+00:00,0.02
5286,2013-01-23 17:00:00+00:00,0.01
5286,2013-01-23 17:30:00+00:00,0.0
5286,2013-01-23 18:00:00+00:00,0.0
5286,2013-01-23 18:30:00+00:00,0.0
5286,2013-01-23 19:00:00+00:00,0.0
5286,2013-01-23 19:30:00+00:00,0.0
5286,2013-01-23 20:00:00+00:00,0.0
5286,2013-01-23 20:30:00+00:00,0.0
5286,2013-01-23 21:00:00+00:00,0.0
5286,2013-01-23 21:30:00+00:00,0.0
5286,2013-01-23 22:00:00+00:00,0.0
5286,2013-01-23 22:30:00+00:00,0.0
5286,2013-01-23 23:00:00+00:00,0.0
5286,2013-01-23 23:30:00+00:00,0.0
5286,2013-01-24 00:00:00+00:00,0.0
5286,2013-01-24 00:30:00+00:00,0.0
5286,2013-01-24 01:00:00+00:00,0.0
5286,2013-01-24 01:30:00+00:00,0.0
5286,2013-01-24 02:00:00+00:00,0.0
5286,2013-01-24 02:30:00+00:00,0.0
5286,2013-01-24 03:00:00+00:00,0.0
5286,2013-01-24 03:30:00+00:00,0.0
5286,2013-01-24 04:00:00+00:00,0.0
5286,2013-01-24 04:30:00+00:00,0.0
5286,2013-01-24 05:00:00+00:00,0.0
5286,2013-01-24 05:30:00+00:00,0.0
5286,2013-01-24 06:00:00+00:00,0.0
5286,2013-01-24 06:30:00+00:00,0.0
5286,2013-01-24 07:00:00+00:00,0.0
5286,2013-01-24 07:30:00+00:00,0.0
5286,2013-01-24 08:00:00+00:00,0.0
5286,2013-01-24 08:30:00+00:00,0.0
5286,2013-01-24 09:00:00+00:00,0.01
5286,2013-01-24 09:30:00+00:00,0.04
5286,2013-01-24 10:00:00+00:00,6.42
5286,2013-01-24 10:30:00+00:00,18.96
5286,2013-01-24 11:00:00+00:00,28.69
5286,2013-01-24 11:30:00+00:00,43.62
5286,2013-01-24 12:00:00+00:00,54.12
5286,2013-01-24 12:30:00+00:00,73.86
5286,2013-01-24 13:00:00+00:00,66.45
5286,2013-01-24 13:30:00+00:00,46.44
5286,2013-01-24 14:00:00+00:00,42.05
5286,2013-01-24 14:30:00+00:00,45.68
5286,2013-01-24 15:00:00+00:00,25.31
5286,2013-01-24 15:30:00+00:00,12.35
5286,2013-01-24 16:00:00+00:00,1.46
5286,2013-01-24 16:30:00+00:00,0.01
5286,2013-01-24 17:00:00+00:00,0.01
5286,2013-01-24 17:30:00+00:00,0.0
5286,2013-01-24 18:00:00+00:00,0.0
5286,2013-01-24 18:30:00+00:00,0.0
5286,2013-01-24 19:00:00+00:00,0.0
5286,2013-01-24 19:30:00+00:00,0.0
5286,2013-01-24 20:00:00+00:00,0.0
5286,2013-01-24 20:30:00+00:00,0.0
5286,2013-01-24 21:00:00+00:00,0.0
5286,2013-01-24 21:30:00+00:00,0.0
5286,2013-01-24 22:00:00+00:00,0.0
5286,2013-01-24 22:30:00+00:00,0.0
5286,2013-01-24 23:00:00+00:00,0.0
5286,2013-01-24 23:30:00+00:00,0.0
5286,2013-01-25 00:00:00+00:00,0.0
5286,2013-01-25 00:30:00+00:00,0.0
5286,2013-01-25 01:00:00+00:00,0.0
5286,2013-01-25 01:30:00+00:00,0.0
5286,2013-01-25 02:00:00+00:00,0.0
5286,2013-01-25 02:30:00+00:00,0.0
5286,2013-01-25 03:00:00+00:00,0.0
5286,2013-01-25 03:30:00+00:00,0.0
5286,2013-01-25 04:00:00+00:00,0.0
5286,2013-01-25 04:30:00+00:00,0.0
5286,2013-01-25 05:00:00+00:00,0.0
5286,2013-01-25 05:30:00+00:00,0.0
5286,2013-01-25 06:00:00+00:00,0.0
5286,2013-01-25 06:30:00+00:00,0.0
5286,2013-01-25 07:00:00+00:00,0.0
5286,2013-01-25 07:30:00+00:00,0.0
5286,2013-01-25 08:00:00+00:00,0.0
5286,2013-01-25 08:30:00+00:00,2.91
5286,2013-01-25 09:00:00+00:00,16.71
5286,2013-01-25 09:30:00+00:00,26.33
5286,2013-01-25 10:00:00+00:00,38.57
5286,2013-01-25 10:30:00+00:00,53.45
5286,2013-01-25 11:00:00+00:00,61.29
5286,2013-01-25 11:30:00+00:00,42.0
5286,2013-01-25 12:00:00+00:00,28.33
5286,2013-01-25 12:30:00+00:00,36.75
5286,2013-01-25 13:00:00+00:00,62.35
5286,2013-01-25 13:30:00+00:00,113.83
5286,2013-01-25 14:00:00+00:00,163.91
5286,2013-01-25 14:30:00+00:00,103.68
5286,2013-01-25 15:00:00+00:00,68.32
5286,2013-01-25 15:30:00+00:00,55.47
5286,2013-01-25 16:00:00+00:00,15.29
5286,2013-01-25 16:30:00+00:00,0.09
5286,2013-01-25 17:00:00+00:00,0.01
5286,2013-01-25 17:30:00+00:00,0.0
5286,2013-01-25 18:00:00+00:00,0.0
5286,2013-01-25 18:30:00+00:00,0.0
5286,2013-01-25 19:00:00+00:00,0.0
5286,2013-01-25 19:30:00+00:00,0.0
5286,2013-01-25 20:00:00+00:00,0.0
5286,2013-01-25 20:30:00+00:00,0.0
5286,2013-01-25 21:00:00+00:00,0.0
5286,2013-01-25 21:30:00+00:00,0.0
5286,2013-01-25 22:00:00+00:00,0.0
5286,2013-01-25 22:30:00+00:00,0.0
5286,2013-01-25 23:00:00+00:00,0.0
5286,2013-01-25 23:30:00+00:00,0.0
5286,2013-01-26 00:00:00+00:00,0.0
5286,2013-01-26 00:30:00+00:00,0.0
5286,2013-01-26 01:00:00+00:00,0.0
5286,2013-01-26 01:30:00+00:00,0.0
5286,2013-01-26 02:00:00+00:00,0.0
5286,2013-01-26 02:30:00+00:00,0.0
5286,2013-01-26 03:00:00+00:00,0.0
5286,2013-01-26 03:30:00+00:00,0.0
5286,2013-01-26 04:00:00+00:00,0.0
5286,2013-01-26 04:30:00+00:00,0.0
5286,2013-01-26 05:00:00+00:00,0.0
5286,2013-01-26 05:30:00+00:00,0.0
5286,2013-01-26 06:00:00+00:00,0.0
5286,2013-01-26 06:30:00+00:00,0.0
5286,2013-01-26 07:00:00+00:00,0.0
5286,2013-01-26 07:30:00+00:00,0.0
5286,2013-01-26 08:00:00+00:00,0.0
5286,2013-01-26 08:30:00+00:00,110.89
5286,2013-01-26 09:00:00+00:00,426.82
5286,2013-01-26 09:30:00+00:00,579.5
5286,2013-01-26 10:00:00+00:00,604.1
5286,2013-01-26 10:30:00+00:00,660.05
5286,2013-01-26 11:00:00+00:00,682.45
5286,2013-01-26 11:30:00+00:00,718.05
5286,2013-01-26 12:00:00+00:00,751.75
5286,2013-01-26 12:30:00+00:00,794.8
5286,2013-01-26 13:00:00+00:00,751.65
5286,2013-01-26 13:30:00+00:00,478.1
5286,2013-01-26 14:00:00+00:00,375.61
5286,2013-01-26 14:30:00+00:00,290.25
5286,2013-01-26 15:00:00+00:00,141.26
5286,2013-01-26 15:30:00+00:00,101.7
5286,2013-01-26 16:00:00+00:00,63.78
5286,2013-01-26 16:30:00+00:00,7.34
5286,2013-01-26 17:00:00+00:00,0.01
5286,2013-01-26 17:30:00+00:00,0.0
5286,2013-01-26 18:00:00+00:00,0.0
5286,2013-01-26 18:30:00+00:00,0.0
5286,2013-01-26 19:00:00+00:00,0.0
5286,2013-01-26 19:30:00+00:00,0.0
5286,2013-01-26 20:00:00+00:00,0.0
5286,2013-01-26 20:30:00+00:00,0.0
5286,2013-01-26 21:00:00+00:00,0.0
5286,2013-01-26 21:30:00+00:00,0.0
5286,2013-01-26 22:00:00+00:00,0.0
5286,2013-01-26 22:30:00+00:00,0.0
5286,2013-01-26 23:00:00+00:00,0.0
5286,2013-01-26 23:30:00+00:00,0.0
5286,2013-01-27 00:00:00+00:00,0.0
5286,2013-01-27 00:30:00+00:00,0.0
5286,2013-01-27 01:00:00+00:00,0.0
5286,2013-01-27 01:30:00+00:00,0.0
5286,2013-01-27 02:00:00+00:00,0.0
5286,2013-01-27 02:30:00+00:00,0.0
5286,2013-01-27 03:00:00+00:00,0.0
5286,2013-01-27 03:30:00+00:00,0.0
5286,2013-01-27 04:00:00+00:00,0.0
5286,2013-01-27 04:30:00+00:00,0.0
5286,2013-01-27 05:00:00+00:00,0.0
5286,2013-01-27 05:30:00+00:00,0.0
5286,2013-01-27 06:00:00+00:00,0.0
5286,2013-01-27 06:30:00+00:00,0.0
5286,2013-01-27 07:00:00+00:00,0.0
5286,2013-01-27 07:30:00+00:00,0.0
5286,2013-01-27 08:00:00+00:00,0.0
5286,2013-01-27 08:30:00+00:00,0.0
5286,2013-01-27 09:00:00+00:00,10.59
5286,2013-01-27 09:30:00+00:00,7.85
5286,2013-01-27 10:00:00+00:00,109.51
5286,2013-01-27 10:30:00+00:00,731.1
5286,2013-01-27 11:00:00+00:00,766.55
5286,2013-01-27 11:30:00+00:00,824.8
5286,2013-01-27 12:00:00+00:00,820.85
5286,2013-01-27 12:30:00+00:00,834.4
5286,2013-01-27 13:00:00+00:00,767.8
5286,2013-01-27 13:30:00+00:00,724.85
5286,2013-01-27 14:00:00+00:00,597.55
5286,2013-01-27 14:30:00+00:00,322.41
5286,2013-01-27 15:00:00+00:00,323.43
5286,2013-01-27 15:30:00+00:00,214.73
5286,2013-01-27 16:00:00+00:00,57.01
5286,2013-01-27 16:30:00+00:00,9.83
5286,2013-01-27 17:00:00+00:00,0.01
5286,2013-01-27 17:30:00+00:00,0.0
5286,2013-01-27 18:00:00+00:00,0.0
5286,2013-01-27 18:30:00+00:00,0.0
5286,2013-01-27 19:00:00+00:00,0.0
5286,2013-01-27 19:30:00+00:00,0.0
5286,2013-01-27 20:00:00+00:00,0.0
5286,2013-01-27 20:30:00+00:00,0.0
5286,2013-01-27 21:00:00+00:00,0.0
5286,2013-01-27 21:30:00+00:00,0.0
5286,2013-01-27 22:00:00+00:00,0.0
5286,2013-01-27 22:30:00+00:00,0.0
5286,2013-01-27 23:00:00+00:00,0.0
5286,2013-01-27 23:30:00+00:00,0.0
5286,2013-01-28 00:00:00+00:00,0.0
5286,2013-01-28 00:30:00+00:00,0.0
5286,2013-01-28 01:00:00+00:00,0.0
5286,2013-01-28 01:30:00+00:00,0.0
5286,2013-01-28 02:00:00+00:00,0.0
5286,2013-01-28 02:30:00+00:00,0.0
5286,2013-01-28 03:00:00+00:00,0.0
5286,2013-01-28 03:30:00+00:00,0.0
5286,2013-01-28 04:00:00+00:00,0.0
5286,2013-01-28 04:30:00+00:00,0.0
5286,2013-01-28 05:00:00+00:00,0.0
5286,2013-01-28 05:30:00+00:00,0.0
5286,2013-01-28 06:00:00+00:00,0.0
5286,2013-01-28 06:30:00+00:00,0.0
5286,2013-01-28 07:00:00+00:00,0.0
5286,2013-01-28 07:30:00+00:00,0.0
5286,2013-01-28 08:00:00+00:00,2.33
5286,2013-01-28 08:30:00+00:00,133.85
5286,2013-01-28 09:00:00+00:00,382.39
5286,2013-01-28 09:30:00+00:00,571.95
5286,2013-01-28 10:00:00+00:00,675.25
5286,2013-01-28 10:30:00+00:00,434.45
5286,2013-01-28 11:00:00+00:00,319.01
5286,2013-01-28 11:30:00+00:00,209.37
5286,2013-01-28 12:00:00+00:00,253.19
5286,2013-01-28 12:30:00+00:00,127.17
5286,2013-01-28 13:00:00+00:00,69.78
5286,2013-01-28 13:30:00+00:00,78.1
5286,2013-01-28 14:00:00+00:00,30.1
5286,2013-01-28 14:30:00+00:00,13.28
5286,2013-01-28 15:00:00+00:00,13.29
5286,2013-01-28 15:30:00+00:00,18.23
5286,2013-01-28 16:00:00+00:00,6.54
5286,2013-01-28 16:30:00+00:00,0.01
5286,2013-01-28 17:00:00+00:00,0.0
5286,2013-01-28 17:30:00+00:00,0.0
5286,2013-01-28 18:00:00+00:00,0.0
5286,2013-01-28 18:30:00+00:00,0.0
5286,2013-01-28 19:00:00+00:00,0.0
5286,2013-01-28 19:30:00+00:00,0.0
5286,2013-01-28 20:00:00+00:00,0.0
5286,2013-01-28 20:30:00+00:00,0.0
5286,2013-01-28 21:00:00+00:00,0.0
5286,2013-01-28 21:30:00+00:00,0.0
5286,2013-01-28 22:00:00+00:00,0.0
5286,2013-01-28 22:30:00+00:00,0.0
5286,2013-01-28 23:00:00+00:00,0.0
5286,2013-01-28 23:30:00+00:00,0.0
5286,2013-01-29 00:00:00+00:00,0.0
5286,2013-01-29 00:30:00+00:00,0.0
5286,2013-01-29 01:00:00+00:00,0.0
5286,2013-01-29 01:30:00+00:00,0.0
5286,2013-01-29 02:00:00+00:00,0.0
5286,2013-01-29 02:30:00+00:00,0.0
5286,2013-01-29 03:00:00+00:00,0.0
5286,2013-01-29 03:30:00+00:00,0.0
5286,2013-01-29 04:00:00+00:00,0.0
5286,2013-01-29 04:30:00+00:00,0.0
5286,2013-01-29 05:00:00+00:00,0.0
5286,2013-01-29 05:30:00+00:00,0.0
5286,2013-01-29 06:00:00+00:00,0.0
5286,2013-01-29 06:30:00+00:00,0.0
5286,2013-01-29 07:00:00+00:00,0.0
5286,2013-01-29 07:30:00+00:00,0.0
5286,2013-01-29 08:00:00+00:00,0.0
5286,2013-01-29 08:30:00+00:00,0.0
5286,2013-01-29 09:00:00+00:00,0.01
5286,2013-01-29 09:30:00+00:00,6.89
5286,2013-01-29 10:00:00+00:00,21.8
5286,2013-01-29 10:30:00+00:00,22.3
5286,2013-01-29 11:00:00+00:00,79.85
5286,2013-01-29 11:30:00+00:00,72.16
5286,2013-01-29 12:00:00+00:00,45.7
5286,2013-01-29 12:30:00+00:00,57.77
5286,2013-01-29 13:00:00+00:00,47.82
5286,2013-01-29 13:30:00+00:00,39.52
5286,2013-01-29 14:00:00+00:00,28.92
5286,2013-01-29 14:30:00+00:00,15.84
5286,2013-01-29 15:00:00+00:00,8.68
5286,2013-01-29 15:30:00+00:00,2.94
5286,2013-01-29 16:00:00+00:00,0.02
5286,2013-01-29 16:30:00+00:00,0.01
5286,2013-01-29 17:00:00+00:00,0.01
5286,2013-01-29 17:30:00+00:00,0.0
5286,2013-01-29 18:00:00+00:00,0.0
5286,2013-01-29 18:30:00+00:00,0.0
5286,2013-01-29 19:00:00+00:00,0.0
5286,2013-01-29 19:30:00+00:00,0.0
5286,2013-01-29 20:00:00+00:00,0.0
5286,2013-01-29 20:30:00+00:00,0.0
5286,2013-01-29 21:00:00+00:00,0.0
5286,2013-01-29 21:30:00+00:00,0.0
5286,2013-01-29 22:00:00+00:00,0.0
5286,2013-01-29 22:30:00+00:00,0.0
5286,2013-01-29 23:00:00+00:00,0.0
5286,2013-01-29 23:30:00+00:00,0.0
5286,2013-01-30 00:00:00+00:00,0.0
5286,2013-01-30 00:30:00+00:00,0.0
5286,2013-01-30 01:00:00+00:00,0.0
5286,2013-01-30 01:30:00+00:00,0.0
5286,2013-01-30 02:00:00+00:00,0.0
5286,2013-01-30 02:30:00+00:00,0.0
5286,2013-01-30 03:00:00+00:00,0.0
5286,2013-01-30 03:30:00+00:00,0.0
5286,2013-01-30 04:00:00+00:00,0.0
5286,2013-01-30 04:30:00+00:00,0.0
5286,2013-01-30 05:00:00+00:00,0.0
5286,2013-01-30 05:30:00+00:00,0.0
5286,2013-01-30 06:00:00+00:00,0.0
5286,2013-01-30 06:30:00+00:00,0.0
5286,2013-01-30 07:00:00+00:00,0.0
5286,2013-01-30 07:30:00+00:00,0.0
5286,2013-01-30 08:00:00+00:00,0.0
5286,2013-01-30 08:30:00+00:00,30.04
5286,2013-01-30 09:00:00+00:00,177.53
5286,2013-01-30 09:30:00+00:00,94.44
5286,2013-01-30 10:00:00+00:00,228.07
5286,2013-01-30 10:30:00+00:00,315.06
5286,2013-01-30 11:00:00+00:00,404.6
5286,2013-01-30 11:30:00+00:00,812.4
5286,2013-01-30 12:00:00+00:00,728.05
5286,2013-01-30 12:30:00+00:00,756.75
5286,2013-01-30 13:00:00+00:00,548.65
5286,2013-01-30 13:30:00+00:00,510.35
5286,2013-01-30 14:00:00+00:00,531.75
5286,2013-01-30 14:30:00+00:00,569.4
5286,2013-01-30 15:00:00+00:00,379.61
5286,2013-01-30 15:30:00+00:00,242.63
5286,2013-01-30 16:00:00+00:00,116.77
5286,2013-01-30 16:30:00+00:00,19.29
5286,2013-01-30 17:00:00+00:00,0.01
5286,2013-01-30 17:30:00+00:00,0.0
5286,2013-01-30 18:00:00+00:00,0.0
5286,2013-01-30 18:30:00+00:00,0.0
5286,2013-01-30 19:00:00+00:00,0.0
5286,2013-01-30 19:30:00+00:00,0.0
5286,2013-01-30 20:00:00+00:00,0.0
5286,2013-01-30 20:30:00+00:00,0.0
5286,2013-01-30 21:00:00+00:00,0.0
5286,2013-01-30 21:30:00+00:00,0.0
5286,2013-01-30 22:00:00+00:00,0.0
5286,2013-01-30 22:30:00+00:00,0.0
5286,2013-01-30 23:00:00+00:00,0.0
5286,2013-01-30 23:30:00+00:00,0.0
5286,2013-01-31 00:00:00+00:00,0.0
5286,2013-01-31 00:30:00+00:00,0.0
5286,2013-01-31 01:00:00+00:00,0.0
5286,2013-01-31 01:30:00+00:00,0.0
5286,2013-01-31 02:00:00+00:00,0.0
5286,2013-01-31 02:30:00+00:00,0.0
5286,2013-01-31 03:00:00+00:00,0.0
5286,2013-01-31 03:30:00+00:00,0.0
5286,2013-01-31 04:00:00+00:00,0.0
5286,2013-01-31 04:30:00+00:00,0.0
5286,2013-01-31 05:00:00+00:00,0.0
5286,2013-01-31 05:30:00+00:00,0.0
5286,2013-01-31 06:00:00+00:00,0.0
5286,2013-01-31 06:30:00+00:00,0.0
5286,2013-01-31 07:00:00+00:00,0.0
5286,2013-01-31 07:30:00+00:00,0.0
5286,2013-01-31 08:00:00+00:00,0.0
5286,2013-01-31 08:30:00+00:00,18.09
5286,2013-01-31 09:00:00+00:00,182.93
5286,2013-01-31 09:30:00+00:00,413.17
5286,2013-01-31 10:00:00+00:00,519.35
5286,2013-01-31 10:30:00+00:00,170.58
5286,2013-01-31 11:00:00+00:00,116.83
5286,2013-01-31 11:30:00+00:00,716.75
5286,2013-01-31 12:00:00+00:00,796.6
5286,2013-01-31 12:30:00+00:00,609.9
5286,2013-01-31 13:00:00+00:00,737.0
5286,2013-01-31 13:30:00+00:00,735.4
5286,2013-01-31 14:00:00+00:00,590.6
5286,2013-01-31 14:30:00+00:00,292.94
5286,2013-01-31 15:00:00+00:00,172.03
5286,2013-01-31 15:30:00+00:00,231.4
5286,2013-01-31 16:00:00+00:00,91.1
5286,2013-01-31 16:30:00+00:00,20.36
5286,2013-01-31 17:00:00+00:00,0.01
5286,2013-01-31 17:30:00+00:00,0.01
5286,2013-01-31 18:00:00+00:00,0.0
5286,2013-01-31 18:30:00+00:00,0.0
5286,2013-01-31 19:00:00+00:00,0.0
5286,2013-01-31 19:30:00+00:00,0.0
5286,2013-01-31 20:00:00+00:00,0.0
5286,2013-01-31 20:30:00+00:00,0.0
5286,2013-01-31 21:00:00+00:00,0.0
5286,2013-01-31 21:30:00+00:00,0.0
5286,2013-01-31 22:00:00+00:00,0.0
5286,2013-01-31 22:30:00+00:00,0.0
5286,2013-01-31 23:00:00+00:00,0.0
5286,2013-01-31 23:30:00+00:00,0.0
5286,2013-02-01 00:30:00+00:00,0.0
5286,2013-02-01 01:00:00+00:00,0.0
5286,2013-02-01 01:30:00+00:00,0.0
5286,2013-02-01 02:00:00+00:00,0.0
5286,2013-02-01 02:30:00+00:00,0.0
5286,2013-02-01 03:00:00+00:00,0.0
5286,2013-02-01 03:30:00+00:00,0.0
5286,2013-02-01 04:00:00+00:00,0.0
5286,2013-02-01 04:30:00+00:00,0.0
5286,2013-02-01 05:00:00+00:00,0.0
5286,2013-02-01 05:30:00+00:00,0.0
5286,2013-02-01 06:00:00+00:00,0.0
5286,2013-02-01 06:30:00+00:00,0.0
5286,2013-02-01 07:00:00+00:00,0.0
5286,2013-02-01 07:30:00+00:00,0.0
5286,2013-02-01 08:00:00+00:00,0.0
5286,2013-02-01 08:30:00+00:00,0.01
5286,2013-02-01 09:00:00+00:00,0.01
5286,2013-02-01 09:30:00+00:00,0.03
5286,2013-02-01 10:00:00+00:00,18.64
5286,2013-02-01 10:30:00+00:00,78.36
5286,2013-02-01 11:00:00+00:00,89.27
5286,2013-02-01 11:30:00+00:00,74.05
5286,2013-02-01 12:00:00+00:00,99.15
5286,2013-02-01 12:30:00+00:00,164.84
5286,2013-02-01 13:00:00+00:00,301.02
5286,2013-02-01 13:30:00+00:00,474.0
5286,2013-02-01 14:00:00+00:00,250.84
5286,2013-02-01 14:30:00+00:00,307.72
5286,2013-02-01 15:00:00+00:00,231.45
5286,2013-02-01 15:30:00+00:00,165.11
5286,2013-02-01 16:00:00+00:00,49.85
5286,2013-02-01 16:30:00+00:00,8.94
5286,2013-02-01 17:00:00+00:00,0.01
5286,2013-02-01 17:30:00+00:00,0.0
5286,2013-02-01 18:00:00+00:00,0.0
5286,2013-02-01 18:30:00+00:00,0.0
5286,2013-02-01 19:00:00+00:00,0.0
5286,2013-02-01 19:30:00+00:00,0.0
5286,2013-02-01 20:00:00+00:00,0.0
5286,2013-02-01 20:30:00+00:00,0.0
5286,2013-02-01 21:00:00+00:00,0.0
5286,2013-02-01 21:30:00+00:00,0.0
5286,2013-02-01 22:00:00+00:00,0.0
5286,2013-02-01 22:30:00+00:00,0.0
5286,2013-02-01 23:00:00+00:00,0.0
5286,2013-02-01 23:30:00+00:00,0.0
5286,2013-02-02 00:00:00+00:00,0.0
5286,2013-02-02 00:30:00+00:00,0.0
5286,2013-02-02 01:00:00+00:00,0.0
5286,2013-02-02 01:30:00+00:00,0.0
5286,2013-02-02 02:00:00+00:00,0.0
5286,2013-02-02 02:30:00+00:00,0.0
5286,2013-02-02 03:00:00+00:00,0.0
5286,2013-02-02 03:30:00+00:00,0.0
5286,2013-02-02 04:00:00+00:00,0.0
5286,2013-02-02 04:30:00+00:00,0.0
5286,2013-02-02 05:00:00+00:00,0.0
5286,2013-02-02 05:30:00+00:00,0.0
5286,2013-02-02 06:00:00+00:00,0.0
5286,2013-02-02 06:30:00+00:00,0.0
5286,2013-02-02 07:00:00+00:00,0.0
5286,2013-02-02 07:30:00+00:00,0.0
5286,2013-02-02 08:00:00+00:00,9.03
5286,2013-02-02 08:30:00+00:00,130.28
5286,2013-02-02 09:00:00+00:00,386.34
5286,2013-02-02 09:30:00+00:00,464.9
5286,2013-02-02 10:00:00+00:00,314.83
5286,2013-02-02 10:30:00+00:00,425.39
5286,2013-02-02 11:00:00+00:00,725.35
5286,2013-02-02 11:30:00+00:00,825.4
5286,2013-02-02 12:00:00+00:00,441.32
5286,2013-02-02 12:30:00+00:00,165.64
5286,2013-02-02 13:00:00+00:00,236.97
5286,2013-02-02 13:30:00+00:00,123.73
5286,2013-02-02 14:00:00+00:00,236.93
5286,2013-02-02 14:30:00+00:00,582.7
5286,2013-02-02 15:00:00+00:00,155.15
5286,2013-02-02 15:30:00+00:00,79.67
5286,2013-02-02 16:00:00+00:00,7.92
5286,2013-02-02 16:30:00+00:00,1.47
5286,2013-02-02 17:00:00+00:00,0.01
5286,2013-02-02 17:30:00+00:00,0.0
5286,2013-02-02 18:00:00+00:00,0.0
5286,2013-02-02 18:30:00+00:00,0.0
5286,2013-02-02 19:00:00+00:00,0.0
5286,2013-02-02 19:30:00+00:00,0.0
5286,2013-02-02 20:00:00+00:00,0.0
5286,2013-02-02 20:30:00+00:00,0.0
5286,2013-02-02 21:00:00+00:00,0.0
5286,2013-02-02 21:30:00+00:00,0.0
5286,2013-02-02 22:00:00+00:00,0.0
5286,2013-02-02 22:30:00+00:00,0.0
5286,2013-02-02 23:00:00+00:00,0.0
5286,2013-02-02 23:30:00+00:00,0.0
5286,2013-02-03 00:00:00+00:00,0.0
5286,2013-02-03 00:30:00+00:00,0.0
5286,2013-02-03 01:00:00+00:00,0.0
5286,2013-02-03 01:30:00+00:00,0.0
5286,2013-02-03 02:00:00+00:00,0.0
5286,2013-02-03 02:30:00+00:00,0.0
5286,2013-02-03 03:00:00+00:00,0.0
5286,2013-02-03 03:30:00+00:00,0.0
5286,2013-02-03 04:00:00+00:00,0.0
5286,2013-02-03 04:30:00+00:00,0.0
5286,2013-02-03 05:00:00+00:00,0.0
5286,2013-02-03 05:30:00+00:00,0.0
5286,2013-02-03 06:00:00+00:00,0.0
5286,2013-02-03 06:30:00+00:00,0.0
5286,2013-02-03 07:00:00+00:00,0.0
5286,2013-02-03 07:30:00+00:00,0.0
5286,2013-02-03 08:00:00+00:00,0.0
5286,2013-02-03 08:30:00+00:00,12.25
5286,2013-02-03 09:00:00+00:00,31.71
5286,2013-02-03 09:30:00+00:00,47.23
5286,2013-02-03 10:00:00+00:00,44.87
5286,2013-02-03 10:30:00+00:00,57.58
5286,2013-02-03 11:00:00+00:00,65.5
5286,2013-02-03 11:30:00+00:00,62.27
5286,2013-02-03 12:00:00+00:00,85.32
5286,2013-02-03 12:30:00+00:00,80.56
5286,2013-02-03 13:00:00+00:00,78.91
5286,2013-02-03 13:30:00+00:00,62.25
5286,2013-02-03 14:00:00+00:00,73.57
5286,2013-02-03 14:30:00+00:00,35.2
5286,2013-02-03 15:00:00+00:00,43.6
5286,2013-02-03 15:30:00+00:00,32.72
5286,2013-02-03 16:00:00+00:00,11.43
5286,2013-02-03 16:30:00+00:00,1.5
5286,2013-02-03 17:00:00+00:00,0.01
5286,2013-02-03 17:30:00+00:00,0.0
5286,2013-02-03 18:00:00+00:00,0.0
5286,2013-02-03 18:30:00+00:00,0.0
5286,2013-02-03 19:00:00+00:00,0.0
5286,2013-02-03 19:30:00+00:00,0.0
5286,2013-02-03 20:00:00+00:00,0.0
5286,2013-02-03 20:30:00+00:00,0.0
5286,2013-02-03 21:00:00+00:00,0.0
5286,2013-02-03 21:30:00+00:00,0.0
5286,2013-02-03 22:00:00+00:00,0.0
5286,2013-02-03 22:30:00+00:00,0.0
5286,2013-02-03 23:00:00+00:00,0.0
5286,2013-02-03 23:30:00+00:00,0.0
5286,2013-02-04 00:00:00+00:00,0.0
5286,2013-02-04 00:30:00+00:00,0.0
5286,2013-02-04 01:00:00+00:00,0.0
5286,2013-02-04 01:30:00+00:00,0.0
5286,2013-02-04 02:00:00+00:00,0.0
5286,2013-02-04 02:30:00+00:00,0.0
5286,2013-02-04 03:00:00+00:00,0.0
5286,2013-02-04 03:30:00+00:00,0.0
5286,2013-02-04 04:00:00+00:00,0.0
5286,2013-02-04 04:30:00+00:00,0.0
5286,2013-02-04 05:00:00+00:00,0.0
5286,2013-02-04 05:30:00+00:00,0.0
5286,2013-02-04 06:00:00+00:00,0.0
5286,2013-02-04 06:30:00+00:00,0.0
5286,2013-02-04 07:00:00+00:00,0.0
5286,2013-02-04 07:30:00+00:00,0.0
5286,2013-02-04 08:00:00+00:00,0.02
5286,2013-02-04 08:30:00+00:00,6.81
5286,2013-02-04 09:00:00+00:00,99.41
5286,2013-02-04 09:30:00+00:00,368.0
5286,2013-02-04 10:00:00+00:00,614.05
5286,2013-02-04 10:30:00+00:00,767.5
5286,2013-02-04 11:00:00+00:00,847.8
5286,2013-02-04 11:30:00+00:00,875.85
5286,2013-02-04 12:00:00+00:00,522.9
5286,2013-02-04 12:30:00+00:00,269.65
5286,2013-02-04 13:00:00+00:00,569.25
5286,2013-02-04 13:30:00+00:00,729.0
5286,2013-02-04 14:00:00+00:00,540.0
5286,2013-02-04 14:30:00+00:00,326.87
5286,2013-02-04 15:00:00+00:00,120.42
5286,2013-02-04 15:30:00+00:00,173.05
5286,2013-02-04 16:00:00+00:00,93.65
5286,2013-02-04 16:30:00+00:00,14.09
5286,2013-02-04 17:00:00+00:00,0.01
5286,2013-02-04 17:30:00+00:00,0.0
5286,2013-02-04 18:00:00+00:00,0.0
5286,2013-02-04 18:30:00+00:00,0.0
5286,2013-02-04 19:00:00+00:00,0.0
5286,2013-02-04 19:30:00+00:00,0.0
5286,2013-02-04 20:00:00+00:00,0.0
5286,2013-02-04 20:30:00+00:00,0.0
5286,2013-02-04 21:00:00+00:00,0.0
5286,2013-02-04 21:30:00+00:00,0.0
5286,2013-02-04 22:00:00+00:00,0.0
5286,2013-02-04 22:30:00+00:00,0.0
5286,2013-02-04 23:00:00+00:00,0.0
5286,2013-02-04 23:30:00+00:00,0.0
5286,2013-02-05 00:00:00+00:00,0.0
5286,2013-02-05 00:30:00+00:00,0.0
5286,2013-02-05 01:00:00+00:00,0.0
5286,2013-02-05 01:30:00+00:00,0.0
5286,2013-02-05 02:00:00+00:00,0.0
5286,2013-02-05 02:30:00+00:00,0.0
5286,2013-02-05 03:00:00+00:00,0.0
5286,2013-02-05 03:30:00+00:00,0.0
5286,2013-02-05 04:00:00+00:00,0.0
5286,2013-02-05 04:30:00+00:00,0.0
5286,2013-02-05 05:00:00+00:00,0.0
5286,2013-02-05 05:30:00+00:00,0.0
5286,2013-02-05 06:00:00+00:00,0.0
5286,2013-02-05 06:30:00+00:00,0.0
5286,2013-02-05 07:00:00+00:00,0.0
5286,2013-02-05 07:30:00+00:00,0.0
5286,2013-02-05 08:00:00+00:00,5.27
5286,2013-02-05 08:30:00+00:00,210.05
5286,2013-02-05 09:00:00+00:00,384.51
5286,2013-02-05 09:30:00+00:00,559.9
5286,2013-02-05 10:00:00+00:00,751.2
5286,2013-02-05 10:30:00+00:00,781.7
5286,2013-02-05 11:00:00+00:00,667.4
5286,2013-02-05 11:30:00+00:00,418.83
5286,2013-02-05 12:00:00+00:00,690.2
5286,2013-02-05 12:30:00+00:00,421.77
5286,2013-02-05 13:00:00+00:00,506.0
5286,2013-02-05 13:30:00+00:00,442.87
5286,2013-02-05 14:00:00+00:00,415.88
5286,2013-02-05 14:30:00+00:00,337.36
5286,2013-02-05 15:00:00+00:00,348.24
5286,2013-02-05 15:30:00+00:00,138.24
5286,2013-02-05 16:00:00+00:00,48.6
5286,2013-02-05 16:30:00+00:00,4.78
5286,2013-02-05 17:00:00+00:00,0.01
5286,2013-02-05 17:30:00+00:00,0.01
5286,2013-02-05 18:00:00+00:00,0.0
5286,2013-02-05 18:30:00+00:00,0.0
5286,2013-02-05 19:00:00+00:00,0.0
5286,2013-02-05 19:30:00+00:00,0.0
5286,2013-02-05 20:00:00+00:00,0.0
5286,2013-02-05 20:30:00+00:00,0.0
5286,2013-02-05 21:00:00+00:00,0.0
5286,2013-02-05 21:30:00+00:00,0.0
5286,2013-02-05 22:00:00+00:00,0.0
5286,2013-02-05 22:30:00+00:00,0.0
5286,2013-02-05 23:00:00+00:00,0.0
5286,2013-02-05 23:30:00+00:00,0.0
5286,2013-02-06 00:00:00+00:00,0.0
5286,2013-02-06 00:30:00+00:00,0.0
5286,2013-02-06 01:00:00+00:00,0.0
5286,2013-02-06 01:30:00+00:00,0.0
5286,2013-02-06 02:00:00+00:00,0.0
5286,2013-02-06 02:30:00+00:00,0.0
5286,2013-02-06 03:00:00+00:00,0.0
5286,2013-02-06 03:30:00+00:00,0.0
5286,2013-02-06 04:00:00+00:00,0.0
5286,2013-02-06 04:30:00+00:00,0.0
5286,2013-02-06 05:00:00+00:00,0.0
5286,2013-02-06 05:30:00+00:00,0.0
5286,2013-02-06 06:00:00+00:00,0.0
5286,2013-02-06 06:30:00+00:00,0.0
5286,2013-02-06 07:00:00+00:00,0.0
5286,2013-02-06 07:30:00+00:00,0.0
5286,2013-02-06 08:00:00+00:00,0.01
5286,2013-02-06 08:30:00+00:00,6.82
5286,2013-02-06 09:00:00+00:00,22.75
5286,2013-02-06 09:30:00+00:00,271.1
5286,2013-02-06 10:00:00+00:00,506.75
5286,2013-02-06 10:30:00+00:00,238.43
5286,2013-02-06 11:00:00+00:00,69.3
5286,2013-02-06 11:30:00+00:00,115.82
5286,2013-02-06 12:00:00+00:00,161.14
5286,2013-02-06 12:30:00+00:00,156.12
5286,2013-02-06 13:00:00+00:00,405.35
5286,2013-02-06 13:30:00+00:00,131.95
5286,2013-02-06 14:00:00+00:00,147.55
5286,2013-02-06 14:30:00+00:00,285.99
5286,2013-02-06 15:00:00+00:00,45.22
5286,2013-02-06 15:30:00+00:00,16.16
5286,2013-02-06 16:00:00+00:00,29.83
5286,2013-02-06 16:30:00+00:00,42.11
5286,2013-02-06 17:00:00+00:00,0.01
5286,2013-02-06 17:30:00+00:00,0.01
5286,2013-02-06 18:00:00+00:00,0.0
5286,2013-02-06 18:30:00+00:00,0.0
5286,2013-02-06 19:00:00+00:00,0.0
5286,2013-02-06 19:30:00+00:00,0.0
5286,2013-02-06 20:00:00+00:00,0.0
5286,2013-02-06 20:30:00+00:00,0.0
5286,2013-02-06 21:00:00+00:00,0.0
5286,2013-02-06 21:30:00+00:00,0.0
5286,2013-02-06 22:00:00+00:00,0.0
5286,2013-02-06 22:30:00+00:00,0.0
5286,2013-02-06 23:00:00+00:00,0.0
5286,2013-02-06 23:30:00+00:00,0.0
5286,2013-02-07 00:00:00+00:00,0.0
5286,2013-02-07 00:30:00+00:00,0.0
5286,2013-02-07 01:00:00+00:00,0.0
5286,2013-02-07 01:30:00+00:00,0.0
5286,2013-02-07 02:00:00+00:00,0.0
5286,2013-02-07 02:30:00+00:00,0.0
5286,2013-02-07 03:00:00+00:00,0.0
5286,2013-02-07 03:30:00+00:00,0.0
5286,2013-02-07 04:00:00+00:00,0.0
5286,2013-02-07 04:30:00+00:00,0.0
5286,2013-02-07 05:00:00+00:00,0.0
5286,2013-02-07 05:30:00+00:00,0.0
5286,2013-02-07 06:00:00+00:00,0.0
5286,2013-02-07 06:30:00+00:00,0.0
5286,2013-02-07 07:00:00+00:00,0.0
5286,2013-02-07 07:30:00+00:00,0.0
5286,2013-02-07 08:00:00+00:00,42.9
5286,2013-02-07 08:30:00+00:00,296.18
5286,2013-02-07 09:00:00+00:00,533.2
5286,2013-02-07 09:30:00+00:00,696.8
5286,2013-02-07 10:00:00+00:00,698.7
5286,2013-02-07 10:30:00+00:00,665.3
5286,2013-02-07 11:00:00+00:00,787.5
5286,2013-02-07 11:30:00+00:00,495.6
5286,2013-02-07 12:00:00+00:00,281.62
5286,2013-02-07 12:30:00+00:00,433.59
5286,2013-02-07 13:00:00+00:00,447.99
5286,2013-02-07 13:30:00+00:00,593.3
5286,2013-02-07 14:00:00+00:00,730.4
5286,2013-02-07 14:30:00+00:00,356.58
5286,2013-02-07 15:00:00+00:00,258.12
5286,2013-02-07 15:30:00+00:00,109.67
5286,2013-02-07 16:00:00+00:00,36.65
5286,2013-02-07 16:30:00+00:00,27.77
5286,2013-02-07 17:00:00+00:00,2.09
5286,2013-02-07 17:30:00+00:00,0.0
5286,2013-02-07 18:00:00+00:00,0.0
5286,2013-02-07 18:30:00+00:00,0.0
5286,2013-02-07 19:00:00+00:00,0.0
5286,2013-02-07 19:30:00+00:00,0.0
5286,2013-02-07 20:00:00+00:00,0.0
5286,2013-02-07 20:30:00+00:00,0.0
5286,2013-02-07 21:00:00+00:00,0.0
5286,2013-02-07 21:30:00+00:00,0.0
5286,2013-02-07 22:00:00+00:00,0.0
5286,2013-02-07 22:30:00+00:00,0.0
5286,2013-02-07 23:00:00+00:00,0.0
5286,2013-02-07 23:30:00+00:00,0.0
5286,2013-02-08 00:00:00+00:00,0.0
5286,2013-02-08 00:30:00+00:00,0.0
5286,2013-02-08 01:00:00+00:00,0.0
5286,2013-02-08 01:30:00+00:00,0.0
5286,2013-02-08 02:00:00+00:00,0.0
5286,2013-02-08 02:30:00+00:00,0.0
5286,2013-02-08 03:00:00+00:00,0.0
5286,2013-02-08 03:30:00+00:00,0.0
5286,2013-02-08 04:00:00+00:00,0.0
5286,2013-02-08 04:30:00+00:00,0.0
5286,2013-02-08 05:00:00+00:00,0.0
5286,2013-02-08 05:30:00+00:00,0.0
5286,2013-02-08 06:00:00+00:00,0.0
5286,2013-02-08 06:30:00+00:00,0.0
5286,2013-02-08 07:00:00+00:00,0.0
5286,2013-02-08 07:30:00+00:00,0.0
5286,2013-02-08 08:00:00+00:00,36.29
5286,2013-02-08 08:30:00+00:00,304.25
5286,2013-02-08 09:00:00+00:00,523.3
5286,2013-02-08 09:30:00+00:00,622.5
5286,2013-02-08 10:00:00+00:00,755.9
5286,2013-02-08 10:30:00+00:00,812.05
5286,2013-02-08 11:00:00+00:00,831.9
5286,2013-02-08 11:30:00+00:00,684.45
5286,2013-02-08 12:00:00+00:00,806.95
5286,2013-02-08 12:30:00+00:00,865.55
5286,2013-02-08 13:00:00+00:00,644.35
5286,2013-02-08 13:30:00+00:00,512.0
5286,2013-02-08 14:00:00+00:00,383.52
5286,2013-02-08 14:30:00+00:00,212.79
5286,2013-02-08 15:00:00+00:00,131.18
5286,2013-02-08 15:30:00+00:00,103.22
5286,2013-02-08 16:00:00+00:00,52.92
5286,2013-02-08 16:30:00+00:00,2.9
5286,2013-02-08 17:00:00+00:00,0.01
5286,2013-02-08 17:30:00+00:00,0.01
5286,2013-02-08 18:00:00+00:00,0.0
5286,2013-02-08 18:30:00+00:00,0.0
5286,2013-02-08 19:00:00+00:00,0.0
5286,2013-02-08 19:30:00+00:00,0.0
5286,2013-02-08 20:00:00+00:00,0.0
5286,2013-02-08 20:30:00+00:00,0.0
5286,2013-02-08 21:00:00+00:00,0.0
5286,2013-02-08 21:30:00+00:00,0.0
5286,2013-02-08 22:00:00+00:00,0.0
5286,2013-02-08 22:30:00+00:00,0.0
5286,2013-02-08 23:00:00+00:00,0.0
5286,2013-02-08 23:30:00+00:00,0.0
5286,2013-02-09 00:00:00+00:00,0.0
5286,2013-02-09 00:30:00+00:00,0.0
5286,2013-02-09 01:00:00+00:00,0.0
5286,2013-02-09 01:30:00+00:00,0.0
5286,2013-02-09 02:00:00+00:00,0.0
5286,2013-02-09 02:30:00+00:00,0.0
5286,2013-02-09 03:00:00+00:00,0.0
5286,2013-02-09 03:30:00+00:00,0.0
5286,2013-02-09 04:00:00+00:00,0.0
5286,2013-02-09 04:30:00+00:00,0.0
5286,2013-02-09 05:00:00+00:00,0.0
5286,2013-02-09 05:30:00+00:00,0.0
5286,2013-02-09 06:00:00+00:00,0.0
5286,2013-02-09 06:30:00+00:00,0.0
5286,2013-02-09 07:00:00+00:00,0.0
5286,2013-02-09 07:30:00+00:00,0.0
5286,2013-02-09 08:00:00+00:00,4.07
5286,2013-02-09 08:30:00+00:00,7.12
5286,2013-02-09 09:00:00+00:00,70.13
5286,2013-02-09 09:30:00+00:00,114.09
5286,2013-02-09 10:00:00+00:00,107.87
5286,2013-02-09 10:30:00+00:00,117.06
5286,2013-02-09 11:00:00+00:00,123.51
5286,2013-02-09 11:30:00+00:00,124.78
5286,2013-02-09 12:00:00+00:00,138.58
5286,2013-02-09 12:30:00+00:00,107.32
5286,2013-02-09 13:00:00+00:00,74.28
5286,2013-02-09 13:30:00+00:00,72.29
5286,2013-02-09 14:00:00+00:00,50.77
5286,2013-02-09 14:30:00+00:00,22.22
5286,2013-02-09 15:00:00+00:00,18.73
5286,2013-02-09 15:30:00+00:00,42.65
5286,2013-02-09 16:00:00+00:00,6.2
5286,2013-02-09 16:30:00+00:00,1.28
5286,2013-02-09 17:00:00+00:00,0.01
5286,2013-02-09 17:30:00+00:00,0.01
5286,2013-02-09 18:00:00+00:00,0.0
5286,2013-02-09 18:30:00+00:00,0.0
5286,2013-02-09 19:00:00+00:00,0.0
5286,2013-02-09 19:30:00+00:00,0.0
5286,2013-02-09 20:00:00+00:00,0.0
5286,2013-02-09 20:30:00+00:00,0.0
5286,2013-02-09 21:00:00+00:00,0.0
5286,2013-02-09 21:30:00+00:00,0.0
5286,2013-02-09 22:00:00+00:00,0.0
5286,2013-02-09 22:30:00+00:00,0.0
5286,2013-02-09 23:00:00+00:00,0.0
5286,2013-02-09 23:30:00+00:00,0.0
5286,2013-02-10 00:00:00+00:00,0.0
5286,2013-02-10 00:30:00+00:00,0.0
5286,2013-02-10 01:00:00+00:00,0.0
5286,2013-02-10 01:30:00+00:00,0.0
5286,2013-02-10 02:00:00+00:00,0.0
5286,2013-02-10 02:30:00+00:00,0.0
5286,2013-02-10 03:00:00+00:00,0.0
5286,2013-02-10 03:30:00+00:00,0.0
5286,2013-02-10 04:00:00+00:00,0.0
5286,2013-02-10 04:30:00+00:00,0.0
5286,2013-02-10 05:00:00+00:00,0.0
5286,2013-02-10 05:30:00+00:00,0.0
5286,2013-02-10 06:00:00+00:00,0.0
5286,2013-02-10 06:30:00+00:00,0.0
5286,2013-02-10 07:00:00+00:00,0.0
5286,2013-02-10 07:30:00+00:00,0.0
5286,2013-02-10 08:00:00+00:00,0.0
5286,2013-02-10 08:30:00+00:00,0.11
5286,2013-02-10 09:00:00+00:00,9.93
5286,2013-02-10 09:30:00+00:00,27.79
5286,2013-02-10 10:00:00+00:00,43.83
5286,2013-02-10 10:30:00+00:00,31.57
5286,2013-02-10 11:00:00+00:00,31.75
5286,2013-02-10 11:30:00+00:00,40.12
5286,2013-02-10 12:00:00+00:00,44.8
5286,2013-02-10 12:30:00+00:00,69.98
5286,2013-02-10 13:00:00+00:00,82.45
5286,2013-02-10 13:30:00+00:00,36.2
5286,2013-02-10 14:00:00+00:00,22.64
5286,2013-02-10 14:30:00+00:00,22.03
5286,2013-02-10 15:00:00+00:00,16.93
5286,2013-02-10 15:30:00+00:00,3.65
5286,2013-02-10 16:00:00+00:00,0.0
5286,2013-02-10 16:30:00+00:00,0.01
5286,2013-02-10 17:00:00+00:00,0.0
5286,2013-02-10 17:30:00+00:00,0.01
5286,2013-02-10 18:00:00+00:00,0.0
5286,2013-02-10 18:30:00+00:00,0.0
5286,2013-02-10 19:00:00+00:00,0.0
5286,2013-02-10 19:30:00+00:00,0.0
5286,2013-02-10 20:00:00+00:00,0.0
5286,2013-02-10 20:30:00+00:00,0.0
5286,2013-02-10 21:00:00+00:00,0.0
5286,2013-02-10 21:30:00+00:00,0.0
5286,2013-02-10 22:00:00+00:00,0.0
5286,2013-02-10 22:30:00+00:00,0.0
5286,2013-02-10 23:00:00+00:00,0.0
5286,2013-02-10 23:30:00+00:00,0.0
5286,2013-02-11 00:00:00+00:00,0.0
5286,2013-02-11 00:30:00+00:00,0.0
5286,2013-02-11 01:00:00+00:00,0.0
5286,2013-02-11 01:30:00+00:00,0.0
5286,2013-02-11 02:00:00+00:00,0.0
5286,2013-02-11 02:30:00+00:00,0.0
5286,2013-02-11 03:00:00+00:00,0.0
5286,2013-02-11 03:30:00+00:00,0.0
5286,2013-02-11 04:00:00+00:00,0.0
5286,2013-02-11 04:30:00+00:00,0.0
5286,2013-02-11 05:00:00+00:00,0.0
5286,2013-02-11 05:30:00+00:00,0.0
5286,2013-02-11 06:00:00+00:00,0.0
5286,2013-02-11 06:30:00+00:00,0.0
5286,2013-02-11 07:00:00+00:00,0.0
5286,2013-02-11 07:30:00+00:00,0.0
5286,2013-02-11 08:00:00+00:00,0.0
5286,2013-02-11 08:30:00+00:00,0.01
5286,2013-02-11 09:00:00+00:00,0.0
5286,2013-02-11 09:30:00+00:00,0.82
5286,2013-02-11 10:00:00+00:00,1.81
5286,2013-02-11 10:30:00+00:00,0.0
5286,2013-02-11 11:00:00+00:00,0.01
5286,2013-02-11 11:30:00+00:00,0.02
5286,2013-02-11 12:00:00+00:00,0.98
5286,2013-02-11 12:30:00+00:00,16.14
5286,2013-02-11 13:00:00+00:00,24.67
5286,2013-02-11 13:30:00+00:00,27.3
5286,2013-02-11 14:00:00+00:00,55.6
5286,2013-02-11 14:30:00+00:00,49.65
5286,2013-02-11 15:00:00+00:00,38.67
5286,2013-02-11 15:30:00+00:00,8.93
5286,2013-02-11 16:00:00+00:00,2.31
5286,2013-02-11 16:30:00+00:00,0.78
5286,2013-02-11 17:00:00+00:00,0.01
5286,2013-02-11 17:30:00+00:00,0.0
5286,2013-02-11 18:00:00+00:00,0.0
5286,2013-02-11 18:30:00+00:00,0.0
5286,2013-02-11 19:00:00+00:00,0.0
5286,2013-02-11 19:30:00+00:00,0.0
5286,2013-02-11 20:00:00+00:00,0.0
5286,2013-02-11 20:30:00+00:00,0.0
5286,2013-02-11 21:00:00+00:00,0.0
5286,2013-02-11 21:30:00+00:00,0.0
5286,2013-02-11 22:00:00+00:00,0.0
5286,2013-02-11 22:30:00+00:00,0.0
5286,2013-02-11 23:00:00+00:00,0.0
5286,2013-02-11 23:30:00+00:00,0.0
5286,2013-02-12 00:00:00+00:00,0.0
5286,2013-02-12 00:30:00+00:00,0.0
5286,2013-02-12 01:00:00+00:00,0.0
5286,2013-02-12 01:30:00+00:00,0.0
5286,2013-02-12 02:00:00+00:00,0.0
5286,2013-02-12 02:30:00+00:00,0.0
5286,2013-02-12 03:00:00+00:00,0.0
5286,2013-02-12 03:30:00+00:00,0.0
5286,2013-02-12 04:00:00+00:00,0.0
5286,2013-02-12 04:30:00+00:00,0.0
5286,2013-02-12 05:00:00+00:00,0.0
5286,2013-02-12 05:30:00+00:00,0.0
5286,2013-02-12 06:00:00+00:00,0.0
5286,2013-02-12 06:30:00+00:00,0.0
5286,2013-02-12 07:00:00+00:00,0.0
5286,2013-02-12 07:30:00+00:00,0.0
5286,2013-02-12 08:00:00+00:00,0.01
5286,2013-02-12 08:30:00+00:00,0.97
5286,2013-02-12 09:00:00+00:00,12.81
5286,2013-02-12 09:30:00+00:00,18.93
5286,2013-02-12 10:00:00+00:00,22.79
5286,2013-02-12 10:30:00+00:00,34.36
5286,2013-02-12 11:00:00+00:00,45.09
5286,2013-02-12 11:30:00+00:00,51.11
5286,2013-02-12 12:00:00+00:00,48.04
5286,2013-02-12 12:30:00+00:00,59.9
5286,2013-02-12 13:00:00+00:00,62.38
5286,2013-02-12 13:30:00+00:00,41.31
5286,2013-02-12 14:00:00+00:00,24.89
5286,2013-02-12 14:30:00+00:00,37.6
5286,2013-02-12 15:00:00+00:00,51.84
5286,2013-02-12 15:30:00+00:00,30.11
5286,2013-02-12 16:00:00+00:00,4.42
5286,2013-02-12 16:30:00+00:00,0.01
5286,2013-02-12 17:00:00+00:00,0.0
5286,2013-02-12 17:30:00+00:00,0.01
5286,2013-02-12 18:00:00+00:00,0.0
5286,2013-02-12 18:30:00+00:00,0.0
5286,2013-02-12 19:00:00+00:00,0.0
5286,2013-02-12 19:30:00+00:00,0.0
5286,2013-02-12 20:00:00+00:00,0.0
5286,2013-02-12 20:30:00+00:00,0.0
5286,2013-02-12 21:00:00+00:00,0.0
5286,2013-02-12 21:30:00+00:00,0.0
5286,2013-02-12 22:00:00+00:00,0.0
5286,2013-02-12 22:30:00+00:00,0.0
5286,2013-02-12 23:00:00+00:00,0.0
5286,2013-02-12 23:30:00+00:00,0.0
5286,2013-02-13 00:00:00+00:00,0.0
5286,2013-02-13 00:30:00+00:00,0.0
5286,2013-02-13 01:00:00+00:00,0.0
5286,2013-02-13 01:30:00+00:00,0.0
5286,2013-02-13 02:00:00+00:00,0.0
5286,2013-02-13 02:30:00+00:00,0.0
5286,2013-02-13 03:00:00+00:00,0.0
5286,2013-02-13 03:30:00+00:00,0.0
5286,2013-02-13 04:00:00+00:00,0.0
5286,2013-02-13 04:30:00+00:00,0.0
5286,2013-02-13 05:00:00+00:00,0.0
5286,2013-02-13 05:30:00+00:00,0.0
5286,2013-02-13 06:00:00+00:00,0.0
5286,2013-02-13 06:30:00+00:00,0.0
5286,2013-02-13 07:00:00+00:00,0.0
5286,2013-02-13 07:30:00+00:00,0.99
5286,2013-02-13 08:00:00+00:00,59.43
5286,2013-02-13 08:30:00+00:00,99.96
5286,2013-02-13 09:00:00+00:00,96.76
5286,2013-02-13 09:30:00+00:00,249.34
5286,2013-02-13 10:00:00+00:00,387.52
5286,2013-02-13 10:30:00+00:00,389.02
5286,2013-02-13 11:00:00+00:00,578.25
5286,2013-02-13 11:30:00+00:00,349.49
5286,2013-02-13 12:00:00+00:00,235.06
5286,2013-02-13 12:30:00+00:00,206.63
5286,2013-02-13 13:00:00+00:00,114.8
5286,2013-02-13 13:30:00+00:00,74.09
5286,2013-02-13 14:00:00+00:00,70.65
5286,2013-02-13 14:30:00+00:00,68.08
5286,2013-02-13 15:00:00+00:00,56.74
5286,2013-02-13 15:30:00+00:00,43.59
5286,2013-02-13 16:00:00+00:00,30.48
5286,2013-02-13 16:30:00+00:00,5.53
5286,2013-02-13 17:00:00+00:00,0.02
5286,2013-02-13 17:30:00+00:00,0.01
5286,2013-02-13 18:00:00+00:00,0.0
5286,2013-02-13 18:30:00+00:00,0.0
5286,2013-02-13 19:00:00+00:00,0.0
5286,2013-02-13 19:30:00+00:00,0.0
5286,2013-02-13 20:00:00+00:00,0.0
5286,2013-02-13 20:30:00+00:00,0.0
5286,2013-02-13 21:00:00+00:00,0.0
5286,2013-02-13 21:30:00+00:00,0.0
5286,2013-02-13 22:00:00+00:00,0.0
5286,2013-02-13 22:30:00+00:00,0.0
5286,2013-02-13 23:00:00+00:00,0.0
5286,2013-02-13 23:30:00+00:00,0.0
5286,2013-02-14 00:00:00+00:00,0.0
5286,2013-02-14 00:30:00+00:00,0.0
5286,2013-02-14 01:00:00+00:00,0.0
5286,2013-02-14 01:30:00+00:00,0.0
5286,2013-02-14 02:00:00+00:00,0.0
5286,2013-02-14 02:30:00+00:00,0.0
5286,2013-02-14 03:00:00+00:00,0.0
5286,2013-02-14 03:30:00+00:00,0.0
5286,2013-02-14 04:00:00+00:00,0.0
5286,2013-02-14 04:30:00+00:00,0.0
5286,2013-02-14 05:00:00+00:00,0.0
5286,2013-02-14 05:30:00+00:00,0.0
5286,2013-02-14 06:00:00+00:00,0.0
5286,2013-02-14 06:30:00+00:00,0.0
5286,2013-02-14 07:00:00+00:00,0.0
5286,2013-02-14 07:30:00+00:00,0.0
5286,2013-02-14 08:00:00+00:00,0.0
5286,2013-02-14 08:30:00+00:00,0.02
5286,2013-02-14 09:00:00+00:00,14.08
5286,2013-02-14 09:30:00+00:00,67.23
5286,2013-02-14 10:00:00+00:00,110.8
5286,2013-02-14 10:30:00+00:00,88.92
5286,2013-02-14 11:00:00+00:00,399.93
5286,2013-02-14 11:30:00+00:00,680.3
5286,2013-02-14 12:00:00+00:00,385.5
5286,2013-02-14 12:30:00+00:00,876.9
5286,2013-02-14 13:00:00+00:00,455.41
5286,2013-02-14 13:30:00+00:00,490.79
5286,2013-02-14 14:00:00+00:00,260.22
5286,2013-02-14 14:30:00+00:00,554.55
5286,2013-02-14 15:00:00+00:00,219.63
5286,2013-02-14 15:30:00+00:00,127.69
5286,2013-02-14 16:00:00+00:00,37.22
5286,2013-02-14 16:30:00+00:00,47.81
5286,2013-02-14 17:00:00+00:00,3.64
5286,2013-02-14 17:30:00+00:00,0.26
5286,2013-02-14 18:00:00+00:00,0.0
5286,2013-02-14 18:30:00+00:00,0.0
5286,2013-02-14 19:00:00+00:00,0.0
5286,2013-02-14 19:30:00+00:00,0.0
5286,2013-02-14 20:00:00+00:00,0.0
5286,2013-02-14 20:30:00+00:00,0.0
5286,2013-02-14 21:00:00+00:00,0.0
5286,2013-02-14 21:30:00+00:00,0.0
5286,2013-02-14 22:00:00+00:00,0.0
5286,2013-02-14 22:30:00+00:00,0.0
5286,2013-02-14 23:00:00+00:00,0.0
5286,2013-02-14 23:30:00+00:00,0.0
5286,2013-02-15 00:00:00+00:00,0.0
5286,2013-02-15 00:30:00+00:00,0.0
5286,2013-02-15 01:00:00+00:00,0.0
5286,2013-02-15 01:30:00+00:00,0.0
5286,2013-02-15 02:00:00+00:00,0.0
5286,2013-02-15 02:30:00+00:00,0.0
5286,2013-02-15 03:00:00+00:00,0.0
5286,2013-02-15 03:30:00+00:00,0.0
5286,2013-02-15 04:00:00+00:00,0.0
5286,2013-02-15 04:30:00+00:00,0.0
5286,2013-02-15 05:00:00+00:00,0.0
5286,2013-02-15 05:30:00+00:00,0.0
5286,2013-02-15 06:00:00+00:00,0.0
5286,2013-02-15 06:30:00+00:00,0.0
5286,2013-02-15 07:00:00+00:00,0.0
5286,2013-02-15 07:30:00+00:00,0.71
5286,2013-02-15 08:00:00+00:00,127.21
5286,2013-02-15 08:30:00+00:00,106.15
5286,2013-02-15 09:00:00+00:00,97.85
5286,2013-02-15 09:30:00+00:00,163.41
5286,2013-02-15 10:00:00+00:00,264.6
5286,2013-02-15 10:30:00+00:00,439.81
5286,2013-02-15 11:00:00+00:00,710.15
5286,2013-02-15 11:30:00+00:00,786.1
5286,2013-02-15 12:00:00+00:00,887.0
5286,2013-02-15 12:30:00+00:00,755.8
5286,2013-02-15 13:00:00+00:00,665.95
5286,2013-02-15 13:30:00+00:00,623.05
5286,2013-02-15 14:00:00+00:00,177.77
5286,2013-02-15 14:30:00+00:00,97.63
5286,2013-02-15 15:00:00+00:00,60.67
5286,2013-02-15 15:30:00+00:00,52.79
5286,2013-02-15 16:00:00+00:00,20.1
5286,2013-02-15 16:30:00+00:00,3.4
5286,2013-02-15 17:00:00+00:00,0.59
5286,2013-02-15 17:30:00+00:00,0.01
5286,2013-02-15 18:00:00+00:00,0.0
5286,2013-02-15 18:30:00+00:00,0.0
5286,2013-02-15 19:00:00+00:00,0.0
5286,2013-02-15 19:30:00+00:00,0.0
5286,2013-02-15 20:00:00+00:00,0.0
5286,2013-02-15 20:30:00+00:00,0.0
5286,2013-02-15 21:00:00+00:00,0.0
5286,2013-02-15 21:30:00+00:00,0.0
5286,2013-02-15 22:00:00+00:00,0.0
5286,2013-02-15 22:30:00+00:00,0.0
5286,2013-02-15 23:00:00+00:00,0.0
5286,2013-02-15 23:30:00+00:00,0.0
5286,2013-02-16 00:00:00+00:00,0.0
5286,2013-02-16 00:30:00+00:00,0.0
5286,2013-02-16 01:00:00+00:00,0.0
5286,2013-02-16 01:30:00+00:00,0.0
5286,2013-02-16 02:00:00+00:00,0.0
5286,2013-02-16 02:30:00+00:00,0.0
5286,2013-02-16 03:00:00+00:00,0.0
5286,2013-02-16 03:30:00+00:00,0.0
5286,2013-02-16 04:00:00+00:00,0.0
5286,2013-02-16 04:30:00+00:00,0.0
5286,2013-02-16 05:00:00+00:00,0.0
5286,2013-02-16 05:30:00+00:00,0.0
5286,2013-02-16 06:00:00+00:00,0.0
5286,2013-02-16 06:30:00+00:00,0.0
5286,2013-02-16 07:00:00+00:00,0.0
5286,2013-02-16 07:30:00+00:00,0.0
5286,2013-02-16 08:00:00+00:00,10.3
5286,2013-02-16 08:30:00+00:00,36.34
5286,2013-02-16 09:00:00+00:00,43.53
5286,2013-02-16 09:30:00+00:00,84.75
5286,2013-02-16 10:00:00+00:00,101.38
5286,2013-02-16 10:30:00+00:00,116.12
5286,2013-02-16 11:00:00+00:00,190.52
5286,2013-02-16 11:30:00+00:00,167.17
5286,2013-02-16 12:00:00+00:00,183.67
5286,2013-02-16 12:30:00+00:00,159.75
5286,2013-02-16 13:00:00+00:00,196.01
5286,2013-02-16 13:30:00+00:00,258.16
5286,2013-02-16 14:00:00+00:00,204.92
5286,2013-02-16 14:30:00+00:00,104.96
5286,2013-02-16 15:00:00+00:00,102.66
5286,2013-02-16 15:30:00+00:00,118.6
5286,2013-02-16 16:00:00+00:00,77.98
5286,2013-02-16 16:30:00+00:00,59.38
5286,2013-02-16 17:00:00+00:00,17.34
5286,2013-02-16 17:30:00+00:00,0.02
5286,2013-02-16 18:00:00+00:00,0.01
5286,2013-02-16 18:30:00+00:00,0.0
5286,2013-02-16 19:00:00+00:00,0.0
5286,2013-02-16 19:30:00+00:00,0.0
5286,2013-02-16 20:00:00+00:00,0.0
5286,2013-02-16 20:30:00+00:00,0.0
5286,2013-02-16 21:00:00+00:00,0.0
5286,2013-02-16 21:30:00+00:00,0.0
5286,2013-02-16 22:00:00+00:00,0.0
5286,2013-02-16 22:30:00+00:00,0.0
5286,2013-02-16 23:00:00+00:00,0.0
5286,2013-02-16 23:30:00+00:00,0.0
5286,2013-02-17 00:00:00+00:00,0.0
5286,2013-02-17 00:30:00+00:00,0.0
5286,2013-02-17 01:00:00+00:00,0.0
5286,2013-02-17 01:30:00+00:00,0.0
5286,2013-02-17 02:00:00+00:00,0.0
5286,2013-02-17 02:30:00+00:00,0.0
5286,2013-02-17 03:00:00+00:00,0.0
5286,2013-02-17 03:30:00+00:00,0.0
5286,2013-02-17 04:00:00+00:00,0.0
5286,2013-02-17 04:30:00+00:00,0.0
5286,2013-02-17 05:00:00+00:00,0.0
5286,2013-02-17 05:30:00+00:00,0.0
5286,2013-02-17 06:00:00+00:00,0.0
5286,2013-02-17 06:30:00+00:00,0.0
5286,2013-02-17 07:00:00+00:00,0.0
5286,2013-02-17 07:30:00+00:00,0.63
5286,2013-02-17 08:00:00+00:00,32.48
5286,2013-02-17 08:30:00+00:00,116.56
5286,2013-02-17 09:00:00+00:00,214.07
5286,2013-02-17 09:30:00+00:00,368.24
5286,2013-02-17 10:00:00+00:00,718.65
5286,2013-02-17 10:30:00+00:00,787.8
5286,2013-02-17 11:00:00+00:00,811.5
5286,2013-02-17 11:30:00+00:00,880.95
5286,2013-02-17 12:00:00+00:00,916.6
5286,2013-02-17 12:30:00+00:00,907.5
5286,2013-02-17 13:00:00+00:00,863.15
5286,2013-02-17 13:30:00+00:00,734.25
5286,2013-02-17 14:00:00+00:00,684.7
5286,2013-02-17 14:30:00+00:00,324.63
5286,2013-02-17 15:00:00+00:00,378.88
5286,2013-02-17 15:30:00+00:00,326.64
5286,2013-02-17 16:00:00+00:00,79.71
5286,2013-02-17 16:30:00+00:00,21.57
5286,2013-02-17 17:00:00+00:00,0.17
5286,2013-02-17 17:30:00+00:00,0.01
5286,2013-02-17 18:00:00+00:00,0.0
5286,2013-02-17 18:30:00+00:00,0.0
5286,2013-02-17 19:00:00+00:00,0.0
5286,2013-02-17 19:30:00+00:00,0.0
5286,2013-02-17 20:00:00+00:00,0.0
5286,2013-02-17 20:30:00+00:00,0.0
5286,2013-02-17 21:00:00+00:00,0.0
5286,2013-02-17 21:30:00+00:00,0.0
5286,2013-02-17 22:00:00+00:00,0.0
5286,2013-02-17 22:30:00+00:00,0.0
5286,2013-02-17 23:00:00+00:00,0.0
5286,2013-02-17 23:30:00+00:00,0.0
5286,2013-02-18 00:00:00+00:00,0.0
5286,2013-02-18 00:30:00+00:00,0.0
5286,2013-02-18 01:00:00+00:00,0.0
5286,2013-02-18 01:30:00+00:00,0.0
5286,2013-02-18 02:00:00+00:00,0.0
5286,2013-02-18 02:30:00+00:00,0.0
5286,2013-02-18 03:00:00+00:00,0.0
5286,2013-02-18 03:30:00+00:00,0.0
5286,2013-02-18 04:00:00+00:00,0.0
5286,2013-02-18 04:30:00+00:00,0.0
5286,2013-02-18 05:00:00+00:00,0.0
5286,2013-02-18 05:30:00+00:00,0.0
5286,2013-02-18 06:00:00+00:00,0.0
5286,2013-02-18 06:30:00+00:00,0.0
5286,2013-02-18 07:00:00+00:00,0.0
5286,2013-02-18 07:30:00+00:00,0.07
5286,2013-02-18 08:00:00+00:00,10.12
5286,2013-02-18 08:30:00+00:00,49.77
5286,2013-02-18 09:00:00+00:00,89.6
5286,2013-02-18 09:30:00+00:00,104.38
5286,2013-02-18 10:00:00+00:00,88.64
5286,2013-02-18 10:30:00+00:00,239.22
5286,2013-02-18 11:00:00+00:00,683.7
5286,2013-02-18 11:30:00+00:00,800.65
5286,2013-02-18 12:00:00+00:00,871.65
5286,2013-02-18 12:30:00+00:00,845.65
5286,2013-02-18 13:00:00+00:00,885.25
5286,2013-02-18 13:30:00+00:00,685.05
5286,2013-02-18 14:00:00+00:00,607.4
5286,2013-02-18 14:30:00+00:00,502.9
5286,2013-02-18 15:00:00+00:00,350.87
5286,2013-02-18 15:30:00+00:00,261.06
5286,2013-02-18 16:00:00+00:00,196.96
5286,2013-02-18 16:30:00+00:00,129.37
5286,2013-02-18 17:00:00+00:00,31.02
5286,2013-02-18 17:30:00+00:00,0.53
5286,2013-02-18 18:00:00+00:00,0.0
5286,2013-02-18 18:30:00+00:00,0.0
5286,2013-02-18 19:00:00+00:00,0.0
5286,2013-02-18 19:30:00+00:00,0.0
5286,2013-02-18 20:00:00+00:00,0.0
5286,2013-02-18 20:30:00+00:00,0.0
5286,2013-02-18 21:00:00+00:00,0.0
5286,2013-02-18 21:30:00+00:00,0.0
5286,2013-02-18 22:00:00+00:00,0.0
5286,2013-02-18 22:30:00+00:00,0.0
5286,2013-02-18 23:00:00+00:00,0.0
5286,2013-02-18 23:30:00+00:00,0.0
5286,2013-02-19 00:00:00+00:00,0.0
5286,2013-02-19 00:30:00+00:00,0.0
5286,2013-02-19 01:00:00+00:00,0.0
5286,2013-02-19 01:30:00+00:00,0.0
5286,2013-02-19 02:00:00+00:00,0.0
5286,2013-02-19 02:30:00+00:00,0.0
5286,2013-02-19 03:00:00+00:00,0.0
5286,2013-02-19 03:30:00+00:00,0.0
5286,2013-02-19 04:00:00+00:00,0.0
5286,2013-02-19 04:30:00+00:00,0.0
5286,2013-02-19 05:00:00+00:00,0.0
5286,2013-02-19 05:30:00+00:00,0.0
5286,2013-02-19 06:00:00+00:00,0.0
5286,2013-02-19 06:30:00+00:00,0.0
5286,2013-02-19 07:00:00+00:00,0.0
5286,2013-02-19 07:30:00+00:00,7.5
5286,2013-02-19 08:00:00+00:00,152.29
5286,2013-02-19 08:30:00+00:00,338.94
5286,2013-02-19 09:00:00+00:00,551.45
5286,2013-02-19 09:30:00+00:00,668.75
5286,2013-02-19 10:00:00+00:00,768.15
5286,2013-02-19 10:30:00+00:00,833.1
5286,2013-02-19 11:00:00+00:00,870.6
5286,2013-02-19 11:30:00+00:00,891.15
5286,2013-02-19 12:00:00+00:00,888.1
5286,2013-02-19 12:30:00+00:00,877.7
5286,2013-02-19 13:00:00+00:00,817.3
5286,2013-02-19 13:30:00+00:00,754.8
5286,2013-02-19 14:00:00+00:00,689.15
5286,2013-02-19 14:30:00+00:00,623.1
5286,2013-02-19 15:00:00+00:00,518.2
5286,2013-02-19 15:30:00+00:00,398.87
5286,2013-02-19 16:00:00+00:00,262.13
5286,2013-02-19 16:30:00+00:00,123.9
5286,2013-02-19 17:00:00+00:00,22.68
5286,2013-02-19 17:30:00+00:00,0.22
5286,2013-02-19 18:00:00+00:00,0.01
5286,2013-02-19 18:30:00+00:00,0.0
5286,2013-02-19 19:00:00+00:00,0.0
5286,2013-02-19 19:30:00+00:00,0.0
5286,2013-02-19 20:00:00+00:00,0.0
5286,2013-02-19 20:30:00+00:00,0.0
5286,2013-02-19 21:00:00+00:00,0.0
5286,2013-02-19 21:30:00+00:00,0.0
5286,2013-02-19 22:00:00+00:00,0.0
5286,2013-02-19 22:30:00+00:00,0.0
5286,2013-02-19 23:00:00+00:00,0.0
5286,2013-02-19 23:30:00+00:00,0.0
5286,2013-02-20 00:00:00+00:00,0.0
5286,2013-02-20 00:30:00+00:00,0.0
5286,2013-02-20 01:00:00+00:00,0.0
5286,2013-02-20 01:30:00+00:00,0.0
5286,2013-02-20 02:00:00+00:00,0.0
5286,2013-02-20 02:30:00+00:00,0.0
5286,2013-02-20 03:00:00+00:00,0.0
5286,2013-02-20 03:30:00+00:00,0.0
5286,2013-02-20 04:00:00+00:00,0.0
5286,2013-02-20 04:30:00+00:00,0.0
5286,2013-02-20 05:00:00+00:00,0.0
5286,2013-02-20 05:30:00+00:00,0.0
5286,2013-02-20 06:00:00+00:00,0.0
5286,2013-02-20 06:30:00+00:00,0.0
5286,2013-02-20 07:00:00+00:00,0.0
5286,2013-02-20 07:30:00+00:00,0.0
5286,2013-02-20 08:00:00+00:00,13.32
5286,2013-02-20 08:30:00+00:00,110.13
5286,2013-02-20 09:00:00+00:00,94.79
5286,2013-02-20 09:30:00+00:00,96.27
5286,2013-02-20 10:00:00+00:00,68.46
5286,2013-02-20 10:30:00+00:00,96.21
5286,2013-02-20 11:00:00+00:00,109.73
5286,2013-02-20 11:30:00+00:00,112.52
5286,2013-02-20 12:00:00+00:00,119.34
5286,2013-02-20 12:30:00+00:00,139.91
5286,2013-02-20 13:00:00+00:00,103.82
5286,2013-02-20 13:30:00+00:00,122.47
5286,2013-02-20 14:00:00+00:00,130.94
5286,2013-02-20 14:30:00+00:00,146.16
5286,2013-02-20 15:00:00+00:00,315.03
5286,2013-02-20 15:30:00+00:00,326.4
5286,2013-02-20 16:00:00+00:00,328.56
5286,2013-02-20 16:30:00+00:00,147.56
5286,2013-02-20 17:00:00+00:00,33.89
5286,2013-02-20 17:30:00+00:00,1.04
5286,2013-02-20 18:00:00+00:00,0.0
5286,2013-02-20 18:30:00+00:00,0.0
5286,2013-02-20 19:00:00+00:00,0.0
5286,2013-02-20 19:30:00+00:00,0.0
5286,2013-02-20 20:00:00+00:00,0.0
5286,2013-02-20 20:30:00+00:00,0.0
5286,2013-02-20 21:00:00+00:00,0.0
5286,2013-02-20 21:30:00+00:00,0.0
5286,2013-02-20 22:00:00+00:00,0.0
5286,2013-02-20 22:30:00+00:00,0.0
5286,2013-02-20 23:00:00+00:00,0.0
5286,2013-02-20 23:30:00+00:00,0.0
5286,2013-02-21 00:00:00+00:00,0.0
5286,2013-02-21 00:30:00+00:00,0.0
5286,2013-02-21 01:00:00+00:00,0.0
5286,2013-02-21 01:30:00+00:00,0.0
5286,2013-02-21 02:00:00+00:00,0.0
5286,2013-02-21 02:30:00+00:00,0.0
5286,2013-02-21 03:00:00+00:00,0.0
5286,2013-02-21 03:30:00+00:00,0.0
5286,2013-02-21 04:00:00+00:00,0.0
5286,2013-02-21 04:30:00+00:00,0.0
5286,2013-02-21 05:00:00+00:00,0.0
5286,2013-02-21 05:30:00+00:00,0.0
5286,2013-02-21 06:00:00+00:00,0.0
5286,2013-02-21 06:30:00+00:00,0.0
5286,2013-02-21 07:00:00+00:00,0.0
5286,2013-02-21 07:30:00+00:00,0.0
5286,2013-02-21 08:00:00+00:00,1.19
5286,2013-02-21 08:30:00+00:00,10.53
5286,2013-02-21 09:00:00+00:00,14.17
5286,2013-02-21 09:30:00+00:00,26.49
5286,2013-02-21 10:00:00+00:00,49.58
5286,2013-02-21 10:30:00+00:00,53.89
5286,2013-02-21 11:00:00+00:00,61.99
5286,2013-02-21 11:30:00+00:00,61.05
5286,2013-02-21 12:00:00+00:00,55.96
5286,2013-02-21 12:30:00+00:00,69.9
5286,2013-02-21 13:00:00+00:00,91.21
5286,2013-02-21 13:30:00+00:00,105.34
5286,2013-02-21 14:00:00+00:00,159.95
5286,2013-02-21 14:30:00+00:00,110.46
5286,2013-02-21 15:00:00+00:00,81.33
5286,2013-02-21 15:30:00+00:00,46.41
5286,2013-02-21 16:00:00+00:00,30.97
5286,2013-02-21 16:30:00+00:00,7.47
5286,2013-02-21 17:00:00+00:00,0.28
5286,2013-02-21 17:30:00+00:00,0.01
5286,2013-02-21 18:00:00+00:00,0.01
5286,2013-02-21 18:30:00+00:00,0.0
5286,2013-02-21 19:00:00+00:00,0.0
5286,2013-02-21 19:30:00+00:00,0.0
5286,2013-02-21 20:00:00+00:00,0.0
5286,2013-02-21 20:30:00+00:00,0.0
5286,2013-02-21 21:00:00+00:00,0.0
5286,2013-02-21 21:30:00+00:00,0.0
5286,2013-02-21 22:00:00+00:00,0.0
5286,2013-02-21 22:30:00+00:00,0.0
5286,2013-02-21 23:00:00+00:00,0.0
5286,2013-02-21 23:30:00+00:00,0.0
5286,2013-02-22 00:00:00+00:00,0.0
5286,2013-02-22 00:30:00+00:00,0.0
5286,2013-02-22 01:00:00+00:00,0.0
5286,2013-02-22 01:30:00+00:00,0.0
5286,2013-02-22 02:00:00+00:00,0.0
5286,2013-02-22 02:30:00+00:00,0.0
5286,2013-02-22 03:00:00+00:00,0.0
5286,2013-02-22 03:30:00+00:00,0.0
5286,2013-02-22 04:00:00+00:00,0.0
5286,2013-02-22 04:30:00+00:00,0.0
5286,2013-02-22 05:00:00+00:00,0.0
5286,2013-02-22 05:30:00+00:00,0.0
5286,2013-02-22 06:00:00+00:00,0.0
5286,2013-02-22 06:30:00+00:00,0.0
5286,2013-02-22 07:00:00+00:00,0.0
5286,2013-02-22 07:30:00+00:00,0.0
5286,2013-02-22 08:00:00+00:00,0.01
5286,2013-02-22 08:30:00+00:00,12.02
5286,2013-02-22 09:00:00+00:00,34.13
5286,2013-02-22 09:30:00+00:00,68.49
5286,2013-02-22 10:00:00+00:00,105.45
5286,2013-02-22 10:30:00+00:00,81.22
5286,2013-02-22 11:00:00+00:00,82.33
5286,2013-02-22 11:30:00+00:00,102.82
5286,2013-02-22 12:00:00+00:00,121.47
5286,2013-02-22 12:30:00+00:00,140.76
5286,2013-02-22 13:00:00+00:00,180.89
5286,2013-02-22 13:30:00+00:00,192.73
5286,2013-02-22 14:00:00+00:00,169.67
5286,2013-02-22 14:30:00+00:00,101.53
5286,2013-02-22 15:00:00+00:00,106.93
5286,2013-02-22 15:30:00+00:00,52.34
5286,2013-02-22 16:00:00+00:00,20.61
5286,2013-02-22 16:30:00+00:00,5.99
5286,2013-02-22 17:00:00+00:00,0.07
5286,2013-02-22 17:30:00+00:00,0.01
5286,2013-02-22 18:00:00+00:00,0.01
5286,2013-02-22 18:30:00+00:00,0.0
5286,2013-02-22 19:00:00+00:00,0.0
5286,2013-02-22 19:30:00+00:00,0.0
5286,2013-02-22 20:00:00+00:00,0.0
5286,2013-02-22 20:30:00+00:00,0.0
5286,2013-02-22 21:00:00+00:00,0.0
5286,2013-02-22 21:30:00+00:00,0.0
5286,2013-02-22 22:00:00+00:00,0.0
5286,2013-02-22 22:30:00+00:00,0.0
5286,2013-02-22 23:00:00+00:00,0.0
5286,2013-02-22 23:30:00+00:00,0.0
5286,2013-02-23 00:00:00+00:00,0.0
5286,2013-02-23 00:30:00+00:00,0.0
5286,2013-02-23 01:00:00+00:00,0.0
5286,2013-02-23 01:30:00+00:00,0.0
5286,2013-02-23 02:00:00+00:00,0.0
5286,2013-02-23 02:30:00+00:00,0.0
5286,2013-02-23 03:00:00+00:00,0.0
5286,2013-02-23 03:30:00+00:00,0.0
5286,2013-02-23 04:00:00+00:00,0.0
5286,2013-02-23 04:30:00+00:00,0.0
5286,2013-02-23 05:00:00+00:00,0.0
5286,2013-02-23 05:30:00+00:00,0.0
5286,2013-02-23 06:00:00+00:00,0.0
5286,2013-02-23 06:30:00+00:00,0.0
5286,2013-02-23 07:00:00+00:00,0.0
5286,2013-02-23 07:30:00+00:00,2.51
5286,2013-02-23 08:00:00+00:00,27.12
5286,2013-02-23 08:30:00+00:00,56.67
5286,2013-02-23 09:00:00+00:00,81.78
5286,2013-02-23 09:30:00+00:00,118.1
5286,2013-02-23 10:00:00+00:00,217.67
5286,2013-02-23 10:30:00+00:00,329.19
5286,2013-02-23 11:00:00+00:00,319.9
5286,2013-02-23 11:30:00+00:00,334.39
5286,2013-02-23 12:00:00+00:00,176.12
5286,2013-02-23 12:30:00+00:00,179.44
5286,2013-02-23 13:00:00+00:00,190.23
5286,2013-02-23 13:30:00+00:00,99.07
5286,2013-02-23 14:00:00+00:00,103.21
5286,2013-02-23 14:30:00+00:00,106.24
5286,2013-02-23 15:00:00+00:00,104.4
5286,2013-02-23 15:30:00+00:00,55.04
5286,2013-02-23 16:00:00+00:00,40.78
5286,2013-02-23 16:30:00+00:00,13.6
5286,2013-02-23 17:00:00+00:00,2.24
5286,2013-02-23 17:30:00+00:00,0.01
5286,2013-02-23 18:00:00+00:00,0.01
5286,2013-02-23 18:30:00+00:00,0.0
5286,2013-02-23 19:00:00+00:00,0.0
5286,2013-02-23 19:30:00+00:00,0.0
5286,2013-02-23 20:00:00+00:00,0.0
5286,2013-02-23 20:30:00+00:00,0.0
5286,2013-02-23 21:00:00+00:00,0.0
5286,2013-02-23 21:30:00+00:00,0.0
5286,2013-02-23 22:00:00+00:00,0.0
5286,2013-02-23 22:30:00+00:00,0.0
5286,2013-02-23 23:00:00+00:00,0.0
5286,2013-02-23 23:30:00+00:00,0.0
5286,2013-02-24 00:00:00+00:00,0.0
5286,2013-02-24 00:30:00+00:00,0.0
5286,2013-02-24 01:00:00+00:00,0.0
5286,2013-02-24 01:30:00+00:00,0.0
5286,2013-02-24 02:00:00+00:00,0.0
5286,2013-02-24 02:30:00+00:00,0.0
5286,2013-02-24 03:00:00+00:00,0.0
5286,2013-02-24 03:30:00+00:00,0.0
5286,2013-02-24 04:00:00+00:00,0.0
5286,2013-02-24 04:30:00+00:00,0.0
5286,2013-02-24 05:00:00+00:00,0.0
5286,2013-02-24 05:30:00+00:00,0.0
5286,2013-02-24 06:00:00+00:00,0.0
5286,2013-02-24 06:30:00+00:00,0.0
5286,2013-02-24 07:00:00+00:00,0.0
5286,2013-02-24 07:30:00+00:00,0.0
5286,2013-02-24 08:00:00+00:00,0.0
5286,2013-02-24 08:30:00+00:00,7.16
5286,2013-02-24 09:00:00+00:00,11.02
5286,2013-02-24 09:30:00+00:00,25.16
5286,2013-02-24 10:00:00+00:00,30.72
5286,2013-02-24 10:30:00+00:00,35.21
5286,2013-02-24 11:00:00+00:00,36.81
5286,2013-02-24 11:30:00+00:00,39.59
5286,2013-02-24 12:00:00+00:00,46.89
5286,2013-02-24 12:30:00+00:00,63.01
5286,2013-02-24 13:00:00+00:00,64.45
5286,2013-02-24 13:30:00+00:00,60.51
5286,2013-02-24 14:00:00+00:00,37.93
5286,2013-02-24 14:30:00+00:00,49.01
5286,2013-02-24 15:00:00+00:00,48.98
5286,2013-02-24 15:30:00+00:00,101.55
5286,2013-02-24 16:00:00+00:00,78.17
5286,2013-02-24 16:30:00+00:00,43.61
5286,2013-02-24 17:00:00+00:00,15.01
5286,2013-02-24 17:30:00+00:00,0.01
5286,2013-02-24 18:00:00+00:00,0.0
5286,2013-02-24 18:30:00+00:00,0.0
5286,2013-02-24 19:00:00+00:00,0.0
5286,2013-02-24 19:30:00+00:00,0.0
5286,2013-02-24 20:00:00+00:00,0.0
5286,2013-02-24 20:30:00+00:00,0.0
5286,2013-02-24 21:00:00+00:00,0.0
5286,2013-02-24 21:30:00+00:00,0.0
5286,2013-02-24 22:00:00+00:00,0.0
5286,2013-02-24 22:30:00+00:00,0.0
5286,2013-02-24 23:00:00+00:00,0.0
5286,2013-02-24 23:30:00+00:00,0.0
5286,2013-02-25 00:00:00+00:00,0.0
5286,2013-02-25 00:30:00+00:00,0.0
5286,2013-02-25 01:00:00+00:00,0.0
5286,2013-02-25 01:30:00+00:00,0.0
5286,2013-02-25 02:00:00+00:00,0.0
5286,2013-02-25 02:30:00+00:00,0.0
5286,2013-02-25 03:00:00+00:00,0.0
5286,2013-02-25 03:30:00+00:00,0.0
5286,2013-02-25 04:00:00+00:00,0.0
5286,2013-02-25 04:30:00+00:00,0.0
5286,2013-02-25 05:00:00+00:00,0.0
5286,2013-02-25 05:30:00+00:00,0.0
5286,2013-02-25 06:00:00+00:00,0.0
5286,2013-02-25 06:30:00+00:00,0.0
5286,2013-02-25 07:00:00+00:00,0.0
5286,2013-02-25 07:30:00+00:00,0.0
5286,2013-02-25 08:00:00+00:00,0.01
5286,2013-02-25 08:30:00+00:00,12.35
5286,2013-02-25 09:00:00+00:00,15.19
5286,2013-02-25 09:30:00+00:00,22.24
5286,2013-02-25 10:00:00+00:00,29.89
5286,2013-02-25 10:30:00+00:00,35.43
5286,2013-02-25 11:00:00+00:00,48.87
5286,2013-02-25 11:30:00+00:00,59.17
5286,2013-02-25 12:00:00+00:00,76.93
5286,2013-02-25 12:30:00+00:00,45.1
5286,2013-02-25 13:00:00+00:00,32.28
5286,2013-02-25 13:30:00+00:00,34.46
5286,2013-02-25 14:00:00+00:00,37.84
5286,2013-02-25 14:30:00+00:00,20.21
5286,2013-02-25 15:00:00+00:00,14.09
5286,2013-02-25 15:30:00+00:00,13.45
5286,2013-02-25 16:00:00+00:00,6.27
5286,2013-02-25 16:30:00+00:00,0.08
5286,2013-02-25 17:00:00+00:00,0.01
5286,2013-02-25 17:30:00+00:00,0.0
5286,2013-02-25 18:00:00+00:00,0.0
5286,2013-02-25 18:30:00+00:00,0.0
5286,2013-02-25 19:00:00+00:00,0.0
5286,2013-02-25 19:30:00+00:00,0.0
5286,2013-02-25 20:00:00+00:00,0.0
5286,2013-02-25 20:30:00+00:00,0.0
5286,2013-02-25 21:00:00+00:00,0.0
5286,2013-02-25 21:30:00+00:00,0.0
5286,2013-02-25 22:00:00+00:00,0.0
5286,2013-02-25 22:30:00+00:00,0.0
5286,2013-02-25 23:00:00+00:00,0.0
5286,2013-02-25 23:30:00+00:00,0.0
5286,2013-02-26 00:00:00+00:00,0.0
5286,2013-02-26 00:30:00+00:00,0.0
5286,2013-02-26 01:00:00+00:00,0.0
5286,2013-02-26 01:30:00+00:00,0.0
5286,2013-02-26 02:00:00+00:00,0.0
5286,2013-02-26 02:30:00+00:00,0.0
5286,2013-02-26 03:00:00+00:00,0.0
5286,2013-02-26 03:30:00+00:00,0.0
5286,2013-02-26 04:00:00+00:00,0.0
5286,2013-02-26 04:30:00+00:00,0.0
5286,2013-02-26 05:00:00+00:00,0.0
5286,2013-02-26 05:30:00+00:00,0.0
5286,2013-02-26 06:00:00+00:00,0.0
5286,2013-02-26 06:30:00+00:00,0.0
5286,2013-02-26 07:00:00+00:00,0.0
5286,2013-02-26 07:30:00+00:00,0.0
5286,2013-02-26 08:00:00+00:00,0.0
5286,2013-02-26 08:30:00+00:00,1.04
5286,2013-02-26 09:00:00+00:00,6.58
5286,2013-02-26 09:30:00+00:00,14.9
5286,2013-02-26 10:00:00+00:00,16.31
5286,2013-02-26 10:30:00+00:00,28.87
5286,2013-02-26 11:00:00+00:00,33.04
5286,2013-02-26 11:30:00+00:00,30.75
5286,2013-02-26 12:00:00+00:00,32.29
5286,2013-02-26 12:30:00+00:00,47.21
5286,2013-02-26 13:00:00+00:00,41.65
5286,2013-02-26 13:30:00+00:00,42.75
5286,2013-02-26 14:00:00+00:00,29.11
5286,2013-02-26 14:30:00+00:00,40.0
5286,2013-02-26 15:00:00+00:00,32.9
5286,2013-02-26 15:30:00+00:00,15.62
5286,2013-02-26 16:00:00+00:00,3.72
5286,2013-02-26 16:30:00+00:00,0.02
5286,2013-02-26 17:00:00+00:00,0.01
5286,2013-02-26 17:30:00+00:00,0.01
5286,2013-02-26 18:00:00+00:00,0.01
5286,2013-02-26 18:30:00+00:00,0.0
5286,2013-02-26 19:00:00+00:00,0.0
5286,2013-02-26 19:30:00+00:00,0.0
5286,2013-02-26 20:00:00+00:00,0.0
5286,2013-02-26 20:30:00+00:00,0.0
5286,2013-02-26 21:00:00+00:00,0.0
5286,2013-02-26 21:30:00+00:00,0.0
5286,2013-02-26 22:00:00+00:00,0.0
5286,2013-02-26 22:30:00+00:00,0.0
5286,2013-02-26 23:00:00+00:00,0.0
5286,2013-02-26 23:30:00+00:00,0.0
5286,2013-02-27 00:00:00+00:00,0.0
5286,2013-02-27 00:30:00+00:00,0.0
5286,2013-02-27 01:00:00+00:00,0.0
5286,2013-02-27 01:30:00+00:00,0.0
5286,2013-02-27 02:00:00+00:00,0.0
5286,2013-02-27 02:30:00+00:00,0.0
5286,2013-02-27 03:00:00+00:00,0.0
5286,2013-02-27 03:30:00+00:00,0.0
5286,2013-02-27 04:00:00+00:00,0.0
5286,2013-02-27 04:30:00+00:00,0.0
5286,2013-02-27 05:00:00+00:00,0.0
5286,2013-02-27 05:30:00+00:00,0.0
5286,2013-02-27 06:00:00+00:00,0.0
5286,2013-02-27 06:30:00+00:00,0.0
5286,2013-02-27 07:00:00+00:00,0.0
5286,2013-02-27 07:30:00+00:00,0.0
5286,2013-02-27 08:00:00+00:00,0.01
5286,2013-02-27 08:30:00+00:00,2.19
5286,2013-02-27 09:00:00+00:00,17.08
5286,2013-02-27 09:30:00+00:00,32.46
5286,2013-02-27 10:00:00+00:00,52.31
5286,2013-02-27 10:30:00+00:00,89.64
5286,2013-02-27 11:00:00+00:00,101.89
5286,2013-02-27 11:30:00+00:00,113.41
5286,2013-02-27 12:00:00+00:00,187.6
5286,2013-02-27 12:30:00+00:00,380.78
5286,2013-02-27 13:00:00+00:00,441.22
5286,2013-02-27 13:30:00+00:00,301.59
5286,2013-02-27 14:00:00+00:00,608.4
5286,2013-02-27 14:30:00+00:00,686.45
5286,2013-02-27 15:00:00+00:00,410.46
5286,2013-02-27 15:30:00+00:00,340.95
5286,2013-02-27 16:00:00+00:00,215.22
5286,2013-02-27 16:30:00+00:00,178.73
5286,2013-02-27 17:00:00+00:00,59.87
5286,2013-02-27 17:30:00+00:00,10.07
5286,2013-02-27 18:00:00+00:00,0.01
5286,2013-02-27 18:30:00+00:00,0.0
5286,2013-02-27 19:00:00+00:00,0.0
5286,2013-02-27 19:30:00+00:00,0.0
5286,2013-02-27 20:00:00+00:00,0.0
5286,2013-02-27 20:30:00+00:00,0.0
5286,2013-02-27 21:00:00+00:00,0.0
5286,2013-02-27 21:30:00+00:00,0.0
5286,2013-02-27 22:00:00+00:00,0.0
5286,2013-02-27 22:30:00+00:00,0.0
5286,2013-02-27 23:00:00+00:00,0.0
5286,2013-02-27 23:30:00+00:00,0.0
5286,2013-02-28 00:00:00+00:00,0.0
5286,2013-02-28 00:30:00+00:00,0.0
5286,2013-02-28 01:00:00+00:00,0.0
5286,2013-02-28 01:30:00+00:00,0.0
5286,2013-02-28 02:00:00+00:00,0.0
5286,2013-02-28 02:30:00+00:00,0.0
5286,2013-02-28 03:00:00+00:00,0.0
5286,2013-02-28 03:30:00+00:00,0.0
5286,2013-02-28 04:00:00+00:00,0.0
5286,2013-02-28 04:30:00+00:00,0.0
5286,2013-02-28 05:00:00+00:00,0.0
5286,2013-02-28 05:30:00+00:00,0.0
5286,2013-02-28 06:00:00+00:00,0.0
5286,2013-02-28 06:30:00+00:00,0.0
5286,2013-02-28 07:00:00+00:00,0.0
5286,2013-02-28 07:30:00+00:00,1.89
5286,2013-02-28 08:00:00+00:00,21.43
5286,2013-02-28 08:30:00+00:00,56.5
5286,2013-02-28 09:00:00+00:00,111.15
5286,2013-02-28 09:30:00+00:00,178.97
5286,2013-02-28 10:00:00+00:00,171.71
5286,2013-02-28 10:30:00+00:00,124.68
5286,2013-02-28 11:00:00+00:00,107.46
5286,2013-02-28 11:30:00+00:00,96.91
5286,2013-02-28 12:00:00+00:00,96.95
5286,2013-02-28 12:30:00+00:00,140.16
5286,2013-02-28 13:00:00+00:00,148.35
5286,2013-02-28 13:30:00+00:00,197.26
5286,2013-02-28 14:00:00+00:00,298.4
5286,2013-02-28 14:30:00+00:00,389.7
5286,2013-02-28 15:00:00+00:00,436.94
5286,2013-02-28 15:30:00+00:00,331.05
5286,2013-02-28 16:00:00+00:00,232.65
5286,2013-02-28 16:30:00+00:00,122.28
5286,2013-02-28 17:00:00+00:00,46.84
5286,2013-02-28 17:30:00+00:00,4.63
5286,2013-02-28 18:00:00+00:00,0.0
5286,2013-02-28 18:30:00+00:00,0.0
5286,2013-02-28 19:00:00+00:00,0.0
5286,2013-02-28 19:30:00+00:00,0.0
5286,2013-02-28 20:00:00+00:00,0.0
5286,2013-02-28 20:30:00+00:00,0.0
5286,2013-02-28 21:00:00+00:00,0.0
5286,2013-02-28 21:30:00+00:00,0.0
5286,2013-02-28 22:00:00+00:00,0.0
5286,2013-02-28 22:30:00+00:00,0.0
5286,2013-02-28 23:00:00+00:00,0.0
5286,2013-02-28 23:30:00+00:00,0.0
5286,2013-03-01 00:30:00+00:00,0.0
5286,2013-03-01 01:00:00+00:00,0.0
5286,2013-03-01 01:30:00+00:00,0.0
5286,2013-03-01 02:00:00+00:00,0.0
5286,2013-03-01 02:30:00+00:00,0.0
5286,2013-03-01 03:00:00+00:00,0.0
5286,2013-03-01 03:30:00+00:00,0.0
5286,2013-03-01 04:00:00+00:00,0.0
5286,2013-03-01 04:30:00+00:00,0.0
5286,2013-03-01 05:00:00+00:00,0.0
5286,2013-03-01 05:30:00+00:00,0.0
5286,2013-03-01 06:00:00+00:00,0.0
5286,2013-03-01 06:30:00+00:00,0.0
5286,2013-03-01 07:00:00+00:00,0.0
5286,2013-03-01 07:30:00+00:00,0.19
5286,2013-03-01 08:00:00+00:00,3.61
5286,2013-03-01 08:30:00+00:00,14.92
5286,2013-03-01 09:00:00+00:00,48.5
5286,2013-03-01 09:30:00+00:00,48.64
5286,2013-03-01 10:00:00+00:00,118.1
5286,2013-03-01 10:30:00+00:00,164.75
5286,2013-03-01 11:00:00+00:00,102.04
5286,2013-03-01 11:30:00+00:00,212.02
5286,2013-03-01 12:00:00+00:00,120.71
5286,2013-03-01 12:30:00+00:00,198.18
5286,2013-03-01 13:00:00+00:00,107.01
5286,2013-03-01 13:30:00+00:00,112.97
5286,2013-03-01 14:00:00+00:00,100.89
5286,2013-03-01 14:30:00+00:00,93.54
5286,2013-03-01 15:00:00+00:00,102.01
5286,2013-03-01 15:30:00+00:00,67.59
5286,2013-03-01 16:00:00+00:00,52.41
5286,2013-03-01 16:30:00+00:00,20.97
5286,2013-03-01 17:00:00+00:00,7.62
5286,2013-03-01 17:30:00+00:00,0.76
5286,2013-03-01 18:00:00+00:00,0.01
5286,2013-03-01 18:30:00+00:00,0.01
5286,2013-03-01 19:00:00+00:00,0.0
5286,2013-03-01 19:30:00+00:00,0.0
5286,2013-03-01 20:00:00+00:00,0.0
5286,2013-03-01 20:30:00+00:00,0.0
5286,2013-03-01 21:00:00+00:00,0.0
5286,2013-03-01 21:30:00+00:00,0.0
5286,2013-03-01 22:00:00+00:00,0.0
5286,2013-03-01 22:30:00+00:00,0.0
5286,2013-03-01 23:00:00+00:00,0.0
5286,2013-03-01 23:30:00+00:00,0.0
5286,2013-03-02 00:00:00+00:00,0.0
5286,2013-03-02 00:30:00+00:00,0.0
5286,2013-03-02 01:00:00+00:00,0.0
5286,2013-03-02 01:30:00+00:00,0.0
5286,2013-03-02 02:00:00+00:00,0.0
5286,2013-03-02 02:30:00+00:00,0.0
5286,2013-03-02 03:00:00+00:00,0.0
5286,2013-03-02 03:30:00+00:00,0.0
5286,2013-03-02 04:00:00+00:00,0.0
5286,2013-03-02 04:30:00+00:00,0.0
5286,2013-03-02 05:00:00+00:00,0.0
5286,2013-03-02 05:30:00+00:00,0.0
5286,2013-03-02 06:00:00+00:00,0.0
5286,2013-03-02 06:30:00+00:00,0.0
5286,2013-03-02 07:00:00+00:00,0.0
5286,2013-03-02 07:30:00+00:00,0.52
5286,2013-03-02 08:00:00+00:00,15.75
5286,2013-03-02 08:30:00+00:00,34.21
5286,2013-03-02 09:00:00+00:00,52.14
5286,2013-03-02 09:30:00+00:00,70.52
5286,2013-03-02 10:00:00+00:00,82.48
5286,2013-03-02 10:30:00+00:00,94.56
5286,2013-03-02 11:00:00+00:00,120.45
5286,2013-03-02 11:30:00+00:00,140.56
5286,2013-03-02 12:00:00+00:00,178.3
5286,2013-03-02 12:30:00+00:00,180.22
5286,2013-03-02 13:00:00+00:00,229.95
5286,2013-03-02 13:30:00+00:00,397.21
5286,2013-03-02 14:00:00+00:00,306.42
5286,2013-03-02 14:30:00+00:00,209.21
5286,2013-03-02 15:00:00+00:00,190.31
5286,2013-03-02 15:30:00+00:00,131.29
5286,2013-03-02 16:00:00+00:00,95.44
5286,2013-03-02 16:30:00+00:00,90.64
5286,2013-03-02 17:00:00+00:00,68.79
5286,2013-03-02 17:30:00+00:00,12.06
5286,2013-03-02 18:00:00+00:00,0.01
5286,2013-03-02 18:30:00+00:00,0.01
5286,2013-03-02 19:00:00+00:00,0.0
5286,2013-03-02 19:30:00+00:00,0.0
5286,2013-03-02 20:00:00+00:00,0.0
5286,2013-03-02 20:30:00+00:00,0.0
5286,2013-03-02 21:00:00+00:00,0.0
5286,2013-03-02 21:30:00+00:00,0.0
5286,2013-03-02 22:00:00+00:00,0.0
5286,2013-03-02 22:30:00+00:00,0.0
5286,2013-03-02 23:00:00+00:00,0.0
5286,2013-03-02 23:30:00+00:00,0.0
5286,2013-03-03 00:00:00+00:00,0.0
5286,2013-03-03 00:30:00+00:00,0.0
5286,2013-03-03 01:00:00+00:00,0.0
5286,2013-03-03 01:30:00+00:00,0.0
5286,2013-03-03 02:00:00+00:00,0.0
5286,2013-03-03 02:30:00+00:00,0.0
5286,2013-03-03 03:00:00+00:00,0.0
5286,2013-03-03 03:30:00+00:00,0.0
5286,2013-03-03 04:00:00+00:00,0.0
5286,2013-03-03 04:30:00+00:00,0.0
5286,2013-03-03 05:00:00+00:00,0.0
5286,2013-03-03 05:30:00+00:00,0.0
5286,2013-03-03 06:00:00+00:00,0.0
5286,2013-03-03 06:30:00+00:00,0.0
5286,2013-03-03 07:00:00+00:00,0.0
5286,2013-03-03 07:30:00+00:00,8.07
5286,2013-03-03 08:00:00+00:00,63.25
5286,2013-03-03 08:30:00+00:00,116.15
5286,2013-03-03 09:00:00+00:00,156.09
5286,2013-03-03 09:30:00+00:00,308.54
5286,2013-03-03 10:00:00+00:00,312.77
5286,2013-03-03 10:30:00+00:00,847.15
5286,2013-03-03 11:00:00+00:00,893.6
5286,2013-03-03 11:30:00+00:00,426.76
5286,2013-03-03 12:00:00+00:00,291.68
5286,2013-03-03 12:30:00+00:00,335.49
5286,2013-03-03 13:00:00+00:00,634.5
5286,2013-03-03 13:30:00+00:00,617.35
5286,2013-03-03 14:00:00+00:00,429.49
5286,2013-03-03 14:30:00+00:00,348.83
5286,2013-03-03 15:00:00+00:00,446.05
5286,2013-03-03 15:30:00+00:00,350.56
5286,2013-03-03 16:00:00+00:00,178.96
5286,2013-03-03 16:30:00+00:00,86.38
5286,2013-03-03 17:00:00+00:00,32.01
5286,2013-03-03 17:30:00+00:00,5.55
5286,2013-03-03 18:00:00+00:00,0.01
5286,2013-03-03 18:30:00+00:00,0.0
5286,2013-03-03 19:00:00+00:00,0.0
5286,2013-03-03 19:30:00+00:00,0.0
5286,2013-03-03 20:00:00+00:00,0.0
5286,2013-03-03 20:30:00+00:00,0.0
5286,2013-03-03 21:00:00+00:00,0.0
5286,2013-03-03 21:30:00+00:00,0.0
5286,2013-03-03 22:00:00+00:00,0.0
5286,2013-03-03 22:30:00+00:00,0.0
5286,2013-03-03 23:00:00+00:00,0.0
5286,2013-03-03 23:30:00+00:00,0.0
5286,2013-03-04 00:00:00+00:00,0.0
5286,2013-03-04 00:30:00+00:00,0.0
5286,2013-03-04 01:00:00+00:00,0.0
5286,2013-03-04 01:30:00+00:00,0.0
5286,2013-03-04 02:00:00+00:00,0.0
5286,2013-03-04 02:30:00+00:00,0.0
5286,2013-03-04 03:00:00+00:00,0.0
5286,2013-03-04 03:30:00+00:00,0.0
5286,2013-03-04 04:00:00+00:00,0.0
5286,2013-03-04 04:30:00+00:00,0.0
5286,2013-03-04 05:00:00+00:00,0.0
5286,2013-03-04 05:30:00+00:00,0.0
5286,2013-03-04 06:00:00+00:00,0.0
5286,2013-03-04 06:30:00+00:00,0.0
5286,2013-03-04 07:00:00+00:00,0.92
5286,2013-03-04 07:30:00+00:00,49.9
5286,2013-03-04 08:00:00+00:00,203.39
5286,2013-03-04 08:30:00+00:00,225.35
5286,2013-03-04 09:00:00+00:00,412.49
5286,2013-03-04 09:30:00+00:00,693.4
5286,2013-03-04 10:00:00+00:00,519.05
5286,2013-03-04 10:30:00+00:00,879.4
5286,2013-03-04 11:00:00+00:00,950.25
5286,2013-03-04 11:30:00+00:00,968.05
5286,2013-03-04 12:00:00+00:00,1001.35
5286,2013-03-04 12:30:00+00:00,980.0
5286,2013-03-04 13:00:00+00:00,941.15
5286,2013-03-04 13:30:00+00:00,863.85
5286,2013-03-04 14:00:00+00:00,810.35
5286,2013-03-04 14:30:00+00:00,617.95
5286,2013-03-04 15:00:00+00:00,564.45
5286,2013-03-04 15:30:00+00:00,460.35
5286,2013-03-04 16:00:00+00:00,300.39
5286,2013-03-04 16:30:00+00:00,132.19
5286,2013-03-04 17:00:00+00:00,54.62
5286,2013-03-04 17:30:00+00:00,8.7
5286,2013-03-04 18:00:00+00:00,0.01
5286,2013-03-04 18:30:00+00:00,0.01
5286,2013-03-04 19:00:00+00:00,0.0
5286,2013-03-04 19:30:00+00:00,0.0
5286,2013-03-04 20:00:00+00:00,0.0
5286,2013-03-04 20:30:00+00:00,0.0
5286,2013-03-04 21:00:00+00:00,0.0
5286,2013-03-04 21:30:00+00:00,0.0
5286,2013-03-04 22:00:00+00:00,0.0
5286,2013-03-04 22:30:00+00:00,0.0
5286,2013-03-04 23:00:00+00:00,0.0
5286,2013-03-04 23:30:00+00:00,0.0
5286,2013-03-05 00:00:00+00:00,0.0
5286,2013-03-05 00:30:00+00:00,0.0
5286,2013-03-05 01:00:00+00:00,0.0
5286,2013-03-05 01:30:00+00:00,0.0
5286,2013-03-05 02:00:00+00:00,0.0
5286,2013-03-05 02:30:00+00:00,0.0
5286,2013-03-05 03:00:00+00:00,0.0
5286,2013-03-05 03:30:00+00:00,0.0
5286,2013-03-05 04:00:00+00:00,0.0
5286,2013-03-05 04:30:00+00:00,0.0
5286,2013-03-05 05:00:00+00:00,0.0
5286,2013-03-05 05:30:00+00:00,0.0
5286,2013-03-05 06:00:00+00:00,0.0
5286,2013-03-05 06:30:00+00:00,0.0
5286,2013-03-05 07:00:00+00:00,4.6
5286,2013-03-05 07:30:00+00:00,79.16
5286,2013-03-05 08:00:00+00:00,228.03
5286,2013-03-05 08:30:00+00:00,408.96
5286,2013-03-05 09:00:00+00:00,552.7
5286,2013-03-05 09:30:00+00:00,670.05
5286,2013-03-05 10:00:00+00:00,755.5
5286,2013-03-05 10:30:00+00:00,838.9
5286,2013-03-05 11:00:00+00:00,873.6
5286,2013-03-05 11:30:00+00:00,889.15
5286,2013-03-05 12:00:00+00:00,860.8
5286,2013-03-05 12:30:00+00:00,869.0
5286,2013-03-05 13:00:00+00:00,800.4
5286,2013-03-05 13:30:00+00:00,803.8
5286,2013-03-05 14:00:00+00:00,709.05
5286,2013-03-05 14:30:00+00:00,665.25
5286,2013-03-05 15:00:00+00:00,539.55
5286,2013-03-05 15:30:00+00:00,421.18
5286,2013-03-05 16:00:00+00:00,293.1
5286,2013-03-05 16:30:00+00:00,163.8
5286,2013-03-05 17:00:00+00:00,61.29
5286,2013-03-05 17:30:00+00:00,12.63
5286,2013-03-05 18:00:00+00:00,0.01
5286,2013-03-05 18:30:00+00:00,0.01
5286,2013-03-05 19:00:00+00:00,0.0
5286,2013-03-05 19:30:00+00:00,0.0
5286,2013-03-05 20:00:00+00:00,0.0
5286,2013-03-05 20:30:00+00:00,0.0
5286,2013-03-05 21:00:00+00:00,0.0
5286,2013-03-05 21:30:00+00:00,0.0
5286,2013-03-05 22:00:00+00:00,0.0
5286,2013-03-05 22:30:00+00:00,0.0
5286,2013-03-05 23:00:00+00:00,0.0
5286,2013-03-05 23:30:00+00:00,0.0
5286,2013-03-06 00:00:00+00:00,0.0
5286,2013-03-06 00:30:00+00:00,0.0
5286,2013-03-06 01:00:00+00:00,0.0
5286,2013-03-06 01:30:00+00:00,0.0
5286,2013-03-06 02:00:00+00:00,0.0
5286,2013-03-06 02:30:00+00:00,0.0
5286,2013-03-06 03:00:00+00:00,0.0
5286,2013-03-06 03:30:00+00:00,0.0
5286,2013-03-06 04:00:00+00:00,0.0
5286,2013-03-06 04:30:00+00:00,0.0
5286,2013-03-06 05:00:00+00:00,0.0
5286,2013-03-06 05:30:00+00:00,0.0
5286,2013-03-06 06:00:00+00:00,0.0
5286,2013-03-06 06:30:00+00:00,0.0
5286,2013-03-06 07:00:00+00:00,0.0
5286,2013-03-06 07:30:00+00:00,0.51
5286,2013-03-06 08:00:00+00:00,11.27
5286,2013-03-06 08:30:00+00:00,37.92
5286,2013-03-06 09:00:00+00:00,80.95
5286,2013-03-06 09:30:00+00:00,167.59
5286,2013-03-06 10:00:00+00:00,130.04
5286,2013-03-06 10:30:00+00:00,136.79
5286,2013-03-06 11:00:00+00:00,205.19
5286,2013-03-06 11:30:00+00:00,427.19
5286,2013-03-06 12:00:00+00:00,638.15
5286,2013-03-06 12:30:00+00:00,532.4
5286,2013-03-06 13:00:00+00:00,198.3
5286,2013-03-06 13:30:00+00:00,267.64
5286,2013-03-06 14:00:00+00:00,299.9
5286,2013-03-06 14:30:00+00:00,191.48
5286,2013-03-06 15:00:00+00:00,170.11
5286,2013-03-06 15:30:00+00:00,109.86
5286,2013-03-06 16:00:00+00:00,73.36
5286,2013-03-06 16:30:00+00:00,33.62
5286,2013-03-06 17:00:00+00:00,10.93
5286,2013-03-06 17:30:00+00:00,1.54
5286,2013-03-06 18:00:00+00:00,0.01
5286,2013-03-06 18:30:00+00:00,0.0
5286,2013-03-06 19:00:00+00:00,0.0
5286,2013-03-06 19:30:00+00:00,0.0
5286,2013-03-06 20:00:00+00:00,0.0
5286,2013-03-06 20:30:00+00:00,0.0
5286,2013-03-06 21:00:00+00:00,0.0
5286,2013-03-06 21:30:00+00:00,0.0
5286,2013-03-06 22:00:00+00:00,0.0
5286,2013-03-06 22:30:00+00:00,0.0
5286,2013-03-06 23:00:00+00:00,0.0
5286,2013-03-06 23:30:00+00:00,0.0
5286,2013-03-07 00:00:00+00:00,0.0
5286,2013-03-07 00:30:00+00:00,0.0
5286,2013-03-07 01:00:00+00:00,0.0
5286,2013-03-07 01:30:00+00:00,0.0
5286,2013-03-07 02:00:00+00:00,0.0
5286,2013-03-07 02:30:00+00:00,0.0
5286,2013-03-07 03:00:00+00:00,0.0
5286,2013-03-07 03:30:00+00:00,0.0
5286,2013-03-07 04:00:00+00:00,0.0
5286,2013-03-07 04:30:00+00:00,0.0
5286,2013-03-07 05:00:00+00:00,0.0
5286,2013-03-07 05:30:00+00:00,0.0
5286,2013-03-07 06:00:00+00:00,0.0
5286,2013-03-07 06:30:00+00:00,0.0
5286,2013-03-07 07:00:00+00:00,0.0
5286,2013-03-07 07:30:00+00:00,2.4
5286,2013-03-07 08:00:00+00:00,20.89
5286,2013-03-07 08:30:00+00:00,47.86
5286,2013-03-07 09:00:00+00:00,49.24
5286,2013-03-07 09:30:00+00:00,64.99
5286,2013-03-07 10:00:00+00:00,79.29
5286,2013-03-07 10:30:00+00:00,124.49
5286,2013-03-07 11:00:00+00:00,147.36
5286,2013-03-07 11:30:00+00:00,130.75
5286,2013-03-07 12:00:00+00:00,134.1
5286,2013-03-07 12:30:00+00:00,127.63
5286,2013-03-07 13:00:00+00:00,130.17
5286,2013-03-07 13:30:00+00:00,117.07
5286,2013-03-07 14:00:00+00:00,94.51
5286,2013-03-07 14:30:00+00:00,34.2
5286,2013-03-07 15:00:00+00:00,90.14
5286,2013-03-07 15:30:00+00:00,70.01
5286,2013-03-07 16:00:00+00:00,18.23
5286,2013-03-07 16:30:00+00:00,12.53
5286,2013-03-07 17:00:00+00:00,10.39
5286,2013-03-07 17:30:00+00:00,0.01
5286,2013-03-07 18:00:00+00:00,0.0
5286,2013-03-07 18:30:00+00:00,0.0
5286,2013-03-07 19:00:00+00:00,0.0
5286,2013-03-07 19:30:00+00:00,0.0
5286,2013-03-07 20:00:00+00:00,0.0
5286,2013-03-07 20:30:00+00:00,0.0
5286,2013-03-07 21:00:00+00:00,0.0
5286,2013-03-07 21:30:00+00:00,0.0
5286,2013-03-07 22:00:00+00:00,0.0
5286,2013-03-07 22:30:00+00:00,0.0
5286,2013-03-07 23:00:00+00:00,0.0
5286,2013-03-07 23:30:00+00:00,0.0
5286,2013-03-08 00:00:00+00:00,0.0
5286,2013-03-08 00:30:00+00:00,0.0
5286,2013-03-08 01:00:00+00:00,0.0
5286,2013-03-08 01:30:00+00:00,0.0
5286,2013-03-08 02:00:00+00:00,0.0
5286,2013-03-08 02:30:00+00:00,0.0
5286,2013-03-08 03:00:00+00:00,0.0
5286,2013-03-08 03:30:00+00:00,0.0
5286,2013-03-08 04:00:00+00:00,0.0
5286,2013-03-08 04:30:00+00:00,0.0
5286,2013-03-08 05:00:00+00:00,0.0
5286,2013-03-08 05:30:00+00:00,0.0
5286,2013-03-08 06:00:00+00:00,0.0
5286,2013-03-08 06:30:00+00:00,0.0
5286,2013-03-08 07:00:00+00:00,0.0
5286,2013-03-08 07:30:00+00:00,1.77
5286,2013-03-08 08:00:00+00:00,7.08
5286,2013-03-08 08:30:00+00:00,14.27
5286,2013-03-08 09:00:00+00:00,25.4
5286,2013-03-08 09:30:00+00:00,27.6
5286,2013-03-08 10:00:00+00:00,46.25
5286,2013-03-08 10:30:00+00:00,41.49
5286,2013-03-08 11:00:00+00:00,44.13
5286,2013-03-08 11:30:00+00:00,41.37
5286,2013-03-08 12:00:00+00:00,35.03
5286,2013-03-08 12:30:00+00:00,71.29
5286,2013-03-08 13:00:00+00:00,86.51
5286,2013-03-08 13:30:00+00:00,45.73
5286,2013-03-08 14:00:00+00:00,13.17
5286,2013-03-08 14:30:00+00:00,0.18
5286,2013-03-08 15:00:00+00:00,2.14
5286,2013-03-08 15:30:00+00:00,14.24
5286,2013-03-08 16:00:00+00:00,13.68
5286,2013-03-08 16:30:00+00:00,3.23
5286,2013-03-08 17:00:00+00:00,0.02
5286,2013-03-08 17:30:00+00:00,0.01
5286,2013-03-08 18:00:00+00:00,0.01
5286,2013-03-08 18:30:00+00:00,0.01
5286,2013-03-08 19:00:00+00:00,0.0
5286,2013-03-08 19:30:00+00:00,0.0
5286,2013-03-08 20:00:00+00:00,0.0
5286,2013-03-08 20:30:00+00:00,0.0
5286,2013-03-08 21:00:00+00:00,0.0
5286,2013-03-08 21:30:00+00:00,0.0
5286,2013-03-08 22:00:00+00:00,0.0
5286,2013-03-08 22:30:00+00:00,0.0
5286,2013-03-08 23:00:00+00:00,0.0
5286,2013-03-08 23:30:00+00:00,0.0
5286,2013-03-09 00:00:00+00:00,0.0
5286,2013-03-09 00:30:00+00:00,0.0
5286,2013-03-09 01:00:00+00:00,0.0
5286,2013-03-09 01:30:00+00:00,0.0
5286,2013-03-09 02:00:00+00:00,0.0
5286,2013-03-09 02:30:00+00:00,0.0
5286,2013-03-09 03:00:00+00:00,0.0
5286,2013-03-09 03:30:00+00:00,0.0
5286,2013-03-09 04:00:00+00:00,0.0
5286,2013-03-09 04:30:00+00:00,0.0
5286,2013-03-09 05:00:00+00:00,0.0
5286,2013-03-09 05:30:00+00:00,0.0
5286,2013-03-09 06:00:00+00:00,0.0
5286,2013-03-09 06:30:00+00:00,0.0
5286,2013-03-09 07:00:00+00:00,0.0
5286,2013-03-09 07:30:00+00:00,0.01
5286,2013-03-09 08:00:00+00:00,4.46
5286,2013-03-09 08:30:00+00:00,9.86
5286,2013-03-09 09:00:00+00:00,37.14
5286,2013-03-09 09:30:00+00:00,49.59
5286,2013-03-09 10:00:00+00:00,33.43
5286,2013-03-09 10:30:00+00:00,55.32
5286,2013-03-09 11:00:00+00:00,72.61
5286,2013-03-09 11:30:00+00:00,80.93
5286,2013-03-09 12:00:00+00:00,96.94
5286,2013-03-09 12:30:00+00:00,117.66
5286,2013-03-09 13:00:00+00:00,102.59
5286,2013-03-09 13:30:00+00:00,124.42
5286,2013-03-09 14:00:00+00:00,95.11
5286,2013-03-09 14:30:00+00:00,68.23
5286,2013-03-09 15:00:00+00:00,59.08
5286,2013-03-09 15:30:00+00:00,33.88
5286,2013-03-09 16:00:00+00:00,24.93
5286,2013-03-09 16:30:00+00:00,6.3
5286,2013-03-09 17:00:00+00:00,0.31
5286,2013-03-09 17:30:00+00:00,0.01
5286,2013-03-09 18:00:00+00:00,0.01
5286,2013-03-09 18:30:00+00:00,0.01
5286,2013-03-09 19:00:00+00:00,0.0
5286,2013-03-09 19:30:00+00:00,0.0
5286,2013-03-09 20:00:00+00:00,0.0
5286,2013-03-09 20:30:00+00:00,0.0
5286,2013-03-09 21:00:00+00:00,0.0
5286,2013-03-09 21:30:00+00:00,0.0
5286,2013-03-09 22:00:00+00:00,0.0
5286,2013-03-09 22:30:00+00:00,0.0
5286,2013-03-09 23:00:00+00:00,0.0
5286,2013-03-09 23:30:00+00:00,0.0
5286,2013-03-10 00:00:00+00:00,0.0
5286,2013-03-10 00:30:00+00:00,0.0
5286,2013-03-10 01:00:00+00:00,0.0
5286,2013-03-10 01:30:00+00:00,0.0
5286,2013-03-10 02:00:00+00:00,0.0
5286,2013-03-10 02:30:00+00:00,0.0
5286,2013-03-10 03:00:00+00:00,0.0
5286,2013-03-10 03:30:00+00:00,0.0
5286,2013-03-10 04:00:00+00:00,0.0
5286,2013-03-10 04:30:00+00:00,0.0
5286,2013-03-10 05:00:00+00:00,0.0
5286,2013-03-10 05:30:00+00:00,0.0
5286,2013-03-10 06:00:00+00:00,0.0
5286,2013-03-10 06:30:00+00:00,0.0
5286,2013-03-10 07:00:00+00:00,0.0
5286,2013-03-10 07:30:00+00:00,1.55
5286,2013-03-10 08:00:00+00:00,12.06
5286,2013-03-10 08:30:00+00:00,27.81
5286,2013-03-10 09:00:00+00:00,30.6
5286,2013-03-10 09:30:00+00:00,47.37
5286,2013-03-10 10:00:00+00:00,63.06
5286,2013-03-10 10:30:00+00:00,102.96
5286,2013-03-10 11:00:00+00:00,130.35
5286,2013-03-10 11:30:00+00:00,92.09
5286,2013-03-10 12:00:00+00:00,73.73
5286,2013-03-10 12:30:00+00:00,48.5
5286,2013-03-10 13:00:00+00:00,38.46
5286,2013-03-10 13:30:00+00:00,33.05
5286,2013-03-10 14:00:00+00:00,31.84
5286,2013-03-10 14:30:00+00:00,17.57
5286,2013-03-10 15:00:00+00:00,17.75
5286,2013-03-10 15:30:00+00:00,7.78
5286,2013-03-10 16:00:00+00:00,7.32
5286,2013-03-10 16:30:00+00:00,13.75
5286,2013-03-10 17:00:00+00:00,4.53
5286,2013-03-10 17:30:00+00:00,0.01
5286,2013-03-10 18:00:00+00:00,0.01
5286,2013-03-10 18:30:00+00:00,0.0
5286,2013-03-10 19:00:00+00:00,0.0
5286,2013-03-10 19:30:00+00:00,0.0
5286,2013-03-10 20:00:00+00:00,0.0
5286,2013-03-10 20:30:00+00:00,0.0
5286,2013-03-10 21:00:00+00:00,0.0
5286,2013-03-10 21:30:00+00:00,0.0
5286,2013-03-10 22:00:00+00:00,0.0
5286,2013-03-10 22:30:00+00:00,0.0
5286,2013-03-10 23:00:00+00:00,0.0
5286,2013-03-10 23:30:00+00:00,0.0
5286,2013-03-11 00:00:00+00:00,0.0
5286,2013-03-11 00:30:00+00:00,0.0
5286,2013-03-11 01:00:00+00:00,0.0
5286,2013-03-11 01:30:00+00:00,0.0
5286,2013-03-11 02:00:00+00:00,0.0
5286,2013-03-11 02:30:00+00:00,0.0
5286,2013-03-11 03:00:00+00:00,0.0
5286,2013-03-11 03:30:00+00:00,0.0
5286,2013-03-11 04:00:00+00:00,0.0
5286,2013-03-11 04:30:00+00:00,0.0
5286,2013-03-11 05:00:00+00:00,0.0
5286,2013-03-11 05:30:00+00:00,0.0
5286,2013-03-11 06:00:00+00:00,0.0
5286,2013-03-11 06:30:00+00:00,0.0
5286,2013-03-11 07:00:00+00:00,0.02
5286,2013-03-11 07:30:00+00:00,10.6
5286,2013-03-11 08:00:00+00:00,16.65
5286,2013-03-11 08:30:00+00:00,23.33
5286,2013-03-11 09:00:00+00:00,32.26
5286,2013-03-11 09:30:00+00:00,62.15
5286,2013-03-11 10:00:00+00:00,261.9
5286,2013-03-11 10:30:00+00:00,113.19
5286,2013-03-11 11:00:00+00:00,111.37
5286,2013-03-11 11:30:00+00:00,139.21
5286,2013-03-11 12:00:00+00:00,153.36
5286,2013-03-11 12:30:00+00:00,157.23
5286,2013-03-11 13:00:00+00:00,158.25
5286,2013-03-11 13:30:00+00:00,89.5
5286,2013-03-11 14:00:00+00:00,122.72
5286,2013-03-11 14:30:00+00:00,120.75
5286,2013-03-11 15:00:00+00:00,71.17
5286,2013-03-11 15:30:00+00:00,101.64
5286,2013-03-11 16:00:00+00:00,110.79
5286,2013-03-11 16:30:00+00:00,70.82
5286,2013-03-11 17:00:00+00:00,31.03
5286,2013-03-11 17:30:00+00:00,2.2
5286,2013-03-11 18:00:00+00:00,0.01
5286,2013-03-11 18:30:00+00:00,0.01
5286,2013-03-11 19:00:00+00:00,0.0
5286,2013-03-11 19:30:00+00:00,0.0
5286,2013-03-11 20:00:00+00:00,0.0
5286,2013-03-11 20:30:00+00:00,0.0
5286,2013-03-11 21:00:00+00:00,0.0
5286,2013-03-11 21:30:00+00:00,0.0
5286,2013-03-11 22:00:00+00:00,0.0
5286,2013-03-11 22:30:00+00:00,0.0
5286,2013-03-11 23:00:00+00:00,0.0
5286,2013-03-11 23:30:00+00:00,0.0
5286,2013-03-12 00:00:00+00:00,0.0
5286,2013-03-12 00:30:00+00:00,0.0
5286,2013-03-12 01:00:00+00:00,0.0
5286,2013-03-12 01:30:00+00:00,0.0
5286,2013-03-12 02:00:00+00:00,0.0
5286,2013-03-12 02:30:00+00:00,0.0
5286,2013-03-12 03:00:00+00:00,0.0
5286,2013-03-12 03:30:00+00:00,0.0
5286,2013-03-12 04:00:00+00:00,0.0
5286,2013-03-12 04:30:00+00:00,0.0
5286,2013-03-12 05:00:00+00:00,0.0
5286,2013-03-12 05:30:00+00:00,0.0
5286,2013-03-12 06:00:00+00:00,0.0
5286,2013-03-12 06:30:00+00:00,0.0
5286,2013-03-12 07:00:00+00:00,0.38
5286,2013-03-12 07:30:00+00:00,25.31
5286,2013-03-12 08:00:00+00:00,46.2
5286,2013-03-12 08:30:00+00:00,113.83
5286,2013-03-12 09:00:00+00:00,169.47
5286,2013-03-12 09:30:00+00:00,243.51
5286,2013-03-12 10:00:00+00:00,720.15
5286,2013-03-12 10:30:00+00:00,845.9
5286,2013-03-12 11:00:00+00:00,1026.9
5286,2013-03-12 11:30:00+00:00,718.5
5286,2013-03-12 12:00:00+00:00,1068.85
5286,2013-03-12 12:30:00+00:00,824.4
5286,2013-03-12 13:00:00+00:00,792.75
5286,2013-03-12 13:30:00+00:00,719.25
5286,2013-03-12 14:00:00+00:00,682.8
5286,2013-03-12 14:30:00+00:00,671.75
5286,2013-03-12 15:00:00+00:00,475.91
5286,2013-03-12 15:30:00+00:00,542.5
5286,2013-03-12 16:00:00+00:00,279.42
5286,2013-03-12 16:30:00+00:00,213.91
5286,2013-03-12 17:00:00+00:00,52.77
5286,2013-03-12 17:30:00+00:00,22.04
5286,2013-03-12 18:00:00+00:00,0.81
5286,2013-03-12 18:30:00+00:00,0.01
5286,2013-03-12 19:00:00+00:00,0.0
5286,2013-03-12 19:30:00+00:00,0.0
5286,2013-03-12 20:00:00+00:00,0.0
5286,2013-03-12 20:30:00+00:00,0.0
5286,2013-03-12 21:00:00+00:00,0.0
5286,2013-03-12 21:30:00+00:00,0.0
5286,2013-03-12 22:00:00+00:00,0.0
5286,2013-03-12 22:30:00+00:00,0.0
5286,2013-03-12 23:00:00+00:00,0.0
5286,2013-03-12 23:30:00+00:00,0.0
5286,2013-03-13 00:00:00+00:00,0.0
5286,2013-03-13 00:30:00+00:00,0.0
5286,2013-03-13 01:00:00+00:00,0.0
5286,2013-03-13 01:30:00+00:00,0.0
5286,2013-03-13 02:00:00+00:00,0.0
5286,2013-03-13 02:30:00+00:00,0.0
5286,2013-03-13 03:00:00+00:00,0.0
5286,2013-03-13 03:30:00+00:00,0.0
5286,2013-03-13 04:00:00+00:00,0.0
5286,2013-03-13 04:30:00+00:00,0.0
5286,2013-03-13 05:00:00+00:00,0.0
5286,2013-03-13 05:30:00+00:00,0.0
5286,2013-03-13 06:00:00+00:00,0.0
5286,2013-03-13 06:30:00+00:00,0.95
5286,2013-03-13 07:00:00+00:00,82.16
5286,2013-03-13 07:30:00+00:00,191.25
5286,2013-03-13 08:00:00+00:00,207.14
5286,2013-03-13 08:30:00+00:00,477.82
5286,2013-03-13 09:00:00+00:00,717.0
5286,2013-03-13 09:30:00+00:00,615.55
5286,2013-03-13 10:00:00+00:00,397.58
5286,2013-03-13 10:30:00+00:00,558.55
5286,2013-03-13 11:00:00+00:00,521.0
5286,2013-03-13 11:30:00+00:00,659.65
5286,2013-03-13 12:00:00+00:00,415.6
5286,2013-03-13 12:30:00+00:00,504.6
5286,2013-03-13 13:00:00+00:00,248.03
5286,2013-03-13 13:30:00+00:00,514.95
5286,2013-03-13 14:00:00+00:00,221.68
5286,2013-03-13 14:30:00+00:00,445.54
5286,2013-03-13 15:00:00+00:00,618.55
5286,2013-03-13 15:30:00+00:00,333.58
5286,2013-03-13 16:00:00+00:00,175.56
5286,2013-03-13 16:30:00+00:00,51.47
5286,2013-03-13 17:00:00+00:00,59.2
5286,2013-03-13 17:30:00+00:00,11.9
5286,2013-03-13 18:00:00+00:00,3.13
5286,2013-03-13 18:30:00+00:00,0.01
5286,2013-03-13 19:00:00+00:00,0.0
5286,2013-03-13 19:30:00+00:00,0.0
5286,2013-03-13 20:00:00+00:00,0.0
5286,2013-03-13 20:30:00+00:00,0.0
5286,2013-03-13 21:00:00+00:00,0.0
5286,2013-03-13 21:30:00+00:00,0.0
5286,2013-03-13 22:00:00+00:00,0.0
5286,2013-03-13 22:30:00+00:00,0.0
5286,2013-03-13 23:00:00+00:00,0.0
5286,2013-03-13 23:30:00+00:00,0.0
5286,2013-03-14 00:00:00+00:00,0.0
5286,2013-03-14 00:30:00+00:00,0.0
5286,2013-03-14 01:00:00+00:00,0.0
5286,2013-03-14 01:30:00+00:00,0.0
5286,2013-03-14 02:00:00+00:00,0.0
5286,2013-03-14 02:30:00+00:00,0.0
5286,2013-03-14 03:00:00+00:00,0.0
5286,2013-03-14 03:30:00+00:00,0.0
5286,2013-03-14 04:00:00+00:00,0.0
5286,2013-03-14 04:30:00+00:00,0.0
5286,2013-03-14 05:00:00+00:00,0.0
5286,2013-03-14 05:30:00+00:00,0.0
5286,2013-03-14 06:00:00+00:00,0.0
5286,2013-03-14 06:30:00+00:00,0.08
5286,2013-03-14 07:00:00+00:00,56.96
5286,2013-03-14 07:30:00+00:00,217.76
5286,2013-03-14 08:00:00+00:00,433.39
5286,2013-03-14 08:30:00+00:00,606.5
5286,2013-03-14 09:00:00+00:00,733.2
5286,2013-03-14 09:30:00+00:00,793.8
5286,2013-03-14 10:00:00+00:00,904.45
5286,2013-03-14 10:30:00+00:00,959.9
5286,2013-03-14 11:00:00+00:00,932.3
5286,2013-03-14 11:30:00+00:00,717.25
5286,2013-03-14 12:00:00+00:00,629.25
5286,2013-03-14 12:30:00+00:00,719.05
5286,2013-03-14 13:00:00+00:00,457.12
5286,2013-03-14 13:30:00+00:00,462.67
5286,2013-03-14 14:00:00+00:00,704.5
5286,2013-03-14 14:30:00+00:00,308.64
5286,2013-03-14 15:00:00+00:00,120.39
5286,2013-03-14 15:30:00+00:00,170.02
5286,2013-03-14 16:00:00+00:00,126.4
5286,2013-03-14 16:30:00+00:00,87.33
5286,2013-03-14 17:00:00+00:00,56.1
5286,2013-03-14 17:30:00+00:00,14.05
5286,2013-03-14 18:00:00+00:00,0.28
5286,2013-03-14 18:30:00+00:00,0.01
5286,2013-03-14 19:00:00+00:00,0.0
5286,2013-03-14 19:30:00+00:00,0.0
5286,2013-03-14 20:00:00+00:00,0.0
5286,2013-03-14 20:30:00+00:00,0.0
5286,2013-03-14 21:00:00+00:00,0.0
5286,2013-03-14 21:30:00+00:00,0.0
5286,2013-03-14 22:00:00+00:00,0.0
5286,2013-03-14 22:30:00+00:00,0.0
5286,2013-03-14 23:00:00+00:00,0.0
5286,2013-03-14 23:30:00+00:00,0.0
5286,2013-03-15 00:00:00+00:00,0.0
5286,2013-03-15 00:30:00+00:00,0.0
5286,2013-03-15 01:00:00+00:00,0.0
5286,2013-03-15 01:30:00+00:00,0.0
5286,2013-03-15 02:00:00+00:00,0.0
5286,2013-03-15 02:30:00+00:00,0.0
5286,2013-03-15 03:00:00+00:00,0.0
5286,2013-03-15 03:30:00+00:00,0.0
5286,2013-03-15 04:00:00+00:00,0.0
5286,2013-03-15 04:30:00+00:00,0.0
5286,2013-03-15 05:00:00+00:00,0.0
5286,2013-03-15 05:30:00+00:00,0.0
5286,2013-03-15 06:00:00+00:00,0.0
5286,2013-03-15 06:30:00+00:00,0.0
5286,2013-03-15 07:00:00+00:00,4.48
5286,2013-03-15 07:30:00+00:00,17.21
5286,2013-03-15 08:00:00+00:00,31.91
5286,2013-03-15 08:30:00+00:00,80.57
5286,2013-03-15 09:00:00+00:00,137.75
5286,2013-03-15 09:30:00+00:00,388.93
5286,2013-03-15 10:00:00+00:00,355.12
5286,2013-03-15 10:30:00+00:00,495.54
5286,2013-03-15 11:00:00+00:00,300.48
5286,2013-03-15 11:30:00+00:00,349.5
5286,2013-03-15 12:00:00+00:00,246.15
5286,2013-03-15 12:30:00+00:00,341.75
5286,2013-03-15 13:00:00+00:00,213.95
5286,2013-03-15 13:30:00+00:00,166.51
5286,2013-03-15 14:00:00+00:00,179.68
5286,2013-03-15 14:30:00+00:00,98.21
5286,2013-03-15 15:00:00+00:00,143.64
5286,2013-03-15 15:30:00+00:00,103.67
5286,2013-03-15 16:00:00+00:00,104.25
5286,2013-03-15 16:30:00+00:00,30.15
5286,2013-03-15 17:00:00+00:00,6.95
5286,2013-03-15 17:30:00+00:00,1.12
5286,2013-03-15 18:00:00+00:00,0.01
5286,2013-03-15 18:30:00+00:00,0.0
5286,2013-03-15 19:00:00+00:00,0.0
5286,2013-03-15 19:30:00+00:00,0.0
5286,2013-03-15 20:00:00+00:00,0.0
5286,2013-03-15 20:30:00+00:00,0.0
5286,2013-03-15 21:00:00+00:00,0.0
5286,2013-03-15 21:30:00+00:00,0.0
5286,2013-03-15 22:00:00+00:00,0.0
5286,2013-03-15 22:30:00+00:00,0.0
5286,2013-03-15 23:00:00+00:00,0.0
5286,2013-03-15 23:30:00+00:00,0.0
5286,2013-03-16 00:00:00+00:00,0.0
5286,2013-03-16 00:30:00+00:00,0.0
5286,2013-03-16 01:00:00+00:00,0.0
5286,2013-03-16 01:30:00+00:00,0.0
5286,2013-03-16 02:00:00+00:00,0.0
5286,2013-03-16 02:30:00+00:00,0.0
5286,2013-03-16 03:00:00+00:00,0.0
5286,2013-03-16 03:30:00+00:00,0.0
5286,2013-03-16 04:00:00+00:00,0.0
5286,2013-03-16 04:30:00+00:00,0.0
5286,2013-03-16 05:00:00+00:00,0.0
5286,2013-03-16 05:30:00+00:00,0.0
5286,2013-03-16 06:00:00+00:00,0.0
5286,2013-03-16 06:30:00+00:00,0.0
5286,2013-03-16 07:00:00+00:00,1.34
5286,2013-03-16 07:30:00+00:00,24.12
5286,2013-03-16 08:00:00+00:00,29.72
5286,2013-03-16 08:30:00+00:00,25.77
5286,2013-03-16 09:00:00+00:00,79.58
5286,2013-03-16 09:30:00+00:00,84.12
5286,2013-03-16 10:00:00+00:00,97.99
5286,2013-03-16 10:30:00+00:00,88.28
5286,2013-03-16 11:00:00+00:00,73.75
5286,2013-03-16 11:30:00+00:00,63.41
5286,2013-03-16 12:00:00+00:00,68.89
5286,2013-03-16 12:30:00+00:00,52.59
5286,2013-03-16 13:00:00+00:00,35.07
5286,2013-03-16 13:30:00+00:00,46.44
5286,2013-03-16 14:00:00+00:00,44.61
5286,2013-03-16 14:30:00+00:00,60.05
5286,2013-03-16 15:00:00+00:00,91.23
5286,2013-03-16 15:30:00+00:00,54.2
5286,2013-03-16 16:00:00+00:00,102.61
5286,2013-03-16 16:30:00+00:00,101.76
5286,2013-03-16 17:00:00+00:00,72.58
5286,2013-03-16 17:30:00+00:00,34.04
5286,2013-03-16 18:00:00+00:00,0.1
5286,2013-03-16 18:30:00+00:00,0.01
5286,2013-03-16 19:00:00+00:00,0.0
5286,2013-03-16 19:30:00+00:00,0.0
5286,2013-03-16 20:00:00+00:00,0.0
5286,2013-03-16 20:30:00+00:00,0.0
5286,2013-03-16 21:00:00+00:00,0.0
5286,2013-03-16 21:30:00+00:00,0.0
5286,2013-03-16 22:00:00+00:00,0.0
5286,2013-03-16 22:30:00+00:00,0.0
5286,2013-03-16 23:00:00+00:00,0.0
5286,2013-03-16 23:30:00+00:00,0.0
5286,2013-03-17 00:00:00+00:00,0.0
5286,2013-03-17 00:30:00+00:00,0.0
5286,2013-03-17 01:00:00+00:00,0.0
5286,2013-03-17 01:30:00+00:00,0.0
5286,2013-03-17 02:00:00+00:00,0.0
5286,2013-03-17 02:30:00+00:00,0.0
5286,2013-03-17 03:00:00+00:00,0.0
5286,2013-03-17 03:30:00+00:00,0.0
5286,2013-03-17 04:00:00+00:00,0.0
5286,2013-03-17 04:30:00+00:00,0.0
5286,2013-03-17 05:00:00+00:00,0.0
5286,2013-03-17 05:30:00+00:00,0.0
5286,2013-03-17 06:00:00+00:00,0.0
5286,2013-03-17 06:30:00+00:00,0.0
5286,2013-03-17 07:00:00+00:00,8.99
5286,2013-03-17 07:30:00+00:00,24.88
5286,2013-03-17 08:00:00+00:00,59.63
5286,2013-03-17 08:30:00+00:00,83.43
5286,2013-03-17 09:00:00+00:00,71.92
5286,2013-03-17 09:30:00+00:00,203.4
5286,2013-03-17 10:00:00+00:00,286.71
5286,2013-03-17 10:30:00+00:00,183.7
5286,2013-03-17 11:00:00+00:00,234.9
5286,2013-03-17 11:30:00+00:00,437.51
5286,2013-03-17 12:00:00+00:00,339.87
5286,2013-03-17 12:30:00+00:00,134.91
5286,2013-03-17 13:00:00+00:00,130.49
5286,2013-03-17 13:30:00+00:00,145.98
5286,2013-03-17 14:00:00+00:00,81.36
5286,2013-03-17 14:30:00+00:00,53.15
5286,2013-03-17 15:00:00+00:00,217.64
5286,2013-03-17 15:30:00+00:00,292.65
5286,2013-03-17 16:00:00+00:00,74.53
5286,2013-03-17 16:30:00+00:00,16.12
5286,2013-03-17 17:00:00+00:00,11.04
5286,2013-03-17 17:30:00+00:00,4.83
5286,2013-03-17 18:00:00+00:00,0.01
5286,2013-03-17 18:30:00+00:00,0.0
5286,2013-03-17 19:00:00+00:00,0.0
5286,2013-03-17 19:30:00+00:00,0.0
5286,2013-03-17 20:00:00+00:00,0.0
5286,2013-03-17 20:30:00+00:00,0.0
5286,2013-03-17 21:00:00+00:00,0.0
5286,2013-03-17 21:30:00+00:00,0.0
5286,2013-03-17 22:00:00+00:00,0.0
5286,2013-03-17 22:30:00+00:00,0.0
5286,2013-03-17 23:00:00+00:00,0.0
5286,2013-03-17 23:30:00+00:00,0.0
5286,2013-03-18 00:00:00+00:00,0.0
5286,2013-03-18 00:30:00+00:00,0.0
5286,2013-03-18 01:00:00+00:00,0.0
5286,2013-03-18 01:30:00+00:00,0.0
5286,2013-03-18 02:00:00+00:00,0.0
5286,2013-03-18 02:30:00+00:00,0.0
5286,2013-03-18 03:00:00+00:00,0.0
5286,2013-03-18 03:30:00+00:00,0.0
5286,2013-03-18 04:00:00+00:00,0.0
5286,2013-03-18 04:30:00+00:00,0.0
5286,2013-03-18 05:00:00+00:00,0.0
5286,2013-03-18 05:30:00+00:00,0.0
5286,2013-03-18 06:00:00+00:00,0.0
5286,2013-03-18 06:30:00+00:00,3.23
5286,2013-03-18 07:00:00+00:00,99.91
5286,2013-03-18 07:30:00+00:00,176.79
5286,2013-03-18 08:00:00+00:00,139.17
5286,2013-03-18 08:30:00+00:00,386.57
5286,2013-03-18 09:00:00+00:00,684.2
5286,2013-03-18 09:30:00+00:00,669.95
5286,2013-03-18 10:00:00+00:00,421.95
5286,2013-03-18 10:30:00+00:00,713.05
5286,2013-03-18 11:00:00+00:00,505.0
5286,2013-03-18 11:30:00+00:00,547.7
5286,2013-03-18 12:00:00+00:00,340.93
5286,2013-03-18 12:30:00+00:00,401.75
5286,2013-03-18 13:00:00+00:00,293.94
5286,2013-03-18 13:30:00+00:00,193.58
5286,2013-03-18 14:00:00+00:00,165.41
5286,2013-03-18 14:30:00+00:00,144.92
5286,2013-03-18 15:00:00+00:00,118.06
5286,2013-03-18 15:30:00+00:00,116.36
5286,2013-03-18 16:00:00+00:00,122.93
5286,2013-03-18 16:30:00+00:00,151.32
5286,2013-03-18 17:00:00+00:00,63.02
5286,2013-03-18 17:30:00+00:00,24.77
5286,2013-03-18 18:00:00+00:00,3.59
5286,2013-03-18 18:30:00+00:00,0.0
5286,2013-03-18 19:00:00+00:00,0.0
5286,2013-03-18 19:30:00+00:00,0.0
5286,2013-03-18 20:00:00+00:00,0.0
5286,2013-03-18 20:30:00+00:00,0.0
5286,2013-03-18 21:00:00+00:00,0.0
5286,2013-03-18 21:30:00+00:00,0.0
5286,2013-03-18 22:00:00+00:00,0.0
5286,2013-03-18 22:30:00+00:00,0.0
5286,2013-03-18 23:00:00+00:00,0.0
5286,2013-03-18 23:30:00+00:00,0.0
5286,2013-03-19 00:00:00+00:00,0.0
5286,2013-03-19 00:30:00+00:00,0.0
5286,2013-03-19 01:00:00+00:00,0.0
5286,2013-03-19 01:30:00+00:00,0.0
5286,2013-03-19 02:00:00+00:00,0.0
5286,2013-03-19 02:30:00+00:00,0.0
5286,2013-03-19 03:00:00+00:00,0.0
5286,2013-03-19 03:30:00+00:00,0.0
5286,2013-03-19 04:00:00+00:00,0.0
5286,2013-03-19 04:30:00+00:00,0.0
5286,2013-03-19 05:00:00+00:00,0.0
5286,2013-03-19 05:30:00+00:00,0.0
5286,2013-03-19 06:00:00+00:00,0.0
5286,2013-03-19 06:30:00+00:00,0.01
5286,2013-03-19 07:00:00+00:00,0.21
5286,2013-03-19 07:30:00+00:00,1.81
5286,2013-03-19 08:00:00+00:00,17.19
5286,2013-03-19 08:30:00+00:00,40.11
5286,2013-03-19 09:00:00+00:00,105.65
5286,2013-03-19 09:30:00+00:00,165.67
5286,2013-03-19 10:00:00+00:00,299.9
5286,2013-03-19 10:30:00+00:00,231.31
5286,2013-03-19 11:00:00+00:00,118.99
5286,2013-03-19 11:30:00+00:00,175.68
5286,2013-03-19 12:00:00+00:00,262.44
5286,2013-03-19 12:30:00+00:00,280.13
5286,2013-03-19 13:00:00+00:00,133.94
5286,2013-03-19 13:30:00+00:00,94.12
5286,2013-03-19 14:00:00+00:00,72.38
5286,2013-03-19 14:30:00+00:00,108.94
5286,2013-03-19 15:00:00+00:00,153.12
5286,2013-03-19 15:30:00+00:00,165.85
5286,2013-03-19 16:00:00+00:00,119.3
5286,2013-03-19 16:30:00+00:00,91.24
5286,2013-03-19 17:00:00+00:00,59.72
5286,2013-03-19 17:30:00+00:00,24.31
5286,2013-03-19 18:00:00+00:00,2.14
5286,2013-03-19 18:30:00+00:00,0.01
5286,2013-03-19 19:00:00+00:00,0.0
5286,2013-03-19 19:30:00+00:00,0.0
5286,2013-03-19 20:00:00+00:00,0.0
5286,2013-03-19 20:30:00+00:00,0.0
5286,2013-03-19 21:00:00+00:00,0.0
5286,2013-03-19 21:30:00+00:00,0.0
5286,2013-03-19 22:00:00+00:00,0.0
5286,2013-03-19 22:30:00+00:00,0.0
5286,2013-03-19 23:00:00+00:00,0.0
5286,2013-03-19 23:30:00+00:00,0.0
5286,2013-03-20 00:00:00+00:00,0.0
5286,2013-03-20 00:30:00+00:00,0.0
5286,2013-03-20 01:00:00+00:00,0.0
5286,2013-03-20 01:30:00+00:00,0.0
5286,2013-03-20 02:00:00+00:00,0.0
5286,2013-03-20 02:30:00+00:00,0.0
5286,2013-03-20 03:00:00+00:00,0.0
5286,2013-03-20 03:30:00+00:00,0.0
5286,2013-03-20 04:00:00+00:00,0.0
5286,2013-03-20 04:30:00+00:00,0.0
5286,2013-03-20 05:00:00+00:00,0.0
5286,2013-03-20 05:30:00+00:00,0.0
5286,2013-03-20 06:00:00+00:00,0.0
5286,2013-03-20 06:30:00+00:00,0.0
5286,2013-03-20 07:00:00+00:00,24.37
5286,2013-03-20 07:30:00+00:00,81.79
5286,2013-03-20 08:00:00+00:00,119.14
5286,2013-03-20 08:30:00+00:00,188.07
5286,2013-03-20 09:00:00+00:00,200.97
5286,2013-03-20 09:30:00+00:00,227.22
5286,2013-03-20 10:00:00+00:00,133.75
5286,2013-03-20 10:30:00+00:00,29.18
5286,2013-03-20 11:00:00+00:00,50.03
5286,2013-03-20 11:30:00+00:00,114.14
5286,2013-03-20 12:00:00+00:00,39.14
5286,2013-03-20 12:30:00+00:00,77.49
5286,2013-03-20 13:00:00+00:00,172.12
5286,2013-03-20 13:30:00+00:00,96.36
5286,2013-03-20 14:00:00+00:00,62.6
5286,2013-03-20 14:30:00+00:00,27.64
5286,2013-03-20 15:00:00+00:00,40.24
5286,2013-03-20 15:30:00+00:00,15.99
5286,2013-03-20 16:00:00+00:00,10.42
5286,2013-03-20 16:30:00+00:00,10.21
5286,2013-03-20 17:00:00+00:00,2.74
5286,2013-03-20 17:30:00+00:00,0.02
5286,2013-03-20 18:00:00+00:00,0.01
5286,2013-03-20 18:30:00+00:00,0.0
5286,2013-03-20 19:00:00+00:00,0.0
5286,2013-03-20 19:30:00+00:00,0.0
5286,2013-03-20 20:00:00+00:00,0.0
5286,2013-03-20 20:30:00+00:00,0.0
5286,2013-03-20 21:00:00+00:00,0.0
5286,2013-03-20 21:30:00+00:00,0.0
5286,2013-03-20 22:00:00+00:00,0.0
5286,2013-03-20 22:30:00+00:00,0.0
5286,2013-03-20 23:00:00+00:00,0.0
5286,2013-03-20 23:30:00+00:00,0.0
5286,2013-03-21 00:00:00+00:00,0.0
5286,2013-03-21 00:30:00+00:00,0.0
5286,2013-03-21 01:00:00+00:00,0.0
5286,2013-03-21 01:30:00+00:00,0.0
5286,2013-03-21 02:00:00+00:00,0.0
5286,2013-03-21 02:30:00+00:00,0.0
5286,2013-03-21 03:00:00+00:00,0.0
5286,2013-03-21 03:30:00+00:00,0.0
5286,2013-03-21 04:00:00+00:00,0.0
5286,2013-03-21 04:30:00+00:00,0.0
5286,2013-03-21 05:00:00+00:00,0.0
5286,2013-03-21 05:30:00+00:00,0.0
5286,2013-03-21 06:00:00+00:00,0.0
5286,2013-03-21 06:30:00+00:00,13.23
5286,2013-03-21 07:00:00+00:00,147.74
5286,2013-03-21 07:30:00+00:00,308.0
5286,2013-03-21 08:00:00+00:00,163.02
5286,2013-03-21 08:30:00+00:00,135.29
5286,2013-03-21 09:00:00+00:00,233.88
5286,2013-03-21 09:30:00+00:00,578.65
5286,2013-03-21 10:00:00+00:00,596.4
5286,2013-03-21 10:30:00+00:00,187.98
5286,2013-03-21 11:00:00+00:00,433.9
5286,2013-03-21 11:30:00+00:00,723.3
5286,2013-03-21 12:00:00+00:00,798.5
5286,2013-03-21 12:30:00+00:00,658.05
5286,2013-03-21 13:00:00+00:00,442.66
5286,2013-03-21 13:30:00+00:00,215.11
5286,2013-03-21 14:00:00+00:00,267.63
5286,2013-03-21 14:30:00+00:00,238.29
5286,2013-03-21 15:00:00+00:00,199.46
5286,2013-03-21 15:30:00+00:00,150.33
5286,2013-03-21 16:00:00+00:00,132.29
5286,2013-03-21 16:30:00+00:00,117.61
5286,2013-03-21 17:00:00+00:00,77.16
5286,2013-03-21 17:30:00+00:00,41.53
5286,2013-03-21 18:00:00+00:00,5.77
5286,2013-03-21 18:30:00+00:00,0.01
5286,2013-03-21 19:00:00+00:00,0.01
5286,2013-03-21 19:30:00+00:00,0.0
5286,2013-03-21 20:00:00+00:00,0.0
5286,2013-03-21 20:30:00+00:00,0.0
5286,2013-03-21 21:00:00+00:00,0.0
5286,2013-03-21 21:30:00+00:00,0.0
5286,2013-03-21 22:00:00+00:00,0.0
5286,2013-03-21 22:30:00+00:00,0.0
5286,2013-03-21 23:00:00+00:00,0.0
5286,2013-03-21 23:30:00+00:00,0.0
5286,2013-03-22 00:00:00+00:00,0.0
5286,2013-03-22 00:30:00+00:00,0.0
5286,2013-03-22 01:00:00+00:00,0.0
5286,2013-03-22 01:30:00+00:00,0.0
5286,2013-03-22 02:00:00+00:00,0.0
5286,2013-03-22 02:30:00+00:00,0.0
5286,2013-03-22 03:00:00+00:00,0.0
5286,2013-03-22 03:30:00+00:00,0.0
5286,2013-03-22 04:00:00+00:00,0.0
5286,2013-03-22 04:30:00+00:00,0.0
5286,2013-03-22 05:00:00+00:00,0.0
5286,2013-03-22 05:30:00+00:00,0.0
5286,2013-03-22 06:00:00+00:00,0.0
5286,2013-03-22 06:30:00+00:00,0.0
5286,2013-03-22 07:00:00+00:00,4.35
5286,2013-03-22 07:30:00+00:00,24.3
5286,2013-03-22 08:00:00+00:00,38.38
5286,2013-03-22 08:30:00+00:00,56.94
5286,2013-03-22 09:00:00+00:00,70.24
5286,2013-03-22 09:30:00+00:00,125.07
5286,2013-03-22 10:00:00+00:00,249.41
5286,2013-03-22 10:30:00+00:00,365.54
5286,2013-03-22 11:00:00+00:00,293.37
5286,2013-03-22 11:30:00+00:00,305.94
5286,2013-03-22 12:00:00+00:00,521.25
5286,2013-03-22 12:30:00+00:00,324.45
5286,2013-03-22 13:00:00+00:00,256.67
5286,2013-03-22 13:30:00+00:00,238.79
5286,2013-03-22 14:00:00+00:00,345.42
5286,2013-03-22 14:30:00+00:00,244.86
5286,2013-03-22 15:00:00+00:00,326.0
5286,2013-03-22 15:30:00+00:00,158.82
5286,2013-03-22 16:00:00+00:00,95.66
5286,2013-03-22 16:30:00+00:00,71.03
5286,2013-03-22 17:00:00+00:00,33.05
5286,2013-03-22 17:30:00+00:00,7.62
5286,2013-03-22 18:00:00+00:00,0.01
5286,2013-03-22 18:30:00+00:00,0.01
5286,2013-03-22 19:00:00+00:00,0.0
5286,2013-03-22 19:30:00+00:00,0.0
5286,2013-03-22 20:00:00+00:00,0.0
5286,2013-03-22 20:30:00+00:00,0.0
5286,2013-03-22 21:00:00+00:00,0.0
5286,2013-03-22 21:30:00+00:00,0.0
5286,2013-03-22 22:00:00+00:00,0.0
5286,2013-03-22 22:30:00+00:00,0.0
5286,2013-03-22 23:00:00+00:00,0.0
5286,2013-03-22 23:30:00+00:00,0.0
5286,2013-03-23 00:00:00+00:00,0.0
5286,2013-03-23 00:30:00+00:00,0.0
5286,2013-03-23 01:00:00+00:00,0.0
5286,2013-03-23 01:30:00+00:00,0.0
5286,2013-03-23 02:00:00+00:00,0.0
5286,2013-03-23 02:30:00+00:00,0.0
5286,2013-03-23 03:00:00+00:00,0.0
5286,2013-03-23 03:30:00+00:00,0.0
5286,2013-03-23 04:00:00+00:00,0.0
5286,2013-03-23 04:30:00+00:00,0.0
5286,2013-03-23 05:00:00+00:00,0.0
5286,2013-03-23 05:30:00+00:00,0.0
5286,2013-03-23 06:00:00+00:00,0.0
5286,2013-03-23 06:30:00+00:00,0.0
5286,2013-03-23 07:00:00+00:00,0.0
5286,2013-03-23 07:30:00+00:00,0.0
5286,2013-03-23 08:00:00+00:00,0.01
5286,2013-03-23 08:30:00+00:00,0.02
5286,2013-03-23 09:00:00+00:00,0.36
5286,2013-03-23 09:30:00+00:00,2.24
5286,2013-03-23 10:00:00+00:00,6.24
5286,2013-03-23 10:30:00+00:00,7.02
5286,2013-03-23 11:00:00+00:00,8.66
5286,2013-03-23 11:30:00+00:00,12.54
5286,2013-03-23 12:00:00+00:00,3.99
5286,2013-03-23 12:30:00+00:00,9.08
5286,2013-03-23 13:00:00+00:00,9.72
5286,2013-03-23 13:30:00+00:00,10.43
5286,2013-03-23 14:00:00+00:00,13.62
5286,2013-03-23 14:30:00+00:00,25.57
5286,2013-03-23 15:00:00+00:00,9.04
5286,2013-03-23 15:30:00+00:00,0.21
5286,2013-03-23 16:00:00+00:00,0.03
5286,2013-03-23 16:30:00+00:00,0.02
5286,2013-03-23 17:00:00+00:00,0.01
5286,2013-03-23 17:30:00+00:00,0.02
5286,2013-03-23 18:00:00+00:00,0.01
5286,2013-03-23 18:30:00+00:00,0.01
5286,2013-03-23 19:00:00+00:00,0.0
5286,2013-03-23 19:30:00+00:00,0.0
5286,2013-03-23 20:00:00+00:00,0.0
5286,2013-03-23 20:30:00+00:00,0.0
5286,2013-03-23 21:00:00+00:00,0.0
5286,2013-03-23 21:30:00+00:00,0.0
5286,2013-03-23 22:00:00+00:00,0.0
5286,2013-03-23 22:30:00+00:00,0.0
5286,2013-03-23 23:00:00+00:00,0.0
5286,2013-03-23 23:30:00+00:00,0.0
5286,2013-03-24 00:00:00+00:00,0.0
5286,2013-03-24 00:30:00+00:00,0.0
5286,2013-03-24 01:00:00+00:00,0.0
5286,2013-03-24 01:30:00+00:00,0.0
5286,2013-03-24 02:00:00+00:00,0.0
5286,2013-03-24 02:30:00+00:00,0.0
5286,2013-03-24 03:00:00+00:00,0.0
5286,2013-03-24 03:30:00+00:00,0.0
5286,2013-03-24 04:00:00+00:00,0.0
5286,2013-03-24 04:30:00+00:00,0.0
5286,2013-03-24 05:00:00+00:00,0.0
5286,2013-03-24 05:30:00+00:00,0.0
5286,2013-03-24 06:00:00+00:00,0.0
5286,2013-03-24 06:30:00+00:00,0.0
5286,2013-03-24 07:00:00+00:00,0.0
5286,2013-03-24 07:30:00+00:00,0.02
5286,2013-03-24 08:00:00+00:00,0.02
5286,2013-03-24 08:30:00+00:00,0.02
5286,2013-03-24 09:00:00+00:00,0.03
5286,2013-03-24 09:30:00+00:00,2.34
5286,2013-03-24 10:00:00+00:00,4.01
5286,2013-03-24 10:30:00+00:00,3.52
5286,2013-03-24 11:00:00+00:00,6.46
5286,2013-03-24 11:30:00+00:00,10.68
5286,2013-03-24 12:00:00+00:00,20.57
5286,2013-03-24 12:30:00+00:00,18.34
5286,2013-03-24 13:00:00+00:00,19.04
5286,2013-03-24 13:30:00+00:00,26.56
5286,2013-03-24 14:00:00+00:00,39.35
5286,2013-03-24 14:30:00+00:00,81.7
5286,2013-03-24 15:00:00+00:00,75.46
5286,2013-03-24 15:30:00+00:00,69.07
5286,2013-03-24 16:00:00+00:00,55.97
5286,2013-03-24 16:30:00+00:00,37.75
5286,2013-03-24 17:00:00+00:00,19.99
5286,2013-03-24 17:30:00+00:00,9.35
5286,2013-03-24 18:00:00+00:00,0.11
5286,2013-03-24 18:30:00+00:00,0.01
5286,2013-03-24 19:00:00+00:00,0.01
5286,2013-03-24 19:30:00+00:00,0.0
5286,2013-03-24 20:00:00+00:00,0.0
5286,2013-03-24 20:30:00+00:00,0.0
5286,2013-03-24 21:00:00+00:00,0.0
5286,2013-03-24 21:30:00+00:00,0.0
5286,2013-03-24 22:00:00+00:00,0.0
5286,2013-03-24 22:30:00+00:00,0.0
5286,2013-03-24 23:00:00+00:00,0.0
5286,2013-03-24 23:30:00+00:00,0.0
5286,2013-03-25 00:00:00+00:00,0.0
5286,2013-03-25 00:30:00+00:00,0.0
5286,2013-03-25 01:00:00+00:00,0.0
5286,2013-03-25 01:30:00+00:00,0.0
5286,2013-03-25 02:00:00+00:00,0.0
5286,2013-03-25 02:30:00+00:00,0.0
5286,2013-03-25 03:00:00+00:00,0.0
5286,2013-03-25 03:30:00+00:00,0.0
5286,2013-03-25 04:00:00+00:00,0.0
5286,2013-03-25 04:30:00+00:00,0.0
5286,2013-03-25 05:00:00+00:00,0.0
5286,2013-03-25 05:30:00+00:00,0.0
5286,2013-03-25 06:00:00+00:00,0.0
5286,2013-03-25 06:30:00+00:00,0.0
5286,2013-03-25 07:00:00+00:00,8.4
5286,2013-03-25 07:30:00+00:00,18.68
5286,2013-03-25 08:00:00+00:00,34.84
5286,2013-03-25 08:30:00+00:00,68.13
5286,2013-03-25 09:00:00+00:00,82.34
5286,2013-03-25 09:30:00+00:00,121.44
5286,2013-03-25 10:00:00+00:00,122.62
5286,2013-03-25 10:30:00+00:00,129.96
5286,2013-03-25 11:00:00+00:00,133.09
5286,2013-03-25 11:30:00+00:00,112.79
5286,2013-03-25 12:00:00+00:00,87.62
5286,2013-03-25 12:30:00+00:00,94.21
5286,2013-03-25 13:00:00+00:00,109.7
5286,2013-03-25 13:30:00+00:00,90.44
5286,2013-03-25 14:00:00+00:00,106.61
5286,2013-03-25 14:30:00+00:00,152.66
5286,2013-03-25 15:00:00+00:00,120.7
5286,2013-03-25 15:30:00+00:00,114.93
5286,2013-03-25 16:00:00+00:00,55.01
5286,2013-03-25 16:30:00+00:00,45.28
5286,2013-03-25 17:00:00+00:00,31.2
5286,2013-03-25 17:30:00+00:00,22.68
5286,2013-03-25 18:00:00+00:00,5.31
5286,2013-03-25 18:30:00+00:00,0.01
5286,2013-03-25 19:00:00+00:00,0.0
5286,2013-03-25 19:30:00+00:00,0.0
5286,2013-03-25 20:00:00+00:00,0.0
5286,2013-03-25 20:30:00+00:00,0.0
5286,2013-03-25 21:00:00+00:00,0.0
5286,2013-03-25 21:30:00+00:00,0.0
5286,2013-03-25 22:00:00+00:00,0.0
5286,2013-03-25 22:30:00+00:00,0.0
5286,2013-03-25 23:00:00+00:00,0.0
5286,2013-03-25 23:30:00+00:00,0.0
5286,2013-03-26 00:00:00+00:00,0.0
5286,2013-03-26 00:30:00+00:00,0.0
5286,2013-03-26 01:00:00+00:00,0.0
5286,2013-03-26 01:30:00+00:00,0.0
5286,2013-03-26 02:00:00+00:00,0.0
5286,2013-03-26 02:30:00+00:00,0.0
5286,2013-03-26 03:00:00+00:00,0.0
5286,2013-03-26 03:30:00+00:00,0.0
5286,2013-03-26 04:00:00+00:00,0.0
5286,2013-03-26 04:30:00+00:00,0.0
5286,2013-03-26 05:00:00+00:00,0.0
5286,2013-03-26 05:30:00+00:00,0.0
5286,2013-03-26 06:00:00+00:00,0.0
5286,2013-03-26 06:30:00+00:00,0.02
5286,2013-03-26 07:00:00+00:00,2.9
5286,2013-03-26 07:30:00+00:00,11.9
5286,2013-03-26 08:00:00+00:00,40.37
5286,2013-03-26 08:30:00+00:00,94.86
5286,2013-03-26 09:00:00+00:00,75.7
5286,2013-03-26 09:30:00+00:00,92.43
5286,2013-03-26 10:00:00+00:00,147.16
5286,2013-03-26 10:30:00+00:00,155.34
5286,2013-03-26 11:00:00+00:00,158.83
5286,2013-03-26 11:30:00+00:00,175.95
5286,2013-03-26 12:00:00+00:00,206.88
5286,2013-03-26 12:30:00+00:00,190.22
5286,2013-03-26 13:00:00+00:00,299.54
5286,2013-03-26 13:30:00+00:00,244.14
5286,2013-03-26 14:00:00+00:00,235.1
5286,2013-03-26 14:30:00+00:00,165.27
5286,2013-03-26 15:00:00+00:00,199.47
5286,2013-03-26 15:30:00+00:00,118.58
5286,2013-03-26 16:00:00+00:00,171.5
5286,2013-03-26 16:30:00+00:00,116.43
5286,2013-03-26 17:00:00+00:00,87.66
5286,2013-03-26 17:30:00+00:00,52.42
5286,2013-03-26 18:00:00+00:00,17.58
5286,2013-03-26 18:30:00+00:00,0.31
5286,2013-03-26 19:00:00+00:00,0.01
5286,2013-03-26 19:30:00+00:00,0.0
5286,2013-03-26 20:00:00+00:00,0.0
5286,2013-03-26 20:30:00+00:00,0.0
5286,2013-03-26 21:00:00+00:00,0.0
5286,2013-03-26 21:30:00+00:00,0.0
5286,2013-03-26 22:00:00+00:00,0.0
5286,2013-03-26 22:30:00+00:00,0.0
5286,2013-03-26 23:00:00+00:00,0.0
5286,2013-03-26 23:30:00+00:00,0.0
5286,2013-03-27 00:00:00+00:00,0.0
5286,2013-03-27 00:30:00+00:00,0.0
5286,2013-03-27 01:00:00+00:00,0.0
5286,2013-03-27 01:30:00+00:00,0.0
5286,2013-03-27 02:00:00+00:00,0.0
5286,2013-03-27 02:30:00+00:00,0.0
5286,2013-03-27 03:00:00+00:00,0.0
5286,2013-03-27 03:30:00+00:00,0.0
5286,2013-03-27 04:00:00+00:00,0.0
5286,2013-03-27 04:30:00+00:00,0.0
5286,2013-03-27 05:00:00+00:00,0.0
5286,2013-03-27 05:30:00+00:00,0.0
5286,2013-03-27 06:00:00+00:00,0.0
5286,2013-03-27 06:30:00+00:00,19.72
5286,2013-03-27 07:00:00+00:00,125.26
5286,2013-03-27 07:30:00+00:00,261.07
5286,2013-03-27 08:00:00+00:00,292.92
5286,2013-03-27 08:30:00+00:00,118.9
5286,2013-03-27 09:00:00+00:00,128.85
5286,2013-03-27 09:30:00+00:00,240.64
5286,2013-03-27 10:00:00+00:00,237.09
5286,2013-03-27 10:30:00+00:00,483.08
5286,2013-03-27 11:00:00+00:00,354.76
5286,2013-03-27 11:30:00+00:00,692.3
5286,2013-03-27 12:00:00+00:00,1036.1
5286,2013-03-27 12:30:00+00:00,269.34
5286,2013-03-27 13:00:00+00:00,463.55
5286,2013-03-27 13:30:00+00:00,271.54
5286,2013-03-27 14:00:00+00:00,184.74
5286,2013-03-27 14:30:00+00:00,506.9
5286,2013-03-27 15:00:00+00:00,206.68
5286,2013-03-27 15:30:00+00:00,219.99
5286,2013-03-27 16:00:00+00:00,152.03
5286,2013-03-27 16:30:00+00:00,109.47
5286,2013-03-27 17:00:00+00:00,42.16
5286,2013-03-27 17:30:00+00:00,23.43
5286,2013-03-27 18:00:00+00:00,10.99
5286,2013-03-27 18:30:00+00:00,0.04
5286,2013-03-27 19:00:00+00:00,0.0
5286,2013-03-27 19:30:00+00:00,0.0
5286,2013-03-27 20:00:00+00:00,0.0
5286,2013-03-27 20:30:00+00:00,0.0
5286,2013-03-27 21:00:00+00:00,0.0
5286,2013-03-27 21:30:00+00:00,0.0
5286,2013-03-27 22:00:00+00:00,0.0
5286,2013-03-27 22:30:00+00:00,0.0
5286,2013-03-27 23:00:00+00:00,0.0
5286,2013-03-27 23:30:00+00:00,0.0
5286,2013-03-28 00:00:00+00:00,0.0
5286,2013-03-28 00:30:00+00:00,0.0
5286,2013-03-28 01:00:00+00:00,0.0
5286,2013-03-28 01:30:00+00:00,0.0
5286,2013-03-28 02:00:00+00:00,0.0
5286,2013-03-28 02:30:00+00:00,0.0
5286,2013-03-28 03:00:00+00:00,0.0
5286,2013-03-28 03:30:00+00:00,0.0
5286,2013-03-28 04:00:00+00:00,0.0
5286,2013-03-28 04:30:00+00:00,0.0
5286,2013-03-28 05:00:00+00:00,0.0
5286,2013-03-28 05:30:00+00:00,0.0
5286,2013-03-28 06:00:00+00:00,0.0
5286,2013-03-28 06:30:00+00:00,14.73
5286,2013-03-28 07:00:00+00:00,146.95
5286,2013-03-28 07:30:00+00:00,314.26
5286,2013-03-28 08:00:00+00:00,443.44
5286,2013-03-28 08:30:00+00:00,500.15
5286,2013-03-28 09:00:00+00:00,624.25
5286,2013-03-28 09:30:00+00:00,514.45
5286,2013-03-28 10:00:00+00:00,354.7
5286,2013-03-28 10:30:00+00:00,195.19
5286,2013-03-28 11:00:00+00:00,229.75
5286,2013-03-28 11:30:00+00:00,270.38
5286,2013-03-28 12:00:00+00:00,302.56
5286,2013-03-28 12:30:00+00:00,235.13
5286,2013-03-28 13:00:00+00:00,258.4
5286,2013-03-28 13:30:00+00:00,363.82
5286,2013-03-28 14:00:00+00:00,191.29
5286,2013-03-28 14:30:00+00:00,198.43
5286,2013-03-28 15:00:00+00:00,281.21
5286,2013-03-28 15:30:00+00:00,229.29
5286,2013-03-28 16:00:00+00:00,175.25
5286,2013-03-28 16:30:00+00:00,85.49
5286,2013-03-28 17:00:00+00:00,44.14
5286,2013-03-28 17:30:00+00:00,21.14
5286,2013-03-28 18:00:00+00:00,9.16
5286,2013-03-28 18:30:00+00:00,0.01
5286,2013-03-28 19:00:00+00:00,0.0
5286,2013-03-28 19:30:00+00:00,0.0
5286,2013-03-28 20:00:00+00:00,0.0
5286,2013-03-28 20:30:00+00:00,0.0
5286,2013-03-28 21:00:00+00:00,0.0
5286,2013-03-28 21:30:00+00:00,0.0
5286,2013-03-28 22:00:00+00:00,0.0
5286,2013-03-28 22:30:00+00:00,0.0
5286,2013-03-28 23:00:00+00:00,0.0
5286,2013-03-28 23:30:00+00:00,0.0
5286,2013-03-29 00:00:00+00:00,0.0
5286,2013-03-29 00:30:00+00:00,0.0
5286,2013-03-29 01:00:00+00:00,0.0
5286,2013-03-29 01:30:00+00:00,0.0
5286,2013-03-29 02:00:00+00:00,0.0
5286,2013-03-29 02:30:00+00:00,0.0
5286,2013-03-29 03:00:00+00:00,0.0
5286,2013-03-29 03:30:00+00:00,0.0
5286,2013-03-29 04:00:00+00:00,0.0
5286,2013-03-29 04:30:00+00:00,0.0
5286,2013-03-29 05:00:00+00:00,0.0
5286,2013-03-29 05:30:00+00:00,0.0
5286,2013-03-29 06:00:00+00:00,0.0
5286,2013-03-29 06:30:00+00:00,46.81
5286,2013-03-29 07:00:00+00:00,240.94
5286,2013-03-29 07:30:00+00:00,359.12
5286,2013-03-29 08:00:00+00:00,112.82
5286,2013-03-29 08:30:00+00:00,150.52
5286,2013-03-29 09:00:00+00:00,247.19
5286,2013-03-29 09:30:00+00:00,948.3
5286,2013-03-29 10:00:00+00:00,1000.65
5286,2013-03-29 10:30:00+00:00,881.6
5286,2013-03-29 11:00:00+00:00,856.5
5286,2013-03-29 11:30:00+00:00,311.13
5286,2013-03-29 12:00:00+00:00,235.3
5286,2013-03-29 12:30:00+00:00,218.62
5286,2013-03-29 13:00:00+00:00,624.9
5286,2013-03-29 13:30:00+00:00,250.66
5286,2013-03-29 14:00:00+00:00,650.05
5286,2013-03-29 14:30:00+00:00,283.29
5286,2013-03-29 15:00:00+00:00,124.08
5286,2013-03-29 15:30:00+00:00,166.06
5286,2013-03-29 16:00:00+00:00,77.65
5286,2013-03-29 16:30:00+00:00,124.83
5286,2013-03-29 17:00:00+00:00,69.6
5286,2013-03-29 17:30:00+00:00,37.0
5286,2013-03-29 18:00:00+00:00,13.24
5286,2013-03-29 18:30:00+00:00,0.01
5286,2013-03-29 19:00:00+00:00,0.01
5286,2013-03-29 19:30:00+00:00,0.0
5286,2013-03-29 20:00:00+00:00,0.0
5286,2013-03-29 20:30:00+00:00,0.0
5286,2013-03-29 21:00:00+00:00,0.0
5286,2013-03-29 21:30:00+00:00,0.0
5286,2013-03-29 22:00:00+00:00,0.0
5286,2013-03-29 22:30:00+00:00,0.0
5286,2013-03-29 23:00:00+00:00,0.0
5286,2013-03-29 23:30:00+00:00,0.0
5286,2013-03-30 00:00:00+00:00,0.0
5286,2013-03-30 00:30:00+00:00,0.0
5286,2013-03-30 01:00:00+00:00,0.0
5286,2013-03-30 01:30:00+00:00,0.0
5286,2013-03-30 02:00:00+00:00,0.0
5286,2013-03-30 02:30:00+00:00,0.0
5286,2013-03-30 03:00:00+00:00,0.0
5286,2013-03-30 03:30:00+00:00,0.0
5286,2013-03-30 04:00:00+00:00,0.0
5286,2013-03-30 04:30:00+00:00,0.0
5286,2013-03-30 05:00:00+00:00,0.0
5286,2013-03-30 05:30:00+00:00,0.0
5286,2013-03-30 06:00:00+00:00,0.0
5286,2013-03-30 06:30:00+00:00,0.01
5286,2013-03-30 07:00:00+00:00,6.67
5286,2013-03-30 07:30:00+00:00,54.15
5286,2013-03-30 08:00:00+00:00,96.34
5286,2013-03-30 08:30:00+00:00,250.39
5286,2013-03-30 09:00:00+00:00,451.62
5286,2013-03-30 09:30:00+00:00,307.2
5286,2013-03-30 10:00:00+00:00,257.31
5286,2013-03-30 10:30:00+00:00,459.1
5286,2013-03-30 11:00:00+00:00,302.89
5286,2013-03-30 11:30:00+00:00,550.4
5286,2013-03-30 12:00:00+00:00,298.84
5286,2013-03-30 12:30:00+00:00,106.99
5286,2013-03-30 13:00:00+00:00,440.87
5286,2013-03-30 13:30:00+00:00,321.03
5286,2013-03-30 14:00:00+00:00,426.93
5286,2013-03-30 14:30:00+00:00,187.65
5286,2013-03-30 15:00:00+00:00,245.85
5286,2013-03-30 15:30:00+00:00,136.53
5286,2013-03-30 16:00:00+00:00,135.69
5286,2013-03-30 16:30:00+00:00,59.84
5286,2013-03-30 17:00:00+00:00,59.38
5286,2013-03-30 17:30:00+00:00,19.37
5286,2013-03-30 18:00:00+00:00,19.66
5286,2013-03-30 18:30:00+00:00,0.16
5286,2013-03-30 19:00:00+00:00,0.01
5286,2013-03-30 19:30:00+00:00,0.0
5286,2013-03-30 20:00:00+00:00,0.0
5286,2013-03-30 20:30:00+00:00,0.0
5286,2013-03-30 21:00:00+00:00,0.0
5286,2013-03-30 21:30:00+00:00,0.0
5286,2013-03-30 22:00:00+00:00,0.0
5286,2013-03-30 22:30:00+00:00,0.0
5286,2013-03-30 23:00:00+00:00,0.0
5286,2013-03-30 23:30:00+00:00,0.0
5286,2013-03-31 00:00:00+00:00,0.0
5286,2013-03-31 00:30:00+00:00,0.0
5286,2013-03-31 01:00:00+00:00,0.0
5286,2013-03-31 01:30:00+00:00,0.0
5286,2013-03-31 02:00:00+00:00,0.0
5286,2013-03-31 02:30:00+00:00,0.0
5286,2013-03-31 03:00:00+00:00,0.0
5286,2013-03-31 03:30:00+00:00,0.0
5286,2013-03-31 04:00:00+00:00,0.0
5286,2013-03-31 04:30:00+00:00,0.0
5286,2013-03-31 05:00:00+00:00,0.0
5286,2013-03-31 05:30:00+00:00,0.0
5286,2013-03-31 06:00:00+00:00,1.81
5286,2013-03-31 06:30:00+00:00,61.68
5286,2013-03-31 07:00:00+00:00,283.53
5286,2013-03-31 07:30:00+00:00,464.33
5286,2013-03-31 08:00:00+00:00,612.25
5286,2013-03-31 08:30:00+00:00,546.65
5286,2013-03-31 09:00:00+00:00,223.91
5286,2013-03-31 09:30:00+00:00,223.55
5286,2013-03-31 10:00:00+00:00,324.96
5286,2013-03-31 10:30:00+00:00,499.15
5286,2013-03-31 11:00:00+00:00,773.4
5286,2013-03-31 11:30:00+00:00,826.35
5286,2013-03-31 12:00:00+00:00,253.06
5286,2013-03-31 12:30:00+00:00,237.89
5286,2013-03-31 13:00:00+00:00,332.02
5286,2013-03-31 13:30:00+00:00,189.9
5286,2013-03-31 14:00:00+00:00,303.48
5286,2013-03-31 14:30:00+00:00,234.89
5286,2013-03-31 15:00:00+00:00,261.88
5286,2013-03-31 15:30:00+00:00,164.89
5286,2013-03-31 16:00:00+00:00,115.39
5286,2013-03-31 16:30:00+00:00,58.47
5286,2013-03-31 17:00:00+00:00,59.18
5286,2013-03-31 17:30:00+00:00,13.51
5286,2013-03-31 18:00:00+00:00,5.47
5286,2013-03-31 18:30:00+00:00,1.59
5286,2013-03-31 19:00:00+00:00,0.01
5286,2013-03-31 19:30:00+00:00,0.0
5286,2013-03-31 20:00:00+00:00,0.0
5286,2013-03-31 20:30:00+00:00,0.0
5286,2013-03-31 21:00:00+00:00,0.0
5286,2013-03-31 21:30:00+00:00,0.0
5286,2013-03-31 22:00:00+00:00,0.0
5286,2013-03-31 22:30:00+00:00,0.0
5286,2013-03-31 23:00:00+00:00,0.0
5286,2013-03-31 23:30:00+00:00,0.0
5286,2013-04-01 00:30:00+00:00,0.0
5286,2013-04-01 01:00:00+00:00,0.0
5286,2013-04-01 01:30:00+00:00,0.0
5286,2013-04-01 02:00:00+00:00,0.0
5286,2013-04-01 02:30:00+00:00,0.0
5286,2013-04-01 03:00:00+00:00,0.0
5286,2013-04-01 03:30:00+00:00,0.0
5286,2013-04-01 04:00:00+00:00,0.0
5286,2013-04-01 04:30:00+00:00,0.0
5286,2013-04-01 05:00:00+00:00,0.0
5286,2013-04-01 05:30:00+00:00,0.0
5286,2013-04-01 06:00:00+00:00,0.0
5286,2013-04-01 06:30:00+00:00,0.01
5286,2013-04-01 07:00:00+00:00,6.4
5286,2013-04-01 07:30:00+00:00,10.1
5286,2013-04-01 08:00:00+00:00,27.57
5286,2013-04-01 08:30:00+00:00,34.22
5286,2013-04-01 09:00:00+00:00,403.74
5286,2013-04-01 09:30:00+00:00,197.3
5286,2013-04-01 10:00:00+00:00,148.45
5286,2013-04-01 10:30:00+00:00,118.72
5286,2013-04-01 11:00:00+00:00,152.72
5286,2013-04-01 11:30:00+00:00,127.74
5286,2013-04-01 12:00:00+00:00,161.44
5286,2013-04-01 12:30:00+00:00,355.89
5286,2013-04-01 13:00:00+00:00,459.85
5286,2013-04-01 13:30:00+00:00,522.15
5286,2013-04-01 14:00:00+00:00,673.3
5286,2013-04-01 14:30:00+00:00,579.15
5286,2013-04-01 15:00:00+00:00,673.7
5286,2013-04-01 15:30:00+00:00,553.55
5286,2013-04-01 16:00:00+00:00,271.86
5286,2013-04-01 16:30:00+00:00,190.12
5286,2013-04-01 17:00:00+00:00,102.64
5286,2013-04-01 17:30:00+00:00,37.66
5286,2013-04-01 18:00:00+00:00,18.05
5286,2013-04-01 18:30:00+00:00,1.96
5286,2013-04-01 19:00:00+00:00,0.01
5286,2013-04-01 19:30:00+00:00,0.0
5286,2013-04-01 20:00:00+00:00,0.0
5286,2013-04-01 20:30:00+00:00,0.0
5286,2013-04-01 21:00:00+00:00,0.0
5286,2013-04-01 21:30:00+00:00,0.0
5286,2013-04-01 22:00:00+00:00,0.0
5286,2013-04-01 22:30:00+00:00,0.0
5286,2013-04-01 23:00:00+00:00,0.0
5286,2013-04-01 23:30:00+00:00,0.0
5286,2013-04-02 00:00:00+00:00,0.0
5286,2013-04-02 00:30:00+00:00,0.0
5286,2013-04-02 01:00:00+00:00,0.0
5286,2013-04-02 01:30:00+00:00,0.0
5286,2013-04-02 02:00:00+00:00,0.0
5286,2013-04-02 02:30:00+00:00,0.0
5286,2013-04-02 03:00:00+00:00,0.0
5286,2013-04-02 03:30:00+00:00,0.0
5286,2013-04-02 04:00:00+00:00,0.0
5286,2013-04-02 04:30:00+00:00,0.0
5286,2013-04-02 05:00:00+00:00,0.0
5286,2013-04-02 05:30:00+00:00,0.0
5286,2013-04-02 06:00:00+00:00,5.61
5286,2013-04-02 06:30:00+00:00,74.69
5286,2013-04-02 07:00:00+00:00,272.42
5286,2013-04-02 07:30:00+00:00,440.52
5286,2013-04-02 08:00:00+00:00,594.8
5286,2013-04-02 08:30:00+00:00,735.4
5286,2013-04-02 09:00:00+00:00,851.0
5286,2013-04-02 09:30:00+00:00,927.15
5286,2013-04-02 10:00:00+00:00,990.25
5286,2013-04-02 10:30:00+00:00,1063.0
5286,2013-04-02 11:00:00+00:00,1098.2
5286,2013-04-02 11:30:00+00:00,1085.4
5286,2013-04-02 12:00:00+00:00,650.85
5286,2013-04-02 12:30:00+00:00,983.4
5286,2013-04-02 13:00:00+00:00,1030.6
5286,2013-04-02 13:30:00+00:00,970.65
5286,2013-04-02 14:00:00+00:00,873.55
5286,2013-04-02 14:30:00+00:00,805.25
5286,2013-04-02 15:00:00+00:00,691.6
5286,2013-04-02 15:30:00+00:00,556.3
5286,2013-04-02 16:00:00+00:00,387.47
5286,2013-04-02 16:30:00+00:00,186.56
5286,2013-04-02 17:00:00+00:00,99.68
5286,2013-04-02 17:30:00+00:00,35.67
5286,2013-04-02 18:00:00+00:00,17.27
5286,2013-04-02 18:30:00+00:00,2.06
5286,2013-04-02 19:00:00+00:00,0.01
5286,2013-04-02 19:30:00+00:00,0.0
5286,2013-04-02 20:00:00+00:00,0.0
5286,2013-04-02 20:30:00+00:00,0.0
5286,2013-04-02 21:00:00+00:00,0.0
5286,2013-04-02 21:30:00+00:00,0.0
5286,2013-04-02 22:00:00+00:00,0.0
5286,2013-04-02 22:30:00+00:00,0.0
5286,2013-04-02 23:00:00+00:00,0.0
5286,2013-04-02 23:30:00+00:00,0.0
5286,2013-04-03 00:00:00+00:00,0.0
5286,2013-04-03 00:30:00+00:00,0.0
5286,2013-04-03 01:00:00+00:00,0.0
5286,2013-04-03 01:30:00+00:00,0.0
5286,2013-04-03 02:00:00+00:00,0.0
5286,2013-04-03 02:30:00+00:00,0.0
5286,2013-04-03 03:00:00+00:00,0.0
5286,2013-04-03 03:30:00+00:00,0.0
5286,2013-04-03 04:00:00+00:00,0.0
5286,2013-04-03 04:30:00+00:00,0.0
5286,2013-04-03 05:00:00+00:00,0.0
5286,2013-04-03 05:30:00+00:00,0.0
5286,2013-04-03 06:00:00+00:00,4.71
5286,2013-04-03 06:30:00+00:00,41.04
5286,2013-04-03 07:00:00+00:00,37.59
5286,2013-04-03 07:30:00+00:00,49.93
5286,2013-04-03 08:00:00+00:00,63.19
5286,2013-04-03 08:30:00+00:00,71.62
5286,2013-04-03 09:00:00+00:00,85.02
5286,2013-04-03 09:30:00+00:00,99.28
5286,2013-04-03 10:00:00+00:00,122.64
5286,2013-04-03 10:30:00+00:00,124.22
5286,2013-04-03 11:00:00+00:00,167.71
5286,2013-04-03 11:30:00+00:00,193.36
5286,2013-04-03 12:00:00+00:00,204.05
5286,2013-04-03 12:30:00+00:00,196.6
5286,2013-04-03 13:00:00+00:00,169.95
5286,2013-04-03 13:30:00+00:00,144.88
5286,2013-04-03 14:00:00+00:00,94.26
5286,2013-04-03 14:30:00+00:00,115.48
5286,2013-04-03 15:00:00+00:00,131.0
5286,2013-04-03 15:30:00+00:00,44.55
5286,2013-04-03 16:00:00+00:00,43.54
5286,2013-04-03 16:30:00+00:00,58.36
5286,2013-04-03 17:00:00+00:00,31.65
5286,2013-04-03 17:30:00+00:00,15.02
5286,2013-04-03 18:00:00+00:00,6.2
5286,2013-04-03 18:30:00+00:00,0.02
5286,2013-04-03 19:00:00+00:00,0.01
5286,2013-04-03 19:30:00+00:00,0.0
5286,2013-04-03 20:00:00+00:00,0.0
5286,2013-04-03 20:30:00+00:00,0.0
5286,2013-04-03 21:00:00+00:00,0.0
5286,2013-04-03 21:30:00+00:00,0.0
5286,2013-04-03 22:00:00+00:00,0.0
5286,2013-04-03 22:30:00+00:00,0.0
5286,2013-04-03 23:00:00+00:00,0.0
5286,2013-04-03 23:30:00+00:00,0.0
5286,2013-04-04 00:00:00+00:00,0.0
5286,2013-04-04 00:30:00+00:00,0.0
5286,2013-04-04 01:00:00+00:00,0.0
5286,2013-04-04 01:30:00+00:00,0.0
5286,2013-04-04 02:00:00+00:00,0.0
5286,2013-04-04 02:30:00+00:00,0.0
5286,2013-04-04 03:00:00+00:00,0.0
5286,2013-04-04 03:30:00+00:00,0.0
5286,2013-04-04 04:00:00+00:00,0.0
5286,2013-04-04 04:30:00+00:00,0.0
5286,2013-04-04 05:00:00+00:00,0.0
5286,2013-04-04 05:30:00+00:00,0.0
5286,2013-04-04 06:00:00+00:00,0.62
5286,2013-04-04 06:30:00+00:00,4.12
5286,2013-04-04 07:00:00+00:00,11.83
5286,2013-04-04 07:30:00+00:00,38.56
5286,2013-04-04 08:00:00+00:00,73.09
5286,2013-04-04 08:30:00+00:00,25.63
5286,2013-04-04 09:00:00+00:00,30.81
5286,2013-04-04 09:30:00+00:00,67.54
5286,2013-04-04 10:00:00+00:00,66.94
5286,2013-04-04 10:30:00+00:00,47.7
5286,2013-04-04 11:00:00+00:00,30.31
5286,2013-04-04 11:30:00+00:00,90.95
5286,2013-04-04 12:00:00+00:00,154.87
5286,2013-04-04 12:30:00+00:00,210.96
5286,2013-04-04 13:00:00+00:00,115.48
5286,2013-04-04 13:30:00+00:00,103.06
5286,2013-04-04 14:00:00+00:00,35.98
5286,2013-04-04 14:30:00+00:00,38.19
5286,2013-04-04 15:00:00+00:00,9.75
5286,2013-04-04 15:30:00+00:00,0.46
5286,2013-04-04 16:00:00+00:00,0.03
5286,2013-04-04 16:30:00+00:00,0.01
5286,2013-04-04 17:00:00+00:00,0.03
5286,2013-04-04 17:30:00+00:00,11.16
5286,2013-04-04 18:00:00+00:00,0.63
5286,2013-04-04 18:30:00+00:00,0.01
5286,2013-04-04 19:00:00+00:00,0.01
5286,2013-04-04 19:30:00+00:00,0.0
5286,2013-04-04 20:00:00+00:00,0.0
5286,2013-04-04 20:30:00+00:00,0.0
5286,2013-04-04 21:00:00+00:00,0.0
5286,2013-04-04 21:30:00+00:00,0.0
5286,2013-04-04 22:00:00+00:00,0.0
5286,2013-04-04 22:30:00+00:00,0.0
5286,2013-04-04 23:00:00+00:00,0.0
5286,2013-04-04 23:30:00+00:00,0.0
5286,2013-04-05 00:00:00+00:00,0.0
5286,2013-04-05 00:30:00+00:00,0.0
5286,2013-04-05 01:00:00+00:00,0.0
5286,2013-04-05 01:30:00+00:00,0.0
5286,2013-04-05 02:00:00+00:00,0.0
5286,2013-04-05 02:30:00+00:00,0.0
5286,2013-04-05 03:00:00+00:00,0.0
5286,2013-04-05 03:30:00+00:00,0.0
5286,2013-04-05 04:00:00+00:00,0.0
5286,2013-04-05 04:30:00+00:00,0.0
5286,2013-04-05 05:00:00+00:00,0.0
5286,2013-04-05 05:30:00+00:00,0.0
5286,2013-04-05 06:00:00+00:00,0.0
5286,2013-04-05 06:30:00+00:00,0.01
5286,2013-04-05 07:00:00+00:00,17.14
5286,2013-04-05 07:30:00+00:00,39.85
5286,2013-04-05 08:00:00+00:00,47.93
5286,2013-04-05 08:30:00+00:00,30.48
5286,2013-04-05 09:00:00+00:00,68.55
5286,2013-04-05 09:30:00+00:00,139.91
5286,2013-04-05 10:00:00+00:00,185.74
5286,2013-04-05 10:30:00+00:00,181.33
5286,2013-04-05 11:00:00+00:00,186.2
5286,2013-04-05 11:30:00+00:00,271.53
5286,2013-04-05 12:00:00+00:00,393.57
5286,2013-04-05 12:30:00+00:00,404.72
5286,2013-04-05 13:00:00+00:00,450.01
5286,2013-04-05 13:30:00+00:00,502.6
5286,2013-04-05 14:00:00+00:00,485.28
5286,2013-04-05 14:30:00+00:00,384.58
5286,2013-04-05 15:00:00+00:00,288.05
5286,2013-04-05 15:30:00+00:00,281.52
5286,2013-04-05 16:00:00+00:00,226.69
5286,2013-04-05 16:30:00+00:00,150.43
5286,2013-04-05 17:00:00+00:00,97.26
5286,2013-04-05 17:30:00+00:00,75.5
5286,2013-04-05 18:00:00+00:00,37.93
5286,2013-04-05 18:30:00+00:00,6.2
5286,2013-04-05 19:00:00+00:00,0.01
5286,2013-04-05 19:30:00+00:00,0.0
5286,2013-04-05 20:00:00+00:00,0.0
5286,2013-04-05 20:30:00+00:00,0.0
5286,2013-04-05 21:00:00+00:00,0.0
5286,2013-04-05 21:30:00+00:00,0.0
5286,2013-04-05 22:00:00+00:00,0.0
5286,2013-04-05 22:30:00+00:00,0.0
5286,2013-04-05 23:00:00+00:00,0.0
5286,2013-04-05 23:30:00+00:00,0.0
5286,2013-04-06 00:00:00+00:00,0.0
5286,2013-04-06 00:30:00+00:00,0.0
5286,2013-04-06 01:00:00+00:00,0.0
5286,2013-04-06 01:30:00+00:00,0.0
5286,2013-04-06 02:00:00+00:00,0.0
5286,2013-04-06 02:30:00+00:00,0.0
5286,2013-04-06 03:00:00+00:00,0.0
5286,2013-04-06 03:30:00+00:00,0.0
5286,2013-04-06 04:00:00+00:00,0.0
5286,2013-04-06 04:30:00+00:00,0.0
5286,2013-04-06 05:00:00+00:00,0.0
5286,2013-04-06 05:30:00+00:00,0.0
5286,2013-04-06 06:00:00+00:00,11.23
5286,2013-04-06 06:30:00+00:00,101.15
5286,2013-04-06 07:00:00+00:00,308.42
5286,2013-04-06 07:30:00+00:00,477.96
5286,2013-04-06 08:00:00+00:00,619.1
5286,2013-04-06 08:30:00+00:00,742.1
5286,2013-04-06 09:00:00+00:00,801.05
5286,2013-04-06 09:30:00+00:00,836.95
5286,2013-04-06 10:00:00+00:00,734.2
5286,2013-04-06 10:30:00+00:00,391.35
5286,2013-04-06 11:00:00+00:00,429.47
5286,2013-04-06 11:30:00+00:00,385.01
5286,2013-04-06 12:00:00+00:00,400.42
5286,2013-04-06 12:30:00+00:00,450.43
5286,2013-04-06 13:00:00+00:00,511.45
5286,2013-04-06 13:30:00+00:00,514.45
5286,2013-04-06 14:00:00+00:00,536.15
5286,2013-04-06 14:30:00+00:00,772.6
5286,2013-04-06 15:00:00+00:00,377.37
5286,2013-04-06 15:30:00+00:00,386.35
5286,2013-04-06 16:00:00+00:00,284.48
5286,2013-04-06 16:30:00+00:00,195.63
5286,2013-04-06 17:00:00+00:00,97.96
5286,2013-04-06 17:30:00+00:00,48.62
5286,2013-04-06 18:00:00+00:00,24.4
5286,2013-04-06 18:30:00+00:00,4.61
5286,2013-04-06 19:00:00+00:00,0.01
5286,2013-04-06 19:30:00+00:00,0.0
5286,2013-04-06 20:00:00+00:00,0.0
5286,2013-04-06 20:30:00+00:00,0.0
5286,2013-04-06 21:00:00+00:00,0.0
5286,2013-04-06 21:30:00+00:00,0.0
5286,2013-04-06 22:00:00+00:00,0.0
5286,2013-04-06 22:30:00+00:00,0.0
5286,2013-04-06 23:00:00+00:00,0.0
5286,2013-04-06 23:30:00+00:00,0.0
5286,2013-04-07 00:00:00+00:00,0.0
5286,2013-04-07 00:30:00+00:00,0.0
5286,2013-04-07 01:00:00+00:00,0.0
5286,2013-04-07 01:30:00+00:00,0.0
5286,2013-04-07 02:00:00+00:00,0.0
5286,2013-04-07 02:30:00+00:00,0.0
5286,2013-04-07 03:00:00+00:00,0.0
5286,2013-04-07 03:30:00+00:00,0.0
5286,2013-04-07 04:00:00+00:00,0.0
5286,2013-04-07 04:30:00+00:00,0.0
5286,2013-04-07 05:00:00+00:00,0.0
5286,2013-04-07 05:30:00+00:00,0.0
5286,2013-04-07 06:00:00+00:00,14.56
5286,2013-04-07 06:30:00+00:00,96.5
5286,2013-04-07 07:00:00+00:00,324.77
5286,2013-04-07 07:30:00+00:00,403.63
5286,2013-04-07 08:00:00+00:00,615.55
5286,2013-04-07 08:30:00+00:00,692.0
5286,2013-04-07 09:00:00+00:00,733.2
5286,2013-04-07 09:30:00+00:00,785.8
5286,2013-04-07 10:00:00+00:00,837.3
5286,2013-04-07 10:30:00+00:00,875.9
5286,2013-04-07 11:00:00+00:00,816.85
5286,2013-04-07 11:30:00+00:00,818.75
5286,2013-04-07 12:00:00+00:00,893.1
5286,2013-04-07 12:30:00+00:00,907.7
5286,2013-04-07 13:00:00+00:00,910.9
5286,2013-04-07 13:30:00+00:00,880.95
5286,2013-04-07 14:00:00+00:00,738.95
5286,2013-04-07 14:30:00+00:00,664.95
5286,2013-04-07 15:00:00+00:00,409.9
5286,2013-04-07 15:30:00+00:00,284.88
5286,2013-04-07 16:00:00+00:00,297.33
5286,2013-04-07 16:30:00+00:00,202.68
5286,2013-04-07 17:00:00+00:00,119.4
5286,2013-04-07 17:30:00+00:00,85.09
5286,2013-04-07 18:00:00+00:00,35.99
5286,2013-04-07 18:30:00+00:00,4.64
5286,2013-04-07 19:00:00+00:00,0.01
5286,2013-04-07 19:30:00+00:00,0.0
5286,2013-04-07 20:00:00+00:00,0.0
5286,2013-04-07 20:30:00+00:00,0.0
5286,2013-04-07 21:00:00+00:00,0.0
5286,2013-04-07 21:30:00+00:00,0.0
5286,2013-04-07 22:00:00+00:00,0.0
5286,2013-04-07 22:30:00+00:00,0.0
5286,2013-04-07 23:00:00+00:00,0.0
5286,2013-04-07 23:30:00+00:00,0.0
5286,2013-04-08 00:00:00+00:00,0.0
5286,2013-04-08 00:30:00+00:00,0.0
5286,2013-04-08 01:00:00+00:00,0.0
5286,2013-04-08 01:30:00+00:00,0.0
5286,2013-04-08 02:00:00+00:00,0.0
5286,2013-04-08 02:30:00+00:00,0.0
5286,2013-04-08 03:00:00+00:00,0.0
5286,2013-04-08 03:30:00+00:00,0.0
5286,2013-04-08 04:00:00+00:00,0.0
5286,2013-04-08 04:30:00+00:00,0.0
5286,2013-04-08 05:00:00+00:00,0.0
5286,2013-04-08 05:30:00+00:00,0.0
5286,2013-04-08 06:00:00+00:00,2.23
5286,2013-04-08 06:30:00+00:00,25.13
5286,2013-04-08 07:00:00+00:00,99.11
5286,2013-04-08 07:30:00+00:00,180.43
5286,2013-04-08 08:00:00+00:00,299.58
5286,2013-04-08 08:30:00+00:00,285.11
5286,2013-04-08 09:00:00+00:00,353.09
5286,2013-04-08 09:30:00+00:00,466.38
5286,2013-04-08 10:00:00+00:00,457.6
5286,2013-04-08 10:30:00+00:00,455.13
5286,2013-04-08 11:00:00+00:00,436.37
5286,2013-04-08 11:30:00+00:00,576.25
5286,2013-04-08 12:00:00+00:00,555.55
5286,2013-04-08 12:30:00+00:00,573.6
5286,2013-04-08 13:00:00+00:00,637.9
5286,2013-04-08 13:30:00+00:00,572.8
5286,2013-04-08 14:00:00+00:00,559.25
5286,2013-04-08 14:30:00+00:00,564.5
5286,2013-04-08 15:00:00+00:00,514.2
5286,2013-04-08 15:30:00+00:00,385.48
5286,2013-04-08 16:00:00+00:00,320.34
5286,2013-04-08 16:30:00+00:00,225.57
5286,2013-04-08 17:00:00+00:00,139.29
5286,2013-04-08 17:30:00+00:00,94.43
5286,2013-04-08 18:00:00+00:00,50.96
5286,2013-04-08 18:30:00+00:00,15.78
5286,2013-04-08 19:00:00+00:00,0.02
5286,2013-04-08 19:30:00+00:00,0.0
5286,2013-04-08 20:00:00+00:00,0.0
5286,2013-04-08 20:30:00+00:00,0.0
5286,2013-04-08 21:00:00+00:00,0.0
5286,2013-04-08 21:30:00+00:00,0.0
5286,2013-04-08 22:00:00+00:00,0.0
5286,2013-04-08 22:30:00+00:00,0.0
5286,2013-04-08 23:00:00+00:00,0.0
5286,2013-04-08 23:30:00+00:00,0.0
5286,2013-04-09 00:00:00+00:00,0.0
5286,2013-04-09 00:30:00+00:00,0.0
5286,2013-04-09 01:00:00+00:00,0.0
5286,2013-04-09 01:30:00+00:00,0.0
5286,2013-04-09 02:00:00+00:00,0.0
5286,2013-04-09 02:30:00+00:00,0.0
5286,2013-04-09 03:00:00+00:00,0.0
5286,2013-04-09 03:30:00+00:00,0.0
5286,2013-04-09 04:00:00+00:00,0.0
5286,2013-04-09 04:30:00+00:00,0.0
5286,2013-04-09 05:00:00+00:00,0.0
5286,2013-04-09 05:30:00+00:00,0.0
5286,2013-04-09 06:00:00+00:00,0.61
5286,2013-04-09 06:30:00+00:00,17.43
5286,2013-04-09 07:00:00+00:00,51.71
5286,2013-04-09 07:30:00+00:00,92.79
5286,2013-04-09 08:00:00+00:00,119.67
5286,2013-04-09 08:30:00+00:00,124.24
5286,2013-04-09 09:00:00+00:00,66.94
5286,2013-04-09 09:30:00+00:00,101.22
5286,2013-04-09 10:00:00+00:00,141.82
5286,2013-04-09 10:30:00+00:00,320.66
5286,2013-04-09 11:00:00+00:00,327.07
5286,2013-04-09 11:30:00+00:00,373.98
5286,2013-04-09 12:00:00+00:00,282.46
5286,2013-04-09 12:30:00+00:00,321.87
5286,2013-04-09 13:00:00+00:00,220.83
5286,2013-04-09 13:30:00+00:00,203.79
5286,2013-04-09 14:00:00+00:00,141.64
5286,2013-04-09 14:30:00+00:00,189.64
5286,2013-04-09 15:00:00+00:00,139.69
5286,2013-04-09 15:30:00+00:00,217.64
5286,2013-04-09 16:00:00+00:00,83.07
5286,2013-04-09 16:30:00+00:00,88.5
5286,2013-04-09 17:00:00+00:00,34.71
5286,2013-04-09 17:30:00+00:00,9.1
5286,2013-04-09 18:00:00+00:00,0.02
5286,2013-04-09 18:30:00+00:00,0.01
5286,2013-04-09 19:00:00+00:00,0.01
5286,2013-04-09 19:30:00+00:00,0.0
5286,2013-04-09 20:00:00+00:00,0.0
5286,2013-04-09 20:30:00+00:00,0.0
5286,2013-04-09 21:00:00+00:00,0.0
5286,2013-04-09 21:30:00+00:00,0.0
5286,2013-04-09 22:00:00+00:00,0.0
5286,2013-04-09 22:30:00+00:00,0.0
5286,2013-04-09 23:00:00+00:00,0.0
5286,2013-04-09 23:30:00+00:00,0.0
5286,2013-04-10 00:00:00+00:00,0.0
5286,2013-04-10 00:30:00+00:00,0.0
5286,2013-04-10 01:00:00+00:00,0.0
5286,2013-04-10 01:30:00+00:00,0.0
5286,2013-04-10 02:00:00+00:00,0.0
5286,2013-04-10 02:30:00+00:00,0.0
5286,2013-04-10 03:00:00+00:00,0.0
5286,2013-04-10 03:30:00+00:00,0.0
5286,2013-04-10 04:00:00+00:00,0.0
5286,2013-04-10 04:30:00+00:00,0.0
5286,2013-04-10 05:00:00+00:00,0.0
5286,2013-04-10 05:30:00+00:00,0.0
5286,2013-04-10 06:00:00+00:00,0.02
5286,2013-04-10 06:30:00+00:00,9.77
5286,2013-04-10 07:00:00+00:00,50.47
5286,2013-04-10 07:30:00+00:00,65.89
5286,2013-04-10 08:00:00+00:00,98.32
5286,2013-04-10 08:30:00+00:00,121.38
5286,2013-04-10 09:00:00+00:00,218.83
5286,2013-04-10 09:30:00+00:00,505.65
5286,2013-04-10 10:00:00+00:00,666.05
5286,2013-04-10 10:30:00+00:00,919.15
5286,2013-04-10 11:00:00+00:00,930.9
5286,2013-04-10 11:30:00+00:00,945.75
5286,2013-04-10 12:00:00+00:00,965.95
5286,2013-04-10 12:30:00+00:00,743.85
5286,2013-04-10 13:00:00+00:00,763.4
5286,2013-04-10 13:30:00+00:00,628.05
5286,2013-04-10 14:00:00+00:00,643.2
5286,2013-04-10 14:30:00+00:00,365.19
5286,2013-04-10 15:00:00+00:00,314.49
5286,2013-04-10 15:30:00+00:00,265.95
5286,2013-04-10 16:00:00+00:00,262.71
5286,2013-04-10 16:30:00+00:00,141.55
5286,2013-04-10 17:00:00+00:00,101.31
5286,2013-04-10 17:30:00+00:00,60.62
5286,2013-04-10 18:00:00+00:00,17.36
5286,2013-04-10 18:30:00+00:00,0.02
5286,2013-04-10 19:00:00+00:00,0.01
5286,2013-04-10 19:30:00+00:00,0.0
5286,2013-04-10 20:00:00+00:00,0.0
5286,2013-04-10 20:30:00+00:00,0.0
5286,2013-04-10 21:00:00+00:00,0.0
5286,2013-04-10 21:30:00+00:00,0.0
5286,2013-04-10 22:00:00+00:00,0.0
5286,2013-04-10 22:30:00+00:00,0.0
5286,2013-04-10 23:00:00+00:00,0.0
5286,2013-04-10 23:30:00+00:00,0.0
5286,2013-04-11 00:00:00+00:00,0.0
5286,2013-04-11 00:30:00+00:00,0.0
5286,2013-04-11 01:00:00+00:00,0.0
5286,2013-04-11 01:30:00+00:00,0.0
5286,2013-04-11 02:00:00+00:00,0.0
5286,2013-04-11 02:30:00+00:00,0.0
5286,2013-04-11 03:00:00+00:00,0.0
5286,2013-04-11 03:30:00+00:00,0.0
5286,2013-04-11 04:00:00+00:00,0.0
5286,2013-04-11 04:30:00+00:00,0.0
5286,2013-04-11 05:00:00+00:00,0.0
5286,2013-04-11 05:30:00+00:00,0.0
5286,2013-04-11 06:00:00+00:00,0.0
5286,2013-04-11 06:30:00+00:00,0.0
5286,2013-04-11 07:00:00+00:00,4.86
5286,2013-04-11 07:30:00+00:00,12.15
5286,2013-04-11 08:00:00+00:00,25.68
5286,2013-04-11 08:30:00+00:00,36.96
5286,2013-04-11 09:00:00+00:00,56.25
5286,2013-04-11 09:30:00+00:00,71.42
5286,2013-04-11 10:00:00+00:00,63.89
5286,2013-04-11 10:30:00+00:00,83.09
5286,2013-04-11 11:00:00+00:00,116.86
5286,2013-04-11 11:30:00+00:00,143.32
5286,2013-04-11 12:00:00+00:00,117.87
5286,2013-04-11 12:30:00+00:00,149.9
5286,2013-04-11 13:00:00+00:00,99.55
5286,2013-04-11 13:30:00+00:00,134.45
5286,2013-04-11 14:00:00+00:00,171.62
5286,2013-04-11 14:30:00+00:00,161.0
5286,2013-04-11 15:00:00+00:00,240.87
5286,2013-04-11 15:30:00+00:00,230.61
5286,2013-04-11 16:00:00+00:00,177.89
5286,2013-04-11 16:30:00+00:00,159.42
5286,2013-04-11 17:00:00+00:00,130.17
5286,2013-04-11 17:30:00+00:00,137.43
5286,2013-04-11 18:00:00+00:00,72.69
5286,2013-04-11 18:30:00+00:00,11.63
5286,2013-04-11 19:00:00+00:00,0.01
5286,2013-04-11 19:30:00+00:00,0.01
5286,2013-04-11 20:00:00+00:00,0.0
5286,2013-04-11 20:30:00+00:00,0.0
5286,2013-04-11 21:00:00+00:00,0.0
5286,2013-04-11 21:30:00+00:00,0.0
5286,2013-04-11 22:00:00+00:00,0.0
5286,2013-04-11 22:30:00+00:00,0.0
5286,2013-04-11 23:00:00+00:00,0.0
5286,2013-04-11 23:30:00+00:00,0.0
5286,2013-04-12 00:00:00+00:00,0.0
5286,2013-04-12 00:30:00+00:00,0.0
5286,2013-04-12 01:00:00+00:00,0.0
5286,2013-04-12 01:30:00+00:00,0.0
5286,2013-04-12 02:00:00+00:00,0.0
5286,2013-04-12 02:30:00+00:00,0.0
5286,2013-04-12 03:00:00+00:00,0.0
5286,2013-04-12 03:30:00+00:00,0.0
5286,2013-04-12 04:00:00+00:00,0.0
5286,2013-04-12 04:30:00+00:00,0.0
5286,2013-04-12 05:00:00+00:00,0.0
5286,2013-04-12 05:30:00+00:00,0.0
5286,2013-04-12 06:00:00+00:00,0.0
5286,2013-04-12 06:30:00+00:00,9.54
5286,2013-04-12 07:00:00+00:00,47.38
5286,2013-04-12 07:30:00+00:00,242.29
5286,2013-04-12 08:00:00+00:00,93.18
5286,2013-04-12 08:30:00+00:00,65.49
5286,2013-04-12 09:00:00+00:00,165.86
5286,2013-04-12 09:30:00+00:00,345.71
5286,2013-04-12 10:00:00+00:00,255.32
5286,2013-04-12 10:30:00+00:00,360.96
5286,2013-04-12 11:00:00+00:00,321.48
5286,2013-04-12 11:30:00+00:00,245.39
5286,2013-04-12 12:00:00+00:00,123.26
5286,2013-04-12 12:30:00+00:00,414.58
5286,2013-04-12 13:00:00+00:00,50.96
5286,2013-04-12 13:30:00+00:00,450.51
5286,2013-04-12 14:00:00+00:00,132.01
5286,2013-04-12 14:30:00+00:00,365.57
5286,2013-04-12 15:00:00+00:00,254.82
5286,2013-04-12 15:30:00+00:00,152.53
5286,2013-04-12 16:00:00+00:00,196.42
5286,2013-04-12 16:30:00+00:00,104.49
5286,2013-04-12 17:00:00+00:00,104.34
5286,2013-04-12 17:30:00+00:00,44.63
5286,2013-04-12 18:00:00+00:00,9.85
5286,2013-04-12 18:30:00+00:00,24.14
5286,2013-04-12 19:00:00+00:00,0.01
5286,2013-04-12 19:30:00+00:00,0.01
5286,2013-04-12 20:00:00+00:00,0.0
5286,2013-04-12 20:30:00+00:00,0.0
5286,2013-04-12 21:00:00+00:00,0.0
5286,2013-04-12 21:30:00+00:00,0.0
5286,2013-04-12 22:00:00+00:00,0.0
5286,2013-04-12 22:30:00+00:00,0.0
5286,2013-04-12 23:00:00+00:00,0.0
5286,2013-04-12 23:30:00+00:00,0.0
5286,2013-04-13 00:00:00+00:00,0.0
5286,2013-04-13 00:30:00+00:00,0.0
5286,2013-04-13 01:00:00+00:00,0.0
5286,2013-04-13 01:30:00+00:00,0.0
5286,2013-04-13 02:00:00+00:00,0.0
5286,2013-04-13 02:30:00+00:00,0.0
5286,2013-04-13 03:00:00+00:00,0.0
5286,2013-04-13 03:30:00+00:00,0.0
5286,2013-04-13 04:00:00+00:00,0.0
5286,2013-04-13 04:30:00+00:00,0.0
5286,2013-04-13 05:00:00+00:00,0.0
5286,2013-04-13 05:30:00+00:00,0.14
5286,2013-04-13 06:00:00+00:00,20.15
5286,2013-04-13 06:30:00+00:00,152.52
5286,2013-04-13 07:00:00+00:00,354.3
5286,2013-04-13 07:30:00+00:00,488.35
5286,2013-04-13 08:00:00+00:00,648.6
5286,2013-04-13 08:30:00+00:00,148.03
5286,2013-04-13 09:00:00+00:00,219.36
5286,2013-04-13 09:30:00+00:00,719.0
5286,2013-04-13 10:00:00+00:00,557.95
5286,2013-04-13 10:30:00+00:00,582.55
5286,2013-04-13 11:00:00+00:00,551.2
5286,2013-04-13 11:30:00+00:00,432.72
5286,2013-04-13 12:00:00+00:00,156.03
5286,2013-04-13 12:30:00+00:00,245.15
5286,2013-04-13 13:00:00+00:00,161.16
5286,2013-04-13 13:30:00+00:00,147.5
5286,2013-04-13 14:00:00+00:00,70.8
5286,2013-04-13 14:30:00+00:00,81.68
5286,2013-04-13 15:00:00+00:00,71.37
5286,2013-04-13 15:30:00+00:00,54.71
5286,2013-04-13 16:00:00+00:00,75.86
5286,2013-04-13 16:30:00+00:00,52.92
5286,2013-04-13 17:00:00+00:00,35.48
5286,2013-04-13 17:30:00+00:00,26.27
5286,2013-04-13 18:00:00+00:00,4.36
5286,2013-04-13 18:30:00+00:00,0.01
5286,2013-04-13 19:00:00+00:00,0.01
5286,2013-04-13 19:30:00+00:00,0.01
5286,2013-04-13 20:00:00+00:00,0.0
5286,2013-04-13 20:30:00+00:00,0.0
5286,2013-04-13 21:00:00+00:00,0.0
5286,2013-04-13 21:30:00+00:00,0.0
5286,2013-04-13 22:00:00+00:00,0.0
5286,2013-04-13 22:30:00+00:00,0.0
5286,2013-04-13 23:00:00+00:00,0.0
5286,2013-04-13 23:30:00+00:00,0.0
5286,2013-04-14 00:00:00+00:00,0.0
5286,2013-04-14 00:30:00+00:00,0.0
5286,2013-04-14 01:00:00+00:00,0.0
5286,2013-04-14 01:30:00+00:00,0.0
5286,2013-04-14 02:00:00+00:00,0.0
5286,2013-04-14 02:30:00+00:00,0.0
5286,2013-04-14 03:00:00+00:00,0.0
5286,2013-04-14 03:30:00+00:00,0.0
5286,2013-04-14 04:00:00+00:00,0.0
5286,2013-04-14 04:30:00+00:00,0.0
5286,2013-04-14 05:00:00+00:00,0.0
5286,2013-04-14 05:30:00+00:00,0.3
5286,2013-04-14 06:00:00+00:00,16.43
5286,2013-04-14 06:30:00+00:00,52.05
5286,2013-04-14 07:00:00+00:00,96.05
5286,2013-04-14 07:30:00+00:00,109.43
5286,2013-04-14 08:00:00+00:00,142.37
5286,2013-04-14 08:30:00+00:00,122.53
5286,2013-04-14 09:00:00+00:00,482.13
5286,2013-04-14 09:30:00+00:00,397.22
5286,2013-04-14 10:00:00+00:00,845.3
5286,2013-04-14 10:30:00+00:00,799.15
5286,2013-04-14 11:00:00+00:00,1065.25
5286,2013-04-14 11:30:00+00:00,1002.65
5286,2013-04-14 12:00:00+00:00,609.05
5286,2013-04-14 12:30:00+00:00,642.4
5286,2013-04-14 13:00:00+00:00,827.9
5286,2013-04-14 13:30:00+00:00,924.7
5286,2013-04-14 14:00:00+00:00,761.9
5286,2013-04-14 14:30:00+00:00,668.1
5286,2013-04-14 15:00:00+00:00,497.64
5286,2013-04-14 15:30:00+00:00,516.9
5286,2013-04-14 16:00:00+00:00,266.44
5286,2013-04-14 16:30:00+00:00,138.34
5286,2013-04-14 17:00:00+00:00,84.42
5286,2013-04-14 17:30:00+00:00,78.02
5286,2013-04-14 18:00:00+00:00,41.41
5286,2013-04-14 18:30:00+00:00,15.21
5286,2013-04-14 19:00:00+00:00,1.06
5286,2013-04-14 19:30:00+00:00,0.01
5286,2013-04-14 20:00:00+00:00,0.0
5286,2013-04-14 20:30:00+00:00,0.0
5286,2013-04-14 21:00:00+00:00,0.0
5286,2013-04-14 21:30:00+00:00,0.0
5286,2013-04-14 22:00:00+00:00,0.0
5286,2013-04-14 22:30:00+00:00,0.0
5286,2013-04-14 23:00:00+00:00,0.0
5286,2013-04-14 23:30:00+00:00,0.0
5286,2013-04-15 00:00:00+00:00,0.0
5286,2013-04-15 00:30:00+00:00,0.0
5286,2013-04-15 01:00:00+00:00,0.0
5286,2013-04-15 01:30:00+00:00,0.0
5286,2013-04-15 02:00:00+00:00,0.0
5286,2013-04-15 02:30:00+00:00,0.0
5286,2013-04-15 03:00:00+00:00,0.0
5286,2013-04-15 03:30:00+00:00,0.0
5286,2013-04-15 04:00:00+00:00,0.0
5286,2013-04-15 04:30:00+00:00,0.0
5286,2013-04-15 05:00:00+00:00,0.0
5286,2013-04-15 05:30:00+00:00,0.0
5286,2013-04-15 06:00:00+00:00,12.53
5286,2013-04-15 06:30:00+00:00,119.25
5286,2013-04-15 07:00:00+00:00,326.15
5286,2013-04-15 07:30:00+00:00,390.43
5286,2013-04-15 08:00:00+00:00,347.16
5286,2013-04-15 08:30:00+00:00,712.9
5286,2013-04-15 09:00:00+00:00,822.4
5286,2013-04-15 09:30:00+00:00,765.15
5286,2013-04-15 10:00:00+00:00,860.8
5286,2013-04-15 10:30:00+00:00,765.45
5286,2013-04-15 11:00:00+00:00,596.75
5286,2013-04-15 11:30:00+00:00,464.44
5286,2013-04-15 12:00:00+00:00,540.65
5286,2013-04-15 12:30:00+00:00,534.95
5286,2013-04-15 13:00:00+00:00,369.76
5286,2013-04-15 13:30:00+00:00,367.76
5286,2013-04-15 14:00:00+00:00,645.45
5286,2013-04-15 14:30:00+00:00,660.95
5286,2013-04-15 15:00:00+00:00,657.65
5286,2013-04-15 15:30:00+00:00,536.9
5286,2013-04-15 16:00:00+00:00,330.94
5286,2013-04-15 16:30:00+00:00,173.15
5286,2013-04-15 17:00:00+00:00,119.6
5286,2013-04-15 17:30:00+00:00,50.16
5286,2013-04-15 18:00:00+00:00,32.02
5286,2013-04-15 18:30:00+00:00,14.53
5286,2013-04-15 19:00:00+00:00,0.03
5286,2013-04-15 19:30:00+00:00,0.0
5286,2013-04-15 20:00:00+00:00,0.0
5286,2013-04-15 20:30:00+00:00,0.0
5286,2013-04-15 21:00:00+00:00,0.0
5286,2013-04-15 21:30:00+00:00,0.0
5286,2013-04-15 22:00:00+00:00,0.0
5286,2013-04-15 22:30:00+00:00,0.0
5286,2013-04-15 23:00:00+00:00,0.0
5286,2013-04-15 23:30:00+00:00,0.0
5286,2013-04-16 00:00:00+00:00,0.0
5286,2013-04-16 00:30:00+00:00,0.0
5286,2013-04-16 01:00:00+00:00,0.0
5286,2013-04-16 01:30:00+00:00,0.0
5286,2013-04-16 02:00:00+00:00,0.0
5286,2013-04-16 02:30:00+00:00,0.0
5286,2013-04-16 03:00:00+00:00,0.0
5286,2013-04-16 03:30:00+00:00,0.0
5286,2013-04-16 04:00:00+00:00,0.0
5286,2013-04-16 04:30:00+00:00,0.0
5286,2013-04-16 05:00:00+00:00,0.0
5286,2013-04-16 05:30:00+00:00,0.0
5286,2013-04-16 06:00:00+00:00,0.01
5286,2013-04-16 06:30:00+00:00,3.91
5286,2013-04-16 07:00:00+00:00,26.18
5286,2013-04-16 07:30:00+00:00,44.77
5286,2013-04-16 08:00:00+00:00,259.3
5286,2013-04-16 08:30:00+00:00,331.64
5286,2013-04-16 09:00:00+00:00,600.9
5286,2013-04-16 09:30:00+00:00,375.02
5286,2013-04-16 10:00:00+00:00,457.23
5286,2013-04-16 10:30:00+00:00,449.5
5286,2013-04-16 11:00:00+00:00,469.0
5286,2013-04-16 11:30:00+00:00,365.32
5286,2013-04-16 12:00:00+00:00,393.26
5286,2013-04-16 12:30:00+00:00,307.14
5286,2013-04-16 13:00:00+00:00,369.66
5286,2013-04-16 13:30:00+00:00,343.38
5286,2013-04-16 14:00:00+00:00,582.5
5286,2013-04-16 14:30:00+00:00,607.7
5286,2013-04-16 15:00:00+00:00,603.0
5286,2013-04-16 15:30:00+00:00,492.9
5286,2013-04-16 16:00:00+00:00,292.14
5286,2013-04-16 16:30:00+00:00,205.41
5286,2013-04-16 17:00:00+00:00,119.0
5286,2013-04-16 17:30:00+00:00,55.84
5286,2013-04-16 18:00:00+00:00,28.96
5286,2013-04-16 18:30:00+00:00,10.15
5286,2013-04-16 19:00:00+00:00,1.53
5286,2013-04-16 19:30:00+00:00,0.01
5286,2013-04-16 20:00:00+00:00,0.0
5286,2013-04-16 20:30:00+00:00,0.0
5286,2013-04-16 21:00:00+00:00,0.0
5286,2013-04-16 21:30:00+00:00,0.0
5286,2013-04-16 22:00:00+00:00,0.0
5286,2013-04-16 22:30:00+00:00,0.0
5286,2013-04-16 23:00:00+00:00,0.0
5286,2013-04-16 23:30:00+00:00,0.0
5286,2013-04-17 00:00:00+00:00,0.0
5286,2013-04-17 00:30:00+00:00,0.0
5286,2013-04-17 01:00:00+00:00,0.0
5286,2013-04-17 01:30:00+00:00,0.0
5286,2013-04-17 02:00:00+00:00,0.0
5286,2013-04-17 02:30:00+00:00,0.0
5286,2013-04-17 03:00:00+00:00,0.0
5286,2013-04-17 03:30:00+00:00,0.0
5286,2013-04-17 04:00:00+00:00,0.0
5286,2013-04-17 04:30:00+00:00,0.0
5286,2013-04-17 05:00:00+00:00,0.0
5286,2013-04-17 05:30:00+00:00,0.0
5286,2013-04-17 06:00:00+00:00,2.45
5286,2013-04-17 06:30:00+00:00,8.41
5286,2013-04-17 07:00:00+00:00,50.12
5286,2013-04-17 07:30:00+00:00,89.09
5286,2013-04-17 08:00:00+00:00,47.32
5286,2013-04-17 08:30:00+00:00,40.46
5286,2013-04-17 09:00:00+00:00,59.69
5286,2013-04-17 09:30:00+00:00,104.85
5286,2013-04-17 10:00:00+00:00,118.5
5286,2013-04-17 10:30:00+00:00,114.39
5286,2013-04-17 11:00:00+00:00,228.53
5286,2013-04-17 11:30:00+00:00,505.0
5286,2013-04-17 12:00:00+00:00,711.1
5286,2013-04-17 12:30:00+00:00,508.75
5286,2013-04-17 13:00:00+00:00,620.25
5286,2013-04-17 13:30:00+00:00,611.4
5286,2013-04-17 14:00:00+00:00,745.25
5286,2013-04-17 14:30:00+00:00,497.41
5286,2013-04-17 15:00:00+00:00,356.52
5286,2013-04-17 15:30:00+00:00,388.88
5286,2013-04-17 16:00:00+00:00,306.44
5286,2013-04-17 16:30:00+00:00,185.57
5286,2013-04-17 17:00:00+00:00,124.54
5286,2013-04-17 17:30:00+00:00,58.68
5286,2013-04-17 18:00:00+00:00,43.56
5286,2013-04-17 18:30:00+00:00,9.23
5286,2013-04-17 19:00:00+00:00,0.01
5286,2013-04-17 19:30:00+00:00,0.01
5286,2013-04-17 20:00:00+00:00,0.0
5286,2013-04-17 20:30:00+00:00,0.0
5286,2013-04-17 21:00:00+00:00,0.0
5286,2013-04-17 21:30:00+00:00,0.0
5286,2013-04-17 22:00:00+00:00,0.0
5286,2013-04-17 22:30:00+00:00,0.0
5286,2013-04-17 23:00:00+00:00,0.0
5286,2013-04-17 23:30:00+00:00,0.0
5286,2013-04-18 00:00:00+00:00,0.0
5286,2013-04-18 00:30:00+00:00,0.0
5286,2013-04-18 01:00:00+00:00,0.0
5286,2013-04-18 01:30:00+00:00,0.0
5286,2013-04-18 02:00:00+00:00,0.0
5286,2013-04-18 02:30:00+00:00,0.0
5286,2013-04-18 03:00:00+00:00,0.0
5286,2013-04-18 03:30:00+00:00,0.0
5286,2013-04-18 04:00:00+00:00,0.0
5286,2013-04-18 04:30:00+00:00,0.0
5286,2013-04-18 05:00:00+00:00,0.0
5286,2013-04-18 05:30:00+00:00,6.76
5286,2013-04-18 06:00:00+00:00,56.88
5286,2013-04-18 06:30:00+00:00,105.22
5286,2013-04-18 07:00:00+00:00,248.24
5286,2013-04-18 07:30:00+00:00,246.33
5286,2013-04-18 08:00:00+00:00,312.24
5286,2013-04-18 08:30:00+00:00,331.94
5286,2013-04-18 09:00:00+00:00,276.87
5286,2013-04-18 09:30:00+00:00,387.51
5286,2013-04-18 10:00:00+00:00,707.0
5286,2013-04-18 10:30:00+00:00,782.85
5286,2013-04-18 11:00:00+00:00,633.4
5286,2013-04-18 11:30:00+00:00,822.2
5286,2013-04-18 12:00:00+00:00,911.9
5286,2013-04-18 12:30:00+00:00,731.15
5286,2013-04-18 13:00:00+00:00,467.92
5286,2013-04-18 13:30:00+00:00,689.8
5286,2013-04-18 14:00:00+00:00,506.75
5286,2013-04-18 14:30:00+00:00,138.59
5286,2013-04-18 15:00:00+00:00,147.13
5286,2013-04-18 15:30:00+00:00,84.76
5286,2013-04-18 16:00:00+00:00,367.47
5286,2013-04-18 16:30:00+00:00,233.6
5286,2013-04-18 17:00:00+00:00,117.8
5286,2013-04-18 17:30:00+00:00,62.1
5286,2013-04-18 18:00:00+00:00,47.23
5286,2013-04-18 18:30:00+00:00,22.67
5286,2013-04-18 19:00:00+00:00,6.33
5286,2013-04-18 19:30:00+00:00,0.01
5286,2013-04-18 20:00:00+00:00,0.0
5286,2013-04-18 20:30:00+00:00,0.0
5286,2013-04-18 21:00:00+00:00,0.0
5286,2013-04-18 21:30:00+00:00,0.0
5286,2013-04-18 22:00:00+00:00,0.0
5286,2013-04-18 22:30:00+00:00,0.0
5286,2013-04-18 23:00:00+00:00,0.0
5286,2013-04-18 23:30:00+00:00,0.0
5286,2013-04-19 00:00:00+00:00,0.0
5286,2013-04-19 00:30:00+00:00,0.0
5286,2013-04-19 01:00:00+00:00,0.0
5286,2013-04-19 01:30:00+00:00,0.0
5286,2013-04-19 02:00:00+00:00,0.0
5286,2013-04-19 02:30:00+00:00,0.0
5286,2013-04-19 03:00:00+00:00,0.0
5286,2013-04-19 03:30:00+00:00,0.0
5286,2013-04-19 04:00:00+00:00,0.0
5286,2013-04-19 04:30:00+00:00,0.0
5286,2013-04-19 05:00:00+00:00,0.0
5286,2013-04-19 05:30:00+00:00,1.49
5286,2013-04-19 06:00:00+00:00,26.35
5286,2013-04-19 06:30:00+00:00,17.13
5286,2013-04-19 07:00:00+00:00,67.02
5286,2013-04-19 07:30:00+00:00,214.8
5286,2013-04-19 08:00:00+00:00,183.72
5286,2013-04-19 08:30:00+00:00,176.67
5286,2013-04-19 09:00:00+00:00,224.31
5286,2013-04-19 09:30:00+00:00,273.62
5286,2013-04-19 10:00:00+00:00,259.53
5286,2013-04-19 10:30:00+00:00,159.37
5286,2013-04-19 11:00:00+00:00,172.25
5286,2013-04-19 11:30:00+00:00,227.84
5286,2013-04-19 12:00:00+00:00,181.47
5286,2013-04-19 12:30:00+00:00,219.42
5286,2013-04-19 13:00:00+00:00,329.91
5286,2013-04-19 13:30:00+00:00,348.39
5286,2013-04-19 14:00:00+00:00,217.54
5286,2013-04-19 14:30:00+00:00,166.22
5286,2013-04-19 15:00:00+00:00,153.94
5286,2013-04-19 15:30:00+00:00,122.23
5286,2013-04-19 16:00:00+00:00,92.61
5286,2013-04-19 16:30:00+00:00,52.37
5286,2013-04-19 17:00:00+00:00,130.81
5286,2013-04-19 17:30:00+00:00,105.88
5286,2013-04-19 18:00:00+00:00,30.43
5286,2013-04-19 18:30:00+00:00,18.75
5286,2013-04-19 19:00:00+00:00,0.01
5286,2013-04-19 19:30:00+00:00,0.01
5286,2013-04-19 20:00:00+00:00,0.0
5286,2013-04-19 20:30:00+00:00,0.0
5286,2013-04-19 21:00:00+00:00,0.0
5286,2013-04-19 21:30:00+00:00,0.0
5286,2013-04-19 22:00:00+00:00,0.0
5286,2013-04-19 22:30:00+00:00,0.0
5286,2013-04-19 23:00:00+00:00,0.0
5286,2013-04-19 23:30:00+00:00,0.0
5286,2013-04-20 00:00:00+00:00,0.0
5286,2013-04-20 00:30:00+00:00,0.0
5286,2013-04-20 01:00:00+00:00,0.0
5286,2013-04-20 01:30:00+00:00,0.0
5286,2013-04-20 02:00:00+00:00,0.0
5286,2013-04-20 02:30:00+00:00,0.0
5286,2013-04-20 03:00:00+00:00,0.0
5286,2013-04-20 03:30:00+00:00,0.0
5286,2013-04-20 04:00:00+00:00,0.0
5286,2013-04-20 04:30:00+00:00,0.0
5286,2013-04-20 05:00:00+00:00,0.0
5286,2013-04-20 05:30:00+00:00,10.17
5286,2013-04-20 06:00:00+00:00,49.13
5286,2013-04-20 06:30:00+00:00,214.9
5286,2013-04-20 07:00:00+00:00,408.95
5286,2013-04-20 07:30:00+00:00,554.5
5286,2013-04-20 08:00:00+00:00,674.5
5286,2013-04-20 08:30:00+00:00,784.5
5286,2013-04-20 09:00:00+00:00,863.8
5286,2013-04-20 09:30:00+00:00,955.5
5286,2013-04-20 10:00:00+00:00,1003.55
5286,2013-04-20 10:30:00+00:00,1033.65
5286,2013-04-20 11:00:00+00:00,1042.05
5286,2013-04-20 11:30:00+00:00,1056.35
5286,2013-04-20 12:00:00+00:00,1044.7
5286,2013-04-20 12:30:00+00:00,1023.85
5286,2013-04-20 13:00:00+00:00,985.4
5286,2013-04-20 13:30:00+00:00,938.45
5286,2013-04-20 14:00:00+00:00,866.0
5286,2013-04-20 14:30:00+00:00,783.15
5286,2013-04-20 15:00:00+00:00,676.1
5286,2013-04-20 15:30:00+00:00,525.9
5286,2013-04-20 16:00:00+00:00,326.12
5286,2013-04-20 16:30:00+00:00,185.32
5286,2013-04-20 17:00:00+00:00,103.23
5286,2013-04-20 17:30:00+00:00,38.37
5286,2013-04-20 18:00:00+00:00,24.66
5286,2013-04-20 18:30:00+00:00,13.63
5286,2013-04-20 19:00:00+00:00,1.57
5286,2013-04-20 19:30:00+00:00,0.01
5286,2013-04-20 20:00:00+00:00,0.0
5286,2013-04-20 20:30:00+00:00,0.0
5286,2013-04-20 21:00:00+00:00,0.0
5286,2013-04-20 21:30:00+00:00,0.0
5286,2013-04-20 22:00:00+00:00,0.0
5286,2013-04-20 22:30:00+00:00,0.0
5286,2013-04-20 23:00:00+00:00,0.0
5286,2013-04-20 23:30:00+00:00,0.0
5286,2013-04-21 00:00:00+00:00,0.0
5286,2013-04-21 00:30:00+00:00,0.0
5286,2013-04-21 01:00:00+00:00,0.0
5286,2013-04-21 01:30:00+00:00,0.0
5286,2013-04-21 02:00:00+00:00,0.0
5286,2013-04-21 02:30:00+00:00,0.0
5286,2013-04-21 03:00:00+00:00,0.0
5286,2013-04-21 03:30:00+00:00,0.0
5286,2013-04-21 04:00:00+00:00,0.0
5286,2013-04-21 04:30:00+00:00,0.0
5286,2013-04-21 05:00:00+00:00,0.0
5286,2013-04-21 05:30:00+00:00,12.01
5286,2013-04-21 06:00:00+00:00,54.35
5286,2013-04-21 06:30:00+00:00,201.19
5286,2013-04-21 07:00:00+00:00,371.85
5286,2013-04-21 07:30:00+00:00,532.7
5286,2013-04-21 08:00:00+00:00,671.6
5286,2013-04-21 08:30:00+00:00,785.8
5286,2013-04-21 09:00:00+00:00,864.5
5286,2013-04-21 09:30:00+00:00,923.3
5286,2013-04-21 10:00:00+00:00,965.1
5286,2013-04-21 10:30:00+00:00,1005.75
5286,2013-04-21 11:00:00+00:00,1015.3
5286,2013-04-21 11:30:00+00:00,1013.4
5286,2013-04-21 12:00:00+00:00,993.0
5286,2013-04-21 12:30:00+00:00,976.75
5286,2013-04-21 13:00:00+00:00,894.3
5286,2013-04-21 13:30:00+00:00,903.5
5286,2013-04-21 14:00:00+00:00,844.4
5286,2013-04-21 14:30:00+00:00,726.6
5286,2013-04-21 15:00:00+00:00,521.45
5286,2013-04-21 15:30:00+00:00,253.17
5286,2013-04-21 16:00:00+00:00,298.01
5286,2013-04-21 16:30:00+00:00,163.53
5286,2013-04-21 17:00:00+00:00,117.51
5286,2013-04-21 17:30:00+00:00,111.6
5286,2013-04-21 18:00:00+00:00,65.46
5286,2013-04-21 18:30:00+00:00,11.8
5286,2013-04-21 19:00:00+00:00,0.74
5286,2013-04-21 19:30:00+00:00,0.0
5286,2013-04-21 20:00:00+00:00,0.0
5286,2013-04-21 20:30:00+00:00,0.0
5286,2013-04-21 21:00:00+00:00,0.0
5286,2013-04-21 21:30:00+00:00,0.0
5286,2013-04-21 22:00:00+00:00,0.0
5286,2013-04-21 22:30:00+00:00,0.0
5286,2013-04-21 23:00:00+00:00,0.0
5286,2013-04-21 23:30:00+00:00,0.0
5286,2013-04-22 00:00:00+00:00,0.0
5286,2013-04-22 00:30:00+00:00,0.0
5286,2013-04-22 01:00:00+00:00,0.0
5286,2013-04-22 01:30:00+00:00,0.0
5286,2013-04-22 02:00:00+00:00,0.0
5286,2013-04-22 02:30:00+00:00,0.0
5286,2013-04-22 03:00:00+00:00,0.0
5286,2013-04-22 03:30:00+00:00,0.0
5286,2013-04-22 04:00:00+00:00,0.0
5286,2013-04-22 04:30:00+00:00,0.0
5286,2013-04-22 05:00:00+00:00,0.0
5286,2013-04-22 05:30:00+00:00,0.99
5286,2013-04-22 06:00:00+00:00,26.29
5286,2013-04-22 06:30:00+00:00,86.55
5286,2013-04-22 07:00:00+00:00,167.8
5286,2013-04-22 07:30:00+00:00,242.48
5286,2013-04-22 08:00:00+00:00,258.14
5286,2013-04-22 08:30:00+00:00,370.13
5286,2013-04-22 09:00:00+00:00,404.44
5286,2013-04-22 09:30:00+00:00,408.4
5286,2013-04-22 10:00:00+00:00,648.6
5286,2013-04-22 10:30:00+00:00,729.0
5286,2013-04-22 11:00:00+00:00,509.75
5286,2013-04-22 11:30:00+00:00,738.6
5286,2013-04-22 12:00:00+00:00,588.75
5286,2013-04-22 12:30:00+00:00,664.8
5286,2013-04-22 13:00:00+00:00,455.33
5286,2013-04-22 13:30:00+00:00,617.95
5286,2013-04-22 14:00:00+00:00,408.44
5286,2013-04-22 14:30:00+00:00,318.33
5286,2013-04-22 15:00:00+00:00,220.5
5286,2013-04-22 15:30:00+00:00,128.3
5286,2013-04-22 16:00:00+00:00,185.29
5286,2013-04-22 16:30:00+00:00,125.58
5286,2013-04-22 17:00:00+00:00,55.87
5286,2013-04-22 17:30:00+00:00,38.51
5286,2013-04-22 18:00:00+00:00,5.27
5286,2013-04-22 18:30:00+00:00,0.01
5286,2013-04-22 19:00:00+00:00,0.01
5286,2013-04-22 19:30:00+00:00,0.0
5286,2013-04-22 20:00:00+00:00,0.0
5286,2013-04-22 20:30:00+00:00,0.0
5286,2013-04-22 21:00:00+00:00,0.0
5286,2013-04-22 21:30:00+00:00,0.0
5286,2013-04-22 22:00:00+00:00,0.0
5286,2013-04-22 22:30:00+00:00,0.0
5286,2013-04-22 23:00:00+00:00,0.0
5286,2013-04-22 23:30:00+00:00,0.0
5286,2013-04-23 00:00:00+00:00,0.0
5286,2013-04-23 00:30:00+00:00,0.0
5286,2013-04-23 01:00:00+00:00,0.0
5286,2013-04-23 01:30:00+00:00,0.0
5286,2013-04-23 02:00:00+00:00,0.0
5286,2013-04-23 02:30:00+00:00,0.0
5286,2013-04-23 03:00:00+00:00,0.0
5286,2013-04-23 03:30:00+00:00,0.0
5286,2013-04-23 04:00:00+00:00,0.0
5286,2013-04-23 04:30:00+00:00,0.0
5286,2013-04-23 05:00:00+00:00,0.0
5286,2013-04-23 05:30:00+00:00,12.6
5286,2013-04-23 06:00:00+00:00,55.63
5286,2013-04-23 06:30:00+00:00,211.9
5286,2013-04-23 07:00:00+00:00,386.66
5286,2013-04-23 07:30:00+00:00,523.2
5286,2013-04-23 08:00:00+00:00,583.45
5286,2013-04-23 08:30:00+00:00,763.8
5286,2013-04-23 09:00:00+00:00,843.85
5286,2013-04-23 09:30:00+00:00,905.05
5286,2013-04-23 10:00:00+00:00,959.45
5286,2013-04-23 10:30:00+00:00,1000.45
5286,2013-04-23 11:00:00+00:00,1013.7
5286,2013-04-23 11:30:00+00:00,1012.1
5286,2013-04-23 12:00:00+00:00,1008.6
5286,2013-04-23 12:30:00+00:00,988.8
5286,2013-04-23 13:00:00+00:00,944.95
5286,2013-04-23 13:30:00+00:00,892.85
5286,2013-04-23 14:00:00+00:00,787.9
5286,2013-04-23 14:30:00+00:00,710.35
5286,2013-04-23 15:00:00+00:00,571.75
5286,2013-04-23 15:30:00+00:00,439.63
5286,2013-04-23 16:00:00+00:00,290.61
5286,2013-04-23 16:30:00+00:00,182.82
5286,2013-04-23 17:00:00+00:00,110.19
5286,2013-04-23 17:30:00+00:00,47.52
5286,2013-04-23 18:00:00+00:00,28.82
5286,2013-04-23 18:30:00+00:00,19.64
5286,2013-04-23 19:00:00+00:00,3.02
5286,2013-04-23 19:30:00+00:00,0.0
5286,2013-04-23 20:00:00+00:00,0.0
5286,2013-04-23 20:30:00+00:00,0.0
5286,2013-04-23 21:00:00+00:00,0.0
5286,2013-04-23 21:30:00+00:00,0.0
5286,2013-04-23 22:00:00+00:00,0.0
5286,2013-04-23 22:30:00+00:00,0.0
5286,2013-04-23 23:00:00+00:00,0.0
5286,2013-04-23 23:30:00+00:00,0.0
5286,2013-04-24 00:00:00+00:00,0.0
5286,2013-04-24 00:30:00+00:00,0.0
5286,2013-04-24 01:00:00+00:00,0.0
5286,2013-04-24 01:30:00+00:00,0.0
5286,2013-04-24 02:00:00+00:00,0.0
5286,2013-04-24 02:30:00+00:00,0.0
5286,2013-04-24 03:00:00+00:00,0.0
5286,2013-04-24 03:30:00+00:00,0.0
5286,2013-04-24 04:00:00+00:00,0.0
5286,2013-04-24 04:30:00+00:00,0.0
5286,2013-04-24 05:00:00+00:00,0.0
5286,2013-04-24 05:30:00+00:00,13.38
5286,2013-04-24 06:00:00+00:00,51.42
5286,2013-04-24 06:30:00+00:00,234.68
5286,2013-04-24 07:00:00+00:00,304.01
5286,2013-04-24 07:30:00+00:00,527.0
5286,2013-04-24 08:00:00+00:00,616.2
5286,2013-04-24 08:30:00+00:00,709.15
5286,2013-04-24 09:00:00+00:00,734.2
5286,2013-04-24 09:30:00+00:00,578.05
5286,2013-04-24 10:00:00+00:00,935.75
5286,2013-04-24 10:30:00+00:00,1005.4
5286,2013-04-24 11:00:00+00:00,986.55
5286,2013-04-24 11:30:00+00:00,807.1
5286,2013-04-24 12:00:00+00:00,584.8
5286,2013-04-24 12:30:00+00:00,763.3
5286,2013-04-24 13:00:00+00:00,533.6
5286,2013-04-24 13:30:00+00:00,585.95
5286,2013-04-24 14:00:00+00:00,651.35
5286,2013-04-24 14:30:00+00:00,549.4
5286,2013-04-24 15:00:00+00:00,293.61
5286,2013-04-24 15:30:00+00:00,230.85
5286,2013-04-24 16:00:00+00:00,159.5
5286,2013-04-24 16:30:00+00:00,157.38
5286,2013-04-24 17:00:00+00:00,109.79
5286,2013-04-24 17:30:00+00:00,72.23
5286,2013-04-24 18:00:00+00:00,28.68
5286,2013-04-24 18:30:00+00:00,6.21
5286,2013-04-24 19:00:00+00:00,0.01
5286,2013-04-24 19:30:00+00:00,0.0
5286,2013-04-24 20:00:00+00:00,0.0
5286,2013-04-24 20:30:00+00:00,0.0
5286,2013-04-24 21:00:00+00:00,0.0
5286,2013-04-24 21:30:00+00:00,0.0
5286,2013-04-24 22:00:00+00:00,0.0
5286,2013-04-24 22:30:00+00:00,0.0
5286,2013-04-24 23:00:00+00:00,0.0
5286,2013-04-24 23:30:00+00:00,0.0
5286,2013-04-25 00:00:00+00:00,0.0
5286,2013-04-25 00:30:00+00:00,0.0
5286,2013-04-25 01:00:00+00:00,0.0
5286,2013-04-25 01:30:00+00:00,0.0
5286,2013-04-25 02:00:00+00:00,0.0
5286,2013-04-25 02:30:00+00:00,0.0
5286,2013-04-25 03:00:00+00:00,0.0
5286,2013-04-25 03:30:00+00:00,0.0
5286,2013-04-25 04:00:00+00:00,0.0
5286,2013-04-25 04:30:00+00:00,0.0
5286,2013-04-25 05:00:00+00:00,0.0
5286,2013-04-25 05:30:00+00:00,6.34
5286,2013-04-25 06:00:00+00:00,46.32
5286,2013-04-25 06:30:00+00:00,106.62
5286,2013-04-25 07:00:00+00:00,149.12
5286,2013-04-25 07:30:00+00:00,450.69
5286,2013-04-25 08:00:00+00:00,467.2
5286,2013-04-25 08:30:00+00:00,525.55
5286,2013-04-25 09:00:00+00:00,827.0
5286,2013-04-25 09:30:00+00:00,788.8
5286,2013-04-25 10:00:00+00:00,929.25
5286,2013-04-25 10:30:00+00:00,1015.55
5286,2013-04-25 11:00:00+00:00,942.35
5286,2013-04-25 11:30:00+00:00,671.55
5286,2013-04-25 12:00:00+00:00,804.95
5286,2013-04-25 12:30:00+00:00,769.15
5286,2013-04-25 13:00:00+00:00,840.2
5286,2013-04-25 13:30:00+00:00,818.75
5286,2013-04-25 14:00:00+00:00,643.35
5286,2013-04-25 14:30:00+00:00,694.75
5286,2013-04-25 15:00:00+00:00,525.45
5286,2013-04-25 15:30:00+00:00,377.94
5286,2013-04-25 16:00:00+00:00,333.01
5286,2013-04-25 16:30:00+00:00,202.61
5286,2013-04-25 17:00:00+00:00,157.78
5286,2013-04-25 17:30:00+00:00,105.09
5286,2013-04-25 18:00:00+00:00,29.0
5286,2013-04-25 18:30:00+00:00,19.49
5286,2013-04-25 19:00:00+00:00,1.83
5286,2013-04-25 19:30:00+00:00,0.01
5286,2013-04-25 20:00:00+00:00,0.0
5286,2013-04-25 20:30:00+00:00,0.0
5286,2013-04-25 21:00:00+00:00,0.0
5286,2013-04-25 21:30:00+00:00,0.0
5286,2013-04-25 22:00:00+00:00,0.0
5286,2013-04-25 22:30:00+00:00,0.0
5286,2013-04-25 23:00:00+00:00,0.0
5286,2013-04-25 23:30:00+00:00,0.0
5286,2013-04-26 00:00:00+00:00,0.0
5286,2013-04-26 00:30:00+00:00,0.0
5286,2013-04-26 01:00:00+00:00,0.0
5286,2013-04-26 01:30:00+00:00,0.0
5286,2013-04-26 02:00:00+00:00,0.0
5286,2013-04-26 02:30:00+00:00,0.0
5286,2013-04-26 03:00:00+00:00,0.0
5286,2013-04-26 03:30:00+00:00,0.0
5286,2013-04-26 04:00:00+00:00,0.0
5286,2013-04-26 04:30:00+00:00,0.0
5286,2013-04-26 05:00:00+00:00,0.0
5286,2013-04-26 05:30:00+00:00,0.0
5286,2013-04-26 06:00:00+00:00,0.16
5286,2013-04-26 06:30:00+00:00,6.36
5286,2013-04-26 07:00:00+00:00,22.27
5286,2013-04-26 07:30:00+00:00,26.35
5286,2013-04-26 08:00:00+00:00,49.17
5286,2013-04-26 08:30:00+00:00,47.36
5286,2013-04-26 09:00:00+00:00,65.02
5286,2013-04-26 09:30:00+00:00,170.82
5286,2013-04-26 10:00:00+00:00,417.3
5286,2013-04-26 10:30:00+00:00,560.2
5286,2013-04-26 11:00:00+00:00,648.45
5286,2013-04-26 11:30:00+00:00,779.95
5286,2013-04-26 12:00:00+00:00,251.0
5286,2013-04-26 12:30:00+00:00,495.02
5286,2013-04-26 13:00:00+00:00,608.35
5286,2013-04-26 13:30:00+00:00,291.17
5286,2013-04-26 14:00:00+00:00,317.03
5286,2013-04-26 14:30:00+00:00,714.3
5286,2013-04-26 15:00:00+00:00,523.15
5286,2013-04-26 15:30:00+00:00,219.71
5286,2013-04-26 16:00:00+00:00,320.62
5286,2013-04-26 16:30:00+00:00,202.71
5286,2013-04-26 17:00:00+00:00,96.48
5286,2013-04-26 17:30:00+00:00,114.11
5286,2013-04-26 18:00:00+00:00,50.98
5286,2013-04-26 18:30:00+00:00,31.93
5286,2013-04-26 19:00:00+00:00,3.43
5286,2013-04-26 19:30:00+00:00,0.01
5286,2013-04-26 20:00:00+00:00,0.0
5286,2013-04-26 20:30:00+00:00,0.0
5286,2013-04-26 21:00:00+00:00,0.0
5286,2013-04-26 21:30:00+00:00,0.0
5286,2013-04-26 22:00:00+00:00,0.0
5286,2013-04-26 22:30:00+00:00,0.0
5286,2013-04-26 23:00:00+00:00,0.0
5286,2013-04-26 23:30:00+00:00,0.0
5286,2013-04-27 00:00:00+00:00,0.0
5286,2013-04-27 00:30:00+00:00,0.0
5286,2013-04-27 01:00:00+00:00,0.0
5286,2013-04-27 01:30:00+00:00,0.0
5286,2013-04-27 02:00:00+00:00,0.0
5286,2013-04-27 02:30:00+00:00,0.0
5286,2013-04-27 03:00:00+00:00,0.0
5286,2013-04-27 03:30:00+00:00,0.0
5286,2013-04-27 04:00:00+00:00,0.0
5286,2013-04-27 04:30:00+00:00,0.0
5286,2013-04-27 05:00:00+00:00,0.0
5286,2013-04-27 05:30:00+00:00,2.12
5286,2013-04-27 06:00:00+00:00,24.35
5286,2013-04-27 06:30:00+00:00,67.06
5286,2013-04-27 07:00:00+00:00,156.51
5286,2013-04-27 07:30:00+00:00,256.76
5286,2013-04-27 08:00:00+00:00,277.89
5286,2013-04-27 08:30:00+00:00,478.96
5286,2013-04-27 09:00:00+00:00,533.55
5286,2013-04-27 09:30:00+00:00,582.95
5286,2013-04-27 10:00:00+00:00,731.6
5286,2013-04-27 10:30:00+00:00,405.03
5286,2013-04-27 11:00:00+00:00,484.93
5286,2013-04-27 11:30:00+00:00,255.39
5286,2013-04-27 12:00:00+00:00,781.7
5286,2013-04-27 12:30:00+00:00,752.6
5286,2013-04-27 13:00:00+00:00,1030.85
5286,2013-04-27 13:30:00+00:00,908.3
5286,2013-04-27 14:00:00+00:00,214.37
5286,2013-04-27 14:30:00+00:00,60.92
5286,2013-04-27 15:00:00+00:00,61.14
5286,2013-04-27 15:30:00+00:00,357.52
5286,2013-04-27 16:00:00+00:00,327.45
5286,2013-04-27 16:30:00+00:00,211.83
5286,2013-04-27 17:00:00+00:00,106.14
5286,2013-04-27 17:30:00+00:00,88.66
5286,2013-04-27 18:00:00+00:00,37.79
5286,2013-04-27 18:30:00+00:00,7.71
5286,2013-04-27 19:00:00+00:00,1.57
5286,2013-04-27 19:30:00+00:00,0.01
5286,2013-04-27 20:00:00+00:00,0.0
5286,2013-04-27 20:30:00+00:00,0.0
5286,2013-04-27 21:00:00+00:00,0.0
5286,2013-04-27 21:30:00+00:00,0.0
5286,2013-04-27 22:00:00+00:00,0.0
5286,2013-04-27 22:30:00+00:00,0.0
5286,2013-04-27 23:00:00+00:00,0.0
5286,2013-04-27 23:30:00+00:00,0.0
5286,2013-04-28 00:00:00+00:00,0.0
5286,2013-04-28 00:30:00+00:00,0.0
5286,2013-04-28 01:00:00+00:00,0.0
5286,2013-04-28 01:30:00+00:00,0.0
5286,2013-04-28 02:00:00+00:00,0.0
5286,2013-04-28 02:30:00+00:00,0.0
5286,2013-04-28 03:00:00+00:00,0.0
5286,2013-04-28 03:30:00+00:00,0.0
5286,2013-04-28 04:00:00+00:00,0.0
5286,2013-04-28 04:30:00+00:00,0.0
5286,2013-04-28 05:00:00+00:00,1.11
5286,2013-04-28 05:30:00+00:00,20.03
5286,2013-04-28 06:00:00+00:00,78.84
5286,2013-04-28 06:30:00+00:00,260.47
5286,2013-04-28 07:00:00+00:00,445.69
5286,2013-04-28 07:30:00+00:00,582.4
5286,2013-04-28 08:00:00+00:00,699.6
5286,2013-04-28 08:30:00+00:00,802.8
5286,2013-04-28 09:00:00+00:00,882.2
5286,2013-04-28 09:30:00+00:00,954.6
5286,2013-04-28 10:00:00+00:00,1010.35
5286,2013-04-28 10:30:00+00:00,1052.45
5286,2013-04-28 11:00:00+00:00,1012.05
5286,2013-04-28 11:30:00+00:00,917.85
5286,2013-04-28 12:00:00+00:00,709.2
5286,2013-04-28 12:30:00+00:00,894.55
5286,2013-04-28 13:00:00+00:00,790.05
5286,2013-04-28 13:30:00+00:00,626.9
5286,2013-04-28 14:00:00+00:00,465.23
5286,2013-04-28 14:30:00+00:00,400.82
5286,2013-04-28 15:00:00+00:00,512.75
5286,2013-04-28 15:30:00+00:00,344.41
5286,2013-04-28 16:00:00+00:00,216.07
5286,2013-04-28 16:30:00+00:00,206.41
5286,2013-04-28 17:00:00+00:00,139.3
5286,2013-04-28 17:30:00+00:00,93.35
5286,2013-04-28 18:00:00+00:00,61.99
5286,2013-04-28 18:30:00+00:00,20.43
5286,2013-04-28 19:00:00+00:00,5.21
5286,2013-04-28 19:30:00+00:00,0.0
5286,2013-04-28 20:00:00+00:00,0.0
5286,2013-04-28 20:30:00+00:00,0.0
5286,2013-04-28 21:00:00+00:00,0.0
5286,2013-04-28 21:30:00+00:00,0.0
5286,2013-04-28 22:00:00+00:00,0.0
5286,2013-04-28 22:30:00+00:00,0.0
5286,2013-04-28 23:00:00+00:00,0.0
5286,2013-04-28 23:30:00+00:00,0.0
5286,2013-04-29 00:00:00+00:00,0.0
5286,2013-04-29 00:30:00+00:00,0.0
5286,2013-04-29 01:00:00+00:00,0.0
5286,2013-04-29 01:30:00+00:00,0.0
5286,2013-04-29 02:00:00+00:00,0.0
5286,2013-04-29 02:30:00+00:00,0.0
5286,2013-04-29 03:00:00+00:00,0.0
5286,2013-04-29 03:30:00+00:00,0.0
5286,2013-04-29 04:00:00+00:00,0.0
5286,2013-04-29 04:30:00+00:00,0.0
5286,2013-04-29 05:00:00+00:00,0.0
5286,2013-04-29 05:30:00+00:00,4.09
5286,2013-04-29 06:00:00+00:00,31.75
5286,2013-04-29 06:30:00+00:00,147.01
5286,2013-04-29 07:00:00+00:00,230.81
5286,2013-04-29 07:30:00+00:00,488.06
5286,2013-04-29 08:00:00+00:00,663.5
5286,2013-04-29 08:30:00+00:00,810.7
5286,2013-04-29 09:00:00+00:00,865.65
5286,2013-04-29 09:30:00+00:00,836.55
5286,2013-04-29 10:00:00+00:00,970.25
5286,2013-04-29 10:30:00+00:00,962.35
5286,2013-04-29 11:00:00+00:00,636.3
5286,2013-04-29 11:30:00+00:00,731.95
5286,2013-04-29 12:00:00+00:00,714.45
5286,2013-04-29 12:30:00+00:00,859.95
5286,2013-04-29 13:00:00+00:00,739.45
5286,2013-04-29 13:30:00+00:00,486.75
5286,2013-04-29 14:00:00+00:00,361.48
5286,2013-04-29 14:30:00+00:00,351.53
5286,2013-04-29 15:00:00+00:00,301.7
5286,2013-04-29 15:30:00+00:00,221.0
5286,2013-04-29 16:00:00+00:00,302.25
5286,2013-04-29 16:30:00+00:00,238.22
5286,2013-04-29 17:00:00+00:00,134.8
5286,2013-04-29 17:30:00+00:00,61.53
5286,2013-04-29 18:00:00+00:00,46.94
5286,2013-04-29 18:30:00+00:00,29.82
5286,2013-04-29 19:00:00+00:00,6.77
5286,2013-04-29 19:30:00+00:00,0.01
5286,2013-04-29 20:00:00+00:00,0.01
5286,2013-04-29 20:30:00+00:00,0.0
5286,2013-04-29 21:00:00+00:00,0.0
5286,2013-04-29 21:30:00+00:00,0.0
5286,2013-04-29 22:00:00+00:00,0.0
5286,2013-04-29 22:30:00+00:00,0.0
5286,2013-04-29 23:00:00+00:00,0.0
5286,2013-04-29 23:30:00+00:00,0.0
5286,2013-04-30 00:00:00+00:00,0.0
5286,2013-04-30 00:30:00+00:00,0.0
5286,2013-04-30 01:00:00+00:00,0.0
5286,2013-04-30 01:30:00+00:00,0.0
5286,2013-04-30 02:00:00+00:00,0.0
5286,2013-04-30 02:30:00+00:00,0.0
5286,2013-04-30 03:00:00+00:00,0.0
5286,2013-04-30 03:30:00+00:00,0.0
5286,2013-04-30 04:00:00+00:00,0.0
5286,2013-04-30 04:30:00+00:00,0.0
5286,2013-04-30 05:00:00+00:00,1.87
5286,2013-04-30 05:30:00+00:00,17.4
5286,2013-04-30 06:00:00+00:00,45.11
5286,2013-04-30 06:30:00+00:00,256.33
5286,2013-04-30 07:00:00+00:00,447.53
5286,2013-04-30 07:30:00+00:00,587.9
5286,2013-04-30 08:00:00+00:00,658.75
5286,2013-04-30 08:30:00+00:00,799.25
5286,2013-04-30 09:00:00+00:00,883.05
5286,2013-04-30 09:30:00+00:00,893.5
5286,2013-04-30 10:00:00+00:00,889.6
5286,2013-04-30 10:30:00+00:00,1015.65
5286,2013-04-30 11:00:00+00:00,1022.35
5286,2013-04-30 11:30:00+00:00,1067.8
5286,2013-04-30 12:00:00+00:00,1062.4
5286,2013-04-30 12:30:00+00:00,812.65
5286,2013-04-30 13:00:00+00:00,543.75
5286,2013-04-30 13:30:00+00:00,553.2
5286,2013-04-30 14:00:00+00:00,581.65
5286,2013-04-30 14:30:00+00:00,356.85
5286,2013-04-30 15:00:00+00:00,668.65
5286,2013-04-30 15:30:00+00:00,508.5
5286,2013-04-30 16:00:00+00:00,320.42
5286,2013-04-30 16:30:00+00:00,202.24
5286,2013-04-30 17:00:00+00:00,137.31
5286,2013-04-30 17:30:00+00:00,65.64
5286,2013-04-30 18:00:00+00:00,44.55
5286,2013-04-30 18:30:00+00:00,35.24
5286,2013-04-30 19:00:00+00:00,15.85
5286,2013-04-30 19:30:00+00:00,0.11
5286,2013-04-30 20:00:00+00:00,0.01
5286,2013-04-30 20:30:00+00:00,0.0
5286,2013-04-30 21:00:00+00:00,0.0
5286,2013-04-30 21:30:00+00:00,0.0
5286,2013-04-30 22:00:00+00:00,0.0
5286,2013-04-30 22:30:00+00:00,0.0
5286,2013-04-30 23:00:00+00:00,0.0
5286,2013-04-30 23:30:00+00:00,0.0
5286,2013-05-01 00:30:00+00:00,0.0
5286,2013-05-01 01:00:00+00:00,0.0
5286,2013-05-01 01:30:00+00:00,0.0
5286,2013-05-01 02:00:00+00:00,0.0
5286,2013-05-01 02:30:00+00:00,0.0
5286,2013-05-01 03:00:00+00:00,0.0
5286,2013-05-01 03:30:00+00:00,0.0
5286,2013-05-01 04:00:00+00:00,0.0
5286,2013-05-01 04:30:00+00:00,0.0
5286,2013-05-01 05:00:00+00:00,2.59
5286,2013-05-01 05:30:00+00:00,33.72
5286,2013-05-01 06:00:00+00:00,100.58
5286,2013-05-01 06:30:00+00:00,254.3
5286,2013-05-01 07:00:00+00:00,395.5
5286,2013-05-01 07:30:00+00:00,560.85
5286,2013-05-01 08:00:00+00:00,681.55
5286,2013-05-01 08:30:00+00:00,764.05
5286,2013-05-01 09:00:00+00:00,706.85
5286,2013-05-01 09:30:00+00:00,799.75
5286,2013-05-01 10:00:00+00:00,971.45
5286,2013-05-01 10:30:00+00:00,988.05
5286,2013-05-01 11:00:00+00:00,973.35
5286,2013-05-01 11:30:00+00:00,1020.05
5286,2013-05-01 12:00:00+00:00,931.55
5286,2013-05-01 12:30:00+00:00,922.65
5286,2013-05-01 13:00:00+00:00,960.5
5286,2013-05-01 13:30:00+00:00,892.8
5286,2013-05-01 14:00:00+00:00,829.1
5286,2013-05-01 14:30:00+00:00,737.1
5286,2013-05-01 15:00:00+00:00,635.55
5286,2013-05-01 15:30:00+00:00,483.42
5286,2013-05-01 16:00:00+00:00,321.19
5286,2013-05-01 16:30:00+00:00,187.13
5286,2013-05-01 17:00:00+00:00,116.17
5286,2013-05-01 17:30:00+00:00,50.1
5286,2013-05-01 18:00:00+00:00,33.37
5286,2013-05-01 18:30:00+00:00,20.88
5286,2013-05-01 19:00:00+00:00,8.02
5286,2013-05-01 19:30:00+00:00,0.01
5286,2013-05-01 20:00:00+00:00,0.01
5286,2013-05-01 20:30:00+00:00,0.0
5286,2013-05-01 21:00:00+00:00,0.0
5286,2013-05-01 21:30:00+00:00,0.0
5286,2013-05-01 22:00:00+00:00,0.0
5286,2013-05-01 22:30:00+00:00,0.0
5286,2013-05-01 23:00:00+00:00,0.0
5286,2013-05-01 23:30:00+00:00,0.0
5286,2013-05-02 00:00:00+00:00,0.0
5286,2013-05-02 00:30:00+00:00,0.0
5286,2013-05-02 01:00:00+00:00,0.0
5286,2013-05-02 01:30:00+00:00,0.0
5286,2013-05-02 02:00:00+00:00,0.0
5286,2013-05-02 02:30:00+00:00,0.0
5286,2013-05-02 03:00:00+00:00,0.0
5286,2013-05-02 03:30:00+00:00,0.0
5286,2013-05-02 04:00:00+00:00,0.0
5286,2013-05-02 04:30:00+00:00,0.0
5286,2013-05-02 05:00:00+00:00,1.36
5286,2013-05-02 05:30:00+00:00,19.11
5286,2013-05-02 06:00:00+00:00,98.88
5286,2013-05-02 06:30:00+00:00,286.74
5286,2013-05-02 07:00:00+00:00,453.34
5286,2013-05-02 07:30:00+00:00,585.0
5286,2013-05-02 08:00:00+00:00,703.1
5286,2013-05-02 08:30:00+00:00,804.0
5286,2013-05-02 09:00:00+00:00,874.25
5286,2013-05-02 09:30:00+00:00,933.7
5286,2013-05-02 10:00:00+00:00,958.55
5286,2013-05-02 10:30:00+00:00,994.9
5286,2013-05-02 11:00:00+00:00,1007.7
5286,2013-05-02 11:30:00+00:00,1012.7
5286,2013-05-02 12:00:00+00:00,1004.05
5286,2013-05-02 12:30:00+00:00,987.35
5286,2013-05-02 13:00:00+00:00,956.6
5286,2013-05-02 13:30:00+00:00,911.25
5286,2013-05-02 14:00:00+00:00,838.75
5286,2013-05-02 14:30:00+00:00,749.25
5286,2013-05-02 15:00:00+00:00,636.55
5286,2013-05-02 15:30:00+00:00,488.31
5286,2013-05-02 16:00:00+00:00,327.22
5286,2013-05-02 16:30:00+00:00,204.64
5286,2013-05-02 17:00:00+00:00,136.11
5286,2013-05-02 17:30:00+00:00,71.51
5286,2013-05-02 18:00:00+00:00,47.98
5286,2013-05-02 18:30:00+00:00,28.58
5286,2013-05-02 19:00:00+00:00,10.56
5286,2013-05-02 19:30:00+00:00,0.07
5286,2013-05-02 20:00:00+00:00,0.01
5286,2013-05-02 20:30:00+00:00,0.0
5286,2013-05-02 21:00:00+00:00,0.0
5286,2013-05-02 21:30:00+00:00,0.0
5286,2013-05-02 22:00:00+00:00,0.0
5286,2013-05-02 22:30:00+00:00,0.0
5286,2013-05-02 23:00:00+00:00,0.0
5286,2013-05-02 23:30:00+00:00,0.0
5286,2013-05-03 00:00:00+00:00,0.0
5286,2013-05-03 00:30:00+00:00,0.0
5286,2013-05-03 01:00:00+00:00,0.0
5286,2013-05-03 01:30:00+00:00,0.0
5286,2013-05-03 02:00:00+00:00,0.0
5286,2013-05-03 02:30:00+00:00,0.0
5286,2013-05-03 03:00:00+00:00,0.0
5286,2013-05-03 03:30:00+00:00,0.0
5286,2013-05-03 04:00:00+00:00,0.0
5286,2013-05-03 04:30:00+00:00,0.0
5286,2013-05-03 05:00:00+00:00,3.12
5286,2013-05-03 05:30:00+00:00,26.69
5286,2013-05-03 06:00:00+00:00,86.62
5286,2013-05-03 06:30:00+00:00,263.03
5286,2013-05-03 07:00:00+00:00,409.81
5286,2013-05-03 07:30:00+00:00,538.0
5286,2013-05-03 08:00:00+00:00,659.25
5286,2013-05-03 08:30:00+00:00,756.3
5286,2013-05-03 09:00:00+00:00,842.0
5286,2013-05-03 09:30:00+00:00,894.15
5286,2013-05-03 10:00:00+00:00,932.1
5286,2013-05-03 10:30:00+00:00,956.15
5286,2013-05-03 11:00:00+00:00,965.4
5286,2013-05-03 11:30:00+00:00,973.35
5286,2013-05-03 12:00:00+00:00,971.85
5286,2013-05-03 12:30:00+00:00,938.5
5286,2013-05-03 13:00:00+00:00,906.7
5286,2013-05-03 13:30:00+00:00,865.25
5286,2013-05-03 14:00:00+00:00,805.25
5286,2013-05-03 14:30:00+00:00,724.65
5286,2013-05-03 15:00:00+00:00,625.9
5286,2013-05-03 15:30:00+00:00,447.12
5286,2013-05-03 16:00:00+00:00,296.41
5286,2013-05-03 16:30:00+00:00,180.88
5286,2013-05-03 17:00:00+00:00,115.54
5286,2013-05-03 17:30:00+00:00,55.25
5286,2013-05-03 18:00:00+00:00,37.8
5286,2013-05-03 18:30:00+00:00,23.78
5286,2013-05-03 19:00:00+00:00,5.37
5286,2013-05-03 19:30:00+00:00,0.01
5286,2013-05-03 20:00:00+00:00,0.01
5286,2013-05-03 20:30:00+00:00,0.0
5286,2013-05-03 21:00:00+00:00,0.0
5286,2013-05-03 21:30:00+00:00,0.0
5286,2013-05-03 22:00:00+00:00,0.0
5286,2013-05-03 22:30:00+00:00,0.0
5286,2013-05-03 23:00:00+00:00,0.0
5286,2013-05-03 23:30:00+00:00,0.0
5286,2013-05-04 00:00:00+00:00,0.0
5286,2013-05-04 00:30:00+00:00,0.0
5286,2013-05-04 01:00:00+00:00,0.0
5286,2013-05-04 01:30:00+00:00,0.0
5286,2013-05-04 02:00:00+00:00,0.0
5286,2013-05-04 02:30:00+00:00,0.0
5286,2013-05-04 03:00:00+00:00,0.0
5286,2013-05-04 03:30:00+00:00,0.0
5286,2013-05-04 04:00:00+00:00,0.0
5286,2013-05-04 04:30:00+00:00,0.0
5286,2013-05-04 05:00:00+00:00,2.97
5286,2013-05-04 05:30:00+00:00,22.6
5286,2013-05-04 06:00:00+00:00,94.11
5286,2013-05-04 06:30:00+00:00,284.48
5286,2013-05-04 07:00:00+00:00,336.16
5286,2013-05-04 07:30:00+00:00,231.41
5286,2013-05-04 08:00:00+00:00,286.64
5286,2013-05-04 08:30:00+00:00,424.59
5286,2013-05-04 09:00:00+00:00,768.9
5286,2013-05-04 09:30:00+00:00,442.34
5286,2013-05-04 10:00:00+00:00,265.43
5286,2013-05-04 10:30:00+00:00,571.7
5286,2013-05-04 11:00:00+00:00,316.67
5286,2013-05-04 11:30:00+00:00,725.3
5286,2013-05-04 12:00:00+00:00,450.06
5286,2013-05-04 12:30:00+00:00,467.9
5286,2013-05-04 13:00:00+00:00,378.21
5286,2013-05-04 13:30:00+00:00,330.48
5286,2013-05-04 14:00:00+00:00,177.31
5286,2013-05-04 14:30:00+00:00,274.26
5286,2013-05-04 15:00:00+00:00,697.6
5286,2013-05-04 15:30:00+00:00,509.1
5286,2013-05-04 16:00:00+00:00,319.22
5286,2013-05-04 16:30:00+00:00,134.41
5286,2013-05-04 17:00:00+00:00,93.71
5286,2013-05-04 17:30:00+00:00,128.76
5286,2013-05-04 18:00:00+00:00,52.01
5286,2013-05-04 18:30:00+00:00,4.94
5286,2013-05-04 19:00:00+00:00,4.08
5286,2013-05-04 19:30:00+00:00,0.02
5286,2013-05-04 20:00:00+00:00,0.0
5286,2013-05-04 20:30:00+00:00,0.0
5286,2013-05-04 21:00:00+00:00,0.0
5286,2013-05-04 21:30:00+00:00,0.0
5286,2013-05-04 22:00:00+00:00,0.0
5286,2013-05-04 22:30:00+00:00,0.0
5286,2013-05-04 23:00:00+00:00,0.0
5286,2013-05-04 23:30:00+00:00,0.0
5286,2013-05-05 00:00:00+00:00,0.0
5286,2013-05-05 00:30:00+00:00,0.0
5286,2013-05-05 01:00:00+00:00,0.0
5286,2013-05-05 01:30:00+00:00,0.0
5286,2013-05-05 02:00:00+00:00,0.0
5286,2013-05-05 02:30:00+00:00,0.0
5286,2013-05-05 03:00:00+00:00,0.0
5286,2013-05-05 03:30:00+00:00,0.0
5286,2013-05-05 04:00:00+00:00,0.0
5286,2013-05-05 04:30:00+00:00,0.0
5286,2013-05-05 05:00:00+00:00,4.6
5286,2013-05-05 05:30:00+00:00,26.71
5286,2013-05-05 06:00:00+00:00,102.29
5286,2013-05-05 06:30:00+00:00,287.46
5286,2013-05-05 07:00:00+00:00,440.47
5286,2013-05-05 07:30:00+00:00,568.85
5286,2013-05-05 08:00:00+00:00,679.1
5286,2013-05-05 08:30:00+00:00,769.4
5286,2013-05-05 09:00:00+00:00,793.2
5286,2013-05-05 09:30:00+00:00,674.6
5286,2013-05-05 10:00:00+00:00,786.7
5286,2013-05-05 10:30:00+00:00,702.85
5286,2013-05-05 11:00:00+00:00,791.15
5286,2013-05-05 11:30:00+00:00,613.8
5286,2013-05-05 12:00:00+00:00,909.4
5286,2013-05-05 12:30:00+00:00,826.8
5286,2013-05-05 13:00:00+00:00,922.85
5286,2013-05-05 13:30:00+00:00,902.1
5286,2013-05-05 14:00:00+00:00,789.95
5286,2013-05-05 14:30:00+00:00,577.65
5286,2013-05-05 15:00:00+00:00,662.45
5286,2013-05-05 15:30:00+00:00,341.08
5286,2013-05-05 16:00:00+00:00,208.16
5286,2013-05-05 16:30:00+00:00,166.5
5286,2013-05-05 17:00:00+00:00,149.82
5286,2013-05-05 17:30:00+00:00,121.45
5286,2013-05-05 18:00:00+00:00,46.03
5286,2013-05-05 18:30:00+00:00,22.76
5286,2013-05-05 19:00:00+00:00,5.19
5286,2013-05-05 19:30:00+00:00,0.01
5286,2013-05-05 20:00:00+00:00,0.01
5286,2013-05-05 20:30:00+00:00,0.0
5286,2013-05-05 21:00:00+00:00,0.0
5286,2013-05-05 21:30:00+00:00,0.0
5286,2013-05-05 22:00:00+00:00,0.0
5286,2013-05-05 22:30:00+00:00,0.0
5286,2013-05-05 23:00:00+00:00,0.0
5286,2013-05-05 23:30:00+00:00,0.0
5286,2013-05-06 00:00:00+00:00,0.0
5286,2013-05-06 00:30:00+00:00,0.0
5286,2013-05-06 01:00:00+00:00,0.0
5286,2013-05-06 01:30:00+00:00,0.0
5286,2013-05-06 02:00:00+00:00,0.0
5286,2013-05-06 02:30:00+00:00,0.0
5286,2013-05-06 03:00:00+00:00,0.0
5286,2013-05-06 03:30:00+00:00,0.0
5286,2013-05-06 04:00:00+00:00,0.0
5286,2013-05-06 04:30:00+00:00,0.0
5286,2013-05-06 05:00:00+00:00,4.35
5286,2013-05-06 05:30:00+00:00,23.79
5286,2013-05-06 06:00:00+00:00,76.24
5286,2013-05-06 06:30:00+00:00,209.26
5286,2013-05-06 07:00:00+00:00,393.02
5286,2013-05-06 07:30:00+00:00,522.95
5286,2013-05-06 08:00:00+00:00,623.75
5286,2013-05-06 08:30:00+00:00,719.1
5286,2013-05-06 09:00:00+00:00,800.8
5286,2013-05-06 09:30:00+00:00,864.7
5286,2013-05-06 10:00:00+00:00,832.25
5286,2013-05-06 10:30:00+00:00,321.9
5286,2013-05-06 11:00:00+00:00,152.27
5286,2013-05-06 11:30:00+00:00,91.22
5286,2013-05-06 12:00:00+00:00,135.35
5286,2013-05-06 12:30:00+00:00,190.81
5286,2013-05-06 13:00:00+00:00,241.63
5286,2013-05-06 13:30:00+00:00,331.6
5286,2013-05-06 14:00:00+00:00,638.4
5286,2013-05-06 14:30:00+00:00,718.0
5286,2013-05-06 15:00:00+00:00,612.75
5286,2013-05-06 15:30:00+00:00,430.05
5286,2013-05-06 16:00:00+00:00,306.51
5286,2013-05-06 16:30:00+00:00,183.57
5286,2013-05-06 17:00:00+00:00,122.61
5286,2013-05-06 17:30:00+00:00,63.04
5286,2013-05-06 18:00:00+00:00,43.64
5286,2013-05-06 18:30:00+00:00,28.11
5286,2013-05-06 19:00:00+00:00,10.1
5286,2013-05-06 19:30:00+00:00,0.02
5286,2013-05-06 20:00:00+00:00,0.01
5286,2013-05-06 20:30:00+00:00,0.0
5286,2013-05-06 21:00:00+00:00,0.0
5286,2013-05-06 21:30:00+00:00,0.0
5286,2013-05-06 22:00:00+00:00,0.0
5286,2013-05-06 22:30:00+00:00,0.0
5286,2013-05-06 23:00:00+00:00,0.0
5286,2013-05-06 23:30:00+00:00,0.0
5286,2013-05-07 00:00:00+00:00,0.0
5286,2013-05-07 00:30:00+00:00,0.0
5286,2013-05-07 01:00:00+00:00,0.0
5286,2013-05-07 01:30:00+00:00,0.0
5286,2013-05-07 02:00:00+00:00,0.0
5286,2013-05-07 02:30:00+00:00,0.0
5286,2013-05-07 03:00:00+00:00,0.0
5286,2013-05-07 03:30:00+00:00,0.0
5286,2013-05-07 04:00:00+00:00,0.0
5286,2013-05-07 04:30:00+00:00,0.0
5286,2013-05-07 05:00:00+00:00,0.7
5286,2013-05-07 05:30:00+00:00,17.25
5286,2013-05-07 06:00:00+00:00,61.27
5286,2013-05-07 06:30:00+00:00,58.62
5286,2013-05-07 07:00:00+00:00,139.35
5286,2013-05-07 07:30:00+00:00,262.52
5286,2013-05-07 08:00:00+00:00,207.92
5286,2013-05-07 08:30:00+00:00,107.49
5286,2013-05-07 09:00:00+00:00,117.56
5286,2013-05-07 09:30:00+00:00,132.54
5286,2013-05-07 10:00:00+00:00,349.2
5286,2013-05-07 10:30:00+00:00,661.8
5286,2013-05-07 11:00:00+00:00,821.3
5286,2013-05-07 11:30:00+00:00,271.2
5286,2013-05-07 12:00:00+00:00,355.82
5286,2013-05-07 12:30:00+00:00,352.43
5286,2013-05-07 13:00:00+00:00,312.83
5286,2013-05-07 13:30:00+00:00,408.2
5286,2013-05-07 14:00:00+00:00,561.35
5286,2013-05-07 14:30:00+00:00,526.95
5286,2013-05-07 15:00:00+00:00,547.65
5286,2013-05-07 15:30:00+00:00,435.97
5286,2013-05-07 16:00:00+00:00,277.26
5286,2013-05-07 16:30:00+00:00,187.9
5286,2013-05-07 17:00:00+00:00,137.09
5286,2013-05-07 17:30:00+00:00,76.34
5286,2013-05-07 18:00:00+00:00,52.34
5286,2013-05-07 18:30:00+00:00,31.44
5286,2013-05-07 19:00:00+00:00,10.8
5286,2013-05-07 19:30:00+00:00,0.02
5286,2013-05-07 20:00:00+00:00,0.01
5286,2013-05-07 20:30:00+00:00,0.01
5286,2013-05-07 21:00:00+00:00,0.0
5286,2013-05-07 21:30:00+00:00,0.0
5286,2013-05-07 22:00:00+00:00,0.0
5286,2013-05-07 22:30:00+00:00,0.0
5286,2013-05-07 23:00:00+00:00,0.0
5286,2013-05-07 23:30:00+00:00,0.0
5286,2013-05-08 00:00:00+00:00,0.0
5286,2013-05-08 00:30:00+00:00,0.0
5286,2013-05-08 01:00:00+00:00,0.0
5286,2013-05-08 01:30:00+00:00,0.0
5286,2013-05-08 02:00:00+00:00,0.0
5286,2013-05-08 02:30:00+00:00,0.0
5286,2013-05-08 03:00:00+00:00,0.0
5286,2013-05-08 03:30:00+00:00,0.0
5286,2013-05-08 04:00:00+00:00,0.0
5286,2013-05-08 04:30:00+00:00,0.0
5286,2013-05-08 05:00:00+00:00,0.01
5286,2013-05-08 05:30:00+00:00,0.79
5286,2013-05-08 06:00:00+00:00,9.79
5286,2013-05-08 06:30:00+00:00,1.13
5286,2013-05-08 07:00:00+00:00,12.39
5286,2013-05-08 07:30:00+00:00,63.66
5286,2013-05-08 08:00:00+00:00,102.23
5286,2013-05-08 08:30:00+00:00,205.51
5286,2013-05-08 09:00:00+00:00,403.69
5286,2013-05-08 09:30:00+00:00,202.29
5286,2013-05-08 10:00:00+00:00,549.2
5286,2013-05-08 10:30:00+00:00,324.22
5286,2013-05-08 11:00:00+00:00,347.37
5286,2013-05-08 11:30:00+00:00,555.3
5286,2013-05-08 12:00:00+00:00,504.05
5286,2013-05-08 12:30:00+00:00,884.1
5286,2013-05-08 13:00:00+00:00,613.75
5286,2013-05-08 13:30:00+00:00,435.11
5286,2013-05-08 14:00:00+00:00,436.18
5286,2013-05-08 14:30:00+00:00,346.06
5286,2013-05-08 15:00:00+00:00,301.39
5286,2013-05-08 15:30:00+00:00,360.64
5286,2013-05-08 16:00:00+00:00,289.48
5286,2013-05-08 16:30:00+00:00,213.51
5286,2013-05-08 17:00:00+00:00,146.0
5286,2013-05-08 17:30:00+00:00,74.65
5286,2013-05-08 18:00:00+00:00,54.27
5286,2013-05-08 18:30:00+00:00,35.16
5286,2013-05-08 19:00:00+00:00,5.28
5286,2013-05-08 19:30:00+00:00,0.01
5286,2013-05-08 20:00:00+00:00,0.01
5286,2013-05-08 20:30:00+00:00,0.0
5286,2013-05-08 21:00:00+00:00,0.0
5286,2013-05-08 21:30:00+00:00,0.0
5286,2013-05-08 22:00:00+00:00,0.0
5286,2013-05-08 22:30:00+00:00,0.0
5286,2013-05-08 23:00:00+00:00,0.0
5286,2013-05-08 23:30:00+00:00,0.0
5286,2013-05-09 00:00:00+00:00,0.0
5286,2013-05-09 00:30:00+00:00,0.0
5286,2013-05-09 01:00:00+00:00,0.0
5286,2013-05-09 01:30:00+00:00,0.0
5286,2013-05-09 02:00:00+00:00,0.0
5286,2013-05-09 02:30:00+00:00,0.0
5286,2013-05-09 03:00:00+00:00,0.0
5286,2013-05-09 03:30:00+00:00,0.0
5286,2013-05-09 04:00:00+00:00,0.0
5286,2013-05-09 04:30:00+00:00,0.0
5286,2013-05-09 05:00:00+00:00,8.96
5286,2013-05-09 05:30:00+00:00,37.23
5286,2013-05-09 06:00:00+00:00,120.47
5286,2013-05-09 06:30:00+00:00,292.87
5286,2013-05-09 07:00:00+00:00,439.25
5286,2013-05-09 07:30:00+00:00,587.2
5286,2013-05-09 08:00:00+00:00,593.2
5286,2013-05-09 08:30:00+00:00,805.0
5286,2013-05-09 09:00:00+00:00,675.65
5286,2013-05-09 09:30:00+00:00,819.0
5286,2013-05-09 10:00:00+00:00,864.55
5286,2013-05-09 10:30:00+00:00,955.15
5286,2013-05-09 11:00:00+00:00,449.73
5286,2013-05-09 11:30:00+00:00,976.5
5286,2013-05-09 12:00:00+00:00,585.7
5286,2013-05-09 12:30:00+00:00,347.52
5286,2013-05-09 13:00:00+00:00,443.0
5286,2013-05-09 13:30:00+00:00,406.49
5286,2013-05-09 14:00:00+00:00,529.15
5286,2013-05-09 14:30:00+00:00,440.17
5286,2013-05-09 15:00:00+00:00,437.52
5286,2013-05-09 15:30:00+00:00,470.55
5286,2013-05-09 16:00:00+00:00,341.98
5286,2013-05-09 16:30:00+00:00,216.56
5286,2013-05-09 17:00:00+00:00,84.57
5286,2013-05-09 17:30:00+00:00,100.22
5286,2013-05-09 18:00:00+00:00,86.84
5286,2013-05-09 18:30:00+00:00,36.22
5286,2013-05-09 19:00:00+00:00,0.64
5286,2013-05-09 19:30:00+00:00,0.01
5286,2013-05-09 20:00:00+00:00,0.01
5286,2013-05-09 20:30:00+00:00,0.0
5286,2013-05-09 21:00:00+00:00,0.0
5286,2013-05-09 21:30:00+00:00,0.0
5286,2013-05-09 22:00:00+00:00,0.0
5286,2013-05-09 22:30:00+00:00,0.0
5286,2013-05-09 23:00:00+00:00,0.0
5286,2013-05-09 23:30:00+00:00,0.0
5286,2013-05-10 00:00:00+00:00,0.0
5286,2013-05-10 00:30:00+00:00,0.0
5286,2013-05-10 01:00:00+00:00,0.0
5286,2013-05-10 01:30:00+00:00,0.0
5286,2013-05-10 02:00:00+00:00,0.0
5286,2013-05-10 02:30:00+00:00,0.0
5286,2013-05-10 03:00:00+00:00,0.0
5286,2013-05-10 03:30:00+00:00,0.0
5286,2013-05-10 04:00:00+00:00,0.0
5286,2013-05-10 04:30:00+00:00,0.0
5286,2013-05-10 05:00:00+00:00,0.0
5286,2013-05-10 05:30:00+00:00,0.08
5286,2013-05-10 06:00:00+00:00,10.45
5286,2013-05-10 06:30:00+00:00,42.64
5286,2013-05-10 07:00:00+00:00,84.29
5286,2013-05-10 07:30:00+00:00,311.17
5286,2013-05-10 08:00:00+00:00,138.37
5286,2013-05-10 08:30:00+00:00,139.66
5286,2013-05-10 09:00:00+00:00,206.5
5286,2013-05-10 09:30:00+00:00,237.52
5286,2013-05-10 10:00:00+00:00,226.83
5286,2013-05-10 10:30:00+00:00,288.72
5286,2013-05-10 11:00:00+00:00,136.33
5286,2013-05-10 11:30:00+00:00,434.58
5286,2013-05-10 12:00:00+00:00,853.05
5286,2013-05-10 12:30:00+00:00,670.3
5286,2013-05-10 13:00:00+00:00,727.5
5286,2013-05-10 13:30:00+00:00,887.45
5286,2013-05-10 14:00:00+00:00,874.7
5286,2013-05-10 14:30:00+00:00,749.15
5286,2013-05-10 15:00:00+00:00,603.8
5286,2013-05-10 15:30:00+00:00,461.91
5286,2013-05-10 16:00:00+00:00,210.75
5286,2013-05-10 16:30:00+00:00,127.38
5286,2013-05-10 17:00:00+00:00,146.8
5286,2013-05-10 17:30:00+00:00,76.8
5286,2013-05-10 18:00:00+00:00,75.46
5286,2013-05-10 18:30:00+00:00,29.61
5286,2013-05-10 19:00:00+00:00,9.57
5286,2013-05-10 19:30:00+00:00,0.01
5286,2013-05-10 20:00:00+00:00,0.01
5286,2013-05-10 20:30:00+00:00,0.0
5286,2013-05-10 21:00:00+00:00,0.0
5286,2013-05-10 21:30:00+00:00,0.0
5286,2013-05-10 22:00:00+00:00,0.0
5286,2013-05-10 22:30:00+00:00,0.0
5286,2013-05-10 23:00:00+00:00,0.0
5286,2013-05-10 23:30:00+00:00,0.0
5286,2013-05-11 00:00:00+00:00,0.0
5286,2013-05-11 00:30:00+00:00,0.0
5286,2013-05-11 01:00:00+00:00,0.0
5286,2013-05-11 01:30:00+00:00,0.0
5286,2013-05-11 02:00:00+00:00,0.0
5286,2013-05-11 02:30:00+00:00,0.0
5286,2013-05-11 03:00:00+00:00,0.0
5286,2013-05-11 03:30:00+00:00,0.0
5286,2013-05-11 04:00:00+00:00,0.0
5286,2013-05-11 04:30:00+00:00,0.0
5286,2013-05-11 05:00:00+00:00,7.09
5286,2013-05-11 05:30:00+00:00,31.1
5286,2013-05-11 06:00:00+00:00,79.75
5286,2013-05-11 06:30:00+00:00,309.16
5286,2013-05-11 07:00:00+00:00,363.55
5286,2013-05-11 07:30:00+00:00,306.11
5286,2013-05-11 08:00:00+00:00,244.58
5286,2013-05-11 08:30:00+00:00,334.08
5286,2013-05-11 09:00:00+00:00,150.69
5286,2013-05-11 09:30:00+00:00,658.8
5286,2013-05-11 10:00:00+00:00,727.45
5286,2013-05-11 10:30:00+00:00,669.65
5286,2013-05-11 11:00:00+00:00,801.85
5286,2013-05-11 11:30:00+00:00,787.8
5286,2013-05-11 12:00:00+00:00,585.95
5286,2013-05-11 12:30:00+00:00,262.14
5286,2013-05-11 13:00:00+00:00,270.0
5286,2013-05-11 13:30:00+00:00,467.61
5286,2013-05-11 14:00:00+00:00,301.78
5286,2013-05-11 14:30:00+00:00,309.4
5286,2013-05-11 15:00:00+00:00,169.21
5286,2013-05-11 15:30:00+00:00,236.72
5286,2013-05-11 16:00:00+00:00,143.71
5286,2013-05-11 16:30:00+00:00,155.12
5286,2013-05-11 17:00:00+00:00,182.01
5286,2013-05-11 17:30:00+00:00,149.07
5286,2013-05-11 18:00:00+00:00,54.84
5286,2013-05-11 18:30:00+00:00,52.4
5286,2013-05-11 19:00:00+00:00,5.14
5286,2013-05-11 19:30:00+00:00,0.0
5286,2013-05-11 20:00:00+00:00,0.01
5286,2013-05-11 20:30:00+00:00,0.0
5286,2013-05-11 21:00:00+00:00,0.0
5286,2013-05-11 21:30:00+00:00,0.0
5286,2013-05-11 22:00:00+00:00,0.0
5286,2013-05-11 22:30:00+00:00,0.0
5286,2013-05-11 23:00:00+00:00,0.0
5286,2013-05-11 23:30:00+00:00,0.0
5286,2013-05-12 00:00:00+00:00,0.0
5286,2013-05-12 00:30:00+00:00,0.0
5286,2013-05-12 01:00:00+00:00,0.0
5286,2013-05-12 01:30:00+00:00,0.0
5286,2013-05-12 02:00:00+00:00,0.0
5286,2013-05-12 02:30:00+00:00,0.0
5286,2013-05-12 03:00:00+00:00,0.0
5286,2013-05-12 03:30:00+00:00,0.0
5286,2013-05-12 04:00:00+00:00,0.0
5286,2013-05-12 04:30:00+00:00,0.0
5286,2013-05-12 05:00:00+00:00,6.36
5286,2013-05-12 05:30:00+00:00,31.82
5286,2013-05-12 06:00:00+00:00,98.75
5286,2013-05-12 06:30:00+00:00,313.02
5286,2013-05-12 07:00:00+00:00,463.23
5286,2013-05-12 07:30:00+00:00,569.5
5286,2013-05-12 08:00:00+00:00,651.3
5286,2013-05-12 08:30:00+00:00,622.4
5286,2013-05-12 09:00:00+00:00,725.7
5286,2013-05-12 09:30:00+00:00,714.3
5286,2013-05-12 10:00:00+00:00,650.65
5286,2013-05-12 10:30:00+00:00,790.7
5286,2013-05-12 11:00:00+00:00,865.8
5286,2013-05-12 11:30:00+00:00,893.95
5286,2013-05-12 12:00:00+00:00,852.8
5286,2013-05-12 12:30:00+00:00,884.8
5286,2013-05-12 13:00:00+00:00,892.35
5286,2013-05-12 13:30:00+00:00,714.9
5286,2013-05-12 14:00:00+00:00,472.38
5286,2013-05-12 14:30:00+00:00,328.9
5286,2013-05-12 15:00:00+00:00,266.53
5286,2013-05-12 15:30:00+00:00,134.3
5286,2013-05-12 16:00:00+00:00,128.01
5286,2013-05-12 16:30:00+00:00,123.51
5286,2013-05-12 17:00:00+00:00,114.69
5286,2013-05-12 17:30:00+00:00,42.75
5286,2013-05-12 18:00:00+00:00,14.67
5286,2013-05-12 18:30:00+00:00,4.34
5286,2013-05-12 19:00:00+00:00,0.41
5286,2013-05-12 19:30:00+00:00,0.01
5286,2013-05-12 20:00:00+00:00,0.01
5286,2013-05-12 20:30:00+00:00,0.0
5286,2013-05-12 21:00:00+00:00,0.0
5286,2013-05-12 21:30:00+00:00,0.0
5286,2013-05-12 22:00:00+00:00,0.0
5286,2013-05-12 22:30:00+00:00,0.0
5286,2013-05-12 23:00:00+00:00,0.0
5286,2013-05-12 23:30:00+00:00,0.0
5286,2013-05-13 00:00:00+00:00,0.0
5286,2013-05-13 00:30:00+00:00,0.0
5286,2013-05-13 01:00:00+00:00,0.0
5286,2013-05-13 01:30:00+00:00,0.0
5286,2013-05-13 02:00:00+00:00,0.0
5286,2013-05-13 02:30:00+00:00,0.0
5286,2013-05-13 03:00:00+00:00,0.0
5286,2013-05-13 03:30:00+00:00,0.0
5286,2013-05-13 04:00:00+00:00,0.0
5286,2013-05-13 04:30:00+00:00,0.0
5286,2013-05-13 05:00:00+00:00,2.48
5286,2013-05-13 05:30:00+00:00,16.96
5286,2013-05-13 06:00:00+00:00,60.74
5286,2013-05-13 06:30:00+00:00,153.92
5286,2013-05-13 07:00:00+00:00,278.61
5286,2013-05-13 07:30:00+00:00,512.85
5286,2013-05-13 08:00:00+00:00,516.1
5286,2013-05-13 08:30:00+00:00,475.85
5286,2013-05-13 09:00:00+00:00,306.57
5286,2013-05-13 09:30:00+00:00,538.1
5286,2013-05-13 10:00:00+00:00,698.85
5286,2013-05-13 10:30:00+00:00,759.55
5286,2013-05-13 11:00:00+00:00,530.75
5286,2013-05-13 11:30:00+00:00,465.89
5286,2013-05-13 12:00:00+00:00,586.85
5286,2013-05-13 12:30:00+00:00,487.43
5286,2013-05-13 13:00:00+00:00,411.53
5286,2013-05-13 13:30:00+00:00,560.55
5286,2013-05-13 14:00:00+00:00,640.35
5286,2013-05-13 14:30:00+00:00,557.3
5286,2013-05-13 15:00:00+00:00,504.6
5286,2013-05-13 15:30:00+00:00,417.0
5286,2013-05-13 16:00:00+00:00,267.67
5286,2013-05-13 16:30:00+00:00,165.94
5286,2013-05-13 17:00:00+00:00,66.95
5286,2013-05-13 17:30:00+00:00,108.01
5286,2013-05-13 18:00:00+00:00,67.46
5286,2013-05-13 18:30:00+00:00,45.56
5286,2013-05-13 19:00:00+00:00,21.84
5286,2013-05-13 19:30:00+00:00,1.84
5286,2013-05-13 20:00:00+00:00,0.01
5286,2013-05-13 20:30:00+00:00,0.0
5286,2013-05-13 21:00:00+00:00,0.0
5286,2013-05-13 21:30:00+00:00,0.0
5286,2013-05-13 22:00:00+00:00,0.0
5286,2013-05-13 22:30:00+00:00,0.0
5286,2013-05-13 23:00:00+00:00,0.0
5286,2013-05-13 23:30:00+00:00,0.0
5286,2013-05-14 00:00:00+00:00,0.0
5286,2013-05-14 00:30:00+00:00,0.0
5286,2013-05-14 01:00:00+00:00,0.0
5286,2013-05-14 01:30:00+00:00,0.0
5286,2013-05-14 02:00:00+00:00,0.0
5286,2013-05-14 02:30:00+00:00,0.0
5286,2013-05-14 03:00:00+00:00,0.0
5286,2013-05-14 03:30:00+00:00,0.0
5286,2013-05-14 04:00:00+00:00,0.0
5286,2013-05-14 04:30:00+00:00,0.02
5286,2013-05-14 05:00:00+00:00,13.08
5286,2013-05-14 05:30:00+00:00,85.64
5286,2013-05-14 06:00:00+00:00,109.95
5286,2013-05-14 06:30:00+00:00,174.27
5286,2013-05-14 07:00:00+00:00,287.22
5286,2013-05-14 07:30:00+00:00,373.43
5286,2013-05-14 08:00:00+00:00,493.12
5286,2013-05-14 08:30:00+00:00,589.8
5286,2013-05-14 09:00:00+00:00,423.41
5286,2013-05-14 09:30:00+00:00,381.51
5286,2013-05-14 10:00:00+00:00,446.11
5286,2013-05-14 10:30:00+00:00,491.03
5286,2013-05-14 11:00:00+00:00,157.13
5286,2013-05-14 11:30:00+00:00,468.11
5286,2013-05-14 12:00:00+00:00,548.75
5286,2013-05-14 12:30:00+00:00,378.22
5286,2013-05-14 13:00:00+00:00,410.94
5286,2013-05-14 13:30:00+00:00,366.27
5286,2013-05-14 14:00:00+00:00,419.9
5286,2013-05-14 14:30:00+00:00,218.99
5286,2013-05-14 15:00:00+00:00,178.19
5286,2013-05-14 15:30:00+00:00,201.37
5286,2013-05-14 16:00:00+00:00,93.09
5286,2013-05-14 16:30:00+00:00,98.11
5286,2013-05-14 17:00:00+00:00,60.08
5286,2013-05-14 17:30:00+00:00,32.38
5286,2013-05-14 18:00:00+00:00,22.13
5286,2013-05-14 18:30:00+00:00,0.95
5286,2013-05-14 19:00:00+00:00,0.0
5286,2013-05-14 19:30:00+00:00,0.01
5286,2013-05-14 20:00:00+00:00,0.01
5286,2013-05-14 20:30:00+00:00,0.0
5286,2013-05-14 21:00:00+00:00,0.0
5286,2013-05-14 21:30:00+00:00,0.0
5286,2013-05-14 22:00:00+00:00,0.0
5286,2013-05-14 22:30:00+00:00,0.0
5286,2013-05-14 23:00:00+00:00,0.0
5286,2013-05-14 23:30:00+00:00,0.0
5286,2013-05-15 00:00:00+00:00,0.0
5286,2013-05-15 00:30:00+00:00,0.0
5286,2013-05-15 01:00:00+00:00,0.0
5286,2013-05-15 01:30:00+00:00,0.0
5286,2013-05-15 02:00:00+00:00,0.0
5286,2013-05-15 02:30:00+00:00,0.0
5286,2013-05-15 03:00:00+00:00,0.0
5286,2013-05-15 03:30:00+00:00,0.0
5286,2013-05-15 04:00:00+00:00,0.0
5286,2013-05-15 04:30:00+00:00,0.0
5286,2013-05-15 05:00:00+00:00,0.0
5286,2013-05-15 05:30:00+00:00,10.68
5286,2013-05-15 06:00:00+00:00,52.98
5286,2013-05-15 06:30:00+00:00,91.52
5286,2013-05-15 07:00:00+00:00,191.75
5286,2013-05-15 07:30:00+00:00,255.39
5286,2013-05-15 08:00:00+00:00,177.24
5286,2013-05-15 08:30:00+00:00,219.98
5286,2013-05-15 09:00:00+00:00,158.46
5286,2013-05-15 09:30:00+00:00,228.05
5286,2013-05-15 10:00:00+00:00,262.9
5286,2013-05-15 10:30:00+00:00,160.07
5286,2013-05-15 11:00:00+00:00,237.35
5286,2013-05-15 11:30:00+00:00,232.08
5286,2013-05-15 12:00:00+00:00,229.6
5286,2013-05-15 12:30:00+00:00,481.95
5286,2013-05-15 13:00:00+00:00,368.53
5286,2013-05-15 13:30:00+00:00,365.05
5286,2013-05-15 14:00:00+00:00,371.45
5286,2013-05-15 14:30:00+00:00,395.53
5286,2013-05-15 15:00:00+00:00,319.49
5286,2013-05-15 15:30:00+00:00,303.66
5286,2013-05-15 16:00:00+00:00,279.48
5286,2013-05-15 16:30:00+00:00,210.72
5286,2013-05-15 17:00:00+00:00,157.2
5286,2013-05-15 17:30:00+00:00,127.61
5286,2013-05-15 18:00:00+00:00,58.26
5286,2013-05-15 18:30:00+00:00,27.4
5286,2013-05-15 19:00:00+00:00,8.08
5286,2013-05-15 19:30:00+00:00,0.23
5286,2013-05-15 20:00:00+00:00,0.01
5286,2013-05-15 20:30:00+00:00,0.01
5286,2013-05-15 21:00:00+00:00,0.0
5286,2013-05-15 21:30:00+00:00,0.0
5286,2013-05-15 22:00:00+00:00,0.0
5286,2013-05-15 22:30:00+00:00,0.0
5286,2013-05-15 23:00:00+00:00,0.0
5286,2013-05-15 23:30:00+00:00,0.0
5286,2013-05-16 00:00:00+00:00,0.0
5286,2013-05-16 00:30:00+00:00,0.0
5286,2013-05-16 01:00:00+00:00,0.0
5286,2013-05-16 01:30:00+00:00,0.0
5286,2013-05-16 02:00:00+00:00,0.0
5286,2013-05-16 02:30:00+00:00,0.0
5286,2013-05-16 03:00:00+00:00,0.0
5286,2013-05-16 03:30:00+00:00,0.0
5286,2013-05-16 04:00:00+00:00,0.0
5286,2013-05-16 04:30:00+00:00,0.0
5286,2013-05-16 05:00:00+00:00,21.85
5286,2013-05-16 05:30:00+00:00,47.0
5286,2013-05-16 06:00:00+00:00,99.08
5286,2013-05-16 06:30:00+00:00,267.67
5286,2013-05-16 07:00:00+00:00,161.6
5286,2013-05-16 07:30:00+00:00,305.25
5286,2013-05-16 08:00:00+00:00,678.5
5286,2013-05-16 08:30:00+00:00,777.7
5286,2013-05-16 09:00:00+00:00,775.05
5286,2013-05-16 09:30:00+00:00,835.25
5286,2013-05-16 10:00:00+00:00,809.5
5286,2013-05-16 10:30:00+00:00,651.15
5286,2013-05-16 11:00:00+00:00,879.45
5286,2013-05-16 11:30:00+00:00,1057.3
5286,2013-05-16 12:00:00+00:00,1062.0
5286,2013-05-16 12:30:00+00:00,806.55
5286,2013-05-16 13:00:00+00:00,712.2
5286,2013-05-16 13:30:00+00:00,612.15
5286,2013-05-16 14:00:00+00:00,440.31
5286,2013-05-16 14:30:00+00:00,270.25
5286,2013-05-16 15:00:00+00:00,344.91
5286,2013-05-16 15:30:00+00:00,347.46
5286,2013-05-16 16:00:00+00:00,209.77
5286,2013-05-16 16:30:00+00:00,193.59
5286,2013-05-16 17:00:00+00:00,104.0
5286,2013-05-16 17:30:00+00:00,68.35
5286,2013-05-16 18:00:00+00:00,54.71
5286,2013-05-16 18:30:00+00:00,65.85
5286,2013-05-16 19:00:00+00:00,36.77
5286,2013-05-16 19:30:00+00:00,5.19
5286,2013-05-16 20:00:00+00:00,0.01
5286,2013-05-16 20:30:00+00:00,0.01
5286,2013-05-16 21:00:00+00:00,0.0
5286,2013-05-16 21:30:00+00:00,0.0
5286,2013-05-16 22:00:00+00:00,0.0
5286,2013-05-16 22:30:00+00:00,0.0
5286,2013-05-16 23:00:00+00:00,0.0
5286,2013-05-16 23:30:00+00:00,0.0
5286,2013-05-17 00:00:00+00:00,0.0
5286,2013-05-17 00:30:00+00:00,0.0
5286,2013-05-17 01:00:00+00:00,0.0
5286,2013-05-17 01:30:00+00:00,0.0
5286,2013-05-17 02:00:00+00:00,0.0
5286,2013-05-17 02:30:00+00:00,0.0
5286,2013-05-17 03:00:00+00:00,0.0
5286,2013-05-17 03:30:00+00:00,0.0
5286,2013-05-17 04:00:00+00:00,0.0
5286,2013-05-17 04:30:00+00:00,0.01
5286,2013-05-17 05:00:00+00:00,7.2
5286,2013-05-17 05:30:00+00:00,18.89
5286,2013-05-17 06:00:00+00:00,30.09
5286,2013-05-17 06:30:00+00:00,104.73
5286,2013-05-17 07:00:00+00:00,114.24
5286,2013-05-17 07:30:00+00:00,192.02
5286,2013-05-17 08:00:00+00:00,273.2
5286,2013-05-17 08:30:00+00:00,215.63
5286,2013-05-17 09:00:00+00:00,254.09
5286,2013-05-17 09:30:00+00:00,185.48
5286,2013-05-17 10:00:00+00:00,252.85
5286,2013-05-17 10:30:00+00:00,105.57
5286,2013-05-17 11:00:00+00:00,264.36
5286,2013-05-17 11:30:00+00:00,131.39
5286,2013-05-17 12:00:00+00:00,202.93
5286,2013-05-17 12:30:00+00:00,198.28
5286,2013-05-17 13:00:00+00:00,172.0
5286,2013-05-17 13:30:00+00:00,203.18
5286,2013-05-17 14:00:00+00:00,110.85
5286,2013-05-17 14:30:00+00:00,92.39
5286,2013-05-17 15:00:00+00:00,109.21
5286,2013-05-17 15:30:00+00:00,84.38
5286,2013-05-17 16:00:00+00:00,160.29
5286,2013-05-17 16:30:00+00:00,146.58
5286,2013-05-17 17:00:00+00:00,50.28
5286,2013-05-17 17:30:00+00:00,49.23
5286,2013-05-17 18:00:00+00:00,87.31
5286,2013-05-17 18:30:00+00:00,60.83
5286,2013-05-17 19:00:00+00:00,15.27
5286,2013-05-17 19:30:00+00:00,0.13
5286,2013-05-17 20:00:00+00:00,0.01
5286,2013-05-17 20:30:00+00:00,0.0
5286,2013-05-17 21:00:00+00:00,0.0
5286,2013-05-17 21:30:00+00:00,0.0
5286,2013-05-17 22:00:00+00:00,0.0
5286,2013-05-17 22:30:00+00:00,0.0
5286,2013-05-17 23:00:00+00:00,0.0
5286,2013-05-17 23:30:00+00:00,0.0
5286,2013-05-18 00:00:00+00:00,0.0
5286,2013-05-18 00:30:00+00:00,0.0
5286,2013-05-18 01:00:00+00:00,0.0
5286,2013-05-18 01:30:00+00:00,0.0
5286,2013-05-18 02:00:00+00:00,0.0
5286,2013-05-18 02:30:00+00:00,0.0
5286,2013-05-18 03:00:00+00:00,0.0
5286,2013-05-18 03:30:00+00:00,0.0
5286,2013-05-18 04:00:00+00:00,0.0
5286,2013-05-18 04:30:00+00:00,0.0
5286,2013-05-18 05:00:00+00:00,2.58
5286,2013-05-18 05:30:00+00:00,26.78
5286,2013-05-18 06:00:00+00:00,48.3
5286,2013-05-18 06:30:00+00:00,140.46
5286,2013-05-18 07:00:00+00:00,161.52
5286,2013-05-18 07:30:00+00:00,251.28
5286,2013-05-18 08:00:00+00:00,190.02
5286,2013-05-18 08:30:00+00:00,360.51
5286,2013-05-18 09:00:00+00:00,610.95
5286,2013-05-18 09:30:00+00:00,670.35
5286,2013-05-18 10:00:00+00:00,352.86
5286,2013-05-18 10:30:00+00:00,314.48
5286,2013-05-18 11:00:00+00:00,279.83
5286,2013-05-18 11:30:00+00:00,424.94
5286,2013-05-18 12:00:00+00:00,276.74
5286,2013-05-18 12:30:00+00:00,209.95
5286,2013-05-18 13:00:00+00:00,214.51
5286,2013-05-18 13:30:00+00:00,146.52
5286,2013-05-18 14:00:00+00:00,232.55
5286,2013-05-18 14:30:00+00:00,278.99
5286,2013-05-18 15:00:00+00:00,313.81
5286,2013-05-18 15:30:00+00:00,225.2
5286,2013-05-18 16:00:00+00:00,227.78
5286,2013-05-18 16:30:00+00:00,191.92
5286,2013-05-18 17:00:00+00:00,88.64
5286,2013-05-18 17:30:00+00:00,84.34
5286,2013-05-18 18:00:00+00:00,37.86
5286,2013-05-18 18:30:00+00:00,82.17
5286,2013-05-18 19:00:00+00:00,30.75
5286,2013-05-18 19:30:00+00:00,10.76
5286,2013-05-18 20:00:00+00:00,0.01
5286,2013-05-18 20:30:00+00:00,0.0
5286,2013-05-18 21:00:00+00:00,0.0
5286,2013-05-18 21:30:00+00:00,0.0
5286,2013-05-18 22:00:00+00:00,0.0
5286,2013-05-18 22:30:00+00:00,0.0
5286,2013-05-18 23:00:00+00:00,0.0
5286,2013-05-18 23:30:00+00:00,0.0
5286,2013-05-19 00:00:00+00:00,0.0
5286,2013-05-19 00:30:00+00:00,0.0
5286,2013-05-19 01:00:00+00:00,0.0
5286,2013-05-19 01:30:00+00:00,0.0
5286,2013-05-19 02:00:00+00:00,0.0
5286,2013-05-19 02:30:00+00:00,0.0
5286,2013-05-19 03:00:00+00:00,0.0
5286,2013-05-19 03:30:00+00:00,0.0
5286,2013-05-19 04:00:00+00:00,0.0
5286,2013-05-19 04:30:00+00:00,0.0
5286,2013-05-19 05:00:00+00:00,5.77
5286,2013-05-19 05:30:00+00:00,32.62
5286,2013-05-19 06:00:00+00:00,77.09
5286,2013-05-19 06:30:00+00:00,91.98
5286,2013-05-19 07:00:00+00:00,150.07
5286,2013-05-19 07:30:00+00:00,129.83
5286,2013-05-19 08:00:00+00:00,117.36
5286,2013-05-19 08:30:00+00:00,273.19
5286,2013-05-19 09:00:00+00:00,842.45
5286,2013-05-19 09:30:00+00:00,367.86
5286,2013-05-19 10:00:00+00:00,327.23
5286,2013-05-19 10:30:00+00:00,385.94
5286,2013-05-19 11:00:00+00:00,406.32
5286,2013-05-19 11:30:00+00:00,502.2
5286,2013-05-19 12:00:00+00:00,540.15
5286,2013-05-19 12:30:00+00:00,605.85
5286,2013-05-19 13:00:00+00:00,708.05
5286,2013-05-19 13:30:00+00:00,780.65
5286,2013-05-19 14:00:00+00:00,690.35
5286,2013-05-19 14:30:00+00:00,667.15
5286,2013-05-19 15:00:00+00:00,500.95
5286,2013-05-19 15:30:00+00:00,465.79
5286,2013-05-19 16:00:00+00:00,345.71
5286,2013-05-19 16:30:00+00:00,224.03
5286,2013-05-19 17:00:00+00:00,166.16
5286,2013-05-19 17:30:00+00:00,141.98
5286,2013-05-19 18:00:00+00:00,120.77
5286,2013-05-19 18:30:00+00:00,47.85
5286,2013-05-19 19:00:00+00:00,24.41
5286,2013-05-19 19:30:00+00:00,4.79
5286,2013-05-19 20:00:00+00:00,0.01
5286,2013-05-19 20:30:00+00:00,0.01
5286,2013-05-19 21:00:00+00:00,0.0
5286,2013-05-19 21:30:00+00:00,0.0
5286,2013-05-19 22:00:00+00:00,0.0
5286,2013-05-19 22:30:00+00:00,0.0
5286,2013-05-19 23:00:00+00:00,0.0
5286,2013-05-19 23:30:00+00:00,0.0
5286,2013-05-20 00:00:00+00:00,0.0
5286,2013-05-20 00:30:00+00:00,0.0
5286,2013-05-20 01:00:00+00:00,0.0
5286,2013-05-20 01:30:00+00:00,0.0
5286,2013-05-20 02:00:00+00:00,0.0
5286,2013-05-20 02:30:00+00:00,0.0
5286,2013-05-20 03:00:00+00:00,0.0
5286,2013-05-20 03:30:00+00:00,0.0
5286,2013-05-20 04:00:00+00:00,0.0
5286,2013-05-20 04:30:00+00:00,0.0
5286,2013-05-20 05:00:00+00:00,0.0
5286,2013-05-20 05:30:00+00:00,0.02
5286,2013-05-20 06:00:00+00:00,1.56
5286,2013-05-20 06:30:00+00:00,13.85
5286,2013-05-20 07:00:00+00:00,43.28
5286,2013-05-20 07:30:00+00:00,46.78
5286,2013-05-20 08:00:00+00:00,71.11
5286,2013-05-20 08:30:00+00:00,58.79
5286,2013-05-20 09:00:00+00:00,88.2
5286,2013-05-20 09:30:00+00:00,181.16
5286,2013-05-20 10:00:00+00:00,110.63
5286,2013-05-20 10:30:00+00:00,77.08
5286,2013-05-20 11:00:00+00:00,64.36
5286,2013-05-20 11:30:00+00:00,126.62
5286,2013-05-20 12:00:00+00:00,101.33
5286,2013-05-20 12:30:00+00:00,137.19
5286,2013-05-20 13:00:00+00:00,152.49
5286,2013-05-20 13:30:00+00:00,163.23
5286,2013-05-20 14:00:00+00:00,193.33
5286,2013-05-20 14:30:00+00:00,168.8
5286,2013-05-20 15:00:00+00:00,124.26
5286,2013-05-20 15:30:00+00:00,205.57
5286,2013-05-20 16:00:00+00:00,139.32
5286,2013-05-20 16:30:00+00:00,115.76
5286,2013-05-20 17:00:00+00:00,46.65
5286,2013-05-20 17:30:00+00:00,25.81
5286,2013-05-20 18:00:00+00:00,4.93
5286,2013-05-20 18:30:00+00:00,14.76
5286,2013-05-20 19:00:00+00:00,6.16
5286,2013-05-20 19:30:00+00:00,1.27
5286,2013-05-20 20:00:00+00:00,0.01
5286,2013-05-20 20:30:00+00:00,0.01
5286,2013-05-20 21:00:00+00:00,0.0
5286,2013-05-20 21:30:00+00:00,0.0
5286,2013-05-20 22:00:00+00:00,0.0
5286,2013-05-20 22:30:00+00:00,0.0
5286,2013-05-20 23:00:00+00:00,0.0
5286,2013-05-20 23:30:00+00:00,0.0
5286,2013-05-21 00:00:00+00:00,0.0
5286,2013-05-21 00:30:00+00:00,0.0
5286,2013-05-21 01:00:00+00:00,0.0
5286,2013-05-21 01:30:00+00:00,0.0
5286,2013-05-21 02:00:00+00:00,0.0
5286,2013-05-21 02:30:00+00:00,0.0
5286,2013-05-21 03:00:00+00:00,0.0
5286,2013-05-21 03:30:00+00:00,0.0
5286,2013-05-21 04:00:00+00:00,0.0
5286,2013-05-21 04:30:00+00:00,0.0
5286,2013-05-21 05:00:00+00:00,0.01
5286,2013-05-21 05:30:00+00:00,3.64
5286,2013-05-21 06:00:00+00:00,13.25
5286,2013-05-21 06:30:00+00:00,23.34
5286,2013-05-21 07:00:00+00:00,67.55
5286,2013-05-21 07:30:00+00:00,45.81
5286,2013-05-21 08:00:00+00:00,51.55
5286,2013-05-21 08:30:00+00:00,68.92
5286,2013-05-21 09:00:00+00:00,70.21
5286,2013-05-21 09:30:00+00:00,97.77
5286,2013-05-21 10:00:00+00:00,137.88
5286,2013-05-21 10:30:00+00:00,111.9
5286,2013-05-21 11:00:00+00:00,141.3
5286,2013-05-21 11:30:00+00:00,186.99
5286,2013-05-21 12:00:00+00:00,175.53
5286,2013-05-21 12:30:00+00:00,218.58
5286,2013-05-21 13:00:00+00:00,249.31
5286,2013-05-21 13:30:00+00:00,453.43
5286,2013-05-21 14:00:00+00:00,409.46
5286,2013-05-21 14:30:00+00:00,316.04
5286,2013-05-21 15:00:00+00:00,204.31
5286,2013-05-21 15:30:00+00:00,92.98
5286,2013-05-21 16:00:00+00:00,154.2
5286,2013-05-21 16:30:00+00:00,174.46
5286,2013-05-21 17:00:00+00:00,207.35
5286,2013-05-21 17:30:00+00:00,117.12
5286,2013-05-21 18:00:00+00:00,85.47
5286,2013-05-21 18:30:00+00:00,37.55
5286,2013-05-21 19:00:00+00:00,25.61
5286,2013-05-21 19:30:00+00:00,4.85
5286,2013-05-21 20:00:00+00:00,0.02
5286,2013-05-21 20:30:00+00:00,0.01
5286,2013-05-21 21:00:00+00:00,0.0
5286,2013-05-21 21:30:00+00:00,0.0
5286,2013-05-21 22:00:00+00:00,0.0
5286,2013-05-21 22:30:00+00:00,0.0
5286,2013-05-21 23:00:00+00:00,0.0
5286,2013-05-21 23:30:00+00:00,0.0
5286,2013-05-22 00:00:00+00:00,0.0
5286,2013-05-22 00:30:00+00:00,0.0
5286,2013-05-22 01:00:00+00:00,0.0
5286,2013-05-22 01:30:00+00:00,0.0
5286,2013-05-22 02:00:00+00:00,0.0
5286,2013-05-22 02:30:00+00:00,0.0
5286,2013-05-22 03:00:00+00:00,0.0
5286,2013-05-22 03:30:00+00:00,0.0
5286,2013-05-22 04:00:00+00:00,0.0
5286,2013-05-22 04:30:00+00:00,0.0
5286,2013-05-22 05:00:00+00:00,0.02
5286,2013-05-22 05:30:00+00:00,6.72
5286,2013-05-22 06:00:00+00:00,28.88
5286,2013-05-22 06:30:00+00:00,87.87
5286,2013-05-22 07:00:00+00:00,86.79
5286,2013-05-22 07:30:00+00:00,180.62
5286,2013-05-22 08:00:00+00:00,154.08
5286,2013-05-22 08:30:00+00:00,158.69
5286,2013-05-22 09:00:00+00:00,233.86
5286,2013-05-22 09:30:00+00:00,157.79
5286,2013-05-22 10:00:00+00:00,194.68
5286,2013-05-22 10:30:00+00:00,153.34
5286,2013-05-22 11:00:00+00:00,185.16
5286,2013-05-22 11:30:00+00:00,146.82
5286,2013-05-22 12:00:00+00:00,126.65
5286,2013-05-22 12:30:00+00:00,106.4
5286,2013-05-22 13:00:00+00:00,110.33
5286,2013-05-22 13:30:00+00:00,121.29
5286,2013-05-22 14:00:00+00:00,166.59
5286,2013-05-22 14:30:00+00:00,207.49
5286,2013-05-22 15:00:00+00:00,226.78
5286,2013-05-22 15:30:00+00:00,216.12
5286,2013-05-22 16:00:00+00:00,165.88
5286,2013-05-22 16:30:00+00:00,198.88
5286,2013-05-22 17:00:00+00:00,146.88
5286,2013-05-22 17:30:00+00:00,81.68
5286,2013-05-22 18:00:00+00:00,51.29
5286,2013-05-22 18:30:00+00:00,37.2
5286,2013-05-22 19:00:00+00:00,28.48
5286,2013-05-22 19:30:00+00:00,10.93
5286,2013-05-22 20:00:00+00:00,0.01
5286,2013-05-22 20:30:00+00:00,0.01
5286,2013-05-22 21:00:00+00:00,0.0
5286,2013-05-22 21:30:00+00:00,0.0
5286,2013-05-22 22:00:00+00:00,0.0
5286,2013-05-22 22:30:00+00:00,0.0
5286,2013-05-22 23:00:00+00:00,0.0
5286,2013-05-22 23:30:00+00:00,0.0
5286,2013-05-23 00:00:00+00:00,0.0
5286,2013-05-23 00:30:00+00:00,0.0
5286,2013-05-23 01:00:00+00:00,0.0
5286,2013-05-23 01:30:00+00:00,0.0
5286,2013-05-23 02:00:00+00:00,0.0
5286,2013-05-23 02:30:00+00:00,0.0
5286,2013-05-23 03:00:00+00:00,0.0
5286,2013-05-23 03:30:00+00:00,0.0
5286,2013-05-23 04:00:00+00:00,0.0
5286,2013-05-23 04:30:00+00:00,0.01
5286,2013-05-23 05:00:00+00:00,0.33
5286,2013-05-23 05:30:00+00:00,14.89
5286,2013-05-23 06:00:00+00:00,101.32
5286,2013-05-23 06:30:00+00:00,178.73
5286,2013-05-23 07:00:00+00:00,154.82
5286,2013-05-23 07:30:00+00:00,263.7
5286,2013-05-23 08:00:00+00:00,389.31
5286,2013-05-23 08:30:00+00:00,416.08
5286,2013-05-23 09:00:00+00:00,377.12
5286,2013-05-23 09:30:00+00:00,348.47
5286,2013-05-23 10:00:00+00:00,350.13
5286,2013-05-23 10:30:00+00:00,480.67
5286,2013-05-23 11:00:00+00:00,533.6
5286,2013-05-23 11:30:00+00:00,564.3
5286,2013-05-23 12:00:00+00:00,638.75
5286,2013-05-23 12:30:00+00:00,788.65
5286,2013-05-23 13:00:00+00:00,408.95
5286,2013-05-23 13:30:00+00:00,838.3
5286,2013-05-23 14:00:00+00:00,675.45
5286,2013-05-23 14:30:00+00:00,401.54
5286,2013-05-23 15:00:00+00:00,77.79
5286,2013-05-23 15:30:00+00:00,544.7
5286,2013-05-23 16:00:00+00:00,298.0
5286,2013-05-23 16:30:00+00:00,131.36
5286,2013-05-23 17:00:00+00:00,122.73
5286,2013-05-23 17:30:00+00:00,125.54
5286,2013-05-23 18:00:00+00:00,85.28
5286,2013-05-23 18:30:00+00:00,49.69
5286,2013-05-23 19:00:00+00:00,42.12
5286,2013-05-23 19:30:00+00:00,11.45
5286,2013-05-23 20:00:00+00:00,0.02
5286,2013-05-23 20:30:00+00:00,0.0
5286,2013-05-23 21:00:00+00:00,0.0
5286,2013-05-23 21:30:00+00:00,0.0
5286,2013-05-23 22:00:00+00:00,0.0
5286,2013-05-23 22:30:00+00:00,0.0
5286,2013-05-23 23:00:00+00:00,0.0
5286,2013-05-23 23:30:00+00:00,0.0
5286,2013-05-24 00:00:00+00:00,0.0
5286,2013-05-24 00:30:00+00:00,0.0
5286,2013-05-24 01:00:00+00:00,0.0
5286,2013-05-24 01:30:00+00:00,0.0
5286,2013-05-24 02:00:00+00:00,0.0
5286,2013-05-24 02:30:00+00:00,0.0
5286,2013-05-24 03:00:00+00:00,0.0
5286,2013-05-24 03:30:00+00:00,0.0
5286,2013-05-24 04:00:00+00:00,0.0
5286,2013-05-24 04:30:00+00:00,0.0
5286,2013-05-24 05:00:00+00:00,0.63
5286,2013-05-24 05:30:00+00:00,12.73
5286,2013-05-24 06:00:00+00:00,32.04
5286,2013-05-24 06:30:00+00:00,69.73
5286,2013-05-24 07:00:00+00:00,71.73
5286,2013-05-24 07:30:00+00:00,167.02
5286,2013-05-24 08:00:00+00:00,205.99
5286,2013-05-24 08:30:00+00:00,219.98
5286,2013-05-24 09:00:00+00:00,217.17
5286,2013-05-24 09:30:00+00:00,146.04
5286,2013-05-24 10:00:00+00:00,210.18
5286,2013-05-24 10:30:00+00:00,152.68
5286,2013-05-24 11:00:00+00:00,123.41
5286,2013-05-24 11:30:00+00:00,117.97
5286,2013-05-24 12:00:00+00:00,236.03
5286,2013-05-24 12:30:00+00:00,215.76
5286,2013-05-24 13:00:00+00:00,233.84
5286,2013-05-24 13:30:00+00:00,148.27
5286,2013-05-24 14:00:00+00:00,163.93
5286,2013-05-24 14:30:00+00:00,292.83
5286,2013-05-24 15:00:00+00:00,375.65
5286,2013-05-24 15:30:00+00:00,285.0
5286,2013-05-24 16:00:00+00:00,120.95
5286,2013-05-24 16:30:00+00:00,185.61
5286,2013-05-24 17:00:00+00:00,182.51
5286,2013-05-24 17:30:00+00:00,98.89
5286,2013-05-24 18:00:00+00:00,83.85
5286,2013-05-24 18:30:00+00:00,25.9
5286,2013-05-24 19:00:00+00:00,42.5
5286,2013-05-24 19:30:00+00:00,12.07
5286,2013-05-24 20:00:00+00:00,1.19
5286,2013-05-24 20:30:00+00:00,0.01
5286,2013-05-24 21:00:00+00:00,0.0
5286,2013-05-24 21:30:00+00:00,0.0
5286,2013-05-24 22:00:00+00:00,0.0
5286,2013-05-24 22:30:00+00:00,0.0
5286,2013-05-24 23:00:00+00:00,0.0
5286,2013-05-24 23:30:00+00:00,0.0
5286,2013-05-25 00:00:00+00:00,0.0
5286,2013-05-25 00:30:00+00:00,0.0
5286,2013-05-25 01:00:00+00:00,0.0
5286,2013-05-25 01:30:00+00:00,0.0
5286,2013-05-25 02:00:00+00:00,0.0
5286,2013-05-25 02:30:00+00:00,0.0
5286,2013-05-25 03:00:00+00:00,0.0
5286,2013-05-25 03:30:00+00:00,0.0
5286,2013-05-25 04:00:00+00:00,0.0
5286,2013-05-25 04:30:00+00:00,3.72
5286,2013-05-25 05:00:00+00:00,30.3
5286,2013-05-25 05:30:00+00:00,54.71
5286,2013-05-25 06:00:00+00:00,166.25
5286,2013-05-25 06:30:00+00:00,307.15
5286,2013-05-25 07:00:00+00:00,456.21
5286,2013-05-25 07:30:00+00:00,585.6
5286,2013-05-25 08:00:00+00:00,641.9
5286,2013-05-25 08:30:00+00:00,651.1
5286,2013-05-25 09:00:00+00:00,664.75
5286,2013-05-25 09:30:00+00:00,792.1
5286,2013-05-25 10:00:00+00:00,621.65
5286,2013-05-25 10:30:00+00:00,556.15
5286,2013-05-25 11:00:00+00:00,668.4
5286,2013-05-25 11:30:00+00:00,798.55
5286,2013-05-25 12:00:00+00:00,544.95
5286,2013-05-25 12:30:00+00:00,903.6
5286,2013-05-25 13:00:00+00:00,962.85
5286,2013-05-25 13:30:00+00:00,881.8
5286,2013-05-25 14:00:00+00:00,850.55
5286,2013-05-25 14:30:00+00:00,760.3
5286,2013-05-25 15:00:00+00:00,664.15
5286,2013-05-25 15:30:00+00:00,497.11
5286,2013-05-25 16:00:00+00:00,334.92
5286,2013-05-25 16:30:00+00:00,201.82
5286,2013-05-25 17:00:00+00:00,126.86
5286,2013-05-25 17:30:00+00:00,55.79
5286,2013-05-25 18:00:00+00:00,37.12
5286,2013-05-25 18:30:00+00:00,36.94
5286,2013-05-25 19:00:00+00:00,32.91
5286,2013-05-25 19:30:00+00:00,17.96
5286,2013-05-25 20:00:00+00:00,1.22
5286,2013-05-25 20:30:00+00:00,0.01
5286,2013-05-25 21:00:00+00:00,0.0
5286,2013-05-25 21:30:00+00:00,0.0
5286,2013-05-25 22:00:00+00:00,0.0
5286,2013-05-25 22:30:00+00:00,0.0
5286,2013-05-25 23:00:00+00:00,0.0
5286,2013-05-25 23:30:00+00:00,0.0
5286,2013-05-26 00:00:00+00:00,0.0
5286,2013-05-26 00:30:00+00:00,0.0
5286,2013-05-26 01:00:00+00:00,0.0
5286,2013-05-26 01:30:00+00:00,0.0
5286,2013-05-26 02:00:00+00:00,0.0
5286,2013-05-26 02:30:00+00:00,0.0
5286,2013-05-26 03:00:00+00:00,0.0
5286,2013-05-26 03:30:00+00:00,0.0
5286,2013-05-26 04:00:00+00:00,0.0
5286,2013-05-26 04:30:00+00:00,0.61
5286,2013-05-26 05:00:00+00:00,18.83
5286,2013-05-26 05:30:00+00:00,45.65
5286,2013-05-26 06:00:00+00:00,128.21
5286,2013-05-26 06:30:00+00:00,282.64
5286,2013-05-26 07:00:00+00:00,412.57
5286,2013-05-26 07:30:00+00:00,507.8
5286,2013-05-26 08:00:00+00:00,642.1
5286,2013-05-26 08:30:00+00:00,683.25
5286,2013-05-26 09:00:00+00:00,806.6
5286,2013-05-26 09:30:00+00:00,825.2
5286,2013-05-26 10:00:00+00:00,941.75
5286,2013-05-26 10:30:00+00:00,1010.8
5286,2013-05-26 11:00:00+00:00,1027.8
5286,2013-05-26 11:30:00+00:00,993.6
5286,2013-05-26 12:00:00+00:00,1000.95
5286,2013-05-26 12:30:00+00:00,950.15
5286,2013-05-26 13:00:00+00:00,927.75
5286,2013-05-26 13:30:00+00:00,875.0
5286,2013-05-26 14:00:00+00:00,758.15
5286,2013-05-26 14:30:00+00:00,744.5
5286,2013-05-26 15:00:00+00:00,621.5
5286,2013-05-26 15:30:00+00:00,498.93
5286,2013-05-26 16:00:00+00:00,345.86
5286,2013-05-26 16:30:00+00:00,194.63
5286,2013-05-26 17:00:00+00:00,135.17
5286,2013-05-26 17:30:00+00:00,68.4
5286,2013-05-26 18:00:00+00:00,45.8
5286,2013-05-26 18:30:00+00:00,37.26
5286,2013-05-26 19:00:00+00:00,24.8
5286,2013-05-26 19:30:00+00:00,10.37
5286,2013-05-26 20:00:00+00:00,0.21
5286,2013-05-26 20:30:00+00:00,0.01
5286,2013-05-26 21:00:00+00:00,0.0
5286,2013-05-26 21:30:00+00:00,0.0
5286,2013-05-26 22:00:00+00:00,0.0
5286,2013-05-26 22:30:00+00:00,0.0
5286,2013-05-26 23:00:00+00:00,0.0
5286,2013-05-26 23:30:00+00:00,0.0
5286,2013-05-27 00:00:00+00:00,0.0
5286,2013-05-27 00:30:00+00:00,0.0
5286,2013-05-27 01:00:00+00:00,0.0
5286,2013-05-27 01:30:00+00:00,0.0
5286,2013-05-27 02:00:00+00:00,0.0
5286,2013-05-27 02:30:00+00:00,0.0
5286,2013-05-27 03:00:00+00:00,0.0
5286,2013-05-27 03:30:00+00:00,0.0
5286,2013-05-27 04:00:00+00:00,0.0
5286,2013-05-27 04:30:00+00:00,2.22
5286,2013-05-27 05:00:00+00:00,16.64
5286,2013-05-27 05:30:00+00:00,41.61
5286,2013-05-27 06:00:00+00:00,181.05
5286,2013-05-27 06:30:00+00:00,330.99
5286,2013-05-27 07:00:00+00:00,465.47
5286,2013-05-27 07:30:00+00:00,592.2
5286,2013-05-27 08:00:00+00:00,702.1
5286,2013-05-27 08:30:00+00:00,807.7
5286,2013-05-27 09:00:00+00:00,870.8
5286,2013-05-27 09:30:00+00:00,931.85
5286,2013-05-27 10:00:00+00:00,985.75
5286,2013-05-27 10:30:00+00:00,999.7
5286,2013-05-27 11:00:00+00:00,716.7
5286,2013-05-27 11:30:00+00:00,920.55
5286,2013-05-27 12:00:00+00:00,831.5
5286,2013-05-27 12:30:00+00:00,790.7
5286,2013-05-27 13:00:00+00:00,879.05
5286,2013-05-27 13:30:00+00:00,928.45
5286,2013-05-27 14:00:00+00:00,768.5
5286,2013-05-27 14:30:00+00:00,758.45
5286,2013-05-27 15:00:00+00:00,662.0
5286,2013-05-27 15:30:00+00:00,515.9
5286,2013-05-27 16:00:00+00:00,354.33
5286,2013-05-27 16:30:00+00:00,268.61
5286,2013-05-27 17:00:00+00:00,134.18
5286,2013-05-27 17:30:00+00:00,86.84
5286,2013-05-27 18:00:00+00:00,55.37
5286,2013-05-27 18:30:00+00:00,25.99
5286,2013-05-27 19:00:00+00:00,14.96
5286,2013-05-27 19:30:00+00:00,3.24
5286,2013-05-27 20:00:00+00:00,0.01
5286,2013-05-27 20:30:00+00:00,0.01
5286,2013-05-27 21:00:00+00:00,0.0
5286,2013-05-27 21:30:00+00:00,0.0
5286,2013-05-27 22:00:00+00:00,0.0
5286,2013-05-27 22:30:00+00:00,0.0
5286,2013-05-27 23:00:00+00:00,0.0
5286,2013-05-27 23:30:00+00:00,0.0
5286,2013-05-28 00:00:00+00:00,0.0
5286,2013-05-28 00:30:00+00:00,0.0
5286,2013-05-28 01:00:00+00:00,0.0
5286,2013-05-28 01:30:00+00:00,0.0
5286,2013-05-28 02:00:00+00:00,0.0
5286,2013-05-28 02:30:00+00:00,0.0
5286,2013-05-28 03:00:00+00:00,0.0
5286,2013-05-28 03:30:00+00:00,0.0
5286,2013-05-28 04:00:00+00:00,0.0
5286,2013-05-28 04:30:00+00:00,0.0
5286,2013-05-28 05:00:00+00:00,4.5
5286,2013-05-28 05:30:00+00:00,20.36
5286,2013-05-28 06:00:00+00:00,15.55
5286,2013-05-28 06:30:00+00:00,48.76
5286,2013-05-28 07:00:00+00:00,52.12
5286,2013-05-28 07:30:00+00:00,38.45
5286,2013-05-28 08:00:00+00:00,103.6
5286,2013-05-28 08:30:00+00:00,189.39
5286,2013-05-28 09:00:00+00:00,235.83
5286,2013-05-28 09:30:00+00:00,275.13
5286,2013-05-28 10:00:00+00:00,332.27
5286,2013-05-28 10:30:00+00:00,188.12
5286,2013-05-28 11:00:00+00:00,154.38
5286,2013-05-28 11:30:00+00:00,205.8
5286,2013-05-28 12:00:00+00:00,127.38
5286,2013-05-28 12:30:00+00:00,103.12
5286,2013-05-28 13:00:00+00:00,53.94
5286,2013-05-28 13:30:00+00:00,29.2
5286,2013-05-28 14:00:00+00:00,58.6
5286,2013-05-28 14:30:00+00:00,105.12
5286,2013-05-28 15:00:00+00:00,153.63
5286,2013-05-28 15:30:00+00:00,191.28
5286,2013-05-28 16:00:00+00:00,273.98
5286,2013-05-28 16:30:00+00:00,233.66
5286,2013-05-28 17:00:00+00:00,151.46
5286,2013-05-28 17:30:00+00:00,52.76
5286,2013-05-28 18:00:00+00:00,84.09
5286,2013-05-28 18:30:00+00:00,53.11
5286,2013-05-28 19:00:00+00:00,32.15
5286,2013-05-28 19:30:00+00:00,26.76
5286,2013-05-28 20:00:00+00:00,1.13
5286,2013-05-28 20:30:00+00:00,0.0
5286,2013-05-28 21:00:00+00:00,0.01
5286,2013-05-28 21:30:00+00:00,0.0
5286,2013-05-28 22:00:00+00:00,0.0
5286,2013-05-28 22:30:00+00:00,0.0
5286,2013-05-28 23:00:00+00:00,0.0
5286,2013-05-28 23:30:00+00:00,0.0
5286,2013-05-29 00:00:00+00:00,0.0
5286,2013-05-29 00:30:00+00:00,0.0
5286,2013-05-29 01:00:00+00:00,0.0
5286,2013-05-29 01:30:00+00:00,0.0
5286,2013-05-29 02:00:00+00:00,0.0
5286,2013-05-29 02:30:00+00:00,0.0
5286,2013-05-29 03:00:00+00:00,0.0
5286,2013-05-29 03:30:00+00:00,0.0
5286,2013-05-29 04:00:00+00:00,0.0
5286,2013-05-29 04:30:00+00:00,14.35
5286,2013-05-29 05:00:00+00:00,33.66
5286,2013-05-29 05:30:00+00:00,29.26
5286,2013-05-29 06:00:00+00:00,47.1
5286,2013-05-29 06:30:00+00:00,122.72
5286,2013-05-29 07:00:00+00:00,68.96
5286,2013-05-29 07:30:00+00:00,140.01
5286,2013-05-29 08:00:00+00:00,99.35
5286,2013-05-29 08:30:00+00:00,146.68
5286,2013-05-29 09:00:00+00:00,227.13
5286,2013-05-29 09:30:00+00:00,145.11
5286,2013-05-29 10:00:00+00:00,114.8
5286,2013-05-29 10:30:00+00:00,67.51
5286,2013-05-29 11:00:00+00:00,70.92
5286,2013-05-29 11:30:00+00:00,34.2
5286,2013-05-29 12:00:00+00:00,69.33
5286,2013-05-29 12:30:00+00:00,55.29
5286,2013-05-29 13:00:00+00:00,101.79
5286,2013-05-29 13:30:00+00:00,172.02
5286,2013-05-29 14:00:00+00:00,95.34
5286,2013-05-29 14:30:00+00:00,102.97
5286,2013-05-29 15:00:00+00:00,59.19
5286,2013-05-29 15:30:00+00:00,54.79
5286,2013-05-29 16:00:00+00:00,36.88
5286,2013-05-29 16:30:00+00:00,62.32
5286,2013-05-29 17:00:00+00:00,32.78
5286,2013-05-29 17:30:00+00:00,71.09
5286,2013-05-29 18:00:00+00:00,70.28
5286,2013-05-29 18:30:00+00:00,25.94
5286,2013-05-29 19:00:00+00:00,17.21
5286,2013-05-29 19:30:00+00:00,8.24
5286,2013-05-29 20:00:00+00:00,0.01
5286,2013-05-29 20:30:00+00:00,0.01
5286,2013-05-29 21:00:00+00:00,0.0
5286,2013-05-29 21:30:00+00:00,0.0
5286,2013-05-29 22:00:00+00:00,0.0
5286,2013-05-29 22:30:00+00:00,0.0
5286,2013-05-29 23:00:00+00:00,0.0
5286,2013-05-29 23:30:00+00:00,0.0
5286,2013-05-30 00:00:00+00:00,0.0
5286,2013-05-30 00:30:00+00:00,0.0
5286,2013-05-30 01:00:00+00:00,0.0
5286,2013-05-30 01:30:00+00:00,0.0
5286,2013-05-30 02:00:00+00:00,0.0
5286,2013-05-30 02:30:00+00:00,0.0
5286,2013-05-30 03:00:00+00:00,0.0
5286,2013-05-30 03:30:00+00:00,0.0
5286,2013-05-30 04:00:00+00:00,0.0
5286,2013-05-30 04:30:00+00:00,0.0
5286,2013-05-30 05:00:00+00:00,0.13
5286,2013-05-30 05:30:00+00:00,11.93
5286,2013-05-30 06:00:00+00:00,70.13
5286,2013-05-30 06:30:00+00:00,37.7
5286,2013-05-30 07:00:00+00:00,44.87
5286,2013-05-30 07:30:00+00:00,206.96
5286,2013-05-30 08:00:00+00:00,121.71
5286,2013-05-30 08:30:00+00:00,92.71
5286,2013-05-30 09:00:00+00:00,68.09
5286,2013-05-30 09:30:00+00:00,111.05
5286,2013-05-30 10:00:00+00:00,164.5
5286,2013-05-30 10:30:00+00:00,225.4
5286,2013-05-30 11:00:00+00:00,171.93
5286,2013-05-30 11:30:00+00:00,187.37
5286,2013-05-30 12:00:00+00:00,159.97
5286,2013-05-30 12:30:00+00:00,188.18
5286,2013-05-30 13:00:00+00:00,108.5
5286,2013-05-30 13:30:00+00:00,132.4
5286,2013-05-30 14:00:00+00:00,148.4
5286,2013-05-30 14:30:00+00:00,139.23
5286,2013-05-30 15:00:00+00:00,68.5
5286,2013-05-30 15:30:00+00:00,80.4
5286,2013-05-30 16:00:00+00:00,75.47
5286,2013-05-30 16:30:00+00:00,103.1
5286,2013-05-30 17:00:00+00:00,60.17
5286,2013-05-30 17:30:00+00:00,72.26
5286,2013-05-30 18:00:00+00:00,39.6
5286,2013-05-30 18:30:00+00:00,8.42
5286,2013-05-30 19:00:00+00:00,0.02
5286,2013-05-30 19:30:00+00:00,0.02
5286,2013-05-30 20:00:00+00:00,0.01
5286,2013-05-30 20:30:00+00:00,0.01
5286,2013-05-30 21:00:00+00:00,0.0
5286,2013-05-30 21:30:00+00:00,0.0
5286,2013-05-30 22:00:00+00:00,0.0
5286,2013-05-30 22:30:00+00:00,0.0
5286,2013-05-30 23:00:00+00:00,0.0
5286,2013-05-30 23:30:00+00:00,0.0
5286,2013-05-31 00:00:00+00:00,0.0
5286,2013-05-31 00:30:00+00:00,0.0
5286,2013-05-31 01:00:00+00:00,0.0
5286,2013-05-31 01:30:00+00:00,0.0
5286,2013-05-31 02:00:00+00:00,0.0
5286,2013-05-31 02:30:00+00:00,0.0
5286,2013-05-31 03:00:00+00:00,0.0
5286,2013-05-31 03:30:00+00:00,0.0
5286,2013-05-31 04:00:00+00:00,0.0
5286,2013-05-31 04:30:00+00:00,0.01
5286,2013-05-31 05:00:00+00:00,0.87
5286,2013-05-31 05:30:00+00:00,8.4
5286,2013-05-31 06:00:00+00:00,14.0
5286,2013-05-31 06:30:00+00:00,21.8
5286,2013-05-31 07:00:00+00:00,58.61
5286,2013-05-31 07:30:00+00:00,135.2
5286,2013-05-31 08:00:00+00:00,204.78
5286,2013-05-31 08:30:00+00:00,120.42
5286,2013-05-31 09:00:00+00:00,157.41
5286,2013-05-31 09:30:00+00:00,207.59
5286,2013-05-31 10:00:00+00:00,232.33
5286,2013-05-31 10:30:00+00:00,313.46
5286,2013-05-31 11:00:00+00:00,491.13
5286,2013-05-31 11:30:00+00:00,614.95
5286,2013-05-31 12:00:00+00:00,823.85
5286,2013-05-31 12:30:00+00:00,710.85
5286,2013-05-31 13:00:00+00:00,702.2
5286,2013-05-31 13:30:00+00:00,771.85
5286,2013-05-31 14:00:00+00:00,674.25
5286,2013-05-31 14:30:00+00:00,733.25
5286,2013-05-31 15:00:00+00:00,438.16
5286,2013-05-31 15:30:00+00:00,281.08
5286,2013-05-31 16:00:00+00:00,319.7
5286,2013-05-31 16:30:00+00:00,256.98
5286,2013-05-31 17:00:00+00:00,195.84
5286,2013-05-31 17:30:00+00:00,135.19
5286,2013-05-31 18:00:00+00:00,64.16
5286,2013-05-31 18:30:00+00:00,43.09
5286,2013-05-31 19:00:00+00:00,25.56
5286,2013-05-31 19:30:00+00:00,6.28
5286,2013-05-31 20:00:00+00:00,0.03
5286,2013-05-31 20:30:00+00:00,0.01
5286,2013-05-31 21:00:00+00:00,0.0
5286,2013-05-31 21:30:00+00:00,0.0
5286,2013-05-31 22:00:00+00:00,0.0
5286,2013-05-31 22:30:00+00:00,0.0
5286,2013-05-31 23:00:00+00:00,0.0
5286,2013-05-31 23:30:00+00:00,0.0
5286,2013-06-01 00:30:00+00:00,0.0
5286,2013-06-01 01:00:00+00:00,0.0
5286,2013-06-01 01:30:00+00:00,0.0
5286,2013-06-01 02:00:00+00:00,0.0
5286,2013-06-01 02:30:00+00:00,0.0
5286,2013-06-01 03:00:00+00:00,0.0
5286,2013-06-01 03:30:00+00:00,0.0
5286,2013-06-01 04:00:00+00:00,0.0
5286,2013-06-01 04:30:00+00:00,4.16
5286,2013-06-01 05:00:00+00:00,17.56
5286,2013-06-01 05:30:00+00:00,38.86
5286,2013-06-01 06:00:00+00:00,68.46
5286,2013-06-01 06:30:00+00:00,121.07
5286,2013-06-01 07:00:00+00:00,235.58
5286,2013-06-01 07:30:00+00:00,446.32
5286,2013-06-01 08:00:00+00:00,328.68
5286,2013-06-01 08:30:00+00:00,782.1
5286,2013-06-01 09:00:00+00:00,249.99
5286,2013-06-01 09:30:00+00:00,284.96
5286,2013-06-01 10:00:00+00:00,290.23
5286,2013-06-01 10:30:00+00:00,398.38
5286,2013-06-01 11:00:00+00:00,500.0
5286,2013-06-01 11:30:00+00:00,389.08
5286,2013-06-01 12:00:00+00:00,343.96
5286,2013-06-01 12:30:00+00:00,237.34
5286,2013-06-01 13:00:00+00:00,311.92
5286,2013-06-01 13:30:00+00:00,304.3
5286,2013-06-01 14:00:00+00:00,252.18
5286,2013-06-01 14:30:00+00:00,294.57
5286,2013-06-01 15:00:00+00:00,328.84
5286,2013-06-01 15:30:00+00:00,304.34
5286,2013-06-01 16:00:00+00:00,148.8
5286,2013-06-01 16:30:00+00:00,61.27
5286,2013-06-01 17:00:00+00:00,137.81
5286,2013-06-01 17:30:00+00:00,133.09
5286,2013-06-01 18:00:00+00:00,101.7
5286,2013-06-01 18:30:00+00:00,75.73
5286,2013-06-01 19:00:00+00:00,35.96
5286,2013-06-01 19:30:00+00:00,8.91
5286,2013-06-01 20:00:00+00:00,0.01
5286,2013-06-01 20:30:00+00:00,0.01
5286,2013-06-01 21:00:00+00:00,0.0
5286,2013-06-01 21:30:00+00:00,0.0
5286,2013-06-01 22:00:00+00:00,0.0
5286,2013-06-01 22:30:00+00:00,0.0
5286,2013-06-01 23:00:00+00:00,0.0
5286,2013-06-01 23:30:00+00:00,0.0
5286,2013-06-02 00:00:00+00:00,0.0
5286,2013-06-02 00:30:00+00:00,0.0
5286,2013-06-02 01:00:00+00:00,0.0
5286,2013-06-02 01:30:00+00:00,0.0
5286,2013-06-02 02:00:00+00:00,0.0
5286,2013-06-02 02:30:00+00:00,0.0
5286,2013-06-02 03:00:00+00:00,0.0
5286,2013-06-02 03:30:00+00:00,0.0
5286,2013-06-02 04:00:00+00:00,0.0
5286,2013-06-02 04:30:00+00:00,2.92
5286,2013-06-02 05:00:00+00:00,16.44
5286,2013-06-02 05:30:00+00:00,54.06
5286,2013-06-02 06:00:00+00:00,119.64
5286,2013-06-02 06:30:00+00:00,164.74
5286,2013-06-02 07:00:00+00:00,260.62
5286,2013-06-02 07:30:00+00:00,570.65
5286,2013-06-02 08:00:00+00:00,668.95
5286,2013-06-02 08:30:00+00:00,760.25
5286,2013-06-02 09:00:00+00:00,839.25
5286,2013-06-02 09:30:00+00:00,891.1
5286,2013-06-02 10:00:00+00:00,947.7
5286,2013-06-02 10:30:00+00:00,959.65
5286,2013-06-02 11:00:00+00:00,765.9
5286,2013-06-02 11:30:00+00:00,557.4
5286,2013-06-02 12:00:00+00:00,465.53
5286,2013-06-02 12:30:00+00:00,790.05
5286,2013-06-02 13:00:00+00:00,650.25
5286,2013-06-02 13:30:00+00:00,658.1
5286,2013-06-02 14:00:00+00:00,616.5
5286,2013-06-02 14:30:00+00:00,542.75
5286,2013-06-02 15:00:00+00:00,491.26
5286,2013-06-02 15:30:00+00:00,351.92
5286,2013-06-02 16:00:00+00:00,366.51
5286,2013-06-02 16:30:00+00:00,218.67
5286,2013-06-02 17:00:00+00:00,158.18
5286,2013-06-02 17:30:00+00:00,103.7
5286,2013-06-02 18:00:00+00:00,96.55
5286,2013-06-02 18:30:00+00:00,56.62
5286,2013-06-02 19:00:00+00:00,30.09
5286,2013-06-02 19:30:00+00:00,14.96
5286,2013-06-02 20:00:00+00:00,1.22
5286,2013-06-02 20:30:00+00:00,0.01
5286,2013-06-02 21:00:00+00:00,0.0
5286,2013-06-02 21:30:00+00:00,0.0
5286,2013-06-02 22:00:00+00:00,0.0
5286,2013-06-02 22:30:00+00:00,0.0
5286,2013-06-02 23:00:00+00:00,0.0
5286,2013-06-02 23:30:00+00:00,0.0
5286,2013-06-03 00:00:00+00:00,0.0
5286,2013-06-03 00:30:00+00:00,0.0
5286,2013-06-03 01:00:00+00:00,0.0
5286,2013-06-03 01:30:00+00:00,0.0
5286,2013-06-03 02:00:00+00:00,0.0
5286,2013-06-03 02:30:00+00:00,0.0
5286,2013-06-03 03:00:00+00:00,0.0
5286,2013-06-03 03:30:00+00:00,0.0
5286,2013-06-03 04:00:00+00:00,0.0
5286,2013-06-03 04:30:00+00:00,3.64
5286,2013-06-03 05:00:00+00:00,24.09
5286,2013-06-03 05:30:00+00:00,80.77
5286,2013-06-03 06:00:00+00:00,178.93
5286,2013-06-03 06:30:00+00:00,314.78
5286,2013-06-03 07:00:00+00:00,382.24
5286,2013-06-03 07:30:00+00:00,386.63
5286,2013-06-03 08:00:00+00:00,685.0
5286,2013-06-03 08:30:00+00:00,753.6
5286,2013-06-03 09:00:00+00:00,733.05
5286,2013-06-03 09:30:00+00:00,898.3
5286,2013-06-03 10:00:00+00:00,677.95
5286,2013-06-03 10:30:00+00:00,878.45
5286,2013-06-03 11:00:00+00:00,628.2
5286,2013-06-03 11:30:00+00:00,710.1
5286,2013-06-03 12:00:00+00:00,482.61
5286,2013-06-03 12:30:00+00:00,655.55
5286,2013-06-03 13:00:00+00:00,658.2
5286,2013-06-03 13:30:00+00:00,904.75
5286,2013-06-03 14:00:00+00:00,843.85
5286,2013-06-03 14:30:00+00:00,765.2
5286,2013-06-03 15:00:00+00:00,658.25
5286,2013-06-03 15:30:00+00:00,521.05
5286,2013-06-03 16:00:00+00:00,379.16
5286,2013-06-03 16:30:00+00:00,246.05
5286,2013-06-03 17:00:00+00:00,184.2
5286,2013-06-03 17:30:00+00:00,128.54
5286,2013-06-03 18:00:00+00:00,96.04
5286,2013-06-03 18:30:00+00:00,89.07
5286,2013-06-03 19:00:00+00:00,44.81
5286,2013-06-03 19:30:00+00:00,18.22
5286,2013-06-03 20:00:00+00:00,1.65
5286,2013-06-03 20:30:00+00:00,0.0
5286,2013-06-03 21:00:00+00:00,0.01
5286,2013-06-03 21:30:00+00:00,0.0
5286,2013-06-03 22:00:00+00:00,0.0
5286,2013-06-03 22:30:00+00:00,0.0
5286,2013-06-03 23:00:00+00:00,0.0
5286,2013-06-03 23:30:00+00:00,0.0
5286,2013-06-04 00:00:00+00:00,0.0
5286,2013-06-04 00:30:00+00:00,0.0
5286,2013-06-04 01:00:00+00:00,0.0
5286,2013-06-04 01:30:00+00:00,0.0
5286,2013-06-04 02:00:00+00:00,0.0
5286,2013-06-04 02:30:00+00:00,0.0
5286,2013-06-04 03:00:00+00:00,0.0
5286,2013-06-04 03:30:00+00:00,0.0
5286,2013-06-04 04:00:00+00:00,0.0
5286,2013-06-04 04:30:00+00:00,8.82
5286,2013-06-04 05:00:00+00:00,32.43
5286,2013-06-04 05:30:00+00:00,49.4
5286,2013-06-04 06:00:00+00:00,175.04
5286,2013-06-04 06:30:00+00:00,329.63
5286,2013-06-04 07:00:00+00:00,460.55
5286,2013-06-04 07:30:00+00:00,580.1
5286,2013-06-04 08:00:00+00:00,685.85
5286,2013-06-04 08:30:00+00:00,775.65
5286,2013-06-04 09:00:00+00:00,841.1
5286,2013-06-04 09:30:00+00:00,903.6
5286,2013-06-04 10:00:00+00:00,915.75
5286,2013-06-04 10:30:00+00:00,934.75
5286,2013-06-04 11:00:00+00:00,998.5
5286,2013-06-04 11:30:00+00:00,988.5
5286,2013-06-04 12:00:00+00:00,986.75
5286,2013-06-04 12:30:00+00:00,971.7
5286,2013-06-04 13:00:00+00:00,938.8
5286,2013-06-04 13:30:00+00:00,885.35
5286,2013-06-04 14:00:00+00:00,823.9
5286,2013-06-04 14:30:00+00:00,739.6
5286,2013-06-04 15:00:00+00:00,625.15
5286,2013-06-04 15:30:00+00:00,511.1
5286,2013-06-04 16:00:00+00:00,343.39
5286,2013-06-04 16:30:00+00:00,197.68
5286,2013-06-04 17:00:00+00:00,120.38
5286,2013-06-04 17:30:00+00:00,68.42
5286,2013-06-04 18:00:00+00:00,44.2
5286,2013-06-04 18:30:00+00:00,41.63
5286,2013-06-04 19:00:00+00:00,29.49
5286,2013-06-04 19:30:00+00:00,17.76
5286,2013-06-04 20:00:00+00:00,2.21
5286,2013-06-04 20:30:00+00:00,0.01
5286,2013-06-04 21:00:00+00:00,0.01
5286,2013-06-04 21:30:00+00:00,0.0
5286,2013-06-04 22:00:00+00:00,0.0
5286,2013-06-04 22:30:00+00:00,0.0
5286,2013-06-04 23:00:00+00:00,0.0
5286,2013-06-04 23:30:00+00:00,0.0
5286,2013-06-05 00:00:00+00:00,0.0
5286,2013-06-05 00:30:00+00:00,0.0
5286,2013-06-05 01:00:00+00:00,0.0
5286,2013-06-05 01:30:00+00:00,0.0
5286,2013-06-05 02:00:00+00:00,0.0
5286,2013-06-05 02:30:00+00:00,0.0
5286,2013-06-05 03:00:00+00:00,0.0
5286,2013-06-05 03:30:00+00:00,0.0
5286,2013-06-05 04:00:00+00:00,0.0
5286,2013-06-05 04:30:00+00:00,1.06
5286,2013-06-05 05:00:00+00:00,16.17
5286,2013-06-05 05:30:00+00:00,32.19
5286,2013-06-05 06:00:00+00:00,72.95
5286,2013-06-05 06:30:00+00:00,112.28
5286,2013-06-05 07:00:00+00:00,142.39
5286,2013-06-05 07:30:00+00:00,186.59
5286,2013-06-05 08:00:00+00:00,369.95
5286,2013-06-05 08:30:00+00:00,493.81
5286,2013-06-05 09:00:00+00:00,749.0
5286,2013-06-05 09:30:00+00:00,901.0
5286,2013-06-05 10:00:00+00:00,922.35
5286,2013-06-05 10:30:00+00:00,924.2
5286,2013-06-05 11:00:00+00:00,967.8
5286,2013-06-05 11:30:00+00:00,969.2
5286,2013-06-05 12:00:00+00:00,970.45
5286,2013-06-05 12:30:00+00:00,940.1
5286,2013-06-05 13:00:00+00:00,889.85
5286,2013-06-05 13:30:00+00:00,852.1
5286,2013-06-05 14:00:00+00:00,728.0
5286,2013-06-05 14:30:00+00:00,701.05
5286,2013-06-05 15:00:00+00:00,650.5
5286,2013-06-05 15:30:00+00:00,500.85
5286,2013-06-05 16:00:00+00:00,349.2
5286,2013-06-05 16:30:00+00:00,199.79
5286,2013-06-05 17:00:00+00:00,127.4
5286,2013-06-05 17:30:00+00:00,63.89
5286,2013-06-05 18:00:00+00:00,40.16
5286,2013-06-05 18:30:00+00:00,33.61
5286,2013-06-05 19:00:00+00:00,24.63
5286,2013-06-05 19:30:00+00:00,11.79
5286,2013-06-05 20:00:00+00:00,0.96
5286,2013-06-05 20:30:00+00:00,0.01
5286,2013-06-05 21:00:00+00:00,0.0
5286,2013-06-05 21:30:00+00:00,0.0
5286,2013-06-05 22:00:00+00:00,0.0
5286,2013-06-05 22:30:00+00:00,0.0
5286,2013-06-05 23:00:00+00:00,0.0
5286,2013-06-05 23:30:00+00:00,0.0
5286,2013-06-06 00:00:00+00:00,0.0
5286,2013-06-06 00:30:00+00:00,0.0
5286,2013-06-06 01:00:00+00:00,0.0
5286,2013-06-06 01:30:00+00:00,0.0
5286,2013-06-06 02:00:00+00:00,0.0
5286,2013-06-06 02:30:00+00:00,0.0
5286,2013-06-06 03:00:00+00:00,0.0
5286,2013-06-06 03:30:00+00:00,0.0
5286,2013-06-06 04:00:00+00:00,0.0
5286,2013-06-06 04:30:00+00:00,5.54
5286,2013-06-06 05:00:00+00:00,22.28
5286,2013-06-06 05:30:00+00:00,49.1
5286,2013-06-06 06:00:00+00:00,113.49
5286,2013-06-06 06:30:00+00:00,179.43
5286,2013-06-06 07:00:00+00:00,300.16
5286,2013-06-06 07:30:00+00:00,530.65
5286,2013-06-06 08:00:00+00:00,648.45
5286,2013-06-06 08:30:00+00:00,733.4
5286,2013-06-06 09:00:00+00:00,809.45
5286,2013-06-06 09:30:00+00:00,855.85
5286,2013-06-06 10:00:00+00:00,898.3
5286,2013-06-06 10:30:00+00:00,935.0
5286,2013-06-06 11:00:00+00:00,954.9
5286,2013-06-06 11:30:00+00:00,959.45
5286,2013-06-06 12:00:00+00:00,952.5
5286,2013-06-06 12:30:00+00:00,918.75
5286,2013-06-06 13:00:00+00:00,885.35
5286,2013-06-06 13:30:00+00:00,844.45
5286,2013-06-06 14:00:00+00:00,789.6
5286,2013-06-06 14:30:00+00:00,713.6
5286,2013-06-06 15:00:00+00:00,617.15
5286,2013-06-06 15:30:00+00:00,487.23
5286,2013-06-06 16:00:00+00:00,344.43
5286,2013-06-06 16:30:00+00:00,210.81
5286,2013-06-06 17:00:00+00:00,140.61
5286,2013-06-06 17:30:00+00:00,79.9
5286,2013-06-06 18:00:00+00:00,53.02
5286,2013-06-06 18:30:00+00:00,41.04
5286,2013-06-06 19:00:00+00:00,28.63
5286,2013-06-06 19:30:00+00:00,14.23
5286,2013-06-06 20:00:00+00:00,1.38
5286,2013-06-06 20:30:00+00:00,0.01
5286,2013-06-06 21:00:00+00:00,0.01
5286,2013-06-06 21:30:00+00:00,0.0
5286,2013-06-06 22:00:00+00:00,0.0
5286,2013-06-06 22:30:00+00:00,0.0
5286,2013-06-06 23:00:00+00:00,0.0
5286,2013-06-06 23:30:00+00:00,0.0
5286,2013-06-07 00:00:00+00:00,0.0
5286,2013-06-07 00:30:00+00:00,0.0
5286,2013-06-07 01:00:00+00:00,0.0
5286,2013-06-07 01:30:00+00:00,0.0
5286,2013-06-07 02:00:00+00:00,0.0
5286,2013-06-07 02:30:00+00:00,0.0
5286,2013-06-07 03:00:00+00:00,0.0
5286,2013-06-07 03:30:00+00:00,0.0
5286,2013-06-07 04:00:00+00:00,5.99
5286,2013-06-07 04:30:00+00:00,16.66
5286,2013-06-07 05:00:00+00:00,13.02
5286,2013-06-07 05:30:00+00:00,14.89
5286,2013-06-07 06:00:00+00:00,46.59
5286,2013-06-07 06:30:00+00:00,53.97
5286,2013-06-07 07:00:00+00:00,66.99
5286,2013-06-07 07:30:00+00:00,90.71
5286,2013-06-07 08:00:00+00:00,122.35
5286,2013-06-07 08:30:00+00:00,165.81
5286,2013-06-07 09:00:00+00:00,318.35
5286,2013-06-07 09:30:00+00:00,482.45
5286,2013-06-07 10:00:00+00:00,963.95
5286,2013-06-07 10:30:00+00:00,933.85
5286,2013-06-07 11:00:00+00:00,945.6
5286,2013-06-07 11:30:00+00:00,981.9
5286,2013-06-07 12:00:00+00:00,926.2
5286,2013-06-07 12:30:00+00:00,732.7
5286,2013-06-07 13:00:00+00:00,563.3
5286,2013-06-07 13:30:00+00:00,836.35
5286,2013-06-07 14:00:00+00:00,707.8
5286,2013-06-07 14:30:00+00:00,532.05
5286,2013-06-07 15:00:00+00:00,264.91
5286,2013-06-07 15:30:00+00:00,262.32
5286,2013-06-07 16:00:00+00:00,322.05
5286,2013-06-07 16:30:00+00:00,243.23
5286,2013-06-07 17:00:00+00:00,200.34
5286,2013-06-07 17:30:00+00:00,112.31
5286,2013-06-07 18:00:00+00:00,67.15
5286,2013-06-07 18:30:00+00:00,51.65
5286,2013-06-07 19:00:00+00:00,35.31
5286,2013-06-07 19:30:00+00:00,17.17
5286,2013-06-07 20:00:00+00:00,2.11
5286,2013-06-07 20:30:00+00:00,0.01
5286,2013-06-07 21:00:00+00:00,0.01
5286,2013-06-07 21:30:00+00:00,0.0
5286,2013-06-07 22:00:00+00:00,0.0
5286,2013-06-07 22:30:00+00:00,0.0
5286,2013-06-07 23:00:00+00:00,0.0
5286,2013-06-07 23:30:00+00:00,0.0
5286,2013-06-08 00:00:00+00:00,0.0
5286,2013-06-08 00:30:00+00:00,0.0
5286,2013-06-08 01:00:00+00:00,0.0
5286,2013-06-08 01:30:00+00:00,0.0
5286,2013-06-08 02:00:00+00:00,0.0
5286,2013-06-08 02:30:00+00:00,0.0
5286,2013-06-08 03:00:00+00:00,0.0
5286,2013-06-08 03:30:00+00:00,0.0
5286,2013-06-08 04:00:00+00:00,0.0
5286,2013-06-08 04:30:00+00:00,2.43
5286,2013-06-08 05:00:00+00:00,16.78
5286,2013-06-08 05:30:00+00:00,42.6
5286,2013-06-08 06:00:00+00:00,82.05
5286,2013-06-08 06:30:00+00:00,99.22
5286,2013-06-08 07:00:00+00:00,128.8
5286,2013-06-08 07:30:00+00:00,183.78
5286,2013-06-08 08:00:00+00:00,260.74
5286,2013-06-08 08:30:00+00:00,262.09
5286,2013-06-08 09:00:00+00:00,233.07
5286,2013-06-08 09:30:00+00:00,398.66
5286,2013-06-08 10:00:00+00:00,605.5
5286,2013-06-08 10:30:00+00:00,886.5
5286,2013-06-08 11:00:00+00:00,491.19
5286,2013-06-08 11:30:00+00:00,663.85
5286,2013-06-08 12:00:00+00:00,860.35
5286,2013-06-08 12:30:00+00:00,552.45
5286,2013-06-08 13:00:00+00:00,702.7
5286,2013-06-08 13:30:00+00:00,543.1
5286,2013-06-08 14:00:00+00:00,636.1
5286,2013-06-08 14:30:00+00:00,713.2
5286,2013-06-08 15:00:00+00:00,571.6
5286,2013-06-08 15:30:00+00:00,469.06
5286,2013-06-08 16:00:00+00:00,378.47
5286,2013-06-08 16:30:00+00:00,245.35
5286,2013-06-08 17:00:00+00:00,185.75
5286,2013-06-08 17:30:00+00:00,133.18
5286,2013-06-08 18:00:00+00:00,97.13
5286,2013-06-08 18:30:00+00:00,46.51
5286,2013-06-08 19:00:00+00:00,28.14
5286,2013-06-08 19:30:00+00:00,5.49
5286,2013-06-08 20:00:00+00:00,0.01
5286,2013-06-08 20:30:00+00:00,0.01
5286,2013-06-08 21:00:00+00:00,0.0
5286,2013-06-08 21:30:00+00:00,0.0
5286,2013-06-08 22:00:00+00:00,0.0
5286,2013-06-08 22:30:00+00:00,0.0
5286,2013-06-08 23:00:00+00:00,0.0
5286,2013-06-08 23:30:00+00:00,0.0
5286,2013-06-09 00:00:00+00:00,0.0
5286,2013-06-09 00:30:00+00:00,0.0
5286,2013-06-09 01:00:00+00:00,0.0
5286,2013-06-09 01:30:00+00:00,0.0
5286,2013-06-09 02:00:00+00:00,0.0
5286,2013-06-09 02:30:00+00:00,0.0
5286,2013-06-09 03:00:00+00:00,0.0
5286,2013-06-09 03:30:00+00:00,0.0
5286,2013-06-09 04:00:00+00:00,0.0
5286,2013-06-09 04:30:00+00:00,0.01
5286,2013-06-09 05:00:00+00:00,4.34
5286,2013-06-09 05:30:00+00:00,18.7
5286,2013-06-09 06:00:00+00:00,35.38
5286,2013-06-09 06:30:00+00:00,44.44
5286,2013-06-09 07:00:00+00:00,56.31
5286,2013-06-09 07:30:00+00:00,84.79
5286,2013-06-09 08:00:00+00:00,76.33
5286,2013-06-09 08:30:00+00:00,86.18
5286,2013-06-09 09:00:00+00:00,149.21
5286,2013-06-09 09:30:00+00:00,174.89
5286,2013-06-09 10:00:00+00:00,196.49
5286,2013-06-09 10:30:00+00:00,168.99
5286,2013-06-09 11:00:00+00:00,195.18
5286,2013-06-09 11:30:00+00:00,219.33
5286,2013-06-09 12:00:00+00:00,196.46
5286,2013-06-09 12:30:00+00:00,170.96
5286,2013-06-09 13:00:00+00:00,205.77
5286,2013-06-09 13:30:00+00:00,213.84
5286,2013-06-09 14:00:00+00:00,240.55
5286,2013-06-09 14:30:00+00:00,245.8
5286,2013-06-09 15:00:00+00:00,246.95
5286,2013-06-09 15:30:00+00:00,194.65
5286,2013-06-09 16:00:00+00:00,145.96
5286,2013-06-09 16:30:00+00:00,105.63
5286,2013-06-09 17:00:00+00:00,104.54
5286,2013-06-09 17:30:00+00:00,95.91
5286,2013-06-09 18:00:00+00:00,52.72
5286,2013-06-09 18:30:00+00:00,41.42
5286,2013-06-09 19:00:00+00:00,12.14
5286,2013-06-09 19:30:00+00:00,2.83
5286,2013-06-09 20:00:00+00:00,0.01
5286,2013-06-09 20:30:00+00:00,0.0
5286,2013-06-09 21:00:00+00:00,0.01
5286,2013-06-09 21:30:00+00:00,0.0
5286,2013-06-09 22:00:00+00:00,0.0
5286,2013-06-09 22:30:00+00:00,0.0
5286,2013-06-09 23:00:00+00:00,0.0
5286,2013-06-09 23:30:00+00:00,0.0
5286,2013-06-10 00:00:00+00:00,0.0
5286,2013-06-10 00:30:00+00:00,0.0
5286,2013-06-10 01:00:00+00:00,0.0
5286,2013-06-10 01:30:00+00:00,0.0
5286,2013-06-10 02:00:00+00:00,0.0
5286,2013-06-10 02:30:00+00:00,0.0
5286,2013-06-10 03:00:00+00:00,0.0
5286,2013-06-10 03:30:00+00:00,0.0
5286,2013-06-10 04:00:00+00:00,0.0
5286,2013-06-10 04:30:00+00:00,0.0
5286,2013-06-10 05:00:00+00:00,0.02
5286,2013-06-10 05:30:00+00:00,5.54
5286,2013-06-10 06:00:00+00:00,15.31
5286,2013-06-10 06:30:00+00:00,30.4
5286,2013-06-10 07:00:00+00:00,45.56
5286,2013-06-10 07:30:00+00:00,74.56
5286,2013-06-10 08:00:00+00:00,99.09
5286,2013-06-10 08:30:00+00:00,118.26
5286,2013-06-10 09:00:00+00:00,163.23
5286,2013-06-10 09:30:00+00:00,185.15
5286,2013-06-10 10:00:00+00:00,215.08
5286,2013-06-10 10:30:00+00:00,201.97
5286,2013-06-10 11:00:00+00:00,192.86
5286,2013-06-10 11:30:00+00:00,207.55
5286,2013-06-10 12:00:00+00:00,236.0
5286,2013-06-10 12:30:00+00:00,210.99
5286,2013-06-10 13:00:00+00:00,186.24
5286,2013-06-10 13:30:00+00:00,251.16
5286,2013-06-10 14:00:00+00:00,189.74
5286,2013-06-10 14:30:00+00:00,163.8
5286,2013-06-10 15:00:00+00:00,194.73
5286,2013-06-10 15:30:00+00:00,325.09
5286,2013-06-10 16:00:00+00:00,381.57
5286,2013-06-10 16:30:00+00:00,231.76
5286,2013-06-10 17:00:00+00:00,146.75
5286,2013-06-10 17:30:00+00:00,141.31
5286,2013-06-10 18:00:00+00:00,115.53
5286,2013-06-10 18:30:00+00:00,68.86
5286,2013-06-10 19:00:00+00:00,27.51
5286,2013-06-10 19:30:00+00:00,14.67
5286,2013-06-10 20:00:00+00:00,2.11
5286,2013-06-10 20:30:00+00:00,0.01
5286,2013-06-10 21:00:00+00:00,0.01
5286,2013-06-10 21:30:00+00:00,0.0
5286,2013-06-10 22:00:00+00:00,0.0
5286,2013-06-10 22:30:00+00:00,0.0
5286,2013-06-10 23:00:00+00:00,0.0
5286,2013-06-10 23:30:00+00:00,0.0
5286,2013-06-11 00:00:00+00:00,0.0
5286,2013-06-11 00:30:00+00:00,0.0
5286,2013-06-11 01:00:00+00:00,0.0
5286,2013-06-11 01:30:00+00:00,0.0
5286,2013-06-11 02:00:00+00:00,0.0
5286,2013-06-11 02:30:00+00:00,0.0
5286,2013-06-11 03:00:00+00:00,0.0
5286,2013-06-11 03:30:00+00:00,0.0
5286,2013-06-11 04:00:00+00:00,0.0
5286,2013-06-11 04:30:00+00:00,25.02
5286,2013-06-11 05:00:00+00:00,35.55
5286,2013-06-11 05:30:00+00:00,29.1
5286,2013-06-11 06:00:00+00:00,32.63
5286,2013-06-11 06:30:00+00:00,24.68
5286,2013-06-11 07:00:00+00:00,31.82
5286,2013-06-11 07:30:00+00:00,61.36
5286,2013-06-11 08:00:00+00:00,183.28
5286,2013-06-11 08:30:00+00:00,277.93
5286,2013-06-11 09:00:00+00:00,337.87
5286,2013-06-11 09:30:00+00:00,465.48
5286,2013-06-11 10:00:00+00:00,631.55
5286,2013-06-11 10:30:00+00:00,504.2
5286,2013-06-11 11:00:00+00:00,499.17
5286,2013-06-11 11:30:00+00:00,380.18
5286,2013-06-11 12:00:00+00:00,302.09
5286,2013-06-11 12:30:00+00:00,211.66
5286,2013-06-11 13:00:00+00:00,223.24
5286,2013-06-11 13:30:00+00:00,210.9
5286,2013-06-11 14:00:00+00:00,201.66
5286,2013-06-11 14:30:00+00:00,119.44
5286,2013-06-11 15:00:00+00:00,177.21
5286,2013-06-11 15:30:00+00:00,153.48
5286,2013-06-11 16:00:00+00:00,200.99
5286,2013-06-11 16:30:00+00:00,150.79
5286,2013-06-11 17:00:00+00:00,124.57
5286,2013-06-11 17:30:00+00:00,63.36
5286,2013-06-11 18:00:00+00:00,74.57
5286,2013-06-11 18:30:00+00:00,88.32
5286,2013-06-11 19:00:00+00:00,25.59
5286,2013-06-11 19:30:00+00:00,22.93
5286,2013-06-11 20:00:00+00:00,0.42
5286,2013-06-11 20:30:00+00:00,0.0
5286,2013-06-11 21:00:00+00:00,0.01
5286,2013-06-11 21:30:00+00:00,0.0
5286,2013-06-11 22:00:00+00:00,0.0
5286,2013-06-11 22:30:00+00:00,0.0
5286,2013-06-11 23:00:00+00:00,0.0
5286,2013-06-11 23:30:00+00:00,0.0
5286,2013-06-12 00:00:00+00:00,0.0
5286,2013-06-12 00:30:00+00:00,0.0
5286,2013-06-12 01:00:00+00:00,0.0
5286,2013-06-12 01:30:00+00:00,0.0
5286,2013-06-12 02:00:00+00:00,0.0
5286,2013-06-12 02:30:00+00:00,0.0
5286,2013-06-12 03:00:00+00:00,0.0
5286,2013-06-12 03:30:00+00:00,0.0
5286,2013-06-12 04:00:00+00:00,0.0
5286,2013-06-12 04:30:00+00:00,0.01
5286,2013-06-12 05:00:00+00:00,7.87
5286,2013-06-12 05:30:00+00:00,20.2
5286,2013-06-12 06:00:00+00:00,25.16
5286,2013-06-12 06:30:00+00:00,22.8
5286,2013-06-12 07:00:00+00:00,45.54
5286,2013-06-12 07:30:00+00:00,56.9
5286,2013-06-12 08:00:00+00:00,61.77
5286,2013-06-12 08:30:00+00:00,125.98
5286,2013-06-12 09:00:00+00:00,199.65
5286,2013-06-12 09:30:00+00:00,379.44
5286,2013-06-12 10:00:00+00:00,573.7
5286,2013-06-12 10:30:00+00:00,494.45
5286,2013-06-12 11:00:00+00:00,589.8
5286,2013-06-12 11:30:00+00:00,500.25
5286,2013-06-12 12:00:00+00:00,351.41
5286,2013-06-12 12:30:00+00:00,330.69
5286,2013-06-12 13:00:00+00:00,264.54
5286,2013-06-12 13:30:00+00:00,258.02
5286,2013-06-12 14:00:00+00:00,123.74
5286,2013-06-12 14:30:00+00:00,111.08
5286,2013-06-12 15:00:00+00:00,110.77
5286,2013-06-12 15:30:00+00:00,93.34
5286,2013-06-12 16:00:00+00:00,68.35
5286,2013-06-12 16:30:00+00:00,42.25
5286,2013-06-12 17:00:00+00:00,26.96
5286,2013-06-12 17:30:00+00:00,36.19
5286,2013-06-12 18:00:00+00:00,14.46
5286,2013-06-12 18:30:00+00:00,3.29
5286,2013-06-12 19:00:00+00:00,1.14
5286,2013-06-12 19:30:00+00:00,0.03
5286,2013-06-12 20:00:00+00:00,0.01
5286,2013-06-12 20:30:00+00:00,0.0
5286,2013-06-12 21:00:00+00:00,0.01
5286,2013-06-12 21:30:00+00:00,0.0
5286,2013-06-12 22:00:00+00:00,0.0
5286,2013-06-12 22:30:00+00:00,0.0
5286,2013-06-12 23:00:00+00:00,0.0
5286,2013-06-12 23:30:00+00:00,0.0
5286,2013-06-13 00:00:00+00:00,0.0
5286,2013-06-13 00:30:00+00:00,0.0
5286,2013-06-13 01:00:00+00:00,0.0
5286,2013-06-13 01:30:00+00:00,0.0
5286,2013-06-13 02:00:00+00:00,0.0
5286,2013-06-13 02:30:00+00:00,0.0
5286,2013-06-13 03:00:00+00:00,0.0
5286,2013-06-13 03:30:00+00:00,0.0
5286,2013-06-13 04:00:00+00:00,0.0
5286,2013-06-13 04:30:00+00:00,0.16
5286,2013-06-13 05:00:00+00:00,4.43
5286,2013-06-13 05:30:00+00:00,9.5
5286,2013-06-13 06:00:00+00:00,92.66
5286,2013-06-13 06:30:00+00:00,43.23
5286,2013-06-13 07:00:00+00:00,69.74
5286,2013-06-13 07:30:00+00:00,27.45
5286,2013-06-13 08:00:00+00:00,54.78
5286,2013-06-13 08:30:00+00:00,106.41
5286,2013-06-13 09:00:00+00:00,127.56
5286,2013-06-13 09:30:00+00:00,189.26
5286,2013-06-13 10:00:00+00:00,136.72
5286,2013-06-13 10:30:00+00:00,124.77
5286,2013-06-13 11:00:00+00:00,228.07
5286,2013-06-13 11:30:00+00:00,179.87
5286,2013-06-13 12:00:00+00:00,92.69
5286,2013-06-13 12:30:00+00:00,102.54
5286,2013-06-13 13:00:00+00:00,312.25
5286,2013-06-13 13:30:00+00:00,240.63
5286,2013-06-13 14:00:00+00:00,197.17
5286,2013-06-13 14:30:00+00:00,302.86
5286,2013-06-13 15:00:00+00:00,432.54
5286,2013-06-13 15:30:00+00:00,350.64
5286,2013-06-13 16:00:00+00:00,149.66
5286,2013-06-13 16:30:00+00:00,196.7
5286,2013-06-13 17:00:00+00:00,212.82
5286,2013-06-13 17:30:00+00:00,101.81
5286,2013-06-13 18:00:00+00:00,59.72
5286,2013-06-13 18:30:00+00:00,63.94
5286,2013-06-13 19:00:00+00:00,33.25
5286,2013-06-13 19:30:00+00:00,15.02
5286,2013-06-13 20:00:00+00:00,1.01
5286,2013-06-13 20:30:00+00:00,0.01
5286,2013-06-13 21:00:00+00:00,0.01
5286,2013-06-13 21:30:00+00:00,0.0
5286,2013-06-13 22:00:00+00:00,0.0
5286,2013-06-13 22:30:00+00:00,0.0
5286,2013-06-13 23:00:00+00:00,0.0
5286,2013-06-13 23:30:00+00:00,0.0
5286,2013-06-14 00:00:00+00:00,0.0
5286,2013-06-14 00:30:00+00:00,0.0
5286,2013-06-14 01:00:00+00:00,0.0
5286,2013-06-14 01:30:00+00:00,0.0
5286,2013-06-14 02:00:00+00:00,0.0
5286,2013-06-14 02:30:00+00:00,0.0
5286,2013-06-14 03:00:00+00:00,0.0
5286,2013-06-14 03:30:00+00:00,0.0
5286,2013-06-14 04:00:00+00:00,0.02
5286,2013-06-14 04:30:00+00:00,15.18
5286,2013-06-14 05:00:00+00:00,42.14
5286,2013-06-14 05:30:00+00:00,105.24
5286,2013-06-14 06:00:00+00:00,132.83
5286,2013-06-14 06:30:00+00:00,171.87
5286,2013-06-14 07:00:00+00:00,188.98
5286,2013-06-14 07:30:00+00:00,308.86
5286,2013-06-14 08:00:00+00:00,385.88
5286,2013-06-14 08:30:00+00:00,185.71
5286,2013-06-14 09:00:00+00:00,154.87
5286,2013-06-14 09:30:00+00:00,140.37
5286,2013-06-14 10:00:00+00:00,209.99
5286,2013-06-14 10:30:00+00:00,321.63
5286,2013-06-14 11:00:00+00:00,450.22
5286,2013-06-14 11:30:00+00:00,567.75
5286,2013-06-14 12:00:00+00:00,833.5
5286,2013-06-14 12:30:00+00:00,567.4
5286,2013-06-14 13:00:00+00:00,831.05
5286,2013-06-14 13:30:00+00:00,678.7
5286,2013-06-14 14:00:00+00:00,787.9
5286,2013-06-14 14:30:00+00:00,796.45
5286,2013-06-14 15:00:00+00:00,653.3
5286,2013-06-14 15:30:00+00:00,521.35
5286,2013-06-14 16:00:00+00:00,368.21
5286,2013-06-14 16:30:00+00:00,202.16
5286,2013-06-14 17:00:00+00:00,125.64
5286,2013-06-14 17:30:00+00:00,84.3
5286,2013-06-14 18:00:00+00:00,56.31
5286,2013-06-14 18:30:00+00:00,34.52
5286,2013-06-14 19:00:00+00:00,28.86
5286,2013-06-14 19:30:00+00:00,17.78
5286,2013-06-14 20:00:00+00:00,1.17
5286,2013-06-14 20:30:00+00:00,0.01
5286,2013-06-14 21:00:00+00:00,0.01
5286,2013-06-14 21:30:00+00:00,0.0
5286,2013-06-14 22:00:00+00:00,0.0
5286,2013-06-14 22:30:00+00:00,0.0
5286,2013-06-14 23:00:00+00:00,0.0
5286,2013-06-14 23:30:00+00:00,0.0
5286,2013-06-15 00:00:00+00:00,0.0
5286,2013-06-15 00:30:00+00:00,0.0
5286,2013-06-15 01:00:00+00:00,0.0
5286,2013-06-15 01:30:00+00:00,0.0
5286,2013-06-15 02:00:00+00:00,0.0
5286,2013-06-15 02:30:00+00:00,0.0
5286,2013-06-15 03:00:00+00:00,0.0
5286,2013-06-15 03:30:00+00:00,0.0
5286,2013-06-15 04:00:00+00:00,0.0
5286,2013-06-15 04:30:00+00:00,0.0
5286,2013-06-15 05:00:00+00:00,22.97
5286,2013-06-15 05:30:00+00:00,46.52
5286,2013-06-15 06:00:00+00:00,176.43
5286,2013-06-15 06:30:00+00:00,282.33
5286,2013-06-15 07:00:00+00:00,413.75
5286,2013-06-15 07:30:00+00:00,509.9
5286,2013-06-15 08:00:00+00:00,487.55
5286,2013-06-15 08:30:00+00:00,527.3
5286,2013-06-15 09:00:00+00:00,638.9
5286,2013-06-15 09:30:00+00:00,480.76
5286,2013-06-15 10:00:00+00:00,465.65
5286,2013-06-15 10:30:00+00:00,796.2
5286,2013-06-15 11:00:00+00:00,816.8
5286,2013-06-15 11:30:00+00:00,739.5
5286,2013-06-15 12:00:00+00:00,432.52
5286,2013-06-15 12:30:00+00:00,412.38
5286,2013-06-15 13:00:00+00:00,225.53
5286,2013-06-15 13:30:00+00:00,156.47
5286,2013-06-15 14:00:00+00:00,79.24
5286,2013-06-15 14:30:00+00:00,172.65
5286,2013-06-15 15:00:00+00:00,391.16
5286,2013-06-15 15:30:00+00:00,158.62
5286,2013-06-15 16:00:00+00:00,51.78
5286,2013-06-15 16:30:00+00:00,151.35
5286,2013-06-15 17:00:00+00:00,175.98
5286,2013-06-15 17:30:00+00:00,102.37
5286,2013-06-15 18:00:00+00:00,101.61
5286,2013-06-15 18:30:00+00:00,82.39
5286,2013-06-15 19:00:00+00:00,37.39
5286,2013-06-15 19:30:00+00:00,15.2
5286,2013-06-15 20:00:00+00:00,0.03
5286,2013-06-15 20:30:00+00:00,0.01
5286,2013-06-15 21:00:00+00:00,0.01
5286,2013-06-15 21:30:00+00:00,0.0
5286,2013-06-15 22:00:00+00:00,0.0
5286,2013-06-15 22:30:00+00:00,0.0
5286,2013-06-15 23:00:00+00:00,0.0
5286,2013-06-15 23:30:00+00:00,0.0
5286,2013-06-16 00:00:00+00:00,0.0
5286,2013-06-16 00:30:00+00:00,0.0
5286,2013-06-16 01:00:00+00:00,0.0
5286,2013-06-16 01:30:00+00:00,0.0
5286,2013-06-16 02:00:00+00:00,0.0
5286,2013-06-16 02:30:00+00:00,0.0
5286,2013-06-16 03:00:00+00:00,0.0
5286,2013-06-16 03:30:00+00:00,0.0
5286,2013-06-16 04:00:00+00:00,0.0
5286,2013-06-16 04:30:00+00:00,8.89
5286,2013-06-16 05:00:00+00:00,45.74
5286,2013-06-16 05:30:00+00:00,62.23
5286,2013-06-16 06:00:00+00:00,106.92
5286,2013-06-16 06:30:00+00:00,149.37
5286,2013-06-16 07:00:00+00:00,228.62
5286,2013-06-16 07:30:00+00:00,336.67
5286,2013-06-16 08:00:00+00:00,533.2
5286,2013-06-16 08:30:00+00:00,621.7
5286,2013-06-16 09:00:00+00:00,598.6
5286,2013-06-16 09:30:00+00:00,532.0
5286,2013-06-16 10:00:00+00:00,637.2
5286,2013-06-16 10:30:00+00:00,533.4
5286,2013-06-16 11:00:00+00:00,394.59
5286,2013-06-16 11:30:00+00:00,310.76
5286,2013-06-16 12:00:00+00:00,460.84
5286,2013-06-16 12:30:00+00:00,510.75
5286,2013-06-16 13:00:00+00:00,293.35
5286,2013-06-16 13:30:00+00:00,207.11
5286,2013-06-16 14:00:00+00:00,476.11
5286,2013-06-16 14:30:00+00:00,448.4
5286,2013-06-16 15:00:00+00:00,614.1
5286,2013-06-16 15:30:00+00:00,401.68
5286,2013-06-16 16:00:00+00:00,363.93
5286,2013-06-16 16:30:00+00:00,249.37
5286,2013-06-16 17:00:00+00:00,169.0
5286,2013-06-16 17:30:00+00:00,89.63
5286,2013-06-16 18:00:00+00:00,53.21
5286,2013-06-16 18:30:00+00:00,41.01
5286,2013-06-16 19:00:00+00:00,36.46
5286,2013-06-16 19:30:00+00:00,23.01
5286,2013-06-16 20:00:00+00:00,3.06
5286,2013-06-16 20:30:00+00:00,0.0
5286,2013-06-16 21:00:00+00:00,0.01
5286,2013-06-16 21:30:00+00:00,0.0
5286,2013-06-16 22:00:00+00:00,0.0
5286,2013-06-16 22:30:00+00:00,0.0
5286,2013-06-16 23:00:00+00:00,0.0
5286,2013-06-16 23:30:00+00:00,0.0
5286,2013-06-17 00:00:00+00:00,0.0
5286,2013-06-17 00:30:00+00:00,0.0
5286,2013-06-17 01:00:00+00:00,0.0
5286,2013-06-17 01:30:00+00:00,0.0
5286,2013-06-17 02:00:00+00:00,0.0
5286,2013-06-17 02:30:00+00:00,0.0
5286,2013-06-17 03:00:00+00:00,0.0
5286,2013-06-17 03:30:00+00:00,0.0
5286,2013-06-17 04:00:00+00:00,0.01
5286,2013-06-17 04:30:00+00:00,0.01
5286,2013-06-17 05:00:00+00:00,7.12
5286,2013-06-17 05:30:00+00:00,18.62
5286,2013-06-17 06:00:00+00:00,64.28
5286,2013-06-17 06:30:00+00:00,114.38
5286,2013-06-17 07:00:00+00:00,151.11
5286,2013-06-17 07:30:00+00:00,128.01
5286,2013-06-17 08:00:00+00:00,249.76
5286,2013-06-17 08:30:00+00:00,275.15
5286,2013-06-17 09:00:00+00:00,383.6
5286,2013-06-17 09:30:00+00:00,455.14
5286,2013-06-17 10:00:00+00:00,323.0
5286,2013-06-17 10:30:00+00:00,282.07
5286,2013-06-17 11:00:00+00:00,343.64
5286,2013-06-17 11:30:00+00:00,426.02
5286,2013-06-17 12:00:00+00:00,877.4
5286,2013-06-17 12:30:00+00:00,704.35
5286,2013-06-17 13:00:00+00:00,500.65
5286,2013-06-17 13:30:00+00:00,430.43
5286,2013-06-17 14:00:00+00:00,476.08
5286,2013-06-17 14:30:00+00:00,660.25
5286,2013-06-17 15:00:00+00:00,573.25
5286,2013-06-17 15:30:00+00:00,326.45
5286,2013-06-17 16:00:00+00:00,316.81
5286,2013-06-17 16:30:00+00:00,216.42
5286,2013-06-17 17:00:00+00:00,162.68
5286,2013-06-17 17:30:00+00:00,153.25
5286,2013-06-17 18:00:00+00:00,96.01
5286,2013-06-17 18:30:00+00:00,65.32
5286,2013-06-17 19:00:00+00:00,35.81
5286,2013-06-17 19:30:00+00:00,19.11
5286,2013-06-17 20:00:00+00:00,1.84
5286,2013-06-17 20:30:00+00:00,0.01
5286,2013-06-17 21:00:00+00:00,0.0
5286,2013-06-17 21:30:00+00:00,0.0
5286,2013-06-17 22:00:00+00:00,0.0
5286,2013-06-17 22:30:00+00:00,0.0
5286,2013-06-17 23:00:00+00:00,0.0
5286,2013-06-17 23:30:00+00:00,0.0
5286,2013-06-18 00:00:00+00:00,0.0
5286,2013-06-18 00:30:00+00:00,0.0
5286,2013-06-18 01:00:00+00:00,0.0
5286,2013-06-18 01:30:00+00:00,0.0
5286,2013-06-18 02:00:00+00:00,0.0
5286,2013-06-18 02:30:00+00:00,0.0
5286,2013-06-18 03:00:00+00:00,0.0
5286,2013-06-18 03:30:00+00:00,0.0
5286,2013-06-18 04:00:00+00:00,0.0
5286,2013-06-18 04:30:00+00:00,4.73
5286,2013-06-18 05:00:00+00:00,36.27
5286,2013-06-18 05:30:00+00:00,58.35
5286,2013-06-18 06:00:00+00:00,129.92
5286,2013-06-18 06:30:00+00:00,91.49
5286,2013-06-18 07:00:00+00:00,133.9
5286,2013-06-18 07:30:00+00:00,245.22
5286,2013-06-18 08:00:00+00:00,281.68
5286,2013-06-18 08:30:00+00:00,132.02
5286,2013-06-18 09:00:00+00:00,272.74
5286,2013-06-18 09:30:00+00:00,685.65
5286,2013-06-18 10:00:00+00:00,806.4
5286,2013-06-18 10:30:00+00:00,571.6
5286,2013-06-18 11:00:00+00:00,373.84
5286,2013-06-18 11:30:00+00:00,180.41
5286,2013-06-18 12:00:00+00:00,156.46
5286,2013-06-18 12:30:00+00:00,194.16
5286,2013-06-18 13:00:00+00:00,103.8
5286,2013-06-18 13:30:00+00:00,71.92
5286,2013-06-18 14:00:00+00:00,74.94
5286,2013-06-18 14:30:00+00:00,144.88
5286,2013-06-18 15:00:00+00:00,422.71
5286,2013-06-18 15:30:00+00:00,206.58
5286,2013-06-18 16:00:00+00:00,194.99
5286,2013-06-18 16:30:00+00:00,153.41
5286,2013-06-18 17:00:00+00:00,179.08
5286,2013-06-18 17:30:00+00:00,122.75
5286,2013-06-18 18:00:00+00:00,115.17
5286,2013-06-18 18:30:00+00:00,55.45
5286,2013-06-18 19:00:00+00:00,62.41
5286,2013-06-18 19:30:00+00:00,41.1
5286,2013-06-18 20:00:00+00:00,4.4
5286,2013-06-18 20:30:00+00:00,0.01
5286,2013-06-18 21:00:00+00:00,0.01
5286,2013-06-18 21:30:00+00:00,0.0
5286,2013-06-18 22:00:00+00:00,0.0
5286,2013-06-18 22:30:00+00:00,0.0
5286,2013-06-18 23:00:00+00:00,0.0
5286,2013-06-18 23:30:00+00:00,0.0
5286,2013-06-19 00:00:00+00:00,0.0
5286,2013-06-19 00:30:00+00:00,0.0
5286,2013-06-19 01:00:00+00:00,0.0
5286,2013-06-19 01:30:00+00:00,0.0
5286,2013-06-19 02:00:00+00:00,0.0
5286,2013-06-19 02:30:00+00:00,0.0
5286,2013-06-19 03:00:00+00:00,0.0
5286,2013-06-19 03:30:00+00:00,0.0
5286,2013-06-19 04:00:00+00:00,0.0
5286,2013-06-19 04:30:00+00:00,0.14
5286,2013-06-19 05:00:00+00:00,1.26
5286,2013-06-19 05:30:00+00:00,10.2
5286,2013-06-19 06:00:00+00:00,22.18
5286,2013-06-19 06:30:00+00:00,71.85
5286,2013-06-19 07:00:00+00:00,164.27
5286,2013-06-19 07:30:00+00:00,219.78
5286,2013-06-19 08:00:00+00:00,162.0
5286,2013-06-19 08:30:00+00:00,177.29
5286,2013-06-19 09:00:00+00:00,353.95
5286,2013-06-19 09:30:00+00:00,288.25
5286,2013-06-19 10:00:00+00:00,159.2
5286,2013-06-19 10:30:00+00:00,292.24
5286,2013-06-19 11:00:00+00:00,515.05
5286,2013-06-19 11:30:00+00:00,764.6
5286,2013-06-19 12:00:00+00:00,845.35
5286,2013-06-19 12:30:00+00:00,866.0
5286,2013-06-19 13:00:00+00:00,834.9
5286,2013-06-19 13:30:00+00:00,802.05
5286,2013-06-19 14:00:00+00:00,727.05
5286,2013-06-19 14:30:00+00:00,610.55
5286,2013-06-19 15:00:00+00:00,432.12
5286,2013-06-19 15:30:00+00:00,342.1
5286,2013-06-19 16:00:00+00:00,347.97
5286,2013-06-19 16:30:00+00:00,299.55
5286,2013-06-19 17:00:00+00:00,160.47
5286,2013-06-19 17:30:00+00:00,146.04
5286,2013-06-19 18:00:00+00:00,139.51
5286,2013-06-19 18:30:00+00:00,84.47
5286,2013-06-19 19:00:00+00:00,43.31
5286,2013-06-19 19:30:00+00:00,25.87
5286,2013-06-19 20:00:00+00:00,0.46
5286,2013-06-19 20:30:00+00:00,0.01
5286,2013-06-19 21:00:00+00:00,0.01
5286,2013-06-19 21:30:00+00:00,0.0
5286,2013-06-19 22:00:00+00:00,0.0
5286,2013-06-19 22:30:00+00:00,0.0
5286,2013-06-19 23:00:00+00:00,0.0
5286,2013-06-19 23:30:00+00:00,0.0
5286,2013-06-20 00:00:00+00:00,0.0
5286,2013-06-20 00:30:00+00:00,0.0
5286,2013-06-20 01:00:00+00:00,0.0
5286,2013-06-20 01:30:00+00:00,0.0
5286,2013-06-20 02:00:00+00:00,0.0
5286,2013-06-20 02:30:00+00:00,0.0
5286,2013-06-20 03:00:00+00:00,0.0
5286,2013-06-20 03:30:00+00:00,0.0
5286,2013-06-20 04:00:00+00:00,0.0
5286,2013-06-20 04:30:00+00:00,1.76
5286,2013-06-20 05:00:00+00:00,18.58
5286,2013-06-20 05:30:00+00:00,25.71
5286,2013-06-20 06:00:00+00:00,70.96
5286,2013-06-20 06:30:00+00:00,156.14
5286,2013-06-20 07:00:00+00:00,181.47
5286,2013-06-20 07:30:00+00:00,209.65
5286,2013-06-20 08:00:00+00:00,605.15
5286,2013-06-20 08:30:00+00:00,446.68
5286,2013-06-20 09:00:00+00:00,421.54
5286,2013-06-20 09:30:00+00:00,305.66
5286,2013-06-20 10:00:00+00:00,134.47
5286,2013-06-20 10:30:00+00:00,84.63
5286,2013-06-20 11:00:00+00:00,86.96
5286,2013-06-20 11:30:00+00:00,58.36
5286,2013-06-20 12:00:00+00:00,79.85
5286,2013-06-20 12:30:00+00:00,152.92
5286,2013-06-20 13:00:00+00:00,169.26
5286,2013-06-20 13:30:00+00:00,166.22
5286,2013-06-20 14:00:00+00:00,146.06
5286,2013-06-20 14:30:00+00:00,284.54
5286,2013-06-20 15:00:00+00:00,265.74
5286,2013-06-20 15:30:00+00:00,309.49
5286,2013-06-20 16:00:00+00:00,252.13
5286,2013-06-20 16:30:00+00:00,161.32
5286,2013-06-20 17:00:00+00:00,167.97
5286,2013-06-20 17:30:00+00:00,160.18
5286,2013-06-20 18:00:00+00:00,152.5
5286,2013-06-20 18:30:00+00:00,104.97
5286,2013-06-20 19:00:00+00:00,40.18
5286,2013-06-20 19:30:00+00:00,24.11
5286,2013-06-20 20:00:00+00:00,1.55
5286,2013-06-20 20:30:00+00:00,0.01
5286,2013-06-20 21:00:00+00:00,0.01
5286,2013-06-20 21:30:00+00:00,0.0
5286,2013-06-20 22:00:00+00:00,0.0
5286,2013-06-20 22:30:00+00:00,0.0
5286,2013-06-20 23:00:00+00:00,0.0
5286,2013-06-20 23:30:00+00:00,0.0
5286,2013-06-21 00:00:00+00:00,0.0
5286,2013-06-21 00:30:00+00:00,0.0
5286,2013-06-21 01:00:00+00:00,0.0
5286,2013-06-21 01:30:00+00:00,0.0
5286,2013-06-21 02:00:00+00:00,0.0
5286,2013-06-21 02:30:00+00:00,0.0
5286,2013-06-21 03:00:00+00:00,0.0
5286,2013-06-21 03:30:00+00:00,0.0
5286,2013-06-21 04:00:00+00:00,0.0
5286,2013-06-21 04:30:00+00:00,0.0
5286,2013-06-21 05:00:00+00:00,4.98
5286,2013-06-21 05:30:00+00:00,17.39
5286,2013-06-21 06:00:00+00:00,27.88
5286,2013-06-21 06:30:00+00:00,23.64
5286,2013-06-21 07:00:00+00:00,45.05
5286,2013-06-21 07:30:00+00:00,67.78
5286,2013-06-21 08:00:00+00:00,95.53
5286,2013-06-21 08:30:00+00:00,210.64
5286,2013-06-21 09:00:00+00:00,197.25
5286,2013-06-21 09:30:00+00:00,282.5
5286,2013-06-21 10:00:00+00:00,173.31
5286,2013-06-21 10:30:00+00:00,151.36
5286,2013-06-21 11:00:00+00:00,475.71
5286,2013-06-21 11:30:00+00:00,542.5
5286,2013-06-21 12:00:00+00:00,289.29
5286,2013-06-21 12:30:00+00:00,323.74
5286,2013-06-21 13:00:00+00:00,377.35
5286,2013-06-21 13:30:00+00:00,440.44
5286,2013-06-21 14:00:00+00:00,535.25
5286,2013-06-21 14:30:00+00:00,348.57
5286,2013-06-21 15:00:00+00:00,104.62
5286,2013-06-21 15:30:00+00:00,253.27
5286,2013-06-21 16:00:00+00:00,192.98
5286,2013-06-21 16:30:00+00:00,99.82
5286,2013-06-21 17:00:00+00:00,94.31
5286,2013-06-21 17:30:00+00:00,45.5
5286,2013-06-21 18:00:00+00:00,89.88
5286,2013-06-21 18:30:00+00:00,55.4
5286,2013-06-21 19:00:00+00:00,23.06
5286,2013-06-21 19:30:00+00:00,15.56
5286,2013-06-21 20:00:00+00:00,1.7
5286,2013-06-21 20:30:00+00:00,0.01
5286,2013-06-21 21:00:00+00:00,0.0
5286,2013-06-21 21:30:00+00:00,0.0
5286,2013-06-21 22:00:00+00:00,0.0
5286,2013-06-21 22:30:00+00:00,0.0
5286,2013-06-21 23:00:00+00:00,0.0
5286,2013-06-21 23:30:00+00:00,0.0
5286,2013-06-22 00:00:00+00:00,0.0
5286,2013-06-22 00:30:00+00:00,0.0
5286,2013-06-22 01:00:00+00:00,0.0
5286,2013-06-22 01:30:00+00:00,0.0
5286,2013-06-22 02:00:00+00:00,0.0
5286,2013-06-22 02:30:00+00:00,0.0
5286,2013-06-22 03:00:00+00:00,0.0
5286,2013-06-22 03:30:00+00:00,0.0
5286,2013-06-22 04:00:00+00:00,0.0
5286,2013-06-22 04:30:00+00:00,0.0
5286,2013-06-22 05:00:00+00:00,14.2
5286,2013-06-22 05:30:00+00:00,24.79
5286,2013-06-22 06:00:00+00:00,51.35
5286,2013-06-22 06:30:00+00:00,102.66
5286,2013-06-22 07:00:00+00:00,63.32
5286,2013-06-22 07:30:00+00:00,65.08
5286,2013-06-22 08:00:00+00:00,86.72
5286,2013-06-22 08:30:00+00:00,94.83
5286,2013-06-22 09:00:00+00:00,120.35
5286,2013-06-22 09:30:00+00:00,170.37
5286,2013-06-22 10:00:00+00:00,901.8
5286,2013-06-22 10:30:00+00:00,956.15
5286,2013-06-22 11:00:00+00:00,880.55
5286,2013-06-22 11:30:00+00:00,604.05
5286,2013-06-22 12:00:00+00:00,714.55
5286,2013-06-22 12:30:00+00:00,688.45
5286,2013-06-22 13:00:00+00:00,402.03
5286,2013-06-22 13:30:00+00:00,363.27
5286,2013-06-22 14:00:00+00:00,237.18
5286,2013-06-22 14:30:00+00:00,204.6
5286,2013-06-22 15:00:00+00:00,178.76
5286,2013-06-22 15:30:00+00:00,97.49
5286,2013-06-22 16:00:00+00:00,241.04
5286,2013-06-22 16:30:00+00:00,136.78
5286,2013-06-22 17:00:00+00:00,169.55
5286,2013-06-22 17:30:00+00:00,128.52
5286,2013-06-22 18:00:00+00:00,98.48
5286,2013-06-22 18:30:00+00:00,63.8
5286,2013-06-22 19:00:00+00:00,41.07
5286,2013-06-22 19:30:00+00:00,20.6
5286,2013-06-22 20:00:00+00:00,2.97
5286,2013-06-22 20:30:00+00:00,0.01
5286,2013-06-22 21:00:00+00:00,0.0
5286,2013-06-22 21:30:00+00:00,0.0
5286,2013-06-22 22:00:00+00:00,0.0
5286,2013-06-22 22:30:00+00:00,0.0
5286,2013-06-22 23:00:00+00:00,0.0
5286,2013-06-22 23:30:00+00:00,0.0
5286,2013-06-23 00:00:00+00:00,0.0
5286,2013-06-23 00:30:00+00:00,0.0
5286,2013-06-23 01:00:00+00:00,0.0
5286,2013-06-23 01:30:00+00:00,0.0
5286,2013-06-23 02:00:00+00:00,0.0
5286,2013-06-23 02:30:00+00:00,0.0
5286,2013-06-23 03:00:00+00:00,0.0
5286,2013-06-23 03:30:00+00:00,0.0
5286,2013-06-23 04:00:00+00:00,0.0
5286,2013-06-23 04:30:00+00:00,0.0
5286,2013-06-23 05:00:00+00:00,12.08
5286,2013-06-23 05:30:00+00:00,50.08
5286,2013-06-23 06:00:00+00:00,99.36
5286,2013-06-23 06:30:00+00:00,171.11
5286,2013-06-23 07:00:00+00:00,246.74
5286,2013-06-23 07:30:00+00:00,240.2
5286,2013-06-23 08:00:00+00:00,367.55
5286,2013-06-23 08:30:00+00:00,307.05
5286,2013-06-23 09:00:00+00:00,397.23
5286,2013-06-23 09:30:00+00:00,648.8
5286,2013-06-23 10:00:00+00:00,292.78
5286,2013-06-23 10:30:00+00:00,185.61
5286,2013-06-23 11:00:00+00:00,286.48
5286,2013-06-23 11:30:00+00:00,259.56
5286,2013-06-23 12:00:00+00:00,400.73
5286,2013-06-23 12:30:00+00:00,242.04
5286,2013-06-23 13:00:00+00:00,219.72
5286,2013-06-23 13:30:00+00:00,259.89
5286,2013-06-23 14:00:00+00:00,311.08
5286,2013-06-23 14:30:00+00:00,218.76
5286,2013-06-23 15:00:00+00:00,208.29
5286,2013-06-23 15:30:00+00:00,236.76
5286,2013-06-23 16:00:00+00:00,128.88
5286,2013-06-23 16:30:00+00:00,170.94
5286,2013-06-23 17:00:00+00:00,153.02
5286,2013-06-23 17:30:00+00:00,126.86
5286,2013-06-23 18:00:00+00:00,52.04
5286,2013-06-23 18:30:00+00:00,50.34
5286,2013-06-23 19:00:00+00:00,40.29
5286,2013-06-23 19:30:00+00:00,17.01
5286,2013-06-23 20:00:00+00:00,9.16
5286,2013-06-23 20:30:00+00:00,0.01
5286,2013-06-23 21:00:00+00:00,0.01
5286,2013-06-23 21:30:00+00:00,0.0
5286,2013-06-23 22:00:00+00:00,0.0
5286,2013-06-23 22:30:00+00:00,0.0
5286,2013-06-23 23:00:00+00:00,0.0
5286,2013-06-23 23:30:00+00:00,0.0
5286,2013-06-24 00:00:00+00:00,0.0
5286,2013-06-24 00:30:00+00:00,0.0
5286,2013-06-24 01:00:00+00:00,0.0
5286,2013-06-24 01:30:00+00:00,0.0
5286,2013-06-24 02:00:00+00:00,0.0
5286,2013-06-24 02:30:00+00:00,0.0
5286,2013-06-24 03:00:00+00:00,0.0
5286,2013-06-24 03:30:00+00:00,0.0
5286,2013-06-24 04:00:00+00:00,0.0
5286,2013-06-24 04:30:00+00:00,0.01
5286,2013-06-24 05:00:00+00:00,4.08
5286,2013-06-24 05:30:00+00:00,19.92
5286,2013-06-24 06:00:00+00:00,33.12
5286,2013-06-24 06:30:00+00:00,49.09
5286,2013-06-24 07:00:00+00:00,64.5
5286,2013-06-24 07:30:00+00:00,67.76
5286,2013-06-24 08:00:00+00:00,125.65
5286,2013-06-24 08:30:00+00:00,197.65
5286,2013-06-24 09:00:00+00:00,202.45
5286,2013-06-24 09:30:00+00:00,187.44
5286,2013-06-24 10:00:00+00:00,186.04
5286,2013-06-24 10:30:00+00:00,273.91
5286,2013-06-24 11:00:00+00:00,368.73
5286,2013-06-24 11:30:00+00:00,250.4
5286,2013-06-24 12:00:00+00:00,204.32
5286,2013-06-24 12:30:00+00:00,335.52
5286,2013-06-24 13:00:00+00:00,224.87
5286,2013-06-24 13:30:00+00:00,318.43
5286,2013-06-24 14:00:00+00:00,438.89
5286,2013-06-24 14:30:00+00:00,403.48
5286,2013-06-24 15:00:00+00:00,354.24
5286,2013-06-24 15:30:00+00:00,321.09
5286,2013-06-24 16:00:00+00:00,262.07
5286,2013-06-24 16:30:00+00:00,257.19
5286,2013-06-24 17:00:00+00:00,187.74
5286,2013-06-24 17:30:00+00:00,160.27
5286,2013-06-24 18:00:00+00:00,97.6
5286,2013-06-24 18:30:00+00:00,69.16
5286,2013-06-24 19:00:00+00:00,53.0
5286,2013-06-24 19:30:00+00:00,21.38
5286,2013-06-24 20:00:00+00:00,4.37
5286,2013-06-24 20:30:00+00:00,0.01
5286,2013-06-24 21:00:00+00:00,0.01
5286,2013-06-24 21:30:00+00:00,0.0
5286,2013-06-24 22:00:00+00:00,0.0
5286,2013-06-24 22:30:00+00:00,0.0
5286,2013-06-24 23:00:00+00:00,0.0
5286,2013-06-24 23:30:00+00:00,0.0
5286,2013-06-25 00:00:00+00:00,0.0
5286,2013-06-25 00:30:00+00:00,0.0
5286,2013-06-25 01:00:00+00:00,0.0
5286,2013-06-25 01:30:00+00:00,0.0
5286,2013-06-25 02:00:00+00:00,0.0
5286,2013-06-25 02:30:00+00:00,0.0
5286,2013-06-25 03:00:00+00:00,0.0
5286,2013-06-25 03:30:00+00:00,0.0
5286,2013-06-25 04:00:00+00:00,0.02
5286,2013-06-25 04:30:00+00:00,14.42
5286,2013-06-25 05:00:00+00:00,33.72
5286,2013-06-25 05:30:00+00:00,58.08
5286,2013-06-25 06:00:00+00:00,138.53
5286,2013-06-25 06:30:00+00:00,253.95
5286,2013-06-25 07:00:00+00:00,366.64
5286,2013-06-25 07:30:00+00:00,488.92
5286,2013-06-25 08:00:00+00:00,588.25
5286,2013-06-25 08:30:00+00:00,665.15
5286,2013-06-25 09:00:00+00:00,748.55
5286,2013-06-25 09:30:00+00:00,831.45
5286,2013-06-25 10:00:00+00:00,881.25
5286,2013-06-25 10:30:00+00:00,810.8
5286,2013-06-25 11:00:00+00:00,549.05
5286,2013-06-25 11:30:00+00:00,651.75
5286,2013-06-25 12:00:00+00:00,574.75
5286,2013-06-25 12:30:00+00:00,671.75
5286,2013-06-25 13:00:00+00:00,516.8
5286,2013-06-25 13:30:00+00:00,373.91
5286,2013-06-25 14:00:00+00:00,776.2
5286,2013-06-25 14:30:00+00:00,712.55
5286,2013-06-25 15:00:00+00:00,553.0
5286,2013-06-25 15:30:00+00:00,535.45
5286,2013-06-25 16:00:00+00:00,373.36
5286,2013-06-25 16:30:00+00:00,260.01
5286,2013-06-25 17:00:00+00:00,175.64
5286,2013-06-25 17:30:00+00:00,173.0
5286,2013-06-25 18:00:00+00:00,102.13
5286,2013-06-25 18:30:00+00:00,54.26
5286,2013-06-25 19:00:00+00:00,44.29
5286,2013-06-25 19:30:00+00:00,18.85
5286,2013-06-25 20:00:00+00:00,3.03
5286,2013-06-25 20:30:00+00:00,0.01
5286,2013-06-25 21:00:00+00:00,0.0
5286,2013-06-25 21:30:00+00:00,0.0
5286,2013-06-25 22:00:00+00:00,0.0
5286,2013-06-25 22:30:00+00:00,0.0
5286,2013-06-25 23:00:00+00:00,0.0
5286,2013-06-25 23:30:00+00:00,0.0
5286,2013-06-26 00:00:00+00:00,0.0
5286,2013-06-26 00:30:00+00:00,0.0
5286,2013-06-26 01:00:00+00:00,0.0
5286,2013-06-26 01:30:00+00:00,0.0
5286,2013-06-26 02:00:00+00:00,0.0
5286,2013-06-26 02:30:00+00:00,0.0
5286,2013-06-26 03:00:00+00:00,0.0
5286,2013-06-26 03:30:00+00:00,0.0
5286,2013-06-26 04:00:00+00:00,0.0
5286,2013-06-26 04:30:00+00:00,2.09
5286,2013-06-26 05:00:00+00:00,26.92
5286,2013-06-26 05:30:00+00:00,54.09
5286,2013-06-26 06:00:00+00:00,64.14
5286,2013-06-26 06:30:00+00:00,61.28
5286,2013-06-26 07:00:00+00:00,84.12
5286,2013-06-26 07:30:00+00:00,121.13
5286,2013-06-26 08:00:00+00:00,144.56
5286,2013-06-26 08:30:00+00:00,251.02
5286,2013-06-26 09:00:00+00:00,389.88
5286,2013-06-26 09:30:00+00:00,374.38
5286,2013-06-26 10:00:00+00:00,435.77
5286,2013-06-26 10:30:00+00:00,498.74
5286,2013-06-26 11:00:00+00:00,486.24
5286,2013-06-26 11:30:00+00:00,799.7
5286,2013-06-26 12:00:00+00:00,798.8
5286,2013-06-26 12:30:00+00:00,413.31
5286,2013-06-26 13:00:00+00:00,367.31
5286,2013-06-26 13:30:00+00:00,193.84
5286,2013-06-26 14:00:00+00:00,291.52
5286,2013-06-26 14:30:00+00:00,280.7
5286,2013-06-26 15:00:00+00:00,351.21
5286,2013-06-26 15:30:00+00:00,277.42
5286,2013-06-26 16:00:00+00:00,331.24
5286,2013-06-26 16:30:00+00:00,270.43
5286,2013-06-26 17:00:00+00:00,202.0
5286,2013-06-26 17:30:00+00:00,151.88
5286,2013-06-26 18:00:00+00:00,123.09
5286,2013-06-26 18:30:00+00:00,85.65
5286,2013-06-26 19:00:00+00:00,44.92
5286,2013-06-26 19:30:00+00:00,21.54
5286,2013-06-26 20:00:00+00:00,7.28
5286,2013-06-26 20:30:00+00:00,0.01
5286,2013-06-26 21:00:00+00:00,0.0
5286,2013-06-26 21:30:00+00:00,0.0
5286,2013-06-26 22:00:00+00:00,0.0
5286,2013-06-26 22:30:00+00:00,0.0
5286,2013-06-26 23:00:00+00:00,0.0
5286,2013-06-26 23:30:00+00:00,0.0
5286,2013-06-27 00:00:00+00:00,0.0
5286,2013-06-27 00:30:00+00:00,0.0
5286,2013-06-27 01:00:00+00:00,0.0
5286,2013-06-27 01:30:00+00:00,0.0
5286,2013-06-27 02:00:00+00:00,0.0
5286,2013-06-27 02:30:00+00:00,0.0
5286,2013-06-27 03:00:00+00:00,0.0
5286,2013-06-27 03:30:00+00:00,0.0
5286,2013-06-27 04:00:00+00:00,0.0
5286,2013-06-27 04:30:00+00:00,3.54
5286,2013-06-27 05:00:00+00:00,26.93
5286,2013-06-27 05:30:00+00:00,32.6
5286,2013-06-27 06:00:00+00:00,94.65
5286,2013-06-27 06:30:00+00:00,107.13
5286,2013-06-27 07:00:00+00:00,131.81
5286,2013-06-27 07:30:00+00:00,220.41
5286,2013-06-27 08:00:00+00:00,377.48
5286,2013-06-27 08:30:00+00:00,394.35
5286,2013-06-27 09:00:00+00:00,659.2
5286,2013-06-27 09:30:00+00:00,776.75
5286,2013-06-27 10:00:00+00:00,725.6
5286,2013-06-27 10:30:00+00:00,859.45
5286,2013-06-27 11:00:00+00:00,677.3
5286,2013-06-27 11:30:00+00:00,975.55
5286,2013-06-27 12:00:00+00:00,797.9
5286,2013-06-27 12:30:00+00:00,743.4
5286,2013-06-27 13:00:00+00:00,625.6
5286,2013-06-27 13:30:00+00:00,534.05
5286,2013-06-27 14:00:00+00:00,459.48
5286,2013-06-27 14:30:00+00:00,492.11
5286,2013-06-27 15:00:00+00:00,376.33
5286,2013-06-27 15:30:00+00:00,374.9
5286,2013-06-27 16:00:00+00:00,251.55
5286,2013-06-27 16:30:00+00:00,193.92
5286,2013-06-27 17:00:00+00:00,121.23
5286,2013-06-27 17:30:00+00:00,81.53
5286,2013-06-27 18:00:00+00:00,59.21
5286,2013-06-27 18:30:00+00:00,48.58
5286,2013-06-27 19:00:00+00:00,24.01
5286,2013-06-27 19:30:00+00:00,4.75
5286,2013-06-27 20:00:00+00:00,0.01
5286,2013-06-27 20:30:00+00:00,0.01
5286,2013-06-27 21:00:00+00:00,0.01
5286,2013-06-27 21:30:00+00:00,0.0
5286,2013-06-27 22:00:00+00:00,0.0
5286,2013-06-27 22:30:00+00:00,0.0
5286,2013-06-27 23:00:00+00:00,0.0
5286,2013-06-27 23:30:00+00:00,0.0
5286,2013-06-28 00:00:00+00:00,0.0
5286,2013-06-28 00:30:00+00:00,0.0
5286,2013-06-28 01:00:00+00:00,0.0
5286,2013-06-28 01:30:00+00:00,0.0
5286,2013-06-28 02:00:00+00:00,0.0
5286,2013-06-28 02:30:00+00:00,0.0
5286,2013-06-28 03:00:00+00:00,0.0
5286,2013-06-28 03:30:00+00:00,0.0
5286,2013-06-28 04:00:00+00:00,0.0
5286,2013-06-28 04:30:00+00:00,0.03
5286,2013-06-28 05:00:00+00:00,3.59
5286,2013-06-28 05:30:00+00:00,32.3
5286,2013-06-28 06:00:00+00:00,53.69
5286,2013-06-28 06:30:00+00:00,121.14
5286,2013-06-28 07:00:00+00:00,182.32
5286,2013-06-28 07:30:00+00:00,154.68
5286,2013-06-28 08:00:00+00:00,173.28
5286,2013-06-28 08:30:00+00:00,233.53
5286,2013-06-28 09:00:00+00:00,182.88
5286,2013-06-28 09:30:00+00:00,187.88
5286,2013-06-28 10:00:00+00:00,216.09
5286,2013-06-28 10:30:00+00:00,323.75
5286,2013-06-28 11:00:00+00:00,338.63
5286,2013-06-28 11:30:00+00:00,280.25
5286,2013-06-28 12:00:00+00:00,231.3
5286,2013-06-28 12:30:00+00:00,228.0
5286,2013-06-28 13:00:00+00:00,260.58
5286,2013-06-28 13:30:00+00:00,236.17
5286,2013-06-28 14:00:00+00:00,102.31
5286,2013-06-28 14:30:00+00:00,204.84
5286,2013-06-28 15:00:00+00:00,359.39
5286,2013-06-28 15:30:00+00:00,331.95
5286,2013-06-28 16:00:00+00:00,232.17
5286,2013-06-28 16:30:00+00:00,190.94
5286,2013-06-28 17:00:00+00:00,83.12
5286,2013-06-28 17:30:00+00:00,76.04
5286,2013-06-28 18:00:00+00:00,38.8
5286,2013-06-28 18:30:00+00:00,48.69
5286,2013-06-28 19:00:00+00:00,8.58
5286,2013-06-28 19:30:00+00:00,0.01
5286,2013-06-28 20:00:00+00:00,0.01
5286,2013-06-28 20:30:00+00:00,0.01
5286,2013-06-28 21:00:00+00:00,0.0
5286,2013-06-28 21:30:00+00:00,0.0
5286,2013-06-28 22:00:00+00:00,0.0
5286,2013-06-28 22:30:00+00:00,0.0
5286,2013-06-28 23:00:00+00:00,0.0
5286,2013-06-28 23:30:00+00:00,0.0
5286,2013-06-29 00:00:00+00:00,0.0
5286,2013-06-29 00:30:00+00:00,0.0
5286,2013-06-29 01:00:00+00:00,0.0
5286,2013-06-29 01:30:00+00:00,0.0
5286,2013-06-29 02:00:00+00:00,0.0
5286,2013-06-29 02:30:00+00:00,0.0
5286,2013-06-29 03:00:00+00:00,0.0
5286,2013-06-29 03:30:00+00:00,0.0
5286,2013-06-29 04:00:00+00:00,0.0
5286,2013-06-29 04:30:00+00:00,2.29
5286,2013-06-29 05:00:00+00:00,25.55
5286,2013-06-29 05:30:00+00:00,43.76
5286,2013-06-29 06:00:00+00:00,89.65
5286,2013-06-29 06:30:00+00:00,163.25
5286,2013-06-29 07:00:00+00:00,142.75
5286,2013-06-29 07:30:00+00:00,180.84
5286,2013-06-29 08:00:00+00:00,232.06
5286,2013-06-29 08:30:00+00:00,422.65
5286,2013-06-29 09:00:00+00:00,486.9
5286,2013-06-29 09:30:00+00:00,623.05
5286,2013-06-29 10:00:00+00:00,710.8
5286,2013-06-29 10:30:00+00:00,469.31
5286,2013-06-29 11:00:00+00:00,578.7
5286,2013-06-29 11:30:00+00:00,664.95
5286,2013-06-29 12:00:00+00:00,616.05
5286,2013-06-29 12:30:00+00:00,744.45
5286,2013-06-29 13:00:00+00:00,913.05
5286,2013-06-29 13:30:00+00:00,815.75
5286,2013-06-29 14:00:00+00:00,809.35
5286,2013-06-29 14:30:00+00:00,649.6
5286,2013-06-29 15:00:00+00:00,623.45
5286,2013-06-29 15:30:00+00:00,502.2
5286,2013-06-29 16:00:00+00:00,369.38
5286,2013-06-29 16:30:00+00:00,230.64
5286,2013-06-29 17:00:00+00:00,160.15
5286,2013-06-29 17:30:00+00:00,90.9
5286,2013-06-29 18:00:00+00:00,62.73
5286,2013-06-29 18:30:00+00:00,45.78
5286,2013-06-29 19:00:00+00:00,28.37
5286,2013-06-29 19:30:00+00:00,16.68
5286,2013-06-29 20:00:00+00:00,3.35
5286,2013-06-29 20:30:00+00:00,0.01
5286,2013-06-29 21:00:00+00:00,0.01
5286,2013-06-29 21:30:00+00:00,0.0
5286,2013-06-29 22:00:00+00:00,0.0
5286,2013-06-29 22:30:00+00:00,0.0
5286,2013-06-29 23:00:00+00:00,0.0
5286,2013-06-29 23:30:00+00:00,0.0
5286,2013-06-30 00:00:00+00:00,0.0
5286,2013-06-30 00:30:00+00:00,0.0
5286,2013-06-30 01:00:00+00:00,0.0
5286,2013-06-30 01:30:00+00:00,0.0
5286,2013-06-30 02:00:00+00:00,0.0
5286,2013-06-30 02:30:00+00:00,0.0
5286,2013-06-30 03:00:00+00:00,0.0
5286,2013-06-30 03:30:00+00:00,0.0
5286,2013-06-30 04:00:00+00:00,0.0
5286,2013-06-30 04:30:00+00:00,1.62
5286,2013-06-30 05:00:00+00:00,16.97
5286,2013-06-30 05:30:00+00:00,48.55
5286,2013-06-30 06:00:00+00:00,153.69
5286,2013-06-30 06:30:00+00:00,295.41
5286,2013-06-30 07:00:00+00:00,358.8
5286,2013-06-30 07:30:00+00:00,498.91
5286,2013-06-30 08:00:00+00:00,597.1
5286,2013-06-30 08:30:00+00:00,677.4
5286,2013-06-30 09:00:00+00:00,784.85
5286,2013-06-30 09:30:00+00:00,740.1
5286,2013-06-30 10:00:00+00:00,685.6
5286,2013-06-30 10:30:00+00:00,847.5
5286,2013-06-30 11:00:00+00:00,877.6
5286,2013-06-30 11:30:00+00:00,894.55
5286,2013-06-30 12:00:00+00:00,933.0
5286,2013-06-30 12:30:00+00:00,924.8
5286,2013-06-30 13:00:00+00:00,919.1
5286,2013-06-30 13:30:00+00:00,852.6
5286,2013-06-30 14:00:00+00:00,800.3
5286,2013-06-30 14:30:00+00:00,728.45
5286,2013-06-30 15:00:00+00:00,605.35
5286,2013-06-30 15:30:00+00:00,393.49
5286,2013-06-30 16:00:00+00:00,326.26
5286,2013-06-30 16:30:00+00:00,237.84
5286,2013-06-30 17:00:00+00:00,163.23
5286,2013-06-30 17:30:00+00:00,97.55
5286,2013-06-30 18:00:00+00:00,77.66
5286,2013-06-30 18:30:00+00:00,51.63
5286,2013-06-30 19:00:00+00:00,25.56
5286,2013-06-30 19:30:00+00:00,9.48
5286,2013-06-30 20:00:00+00:00,0.02
5286,2013-06-30 20:30:00+00:00,0.01
5286,2013-06-30 21:00:00+00:00,0.0
5286,2013-06-30 21:30:00+00:00,0.0
5286,2013-06-30 22:00:00+00:00,0.0
5286,2013-06-30 22:30:00+00:00,0.0
5286,2013-06-30 23:00:00+00:00,0.0
5286,2013-06-30 23:30:00+00:00,0.0
5286,2013-07-01 00:30:00+00:00,0.0
5286,2013-07-01 01:00:00+00:00,0.0
5286,2013-07-01 01:30:00+00:00,0.0
5286,2013-07-01 02:00:00+00:00,0.0
5286,2013-07-01 02:30:00+00:00,0.0
5286,2013-07-01 03:00:00+00:00,0.0
5286,2013-07-01 03:30:00+00:00,0.0
5286,2013-07-01 04:00:00+00:00,0.0
5286,2013-07-01 04:30:00+00:00,3.12
5286,2013-07-01 05:00:00+00:00,32.77
5286,2013-07-01 05:30:00+00:00,58.67
5286,2013-07-01 06:00:00+00:00,141.84
5286,2013-07-01 06:30:00+00:00,303.35
5286,2013-07-01 07:00:00+00:00,357.13
5286,2013-07-01 07:30:00+00:00,514.15
5286,2013-07-01 08:00:00+00:00,511.7
5286,2013-07-01 08:30:00+00:00,571.45
5286,2013-07-01 09:00:00+00:00,571.0
5286,2013-07-01 09:30:00+00:00,548.65
5286,2013-07-01 10:00:00+00:00,585.4
5286,2013-07-01 10:30:00+00:00,637.9
5286,2013-07-01 11:00:00+00:00,849.05
5286,2013-07-01 11:30:00+00:00,976.55
5286,2013-07-01 12:00:00+00:00,726.3
5286,2013-07-01 12:30:00+00:00,612.55
5286,2013-07-01 13:00:00+00:00,571.95
5286,2013-07-01 13:30:00+00:00,417.74
5286,2013-07-01 14:00:00+00:00,278.25
5286,2013-07-01 14:30:00+00:00,159.27
5286,2013-07-01 15:00:00+00:00,260.41
5286,2013-07-01 15:30:00+00:00,270.75
5286,2013-07-01 16:00:00+00:00,305.37
5286,2013-07-01 16:30:00+00:00,206.26
5286,2013-07-01 17:00:00+00:00,126.57
5286,2013-07-01 17:30:00+00:00,120.56
5286,2013-07-01 18:00:00+00:00,109.28
5286,2013-07-01 18:30:00+00:00,87.18
5286,2013-07-01 19:00:00+00:00,49.78
5286,2013-07-01 19:30:00+00:00,29.65
5286,2013-07-01 20:00:00+00:00,5.89
5286,2013-07-01 20:30:00+00:00,0.01
5286,2013-07-01 21:00:00+00:00,0.01
5286,2013-07-01 21:30:00+00:00,0.0
5286,2013-07-01 22:00:00+00:00,0.0
5286,2013-07-01 22:30:00+00:00,0.0
5286,2013-07-01 23:00:00+00:00,0.0
5286,2013-07-01 23:30:00+00:00,0.0
5286,2013-07-02 00:00:00+00:00,0.0
5286,2013-07-02 00:30:00+00:00,0.0
5286,2013-07-02 01:00:00+00:00,0.0
5286,2013-07-02 01:30:00+00:00,0.0
5286,2013-07-02 02:00:00+00:00,0.0
5286,2013-07-02 02:30:00+00:00,0.0
5286,2013-07-02 03:00:00+00:00,0.0
5286,2013-07-02 03:30:00+00:00,0.0
5286,2013-07-02 04:00:00+00:00,0.0
5286,2013-07-02 04:30:00+00:00,9.58
5286,2013-07-02 05:00:00+00:00,26.91
5286,2013-07-02 05:30:00+00:00,83.53
5286,2013-07-02 06:00:00+00:00,131.46
5286,2013-07-02 06:30:00+00:00,280.55
5286,2013-07-02 07:00:00+00:00,401.76
5286,2013-07-02 07:30:00+00:00,494.79
5286,2013-07-02 08:00:00+00:00,220.25
5286,2013-07-02 08:30:00+00:00,203.02
5286,2013-07-02 09:00:00+00:00,182.33
5286,2013-07-02 09:30:00+00:00,189.9
5286,2013-07-02 10:00:00+00:00,224.49
5286,2013-07-02 10:30:00+00:00,197.48
5286,2013-07-02 11:00:00+00:00,198.73
5286,2013-07-02 11:30:00+00:00,196.61
5286,2013-07-02 12:00:00+00:00,217.74
5286,2013-07-02 12:30:00+00:00,247.43
5286,2013-07-02 13:00:00+00:00,296.07
5286,2013-07-02 13:30:00+00:00,178.85
5286,2013-07-02 14:00:00+00:00,100.67
5286,2013-07-02 14:30:00+00:00,138.42
5286,2013-07-02 15:00:00+00:00,116.02
5286,2013-07-02 15:30:00+00:00,134.26
5286,2013-07-02 16:00:00+00:00,170.65
5286,2013-07-02 16:30:00+00:00,127.86
5286,2013-07-02 17:00:00+00:00,105.08
5286,2013-07-02 17:30:00+00:00,75.19
5286,2013-07-02 18:00:00+00:00,59.25
5286,2013-07-02 18:30:00+00:00,42.31
5286,2013-07-02 19:00:00+00:00,25.25
5286,2013-07-02 19:30:00+00:00,15.86
5286,2013-07-02 20:00:00+00:00,0.0
5286,2013-07-02 20:30:00+00:00,0.01
5286,2013-07-02 21:00:00+00:00,0.01
5286,2013-07-02 21:30:00+00:00,0.0
5286,2013-07-02 22:00:00+00:00,0.0
5286,2013-07-02 22:30:00+00:00,0.0
5286,2013-07-02 23:00:00+00:00,0.0
5286,2013-07-02 23:30:00+00:00,0.0
5286,2013-07-03 00:00:00+00:00,0.0
5286,2013-07-03 00:30:00+00:00,0.0
5286,2013-07-03 01:00:00+00:00,0.0
5286,2013-07-03 01:30:00+00:00,0.0
5286,2013-07-03 02:00:00+00:00,0.0
5286,2013-07-03 02:30:00+00:00,0.0
5286,2013-07-03 03:00:00+00:00,0.0
5286,2013-07-03 03:30:00+00:00,0.0
5286,2013-07-03 04:00:00+00:00,0.0
5286,2013-07-03 04:30:00+00:00,0.0
5286,2013-07-03 05:00:00+00:00,0.57
5286,2013-07-03 05:30:00+00:00,9.9
5286,2013-07-03 06:00:00+00:00,41.18
5286,2013-07-03 06:30:00+00:00,65.95
5286,2013-07-03 07:00:00+00:00,72.14
5286,2013-07-03 07:30:00+00:00,62.12
5286,2013-07-03 08:00:00+00:00,73.38
5286,2013-07-03 08:30:00+00:00,67.06
5286,2013-07-03 09:00:00+00:00,158.59
5286,2013-07-03 09:30:00+00:00,319.69
5286,2013-07-03 10:00:00+00:00,351.91
5286,2013-07-03 10:30:00+00:00,197.59
5286,2013-07-03 11:00:00+00:00,178.87
5286,2013-07-03 11:30:00+00:00,446.69
5286,2013-07-03 12:00:00+00:00,188.73
5286,2013-07-03 12:30:00+00:00,325.39
5286,2013-07-03 13:00:00+00:00,256.91
5286,2013-07-03 13:30:00+00:00,323.22
5286,2013-07-03 14:00:00+00:00,332.65
5286,2013-07-03 14:30:00+00:00,295.51
5286,2013-07-03 15:00:00+00:00,235.73
5286,2013-07-03 15:30:00+00:00,66.06
5286,2013-07-03 16:00:00+00:00,259.01
5286,2013-07-03 16:30:00+00:00,147.71
5286,2013-07-03 17:00:00+00:00,45.61
5286,2013-07-03 17:30:00+00:00,56.9
5286,2013-07-03 18:00:00+00:00,72.14
5286,2013-07-03 18:30:00+00:00,58.22
5286,2013-07-03 19:00:00+00:00,25.56
5286,2013-07-03 19:30:00+00:00,27.42
5286,2013-07-03 20:00:00+00:00,5.23
5286,2013-07-03 20:30:00+00:00,0.01
5286,2013-07-03 21:00:00+00:00,0.01
5286,2013-07-03 21:30:00+00:00,0.0
5286,2013-07-03 22:00:00+00:00,0.0
5286,2013-07-03 22:30:00+00:00,0.0
5286,2013-07-03 23:00:00+00:00,0.0
5286,2013-07-03 23:30:00+00:00,0.0
5286,2013-07-04 00:00:00+00:00,0.0
5286,2013-07-04 00:30:00+00:00,0.0
5286,2013-07-04 01:00:00+00:00,0.0
5286,2013-07-04 01:30:00+00:00,0.0
5286,2013-07-04 02:00:00+00:00,0.0
5286,2013-07-04 02:30:00+00:00,0.0
5286,2013-07-04 03:00:00+00:00,0.0
5286,2013-07-04 03:30:00+00:00,0.0
5286,2013-07-04 04:00:00+00:00,0.0
5286,2013-07-04 04:30:00+00:00,6.21
5286,2013-07-04 05:00:00+00:00,23.14
5286,2013-07-04 05:30:00+00:00,28.42
5286,2013-07-04 06:00:00+00:00,46.58
5286,2013-07-04 06:30:00+00:00,75.4
5286,2013-07-04 07:00:00+00:00,105.62
5286,2013-07-04 07:30:00+00:00,163.48
5286,2013-07-04 08:00:00+00:00,168.87
5286,2013-07-04 08:30:00+00:00,182.11
5286,2013-07-04 09:00:00+00:00,219.85
5286,2013-07-04 09:30:00+00:00,247.39
5286,2013-07-04 10:00:00+00:00,506.55
5286,2013-07-04 10:30:00+00:00,863.0
5286,2013-07-04 11:00:00+00:00,826.45
5286,2013-07-04 11:30:00+00:00,738.1
5286,2013-07-04 12:00:00+00:00,525.35
5286,2013-07-04 12:30:00+00:00,594.2
5286,2013-07-04 13:00:00+00:00,695.75
5286,2013-07-04 13:30:00+00:00,851.4
5286,2013-07-04 14:00:00+00:00,488.96
5286,2013-07-04 14:30:00+00:00,433.89
5286,2013-07-04 15:00:00+00:00,213.94
5286,2013-07-04 15:30:00+00:00,238.78
5286,2013-07-04 16:00:00+00:00,283.33
5286,2013-07-04 16:30:00+00:00,190.98
5286,2013-07-04 17:00:00+00:00,185.46
5286,2013-07-04 17:30:00+00:00,135.81
5286,2013-07-04 18:00:00+00:00,70.0
5286,2013-07-04 18:30:00+00:00,61.27
5286,2013-07-04 19:00:00+00:00,37.55
5286,2013-07-04 19:30:00+00:00,17.57
5286,2013-07-04 20:00:00+00:00,1.74
5286,2013-07-04 20:30:00+00:00,0.01
5286,2013-07-04 21:00:00+00:00,0.01
5286,2013-07-04 21:30:00+00:00,0.0
5286,2013-07-04 22:00:00+00:00,0.0
5286,2013-07-04 22:30:00+00:00,0.0
5286,2013-07-04 23:00:00+00:00,0.0
5286,2013-07-04 23:30:00+00:00,0.0
5286,2013-07-05 00:00:00+00:00,0.0
5286,2013-07-05 00:30:00+00:00,0.0
5286,2013-07-05 01:00:00+00:00,0.0
5286,2013-07-05 01:30:00+00:00,0.0
5286,2013-07-05 02:00:00+00:00,0.0
5286,2013-07-05 02:30:00+00:00,0.0
5286,2013-07-05 03:00:00+00:00,0.0
5286,2013-07-05 03:30:00+00:00,0.0
5286,2013-07-05 04:00:00+00:00,0.0
5286,2013-07-05 04:30:00+00:00,0.76
5286,2013-07-05 05:00:00+00:00,12.09
5286,2013-07-05 05:30:00+00:00,42.02
5286,2013-07-05 06:00:00+00:00,110.16
5286,2013-07-05 06:30:00+00:00,233.57
5286,2013-07-05 07:00:00+00:00,255.65
5286,2013-07-05 07:30:00+00:00,181.98
5286,2013-07-05 08:00:00+00:00,387.21
5286,2013-07-05 08:30:00+00:00,662.6
5286,2013-07-05 09:00:00+00:00,739.5
5286,2013-07-05 09:30:00+00:00,788.2
5286,2013-07-05 10:00:00+00:00,832.05
5286,2013-07-05 10:30:00+00:00,674.3
5286,2013-07-05 11:00:00+00:00,504.8
5286,2013-07-05 11:30:00+00:00,738.35
5286,2013-07-05 12:00:00+00:00,840.4
5286,2013-07-05 12:30:00+00:00,739.6
5286,2013-07-05 13:00:00+00:00,881.7
5286,2013-07-05 13:30:00+00:00,833.0
5286,2013-07-05 14:00:00+00:00,752.45
5286,2013-07-05 14:30:00+00:00,716.55
5286,2013-07-05 15:00:00+00:00,627.45
5286,2013-07-05 15:30:00+00:00,491.73
5286,2013-07-05 16:00:00+00:00,353.7
5286,2013-07-05 16:30:00+00:00,231.81
5286,2013-07-05 17:00:00+00:00,161.7
5286,2013-07-05 17:30:00+00:00,108.77
5286,2013-07-05 18:00:00+00:00,75.33
5286,2013-07-05 18:30:00+00:00,54.78
5286,2013-07-05 19:00:00+00:00,33.09
5286,2013-07-05 19:30:00+00:00,15.32
5286,2013-07-05 20:00:00+00:00,1.27
5286,2013-07-05 20:30:00+00:00,0.01
5286,2013-07-05 21:00:00+00:00,0.01
5286,2013-07-05 21:30:00+00:00,0.0
5286,2013-07-05 22:00:00+00:00,0.0
5286,2013-07-05 22:30:00+00:00,0.0
5286,2013-07-05 23:00:00+00:00,0.0
5286,2013-07-05 23:30:00+00:00,0.0
5286,2013-07-06 00:00:00+00:00,0.0
5286,2013-07-06 00:30:00+00:00,0.0
5286,2013-07-06 01:00:00+00:00,0.0
5286,2013-07-06 01:30:00+00:00,0.0
5286,2013-07-06 02:00:00+00:00,0.0
5286,2013-07-06 02:30:00+00:00,0.0
5286,2013-07-06 03:00:00+00:00,0.0
5286,2013-07-06 03:30:00+00:00,0.0
5286,2013-07-06 04:00:00+00:00,0.0
5286,2013-07-06 04:30:00+00:00,4.44
5286,2013-07-06 05:00:00+00:00,27.27
5286,2013-07-06 05:30:00+00:00,53.99
5286,2013-07-06 06:00:00+00:00,155.63
5286,2013-07-06 06:30:00+00:00,277.56
5286,2013-07-06 07:00:00+00:00,402.52
5286,2013-07-06 07:30:00+00:00,504.7
5286,2013-07-06 08:00:00+00:00,597.65
5286,2013-07-06 08:30:00+00:00,687.35
5286,2013-07-06 09:00:00+00:00,757.7
5286,2013-07-06 09:30:00+00:00,829.5
5286,2013-07-06 10:00:00+00:00,874.3
5286,2013-07-06 10:30:00+00:00,895.85
5286,2013-07-06 11:00:00+00:00,927.2
5286,2013-07-06 11:30:00+00:00,952.7
5286,2013-07-06 12:00:00+00:00,961.35
5286,2013-07-06 12:30:00+00:00,938.85
5286,2013-07-06 13:00:00+00:00,889.35
5286,2013-07-06 13:30:00+00:00,826.65
5286,2013-07-06 14:00:00+00:00,775.0
5286,2013-07-06 14:30:00+00:00,705.6
5286,2013-07-06 15:00:00+00:00,586.3
5286,2013-07-06 15:30:00+00:00,496.06
5286,2013-07-06 16:00:00+00:00,359.93
5286,2013-07-06 16:30:00+00:00,225.81
5286,2013-07-06 17:00:00+00:00,154.07
5286,2013-07-06 17:30:00+00:00,100.91
5286,2013-07-06 18:00:00+00:00,65.96
5286,2013-07-06 18:30:00+00:00,50.38
5286,2013-07-06 19:00:00+00:00,30.9
5286,2013-07-06 19:30:00+00:00,15.56
5286,2013-07-06 20:00:00+00:00,2.71
5286,2013-07-06 20:30:00+00:00,0.01
5286,2013-07-06 21:00:00+00:00,0.0
5286,2013-07-06 21:30:00+00:00,0.0
5286,2013-07-06 22:00:00+00:00,0.0
5286,2013-07-06 22:30:00+00:00,0.0
5286,2013-07-06 23:00:00+00:00,0.0
5286,2013-07-06 23:30:00+00:00,0.0
5286,2013-07-07 00:00:00+00:00,0.0
5286,2013-07-07 00:30:00+00:00,0.0
5286,2013-07-07 01:00:00+00:00,0.0
5286,2013-07-07 01:30:00+00:00,0.0
5286,2013-07-07 02:00:00+00:00,0.0
5286,2013-07-07 02:30:00+00:00,0.0
5286,2013-07-07 03:00:00+00:00,0.0
5286,2013-07-07 03:30:00+00:00,0.0
5286,2013-07-07 04:00:00+00:00,0.0
5286,2013-07-07 04:30:00+00:00,1.99
5286,2013-07-07 05:00:00+00:00,20.13
5286,2013-07-07 05:30:00+00:00,49.4
5286,2013-07-07 06:00:00+00:00,130.93
5286,2013-07-07 06:30:00+00:00,248.57
5286,2013-07-07 07:00:00+00:00,371.5
5286,2013-07-07 07:30:00+00:00,490.07
5286,2013-07-07 08:00:00+00:00,595.6
5286,2013-07-07 08:30:00+00:00,678.45
5286,2013-07-07 09:00:00+00:00,744.8
5286,2013-07-07 09:30:00+00:00,813.85
5286,2013-07-07 10:00:00+00:00,838.25
5286,2013-07-07 10:30:00+00:00,773.55
5286,2013-07-07 11:00:00+00:00,893.05
5286,2013-07-07 11:30:00+00:00,725.05
5286,2013-07-07 12:00:00+00:00,768.8
5286,2013-07-07 12:30:00+00:00,788.65
5286,2013-07-07 13:00:00+00:00,833.5
5286,2013-07-07 13:30:00+00:00,825.85
5286,2013-07-07 14:00:00+00:00,767.4
5286,2013-07-07 14:30:00+00:00,694.1
5286,2013-07-07 15:00:00+00:00,608.6
5286,2013-07-07 15:30:00+00:00,492.84
5286,2013-07-07 16:00:00+00:00,361.46
5286,2013-07-07 16:30:00+00:00,223.1
5286,2013-07-07 17:00:00+00:00,149.68
5286,2013-07-07 17:30:00+00:00,95.32
5286,2013-07-07 18:00:00+00:00,61.44
5286,2013-07-07 18:30:00+00:00,48.94
5286,2013-07-07 19:00:00+00:00,35.04
5286,2013-07-07 19:30:00+00:00,19.13
5286,2013-07-07 20:00:00+00:00,3.57
5286,2013-07-07 20:30:00+00:00,0.01
5286,2013-07-07 21:00:00+00:00,0.0
5286,2013-07-07 21:30:00+00:00,0.0
5286,2013-07-07 22:00:00+00:00,0.0
5286,2013-07-07 22:30:00+00:00,0.0
5286,2013-07-07 23:00:00+00:00,0.0
5286,2013-07-07 23:30:00+00:00,0.0
5286,2013-07-08 00:00:00+00:00,0.0
5286,2013-07-08 00:30:00+00:00,0.0
5286,2013-07-08 01:00:00+00:00,0.0
5286,2013-07-08 01:30:00+00:00,0.0
5286,2013-07-08 02:00:00+00:00,0.0
5286,2013-07-08 02:30:00+00:00,0.0
5286,2013-07-08 03:00:00+00:00,0.0
5286,2013-07-08 03:30:00+00:00,0.0
5286,2013-07-08 04:00:00+00:00,0.0
5286,2013-07-08 04:30:00+00:00,2.79
5286,2013-07-08 05:00:00+00:00,20.92
5286,2013-07-08 05:30:00+00:00,45.44
5286,2013-07-08 06:00:00+00:00,140.25
5286,2013-07-08 06:30:00+00:00,268.18
5286,2013-07-08 07:00:00+00:00,390.34
5286,2013-07-08 07:30:00+00:00,509.1
5286,2013-07-08 08:00:00+00:00,613.4
5286,2013-07-08 08:30:00+00:00,699.2
5286,2013-07-08 09:00:00+00:00,775.45
5286,2013-07-08 09:30:00+00:00,840.15
5286,2013-07-08 10:00:00+00:00,882.85
5286,2013-07-08 10:30:00+00:00,912.0
5286,2013-07-08 11:00:00+00:00,935.75
5286,2013-07-08 11:30:00+00:00,933.25
5286,2013-07-08 12:00:00+00:00,925.5
5286,2013-07-08 12:30:00+00:00,904.7
5286,2013-07-08 13:00:00+00:00,871.9
5286,2013-07-08 13:30:00+00:00,825.3
5286,2013-07-08 14:00:00+00:00,771.45
5286,2013-07-08 14:30:00+00:00,691.85
5286,2013-07-08 15:00:00+00:00,608.5
5286,2013-07-08 15:30:00+00:00,485.88
5286,2013-07-08 16:00:00+00:00,355.33
5286,2013-07-08 16:30:00+00:00,220.54
5286,2013-07-08 17:00:00+00:00,146.63
5286,2013-07-08 17:30:00+00:00,93.31
5286,2013-07-08 18:00:00+00:00,58.14
5286,2013-07-08 18:30:00+00:00,43.31
5286,2013-07-08 19:00:00+00:00,28.54
5286,2013-07-08 19:30:00+00:00,14.25
5286,2013-07-08 20:00:00+00:00,1.55
5286,2013-07-08 20:30:00+00:00,0.01
5286,2013-07-08 21:00:00+00:00,0.01
5286,2013-07-08 21:30:00+00:00,0.0
5286,2013-07-08 22:00:00+00:00,0.0
5286,2013-07-08 22:30:00+00:00,0.0
5286,2013-07-08 23:00:00+00:00,0.0
5286,2013-07-08 23:30:00+00:00,0.0
5286,2013-07-09 00:00:00+00:00,0.0
5286,2013-07-09 00:30:00+00:00,0.0
5286,2013-07-09 01:00:00+00:00,0.0
5286,2013-07-09 01:30:00+00:00,0.0
5286,2013-07-09 02:00:00+00:00,0.0
5286,2013-07-09 02:30:00+00:00,0.0
5286,2013-07-09 03:00:00+00:00,0.0
5286,2013-07-09 03:30:00+00:00,0.0
5286,2013-07-09 04:00:00+00:00,0.0
5286,2013-07-09 04:30:00+00:00,2.63
5286,2013-07-09 05:00:00+00:00,20.96
5286,2013-07-09 05:30:00+00:00,46.52
5286,2013-07-09 06:00:00+00:00,139.18
5286,2013-07-09 06:30:00+00:00,270.3
5286,2013-07-09 07:00:00+00:00,393.4
5286,2013-07-09 07:30:00+00:00,507.7
5286,2013-07-09 08:00:00+00:00,608.65
5286,2013-07-09 08:30:00+00:00,691.3
5286,2013-07-09 09:00:00+00:00,770.4
5286,2013-07-09 09:30:00+00:00,830.65
5286,2013-07-09 10:00:00+00:00,877.8
5286,2013-07-09 10:30:00+00:00,907.8
5286,2013-07-09 11:00:00+00:00,925.65
5286,2013-07-09 11:30:00+00:00,937.6
5286,2013-07-09 12:00:00+00:00,924.05
5286,2013-07-09 12:30:00+00:00,899.85
5286,2013-07-09 13:00:00+00:00,871.55
5286,2013-07-09 13:30:00+00:00,830.35
5286,2013-07-09 14:00:00+00:00,768.5
5286,2013-07-09 14:30:00+00:00,700.55
5286,2013-07-09 15:00:00+00:00,614.05
5286,2013-07-09 15:30:00+00:00,489.89
5286,2013-07-09 16:00:00+00:00,356.1
5286,2013-07-09 16:30:00+00:00,221.4
5286,2013-07-09 17:00:00+00:00,153.91
5286,2013-07-09 17:30:00+00:00,102.9
5286,2013-07-09 18:00:00+00:00,68.21
5286,2013-07-09 18:30:00+00:00,52.36
5286,2013-07-09 19:00:00+00:00,34.94
5286,2013-07-09 19:30:00+00:00,16.94
5286,2013-07-09 20:00:00+00:00,2.06
5286,2013-07-09 20:30:00+00:00,0.01
5286,2013-07-09 21:00:00+00:00,0.01
5286,2013-07-09 21:30:00+00:00,0.0
5286,2013-07-09 22:00:00+00:00,0.0
5286,2013-07-09 22:30:00+00:00,0.0
5286,2013-07-09 23:00:00+00:00,0.0
5286,2013-07-09 23:30:00+00:00,0.0
5286,2013-07-10 00:00:00+00:00,0.0
5286,2013-07-10 00:30:00+00:00,0.0
5286,2013-07-10 01:00:00+00:00,0.0
5286,2013-07-10 01:30:00+00:00,0.0
5286,2013-07-10 02:00:00+00:00,0.0
5286,2013-07-10 02:30:00+00:00,0.0
5286,2013-07-10 03:00:00+00:00,0.0
5286,2013-07-10 03:30:00+00:00,0.0
5286,2013-07-10 04:00:00+00:00,0.0
5286,2013-07-10 04:30:00+00:00,1.14
5286,2013-07-10 05:00:00+00:00,18.76
5286,2013-07-10 05:30:00+00:00,44.71
5286,2013-07-10 06:00:00+00:00,135.38
5286,2013-07-10 06:30:00+00:00,265.69
5286,2013-07-10 07:00:00+00:00,395.87
5286,2013-07-10 07:30:00+00:00,514.75
5286,2013-07-10 08:00:00+00:00,605.35
5286,2013-07-10 08:30:00+00:00,694.35
5286,2013-07-10 09:00:00+00:00,768.35
5286,2013-07-10 09:30:00+00:00,752.0
5286,2013-07-10 10:00:00+00:00,849.8
5286,2013-07-10 10:30:00+00:00,801.75
5286,2013-07-10 11:00:00+00:00,828.15
5286,2013-07-10 11:30:00+00:00,885.7
5286,2013-07-10 12:00:00+00:00,853.4
5286,2013-07-10 12:30:00+00:00,825.15
5286,2013-07-10 13:00:00+00:00,785.7
5286,2013-07-10 13:30:00+00:00,824.3
5286,2013-07-10 14:00:00+00:00,705.8
5286,2013-07-10 14:30:00+00:00,685.0
5286,2013-07-10 15:00:00+00:00,578.65
5286,2013-07-10 15:30:00+00:00,506.6
5286,2013-07-10 16:00:00+00:00,349.16
5286,2013-07-10 16:30:00+00:00,229.99
5286,2013-07-10 17:00:00+00:00,147.32
5286,2013-07-10 17:30:00+00:00,90.96
5286,2013-07-10 18:00:00+00:00,56.66
5286,2013-07-10 18:30:00+00:00,42.16
5286,2013-07-10 19:00:00+00:00,26.54
5286,2013-07-10 19:30:00+00:00,14.84
5286,2013-07-10 20:00:00+00:00,1.83
5286,2013-07-10 20:30:00+00:00,0.01
5286,2013-07-10 21:00:00+00:00,0.01
5286,2013-07-10 21:30:00+00:00,0.0
5286,2013-07-10 22:00:00+00:00,0.0
5286,2013-07-10 22:30:00+00:00,0.0
5286,2013-07-10 23:00:00+00:00,0.0
5286,2013-07-10 23:30:00+00:00,0.0
5286,2013-07-11 00:00:00+00:00,0.0
5286,2013-07-11 00:30:00+00:00,0.0
5286,2013-07-11 01:00:00+00:00,0.0
5286,2013-07-11 01:30:00+00:00,0.0
5286,2013-07-11 02:00:00+00:00,0.0
5286,2013-07-11 02:30:00+00:00,0.0
5286,2013-07-11 03:00:00+00:00,0.0
5286,2013-07-11 03:30:00+00:00,0.0
5286,2013-07-11 04:00:00+00:00,0.0
5286,2013-07-11 04:30:00+00:00,0.0
5286,2013-07-11 05:00:00+00:00,1.77
5286,2013-07-11 05:30:00+00:00,16.16
5286,2013-07-11 06:00:00+00:00,36.63
5286,2013-07-11 06:30:00+00:00,66.96
5286,2013-07-11 07:00:00+00:00,96.77
5286,2013-07-11 07:30:00+00:00,143.37
5286,2013-07-11 08:00:00+00:00,228.78
5286,2013-07-11 08:30:00+00:00,240.38
5286,2013-07-11 09:00:00+00:00,338.13
5286,2013-07-11 09:30:00+00:00,594.75
5286,2013-07-11 10:00:00+00:00,579.05
5286,2013-07-11 10:30:00+00:00,666.2
5286,2013-07-11 11:00:00+00:00,822.9
5286,2013-07-11 11:30:00+00:00,910.65
5286,2013-07-11 12:00:00+00:00,948.6
5286,2013-07-11 12:30:00+00:00,916.35
5286,2013-07-11 13:00:00+00:00,893.55
5286,2013-07-11 13:30:00+00:00,849.8
5286,2013-07-11 14:00:00+00:00,786.25
5286,2013-07-11 14:30:00+00:00,705.95
5286,2013-07-11 15:00:00+00:00,635.55
5286,2013-07-11 15:30:00+00:00,519.45
5286,2013-07-11 16:00:00+00:00,359.07
5286,2013-07-11 16:30:00+00:00,237.23
5286,2013-07-11 17:00:00+00:00,160.95
5286,2013-07-11 17:30:00+00:00,96.93
5286,2013-07-11 18:00:00+00:00,57.68
5286,2013-07-11 18:30:00+00:00,44.2
5286,2013-07-11 19:00:00+00:00,24.03
5286,2013-07-11 19:30:00+00:00,12.36
5286,2013-07-11 20:00:00+00:00,2.76
5286,2013-07-11 20:30:00+00:00,0.01
5286,2013-07-11 21:00:00+00:00,0.0
5286,2013-07-11 21:30:00+00:00,0.0
5286,2013-07-11 22:00:00+00:00,0.0
5286,2013-07-11 22:30:00+00:00,0.0
5286,2013-07-11 23:00:00+00:00,0.0
5286,2013-07-11 23:30:00+00:00,0.0
5286,2013-07-12 00:00:00+00:00,0.0
5286,2013-07-12 00:30:00+00:00,0.0
5286,2013-07-12 01:00:00+00:00,0.0
5286,2013-07-12 01:30:00+00:00,0.0
5286,2013-07-12 02:00:00+00:00,0.0
5286,2013-07-12 02:30:00+00:00,0.0
5286,2013-07-12 03:00:00+00:00,0.0
5286,2013-07-12 03:30:00+00:00,0.0
5286,2013-07-12 04:00:00+00:00,0.0
5286,2013-07-12 04:30:00+00:00,0.0
5286,2013-07-12 05:00:00+00:00,0.16
5286,2013-07-12 05:30:00+00:00,8.18
5286,2013-07-12 06:00:00+00:00,24.2
5286,2013-07-12 06:30:00+00:00,40.08
5286,2013-07-12 07:00:00+00:00,49.91
5286,2013-07-12 07:30:00+00:00,67.4
5286,2013-07-12 08:00:00+00:00,81.44
5286,2013-07-12 08:30:00+00:00,111.55
5286,2013-07-12 09:00:00+00:00,183.43
5286,2013-07-12 09:30:00+00:00,209.82
5286,2013-07-12 10:00:00+00:00,224.13
5286,2013-07-12 10:30:00+00:00,305.14
5286,2013-07-12 11:00:00+00:00,497.5
5286,2013-07-12 11:30:00+00:00,793.1
5286,2013-07-12 12:00:00+00:00,902.95
5286,2013-07-12 12:30:00+00:00,897.5
5286,2013-07-12 13:00:00+00:00,841.4
5286,2013-07-12 13:30:00+00:00,782.75
5286,2013-07-12 14:00:00+00:00,733.55
5286,2013-07-12 14:30:00+00:00,669.75
5286,2013-07-12 15:00:00+00:00,597.15
5286,2013-07-12 15:30:00+00:00,461.8
5286,2013-07-12 16:00:00+00:00,350.14
5286,2013-07-12 16:30:00+00:00,223.11
5286,2013-07-12 17:00:00+00:00,198.17
5286,2013-07-12 17:30:00+00:00,156.78
5286,2013-07-12 18:00:00+00:00,81.55
5286,2013-07-12 18:30:00+00:00,75.41
5286,2013-07-12 19:00:00+00:00,39.5
5286,2013-07-12 19:30:00+00:00,17.46
5286,2013-07-12 20:00:00+00:00,1.51
5286,2013-07-12 20:30:00+00:00,0.01
5286,2013-07-12 21:00:00+00:00,0.0
5286,2013-07-12 21:30:00+00:00,0.0
5286,2013-07-12 22:00:00+00:00,0.0
5286,2013-07-12 22:30:00+00:00,0.0
5286,2013-07-12 23:00:00+00:00,0.0
5286,2013-07-12 23:30:00+00:00,0.0
5286,2013-07-13 00:00:00+00:00,0.0
5286,2013-07-13 00:30:00+00:00,0.0
5286,2013-07-13 01:00:00+00:00,0.0
5286,2013-07-13 01:30:00+00:00,0.0
5286,2013-07-13 02:00:00+00:00,0.0
5286,2013-07-13 02:30:00+00:00,0.0
5286,2013-07-13 03:00:00+00:00,0.0
5286,2013-07-13 03:30:00+00:00,0.0
5286,2013-07-13 04:00:00+00:00,0.0
5286,2013-07-13 04:30:00+00:00,1.04
5286,2013-07-13 05:00:00+00:00,23.43
5286,2013-07-13 05:30:00+00:00,61.51
5286,2013-07-13 06:00:00+00:00,107.72
5286,2013-07-13 06:30:00+00:00,172.22
5286,2013-07-13 07:00:00+00:00,261.68
5286,2013-07-13 07:30:00+00:00,379.92
5286,2013-07-13 08:00:00+00:00,500.2
5286,2013-07-13 08:30:00+00:00,602.15
5286,2013-07-13 09:00:00+00:00,686.3
5286,2013-07-13 09:30:00+00:00,772.3
5286,2013-07-13 10:00:00+00:00,823.15
5286,2013-07-13 10:30:00+00:00,846.35
5286,2013-07-13 11:00:00+00:00,861.5
5286,2013-07-13 11:30:00+00:00,872.55
5286,2013-07-13 12:00:00+00:00,889.15
5286,2013-07-13 12:30:00+00:00,774.6
5286,2013-07-13 13:00:00+00:00,712.25
5286,2013-07-13 13:30:00+00:00,698.9
5286,2013-07-13 14:00:00+00:00,739.0
5286,2013-07-13 14:30:00+00:00,683.4
5286,2013-07-13 15:00:00+00:00,612.05
5286,2013-07-13 15:30:00+00:00,494.66
5286,2013-07-13 16:00:00+00:00,358.98
5286,2013-07-13 16:30:00+00:00,226.95
5286,2013-07-13 17:00:00+00:00,147.28
5286,2013-07-13 17:30:00+00:00,93.38
5286,2013-07-13 18:00:00+00:00,57.59
5286,2013-07-13 18:30:00+00:00,42.26
5286,2013-07-13 19:00:00+00:00,27.52
5286,2013-07-13 19:30:00+00:00,9.2
5286,2013-07-13 20:00:00+00:00,0.01
5286,2013-07-13 20:30:00+00:00,0.01
5286,2013-07-13 21:00:00+00:00,0.01
5286,2013-07-13 21:30:00+00:00,0.0
5286,2013-07-13 22:00:00+00:00,0.0
5286,2013-07-13 22:30:00+00:00,0.0
5286,2013-07-13 23:00:00+00:00,0.0
5286,2013-07-13 23:30:00+00:00,0.0
5286,2013-07-14 00:00:00+00:00,0.0
5286,2013-07-14 00:30:00+00:00,0.0
5286,2013-07-14 01:00:00+00:00,0.0
5286,2013-07-14 01:30:00+00:00,0.0
5286,2013-07-14 02:00:00+00:00,0.0
5286,2013-07-14 02:30:00+00:00,0.0
5286,2013-07-14 03:00:00+00:00,0.0
5286,2013-07-14 03:30:00+00:00,0.0
5286,2013-07-14 04:00:00+00:00,0.0
5286,2013-07-14 04:30:00+00:00,0.09
5286,2013-07-14 05:00:00+00:00,23.02
5286,2013-07-14 05:30:00+00:00,51.3
5286,2013-07-14 06:00:00+00:00,65.13
5286,2013-07-14 06:30:00+00:00,147.82
5286,2013-07-14 07:00:00+00:00,282.68
5286,2013-07-14 07:30:00+00:00,359.22
5286,2013-07-14 08:00:00+00:00,499.27
5286,2013-07-14 08:30:00+00:00,568.25
5286,2013-07-14 09:00:00+00:00,624.35
5286,2013-07-14 09:30:00+00:00,730.3
5286,2013-07-14 10:00:00+00:00,815.6
5286,2013-07-14 10:30:00+00:00,709.55
5286,2013-07-14 11:00:00+00:00,748.7
5286,2013-07-14 11:30:00+00:00,663.0
5286,2013-07-14 12:00:00+00:00,572.4
5286,2013-07-14 12:30:00+00:00,923.85
5286,2013-07-14 13:00:00+00:00,831.15
5286,2013-07-14 13:30:00+00:00,811.3
5286,2013-07-14 14:00:00+00:00,776.05
5286,2013-07-14 14:30:00+00:00,684.45
5286,2013-07-14 15:00:00+00:00,575.55
5286,2013-07-14 15:30:00+00:00,464.99
5286,2013-07-14 16:00:00+00:00,283.73
5286,2013-07-14 16:30:00+00:00,240.88
5286,2013-07-14 17:00:00+00:00,162.19
5286,2013-07-14 17:30:00+00:00,132.86
5286,2013-07-14 18:00:00+00:00,91.98
5286,2013-07-14 18:30:00+00:00,75.53
5286,2013-07-14 19:00:00+00:00,45.64
5286,2013-07-14 19:30:00+00:00,20.12
5286,2013-07-14 20:00:00+00:00,0.9
5286,2013-07-14 20:30:00+00:00,0.01
5286,2013-07-14 21:00:00+00:00,0.01
5286,2013-07-14 21:30:00+00:00,0.0
5286,2013-07-14 22:00:00+00:00,0.0
5286,2013-07-14 22:30:00+00:00,0.0
5286,2013-07-14 23:00:00+00:00,0.0
5286,2013-07-14 23:30:00+00:00,0.0
5286,2013-07-15 00:00:00+00:00,0.0
5286,2013-07-15 00:30:00+00:00,0.0
5286,2013-07-15 01:00:00+00:00,0.0
5286,2013-07-15 01:30:00+00:00,0.0
5286,2013-07-15 02:00:00+00:00,0.0
5286,2013-07-15 02:30:00+00:00,0.0
5286,2013-07-15 03:00:00+00:00,0.0
5286,2013-07-15 03:30:00+00:00,0.0
5286,2013-07-15 04:00:00+00:00,0.0
5286,2013-07-15 04:30:00+00:00,1.19
5286,2013-07-15 05:00:00+00:00,16.88
5286,2013-07-15 05:30:00+00:00,39.3
5286,2013-07-15 06:00:00+00:00,120.76
5286,2013-07-15 06:30:00+00:00,256.89
5286,2013-07-15 07:00:00+00:00,390.6
5286,2013-07-15 07:30:00+00:00,511.85
5286,2013-07-15 08:00:00+00:00,616.65
5286,2013-07-15 08:30:00+00:00,688.1
5286,2013-07-15 09:00:00+00:00,771.55
5286,2013-07-15 09:30:00+00:00,839.9
5286,2013-07-15 10:00:00+00:00,863.25
5286,2013-07-15 10:30:00+00:00,899.5
5286,2013-07-15 11:00:00+00:00,898.65
5286,2013-07-15 11:30:00+00:00,899.7
5286,2013-07-15 12:00:00+00:00,933.2
5286,2013-07-15 12:30:00+00:00,878.8
5286,2013-07-15 13:00:00+00:00,771.95
5286,2013-07-15 13:30:00+00:00,747.45
5286,2013-07-15 14:00:00+00:00,723.6
5286,2013-07-15 14:30:00+00:00,446.82
5286,2013-07-15 15:00:00+00:00,546.7
5286,2013-07-15 15:30:00+00:00,427.19
5286,2013-07-15 16:00:00+00:00,352.94
5286,2013-07-15 16:30:00+00:00,190.51
5286,2013-07-15 17:00:00+00:00,149.52
5286,2013-07-15 17:30:00+00:00,118.47
5286,2013-07-15 18:00:00+00:00,94.7
5286,2013-07-15 18:30:00+00:00,82.72
5286,2013-07-15 19:00:00+00:00,44.61
5286,2013-07-15 19:30:00+00:00,14.02
5286,2013-07-15 20:00:00+00:00,0.65
5286,2013-07-15 20:30:00+00:00,0.01
5286,2013-07-15 21:00:00+00:00,0.0
5286,2013-07-15 21:30:00+00:00,0.0
5286,2013-07-15 22:00:00+00:00,0.0
5286,2013-07-15 22:30:00+00:00,0.0
5286,2013-07-15 23:00:00+00:00,0.0
5286,2013-07-15 23:30:00+00:00,0.0
5286,2013-07-16 00:00:00+00:00,0.0
5286,2013-07-16 00:30:00+00:00,0.0
5286,2013-07-16 01:00:00+00:00,0.0
5286,2013-07-16 01:30:00+00:00,0.0
5286,2013-07-16 02:00:00+00:00,0.0
5286,2013-07-16 02:30:00+00:00,0.0
5286,2013-07-16 03:00:00+00:00,0.0
5286,2013-07-16 03:30:00+00:00,0.0
5286,2013-07-16 04:00:00+00:00,0.0
5286,2013-07-16 04:30:00+00:00,0.02
5286,2013-07-16 05:00:00+00:00,12.58
5286,2013-07-16 05:30:00+00:00,44.74
5286,2013-07-16 06:00:00+00:00,95.28
5286,2013-07-16 06:30:00+00:00,168.02
5286,2013-07-16 07:00:00+00:00,232.94
5286,2013-07-16 07:30:00+00:00,260.71
5286,2013-07-16 08:00:00+00:00,350.52
5286,2013-07-16 08:30:00+00:00,376.39
5286,2013-07-16 09:00:00+00:00,436.63
5286,2013-07-16 09:30:00+00:00,581.95
5286,2013-07-16 10:00:00+00:00,645.25
5286,2013-07-16 10:30:00+00:00,751.85
5286,2013-07-16 11:00:00+00:00,752.8
5286,2013-07-16 11:30:00+00:00,791.7
5286,2013-07-16 12:00:00+00:00,764.35
5286,2013-07-16 12:30:00+00:00,748.0
5286,2013-07-16 13:00:00+00:00,731.45
5286,2013-07-16 13:30:00+00:00,619.15
5286,2013-07-16 14:00:00+00:00,563.05
5286,2013-07-16 14:30:00+00:00,553.9
5286,2013-07-16 15:00:00+00:00,520.8
5286,2013-07-16 15:30:00+00:00,377.07
5286,2013-07-16 16:00:00+00:00,314.53
5286,2013-07-16 16:30:00+00:00,238.97
5286,2013-07-16 17:00:00+00:00,179.5
5286,2013-07-16 17:30:00+00:00,124.43
5286,2013-07-16 18:00:00+00:00,97.67
5286,2013-07-16 18:30:00+00:00,71.11
5286,2013-07-16 19:00:00+00:00,36.41
5286,2013-07-16 19:30:00+00:00,6.06
5286,2013-07-16 20:00:00+00:00,0.02
5286,2013-07-16 20:30:00+00:00,0.01
5286,2013-07-16 21:00:00+00:00,0.01
5286,2013-07-16 21:30:00+00:00,0.0
5286,2013-07-16 22:00:00+00:00,0.0
5286,2013-07-16 22:30:00+00:00,0.0
5286,2013-07-16 23:00:00+00:00,0.0
5286,2013-07-16 23:30:00+00:00,0.0
5286,2013-07-17 00:00:00+00:00,0.0
5286,2013-07-17 00:30:00+00:00,0.0
5286,2013-07-17 01:00:00+00:00,0.0
5286,2013-07-17 01:30:00+00:00,0.0
5286,2013-07-17 02:00:00+00:00,0.0
5286,2013-07-17 02:30:00+00:00,0.0
5286,2013-07-17 03:00:00+00:00,0.0
5286,2013-07-17 03:30:00+00:00,0.0
5286,2013-07-17 04:00:00+00:00,0.0
5286,2013-07-17 04:30:00+00:00,0.01
5286,2013-07-17 05:00:00+00:00,7.12
5286,2013-07-17 05:30:00+00:00,37.0
5286,2013-07-17 06:00:00+00:00,74.08
5286,2013-07-17 06:30:00+00:00,158.05
5286,2013-07-17 07:00:00+00:00,322.44
5286,2013-07-17 07:30:00+00:00,468.79
5286,2013-07-17 08:00:00+00:00,566.9
5286,2013-07-17 08:30:00+00:00,651.2
5286,2013-07-17 09:00:00+00:00,691.65
5286,2013-07-17 09:30:00+00:00,762.65
5286,2013-07-17 10:00:00+00:00,819.2
5286,2013-07-17 10:30:00+00:00,866.4
5286,2013-07-17 11:00:00+00:00,918.55
5286,2013-07-17 11:30:00+00:00,916.0
5286,2013-07-17 12:00:00+00:00,912.1
5286,2013-07-17 12:30:00+00:00,893.65
5286,2013-07-17 13:00:00+00:00,854.05
5286,2013-07-17 13:30:00+00:00,798.45
5286,2013-07-17 14:00:00+00:00,773.9
5286,2013-07-17 14:30:00+00:00,701.85
5286,2013-07-17 15:00:00+00:00,608.45
5286,2013-07-17 15:30:00+00:00,482.82
5286,2013-07-17 16:00:00+00:00,347.31
5286,2013-07-17 16:30:00+00:00,218.49
5286,2013-07-17 17:00:00+00:00,149.02
5286,2013-07-17 17:30:00+00:00,94.99
5286,2013-07-17 18:00:00+00:00,60.89
5286,2013-07-17 18:30:00+00:00,44.08
5286,2013-07-17 19:00:00+00:00,28.18
5286,2013-07-17 19:30:00+00:00,10.14
5286,2013-07-17 20:00:00+00:00,0.02
5286,2013-07-17 20:30:00+00:00,0.01
5286,2013-07-17 21:00:00+00:00,0.0
5286,2013-07-17 21:30:00+00:00,0.0
5286,2013-07-17 22:00:00+00:00,0.0
5286,2013-07-17 22:30:00+00:00,0.0
5286,2013-07-17 23:00:00+00:00,0.0
5286,2013-07-17 23:30:00+00:00,0.0
5286,2013-07-18 00:00:00+00:00,0.0
5286,2013-07-18 00:30:00+00:00,0.0
5286,2013-07-18 01:00:00+00:00,0.0
5286,2013-07-18 01:30:00+00:00,0.0
5286,2013-07-18 02:00:00+00:00,0.0
5286,2013-07-18 02:30:00+00:00,0.0
5286,2013-07-18 03:00:00+00:00,0.0
5286,2013-07-18 03:30:00+00:00,0.0
5286,2013-07-18 04:00:00+00:00,0.0
5286,2013-07-18 04:30:00+00:00,0.15
5286,2013-07-18 05:00:00+00:00,14.46
5286,2013-07-18 05:30:00+00:00,44.11
5286,2013-07-18 06:00:00+00:00,105.93
5286,2013-07-18 06:30:00+00:00,219.95
5286,2013-07-18 07:00:00+00:00,334.98
5286,2013-07-18 07:30:00+00:00,455.43
5286,2013-07-18 08:00:00+00:00,573.25
5286,2013-07-18 08:30:00+00:00,674.85
5286,2013-07-18 09:00:00+00:00,748.7
5286,2013-07-18 09:30:00+00:00,808.6
5286,2013-07-18 10:00:00+00:00,846.85
5286,2013-07-18 10:30:00+00:00,871.3
5286,2013-07-18 11:00:00+00:00,893.9
5286,2013-07-18 11:30:00+00:00,906.9
5286,2013-07-18 12:00:00+00:00,905.3
5286,2013-07-18 12:30:00+00:00,898.6
5286,2013-07-18 13:00:00+00:00,875.45
5286,2013-07-18 13:30:00+00:00,764.3
5286,2013-07-18 14:00:00+00:00,738.75
5286,2013-07-18 14:30:00+00:00,700.6
5286,2013-07-18 15:00:00+00:00,619.4
5286,2013-07-18 15:30:00+00:00,495.56
5286,2013-07-18 16:00:00+00:00,361.69
5286,2013-07-18 16:30:00+00:00,212.08
5286,2013-07-18 17:00:00+00:00,135.22
5286,2013-07-18 17:30:00+00:00,73.92
5286,2013-07-18 18:00:00+00:00,41.11
5286,2013-07-18 18:30:00+00:00,32.25
5286,2013-07-18 19:00:00+00:00,22.66
5286,2013-07-18 19:30:00+00:00,10.63
5286,2013-07-18 20:00:00+00:00,0.51
5286,2013-07-18 20:30:00+00:00,0.01
5286,2013-07-18 21:00:00+00:00,0.01
5286,2013-07-18 21:30:00+00:00,0.0
5286,2013-07-18 22:00:00+00:00,0.0
5286,2013-07-18 22:30:00+00:00,0.0
5286,2013-07-18 23:00:00+00:00,0.0
5286,2013-07-18 23:30:00+00:00,0.0
5286,2013-07-19 00:00:00+00:00,0.0
5286,2013-07-19 00:30:00+00:00,0.0
5286,2013-07-19 01:00:00+00:00,0.0
5286,2013-07-19 01:30:00+00:00,0.0
5286,2013-07-19 02:00:00+00:00,0.0
5286,2013-07-19 02:30:00+00:00,0.0
5286,2013-07-19 03:00:00+00:00,0.0
5286,2013-07-19 03:30:00+00:00,0.0
5286,2013-07-19 04:00:00+00:00,0.0
5286,2013-07-19 04:30:00+00:00,0.04
5286,2013-07-19 05:00:00+00:00,11.67
5286,2013-07-19 05:30:00+00:00,32.13
5286,2013-07-19 06:00:00+00:00,105.28
5286,2013-07-19 06:30:00+00:00,247.27
5286,2013-07-19 07:00:00+00:00,376.02
5286,2013-07-19 07:30:00+00:00,498.95
5286,2013-07-19 08:00:00+00:00,604.35
5286,2013-07-19 08:30:00+00:00,693.1
5286,2013-07-19 09:00:00+00:00,768.35
5286,2013-07-19 09:30:00+00:00,840.6
5286,2013-07-19 10:00:00+00:00,889.55
5286,2013-07-19 10:30:00+00:00,927.7
5286,2013-07-19 11:00:00+00:00,952.05
5286,2013-07-19 11:30:00+00:00,952.2
5286,2013-07-19 12:00:00+00:00,941.45
5286,2013-07-19 12:30:00+00:00,921.85
5286,2013-07-19 13:00:00+00:00,891.45
5286,2013-07-19 13:30:00+00:00,840.95
5286,2013-07-19 14:00:00+00:00,784.8
5286,2013-07-19 14:30:00+00:00,717.55
5286,2013-07-19 15:00:00+00:00,628.3
5286,2013-07-19 15:30:00+00:00,487.7
5286,2013-07-19 16:00:00+00:00,350.51
5286,2013-07-19 16:30:00+00:00,195.8
5286,2013-07-19 17:00:00+00:00,112.49
5286,2013-07-19 17:30:00+00:00,51.21
5286,2013-07-19 18:00:00+00:00,31.22
5286,2013-07-19 18:30:00+00:00,25.02
5286,2013-07-19 19:00:00+00:00,17.91
5286,2013-07-19 19:30:00+00:00,8.42
5286,2013-07-19 20:00:00+00:00,0.25
5286,2013-07-19 20:30:00+00:00,0.01
5286,2013-07-19 21:00:00+00:00,0.0
5286,2013-07-19 21:30:00+00:00,0.0
5286,2013-07-19 22:00:00+00:00,0.0
5286,2013-07-19 22:30:00+00:00,0.0
5286,2013-07-19 23:00:00+00:00,0.0
5286,2013-07-19 23:30:00+00:00,0.0
5286,2013-07-20 00:00:00+00:00,0.0
5286,2013-07-20 00:30:00+00:00,0.0
5286,2013-07-20 01:00:00+00:00,0.0
5286,2013-07-20 01:30:00+00:00,0.0
5286,2013-07-20 02:00:00+00:00,0.0
5286,2013-07-20 02:30:00+00:00,0.0
5286,2013-07-20 03:00:00+00:00,0.0
5286,2013-07-20 03:30:00+00:00,0.0
5286,2013-07-20 04:00:00+00:00,0.0
5286,2013-07-20 04:30:00+00:00,0.01
5286,2013-07-20 05:00:00+00:00,3.35
5286,2013-07-20 05:30:00+00:00,56.58
5286,2013-07-20 06:00:00+00:00,65.69
5286,2013-07-20 06:30:00+00:00,77.89
5286,2013-07-20 07:00:00+00:00,116.21
5286,2013-07-20 07:30:00+00:00,159.25
5286,2013-07-20 08:00:00+00:00,220.38
5286,2013-07-20 08:30:00+00:00,161.61
5286,2013-07-20 09:00:00+00:00,172.76
5286,2013-07-20 09:30:00+00:00,119.44
5286,2013-07-20 10:00:00+00:00,136.6
5286,2013-07-20 10:30:00+00:00,201.61
5286,2013-07-20 11:00:00+00:00,239.33
5286,2013-07-20 11:30:00+00:00,270.32
5286,2013-07-20 12:00:00+00:00,579.25
5286,2013-07-20 12:30:00+00:00,371.9
5286,2013-07-20 13:00:00+00:00,327.52
5286,2013-07-20 13:30:00+00:00,429.51
5286,2013-07-20 14:00:00+00:00,327.44
5286,2013-07-20 14:30:00+00:00,340.05
5286,2013-07-20 15:00:00+00:00,413.51
5286,2013-07-20 15:30:00+00:00,298.04
5286,2013-07-20 16:00:00+00:00,236.63
5286,2013-07-20 16:30:00+00:00,179.56
5286,2013-07-20 17:00:00+00:00,125.43
5286,2013-07-20 17:30:00+00:00,89.31
5286,2013-07-20 18:00:00+00:00,39.58
5286,2013-07-20 18:30:00+00:00,39.12
5286,2013-07-20 19:00:00+00:00,17.2
5286,2013-07-20 19:30:00+00:00,0.52
5286,2013-07-20 20:00:00+00:00,0.01
5286,2013-07-20 20:30:00+00:00,0.01
5286,2013-07-20 21:00:00+00:00,0.01
5286,2013-07-20 21:30:00+00:00,0.0
5286,2013-07-20 22:00:00+00:00,0.0
5286,2013-07-20 22:30:00+00:00,0.0
5286,2013-07-20 23:00:00+00:00,0.0
5286,2013-07-20 23:30:00+00:00,0.0
5286,2013-07-21 00:00:00+00:00,0.0
5286,2013-07-21 00:30:00+00:00,0.0
5286,2013-07-21 01:00:00+00:00,0.0
5286,2013-07-21 01:30:00+00:00,0.0
5286,2013-07-21 02:00:00+00:00,0.0
5286,2013-07-21 02:30:00+00:00,0.0
5286,2013-07-21 03:00:00+00:00,0.0
5286,2013-07-21 03:30:00+00:00,0.0
5286,2013-07-21 04:00:00+00:00,0.0
5286,2013-07-21 04:30:00+00:00,0.0
5286,2013-07-21 05:00:00+00:00,0.01
5286,2013-07-21 05:30:00+00:00,3.16
5286,2013-07-21 06:00:00+00:00,16.69
5286,2013-07-21 06:30:00+00:00,40.32
5286,2013-07-21 07:00:00+00:00,37.54
5286,2013-07-21 07:30:00+00:00,52.36
5286,2013-07-21 08:00:00+00:00,73.84
5286,2013-07-21 08:30:00+00:00,107.74
5286,2013-07-21 09:00:00+00:00,167.9
5286,2013-07-21 09:30:00+00:00,260.01
5286,2013-07-21 10:00:00+00:00,420.86
5286,2013-07-21 10:30:00+00:00,426.61
5286,2013-07-21 11:00:00+00:00,392.49
5286,2013-07-21 11:30:00+00:00,553.15
5286,2013-07-21 12:00:00+00:00,777.45
5286,2013-07-21 12:30:00+00:00,777.05
5286,2013-07-21 13:00:00+00:00,815.1
5286,2013-07-21 13:30:00+00:00,739.5
5286,2013-07-21 14:00:00+00:00,799.0
5286,2013-07-21 14:30:00+00:00,694.75
5286,2013-07-21 15:00:00+00:00,624.75
5286,2013-07-21 15:30:00+00:00,493.24
5286,2013-07-21 16:00:00+00:00,350.48
5286,2013-07-21 16:30:00+00:00,221.14
5286,2013-07-21 17:00:00+00:00,146.38
5286,2013-07-21 17:30:00+00:00,95.96
5286,2013-07-21 18:00:00+00:00,60.94
5286,2013-07-21 18:30:00+00:00,43.13
5286,2013-07-21 19:00:00+00:00,26.9
5286,2013-07-21 19:30:00+00:00,9.84
5286,2013-07-21 20:00:00+00:00,0.04
5286,2013-07-21 20:30:00+00:00,0.01
5286,2013-07-21 21:00:00+00:00,0.01
5286,2013-07-21 21:30:00+00:00,0.0
5286,2013-07-21 22:00:00+00:00,0.0
5286,2013-07-21 22:30:00+00:00,0.0
5286,2013-07-21 23:00:00+00:00,0.0
5286,2013-07-21 23:30:00+00:00,0.0
5286,2013-07-22 00:00:00+00:00,0.0
5286,2013-07-22 00:30:00+00:00,0.0
5286,2013-07-22 01:00:00+00:00,0.0
5286,2013-07-22 01:30:00+00:00,0.0
5286,2013-07-22 02:00:00+00:00,0.0
5286,2013-07-22 02:30:00+00:00,0.0
5286,2013-07-22 03:00:00+00:00,0.0
5286,2013-07-22 03:30:00+00:00,0.0
5286,2013-07-22 04:00:00+00:00,0.0
5286,2013-07-22 04:30:00+00:00,0.0
5286,2013-07-22 05:00:00+00:00,13.8
5286,2013-07-22 05:30:00+00:00,49.7
5286,2013-07-22 06:00:00+00:00,120.11
5286,2013-07-22 06:30:00+00:00,142.26
5286,2013-07-22 07:00:00+00:00,179.42
5286,2013-07-22 07:30:00+00:00,367.92
5286,2013-07-22 08:00:00+00:00,423.29
5286,2013-07-22 08:30:00+00:00,544.4
5286,2013-07-22 09:00:00+00:00,627.5
5286,2013-07-22 09:30:00+00:00,608.05
5286,2013-07-22 10:00:00+00:00,681.5
5286,2013-07-22 10:30:00+00:00,802.55
5286,2013-07-22 11:00:00+00:00,880.3
5286,2013-07-22 11:30:00+00:00,884.3
5286,2013-07-22 12:00:00+00:00,863.1
5286,2013-07-22 12:30:00+00:00,843.7
5286,2013-07-22 13:00:00+00:00,808.35
5286,2013-07-22 13:30:00+00:00,789.1
5286,2013-07-22 14:00:00+00:00,728.85
5286,2013-07-22 14:30:00+00:00,680.0
5286,2013-07-22 15:00:00+00:00,581.2
5286,2013-07-22 15:30:00+00:00,453.77
5286,2013-07-22 16:00:00+00:00,331.25
5286,2013-07-22 16:30:00+00:00,209.5
5286,2013-07-22 17:00:00+00:00,193.0
5286,2013-07-22 17:30:00+00:00,131.98
5286,2013-07-22 18:00:00+00:00,104.38
5286,2013-07-22 18:30:00+00:00,49.47
5286,2013-07-22 19:00:00+00:00,22.43
5286,2013-07-22 19:30:00+00:00,14.26
5286,2013-07-22 20:00:00+00:00,0.2
5286,2013-07-22 20:30:00+00:00,0.01
5286,2013-07-22 21:00:00+00:00,0.0
5286,2013-07-22 21:30:00+00:00,0.0
5286,2013-07-22 22:00:00+00:00,0.0
5286,2013-07-22 22:30:00+00:00,0.0
5286,2013-07-22 23:00:00+00:00,0.0
5286,2013-07-22 23:30:00+00:00,0.0
5286,2013-07-23 00:00:00+00:00,0.0
5286,2013-07-23 00:30:00+00:00,0.0
5286,2013-07-23 01:00:00+00:00,0.0
5286,2013-07-23 01:30:00+00:00,0.0
5286,2013-07-23 02:00:00+00:00,0.0
5286,2013-07-23 02:30:00+00:00,0.0
5286,2013-07-23 03:00:00+00:00,0.0
5286,2013-07-23 03:30:00+00:00,0.0
5286,2013-07-23 04:00:00+00:00,0.0
5286,2013-07-23 04:30:00+00:00,0.0
5286,2013-07-23 05:00:00+00:00,0.0
5286,2013-07-23 05:30:00+00:00,0.0
5286,2013-07-23 06:00:00+00:00,0.01
5286,2013-07-23 06:30:00+00:00,3.54
5286,2013-07-23 07:00:00+00:00,47.45
5286,2013-07-23 07:30:00+00:00,69.32
5286,2013-07-23 08:00:00+00:00,97.07
5286,2013-07-23 08:30:00+00:00,200.83
5286,2013-07-23 09:00:00+00:00,227.91
5286,2013-07-23 09:30:00+00:00,278.9
5286,2013-07-23 10:00:00+00:00,442.9
5286,2013-07-23 10:30:00+00:00,852.35
5286,2013-07-23 11:00:00+00:00,783.5
5286,2013-07-23 11:30:00+00:00,308.54
5286,2013-07-23 12:00:00+00:00,314.57
5286,2013-07-23 12:30:00+00:00,664.3
5286,2013-07-23 13:00:00+00:00,609.85
5286,2013-07-23 13:30:00+00:00,515.7
5286,2013-07-23 14:00:00+00:00,738.5
5286,2013-07-23 14:30:00+00:00,759.15
5286,2013-07-23 15:00:00+00:00,481.09
5286,2013-07-23 15:30:00+00:00,293.07
5286,2013-07-23 16:00:00+00:00,273.86
5286,2013-07-23 16:30:00+00:00,240.95
5286,2013-07-23 17:00:00+00:00,127.87
5286,2013-07-23 17:30:00+00:00,91.15
5286,2013-07-23 18:00:00+00:00,38.3
5286,2013-07-23 18:30:00+00:00,24.71
5286,2013-07-23 19:00:00+00:00,6.99
5286,2013-07-23 19:30:00+00:00,5.11
5286,2013-07-23 20:00:00+00:00,0.02
5286,2013-07-23 20:30:00+00:00,0.01
5286,2013-07-23 21:00:00+00:00,0.0
5286,2013-07-23 21:30:00+00:00,0.0
5286,2013-07-23 22:00:00+00:00,0.0
5286,2013-07-23 22:30:00+00:00,0.0
5286,2013-07-23 23:00:00+00:00,0.0
5286,2013-07-23 23:30:00+00:00,0.0
5286,2013-07-24 00:00:00+00:00,0.0
5286,2013-07-24 00:30:00+00:00,0.0
5286,2013-07-24 01:00:00+00:00,0.0
5286,2013-07-24 01:30:00+00:00,0.0
5286,2013-07-24 02:00:00+00:00,0.0
5286,2013-07-24 02:30:00+00:00,0.0
5286,2013-07-24 03:00:00+00:00,0.0
5286,2013-07-24 03:30:00+00:00,0.0
5286,2013-07-24 04:00:00+00:00,0.0
5286,2013-07-24 04:30:00+00:00,0.0
5286,2013-07-24 05:00:00+00:00,13.02
5286,2013-07-24 05:30:00+00:00,63.72
5286,2013-07-24 06:00:00+00:00,179.25
5286,2013-07-24 06:30:00+00:00,139.16
5286,2013-07-24 07:00:00+00:00,241.09
5286,2013-07-24 07:30:00+00:00,202.03
5286,2013-07-24 08:00:00+00:00,431.16
5286,2013-07-24 08:30:00+00:00,346.55
5286,2013-07-24 09:00:00+00:00,391.09
5286,2013-07-24 09:30:00+00:00,369.78
5286,2013-07-24 10:00:00+00:00,566.0
5286,2013-07-24 10:30:00+00:00,390.16
5286,2013-07-24 11:00:00+00:00,860.2
5286,2013-07-24 11:30:00+00:00,975.1
5286,2013-07-24 12:00:00+00:00,765.35
5286,2013-07-24 12:30:00+00:00,938.6
5286,2013-07-24 13:00:00+00:00,894.9
5286,2013-07-24 13:30:00+00:00,854.85
5286,2013-07-24 14:00:00+00:00,787.0
5286,2013-07-24 14:30:00+00:00,724.55
5286,2013-07-24 15:00:00+00:00,574.95
5286,2013-07-24 15:30:00+00:00,333.09
5286,2013-07-24 16:00:00+00:00,247.29
5286,2013-07-24 16:30:00+00:00,158.67
5286,2013-07-24 17:00:00+00:00,163.47
5286,2013-07-24 17:30:00+00:00,68.87
5286,2013-07-24 18:00:00+00:00,41.52
5286,2013-07-24 18:30:00+00:00,27.29
5286,2013-07-24 19:00:00+00:00,16.69
5286,2013-07-24 19:30:00+00:00,6.42
5286,2013-07-24 20:00:00+00:00,0.01
5286,2013-07-24 20:30:00+00:00,0.01
5286,2013-07-24 21:00:00+00:00,0.0
5286,2013-07-24 21:30:00+00:00,0.0
5286,2013-07-24 22:00:00+00:00,0.0
5286,2013-07-24 22:30:00+00:00,0.0
5286,2013-07-24 23:00:00+00:00,0.0
5286,2013-07-24 23:30:00+00:00,0.0
5286,2013-07-25 00:00:00+00:00,0.0
5286,2013-07-25 00:30:00+00:00,0.0
5286,2013-07-25 01:00:00+00:00,0.0
5286,2013-07-25 01:30:00+00:00,0.0
5286,2013-07-25 02:00:00+00:00,0.0
5286,2013-07-25 02:30:00+00:00,0.0
5286,2013-07-25 03:00:00+00:00,0.0
5286,2013-07-25 03:30:00+00:00,0.0
5286,2013-07-25 04:00:00+00:00,0.0
5286,2013-07-25 04:30:00+00:00,0.0
5286,2013-07-25 05:00:00+00:00,0.0
5286,2013-07-25 05:30:00+00:00,0.18
5286,2013-07-25 06:00:00+00:00,50.91
5286,2013-07-25 06:30:00+00:00,69.32
5286,2013-07-25 07:00:00+00:00,132.32
5286,2013-07-25 07:30:00+00:00,364.11
5286,2013-07-25 08:00:00+00:00,572.8
5286,2013-07-25 08:30:00+00:00,410.69
5286,2013-07-25 09:00:00+00:00,340.73
5286,2013-07-25 09:30:00+00:00,322.57
5286,2013-07-25 10:00:00+00:00,788.65
5286,2013-07-25 10:30:00+00:00,515.85
5286,2013-07-25 11:00:00+00:00,358.56
5286,2013-07-25 11:30:00+00:00,384.72
5286,2013-07-25 12:00:00+00:00,938.75
5286,2013-07-25 12:30:00+00:00,518.65
5286,2013-07-25 13:00:00+00:00,571.9
5286,2013-07-25 13:30:00+00:00,663.95
5286,2013-07-25 14:00:00+00:00,516.7
5286,2013-07-25 14:30:00+00:00,499.42
5286,2013-07-25 15:00:00+00:00,432.51
5286,2013-07-25 15:30:00+00:00,380.89
5286,2013-07-25 16:00:00+00:00,265.45
5286,2013-07-25 16:30:00+00:00,225.97
5286,2013-07-25 17:00:00+00:00,134.64
5286,2013-07-25 17:30:00+00:00,66.73
5286,2013-07-25 18:00:00+00:00,36.48
5286,2013-07-25 18:30:00+00:00,30.6
5286,2013-07-25 19:00:00+00:00,22.93
5286,2013-07-25 19:30:00+00:00,7.5
5286,2013-07-25 20:00:00+00:00,0.01
5286,2013-07-25 20:30:00+00:00,0.01
5286,2013-07-25 21:00:00+00:00,0.0
5286,2013-07-25 21:30:00+00:00,0.0
5286,2013-07-25 22:00:00+00:00,0.0
5286,2013-07-25 22:30:00+00:00,0.0
5286,2013-07-25 23:00:00+00:00,0.0
5286,2013-07-25 23:30:00+00:00,0.0
5286,2013-07-26 00:00:00+00:00,0.0
5286,2013-07-26 00:30:00+00:00,0.0
5286,2013-07-26 01:00:00+00:00,0.0
5286,2013-07-26 01:30:00+00:00,0.0
5286,2013-07-26 02:00:00+00:00,0.0
5286,2013-07-26 02:30:00+00:00,0.0
5286,2013-07-26 03:00:00+00:00,0.0
5286,2013-07-26 03:30:00+00:00,0.0
5286,2013-07-26 04:00:00+00:00,0.0
5286,2013-07-26 04:30:00+00:00,0.0
5286,2013-07-26 05:00:00+00:00,0.56
5286,2013-07-26 05:30:00+00:00,15.16
5286,2013-07-26 06:00:00+00:00,61.35
5286,2013-07-26 06:30:00+00:00,141.25
5286,2013-07-26 07:00:00+00:00,187.06
5286,2013-07-26 07:30:00+00:00,167.21
5286,2013-07-26 08:00:00+00:00,220.67
5286,2013-07-26 08:30:00+00:00,280.1
5286,2013-07-26 09:00:00+00:00,387.81
5286,2013-07-26 09:30:00+00:00,342.56
5286,2013-07-26 10:00:00+00:00,471.38
5286,2013-07-26 10:30:00+00:00,480.65
5286,2013-07-26 11:00:00+00:00,390.34
5286,2013-07-26 11:30:00+00:00,783.35
5286,2013-07-26 12:00:00+00:00,719.8
5286,2013-07-26 12:30:00+00:00,713.5
5286,2013-07-26 13:00:00+00:00,997.8
5286,2013-07-26 13:30:00+00:00,858.0
5286,2013-07-26 14:00:00+00:00,750.55
5286,2013-07-26 14:30:00+00:00,679.15
5286,2013-07-26 15:00:00+00:00,562.1
5286,2013-07-26 15:30:00+00:00,449.47
5286,2013-07-26 16:00:00+00:00,274.7
5286,2013-07-26 16:30:00+00:00,252.93
5286,2013-07-26 17:00:00+00:00,175.5
5286,2013-07-26 17:30:00+00:00,124.06
5286,2013-07-26 18:00:00+00:00,79.78
5286,2013-07-26 18:30:00+00:00,47.53
5286,2013-07-26 19:00:00+00:00,23.8
5286,2013-07-26 19:30:00+00:00,6.24
5286,2013-07-26 20:00:00+00:00,0.42
5286,2013-07-26 20:30:00+00:00,0.01
5286,2013-07-26 21:00:00+00:00,0.0
5286,2013-07-26 21:30:00+00:00,0.0
5286,2013-07-26 22:00:00+00:00,0.0
5286,2013-07-26 22:30:00+00:00,0.0
5286,2013-07-26 23:00:00+00:00,0.0
5286,2013-07-26 23:30:00+00:00,0.0
5286,2013-07-27 00:00:00+00:00,0.0
5286,2013-07-27 00:30:00+00:00,0.0
5286,2013-07-27 01:00:00+00:00,0.0
5286,2013-07-27 01:30:00+00:00,0.0
5286,2013-07-27 02:00:00+00:00,0.0
5286,2013-07-27 02:30:00+00:00,0.0
5286,2013-07-27 03:00:00+00:00,0.0
5286,2013-07-27 03:30:00+00:00,0.0
5286,2013-07-27 04:00:00+00:00,0.0
5286,2013-07-27 04:30:00+00:00,0.0
5286,2013-07-27 05:00:00+00:00,0.3
5286,2013-07-27 05:30:00+00:00,19.67
5286,2013-07-27 06:00:00+00:00,57.45
5286,2013-07-27 06:30:00+00:00,89.1
5286,2013-07-27 07:00:00+00:00,107.31
5286,2013-07-27 07:30:00+00:00,155.16
5286,2013-07-27 08:00:00+00:00,185.08
5286,2013-07-27 08:30:00+00:00,386.8
5286,2013-07-27 09:00:00+00:00,224.92
5286,2013-07-27 09:30:00+00:00,583.25
5286,2013-07-27 10:00:00+00:00,584.1
5286,2013-07-27 10:30:00+00:00,746.6
5286,2013-07-27 11:00:00+00:00,794.0
5286,2013-07-27 11:30:00+00:00,731.2
5286,2013-07-27 12:00:00+00:00,932.85
5286,2013-07-27 12:30:00+00:00,928.0
5286,2013-07-27 13:00:00+00:00,825.7
5286,2013-07-27 13:30:00+00:00,811.95
5286,2013-07-27 14:00:00+00:00,523.8
5286,2013-07-27 14:30:00+00:00,449.53
5286,2013-07-27 15:00:00+00:00,285.89
5286,2013-07-27 15:30:00+00:00,224.15
5286,2013-07-27 16:00:00+00:00,278.51
5286,2013-07-27 16:30:00+00:00,198.34
5286,2013-07-27 17:00:00+00:00,143.54
5286,2013-07-27 17:30:00+00:00,80.12
5286,2013-07-27 18:00:00+00:00,33.18
5286,2013-07-27 18:30:00+00:00,4.41
5286,2013-07-27 19:00:00+00:00,0.01
5286,2013-07-27 19:30:00+00:00,0.01
5286,2013-07-27 20:00:00+00:00,0.01
5286,2013-07-27 20:30:00+00:00,0.0
5286,2013-07-27 21:00:00+00:00,0.0
5286,2013-07-27 21:30:00+00:00,0.0
5286,2013-07-27 22:00:00+00:00,0.0
5286,2013-07-27 22:30:00+00:00,0.0
5286,2013-07-27 23:00:00+00:00,0.0
5286,2013-07-27 23:30:00+00:00,0.0
5286,2013-07-28 00:00:00+00:00,0.0
5286,2013-07-28 00:30:00+00:00,0.0
5286,2013-07-28 01:00:00+00:00,0.0
5286,2013-07-28 01:30:00+00:00,0.0
5286,2013-07-28 02:00:00+00:00,0.0
5286,2013-07-28 02:30:00+00:00,0.0
5286,2013-07-28 03:00:00+00:00,0.0
5286,2013-07-28 03:30:00+00:00,0.0
5286,2013-07-28 04:00:00+00:00,0.0
5286,2013-07-28 04:30:00+00:00,0.0
5286,2013-07-28 05:00:00+00:00,2.01
5286,2013-07-28 05:30:00+00:00,25.76
5286,2013-07-28 06:00:00+00:00,74.79
5286,2013-07-28 06:30:00+00:00,169.43
5286,2013-07-28 07:00:00+00:00,282.41
5286,2013-07-28 07:30:00+00:00,420.68
5286,2013-07-28 08:00:00+00:00,486.46
5286,2013-07-28 08:30:00+00:00,581.3
5286,2013-07-28 09:00:00+00:00,609.45
5286,2013-07-28 09:30:00+00:00,640.5
5286,2013-07-28 10:00:00+00:00,709.2
5286,2013-07-28 10:30:00+00:00,691.95
5286,2013-07-28 11:00:00+00:00,362.48
5286,2013-07-28 11:30:00+00:00,597.55
5286,2013-07-28 12:00:00+00:00,847.45
5286,2013-07-28 12:30:00+00:00,882.95
5286,2013-07-28 13:00:00+00:00,875.25
5286,2013-07-28 13:30:00+00:00,791.25
5286,2013-07-28 14:00:00+00:00,724.7
5286,2013-07-28 14:30:00+00:00,737.4
5286,2013-07-28 15:00:00+00:00,613.15
5286,2013-07-28 15:30:00+00:00,435.05
5286,2013-07-28 16:00:00+00:00,217.8
5286,2013-07-28 16:30:00+00:00,228.84
5286,2013-07-28 17:00:00+00:00,136.13
5286,2013-07-28 17:30:00+00:00,65.27
5286,2013-07-28 18:00:00+00:00,62.46
5286,2013-07-28 18:30:00+00:00,44.76
5286,2013-07-28 19:00:00+00:00,13.96
5286,2013-07-28 19:30:00+00:00,3.22
5286,2013-07-28 20:00:00+00:00,0.01
5286,2013-07-28 20:30:00+00:00,0.01
5286,2013-07-28 21:00:00+00:00,0.0
5286,2013-07-28 21:30:00+00:00,0.0
5286,2013-07-28 22:00:00+00:00,0.0
5286,2013-07-28 22:30:00+00:00,0.0
5286,2013-07-28 23:00:00+00:00,0.0
5286,2013-07-28 23:30:00+00:00,0.0
5286,2013-07-29 00:00:00+00:00,0.0
5286,2013-07-29 00:30:00+00:00,0.0
5286,2013-07-29 01:00:00+00:00,0.0
5286,2013-07-29 01:30:00+00:00,0.0
5286,2013-07-29 02:00:00+00:00,0.0
5286,2013-07-29 02:30:00+00:00,0.0
5286,2013-07-29 03:00:00+00:00,0.0
5286,2013-07-29 03:30:00+00:00,0.0
5286,2013-07-29 04:00:00+00:00,0.0
5286,2013-07-29 04:30:00+00:00,0.0
5286,2013-07-29 05:00:00+00:00,0.03
5286,2013-07-29 05:30:00+00:00,10.55
5286,2013-07-29 06:00:00+00:00,52.21
5286,2013-07-29 06:30:00+00:00,213.49
5286,2013-07-29 07:00:00+00:00,262.4
5286,2013-07-29 07:30:00+00:00,325.01
5286,2013-07-29 08:00:00+00:00,323.45
5286,2013-07-29 08:30:00+00:00,565.85
5286,2013-07-29 09:00:00+00:00,426.55
5286,2013-07-29 09:30:00+00:00,401.08
5286,2013-07-29 10:00:00+00:00,705.95
5286,2013-07-29 10:30:00+00:00,574.85
5286,2013-07-29 11:00:00+00:00,547.9
5286,2013-07-29 11:30:00+00:00,651.7
5286,2013-07-29 12:00:00+00:00,759.6
5286,2013-07-29 12:30:00+00:00,587.45
5286,2013-07-29 13:00:00+00:00,888.5
5286,2013-07-29 13:30:00+00:00,689.15
5286,2013-07-29 14:00:00+00:00,486.9
5286,2013-07-29 14:30:00+00:00,733.65
5286,2013-07-29 15:00:00+00:00,558.5
5286,2013-07-29 15:30:00+00:00,367.55
5286,2013-07-29 16:00:00+00:00,321.9
5286,2013-07-29 16:30:00+00:00,193.4
5286,2013-07-29 17:00:00+00:00,116.04
5286,2013-07-29 17:30:00+00:00,68.47
5286,2013-07-29 18:00:00+00:00,36.21
5286,2013-07-29 18:30:00+00:00,13.69
5286,2013-07-29 19:00:00+00:00,2.9
5286,2013-07-29 19:30:00+00:00,0.02
5286,2013-07-29 20:00:00+00:00,0.01
5286,2013-07-29 20:30:00+00:00,0.01
5286,2013-07-29 21:00:00+00:00,0.0
5286,2013-07-29 21:30:00+00:00,0.0
5286,2013-07-29 22:00:00+00:00,0.0
5286,2013-07-29 22:30:00+00:00,0.0
5286,2013-07-29 23:00:00+00:00,0.0
5286,2013-07-29 23:30:00+00:00,0.0
5286,2013-07-30 00:00:00+00:00,0.0
5286,2013-07-30 00:30:00+00:00,0.0
5286,2013-07-30 01:00:00+00:00,0.0
5286,2013-07-30 01:30:00+00:00,0.0
5286,2013-07-30 02:00:00+00:00,0.0
5286,2013-07-30 02:30:00+00:00,0.0
5286,2013-07-30 03:00:00+00:00,0.0
5286,2013-07-30 03:30:00+00:00,0.0
5286,2013-07-30 04:00:00+00:00,0.0
5286,2013-07-30 04:30:00+00:00,0.0
5286,2013-07-30 05:00:00+00:00,2.93
5286,2013-07-30 05:30:00+00:00,21.6
5286,2013-07-30 06:00:00+00:00,34.52
5286,2013-07-30 06:30:00+00:00,98.4
5286,2013-07-30 07:00:00+00:00,84.91
5286,2013-07-30 07:30:00+00:00,75.93
5286,2013-07-30 08:00:00+00:00,68.91
5286,2013-07-30 08:30:00+00:00,61.24
5286,2013-07-30 09:00:00+00:00,72.35
5286,2013-07-30 09:30:00+00:00,57.24
5286,2013-07-30 10:00:00+00:00,91.15
5286,2013-07-30 10:30:00+00:00,176.84
5286,2013-07-30 11:00:00+00:00,224.03
5286,2013-07-30 11:30:00+00:00,148.1
5286,2013-07-30 12:00:00+00:00,142.16
5286,2013-07-30 12:30:00+00:00,172.29
5286,2013-07-30 13:00:00+00:00,126.28
5286,2013-07-30 13:30:00+00:00,173.66
5286,2013-07-30 14:00:00+00:00,171.78
5286,2013-07-30 14:30:00+00:00,213.7
5286,2013-07-30 15:00:00+00:00,95.45
5286,2013-07-30 15:30:00+00:00,243.6
5286,2013-07-30 16:00:00+00:00,236.07
5286,2013-07-30 16:30:00+00:00,161.35
5286,2013-07-30 17:00:00+00:00,134.84
5286,2013-07-30 17:30:00+00:00,87.87
5286,2013-07-30 18:00:00+00:00,72.27
5286,2013-07-30 18:30:00+00:00,43.78
5286,2013-07-30 19:00:00+00:00,24.74
5286,2013-07-30 19:30:00+00:00,5.04
5286,2013-07-30 20:00:00+00:00,0.01
5286,2013-07-30 20:30:00+00:00,0.01
5286,2013-07-30 21:00:00+00:00,0.0
5286,2013-07-30 21:30:00+00:00,0.0
5286,2013-07-30 22:00:00+00:00,0.0
5286,2013-07-30 22:30:00+00:00,0.0
5286,2013-07-30 23:00:00+00:00,0.0
5286,2013-07-30 23:30:00+00:00,0.0
5286,2013-07-31 00:00:00+00:00,0.0
5286,2013-07-31 00:30:00+00:00,0.0
5286,2013-07-31 01:00:00+00:00,0.0
5286,2013-07-31 01:30:00+00:00,0.0
5286,2013-07-31 02:00:00+00:00,0.0
5286,2013-07-31 02:30:00+00:00,0.0
5286,2013-07-31 03:00:00+00:00,0.0
5286,2013-07-31 03:30:00+00:00,0.0
5286,2013-07-31 04:00:00+00:00,0.0
5286,2013-07-31 04:30:00+00:00,0.0
5286,2013-07-31 05:00:00+00:00,0.73
5286,2013-07-31 05:30:00+00:00,28.63
5286,2013-07-31 06:00:00+00:00,54.27
5286,2013-07-31 06:30:00+00:00,167.87
5286,2013-07-31 07:00:00+00:00,210.6
5286,2013-07-31 07:30:00+00:00,240.0
5286,2013-07-31 08:00:00+00:00,293.04
5286,2013-07-31 08:30:00+00:00,184.46
5286,2013-07-31 09:00:00+00:00,160.01
5286,2013-07-31 09:30:00+00:00,120.99
5286,2013-07-31 10:00:00+00:00,198.96
5286,2013-07-31 10:30:00+00:00,251.55
5286,2013-07-31 11:00:00+00:00,426.79
5286,2013-07-31 11:30:00+00:00,694.2
5286,2013-07-31 12:00:00+00:00,653.95
5286,2013-07-31 12:30:00+00:00,264.15
5286,2013-07-31 13:00:00+00:00,342.49
5286,2013-07-31 13:30:00+00:00,698.3
5286,2013-07-31 14:00:00+00:00,707.6
5286,2013-07-31 14:30:00+00:00,597.6
5286,2013-07-31 15:00:00+00:00,453.22
5286,2013-07-31 15:30:00+00:00,309.64
5286,2013-07-31 16:00:00+00:00,145.75
5286,2013-07-31 16:30:00+00:00,162.89
5286,2013-07-31 17:00:00+00:00,142.4
5286,2013-07-31 17:30:00+00:00,111.04
5286,2013-07-31 18:00:00+00:00,89.32
5286,2013-07-31 18:30:00+00:00,54.17
5286,2013-07-31 19:00:00+00:00,10.07
5286,2013-07-31 19:30:00+00:00,0.61
5286,2013-07-31 20:00:00+00:00,0.01
5286,2013-07-31 20:30:00+00:00,0.01
5286,2013-07-31 21:00:00+00:00,0.0
5286,2013-07-31 21:30:00+00:00,0.0
5286,2013-07-31 22:00:00+00:00,0.0
5286,2013-07-31 22:30:00+00:00,0.0
5286,2013-07-31 23:00:00+00:00,0.0
5286,2013-07-31 23:30:00+00:00,0.0
5286,2013-08-01 00:30:00+00:00,0.0
5286,2013-08-01 01:00:00+00:00,0.0
5286,2013-08-01 01:30:00+00:00,0.0
5286,2013-08-01 02:00:00+00:00,0.0
5286,2013-08-01 02:30:00+00:00,0.0
5286,2013-08-01 03:00:00+00:00,0.0
5286,2013-08-01 03:30:00+00:00,0.0
5286,2013-08-01 04:00:00+00:00,0.0
5286,2013-08-01 04:30:00+00:00,0.0
5286,2013-08-01 05:00:00+00:00,2.47
5286,2013-08-01 05:30:00+00:00,19.83
5286,2013-08-01 06:00:00+00:00,71.08
5286,2013-08-01 06:30:00+00:00,217.52
5286,2013-08-01 07:00:00+00:00,351.29
5286,2013-08-01 07:30:00+00:00,477.6
5286,2013-08-01 08:00:00+00:00,587.9
5286,2013-08-01 08:30:00+00:00,683.6
5286,2013-08-01 09:00:00+00:00,763.05
5286,2013-08-01 09:30:00+00:00,835.7
5286,2013-08-01 10:00:00+00:00,883.1
5286,2013-08-01 10:30:00+00:00,914.45
5286,2013-08-01 11:00:00+00:00,934.95
5286,2013-08-01 11:30:00+00:00,939.25
5286,2013-08-01 12:00:00+00:00,929.55
5286,2013-08-01 12:30:00+00:00,905.5
5286,2013-08-01 13:00:00+00:00,871.7
5286,2013-08-01 13:30:00+00:00,828.15
5286,2013-08-01 14:00:00+00:00,766.1
5286,2013-08-01 14:30:00+00:00,690.0
5286,2013-08-01 15:00:00+00:00,605.65
5286,2013-08-01 15:30:00+00:00,483.41
5286,2013-08-01 16:00:00+00:00,339.24
5286,2013-08-01 16:30:00+00:00,204.75
5286,2013-08-01 17:00:00+00:00,105.25
5286,2013-08-01 17:30:00+00:00,97.36
5286,2013-08-01 18:00:00+00:00,50.89
5286,2013-08-01 18:30:00+00:00,21.3
5286,2013-08-01 19:00:00+00:00,23.62
5286,2013-08-01 19:30:00+00:00,4.83
5286,2013-08-01 20:00:00+00:00,0.01
5286,2013-08-01 20:30:00+00:00,0.0
5286,2013-08-01 21:00:00+00:00,0.0
5286,2013-08-01 21:30:00+00:00,0.0
5286,2013-08-01 22:00:00+00:00,0.0
5286,2013-08-01 22:30:00+00:00,0.0
5286,2013-08-01 23:00:00+00:00,0.0
5286,2013-08-01 23:30:00+00:00,0.0
5286,2013-08-02 00:00:00+00:00,0.0
5286,2013-08-02 00:30:00+00:00,0.0
5286,2013-08-02 01:00:00+00:00,0.0
5286,2013-08-02 01:30:00+00:00,0.0
5286,2013-08-02 02:00:00+00:00,0.0
5286,2013-08-02 02:30:00+00:00,0.0
5286,2013-08-02 03:00:00+00:00,0.0
5286,2013-08-02 03:30:00+00:00,0.0
5286,2013-08-02 04:00:00+00:00,0.0
5286,2013-08-02 04:30:00+00:00,0.0
5286,2013-08-02 05:00:00+00:00,2.27
5286,2013-08-02 05:30:00+00:00,22.91
5286,2013-08-02 06:00:00+00:00,83.8
5286,2013-08-02 06:30:00+00:00,179.91
5286,2013-08-02 07:00:00+00:00,126.75
5286,2013-08-02 07:30:00+00:00,212.12
5286,2013-08-02 08:00:00+00:00,187.66
5286,2013-08-02 08:30:00+00:00,68.08
5286,2013-08-02 09:00:00+00:00,143.53
5286,2013-08-02 09:30:00+00:00,243.04
5286,2013-08-02 10:00:00+00:00,265.37
5286,2013-08-02 10:30:00+00:00,275.6
5286,2013-08-02 11:00:00+00:00,134.72
5286,2013-08-02 11:30:00+00:00,338.14
5286,2013-08-02 12:00:00+00:00,332.73
5286,2013-08-02 12:30:00+00:00,380.18
5286,2013-08-02 13:00:00+00:00,389.37
5286,2013-08-02 13:30:00+00:00,342.45
5286,2013-08-02 14:00:00+00:00,359.3
5286,2013-08-02 14:30:00+00:00,382.92
5286,2013-08-02 15:00:00+00:00,633.25
5286,2013-08-02 15:30:00+00:00,443.48
5286,2013-08-02 16:00:00+00:00,355.46
5286,2013-08-02 16:30:00+00:00,221.96
5286,2013-08-02 17:00:00+00:00,136.97
5286,2013-08-02 17:30:00+00:00,67.08
5286,2013-08-02 18:00:00+00:00,30.56
5286,2013-08-02 18:30:00+00:00,22.89
5286,2013-08-02 19:00:00+00:00,15.96
5286,2013-08-02 19:30:00+00:00,1.13
5286,2013-08-02 20:00:00+00:00,0.01
5286,2013-08-02 20:30:00+00:00,0.0
5286,2013-08-02 21:00:00+00:00,0.0
5286,2013-08-02 21:30:00+00:00,0.0
5286,2013-08-02 22:00:00+00:00,0.0
5286,2013-08-02 22:30:00+00:00,0.0
5286,2013-08-02 23:00:00+00:00,0.0
5286,2013-08-02 23:30:00+00:00,0.0
5286,2013-08-03 00:00:00+00:00,0.0
5286,2013-08-03 00:30:00+00:00,0.0
5286,2013-08-03 01:00:00+00:00,0.0
5286,2013-08-03 01:30:00+00:00,0.0
5286,2013-08-03 02:00:00+00:00,0.0
5286,2013-08-03 02:30:00+00:00,0.0
5286,2013-08-03 03:00:00+00:00,0.0
5286,2013-08-03 03:30:00+00:00,0.0
5286,2013-08-03 04:00:00+00:00,0.0
5286,2013-08-03 04:30:00+00:00,0.0
5286,2013-08-03 05:00:00+00:00,1.75
5286,2013-08-03 05:30:00+00:00,20.97
5286,2013-08-03 06:00:00+00:00,70.34
5286,2013-08-03 06:30:00+00:00,222.57
5286,2013-08-03 07:00:00+00:00,321.92
5286,2013-08-03 07:30:00+00:00,343.69
5286,2013-08-03 08:00:00+00:00,392.52
5286,2013-08-03 08:30:00+00:00,352.25
5286,2013-08-03 09:00:00+00:00,632.7
5286,2013-08-03 09:30:00+00:00,586.1
5286,2013-08-03 10:00:00+00:00,842.65
5286,2013-08-03 10:30:00+00:00,610.85
5286,2013-08-03 11:00:00+00:00,640.15
5286,2013-08-03 11:30:00+00:00,702.25
5286,2013-08-03 12:00:00+00:00,566.4
5286,2013-08-03 12:30:00+00:00,574.5
5286,2013-08-03 13:00:00+00:00,539.75
5286,2013-08-03 13:30:00+00:00,522.8
5286,2013-08-03 14:00:00+00:00,531.95
5286,2013-08-03 14:30:00+00:00,698.55
5286,2013-08-03 15:00:00+00:00,494.24
5286,2013-08-03 15:30:00+00:00,484.02
5286,2013-08-03 16:00:00+00:00,285.16
5286,2013-08-03 16:30:00+00:00,173.69
5286,2013-08-03 17:00:00+00:00,86.61
5286,2013-08-03 17:30:00+00:00,47.42
5286,2013-08-03 18:00:00+00:00,35.94
5286,2013-08-03 18:30:00+00:00,27.84
5286,2013-08-03 19:00:00+00:00,14.04
5286,2013-08-03 19:30:00+00:00,2.09
5286,2013-08-03 20:00:00+00:00,0.01
5286,2013-08-03 20:30:00+00:00,0.01
5286,2013-08-03 21:00:00+00:00,0.0
5286,2013-08-03 21:30:00+00:00,0.0
5286,2013-08-03 22:00:00+00:00,0.0
5286,2013-08-03 22:30:00+00:00,0.0
5286,2013-08-03 23:00:00+00:00,0.0
5286,2013-08-03 23:30:00+00:00,0.0
5286,2013-08-04 00:00:00+00:00,0.0
5286,2013-08-04 00:30:00+00:00,0.0
5286,2013-08-04 01:00:00+00:00,0.0
5286,2013-08-04 01:30:00+00:00,0.0
5286,2013-08-04 02:00:00+00:00,0.0
5286,2013-08-04 02:30:00+00:00,0.0
5286,2013-08-04 03:00:00+00:00,0.0
5286,2013-08-04 03:30:00+00:00,0.0
5286,2013-08-04 04:00:00+00:00,0.0
5286,2013-08-04 04:30:00+00:00,0.0
5286,2013-08-04 05:00:00+00:00,17.24
5286,2013-08-04 05:30:00+00:00,42.61
5286,2013-08-04 06:00:00+00:00,66.5
5286,2013-08-04 06:30:00+00:00,160.29
5286,2013-08-04 07:00:00+00:00,256.43
5286,2013-08-04 07:30:00+00:00,568.45
5286,2013-08-04 08:00:00+00:00,680.2
5286,2013-08-04 08:30:00+00:00,603.85
5286,2013-08-04 09:00:00+00:00,724.05
5286,2013-08-04 09:30:00+00:00,851.5
5286,2013-08-04 10:00:00+00:00,934.55
5286,2013-08-04 10:30:00+00:00,589.2
5286,2013-08-04 11:00:00+00:00,920.7
5286,2013-08-04 11:30:00+00:00,827.2
5286,2013-08-04 12:00:00+00:00,776.2
5286,2013-08-04 12:30:00+00:00,652.65
5286,2013-08-04 13:00:00+00:00,711.1
5286,2013-08-04 13:30:00+00:00,550.7
5286,2013-08-04 14:00:00+00:00,614.2
5286,2013-08-04 14:30:00+00:00,630.1
5286,2013-08-04 15:00:00+00:00,556.85
5286,2013-08-04 15:30:00+00:00,303.87
5286,2013-08-04 16:00:00+00:00,306.74
5286,2013-08-04 16:30:00+00:00,190.38
5286,2013-08-04 17:00:00+00:00,140.16
5286,2013-08-04 17:30:00+00:00,108.9
5286,2013-08-04 18:00:00+00:00,70.85
5286,2013-08-04 18:30:00+00:00,41.58
5286,2013-08-04 19:00:00+00:00,20.65
5286,2013-08-04 19:30:00+00:00,0.3
5286,2013-08-04 20:00:00+00:00,0.01
5286,2013-08-04 20:30:00+00:00,0.0
5286,2013-08-04 21:00:00+00:00,0.0
5286,2013-08-04 21:30:00+00:00,0.0
5286,2013-08-04 22:00:00+00:00,0.0
5286,2013-08-04 22:30:00+00:00,0.0
5286,2013-08-04 23:00:00+00:00,0.0
5286,2013-08-04 23:30:00+00:00,0.0
5286,2013-08-05 00:00:00+00:00,0.0
5286,2013-08-05 00:30:00+00:00,0.0
5286,2013-08-05 01:00:00+00:00,0.0
5286,2013-08-05 01:30:00+00:00,0.0
5286,2013-08-05 02:00:00+00:00,0.0
5286,2013-08-05 02:30:00+00:00,0.0
5286,2013-08-05 03:00:00+00:00,0.0
5286,2013-08-05 03:30:00+00:00,0.0
5286,2013-08-05 04:00:00+00:00,0.0
5286,2013-08-05 04:30:00+00:00,0.0
5286,2013-08-05 05:00:00+00:00,0.0
5286,2013-08-05 05:30:00+00:00,16.97
5286,2013-08-05 06:00:00+00:00,47.95
5286,2013-08-05 06:30:00+00:00,96.79
5286,2013-08-05 07:00:00+00:00,210.7
5286,2013-08-05 07:30:00+00:00,203.42
5286,2013-08-05 08:00:00+00:00,286.53
5286,2013-08-05 08:30:00+00:00,403.96
5286,2013-08-05 09:00:00+00:00,487.15
5286,2013-08-05 09:30:00+00:00,482.08
5286,2013-08-05 10:00:00+00:00,706.65
5286,2013-08-05 10:30:00+00:00,481.24
5286,2013-08-05 11:00:00+00:00,532.75
5286,2013-08-05 11:30:00+00:00,413.46
5286,2013-08-05 12:00:00+00:00,233.99
5286,2013-08-05 12:30:00+00:00,62.99
5286,2013-08-05 13:00:00+00:00,46.94
5286,2013-08-05 13:30:00+00:00,650.2
5286,2013-08-05 14:00:00+00:00,735.15
5286,2013-08-05 14:30:00+00:00,598.5
5286,2013-08-05 15:00:00+00:00,620.65
5286,2013-08-05 15:30:00+00:00,490.49
5286,2013-08-05 16:00:00+00:00,272.9
5286,2013-08-05 16:30:00+00:00,101.66
5286,2013-08-05 17:00:00+00:00,0.01
5286,2013-08-05 17:30:00+00:00,38.37
5286,2013-08-05 18:00:00+00:00,65.52
5286,2013-08-05 18:30:00+00:00,31.62
5286,2013-08-05 19:00:00+00:00,16.97
5286,2013-08-05 19:30:00+00:00,5.22
5286,2013-08-05 20:00:00+00:00,0.01
5286,2013-08-05 20:30:00+00:00,0.01
5286,2013-08-05 21:00:00+00:00,0.0
5286,2013-08-05 21:30:00+00:00,0.0
5286,2013-08-05 22:00:00+00:00,0.0
5286,2013-08-05 22:30:00+00:00,0.0
5286,2013-08-05 23:00:00+00:00,0.0
5286,2013-08-05 23:30:00+00:00,0.0
5286,2013-08-06 00:00:00+00:00,0.0
5286,2013-08-06 00:30:00+00:00,0.0
5286,2013-08-06 01:00:00+00:00,0.0
5286,2013-08-06 01:30:00+00:00,0.0
5286,2013-08-06 02:00:00+00:00,0.0
5286,2013-08-06 02:30:00+00:00,0.0
5286,2013-08-06 03:00:00+00:00,0.0
5286,2013-08-06 03:30:00+00:00,0.0
5286,2013-08-06 04:00:00+00:00,0.0
5286,2013-08-06 04:30:00+00:00,0.0
5286,2013-08-06 05:00:00+00:00,0.39
5286,2013-08-06 05:30:00+00:00,16.74
5286,2013-08-06 06:00:00+00:00,52.04
5286,2013-08-06 06:30:00+00:00,123.09
5286,2013-08-06 07:00:00+00:00,265.86
5286,2013-08-06 07:30:00+00:00,458.47
5286,2013-08-06 08:00:00+00:00,605.55
5286,2013-08-06 08:30:00+00:00,716.05
5286,2013-08-06 09:00:00+00:00,792.35
5286,2013-08-06 09:30:00+00:00,850.5
5286,2013-08-06 10:00:00+00:00,681.35
5286,2013-08-06 10:30:00+00:00,684.45
5286,2013-08-06 11:00:00+00:00,695.3
5286,2013-08-06 11:30:00+00:00,469.48
5286,2013-08-06 12:00:00+00:00,955.4
5286,2013-08-06 12:30:00+00:00,951.9
5286,2013-08-06 13:00:00+00:00,784.25
5286,2013-08-06 13:30:00+00:00,641.8
5286,2013-08-06 14:00:00+00:00,604.2
5286,2013-08-06 14:30:00+00:00,508.15
5286,2013-08-06 15:00:00+00:00,358.89
5286,2013-08-06 15:30:00+00:00,257.2
5286,2013-08-06 16:00:00+00:00,244.23
5286,2013-08-06 16:30:00+00:00,126.1
5286,2013-08-06 17:00:00+00:00,122.0
5286,2013-08-06 17:30:00+00:00,84.14
5286,2013-08-06 18:00:00+00:00,14.78
5286,2013-08-06 18:30:00+00:00,17.45
5286,2013-08-06 19:00:00+00:00,17.55
5286,2013-08-06 19:30:00+00:00,1.14
5286,2013-08-06 20:00:00+00:00,0.01
5286,2013-08-06 20:30:00+00:00,0.01
5286,2013-08-06 21:00:00+00:00,0.0
5286,2013-08-06 21:30:00+00:00,0.0
5286,2013-08-06 22:00:00+00:00,0.0
5286,2013-08-06 22:30:00+00:00,0.0
5286,2013-08-06 23:00:00+00:00,0.0
5286,2013-08-06 23:30:00+00:00,0.0
5286,2013-08-07 00:00:00+00:00,0.0
5286,2013-08-07 00:30:00+00:00,0.0
5286,2013-08-07 01:00:00+00:00,0.0
5286,2013-08-07 01:30:00+00:00,0.0
5286,2013-08-07 02:00:00+00:00,0.0
5286,2013-08-07 02:30:00+00:00,0.0
5286,2013-08-07 03:00:00+00:00,0.0
5286,2013-08-07 03:30:00+00:00,0.0
5286,2013-08-07 04:00:00+00:00,0.0
5286,2013-08-07 04:30:00+00:00,0.0
5286,2013-08-07 05:00:00+00:00,0.02
5286,2013-08-07 05:30:00+00:00,15.13
5286,2013-08-07 06:00:00+00:00,25.92
5286,2013-08-07 06:30:00+00:00,61.25
5286,2013-08-07 07:00:00+00:00,101.6
5286,2013-08-07 07:30:00+00:00,149.96
5286,2013-08-07 08:00:00+00:00,182.62
5286,2013-08-07 08:30:00+00:00,222.3
5286,2013-08-07 09:00:00+00:00,286.76
5286,2013-08-07 09:30:00+00:00,433.59
5286,2013-08-07 10:00:00+00:00,361.7
5286,2013-08-07 10:30:00+00:00,678.3
5286,2013-08-07 11:00:00+00:00,485.63
5286,2013-08-07 11:30:00+00:00,487.1
5286,2013-08-07 12:00:00+00:00,735.85
5286,2013-08-07 12:30:00+00:00,589.25
5286,2013-08-07 13:00:00+00:00,647.0
5286,2013-08-07 13:30:00+00:00,789.0
5286,2013-08-07 14:00:00+00:00,628.15
5286,2013-08-07 14:30:00+00:00,485.55
5286,2013-08-07 15:00:00+00:00,322.95
5286,2013-08-07 15:30:00+00:00,307.44
5286,2013-08-07 16:00:00+00:00,305.4
5286,2013-08-07 16:30:00+00:00,318.03
5286,2013-08-07 17:00:00+00:00,198.74
5286,2013-08-07 17:30:00+00:00,118.78
5286,2013-08-07 18:00:00+00:00,56.45
5286,2013-08-07 18:30:00+00:00,16.14
5286,2013-08-07 19:00:00+00:00,4.5
5286,2013-08-07 19:30:00+00:00,0.02
5286,2013-08-07 20:00:00+00:00,0.01
5286,2013-08-07 20:30:00+00:00,0.0
5286,2013-08-07 21:00:00+00:00,0.0
5286,2013-08-07 21:30:00+00:00,0.0
5286,2013-08-07 22:00:00+00:00,0.0
5286,2013-08-07 22:30:00+00:00,0.0
5286,2013-08-07 23:00:00+00:00,0.0
5286,2013-08-07 23:30:00+00:00,0.0
5286,2013-08-08 00:00:00+00:00,0.0
5286,2013-08-08 00:30:00+00:00,0.0
5286,2013-08-08 01:00:00+00:00,0.0
5286,2013-08-08 01:30:00+00:00,0.0
5286,2013-08-08 02:00:00+00:00,0.0
5286,2013-08-08 02:30:00+00:00,0.0
5286,2013-08-08 03:00:00+00:00,0.0
5286,2013-08-08 03:30:00+00:00,0.0
5286,2013-08-08 04:00:00+00:00,0.0
5286,2013-08-08 04:30:00+00:00,0.0
5286,2013-08-08 05:00:00+00:00,0.61
5286,2013-08-08 05:30:00+00:00,17.5
5286,2013-08-08 06:00:00+00:00,55.63
5286,2013-08-08 06:30:00+00:00,156.69
5286,2013-08-08 07:00:00+00:00,348.63
5286,2013-08-08 07:30:00+00:00,476.15
5286,2013-08-08 08:00:00+00:00,587.8
5286,2013-08-08 08:30:00+00:00,679.2
5286,2013-08-08 09:00:00+00:00,760.15
5286,2013-08-08 09:30:00+00:00,760.45
5286,2013-08-08 10:00:00+00:00,798.25
5286,2013-08-08 10:30:00+00:00,395.89
5286,2013-08-08 11:00:00+00:00,634.25
5286,2013-08-08 11:30:00+00:00,747.45
5286,2013-08-08 12:00:00+00:00,591.0
5286,2013-08-08 12:30:00+00:00,646.9
5286,2013-08-08 13:00:00+00:00,860.85
5286,2013-08-08 13:30:00+00:00,894.8
5286,2013-08-08 14:00:00+00:00,755.65
5286,2013-08-08 14:30:00+00:00,512.95
5286,2013-08-08 15:00:00+00:00,564.9
5286,2013-08-08 15:30:00+00:00,490.87
5286,2013-08-08 16:00:00+00:00,319.7
5286,2013-08-08 16:30:00+00:00,193.14
5286,2013-08-08 17:00:00+00:00,135.8
5286,2013-08-08 17:30:00+00:00,68.77
5286,2013-08-08 18:00:00+00:00,67.87
5286,2013-08-08 18:30:00+00:00,21.82
5286,2013-08-08 19:00:00+00:00,10.41
5286,2013-08-08 19:30:00+00:00,0.02
5286,2013-08-08 20:00:00+00:00,0.01
5286,2013-08-08 20:30:00+00:00,0.0
5286,2013-08-08 21:00:00+00:00,0.0
5286,2013-08-08 21:30:00+00:00,0.0
5286,2013-08-08 22:00:00+00:00,0.0
5286,2013-08-08 22:30:00+00:00,0.0
5286,2013-08-08 23:00:00+00:00,0.0
5286,2013-08-08 23:30:00+00:00,0.0
5286,2013-08-09 00:00:00+00:00,0.0
5286,2013-08-09 00:30:00+00:00,0.0
5286,2013-08-09 01:00:00+00:00,0.0
5286,2013-08-09 01:30:00+00:00,0.0
5286,2013-08-09 02:00:00+00:00,0.0
5286,2013-08-09 02:30:00+00:00,0.0
5286,2013-08-09 03:00:00+00:00,0.0
5286,2013-08-09 03:30:00+00:00,0.0
5286,2013-08-09 04:00:00+00:00,0.0
5286,2013-08-09 04:30:00+00:00,0.0
5286,2013-08-09 05:00:00+00:00,0.0
5286,2013-08-09 05:30:00+00:00,42.52
5286,2013-08-09 06:00:00+00:00,56.53
5286,2013-08-09 06:30:00+00:00,0.1
5286,2013-08-09 07:00:00+00:00,15.31
5286,2013-08-09 07:30:00+00:00,42.3
5286,2013-08-09 08:00:00+00:00,78.48
5286,2013-08-09 08:30:00+00:00,157.85
5286,2013-08-09 09:00:00+00:00,167.46
5286,2013-08-09 09:30:00+00:00,246.1
5286,2013-08-09 10:00:00+00:00,692.45
5286,2013-08-09 10:30:00+00:00,827.35
5286,2013-08-09 11:00:00+00:00,575.95
5286,2013-08-09 11:30:00+00:00,856.85
5286,2013-08-09 12:00:00+00:00,796.55
5286,2013-08-09 12:30:00+00:00,480.41
5286,2013-08-09 13:00:00+00:00,837.35
5286,2013-08-09 13:30:00+00:00,626.8
5286,2013-08-09 14:00:00+00:00,716.2
5286,2013-08-09 14:30:00+00:00,765.4
5286,2013-08-09 15:00:00+00:00,581.85
5286,2013-08-09 15:30:00+00:00,350.74
5286,2013-08-09 16:00:00+00:00,297.84
5286,2013-08-09 16:30:00+00:00,226.74
5286,2013-08-09 17:00:00+00:00,126.36
5286,2013-08-09 17:30:00+00:00,107.49
5286,2013-08-09 18:00:00+00:00,48.22
5286,2013-08-09 18:30:00+00:00,40.93
5286,2013-08-09 19:00:00+00:00,7.59
5286,2013-08-09 19:30:00+00:00,0.01
5286,2013-08-09 20:00:00+00:00,0.01
5286,2013-08-09 20:30:00+00:00,0.0
5286,2013-08-09 21:00:00+00:00,0.0
5286,2013-08-09 21:30:00+00:00,0.0
5286,2013-08-09 22:00:00+00:00,0.0
5286,2013-08-09 22:30:00+00:00,0.0
5286,2013-08-09 23:00:00+00:00,0.0
5286,2013-08-09 23:30:00+00:00,0.0
5286,2013-08-10 00:00:00+00:00,0.0
5286,2013-08-10 00:30:00+00:00,0.0
5286,2013-08-10 01:00:00+00:00,0.0
5286,2013-08-10 01:30:00+00:00,0.0
5286,2013-08-10 02:00:00+00:00,0.0
5286,2013-08-10 02:30:00+00:00,0.0
5286,2013-08-10 03:00:00+00:00,0.0
5286,2013-08-10 03:30:00+00:00,0.0
5286,2013-08-10 04:00:00+00:00,0.0
5286,2013-08-10 04:30:00+00:00,0.0
5286,2013-08-10 05:00:00+00:00,0.01
5286,2013-08-10 05:30:00+00:00,12.25
5286,2013-08-10 06:00:00+00:00,34.28
5286,2013-08-10 06:30:00+00:00,60.06
5286,2013-08-10 07:00:00+00:00,86.24
5286,2013-08-10 07:30:00+00:00,142.5
5286,2013-08-10 08:00:00+00:00,232.73
5286,2013-08-10 08:30:00+00:00,274.69
5286,2013-08-10 09:00:00+00:00,317.9
5286,2013-08-10 09:30:00+00:00,339.97
5286,2013-08-10 10:00:00+00:00,396.44
5286,2013-08-10 10:30:00+00:00,439.49
5286,2013-08-10 11:00:00+00:00,404.73
5286,2013-08-10 11:30:00+00:00,396.09
5286,2013-08-10 12:00:00+00:00,694.05
5286,2013-08-10 12:30:00+00:00,555.4
5286,2013-08-10 13:00:00+00:00,447.46
5286,2013-08-10 13:30:00+00:00,305.02
5286,2013-08-10 14:00:00+00:00,249.28
5286,2013-08-10 14:30:00+00:00,253.35
5286,2013-08-10 15:00:00+00:00,213.17
5286,2013-08-10 15:30:00+00:00,370.73
5286,2013-08-10 16:00:00+00:00,284.19
5286,2013-08-10 16:30:00+00:00,198.47
5286,2013-08-10 17:00:00+00:00,148.23
5286,2013-08-10 17:30:00+00:00,88.3
5286,2013-08-10 18:00:00+00:00,63.46
5286,2013-08-10 18:30:00+00:00,32.81
5286,2013-08-10 19:00:00+00:00,8.49
5286,2013-08-10 19:30:00+00:00,0.02
5286,2013-08-10 20:00:00+00:00,0.01
5286,2013-08-10 20:30:00+00:00,0.01
5286,2013-08-10 21:00:00+00:00,0.0
5286,2013-08-10 21:30:00+00:00,0.0
5286,2013-08-10 22:00:00+00:00,0.0
5286,2013-08-10 22:30:00+00:00,0.0
5286,2013-08-10 23:00:00+00:00,0.0
5286,2013-08-10 23:30:00+00:00,0.0
5286,2013-08-11 00:00:00+00:00,0.0
5286,2013-08-11 00:30:00+00:00,0.0
5286,2013-08-11 01:00:00+00:00,0.0
5286,2013-08-11 01:30:00+00:00,0.0
5286,2013-08-11 02:00:00+00:00,0.0
5286,2013-08-11 02:30:00+00:00,0.0
5286,2013-08-11 03:00:00+00:00,0.0
5286,2013-08-11 03:30:00+00:00,0.0
5286,2013-08-11 04:00:00+00:00,0.0
5286,2013-08-11 04:30:00+00:00,0.0
5286,2013-08-11 05:00:00+00:00,0.0
5286,2013-08-11 05:30:00+00:00,2.52
5286,2013-08-11 06:00:00+00:00,29.36
5286,2013-08-11 06:30:00+00:00,60.22
5286,2013-08-11 07:00:00+00:00,151.25
5286,2013-08-11 07:30:00+00:00,374.45
5286,2013-08-11 08:00:00+00:00,362.18
5286,2013-08-11 08:30:00+00:00,383.37
5286,2013-08-11 09:00:00+00:00,358.91
5286,2013-08-11 09:30:00+00:00,255.68
5286,2013-08-11 10:00:00+00:00,417.87
5286,2013-08-11 10:30:00+00:00,339.03
5286,2013-08-11 11:00:00+00:00,674.6
5286,2013-08-11 11:30:00+00:00,498.53
5286,2013-08-11 12:00:00+00:00,445.76
5286,2013-08-11 12:30:00+00:00,530.55
5286,2013-08-11 13:00:00+00:00,599.9
5286,2013-08-11 13:30:00+00:00,589.35
5286,2013-08-11 14:00:00+00:00,652.55
5286,2013-08-11 14:30:00+00:00,675.15
5286,2013-08-11 15:00:00+00:00,679.75
5286,2013-08-11 15:30:00+00:00,480.76
5286,2013-08-11 16:00:00+00:00,320.07
5286,2013-08-11 16:30:00+00:00,190.96
5286,2013-08-11 17:00:00+00:00,128.31
5286,2013-08-11 17:30:00+00:00,83.54
5286,2013-08-11 18:00:00+00:00,50.59
5286,2013-08-11 18:30:00+00:00,23.6
5286,2013-08-11 19:00:00+00:00,10.65
5286,2013-08-11 19:30:00+00:00,0.02
5286,2013-08-11 20:00:00+00:00,0.01
5286,2013-08-11 20:30:00+00:00,0.0
5286,2013-08-11 21:00:00+00:00,0.0
5286,2013-08-11 21:30:00+00:00,0.0
5286,2013-08-11 22:00:00+00:00,0.0
5286,2013-08-11 22:30:00+00:00,0.0
5286,2013-08-11 23:00:00+00:00,0.0
5286,2013-08-11 23:30:00+00:00,0.0
5286,2013-08-12 00:00:00+00:00,0.0
5286,2013-08-12 00:30:00+00:00,0.0
5286,2013-08-12 01:00:00+00:00,0.0
5286,2013-08-12 01:30:00+00:00,0.0
5286,2013-08-12 02:00:00+00:00,0.0
5286,2013-08-12 02:30:00+00:00,0.0
5286,2013-08-12 03:00:00+00:00,0.0
5286,2013-08-12 03:30:00+00:00,0.0
5286,2013-08-12 04:00:00+00:00,0.0
5286,2013-08-12 04:30:00+00:00,0.0
5286,2013-08-12 05:00:00+00:00,0.0
5286,2013-08-12 05:30:00+00:00,2.08
5286,2013-08-12 06:00:00+00:00,12.07
5286,2013-08-12 06:30:00+00:00,45.66
5286,2013-08-12 07:00:00+00:00,129.05
5286,2013-08-12 07:30:00+00:00,171.61
5286,2013-08-12 08:00:00+00:00,265.6
5286,2013-08-12 08:30:00+00:00,414.9
5286,2013-08-12 09:00:00+00:00,534.2
5286,2013-08-12 09:30:00+00:00,657.5
5286,2013-08-12 10:00:00+00:00,571.85
5286,2013-08-12 10:30:00+00:00,687.75
5286,2013-08-12 11:00:00+00:00,356.3
5286,2013-08-12 11:30:00+00:00,664.2
5286,2013-08-12 12:00:00+00:00,547.65
5286,2013-08-12 12:30:00+00:00,559.35
5286,2013-08-12 13:00:00+00:00,553.8
5286,2013-08-12 13:30:00+00:00,495.59
5286,2013-08-12 14:00:00+00:00,331.97
5286,2013-08-12 14:30:00+00:00,349.54
5286,2013-08-12 15:00:00+00:00,287.26
5286,2013-08-12 15:30:00+00:00,379.69
5286,2013-08-12 16:00:00+00:00,255.03
5286,2013-08-12 16:30:00+00:00,173.54
5286,2013-08-12 17:00:00+00:00,140.91
5286,2013-08-12 17:30:00+00:00,109.28
5286,2013-08-12 18:00:00+00:00,57.85
5286,2013-08-12 18:30:00+00:00,33.55
5286,2013-08-12 19:00:00+00:00,9.08
5286,2013-08-12 19:30:00+00:00,0.01
5286,2013-08-12 20:00:00+00:00,0.01
5286,2013-08-12 20:30:00+00:00,0.0
5286,2013-08-12 21:00:00+00:00,0.0
5286,2013-08-12 21:30:00+00:00,0.0
5286,2013-08-12 22:00:00+00:00,0.0
5286,2013-08-12 22:30:00+00:00,0.0
5286,2013-08-12 23:00:00+00:00,0.0
5286,2013-08-12 23:30:00+00:00,0.0
5286,2013-08-13 00:00:00+00:00,0.0
5286,2013-08-13 00:30:00+00:00,0.0
5286,2013-08-13 01:00:00+00:00,0.0
5286,2013-08-13 01:30:00+00:00,0.0
5286,2013-08-13 02:00:00+00:00,0.0
5286,2013-08-13 02:30:00+00:00,0.0
5286,2013-08-13 03:00:00+00:00,0.0
5286,2013-08-13 03:30:00+00:00,0.0
5286,2013-08-13 04:00:00+00:00,0.0
5286,2013-08-13 04:30:00+00:00,0.0
5286,2013-08-13 05:00:00+00:00,0.02
5286,2013-08-13 05:30:00+00:00,14.05
5286,2013-08-13 06:00:00+00:00,62.54
5286,2013-08-13 06:30:00+00:00,282.63
5286,2013-08-13 07:00:00+00:00,413.27
5286,2013-08-13 07:30:00+00:00,342.68
5286,2013-08-13 08:00:00+00:00,526.4
5286,2013-08-13 08:30:00+00:00,467.68
5286,2013-08-13 09:00:00+00:00,649.9
5286,2013-08-13 09:30:00+00:00,718.55
5286,2013-08-13 10:00:00+00:00,822.7
5286,2013-08-13 10:30:00+00:00,716.15
5286,2013-08-13 11:00:00+00:00,798.45
5286,2013-08-13 11:30:00+00:00,629.95
5286,2013-08-13 12:00:00+00:00,336.82
5286,2013-08-13 12:30:00+00:00,313.54
5286,2013-08-13 13:00:00+00:00,211.05
5286,2013-08-13 13:30:00+00:00,377.49
5286,2013-08-13 14:00:00+00:00,351.77
5286,2013-08-13 14:30:00+00:00,281.22
5286,2013-08-13 15:00:00+00:00,151.75
5286,2013-08-13 15:30:00+00:00,100.09
5286,2013-08-13 16:00:00+00:00,108.24
5286,2013-08-13 16:30:00+00:00,130.8
5286,2013-08-13 17:00:00+00:00,118.42
5286,2013-08-13 17:30:00+00:00,86.66
5286,2013-08-13 18:00:00+00:00,64.98
5286,2013-08-13 18:30:00+00:00,32.16
5286,2013-08-13 19:00:00+00:00,5.5
5286,2013-08-13 19:30:00+00:00,0.01
5286,2013-08-13 20:00:00+00:00,0.0
5286,2013-08-13 20:30:00+00:00,0.0
5286,2013-08-13 21:00:00+00:00,0.0
5286,2013-08-13 21:30:00+00:00,0.0
5286,2013-08-13 22:00:00+00:00,0.0
5286,2013-08-13 22:30:00+00:00,0.0
5286,2013-08-13 23:00:00+00:00,0.0
5286,2013-08-13 23:30:00+00:00,0.0
5286,2013-08-14 00:00:00+00:00,0.0
5286,2013-08-14 00:30:00+00:00,0.0
5286,2013-08-14 01:00:00+00:00,0.0
5286,2013-08-14 01:30:00+00:00,0.0
5286,2013-08-14 02:00:00+00:00,0.0
5286,2013-08-14 02:30:00+00:00,0.0
5286,2013-08-14 03:00:00+00:00,0.0
5286,2013-08-14 03:30:00+00:00,0.0
5286,2013-08-14 04:00:00+00:00,0.0
5286,2013-08-14 04:30:00+00:00,0.0
5286,2013-08-14 05:00:00+00:00,0.02
5286,2013-08-14 05:30:00+00:00,8.78
5286,2013-08-14 06:00:00+00:00,46.82
5286,2013-08-14 06:30:00+00:00,185.9
5286,2013-08-14 07:00:00+00:00,359.04
5286,2013-08-14 07:30:00+00:00,483.96
5286,2013-08-14 08:00:00+00:00,591.15
5286,2013-08-14 08:30:00+00:00,681.75
5286,2013-08-14 09:00:00+00:00,698.0
5286,2013-08-14 09:30:00+00:00,723.95
5286,2013-08-14 10:00:00+00:00,570.9
5286,2013-08-14 10:30:00+00:00,826.5
5286,2013-08-14 11:00:00+00:00,626.8
5286,2013-08-14 11:30:00+00:00,759.3
5286,2013-08-14 12:00:00+00:00,484.96
5286,2013-08-14 12:30:00+00:00,348.54
5286,2013-08-14 13:00:00+00:00,556.2
5286,2013-08-14 13:30:00+00:00,442.93
5286,2013-08-14 14:00:00+00:00,546.85
5286,2013-08-14 14:30:00+00:00,505.95
5286,2013-08-14 15:00:00+00:00,310.53
5286,2013-08-14 15:30:00+00:00,247.63
5286,2013-08-14 16:00:00+00:00,242.17
5286,2013-08-14 16:30:00+00:00,225.0
5286,2013-08-14 17:00:00+00:00,152.68
5286,2013-08-14 17:30:00+00:00,64.98
5286,2013-08-14 18:00:00+00:00,36.25
5286,2013-08-14 18:30:00+00:00,21.0
5286,2013-08-14 19:00:00+00:00,7.23
5286,2013-08-14 19:30:00+00:00,0.0
5286,2013-08-14 20:00:00+00:00,0.01
5286,2013-08-14 20:30:00+00:00,0.0
5286,2013-08-14 21:00:00+00:00,0.0
5286,2013-08-14 21:30:00+00:00,0.0
5286,2013-08-14 22:00:00+00:00,0.0
5286,2013-08-14 22:30:00+00:00,0.0
5286,2013-08-14 23:00:00+00:00,0.0
5286,2013-08-14 23:30:00+00:00,0.0
5286,2013-08-15 00:00:00+00:00,0.0
5286,2013-08-15 00:30:00+00:00,0.0
5286,2013-08-15 01:00:00+00:00,0.0
5286,2013-08-15 01:30:00+00:00,0.0
5286,2013-08-15 02:00:00+00:00,0.0
5286,2013-08-15 02:30:00+00:00,0.0
5286,2013-08-15 03:00:00+00:00,0.0
5286,2013-08-15 03:30:00+00:00,0.0
5286,2013-08-15 04:00:00+00:00,0.0
5286,2013-08-15 04:30:00+00:00,0.0
5286,2013-08-15 05:00:00+00:00,0.0
5286,2013-08-15 05:30:00+00:00,3.09
5286,2013-08-15 06:00:00+00:00,35.47
5286,2013-08-15 06:30:00+00:00,70.96
5286,2013-08-15 07:00:00+00:00,108.51
5286,2013-08-15 07:30:00+00:00,93.66
5286,2013-08-15 08:00:00+00:00,190.91
5286,2013-08-15 08:30:00+00:00,364.13
5286,2013-08-15 09:00:00+00:00,461.11
5286,2013-08-15 09:30:00+00:00,142.99
5286,2013-08-15 10:00:00+00:00,285.71
5286,2013-08-15 10:30:00+00:00,295.41
5286,2013-08-15 11:00:00+00:00,550.8
5286,2013-08-15 11:30:00+00:00,774.65
5286,2013-08-15 12:00:00+00:00,583.65
5286,2013-08-15 12:30:00+00:00,644.15
5286,2013-08-15 13:00:00+00:00,314.79
5286,2013-08-15 13:30:00+00:00,468.06
5286,2013-08-15 14:00:00+00:00,355.67
5286,2013-08-15 14:30:00+00:00,651.8
5286,2013-08-15 15:00:00+00:00,285.11
5286,2013-08-15 15:30:00+00:00,332.09
5286,2013-08-15 16:00:00+00:00,154.25
5286,2013-08-15 16:30:00+00:00,160.13
5286,2013-08-15 17:00:00+00:00,182.52
5286,2013-08-15 17:30:00+00:00,64.4
5286,2013-08-15 18:00:00+00:00,65.25
5286,2013-08-15 18:30:00+00:00,45.06
5286,2013-08-15 19:00:00+00:00,0.02
5286,2013-08-15 19:30:00+00:00,0.01
5286,2013-08-15 20:00:00+00:00,0.01
5286,2013-08-15 20:30:00+00:00,0.0
5286,2013-08-15 21:00:00+00:00,0.0
5286,2013-08-15 21:30:00+00:00,0.0
5286,2013-08-15 22:00:00+00:00,0.0
5286,2013-08-15 22:30:00+00:00,0.0
5286,2013-08-15 23:00:00+00:00,0.0
5286,2013-08-15 23:30:00+00:00,0.0
5286,2013-08-16 00:00:00+00:00,0.0
5286,2013-08-16 00:30:00+00:00,0.0
5286,2013-08-16 01:00:00+00:00,0.0
5286,2013-08-16 01:30:00+00:00,0.0
5286,2013-08-16 02:00:00+00:00,0.0
5286,2013-08-16 02:30:00+00:00,0.0
5286,2013-08-16 03:00:00+00:00,0.0
5286,2013-08-16 03:30:00+00:00,0.0
5286,2013-08-16 04:00:00+00:00,0.0
5286,2013-08-16 04:30:00+00:00,0.0
5286,2013-08-16 05:00:00+00:00,0.0
5286,2013-08-16 05:30:00+00:00,4.65
5286,2013-08-16 06:00:00+00:00,20.01
5286,2013-08-16 06:30:00+00:00,43.51
5286,2013-08-16 07:00:00+00:00,81.61
5286,2013-08-16 07:30:00+00:00,74.85
5286,2013-08-16 08:00:00+00:00,53.87
5286,2013-08-16 08:30:00+00:00,95.57
5286,2013-08-16 09:00:00+00:00,136.51
5286,2013-08-16 09:30:00+00:00,154.07
5286,2013-08-16 10:00:00+00:00,174.55
5286,2013-08-16 10:30:00+00:00,258.68
5286,2013-08-16 11:00:00+00:00,338.49
5286,2013-08-16 11:30:00+00:00,268.78
5286,2013-08-16 12:00:00+00:00,182.07
5286,2013-08-16 12:30:00+00:00,342.51
5286,2013-08-16 13:00:00+00:00,228.01
5286,2013-08-16 13:30:00+00:00,320.6
5286,2013-08-16 14:00:00+00:00,230.9
5286,2013-08-16 14:30:00+00:00,217.17
5286,2013-08-16 15:00:00+00:00,134.75
5286,2013-08-16 15:30:00+00:00,276.45
5286,2013-08-16 16:00:00+00:00,306.2
5286,2013-08-16 16:30:00+00:00,218.46
5286,2013-08-16 17:00:00+00:00,213.55
5286,2013-08-16 17:30:00+00:00,120.39
5286,2013-08-16 18:00:00+00:00,62.23
5286,2013-08-16 18:30:00+00:00,35.28
5286,2013-08-16 19:00:00+00:00,13.99
5286,2013-08-16 19:30:00+00:00,0.02
5286,2013-08-16 20:00:00+00:00,0.0
5286,2013-08-16 20:30:00+00:00,0.0
5286,2013-08-16 21:00:00+00:00,0.0
5286,2013-08-16 21:30:00+00:00,0.0
5286,2013-08-16 22:00:00+00:00,0.0
5286,2013-08-16 22:30:00+00:00,0.0
5286,2013-08-16 23:00:00+00:00,0.0
5286,2013-08-16 23:30:00+00:00,0.0
5286,2013-08-17 00:00:00+00:00,0.0
5286,2013-08-17 00:30:00+00:00,0.0
5286,2013-08-17 01:00:00+00:00,0.0
5286,2013-08-17 01:30:00+00:00,0.0
5286,2013-08-17 02:00:00+00:00,0.0
5286,2013-08-17 02:30:00+00:00,0.0
5286,2013-08-17 03:00:00+00:00,0.0
5286,2013-08-17 03:30:00+00:00,0.0
5286,2013-08-17 04:00:00+00:00,0.0
5286,2013-08-17 04:30:00+00:00,0.0
5286,2013-08-17 05:00:00+00:00,0.0
5286,2013-08-17 05:30:00+00:00,12.58
5286,2013-08-17 06:00:00+00:00,25.47
5286,2013-08-17 06:30:00+00:00,66.3
5286,2013-08-17 07:00:00+00:00,232.46
5286,2013-08-17 07:30:00+00:00,331.25
5286,2013-08-17 08:00:00+00:00,444.94
5286,2013-08-17 08:30:00+00:00,563.0
5286,2013-08-17 09:00:00+00:00,311.17
5286,2013-08-17 09:30:00+00:00,509.35
5286,2013-08-17 10:00:00+00:00,835.35
5286,2013-08-17 10:30:00+00:00,337.48
5286,2013-08-17 11:00:00+00:00,335.9
5286,2013-08-17 11:30:00+00:00,341.41
5286,2013-08-17 12:00:00+00:00,471.06
5286,2013-08-17 12:30:00+00:00,480.39
5286,2013-08-17 13:00:00+00:00,346.5
5286,2013-08-17 13:30:00+00:00,301.04
5286,2013-08-17 14:00:00+00:00,210.15
5286,2013-08-17 14:30:00+00:00,154.14
5286,2013-08-17 15:00:00+00:00,128.5
5286,2013-08-17 15:30:00+00:00,92.2
5286,2013-08-17 16:00:00+00:00,147.24
5286,2013-08-17 16:30:00+00:00,177.73
5286,2013-08-17 17:00:00+00:00,158.46
5286,2013-08-17 17:30:00+00:00,68.59
5286,2013-08-17 18:00:00+00:00,29.98
5286,2013-08-17 18:30:00+00:00,30.82
5286,2013-08-17 19:00:00+00:00,0.5
5286,2013-08-17 19:30:00+00:00,0.01
5286,2013-08-17 20:00:00+00:00,0.0
5286,2013-08-17 20:30:00+00:00,0.0
5286,2013-08-17 21:00:00+00:00,0.0
5286,2013-08-17 21:30:00+00:00,0.0
5286,2013-08-17 22:00:00+00:00,0.0
5286,2013-08-17 22:30:00+00:00,0.0
5286,2013-08-17 23:00:00+00:00,0.0
5286,2013-08-17 23:30:00+00:00,0.0
5286,2013-08-18 00:00:00+00:00,0.0
5286,2013-08-18 00:30:00+00:00,0.0
5286,2013-08-18 01:00:00+00:00,0.0
5286,2013-08-18 01:30:00+00:00,0.0
5286,2013-08-18 02:00:00+00:00,0.0
5286,2013-08-18 02:30:00+00:00,0.0
5286,2013-08-18 03:00:00+00:00,0.0
5286,2013-08-18 03:30:00+00:00,0.0
5286,2013-08-18 04:00:00+00:00,0.0
5286,2013-08-18 04:30:00+00:00,0.0
5286,2013-08-18 05:00:00+00:00,0.0
5286,2013-08-18 05:30:00+00:00,1.42
5286,2013-08-18 06:00:00+00:00,27.65
5286,2013-08-18 06:30:00+00:00,125.28
5286,2013-08-18 07:00:00+00:00,339.23
5286,2013-08-18 07:30:00+00:00,259.18
5286,2013-08-18 08:00:00+00:00,460.59
5286,2013-08-18 08:30:00+00:00,496.96
5286,2013-08-18 09:00:00+00:00,601.3
5286,2013-08-18 09:30:00+00:00,650.9
5286,2013-08-18 10:00:00+00:00,360.24
5286,2013-08-18 10:30:00+00:00,288.17
5286,2013-08-18 11:00:00+00:00,327.97
5286,2013-08-18 11:30:00+00:00,292.27
5286,2013-08-18 12:00:00+00:00,338.06
5286,2013-08-18 12:30:00+00:00,367.36
5286,2013-08-18 13:00:00+00:00,543.8
5286,2013-08-18 13:30:00+00:00,680.35
5286,2013-08-18 14:00:00+00:00,763.15
5286,2013-08-18 14:30:00+00:00,515.55
5286,2013-08-18 15:00:00+00:00,340.01
5286,2013-08-18 15:30:00+00:00,495.87
5286,2013-08-18 16:00:00+00:00,209.64
5286,2013-08-18 16:30:00+00:00,210.68
5286,2013-08-18 17:00:00+00:00,138.86
5286,2013-08-18 17:30:00+00:00,75.94
5286,2013-08-18 18:00:00+00:00,35.47
5286,2013-08-18 18:30:00+00:00,28.6
5286,2013-08-18 19:00:00+00:00,5.94
5286,2013-08-18 19:30:00+00:00,0.01
5286,2013-08-18 20:00:00+00:00,0.01
5286,2013-08-18 20:30:00+00:00,0.0
5286,2013-08-18 21:00:00+00:00,0.0
5286,2013-08-18 21:30:00+00:00,0.0
5286,2013-08-18 22:00:00+00:00,0.0
5286,2013-08-18 22:30:00+00:00,0.0
5286,2013-08-18 23:00:00+00:00,0.0
5286,2013-08-18 23:30:00+00:00,0.0
5286,2013-08-19 00:00:00+00:00,0.0
5286,2013-08-19 00:30:00+00:00,0.0
5286,2013-08-19 01:00:00+00:00,0.0
5286,2013-08-19 01:30:00+00:00,0.0
5286,2013-08-19 02:00:00+00:00,0.0
5286,2013-08-19 02:30:00+00:00,0.0
5286,2013-08-19 03:00:00+00:00,0.0
5286,2013-08-19 03:30:00+00:00,0.0
5286,2013-08-19 04:00:00+00:00,0.0
5286,2013-08-19 04:30:00+00:00,0.0
5286,2013-08-19 05:00:00+00:00,0.0
5286,2013-08-19 05:30:00+00:00,12.67
5286,2013-08-19 06:00:00+00:00,37.04
5286,2013-08-19 06:30:00+00:00,183.47
5286,2013-08-19 07:00:00+00:00,254.3
5286,2013-08-19 07:30:00+00:00,486.2
5286,2013-08-19 08:00:00+00:00,611.85
5286,2013-08-19 08:30:00+00:00,713.3
5286,2013-08-19 09:00:00+00:00,805.35
5286,2013-08-19 09:30:00+00:00,664.95
5286,2013-08-19 10:00:00+00:00,713.7
5286,2013-08-19 10:30:00+00:00,882.8
5286,2013-08-19 11:00:00+00:00,820.55
5286,2013-08-19 11:30:00+00:00,413.1
5286,2013-08-19 12:00:00+00:00,583.75
5286,2013-08-19 12:30:00+00:00,548.45
5286,2013-08-19 13:00:00+00:00,515.1
5286,2013-08-19 13:30:00+00:00,400.6
5286,2013-08-19 14:00:00+00:00,575.8
5286,2013-08-19 14:30:00+00:00,492.74
5286,2013-08-19 15:00:00+00:00,486.24
5286,2013-08-19 15:30:00+00:00,411.32
5286,2013-08-19 16:00:00+00:00,274.14
5286,2013-08-19 16:30:00+00:00,201.75
5286,2013-08-19 17:00:00+00:00,160.78
5286,2013-08-19 17:30:00+00:00,86.27
5286,2013-08-19 18:00:00+00:00,38.45
5286,2013-08-19 18:30:00+00:00,32.14
5286,2013-08-19 19:00:00+00:00,4.06
5286,2013-08-19 19:30:00+00:00,0.01
5286,2013-08-19 20:00:00+00:00,0.0
5286,2013-08-19 20:30:00+00:00,0.0
5286,2013-08-19 21:00:00+00:00,0.0
5286,2013-08-19 21:30:00+00:00,0.0
5286,2013-08-19 22:00:00+00:00,0.0
5286,2013-08-19 22:30:00+00:00,0.0
5286,2013-08-19 23:00:00+00:00,0.0
5286,2013-08-19 23:30:00+00:00,0.0
5286,2013-08-20 00:00:00+00:00,0.0
5286,2013-08-20 00:30:00+00:00,0.0
5286,2013-08-20 01:00:00+00:00,0.0
5286,2013-08-20 01:30:00+00:00,0.0
5286,2013-08-20 02:00:00+00:00,0.0
5286,2013-08-20 02:30:00+00:00,0.0
5286,2013-08-20 03:00:00+00:00,0.0
5286,2013-08-20 03:30:00+00:00,0.0
5286,2013-08-20 04:00:00+00:00,0.0
5286,2013-08-20 04:30:00+00:00,0.0
5286,2013-08-20 05:00:00+00:00,0.0
5286,2013-08-20 05:30:00+00:00,0.17
5286,2013-08-20 06:00:00+00:00,17.54
5286,2013-08-20 06:30:00+00:00,56.09
5286,2013-08-20 07:00:00+00:00,137.25
5286,2013-08-20 07:30:00+00:00,260.96
5286,2013-08-20 08:00:00+00:00,305.23
5286,2013-08-20 08:30:00+00:00,567.75
5286,2013-08-20 09:00:00+00:00,781.3
5286,2013-08-20 09:30:00+00:00,827.6
5286,2013-08-20 10:00:00+00:00,874.7
5286,2013-08-20 10:30:00+00:00,914.45
5286,2013-08-20 11:00:00+00:00,933.15
5286,2013-08-20 11:30:00+00:00,948.4
5286,2013-08-20 12:00:00+00:00,960.85
5286,2013-08-20 12:30:00+00:00,961.1
5286,2013-08-20 13:00:00+00:00,933.25
5286,2013-08-20 13:30:00+00:00,900.85
5286,2013-08-20 14:00:00+00:00,738.1
5286,2013-08-20 14:30:00+00:00,658.95
5286,2013-08-20 15:00:00+00:00,560.35
5286,2013-08-20 15:30:00+00:00,475.84
5286,2013-08-20 16:00:00+00:00,292.57
5286,2013-08-20 16:30:00+00:00,165.72
5286,2013-08-20 17:00:00+00:00,117.97
5286,2013-08-20 17:30:00+00:00,51.49
5286,2013-08-20 18:00:00+00:00,32.45
5286,2013-08-20 18:30:00+00:00,17.18
5286,2013-08-20 19:00:00+00:00,1.31
5286,2013-08-20 19:30:00+00:00,0.01
5286,2013-08-20 20:00:00+00:00,0.0
5286,2013-08-20 20:30:00+00:00,0.0
5286,2013-08-20 21:00:00+00:00,0.0
5286,2013-08-20 21:30:00+00:00,0.0
5286,2013-08-20 22:00:00+00:00,0.0
5286,2013-08-20 22:30:00+00:00,0.0
5286,2013-08-20 23:00:00+00:00,0.0
5286,2013-08-20 23:30:00+00:00,0.0
5286,2013-08-21 00:00:00+00:00,0.0
5286,2013-08-21 00:30:00+00:00,0.0
5286,2013-08-21 01:00:00+00:00,0.0
5286,2013-08-21 01:30:00+00:00,0.0
5286,2013-08-21 02:00:00+00:00,0.0
5286,2013-08-21 02:30:00+00:00,0.0
5286,2013-08-21 03:00:00+00:00,0.0
5286,2013-08-21 03:30:00+00:00,0.0
5286,2013-08-21 04:00:00+00:00,0.0
5286,2013-08-21 04:30:00+00:00,0.0
5286,2013-08-21 05:00:00+00:00,0.0
5286,2013-08-21 05:30:00+00:00,6.79
5286,2013-08-21 06:00:00+00:00,47.84
5286,2013-08-21 06:30:00+00:00,155.69
5286,2013-08-21 07:00:00+00:00,162.53
5286,2013-08-21 07:30:00+00:00,353.76
5286,2013-08-21 08:00:00+00:00,454.08
5286,2013-08-21 08:30:00+00:00,659.75
5286,2013-08-21 09:00:00+00:00,739.9
5286,2013-08-21 09:30:00+00:00,794.65
5286,2013-08-21 10:00:00+00:00,800.85
5286,2013-08-21 10:30:00+00:00,819.65
5286,2013-08-21 11:00:00+00:00,915.05
5286,2013-08-21 11:30:00+00:00,929.1
5286,2013-08-21 12:00:00+00:00,862.3
5286,2013-08-21 12:30:00+00:00,903.7
5286,2013-08-21 13:00:00+00:00,704.2
5286,2013-08-21 13:30:00+00:00,565.45
5286,2013-08-21 14:00:00+00:00,742.95
5286,2013-08-21 14:30:00+00:00,672.45
5286,2013-08-21 15:00:00+00:00,577.05
5286,2013-08-21 15:30:00+00:00,438.5
5286,2013-08-21 16:00:00+00:00,265.34
5286,2013-08-21 16:30:00+00:00,211.95
5286,2013-08-21 17:00:00+00:00,110.62
5286,2013-08-21 17:30:00+00:00,69.65
5286,2013-08-21 18:00:00+00:00,66.5
5286,2013-08-21 18:30:00+00:00,34.74
5286,2013-08-21 19:00:00+00:00,5.37
5286,2013-08-21 19:30:00+00:00,0.01
5286,2013-08-21 20:00:00+00:00,0.0
5286,2013-08-21 20:30:00+00:00,0.0
5286,2013-08-21 21:00:00+00:00,0.0
5286,2013-08-21 21:30:00+00:00,0.0
5286,2013-08-21 22:00:00+00:00,0.0
5286,2013-08-21 22:30:00+00:00,0.0
5286,2013-08-21 23:00:00+00:00,0.0
5286,2013-08-21 23:30:00+00:00,0.0
5286,2013-08-22 00:00:00+00:00,0.0
5286,2013-08-22 00:30:00+00:00,0.0
5286,2013-08-22 01:00:00+00:00,0.0
5286,2013-08-22 01:30:00+00:00,0.0
5286,2013-08-22 02:00:00+00:00,0.0
5286,2013-08-22 02:30:00+00:00,0.0
5286,2013-08-22 03:00:00+00:00,0.0
5286,2013-08-22 03:30:00+00:00,0.0
5286,2013-08-22 04:00:00+00:00,0.0
5286,2013-08-22 04:30:00+00:00,0.0
5286,2013-08-22 05:00:00+00:00,0.0
5286,2013-08-22 05:30:00+00:00,0.0
5286,2013-08-22 06:00:00+00:00,0.02
5286,2013-08-22 06:30:00+00:00,5.35
5286,2013-08-22 07:00:00+00:00,20.76
5286,2013-08-22 07:30:00+00:00,18.1
5286,2013-08-22 08:00:00+00:00,2.23
5286,2013-08-22 08:30:00+00:00,40.86
5286,2013-08-22 09:00:00+00:00,62.49
5286,2013-08-22 09:30:00+00:00,82.52
5286,2013-08-22 10:00:00+00:00,46.31
5286,2013-08-22 10:30:00+00:00,40.97
5286,2013-08-22 11:00:00+00:00,60.17
5286,2013-08-22 11:30:00+00:00,116.54
5286,2013-08-22 12:00:00+00:00,93.45
5286,2013-08-22 12:30:00+00:00,121.13
5286,2013-08-22 13:00:00+00:00,179.03
5286,2013-08-22 13:30:00+00:00,101.7
5286,2013-08-22 14:00:00+00:00,89.71
5286,2013-08-22 14:30:00+00:00,72.77
5286,2013-08-22 15:00:00+00:00,68.09
5286,2013-08-22 15:30:00+00:00,94.32
5286,2013-08-22 16:00:00+00:00,132.78
5286,2013-08-22 16:30:00+00:00,145.51
5286,2013-08-22 17:00:00+00:00,108.11
5286,2013-08-22 17:30:00+00:00,90.7
5286,2013-08-22 18:00:00+00:00,79.73
5286,2013-08-22 18:30:00+00:00,17.74
5286,2013-08-22 19:00:00+00:00,0.5
5286,2013-08-22 19:30:00+00:00,0.01
5286,2013-08-22 20:00:00+00:00,0.0
5286,2013-08-22 20:30:00+00:00,0.0
5286,2013-08-22 21:00:00+00:00,0.0
5286,2013-08-22 21:30:00+00:00,0.0
5286,2013-08-22 22:00:00+00:00,0.0
5286,2013-08-22 22:30:00+00:00,0.0
5286,2013-08-22 23:00:00+00:00,0.0
5286,2013-08-22 23:30:00+00:00,0.0
5286,2013-08-23 00:00:00+00:00,0.0
5286,2013-08-23 00:30:00+00:00,0.0
5286,2013-08-23 01:00:00+00:00,0.0
5286,2013-08-23 01:30:00+00:00,0.0
5286,2013-08-23 02:00:00+00:00,0.0
5286,2013-08-23 02:30:00+00:00,0.0
5286,2013-08-23 03:00:00+00:00,0.0
5286,2013-08-23 03:30:00+00:00,0.0
5286,2013-08-23 04:00:00+00:00,0.0
5286,2013-08-23 04:30:00+00:00,0.0
5286,2013-08-23 05:00:00+00:00,0.0
5286,2013-08-23 05:30:00+00:00,0.38
5286,2013-08-23 06:00:00+00:00,29.29
5286,2013-08-23 06:30:00+00:00,70.69
5286,2013-08-23 07:00:00+00:00,218.0
5286,2013-08-23 07:30:00+00:00,387.31
5286,2013-08-23 08:00:00+00:00,542.55
5286,2013-08-23 08:30:00+00:00,650.25
5286,2013-08-23 09:00:00+00:00,743.8
5286,2013-08-23 09:30:00+00:00,818.15
5286,2013-08-23 10:00:00+00:00,875.8
5286,2013-08-23 10:30:00+00:00,912.95
5286,2013-08-23 11:00:00+00:00,935.55
5286,2013-08-23 11:30:00+00:00,959.5
5286,2013-08-23 12:00:00+00:00,683.6
5286,2013-08-23 12:30:00+00:00,885.7
5286,2013-08-23 13:00:00+00:00,838.55
5286,2013-08-23 13:30:00+00:00,660.45
5286,2013-08-23 14:00:00+00:00,638.65
5286,2013-08-23 14:30:00+00:00,296.41
5286,2013-08-23 15:00:00+00:00,341.01
5286,2013-08-23 15:30:00+00:00,212.3
5286,2013-08-23 16:00:00+00:00,198.2
5286,2013-08-23 16:30:00+00:00,92.96
5286,2013-08-23 17:00:00+00:00,66.04
5286,2013-08-23 17:30:00+00:00,43.38
5286,2013-08-23 18:00:00+00:00,20.79
5286,2013-08-23 18:30:00+00:00,2.51
5286,2013-08-23 19:00:00+00:00,0.01
5286,2013-08-23 19:30:00+00:00,0.01
5286,2013-08-23 20:00:00+00:00,0.0
5286,2013-08-23 20:30:00+00:00,0.0
5286,2013-08-23 21:00:00+00:00,0.0
5286,2013-08-23 21:30:00+00:00,0.0
5286,2013-08-23 22:00:00+00:00,0.0
5286,2013-08-23 22:30:00+00:00,0.0
5286,2013-08-23 23:00:00+00:00,0.0
5286,2013-08-23 23:30:00+00:00,0.0
5286,2013-08-24 00:00:00+00:00,0.0
5286,2013-08-24 00:30:00+00:00,0.0
5286,2013-08-24 01:00:00+00:00,0.0
5286,2013-08-24 01:30:00+00:00,0.0
5286,2013-08-24 02:00:00+00:00,0.0
5286,2013-08-24 02:30:00+00:00,0.0
5286,2013-08-24 03:00:00+00:00,0.0
5286,2013-08-24 03:30:00+00:00,0.0
5286,2013-08-24 04:00:00+00:00,0.0
5286,2013-08-24 04:30:00+00:00,0.0
5286,2013-08-24 05:00:00+00:00,0.0
5286,2013-08-24 05:30:00+00:00,0.0
5286,2013-08-24 06:00:00+00:00,1.56
5286,2013-08-24 06:30:00+00:00,7.78
5286,2013-08-24 07:00:00+00:00,14.63
5286,2013-08-24 07:30:00+00:00,50.24
5286,2013-08-24 08:00:00+00:00,43.96
5286,2013-08-24 08:30:00+00:00,12.18
5286,2013-08-24 09:00:00+00:00,5.47
5286,2013-08-24 09:30:00+00:00,2.14
5286,2013-08-24 10:00:00+00:00,0.01
5286,2013-08-24 10:30:00+00:00,6.46
5286,2013-08-24 11:00:00+00:00,58.55
5286,2013-08-24 11:30:00+00:00,43.08
5286,2013-08-24 12:00:00+00:00,25.71
5286,2013-08-24 12:30:00+00:00,21.58
5286,2013-08-24 13:00:00+00:00,48.59
5286,2013-08-24 13:30:00+00:00,131.0
5286,2013-08-24 14:00:00+00:00,143.58
5286,2013-08-24 14:30:00+00:00,88.06
5286,2013-08-24 15:00:00+00:00,72.3
5286,2013-08-24 15:30:00+00:00,37.67
5286,2013-08-24 16:00:00+00:00,21.67
5286,2013-08-24 16:30:00+00:00,3.24
5286,2013-08-24 17:00:00+00:00,22.67
5286,2013-08-24 17:30:00+00:00,21.72
5286,2013-08-24 18:00:00+00:00,13.12
5286,2013-08-24 18:30:00+00:00,1.65
5286,2013-08-24 19:00:00+00:00,0.01
5286,2013-08-24 19:30:00+00:00,0.0
5286,2013-08-24 20:00:00+00:00,0.0
5286,2013-08-24 20:30:00+00:00,0.0
5286,2013-08-24 21:00:00+00:00,0.0
5286,2013-08-24 21:30:00+00:00,0.0
5286,2013-08-24 22:00:00+00:00,0.0
5286,2013-08-24 22:30:00+00:00,0.0
5286,2013-08-24 23:00:00+00:00,0.0
5286,2013-08-24 23:30:00+00:00,0.0
5286,2013-08-25 00:00:00+00:00,0.0
5286,2013-08-25 00:30:00+00:00,0.0
5286,2013-08-25 01:00:00+00:00,0.0
5286,2013-08-25 01:30:00+00:00,0.0
5286,2013-08-25 02:00:00+00:00,0.0
5286,2013-08-25 02:30:00+00:00,0.0
5286,2013-08-25 03:00:00+00:00,0.0
5286,2013-08-25 03:30:00+00:00,0.0
5286,2013-08-25 04:00:00+00:00,0.0
5286,2013-08-25 04:30:00+00:00,0.0
5286,2013-08-25 05:00:00+00:00,0.0
5286,2013-08-25 05:30:00+00:00,0.0
5286,2013-08-25 06:00:00+00:00,0.56
5286,2013-08-25 06:30:00+00:00,3.65
5286,2013-08-25 07:00:00+00:00,47.16
5286,2013-08-25 07:30:00+00:00,113.36
5286,2013-08-25 08:00:00+00:00,204.09
5286,2013-08-25 08:30:00+00:00,167.98
5286,2013-08-25 09:00:00+00:00,184.82
5286,2013-08-25 09:30:00+00:00,189.46
5286,2013-08-25 10:00:00+00:00,344.21
5286,2013-08-25 10:30:00+00:00,553.05
5286,2013-08-25 11:00:00+00:00,566.55
5286,2013-08-25 11:30:00+00:00,829.45
5286,2013-08-25 12:00:00+00:00,833.8
5286,2013-08-25 12:30:00+00:00,939.4
5286,2013-08-25 13:00:00+00:00,843.2
5286,2013-08-25 13:30:00+00:00,702.0
5286,2013-08-25 14:00:00+00:00,683.65
5286,2013-08-25 14:30:00+00:00,539.8
5286,2013-08-25 15:00:00+00:00,444.81
5286,2013-08-25 15:30:00+00:00,379.71
5286,2013-08-25 16:00:00+00:00,251.15
5286,2013-08-25 16:30:00+00:00,239.18
5286,2013-08-25 17:00:00+00:00,148.21
5286,2013-08-25 17:30:00+00:00,31.16
5286,2013-08-25 18:00:00+00:00,34.06
5286,2013-08-25 18:30:00+00:00,14.51
5286,2013-08-25 19:00:00+00:00,0.39
5286,2013-08-25 19:30:00+00:00,0.0
5286,2013-08-25 20:00:00+00:00,0.0
5286,2013-08-25 20:30:00+00:00,0.0
5286,2013-08-25 21:00:00+00:00,0.0
5286,2013-08-25 21:30:00+00:00,0.0
5286,2013-08-25 22:00:00+00:00,0.0
5286,2013-08-25 22:30:00+00:00,0.0
5286,2013-08-25 23:00:00+00:00,0.0
5286,2013-08-25 23:30:00+00:00,0.0
5286,2013-08-26 00:00:00+00:00,0.0
5286,2013-08-26 00:30:00+00:00,0.0
5286,2013-08-26 01:00:00+00:00,0.0
5286,2013-08-26 01:30:00+00:00,0.0
5286,2013-08-26 02:00:00+00:00,0.0
5286,2013-08-26 02:30:00+00:00,0.0
5286,2013-08-26 03:00:00+00:00,0.0
5286,2013-08-26 03:30:00+00:00,0.0
5286,2013-08-26 04:00:00+00:00,0.0
5286,2013-08-26 04:30:00+00:00,0.0
5286,2013-08-26 05:00:00+00:00,0.0
5286,2013-08-26 05:30:00+00:00,0.01
5286,2013-08-26 06:00:00+00:00,6.54
5286,2013-08-26 06:30:00+00:00,30.81
5286,2013-08-26 07:00:00+00:00,82.04
5286,2013-08-26 07:30:00+00:00,146.8
5286,2013-08-26 08:00:00+00:00,391.69
5286,2013-08-26 08:30:00+00:00,465.28
5286,2013-08-26 09:00:00+00:00,584.05
5286,2013-08-26 09:30:00+00:00,808.05
5286,2013-08-26 10:00:00+00:00,856.75
5286,2013-08-26 10:30:00+00:00,893.2
5286,2013-08-26 11:00:00+00:00,826.15
5286,2013-08-26 11:30:00+00:00,855.9
5286,2013-08-26 12:00:00+00:00,938.7
5286,2013-08-26 12:30:00+00:00,945.9
5286,2013-08-26 13:00:00+00:00,906.6
5286,2013-08-26 13:30:00+00:00,847.45
5286,2013-08-26 14:00:00+00:00,782.1
5286,2013-08-26 14:30:00+00:00,699.7
5286,2013-08-26 15:00:00+00:00,594.7
5286,2013-08-26 15:30:00+00:00,483.46
5286,2013-08-26 16:00:00+00:00,297.62
5286,2013-08-26 16:30:00+00:00,177.14
5286,2013-08-26 17:00:00+00:00,103.38
5286,2013-08-26 17:30:00+00:00,42.34
5286,2013-08-26 18:00:00+00:00,25.31
5286,2013-08-26 18:30:00+00:00,11.15
5286,2013-08-26 19:00:00+00:00,0.2
5286,2013-08-26 19:30:00+00:00,0.01
5286,2013-08-26 20:00:00+00:00,0.0
5286,2013-08-26 20:30:00+00:00,0.0
5286,2013-08-26 21:00:00+00:00,0.0
5286,2013-08-26 21:30:00+00:00,0.0
5286,2013-08-26 22:00:00+00:00,0.0
5286,2013-08-26 22:30:00+00:00,0.0
5286,2013-08-26 23:00:00+00:00,0.0
5286,2013-08-26 23:30:00+00:00,0.0
5286,2013-08-27 00:00:00+00:00,0.0
5286,2013-08-27 00:30:00+00:00,0.0
5286,2013-08-27 01:00:00+00:00,0.0
5286,2013-08-27 01:30:00+00:00,0.0
5286,2013-08-27 02:00:00+00:00,0.0
5286,2013-08-27 02:30:00+00:00,0.0
5286,2013-08-27 03:00:00+00:00,0.0
5286,2013-08-27 03:30:00+00:00,0.0
5286,2013-08-27 04:00:00+00:00,0.0
5286,2013-08-27 04:30:00+00:00,0.0
5286,2013-08-27 05:00:00+00:00,0.0
5286,2013-08-27 05:30:00+00:00,0.02
5286,2013-08-27 06:00:00+00:00,11.57
5286,2013-08-27 06:30:00+00:00,41.78
5286,2013-08-27 07:00:00+00:00,77.13
5286,2013-08-27 07:30:00+00:00,111.65
5286,2013-08-27 08:00:00+00:00,191.77
5286,2013-08-27 08:30:00+00:00,235.61
5286,2013-08-27 09:00:00+00:00,856.55
5286,2013-08-27 09:30:00+00:00,856.55
5286,2013-08-27 10:00:00+00:00,907.0
5286,2013-08-27 10:30:00+00:00,931.35
5286,2013-08-27 11:00:00+00:00,945.95
5286,2013-08-27 11:30:00+00:00,948.1
5286,2013-08-27 12:00:00+00:00,944.75
5286,2013-08-27 12:30:00+00:00,918.0
5286,2013-08-27 13:00:00+00:00,877.75
5286,2013-08-27 13:30:00+00:00,832.9
5286,2013-08-27 14:00:00+00:00,773.55
5286,2013-08-27 14:30:00+00:00,695.65
5286,2013-08-27 15:00:00+00:00,595.7
5286,2013-08-27 15:30:00+00:00,482.0
5286,2013-08-27 16:00:00+00:00,301.41
5286,2013-08-27 16:30:00+00:00,174.09
5286,2013-08-27 17:00:00+00:00,96.76
5286,2013-08-27 17:30:00+00:00,38.73
5286,2013-08-27 18:00:00+00:00,23.42
5286,2013-08-27 18:30:00+00:00,8.55
5286,2013-08-27 19:00:00+00:00,0.0
5286,2013-08-27 19:30:00+00:00,0.0
5286,2013-08-27 20:00:00+00:00,0.0
5286,2013-08-27 20:30:00+00:00,0.0
5286,2013-08-27 21:00:00+00:00,0.0
5286,2013-08-27 21:30:00+00:00,0.0
5286,2013-08-27 22:00:00+00:00,0.0
5286,2013-08-27 22:30:00+00:00,0.0
5286,2013-08-27 23:00:00+00:00,0.0
5286,2013-08-27 23:30:00+00:00,0.0
5286,2013-08-28 00:00:00+00:00,0.0
5286,2013-08-28 00:30:00+00:00,0.0
5286,2013-08-28 01:00:00+00:00,0.0
5286,2013-08-28 01:30:00+00:00,0.0
5286,2013-08-28 02:00:00+00:00,0.0
5286,2013-08-28 02:30:00+00:00,0.0
5286,2013-08-28 03:00:00+00:00,0.0
5286,2013-08-28 03:30:00+00:00,0.0
5286,2013-08-28 04:00:00+00:00,0.0
5286,2013-08-28 04:30:00+00:00,0.0
5286,2013-08-28 05:00:00+00:00,0.0
5286,2013-08-28 05:30:00+00:00,0.0
5286,2013-08-28 06:00:00+00:00,2.35
5286,2013-08-28 06:30:00+00:00,16.09
5286,2013-08-28 07:00:00+00:00,33.96
5286,2013-08-28 07:30:00+00:00,85.49
5286,2013-08-28 08:00:00+00:00,206.5
5286,2013-08-28 08:30:00+00:00,649.45
5286,2013-08-28 09:00:00+00:00,765.9
5286,2013-08-28 09:30:00+00:00,831.35
5286,2013-08-28 10:00:00+00:00,859.2
5286,2013-08-28 10:30:00+00:00,907.0
5286,2013-08-28 11:00:00+00:00,921.8
5286,2013-08-28 11:30:00+00:00,927.6
5286,2013-08-28 12:00:00+00:00,941.95
5286,2013-08-28 12:30:00+00:00,890.25
5286,2013-08-28 13:00:00+00:00,875.55
5286,2013-08-28 13:30:00+00:00,819.4
5286,2013-08-28 14:00:00+00:00,738.7
5286,2013-08-28 14:30:00+00:00,664.35
5286,2013-08-28 15:00:00+00:00,567.75
5286,2013-08-28 15:30:00+00:00,423.1
5286,2013-08-28 16:00:00+00:00,256.88
5286,2013-08-28 16:30:00+00:00,179.91
5286,2013-08-28 17:00:00+00:00,129.96
5286,2013-08-28 17:30:00+00:00,60.45
5286,2013-08-28 18:00:00+00:00,26.76
5286,2013-08-28 18:30:00+00:00,6.06
5286,2013-08-28 19:00:00+00:00,0.02
5286,2013-08-28 19:30:00+00:00,0.0
5286,2013-08-28 20:00:00+00:00,0.0
5286,2013-08-28 20:30:00+00:00,0.0
5286,2013-08-28 21:00:00+00:00,0.0
5286,2013-08-28 21:30:00+00:00,0.0
5286,2013-08-28 22:00:00+00:00,0.0
5286,2013-08-28 22:30:00+00:00,0.0
5286,2013-08-28 23:00:00+00:00,0.0
5286,2013-08-28 23:30:00+00:00,0.0
5286,2013-08-29 00:00:00+00:00,0.0
5286,2013-08-29 00:30:00+00:00,0.0
5286,2013-08-29 01:00:00+00:00,0.0
5286,2013-08-29 01:30:00+00:00,0.0
5286,2013-08-29 02:00:00+00:00,0.0
5286,2013-08-29 02:30:00+00:00,0.0
5286,2013-08-29 03:00:00+00:00,0.0
5286,2013-08-29 03:30:00+00:00,0.0
5286,2013-08-29 04:00:00+00:00,0.0
5286,2013-08-29 04:30:00+00:00,0.0
5286,2013-08-29 05:00:00+00:00,0.0
5286,2013-08-29 05:30:00+00:00,0.0
5286,2013-08-29 06:00:00+00:00,17.56
5286,2013-08-29 06:30:00+00:00,48.27
5286,2013-08-29 07:00:00+00:00,167.38
5286,2013-08-29 07:30:00+00:00,146.05
5286,2013-08-29 08:00:00+00:00,500.8
5286,2013-08-29 08:30:00+00:00,631.1
5286,2013-08-29 09:00:00+00:00,752.25
5286,2013-08-29 09:30:00+00:00,835.35
5286,2013-08-29 10:00:00+00:00,883.5
5286,2013-08-29 10:30:00+00:00,921.95
5286,2013-08-29 11:00:00+00:00,929.6
5286,2013-08-29 11:30:00+00:00,943.2
5286,2013-08-29 12:00:00+00:00,963.4
5286,2013-08-29 12:30:00+00:00,940.8
5286,2013-08-29 13:00:00+00:00,847.25
5286,2013-08-29 13:30:00+00:00,760.35
5286,2013-08-29 14:00:00+00:00,795.5
5286,2013-08-29 14:30:00+00:00,544.5
5286,2013-08-29 15:00:00+00:00,322.64
5286,2013-08-29 15:30:00+00:00,390.89
5286,2013-08-29 16:00:00+00:00,269.01
5286,2013-08-29 16:30:00+00:00,156.36
5286,2013-08-29 17:00:00+00:00,97.66
5286,2013-08-29 17:30:00+00:00,71.5
5286,2013-08-29 18:00:00+00:00,44.01
5286,2013-08-29 18:30:00+00:00,10.74
5286,2013-08-29 19:00:00+00:00,0.01
5286,2013-08-29 19:30:00+00:00,0.01
5286,2013-08-29 20:00:00+00:00,0.0
5286,2013-08-29 20:30:00+00:00,0.0
5286,2013-08-29 21:00:00+00:00,0.0
5286,2013-08-29 21:30:00+00:00,0.0
5286,2013-08-29 22:00:00+00:00,0.0
5286,2013-08-29 22:30:00+00:00,0.0
5286,2013-08-29 23:00:00+00:00,0.0
5286,2013-08-29 23:30:00+00:00,0.0
5286,2013-08-30 00:00:00+00:00,0.0
5286,2013-08-30 00:30:00+00:00,0.0
5286,2013-08-30 01:00:00+00:00,0.0
5286,2013-08-30 01:30:00+00:00,0.0
5286,2013-08-30 02:00:00+00:00,0.0
5286,2013-08-30 02:30:00+00:00,0.0
5286,2013-08-30 03:00:00+00:00,0.0
5286,2013-08-30 03:30:00+00:00,0.0
5286,2013-08-30 04:00:00+00:00,0.0
5286,2013-08-30 04:30:00+00:00,0.0
5286,2013-08-30 05:00:00+00:00,0.0
5286,2013-08-30 05:30:00+00:00,0.0
5286,2013-08-30 06:00:00+00:00,12.53
5286,2013-08-30 06:30:00+00:00,102.02
5286,2013-08-30 07:00:00+00:00,274.05
5286,2013-08-30 07:30:00+00:00,303.65
5286,2013-08-30 08:00:00+00:00,584.65
5286,2013-08-30 08:30:00+00:00,694.5
5286,2013-08-30 09:00:00+00:00,742.05
5286,2013-08-30 09:30:00+00:00,842.15
5286,2013-08-30 10:00:00+00:00,914.7
5286,2013-08-30 10:30:00+00:00,523.2
5286,2013-08-30 11:00:00+00:00,569.5
5286,2013-08-30 11:30:00+00:00,692.85
5286,2013-08-30 12:00:00+00:00,677.95
5286,2013-08-30 12:30:00+00:00,658.55
5286,2013-08-30 13:00:00+00:00,632.5
5286,2013-08-30 13:30:00+00:00,669.2
5286,2013-08-30 14:00:00+00:00,776.9
5286,2013-08-30 14:30:00+00:00,688.45
5286,2013-08-30 15:00:00+00:00,571.55
5286,2013-08-30 15:30:00+00:00,410.67
5286,2013-08-30 16:00:00+00:00,295.92
5286,2013-08-30 16:30:00+00:00,216.22
5286,2013-08-30 17:00:00+00:00,100.81
5286,2013-08-30 17:30:00+00:00,51.35
5286,2013-08-30 18:00:00+00:00,46.14
5286,2013-08-30 18:30:00+00:00,14.0
5286,2013-08-30 19:00:00+00:00,0.23
5286,2013-08-30 19:30:00+00:00,0.01
5286,2013-08-30 20:00:00+00:00,0.0
5286,2013-08-30 20:30:00+00:00,0.0
5286,2013-08-30 21:00:00+00:00,0.0
5286,2013-08-30 21:30:00+00:00,0.0
5286,2013-08-30 22:00:00+00:00,0.0
5286,2013-08-30 22:30:00+00:00,0.0
5286,2013-08-30 23:00:00+00:00,0.0
5286,2013-08-30 23:30:00+00:00,0.0
5286,2013-08-31 00:00:00+00:00,0.0
5286,2013-08-31 00:30:00+00:00,0.0
5286,2013-08-31 01:00:00+00:00,0.0
5286,2013-08-31 01:30:00+00:00,0.0
5286,2013-08-31 02:00:00+00:00,0.0
5286,2013-08-31 02:30:00+00:00,0.0
5286,2013-08-31 03:00:00+00:00,0.0
5286,2013-08-31 03:30:00+00:00,0.0
5286,2013-08-31 04:00:00+00:00,0.0
5286,2013-08-31 04:30:00+00:00,0.0
5286,2013-08-31 05:00:00+00:00,0.0
5286,2013-08-31 05:30:00+00:00,0.0
5286,2013-08-31 06:00:00+00:00,8.91
5286,2013-08-31 06:30:00+00:00,39.88
5286,2013-08-31 07:00:00+00:00,128.22
5286,2013-08-31 07:30:00+00:00,308.45
5286,2013-08-31 08:00:00+00:00,379.89
5286,2013-08-31 08:30:00+00:00,719.3
5286,2013-08-31 09:00:00+00:00,803.0
5286,2013-08-31 09:30:00+00:00,879.8
5286,2013-08-31 10:00:00+00:00,936.35
5286,2013-08-31 10:30:00+00:00,966.7
5286,2013-08-31 11:00:00+00:00,993.95
5286,2013-08-31 11:30:00+00:00,997.1
5286,2013-08-31 12:00:00+00:00,975.75
5286,2013-08-31 12:30:00+00:00,960.65
5286,2013-08-31 13:00:00+00:00,915.1
5286,2013-08-31 13:30:00+00:00,857.65
5286,2013-08-31 14:00:00+00:00,787.4
5286,2013-08-31 14:30:00+00:00,703.7
5286,2013-08-31 15:00:00+00:00,600.65
5286,2013-08-31 15:30:00+00:00,490.53
5286,2013-08-31 16:00:00+00:00,274.48
5286,2013-08-31 16:30:00+00:00,180.71
5286,2013-08-31 17:00:00+00:00,102.26
5286,2013-08-31 17:30:00+00:00,47.1
5286,2013-08-31 18:00:00+00:00,61.84
5286,2013-08-31 18:30:00+00:00,7.79
5286,2013-08-31 19:00:00+00:00,0.0
5286,2013-08-31 19:30:00+00:00,0.01
5286,2013-08-31 20:00:00+00:00,0.0
5286,2013-08-31 20:30:00+00:00,0.0
5286,2013-08-31 21:00:00+00:00,0.0
5286,2013-08-31 21:30:00+00:00,0.0
5286,2013-08-31 22:00:00+00:00,0.0
5286,2013-08-31 22:30:00+00:00,0.0
5286,2013-08-31 23:00:00+00:00,0.0
5286,2013-08-31 23:30:00+00:00,0.0
5286,2013-09-01 00:30:00+00:00,0.0
5286,2013-09-01 01:00:00+00:00,0.0
5286,2013-09-01 01:30:00+00:00,0.0
5286,2013-09-01 02:00:00+00:00,0.0
5286,2013-09-01 02:30:00+00:00,0.0
5286,2013-09-01 03:00:00+00:00,0.0
5286,2013-09-01 03:30:00+00:00,0.0
5286,2013-09-01 04:00:00+00:00,0.0
5286,2013-09-01 04:30:00+00:00,0.0
5286,2013-09-01 05:00:00+00:00,0.0
5286,2013-09-01 05:30:00+00:00,0.0
5286,2013-09-01 06:00:00+00:00,17.18
5286,2013-09-01 06:30:00+00:00,52.22
5286,2013-09-01 07:00:00+00:00,106.88
5286,2013-09-01 07:30:00+00:00,218.33
5286,2013-09-01 08:00:00+00:00,344.25
5286,2013-09-01 08:30:00+00:00,455.26
5286,2013-09-01 09:00:00+00:00,329.53
5286,2013-09-01 09:30:00+00:00,302.96
5286,2013-09-01 10:00:00+00:00,318.15
5286,2013-09-01 10:30:00+00:00,470.27
5286,2013-09-01 11:00:00+00:00,865.7
5286,2013-09-01 11:30:00+00:00,802.35
5286,2013-09-01 12:00:00+00:00,741.25
5286,2013-09-01 12:30:00+00:00,790.2
5286,2013-09-01 13:00:00+00:00,747.8
5286,2013-09-01 13:30:00+00:00,684.3
5286,2013-09-01 14:00:00+00:00,442.12
5286,2013-09-01 14:30:00+00:00,270.8
5286,2013-09-01 15:00:00+00:00,305.79
5286,2013-09-01 15:30:00+00:00,303.75
5286,2013-09-01 16:00:00+00:00,253.93
5286,2013-09-01 16:30:00+00:00,146.98
5286,2013-09-01 17:00:00+00:00,97.65
5286,2013-09-01 17:30:00+00:00,69.52
5286,2013-09-01 18:00:00+00:00,20.48
5286,2013-09-01 18:30:00+00:00,0.39
5286,2013-09-01 19:00:00+00:00,0.01
5286,2013-09-01 19:30:00+00:00,0.01
5286,2013-09-01 20:00:00+00:00,0.0
5286,2013-09-01 20:30:00+00:00,0.0
5286,2013-09-01 21:00:00+00:00,0.0
5286,2013-09-01 21:30:00+00:00,0.0
5286,2013-09-01 22:00:00+00:00,0.0
5286,2013-09-01 22:30:00+00:00,0.0
5286,2013-09-01 23:00:00+00:00,0.0
5286,2013-09-01 23:30:00+00:00,0.0
5286,2013-09-02 00:00:00+00:00,0.0
5286,2013-09-02 00:30:00+00:00,0.0
5286,2013-09-02 01:00:00+00:00,0.0
5286,2013-09-02 01:30:00+00:00,0.0
5286,2013-09-02 02:00:00+00:00,0.0
5286,2013-09-02 02:30:00+00:00,0.0
5286,2013-09-02 03:00:00+00:00,0.0
5286,2013-09-02 03:30:00+00:00,0.0
5286,2013-09-02 04:00:00+00:00,0.0
5286,2013-09-02 04:30:00+00:00,0.0
5286,2013-09-02 05:00:00+00:00,0.0
5286,2013-09-02 05:30:00+00:00,0.02
5286,2013-09-02 06:00:00+00:00,13.9
5286,2013-09-02 06:30:00+00:00,121.49
5286,2013-09-02 07:00:00+00:00,330.48
5286,2013-09-02 07:30:00+00:00,483.76
5286,2013-09-02 08:00:00+00:00,621.85
5286,2013-09-02 08:30:00+00:00,721.35
5286,2013-09-02 09:00:00+00:00,796.8
5286,2013-09-02 09:30:00+00:00,865.75
5286,2013-09-02 10:00:00+00:00,869.85
5286,2013-09-02 10:30:00+00:00,748.05
5286,2013-09-02 11:00:00+00:00,889.15
5286,2013-09-02 11:30:00+00:00,984.3
5286,2013-09-02 12:00:00+00:00,957.95
5286,2013-09-02 12:30:00+00:00,823.9
5286,2013-09-02 13:00:00+00:00,904.9
5286,2013-09-02 13:30:00+00:00,853.6
5286,2013-09-02 14:00:00+00:00,731.45
5286,2013-09-02 14:30:00+00:00,697.7
5286,2013-09-02 15:00:00+00:00,597.1
5286,2013-09-02 15:30:00+00:00,417.44
5286,2013-09-02 16:00:00+00:00,291.16
5286,2013-09-02 16:30:00+00:00,154.43
5286,2013-09-02 17:00:00+00:00,77.5
5286,2013-09-02 17:30:00+00:00,27.1
5286,2013-09-02 18:00:00+00:00,14.48
5286,2013-09-02 18:30:00+00:00,2.25
5286,2013-09-02 19:00:00+00:00,0.01
5286,2013-09-02 19:30:00+00:00,0.0
5286,2013-09-02 20:00:00+00:00,0.0
5286,2013-09-02 20:30:00+00:00,0.0
5286,2013-09-02 21:00:00+00:00,0.0
5286,2013-09-02 21:30:00+00:00,0.0
5286,2013-09-02 22:00:00+00:00,0.0
5286,2013-09-02 22:30:00+00:00,0.0
5286,2013-09-02 23:00:00+00:00,0.0
5286,2013-09-02 23:30:00+00:00,0.0
5286,2013-09-03 00:00:00+00:00,0.0
5286,2013-09-03 00:30:00+00:00,0.0
5286,2013-09-03 01:00:00+00:00,0.0
5286,2013-09-03 01:30:00+00:00,0.0
5286,2013-09-03 02:00:00+00:00,0.0
5286,2013-09-03 02:30:00+00:00,0.0
5286,2013-09-03 03:00:00+00:00,0.0
5286,2013-09-03 03:30:00+00:00,0.0
5286,2013-09-03 04:00:00+00:00,0.0
5286,2013-09-03 04:30:00+00:00,0.0
5286,2013-09-03 05:00:00+00:00,0.0
5286,2013-09-03 05:30:00+00:00,0.01
5286,2013-09-03 06:00:00+00:00,13.7
5286,2013-09-03 06:30:00+00:00,108.38
5286,2013-09-03 07:00:00+00:00,298.02
5286,2013-09-03 07:30:00+00:00,435.31
5286,2013-09-03 08:00:00+00:00,439.36
5286,2013-09-03 08:30:00+00:00,415.13
5286,2013-09-03 09:00:00+00:00,481.62
5286,2013-09-03 09:30:00+00:00,515.85
5286,2013-09-03 10:00:00+00:00,446.87
5286,2013-09-03 10:30:00+00:00,449.03
5286,2013-09-03 11:00:00+00:00,506.5
5286,2013-09-03 11:30:00+00:00,569.5
5286,2013-09-03 12:00:00+00:00,812.85
5286,2013-09-03 12:30:00+00:00,578.2
5286,2013-09-03 13:00:00+00:00,725.55
5286,2013-09-03 13:30:00+00:00,601.45
5286,2013-09-03 14:00:00+00:00,522.75
5286,2013-09-03 14:30:00+00:00,307.54
5286,2013-09-03 15:00:00+00:00,220.07
5286,2013-09-03 15:30:00+00:00,281.9
5286,2013-09-03 16:00:00+00:00,200.83
5286,2013-09-03 16:30:00+00:00,134.42
5286,2013-09-03 17:00:00+00:00,66.79
5286,2013-09-03 17:30:00+00:00,47.7
5286,2013-09-03 18:00:00+00:00,22.9
5286,2013-09-03 18:30:00+00:00,3.68
5286,2013-09-03 19:00:00+00:00,0.01
5286,2013-09-03 19:30:00+00:00,0.0
5286,2013-09-03 20:00:00+00:00,0.0
5286,2013-09-03 20:30:00+00:00,0.0
5286,2013-09-03 21:00:00+00:00,0.0
5286,2013-09-03 21:30:00+00:00,0.0
5286,2013-09-03 22:00:00+00:00,0.0
5286,2013-09-03 22:30:00+00:00,0.0
5286,2013-09-03 23:00:00+00:00,0.0
5286,2013-09-03 23:30:00+00:00,0.0
5286,2013-09-04 00:00:00+00:00,0.0
5286,2013-09-04 00:30:00+00:00,0.0
5286,2013-09-04 01:00:00+00:00,0.0
5286,2013-09-04 01:30:00+00:00,0.0
5286,2013-09-04 02:00:00+00:00,0.0
5286,2013-09-04 02:30:00+00:00,0.0
5286,2013-09-04 03:00:00+00:00,0.0
5286,2013-09-04 03:30:00+00:00,0.0
5286,2013-09-04 04:00:00+00:00,0.0
5286,2013-09-04 04:30:00+00:00,0.0
5286,2013-09-04 05:00:00+00:00,0.0
5286,2013-09-04 05:30:00+00:00,0.0
5286,2013-09-04 06:00:00+00:00,4.68
5286,2013-09-04 06:30:00+00:00,23.18
5286,2013-09-04 07:00:00+00:00,44.82
5286,2013-09-04 07:30:00+00:00,74.83
5286,2013-09-04 08:00:00+00:00,104.34
5286,2013-09-04 08:30:00+00:00,130.81
5286,2013-09-04 09:00:00+00:00,262.83
5286,2013-09-04 09:30:00+00:00,524.3
5286,2013-09-04 10:00:00+00:00,701.35
5286,2013-09-04 10:30:00+00:00,838.4
5286,2013-09-04 11:00:00+00:00,843.15
5286,2013-09-04 11:30:00+00:00,914.75
5286,2013-09-04 12:00:00+00:00,905.9
5286,2013-09-04 12:30:00+00:00,884.0
5286,2013-09-04 13:00:00+00:00,826.95
5286,2013-09-04 13:30:00+00:00,778.4
5286,2013-09-04 14:00:00+00:00,730.45
5286,2013-09-04 14:30:00+00:00,635.4
5286,2013-09-04 15:00:00+00:00,528.9
5286,2013-09-04 15:30:00+00:00,421.64
5286,2013-09-04 16:00:00+00:00,271.2
5286,2013-09-04 16:30:00+00:00,154.82
5286,2013-09-04 17:00:00+00:00,87.44
5286,2013-09-04 17:30:00+00:00,37.98
5286,2013-09-04 18:00:00+00:00,18.96
5286,2013-09-04 18:30:00+00:00,2.52
5286,2013-09-04 19:00:00+00:00,0.01
5286,2013-09-04 19:30:00+00:00,0.0
5286,2013-09-04 20:00:00+00:00,0.0
5286,2013-09-04 20:30:00+00:00,0.0
5286,2013-09-04 21:00:00+00:00,0.0
5286,2013-09-04 21:30:00+00:00,0.0
5286,2013-09-04 22:00:00+00:00,0.0
5286,2013-09-04 22:30:00+00:00,0.0
5286,2013-09-04 23:00:00+00:00,0.0
5286,2013-09-04 23:30:00+00:00,0.0
5286,2013-09-05 00:00:00+00:00,0.0
5286,2013-09-05 00:30:00+00:00,0.0
5286,2013-09-05 01:00:00+00:00,0.0
5286,2013-09-05 01:30:00+00:00,0.0
5286,2013-09-05 02:00:00+00:00,0.0
5286,2013-09-05 02:30:00+00:00,0.0
5286,2013-09-05 03:00:00+00:00,0.0
5286,2013-09-05 03:30:00+00:00,0.0
5286,2013-09-05 04:00:00+00:00,0.0
5286,2013-09-05 04:30:00+00:00,0.0
5286,2013-09-05 05:00:00+00:00,0.0
5286,2013-09-05 05:30:00+00:00,0.0
5286,2013-09-05 06:00:00+00:00,3.35
5286,2013-09-05 06:30:00+00:00,24.16
5286,2013-09-05 07:00:00+00:00,91.58
5286,2013-09-05 07:30:00+00:00,135.98
5286,2013-09-05 08:00:00+00:00,193.77
5286,2013-09-05 08:30:00+00:00,451.86
5286,2013-09-05 09:00:00+00:00,714.1
5286,2013-09-05 09:30:00+00:00,771.65
5286,2013-09-05 10:00:00+00:00,809.9
5286,2013-09-05 10:30:00+00:00,835.25
5286,2013-09-05 11:00:00+00:00,848.85
5286,2013-09-05 11:30:00+00:00,848.4
5286,2013-09-05 12:00:00+00:00,836.15
5286,2013-09-05 12:30:00+00:00,820.8
5286,2013-09-05 13:00:00+00:00,779.3
5286,2013-09-05 13:30:00+00:00,742.45
5286,2013-09-05 14:00:00+00:00,649.15
5286,2013-09-05 14:30:00+00:00,589.5
5286,2013-09-05 15:00:00+00:00,490.46
5286,2013-09-05 15:30:00+00:00,302.79
5286,2013-09-05 16:00:00+00:00,242.8
5286,2013-09-05 16:30:00+00:00,122.55
5286,2013-09-05 17:00:00+00:00,77.75
5286,2013-09-05 17:30:00+00:00,28.02
5286,2013-09-05 18:00:00+00:00,6.26
5286,2013-09-05 18:30:00+00:00,0.03
5286,2013-09-05 19:00:00+00:00,0.01
5286,2013-09-05 19:30:00+00:00,0.01
5286,2013-09-05 20:00:00+00:00,0.0
5286,2013-09-05 20:30:00+00:00,0.0
5286,2013-09-05 21:00:00+00:00,0.0
5286,2013-09-05 21:30:00+00:00,0.0
5286,2013-09-05 22:00:00+00:00,0.0
5286,2013-09-05 22:30:00+00:00,0.0
5286,2013-09-05 23:00:00+00:00,0.0
5286,2013-09-05 23:30:00+00:00,0.0
5286,2013-09-06 00:00:00+00:00,0.0
5286,2013-09-06 00:30:00+00:00,0.0
5286,2013-09-06 01:00:00+00:00,0.0
5286,2013-09-06 01:30:00+00:00,0.0
5286,2013-09-06 02:00:00+00:00,0.0
5286,2013-09-06 02:30:00+00:00,0.0
5286,2013-09-06 03:00:00+00:00,0.0
5286,2013-09-06 03:30:00+00:00,0.0
5286,2013-09-06 04:00:00+00:00,0.0
5286,2013-09-06 04:30:00+00:00,0.0
5286,2013-09-06 05:00:00+00:00,0.0
5286,2013-09-06 05:30:00+00:00,0.0
5286,2013-09-06 06:00:00+00:00,0.01
5286,2013-09-06 06:30:00+00:00,5.25
5286,2013-09-06 07:00:00+00:00,25.64
5286,2013-09-06 07:30:00+00:00,47.09
5286,2013-09-06 08:00:00+00:00,57.0
5286,2013-09-06 08:30:00+00:00,199.03
5286,2013-09-06 09:00:00+00:00,225.46
5286,2013-09-06 09:30:00+00:00,276.5
5286,2013-09-06 10:00:00+00:00,100.69
5286,2013-09-06 10:30:00+00:00,73.74
5286,2013-09-06 11:00:00+00:00,87.83
5286,2013-09-06 11:30:00+00:00,98.2
5286,2013-09-06 12:00:00+00:00,90.24
5286,2013-09-06 12:30:00+00:00,201.58
5286,2013-09-06 13:00:00+00:00,113.31
5286,2013-09-06 13:30:00+00:00,73.89
5286,2013-09-06 14:00:00+00:00,55.94
5286,2013-09-06 14:30:00+00:00,28.39
5286,2013-09-06 15:00:00+00:00,23.38
5286,2013-09-06 15:30:00+00:00,110.35
5286,2013-09-06 16:00:00+00:00,198.83
5286,2013-09-06 16:30:00+00:00,118.82
5286,2013-09-06 17:00:00+00:00,100.36
5286,2013-09-06 17:30:00+00:00,44.81
5286,2013-09-06 18:00:00+00:00,22.54
5286,2013-09-06 18:30:00+00:00,1.97
5286,2013-09-06 19:00:00+00:00,0.01
5286,2013-09-06 19:30:00+00:00,0.0
5286,2013-09-06 20:00:00+00:00,0.0
5286,2013-09-06 20:30:00+00:00,0.0
5286,2013-09-06 21:00:00+00:00,0.0
5286,2013-09-06 21:30:00+00:00,0.0
5286,2013-09-06 22:00:00+00:00,0.0
5286,2013-09-06 22:30:00+00:00,0.0
5286,2013-09-06 23:00:00+00:00,0.0
5286,2013-09-06 23:30:00+00:00,0.0
5286,2013-09-07 00:00:00+00:00,0.0
5286,2013-09-07 00:30:00+00:00,0.0
5286,2013-09-07 01:00:00+00:00,0.0
5286,2013-09-07 01:30:00+00:00,0.0
5286,2013-09-07 02:00:00+00:00,0.0
5286,2013-09-07 02:30:00+00:00,0.0
5286,2013-09-07 03:00:00+00:00,0.0
5286,2013-09-07 03:30:00+00:00,0.0
5286,2013-09-07 04:00:00+00:00,0.0
5286,2013-09-07 04:30:00+00:00,0.0
5286,2013-09-07 05:00:00+00:00,0.0
5286,2013-09-07 05:30:00+00:00,1.36
5286,2013-09-07 06:00:00+00:00,7.7
5286,2013-09-07 06:30:00+00:00,111.28
5286,2013-09-07 07:00:00+00:00,325.59
5286,2013-09-07 07:30:00+00:00,481.17
5286,2013-09-07 08:00:00+00:00,616.1
5286,2013-09-07 08:30:00+00:00,456.37
5286,2013-09-07 09:00:00+00:00,234.49
5286,2013-09-07 09:30:00+00:00,555.45
5286,2013-09-07 10:00:00+00:00,325.43
5286,2013-09-07 10:30:00+00:00,204.73
5286,2013-09-07 11:00:00+00:00,264.42
5286,2013-09-07 11:30:00+00:00,227.12
5286,2013-09-07 12:00:00+00:00,515.6
5286,2013-09-07 12:30:00+00:00,361.92
5286,2013-09-07 13:00:00+00:00,568.25
5286,2013-09-07 13:30:00+00:00,571.4
5286,2013-09-07 14:00:00+00:00,302.59
5286,2013-09-07 14:30:00+00:00,562.8
5286,2013-09-07 15:00:00+00:00,588.35
5286,2013-09-07 15:30:00+00:00,496.32
5286,2013-09-07 16:00:00+00:00,296.29
5286,2013-09-07 16:30:00+00:00,126.77
5286,2013-09-07 17:00:00+00:00,99.76
5286,2013-09-07 17:30:00+00:00,26.55
5286,2013-09-07 18:00:00+00:00,12.47
5286,2013-09-07 18:30:00+00:00,0.37
5286,2013-09-07 19:00:00+00:00,0.01
5286,2013-09-07 19:30:00+00:00,0.0
5286,2013-09-07 20:00:00+00:00,0.0
5286,2013-09-07 20:30:00+00:00,0.0
5286,2013-09-07 21:00:00+00:00,0.0
5286,2013-09-07 21:30:00+00:00,0.0
5286,2013-09-07 22:00:00+00:00,0.0
5286,2013-09-07 22:30:00+00:00,0.0
5286,2013-09-07 23:00:00+00:00,0.0
5286,2013-09-07 23:30:00+00:00,0.0
5286,2013-09-08 00:00:00+00:00,0.0
5286,2013-09-08 00:30:00+00:00,0.0
5286,2013-09-08 01:00:00+00:00,0.0
5286,2013-09-08 01:30:00+00:00,0.0
5286,2013-09-08 02:00:00+00:00,0.0
5286,2013-09-08 02:30:00+00:00,0.0
5286,2013-09-08 03:00:00+00:00,0.0
5286,2013-09-08 03:30:00+00:00,0.0
5286,2013-09-08 04:00:00+00:00,0.0
5286,2013-09-08 04:30:00+00:00,0.0
5286,2013-09-08 05:00:00+00:00,0.0
5286,2013-09-08 05:30:00+00:00,0.0
5286,2013-09-08 06:00:00+00:00,3.56
5286,2013-09-08 06:30:00+00:00,130.14
5286,2013-09-08 07:00:00+00:00,330.56
5286,2013-09-08 07:30:00+00:00,458.09
5286,2013-09-08 08:00:00+00:00,590.7
5286,2013-09-08 08:30:00+00:00,692.5
5286,2013-09-08 09:00:00+00:00,783.45
5286,2013-09-08 09:30:00+00:00,884.25
5286,2013-09-08 10:00:00+00:00,385.32
5286,2013-09-08 10:30:00+00:00,489.91
5286,2013-09-08 11:00:00+00:00,902.2
5286,2013-09-08 11:30:00+00:00,681.65
5286,2013-09-08 12:00:00+00:00,591.3
5286,2013-09-08 12:30:00+00:00,417.72
5286,2013-09-08 13:00:00+00:00,407.61
5286,2013-09-08 13:30:00+00:00,465.46
5286,2013-09-08 14:00:00+00:00,501.85
5286,2013-09-08 14:30:00+00:00,372.36
5286,2013-09-08 15:00:00+00:00,168.16
5286,2013-09-08 15:30:00+00:00,98.37
5286,2013-09-08 16:00:00+00:00,178.91
5286,2013-09-08 16:30:00+00:00,132.36
5286,2013-09-08 17:00:00+00:00,51.91
5286,2013-09-08 17:30:00+00:00,76.83
5286,2013-09-08 18:00:00+00:00,32.53
5286,2013-09-08 18:30:00+00:00,0.69
5286,2013-09-08 19:00:00+00:00,0.01
5286,2013-09-08 19:30:00+00:00,0.0
5286,2013-09-08 20:00:00+00:00,0.0
5286,2013-09-08 20:30:00+00:00,0.0
5286,2013-09-08 21:00:00+00:00,0.0
5286,2013-09-08 21:30:00+00:00,0.0
5286,2013-09-08 22:00:00+00:00,0.0
5286,2013-09-08 22:30:00+00:00,0.0
5286,2013-09-08 23:00:00+00:00,0.0
5286,2013-09-08 23:30:00+00:00,0.0
5286,2013-09-09 00:00:00+00:00,0.0
5286,2013-09-09 00:30:00+00:00,0.0
5286,2013-09-09 01:00:00+00:00,0.0
5286,2013-09-09 01:30:00+00:00,0.0
5286,2013-09-09 02:00:00+00:00,0.0
5286,2013-09-09 02:30:00+00:00,0.0
5286,2013-09-09 03:00:00+00:00,0.0
5286,2013-09-09 03:30:00+00:00,0.0
5286,2013-09-09 04:00:00+00:00,0.0
5286,2013-09-09 04:30:00+00:00,0.0
5286,2013-09-09 05:00:00+00:00,0.0
5286,2013-09-09 05:30:00+00:00,0.0
5286,2013-09-09 06:00:00+00:00,0.01
5286,2013-09-09 06:30:00+00:00,1.18
5286,2013-09-09 07:00:00+00:00,18.96
5286,2013-09-09 07:30:00+00:00,70.31
5286,2013-09-09 08:00:00+00:00,80.8
5286,2013-09-09 08:30:00+00:00,61.08
5286,2013-09-09 09:00:00+00:00,72.03
5286,2013-09-09 09:30:00+00:00,57.56
5286,2013-09-09 10:00:00+00:00,94.89
5286,2013-09-09 10:30:00+00:00,135.48
5286,2013-09-09 11:00:00+00:00,66.97
5286,2013-09-09 11:30:00+00:00,83.21
5286,2013-09-09 12:00:00+00:00,68.47
5286,2013-09-09 12:30:00+00:00,100.96
5286,2013-09-09 13:00:00+00:00,146.57
5286,2013-09-09 13:30:00+00:00,109.97
5286,2013-09-09 14:00:00+00:00,73.9
5286,2013-09-09 14:30:00+00:00,135.1
5286,2013-09-09 15:00:00+00:00,224.93
5286,2013-09-09 15:30:00+00:00,343.94
5286,2013-09-09 16:00:00+00:00,144.56
5286,2013-09-09 16:30:00+00:00,143.84
5286,2013-09-09 17:00:00+00:00,42.75
5286,2013-09-09 17:30:00+00:00,40.43
5286,2013-09-09 18:00:00+00:00,22.33
5286,2013-09-09 18:30:00+00:00,0.12
5286,2013-09-09 19:00:00+00:00,0.01
5286,2013-09-09 19:30:00+00:00,0.0
5286,2013-09-09 20:00:00+00:00,0.0
5286,2013-09-09 20:30:00+00:00,0.0
5286,2013-09-09 21:00:00+00:00,0.0
5286,2013-09-09 21:30:00+00:00,0.0
5286,2013-09-09 22:00:00+00:00,0.0
5286,2013-09-09 22:30:00+00:00,0.0
5286,2013-09-09 23:00:00+00:00,0.0
5286,2013-09-09 23:30:00+00:00,0.0
5286,2013-09-10 00:00:00+00:00,0.0
5286,2013-09-10 00:30:00+00:00,0.0
5286,2013-09-10 01:00:00+00:00,0.0
5286,2013-09-10 01:30:00+00:00,0.0
5286,2013-09-10 02:00:00+00:00,0.0
5286,2013-09-10 02:30:00+00:00,0.0
5286,2013-09-10 03:00:00+00:00,0.0
5286,2013-09-10 03:30:00+00:00,0.0
5286,2013-09-10 04:00:00+00:00,0.0
5286,2013-09-10 04:30:00+00:00,0.0
5286,2013-09-10 05:00:00+00:00,0.0
5286,2013-09-10 05:30:00+00:00,0.0
5286,2013-09-10 06:00:00+00:00,4.91
5286,2013-09-10 06:30:00+00:00,20.58
5286,2013-09-10 07:00:00+00:00,52.29
5286,2013-09-10 07:30:00+00:00,116.16
5286,2013-09-10 08:00:00+00:00,171.73
5286,2013-09-10 08:30:00+00:00,201.4
5286,2013-09-10 09:00:00+00:00,369.71
5286,2013-09-10 09:30:00+00:00,730.55
5286,2013-09-10 10:00:00+00:00,873.2
5286,2013-09-10 10:30:00+00:00,581.7
5286,2013-09-10 11:00:00+00:00,786.15
5286,2013-09-10 11:30:00+00:00,498.87
5286,2013-09-10 12:00:00+00:00,296.11
5286,2013-09-10 12:30:00+00:00,348.35
5286,2013-09-10 13:00:00+00:00,318.32
5286,2013-09-10 13:30:00+00:00,112.74
5286,2013-09-10 14:00:00+00:00,214.11
5286,2013-09-10 14:30:00+00:00,118.75
5286,2013-09-10 15:00:00+00:00,54.29
5286,2013-09-10 15:30:00+00:00,88.49
5286,2013-09-10 16:00:00+00:00,137.95
5286,2013-09-10 16:30:00+00:00,116.1
5286,2013-09-10 17:00:00+00:00,68.35
5286,2013-09-10 17:30:00+00:00,26.08
5286,2013-09-10 18:00:00+00:00,2.46
5286,2013-09-10 18:30:00+00:00,0.02
5286,2013-09-10 19:00:00+00:00,0.0
5286,2013-09-10 19:30:00+00:00,0.0
5286,2013-09-10 20:00:00+00:00,0.0
5286,2013-09-10 20:30:00+00:00,0.0
5286,2013-09-10 21:00:00+00:00,0.0
5286,2013-09-10 21:30:00+00:00,0.0
5286,2013-09-10 22:00:00+00:00,0.0
5286,2013-09-10 22:30:00+00:00,0.0
5286,2013-09-10 23:00:00+00:00,0.0
5286,2013-09-10 23:30:00+00:00,0.0
5286,2013-09-11 00:00:00+00:00,0.0
5286,2013-09-11 00:30:00+00:00,0.0
5286,2013-09-11 01:00:00+00:00,0.0
5286,2013-09-11 01:30:00+00:00,0.0
5286,2013-09-11 02:00:00+00:00,0.0
5286,2013-09-11 02:30:00+00:00,0.0
5286,2013-09-11 03:00:00+00:00,0.0
5286,2013-09-11 03:30:00+00:00,0.0
5286,2013-09-11 04:00:00+00:00,0.0
5286,2013-09-11 04:30:00+00:00,0.0
5286,2013-09-11 05:00:00+00:00,0.0
5286,2013-09-11 05:30:00+00:00,0.0
5286,2013-09-11 06:00:00+00:00,0.0
5286,2013-09-11 06:30:00+00:00,3.17
5286,2013-09-11 07:00:00+00:00,53.5
5286,2013-09-11 07:30:00+00:00,78.15
5286,2013-09-11 08:00:00+00:00,71.74
5286,2013-09-11 08:30:00+00:00,105.55
5286,2013-09-11 09:00:00+00:00,110.79
5286,2013-09-11 09:30:00+00:00,171.18
5286,2013-09-11 10:00:00+00:00,180.33
5286,2013-09-11 10:30:00+00:00,310.29
5286,2013-09-11 11:00:00+00:00,378.39
5286,2013-09-11 11:30:00+00:00,246.92
5286,2013-09-11 12:00:00+00:00,272.11
5286,2013-09-11 12:30:00+00:00,381.42
5286,2013-09-11 13:00:00+00:00,367.1
5286,2013-09-11 13:30:00+00:00,254.54
5286,2013-09-11 14:00:00+00:00,227.85
5286,2013-09-11 14:30:00+00:00,190.21
5286,2013-09-11 15:00:00+00:00,84.1
5286,2013-09-11 15:30:00+00:00,128.82
5286,2013-09-11 16:00:00+00:00,81.79
5286,2013-09-11 16:30:00+00:00,47.72
5286,2013-09-11 17:00:00+00:00,8.64
5286,2013-09-11 17:30:00+00:00,8.21
5286,2013-09-11 18:00:00+00:00,0.01
5286,2013-09-11 18:30:00+00:00,0.0
5286,2013-09-11 19:00:00+00:00,0.0
5286,2013-09-11 19:30:00+00:00,0.0
5286,2013-09-11 20:00:00+00:00,0.0
5286,2013-09-11 20:30:00+00:00,0.0
5286,2013-09-11 21:00:00+00:00,0.0
5286,2013-09-11 21:30:00+00:00,0.0
5286,2013-09-11 22:00:00+00:00,0.0
5286,2013-09-11 22:30:00+00:00,0.0
5286,2013-09-11 23:00:00+00:00,0.0
5286,2013-09-11 23:30:00+00:00,0.0
5286,2013-09-12 00:00:00+00:00,0.0
5286,2013-09-12 00:30:00+00:00,0.0
5286,2013-09-12 01:00:00+00:00,0.0
5286,2013-09-12 01:30:00+00:00,0.0
5286,2013-09-12 02:00:00+00:00,0.0
5286,2013-09-12 02:30:00+00:00,0.0
5286,2013-09-12 03:00:00+00:00,0.0
5286,2013-09-12 03:30:00+00:00,0.0
5286,2013-09-12 04:00:00+00:00,0.0
5286,2013-09-12 04:30:00+00:00,0.0
5286,2013-09-12 05:00:00+00:00,0.0
5286,2013-09-12 05:30:00+00:00,0.0
5286,2013-09-12 06:00:00+00:00,0.0
5286,2013-09-12 06:30:00+00:00,0.01
5286,2013-09-12 07:00:00+00:00,18.03
5286,2013-09-12 07:30:00+00:00,24.98
5286,2013-09-12 08:00:00+00:00,78.63
5286,2013-09-12 08:30:00+00:00,259.52
5286,2013-09-12 09:00:00+00:00,249.79
5286,2013-09-12 09:30:00+00:00,224.39
5286,2013-09-12 10:00:00+00:00,432.18
5286,2013-09-12 10:30:00+00:00,413.81
5286,2013-09-12 11:00:00+00:00,391.5
5286,2013-09-12 11:30:00+00:00,246.24
5286,2013-09-12 12:00:00+00:00,590.25
5286,2013-09-12 12:30:00+00:00,262.06
5286,2013-09-12 13:00:00+00:00,266.75
5286,2013-09-12 13:30:00+00:00,528.05
5286,2013-09-12 14:00:00+00:00,379.02
5286,2013-09-12 14:30:00+00:00,84.05
5286,2013-09-12 15:00:00+00:00,156.74
5286,2013-09-12 15:30:00+00:00,136.47
5286,2013-09-12 16:00:00+00:00,136.36
5286,2013-09-12 16:30:00+00:00,112.19
5286,2013-09-12 17:00:00+00:00,95.43
5286,2013-09-12 17:30:00+00:00,37.73
5286,2013-09-12 18:00:00+00:00,14.93
5286,2013-09-12 18:30:00+00:00,0.01
5286,2013-09-12 19:00:00+00:00,0.0
5286,2013-09-12 19:30:00+00:00,0.0
5286,2013-09-12 20:00:00+00:00,0.0
5286,2013-09-12 20:30:00+00:00,0.0
5286,2013-09-12 21:00:00+00:00,0.0
5286,2013-09-12 21:30:00+00:00,0.0
5286,2013-09-12 22:00:00+00:00,0.0
5286,2013-09-12 22:30:00+00:00,0.0
5286,2013-09-12 23:00:00+00:00,0.0
5286,2013-09-12 23:30:00+00:00,0.0
5286,2013-09-13 00:00:00+00:00,0.0
5286,2013-09-13 00:30:00+00:00,0.0
5286,2013-09-13 01:00:00+00:00,0.0
5286,2013-09-13 01:30:00+00:00,0.0
5286,2013-09-13 02:00:00+00:00,0.0
5286,2013-09-13 02:30:00+00:00,0.0
5286,2013-09-13 03:00:00+00:00,0.0
5286,2013-09-13 03:30:00+00:00,0.0
5286,2013-09-13 04:00:00+00:00,0.0
5286,2013-09-13 04:30:00+00:00,0.0
5286,2013-09-13 05:00:00+00:00,0.0
5286,2013-09-13 05:30:00+00:00,0.0
5286,2013-09-13 06:00:00+00:00,0.0
5286,2013-09-13 06:30:00+00:00,7.07
5286,2013-09-13 07:00:00+00:00,54.4
5286,2013-09-13 07:30:00+00:00,56.6
5286,2013-09-13 08:00:00+00:00,36.64
5286,2013-09-13 08:30:00+00:00,39.06
5286,2013-09-13 09:00:00+00:00,100.8
5286,2013-09-13 09:30:00+00:00,129.76
5286,2013-09-13 10:00:00+00:00,189.98
5286,2013-09-13 10:30:00+00:00,276.32
5286,2013-09-13 11:00:00+00:00,95.89
5286,2013-09-13 11:30:00+00:00,120.11
5286,2013-09-13 12:00:00+00:00,214.59
5286,2013-09-13 12:30:00+00:00,128.26
5286,2013-09-13 13:00:00+00:00,79.75
5286,2013-09-13 13:30:00+00:00,143.2
5286,2013-09-13 14:00:00+00:00,183.91
5286,2013-09-13 14:30:00+00:00,120.68
5286,2013-09-13 15:00:00+00:00,68.62
5286,2013-09-13 15:30:00+00:00,97.39
5286,2013-09-13 16:00:00+00:00,23.43
5286,2013-09-13 16:30:00+00:00,5.02
5286,2013-09-13 17:00:00+00:00,11.65
5286,2013-09-13 17:30:00+00:00,3.36
5286,2013-09-13 18:00:00+00:00,0.01
5286,2013-09-13 18:30:00+00:00,0.01
5286,2013-09-13 19:00:00+00:00,0.0
5286,2013-09-13 19:30:00+00:00,0.0
5286,2013-09-13 20:00:00+00:00,0.0
5286,2013-09-13 20:30:00+00:00,0.0
5286,2013-09-13 21:00:00+00:00,0.0
5286,2013-09-13 21:30:00+00:00,0.0
5286,2013-09-13 22:00:00+00:00,0.0
5286,2013-09-13 22:30:00+00:00,0.0
5286,2013-09-13 23:00:00+00:00,0.0
5286,2013-09-13 23:30:00+00:00,0.0
5286,2013-09-14 00:00:00+00:00,0.0
5286,2013-09-14 00:30:00+00:00,0.0
5286,2013-09-14 01:00:00+00:00,0.0
5286,2013-09-14 01:30:00+00:00,0.0
5286,2013-09-14 02:00:00+00:00,0.0
5286,2013-09-14 02:30:00+00:00,0.0
5286,2013-09-14 03:00:00+00:00,0.0
5286,2013-09-14 03:30:00+00:00,0.0
5286,2013-09-14 04:00:00+00:00,0.0
5286,2013-09-14 04:30:00+00:00,0.0
5286,2013-09-14 05:00:00+00:00,0.0
5286,2013-09-14 05:30:00+00:00,0.0
5286,2013-09-14 06:00:00+00:00,0.0
5286,2013-09-14 06:30:00+00:00,0.0
5286,2013-09-14 07:00:00+00:00,19.85
5286,2013-09-14 07:30:00+00:00,33.29
5286,2013-09-14 08:00:00+00:00,29.84
5286,2013-09-14 08:30:00+00:00,62.62
5286,2013-09-14 09:00:00+00:00,63.71
5286,2013-09-14 09:30:00+00:00,102.41
5286,2013-09-14 10:00:00+00:00,156.89
5286,2013-09-14 10:30:00+00:00,206.88
5286,2013-09-14 11:00:00+00:00,465.79
5286,2013-09-14 11:30:00+00:00,362.89
5286,2013-09-14 12:00:00+00:00,302.31
5286,2013-09-14 12:30:00+00:00,200.69
5286,2013-09-14 13:00:00+00:00,103.21
5286,2013-09-14 13:30:00+00:00,161.99
5286,2013-09-14 14:00:00+00:00,92.84
5286,2013-09-14 14:30:00+00:00,70.02
5286,2013-09-14 15:00:00+00:00,36.4
5286,2013-09-14 15:30:00+00:00,28.27
5286,2013-09-14 16:00:00+00:00,73.67
5286,2013-09-14 16:30:00+00:00,54.71
5286,2013-09-14 17:00:00+00:00,39.01
5286,2013-09-14 17:30:00+00:00,23.47
5286,2013-09-14 18:00:00+00:00,2.05
5286,2013-09-14 18:30:00+00:00,0.01
5286,2013-09-14 19:00:00+00:00,0.0
5286,2013-09-14 19:30:00+00:00,0.0
5286,2013-09-14 20:00:00+00:00,0.0
5286,2013-09-14 20:30:00+00:00,0.0
5286,2013-09-14 21:00:00+00:00,0.0
5286,2013-09-14 21:30:00+00:00,0.0
5286,2013-09-14 22:00:00+00:00,0.0
5286,2013-09-14 22:30:00+00:00,0.0
5286,2013-09-14 23:00:00+00:00,0.0
5286,2013-09-14 23:30:00+00:00,0.0
5286,2013-09-15 00:00:00+00:00,0.0
5286,2013-09-15 00:30:00+00:00,0.0
5286,2013-09-15 01:00:00+00:00,0.0
5286,2013-09-15 01:30:00+00:00,0.0
5286,2013-09-15 02:00:00+00:00,0.0
5286,2013-09-15 02:30:00+00:00,0.0
5286,2013-09-15 03:00:00+00:00,0.0
5286,2013-09-15 03:30:00+00:00,0.0
5286,2013-09-15 04:00:00+00:00,0.0
5286,2013-09-15 04:30:00+00:00,0.0
5286,2013-09-15 05:00:00+00:00,0.0
5286,2013-09-15 05:30:00+00:00,0.0
5286,2013-09-15 06:00:00+00:00,3.29
5286,2013-09-15 06:30:00+00:00,100.32
5286,2013-09-15 07:00:00+00:00,306.92
5286,2013-09-15 07:30:00+00:00,428.3
5286,2013-09-15 08:00:00+00:00,550.15
5286,2013-09-15 08:30:00+00:00,701.2
5286,2013-09-15 09:00:00+00:00,772.4
5286,2013-09-15 09:30:00+00:00,811.1
5286,2013-09-15 10:00:00+00:00,685.3
5286,2013-09-15 10:30:00+00:00,638.85
5286,2013-09-15 11:00:00+00:00,319.07
5286,2013-09-15 11:30:00+00:00,257.64
5286,2013-09-15 12:00:00+00:00,138.41
5286,2013-09-15 12:30:00+00:00,114.86
5286,2013-09-15 13:00:00+00:00,77.32
5286,2013-09-15 13:30:00+00:00,179.69
5286,2013-09-15 14:00:00+00:00,84.6
5286,2013-09-15 14:30:00+00:00,70.26
5286,2013-09-15 15:00:00+00:00,115.39
5286,2013-09-15 15:30:00+00:00,113.45
5286,2013-09-15 16:00:00+00:00,53.94
5286,2013-09-15 16:30:00+00:00,0.33
5286,2013-09-15 17:00:00+00:00,0.36
5286,2013-09-15 17:30:00+00:00,0.09
5286,2013-09-15 18:00:00+00:00,0.0
5286,2013-09-15 18:30:00+00:00,0.01
5286,2013-09-15 19:00:00+00:00,0.0
5286,2013-09-15 19:30:00+00:00,0.0
5286,2013-09-15 20:00:00+00:00,0.0
5286,2013-09-15 20:30:00+00:00,0.0
5286,2013-09-15 21:00:00+00:00,0.0
5286,2013-09-15 21:30:00+00:00,0.0
5286,2013-09-15 22:00:00+00:00,0.0
5286,2013-09-15 22:30:00+00:00,0.0
5286,2013-09-15 23:00:00+00:00,0.0
5286,2013-09-15 23:30:00+00:00,0.0
5286,2013-09-16 00:00:00+00:00,0.0
5286,2013-09-16 00:30:00+00:00,0.0
5286,2013-09-16 01:00:00+00:00,0.0
5286,2013-09-16 01:30:00+00:00,0.0
5286,2013-09-16 02:00:00+00:00,0.0
5286,2013-09-16 02:30:00+00:00,0.0
5286,2013-09-16 03:00:00+00:00,0.0
5286,2013-09-16 03:30:00+00:00,0.0
5286,2013-09-16 04:00:00+00:00,0.0
5286,2013-09-16 04:30:00+00:00,0.0
5286,2013-09-16 05:00:00+00:00,0.0
5286,2013-09-16 05:30:00+00:00,0.0
5286,2013-09-16 06:00:00+00:00,2.96
5286,2013-09-16 06:30:00+00:00,97.82
5286,2013-09-16 07:00:00+00:00,288.43
5286,2013-09-16 07:30:00+00:00,456.9
5286,2013-09-16 08:00:00+00:00,599.95
5286,2013-09-16 08:30:00+00:00,723.45
5286,2013-09-16 09:00:00+00:00,831.5
5286,2013-09-16 09:30:00+00:00,913.05
5286,2013-09-16 10:00:00+00:00,904.6
5286,2013-09-16 10:30:00+00:00,827.6
5286,2013-09-16 11:00:00+00:00,605.1
5286,2013-09-16 11:30:00+00:00,686.05
5286,2013-09-16 12:00:00+00:00,615.6
5286,2013-09-16 12:30:00+00:00,462.88
5286,2013-09-16 13:00:00+00:00,662.95
5286,2013-09-16 13:30:00+00:00,839.6
5286,2013-09-16 14:00:00+00:00,484.62
5286,2013-09-16 14:30:00+00:00,484.05
5286,2013-09-16 15:00:00+00:00,426.2
5286,2013-09-16 15:30:00+00:00,112.34
5286,2013-09-16 16:00:00+00:00,233.33
5286,2013-09-16 16:30:00+00:00,70.85
5286,2013-09-16 17:00:00+00:00,40.97
5286,2013-09-16 17:30:00+00:00,19.91
5286,2013-09-16 18:00:00+00:00,4.0
5286,2013-09-16 18:30:00+00:00,0.01
5286,2013-09-16 19:00:00+00:00,0.0
5286,2013-09-16 19:30:00+00:00,0.0
5286,2013-09-16 20:00:00+00:00,0.0
5286,2013-09-16 20:30:00+00:00,0.0
5286,2013-09-16 21:00:00+00:00,0.0
5286,2013-09-16 21:30:00+00:00,0.0
5286,2013-09-16 22:00:00+00:00,0.0
5286,2013-09-16 22:30:00+00:00,0.0
5286,2013-09-16 23:00:00+00:00,0.0
5286,2013-09-16 23:30:00+00:00,0.0
5286,2013-09-17 00:00:00+00:00,0.0
5286,2013-09-17 00:30:00+00:00,0.0
5286,2013-09-17 01:00:00+00:00,0.0
5286,2013-09-17 01:30:00+00:00,0.0
5286,2013-09-17 02:00:00+00:00,0.0
5286,2013-09-17 02:30:00+00:00,0.0
5286,2013-09-17 03:00:00+00:00,0.0
5286,2013-09-17 03:30:00+00:00,0.0
5286,2013-09-17 04:00:00+00:00,0.0
5286,2013-09-17 04:30:00+00:00,0.0
5286,2013-09-17 05:00:00+00:00,0.0
5286,2013-09-17 05:30:00+00:00,0.0
5286,2013-09-17 06:00:00+00:00,0.01
5286,2013-09-17 06:30:00+00:00,34.28
5286,2013-09-17 07:00:00+00:00,105.93
5286,2013-09-17 07:30:00+00:00,233.72
5286,2013-09-17 08:00:00+00:00,591.75
5286,2013-09-17 08:30:00+00:00,315.73
5286,2013-09-17 09:00:00+00:00,503.95
5286,2013-09-17 09:30:00+00:00,708.9
5286,2013-09-17 10:00:00+00:00,404.83
5286,2013-09-17 10:30:00+00:00,265.99
5286,2013-09-17 11:00:00+00:00,541.75
5286,2013-09-17 11:30:00+00:00,568.8
5286,2013-09-17 12:00:00+00:00,356.29
5286,2013-09-17 12:30:00+00:00,112.91
5286,2013-09-17 13:00:00+00:00,61.44
5286,2013-09-17 13:30:00+00:00,93.31
5286,2013-09-17 14:00:00+00:00,165.81
5286,2013-09-17 14:30:00+00:00,226.17
5286,2013-09-17 15:00:00+00:00,124.53
5286,2013-09-17 15:30:00+00:00,99.48
5286,2013-09-17 16:00:00+00:00,30.32
5286,2013-09-17 16:30:00+00:00,19.83
5286,2013-09-17 17:00:00+00:00,21.57
5286,2013-09-17 17:30:00+00:00,1.09
5286,2013-09-17 18:00:00+00:00,0.01
5286,2013-09-17 18:30:00+00:00,0.01
5286,2013-09-17 19:00:00+00:00,0.0
5286,2013-09-17 19:30:00+00:00,0.0
5286,2013-09-17 20:00:00+00:00,0.0
5286,2013-09-17 20:30:00+00:00,0.0
5286,2013-09-17 21:00:00+00:00,0.0
5286,2013-09-17 21:30:00+00:00,0.0
5286,2013-09-17 22:00:00+00:00,0.0
5286,2013-09-17 22:30:00+00:00,0.0
5286,2013-09-17 23:00:00+00:00,0.0
5286,2013-09-17 23:30:00+00:00,0.0
5286,2013-09-18 00:00:00+00:00,0.0
5286,2013-09-18 00:30:00+00:00,0.0
5286,2013-09-18 01:00:00+00:00,0.0
5286,2013-09-18 01:30:00+00:00,0.0
5286,2013-09-18 02:00:00+00:00,0.0
5286,2013-09-18 02:30:00+00:00,0.0
5286,2013-09-18 03:00:00+00:00,0.0
5286,2013-09-18 03:30:00+00:00,0.0
5286,2013-09-18 04:00:00+00:00,0.0
5286,2013-09-18 04:30:00+00:00,0.0
5286,2013-09-18 05:00:00+00:00,0.0
5286,2013-09-18 05:30:00+00:00,0.0
5286,2013-09-18 06:00:00+00:00,0.0
5286,2013-09-18 06:30:00+00:00,13.61
5286,2013-09-18 07:00:00+00:00,59.83
5286,2013-09-18 07:30:00+00:00,120.19
5286,2013-09-18 08:00:00+00:00,397.64
5286,2013-09-18 08:30:00+00:00,718.9
5286,2013-09-18 09:00:00+00:00,742.35
5286,2013-09-18 09:30:00+00:00,883.75
5286,2013-09-18 10:00:00+00:00,453.65
5286,2013-09-18 10:30:00+00:00,696.25
5286,2013-09-18 11:00:00+00:00,1020.5
5286,2013-09-18 11:30:00+00:00,882.9
5286,2013-09-18 12:00:00+00:00,644.9
5286,2013-09-18 12:30:00+00:00,523.7
5286,2013-09-18 13:00:00+00:00,678.15
5286,2013-09-18 13:30:00+00:00,413.91
5286,2013-09-18 14:00:00+00:00,461.68
5286,2013-09-18 14:30:00+00:00,462.4
5286,2013-09-18 15:00:00+00:00,146.9
5286,2013-09-18 15:30:00+00:00,193.31
5286,2013-09-18 16:00:00+00:00,285.86
5286,2013-09-18 16:30:00+00:00,112.85
5286,2013-09-18 17:00:00+00:00,49.2
5286,2013-09-18 17:30:00+00:00,23.0
5286,2013-09-18 18:00:00+00:00,2.01
5286,2013-09-18 18:30:00+00:00,0.01
5286,2013-09-18 19:00:00+00:00,0.01
5286,2013-09-18 19:30:00+00:00,0.0
5286,2013-09-18 20:00:00+00:00,0.0
5286,2013-09-18 20:30:00+00:00,0.0
5286,2013-09-18 21:00:00+00:00,0.0
5286,2013-09-18 21:30:00+00:00,0.0
5286,2013-09-18 22:00:00+00:00,0.0
5286,2013-09-18 22:30:00+00:00,0.0
5286,2013-09-18 23:00:00+00:00,0.0
5286,2013-09-18 23:30:00+00:00,0.0
5286,2013-09-19 00:00:00+00:00,0.0
5286,2013-09-19 00:30:00+00:00,0.0
5286,2013-09-19 01:00:00+00:00,0.0
5286,2013-09-19 01:30:00+00:00,0.0
5286,2013-09-19 02:00:00+00:00,0.0
5286,2013-09-19 02:30:00+00:00,0.0
5286,2013-09-19 03:00:00+00:00,0.0
5286,2013-09-19 03:30:00+00:00,0.0
5286,2013-09-19 04:00:00+00:00,0.0
5286,2013-09-19 04:30:00+00:00,0.0
5286,2013-09-19 05:00:00+00:00,0.0
5286,2013-09-19 05:30:00+00:00,0.0
5286,2013-09-19 06:00:00+00:00,0.52
5286,2013-09-19 06:30:00+00:00,2.85
5286,2013-09-19 07:00:00+00:00,19.24
5286,2013-09-19 07:30:00+00:00,104.57
5286,2013-09-19 08:00:00+00:00,164.88
5286,2013-09-19 08:30:00+00:00,121.11
5286,2013-09-19 09:00:00+00:00,166.4
5286,2013-09-19 09:30:00+00:00,181.66
5286,2013-09-19 10:00:00+00:00,405.26
5286,2013-09-19 10:30:00+00:00,489.56
5286,2013-09-19 11:00:00+00:00,573.85
5286,2013-09-19 11:30:00+00:00,311.65
5286,2013-09-19 12:00:00+00:00,432.74
5286,2013-09-19 12:30:00+00:00,203.46
5286,2013-09-19 13:00:00+00:00,159.73
5286,2013-09-19 13:30:00+00:00,135.77
5286,2013-09-19 14:00:00+00:00,121.43
5286,2013-09-19 14:30:00+00:00,69.76
5286,2013-09-19 15:00:00+00:00,64.39
5286,2013-09-19 15:30:00+00:00,56.85
5286,2013-09-19 16:00:00+00:00,26.05
5286,2013-09-19 16:30:00+00:00,70.78
5286,2013-09-19 17:00:00+00:00,41.24
5286,2013-09-19 17:30:00+00:00,16.81
5286,2013-09-19 18:00:00+00:00,1.46
5286,2013-09-19 18:30:00+00:00,0.01
5286,2013-09-19 19:00:00+00:00,0.0
5286,2013-09-19 19:30:00+00:00,0.0
5286,2013-09-19 20:00:00+00:00,0.0
5286,2013-09-19 20:30:00+00:00,0.0
5286,2013-09-19 21:00:00+00:00,0.0
5286,2013-09-19 21:30:00+00:00,0.0
5286,2013-09-19 22:00:00+00:00,0.0
5286,2013-09-19 22:30:00+00:00,0.0
5286,2013-09-19 23:00:00+00:00,0.0
5286,2013-09-19 23:30:00+00:00,0.0
5286,2013-09-20 00:00:00+00:00,0.0
5286,2013-09-20 00:30:00+00:00,0.0
5286,2013-09-20 01:00:00+00:00,0.0
5286,2013-09-20 01:30:00+00:00,0.0
5286,2013-09-20 02:00:00+00:00,0.0
5286,2013-09-20 02:30:00+00:00,0.0
5286,2013-09-20 03:00:00+00:00,0.0
5286,2013-09-20 03:30:00+00:00,0.0
5286,2013-09-20 04:00:00+00:00,0.0
5286,2013-09-20 04:30:00+00:00,0.0
5286,2013-09-20 05:00:00+00:00,0.0
5286,2013-09-20 05:30:00+00:00,0.0
5286,2013-09-20 06:00:00+00:00,0.0
5286,2013-09-20 06:30:00+00:00,0.16
5286,2013-09-20 07:00:00+00:00,14.6
5286,2013-09-20 07:30:00+00:00,42.0
5286,2013-09-20 08:00:00+00:00,47.48
5286,2013-09-20 08:30:00+00:00,73.27
5286,2013-09-20 09:00:00+00:00,189.36
5286,2013-09-20 09:30:00+00:00,263.89
5286,2013-09-20 10:00:00+00:00,311.43
5286,2013-09-20 10:30:00+00:00,241.34
5286,2013-09-20 11:00:00+00:00,247.21
5286,2013-09-20 11:30:00+00:00,425.09
5286,2013-09-20 12:00:00+00:00,493.12
5286,2013-09-20 12:30:00+00:00,368.35
5286,2013-09-20 13:00:00+00:00,606.4
5286,2013-09-20 13:30:00+00:00,844.25
5286,2013-09-20 14:00:00+00:00,819.6
5286,2013-09-20 14:30:00+00:00,698.75
5286,2013-09-20 15:00:00+00:00,584.75
5286,2013-09-20 15:30:00+00:00,422.21
5286,2013-09-20 16:00:00+00:00,178.52
5286,2013-09-20 16:30:00+00:00,94.65
5286,2013-09-20 17:00:00+00:00,34.28
5286,2013-09-20 17:30:00+00:00,8.26
5286,2013-09-20 18:00:00+00:00,0.01
5286,2013-09-20 18:30:00+00:00,0.01
5286,2013-09-20 19:00:00+00:00,0.0
5286,2013-09-20 19:30:00+00:00,0.0
5286,2013-09-20 20:00:00+00:00,0.0
5286,2013-09-20 20:30:00+00:00,0.0
5286,2013-09-20 21:00:00+00:00,0.0
5286,2013-09-20 21:30:00+00:00,0.0
5286,2013-09-20 22:00:00+00:00,0.0
5286,2013-09-20 22:30:00+00:00,0.0
5286,2013-09-20 23:00:00+00:00,0.0
5286,2013-09-20 23:30:00+00:00,0.0
5286,2013-09-21 00:00:00+00:00,0.0
5286,2013-09-21 00:30:00+00:00,0.0
5286,2013-09-21 01:00:00+00:00,0.0
5286,2013-09-21 01:30:00+00:00,0.0
5286,2013-09-21 02:00:00+00:00,0.0
5286,2013-09-21 02:30:00+00:00,0.0
5286,2013-09-21 03:00:00+00:00,0.0
5286,2013-09-21 03:30:00+00:00,0.0
5286,2013-09-21 04:00:00+00:00,0.0
5286,2013-09-21 04:30:00+00:00,0.0
5286,2013-09-21 05:00:00+00:00,0.0
5286,2013-09-21 05:30:00+00:00,0.0
5286,2013-09-21 06:00:00+00:00,0.0
5286,2013-09-21 06:30:00+00:00,13.89
5286,2013-09-21 07:00:00+00:00,42.21
5286,2013-09-21 07:30:00+00:00,65.32
5286,2013-09-21 08:00:00+00:00,90.67
5286,2013-09-21 08:30:00+00:00,158.81
5286,2013-09-21 09:00:00+00:00,182.13
5286,2013-09-21 09:30:00+00:00,310.8
5286,2013-09-21 10:00:00+00:00,199.0
5286,2013-09-21 10:30:00+00:00,218.49
5286,2013-09-21 11:00:00+00:00,190.92
5286,2013-09-21 11:30:00+00:00,230.03
5286,2013-09-21 12:00:00+00:00,209.1
5286,2013-09-21 12:30:00+00:00,199.96
5286,2013-09-21 13:00:00+00:00,161.31
5286,2013-09-21 13:30:00+00:00,127.11
5286,2013-09-21 14:00:00+00:00,201.83
5286,2013-09-21 14:30:00+00:00,183.87
5286,2013-09-21 15:00:00+00:00,174.13
5286,2013-09-21 15:30:00+00:00,187.21
5286,2013-09-21 16:00:00+00:00,152.42
5286,2013-09-21 16:30:00+00:00,98.05
5286,2013-09-21 17:00:00+00:00,51.7
5286,2013-09-21 17:30:00+00:00,20.4
5286,2013-09-21 18:00:00+00:00,1.75
5286,2013-09-21 18:30:00+00:00,0.01
5286,2013-09-21 19:00:00+00:00,0.0
5286,2013-09-21 19:30:00+00:00,0.0
5286,2013-09-21 20:00:00+00:00,0.0
5286,2013-09-21 20:30:00+00:00,0.0
5286,2013-09-21 21:00:00+00:00,0.0
5286,2013-09-21 21:30:00+00:00,0.0
5286,2013-09-21 22:00:00+00:00,0.0
5286,2013-09-21 22:30:00+00:00,0.0
5286,2013-09-21 23:00:00+00:00,0.0
5286,2013-09-21 23:30:00+00:00,0.0
5286,2013-09-22 00:00:00+00:00,0.0
5286,2013-09-22 00:30:00+00:00,0.0
5286,2013-09-22 01:00:00+00:00,0.0
5286,2013-09-22 01:30:00+00:00,0.0
5286,2013-09-22 02:00:00+00:00,0.0
5286,2013-09-22 02:30:00+00:00,0.0
5286,2013-09-22 03:00:00+00:00,0.0
5286,2013-09-22 03:30:00+00:00,0.0
5286,2013-09-22 04:00:00+00:00,0.0
5286,2013-09-22 04:30:00+00:00,0.0
5286,2013-09-22 05:00:00+00:00,0.0
5286,2013-09-22 05:30:00+00:00,0.0
5286,2013-09-22 06:00:00+00:00,0.0
5286,2013-09-22 06:30:00+00:00,0.0
5286,2013-09-22 07:00:00+00:00,9.35
5286,2013-09-22 07:30:00+00:00,31.07
5286,2013-09-22 08:00:00+00:00,62.23
5286,2013-09-22 08:30:00+00:00,82.86
5286,2013-09-22 09:00:00+00:00,106.27
5286,2013-09-22 09:30:00+00:00,112.71
5286,2013-09-22 10:00:00+00:00,135.59
5286,2013-09-22 10:30:00+00:00,147.37
5286,2013-09-22 11:00:00+00:00,116.22
5286,2013-09-22 11:30:00+00:00,95.46
5286,2013-09-22 12:00:00+00:00,112.34
5286,2013-09-22 12:30:00+00:00,118.28
5286,2013-09-22 13:00:00+00:00,102.34
5286,2013-09-22 13:30:00+00:00,100.54
5286,2013-09-22 14:00:00+00:00,63.98
5286,2013-09-22 14:30:00+00:00,67.34
5286,2013-09-22 15:00:00+00:00,55.46
5286,2013-09-22 15:30:00+00:00,31.4
5286,2013-09-22 16:00:00+00:00,32.1
5286,2013-09-22 16:30:00+00:00,46.43
5286,2013-09-22 17:00:00+00:00,32.19
5286,2013-09-22 17:30:00+00:00,9.48
5286,2013-09-22 18:00:00+00:00,0.3
5286,2013-09-22 18:30:00+00:00,0.01
5286,2013-09-22 19:00:00+00:00,0.0
5286,2013-09-22 19:30:00+00:00,0.0
5286,2013-09-22 20:00:00+00:00,0.0
5286,2013-09-22 20:30:00+00:00,0.0
5286,2013-09-22 21:00:00+00:00,0.0
5286,2013-09-22 21:30:00+00:00,0.0
5286,2013-09-22 22:00:00+00:00,0.0
5286,2013-09-22 22:30:00+00:00,0.0
5286,2013-09-22 23:00:00+00:00,0.0
5286,2013-09-22 23:30:00+00:00,0.0
5286,2013-09-23 00:00:00+00:00,0.0
5286,2013-09-23 00:30:00+00:00,0.0
5286,2013-09-23 01:00:00+00:00,0.0
5286,2013-09-23 01:30:00+00:00,0.0
5286,2013-09-23 02:00:00+00:00,0.0
5286,2013-09-23 02:30:00+00:00,0.0
5286,2013-09-23 03:00:00+00:00,0.0
5286,2013-09-23 03:30:00+00:00,0.0
5286,2013-09-23 04:00:00+00:00,0.0
5286,2013-09-23 04:30:00+00:00,0.0
5286,2013-09-23 05:00:00+00:00,0.0
5286,2013-09-23 05:30:00+00:00,0.0
5286,2013-09-23 06:00:00+00:00,0.0
5286,2013-09-23 06:30:00+00:00,0.1
5286,2013-09-23 07:00:00+00:00,10.21
5286,2013-09-23 07:30:00+00:00,25.46
5286,2013-09-23 08:00:00+00:00,41.66
5286,2013-09-23 08:30:00+00:00,63.31
5286,2013-09-23 09:00:00+00:00,90.33
5286,2013-09-23 09:30:00+00:00,113.19
5286,2013-09-23 10:00:00+00:00,114.64
5286,2013-09-23 10:30:00+00:00,117.83
5286,2013-09-23 11:00:00+00:00,77.71
5286,2013-09-23 11:30:00+00:00,123.76
5286,2013-09-23 12:00:00+00:00,156.43
5286,2013-09-23 12:30:00+00:00,185.24
5286,2013-09-23 13:00:00+00:00,200.72
5286,2013-09-23 13:30:00+00:00,274.69
5286,2013-09-23 14:00:00+00:00,359.32
5286,2013-09-23 14:30:00+00:00,348.04
5286,2013-09-23 15:00:00+00:00,497.71
5286,2013-09-23 15:30:00+00:00,374.5
5286,2013-09-23 16:00:00+00:00,239.13
5286,2013-09-23 16:30:00+00:00,114.47
5286,2013-09-23 17:00:00+00:00,46.96
5286,2013-09-23 17:30:00+00:00,14.08
5286,2013-09-23 18:00:00+00:00,0.26
5286,2013-09-23 18:30:00+00:00,0.01
5286,2013-09-23 19:00:00+00:00,0.0
5286,2013-09-23 19:30:00+00:00,0.0
5286,2013-09-23 20:00:00+00:00,0.0
5286,2013-09-23 20:30:00+00:00,0.0
5286,2013-09-23 21:00:00+00:00,0.0
5286,2013-09-23 21:30:00+00:00,0.0
5286,2013-09-23 22:00:00+00:00,0.0
5286,2013-09-23 22:30:00+00:00,0.0
5286,2013-09-23 23:00:00+00:00,0.0
5286,2013-09-23 23:30:00+00:00,0.0
5286,2013-09-24 00:00:00+00:00,0.0
5286,2013-09-24 00:30:00+00:00,0.0
5286,2013-09-24 01:00:00+00:00,0.0
5286,2013-09-24 01:30:00+00:00,0.0
5286,2013-09-24 02:00:00+00:00,0.0
5286,2013-09-24 02:30:00+00:00,0.0
5286,2013-09-24 03:00:00+00:00,0.0
5286,2013-09-24 03:30:00+00:00,0.0
5286,2013-09-24 04:00:00+00:00,0.0
5286,2013-09-24 04:30:00+00:00,0.0
5286,2013-09-24 05:00:00+00:00,0.0
5286,2013-09-24 05:30:00+00:00,0.0
5286,2013-09-24 06:00:00+00:00,0.0
5286,2013-09-24 06:30:00+00:00,6.48
5286,2013-09-24 07:00:00+00:00,32.47
5286,2013-09-24 07:30:00+00:00,60.45
5286,2013-09-24 08:00:00+00:00,105.9
5286,2013-09-24 08:30:00+00:00,134.39
5286,2013-09-24 09:00:00+00:00,148.49
5286,2013-09-24 09:30:00+00:00,177.06
5286,2013-09-24 10:00:00+00:00,259.26
5286,2013-09-24 10:30:00+00:00,516.0
5286,2013-09-24 11:00:00+00:00,463.19
5286,2013-09-24 11:30:00+00:00,506.1
5286,2013-09-24 12:00:00+00:00,544.5
5286,2013-09-24 12:30:00+00:00,447.88
5286,2013-09-24 13:00:00+00:00,594.05
5286,2013-09-24 13:30:00+00:00,602.9
5286,2013-09-24 14:00:00+00:00,523.65
5286,2013-09-24 14:30:00+00:00,502.7
5286,2013-09-24 15:00:00+00:00,471.92
5286,2013-09-24 15:30:00+00:00,329.61
5286,2013-09-24 16:00:00+00:00,211.14
5286,2013-09-24 16:30:00+00:00,119.29
5286,2013-09-24 17:00:00+00:00,50.89
5286,2013-09-24 17:30:00+00:00,7.2
5286,2013-09-24 18:00:00+00:00,0.01
5286,2013-09-24 18:30:00+00:00,0.0
5286,2013-09-24 19:00:00+00:00,0.0
5286,2013-09-24 19:30:00+00:00,0.0
5286,2013-09-24 20:00:00+00:00,0.0
5286,2013-09-24 20:30:00+00:00,0.0
5286,2013-09-24 21:00:00+00:00,0.0
5286,2013-09-24 21:30:00+00:00,0.0
5286,2013-09-24 22:00:00+00:00,0.0
5286,2013-09-24 22:30:00+00:00,0.0
5286,2013-09-24 23:00:00+00:00,0.0
5286,2013-09-24 23:30:00+00:00,0.0
5286,2013-09-25 00:00:00+00:00,0.0
5286,2013-09-25 00:30:00+00:00,0.0
5286,2013-09-25 01:00:00+00:00,0.0
5286,2013-09-25 01:30:00+00:00,0.0
5286,2013-09-25 02:00:00+00:00,0.0
5286,2013-09-25 02:30:00+00:00,0.0
5286,2013-09-25 03:00:00+00:00,0.0
5286,2013-09-25 03:30:00+00:00,0.0
5286,2013-09-25 04:00:00+00:00,0.0
5286,2013-09-25 04:30:00+00:00,0.0
5286,2013-09-25 05:00:00+00:00,0.0
5286,2013-09-25 05:30:00+00:00,0.0
5286,2013-09-25 06:00:00+00:00,0.0
5286,2013-09-25 06:30:00+00:00,0.0
5286,2013-09-25 07:00:00+00:00,18.91
5286,2013-09-25 07:30:00+00:00,103.86
5286,2013-09-25 08:00:00+00:00,106.94
5286,2013-09-25 08:30:00+00:00,174.19
5286,2013-09-25 09:00:00+00:00,226.19
5286,2013-09-25 09:30:00+00:00,442.12
5286,2013-09-25 10:00:00+00:00,543.1
5286,2013-09-25 10:30:00+00:00,293.9
5286,2013-09-25 11:00:00+00:00,284.15
5286,2013-09-25 11:30:00+00:00,376.77
5286,2013-09-25 12:00:00+00:00,251.47
5286,2013-09-25 12:30:00+00:00,301.02
5286,2013-09-25 13:00:00+00:00,515.7
5286,2013-09-25 13:30:00+00:00,516.7
5286,2013-09-25 14:00:00+00:00,332.79
5286,2013-09-25 14:30:00+00:00,336.08
5286,2013-09-25 15:00:00+00:00,248.36
5286,2013-09-25 15:30:00+00:00,176.02
5286,2013-09-25 16:00:00+00:00,255.16
5286,2013-09-25 16:30:00+00:00,117.89
5286,2013-09-25 17:00:00+00:00,64.18
5286,2013-09-25 17:30:00+00:00,22.51
5286,2013-09-25 18:00:00+00:00,0.0
5286,2013-09-25 18:30:00+00:00,0.01
5286,2013-09-25 19:00:00+00:00,0.0
5286,2013-09-25 19:30:00+00:00,0.0
5286,2013-09-25 20:00:00+00:00,0.0
5286,2013-09-25 20:30:00+00:00,0.0
5286,2013-09-25 21:00:00+00:00,0.0
5286,2013-09-25 21:30:00+00:00,0.0
5286,2013-09-25 22:00:00+00:00,0.0
5286,2013-09-25 22:30:00+00:00,0.0
5286,2013-09-25 23:00:00+00:00,0.0
5286,2013-09-25 23:30:00+00:00,0.0
5286,2013-09-26 00:00:00+00:00,0.0
5286,2013-09-26 00:30:00+00:00,0.0
5286,2013-09-26 01:00:00+00:00,0.0
5286,2013-09-26 01:30:00+00:00,0.0
5286,2013-09-26 02:00:00+00:00,0.0
5286,2013-09-26 02:30:00+00:00,0.0
5286,2013-09-26 03:00:00+00:00,0.0
5286,2013-09-26 03:30:00+00:00,0.0
5286,2013-09-26 04:00:00+00:00,0.0
5286,2013-09-26 04:30:00+00:00,0.0
5286,2013-09-26 05:00:00+00:00,0.0
5286,2013-09-26 05:30:00+00:00,0.0
5286,2013-09-26 06:00:00+00:00,0.0
5286,2013-09-26 06:30:00+00:00,14.45
5286,2013-09-26 07:00:00+00:00,40.93
5286,2013-09-26 07:30:00+00:00,212.01
5286,2013-09-26 08:00:00+00:00,539.0
5286,2013-09-26 08:30:00+00:00,613.45
5286,2013-09-26 09:00:00+00:00,716.45
5286,2013-09-26 09:30:00+00:00,731.85
5286,2013-09-26 10:00:00+00:00,773.6
5286,2013-09-26 10:30:00+00:00,862.75
5286,2013-09-26 11:00:00+00:00,933.4
5286,2013-09-26 11:30:00+00:00,773.7
5286,2013-09-26 12:00:00+00:00,819.05
5286,2013-09-26 12:30:00+00:00,744.75
5286,2013-09-26 13:00:00+00:00,476.87
5286,2013-09-26 13:30:00+00:00,309.46
5286,2013-09-26 14:00:00+00:00,378.43
5286,2013-09-26 14:30:00+00:00,455.99
5286,2013-09-26 15:00:00+00:00,446.48
5286,2013-09-26 15:30:00+00:00,382.55
5286,2013-09-26 16:00:00+00:00,184.65
5286,2013-09-26 16:30:00+00:00,83.48
5286,2013-09-26 17:00:00+00:00,59.08
5286,2013-09-26 17:30:00+00:00,19.12
5286,2013-09-26 18:00:00+00:00,0.41
5286,2013-09-26 18:30:00+00:00,0.01
5286,2013-09-26 19:00:00+00:00,0.0
5286,2013-09-26 19:30:00+00:00,0.0
5286,2013-09-26 20:00:00+00:00,0.0
5286,2013-09-26 20:30:00+00:00,0.0
5286,2013-09-26 21:00:00+00:00,0.0
5286,2013-09-26 21:30:00+00:00,0.0
5286,2013-09-26 22:00:00+00:00,0.0
5286,2013-09-26 22:30:00+00:00,0.0
5286,2013-09-26 23:00:00+00:00,0.0
5286,2013-09-26 23:30:00+00:00,0.0
5286,2013-09-27 00:00:00+00:00,0.0
5286,2013-09-27 00:30:00+00:00,0.0
5286,2013-09-27 01:00:00+00:00,0.0
5286,2013-09-27 01:30:00+00:00,0.0
5286,2013-09-27 02:00:00+00:00,0.0
5286,2013-09-27 02:30:00+00:00,0.0
5286,2013-09-27 03:00:00+00:00,0.0
5286,2013-09-27 03:30:00+00:00,0.0
5286,2013-09-27 04:00:00+00:00,0.0
5286,2013-09-27 04:30:00+00:00,0.0
5286,2013-09-27 05:00:00+00:00,0.0
5286,2013-09-27 05:30:00+00:00,0.0
5286,2013-09-27 06:00:00+00:00,0.0
5286,2013-09-27 06:30:00+00:00,12.03
5286,2013-09-27 07:00:00+00:00,81.19
5286,2013-09-27 07:30:00+00:00,210.21
5286,2013-09-27 08:00:00+00:00,371.96
5286,2013-09-27 08:30:00+00:00,484.89
5286,2013-09-27 09:00:00+00:00,646.5
5286,2013-09-27 09:30:00+00:00,657.85
5286,2013-09-27 10:00:00+00:00,600.95
5286,2013-09-27 10:30:00+00:00,639.4
5286,2013-09-27 11:00:00+00:00,646.5
5286,2013-09-27 11:30:00+00:00,650.85
5286,2013-09-27 12:00:00+00:00,713.8
5286,2013-09-27 12:30:00+00:00,589.2
5286,2013-09-27 13:00:00+00:00,505.85
5286,2013-09-27 13:30:00+00:00,742.0
5286,2013-09-27 14:00:00+00:00,733.8
5286,2013-09-27 14:30:00+00:00,616.1
5286,2013-09-27 15:00:00+00:00,244.38
5286,2013-09-27 15:30:00+00:00,299.06
5286,2013-09-27 16:00:00+00:00,148.21
5286,2013-09-27 16:30:00+00:00,78.07
5286,2013-09-27 17:00:00+00:00,28.01
5286,2013-09-27 17:30:00+00:00,2.0
5286,2013-09-27 18:00:00+00:00,0.01
5286,2013-09-27 18:30:00+00:00,0.01
5286,2013-09-27 19:00:00+00:00,0.0
5286,2013-09-27 19:30:00+00:00,0.0
5286,2013-09-27 20:00:00+00:00,0.0
5286,2013-09-27 20:30:00+00:00,0.0
5286,2013-09-27 21:00:00+00:00,0.0
5286,2013-09-27 21:30:00+00:00,0.0
5286,2013-09-27 22:00:00+00:00,0.0
5286,2013-09-27 22:30:00+00:00,0.0
5286,2013-09-27 23:00:00+00:00,0.0
5286,2013-09-27 23:30:00+00:00,0.0
5286,2013-09-28 00:00:00+00:00,0.0
5286,2013-09-28 00:30:00+00:00,0.0
5286,2013-09-28 01:00:00+00:00,0.0
5286,2013-09-28 01:30:00+00:00,0.0
5286,2013-09-28 02:00:00+00:00,0.0
5286,2013-09-28 02:30:00+00:00,0.0
5286,2013-09-28 03:00:00+00:00,0.0
5286,2013-09-28 03:30:00+00:00,0.0
5286,2013-09-28 04:00:00+00:00,0.0
5286,2013-09-28 04:30:00+00:00,0.0
5286,2013-09-28 05:00:00+00:00,0.0
5286,2013-09-28 05:30:00+00:00,0.0
5286,2013-09-28 06:00:00+00:00,0.0
5286,2013-09-28 06:30:00+00:00,5.35
5286,2013-09-28 07:00:00+00:00,70.04
5286,2013-09-28 07:30:00+00:00,193.21
5286,2013-09-28 08:00:00+00:00,387.98
5286,2013-09-28 08:30:00+00:00,567.3
5286,2013-09-28 09:00:00+00:00,457.89
5286,2013-09-28 09:30:00+00:00,258.96
5286,2013-09-28 10:00:00+00:00,317.74
5286,2013-09-28 10:30:00+00:00,575.85
5286,2013-09-28 11:00:00+00:00,624.35
5286,2013-09-28 11:30:00+00:00,301.82
5286,2013-09-28 12:00:00+00:00,513.35
5286,2013-09-28 12:30:00+00:00,293.26
5286,2013-09-28 13:00:00+00:00,257.0
5286,2013-09-28 13:30:00+00:00,151.6
5286,2013-09-28 14:00:00+00:00,106.17
5286,2013-09-28 14:30:00+00:00,71.51
5286,2013-09-28 15:00:00+00:00,105.5
5286,2013-09-28 15:30:00+00:00,76.31
5286,2013-09-28 16:00:00+00:00,46.9
5286,2013-09-28 16:30:00+00:00,30.32
5286,2013-09-28 17:00:00+00:00,24.79
5286,2013-09-28 17:30:00+00:00,4.44
5286,2013-09-28 18:00:00+00:00,0.01
5286,2013-09-28 18:30:00+00:00,0.0
5286,2013-09-28 19:00:00+00:00,0.0
5286,2013-09-28 19:30:00+00:00,0.0
5286,2013-09-28 20:00:00+00:00,0.0
5286,2013-09-28 20:30:00+00:00,0.0
5286,2013-09-28 21:00:00+00:00,0.0
5286,2013-09-28 21:30:00+00:00,0.0
5286,2013-09-28 22:00:00+00:00,0.0
5286,2013-09-28 22:30:00+00:00,0.0
5286,2013-09-28 23:00:00+00:00,0.0
5286,2013-09-28 23:30:00+00:00,0.0
5286,2013-09-29 00:00:00+00:00,0.0
5286,2013-09-29 00:30:00+00:00,0.0
5286,2013-09-29 01:00:00+00:00,0.0
5286,2013-09-29 01:30:00+00:00,0.0
5286,2013-09-29 02:00:00+00:00,0.0
5286,2013-09-29 02:30:00+00:00,0.0
5286,2013-09-29 03:00:00+00:00,0.0
5286,2013-09-29 03:30:00+00:00,0.0
5286,2013-09-29 04:00:00+00:00,0.0
5286,2013-09-29 04:30:00+00:00,0.0
5286,2013-09-29 05:00:00+00:00,0.0
5286,2013-09-29 05:30:00+00:00,0.0
5286,2013-09-29 06:00:00+00:00,0.0
5286,2013-09-29 06:30:00+00:00,17.48
5286,2013-09-29 07:00:00+00:00,33.59
5286,2013-09-29 07:30:00+00:00,74.82
5286,2013-09-29 08:00:00+00:00,86.95
5286,2013-09-29 08:30:00+00:00,135.44
5286,2013-09-29 09:00:00+00:00,204.52
5286,2013-09-29 09:30:00+00:00,194.46
5286,2013-09-29 10:00:00+00:00,311.36
5286,2013-09-29 10:30:00+00:00,285.22
5286,2013-09-29 11:00:00+00:00,818.35
5286,2013-09-29 11:30:00+00:00,524.2
5286,2013-09-29 12:00:00+00:00,460.45
5286,2013-09-29 12:30:00+00:00,296.55
5286,2013-09-29 13:00:00+00:00,164.48
5286,2013-09-29 13:30:00+00:00,202.94
5286,2013-09-29 14:00:00+00:00,139.66
5286,2013-09-29 14:30:00+00:00,102.78
5286,2013-09-29 15:00:00+00:00,119.36
5286,2013-09-29 15:30:00+00:00,75.81
5286,2013-09-29 16:00:00+00:00,67.39
5286,2013-09-29 16:30:00+00:00,50.45
5286,2013-09-29 17:00:00+00:00,19.07
5286,2013-09-29 17:30:00+00:00,0.02
5286,2013-09-29 18:00:00+00:00,0.01
5286,2013-09-29 18:30:00+00:00,0.0
5286,2013-09-29 19:00:00+00:00,0.0
5286,2013-09-29 19:30:00+00:00,0.0
5286,2013-09-29 20:00:00+00:00,0.0
5286,2013-09-29 20:30:00+00:00,0.0
5286,2013-09-29 21:00:00+00:00,0.0
5286,2013-09-29 21:30:00+00:00,0.0
5286,2013-09-29 22:00:00+00:00,0.0
5286,2013-09-29 22:30:00+00:00,0.0
5286,2013-09-29 23:00:00+00:00,0.0
5286,2013-09-29 23:30:00+00:00,0.0
5286,2013-09-30 00:00:00+00:00,0.0
5286,2013-09-30 00:30:00+00:00,0.0
5286,2013-09-30 01:00:00+00:00,0.0
5286,2013-09-30 01:30:00+00:00,0.0
5286,2013-09-30 02:00:00+00:00,0.0
5286,2013-09-30 02:30:00+00:00,0.0
5286,2013-09-30 03:00:00+00:00,0.0
5286,2013-09-30 03:30:00+00:00,0.0
5286,2013-09-30 04:00:00+00:00,0.0
5286,2013-09-30 04:30:00+00:00,0.0
5286,2013-09-30 05:00:00+00:00,0.0
5286,2013-09-30 05:30:00+00:00,0.0
5286,2013-09-30 06:00:00+00:00,0.0
5286,2013-09-30 06:30:00+00:00,4.52
5286,2013-09-30 07:00:00+00:00,66.7
5286,2013-09-30 07:30:00+00:00,93.97
5286,2013-09-30 08:00:00+00:00,120.64
5286,2013-09-30 08:30:00+00:00,339.03
5286,2013-09-30 09:00:00+00:00,134.13
5286,2013-09-30 09:30:00+00:00,380.43
5286,2013-09-30 10:00:00+00:00,792.65
5286,2013-09-30 10:30:00+00:00,870.3
5286,2013-09-30 11:00:00+00:00,870.45
5286,2013-09-30 11:30:00+00:00,843.5
5286,2013-09-30 12:00:00+00:00,625.7
5286,2013-09-30 12:30:00+00:00,848.05
5286,2013-09-30 13:00:00+00:00,829.9
5286,2013-09-30 13:30:00+00:00,740.8
5286,2013-09-30 14:00:00+00:00,661.95
5286,2013-09-30 14:30:00+00:00,580.05
5286,2013-09-30 15:00:00+00:00,462.29
5286,2013-09-30 15:30:00+00:00,338.49
5286,2013-09-30 16:00:00+00:00,213.92
5286,2013-09-30 16:30:00+00:00,98.23
5286,2013-09-30 17:00:00+00:00,29.57
5286,2013-09-30 17:30:00+00:00,1.78
5286,2013-09-30 18:00:00+00:00,0.01
5286,2013-09-30 18:30:00+00:00,0.01
5286,2013-09-30 19:00:00+00:00,0.0
5286,2013-09-30 19:30:00+00:00,0.0
5286,2013-09-30 20:00:00+00:00,0.0
5286,2013-09-30 20:30:00+00:00,0.0
5286,2013-09-30 21:00:00+00:00,0.0
5286,2013-09-30 21:30:00+00:00,0.0
5286,2013-09-30 22:00:00+00:00,0.0
5286,2013-09-30 22:30:00+00:00,0.0
5286,2013-09-30 23:00:00+00:00,0.0
5286,2013-09-30 23:30:00+00:00,0.0
5286,2013-10-01 00:30:00+00:00,0.0
5286,2013-10-01 01:00:00+00:00,0.0
5286,2013-10-01 01:30:00+00:00,0.0
5286,2013-10-01 02:00:00+00:00,0.0
5286,2013-10-01 02:30:00+00:00,0.0
5286,2013-10-01 03:00:00+00:00,0.0
5286,2013-10-01 03:30:00+00:00,0.0
5286,2013-10-01 04:00:00+00:00,0.0
5286,2013-10-01 04:30:00+00:00,0.0
5286,2013-10-01 05:00:00+00:00,0.0
5286,2013-10-01 05:30:00+00:00,0.0
5286,2013-10-01 06:00:00+00:00,0.0
5286,2013-10-01 06:30:00+00:00,8.62
5286,2013-10-01 07:00:00+00:00,53.33
5286,2013-10-01 07:30:00+00:00,96.66
5286,2013-10-01 08:00:00+00:00,61.77
5286,2013-10-01 08:30:00+00:00,186.36
5286,2013-10-01 09:00:00+00:00,489.6
5286,2013-10-01 09:30:00+00:00,683.75
5286,2013-10-01 10:00:00+00:00,447.75
5286,2013-10-01 10:30:00+00:00,556.55
5286,2013-10-01 11:00:00+00:00,318.29
5286,2013-10-01 11:30:00+00:00,97.22
5286,2013-10-01 12:00:00+00:00,266.12
5286,2013-10-01 12:30:00+00:00,274.3
5286,2013-10-01 13:00:00+00:00,285.19
5286,2013-10-01 13:30:00+00:00,224.54
5286,2013-10-01 14:00:00+00:00,310.99
5286,2013-10-01 14:30:00+00:00,187.6
5286,2013-10-01 15:00:00+00:00,239.58
5286,2013-10-01 15:30:00+00:00,215.29
5286,2013-10-01 16:00:00+00:00,130.76
5286,2013-10-01 16:30:00+00:00,57.01
5286,2013-10-01 17:00:00+00:00,14.13
5286,2013-10-01 17:30:00+00:00,0.03
5286,2013-10-01 18:00:00+00:00,0.01
5286,2013-10-01 18:30:00+00:00,0.0
5286,2013-10-01 19:00:00+00:00,0.0
5286,2013-10-01 19:30:00+00:00,0.0
5286,2013-10-01 20:00:00+00:00,0.0
5286,2013-10-01 20:30:00+00:00,0.0
5286,2013-10-01 21:00:00+00:00,0.0
5286,2013-10-01 21:30:00+00:00,0.0
5286,2013-10-01 22:00:00+00:00,0.0
5286,2013-10-01 22:30:00+00:00,0.0
5286,2013-10-01 23:00:00+00:00,0.0
5286,2013-10-01 23:30:00+00:00,0.0
5286,2013-10-02 00:00:00+00:00,0.0
5286,2013-10-02 00:30:00+00:00,0.0
5286,2013-10-02 01:00:00+00:00,0.0
5286,2013-10-02 01:30:00+00:00,0.0
5286,2013-10-02 02:00:00+00:00,0.0
5286,2013-10-02 02:30:00+00:00,0.0
5286,2013-10-02 03:00:00+00:00,0.0
5286,2013-10-02 03:30:00+00:00,0.0
5286,2013-10-02 04:00:00+00:00,0.0
5286,2013-10-02 04:30:00+00:00,0.0
5286,2013-10-02 05:00:00+00:00,0.0
5286,2013-10-02 05:30:00+00:00,0.0
5286,2013-10-02 06:00:00+00:00,0.0
5286,2013-10-02 06:30:00+00:00,0.0
5286,2013-10-02 07:00:00+00:00,0.0
5286,2013-10-02 07:30:00+00:00,0.96
5286,2013-10-02 08:00:00+00:00,64.96
5286,2013-10-02 08:30:00+00:00,55.77
5286,2013-10-02 09:00:00+00:00,40.34
5286,2013-10-02 09:30:00+00:00,83.55
5286,2013-10-02 10:00:00+00:00,86.21
5286,2013-10-02 10:30:00+00:00,54.75
5286,2013-10-02 11:00:00+00:00,68.47
5286,2013-10-02 11:30:00+00:00,129.26
5286,2013-10-02 12:00:00+00:00,116.94
5286,2013-10-02 12:30:00+00:00,158.56
5286,2013-10-02 13:00:00+00:00,183.05
5286,2013-10-02 13:30:00+00:00,122.16
5286,2013-10-02 14:00:00+00:00,104.34
5286,2013-10-02 14:30:00+00:00,44.27
5286,2013-10-02 15:00:00+00:00,172.07
5286,2013-10-02 15:30:00+00:00,151.15
5286,2013-10-02 16:00:00+00:00,187.79
5286,2013-10-02 16:30:00+00:00,49.84
5286,2013-10-02 17:00:00+00:00,23.14
5286,2013-10-02 17:30:00+00:00,0.27
5286,2013-10-02 18:00:00+00:00,0.01
5286,2013-10-02 18:30:00+00:00,0.0
5286,2013-10-02 19:00:00+00:00,0.0
5286,2013-10-02 19:30:00+00:00,0.0
5286,2013-10-02 20:00:00+00:00,0.0
5286,2013-10-02 20:30:00+00:00,0.0
5286,2013-10-02 21:00:00+00:00,0.0
5286,2013-10-02 21:30:00+00:00,0.0
5286,2013-10-02 22:00:00+00:00,0.0
5286,2013-10-02 22:30:00+00:00,0.0
5286,2013-10-02 23:00:00+00:00,0.0
5286,2013-10-02 23:30:00+00:00,0.0
5286,2013-10-03 00:00:00+00:00,0.0
5286,2013-10-03 00:30:00+00:00,0.0
5286,2013-10-03 01:00:00+00:00,0.0
5286,2013-10-03 01:30:00+00:00,0.0
5286,2013-10-03 02:00:00+00:00,0.0
5286,2013-10-03 02:30:00+00:00,0.0
5286,2013-10-03 03:00:00+00:00,0.0
5286,2013-10-03 03:30:00+00:00,0.0
5286,2013-10-03 04:00:00+00:00,0.0
5286,2013-10-03 04:30:00+00:00,0.0
5286,2013-10-03 05:00:00+00:00,0.0
5286,2013-10-03 05:30:00+00:00,0.0
5286,2013-10-03 06:00:00+00:00,0.0
5286,2013-10-03 06:30:00+00:00,10.25
5286,2013-10-03 07:00:00+00:00,50.73
5286,2013-10-03 07:30:00+00:00,201.7
5286,2013-10-03 08:00:00+00:00,426.81
5286,2013-10-03 08:30:00+00:00,460.34
5286,2013-10-03 09:00:00+00:00,346.97
5286,2013-10-03 09:30:00+00:00,358.58
5286,2013-10-03 10:00:00+00:00,297.5
5286,2013-10-03 10:30:00+00:00,391.82
5286,2013-10-03 11:00:00+00:00,370.47
5286,2013-10-03 11:30:00+00:00,85.37
5286,2013-10-03 12:00:00+00:00,67.94
5286,2013-10-03 12:30:00+00:00,36.91
5286,2013-10-03 13:00:00+00:00,27.31
5286,2013-10-03 13:30:00+00:00,12.98
5286,2013-10-03 14:00:00+00:00,63.65
5286,2013-10-03 14:30:00+00:00,67.52
5286,2013-10-03 15:00:00+00:00,110.2
5286,2013-10-03 15:30:00+00:00,187.4
5286,2013-10-03 16:00:00+00:00,126.0
5286,2013-10-03 16:30:00+00:00,52.95
5286,2013-10-03 17:00:00+00:00,0.64
5286,2013-10-03 17:30:00+00:00,0.01
5286,2013-10-03 18:00:00+00:00,0.01
5286,2013-10-03 18:30:00+00:00,0.0
5286,2013-10-03 19:00:00+00:00,0.0
5286,2013-10-03 19:30:00+00:00,0.0
5286,2013-10-03 20:00:00+00:00,0.0
5286,2013-10-03 20:30:00+00:00,0.0
5286,2013-10-03 21:00:00+00:00,0.0
5286,2013-10-03 21:30:00+00:00,0.0
5286,2013-10-03 22:00:00+00:00,0.0
5286,2013-10-03 22:30:00+00:00,0.0
5286,2013-10-03 23:00:00+00:00,0.0
5286,2013-10-03 23:30:00+00:00,0.0
5286,2013-10-04 00:00:00+00:00,0.0
5286,2013-10-04 00:30:00+00:00,0.0
5286,2013-10-04 01:00:00+00:00,0.0
5286,2013-10-04 01:30:00+00:00,0.0
5286,2013-10-04 02:00:00+00:00,0.0
5286,2013-10-04 02:30:00+00:00,0.0
5286,2013-10-04 03:00:00+00:00,0.0
5286,2013-10-04 03:30:00+00:00,0.0
5286,2013-10-04 04:00:00+00:00,0.0
5286,2013-10-04 04:30:00+00:00,0.0
5286,2013-10-04 05:00:00+00:00,0.0
5286,2013-10-04 05:30:00+00:00,0.0
5286,2013-10-04 06:00:00+00:00,0.0
5286,2013-10-04 06:30:00+00:00,0.0
5286,2013-10-04 07:00:00+00:00,0.78
5286,2013-10-04 07:30:00+00:00,20.48
5286,2013-10-04 08:00:00+00:00,75.71
5286,2013-10-04 08:30:00+00:00,307.13
5286,2013-10-04 09:00:00+00:00,148.92
5286,2013-10-04 09:30:00+00:00,163.39
5286,2013-10-04 10:00:00+00:00,329.57
5286,2013-10-04 10:30:00+00:00,489.36
5286,2013-10-04 11:00:00+00:00,278.65
5286,2013-10-04 11:30:00+00:00,418.52
5286,2013-10-04 12:00:00+00:00,636.75
5286,2013-10-04 12:30:00+00:00,722.45
5286,2013-10-04 13:00:00+00:00,380.01
5286,2013-10-04 13:30:00+00:00,665.2
5286,2013-10-04 14:00:00+00:00,195.07
5286,2013-10-04 14:30:00+00:00,256.32
5286,2013-10-04 15:00:00+00:00,280.92
5286,2013-10-04 15:30:00+00:00,232.92
5286,2013-10-04 16:00:00+00:00,208.55
5286,2013-10-04 16:30:00+00:00,90.32
5286,2013-10-04 17:00:00+00:00,33.61
5286,2013-10-04 17:30:00+00:00,3.9
5286,2013-10-04 18:00:00+00:00,0.0
5286,2013-10-04 18:30:00+00:00,0.0
5286,2013-10-04 19:00:00+00:00,0.0
5286,2013-10-04 19:30:00+00:00,0.0
5286,2013-10-04 20:00:00+00:00,0.0
5286,2013-10-04 20:30:00+00:00,0.0
5286,2013-10-04 21:00:00+00:00,0.0
5286,2013-10-04 21:30:00+00:00,0.0
5286,2013-10-04 22:00:00+00:00,0.0
5286,2013-10-04 22:30:00+00:00,0.0
5286,2013-10-04 23:00:00+00:00,0.0
5286,2013-10-04 23:30:00+00:00,0.0
5286,2013-10-05 00:00:00+00:00,0.0
5286,2013-10-05 00:30:00+00:00,0.0
5286,2013-10-05 01:00:00+00:00,0.0
5286,2013-10-05 01:30:00+00:00,0.0
5286,2013-10-05 02:00:00+00:00,0.0
5286,2013-10-05 02:30:00+00:00,0.0
5286,2013-10-05 03:00:00+00:00,0.0
5286,2013-10-05 03:30:00+00:00,0.0
5286,2013-10-05 04:00:00+00:00,0.0
5286,2013-10-05 04:30:00+00:00,0.0
5286,2013-10-05 05:00:00+00:00,0.0
5286,2013-10-05 05:30:00+00:00,0.0
5286,2013-10-05 06:00:00+00:00,0.0
5286,2013-10-05 06:30:00+00:00,0.0
5286,2013-10-05 07:00:00+00:00,3.2
5286,2013-10-05 07:30:00+00:00,74.97
5286,2013-10-05 08:00:00+00:00,124.55
5286,2013-10-05 08:30:00+00:00,221.17
5286,2013-10-05 09:00:00+00:00,128.31
5286,2013-10-05 09:30:00+00:00,113.99
5286,2013-10-05 10:00:00+00:00,166.69
5286,2013-10-05 10:30:00+00:00,208.15
5286,2013-10-05 11:00:00+00:00,264.88
5286,2013-10-05 11:30:00+00:00,325.94
5286,2013-10-05 12:00:00+00:00,332.47
5286,2013-10-05 12:30:00+00:00,156.3
5286,2013-10-05 13:00:00+00:00,132.38
5286,2013-10-05 13:30:00+00:00,80.35
5286,2013-10-05 14:00:00+00:00,44.98
5286,2013-10-05 14:30:00+00:00,98.37
5286,2013-10-05 15:00:00+00:00,176.4
5286,2013-10-05 15:30:00+00:00,104.3
5286,2013-10-05 16:00:00+00:00,73.38
5286,2013-10-05 16:30:00+00:00,31.82
5286,2013-10-05 17:00:00+00:00,6.41
5286,2013-10-05 17:30:00+00:00,0.01
5286,2013-10-05 18:00:00+00:00,0.01
5286,2013-10-05 18:30:00+00:00,0.0
5286,2013-10-05 19:00:00+00:00,0.0
5286,2013-10-05 19:30:00+00:00,0.0
5286,2013-10-05 20:00:00+00:00,0.0
5286,2013-10-05 20:30:00+00:00,0.0
5286,2013-10-05 21:00:00+00:00,0.0
5286,2013-10-05 21:30:00+00:00,0.0
5286,2013-10-05 22:00:00+00:00,0.0
5286,2013-10-05 22:30:00+00:00,0.0
5286,2013-10-05 23:00:00+00:00,0.0
5286,2013-10-05 23:30:00+00:00,0.0
5286,2013-10-06 00:00:00+00:00,0.0
5286,2013-10-06 00:30:00+00:00,0.0
5286,2013-10-06 01:00:00+00:00,0.0
5286,2013-10-06 01:30:00+00:00,0.0
5286,2013-10-06 02:00:00+00:00,0.0
5286,2013-10-06 02:30:00+00:00,0.0
5286,2013-10-06 03:00:00+00:00,0.0
5286,2013-10-06 03:30:00+00:00,0.0
5286,2013-10-06 04:00:00+00:00,0.0
5286,2013-10-06 04:30:00+00:00,0.0
5286,2013-10-06 05:00:00+00:00,0.0
5286,2013-10-06 05:30:00+00:00,0.0
5286,2013-10-06 06:00:00+00:00,0.0
5286,2013-10-06 06:30:00+00:00,4.98
5286,2013-10-06 07:00:00+00:00,133.17
5286,2013-10-06 07:30:00+00:00,350.94
5286,2013-10-06 08:00:00+00:00,509.3
5286,2013-10-06 08:30:00+00:00,626.05
5286,2013-10-06 09:00:00+00:00,712.2
5286,2013-10-06 09:30:00+00:00,806.9
5286,2013-10-06 10:00:00+00:00,845.75
5286,2013-10-06 10:30:00+00:00,888.05
5286,2013-10-06 11:00:00+00:00,896.35
5286,2013-10-06 11:30:00+00:00,904.1
5286,2013-10-06 12:00:00+00:00,902.85
5286,2013-10-06 12:30:00+00:00,740.9
5286,2013-10-06 13:00:00+00:00,618.7
5286,2013-10-06 13:30:00+00:00,621.6
5286,2013-10-06 14:00:00+00:00,631.0
5286,2013-10-06 14:30:00+00:00,220.81
5286,2013-10-06 15:00:00+00:00,323.21
5286,2013-10-06 15:30:00+00:00,277.3
5286,2013-10-06 16:00:00+00:00,106.69
5286,2013-10-06 16:30:00+00:00,79.43
5286,2013-10-06 17:00:00+00:00,26.51
5286,2013-10-06 17:30:00+00:00,1.4
5286,2013-10-06 18:00:00+00:00,0.0
5286,2013-10-06 18:30:00+00:00,0.0
5286,2013-10-06 19:00:00+00:00,0.0
5286,2013-10-06 19:30:00+00:00,0.0
5286,2013-10-06 20:00:00+00:00,0.0
5286,2013-10-06 20:30:00+00:00,0.0
5286,2013-10-06 21:00:00+00:00,0.0
5286,2013-10-06 21:30:00+00:00,0.0
5286,2013-10-06 22:00:00+00:00,0.0
5286,2013-10-06 22:30:00+00:00,0.0
5286,2013-10-06 23:00:00+00:00,0.0
5286,2013-10-06 23:30:00+00:00,0.0
5286,2013-10-07 00:00:00+00:00,0.0
5286,2013-10-07 00:30:00+00:00,0.0
5286,2013-10-07 01:00:00+00:00,0.0
5286,2013-10-07 01:30:00+00:00,0.0
5286,2013-10-07 02:00:00+00:00,0.0
5286,2013-10-07 02:30:00+00:00,0.0
5286,2013-10-07 03:00:00+00:00,0.0
5286,2013-10-07 03:30:00+00:00,0.0
5286,2013-10-07 04:00:00+00:00,0.0
5286,2013-10-07 04:30:00+00:00,0.0
5286,2013-10-07 05:00:00+00:00,0.0
5286,2013-10-07 05:30:00+00:00,0.0
5286,2013-10-07 06:00:00+00:00,0.0
5286,2013-10-07 06:30:00+00:00,0.01
5286,2013-10-07 07:00:00+00:00,19.5
5286,2013-10-07 07:30:00+00:00,79.42
5286,2013-10-07 08:00:00+00:00,97.1
5286,2013-10-07 08:30:00+00:00,84.15
5286,2013-10-07 09:00:00+00:00,111.05
5286,2013-10-07 09:30:00+00:00,129.5
5286,2013-10-07 10:00:00+00:00,206.96
5286,2013-10-07 10:30:00+00:00,250.87
5286,2013-10-07 11:00:00+00:00,643.85
5286,2013-10-07 11:30:00+00:00,879.3
5286,2013-10-07 12:00:00+00:00,909.75
5286,2013-10-07 12:30:00+00:00,717.5
5286,2013-10-07 13:00:00+00:00,462.06
5286,2013-10-07 13:30:00+00:00,503.25
5286,2013-10-07 14:00:00+00:00,301.73
5286,2013-10-07 14:30:00+00:00,269.12
5286,2013-10-07 15:00:00+00:00,397.49
5286,2013-10-07 15:30:00+00:00,234.47
5286,2013-10-07 16:00:00+00:00,159.22
5286,2013-10-07 16:30:00+00:00,41.94
5286,2013-10-07 17:00:00+00:00,14.71
5286,2013-10-07 17:30:00+00:00,0.01
5286,2013-10-07 18:00:00+00:00,0.0
5286,2013-10-07 18:30:00+00:00,0.0
5286,2013-10-07 19:00:00+00:00,0.0
5286,2013-10-07 19:30:00+00:00,0.0
5286,2013-10-07 20:00:00+00:00,0.0
5286,2013-10-07 20:30:00+00:00,0.0
5286,2013-10-07 21:00:00+00:00,0.0
5286,2013-10-07 21:30:00+00:00,0.0
5286,2013-10-07 22:00:00+00:00,0.0
5286,2013-10-07 22:30:00+00:00,0.0
5286,2013-10-07 23:00:00+00:00,0.0
5286,2013-10-07 23:30:00+00:00,0.0
5286,2013-10-08 00:00:00+00:00,0.0
5286,2013-10-08 00:30:00+00:00,0.0
5286,2013-10-08 01:00:00+00:00,0.0
5286,2013-10-08 01:30:00+00:00,0.0
5286,2013-10-08 02:00:00+00:00,0.0
5286,2013-10-08 02:30:00+00:00,0.0
5286,2013-10-08 03:00:00+00:00,0.0
5286,2013-10-08 03:30:00+00:00,0.0
5286,2013-10-08 04:00:00+00:00,0.0
5286,2013-10-08 04:30:00+00:00,0.0
5286,2013-10-08 05:00:00+00:00,0.0
5286,2013-10-08 05:30:00+00:00,0.0
5286,2013-10-08 06:00:00+00:00,0.0
5286,2013-10-08 06:30:00+00:00,0.0
5286,2013-10-08 07:00:00+00:00,83.5
5286,2013-10-08 07:30:00+00:00,282.6
5286,2013-10-08 08:00:00+00:00,424.42
5286,2013-10-08 08:30:00+00:00,571.45
5286,2013-10-08 09:00:00+00:00,661.95
5286,2013-10-08 09:30:00+00:00,738.55
5286,2013-10-08 10:00:00+00:00,838.7
5286,2013-10-08 10:30:00+00:00,887.95
5286,2013-10-08 11:00:00+00:00,861.1
5286,2013-10-08 11:30:00+00:00,838.1
5286,2013-10-08 12:00:00+00:00,426.1
5286,2013-10-08 12:30:00+00:00,598.95
5286,2013-10-08 13:00:00+00:00,811.85
5286,2013-10-08 13:30:00+00:00,636.15
5286,2013-10-08 14:00:00+00:00,335.85
5286,2013-10-08 14:30:00+00:00,159.98
5286,2013-10-08 15:00:00+00:00,391.97
5286,2013-10-08 15:30:00+00:00,82.3
5286,2013-10-08 16:00:00+00:00,32.19
5286,2013-10-08 16:30:00+00:00,14.95
5286,2013-10-08 17:00:00+00:00,10.08
5286,2013-10-08 17:30:00+00:00,0.01
5286,2013-10-08 18:00:00+00:00,0.01
5286,2013-10-08 18:30:00+00:00,0.0
5286,2013-10-08 19:00:00+00:00,0.0
5286,2013-10-08 19:30:00+00:00,0.0
5286,2013-10-08 20:00:00+00:00,0.0
5286,2013-10-08 20:30:00+00:00,0.0
5286,2013-10-08 21:00:00+00:00,0.0
5286,2013-10-08 21:30:00+00:00,0.0
5286,2013-10-08 22:00:00+00:00,0.0
5286,2013-10-08 22:30:00+00:00,0.0
5286,2013-10-08 23:00:00+00:00,0.0
5286,2013-10-08 23:30:00+00:00,0.0
5286,2013-10-09 00:00:00+00:00,0.0
5286,2013-10-09 00:30:00+00:00,0.0
5286,2013-10-09 01:00:00+00:00,0.0
5286,2013-10-09 01:30:00+00:00,0.0
5286,2013-10-09 02:00:00+00:00,0.0
5286,2013-10-09 02:30:00+00:00,0.0
5286,2013-10-09 03:00:00+00:00,0.0
5286,2013-10-09 03:30:00+00:00,0.0
5286,2013-10-09 04:00:00+00:00,0.0
5286,2013-10-09 04:30:00+00:00,0.0
5286,2013-10-09 05:00:00+00:00,0.0
5286,2013-10-09 05:30:00+00:00,0.0
5286,2013-10-09 06:00:00+00:00,0.0
5286,2013-10-09 06:30:00+00:00,0.0
5286,2013-10-09 07:00:00+00:00,4.43
5286,2013-10-09 07:30:00+00:00,42.03
5286,2013-10-09 08:00:00+00:00,95.94
5286,2013-10-09 08:30:00+00:00,59.47
5286,2013-10-09 09:00:00+00:00,90.53
5286,2013-10-09 09:30:00+00:00,228.49
5286,2013-10-09 10:00:00+00:00,423.97
5286,2013-10-09 10:30:00+00:00,430.49
5286,2013-10-09 11:00:00+00:00,378.72
5286,2013-10-09 11:30:00+00:00,526.0
5286,2013-10-09 12:00:00+00:00,483.11
5286,2013-10-09 12:30:00+00:00,378.9
5286,2013-10-09 13:00:00+00:00,378.28
5286,2013-10-09 13:30:00+00:00,182.86
5286,2013-10-09 14:00:00+00:00,178.13
5286,2013-10-09 14:30:00+00:00,164.31
5286,2013-10-09 15:00:00+00:00,89.76
5286,2013-10-09 15:30:00+00:00,64.83
5286,2013-10-09 16:00:00+00:00,67.36
5286,2013-10-09 16:30:00+00:00,20.44
5286,2013-10-09 17:00:00+00:00,4.6
5286,2013-10-09 17:30:00+00:00,0.01
5286,2013-10-09 18:00:00+00:00,0.01
5286,2013-10-09 18:30:00+00:00,0.0
5286,2013-10-09 19:00:00+00:00,0.0
5286,2013-10-09 19:30:00+00:00,0.0
5286,2013-10-09 20:00:00+00:00,0.0
5286,2013-10-09 20:30:00+00:00,0.0
5286,2013-10-09 21:00:00+00:00,0.0
5286,2013-10-09 21:30:00+00:00,0.0
5286,2013-10-09 22:00:00+00:00,0.0
5286,2013-10-09 22:30:00+00:00,0.0
5286,2013-10-09 23:00:00+00:00,0.0
5286,2013-10-09 23:30:00+00:00,0.0
5286,2013-10-10 00:00:00+00:00,0.0
5286,2013-10-10 00:30:00+00:00,0.0
5286,2013-10-10 01:00:00+00:00,0.0
5286,2013-10-10 01:30:00+00:00,0.0
5286,2013-10-10 02:00:00+00:00,0.0
5286,2013-10-10 02:30:00+00:00,0.0
5286,2013-10-10 03:00:00+00:00,0.0
5286,2013-10-10 03:30:00+00:00,0.0
5286,2013-10-10 04:00:00+00:00,0.0
5286,2013-10-10 04:30:00+00:00,0.0
5286,2013-10-10 05:00:00+00:00,0.0
5286,2013-10-10 05:30:00+00:00,0.0
5286,2013-10-10 06:00:00+00:00,0.0
5286,2013-10-10 06:30:00+00:00,0.0
5286,2013-10-10 07:00:00+00:00,19.34
5286,2013-10-10 07:30:00+00:00,186.56
5286,2013-10-10 08:00:00+00:00,447.07
5286,2013-10-10 08:30:00+00:00,469.61
5286,2013-10-10 09:00:00+00:00,298.68
5286,2013-10-10 09:30:00+00:00,283.59
5286,2013-10-10 10:00:00+00:00,326.38
5286,2013-10-10 10:30:00+00:00,421.12
5286,2013-10-10 11:00:00+00:00,645.85
5286,2013-10-10 11:30:00+00:00,483.0
5286,2013-10-10 12:00:00+00:00,280.75
5286,2013-10-10 12:30:00+00:00,470.22
5286,2013-10-10 13:00:00+00:00,301.0
5286,2013-10-10 13:30:00+00:00,695.45
5286,2013-10-10 14:00:00+00:00,546.4
5286,2013-10-10 14:30:00+00:00,394.67
5286,2013-10-10 15:00:00+00:00,319.62
5286,2013-10-10 15:30:00+00:00,93.98
5286,2013-10-10 16:00:00+00:00,142.83
5286,2013-10-10 16:30:00+00:00,67.07
5286,2013-10-10 17:00:00+00:00,12.3
5286,2013-10-10 17:30:00+00:00,0.01
5286,2013-10-10 18:00:00+00:00,0.0
5286,2013-10-10 18:30:00+00:00,0.0
5286,2013-10-10 19:00:00+00:00,0.0
5286,2013-10-10 19:30:00+00:00,0.0
5286,2013-10-10 20:00:00+00:00,0.0
5286,2013-10-10 20:30:00+00:00,0.0
5286,2013-10-10 21:00:00+00:00,0.0
5286,2013-10-10 21:30:00+00:00,0.0
5286,2013-10-10 22:00:00+00:00,0.0
5286,2013-10-10 22:30:00+00:00,0.0
5286,2013-10-10 23:00:00+00:00,0.0
5286,2013-10-10 23:30:00+00:00,0.0
5286,2013-10-11 00:00:00+00:00,0.0
5286,2013-10-11 00:30:00+00:00,0.0
5286,2013-10-11 01:00:00+00:00,0.0
5286,2013-10-11 01:30:00+00:00,0.0
5286,2013-10-11 02:00:00+00:00,0.0
5286,2013-10-11 02:30:00+00:00,0.0
5286,2013-10-11 03:00:00+00:00,0.0
5286,2013-10-11 03:30:00+00:00,0.0
5286,2013-10-11 04:00:00+00:00,0.0
5286,2013-10-11 04:30:00+00:00,0.0
5286,2013-10-11 05:00:00+00:00,0.0
5286,2013-10-11 05:30:00+00:00,0.0
5286,2013-10-11 06:00:00+00:00,0.0
5286,2013-10-11 06:30:00+00:00,0.0
5286,2013-10-11 07:00:00+00:00,0.01
5286,2013-10-11 07:30:00+00:00,22.03
5286,2013-10-11 08:00:00+00:00,157.19
5286,2013-10-11 08:30:00+00:00,216.41
5286,2013-10-11 09:00:00+00:00,208.24
5286,2013-10-11 09:30:00+00:00,138.34
5286,2013-10-11 10:00:00+00:00,113.46
5286,2013-10-11 10:30:00+00:00,118.04
5286,2013-10-11 11:00:00+00:00,86.86
5286,2013-10-11 11:30:00+00:00,58.98
5286,2013-10-11 12:00:00+00:00,26.01
5286,2013-10-11 12:30:00+00:00,27.14
5286,2013-10-11 13:00:00+00:00,59.67
5286,2013-10-11 13:30:00+00:00,36.27
5286,2013-10-11 14:00:00+00:00,25.56
5286,2013-10-11 14:30:00+00:00,17.95
5286,2013-10-11 15:00:00+00:00,18.85
5286,2013-10-11 15:30:00+00:00,5.63
5286,2013-10-11 16:00:00+00:00,2.08
5286,2013-10-11 16:30:00+00:00,0.01
5286,2013-10-11 17:00:00+00:00,0.01
5286,2013-10-11 17:30:00+00:00,0.01
5286,2013-10-11 18:00:00+00:00,0.0
5286,2013-10-11 18:30:00+00:00,0.0
5286,2013-10-11 19:00:00+00:00,0.0
5286,2013-10-11 19:30:00+00:00,0.0
5286,2013-10-11 20:00:00+00:00,0.0
5286,2013-10-11 20:30:00+00:00,0.0
5286,2013-10-11 21:00:00+00:00,0.0
5286,2013-10-11 21:30:00+00:00,0.0
5286,2013-10-11 22:00:00+00:00,0.0
5286,2013-10-11 22:30:00+00:00,0.0
5286,2013-10-11 23:00:00+00:00,0.0
5286,2013-10-11 23:30:00+00:00,0.0
5286,2013-10-12 00:00:00+00:00,0.0
5286,2013-10-12 00:30:00+00:00,0.0
5286,2013-10-12 01:00:00+00:00,0.0
5286,2013-10-12 01:30:00+00:00,0.0
5286,2013-10-12 02:00:00+00:00,0.0
5286,2013-10-12 02:30:00+00:00,0.0
5286,2013-10-12 03:00:00+00:00,0.0
5286,2013-10-12 03:30:00+00:00,0.0
5286,2013-10-12 04:00:00+00:00,0.0
5286,2013-10-12 04:30:00+00:00,0.0
5286,2013-10-12 05:00:00+00:00,0.0
5286,2013-10-12 05:30:00+00:00,0.0
5286,2013-10-12 06:00:00+00:00,0.0
5286,2013-10-12 06:30:00+00:00,0.0
5286,2013-10-12 07:00:00+00:00,1.81
5286,2013-10-12 07:30:00+00:00,81.67
5286,2013-10-12 08:00:00+00:00,395.83
5286,2013-10-12 08:30:00+00:00,415.43
5286,2013-10-12 09:00:00+00:00,672.75
5286,2013-10-12 09:30:00+00:00,809.5
5286,2013-10-12 10:00:00+00:00,856.25
5286,2013-10-12 10:30:00+00:00,905.8
5286,2013-10-12 11:00:00+00:00,984.95
5286,2013-10-12 11:30:00+00:00,334.26
5286,2013-10-12 12:00:00+00:00,239.83
5286,2013-10-12 12:30:00+00:00,437.89
5286,2013-10-12 13:00:00+00:00,465.2
5286,2013-10-12 13:30:00+00:00,426.41
5286,2013-10-12 14:00:00+00:00,231.19
5286,2013-10-12 14:30:00+00:00,146.76
5286,2013-10-12 15:00:00+00:00,184.47
5286,2013-10-12 15:30:00+00:00,104.3
5286,2013-10-12 16:00:00+00:00,53.78
5286,2013-10-12 16:30:00+00:00,32.86
5286,2013-10-12 17:00:00+00:00,2.58
5286,2013-10-12 17:30:00+00:00,0.01
5286,2013-10-12 18:00:00+00:00,0.01
5286,2013-10-12 18:30:00+00:00,0.0
5286,2013-10-12 19:00:00+00:00,0.0
5286,2013-10-12 19:30:00+00:00,0.0
5286,2013-10-12 20:00:00+00:00,0.0
5286,2013-10-12 20:30:00+00:00,0.0
5286,2013-10-12 21:00:00+00:00,0.0
5286,2013-10-12 21:30:00+00:00,0.0
5286,2013-10-12 22:00:00+00:00,0.0
5286,2013-10-12 22:30:00+00:00,0.0
5286,2013-10-12 23:00:00+00:00,0.0
5286,2013-10-12 23:30:00+00:00,0.0
5286,2013-10-13 00:00:00+00:00,0.0
5286,2013-10-13 00:30:00+00:00,0.0
5286,2013-10-13 01:00:00+00:00,0.0
5286,2013-10-13 01:30:00+00:00,0.0
5286,2013-10-13 02:00:00+00:00,0.0
5286,2013-10-13 02:30:00+00:00,0.0
5286,2013-10-13 03:00:00+00:00,0.0
5286,2013-10-13 03:30:00+00:00,0.0
5286,2013-10-13 04:00:00+00:00,0.0
5286,2013-10-13 04:30:00+00:00,0.0
5286,2013-10-13 05:00:00+00:00,0.0
5286,2013-10-13 05:30:00+00:00,0.0
5286,2013-10-13 06:00:00+00:00,0.0
5286,2013-10-13 06:30:00+00:00,0.0
5286,2013-10-13 07:00:00+00:00,0.0
5286,2013-10-13 07:30:00+00:00,0.01
5286,2013-10-13 08:00:00+00:00,0.02
5286,2013-10-13 08:30:00+00:00,0.03
5286,2013-10-13 09:00:00+00:00,3.93
5286,2013-10-13 09:30:00+00:00,24.99
5286,2013-10-13 10:00:00+00:00,26.61
5286,2013-10-13 10:30:00+00:00,22.75
5286,2013-10-13 11:00:00+00:00,21.45
5286,2013-10-13 11:30:00+00:00,53.43
5286,2013-10-13 12:00:00+00:00,99.26
5286,2013-10-13 12:30:00+00:00,60.02
5286,2013-10-13 13:00:00+00:00,46.75
5286,2013-10-13 13:30:00+00:00,92.25
5286,2013-10-13 14:00:00+00:00,413.26
5286,2013-10-13 14:30:00+00:00,330.01
5286,2013-10-13 15:00:00+00:00,90.51
5286,2013-10-13 15:30:00+00:00,25.92
5286,2013-10-13 16:00:00+00:00,23.75
5286,2013-10-13 16:30:00+00:00,7.81
5286,2013-10-13 17:00:00+00:00,0.01
5286,2013-10-13 17:30:00+00:00,0.01
5286,2013-10-13 18:00:00+00:00,0.0
5286,2013-10-13 18:30:00+00:00,0.0
5286,2013-10-13 19:00:00+00:00,0.0
5286,2013-10-13 19:30:00+00:00,0.0
5286,2013-10-13 20:00:00+00:00,0.0
5286,2013-10-13 20:30:00+00:00,0.0
5286,2013-10-13 21:00:00+00:00,0.0
5286,2013-10-13 21:30:00+00:00,0.0
5286,2013-10-13 22:00:00+00:00,0.0
5286,2013-10-13 22:30:00+00:00,0.0
5286,2013-10-13 23:00:00+00:00,0.0
5286,2013-10-13 23:30:00+00:00,0.0
5286,2013-10-14 00:00:00+00:00,0.0
5286,2013-10-14 00:30:00+00:00,0.0
5286,2013-10-14 01:00:00+00:00,0.0
5286,2013-10-14 01:30:00+00:00,0.0
5286,2013-10-14 02:00:00+00:00,0.0
5286,2013-10-14 02:30:00+00:00,0.0
5286,2013-10-14 03:00:00+00:00,0.0
5286,2013-10-14 03:30:00+00:00,0.0
5286,2013-10-14 04:00:00+00:00,0.0
5286,2013-10-14 04:30:00+00:00,0.0
5286,2013-10-14 05:00:00+00:00,0.0
5286,2013-10-14 05:30:00+00:00,0.0
5286,2013-10-14 06:00:00+00:00,0.0
5286,2013-10-14 06:30:00+00:00,0.0
5286,2013-10-14 07:00:00+00:00,3.61
5286,2013-10-14 07:30:00+00:00,2.35
5286,2013-10-14 08:00:00+00:00,4.79
5286,2013-10-14 08:30:00+00:00,13.68
5286,2013-10-14 09:00:00+00:00,8.82
5286,2013-10-14 09:30:00+00:00,63.26
5286,2013-10-14 10:00:00+00:00,73.06
5286,2013-10-14 10:30:00+00:00,122.27
5286,2013-10-14 11:00:00+00:00,231.06
5286,2013-10-14 11:30:00+00:00,124.66
5286,2013-10-14 12:00:00+00:00,301.1
5286,2013-10-14 12:30:00+00:00,164.88
5286,2013-10-14 13:00:00+00:00,113.7
5286,2013-10-14 13:30:00+00:00,115.63
5286,2013-10-14 14:00:00+00:00,107.01
5286,2013-10-14 14:30:00+00:00,56.11
5286,2013-10-14 15:00:00+00:00,153.98
5286,2013-10-14 15:30:00+00:00,90.25
5286,2013-10-14 16:00:00+00:00,148.78
5286,2013-10-14 16:30:00+00:00,20.46
5286,2013-10-14 17:00:00+00:00,0.01
5286,2013-10-14 17:30:00+00:00,0.01
5286,2013-10-14 18:00:00+00:00,0.0
5286,2013-10-14 18:30:00+00:00,0.0
5286,2013-10-14 19:00:00+00:00,0.0
5286,2013-10-14 19:30:00+00:00,0.0
5286,2013-10-14 20:00:00+00:00,0.0
5286,2013-10-14 20:30:00+00:00,0.0
5286,2013-10-14 21:00:00+00:00,0.0
5286,2013-10-14 21:30:00+00:00,0.0
5286,2013-10-14 22:00:00+00:00,0.0
5286,2013-10-14 22:30:00+00:00,0.0
5286,2013-10-14 23:00:00+00:00,0.0
5286,2013-10-14 23:30:00+00:00,0.0
5286,2013-10-15 00:00:00+00:00,0.0
5286,2013-10-15 00:30:00+00:00,0.0
5286,2013-10-15 01:00:00+00:00,0.0
5286,2013-10-15 01:30:00+00:00,0.0
5286,2013-10-15 02:00:00+00:00,0.0
5286,2013-10-15 02:30:00+00:00,0.0
5286,2013-10-15 03:00:00+00:00,0.0
5286,2013-10-15 03:30:00+00:00,0.0
5286,2013-10-15 04:00:00+00:00,0.0
5286,2013-10-15 04:30:00+00:00,0.0
5286,2013-10-15 05:00:00+00:00,0.0
5286,2013-10-15 05:30:00+00:00,0.0
5286,2013-10-15 06:00:00+00:00,0.0
5286,2013-10-15 06:30:00+00:00,0.0
5286,2013-10-15 07:00:00+00:00,0.01
5286,2013-10-15 07:30:00+00:00,14.52
5286,2013-10-15 08:00:00+00:00,46.71
5286,2013-10-15 08:30:00+00:00,81.88
5286,2013-10-15 09:00:00+00:00,136.18
5286,2013-10-15 09:30:00+00:00,161.66
5286,2013-10-15 10:00:00+00:00,44.67
5286,2013-10-15 10:30:00+00:00,29.79
5286,2013-10-15 11:00:00+00:00,66.1
5286,2013-10-15 11:30:00+00:00,83.16
5286,2013-10-15 12:00:00+00:00,129.9
5286,2013-10-15 12:30:00+00:00,282.11
5286,2013-10-15 13:00:00+00:00,313.36
5286,2013-10-15 13:30:00+00:00,353.85
5286,2013-10-15 14:00:00+00:00,266.07
5286,2013-10-15 14:30:00+00:00,303.21
5286,2013-10-15 15:00:00+00:00,92.69
5286,2013-10-15 15:30:00+00:00,178.46
5286,2013-10-15 16:00:00+00:00,139.83
5286,2013-10-15 16:30:00+00:00,44.18
5286,2013-10-15 17:00:00+00:00,7.72
5286,2013-10-15 17:30:00+00:00,0.0
5286,2013-10-15 18:00:00+00:00,0.0
5286,2013-10-15 18:30:00+00:00,0.0
5286,2013-10-15 19:00:00+00:00,0.0
5286,2013-10-15 19:30:00+00:00,0.0
5286,2013-10-15 20:00:00+00:00,0.0
5286,2013-10-15 20:30:00+00:00,0.0
5286,2013-10-15 21:00:00+00:00,0.0
5286,2013-10-15 21:30:00+00:00,0.0
5286,2013-10-15 22:00:00+00:00,0.0
5286,2013-10-15 22:30:00+00:00,0.0
5286,2013-10-15 23:00:00+00:00,0.0
5286,2013-10-15 23:30:00+00:00,0.0
5286,2013-10-16 00:00:00+00:00,0.0
5286,2013-10-16 00:30:00+00:00,0.0
5286,2013-10-16 01:00:00+00:00,0.0
5286,2013-10-16 01:30:00+00:00,0.0
5286,2013-10-16 02:00:00+00:00,0.0
5286,2013-10-16 02:30:00+00:00,0.0
5286,2013-10-16 03:00:00+00:00,0.0
5286,2013-10-16 03:30:00+00:00,0.0
5286,2013-10-16 04:00:00+00:00,0.0
5286,2013-10-16 04:30:00+00:00,0.0
5286,2013-10-16 05:00:00+00:00,0.0
5286,2013-10-16 05:30:00+00:00,0.0
5286,2013-10-16 06:00:00+00:00,0.0
5286,2013-10-16 06:30:00+00:00,0.01
5286,2013-10-16 07:00:00+00:00,0.01
5286,2013-10-16 07:30:00+00:00,1.5
5286,2013-10-16 08:00:00+00:00,2.13
5286,2013-10-16 08:30:00+00:00,10.35
5286,2013-10-16 09:00:00+00:00,17.35
5286,2013-10-16 09:30:00+00:00,12.89
5286,2013-10-16 10:00:00+00:00,14.79
5286,2013-10-16 10:30:00+00:00,26.53
5286,2013-10-16 11:00:00+00:00,92.19
5286,2013-10-16 11:30:00+00:00,162.54
5286,2013-10-16 12:00:00+00:00,122.39
5286,2013-10-16 12:30:00+00:00,60.24
5286,2013-10-16 13:00:00+00:00,23.18
5286,2013-10-16 13:30:00+00:00,15.2
5286,2013-10-16 14:00:00+00:00,25.04
5286,2013-10-16 14:30:00+00:00,38.13
5286,2013-10-16 15:00:00+00:00,145.76
5286,2013-10-16 15:30:00+00:00,213.02
5286,2013-10-16 16:00:00+00:00,92.41
5286,2013-10-16 16:30:00+00:00,41.83
5286,2013-10-16 17:00:00+00:00,2.45
5286,2013-10-16 17:30:00+00:00,0.01
5286,2013-10-16 18:00:00+00:00,0.0
5286,2013-10-16 18:30:00+00:00,0.0
5286,2013-10-16 19:00:00+00:00,0.0
5286,2013-10-16 19:30:00+00:00,0.0
5286,2013-10-16 20:00:00+00:00,0.0
5286,2013-10-16 20:30:00+00:00,0.0
5286,2013-10-16 21:00:00+00:00,0.0
5286,2013-10-16 21:30:00+00:00,0.0
5286,2013-10-16 22:00:00+00:00,0.0
5286,2013-10-16 22:30:00+00:00,0.0
5286,2013-10-16 23:00:00+00:00,0.0
5286,2013-10-16 23:30:00+00:00,0.0
5286,2013-10-17 00:00:00+00:00,0.0
5286,2013-10-17 00:30:00+00:00,0.0
5286,2013-10-17 01:00:00+00:00,0.0
5286,2013-10-17 01:30:00+00:00,0.0
5286,2013-10-17 02:00:00+00:00,0.0
5286,2013-10-17 02:30:00+00:00,0.0
5286,2013-10-17 03:00:00+00:00,0.0
5286,2013-10-17 03:30:00+00:00,0.0
5286,2013-10-17 04:00:00+00:00,0.0
5286,2013-10-17 04:30:00+00:00,0.0
5286,2013-10-17 05:00:00+00:00,0.0
5286,2013-10-17 05:30:00+00:00,0.0
5286,2013-10-17 06:00:00+00:00,0.0
5286,2013-10-17 06:30:00+00:00,0.0
5286,2013-10-17 07:00:00+00:00,0.92
5286,2013-10-17 07:30:00+00:00,113.37
5286,2013-10-17 08:00:00+00:00,398.15
5286,2013-10-17 08:30:00+00:00,583.0
5286,2013-10-17 09:00:00+00:00,684.85
5286,2013-10-17 09:30:00+00:00,767.4
5286,2013-10-17 10:00:00+00:00,834.95
5286,2013-10-17 10:30:00+00:00,737.15
5286,2013-10-17 11:00:00+00:00,550.8
5286,2013-10-17 11:30:00+00:00,553.8
5286,2013-10-17 12:00:00+00:00,576.85
5286,2013-10-17 12:30:00+00:00,181.34
5286,2013-10-17 13:00:00+00:00,132.39
5286,2013-10-17 13:30:00+00:00,461.99
5286,2013-10-17 14:00:00+00:00,230.45
5286,2013-10-17 14:30:00+00:00,465.93
5286,2013-10-17 15:00:00+00:00,317.45
5286,2013-10-17 15:30:00+00:00,138.28
5286,2013-10-17 16:00:00+00:00,92.15
5286,2013-10-17 16:30:00+00:00,54.89
5286,2013-10-17 17:00:00+00:00,6.83
5286,2013-10-17 17:30:00+00:00,0.01
5286,2013-10-17 18:00:00+00:00,0.0
5286,2013-10-17 18:30:00+00:00,0.0
5286,2013-10-17 19:00:00+00:00,0.0
5286,2013-10-17 19:30:00+00:00,0.0
5286,2013-10-17 20:00:00+00:00,0.0
5286,2013-10-17 20:30:00+00:00,0.0
5286,2013-10-17 21:00:00+00:00,0.0
5286,2013-10-17 21:30:00+00:00,0.0
5286,2013-10-17 22:00:00+00:00,0.0
5286,2013-10-17 22:30:00+00:00,0.0
5286,2013-10-17 23:00:00+00:00,0.0
5286,2013-10-17 23:30:00+00:00,0.0
5286,2013-10-18 00:00:00+00:00,0.0
5286,2013-10-18 00:30:00+00:00,0.0
5286,2013-10-18 01:00:00+00:00,0.0
5286,2013-10-18 01:30:00+00:00,0.0
5286,2013-10-18 02:00:00+00:00,0.0
5286,2013-10-18 02:30:00+00:00,0.0
5286,2013-10-18 03:00:00+00:00,0.0
5286,2013-10-18 03:30:00+00:00,0.0
5286,2013-10-18 04:00:00+00:00,0.0
5286,2013-10-18 04:30:00+00:00,0.0
5286,2013-10-18 05:00:00+00:00,0.0
5286,2013-10-18 05:30:00+00:00,0.0
5286,2013-10-18 06:00:00+00:00,0.0
5286,2013-10-18 06:30:00+00:00,0.0
5286,2013-10-18 07:00:00+00:00,2.42
5286,2013-10-18 07:30:00+00:00,20.42
5286,2013-10-18 08:00:00+00:00,30.86
5286,2013-10-18 08:30:00+00:00,39.53
5286,2013-10-18 09:00:00+00:00,62.45
5286,2013-10-18 09:30:00+00:00,107.62
5286,2013-10-18 10:00:00+00:00,251.31
5286,2013-10-18 10:30:00+00:00,321.14
5286,2013-10-18 11:00:00+00:00,108.81
5286,2013-10-18 11:30:00+00:00,164.93
5286,2013-10-18 12:00:00+00:00,168.68
5286,2013-10-18 12:30:00+00:00,151.13
5286,2013-10-18 13:00:00+00:00,277.94
5286,2013-10-18 13:30:00+00:00,197.15
5286,2013-10-18 14:00:00+00:00,153.42
5286,2013-10-18 14:30:00+00:00,285.61
5286,2013-10-18 15:00:00+00:00,115.44
5286,2013-10-18 15:30:00+00:00,78.6
5286,2013-10-18 16:00:00+00:00,57.8
5286,2013-10-18 16:30:00+00:00,17.77
5286,2013-10-18 17:00:00+00:00,0.01
5286,2013-10-18 17:30:00+00:00,0.01
5286,2013-10-18 18:00:00+00:00,0.0
5286,2013-10-18 18:30:00+00:00,0.0
5286,2013-10-18 19:00:00+00:00,0.0
5286,2013-10-18 19:30:00+00:00,0.0
5286,2013-10-18 20:00:00+00:00,0.0
5286,2013-10-18 20:30:00+00:00,0.0
5286,2013-10-18 21:00:00+00:00,0.0
5286,2013-10-18 21:30:00+00:00,0.0
5286,2013-10-18 22:00:00+00:00,0.0
5286,2013-10-18 22:30:00+00:00,0.0
5286,2013-10-18 23:00:00+00:00,0.0
5286,2013-10-18 23:30:00+00:00,0.0
5286,2013-10-19 00:00:00+00:00,0.0
5286,2013-10-19 00:30:00+00:00,0.0
5286,2013-10-19 01:00:00+00:00,0.0
5286,2013-10-19 01:30:00+00:00,0.0
5286,2013-10-19 02:00:00+00:00,0.0
5286,2013-10-19 02:30:00+00:00,0.0
5286,2013-10-19 03:00:00+00:00,0.0
5286,2013-10-19 03:30:00+00:00,0.0
5286,2013-10-19 04:00:00+00:00,0.0
5286,2013-10-19 04:30:00+00:00,0.0
5286,2013-10-19 05:00:00+00:00,0.0
5286,2013-10-19 05:30:00+00:00,0.0
5286,2013-10-19 06:00:00+00:00,0.0
5286,2013-10-19 06:30:00+00:00,0.0
5286,2013-10-19 07:00:00+00:00,2.28
5286,2013-10-19 07:30:00+00:00,15.13
5286,2013-10-19 08:00:00+00:00,28.41
5286,2013-10-19 08:30:00+00:00,33.23
5286,2013-10-19 09:00:00+00:00,41.48
5286,2013-10-19 09:30:00+00:00,44.71
5286,2013-10-19 10:00:00+00:00,59.93
5286,2013-10-19 10:30:00+00:00,44.11
5286,2013-10-19 11:00:00+00:00,26.62
5286,2013-10-19 11:30:00+00:00,30.9
5286,2013-10-19 12:00:00+00:00,81.23
5286,2013-10-19 12:30:00+00:00,77.33
5286,2013-10-19 13:00:00+00:00,58.96
5286,2013-10-19 13:30:00+00:00,41.92
5286,2013-10-19 14:00:00+00:00,54.15
5286,2013-10-19 14:30:00+00:00,59.82
5286,2013-10-19 15:00:00+00:00,141.21
5286,2013-10-19 15:30:00+00:00,185.12
5286,2013-10-19 16:00:00+00:00,22.15
5286,2013-10-19 16:30:00+00:00,16.35
5286,2013-10-19 17:00:00+00:00,0.47
5286,2013-10-19 17:30:00+00:00,0.01
5286,2013-10-19 18:00:00+00:00,0.0
5286,2013-10-19 18:30:00+00:00,0.0
5286,2013-10-19 19:00:00+00:00,0.0
5286,2013-10-19 19:30:00+00:00,0.0
5286,2013-10-19 20:00:00+00:00,0.0
5286,2013-10-19 20:30:00+00:00,0.0
5286,2013-10-19 21:00:00+00:00,0.0
5286,2013-10-19 21:30:00+00:00,0.0
5286,2013-10-19 22:00:00+00:00,0.0
5286,2013-10-19 22:30:00+00:00,0.0
5286,2013-10-19 23:00:00+00:00,0.0
5286,2013-10-19 23:30:00+00:00,0.0
5286,2013-10-20 00:00:00+00:00,0.0
5286,2013-10-20 00:30:00+00:00,0.0
5286,2013-10-20 01:00:00+00:00,0.0
5286,2013-10-20 01:30:00+00:00,0.0
5286,2013-10-20 02:00:00+00:00,0.0
5286,2013-10-20 02:30:00+00:00,0.0
5286,2013-10-20 03:00:00+00:00,0.0
5286,2013-10-20 03:30:00+00:00,0.0
5286,2013-10-20 04:00:00+00:00,0.0
5286,2013-10-20 04:30:00+00:00,0.0
5286,2013-10-20 05:00:00+00:00,0.0
5286,2013-10-20 05:30:00+00:00,0.0
5286,2013-10-20 06:00:00+00:00,0.0
5286,2013-10-20 06:30:00+00:00,0.0
5286,2013-10-20 07:00:00+00:00,0.63
5286,2013-10-20 07:30:00+00:00,14.86
5286,2013-10-20 08:00:00+00:00,25.2
5286,2013-10-20 08:30:00+00:00,102.54
5286,2013-10-20 09:00:00+00:00,382.6
5286,2013-10-20 09:30:00+00:00,491.76
5286,2013-10-20 10:00:00+00:00,748.95
5286,2013-10-20 10:30:00+00:00,779.0
5286,2013-10-20 11:00:00+00:00,680.1
5286,2013-10-20 11:30:00+00:00,298.31
5286,2013-10-20 12:00:00+00:00,274.42
5286,2013-10-20 12:30:00+00:00,407.87
5286,2013-10-20 13:00:00+00:00,323.3
5286,2013-10-20 13:30:00+00:00,280.53
5286,2013-10-20 14:00:00+00:00,119.25
5286,2013-10-20 14:30:00+00:00,22.59
5286,2013-10-20 15:00:00+00:00,0.02
5286,2013-10-20 15:30:00+00:00,43.2
5286,2013-10-20 16:00:00+00:00,36.46
5286,2013-10-20 16:30:00+00:00,10.77
5286,2013-10-20 17:00:00+00:00,3.27
5286,2013-10-20 17:30:00+00:00,0.0
5286,2013-10-20 18:00:00+00:00,0.0
5286,2013-10-20 18:30:00+00:00,0.0
5286,2013-10-20 19:00:00+00:00,0.0
5286,2013-10-20 19:30:00+00:00,0.0
5286,2013-10-20 20:00:00+00:00,0.0
5286,2013-10-20 20:30:00+00:00,0.0
5286,2013-10-20 21:00:00+00:00,0.0
5286,2013-10-20 21:30:00+00:00,0.0
5286,2013-10-20 22:00:00+00:00,0.0
5286,2013-10-20 22:30:00+00:00,0.0
5286,2013-10-20 23:00:00+00:00,0.0
5286,2013-10-20 23:30:00+00:00,0.0
5286,2013-10-21 00:00:00+00:00,0.0
5286,2013-10-21 00:30:00+00:00,0.0
5286,2013-10-21 01:00:00+00:00,0.0
5286,2013-10-21 01:30:00+00:00,0.0
5286,2013-10-21 02:00:00+00:00,0.0
5286,2013-10-21 02:30:00+00:00,0.0
5286,2013-10-21 03:00:00+00:00,0.0
5286,2013-10-21 03:30:00+00:00,0.0
5286,2013-10-21 04:00:00+00:00,0.0
5286,2013-10-21 04:30:00+00:00,0.0
5286,2013-10-21 05:00:00+00:00,0.0
5286,2013-10-21 05:30:00+00:00,0.0
5286,2013-10-21 06:00:00+00:00,0.0
5286,2013-10-21 06:30:00+00:00,0.0
5286,2013-10-21 07:00:00+00:00,0.16
5286,2013-10-21 07:30:00+00:00,8.06
5286,2013-10-21 08:00:00+00:00,10.74
5286,2013-10-21 08:30:00+00:00,37.61
5286,2013-10-21 09:00:00+00:00,94.39
5286,2013-10-21 09:30:00+00:00,53.38
5286,2013-10-21 10:00:00+00:00,156.43
5286,2013-10-21 10:30:00+00:00,68.27
5286,2013-10-21 11:00:00+00:00,106.85
5286,2013-10-21 11:30:00+00:00,201.59
5286,2013-10-21 12:00:00+00:00,297.41
5286,2013-10-21 12:30:00+00:00,303.24
5286,2013-10-21 13:00:00+00:00,290.09
5286,2013-10-21 13:30:00+00:00,254.16
5286,2013-10-21 14:00:00+00:00,208.87
5286,2013-10-21 14:30:00+00:00,114.22
5286,2013-10-21 15:00:00+00:00,87.18
5286,2013-10-21 15:30:00+00:00,99.52
5286,2013-10-21 16:00:00+00:00,114.08
5286,2013-10-21 16:30:00+00:00,17.14
5286,2013-10-21 17:00:00+00:00,0.01
5286,2013-10-21 17:30:00+00:00,0.01
5286,2013-10-21 18:00:00+00:00,0.0
5286,2013-10-21 18:30:00+00:00,0.0
5286,2013-10-21 19:00:00+00:00,0.0
5286,2013-10-21 19:30:00+00:00,0.0
5286,2013-10-21 20:00:00+00:00,0.0
5286,2013-10-21 20:30:00+00:00,0.0
5286,2013-10-21 21:00:00+00:00,0.0
5286,2013-10-21 21:30:00+00:00,0.0
5286,2013-10-21 22:00:00+00:00,0.0
5286,2013-10-21 22:30:00+00:00,0.0
5286,2013-10-21 23:00:00+00:00,0.0
5286,2013-10-21 23:30:00+00:00,0.0
5286,2013-10-22 00:00:00+00:00,0.0
5286,2013-10-22 00:30:00+00:00,0.0
5286,2013-10-22 01:00:00+00:00,0.0
5286,2013-10-22 01:30:00+00:00,0.0
5286,2013-10-22 02:00:00+00:00,0.0
5286,2013-10-22 02:30:00+00:00,0.0
5286,2013-10-22 03:00:00+00:00,0.0
5286,2013-10-22 03:30:00+00:00,0.0
5286,2013-10-22 04:00:00+00:00,0.0
5286,2013-10-22 04:30:00+00:00,0.0
5286,2013-10-22 05:00:00+00:00,0.0
5286,2013-10-22 05:30:00+00:00,0.0
5286,2013-10-22 06:00:00+00:00,0.0
5286,2013-10-22 06:30:00+00:00,0.0
5286,2013-10-22 07:00:00+00:00,0.0
5286,2013-10-22 07:30:00+00:00,6.14
5286,2013-10-22 08:00:00+00:00,18.01
5286,2013-10-22 08:30:00+00:00,204.54
5286,2013-10-22 09:00:00+00:00,97.12
5286,2013-10-22 09:30:00+00:00,25.49
5286,2013-10-22 10:00:00+00:00,63.56
5286,2013-10-22 10:30:00+00:00,59.23
5286,2013-10-22 11:00:00+00:00,65.47
5286,2013-10-22 11:30:00+00:00,84.39
5286,2013-10-22 12:00:00+00:00,4.67
5286,2013-10-22 12:30:00+00:00,5.94
5286,2013-10-22 13:00:00+00:00,101.19
5286,2013-10-22 13:30:00+00:00,147.52
5286,2013-10-22 14:00:00+00:00,125.91
5286,2013-10-22 14:30:00+00:00,132.3
5286,2013-10-22 15:00:00+00:00,56.43
5286,2013-10-22 15:30:00+00:00,96.35
5286,2013-10-22 16:00:00+00:00,118.17
5286,2013-10-22 16:30:00+00:00,41.63
5286,2013-10-22 17:00:00+00:00,0.41
5286,2013-10-22 17:30:00+00:00,0.01
5286,2013-10-22 18:00:00+00:00,0.0
5286,2013-10-22 18:30:00+00:00,0.0
5286,2013-10-22 19:00:00+00:00,0.0
5286,2013-10-22 19:30:00+00:00,0.0
5286,2013-10-22 20:00:00+00:00,0.0
5286,2013-10-22 20:30:00+00:00,0.0
5286,2013-10-22 21:00:00+00:00,0.0
5286,2013-10-22 21:30:00+00:00,0.0
5286,2013-10-22 22:00:00+00:00,0.0
5286,2013-10-22 22:30:00+00:00,0.0
5286,2013-10-22 23:00:00+00:00,0.0
5286,2013-10-22 23:30:00+00:00,0.0
5286,2013-10-23 00:00:00+00:00,0.0
5286,2013-10-23 00:30:00+00:00,0.0
5286,2013-10-23 01:00:00+00:00,0.0
5286,2013-10-23 01:30:00+00:00,0.0
5286,2013-10-23 02:00:00+00:00,0.0
5286,2013-10-23 02:30:00+00:00,0.0
5286,2013-10-23 03:00:00+00:00,0.0
5286,2013-10-23 03:30:00+00:00,0.0
5286,2013-10-23 04:00:00+00:00,0.0
5286,2013-10-23 04:30:00+00:00,0.0
5286,2013-10-23 05:00:00+00:00,0.0
5286,2013-10-23 05:30:00+00:00,0.0
5286,2013-10-23 06:00:00+00:00,0.0
5286,2013-10-23 06:30:00+00:00,0.0
5286,2013-10-23 07:00:00+00:00,0.12
5286,2013-10-23 07:30:00+00:00,32.04
5286,2013-10-23 08:00:00+00:00,115.49
5286,2013-10-23 08:30:00+00:00,237.1
5286,2013-10-23 09:00:00+00:00,69.88
5286,2013-10-23 09:30:00+00:00,314.36
5286,2013-10-23 10:00:00+00:00,499.23
5286,2013-10-23 10:30:00+00:00,152.15
5286,2013-10-23 11:00:00+00:00,197.89
5286,2013-10-23 11:30:00+00:00,288.8
5286,2013-10-23 12:00:00+00:00,545.65
5286,2013-10-23 12:30:00+00:00,557.5
5286,2013-10-23 13:00:00+00:00,672.4
5286,2013-10-23 13:30:00+00:00,610.35
5286,2013-10-23 14:00:00+00:00,508.8
5286,2013-10-23 14:30:00+00:00,246.19
5286,2013-10-23 15:00:00+00:00,431.64
5286,2013-10-23 15:30:00+00:00,258.44
5286,2013-10-23 16:00:00+00:00,130.76
5286,2013-10-23 16:30:00+00:00,19.87
5286,2013-10-23 17:00:00+00:00,0.01
5286,2013-10-23 17:30:00+00:00,0.0
5286,2013-10-23 18:00:00+00:00,0.0
5286,2013-10-23 18:30:00+00:00,0.0
5286,2013-10-23 19:00:00+00:00,0.0
5286,2013-10-23 19:30:00+00:00,0.0
5286,2013-10-23 20:00:00+00:00,0.0
5286,2013-10-23 20:30:00+00:00,0.0
5286,2013-10-23 21:00:00+00:00,0.0
5286,2013-10-23 21:30:00+00:00,0.0
5286,2013-10-23 22:00:00+00:00,0.0
5286,2013-10-23 22:30:00+00:00,0.0
5286,2013-10-23 23:00:00+00:00,0.0
5286,2013-10-23 23:30:00+00:00,0.0
5286,2013-10-24 00:00:00+00:00,0.0
5286,2013-10-24 00:30:00+00:00,0.0
5286,2013-10-24 01:00:00+00:00,0.0
5286,2013-10-24 01:30:00+00:00,0.0
5286,2013-10-24 02:00:00+00:00,0.0
5286,2013-10-24 02:30:00+00:00,0.0
5286,2013-10-24 03:00:00+00:00,0.0
5286,2013-10-24 03:30:00+00:00,0.0
5286,2013-10-24 04:00:00+00:00,0.0
5286,2013-10-24 04:30:00+00:00,0.0
5286,2013-10-24 05:00:00+00:00,0.0
5286,2013-10-24 05:30:00+00:00,0.0
5286,2013-10-24 06:00:00+00:00,0.0
5286,2013-10-24 06:30:00+00:00,0.0
5286,2013-10-24 07:00:00+00:00,2.88
5286,2013-10-24 07:30:00+00:00,95.62
5286,2013-10-24 08:00:00+00:00,369.23
5286,2013-10-24 08:30:00+00:00,511.35
5286,2013-10-24 09:00:00+00:00,623.6
5286,2013-10-24 09:30:00+00:00,681.55
5286,2013-10-24 10:00:00+00:00,779.1
5286,2013-10-24 10:30:00+00:00,834.0
5286,2013-10-24 11:00:00+00:00,857.45
5286,2013-10-24 11:30:00+00:00,850.2
5286,2013-10-24 12:00:00+00:00,807.75
5286,2013-10-24 12:30:00+00:00,686.8
5286,2013-10-24 13:00:00+00:00,806.3
5286,2013-10-24 13:30:00+00:00,452.43
5286,2013-10-24 14:00:00+00:00,648.05
5286,2013-10-24 14:30:00+00:00,450.23
5286,2013-10-24 15:00:00+00:00,312.3
5286,2013-10-24 15:30:00+00:00,67.17
5286,2013-10-24 16:00:00+00:00,28.25
5286,2013-10-24 16:30:00+00:00,4.6
5286,2013-10-24 17:00:00+00:00,0.01
5286,2013-10-24 17:30:00+00:00,0.0
5286,2013-10-24 18:00:00+00:00,0.0
5286,2013-10-24 18:30:00+00:00,0.0
5286,2013-10-24 19:00:00+00:00,0.0
5286,2013-10-24 19:30:00+00:00,0.0
5286,2013-10-24 20:00:00+00:00,0.0
5286,2013-10-24 20:30:00+00:00,0.0
5286,2013-10-24 21:00:00+00:00,0.0
5286,2013-10-24 21:30:00+00:00,0.0
5286,2013-10-24 22:00:00+00:00,0.0
5286,2013-10-24 22:30:00+00:00,0.0
5286,2013-10-24 23:00:00+00:00,0.0
5286,2013-10-24 23:30:00+00:00,0.0
5286,2013-10-25 00:00:00+00:00,0.0
5286,2013-10-25 00:30:00+00:00,0.0
5286,2013-10-25 01:00:00+00:00,0.0
5286,2013-10-25 01:30:00+00:00,0.0
5286,2013-10-25 02:00:00+00:00,0.0
5286,2013-10-25 02:30:00+00:00,0.0
5286,2013-10-25 03:00:00+00:00,0.0
5286,2013-10-25 03:30:00+00:00,0.0
5286,2013-10-25 04:00:00+00:00,0.0
5286,2013-10-25 04:30:00+00:00,0.0
5286,2013-10-25 05:00:00+00:00,0.0
5286,2013-10-25 05:30:00+00:00,0.0
5286,2013-10-25 06:00:00+00:00,0.0
5286,2013-10-25 06:30:00+00:00,0.0
5286,2013-10-25 07:00:00+00:00,0.0
5286,2013-10-25 07:30:00+00:00,0.0
5286,2013-10-25 08:00:00+00:00,5.41
5286,2013-10-25 08:30:00+00:00,47.58
5286,2013-10-25 09:00:00+00:00,28.91
5286,2013-10-25 09:30:00+00:00,42.32
5286,2013-10-25 10:00:00+00:00,578.9
5286,2013-10-25 10:30:00+00:00,601.3
5286,2013-10-25 11:00:00+00:00,489.32
5286,2013-10-25 11:30:00+00:00,486.77
5286,2013-10-25 12:00:00+00:00,520.6
5286,2013-10-25 12:30:00+00:00,621.4
5286,2013-10-25 13:00:00+00:00,253.8
5286,2013-10-25 13:30:00+00:00,222.65
5286,2013-10-25 14:00:00+00:00,159.58
5286,2013-10-25 14:30:00+00:00,107.31
5286,2013-10-25 15:00:00+00:00,95.0
5286,2013-10-25 15:30:00+00:00,101.53
5286,2013-10-25 16:00:00+00:00,81.05
5286,2013-10-25 16:30:00+00:00,28.02
5286,2013-10-25 17:00:00+00:00,0.31
5286,2013-10-25 17:30:00+00:00,0.01
5286,2013-10-25 18:00:00+00:00,0.0
5286,2013-10-25 18:30:00+00:00,0.0
5286,2013-10-25 19:00:00+00:00,0.0
5286,2013-10-25 19:30:00+00:00,0.0
5286,2013-10-25 20:00:00+00:00,0.0
5286,2013-10-25 20:30:00+00:00,0.0
5286,2013-10-25 21:00:00+00:00,0.0
5286,2013-10-25 21:30:00+00:00,0.0
5286,2013-10-25 22:00:00+00:00,0.0
5286,2013-10-25 22:30:00+00:00,0.0
5286,2013-10-25 23:00:00+00:00,0.0
5286,2013-10-25 23:30:00+00:00,0.0
5286,2013-10-26 00:00:00+00:00,0.0
5286,2013-10-26 00:30:00+00:00,0.0
5286,2013-10-26 01:00:00+00:00,0.0
5286,2013-10-26 01:30:00+00:00,0.0
5286,2013-10-26 02:00:00+00:00,0.0
5286,2013-10-26 02:30:00+00:00,0.0
5286,2013-10-26 03:00:00+00:00,0.0
5286,2013-10-26 03:30:00+00:00,0.0
5286,2013-10-26 04:00:00+00:00,0.0
5286,2013-10-26 04:30:00+00:00,0.0
5286,2013-10-26 05:00:00+00:00,0.0
5286,2013-10-26 05:30:00+00:00,0.0
5286,2013-10-26 06:00:00+00:00,0.0
5286,2013-10-26 06:30:00+00:00,0.0
5286,2013-10-26 07:00:00+00:00,0.0
5286,2013-10-26 07:30:00+00:00,7.1
5286,2013-10-26 08:00:00+00:00,18.44
5286,2013-10-26 08:30:00+00:00,48.13
5286,2013-10-26 09:00:00+00:00,26.31
5286,2013-10-26 09:30:00+00:00,30.92
5286,2013-10-26 10:00:00+00:00,260.86
5286,2013-10-26 10:30:00+00:00,316.44
5286,2013-10-26 11:00:00+00:00,151.51
5286,2013-10-26 11:30:00+00:00,293.35
5286,2013-10-26 12:00:00+00:00,452.74
5286,2013-10-26 12:30:00+00:00,474.14
5286,2013-10-26 13:00:00+00:00,194.49
5286,2013-10-26 13:30:00+00:00,232.61
5286,2013-10-26 14:00:00+00:00,192.66
5286,2013-10-26 14:30:00+00:00,88.35
5286,2013-10-26 15:00:00+00:00,43.98
5286,2013-10-26 15:30:00+00:00,8.47
5286,2013-10-26 16:00:00+00:00,21.71
5286,2013-10-26 16:30:00+00:00,0.01
5286,2013-10-26 17:00:00+00:00,0.01
5286,2013-10-26 17:30:00+00:00,0.0
5286,2013-10-26 18:00:00+00:00,0.0
5286,2013-10-26 18:30:00+00:00,0.0
5286,2013-10-26 19:00:00+00:00,0.0
5286,2013-10-26 19:30:00+00:00,0.0
5286,2013-10-26 20:00:00+00:00,0.0
5286,2013-10-26 20:30:00+00:00,0.0
5286,2013-10-26 21:00:00+00:00,0.0
5286,2013-10-26 21:30:00+00:00,0.0
5286,2013-10-26 22:00:00+00:00,0.0
5286,2013-10-26 22:30:00+00:00,0.0
5286,2013-10-26 23:00:00+00:00,0.0
5286,2013-10-26 23:30:00+00:00,0.0
5286,2013-10-27 00:00:00+00:00,0.0
5286,2013-10-27 00:30:00+00:00,0.0
5286,2013-10-27 01:00:00+00:00,0.0
5286,2013-10-27 01:30:00+00:00,0.0
5286,2013-10-27 02:00:00+00:00,0.0
5286,2013-10-27 02:30:00+00:00,0.0
5286,2013-10-27 03:00:00+00:00,0.0
5286,2013-10-27 03:30:00+00:00,0.0
5286,2013-10-27 04:00:00+00:00,0.0
5286,2013-10-27 04:30:00+00:00,0.0
5286,2013-10-27 05:00:00+00:00,0.0
5286,2013-10-27 05:30:00+00:00,0.0
5286,2013-10-27 06:00:00+00:00,0.0
5286,2013-10-27 06:30:00+00:00,0.0
5286,2013-10-27 07:00:00+00:00,0.0
5286,2013-10-27 07:30:00+00:00,11.97
5286,2013-10-27 08:00:00+00:00,272.26
5286,2013-10-27 08:30:00+00:00,477.78
5286,2013-10-27 09:00:00+00:00,620.4
5286,2013-10-27 09:30:00+00:00,720.4
5286,2013-10-27 10:00:00+00:00,734.25
5286,2013-10-27 10:30:00+00:00,838.95
5286,2013-10-27 11:00:00+00:00,826.1
5286,2013-10-27 11:30:00+00:00,674.85
5286,2013-10-27 12:00:00+00:00,550.45
5286,2013-10-27 12:30:00+00:00,565.45
5286,2013-10-27 13:00:00+00:00,329.21
5286,2013-10-27 13:30:00+00:00,297.05
5286,2013-10-27 14:00:00+00:00,310.44
5286,2013-10-27 14:30:00+00:00,305.92
5286,2013-10-27 15:00:00+00:00,127.96
5286,2013-10-27 15:30:00+00:00,65.85
5286,2013-10-27 16:00:00+00:00,17.67
5286,2013-10-27 16:30:00+00:00,1.08
5286,2013-10-27 17:00:00+00:00,0.01
5286,2013-10-27 17:30:00+00:00,0.0
5286,2013-10-27 18:00:00+00:00,0.0
5286,2013-10-27 18:30:00+00:00,0.0
5286,2013-10-27 19:00:00+00:00,0.0
5286,2013-10-27 19:30:00+00:00,0.0
5286,2013-10-27 20:00:00+00:00,0.0
5286,2013-10-27 20:30:00+00:00,0.0
5286,2013-10-27 21:00:00+00:00,0.0
5286,2013-10-27 21:30:00+00:00,0.0
5286,2013-10-27 22:00:00+00:00,0.0
5286,2013-10-27 22:30:00+00:00,0.0
5286,2013-10-27 23:00:00+00:00,0.0
5286,2013-10-27 23:30:00+00:00,0.0
5286,2013-10-28 00:00:00+00:00,0.0
5286,2013-10-28 00:30:00+00:00,0.0
5286,2013-10-28 01:00:00+00:00,0.0
5286,2013-10-28 01:30:00+00:00,0.0
5286,2013-10-28 02:00:00+00:00,0.0
5286,2013-10-28 02:30:00+00:00,0.0
5286,2013-10-28 03:00:00+00:00,0.0
5286,2013-10-28 03:30:00+00:00,0.0
5286,2013-10-28 04:00:00+00:00,0.0
5286,2013-10-28 04:30:00+00:00,0.0
5286,2013-10-28 05:00:00+00:00,0.0
5286,2013-10-28 05:30:00+00:00,0.0
5286,2013-10-28 06:00:00+00:00,0.0
5286,2013-10-28 06:30:00+00:00,0.0
5286,2013-10-28 07:00:00+00:00,0.64
5286,2013-10-28 07:30:00+00:00,3.89
5286,2013-10-28 08:00:00+00:00,6.92
5286,2013-10-28 08:30:00+00:00,74.98
5286,2013-10-28 09:00:00+00:00,90.04
5286,2013-10-28 09:30:00+00:00,584.5
5286,2013-10-28 10:00:00+00:00,756.1
5286,2013-10-28 10:30:00+00:00,346.61
5286,2013-10-28 11:00:00+00:00,304.54
5286,2013-10-28 11:30:00+00:00,332.32
5286,2013-10-28 12:00:00+00:00,513.65
5286,2013-10-28 12:30:00+00:00,364.68
5286,2013-10-28 13:00:00+00:00,339.77
5286,2013-10-28 13:30:00+00:00,669.8
5286,2013-10-28 14:00:00+00:00,263.26
5286,2013-10-28 14:30:00+00:00,134.53
5286,2013-10-28 15:00:00+00:00,151.27
5286,2013-10-28 15:30:00+00:00,26.83
5286,2013-10-28 16:00:00+00:00,124.94
5286,2013-10-28 16:30:00+00:00,11.61
5286,2013-10-28 17:00:00+00:00,0.01
5286,2013-10-28 17:30:00+00:00,0.0
5286,2013-10-28 18:00:00+00:00,0.0
5286,2013-10-28 18:30:00+00:00,0.0
5286,2013-10-28 19:00:00+00:00,0.0
5286,2013-10-28 19:30:00+00:00,0.0
5286,2013-10-28 20:00:00+00:00,0.0
5286,2013-10-28 20:30:00+00:00,0.0
5286,2013-10-28 21:00:00+00:00,0.0
5286,2013-10-28 21:30:00+00:00,0.0
5286,2013-10-28 22:00:00+00:00,0.0
5286,2013-10-28 22:30:00+00:00,0.0
5286,2013-10-28 23:00:00+00:00,0.0
5286,2013-10-28 23:30:00+00:00,0.0
5286,2013-10-29 00:00:00+00:00,0.0
5286,2013-10-29 00:30:00+00:00,0.0
5286,2013-10-29 01:00:00+00:00,0.0
5286,2013-10-29 01:30:00+00:00,0.0
5286,2013-10-29 02:00:00+00:00,0.0
5286,2013-10-29 02:30:00+00:00,0.0
5286,2013-10-29 03:00:00+00:00,0.0
5286,2013-10-29 03:30:00+00:00,0.0
5286,2013-10-29 04:00:00+00:00,0.0
5286,2013-10-29 04:30:00+00:00,0.0
5286,2013-10-29 05:00:00+00:00,0.0
5286,2013-10-29 05:30:00+00:00,0.0
5286,2013-10-29 06:00:00+00:00,0.0
5286,2013-10-29 06:30:00+00:00,0.0
5286,2013-10-29 07:00:00+00:00,0.0
5286,2013-10-29 07:30:00+00:00,50.29
5286,2013-10-29 08:00:00+00:00,326.34
5286,2013-10-29 08:30:00+00:00,526.5
5286,2013-10-29 09:00:00+00:00,657.75
5286,2013-10-29 09:30:00+00:00,757.5
5286,2013-10-29 10:00:00+00:00,821.2
5286,2013-10-29 10:30:00+00:00,882.35
5286,2013-10-29 11:00:00+00:00,952.05
5286,2013-10-29 11:30:00+00:00,479.24
5286,2013-10-29 12:00:00+00:00,344.69
5286,2013-10-29 12:30:00+00:00,223.57
5286,2013-10-29 13:00:00+00:00,399.82
5286,2013-10-29 13:30:00+00:00,268.18
5286,2013-10-29 14:00:00+00:00,642.3
5286,2013-10-29 14:30:00+00:00,503.15
5286,2013-10-29 15:00:00+00:00,272.7
5286,2013-10-29 15:30:00+00:00,246.45
5286,2013-10-29 16:00:00+00:00,96.6
5286,2013-10-29 16:30:00+00:00,5.26
5286,2013-10-29 17:00:00+00:00,0.01
5286,2013-10-29 17:30:00+00:00,0.0
5286,2013-10-29 18:00:00+00:00,0.0
5286,2013-10-29 18:30:00+00:00,0.0
5286,2013-10-29 19:00:00+00:00,0.0
5286,2013-10-29 19:30:00+00:00,0.0
5286,2013-10-29 20:00:00+00:00,0.0
5286,2013-10-29 20:30:00+00:00,0.0
5286,2013-10-29 21:00:00+00:00,0.0
5286,2013-10-29 21:30:00+00:00,0.0
5286,2013-10-29 22:00:00+00:00,0.0
5286,2013-10-29 22:30:00+00:00,0.0
5286,2013-10-29 23:00:00+00:00,0.0
5286,2013-10-29 23:30:00+00:00,0.0
5286,2013-10-30 00:00:00+00:00,0.0
5286,2013-10-30 00:30:00+00:00,0.0
5286,2013-10-30 01:00:00+00:00,0.0
5286,2013-10-30 01:30:00+00:00,0.0
5286,2013-10-30 02:00:00+00:00,0.0
5286,2013-10-30 02:30:00+00:00,0.0
5286,2013-10-30 03:00:00+00:00,0.0
5286,2013-10-30 03:30:00+00:00,0.0
5286,2013-10-30 04:00:00+00:00,0.0
5286,2013-10-30 04:30:00+00:00,0.0
5286,2013-10-30 05:00:00+00:00,0.0
5286,2013-10-30 05:30:00+00:00,0.0
5286,2013-10-30 06:00:00+00:00,0.0
5286,2013-10-30 06:30:00+00:00,0.0
5286,2013-10-30 07:00:00+00:00,0.08
5286,2013-10-30 07:30:00+00:00,48.6
5286,2013-10-30 08:00:00+00:00,314.62
5286,2013-10-30 08:30:00+00:00,522.3
5286,2013-10-30 09:00:00+00:00,652.8
5286,2013-10-30 09:30:00+00:00,744.45
5286,2013-10-30 10:00:00+00:00,806.5
5286,2013-10-30 10:30:00+00:00,842.15
5286,2013-10-30 11:00:00+00:00,851.9
5286,2013-10-30 11:30:00+00:00,863.55
5286,2013-10-30 12:00:00+00:00,849.95
5286,2013-10-30 12:30:00+00:00,816.65
5286,2013-10-30 13:00:00+00:00,744.85
5286,2013-10-30 13:30:00+00:00,563.95
5286,2013-10-30 14:00:00+00:00,138.9
5286,2013-10-30 14:30:00+00:00,403.65
5286,2013-10-30 15:00:00+00:00,102.44
5286,2013-10-30 15:30:00+00:00,228.59
5286,2013-10-30 16:00:00+00:00,79.67
5286,2013-10-30 16:30:00+00:00,1.9
5286,2013-10-30 17:00:00+00:00,0.01
5286,2013-10-30 17:30:00+00:00,0.01
5286,2013-10-30 18:00:00+00:00,0.0
5286,2013-10-30 18:30:00+00:00,0.0
5286,2013-10-30 19:00:00+00:00,0.0
5286,2013-10-30 19:30:00+00:00,0.0
5286,2013-10-30 20:00:00+00:00,0.0
5286,2013-10-30 20:30:00+00:00,0.0
5286,2013-10-30 21:00:00+00:00,0.0
5286,2013-10-30 21:30:00+00:00,0.0
5286,2013-10-30 22:00:00+00:00,0.0
5286,2013-10-30 22:30:00+00:00,0.0
5286,2013-10-30 23:00:00+00:00,0.0
5286,2013-10-30 23:30:00+00:00,0.0
5286,2013-10-31 00:00:00+00:00,0.0
5286,2013-10-31 00:30:00+00:00,0.0
5286,2013-10-31 01:00:00+00:00,0.0
5286,2013-10-31 01:30:00+00:00,0.0
5286,2013-10-31 02:00:00+00:00,0.0
5286,2013-10-31 02:30:00+00:00,0.0
5286,2013-10-31 03:00:00+00:00,0.0
5286,2013-10-31 03:30:00+00:00,0.0
5286,2013-10-31 04:00:00+00:00,0.0
5286,2013-10-31 04:30:00+00:00,0.0
5286,2013-10-31 05:00:00+00:00,0.0
5286,2013-10-31 05:30:00+00:00,0.0
5286,2013-10-31 06:00:00+00:00,0.0
5286,2013-10-31 06:30:00+00:00,0.0
5286,2013-10-31 07:00:00+00:00,0.0
5286,2013-10-31 07:30:00+00:00,0.01
5286,2013-10-31 08:00:00+00:00,0.1
5286,2013-10-31 08:30:00+00:00,12.96
5286,2013-10-31 09:00:00+00:00,40.9
5286,2013-10-31 09:30:00+00:00,39.24
5286,2013-10-31 10:00:00+00:00,34.87
5286,2013-10-31 10:30:00+00:00,45.32
5286,2013-10-31 11:00:00+00:00,55.33
5286,2013-10-31 11:30:00+00:00,53.75
5286,2013-10-31 12:00:00+00:00,94.06
5286,2013-10-31 12:30:00+00:00,120.35
5286,2013-10-31 13:00:00+00:00,136.18
5286,2013-10-31 13:30:00+00:00,103.63
5286,2013-10-31 14:00:00+00:00,61.52
5286,2013-10-31 14:30:00+00:00,47.89
5286,2013-10-31 15:00:00+00:00,34.1
5286,2013-10-31 15:30:00+00:00,17.38
5286,2013-10-31 16:00:00+00:00,3.02
5286,2013-10-31 16:30:00+00:00,0.0
5286,2013-10-31 17:00:00+00:00,0.01
5286,2013-10-31 17:30:00+00:00,0.0
5286,2013-10-31 18:00:00+00:00,0.0
5286,2013-10-31 18:30:00+00:00,0.0
5286,2013-10-31 19:00:00+00:00,0.0
5286,2013-10-31 19:30:00+00:00,0.0
5286,2013-10-31 20:00:00+00:00,0.0
5286,2013-10-31 20:30:00+00:00,0.0
5286,2013-10-31 21:00:00+00:00,0.0
5286,2013-10-31 21:30:00+00:00,0.0
5286,2013-10-31 22:00:00+00:00,0.0
5286,2013-10-31 22:30:00+00:00,0.0
5286,2013-10-31 23:00:00+00:00,0.0
5286,2013-10-31 23:30:00+00:00,0.0
5286,2013-11-01 00:30:00+00:00,0.0
5286,2013-11-01 01:00:00+00:00,0.0
5286,2013-11-01 01:30:00+00:00,0.0
5286,2013-11-01 02:00:00+00:00,0.0
5286,2013-11-01 02:30:00+00:00,0.0
5286,2013-11-01 03:00:00+00:00,0.0
5286,2013-11-01 03:30:00+00:00,0.0
5286,2013-11-01 04:00:00+00:00,0.0
5286,2013-11-01 04:30:00+00:00,0.0
5286,2013-11-01 05:00:00+00:00,0.0
5286,2013-11-01 05:30:00+00:00,0.0
5286,2013-11-01 06:00:00+00:00,0.0
5286,2013-11-01 06:30:00+00:00,0.0
5286,2013-11-01 07:00:00+00:00,0.0
5286,2013-11-01 07:30:00+00:00,1.03
5286,2013-11-01 08:00:00+00:00,10.11
5286,2013-11-01 08:30:00+00:00,37.88
5286,2013-11-01 09:00:00+00:00,69.43
5286,2013-11-01 09:30:00+00:00,77.11
5286,2013-11-01 10:00:00+00:00,104.43
5286,2013-11-01 10:30:00+00:00,118.88
5286,2013-11-01 11:00:00+00:00,164.3
5286,2013-11-01 11:30:00+00:00,223.12
5286,2013-11-01 12:00:00+00:00,186.96
5286,2013-11-01 12:30:00+00:00,149.45
5286,2013-11-01 13:00:00+00:00,108.48
5286,2013-11-01 13:30:00+00:00,59.84
5286,2013-11-01 14:00:00+00:00,42.99
5286,2013-11-01 14:30:00+00:00,42.77
5286,2013-11-01 15:00:00+00:00,112.87
5286,2013-11-01 15:30:00+00:00,49.13
5286,2013-11-01 16:00:00+00:00,6.67
5286,2013-11-01 16:30:00+00:00,0.01
5286,2013-11-01 17:00:00+00:00,0.01
5286,2013-11-01 17:30:00+00:00,0.0
5286,2013-11-01 18:00:00+00:00,0.0
5286,2013-11-01 18:30:00+00:00,0.0
5286,2013-11-01 19:00:00+00:00,0.0
5286,2013-11-01 19:30:00+00:00,0.0
5286,2013-11-01 20:00:00+00:00,0.0
5286,2013-11-01 20:30:00+00:00,0.0
5286,2013-11-01 21:00:00+00:00,0.0
5286,2013-11-01 21:30:00+00:00,0.0
5286,2013-11-01 22:00:00+00:00,0.0
5286,2013-11-01 22:30:00+00:00,0.0
5286,2013-11-01 23:00:00+00:00,0.0
5286,2013-11-01 23:30:00+00:00,0.0
5286,2013-11-02 00:00:00+00:00,0.0
5286,2013-11-02 00:30:00+00:00,0.0
5286,2013-11-02 01:00:00+00:00,0.0
5286,2013-11-02 01:30:00+00:00,0.0
5286,2013-11-02 02:00:00+00:00,0.0
5286,2013-11-02 02:30:00+00:00,0.0
5286,2013-11-02 03:00:00+00:00,0.0
5286,2013-11-02 03:30:00+00:00,0.0
5286,2013-11-02 04:00:00+00:00,0.0
5286,2013-11-02 04:30:00+00:00,0.0
5286,2013-11-02 05:00:00+00:00,0.0
5286,2013-11-02 05:30:00+00:00,0.0
5286,2013-11-02 06:00:00+00:00,0.0
5286,2013-11-02 06:30:00+00:00,0.0
5286,2013-11-02 07:00:00+00:00,0.0
5286,2013-11-02 07:30:00+00:00,0.02
5286,2013-11-02 08:00:00+00:00,19.16
5286,2013-11-02 08:30:00+00:00,241.77
5286,2013-11-02 09:00:00+00:00,129.75
5286,2013-11-02 09:30:00+00:00,71.48
5286,2013-11-02 10:00:00+00:00,314.73
5286,2013-11-02 10:30:00+00:00,572.25
5286,2013-11-02 11:00:00+00:00,300.67
5286,2013-11-02 11:30:00+00:00,364.27
5286,2013-11-02 12:00:00+00:00,711.5
5286,2013-11-02 12:30:00+00:00,606.25
5286,2013-11-02 13:00:00+00:00,531.6
5286,2013-11-02 13:30:00+00:00,227.8
5286,2013-11-02 14:00:00+00:00,256.09
5286,2013-11-02 14:30:00+00:00,52.99
5286,2013-11-02 15:00:00+00:00,16.87
5286,2013-11-02 15:30:00+00:00,130.06
5286,2013-11-02 16:00:00+00:00,65.06
5286,2013-11-02 16:30:00+00:00,2.73
5286,2013-11-02 17:00:00+00:00,0.01
5286,2013-11-02 17:30:00+00:00,0.0
5286,2013-11-02 18:00:00+00:00,0.0
5286,2013-11-02 18:30:00+00:00,0.0
5286,2013-11-02 19:00:00+00:00,0.0
5286,2013-11-02 19:30:00+00:00,0.0
5286,2013-11-02 20:00:00+00:00,0.0
5286,2013-11-02 20:30:00+00:00,0.0
5286,2013-11-02 21:00:00+00:00,0.0
5286,2013-11-02 21:30:00+00:00,0.0
5286,2013-11-02 22:00:00+00:00,0.0
5286,2013-11-02 22:30:00+00:00,0.0
5286,2013-11-02 23:00:00+00:00,0.0
5286,2013-11-02 23:30:00+00:00,0.0
5286,2013-11-03 00:00:00+00:00,0.0
5286,2013-11-03 00:30:00+00:00,0.0
5286,2013-11-03 01:00:00+00:00,0.0
5286,2013-11-03 01:30:00+00:00,0.0
5286,2013-11-03 02:00:00+00:00,0.0
5286,2013-11-03 02:30:00+00:00,0.0
5286,2013-11-03 03:00:00+00:00,0.0
5286,2013-11-03 03:30:00+00:00,0.0
5286,2013-11-03 04:00:00+00:00,0.0
5286,2013-11-03 04:30:00+00:00,0.0
5286,2013-11-03 05:00:00+00:00,0.0
5286,2013-11-03 05:30:00+00:00,0.0
5286,2013-11-03 06:00:00+00:00,0.0
5286,2013-11-03 06:30:00+00:00,0.0
5286,2013-11-03 07:00:00+00:00,0.0
5286,2013-11-03 07:30:00+00:00,18.69
5286,2013-11-03 08:00:00+00:00,140.41
5286,2013-11-03 08:30:00+00:00,102.34
5286,2013-11-03 09:00:00+00:00,606.75
5286,2013-11-03 09:30:00+00:00,749.25
5286,2013-11-03 10:00:00+00:00,787.15
5286,2013-11-03 10:30:00+00:00,588.3
5286,2013-11-03 11:00:00+00:00,679.0
5286,2013-11-03 11:30:00+00:00,822.5
5286,2013-11-03 12:00:00+00:00,723.0
5286,2013-11-03 12:30:00+00:00,453.71
5286,2013-11-03 13:00:00+00:00,409.78
5286,2013-11-03 13:30:00+00:00,464.83
5286,2013-11-03 14:00:00+00:00,168.22
5286,2013-11-03 14:30:00+00:00,364.39
5286,2013-11-03 15:00:00+00:00,336.31
5286,2013-11-03 15:30:00+00:00,176.94
5286,2013-11-03 16:00:00+00:00,3.66
5286,2013-11-03 16:30:00+00:00,0.01
5286,2013-11-03 17:00:00+00:00,0.01
5286,2013-11-03 17:30:00+00:00,0.0
5286,2013-11-03 18:00:00+00:00,0.0
5286,2013-11-03 18:30:00+00:00,0.0
5286,2013-11-03 19:00:00+00:00,0.0
5286,2013-11-03 19:30:00+00:00,0.0
5286,2013-11-03 20:00:00+00:00,0.0
5286,2013-11-03 20:30:00+00:00,0.0
5286,2013-11-03 21:00:00+00:00,0.0
5286,2013-11-03 21:30:00+00:00,0.0
5286,2013-11-03 22:00:00+00:00,0.0
5286,2013-11-03 22:30:00+00:00,0.0
5286,2013-11-03 23:00:00+00:00,0.0
5286,2013-11-03 23:30:00+00:00,0.0
5286,2013-11-04 00:00:00+00:00,0.0
5286,2013-11-04 00:30:00+00:00,0.0
5286,2013-11-04 01:00:00+00:00,0.0
5286,2013-11-04 01:30:00+00:00,0.0
5286,2013-11-04 02:00:00+00:00,0.0
5286,2013-11-04 02:30:00+00:00,0.0
5286,2013-11-04 03:00:00+00:00,0.0
5286,2013-11-04 03:30:00+00:00,0.0
5286,2013-11-04 04:00:00+00:00,0.0
5286,2013-11-04 04:30:00+00:00,0.0
5286,2013-11-04 05:00:00+00:00,0.0
5286,2013-11-04 05:30:00+00:00,0.0
5286,2013-11-04 06:00:00+00:00,0.0
5286,2013-11-04 06:30:00+00:00,0.0
5286,2013-11-04 07:00:00+00:00,0.0
5286,2013-11-04 07:30:00+00:00,0.01
5286,2013-11-04 08:00:00+00:00,5.12
5286,2013-11-04 08:30:00+00:00,41.04
5286,2013-11-04 09:00:00+00:00,112.55
5286,2013-11-04 09:30:00+00:00,669.35
5286,2013-11-04 10:00:00+00:00,838.95
5286,2013-11-04 10:30:00+00:00,885.65
5286,2013-11-04 11:00:00+00:00,892.1
5286,2013-11-04 11:30:00+00:00,903.1
5286,2013-11-04 12:00:00+00:00,889.85
5286,2013-11-04 12:30:00+00:00,847.05
5286,2013-11-04 13:00:00+00:00,763.7
5286,2013-11-04 13:30:00+00:00,675.35
5286,2013-11-04 14:00:00+00:00,598.75
5286,2013-11-04 14:30:00+00:00,509.45
5286,2013-11-04 15:00:00+00:00,363.93
5286,2013-11-04 15:30:00+00:00,204.43
5286,2013-11-04 16:00:00+00:00,36.79
5286,2013-11-04 16:30:00+00:00,2.84
5286,2013-11-04 17:00:00+00:00,0.01
5286,2013-11-04 17:30:00+00:00,0.0
5286,2013-11-04 18:00:00+00:00,0.0
5286,2013-11-04 18:30:00+00:00,0.0
5286,2013-11-04 19:00:00+00:00,0.0
5286,2013-11-04 19:30:00+00:00,0.0
5286,2013-11-04 20:00:00+00:00,0.0
5286,2013-11-04 20:30:00+00:00,0.0
5286,2013-11-04 21:00:00+00:00,0.0
5286,2013-11-04 21:30:00+00:00,0.0
5286,2013-11-04 22:00:00+00:00,0.0
5286,2013-11-04 22:30:00+00:00,0.0
5286,2013-11-04 23:00:00+00:00,0.0
5286,2013-11-04 23:30:00+00:00,0.0
5286,2013-11-05 00:00:00+00:00,0.0
5286,2013-11-05 00:30:00+00:00,0.0
5286,2013-11-05 01:00:00+00:00,0.0
5286,2013-11-05 01:30:00+00:00,0.0
5286,2013-11-05 02:00:00+00:00,0.0
5286,2013-11-05 02:30:00+00:00,0.0
5286,2013-11-05 03:00:00+00:00,0.0
5286,2013-11-05 03:30:00+00:00,0.0
5286,2013-11-05 04:00:00+00:00,0.0
5286,2013-11-05 04:30:00+00:00,0.0
5286,2013-11-05 05:00:00+00:00,0.0
5286,2013-11-05 05:30:00+00:00,0.0
5286,2013-11-05 06:00:00+00:00,0.0
5286,2013-11-05 06:30:00+00:00,0.0
5286,2013-11-05 07:00:00+00:00,0.0
5286,2013-11-05 07:30:00+00:00,0.0
5286,2013-11-05 08:00:00+00:00,5.53
5286,2013-11-05 08:30:00+00:00,27.85
5286,2013-11-05 09:00:00+00:00,23.61
5286,2013-11-05 09:30:00+00:00,42.29
5286,2013-11-05 10:00:00+00:00,31.26
5286,2013-11-05 10:30:00+00:00,23.12
5286,2013-11-05 11:00:00+00:00,45.39
5286,2013-11-05 11:30:00+00:00,64.12
5286,2013-11-05 12:00:00+00:00,51.09
5286,2013-11-05 12:30:00+00:00,224.41
5286,2013-11-05 13:00:00+00:00,326.39
5286,2013-11-05 13:30:00+00:00,323.09
5286,2013-11-05 14:00:00+00:00,287.72
5286,2013-11-05 14:30:00+00:00,198.32
5286,2013-11-05 15:00:00+00:00,47.64
5286,2013-11-05 15:30:00+00:00,12.08
5286,2013-11-05 16:00:00+00:00,5.6
5286,2013-11-05 16:30:00+00:00,0.02
5286,2013-11-05 17:00:00+00:00,0.0
5286,2013-11-05 17:30:00+00:00,0.0
5286,2013-11-05 18:00:00+00:00,0.0
5286,2013-11-05 18:30:00+00:00,0.0
5286,2013-11-05 19:00:00+00:00,0.0
5286,2013-11-05 19:30:00+00:00,0.0
5286,2013-11-05 20:00:00+00:00,0.0
5286,2013-11-05 20:30:00+00:00,0.0
5286,2013-11-05 21:00:00+00:00,0.0
5286,2013-11-05 21:30:00+00:00,0.0
5286,2013-11-05 22:00:00+00:00,0.0
5286,2013-11-05 22:30:00+00:00,0.0
5286,2013-11-05 23:00:00+00:00,0.0
5286,2013-11-05 23:30:00+00:00,0.0
5286,2013-11-06 00:00:00+00:00,0.0
5286,2013-11-06 00:30:00+00:00,0.0
5286,2013-11-06 01:00:00+00:00,0.0
5286,2013-11-06 01:30:00+00:00,0.0
5286,2013-11-06 02:00:00+00:00,0.0
5286,2013-11-06 02:30:00+00:00,0.0
5286,2013-11-06 03:00:00+00:00,0.0
5286,2013-11-06 03:30:00+00:00,0.0
5286,2013-11-06 04:00:00+00:00,0.0
5286,2013-11-06 04:30:00+00:00,0.0
5286,2013-11-06 05:00:00+00:00,0.0
5286,2013-11-06 05:30:00+00:00,0.0
5286,2013-11-06 06:00:00+00:00,0.0
5286,2013-11-06 06:30:00+00:00,0.0
5286,2013-11-06 07:00:00+00:00,0.0
5286,2013-11-06 07:30:00+00:00,0.0
5286,2013-11-06 08:00:00+00:00,2.1
5286,2013-11-06 08:30:00+00:00,10.79
5286,2013-11-06 09:00:00+00:00,28.49
5286,2013-11-06 09:30:00+00:00,58.38
5286,2013-11-06 10:00:00+00:00,59.8
5286,2013-11-06 10:30:00+00:00,66.64
5286,2013-11-06 11:00:00+00:00,89.46
5286,2013-11-06 11:30:00+00:00,78.57
5286,2013-11-06 12:00:00+00:00,89.09
5286,2013-11-06 12:30:00+00:00,51.51
5286,2013-11-06 13:00:00+00:00,55.62
5286,2013-11-06 13:30:00+00:00,35.18
5286,2013-11-06 14:00:00+00:00,19.44
5286,2013-11-06 14:30:00+00:00,3.41
5286,2013-11-06 15:00:00+00:00,3.35
5286,2013-11-06 15:30:00+00:00,0.53
5286,2013-11-06 16:00:00+00:00,1.7
5286,2013-11-06 16:30:00+00:00,0.01
5286,2013-11-06 17:00:00+00:00,0.01
5286,2013-11-06 17:30:00+00:00,0.0
5286,2013-11-06 18:00:00+00:00,0.0
5286,2013-11-06 18:30:00+00:00,0.0
5286,2013-11-06 19:00:00+00:00,0.0
5286,2013-11-06 19:30:00+00:00,0.0
5286,2013-11-06 20:00:00+00:00,0.0
5286,2013-11-06 20:30:00+00:00,0.0
5286,2013-11-06 21:00:00+00:00,0.0
5286,2013-11-06 21:30:00+00:00,0.0
5286,2013-11-06 22:00:00+00:00,0.0
5286,2013-11-06 22:30:00+00:00,0.0
5286,2013-11-06 23:00:00+00:00,0.0
5286,2013-11-06 23:30:00+00:00,0.0
5286,2013-11-07 00:00:00+00:00,0.0
5286,2013-11-07 00:30:00+00:00,0.0
5286,2013-11-07 01:00:00+00:00,0.0
5286,2013-11-07 01:30:00+00:00,0.0
5286,2013-11-07 02:00:00+00:00,0.0
5286,2013-11-07 02:30:00+00:00,0.0
5286,2013-11-07 03:00:00+00:00,0.0
5286,2013-11-07 03:30:00+00:00,0.0
5286,2013-11-07 04:00:00+00:00,0.0
5286,2013-11-07 04:30:00+00:00,0.0
5286,2013-11-07 05:00:00+00:00,0.0
5286,2013-11-07 05:30:00+00:00,0.0
5286,2013-11-07 06:00:00+00:00,0.0
5286,2013-11-07 06:30:00+00:00,0.0
5286,2013-11-07 07:00:00+00:00,0.0
5286,2013-11-07 07:30:00+00:00,0.02
5286,2013-11-07 08:00:00+00:00,10.0
5286,2013-11-07 08:30:00+00:00,32.29
5286,2013-11-07 09:00:00+00:00,79.38
5286,2013-11-07 09:30:00+00:00,80.03
5286,2013-11-07 10:00:00+00:00,535.15
5286,2013-11-07 10:30:00+00:00,472.51
5286,2013-11-07 11:00:00+00:00,446.11
5286,2013-11-07 11:30:00+00:00,258.39
5286,2013-11-07 12:00:00+00:00,264.9
5286,2013-11-07 12:30:00+00:00,186.75
5286,2013-11-07 13:00:00+00:00,153.43
5286,2013-11-07 13:30:00+00:00,119.79
5286,2013-11-07 14:00:00+00:00,79.06
5286,2013-11-07 14:30:00+00:00,49.9
5286,2013-11-07 15:00:00+00:00,68.45
5286,2013-11-07 15:30:00+00:00,23.09
5286,2013-11-07 16:00:00+00:00,7.39
5286,2013-11-07 16:30:00+00:00,0.01
5286,2013-11-07 17:00:00+00:00,0.01
5286,2013-11-07 17:30:00+00:00,0.0
5286,2013-11-07 18:00:00+00:00,0.0
5286,2013-11-07 18:30:00+00:00,0.0
5286,2013-11-07 19:00:00+00:00,0.0
5286,2013-11-07 19:30:00+00:00,0.0
5286,2013-11-07 20:00:00+00:00,0.0
5286,2013-11-07 20:30:00+00:00,0.0
5286,2013-11-07 21:00:00+00:00,0.0
5286,2013-11-07 21:30:00+00:00,0.0
5286,2013-11-07 22:00:00+00:00,0.0
5286,2013-11-07 22:30:00+00:00,0.0
5286,2013-11-07 23:00:00+00:00,0.0
5286,2013-11-07 23:30:00+00:00,0.0
5286,2013-11-08 00:00:00+00:00,0.0
5286,2013-11-08 00:30:00+00:00,0.0
5286,2013-11-08 01:00:00+00:00,0.0
5286,2013-11-08 01:30:00+00:00,0.0
5286,2013-11-08 02:00:00+00:00,0.0
5286,2013-11-08 02:30:00+00:00,0.0
5286,2013-11-08 03:00:00+00:00,0.0
5286,2013-11-08 03:30:00+00:00,0.0
5286,2013-11-08 04:00:00+00:00,0.0
5286,2013-11-08 04:30:00+00:00,0.0
5286,2013-11-08 05:00:00+00:00,0.0
5286,2013-11-08 05:30:00+00:00,0.0
5286,2013-11-08 06:00:00+00:00,0.0
5286,2013-11-08 06:30:00+00:00,0.0
5286,2013-11-08 07:00:00+00:00,0.0
5286,2013-11-08 07:30:00+00:00,0.0
5286,2013-11-08 08:00:00+00:00,20.03
5286,2013-11-08 08:30:00+00:00,48.2
5286,2013-11-08 09:00:00+00:00,76.07
5286,2013-11-08 09:30:00+00:00,92.48
5286,2013-11-08 10:00:00+00:00,106.76
5286,2013-11-08 10:30:00+00:00,97.29
5286,2013-11-08 11:00:00+00:00,138.27
5286,2013-11-08 11:30:00+00:00,225.38
5286,2013-11-08 12:00:00+00:00,273.81
5286,2013-11-08 12:30:00+00:00,234.5
5286,2013-11-08 13:00:00+00:00,398.82
5286,2013-11-08 13:30:00+00:00,567.5
5286,2013-11-08 14:00:00+00:00,160.89
5286,2013-11-08 14:30:00+00:00,74.06
5286,2013-11-08 15:00:00+00:00,24.69
5286,2013-11-08 15:30:00+00:00,0.01
5286,2013-11-08 16:00:00+00:00,0.01
5286,2013-11-08 16:30:00+00:00,0.01
5286,2013-11-08 17:00:00+00:00,0.0
5286,2013-11-08 17:30:00+00:00,0.0
5286,2013-11-08 18:00:00+00:00,0.0
5286,2013-11-08 18:30:00+00:00,0.0
5286,2013-11-08 19:00:00+00:00,0.0
5286,2013-11-08 19:30:00+00:00,0.0
5286,2013-11-08 20:00:00+00:00,0.0
5286,2013-11-08 20:30:00+00:00,0.0
5286,2013-11-08 21:00:00+00:00,0.0
5286,2013-11-08 21:30:00+00:00,0.0
5286,2013-11-08 22:00:00+00:00,0.0
5286,2013-11-08 22:30:00+00:00,0.0
5286,2013-11-08 23:00:00+00:00,0.0
5286,2013-11-08 23:30:00+00:00,0.0
5286,2013-11-09 00:00:00+00:00,0.0
5286,2013-11-09 00:30:00+00:00,0.0
5286,2013-11-09 01:00:00+00:00,0.0
5286,2013-11-09 01:30:00+00:00,0.0
5286,2013-11-09 02:00:00+00:00,0.0
5286,2013-11-09 02:30:00+00:00,0.0
5286,2013-11-09 03:00:00+00:00,0.0
5286,2013-11-09 03:30:00+00:00,0.0
5286,2013-11-09 04:00:00+00:00,0.0
5286,2013-11-09 04:30:00+00:00,0.0
5286,2013-11-09 05:00:00+00:00,0.0
5286,2013-11-09 05:30:00+00:00,0.0
5286,2013-11-09 06:00:00+00:00,0.0
5286,2013-11-09 06:30:00+00:00,0.0
5286,2013-11-09 07:00:00+00:00,0.0
5286,2013-11-09 07:30:00+00:00,5.63
5286,2013-11-09 08:00:00+00:00,100.46
5286,2013-11-09 08:30:00+00:00,121.66
5286,2013-11-09 09:00:00+00:00,75.42
5286,2013-11-09 09:30:00+00:00,204.9
5286,2013-11-09 10:00:00+00:00,109.12
5286,2013-11-09 10:30:00+00:00,61.91
5286,2013-11-09 11:00:00+00:00,56.85
5286,2013-11-09 11:30:00+00:00,39.42
5286,2013-11-09 12:00:00+00:00,15.23
5286,2013-11-09 12:30:00+00:00,49.55
5286,2013-11-09 13:00:00+00:00,80.47
5286,2013-11-09 13:30:00+00:00,86.06
5286,2013-11-09 14:00:00+00:00,73.18
5286,2013-11-09 14:30:00+00:00,43.37
5286,2013-11-09 15:00:00+00:00,27.75
5286,2013-11-09 15:30:00+00:00,14.08
5286,2013-11-09 16:00:00+00:00,0.61
5286,2013-11-09 16:30:00+00:00,0.01
5286,2013-11-09 17:00:00+00:00,0.01
5286,2013-11-09 17:30:00+00:00,0.0
5286,2013-11-09 18:00:00+00:00,0.0
5286,2013-11-09 18:30:00+00:00,0.0
5286,2013-11-09 19:00:00+00:00,0.0
5286,2013-11-09 19:30:00+00:00,0.0
5286,2013-11-09 20:00:00+00:00,0.0
5286,2013-11-09 20:30:00+00:00,0.0
5286,2013-11-09 21:00:00+00:00,0.0
5286,2013-11-09 21:30:00+00:00,0.0
5286,2013-11-09 22:00:00+00:00,0.0
5286,2013-11-09 22:30:00+00:00,0.0
5286,2013-11-09 23:00:00+00:00,0.0
5286,2013-11-09 23:30:00+00:00,0.0
5286,2013-11-10 00:00:00+00:00,0.0
5286,2013-11-10 00:30:00+00:00,0.0
5286,2013-11-10 01:00:00+00:00,0.0
5286,2013-11-10 01:30:00+00:00,0.0
5286,2013-11-10 02:00:00+00:00,0.0
5286,2013-11-10 02:30:00+00:00,0.0
5286,2013-11-10 03:00:00+00:00,0.0
5286,2013-11-10 03:30:00+00:00,0.0
5286,2013-11-10 04:00:00+00:00,0.0
5286,2013-11-10 04:30:00+00:00,0.0
5286,2013-11-10 05:00:00+00:00,0.0
5286,2013-11-10 05:30:00+00:00,0.0
5286,2013-11-10 06:00:00+00:00,0.0
5286,2013-11-10 06:30:00+00:00,0.0
5286,2013-11-10 07:00:00+00:00,0.0
5286,2013-11-10 07:30:00+00:00,1.43
5286,2013-11-10 08:00:00+00:00,204.11
5286,2013-11-10 08:30:00+00:00,471.88
5286,2013-11-10 09:00:00+00:00,623.3
5286,2013-11-10 09:30:00+00:00,732.8
5286,2013-11-10 10:00:00+00:00,807.55
5286,2013-11-10 10:30:00+00:00,855.95
5286,2013-11-10 11:00:00+00:00,878.15
5286,2013-11-10 11:30:00+00:00,883.8
5286,2013-11-10 12:00:00+00:00,862.95
5286,2013-11-10 12:30:00+00:00,822.35
5286,2013-11-10 13:00:00+00:00,755.1
5286,2013-11-10 13:30:00+00:00,648.0
5286,2013-11-10 14:00:00+00:00,593.6
5286,2013-11-10 14:30:00+00:00,484.13
5286,2013-11-10 15:00:00+00:00,348.04
5286,2013-11-10 15:30:00+00:00,168.92
5286,2013-11-10 16:00:00+00:00,8.95
5286,2013-11-10 16:30:00+00:00,0.0
5286,2013-11-10 17:00:00+00:00,0.0
5286,2013-11-10 17:30:00+00:00,0.0
5286,2013-11-10 18:00:00+00:00,0.0
5286,2013-11-10 18:30:00+00:00,0.0
5286,2013-11-10 19:00:00+00:00,0.0
5286,2013-11-10 19:30:00+00:00,0.0
5286,2013-11-10 20:00:00+00:00,0.0
5286,2013-11-10 20:30:00+00:00,0.0
5286,2013-11-10 21:00:00+00:00,0.0
5286,2013-11-10 21:30:00+00:00,0.0
5286,2013-11-10 22:00:00+00:00,0.0
5286,2013-11-10 22:30:00+00:00,0.0
5286,2013-11-10 23:00:00+00:00,0.0
5286,2013-11-10 23:30:00+00:00,0.0
5286,2013-11-11 00:00:00+00:00,0.0
5286,2013-11-11 00:30:00+00:00,0.0
5286,2013-11-11 01:00:00+00:00,0.0
5286,2013-11-11 01:30:00+00:00,0.0
5286,2013-11-11 02:00:00+00:00,0.0
5286,2013-11-11 02:30:00+00:00,0.0
5286,2013-11-11 03:00:00+00:00,0.0
5286,2013-11-11 03:30:00+00:00,0.0
5286,2013-11-11 04:00:00+00:00,0.0
5286,2013-11-11 04:30:00+00:00,0.0
5286,2013-11-11 05:00:00+00:00,0.0
5286,2013-11-11 05:30:00+00:00,0.0
5286,2013-11-11 06:00:00+00:00,0.0
5286,2013-11-11 06:30:00+00:00,0.0
5286,2013-11-11 07:00:00+00:00,0.0
5286,2013-11-11 07:30:00+00:00,0.01
5286,2013-11-11 08:00:00+00:00,0.02
5286,2013-11-11 08:30:00+00:00,7.87
5286,2013-11-11 09:00:00+00:00,24.82
5286,2013-11-11 09:30:00+00:00,35.32
5286,2013-11-11 10:00:00+00:00,82.03
5286,2013-11-11 10:30:00+00:00,97.56
5286,2013-11-11 11:00:00+00:00,66.84
5286,2013-11-11 11:30:00+00:00,70.24
5286,2013-11-11 12:00:00+00:00,75.75
5286,2013-11-11 12:30:00+00:00,55.36
5286,2013-11-11 13:00:00+00:00,28.69
5286,2013-11-11 13:30:00+00:00,40.13
5286,2013-11-11 14:00:00+00:00,55.05
5286,2013-11-11 14:30:00+00:00,28.77
5286,2013-11-11 15:00:00+00:00,5.34
5286,2013-11-11 15:30:00+00:00,3.06
5286,2013-11-11 16:00:00+00:00,0.01
5286,2013-11-11 16:30:00+00:00,0.0
5286,2013-11-11 17:00:00+00:00,0.01
5286,2013-11-11 17:30:00+00:00,0.0
5286,2013-11-11 18:00:00+00:00,0.0
5286,2013-11-11 18:30:00+00:00,0.0
5286,2013-11-11 19:00:00+00:00,0.0
5286,2013-11-11 19:30:00+00:00,0.0
5286,2013-11-11 20:00:00+00:00,0.0
5286,2013-11-11 20:30:00+00:00,0.0
5286,2013-11-11 21:00:00+00:00,0.0
5286,2013-11-11 21:30:00+00:00,0.0
5286,2013-11-11 22:00:00+00:00,0.0
5286,2013-11-11 22:30:00+00:00,0.0
5286,2013-11-11 23:00:00+00:00,0.0
5286,2013-11-11 23:30:00+00:00,0.0
5286,2013-11-12 00:00:00+00:00,0.0
5286,2013-11-12 00:30:00+00:00,0.0
5286,2013-11-12 01:00:00+00:00,0.0
5286,2013-11-12 01:30:00+00:00,0.0
5286,2013-11-12 02:00:00+00:00,0.0
5286,2013-11-12 02:30:00+00:00,0.0
5286,2013-11-12 03:00:00+00:00,0.0
5286,2013-11-12 03:30:00+00:00,0.0
5286,2013-11-12 04:00:00+00:00,0.0
5286,2013-11-12 04:30:00+00:00,0.0
5286,2013-11-12 05:00:00+00:00,0.0
5286,2013-11-12 05:30:00+00:00,0.0
5286,2013-11-12 06:00:00+00:00,0.0
5286,2013-11-12 06:30:00+00:00,0.0
5286,2013-11-12 07:00:00+00:00,0.0
5286,2013-11-12 07:30:00+00:00,0.0
5286,2013-11-12 08:00:00+00:00,6.54
5286,2013-11-12 08:30:00+00:00,10.17
5286,2013-11-12 09:00:00+00:00,22.89
5286,2013-11-12 09:30:00+00:00,68.18
5286,2013-11-12 10:00:00+00:00,85.3
5286,2013-11-12 10:30:00+00:00,52.09
5286,2013-11-12 11:00:00+00:00,89.5
5286,2013-11-12 11:30:00+00:00,205.88
5286,2013-11-12 12:00:00+00:00,187.71
5286,2013-11-12 12:30:00+00:00,375.0
5286,2013-11-12 13:00:00+00:00,280.1
5286,2013-11-12 13:30:00+00:00,124.94
5286,2013-11-12 14:00:00+00:00,261.5
5286,2013-11-12 14:30:00+00:00,79.37
5286,2013-11-12 15:00:00+00:00,56.78
5286,2013-11-12 15:30:00+00:00,21.07
5286,2013-11-12 16:00:00+00:00,7.02
5286,2013-11-12 16:30:00+00:00,0.01
5286,2013-11-12 17:00:00+00:00,0.0
5286,2013-11-12 17:30:00+00:00,0.0
5286,2013-11-12 18:00:00+00:00,0.0
5286,2013-11-12 18:30:00+00:00,0.0
5286,2013-11-12 19:00:00+00:00,0.0
5286,2013-11-12 19:30:00+00:00,0.0
5286,2013-11-12 20:00:00+00:00,0.0
5286,2013-11-12 20:30:00+00:00,0.0
5286,2013-11-12 21:00:00+00:00,0.0
5286,2013-11-12 21:30:00+00:00,0.0
5286,2013-11-12 22:00:00+00:00,0.0
5286,2013-11-12 22:30:00+00:00,0.0
5286,2013-11-12 23:00:00+00:00,0.0
5286,2013-11-12 23:30:00+00:00,0.0
5286,2013-11-13 00:00:00+00:00,0.0
5286,2013-11-13 00:30:00+00:00,0.0
5286,2013-11-13 01:00:00+00:00,0.0
5286,2013-11-13 01:30:00+00:00,0.0
5286,2013-11-13 02:00:00+00:00,0.0
5286,2013-11-13 02:30:00+00:00,0.0
5286,2013-11-13 03:00:00+00:00,0.0
5286,2013-11-13 03:30:00+00:00,0.0
5286,2013-11-13 04:00:00+00:00,0.0
5286,2013-11-13 04:30:00+00:00,0.0
5286,2013-11-13 05:00:00+00:00,0.0
5286,2013-11-13 05:30:00+00:00,0.0
5286,2013-11-13 06:00:00+00:00,0.0
5286,2013-11-13 06:30:00+00:00,0.0
5286,2013-11-13 07:00:00+00:00,0.0
5286,2013-11-13 07:30:00+00:00,2.1
5286,2013-11-13 08:00:00+00:00,133.1
5286,2013-11-13 08:30:00+00:00,352.18
5286,2013-11-13 09:00:00+00:00,517.15
5286,2013-11-13 09:30:00+00:00,654.1
5286,2013-11-13 10:00:00+00:00,743.45
5286,2013-11-13 10:30:00+00:00,758.2
5286,2013-11-13 11:00:00+00:00,786.5
5286,2013-11-13 11:30:00+00:00,730.5
5286,2013-11-13 12:00:00+00:00,570.1
5286,2013-11-13 12:30:00+00:00,717.55
5286,2013-11-13 13:00:00+00:00,652.05
5286,2013-11-13 13:30:00+00:00,520.75
5286,2013-11-13 14:00:00+00:00,371.55
5286,2013-11-13 14:30:00+00:00,333.78
5286,2013-11-13 15:00:00+00:00,159.27
5286,2013-11-13 15:30:00+00:00,52.65
5286,2013-11-13 16:00:00+00:00,6.29
5286,2013-11-13 16:30:00+00:00,0.01
5286,2013-11-13 17:00:00+00:00,0.0
5286,2013-11-13 17:30:00+00:00,0.0
5286,2013-11-13 18:00:00+00:00,0.0
5286,2013-11-13 18:30:00+00:00,0.0
5286,2013-11-13 19:00:00+00:00,0.0
5286,2013-11-13 19:30:00+00:00,0.0
5286,2013-11-13 20:00:00+00:00,0.0
5286,2013-11-13 20:30:00+00:00,0.0
5286,2013-11-13 21:00:00+00:00,0.0
5286,2013-11-13 21:30:00+00:00,0.0
5286,2013-11-13 22:00:00+00:00,0.0
5286,2013-11-13 22:30:00+00:00,0.0
5286,2013-11-13 23:00:00+00:00,0.0
5286,2013-11-13 23:30:00+00:00,0.0
5286,2013-11-14 00:00:00+00:00,0.0
5286,2013-11-14 00:30:00+00:00,0.0
5286,2013-11-14 01:00:00+00:00,0.0
5286,2013-11-14 01:30:00+00:00,0.0
5286,2013-11-14 02:00:00+00:00,0.0
5286,2013-11-14 02:30:00+00:00,0.0
5286,2013-11-14 03:00:00+00:00,0.0
5286,2013-11-14 03:30:00+00:00,0.0
5286,2013-11-14 04:00:00+00:00,0.0
5286,2013-11-14 04:30:00+00:00,0.0
5286,2013-11-14 05:00:00+00:00,0.0
5286,2013-11-14 05:30:00+00:00,0.0
5286,2013-11-14 06:00:00+00:00,0.0
5286,2013-11-14 06:30:00+00:00,0.0
5286,2013-11-14 07:00:00+00:00,0.0
5286,2013-11-14 07:30:00+00:00,0.0
5286,2013-11-14 08:00:00+00:00,16.1
5286,2013-11-14 08:30:00+00:00,122.87
5286,2013-11-14 09:00:00+00:00,340.19
5286,2013-11-14 09:30:00+00:00,587.7
5286,2013-11-14 10:00:00+00:00,677.35
5286,2013-11-14 10:30:00+00:00,626.6
5286,2013-11-14 11:00:00+00:00,618.25
5286,2013-11-14 11:30:00+00:00,771.15
5286,2013-11-14 12:00:00+00:00,710.35
5286,2013-11-14 12:30:00+00:00,621.4
5286,2013-11-14 13:00:00+00:00,430.83
5286,2013-11-14 13:30:00+00:00,123.59
5286,2013-11-14 14:00:00+00:00,172.21
5286,2013-11-14 14:30:00+00:00,407.18
5286,2013-11-14 15:00:00+00:00,243.51
5286,2013-11-14 15:30:00+00:00,95.53
5286,2013-11-14 16:00:00+00:00,11.86
5286,2013-11-14 16:30:00+00:00,0.01
5286,2013-11-14 17:00:00+00:00,0.0
5286,2013-11-14 17:30:00+00:00,0.0
5286,2013-11-14 18:00:00+00:00,0.0
5286,2013-11-14 18:30:00+00:00,0.0
5286,2013-11-14 19:00:00+00:00,0.0
5286,2013-11-14 19:30:00+00:00,0.0
5286,2013-11-14 20:00:00+00:00,0.0
5286,2013-11-14 20:30:00+00:00,0.0
5286,2013-11-14 21:00:00+00:00,0.0
5286,2013-11-14 21:30:00+00:00,0.0
5286,2013-11-14 22:00:00+00:00,0.0
5286,2013-11-14 22:30:00+00:00,0.0
5286,2013-11-14 23:00:00+00:00,0.0
5286,2013-11-14 23:30:00+00:00,0.0
5286,2013-11-15 00:00:00+00:00,0.0
5286,2013-11-15 00:30:00+00:00,0.0
5286,2013-11-15 01:00:00+00:00,0.0
5286,2013-11-15 01:30:00+00:00,0.0
5286,2013-11-15 02:00:00+00:00,0.0
5286,2013-11-15 02:30:00+00:00,0.0
5286,2013-11-15 03:00:00+00:00,0.0
5286,2013-11-15 03:30:00+00:00,0.0
5286,2013-11-15 04:00:00+00:00,0.0
5286,2013-11-15 04:30:00+00:00,0.0
5286,2013-11-15 05:00:00+00:00,0.0
5286,2013-11-15 05:30:00+00:00,0.0
5286,2013-11-15 06:00:00+00:00,0.0
5286,2013-11-15 06:30:00+00:00,0.0
5286,2013-11-15 07:00:00+00:00,0.0
5286,2013-11-15 07:30:00+00:00,0.0
5286,2013-11-15 08:00:00+00:00,69.93
5286,2013-11-15 08:30:00+00:00,227.99
5286,2013-11-15 09:00:00+00:00,498.98
5286,2013-11-15 09:30:00+00:00,627.8
5286,2013-11-15 10:00:00+00:00,704.9
5286,2013-11-15 10:30:00+00:00,761.5
5286,2013-11-15 11:00:00+00:00,790.45
5286,2013-11-15 11:30:00+00:00,800.6
5286,2013-11-15 12:00:00+00:00,783.9
5286,2013-11-15 12:30:00+00:00,738.0
5286,2013-11-15 13:00:00+00:00,698.65
5286,2013-11-15 13:30:00+00:00,514.15
5286,2013-11-15 14:00:00+00:00,260.18
5286,2013-11-15 14:30:00+00:00,153.45
5286,2013-11-15 15:00:00+00:00,92.51
5286,2013-11-15 15:30:00+00:00,44.29
5286,2013-11-15 16:00:00+00:00,4.21
5286,2013-11-15 16:30:00+00:00,0.01
5286,2013-11-15 17:00:00+00:00,0.0
5286,2013-11-15 17:30:00+00:00,0.0
5286,2013-11-15 18:00:00+00:00,0.0
5286,2013-11-15 18:30:00+00:00,0.0
5286,2013-11-15 19:00:00+00:00,0.0
5286,2013-11-15 19:30:00+00:00,0.0
5286,2013-11-15 20:00:00+00:00,0.0
5286,2013-11-15 20:30:00+00:00,0.0
5286,2013-11-15 21:00:00+00:00,0.0
5286,2013-11-15 21:30:00+00:00,0.0
5286,2013-11-15 22:00:00+00:00,0.0
5286,2013-11-15 22:30:00+00:00,0.0
5286,2013-11-15 23:00:00+00:00,0.0
5286,2013-11-15 23:30:00+00:00,0.0
5286,2013-11-16 00:00:00+00:00,0.0
5286,2013-11-16 00:30:00+00:00,0.0
5286,2013-11-16 01:00:00+00:00,0.0
5286,2013-11-16 01:30:00+00:00,0.0
5286,2013-11-16 02:00:00+00:00,0.0
5286,2013-11-16 02:30:00+00:00,0.0
5286,2013-11-16 03:00:00+00:00,0.0
5286,2013-11-16 03:30:00+00:00,0.0
5286,2013-11-16 04:00:00+00:00,0.0
5286,2013-11-16 04:30:00+00:00,0.0
5286,2013-11-16 05:00:00+00:00,0.0
5286,2013-11-16 05:30:00+00:00,0.0
5286,2013-11-16 06:00:00+00:00,0.0
5286,2013-11-16 06:30:00+00:00,0.0
5286,2013-11-16 07:00:00+00:00,0.0
5286,2013-11-16 07:30:00+00:00,0.94
5286,2013-11-16 08:00:00+00:00,97.26
5286,2013-11-16 08:30:00+00:00,347.9
5286,2013-11-16 09:00:00+00:00,489.62
5286,2013-11-16 09:30:00+00:00,606.05
5286,2013-11-16 10:00:00+00:00,681.7
5286,2013-11-16 10:30:00+00:00,732.75
5286,2013-11-16 11:00:00+00:00,745.3
5286,2013-11-16 11:30:00+00:00,771.85
5286,2013-11-16 12:00:00+00:00,750.2
5286,2013-11-16 12:30:00+00:00,710.35
5286,2013-11-16 13:00:00+00:00,644.45
5286,2013-11-16 13:30:00+00:00,359.67
5286,2013-11-16 14:00:00+00:00,266.99
5286,2013-11-16 14:30:00+00:00,205.79
5286,2013-11-16 15:00:00+00:00,217.25
5286,2013-11-16 15:30:00+00:00,40.02
5286,2013-11-16 16:00:00+00:00,0.01
5286,2013-11-16 16:30:00+00:00,0.0
5286,2013-11-16 17:00:00+00:00,0.0
5286,2013-11-16 17:30:00+00:00,0.0
5286,2013-11-16 18:00:00+00:00,0.0
5286,2013-11-16 18:30:00+00:00,0.0
5286,2013-11-16 19:00:00+00:00,0.0
5286,2013-11-16 19:30:00+00:00,0.0
5286,2013-11-16 20:00:00+00:00,0.0
5286,2013-11-16 20:30:00+00:00,0.0
5286,2013-11-16 21:00:00+00:00,0.0
5286,2013-11-16 21:30:00+00:00,0.0
5286,2013-11-16 22:00:00+00:00,0.0
5286,2013-11-16 22:30:00+00:00,0.0
5286,2013-11-16 23:00:00+00:00,0.0
5286,2013-11-16 23:30:00+00:00,0.0
5286,2013-11-17 00:00:00+00:00,0.0
5286,2013-11-17 00:30:00+00:00,0.0
5286,2013-11-17 01:00:00+00:00,0.0
5286,2013-11-17 01:30:00+00:00,0.0
5286,2013-11-17 02:00:00+00:00,0.0
5286,2013-11-17 02:30:00+00:00,0.0
5286,2013-11-17 03:00:00+00:00,0.0
5286,2013-11-17 03:30:00+00:00,0.0
5286,2013-11-17 04:00:00+00:00,0.0
5286,2013-11-17 04:30:00+00:00,0.0
5286,2013-11-17 05:00:00+00:00,0.0
5286,2013-11-17 05:30:00+00:00,0.0
5286,2013-11-17 06:00:00+00:00,0.0
5286,2013-11-17 06:30:00+00:00,0.0
5286,2013-11-17 07:00:00+00:00,0.0
5286,2013-11-17 07:30:00+00:00,0.0
5286,2013-11-17 08:00:00+00:00,1.05
5286,2013-11-17 08:30:00+00:00,12.59
5286,2013-11-17 09:00:00+00:00,34.48
5286,2013-11-17 09:30:00+00:00,33.4
5286,2013-11-17 10:00:00+00:00,33.5
5286,2013-11-17 10:30:00+00:00,44.53
5286,2013-11-17 11:00:00+00:00,40.56
5286,2013-11-17 11:30:00+00:00,28.69
5286,2013-11-17 12:00:00+00:00,32.83
5286,2013-11-17 12:30:00+00:00,27.09
5286,2013-11-17 13:00:00+00:00,23.32
5286,2013-11-17 13:30:00+00:00,24.11
5286,2013-11-17 14:00:00+00:00,23.16
5286,2013-11-17 14:30:00+00:00,8.61
5286,2013-11-17 15:00:00+00:00,0.16
5286,2013-11-17 15:30:00+00:00,0.01
5286,2013-11-17 16:00:00+00:00,0.01
5286,2013-11-17 16:30:00+00:00,0.0
5286,2013-11-17 17:00:00+00:00,0.0
5286,2013-11-17 17:30:00+00:00,0.0
5286,2013-11-17 18:00:00+00:00,0.0
5286,2013-11-17 18:30:00+00:00,0.0
5286,2013-11-17 19:00:00+00:00,0.0
5286,2013-11-17 19:30:00+00:00,0.0
5286,2013-11-17 20:00:00+00:00,0.0
5286,2013-11-17 20:30:00+00:00,0.0
5286,2013-11-17 21:00:00+00:00,0.0
5286,2013-11-17 21:30:00+00:00,0.0
5286,2013-11-17 22:00:00+00:00,0.0
5286,2013-11-17 22:30:00+00:00,0.0
5286,2013-11-17 23:00:00+00:00,0.0
5286,2013-11-17 23:30:00+00:00,0.0
5286,2013-11-18 00:00:00+00:00,0.0
5286,2013-11-18 00:30:00+00:00,0.0
5286,2013-11-18 01:00:00+00:00,0.0
5286,2013-11-18 01:30:00+00:00,0.0
5286,2013-11-18 02:00:00+00:00,0.0
5286,2013-11-18 02:30:00+00:00,0.0
5286,2013-11-18 03:00:00+00:00,0.0
5286,2013-11-18 03:30:00+00:00,0.0
5286,2013-11-18 04:00:00+00:00,0.0
5286,2013-11-18 04:30:00+00:00,0.0
5286,2013-11-18 05:00:00+00:00,0.0
5286,2013-11-18 05:30:00+00:00,0.0
5286,2013-11-18 06:00:00+00:00,0.0
5286,2013-11-18 06:30:00+00:00,0.0
5286,2013-11-18 07:00:00+00:00,0.0
5286,2013-11-18 07:30:00+00:00,0.0
5286,2013-11-18 08:00:00+00:00,1.82
5286,2013-11-18 08:30:00+00:00,9.67
5286,2013-11-18 09:00:00+00:00,16.53
5286,2013-11-18 09:30:00+00:00,20.99
5286,2013-11-18 10:00:00+00:00,40.56
5286,2013-11-18 10:30:00+00:00,33.74
5286,2013-11-18 11:00:00+00:00,36.51
5286,2013-11-18 11:30:00+00:00,58.24
5286,2013-11-18 12:00:00+00:00,71.93
5286,2013-11-18 12:30:00+00:00,61.8
5286,2013-11-18 13:00:00+00:00,57.26
5286,2013-11-18 13:30:00+00:00,32.68
5286,2013-11-18 14:00:00+00:00,51.05
5286,2013-11-18 14:30:00+00:00,27.13
5286,2013-11-18 15:00:00+00:00,1.29
5286,2013-11-18 15:30:00+00:00,0.09
5286,2013-11-18 16:00:00+00:00,0.01
5286,2013-11-18 16:30:00+00:00,0.0
5286,2013-11-18 17:00:00+00:00,0.0
5286,2013-11-18 17:30:00+00:00,0.0
5286,2013-11-18 18:00:00+00:00,0.0
5286,2013-11-18 18:30:00+00:00,0.0
5286,2013-11-18 19:00:00+00:00,0.0
5286,2013-11-18 19:30:00+00:00,0.0
5286,2013-11-18 20:00:00+00:00,0.0
5286,2013-11-18 20:30:00+00:00,0.0
5286,2013-11-18 21:00:00+00:00,0.0
5286,2013-11-18 21:30:00+00:00,0.0
5286,2013-11-18 22:00:00+00:00,0.0
5286,2013-11-18 22:30:00+00:00,0.0
5286,2013-11-18 23:00:00+00:00,0.0
5286,2013-11-18 23:30:00+00:00,0.0
5286,2013-11-19 00:00:00+00:00,0.0
5286,2013-11-19 00:30:00+00:00,0.0
5286,2013-11-19 01:00:00+00:00,0.0
5286,2013-11-19 01:30:00+00:00,0.0
5286,2013-11-19 02:00:00+00:00,0.0
5286,2013-11-19 02:30:00+00:00,0.0
5286,2013-11-19 03:00:00+00:00,0.0
5286,2013-11-19 03:30:00+00:00,0.0
5286,2013-11-19 04:00:00+00:00,0.0
5286,2013-11-19 04:30:00+00:00,0.0
5286,2013-11-19 05:00:00+00:00,0.0
5286,2013-11-19 05:30:00+00:00,0.0
5286,2013-11-19 06:00:00+00:00,0.0
5286,2013-11-19 06:30:00+00:00,0.0
5286,2013-11-19 07:00:00+00:00,0.0
5286,2013-11-19 07:30:00+00:00,0.0
5286,2013-11-19 08:00:00+00:00,61.73
5286,2013-11-19 08:30:00+00:00,335.59
5286,2013-11-19 09:00:00+00:00,523.8
5286,2013-11-19 09:30:00+00:00,654.45
5286,2013-11-19 10:00:00+00:00,736.4
5286,2013-11-19 10:30:00+00:00,787.85
5286,2013-11-19 11:00:00+00:00,589.25
5286,2013-11-19 11:30:00+00:00,154.34
5286,2013-11-19 12:00:00+00:00,100.27
5286,2013-11-19 12:30:00+00:00,437.87
5286,2013-11-19 13:00:00+00:00,555.5
5286,2013-11-19 13:30:00+00:00,490.54
5286,2013-11-19 14:00:00+00:00,502.55
5286,2013-11-19 14:30:00+00:00,420.55
5286,2013-11-19 15:00:00+00:00,287.22
5286,2013-11-19 15:30:00+00:00,49.53
5286,2013-11-19 16:00:00+00:00,2.2
5286,2013-11-19 16:30:00+00:00,0.01
5286,2013-11-19 17:00:00+00:00,0.0
5286,2013-11-19 17:30:00+00:00,0.0
5286,2013-11-19 18:00:00+00:00,0.0
5286,2013-11-19 18:30:00+00:00,0.0
5286,2013-11-19 19:00:00+00:00,0.0
5286,2013-11-19 19:30:00+00:00,0.0
5286,2013-11-19 20:00:00+00:00,0.0
5286,2013-11-19 20:30:00+00:00,0.0
5286,2013-11-19 21:00:00+00:00,0.0
5286,2013-11-19 21:30:00+00:00,0.0
5286,2013-11-19 22:00:00+00:00,0.0
5286,2013-11-19 22:30:00+00:00,0.0
5286,2013-11-19 23:00:00+00:00,0.0
5286,2013-11-19 23:30:00+00:00,0.0
5286,2013-11-20 00:00:00+00:00,0.0
5286,2013-11-20 00:30:00+00:00,0.0
5286,2013-11-20 01:00:00+00:00,0.0
5286,2013-11-20 01:30:00+00:00,0.0
5286,2013-11-20 02:00:00+00:00,0.0
5286,2013-11-20 02:30:00+00:00,0.0
5286,2013-11-20 03:00:00+00:00,0.0
5286,2013-11-20 03:30:00+00:00,0.0
5286,2013-11-20 04:00:00+00:00,0.0
5286,2013-11-20 04:30:00+00:00,0.0
5286,2013-11-20 05:00:00+00:00,0.0
5286,2013-11-20 05:30:00+00:00,0.0
5286,2013-11-20 06:00:00+00:00,0.0
5286,2013-11-20 06:30:00+00:00,0.0
5286,2013-11-20 07:00:00+00:00,0.0
5286,2013-11-20 07:30:00+00:00,0.0
5286,2013-11-20 08:00:00+00:00,0.0
5286,2013-11-20 08:30:00+00:00,0.01
5286,2013-11-20 09:00:00+00:00,0.01
5286,2013-11-20 09:30:00+00:00,0.19
5286,2013-11-20 10:00:00+00:00,6.11
5286,2013-11-20 10:30:00+00:00,16.88
5286,2013-11-20 11:00:00+00:00,17.92
5286,2013-11-20 11:30:00+00:00,30.02
5286,2013-11-20 12:00:00+00:00,16.78
5286,2013-11-20 12:30:00+00:00,7.2
5286,2013-11-20 13:00:00+00:00,72.52
5286,2013-11-20 13:30:00+00:00,72.75
5286,2013-11-20 14:00:00+00:00,67.37
5286,2013-11-20 14:30:00+00:00,344.1
5286,2013-11-20 15:00:00+00:00,170.78
5286,2013-11-20 15:30:00+00:00,60.09
5286,2013-11-20 16:00:00+00:00,4.27
5286,2013-11-20 16:30:00+00:00,0.01
5286,2013-11-20 17:00:00+00:00,0.0
5286,2013-11-20 17:30:00+00:00,0.0
5286,2013-11-20 18:00:00+00:00,0.0
5286,2013-11-20 18:30:00+00:00,0.0
5286,2013-11-20 19:00:00+00:00,0.0
5286,2013-11-20 19:30:00+00:00,0.0
5286,2013-11-20 20:00:00+00:00,0.0
5286,2013-11-20 20:30:00+00:00,0.0
5286,2013-11-20 21:00:00+00:00,0.0
5286,2013-11-20 21:30:00+00:00,0.0
5286,2013-11-20 22:00:00+00:00,0.0
5286,2013-11-20 22:30:00+00:00,0.0
5286,2013-11-20 23:00:00+00:00,0.0
5286,2013-11-20 23:30:00+00:00,0.0
5286,2013-11-21 00:00:00+00:00,0.0
5286,2013-11-21 00:30:00+00:00,0.0
5286,2013-11-21 01:00:00+00:00,0.0
5286,2013-11-21 01:30:00+00:00,0.0
5286,2013-11-21 02:00:00+00:00,0.0
5286,2013-11-21 02:30:00+00:00,0.0
5286,2013-11-21 03:00:00+00:00,0.0
5286,2013-11-21 03:30:00+00:00,0.0
5286,2013-11-21 04:00:00+00:00,0.0
5286,2013-11-21 04:30:00+00:00,0.0
5286,2013-11-21 05:00:00+00:00,0.0
5286,2013-11-21 05:30:00+00:00,0.0
5286,2013-11-21 06:00:00+00:00,0.0
5286,2013-11-21 06:30:00+00:00,0.0
5286,2013-11-21 07:00:00+00:00,0.0
5286,2013-11-21 07:30:00+00:00,0.0
5286,2013-11-21 08:00:00+00:00,5.71
5286,2013-11-21 08:30:00+00:00,20.51
5286,2013-11-21 09:00:00+00:00,7.75
5286,2013-11-21 09:30:00+00:00,3.01
5286,2013-11-21 10:00:00+00:00,10.09
5286,2013-11-21 10:30:00+00:00,49.98
5286,2013-11-21 11:00:00+00:00,32.75
5286,2013-11-21 11:30:00+00:00,33.0
5286,2013-11-21 12:00:00+00:00,24.5
5286,2013-11-21 12:30:00+00:00,53.86
5286,2013-11-21 13:00:00+00:00,87.18
5286,2013-11-21 13:30:00+00:00,136.25
5286,2013-11-21 14:00:00+00:00,311.64
5286,2013-11-21 14:30:00+00:00,337.97
5286,2013-11-21 15:00:00+00:00,204.75
5286,2013-11-21 15:30:00+00:00,59.29
5286,2013-11-21 16:00:00+00:00,6.24
5286,2013-11-21 16:30:00+00:00,0.01
5286,2013-11-21 17:00:00+00:00,0.0
5286,2013-11-21 17:30:00+00:00,0.0
5286,2013-11-21 18:00:00+00:00,0.0
5286,2013-11-21 18:30:00+00:00,0.0
5286,2013-11-21 19:00:00+00:00,0.0
5286,2013-11-21 19:30:00+00:00,0.0
5286,2013-11-21 20:00:00+00:00,0.0
5286,2013-11-21 20:30:00+00:00,0.0
5286,2013-11-21 21:00:00+00:00,0.0
5286,2013-11-21 21:30:00+00:00,0.0
5286,2013-11-21 22:00:00+00:00,0.0
5286,2013-11-21 22:30:00+00:00,0.0
5286,2013-11-21 23:00:00+00:00,0.0
5286,2013-11-21 23:30:00+00:00,0.0
5286,2013-11-22 00:00:00+00:00,0.0
5286,2013-11-22 00:30:00+00:00,0.0
5286,2013-11-22 01:00:00+00:00,0.0
5286,2013-11-22 01:30:00+00:00,0.0
5286,2013-11-22 02:00:00+00:00,0.0
5286,2013-11-22 02:30:00+00:00,0.0
5286,2013-11-22 03:00:00+00:00,0.0
5286,2013-11-22 03:30:00+00:00,0.0
5286,2013-11-22 04:00:00+00:00,0.0
5286,2013-11-22 04:30:00+00:00,0.0
5286,2013-11-22 05:00:00+00:00,0.0
5286,2013-11-22 05:30:00+00:00,0.0
5286,2013-11-22 06:00:00+00:00,0.0
5286,2013-11-22 06:30:00+00:00,0.0
5286,2013-11-22 07:00:00+00:00,0.0
5286,2013-11-22 07:30:00+00:00,0.0
5286,2013-11-22 08:00:00+00:00,0.01
5286,2013-11-22 08:30:00+00:00,21.95
5286,2013-11-22 09:00:00+00:00,53.45
5286,2013-11-22 09:30:00+00:00,57.89
5286,2013-11-22 10:00:00+00:00,250.2
5286,2013-11-22 10:30:00+00:00,162.65
5286,2013-11-22 11:00:00+00:00,404.26
5286,2013-11-22 11:30:00+00:00,299.22
5286,2013-11-22 12:00:00+00:00,293.93
5286,2013-11-22 12:30:00+00:00,532.65
5286,2013-11-22 13:00:00+00:00,525.55
5286,2013-11-22 13:30:00+00:00,521.6
5286,2013-11-22 14:00:00+00:00,367.65
5286,2013-11-22 14:30:00+00:00,409.3
5286,2013-11-22 15:00:00+00:00,196.14
5286,2013-11-22 15:30:00+00:00,67.91
5286,2013-11-22 16:00:00+00:00,2.79
5286,2013-11-22 16:30:00+00:00,0.01
5286,2013-11-22 17:00:00+00:00,0.0
5286,2013-11-22 17:30:00+00:00,0.0
5286,2013-11-22 18:00:00+00:00,0.0
5286,2013-11-22 18:30:00+00:00,0.0
5286,2013-11-22 19:00:00+00:00,0.0
5286,2013-11-22 19:30:00+00:00,0.0
5286,2013-11-22 20:00:00+00:00,0.0
5286,2013-11-22 20:30:00+00:00,0.0
5286,2013-11-22 21:00:00+00:00,0.0
5286,2013-11-22 21:30:00+00:00,0.0
5286,2013-11-22 22:00:00+00:00,0.0
5286,2013-11-22 22:30:00+00:00,0.0
5286,2013-11-22 23:00:00+00:00,0.0
5286,2013-11-22 23:30:00+00:00,0.0
5286,2013-11-23 00:00:00+00:00,0.0
5286,2013-11-23 00:30:00+00:00,0.0
5286,2013-11-23 01:00:00+00:00,0.0
5286,2013-11-23 01:30:00+00:00,0.0
5286,2013-11-23 02:00:00+00:00,0.0
5286,2013-11-23 02:30:00+00:00,0.0
5286,2013-11-23 03:00:00+00:00,0.0
5286,2013-11-23 03:30:00+00:00,0.0
5286,2013-11-23 04:00:00+00:00,0.0
5286,2013-11-23 04:30:00+00:00,0.0
5286,2013-11-23 05:00:00+00:00,0.0
5286,2013-11-23 05:30:00+00:00,0.0
5286,2013-11-23 06:00:00+00:00,0.0
5286,2013-11-23 06:30:00+00:00,0.0
5286,2013-11-23 07:00:00+00:00,0.0
5286,2013-11-23 07:30:00+00:00,0.0
5286,2013-11-23 08:00:00+00:00,0.4
5286,2013-11-23 08:30:00+00:00,37.32
5286,2013-11-23 09:00:00+00:00,187.28
5286,2013-11-23 09:30:00+00:00,495.38
5286,2013-11-23 10:00:00+00:00,597.95
5286,2013-11-23 10:30:00+00:00,703.1
5286,2013-11-23 11:00:00+00:00,780.6
5286,2013-11-23 11:30:00+00:00,786.0
5286,2013-11-23 12:00:00+00:00,787.65
5286,2013-11-23 12:30:00+00:00,734.45
5286,2013-11-23 13:00:00+00:00,644.8
5286,2013-11-23 13:30:00+00:00,616.9
5286,2013-11-23 14:00:00+00:00,496.59
5286,2013-11-23 14:30:00+00:00,374.4
5286,2013-11-23 15:00:00+00:00,116.17
5286,2013-11-23 15:30:00+00:00,32.31
5286,2013-11-23 16:00:00+00:00,0.86
5286,2013-11-23 16:30:00+00:00,0.0
5286,2013-11-23 17:00:00+00:00,0.01
5286,2013-11-23 17:30:00+00:00,0.0
5286,2013-11-23 18:00:00+00:00,0.0
5286,2013-11-23 18:30:00+00:00,0.0
5286,2013-11-23 19:00:00+00:00,0.0
5286,2013-11-23 19:30:00+00:00,0.0
5286,2013-11-23 20:00:00+00:00,0.0
5286,2013-11-23 20:30:00+00:00,0.0
5286,2013-11-23 21:00:00+00:00,0.0
5286,2013-11-23 21:30:00+00:00,0.0
5286,2013-11-23 22:00:00+00:00,0.0
5286,2013-11-23 22:30:00+00:00,0.0
5286,2013-11-23 23:00:00+00:00,0.0
5286,2013-11-23 23:30:00+00:00,0.0
5286,2013-11-24 00:00:00+00:00,0.0
5286,2013-11-24 00:30:00+00:00,0.0
5286,2013-11-24 01:00:00+00:00,0.0
5286,2013-11-24 01:30:00+00:00,0.0
5286,2013-11-24 02:00:00+00:00,0.0
5286,2013-11-24 02:30:00+00:00,0.0
5286,2013-11-24 03:00:00+00:00,0.0
5286,2013-11-24 03:30:00+00:00,0.0
5286,2013-11-24 04:00:00+00:00,0.0
5286,2013-11-24 04:30:00+00:00,0.0
5286,2013-11-24 05:00:00+00:00,0.0
5286,2013-11-24 05:30:00+00:00,0.0
5286,2013-11-24 06:00:00+00:00,0.0
5286,2013-11-24 06:30:00+00:00,0.0
5286,2013-11-24 07:00:00+00:00,0.0
5286,2013-11-24 07:30:00+00:00,0.0
5286,2013-11-24 08:00:00+00:00,0.01
5286,2013-11-24 08:30:00+00:00,5.77
5286,2013-11-24 09:00:00+00:00,43.54
5286,2013-11-24 09:30:00+00:00,57.96
5286,2013-11-24 10:00:00+00:00,229.6
5286,2013-11-24 10:30:00+00:00,343.13
5286,2013-11-24 11:00:00+00:00,135.02
5286,2013-11-24 11:30:00+00:00,183.52
5286,2013-11-24 12:00:00+00:00,181.08
5286,2013-11-24 12:30:00+00:00,111.74
5286,2013-11-24 13:00:00+00:00,64.31
5286,2013-11-24 13:30:00+00:00,64.83
5286,2013-11-24 14:00:00+00:00,50.24
5286,2013-11-24 14:30:00+00:00,57.43
5286,2013-11-24 15:00:00+00:00,84.06
5286,2013-11-24 15:30:00+00:00,18.77
5286,2013-11-24 16:00:00+00:00,0.01
5286,2013-11-24 16:30:00+00:00,0.01
5286,2013-11-24 17:00:00+00:00,0.0
5286,2013-11-24 17:30:00+00:00,0.0
5286,2013-11-24 18:00:00+00:00,0.0
5286,2013-11-24 18:30:00+00:00,0.0
5286,2013-11-24 19:00:00+00:00,0.0
5286,2013-11-24 19:30:00+00:00,0.0
5286,2013-11-24 20:00:00+00:00,0.0
5286,2013-11-24 20:30:00+00:00,0.0
5286,2013-11-24 21:00:00+00:00,0.0
5286,2013-11-24 21:30:00+00:00,0.0
5286,2013-11-24 22:00:00+00:00,0.0
5286,2013-11-24 22:30:00+00:00,0.0
5286,2013-11-24 23:00:00+00:00,0.0
5286,2013-11-24 23:30:00+00:00,0.0
5286,2013-11-25 00:00:00+00:00,0.0
5286,2013-11-25 00:30:00+00:00,0.0
5286,2013-11-25 01:00:00+00:00,0.0
5286,2013-11-25 01:30:00+00:00,0.0
5286,2013-11-25 02:00:00+00:00,0.0
5286,2013-11-25 02:30:00+00:00,0.0
5286,2013-11-25 03:00:00+00:00,0.0
5286,2013-11-25 03:30:00+00:00,0.0
5286,2013-11-25 04:00:00+00:00,0.0
5286,2013-11-25 04:30:00+00:00,0.0
5286,2013-11-25 05:00:00+00:00,0.0
5286,2013-11-25 05:30:00+00:00,0.0
5286,2013-11-25 06:00:00+00:00,0.0
5286,2013-11-25 06:30:00+00:00,0.0
5286,2013-11-25 07:00:00+00:00,0.0
5286,2013-11-25 07:30:00+00:00,0.0
5286,2013-11-25 08:00:00+00:00,3.14
5286,2013-11-25 08:30:00+00:00,34.71
5286,2013-11-25 09:00:00+00:00,219.95
5286,2013-11-25 09:30:00+00:00,393.8
5286,2013-11-25 10:00:00+00:00,475.17
5286,2013-11-25 10:30:00+00:00,434.71
5286,2013-11-25 11:00:00+00:00,696.85
5286,2013-11-25 11:30:00+00:00,427.52
5286,2013-11-25 12:00:00+00:00,546.1
5286,2013-11-25 12:30:00+00:00,317.79
5286,2013-11-25 13:00:00+00:00,467.97
5286,2013-11-25 13:30:00+00:00,195.58
5286,2013-11-25 14:00:00+00:00,244.57
5286,2013-11-25 14:30:00+00:00,58.6
5286,2013-11-25 15:00:00+00:00,18.99
5286,2013-11-25 15:30:00+00:00,10.87
5286,2013-11-25 16:00:00+00:00,0.94
5286,2013-11-25 16:30:00+00:00,0.01
5286,2013-11-25 17:00:00+00:00,0.0
5286,2013-11-25 17:30:00+00:00,0.0
5286,2013-11-25 18:00:00+00:00,0.0
5286,2013-11-25 18:30:00+00:00,0.0
5286,2013-11-25 19:00:00+00:00,0.0
5286,2013-11-25 19:30:00+00:00,0.0
5286,2013-11-25 20:00:00+00:00,0.0
5286,2013-11-25 20:30:00+00:00,0.0
5286,2013-11-25 21:00:00+00:00,0.0
5286,2013-11-25 21:30:00+00:00,0.0
5286,2013-11-25 22:00:00+00:00,0.0
5286,2013-11-25 22:30:00+00:00,0.0
5286,2013-11-25 23:00:00+00:00,0.0
5286,2013-11-25 23:30:00+00:00,0.0
5286,2013-11-26 00:00:00+00:00,0.0
5286,2013-11-26 00:30:00+00:00,0.0
5286,2013-11-26 01:00:00+00:00,0.0
5286,2013-11-26 01:30:00+00:00,0.0
5286,2013-11-26 02:00:00+00:00,0.0
5286,2013-11-26 02:30:00+00:00,0.0
5286,2013-11-26 03:00:00+00:00,0.0
5286,2013-11-26 03:30:00+00:00,0.0
5286,2013-11-26 04:00:00+00:00,0.0
5286,2013-11-26 04:30:00+00:00,0.0
5286,2013-11-26 05:00:00+00:00,0.0
5286,2013-11-26 05:30:00+00:00,0.0
5286,2013-11-26 06:00:00+00:00,0.0
5286,2013-11-26 06:30:00+00:00,0.0
5286,2013-11-26 07:00:00+00:00,0.0
5286,2013-11-26 07:30:00+00:00,0.0
5286,2013-11-26 08:00:00+00:00,0.0
5286,2013-11-26 08:30:00+00:00,19.32
5286,2013-11-26 09:00:00+00:00,177.84
5286,2013-11-26 09:30:00+00:00,384.03
5286,2013-11-26 10:00:00+00:00,571.6
5286,2013-11-26 10:30:00+00:00,562.0
5286,2013-11-26 11:00:00+00:00,553.15
5286,2013-11-26 11:30:00+00:00,495.53
5286,2013-11-26 12:00:00+00:00,590.65
5286,2013-11-26 12:30:00+00:00,407.41
5286,2013-11-26 13:00:00+00:00,304.68
5286,2013-11-26 13:30:00+00:00,263.29
5286,2013-11-26 14:00:00+00:00,149.34
5286,2013-11-26 14:30:00+00:00,158.77
5286,2013-11-26 15:00:00+00:00,57.37
5286,2013-11-26 15:30:00+00:00,6.41
5286,2013-11-26 16:00:00+00:00,0.01
5286,2013-11-26 16:30:00+00:00,0.01
5286,2013-11-26 17:00:00+00:00,0.0
5286,2013-11-26 17:30:00+00:00,0.0
5286,2013-11-26 18:00:00+00:00,0.0
5286,2013-11-26 18:30:00+00:00,0.0
5286,2013-11-26 19:00:00+00:00,0.0
5286,2013-11-26 19:30:00+00:00,0.0
5286,2013-11-26 20:00:00+00:00,0.0
5286,2013-11-26 20:30:00+00:00,0.0
5286,2013-11-26 21:00:00+00:00,0.0
5286,2013-11-26 21:30:00+00:00,0.0
5286,2013-11-26 22:00:00+00:00,0.0
5286,2013-11-26 22:30:00+00:00,0.0
5286,2013-11-26 23:00:00+00:00,0.0
5286,2013-11-26 23:30:00+00:00,0.0
5286,2013-11-27 00:00:00+00:00,0.0
5286,2013-11-27 00:30:00+00:00,0.0
5286,2013-11-27 01:00:00+00:00,0.0
5286,2013-11-27 01:30:00+00:00,0.0
5286,2013-11-27 02:00:00+00:00,0.0
5286,2013-11-27 02:30:00+00:00,0.0
5286,2013-11-27 03:00:00+00:00,0.0
5286,2013-11-27 03:30:00+00:00,0.0
5286,2013-11-27 04:00:00+00:00,0.0
5286,2013-11-27 04:30:00+00:00,0.0
5286,2013-11-27 05:00:00+00:00,0.0
5286,2013-11-27 05:30:00+00:00,0.0
5286,2013-11-27 06:00:00+00:00,0.0
5286,2013-11-27 06:30:00+00:00,0.0
5286,2013-11-27 07:00:00+00:00,0.0
5286,2013-11-27 07:30:00+00:00,0.0
5286,2013-11-27 08:00:00+00:00,0.0
5286,2013-11-27 08:30:00+00:00,0.01
5286,2013-11-27 09:00:00+00:00,7.25
5286,2013-11-27 09:30:00+00:00,36.82
5286,2013-11-27 10:00:00+00:00,69.51
5286,2013-11-27 10:30:00+00:00,76.29
5286,2013-11-27 11:00:00+00:00,67.82
5286,2013-11-27 11:30:00+00:00,44.35
5286,2013-11-27 12:00:00+00:00,57.96
5286,2013-11-27 12:30:00+00:00,102.52
5286,2013-11-27 13:00:00+00:00,121.17
5286,2013-11-27 13:30:00+00:00,79.83
5286,2013-11-27 14:00:00+00:00,47.07
5286,2013-11-27 14:30:00+00:00,17.5
5286,2013-11-27 15:00:00+00:00,25.92
5286,2013-11-27 15:30:00+00:00,1.53
5286,2013-11-27 16:00:00+00:00,0.01
5286,2013-11-27 16:30:00+00:00,0.01
5286,2013-11-27 17:00:00+00:00,0.0
5286,2013-11-27 17:30:00+00:00,0.0
5286,2013-11-27 18:00:00+00:00,0.0
5286,2013-11-27 18:30:00+00:00,0.0
5286,2013-11-27 19:00:00+00:00,0.0
5286,2013-11-27 19:30:00+00:00,0.0
5286,2013-11-27 20:00:00+00:00,0.0
5286,2013-11-27 20:30:00+00:00,0.0
5286,2013-11-27 21:00:00+00:00,0.0
5286,2013-11-27 21:30:00+00:00,0.0
5286,2013-11-27 22:00:00+00:00,0.0
5286,2013-11-27 22:30:00+00:00,0.0
5286,2013-11-27 23:00:00+00:00,0.0
5286,2013-11-27 23:30:00+00:00,0.0
5286,2013-11-28 00:00:00+00:00,0.0
5286,2013-11-28 00:30:00+00:00,0.0
5286,2013-11-28 01:00:00+00:00,0.0
5286,2013-11-28 01:30:00+00:00,0.0
5286,2013-11-28 02:00:00+00:00,0.0
5286,2013-11-28 02:30:00+00:00,0.0
5286,2013-11-28 03:00:00+00:00,0.0
5286,2013-11-28 03:30:00+00:00,0.0
5286,2013-11-28 04:00:00+00:00,0.0
5286,2013-11-28 04:30:00+00:00,0.0
5286,2013-11-28 05:00:00+00:00,0.0
5286,2013-11-28 05:30:00+00:00,0.0
5286,2013-11-28 06:00:00+00:00,0.0
5286,2013-11-28 06:30:00+00:00,0.0
5286,2013-11-28 07:00:00+00:00,0.0
5286,2013-11-28 07:30:00+00:00,0.0
5286,2013-11-28 08:00:00+00:00,0.0
5286,2013-11-28 08:30:00+00:00,0.0
5286,2013-11-28 09:00:00+00:00,0.01
5286,2013-11-28 09:30:00+00:00,5.94
5286,2013-11-28 10:00:00+00:00,14.79
5286,2013-11-28 10:30:00+00:00,20.22
5286,2013-11-28 11:00:00+00:00,29.33
5286,2013-11-28 11:30:00+00:00,36.79
5286,2013-11-28 12:00:00+00:00,83.72
5286,2013-11-28 12:30:00+00:00,58.07
5286,2013-11-28 13:00:00+00:00,46.62
5286,2013-11-28 13:30:00+00:00,50.9
5286,2013-11-28 14:00:00+00:00,21.51
5286,2013-11-28 14:30:00+00:00,14.83
5286,2013-11-28 15:00:00+00:00,15.28
5286,2013-11-28 15:30:00+00:00,6.78
5286,2013-11-28 16:00:00+00:00,0.01
5286,2013-11-28 16:30:00+00:00,0.01
5286,2013-11-28 17:00:00+00:00,0.0
5286,2013-11-28 17:30:00+00:00,0.0
5286,2013-11-28 18:00:00+00:00,0.0
5286,2013-11-28 18:30:00+00:00,0.0
5286,2013-11-28 19:00:00+00:00,0.0
5286,2013-11-28 19:30:00+00:00,0.0
5286,2013-11-28 20:00:00+00:00,0.0
5286,2013-11-28 20:30:00+00:00,0.0
5286,2013-11-28 21:00:00+00:00,0.0
5286,2013-11-28 21:30:00+00:00,0.0
5286,2013-11-28 22:00:00+00:00,0.0
5286,2013-11-28 22:30:00+00:00,0.0
5286,2013-11-28 23:00:00+00:00,0.0
5286,2013-11-28 23:30:00+00:00,0.0
5286,2013-11-29 00:00:00+00:00,0.0
5286,2013-11-29 00:30:00+00:00,0.0
5286,2013-11-29 01:00:00+00:00,0.0
5286,2013-11-29 01:30:00+00:00,0.0
5286,2013-11-29 02:00:00+00:00,0.0
5286,2013-11-29 02:30:00+00:00,0.0
5286,2013-11-29 03:00:00+00:00,0.0
5286,2013-11-29 03:30:00+00:00,0.0
5286,2013-11-29 04:00:00+00:00,0.0
5286,2013-11-29 04:30:00+00:00,0.0
5286,2013-11-29 05:00:00+00:00,0.0
5286,2013-11-29 05:30:00+00:00,0.0
5286,2013-11-29 06:00:00+00:00,0.0
5286,2013-11-29 06:30:00+00:00,0.0
5286,2013-11-29 07:00:00+00:00,0.0
5286,2013-11-29 07:30:00+00:00,0.0
5286,2013-11-29 08:00:00+00:00,0.0
5286,2013-11-29 08:30:00+00:00,5.0
5286,2013-11-29 09:00:00+00:00,12.79
5286,2013-11-29 09:30:00+00:00,44.3
5286,2013-11-29 10:00:00+00:00,67.88
5286,2013-11-29 10:30:00+00:00,81.2
5286,2013-11-29 11:00:00+00:00,127.96
5286,2013-11-29 11:30:00+00:00,123.94
5286,2013-11-29 12:00:00+00:00,155.19
5286,2013-11-29 12:30:00+00:00,103.16
5286,2013-11-29 13:00:00+00:00,87.91
5286,2013-11-29 13:30:00+00:00,36.74
5286,2013-11-29 14:00:00+00:00,9.27
5286,2013-11-29 14:30:00+00:00,18.21
5286,2013-11-29 15:00:00+00:00,14.73
5286,2013-11-29 15:30:00+00:00,9.67
5286,2013-11-29 16:00:00+00:00,0.01
5286,2013-11-29 16:30:00+00:00,0.01
5286,2013-11-29 17:00:00+00:00,0.0
5286,2013-11-29 17:30:00+00:00,0.0
5286,2013-11-29 18:00:00+00:00,0.0
5286,2013-11-29 18:30:00+00:00,0.0
5286,2013-11-29 19:00:00+00:00,0.0
5286,2013-11-29 19:30:00+00:00,0.0
5286,2013-11-29 20:00:00+00:00,0.0
5286,2013-11-29 20:30:00+00:00,0.0
5286,2013-11-29 21:00:00+00:00,0.0
5286,2013-11-29 21:30:00+00:00,0.0
5286,2013-11-29 22:00:00+00:00,0.0
5286,2013-11-29 22:30:00+00:00,0.0
5286,2013-11-29 23:00:00+00:00,0.0
5286,2013-11-29 23:30:00+00:00,0.0
5286,2013-11-30 00:00:00+00:00,0.0
5286,2013-11-30 00:30:00+00:00,0.0
5286,2013-11-30 01:00:00+00:00,0.0
5286,2013-11-30 01:30:00+00:00,0.0
5286,2013-11-30 02:00:00+00:00,0.0
5286,2013-11-30 02:30:00+00:00,0.0
5286,2013-11-30 03:00:00+00:00,0.0
5286,2013-11-30 03:30:00+00:00,0.0
5286,2013-11-30 04:00:00+00:00,0.0
5286,2013-11-30 04:30:00+00:00,0.0
5286,2013-11-30 05:00:00+00:00,0.0
5286,2013-11-30 05:30:00+00:00,0.0
5286,2013-11-30 06:00:00+00:00,0.0
5286,2013-11-30 06:30:00+00:00,0.0
5286,2013-11-30 07:00:00+00:00,0.0
5286,2013-11-30 07:30:00+00:00,0.0
5286,2013-11-30 08:00:00+00:00,0.0
5286,2013-11-30 08:30:00+00:00,33.18
5286,2013-11-30 09:00:00+00:00,261.41
5286,2013-11-30 09:30:00+00:00,453.94
5286,2013-11-30 10:00:00+00:00,120.68
5286,2013-11-30 10:30:00+00:00,61.49
5286,2013-11-30 11:00:00+00:00,88.33
5286,2013-11-30 11:30:00+00:00,76.85
5286,2013-11-30 12:00:00+00:00,89.15
5286,2013-11-30 12:30:00+00:00,133.59
5286,2013-11-30 13:00:00+00:00,88.42
5286,2013-11-30 13:30:00+00:00,84.48
5286,2013-11-30 14:00:00+00:00,48.56
5286,2013-11-30 14:30:00+00:00,96.23
5286,2013-11-30 15:00:00+00:00,37.9
5286,2013-11-30 15:30:00+00:00,3.51
5286,2013-11-30 16:00:00+00:00,0.01
5286,2013-11-30 16:30:00+00:00,0.0
5286,2013-11-30 17:00:00+00:00,0.0
5286,2013-11-30 17:30:00+00:00,0.0
5286,2013-11-30 18:00:00+00:00,0.0
5286,2013-11-30 18:30:00+00:00,0.0
5286,2013-11-30 19:00:00+00:00,0.0
5286,2013-11-30 19:30:00+00:00,0.0
5286,2013-11-30 20:00:00+00:00,0.0
5286,2013-11-30 20:30:00+00:00,0.0
5286,2013-11-30 21:00:00+00:00,0.0
5286,2013-11-30 21:30:00+00:00,0.0
5286,2013-11-30 22:00:00+00:00,0.0
5286,2013-11-30 22:30:00+00:00,0.0
5286,2013-11-30 23:00:00+00:00,0.0
5286,2013-11-30 23:30:00+00:00,0.0
5286,2013-12-01 00:30:00+00:00,0.0
5286,2013-12-01 01:00:00+00:00,0.0
5286,2013-12-01 01:30:00+00:00,0.0
5286,2013-12-01 02:00:00+00:00,0.0
5286,2013-12-01 02:30:00+00:00,0.0
5286,2013-12-01 03:00:00+00:00,0.0
5286,2013-12-01 03:30:00+00:00,0.0
5286,2013-12-01 04:00:00+00:00,0.0
5286,2013-12-01 04:30:00+00:00,0.0
5286,2013-12-01 05:00:00+00:00,0.0
5286,2013-12-01 05:30:00+00:00,0.0
5286,2013-12-01 06:00:00+00:00,0.0
5286,2013-12-01 06:30:00+00:00,0.0
5286,2013-12-01 07:00:00+00:00,0.0
5286,2013-12-01 07:30:00+00:00,0.0
5286,2013-12-01 08:00:00+00:00,0.0
5286,2013-12-01 08:30:00+00:00,0.0
5286,2013-12-01 09:00:00+00:00,8.1
5286,2013-12-01 09:30:00+00:00,30.58
5286,2013-12-01 10:00:00+00:00,35.82
5286,2013-12-01 10:30:00+00:00,45.66
5286,2013-12-01 11:00:00+00:00,54.88
5286,2013-12-01 11:30:00+00:00,70.4
5286,2013-12-01 12:00:00+00:00,82.47
5286,2013-12-01 12:30:00+00:00,83.27
5286,2013-12-01 13:00:00+00:00,73.7
5286,2013-12-01 13:30:00+00:00,393.63
5286,2013-12-01 14:00:00+00:00,122.48
5286,2013-12-01 14:30:00+00:00,83.98
5286,2013-12-01 15:00:00+00:00,184.06
5286,2013-12-01 15:30:00+00:00,17.06
5286,2013-12-01 16:00:00+00:00,0.02
5286,2013-12-01 16:30:00+00:00,0.01
5286,2013-12-01 17:00:00+00:00,0.0
5286,2013-12-01 17:30:00+00:00,0.0
5286,2013-12-01 18:00:00+00:00,0.0
5286,2013-12-01 18:30:00+00:00,0.0
5286,2013-12-01 19:00:00+00:00,0.0
5286,2013-12-01 19:30:00+00:00,0.0
5286,2013-12-01 20:00:00+00:00,0.0
5286,2013-12-01 20:30:00+00:00,0.0
5286,2013-12-01 21:00:00+00:00,0.0
5286,2013-12-01 21:30:00+00:00,0.0
5286,2013-12-01 22:00:00+00:00,0.0
5286,2013-12-01 22:30:00+00:00,0.0
5286,2013-12-01 23:00:00+00:00,0.0
5286,2013-12-01 23:30:00+00:00,0.0
5286,2013-12-02 00:00:00+00:00,0.0
5286,2013-12-02 00:30:00+00:00,0.0
5286,2013-12-02 01:00:00+00:00,0.0
5286,2013-12-02 01:30:00+00:00,0.0
5286,2013-12-02 02:00:00+00:00,0.0
5286,2013-12-02 02:30:00+00:00,0.0
5286,2013-12-02 03:00:00+00:00,0.0
5286,2013-12-02 03:30:00+00:00,0.0
5286,2013-12-02 04:00:00+00:00,0.0
5286,2013-12-02 04:30:00+00:00,0.0
5286,2013-12-02 05:00:00+00:00,0.0
5286,2013-12-02 05:30:00+00:00,0.0
5286,2013-12-02 06:00:00+00:00,0.0
5286,2013-12-02 06:30:00+00:00,0.0
5286,2013-12-02 07:00:00+00:00,0.0
5286,2013-12-02 07:30:00+00:00,0.0
5286,2013-12-02 08:00:00+00:00,0.0
5286,2013-12-02 08:30:00+00:00,0.03
5286,2013-12-02 09:00:00+00:00,6.54
5286,2013-12-02 09:30:00+00:00,20.6
5286,2013-12-02 10:00:00+00:00,18.04
5286,2013-12-02 10:30:00+00:00,36.57
5286,2013-12-02 11:00:00+00:00,34.09
5286,2013-12-02 11:30:00+00:00,49.11
5286,2013-12-02 12:00:00+00:00,74.96
5286,2013-12-02 12:30:00+00:00,67.27
5286,2013-12-02 13:00:00+00:00,64.0
5286,2013-12-02 13:30:00+00:00,39.6
5286,2013-12-02 14:00:00+00:00,46.43
5286,2013-12-02 14:30:00+00:00,47.45
5286,2013-12-02 15:00:00+00:00,20.5
5286,2013-12-02 15:30:00+00:00,3.85
5286,2013-12-02 16:00:00+00:00,0.01
5286,2013-12-02 16:30:00+00:00,0.0
5286,2013-12-02 17:00:00+00:00,0.0
5286,2013-12-02 17:30:00+00:00,0.0
5286,2013-12-02 18:00:00+00:00,0.0
5286,2013-12-02 18:30:00+00:00,0.0
5286,2013-12-02 19:00:00+00:00,0.0
5286,2013-12-02 19:30:00+00:00,0.0
5286,2013-12-02 20:00:00+00:00,0.0
5286,2013-12-02 20:30:00+00:00,0.0
5286,2013-12-02 21:00:00+00:00,0.0
5286,2013-12-02 21:30:00+00:00,0.0
5286,2013-12-02 22:00:00+00:00,0.0
5286,2013-12-02 22:30:00+00:00,0.0
5286,2013-12-02 23:00:00+00:00,0.0
5286,2013-12-02 23:30:00+00:00,0.0
5286,2013-12-03 00:00:00+00:00,0.0
5286,2013-12-03 00:30:00+00:00,0.0
5286,2013-12-03 01:00:00+00:00,0.0
5286,2013-12-03 01:30:00+00:00,0.0
5286,2013-12-03 02:00:00+00:00,0.0
5286,2013-12-03 02:30:00+00:00,0.0
5286,2013-12-03 03:00:00+00:00,0.0
5286,2013-12-03 03:30:00+00:00,0.0
5286,2013-12-03 04:00:00+00:00,0.0
5286,2013-12-03 04:30:00+00:00,0.0
5286,2013-12-03 05:00:00+00:00,0.0
5286,2013-12-03 05:30:00+00:00,0.0
5286,2013-12-03 06:00:00+00:00,0.0
5286,2013-12-03 06:30:00+00:00,0.0
5286,2013-12-03 07:00:00+00:00,0.0
5286,2013-12-03 07:30:00+00:00,0.0
5286,2013-12-03 08:00:00+00:00,0.0
5286,2013-12-03 08:30:00+00:00,0.01
5286,2013-12-03 09:00:00+00:00,2.96
5286,2013-12-03 09:30:00+00:00,16.67
5286,2013-12-03 10:00:00+00:00,27.38
5286,2013-12-03 10:30:00+00:00,49.37
5286,2013-12-03 11:00:00+00:00,55.85
5286,2013-12-03 11:30:00+00:00,60.29
5286,2013-12-03 12:00:00+00:00,52.08
5286,2013-12-03 12:30:00+00:00,51.37
5286,2013-12-03 13:00:00+00:00,48.45
5286,2013-12-03 13:30:00+00:00,44.9
5286,2013-12-03 14:00:00+00:00,33.47
5286,2013-12-03 14:30:00+00:00,19.41
5286,2013-12-03 15:00:00+00:00,4.38
5286,2013-12-03 15:30:00+00:00,0.01
5286,2013-12-03 16:00:00+00:00,0.01
5286,2013-12-03 16:30:00+00:00,0.0
5286,2013-12-03 17:00:00+00:00,0.0
5286,2013-12-03 17:30:00+00:00,0.0
5286,2013-12-03 18:00:00+00:00,0.0
5286,2013-12-03 18:30:00+00:00,0.0
5286,2013-12-03 19:00:00+00:00,0.0
5286,2013-12-03 19:30:00+00:00,0.0
5286,2013-12-03 20:00:00+00:00,0.0
5286,2013-12-03 20:30:00+00:00,0.0
5286,2013-12-03 21:00:00+00:00,0.0
5286,2013-12-03 21:30:00+00:00,0.0
5286,2013-12-03 22:00:00+00:00,0.0
5286,2013-12-03 22:30:00+00:00,0.0
5286,2013-12-03 23:00:00+00:00,0.0
5286,2013-12-03 23:30:00+00:00,0.0
5286,2013-12-04 00:00:00+00:00,0.0
5286,2013-12-04 00:30:00+00:00,0.0
5286,2013-12-04 01:00:00+00:00,0.0
5286,2013-12-04 01:30:00+00:00,0.0
5286,2013-12-04 02:00:00+00:00,0.0
5286,2013-12-04 02:30:00+00:00,0.0
5286,2013-12-04 03:00:00+00:00,0.0
5286,2013-12-04 03:30:00+00:00,0.0
5286,2013-12-04 04:00:00+00:00,0.0
5286,2013-12-04 04:30:00+00:00,0.0
5286,2013-12-04 05:00:00+00:00,0.0
5286,2013-12-04 05:30:00+00:00,0.0
5286,2013-12-04 06:00:00+00:00,0.0
5286,2013-12-04 06:30:00+00:00,0.0
5286,2013-12-04 07:00:00+00:00,0.0
5286,2013-12-04 07:30:00+00:00,0.0
5286,2013-12-04 08:00:00+00:00,0.0
5286,2013-12-04 08:30:00+00:00,2.68
5286,2013-12-04 09:00:00+00:00,98.88
5286,2013-12-04 09:30:00+00:00,87.8
5286,2013-12-04 10:00:00+00:00,39.73
5286,2013-12-04 10:30:00+00:00,71.27
5286,2013-12-04 11:00:00+00:00,41.93
5286,2013-12-04 11:30:00+00:00,43.75
5286,2013-12-04 12:00:00+00:00,47.52
5286,2013-12-04 12:30:00+00:00,47.46
5286,2013-12-04 13:00:00+00:00,98.53
5286,2013-12-04 13:30:00+00:00,102.79
5286,2013-12-04 14:00:00+00:00,86.56
5286,2013-12-04 14:30:00+00:00,62.49
5286,2013-12-04 15:00:00+00:00,44.92
5286,2013-12-04 15:30:00+00:00,15.56
5286,2013-12-04 16:00:00+00:00,0.13
5286,2013-12-04 16:30:00+00:00,0.01
5286,2013-12-04 17:00:00+00:00,0.0
5286,2013-12-04 17:30:00+00:00,0.0
5286,2013-12-04 18:00:00+00:00,0.0
5286,2013-12-04 18:30:00+00:00,0.0
5286,2013-12-04 19:00:00+00:00,0.0
5286,2013-12-04 19:30:00+00:00,0.0
5286,2013-12-04 20:00:00+00:00,0.0
5286,2013-12-04 20:30:00+00:00,0.0
5286,2013-12-04 21:00:00+00:00,0.0
5286,2013-12-04 21:30:00+00:00,0.0
5286,2013-12-04 22:00:00+00:00,0.0
5286,2013-12-04 22:30:00+00:00,0.0
5286,2013-12-04 23:00:00+00:00,0.0
5286,2013-12-04 23:30:00+00:00,0.0
5286,2013-12-05 00:00:00+00:00,0.0
5286,2013-12-05 00:30:00+00:00,0.0
5286,2013-12-05 01:00:00+00:00,0.0
5286,2013-12-05 01:30:00+00:00,0.0
5286,2013-12-05 02:00:00+00:00,0.0
5286,2013-12-05 02:30:00+00:00,0.0
5286,2013-12-05 03:00:00+00:00,0.0
5286,2013-12-05 03:30:00+00:00,0.0
5286,2013-12-05 04:00:00+00:00,0.0
5286,2013-12-05 04:30:00+00:00,0.0
5286,2013-12-05 05:00:00+00:00,0.0
5286,2013-12-05 05:30:00+00:00,0.0
5286,2013-12-05 06:00:00+00:00,0.0
5286,2013-12-05 06:30:00+00:00,0.0
5286,2013-12-05 07:00:00+00:00,0.0
5286,2013-12-05 07:30:00+00:00,0.0
5286,2013-12-05 08:00:00+00:00,0.01
5286,2013-12-05 08:30:00+00:00,4.38
5286,2013-12-05 09:00:00+00:00,19.1
5286,2013-12-05 09:30:00+00:00,41.49
5286,2013-12-05 10:00:00+00:00,77.53
5286,2013-12-05 10:30:00+00:00,88.97
5286,2013-12-05 11:00:00+00:00,190.32
5286,2013-12-05 11:30:00+00:00,273.72
5286,2013-12-05 12:00:00+00:00,451.42
5286,2013-12-05 12:30:00+00:00,204.49
5286,2013-12-05 13:00:00+00:00,96.15
5286,2013-12-05 13:30:00+00:00,313.57
5286,2013-12-05 14:00:00+00:00,81.34
5286,2013-12-05 14:30:00+00:00,58.12
5286,2013-12-05 15:00:00+00:00,11.92
5286,2013-12-05 15:30:00+00:00,0.02
5286,2013-12-05 16:00:00+00:00,0.01
5286,2013-12-05 16:30:00+00:00,0.01
5286,2013-12-05 17:00:00+00:00,0.0
5286,2013-12-05 17:30:00+00:00,0.0
5286,2013-12-05 18:00:00+00:00,0.0
5286,2013-12-05 18:30:00+00:00,0.0
5286,2013-12-05 19:00:00+00:00,0.0
5286,2013-12-05 19:30:00+00:00,0.0
5286,2013-12-05 20:00:00+00:00,0.0
5286,2013-12-05 20:30:00+00:00,0.0
5286,2013-12-05 21:00:00+00:00,0.0
5286,2013-12-05 21:30:00+00:00,0.0
5286,2013-12-05 22:00:00+00:00,0.0
5286,2013-12-05 22:30:00+00:00,0.0
5286,2013-12-05 23:00:00+00:00,0.0
5286,2013-12-05 23:30:00+00:00,0.0
5286,2013-12-06 00:00:00+00:00,0.0
5286,2013-12-06 00:30:00+00:00,0.0
5286,2013-12-06 01:00:00+00:00,0.0
5286,2013-12-06 01:30:00+00:00,0.0
5286,2013-12-06 02:00:00+00:00,0.0
5286,2013-12-06 02:30:00+00:00,0.0
5286,2013-12-06 03:00:00+00:00,0.0
5286,2013-12-06 03:30:00+00:00,0.0
5286,2013-12-06 04:00:00+00:00,0.0
5286,2013-12-06 04:30:00+00:00,0.0
5286,2013-12-06 05:00:00+00:00,0.0
5286,2013-12-06 05:30:00+00:00,0.0
5286,2013-12-06 06:00:00+00:00,0.0
5286,2013-12-06 06:30:00+00:00,0.0
5286,2013-12-06 07:00:00+00:00,0.0
5286,2013-12-06 07:30:00+00:00,0.0
5286,2013-12-06 08:00:00+00:00,0.0
5286,2013-12-06 08:30:00+00:00,55.76
5286,2013-12-06 09:00:00+00:00,67.48
5286,2013-12-06 09:30:00+00:00,45.89
5286,2013-12-06 10:00:00+00:00,86.24
5286,2013-12-06 10:30:00+00:00,355.85
5286,2013-12-06 11:00:00+00:00,215.77
5286,2013-12-06 11:30:00+00:00,615.25
5286,2013-12-06 12:00:00+00:00,280.6
5286,2013-12-06 12:30:00+00:00,85.27
5286,2013-12-06 13:00:00+00:00,69.13
5286,2013-12-06 13:30:00+00:00,89.07
5286,2013-12-06 14:00:00+00:00,27.47
5286,2013-12-06 14:30:00+00:00,13.27
5286,2013-12-06 15:00:00+00:00,10.26
5286,2013-12-06 15:30:00+00:00,0.31
5286,2013-12-06 16:00:00+00:00,0.01
5286,2013-12-06 16:30:00+00:00,0.0
5286,2013-12-06 17:00:00+00:00,0.0
5286,2013-12-06 17:30:00+00:00,0.0
5286,2013-12-06 18:00:00+00:00,0.0
5286,2013-12-06 18:30:00+00:00,0.0
5286,2013-12-06 19:00:00+00:00,0.0
5286,2013-12-06 19:30:00+00:00,0.0
5286,2013-12-06 20:00:00+00:00,0.0
5286,2013-12-06 20:30:00+00:00,0.0
5286,2013-12-06 21:00:00+00:00,0.0
5286,2013-12-06 21:30:00+00:00,0.0
5286,2013-12-06 22:00:00+00:00,0.0
5286,2013-12-06 22:30:00+00:00,0.0
5286,2013-12-06 23:00:00+00:00,0.0
5286,2013-12-06 23:30:00+00:00,0.0
5286,2013-12-07 00:00:00+00:00,0.0
5286,2013-12-07 00:30:00+00:00,0.0
5286,2013-12-07 01:00:00+00:00,0.0
5286,2013-12-07 01:30:00+00:00,0.0
5286,2013-12-07 02:00:00+00:00,0.0
5286,2013-12-07 02:30:00+00:00,0.0
5286,2013-12-07 03:00:00+00:00,0.0
5286,2013-12-07 03:30:00+00:00,0.0
5286,2013-12-07 04:00:00+00:00,0.0
5286,2013-12-07 04:30:00+00:00,0.0
5286,2013-12-07 05:00:00+00:00,0.0
5286,2013-12-07 05:30:00+00:00,0.0
5286,2013-12-07 06:00:00+00:00,0.0
5286,2013-12-07 06:30:00+00:00,0.0
5286,2013-12-07 07:00:00+00:00,0.0
5286,2013-12-07 07:30:00+00:00,0.0
5286,2013-12-07 08:00:00+00:00,0.0
5286,2013-12-07 08:30:00+00:00,5.28
5286,2013-12-07 09:00:00+00:00,10.17
5286,2013-12-07 09:30:00+00:00,26.96
5286,2013-12-07 10:00:00+00:00,35.5
5286,2013-12-07 10:30:00+00:00,39.15
5286,2013-12-07 11:00:00+00:00,50.42
5286,2013-12-07 11:30:00+00:00,99.26
5286,2013-12-07 12:00:00+00:00,114.99
5286,2013-12-07 12:30:00+00:00,113.82
5286,2013-12-07 13:00:00+00:00,128.41
5286,2013-12-07 13:30:00+00:00,79.66
5286,2013-12-07 14:00:00+00:00,70.08
5286,2013-12-07 14:30:00+00:00,49.76
5286,2013-12-07 15:00:00+00:00,32.25
5286,2013-12-07 15:30:00+00:00,6.13
5286,2013-12-07 16:00:00+00:00,0.02
5286,2013-12-07 16:30:00+00:00,0.01
5286,2013-12-07 17:00:00+00:00,0.0
5286,2013-12-07 17:30:00+00:00,0.0
5286,2013-12-07 18:00:00+00:00,0.0
5286,2013-12-07 18:30:00+00:00,0.0
5286,2013-12-07 19:00:00+00:00,0.0
5286,2013-12-07 19:30:00+00:00,0.0
5286,2013-12-07 20:00:00+00:00,0.0
5286,2013-12-07 20:30:00+00:00,0.0
5286,2013-12-07 21:00:00+00:00,0.0
5286,2013-12-07 21:30:00+00:00,0.0
5286,2013-12-07 22:00:00+00:00,0.0
5286,2013-12-07 22:30:00+00:00,0.0
5286,2013-12-07 23:00:00+00:00,0.0
5286,2013-12-07 23:30:00+00:00,0.0
5286,2013-12-08 00:00:00+00:00,0.0
5286,2013-12-08 00:30:00+00:00,0.0
5286,2013-12-08 01:00:00+00:00,0.0
5286,2013-12-08 01:30:00+00:00,0.0
5286,2013-12-08 02:00:00+00:00,0.0
5286,2013-12-08 02:30:00+00:00,0.0
5286,2013-12-08 03:00:00+00:00,0.0
5286,2013-12-08 03:30:00+00:00,0.0
5286,2013-12-08 04:00:00+00:00,0.0
5286,2013-12-08 04:30:00+00:00,0.0
5286,2013-12-08 05:00:00+00:00,0.0
5286,2013-12-08 05:30:00+00:00,0.0
5286,2013-12-08 06:00:00+00:00,0.0
5286,2013-12-08 06:30:00+00:00,0.0
5286,2013-12-08 07:00:00+00:00,0.0
5286,2013-12-08 07:30:00+00:00,0.0
5286,2013-12-08 08:00:00+00:00,0.41
5286,2013-12-08 08:30:00+00:00,30.09
5286,2013-12-08 09:00:00+00:00,225.81
5286,2013-12-08 09:30:00+00:00,114.06
5286,2013-12-08 10:00:00+00:00,343.57
5286,2013-12-08 10:30:00+00:00,299.94
5286,2013-12-08 11:00:00+00:00,173.1
5286,2013-12-08 11:30:00+00:00,162.74
5286,2013-12-08 12:00:00+00:00,183.36
5286,2013-12-08 12:30:00+00:00,470.27
5286,2013-12-08 13:00:00+00:00,694.55
5286,2013-12-08 13:30:00+00:00,636.8
5286,2013-12-08 14:00:00+00:00,430.21
5286,2013-12-08 14:30:00+00:00,359.67
5286,2013-12-08 15:00:00+00:00,72.41
5286,2013-12-08 15:30:00+00:00,23.12
5286,2013-12-08 16:00:00+00:00,1.84
5286,2013-12-08 16:30:00+00:00,0.01
5286,2013-12-08 17:00:00+00:00,0.0
5286,2013-12-08 17:30:00+00:00,0.0
5286,2013-12-08 18:00:00+00:00,0.0
5286,2013-12-08 18:30:00+00:00,0.0
5286,2013-12-08 19:00:00+00:00,0.0
5286,2013-12-08 19:30:00+00:00,0.0
5286,2013-12-08 20:00:00+00:00,0.0
5286,2013-12-08 20:30:00+00:00,0.0
5286,2013-12-08 21:00:00+00:00,0.0
5286,2013-12-08 21:30:00+00:00,0.0
5286,2013-12-08 22:00:00+00:00,0.0
5286,2013-12-08 22:30:00+00:00,0.0
5286,2013-12-08 23:00:00+00:00,0.0
5286,2013-12-08 23:30:00+00:00,0.0
5286,2013-12-09 00:00:00+00:00,0.0
5286,2013-12-09 00:30:00+00:00,0.0
5286,2013-12-09 01:00:00+00:00,0.0
5286,2013-12-09 01:30:00+00:00,0.0
5286,2013-12-09 02:00:00+00:00,0.0
5286,2013-12-09 02:30:00+00:00,0.0
5286,2013-12-09 03:00:00+00:00,0.0
5286,2013-12-09 03:30:00+00:00,0.0
5286,2013-12-09 04:00:00+00:00,0.0
5286,2013-12-09 04:30:00+00:00,0.0
5286,2013-12-09 05:00:00+00:00,0.0
5286,2013-12-09 05:30:00+00:00,0.0
5286,2013-12-09 06:00:00+00:00,0.0
5286,2013-12-09 06:30:00+00:00,0.0
5286,2013-12-09 07:00:00+00:00,0.0
5286,2013-12-09 07:30:00+00:00,0.0
5286,2013-12-09 08:00:00+00:00,0.0
5286,2013-12-09 08:30:00+00:00,15.45
5286,2013-12-09 09:00:00+00:00,63.2
5286,2013-12-09 09:30:00+00:00,131.53
5286,2013-12-09 10:00:00+00:00,209.9
5286,2013-12-09 10:30:00+00:00,280.53
5286,2013-12-09 11:00:00+00:00,278.07
5286,2013-12-09 11:30:00+00:00,321.41
5286,2013-12-09 12:00:00+00:00,339.83
5286,2013-12-09 12:30:00+00:00,292.7
5286,2013-12-09 13:00:00+00:00,240.17
5286,2013-12-09 13:30:00+00:00,215.65
5286,2013-12-09 14:00:00+00:00,231.42
5286,2013-12-09 14:30:00+00:00,285.96
5286,2013-12-09 15:00:00+00:00,128.05
5286,2013-12-09 15:30:00+00:00,32.61
5286,2013-12-09 16:00:00+00:00,2.74
5286,2013-12-09 16:30:00+00:00,0.01
5286,2013-12-09 17:00:00+00:00,0.0
5286,2013-12-09 17:30:00+00:00,0.0
5286,2013-12-09 18:00:00+00:00,0.0
5286,2013-12-09 18:30:00+00:00,0.0
5286,2013-12-09 19:00:00+00:00,0.0
5286,2013-12-09 19:30:00+00:00,0.0
5286,2013-12-09 20:00:00+00:00,0.0
5286,2013-12-09 20:30:00+00:00,0.0
5286,2013-12-09 21:00:00+00:00,0.0
5286,2013-12-09 21:30:00+00:00,0.0
5286,2013-12-09 22:00:00+00:00,0.0
5286,2013-12-09 22:30:00+00:00,0.0
5286,2013-12-09 23:00:00+00:00,0.0
5286,2013-12-09 23:30:00+00:00,0.0
5286,2013-12-10 00:00:00+00:00,0.0
5286,2013-12-10 00:30:00+00:00,0.0
5286,2013-12-10 01:00:00+00:00,0.0
5286,2013-12-10 01:30:00+00:00,0.0
5286,2013-12-10 02:00:00+00:00,0.0
5286,2013-12-10 02:30:00+00:00,0.0
5286,2013-12-10 03:00:00+00:00,0.0
5286,2013-12-10 03:30:00+00:00,0.0
5286,2013-12-10 04:00:00+00:00,0.0
5286,2013-12-10 04:30:00+00:00,0.0
5286,2013-12-10 05:00:00+00:00,0.0
5286,2013-12-10 05:30:00+00:00,0.0
5286,2013-12-10 06:00:00+00:00,0.0
5286,2013-12-10 06:30:00+00:00,0.0
5286,2013-12-10 07:00:00+00:00,0.0
5286,2013-12-10 07:30:00+00:00,0.0
5286,2013-12-10 08:00:00+00:00,0.0
5286,2013-12-10 08:30:00+00:00,2.3
5286,2013-12-10 09:00:00+00:00,29.98
5286,2013-12-10 09:30:00+00:00,67.84
5286,2013-12-10 10:00:00+00:00,84.38
5286,2013-12-10 10:30:00+00:00,149.66
5286,2013-12-10 11:00:00+00:00,155.18
5286,2013-12-10 11:30:00+00:00,202.33
5286,2013-12-10 12:00:00+00:00,314.71
5286,2013-12-10 12:30:00+00:00,424.25
5286,2013-12-10 13:00:00+00:00,340.67
5286,2013-12-10 13:30:00+00:00,464.37
5286,2013-12-10 14:00:00+00:00,364.27
5286,2013-12-10 14:30:00+00:00,123.55
5286,2013-12-10 15:00:00+00:00,11.6
5286,2013-12-10 15:30:00+00:00,0.16
5286,2013-12-10 16:00:00+00:00,0.01
5286,2013-12-10 16:30:00+00:00,0.0
5286,2013-12-10 17:00:00+00:00,0.0
5286,2013-12-10 17:30:00+00:00,0.0
5286,2013-12-10 18:00:00+00:00,0.0
5286,2013-12-10 18:30:00+00:00,0.0
5286,2013-12-10 19:00:00+00:00,0.0
5286,2013-12-10 19:30:00+00:00,0.0
5286,2013-12-10 20:00:00+00:00,0.0
5286,2013-12-10 20:30:00+00:00,0.0
5286,2013-12-10 21:00:00+00:00,0.0
5286,2013-12-10 21:30:00+00:00,0.0
5286,2013-12-10 22:00:00+00:00,0.0
5286,2013-12-10 22:30:00+00:00,0.0
5286,2013-12-10 23:00:00+00:00,0.0
5286,2013-12-10 23:30:00+00:00,0.0
5286,2013-12-11 00:00:00+00:00,0.0
5286,2013-12-11 00:30:00+00:00,0.0
5286,2013-12-11 01:00:00+00:00,0.0
5286,2013-12-11 01:30:00+00:00,0.0
5286,2013-12-11 02:00:00+00:00,0.0
5286,2013-12-11 02:30:00+00:00,0.0
5286,2013-12-11 03:00:00+00:00,0.0
5286,2013-12-11 03:30:00+00:00,0.0
5286,2013-12-11 04:00:00+00:00,0.0
5286,2013-12-11 04:30:00+00:00,0.0
5286,2013-12-11 05:00:00+00:00,0.0
5286,2013-12-11 05:30:00+00:00,0.0
5286,2013-12-11 06:00:00+00:00,0.0
5286,2013-12-11 06:30:00+00:00,0.0
5286,2013-12-11 07:00:00+00:00,0.0
5286,2013-12-11 07:30:00+00:00,0.0
5286,2013-12-11 08:00:00+00:00,0.0
5286,2013-12-11 08:30:00+00:00,2.76
5286,2013-12-11 09:00:00+00:00,41.89
5286,2013-12-11 09:30:00+00:00,127.23
5286,2013-12-11 10:00:00+00:00,386.87
5286,2013-12-11 10:30:00+00:00,489.1
5286,2013-12-11 11:00:00+00:00,433.35
5286,2013-12-11 11:30:00+00:00,334.99
5286,2013-12-11 12:00:00+00:00,515.95
5286,2013-12-11 12:30:00+00:00,681.0
5286,2013-12-11 13:00:00+00:00,650.45
5286,2013-12-11 13:30:00+00:00,577.95
5286,2013-12-11 14:00:00+00:00,488.48
5286,2013-12-11 14:30:00+00:00,311.63
5286,2013-12-11 15:00:00+00:00,107.26
5286,2013-12-11 15:30:00+00:00,6.39
5286,2013-12-11 16:00:00+00:00,0.01
5286,2013-12-11 16:30:00+00:00,0.01
5286,2013-12-11 17:00:00+00:00,0.0
5286,2013-12-11 17:30:00+00:00,0.0
5286,2013-12-11 18:00:00+00:00,0.0
5286,2013-12-11 18:30:00+00:00,0.0
5286,2013-12-11 19:00:00+00:00,0.0
5286,2013-12-11 19:30:00+00:00,0.0
5286,2013-12-11 20:00:00+00:00,0.0
5286,2013-12-11 20:30:00+00:00,0.0
5286,2013-12-11 21:00:00+00:00,0.0
5286,2013-12-11 21:30:00+00:00,0.0
5286,2013-12-11 22:00:00+00:00,0.0
5286,2013-12-11 22:30:00+00:00,0.0
5286,2013-12-11 23:00:00+00:00,0.0
5286,2013-12-11 23:30:00+00:00,0.0
5286,2013-12-12 00:00:00+00:00,0.0
5286,2013-12-12 00:30:00+00:00,0.0
5286,2013-12-12 01:00:00+00:00,0.0
5286,2013-12-12 01:30:00+00:00,0.0
5286,2013-12-12 02:00:00+00:00,0.0
5286,2013-12-12 02:30:00+00:00,0.0
5286,2013-12-12 03:00:00+00:00,0.0
5286,2013-12-12 03:30:00+00:00,0.0
5286,2013-12-12 04:00:00+00:00,0.0
5286,2013-12-12 04:30:00+00:00,0.0
5286,2013-12-12 05:00:00+00:00,0.0
5286,2013-12-12 05:30:00+00:00,0.0
5286,2013-12-12 06:00:00+00:00,0.0
5286,2013-12-12 06:30:00+00:00,0.0
5286,2013-12-12 07:00:00+00:00,0.0
5286,2013-12-12 07:30:00+00:00,0.0
5286,2013-12-12 08:00:00+00:00,0.0
5286,2013-12-12 08:30:00+00:00,7.76
5286,2013-12-12 09:00:00+00:00,44.25
5286,2013-12-12 09:30:00+00:00,60.18
5286,2013-12-12 10:00:00+00:00,92.74
5286,2013-12-12 10:30:00+00:00,137.55
5286,2013-12-12 11:00:00+00:00,169.11
5286,2013-12-12 11:30:00+00:00,173.15
5286,2013-12-12 12:00:00+00:00,179.56
5286,2013-12-12 12:30:00+00:00,202.9
5286,2013-12-12 13:00:00+00:00,240.58
5286,2013-12-12 13:30:00+00:00,390.78
5286,2013-12-12 14:00:00+00:00,413.82
5286,2013-12-12 14:30:00+00:00,263.87
5286,2013-12-12 15:00:00+00:00,75.64
5286,2013-12-12 15:30:00+00:00,12.86
5286,2013-12-12 16:00:00+00:00,0.48
5286,2013-12-12 16:30:00+00:00,0.0
5286,2013-12-12 17:00:00+00:00,0.0
5286,2013-12-12 17:30:00+00:00,0.0
5286,2013-12-12 18:00:00+00:00,0.0
5286,2013-12-12 18:30:00+00:00,0.0
5286,2013-12-12 19:00:00+00:00,0.0
5286,2013-12-12 19:30:00+00:00,0.0
5286,2013-12-12 20:00:00+00:00,0.0
5286,2013-12-12 20:30:00+00:00,0.0
5286,2013-12-12 21:00:00+00:00,0.0
5286,2013-12-12 21:30:00+00:00,0.0
5286,2013-12-12 22:00:00+00:00,0.0
5286,2013-12-12 22:30:00+00:00,0.0
5286,2013-12-12 23:00:00+00:00,0.0
5286,2013-12-12 23:30:00+00:00,0.0
5286,2013-12-13 00:00:00+00:00,0.0
5286,2013-12-13 00:30:00+00:00,0.0
5286,2013-12-13 01:00:00+00:00,0.0
5286,2013-12-13 01:30:00+00:00,0.0
5286,2013-12-13 02:00:00+00:00,0.0
5286,2013-12-13 02:30:00+00:00,0.0
5286,2013-12-13 03:00:00+00:00,0.0
5286,2013-12-13 03:30:00+00:00,0.0
5286,2013-12-13 04:00:00+00:00,0.0
5286,2013-12-13 04:30:00+00:00,0.0
5286,2013-12-13 05:00:00+00:00,0.0
5286,2013-12-13 05:30:00+00:00,0.0
5286,2013-12-13 06:00:00+00:00,0.0
5286,2013-12-13 06:30:00+00:00,0.0
5286,2013-12-13 07:00:00+00:00,0.0
5286,2013-12-13 07:30:00+00:00,0.0
5286,2013-12-13 08:00:00+00:00,0.0
5286,2013-12-13 08:30:00+00:00,0.01
5286,2013-12-13 09:00:00+00:00,1.28
5286,2013-12-13 09:30:00+00:00,5.42
5286,2013-12-13 10:00:00+00:00,12.31
5286,2013-12-13 10:30:00+00:00,19.46
5286,2013-12-13 11:00:00+00:00,29.24
5286,2013-12-13 11:30:00+00:00,44.59
5286,2013-12-13 12:00:00+00:00,40.1
5286,2013-12-13 12:30:00+00:00,37.27
5286,2013-12-13 13:00:00+00:00,42.04
5286,2013-12-13 13:30:00+00:00,31.59
5286,2013-12-13 14:00:00+00:00,28.48
5286,2013-12-13 14:30:00+00:00,20.36
5286,2013-12-13 15:00:00+00:00,4.68
5286,2013-12-13 15:30:00+00:00,0.02
5286,2013-12-13 16:00:00+00:00,0.01
5286,2013-12-13 16:30:00+00:00,0.0
5286,2013-12-13 17:00:00+00:00,0.0
5286,2013-12-13 17:30:00+00:00,0.0
5286,2013-12-13 18:00:00+00:00,0.0
5286,2013-12-13 18:30:00+00:00,0.0
5286,2013-12-13 19:00:00+00:00,0.0
5286,2013-12-13 19:30:00+00:00,0.0
5286,2013-12-13 20:00:00+00:00,0.0
5286,2013-12-13 20:30:00+00:00,0.0
5286,2013-12-13 21:00:00+00:00,0.0
5286,2013-12-13 21:30:00+00:00,0.0
5286,2013-12-13 22:00:00+00:00,0.0
5286,2013-12-13 22:30:00+00:00,0.0
5286,2013-12-13 23:00:00+00:00,0.0
5286,2013-12-13 23:30:00+00:00,0.0
5286,2013-12-14 00:00:00+00:00,0.0
5286,2013-12-14 00:30:00+00:00,0.0
5286,2013-12-14 01:00:00+00:00,0.0
5286,2013-12-14 01:30:00+00:00,0.0
5286,2013-12-14 02:00:00+00:00,0.0
5286,2013-12-14 02:30:00+00:00,0.0
5286,2013-12-14 03:00:00+00:00,0.0
5286,2013-12-14 03:30:00+00:00,0.0
5286,2013-12-14 04:00:00+00:00,0.0
5286,2013-12-14 04:30:00+00:00,0.0
5286,2013-12-14 05:00:00+00:00,0.0
5286,2013-12-14 05:30:00+00:00,0.0
5286,2013-12-14 06:00:00+00:00,0.0
5286,2013-12-14 06:30:00+00:00,0.0
5286,2013-12-14 07:00:00+00:00,0.0
5286,2013-12-14 07:30:00+00:00,0.0
5286,2013-12-14 08:00:00+00:00,0.0
5286,2013-12-14 08:30:00+00:00,28.15
5286,2013-12-14 09:00:00+00:00,116.94
5286,2013-12-14 09:30:00+00:00,337.99
5286,2013-12-14 10:00:00+00:00,515.05
5286,2013-12-14 10:30:00+00:00,524.5
5286,2013-12-14 11:00:00+00:00,599.05
5286,2013-12-14 11:30:00+00:00,608.05
5286,2013-12-14 12:00:00+00:00,681.8
5286,2013-12-14 12:30:00+00:00,597.9
5286,2013-12-14 13:00:00+00:00,282.16
5286,2013-12-14 13:30:00+00:00,117.09
5286,2013-12-14 14:00:00+00:00,49.81
5286,2013-12-14 14:30:00+00:00,37.23
5286,2013-12-14 15:00:00+00:00,10.09
5286,2013-12-14 15:30:00+00:00,0.51
5286,2013-12-14 16:00:00+00:00,0.01
5286,2013-12-14 16:30:00+00:00,0.01
5286,2013-12-14 17:00:00+00:00,0.0
5286,2013-12-14 17:30:00+00:00,0.0
5286,2013-12-14 18:00:00+00:00,0.0
5286,2013-12-14 18:30:00+00:00,0.0
5286,2013-12-14 19:00:00+00:00,0.0
5286,2013-12-14 19:30:00+00:00,0.0
5286,2013-12-14 20:00:00+00:00,0.0
5286,2013-12-14 20:30:00+00:00,0.0
5286,2013-12-14 21:00:00+00:00,0.0
5286,2013-12-14 21:30:00+00:00,0.0
5286,2013-12-14 22:00:00+00:00,0.0
5286,2013-12-14 22:30:00+00:00,0.0
5286,2013-12-14 23:00:00+00:00,0.0
5286,2013-12-14 23:30:00+00:00,0.0
5286,2013-12-15 00:00:00+00:00,0.0
5286,2013-12-15 00:30:00+00:00,0.0
5286,2013-12-15 01:00:00+00:00,0.0
5286,2013-12-15 01:30:00+00:00,0.0
5286,2013-12-15 02:00:00+00:00,0.0
5286,2013-12-15 02:30:00+00:00,0.0
5286,2013-12-15 03:00:00+00:00,0.0
5286,2013-12-15 03:30:00+00:00,0.0
5286,2013-12-15 04:00:00+00:00,0.0
5286,2013-12-15 04:30:00+00:00,0.0
5286,2013-12-15 05:00:00+00:00,0.0
5286,2013-12-15 05:30:00+00:00,0.0
5286,2013-12-15 06:00:00+00:00,0.0
5286,2013-12-15 06:30:00+00:00,0.0
5286,2013-12-15 07:00:00+00:00,0.0
5286,2013-12-15 07:30:00+00:00,0.0
5286,2013-12-15 08:00:00+00:00,0.0
5286,2013-12-15 08:30:00+00:00,29.25
5286,2013-12-15 09:00:00+00:00,228.04
5286,2013-12-15 09:30:00+00:00,229.38
5286,2013-12-15 10:00:00+00:00,111.14
5286,2013-12-15 10:30:00+00:00,45.52
5286,2013-12-15 11:00:00+00:00,42.22
5286,2013-12-15 11:30:00+00:00,40.33
5286,2013-12-15 12:00:00+00:00,43.02
5286,2013-12-15 12:30:00+00:00,30.37
5286,2013-12-15 13:00:00+00:00,11.01
5286,2013-12-15 13:30:00+00:00,3.14
5286,2013-12-15 14:00:00+00:00,26.48
5286,2013-12-15 14:30:00+00:00,43.52
5286,2013-12-15 15:00:00+00:00,1.61
5286,2013-12-15 15:30:00+00:00,0.01
5286,2013-12-15 16:00:00+00:00,0.0
5286,2013-12-15 16:30:00+00:00,0.01
5286,2013-12-15 17:00:00+00:00,0.0
5286,2013-12-15 17:30:00+00:00,0.0
5286,2013-12-15 18:00:00+00:00,0.0
5286,2013-12-15 18:30:00+00:00,0.0
5286,2013-12-15 19:00:00+00:00,0.0
5286,2013-12-15 19:30:00+00:00,0.0
5286,2013-12-15 20:00:00+00:00,0.0
5286,2013-12-15 20:30:00+00:00,0.0
5286,2013-12-15 21:00:00+00:00,0.0
5286,2013-12-15 21:30:00+00:00,0.0
5286,2013-12-15 22:00:00+00:00,0.0
5286,2013-12-15 22:30:00+00:00,0.0
5286,2013-12-15 23:00:00+00:00,0.0
5286,2013-12-15 23:30:00+00:00,0.0
5286,2013-12-16 00:00:00+00:00,0.0
5286,2013-12-16 00:30:00+00:00,0.0
5286,2013-12-16 01:00:00+00:00,0.0
5286,2013-12-16 01:30:00+00:00,0.0
5286,2013-12-16 02:00:00+00:00,0.0
5286,2013-12-16 02:30:00+00:00,0.0
5286,2013-12-16 03:00:00+00:00,0.0
5286,2013-12-16 03:30:00+00:00,0.0
5286,2013-12-16 04:00:00+00:00,0.0
5286,2013-12-16 04:30:00+00:00,0.0
5286,2013-12-16 05:00:00+00:00,0.0
5286,2013-12-16 05:30:00+00:00,0.0
5286,2013-12-16 06:00:00+00:00,0.0
5286,2013-12-16 06:30:00+00:00,0.0
5286,2013-12-16 07:00:00+00:00,0.0
5286,2013-12-16 07:30:00+00:00,0.0
5286,2013-12-16 08:00:00+00:00,0.0
5286,2013-12-16 08:30:00+00:00,0.0
5286,2013-12-16 09:00:00+00:00,21.1
5286,2013-12-16 09:30:00+00:00,1.05
5286,2013-12-16 10:00:00+00:00,22.07
5286,2013-12-16 10:30:00+00:00,20.41
5286,2013-12-16 11:00:00+00:00,34.16
5286,2013-12-16 11:30:00+00:00,70.47
5286,2013-12-16 12:00:00+00:00,15.02
5286,2013-12-16 12:30:00+00:00,6.57
5286,2013-12-16 13:00:00+00:00,19.62
5286,2013-12-16 13:30:00+00:00,19.32
5286,2013-12-16 14:00:00+00:00,14.58
5286,2013-12-16 14:30:00+00:00,0.45
5286,2013-12-16 15:00:00+00:00,0.02
5286,2013-12-16 15:30:00+00:00,0.53
5286,2013-12-16 16:00:00+00:00,0.01
5286,2013-12-16 16:30:00+00:00,0.01
5286,2013-12-16 17:00:00+00:00,0.0
5286,2013-12-16 17:30:00+00:00,0.0
5286,2013-12-16 18:00:00+00:00,0.0
5286,2013-12-16 18:30:00+00:00,0.0
5286,2013-12-16 19:00:00+00:00,0.0
5286,2013-12-16 19:30:00+00:00,0.0
5286,2013-12-16 20:00:00+00:00,0.0
5286,2013-12-16 20:30:00+00:00,0.0
5286,2013-12-16 21:00:00+00:00,0.0
5286,2013-12-16 21:30:00+00:00,0.0
5286,2013-12-16 22:00:00+00:00,0.0
5286,2013-12-16 22:30:00+00:00,0.0
5286,2013-12-16 23:00:00+00:00,0.0
5286,2013-12-16 23:30:00+00:00,0.0
5286,2013-12-17 00:00:00+00:00,0.0
5286,2013-12-17 00:30:00+00:00,0.0
5286,2013-12-17 01:00:00+00:00,0.0
5286,2013-12-17 01:30:00+00:00,0.0
5286,2013-12-17 02:00:00+00:00,0.0
5286,2013-12-17 02:30:00+00:00,0.0
5286,2013-12-17 03:00:00+00:00,0.0
5286,2013-12-17 03:30:00+00:00,0.0
5286,2013-12-17 04:00:00+00:00,0.0
5286,2013-12-17 04:30:00+00:00,0.0
5286,2013-12-17 05:00:00+00:00,0.0
5286,2013-12-17 05:30:00+00:00,0.0
5286,2013-12-17 06:00:00+00:00,0.0
5286,2013-12-17 06:30:00+00:00,0.0
5286,2013-12-17 07:00:00+00:00,0.0
5286,2013-12-17 07:30:00+00:00,0.0
5286,2013-12-17 08:00:00+00:00,0.0
5286,2013-12-17 08:30:00+00:00,0.0
5286,2013-12-17 09:00:00+00:00,4.67
5286,2013-12-17 09:30:00+00:00,29.12
5286,2013-12-17 10:00:00+00:00,47.59
5286,2013-12-17 10:30:00+00:00,71.11
5286,2013-12-17 11:00:00+00:00,75.69
5286,2013-12-17 11:30:00+00:00,63.12
5286,2013-12-17 12:00:00+00:00,35.94
5286,2013-12-17 12:30:00+00:00,30.49
5286,2013-12-17 13:00:00+00:00,41.35
5286,2013-12-17 13:30:00+00:00,53.91
5286,2013-12-17 14:00:00+00:00,44.29
5286,2013-12-17 14:30:00+00:00,20.02
5286,2013-12-17 15:00:00+00:00,6.6
5286,2013-12-17 15:30:00+00:00,0.02
5286,2013-12-17 16:00:00+00:00,0.01
5286,2013-12-17 16:30:00+00:00,0.0
5286,2013-12-17 17:00:00+00:00,0.0
5286,2013-12-17 17:30:00+00:00,0.0
5286,2013-12-17 18:00:00+00:00,0.0
5286,2013-12-17 18:30:00+00:00,0.0
5286,2013-12-17 19:00:00+00:00,0.0
5286,2013-12-17 19:30:00+00:00,0.0
5286,2013-12-17 20:00:00+00:00,0.0
5286,2013-12-17 20:30:00+00:00,0.0
5286,2013-12-17 21:00:00+00:00,0.0
5286,2013-12-17 21:30:00+00:00,0.0
5286,2013-12-17 22:00:00+00:00,0.0
5286,2013-12-17 22:30:00+00:00,0.0
5286,2013-12-17 23:00:00+00:00,0.0
5286,2013-12-17 23:30:00+00:00,0.0
5286,2013-12-18 00:00:00+00:00,0.0
5286,2013-12-18 00:30:00+00:00,0.0
5286,2013-12-18 01:00:00+00:00,0.0
5286,2013-12-18 01:30:00+00:00,0.0
5286,2013-12-18 02:00:00+00:00,0.0
5286,2013-12-18 02:30:00+00:00,0.0
5286,2013-12-18 03:00:00+00:00,0.0
5286,2013-12-18 03:30:00+00:00,0.0
5286,2013-12-18 04:00:00+00:00,0.0
5286,2013-12-18 04:30:00+00:00,0.0
5286,2013-12-18 05:00:00+00:00,0.0
5286,2013-12-18 05:30:00+00:00,0.0
5286,2013-12-18 06:00:00+00:00,0.0
5286,2013-12-18 06:30:00+00:00,0.0
5286,2013-12-18 07:00:00+00:00,0.0
5286,2013-12-18 07:30:00+00:00,0.0
5286,2013-12-18 08:00:00+00:00,0.0
5286,2013-12-18 08:30:00+00:00,0.01
5286,2013-12-18 09:00:00+00:00,91.14
5286,2013-12-18 09:30:00+00:00,299.86
5286,2013-12-18 10:00:00+00:00,354.89
5286,2013-12-18 10:30:00+00:00,561.85
5286,2013-12-18 11:00:00+00:00,249.65
5286,2013-12-18 11:30:00+00:00,446.41
5286,2013-12-18 12:00:00+00:00,294.71
5286,2013-12-18 12:30:00+00:00,295.9
5286,2013-12-18 13:00:00+00:00,152.31
5286,2013-12-18 13:30:00+00:00,187.63
5286,2013-12-18 14:00:00+00:00,48.63
5286,2013-12-18 14:30:00+00:00,33.11
5286,2013-12-18 15:00:00+00:00,4.07
5286,2013-12-18 15:30:00+00:00,0.02
5286,2013-12-18 16:00:00+00:00,0.01
5286,2013-12-18 16:30:00+00:00,0.01
5286,2013-12-18 17:00:00+00:00,0.0
5286,2013-12-18 17:30:00+00:00,0.0
5286,2013-12-18 18:00:00+00:00,0.0
5286,2013-12-18 18:30:00+00:00,0.0
5286,2013-12-18 19:00:00+00:00,0.0
5286,2013-12-18 19:30:00+00:00,0.0
5286,2013-12-18 20:00:00+00:00,0.0
5286,2013-12-18 20:30:00+00:00,0.0
5286,2013-12-18 21:00:00+00:00,0.0
5286,2013-12-18 21:30:00+00:00,0.0
5286,2013-12-18 22:00:00+00:00,0.0
5286,2013-12-18 22:30:00+00:00,0.0
5286,2013-12-18 23:00:00+00:00,0.0
5286,2013-12-18 23:30:00+00:00,0.0
5286,2013-12-19 00:00:00+00:00,0.0
5286,2013-12-19 00:30:00+00:00,0.0
5286,2013-12-19 01:00:00+00:00,0.0
5286,2013-12-19 01:30:00+00:00,0.0
5286,2013-12-19 02:00:00+00:00,0.0
5286,2013-12-19 02:30:00+00:00,0.0
5286,2013-12-19 03:00:00+00:00,0.0
5286,2013-12-19 03:30:00+00:00,0.0
5286,2013-12-19 04:00:00+00:00,0.0
5286,2013-12-19 04:30:00+00:00,0.0
5286,2013-12-19 05:00:00+00:00,0.0
5286,2013-12-19 05:30:00+00:00,0.0
5286,2013-12-19 06:00:00+00:00,0.0
5286,2013-12-19 06:30:00+00:00,0.0
5286,2013-12-19 07:00:00+00:00,0.0
5286,2013-12-19 07:30:00+00:00,0.0
5286,2013-12-19 08:00:00+00:00,0.0
5286,2013-12-19 08:30:00+00:00,8.67
5286,2013-12-19 09:00:00+00:00,164.34
5286,2013-12-19 09:30:00+00:00,262.28
5286,2013-12-19 10:00:00+00:00,482.32
5286,2013-12-19 10:30:00+00:00,556.6
5286,2013-12-19 11:00:00+00:00,527.85
5286,2013-12-19 11:30:00+00:00,693.1
5286,2013-12-19 12:00:00+00:00,728.8
5286,2013-12-19 12:30:00+00:00,706.85
5286,2013-12-19 13:00:00+00:00,644.0
5286,2013-12-19 13:30:00+00:00,574.7
5286,2013-12-19 14:00:00+00:00,486.94
5286,2013-12-19 14:30:00+00:00,355.26
5286,2013-12-19 15:00:00+00:00,170.07
5286,2013-12-19 15:30:00+00:00,15.27
5286,2013-12-19 16:00:00+00:00,0.02
5286,2013-12-19 16:30:00+00:00,0.01
5286,2013-12-19 17:00:00+00:00,0.0
5286,2013-12-19 17:30:00+00:00,0.0
5286,2013-12-19 18:00:00+00:00,0.0
5286,2013-12-19 18:30:00+00:00,0.0
5286,2013-12-19 19:00:00+00:00,0.0
5286,2013-12-19 19:30:00+00:00,0.0
5286,2013-12-19 20:00:00+00:00,0.0
5286,2013-12-19 20:30:00+00:00,0.0
5286,2013-12-19 21:00:00+00:00,0.0
5286,2013-12-19 21:30:00+00:00,0.0
5286,2013-12-19 22:00:00+00:00,0.0
5286,2013-12-19 22:30:00+00:00,0.0
5286,2013-12-19 23:00:00+00:00,0.0
5286,2013-12-19 23:30:00+00:00,0.0
5286,2013-12-20 00:00:00+00:00,0.0
5286,2013-12-20 00:30:00+00:00,0.0
5286,2013-12-20 01:00:00+00:00,0.0
5286,2013-12-20 01:30:00+00:00,0.0
5286,2013-12-20 02:00:00+00:00,0.0
5286,2013-12-20 02:30:00+00:00,0.0
5286,2013-12-20 03:00:00+00:00,0.0
5286,2013-12-20 03:30:00+00:00,0.0
5286,2013-12-20 04:00:00+00:00,0.0
5286,2013-12-20 04:30:00+00:00,0.0
5286,2013-12-20 05:00:00+00:00,0.0
5286,2013-12-20 05:30:00+00:00,0.0
5286,2013-12-20 06:00:00+00:00,0.0
5286,2013-12-20 06:30:00+00:00,0.0
5286,2013-12-20 07:00:00+00:00,0.0
5286,2013-12-20 07:30:00+00:00,0.0
5286,2013-12-20 08:00:00+00:00,0.0
5286,2013-12-20 08:30:00+00:00,8.47
5286,2013-12-20 09:00:00+00:00,175.71
5286,2013-12-20 09:30:00+00:00,385.07
5286,2013-12-20 10:00:00+00:00,517.85
5286,2013-12-20 10:30:00+00:00,629.95
5286,2013-12-20 11:00:00+00:00,702.25
5286,2013-12-20 11:30:00+00:00,715.95
5286,2013-12-20 12:00:00+00:00,701.4
5286,2013-12-20 12:30:00+00:00,676.55
5286,2013-12-20 13:00:00+00:00,635.2
5286,2013-12-20 13:30:00+00:00,562.1
5286,2013-12-20 14:00:00+00:00,324.86
5286,2013-12-20 14:30:00+00:00,139.43
5286,2013-12-20 15:00:00+00:00,150.61
5286,2013-12-20 15:30:00+00:00,22.64
5286,2013-12-20 16:00:00+00:00,0.41
5286,2013-12-20 16:30:00+00:00,0.01
5286,2013-12-20 17:00:00+00:00,0.0
5286,2013-12-20 17:30:00+00:00,0.0
5286,2013-12-20 18:00:00+00:00,0.0
5286,2013-12-20 18:30:00+00:00,0.0
5286,2013-12-20 19:00:00+00:00,0.0
5286,2013-12-20 19:30:00+00:00,0.0
5286,2013-12-20 20:00:00+00:00,0.0
5286,2013-12-20 20:30:00+00:00,0.0
5286,2013-12-20 21:00:00+00:00,0.0
5286,2013-12-20 21:30:00+00:00,0.0
5286,2013-12-20 22:00:00+00:00,0.0
5286,2013-12-20 22:30:00+00:00,0.0
5286,2013-12-20 23:00:00+00:00,0.0
5286,2013-12-20 23:30:00+00:00,0.0
5286,2013-12-21 00:00:00+00:00,0.0
5286,2013-12-21 00:30:00+00:00,0.0
5286,2013-12-21 01:00:00+00:00,0.0
5286,2013-12-21 01:30:00+00:00,0.0
5286,2013-12-21 02:00:00+00:00,0.0
5286,2013-12-21 02:30:00+00:00,0.0
5286,2013-12-21 03:00:00+00:00,0.0
5286,2013-12-21 03:30:00+00:00,0.0
5286,2013-12-21 04:00:00+00:00,0.0
5286,2013-12-21 04:30:00+00:00,0.0
5286,2013-12-21 05:00:00+00:00,0.0
5286,2013-12-21 05:30:00+00:00,0.0
5286,2013-12-21 06:00:00+00:00,0.0
5286,2013-12-21 06:30:00+00:00,0.0
5286,2013-12-21 07:00:00+00:00,0.0
5286,2013-12-21 07:30:00+00:00,0.0
5286,2013-12-21 08:00:00+00:00,0.0
5286,2013-12-21 08:30:00+00:00,0.0
5286,2013-12-21 09:00:00+00:00,0.16
5286,2013-12-21 09:30:00+00:00,1.33
5286,2013-12-21 10:00:00+00:00,4.29
5286,2013-12-21 10:30:00+00:00,0.03
5286,2013-12-21 11:00:00+00:00,1.34
5286,2013-12-21 11:30:00+00:00,7.1
5286,2013-12-21 12:00:00+00:00,26.48
5286,2013-12-21 12:30:00+00:00,1.6
5286,2013-12-21 13:00:00+00:00,3.23
5286,2013-12-21 13:30:00+00:00,5.59
5286,2013-12-21 14:00:00+00:00,23.47
5286,2013-12-21 14:30:00+00:00,3.71
5286,2013-12-21 15:00:00+00:00,2.8
5286,2013-12-21 15:30:00+00:00,0.01
5286,2013-12-21 16:00:00+00:00,0.01
5286,2013-12-21 16:30:00+00:00,0.01
5286,2013-12-21 17:00:00+00:00,0.0
5286,2013-12-21 17:30:00+00:00,0.0
5286,2013-12-21 18:00:00+00:00,0.0
5286,2013-12-21 18:30:00+00:00,0.0
5286,2013-12-21 19:00:00+00:00,0.0
5286,2013-12-21 19:30:00+00:00,0.0
5286,2013-12-21 20:00:00+00:00,0.0
5286,2013-12-21 20:30:00+00:00,0.0
5286,2013-12-21 21:00:00+00:00,0.0
5286,2013-12-21 21:30:00+00:00,0.0
5286,2013-12-21 22:00:00+00:00,0.0
5286,2013-12-21 22:30:00+00:00,0.0
5286,2013-12-21 23:00:00+00:00,0.0
5286,2013-12-21 23:30:00+00:00,0.0
5286,2013-12-22 00:00:00+00:00,0.0
5286,2013-12-22 00:30:00+00:00,0.0
5286,2013-12-22 01:00:00+00:00,0.0
5286,2013-12-22 01:30:00+00:00,0.0
5286,2013-12-22 02:00:00+00:00,0.0
5286,2013-12-22 02:30:00+00:00,0.0
5286,2013-12-22 03:00:00+00:00,0.0
5286,2013-12-22 03:30:00+00:00,0.0
5286,2013-12-22 04:00:00+00:00,0.0
5286,2013-12-22 04:30:00+00:00,0.0
5286,2013-12-22 05:00:00+00:00,0.0
5286,2013-12-22 05:30:00+00:00,0.0
5286,2013-12-22 06:00:00+00:00,0.0
5286,2013-12-22 06:30:00+00:00,0.0
5286,2013-12-22 07:00:00+00:00,0.0
5286,2013-12-22 07:30:00+00:00,0.0
5286,2013-12-22 08:00:00+00:00,0.0
5286,2013-12-22 08:30:00+00:00,0.0
5286,2013-12-22 09:00:00+00:00,4.45
5286,2013-12-22 09:30:00+00:00,19.92
5286,2013-12-22 10:00:00+00:00,52.77
5286,2013-12-22 10:30:00+00:00,50.74
5286,2013-12-22 11:00:00+00:00,118.82
5286,2013-12-22 11:30:00+00:00,481.37
5286,2013-12-22 12:00:00+00:00,471.22
5286,2013-12-22 12:30:00+00:00,329.17
5286,2013-12-22 13:00:00+00:00,207.57
5286,2013-12-22 13:30:00+00:00,375.89
5286,2013-12-22 14:00:00+00:00,356.53
5286,2013-12-22 14:30:00+00:00,105.86
5286,2013-12-22 15:00:00+00:00,94.86
5286,2013-12-22 15:30:00+00:00,20.5
5286,2013-12-22 16:00:00+00:00,1.52
5286,2013-12-22 16:30:00+00:00,0.01
5286,2013-12-22 17:00:00+00:00,0.0
5286,2013-12-22 17:30:00+00:00,0.0
5286,2013-12-22 18:00:00+00:00,0.0
5286,2013-12-22 18:30:00+00:00,0.0
5286,2013-12-22 19:00:00+00:00,0.0
5286,2013-12-22 19:30:00+00:00,0.0
5286,2013-12-22 20:00:00+00:00,0.0
5286,2013-12-22 20:30:00+00:00,0.0
5286,2013-12-22 21:00:00+00:00,0.0
5286,2013-12-22 21:30:00+00:00,0.0
5286,2013-12-22 22:00:00+00:00,0.0
5286,2013-12-22 22:30:00+00:00,0.0
5286,2013-12-22 23:00:00+00:00,0.0
5286,2013-12-22 23:30:00+00:00,0.0
5286,2013-12-23 00:00:00+00:00,0.0
5286,2013-12-23 00:30:00+00:00,0.0
5286,2013-12-23 01:00:00+00:00,0.0
5286,2013-12-23 01:30:00+00:00,0.0
5286,2013-12-23 02:00:00+00:00,0.0
5286,2013-12-23 02:30:00+00:00,0.0
5286,2013-12-23 03:00:00+00:00,0.0
5286,2013-12-23 03:30:00+00:00,0.0
5286,2013-12-23 04:00:00+00:00,0.0
5286,2013-12-23 04:30:00+00:00,0.0
5286,2013-12-23 05:00:00+00:00,0.0
5286,2013-12-23 05:30:00+00:00,0.0
5286,2013-12-23 06:00:00+00:00,0.0
5286,2013-12-23 06:30:00+00:00,0.0
5286,2013-12-23 07:00:00+00:00,0.0
5286,2013-12-23 07:30:00+00:00,0.0
5286,2013-12-23 08:00:00+00:00,0.0
5286,2013-12-23 08:30:00+00:00,0.0
5286,2013-12-23 09:00:00+00:00,0.3
5286,2013-12-23 09:30:00+00:00,5.95
5286,2013-12-23 10:00:00+00:00,11.97
5286,2013-12-23 10:30:00+00:00,12.94
5286,2013-12-23 11:00:00+00:00,22.25
5286,2013-12-23 11:30:00+00:00,15.88
5286,2013-12-23 12:00:00+00:00,33.23
5286,2013-12-23 12:30:00+00:00,18.95
5286,2013-12-23 13:00:00+00:00,13.16
5286,2013-12-23 13:30:00+00:00,12.12
5286,2013-12-23 14:00:00+00:00,7.94
5286,2013-12-23 14:30:00+00:00,8.58
5286,2013-12-23 15:00:00+00:00,0.13
5286,2013-12-23 15:30:00+00:00,0.02
5286,2013-12-23 16:00:00+00:00,0.01
5286,2013-12-23 16:30:00+00:00,0.0
5286,2013-12-23 17:00:00+00:00,0.0
5286,2013-12-23 17:30:00+00:00,0.0
5286,2013-12-23 18:00:00+00:00,0.0
5286,2013-12-23 18:30:00+00:00,0.0
5286,2013-12-23 19:00:00+00:00,0.0
5286,2013-12-23 19:30:00+00:00,0.0
5286,2013-12-23 20:00:00+00:00,0.0
5286,2013-12-23 20:30:00+00:00,0.0
5286,2013-12-23 21:00:00+00:00,0.0
5286,2013-12-23 21:30:00+00:00,0.0
5286,2013-12-23 22:00:00+00:00,0.0
5286,2013-12-23 22:30:00+00:00,0.0
5286,2013-12-23 23:00:00+00:00,0.0
5286,2013-12-23 23:30:00+00:00,0.0
5286,2013-12-24 00:00:00+00:00,0.0
5286,2013-12-24 00:30:00+00:00,0.0
5286,2013-12-24 01:00:00+00:00,0.0
5286,2013-12-24 01:30:00+00:00,0.0
5286,2013-12-24 02:00:00+00:00,0.0
5286,2013-12-24 02:30:00+00:00,0.0
5286,2013-12-24 03:00:00+00:00,0.0
5286,2013-12-24 03:30:00+00:00,0.0
5286,2013-12-24 04:00:00+00:00,0.0
5286,2013-12-24 04:30:00+00:00,0.0
5286,2013-12-24 05:00:00+00:00,0.0
5286,2013-12-24 05:30:00+00:00,0.0
5286,2013-12-24 06:00:00+00:00,0.0
5286,2013-12-24 06:30:00+00:00,0.0
5286,2013-12-24 07:00:00+00:00,0.0
5286,2013-12-24 07:30:00+00:00,0.0
5286,2013-12-24 08:00:00+00:00,0.0
5286,2013-12-24 08:30:00+00:00,0.0
5286,2013-12-24 09:00:00+00:00,0.26
5286,2013-12-24 09:30:00+00:00,13.14
5286,2013-12-24 10:00:00+00:00,14.5
5286,2013-12-24 10:30:00+00:00,15.03
5286,2013-12-24 11:00:00+00:00,26.23
5286,2013-12-24 11:30:00+00:00,40.78
5286,2013-12-24 12:00:00+00:00,48.28
5286,2013-12-24 12:30:00+00:00,84.25
5286,2013-12-24 13:00:00+00:00,264.04
5286,2013-12-24 13:30:00+00:00,80.62
5286,2013-12-24 14:00:00+00:00,88.81
5286,2013-12-24 14:30:00+00:00,47.95
5286,2013-12-24 15:00:00+00:00,76.96
5286,2013-12-24 15:30:00+00:00,11.67
5286,2013-12-24 16:00:00+00:00,0.01
5286,2013-12-24 16:30:00+00:00,0.01
5286,2013-12-24 17:00:00+00:00,0.0
5286,2013-12-24 17:30:00+00:00,0.0
5286,2013-12-24 18:00:00+00:00,0.0
5286,2013-12-24 18:30:00+00:00,0.0
5286,2013-12-24 19:00:00+00:00,0.0
5286,2013-12-24 19:30:00+00:00,0.0
5286,2013-12-24 20:00:00+00:00,0.0
5286,2013-12-24 20:30:00+00:00,0.0
5286,2013-12-24 21:00:00+00:00,0.0
5286,2013-12-24 21:30:00+00:00,0.0
5286,2013-12-24 22:00:00+00:00,0.0
5286,2013-12-24 22:30:00+00:00,0.0
5286,2013-12-24 23:00:00+00:00,0.0
5286,2013-12-24 23:30:00+00:00,0.0
5286,2013-12-25 00:00:00+00:00,0.0
5286,2013-12-25 00:30:00+00:00,0.0
5286,2013-12-25 01:00:00+00:00,0.0
5286,2013-12-25 01:30:00+00:00,0.0
5286,2013-12-25 02:00:00+00:00,0.0
5286,2013-12-25 02:30:00+00:00,0.0
5286,2013-12-25 03:00:00+00:00,0.0
5286,2013-12-25 03:30:00+00:00,0.0
5286,2013-12-25 04:00:00+00:00,0.0
5286,2013-12-25 04:30:00+00:00,0.0
5286,2013-12-25 05:00:00+00:00,0.0
5286,2013-12-25 05:30:00+00:00,0.0
5286,2013-12-25 06:00:00+00:00,0.0
5286,2013-12-25 06:30:00+00:00,0.0
5286,2013-12-25 07:00:00+00:00,0.0
5286,2013-12-25 07:30:00+00:00,0.0
5286,2013-12-25 08:00:00+00:00,0.0
5286,2013-12-25 08:30:00+00:00,0.12
5286,2013-12-25 09:00:00+00:00,18.92
5286,2013-12-25 09:30:00+00:00,43.43
5286,2013-12-25 10:00:00+00:00,266.66
5286,2013-12-25 10:30:00+00:00,555.35
5286,2013-12-25 11:00:00+00:00,527.55
5286,2013-12-25 11:30:00+00:00,385.65
5286,2013-12-25 12:00:00+00:00,101.43
5286,2013-12-25 12:30:00+00:00,181.18
5286,2013-12-25 13:00:00+00:00,471.72
5286,2013-12-25 13:30:00+00:00,40.26
5286,2013-12-25 14:00:00+00:00,40.99
5286,2013-12-25 14:30:00+00:00,22.93
5286,2013-12-25 15:00:00+00:00,39.72
5286,2013-12-25 15:30:00+00:00,18.13
5286,2013-12-25 16:00:00+00:00,0.28
5286,2013-12-25 16:30:00+00:00,0.01
5286,2013-12-25 17:00:00+00:00,0.0
5286,2013-12-25 17:30:00+00:00,0.0
5286,2013-12-25 18:00:00+00:00,0.0
5286,2013-12-25 18:30:00+00:00,0.0
5286,2013-12-25 19:00:00+00:00,0.0
5286,2013-12-25 19:30:00+00:00,0.0
5286,2013-12-25 20:00:00+00:00,0.0
5286,2013-12-25 20:30:00+00:00,0.0
5286,2013-12-25 21:00:00+00:00,0.0
5286,2013-12-25 21:30:00+00:00,0.0
5286,2013-12-25 22:00:00+00:00,0.0
5286,2013-12-25 22:30:00+00:00,0.0
5286,2013-12-25 23:00:00+00:00,0.0
5286,2013-12-25 23:30:00+00:00,0.0
5286,2013-12-26 00:00:00+00:00,0.0
5286,2013-12-26 00:30:00+00:00,0.0
5286,2013-12-26 01:00:00+00:00,0.0
5286,2013-12-26 01:30:00+00:00,0.0
5286,2013-12-26 02:00:00+00:00,0.0
5286,2013-12-26 02:30:00+00:00,0.0
5286,2013-12-26 03:00:00+00:00,0.0
5286,2013-12-26 03:30:00+00:00,0.0
5286,2013-12-26 04:00:00+00:00,0.0
5286,2013-12-26 04:30:00+00:00,0.0
5286,2013-12-26 05:00:00+00:00,0.0
5286,2013-12-26 05:30:00+00:00,0.0
5286,2013-12-26 06:00:00+00:00,0.0
5286,2013-12-26 06:30:00+00:00,0.0
5286,2013-12-26 07:00:00+00:00,0.0
5286,2013-12-26 07:30:00+00:00,0.0
5286,2013-12-26 08:00:00+00:00,0.0
5286,2013-12-26 08:30:00+00:00,0.0
5286,2013-12-26 09:00:00+00:00,2.14
5286,2013-12-26 09:30:00+00:00,35.97
5286,2013-12-26 10:00:00+00:00,259.16
5286,2013-12-26 10:30:00+00:00,154.13
5286,2013-12-26 11:00:00+00:00,371.34
5286,2013-12-26 11:30:00+00:00,723.2
5286,2013-12-26 12:00:00+00:00,704.25
5286,2013-12-26 12:30:00+00:00,616.25
5286,2013-12-26 13:00:00+00:00,550.75
5286,2013-12-26 13:30:00+00:00,449.04
5286,2013-12-26 14:00:00+00:00,192.28
5286,2013-12-26 14:30:00+00:00,51.4
5286,2013-12-26 15:00:00+00:00,22.91
5286,2013-12-26 15:30:00+00:00,8.85
5286,2013-12-26 16:00:00+00:00,1.24
5286,2013-12-26 16:30:00+00:00,0.01
5286,2013-12-26 17:00:00+00:00,0.01
5286,2013-12-26 17:30:00+00:00,0.0
5286,2013-12-26 18:00:00+00:00,0.0
5286,2013-12-26 18:30:00+00:00,0.0
5286,2013-12-26 19:00:00+00:00,0.0
5286,2013-12-26 19:30:00+00:00,0.0
5286,2013-12-26 20:00:00+00:00,0.0
5286,2013-12-26 20:30:00+00:00,0.0
5286,2013-12-26 21:00:00+00:00,0.0
5286,2013-12-26 21:30:00+00:00,0.0
5286,2013-12-26 22:00:00+00:00,0.0
5286,2013-12-26 22:30:00+00:00,0.0
5286,2013-12-26 23:00:00+00:00,0.0
5286,2013-12-26 23:30:00+00:00,0.0
5286,2013-12-27 00:00:00+00:00,0.0
5286,2013-12-27 00:30:00+00:00,0.0
5286,2013-12-27 01:00:00+00:00,0.0
5286,2013-12-27 01:30:00+00:00,0.0
5286,2013-12-27 02:00:00+00:00,0.0
5286,2013-12-27 02:30:00+00:00,0.0
5286,2013-12-27 03:00:00+00:00,0.0
5286,2013-12-27 03:30:00+00:00,0.0
5286,2013-12-27 04:00:00+00:00,0.0
5286,2013-12-27 04:30:00+00:00,0.0
5286,2013-12-27 05:00:00+00:00,0.0
5286,2013-12-27 05:30:00+00:00,0.0
5286,2013-12-27 06:00:00+00:00,0.0
5286,2013-12-27 06:30:00+00:00,0.0
5286,2013-12-27 07:00:00+00:00,0.0
5286,2013-12-27 07:30:00+00:00,0.0
5286,2013-12-27 08:00:00+00:00,0.0
5286,2013-12-27 08:30:00+00:00,0.0
5286,2013-12-27 09:00:00+00:00,0.01
5286,2013-12-27 09:30:00+00:00,0.03
5286,2013-12-27 10:00:00+00:00,0.99
5286,2013-12-27 10:30:00+00:00,10.46
5286,2013-12-27 11:00:00+00:00,19.07
5286,2013-12-27 11:30:00+00:00,37.52
5286,2013-12-27 12:00:00+00:00,43.03
5286,2013-12-27 12:30:00+00:00,40.63
5286,2013-12-27 13:00:00+00:00,25.87
5286,2013-12-27 13:30:00+00:00,19.28
5286,2013-12-27 14:00:00+00:00,32.71
5286,2013-12-27 14:30:00+00:00,69.04
5286,2013-12-27 15:00:00+00:00,22.53
5286,2013-12-27 15:30:00+00:00,14.03
5286,2013-12-27 16:00:00+00:00,0.38
5286,2013-12-27 16:30:00+00:00,0.01
5286,2013-12-27 17:00:00+00:00,0.0
5286,2013-12-27 17:30:00+00:00,0.0
5286,2013-12-27 18:00:00+00:00,0.0
5286,2013-12-27 18:30:00+00:00,0.0
5286,2013-12-27 19:00:00+00:00,0.0
5286,2013-12-27 19:30:00+00:00,0.0
5286,2013-12-27 20:00:00+00:00,0.0
5286,2013-12-27 20:30:00+00:00,0.0
5286,2013-12-27 21:00:00+00:00,0.0
5286,2013-12-27 21:30:00+00:00,0.0
5286,2013-12-27 22:00:00+00:00,0.0
5286,2013-12-27 22:30:00+00:00,0.0
5286,2013-12-27 23:00:00+00:00,0.0
5286,2013-12-27 23:30:00+00:00,0.0
5286,2013-12-28 00:00:00+00:00,0.0
5286,2013-12-28 00:30:00+00:00,0.0
5286,2013-12-28 01:00:00+00:00,0.0
5286,2013-12-28 01:30:00+00:00,0.0
5286,2013-12-28 02:00:00+00:00,0.0
5286,2013-12-28 02:30:00+00:00,0.0
5286,2013-12-28 03:00:00+00:00,0.0
5286,2013-12-28 03:30:00+00:00,0.0
5286,2013-12-28 04:00:00+00:00,0.0
5286,2013-12-28 04:30:00+00:00,0.0
5286,2013-12-28 05:00:00+00:00,0.0
5286,2013-12-28 05:30:00+00:00,0.0
5286,2013-12-28 06:00:00+00:00,0.0
5286,2013-12-28 06:30:00+00:00,0.0
5286,2013-12-28 07:00:00+00:00,0.0
5286,2013-12-28 07:30:00+00:00,0.0
5286,2013-12-28 08:00:00+00:00,0.0
5286,2013-12-28 08:30:00+00:00,9.1
5286,2013-12-28 09:00:00+00:00,16.63
5286,2013-12-28 09:30:00+00:00,95.53
5286,2013-12-28 10:00:00+00:00,510.3
5286,2013-12-28 10:30:00+00:00,635.85
5286,2013-12-28 11:00:00+00:00,674.1
5286,2013-12-28 11:30:00+00:00,528.8
5286,2013-12-28 12:00:00+00:00,445.76
5286,2013-12-28 12:30:00+00:00,581.8
5286,2013-12-28 13:00:00+00:00,555.15
5286,2013-12-28 13:30:00+00:00,555.05
5286,2013-12-28 14:00:00+00:00,238.08
5286,2013-12-28 14:30:00+00:00,221.51
5286,2013-12-28 15:00:00+00:00,188.16
5286,2013-12-28 15:30:00+00:00,16.56
5286,2013-12-28 16:00:00+00:00,0.02
5286,2013-12-28 16:30:00+00:00,0.01
5286,2013-12-28 17:00:00+00:00,0.0
5286,2013-12-28 17:30:00+00:00,0.0
5286,2013-12-28 18:00:00+00:00,0.0
5286,2013-12-28 18:30:00+00:00,0.0
5286,2013-12-28 19:00:00+00:00,0.0
5286,2013-12-28 19:30:00+00:00,0.0
5286,2013-12-28 20:00:00+00:00,0.0
5286,2013-12-28 20:30:00+00:00,0.0
5286,2013-12-28 21:00:00+00:00,0.0
5286,2013-12-28 21:30:00+00:00,0.0
5286,2013-12-28 22:00:00+00:00,0.0
5286,2013-12-28 22:30:00+00:00,0.0
5286,2013-12-28 23:00:00+00:00,0.0
5286,2013-12-28 23:30:00+00:00,0.0
5286,2013-12-29 00:00:00+00:00,0.0
5286,2013-12-29 00:30:00+00:00,0.0
5286,2013-12-29 01:00:00+00:00,0.0
5286,2013-12-29 01:30:00+00:00,0.0
5286,2013-12-29 02:00:00+00:00,0.0
5286,2013-12-29 02:30:00+00:00,0.0
5286,2013-12-29 03:00:00+00:00,0.0
5286,2013-12-29 03:30:00+00:00,0.0
5286,2013-12-29 04:00:00+00:00,0.0
5286,2013-12-29 04:30:00+00:00,0.0
5286,2013-12-29 05:00:00+00:00,0.0
5286,2013-12-29 05:30:00+00:00,0.0
5286,2013-12-29 06:00:00+00:00,0.0
5286,2013-12-29 06:30:00+00:00,0.0
5286,2013-12-29 07:00:00+00:00,0.0
5286,2013-12-29 07:30:00+00:00,0.0
5286,2013-12-29 08:00:00+00:00,0.0
5286,2013-12-29 08:30:00+00:00,6.12
5286,2013-12-29 09:00:00+00:00,181.19
5286,2013-12-29 09:30:00+00:00,405.23
5286,2013-12-29 10:00:00+00:00,540.3
5286,2013-12-29 10:30:00+00:00,655.75
5286,2013-12-29 11:00:00+00:00,715.8
5286,2013-12-29 11:30:00+00:00,739.35
5286,2013-12-29 12:00:00+00:00,733.15
5286,2013-12-29 12:30:00+00:00,711.95
5286,2013-12-29 13:00:00+00:00,662.65
5286,2013-12-29 13:30:00+00:00,603.25
5286,2013-12-29 14:00:00+00:00,511.55
5286,2013-12-29 14:30:00+00:00,401.43
5286,2013-12-29 15:00:00+00:00,236.44
5286,2013-12-29 15:30:00+00:00,17.8
5286,2013-12-29 16:00:00+00:00,1.0
5286,2013-12-29 16:30:00+00:00,0.01
5286,2013-12-29 17:00:00+00:00,0.0
5286,2013-12-29 17:30:00+00:00,0.0
5286,2013-12-29 18:00:00+00:00,0.0
5286,2013-12-29 18:30:00+00:00,0.0
5286,2013-12-29 19:00:00+00:00,0.0
5286,2013-12-29 19:30:00+00:00,0.0
5286,2013-12-29 20:00:00+00:00,0.0
5286,2013-12-29 20:30:00+00:00,0.0
5286,2013-12-29 21:00:00+00:00,0.0
5286,2013-12-29 21:30:00+00:00,0.0
5286,2013-12-29 22:00:00+00:00,0.0
5286,2013-12-29 22:30:00+00:00,0.0
5286,2013-12-29 23:00:00+00:00,0.0
5286,2013-12-29 23:30:00+00:00,0.0
5286,2013-12-30 00:00:00+00:00,0.0
5286,2013-12-30 00:30:00+00:00,0.0
5286,2013-12-30 01:00:00+00:00,0.0
5286,2013-12-30 01:30:00+00:00,0.0
5286,2013-12-30 02:00:00+00:00,0.0
5286,2013-12-30 02:30:00+00:00,0.0
5286,2013-12-30 03:00:00+00:00,0.0
5286,2013-12-30 03:30:00+00:00,0.0
5286,2013-12-30 04:00:00+00:00,0.0
5286,2013-12-30 04:30:00+00:00,0.0
5286,2013-12-30 05:00:00+00:00,0.0
5286,2013-12-30 05:30:00+00:00,0.0
5286,2013-12-30 06:00:00+00:00,0.0
5286,2013-12-30 06:30:00+00:00,0.0
5286,2013-12-30 07:00:00+00:00,0.0
5286,2013-12-30 07:30:00+00:00,0.0
5286,2013-12-30 08:00:00+00:00,0.0
5286,2013-12-30 08:30:00+00:00,0.0
5286,2013-12-30 09:00:00+00:00,0.01
5286,2013-12-30 09:30:00+00:00,9.53
5286,2013-12-30 10:00:00+00:00,2.65
5286,2013-12-30 10:30:00+00:00,2.54
5286,2013-12-30 11:00:00+00:00,15.28
5286,2013-12-30 11:30:00+00:00,32.09
5286,2013-12-30 12:00:00+00:00,12.11
5286,2013-12-30 12:30:00+00:00,9.75
5286,2013-12-30 13:00:00+00:00,3.62
5286,2013-12-30 13:30:00+00:00,49.19
5286,2013-12-30 14:00:00+00:00,179.51
5286,2013-12-30 14:30:00+00:00,194.04
5286,2013-12-30 15:00:00+00:00,165.94
5286,2013-12-30 15:30:00+00:00,22.5
5286,2013-12-30 16:00:00+00:00,0.01
5286,2013-12-30 16:30:00+00:00,0.01
5286,2013-12-30 17:00:00+00:00,0.0
5286,2013-12-30 17:30:00+00:00,0.0
5286,2013-12-30 18:00:00+00:00,0.0
5286,2013-12-30 18:30:00+00:00,0.0
5286,2013-12-30 19:00:00+00:00,0.0
5286,2013-12-30 19:30:00+00:00,0.0
5286,2013-12-30 20:00:00+00:00,0.0
5286,2013-12-30 20:30:00+00:00,0.0
5286,2013-12-30 21:00:00+00:00,0.0
5286,2013-12-30 21:30:00+00:00,0.0
5286,2013-12-30 22:00:00+00:00,0.0
5286,2013-12-30 22:30:00+00:00,0.0
5286,2013-12-30 23:00:00+00:00,0.0
5286,2013-12-30 23:30:00+00:00,0.0
5286,2013-12-31 00:00:00+00:00,0.0
5286,2013-12-31 00:30:00+00:00,0.0
5286,2013-12-31 01:00:00+00:00,0.0
5286,2013-12-31 01:30:00+00:00,0.0
5286,2013-12-31 02:00:00+00:00,0.0
5286,2013-12-31 02:30:00+00:00,0.0
5286,2013-12-31 03:00:00+00:00,0.0
5286,2013-12-31 03:30:00+00:00,0.0
5286,2013-12-31 04:00:00+00:00,0.0
5286,2013-12-31 04:30:00+00:00,0.0
5286,2013-12-31 05:00:00+00:00,0.0
5286,2013-12-31 05:30:00+00:00,0.0
5286,2013-12-31 06:00:00+00:00,0.0
5286,2013-12-31 06:30:00+00:00,0.0
5286,2013-12-31 07:00:00+00:00,0.0
5286,2013-12-31 07:30:00+00:00,0.0
5286,2013-12-31 08:00:00+00:00,0.0
5286,2013-12-31 08:30:00+00:00,0.0
5286,2013-12-31 09:00:00+00:00,1.76
5286,2013-12-31 09:30:00+00:00,5.12
5286,2013-12-31 10:00:00+00:00,44.79
5286,2013-12-31 10:30:00+00:00,53.09
5286,2013-12-31 11:00:00+00:00,55.33
5286,2013-12-31 11:30:00+00:00,89.29
5286,2013-12-31 12:00:00+00:00,81.73
5286,2013-12-31 12:30:00+00:00,34.79
5286,2013-12-31 13:00:00+00:00,30.02
5286,2013-12-31 13:30:00+00:00,9.94
5286,2013-12-31 14:00:00+00:00,7.88
5286,2013-12-31 14:30:00+00:00,0.02
5286,2013-12-31 15:00:00+00:00,0.01
5286,2013-12-31 15:30:00+00:00,0.01
5286,2013-12-31 16:00:00+00:00,0.01
5286,2013-12-31 16:30:00+00:00,0.01
5286,2013-12-31 17:00:00+00:00,0.0
5286,2013-12-31 17:30:00+00:00,0.0
5286,2013-12-31 18:00:00+00:00,0.0
5286,2013-12-31 18:30:00+00:00,0.0
5286,2013-12-31 19:00:00+00:00,0.0
5286,2013-12-31 19:30:00+00:00,0.0
5286,2013-12-31 20:00:00+00:00,0.0
5286,2013-12-31 20:30:00+00:00,0.0
5286,2013-12-31 21:00:00+00:00,0.0
5286,2013-12-31 21:30:00+00:00,0.0
5286,2013-12-31 22:00:00+00:00,0.0
5286,2013-12-31 22:30:00+00:00,0.0
5286,2013-12-31 23:00:00+00:00,0.0
5286,2013-12-31 23:30:00+00:00,0.0
