ss_id,datetime_GMT,generation_Wh
5392,2013-01-01 00:30:00+00:00,0.0
5392,2013-01-01 01:00:00+00:00,0.0
5392,2013-01-01 01:30:00+00:00,0.0
5392,2013-01-01 02:00:00+00:00,0.0
5392,2013-01-01 02:30:00+00:00,0.0
5392,2013-01-01 03:00:00+00:00,0.0
5392,2013-01-01 03:30:00+00:00,0.0
5392,2013-01-01 04:00:00+00:00,0.0
5392,2013-01-01 04:30:00+00:00,0.0
5392,2013-01-01 05:00:00+00:00,0.0
5392,2013-01-01 05:30:00+00:00,0.0
5392,2013-01-01 06:00:00+00:00,0.0
5392,2013-01-01 06:30:00+00:00,0.0
5392,2013-01-01 07:00:00+00:00,0.0
5392,2013-01-01 07:30:00+00:00,0.0
5392,2013-01-01 08:00:00+00:00,0.0
5392,2013-01-01 08:30:00+00:00,5.03
5392,2013-01-01 09:00:00+00:00,256.71
5392,2013-01-01 09:30:00+00:00,530.45
5392,2013-01-01 10:00:00+00:00,730.25
5392,2013-01-01 10:30:00+00:00,879.35
5392,2013-01-01 11:00:00+00:00,955.6
5392,2013-01-01 11:30:00+00:00,718.4
5392,2013-01-01 12:00:00+00:00,126.33
5392,2013-01-01 12:30:00+00:00,79.54
5392,2013-01-01 13:00:00+00:00,67.64
5392,2013-01-01 13:30:00+00:00,76.86
5392,2013-01-01 14:00:00+00:00,79.45
5392,2013-01-01 14:30:00+00:00,73.63
5392,2013-01-01 15:00:00+00:00,79.99
5392,2013-01-01 15:30:00+00:00,32.72
5392,2013-01-01 16:00:00+00:00,2.11
5392,2013-01-01 16:30:00+00:00,0.0
5392,2013-01-01 17:00:00+00:00,0.0
5392,2013-01-01 17:30:00+00:00,0.0
5392,2013-01-01 18:00:00+00:00,0.0
5392,2013-01-01 18:30:00+00:00,0.0
5392,2013-01-01 19:00:00+00:00,0.0
5392,2013-01-01 19:30:00+00:00,0.0
5392,2013-01-01 20:00:00+00:00,0.0
5392,2013-01-01 20:30:00+00:00,0.0
5392,2013-01-01 21:00:00+00:00,0.0
5392,2013-01-01 21:30:00+00:00,0.0
5392,2013-01-01 22:00:00+00:00,0.0
5392,2013-01-01 22:30:00+00:00,0.0
5392,2013-01-01 23:00:00+00:00,0.0
5392,2013-01-01 23:30:00+00:00,0.0
5392,2013-01-02 00:00:00+00:00,0.0
5392,2013-01-02 00:30:00+00:00,0.0
5392,2013-01-02 01:00:00+00:00,0.0
5392,2013-01-02 01:30:00+00:00,0.0
5392,2013-01-02 02:00:00+00:00,0.0
5392,2013-01-02 02:30:00+00:00,0.0
5392,2013-01-02 03:00:00+00:00,0.0
5392,2013-01-02 03:30:00+00:00,0.0
5392,2013-01-02 04:00:00+00:00,0.0
5392,2013-01-02 04:30:00+00:00,0.0
5392,2013-01-02 05:00:00+00:00,0.0
5392,2013-01-02 05:30:00+00:00,0.0
5392,2013-01-02 06:00:00+00:00,0.0
5392,2013-01-02 06:30:00+00:00,0.0
5392,2013-01-02 07:00:00+00:00,0.0
5392,2013-01-02 07:30:00+00:00,0.0
5392,2013-01-02 08:00:00+00:00,0.0
5392,2013-01-02 08:30:00+00:00,0.82
5392,2013-01-02 09:00:00+00:00,12.26
5392,2013-01-02 09:30:00+00:00,8.41
5392,2013-01-02 10:00:00+00:00,14.32
5392,2013-01-02 10:30:00+00:00,31.08
5392,2013-01-02 11:00:00+00:00,42.53
5392,2013-01-02 11:30:00+00:00,40.48
5392,2013-01-02 12:00:00+00:00,49.54
5392,2013-01-02 12:30:00+00:00,49.97
5392,2013-01-02 13:00:00+00:00,44.82
5392,2013-01-02 13:30:00+00:00,46.84
5392,2013-01-02 14:00:00+00:00,27.15
5392,2013-01-02 14:30:00+00:00,24.76
5392,2013-01-02 15:00:00+00:00,1.93
5392,2013-01-02 15:30:00+00:00,0.04
5392,2013-01-02 16:00:00+00:00,0.0
5392,2013-01-02 16:30:00+00:00,0.0
5392,2013-01-02 17:00:00+00:00,0.0
5392,2013-01-02 17:30:00+00:00,0.0
5392,2013-01-02 18:00:00+00:00,0.0
5392,2013-01-02 18:30:00+00:00,0.0
5392,2013-01-02 19:00:00+00:00,0.0
5392,2013-01-02 19:30:00+00:00,0.0
5392,2013-01-02 20:00:00+00:00,0.0
5392,2013-01-02 20:30:00+00:00,0.0
5392,2013-01-02 21:00:00+00:00,0.0
5392,2013-01-02 21:30:00+00:00,0.0
5392,2013-01-02 22:00:00+00:00,0.0
5392,2013-01-02 22:30:00+00:00,0.0
5392,2013-01-02 23:00:00+00:00,0.0
5392,2013-01-02 23:30:00+00:00,0.0
5392,2013-01-03 00:00:00+00:00,0.0
5392,2013-01-03 00:30:00+00:00,0.0
5392,2013-01-03 01:00:00+00:00,0.0
5392,2013-01-03 01:30:00+00:00,0.0
5392,2013-01-03 02:00:00+00:00,0.0
5392,2013-01-03 02:30:00+00:00,0.0
5392,2013-01-03 03:00:00+00:00,0.0
5392,2013-01-03 03:30:00+00:00,0.0
5392,2013-01-03 04:00:00+00:00,0.0
5392,2013-01-03 04:30:00+00:00,0.0
5392,2013-01-03 05:00:00+00:00,0.0
5392,2013-01-03 05:30:00+00:00,0.0
5392,2013-01-03 06:00:00+00:00,0.0
5392,2013-01-03 06:30:00+00:00,0.0
5392,2013-01-03 07:00:00+00:00,0.0
5392,2013-01-03 07:30:00+00:00,0.0
5392,2013-01-03 08:00:00+00:00,0.0
5392,2013-01-03 08:30:00+00:00,1.04
5392,2013-01-03 09:00:00+00:00,21.9
5392,2013-01-03 09:30:00+00:00,23.06
5392,2013-01-03 10:00:00+00:00,70.5
5392,2013-01-03 10:30:00+00:00,93.34
5392,2013-01-03 11:00:00+00:00,101.47
5392,2013-01-03 11:30:00+00:00,154.62
5392,2013-01-03 12:00:00+00:00,147.96
5392,2013-01-03 12:30:00+00:00,150.2
5392,2013-01-03 13:00:00+00:00,170.67
5392,2013-01-03 13:30:00+00:00,153.87
5392,2013-01-03 14:00:00+00:00,115.75
5392,2013-01-03 14:30:00+00:00,84.13
5392,2013-01-03 15:00:00+00:00,51.53
5392,2013-01-03 15:30:00+00:00,10.19
5392,2013-01-03 16:00:00+00:00,0.84
5392,2013-01-03 16:30:00+00:00,0.0
5392,2013-01-03 17:00:00+00:00,0.0
5392,2013-01-03 17:30:00+00:00,0.0
5392,2013-01-03 18:00:00+00:00,0.0
5392,2013-01-03 18:30:00+00:00,0.0
5392,2013-01-03 19:00:00+00:00,0.0
5392,2013-01-03 19:30:00+00:00,0.0
5392,2013-01-03 20:00:00+00:00,0.0
5392,2013-01-03 20:30:00+00:00,0.0
5392,2013-01-03 21:00:00+00:00,0.0
5392,2013-01-03 21:30:00+00:00,0.0
5392,2013-01-03 22:00:00+00:00,0.0
5392,2013-01-03 22:30:00+00:00,0.0
5392,2013-01-03 23:00:00+00:00,0.0
5392,2013-01-03 23:30:00+00:00,0.0
5392,2013-01-04 00:00:00+00:00,0.0
5392,2013-01-04 00:30:00+00:00,0.0
5392,2013-01-04 01:00:00+00:00,0.0
5392,2013-01-04 01:30:00+00:00,0.0
5392,2013-01-04 02:00:00+00:00,0.0
5392,2013-01-04 02:30:00+00:00,0.0
5392,2013-01-04 03:00:00+00:00,0.0
5392,2013-01-04 03:30:00+00:00,0.0
5392,2013-01-04 04:00:00+00:00,0.0
5392,2013-01-04 04:30:00+00:00,0.0
5392,2013-01-04 05:00:00+00:00,0.0
5392,2013-01-04 05:30:00+00:00,0.0
5392,2013-01-04 06:00:00+00:00,0.0
5392,2013-01-04 06:30:00+00:00,0.0
5392,2013-01-04 07:00:00+00:00,0.0
5392,2013-01-04 07:30:00+00:00,0.0
5392,2013-01-04 08:00:00+00:00,0.0
5392,2013-01-04 08:30:00+00:00,0.0
5392,2013-01-04 09:00:00+00:00,0.12
5392,2013-01-04 09:30:00+00:00,1.57
5392,2013-01-04 10:00:00+00:00,21.07
5392,2013-01-04 10:30:00+00:00,50.87
5392,2013-01-04 11:00:00+00:00,44.56
5392,2013-01-04 11:30:00+00:00,45.5
5392,2013-01-04 12:00:00+00:00,70.76
5392,2013-01-04 12:30:00+00:00,168.94
5392,2013-01-04 13:00:00+00:00,170.57
5392,2013-01-04 13:30:00+00:00,122.0
5392,2013-01-04 14:00:00+00:00,112.78
5392,2013-01-04 14:30:00+00:00,79.97
5392,2013-01-04 15:00:00+00:00,51.04
5392,2013-01-04 15:30:00+00:00,13.35
5392,2013-01-04 16:00:00+00:00,0.07
5392,2013-01-04 16:30:00+00:00,0.0
5392,2013-01-04 17:00:00+00:00,0.0
5392,2013-01-04 17:30:00+00:00,0.0
5392,2013-01-04 18:00:00+00:00,0.0
5392,2013-01-04 18:30:00+00:00,0.0
5392,2013-01-04 19:00:00+00:00,0.0
5392,2013-01-04 19:30:00+00:00,0.0
5392,2013-01-04 20:00:00+00:00,0.0
5392,2013-01-04 20:30:00+00:00,0.0
5392,2013-01-04 21:00:00+00:00,0.0
5392,2013-01-04 21:30:00+00:00,0.0
5392,2013-01-04 22:00:00+00:00,0.0
5392,2013-01-04 22:30:00+00:00,0.0
5392,2013-01-04 23:00:00+00:00,0.0
5392,2013-01-04 23:30:00+00:00,0.0
5392,2013-01-05 00:00:00+00:00,0.0
5392,2013-01-05 00:30:00+00:00,0.0
5392,2013-01-05 01:00:00+00:00,0.0
5392,2013-01-05 01:30:00+00:00,0.0
5392,2013-01-05 02:00:00+00:00,0.0
5392,2013-01-05 02:30:00+00:00,0.0
5392,2013-01-05 03:00:00+00:00,0.0
5392,2013-01-05 03:30:00+00:00,0.0
5392,2013-01-05 04:00:00+00:00,0.0
5392,2013-01-05 04:30:00+00:00,0.0
5392,2013-01-05 05:00:00+00:00,0.0
5392,2013-01-05 05:30:00+00:00,0.0
5392,2013-01-05 06:00:00+00:00,0.0
5392,2013-01-05 06:30:00+00:00,0.0
5392,2013-01-05 07:00:00+00:00,0.0
5392,2013-01-05 07:30:00+00:00,0.0
5392,2013-01-05 08:00:00+00:00,0.0
5392,2013-01-05 08:30:00+00:00,0.0
5392,2013-01-05 09:00:00+00:00,0.54
5392,2013-01-05 09:30:00+00:00,0.85
5392,2013-01-05 10:00:00+00:00,5.25
5392,2013-01-05 10:30:00+00:00,8.87
5392,2013-01-05 11:00:00+00:00,32.44
5392,2013-01-05 11:30:00+00:00,43.89
5392,2013-01-05 12:00:00+00:00,62.35
5392,2013-01-05 12:30:00+00:00,55.87
5392,2013-01-05 13:00:00+00:00,45.25
5392,2013-01-05 13:30:00+00:00,107.0
5392,2013-01-05 14:00:00+00:00,79.29
5392,2013-01-05 14:30:00+00:00,64.7
5392,2013-01-05 15:00:00+00:00,44.23
5392,2013-01-05 15:30:00+00:00,23.74
5392,2013-01-05 16:00:00+00:00,0.35
5392,2013-01-05 16:30:00+00:00,0.0
5392,2013-01-05 17:00:00+00:00,0.0
5392,2013-01-05 17:30:00+00:00,0.0
5392,2013-01-05 18:00:00+00:00,0.0
5392,2013-01-05 18:30:00+00:00,0.0
5392,2013-01-05 19:00:00+00:00,0.0
5392,2013-01-05 19:30:00+00:00,0.0
5392,2013-01-05 20:00:00+00:00,0.0
5392,2013-01-05 20:30:00+00:00,0.0
5392,2013-01-05 21:00:00+00:00,0.0
5392,2013-01-05 21:30:00+00:00,0.0
5392,2013-01-05 22:00:00+00:00,0.0
5392,2013-01-05 22:30:00+00:00,0.0
5392,2013-01-05 23:00:00+00:00,0.0
5392,2013-01-05 23:30:00+00:00,0.0
5392,2013-01-06 00:00:00+00:00,0.0
5392,2013-01-06 00:30:00+00:00,0.0
5392,2013-01-06 01:00:00+00:00,0.0
5392,2013-01-06 01:30:00+00:00,0.0
5392,2013-01-06 02:00:00+00:00,0.0
5392,2013-01-06 02:30:00+00:00,0.0
5392,2013-01-06 03:00:00+00:00,0.0
5392,2013-01-06 03:30:00+00:00,0.0
5392,2013-01-06 04:00:00+00:00,0.0
5392,2013-01-06 04:30:00+00:00,0.0
5392,2013-01-06 05:00:00+00:00,0.0
5392,2013-01-06 05:30:00+00:00,0.0
5392,2013-01-06 06:00:00+00:00,0.0
5392,2013-01-06 06:30:00+00:00,0.0
5392,2013-01-06 07:00:00+00:00,0.0
5392,2013-01-06 07:30:00+00:00,0.0
5392,2013-01-06 08:00:00+00:00,0.0
5392,2013-01-06 08:30:00+00:00,0.0
5392,2013-01-06 09:00:00+00:00,2.32
5392,2013-01-06 09:30:00+00:00,22.64
5392,2013-01-06 10:00:00+00:00,21.11
5392,2013-01-06 10:30:00+00:00,17.14
5392,2013-01-06 11:00:00+00:00,48.16
5392,2013-01-06 11:30:00+00:00,56.01
5392,2013-01-06 12:00:00+00:00,72.33
5392,2013-01-06 12:30:00+00:00,69.71
5392,2013-01-06 13:00:00+00:00,50.4
5392,2013-01-06 13:30:00+00:00,42.31
5392,2013-01-06 14:00:00+00:00,33.32
5392,2013-01-06 14:30:00+00:00,19.93
5392,2013-01-06 15:00:00+00:00,46.05
5392,2013-01-06 15:30:00+00:00,2.43
5392,2013-01-06 16:00:00+00:00,0.04
5392,2013-01-06 16:30:00+00:00,0.0
5392,2013-01-06 17:00:00+00:00,0.0
5392,2013-01-06 17:30:00+00:00,0.0
5392,2013-01-06 18:00:00+00:00,0.0
5392,2013-01-06 18:30:00+00:00,0.0
5392,2013-01-06 19:00:00+00:00,0.0
5392,2013-01-06 19:30:00+00:00,0.0
5392,2013-01-06 20:00:00+00:00,0.0
5392,2013-01-06 20:30:00+00:00,0.0
5392,2013-01-06 21:00:00+00:00,0.0
5392,2013-01-06 21:30:00+00:00,0.0
5392,2013-01-06 22:00:00+00:00,0.0
5392,2013-01-06 22:30:00+00:00,0.0
5392,2013-01-06 23:00:00+00:00,0.0
5392,2013-01-06 23:30:00+00:00,0.0
5392,2013-01-07 00:00:00+00:00,0.0
5392,2013-01-07 00:30:00+00:00,0.0
5392,2013-01-07 01:00:00+00:00,0.0
5392,2013-01-07 01:30:00+00:00,0.0
5392,2013-01-07 02:00:00+00:00,0.0
5392,2013-01-07 02:30:00+00:00,0.0
5392,2013-01-07 03:00:00+00:00,0.0
5392,2013-01-07 03:30:00+00:00,0.0
5392,2013-01-07 04:00:00+00:00,0.0
5392,2013-01-07 04:30:00+00:00,0.0
5392,2013-01-07 05:00:00+00:00,0.0
5392,2013-01-07 05:30:00+00:00,0.0
5392,2013-01-07 06:00:00+00:00,0.0
5392,2013-01-07 06:30:00+00:00,0.0
5392,2013-01-07 07:00:00+00:00,0.0
5392,2013-01-07 07:30:00+00:00,0.0
5392,2013-01-07 08:00:00+00:00,0.0
5392,2013-01-07 08:30:00+00:00,0.0
5392,2013-01-07 09:00:00+00:00,0.0
5392,2013-01-07 09:30:00+00:00,2.31
5392,2013-01-07 10:00:00+00:00,7.4
5392,2013-01-07 10:30:00+00:00,24.98
5392,2013-01-07 11:00:00+00:00,37.99
5392,2013-01-07 11:30:00+00:00,20.51
5392,2013-01-07 12:00:00+00:00,29.68
5392,2013-01-07 12:30:00+00:00,44.64
5392,2013-01-07 13:00:00+00:00,81.0
5392,2013-01-07 13:30:00+00:00,55.77
5392,2013-01-07 14:00:00+00:00,49.86
5392,2013-01-07 14:30:00+00:00,37.18
5392,2013-01-07 15:00:00+00:00,2.82
5392,2013-01-07 15:30:00+00:00,1.05
5392,2013-01-07 16:00:00+00:00,0.1
5392,2013-01-07 16:30:00+00:00,0.0
5392,2013-01-07 17:00:00+00:00,0.0
5392,2013-01-07 17:30:00+00:00,0.0
5392,2013-01-07 18:00:00+00:00,0.0
5392,2013-01-07 18:30:00+00:00,0.0
5392,2013-01-07 19:00:00+00:00,0.0
5392,2013-01-07 19:30:00+00:00,0.0
5392,2013-01-07 20:00:00+00:00,0.0
5392,2013-01-07 20:30:00+00:00,0.0
5392,2013-01-07 21:00:00+00:00,0.0
5392,2013-01-07 21:30:00+00:00,0.0
5392,2013-01-07 22:00:00+00:00,0.0
5392,2013-01-07 22:30:00+00:00,0.0
5392,2013-01-07 23:00:00+00:00,0.0
5392,2013-01-07 23:30:00+00:00,0.0
5392,2013-01-08 00:00:00+00:00,0.0
5392,2013-01-08 00:30:00+00:00,0.0
5392,2013-01-08 01:00:00+00:00,0.0
5392,2013-01-08 01:30:00+00:00,0.0
5392,2013-01-08 02:00:00+00:00,0.0
5392,2013-01-08 02:30:00+00:00,0.0
5392,2013-01-08 03:00:00+00:00,0.0
5392,2013-01-08 03:30:00+00:00,0.0
5392,2013-01-08 04:00:00+00:00,0.0
5392,2013-01-08 04:30:00+00:00,0.0
5392,2013-01-08 05:00:00+00:00,0.0
5392,2013-01-08 05:30:00+00:00,0.0
5392,2013-01-08 06:00:00+00:00,0.0
5392,2013-01-08 06:30:00+00:00,0.0
5392,2013-01-08 07:00:00+00:00,0.0
5392,2013-01-08 07:30:00+00:00,0.0
5392,2013-01-08 08:00:00+00:00,0.0
5392,2013-01-08 08:30:00+00:00,8.56
5392,2013-01-08 09:00:00+00:00,127.38
5392,2013-01-08 09:30:00+00:00,245.68
5392,2013-01-08 10:00:00+00:00,419.63
5392,2013-01-08 10:30:00+00:00,168.81
5392,2013-01-08 11:00:00+00:00,244.11
5392,2013-01-08 11:30:00+00:00,198.89
5392,2013-01-08 12:00:00+00:00,187.14
5392,2013-01-08 12:30:00+00:00,248.03
5392,2013-01-08 13:00:00+00:00,205.86
5392,2013-01-08 13:30:00+00:00,178.68
5392,2013-01-08 14:00:00+00:00,136.13
5392,2013-01-08 14:30:00+00:00,83.39
5392,2013-01-08 15:00:00+00:00,15.83
5392,2013-01-08 15:30:00+00:00,3.67
5392,2013-01-08 16:00:00+00:00,0.62
5392,2013-01-08 16:30:00+00:00,0.0
5392,2013-01-08 17:00:00+00:00,0.0
5392,2013-01-08 17:30:00+00:00,0.0
5392,2013-01-08 18:00:00+00:00,0.0
5392,2013-01-08 18:30:00+00:00,0.0
5392,2013-01-08 19:00:00+00:00,0.0
5392,2013-01-08 19:30:00+00:00,0.0
5392,2013-01-08 20:00:00+00:00,0.0
5392,2013-01-08 20:30:00+00:00,0.0
5392,2013-01-08 21:00:00+00:00,0.0
5392,2013-01-08 21:30:00+00:00,0.0
5392,2013-01-08 22:00:00+00:00,0.0
5392,2013-01-08 22:30:00+00:00,0.0
5392,2013-01-08 23:00:00+00:00,0.0
5392,2013-01-08 23:30:00+00:00,0.0
5392,2013-01-09 00:00:00+00:00,0.0
5392,2013-01-09 00:30:00+00:00,0.0
5392,2013-01-09 01:00:00+00:00,0.0
5392,2013-01-09 01:30:00+00:00,0.0
5392,2013-01-09 02:00:00+00:00,0.0
5392,2013-01-09 02:30:00+00:00,0.0
5392,2013-01-09 03:00:00+00:00,0.0
5392,2013-01-09 03:30:00+00:00,0.0
5392,2013-01-09 04:00:00+00:00,0.0
5392,2013-01-09 04:30:00+00:00,0.0
5392,2013-01-09 05:00:00+00:00,0.0
5392,2013-01-09 05:30:00+00:00,0.0
5392,2013-01-09 06:00:00+00:00,0.0
5392,2013-01-09 06:30:00+00:00,0.0
5392,2013-01-09 07:00:00+00:00,0.0
5392,2013-01-09 07:30:00+00:00,0.0
5392,2013-01-09 08:00:00+00:00,0.0
5392,2013-01-09 08:30:00+00:00,0.0
5392,2013-01-09 09:00:00+00:00,0.0
5392,2013-01-09 09:30:00+00:00,0.09
5392,2013-01-09 10:00:00+00:00,4.11
5392,2013-01-09 10:30:00+00:00,36.65
5392,2013-01-09 11:00:00+00:00,55.37
5392,2013-01-09 11:30:00+00:00,60.54
5392,2013-01-09 12:00:00+00:00,72.56
5392,2013-01-09 12:30:00+00:00,111.47
5392,2013-01-09 13:00:00+00:00,174.12
5392,2013-01-09 13:30:00+00:00,133.08
5392,2013-01-09 14:00:00+00:00,110.25
5392,2013-01-09 14:30:00+00:00,75.37
5392,2013-01-09 15:00:00+00:00,116.22
5392,2013-01-09 15:30:00+00:00,206.85
5392,2013-01-09 16:00:00+00:00,73.16
5392,2013-01-09 16:30:00+00:00,0.0
5392,2013-01-09 17:00:00+00:00,0.0
5392,2013-01-09 17:30:00+00:00,0.0
5392,2013-01-09 18:00:00+00:00,0.0
5392,2013-01-09 18:30:00+00:00,0.0
5392,2013-01-09 19:00:00+00:00,0.0
5392,2013-01-09 19:30:00+00:00,0.0
5392,2013-01-09 20:00:00+00:00,0.0
5392,2013-01-09 20:30:00+00:00,0.0
5392,2013-01-09 21:00:00+00:00,0.0
5392,2013-01-09 21:30:00+00:00,0.0
5392,2013-01-09 22:00:00+00:00,0.0
5392,2013-01-09 22:30:00+00:00,0.0
5392,2013-01-09 23:00:00+00:00,0.0
5392,2013-01-09 23:30:00+00:00,0.0
5392,2013-01-10 00:00:00+00:00,0.0
5392,2013-01-10 00:30:00+00:00,0.0
5392,2013-01-10 01:00:00+00:00,0.0
5392,2013-01-10 01:30:00+00:00,0.0
5392,2013-01-10 02:00:00+00:00,0.0
5392,2013-01-10 02:30:00+00:00,0.0
5392,2013-01-10 03:00:00+00:00,0.0
5392,2013-01-10 03:30:00+00:00,0.0
5392,2013-01-10 04:00:00+00:00,0.0
5392,2013-01-10 04:30:00+00:00,0.0
5392,2013-01-10 05:00:00+00:00,0.0
5392,2013-01-10 05:30:00+00:00,0.0
5392,2013-01-10 06:00:00+00:00,0.0
5392,2013-01-10 06:30:00+00:00,0.0
5392,2013-01-10 07:00:00+00:00,0.0
5392,2013-01-10 07:30:00+00:00,0.0
5392,2013-01-10 08:00:00+00:00,0.0
5392,2013-01-10 08:30:00+00:00,0.51
5392,2013-01-10 09:00:00+00:00,14.79
5392,2013-01-10 09:30:00+00:00,66.54
5392,2013-01-10 10:00:00+00:00,75.45
5392,2013-01-10 10:30:00+00:00,64.99
5392,2013-01-10 11:00:00+00:00,65.06
5392,2013-01-10 11:30:00+00:00,64.25
5392,2013-01-10 12:00:00+00:00,98.86
5392,2013-01-10 12:30:00+00:00,66.24
5392,2013-01-10 13:00:00+00:00,55.72
5392,2013-01-10 13:30:00+00:00,48.12
5392,2013-01-10 14:00:00+00:00,38.8
5392,2013-01-10 14:30:00+00:00,42.69
5392,2013-01-10 15:00:00+00:00,2.24
5392,2013-01-10 15:30:00+00:00,0.35
5392,2013-01-10 16:00:00+00:00,0.0
5392,2013-01-10 16:30:00+00:00,0.0
5392,2013-01-10 17:00:00+00:00,0.0
5392,2013-01-10 17:30:00+00:00,0.0
5392,2013-01-10 18:00:00+00:00,0.0
5392,2013-01-10 18:30:00+00:00,0.0
5392,2013-01-10 19:00:00+00:00,0.0
5392,2013-01-10 19:30:00+00:00,0.0
5392,2013-01-10 20:00:00+00:00,0.0
5392,2013-01-10 20:30:00+00:00,0.0
5392,2013-01-10 21:00:00+00:00,0.0
5392,2013-01-10 21:30:00+00:00,0.0
5392,2013-01-10 22:00:00+00:00,0.0
5392,2013-01-10 22:30:00+00:00,0.0
5392,2013-01-10 23:00:00+00:00,0.0
5392,2013-01-10 23:30:00+00:00,0.0
5392,2013-01-11 00:00:00+00:00,0.0
5392,2013-01-11 00:30:00+00:00,0.0
5392,2013-01-11 01:00:00+00:00,0.0
5392,2013-01-11 01:30:00+00:00,0.0
5392,2013-01-11 02:00:00+00:00,0.0
5392,2013-01-11 02:30:00+00:00,0.0
5392,2013-01-11 03:00:00+00:00,0.0
5392,2013-01-11 03:30:00+00:00,0.0
5392,2013-01-11 04:00:00+00:00,0.0
5392,2013-01-11 04:30:00+00:00,0.0
5392,2013-01-11 05:00:00+00:00,0.0
5392,2013-01-11 05:30:00+00:00,0.0
5392,2013-01-11 06:00:00+00:00,0.0
5392,2013-01-11 06:30:00+00:00,0.0
5392,2013-01-11 07:00:00+00:00,0.0
5392,2013-01-11 07:30:00+00:00,0.0
5392,2013-01-11 08:00:00+00:00,0.0
5392,2013-01-11 08:30:00+00:00,0.0
5392,2013-01-11 09:00:00+00:00,1.99
5392,2013-01-11 09:30:00+00:00,41.48
5392,2013-01-11 10:00:00+00:00,43.75
5392,2013-01-11 10:30:00+00:00,60.45
5392,2013-01-11 11:00:00+00:00,82.81
5392,2013-01-11 11:30:00+00:00,79.47
5392,2013-01-11 12:00:00+00:00,108.25
5392,2013-01-11 12:30:00+00:00,137.64
5392,2013-01-11 13:00:00+00:00,251.18
5392,2013-01-11 13:30:00+00:00,289.52
5392,2013-01-11 14:00:00+00:00,92.92
5392,2013-01-11 14:30:00+00:00,120.41
5392,2013-01-11 15:00:00+00:00,68.99
5392,2013-01-11 15:30:00+00:00,34.68
5392,2013-01-11 16:00:00+00:00,5.23
5392,2013-01-11 16:30:00+00:00,0.0
5392,2013-01-11 17:00:00+00:00,0.0
5392,2013-01-11 17:30:00+00:00,0.0
5392,2013-01-11 18:00:00+00:00,0.0
5392,2013-01-11 18:30:00+00:00,0.0
5392,2013-01-11 19:00:00+00:00,0.0
5392,2013-01-11 19:30:00+00:00,0.0
5392,2013-01-11 20:00:00+00:00,0.0
5392,2013-01-11 20:30:00+00:00,0.0
5392,2013-01-11 21:00:00+00:00,0.0
5392,2013-01-11 21:30:00+00:00,0.0
5392,2013-01-11 22:00:00+00:00,0.0
5392,2013-01-11 22:30:00+00:00,0.0
5392,2013-01-11 23:00:00+00:00,0.0
5392,2013-01-11 23:30:00+00:00,0.0
5392,2013-01-12 00:00:00+00:00,0.0
5392,2013-01-12 00:30:00+00:00,0.0
5392,2013-01-12 01:00:00+00:00,0.0
5392,2013-01-12 01:30:00+00:00,0.0
5392,2013-01-12 02:00:00+00:00,0.0
5392,2013-01-12 02:30:00+00:00,0.0
5392,2013-01-12 03:00:00+00:00,0.0
5392,2013-01-12 03:30:00+00:00,0.0
5392,2013-01-12 04:00:00+00:00,0.0
5392,2013-01-12 04:30:00+00:00,0.0
5392,2013-01-12 05:00:00+00:00,0.0
5392,2013-01-12 05:30:00+00:00,0.0
5392,2013-01-12 06:00:00+00:00,0.0
5392,2013-01-12 06:30:00+00:00,0.0
5392,2013-01-12 07:00:00+00:00,0.0
5392,2013-01-12 07:30:00+00:00,0.0
5392,2013-01-12 08:00:00+00:00,0.0
5392,2013-01-12 08:30:00+00:00,1.54
5392,2013-01-12 09:00:00+00:00,2.62
5392,2013-01-12 09:30:00+00:00,15.25
5392,2013-01-12 10:00:00+00:00,67.52
5392,2013-01-12 10:30:00+00:00,99.79
5392,2013-01-12 11:00:00+00:00,64.98
5392,2013-01-12 11:30:00+00:00,67.14
5392,2013-01-12 12:00:00+00:00,72.18
5392,2013-01-12 12:30:00+00:00,78.88
5392,2013-01-12 13:00:00+00:00,62.59
5392,2013-01-12 13:30:00+00:00,49.97
5392,2013-01-12 14:00:00+00:00,51.0
5392,2013-01-12 14:30:00+00:00,45.09
5392,2013-01-12 15:00:00+00:00,25.52
5392,2013-01-12 15:30:00+00:00,5.34
5392,2013-01-12 16:00:00+00:00,0.77
5392,2013-01-12 16:30:00+00:00,0.0
5392,2013-01-12 17:00:00+00:00,0.0
5392,2013-01-12 17:30:00+00:00,0.0
5392,2013-01-12 18:00:00+00:00,0.0
5392,2013-01-12 18:30:00+00:00,0.0
5392,2013-01-12 19:00:00+00:00,0.0
5392,2013-01-12 19:30:00+00:00,0.0
5392,2013-01-12 20:00:00+00:00,0.0
5392,2013-01-12 20:30:00+00:00,0.0
5392,2013-01-12 21:00:00+00:00,0.0
5392,2013-01-12 21:30:00+00:00,0.0
5392,2013-01-12 22:00:00+00:00,0.0
5392,2013-01-12 22:30:00+00:00,0.0
5392,2013-01-12 23:00:00+00:00,0.0
5392,2013-01-12 23:30:00+00:00,0.0
5392,2013-01-13 00:00:00+00:00,0.0
5392,2013-01-13 00:30:00+00:00,0.0
5392,2013-01-13 01:00:00+00:00,0.0
5392,2013-01-13 01:30:00+00:00,0.0
5392,2013-01-13 02:00:00+00:00,0.0
5392,2013-01-13 02:30:00+00:00,0.0
5392,2013-01-13 03:00:00+00:00,0.0
5392,2013-01-13 03:30:00+00:00,0.0
5392,2013-01-13 04:00:00+00:00,0.0
5392,2013-01-13 04:30:00+00:00,0.0
5392,2013-01-13 05:00:00+00:00,0.0
5392,2013-01-13 05:30:00+00:00,0.0
5392,2013-01-13 06:00:00+00:00,0.0
5392,2013-01-13 06:30:00+00:00,0.0
5392,2013-01-13 07:00:00+00:00,0.0
5392,2013-01-13 07:30:00+00:00,0.0
5392,2013-01-13 08:00:00+00:00,0.0
5392,2013-01-13 08:30:00+00:00,0.0
5392,2013-01-13 09:00:00+00:00,1.05
5392,2013-01-13 09:30:00+00:00,5.62
5392,2013-01-13 10:00:00+00:00,47.16
5392,2013-01-13 10:30:00+00:00,80.12
5392,2013-01-13 11:00:00+00:00,161.72
5392,2013-01-13 11:30:00+00:00,54.12
5392,2013-01-13 12:00:00+00:00,101.19
5392,2013-01-13 12:30:00+00:00,175.22
5392,2013-01-13 13:00:00+00:00,181.87
5392,2013-01-13 13:30:00+00:00,141.21
5392,2013-01-13 14:00:00+00:00,109.39
5392,2013-01-13 14:30:00+00:00,104.94
5392,2013-01-13 15:00:00+00:00,126.57
5392,2013-01-13 15:30:00+00:00,1.81
5392,2013-01-13 16:00:00+00:00,0.0
5392,2013-01-13 16:30:00+00:00,0.0
5392,2013-01-13 17:00:00+00:00,0.0
5392,2013-01-13 17:30:00+00:00,0.0
5392,2013-01-13 18:00:00+00:00,0.0
5392,2013-01-13 18:30:00+00:00,0.0
5392,2013-01-13 19:00:00+00:00,0.0
5392,2013-01-13 19:30:00+00:00,0.0
5392,2013-01-13 20:00:00+00:00,0.0
5392,2013-01-13 20:30:00+00:00,0.0
5392,2013-01-13 21:00:00+00:00,0.0
5392,2013-01-13 21:30:00+00:00,0.0
5392,2013-01-13 22:00:00+00:00,0.0
5392,2013-01-13 22:30:00+00:00,0.0
5392,2013-01-13 23:00:00+00:00,0.0
5392,2013-01-13 23:30:00+00:00,0.0
5392,2013-01-14 00:00:00+00:00,0.0
5392,2013-01-14 00:30:00+00:00,0.0
5392,2013-01-14 01:00:00+00:00,0.0
5392,2013-01-14 01:30:00+00:00,0.0
5392,2013-01-14 02:00:00+00:00,0.0
5392,2013-01-14 02:30:00+00:00,0.0
5392,2013-01-14 03:00:00+00:00,0.0
5392,2013-01-14 03:30:00+00:00,0.0
5392,2013-01-14 04:00:00+00:00,0.0
5392,2013-01-14 04:30:00+00:00,0.0
5392,2013-01-14 05:00:00+00:00,0.0
5392,2013-01-14 05:30:00+00:00,0.0
5392,2013-01-14 06:00:00+00:00,0.0
5392,2013-01-14 06:30:00+00:00,0.0
5392,2013-01-14 07:00:00+00:00,0.0
5392,2013-01-14 07:30:00+00:00,0.0
5392,2013-01-14 08:00:00+00:00,0.0
5392,2013-01-14 08:30:00+00:00,0.03
5392,2013-01-14 09:00:00+00:00,2.1
5392,2013-01-14 09:30:00+00:00,21.07
5392,2013-01-14 10:00:00+00:00,82.98
5392,2013-01-14 10:30:00+00:00,362.72
5392,2013-01-14 11:00:00+00:00,95.45
5392,2013-01-14 11:30:00+00:00,62.14
5392,2013-01-14 12:00:00+00:00,55.45
5392,2013-01-14 12:30:00+00:00,27.97
5392,2013-01-14 13:00:00+00:00,46.45
5392,2013-01-14 13:30:00+00:00,60.19
5392,2013-01-14 14:00:00+00:00,37.48
5392,2013-01-14 14:30:00+00:00,13.72
5392,2013-01-14 15:00:00+00:00,2.21
5392,2013-01-14 15:30:00+00:00,0.01
5392,2013-01-14 16:00:00+00:00,0.0
5392,2013-01-14 16:30:00+00:00,0.0
5392,2013-01-14 17:00:00+00:00,0.0
5392,2013-01-14 17:30:00+00:00,0.0
5392,2013-01-14 18:00:00+00:00,0.0
5392,2013-01-14 18:30:00+00:00,0.0
5392,2013-01-14 19:00:00+00:00,0.0
5392,2013-01-14 19:30:00+00:00,0.0
5392,2013-01-14 20:00:00+00:00,0.0
5392,2013-01-14 20:30:00+00:00,0.0
5392,2013-01-14 21:00:00+00:00,0.0
5392,2013-01-14 21:30:00+00:00,0.0
5392,2013-01-14 22:00:00+00:00,0.0
5392,2013-01-14 22:30:00+00:00,0.0
5392,2013-01-14 23:00:00+00:00,0.0
5392,2013-01-14 23:30:00+00:00,0.0
5392,2013-01-15 00:00:00+00:00,0.0
5392,2013-01-15 00:30:00+00:00,0.0
5392,2013-01-15 01:00:00+00:00,0.0
5392,2013-01-15 01:30:00+00:00,0.0
5392,2013-01-15 02:00:00+00:00,0.0
5392,2013-01-15 02:30:00+00:00,0.0
5392,2013-01-15 03:00:00+00:00,0.0
5392,2013-01-15 03:30:00+00:00,0.0
5392,2013-01-15 04:00:00+00:00,0.0
5392,2013-01-15 04:30:00+00:00,0.0
5392,2013-01-15 05:00:00+00:00,0.0
5392,2013-01-15 05:30:00+00:00,0.0
5392,2013-01-15 06:00:00+00:00,0.0
5392,2013-01-15 06:30:00+00:00,0.0
5392,2013-01-15 07:00:00+00:00,0.0
5392,2013-01-15 07:30:00+00:00,0.0
5392,2013-01-15 08:00:00+00:00,0.0
5392,2013-01-15 08:30:00+00:00,1.85
5392,2013-01-15 09:00:00+00:00,136.37
5392,2013-01-15 09:30:00+00:00,506.9
5392,2013-01-15 10:00:00+00:00,552.35
5392,2013-01-15 10:30:00+00:00,455.98
5392,2013-01-15 11:00:00+00:00,386.91
5392,2013-01-15 11:30:00+00:00,329.74
5392,2013-01-15 12:00:00+00:00,370.4
5392,2013-01-15 12:30:00+00:00,166.1
5392,2013-01-15 13:00:00+00:00,130.77
5392,2013-01-15 13:30:00+00:00,128.79
5392,2013-01-15 14:00:00+00:00,78.1
5392,2013-01-15 14:30:00+00:00,47.82
5392,2013-01-15 15:00:00+00:00,1.63
5392,2013-01-15 15:30:00+00:00,2.35
5392,2013-01-15 16:00:00+00:00,1.33
5392,2013-01-15 16:30:00+00:00,0.0
5392,2013-01-15 17:00:00+00:00,0.0
5392,2013-01-15 17:30:00+00:00,0.0
5392,2013-01-15 18:00:00+00:00,0.0
5392,2013-01-15 18:30:00+00:00,0.0
5392,2013-01-15 19:00:00+00:00,0.0
5392,2013-01-15 19:30:00+00:00,0.0
5392,2013-01-15 20:00:00+00:00,0.0
5392,2013-01-15 20:30:00+00:00,0.0
5392,2013-01-15 21:00:00+00:00,0.0
5392,2013-01-15 21:30:00+00:00,0.0
5392,2013-01-15 22:00:00+00:00,0.0
5392,2013-01-15 22:30:00+00:00,0.0
5392,2013-01-15 23:00:00+00:00,0.0
5392,2013-01-15 23:30:00+00:00,0.0
5392,2013-01-16 00:00:00+00:00,0.0
5392,2013-01-16 00:30:00+00:00,0.0
5392,2013-01-16 01:00:00+00:00,0.0
5392,2013-01-16 01:30:00+00:00,0.0
5392,2013-01-16 02:00:00+00:00,0.0
5392,2013-01-16 02:30:00+00:00,0.0
5392,2013-01-16 03:00:00+00:00,0.0
5392,2013-01-16 03:30:00+00:00,0.0
5392,2013-01-16 04:00:00+00:00,0.0
5392,2013-01-16 04:30:00+00:00,0.0
5392,2013-01-16 05:00:00+00:00,0.0
5392,2013-01-16 05:30:00+00:00,0.0
5392,2013-01-16 06:00:00+00:00,0.0
5392,2013-01-16 06:30:00+00:00,0.0
5392,2013-01-16 07:00:00+00:00,0.0
5392,2013-01-16 07:30:00+00:00,0.0
5392,2013-01-16 08:00:00+00:00,0.0
5392,2013-01-16 08:30:00+00:00,1.2
5392,2013-01-16 09:00:00+00:00,39.75
5392,2013-01-16 09:30:00+00:00,67.69
5392,2013-01-16 10:00:00+00:00,85.81
5392,2013-01-16 10:30:00+00:00,148.9
5392,2013-01-16 11:00:00+00:00,152.75
5392,2013-01-16 11:30:00+00:00,210.26
5392,2013-01-16 12:00:00+00:00,312.16
5392,2013-01-16 12:30:00+00:00,143.01
5392,2013-01-16 13:00:00+00:00,121.88
5392,2013-01-16 13:30:00+00:00,103.31
5392,2013-01-16 14:00:00+00:00,94.52
5392,2013-01-16 14:30:00+00:00,84.6
5392,2013-01-16 15:00:00+00:00,131.03
5392,2013-01-16 15:30:00+00:00,164.31
5392,2013-01-16 16:00:00+00:00,60.25
5392,2013-01-16 16:30:00+00:00,0.66
5392,2013-01-16 17:00:00+00:00,0.0
5392,2013-01-16 17:30:00+00:00,0.0
5392,2013-01-16 18:00:00+00:00,0.0
5392,2013-01-16 18:30:00+00:00,0.0
5392,2013-01-16 19:00:00+00:00,0.0
5392,2013-01-16 19:30:00+00:00,0.0
5392,2013-01-16 20:00:00+00:00,0.0
5392,2013-01-16 20:30:00+00:00,0.0
5392,2013-01-16 21:00:00+00:00,0.0
5392,2013-01-16 21:30:00+00:00,0.0
5392,2013-01-16 22:00:00+00:00,0.0
5392,2013-01-16 22:30:00+00:00,0.0
5392,2013-01-16 23:00:00+00:00,0.0
5392,2013-01-16 23:30:00+00:00,0.0
5392,2013-01-17 00:00:00+00:00,0.0
5392,2013-01-17 00:30:00+00:00,0.0
5392,2013-01-17 01:00:00+00:00,0.0
5392,2013-01-17 01:30:00+00:00,0.0
5392,2013-01-17 02:00:00+00:00,0.0
5392,2013-01-17 02:30:00+00:00,0.0
5392,2013-01-17 03:00:00+00:00,0.0
5392,2013-01-17 03:30:00+00:00,0.0
5392,2013-01-17 04:00:00+00:00,0.0
5392,2013-01-17 04:30:00+00:00,0.0
5392,2013-01-17 05:00:00+00:00,0.0
5392,2013-01-17 05:30:00+00:00,0.0
5392,2013-01-17 06:00:00+00:00,0.0
5392,2013-01-17 06:30:00+00:00,0.0
5392,2013-01-17 07:00:00+00:00,0.0
5392,2013-01-17 07:30:00+00:00,0.0
5392,2013-01-17 08:00:00+00:00,0.0
5392,2013-01-17 08:30:00+00:00,41.7
5392,2013-01-17 09:00:00+00:00,339.31
5392,2013-01-17 09:30:00+00:00,581.75
5392,2013-01-17 10:00:00+00:00,760.35
5392,2013-01-17 10:30:00+00:00,903.2
5392,2013-01-17 11:00:00+00:00,998.95
5392,2013-01-17 11:30:00+00:00,898.45
5392,2013-01-17 12:00:00+00:00,284.27
5392,2013-01-17 12:30:00+00:00,89.98
5392,2013-01-17 13:00:00+00:00,83.41
5392,2013-01-17 13:30:00+00:00,95.56
5392,2013-01-17 14:00:00+00:00,72.51
5392,2013-01-17 14:30:00+00:00,68.77
5392,2013-01-17 15:00:00+00:00,195.29
5392,2013-01-17 15:30:00+00:00,290.73
5392,2013-01-17 16:00:00+00:00,58.18
5392,2013-01-17 16:30:00+00:00,0.05
5392,2013-01-17 17:00:00+00:00,0.0
5392,2013-01-17 17:30:00+00:00,0.0
5392,2013-01-17 18:00:00+00:00,0.0
5392,2013-01-17 18:30:00+00:00,0.0
5392,2013-01-17 19:00:00+00:00,0.0
5392,2013-01-17 19:30:00+00:00,0.0
5392,2013-01-17 20:00:00+00:00,0.0
5392,2013-01-17 20:30:00+00:00,0.0
5392,2013-01-17 21:00:00+00:00,0.0
5392,2013-01-17 21:30:00+00:00,0.0
5392,2013-01-17 22:00:00+00:00,0.0
5392,2013-01-17 22:30:00+00:00,0.0
5392,2013-01-17 23:00:00+00:00,0.0
5392,2013-01-17 23:30:00+00:00,0.0
5392,2013-01-18 00:00:00+00:00,0.0
5392,2013-01-18 00:30:00+00:00,0.0
5392,2013-01-18 01:00:00+00:00,0.0
5392,2013-01-18 01:30:00+00:00,0.0
5392,2013-01-18 02:00:00+00:00,0.0
5392,2013-01-18 02:30:00+00:00,0.0
5392,2013-01-18 03:00:00+00:00,0.0
5392,2013-01-18 03:30:00+00:00,0.0
5392,2013-01-18 04:00:00+00:00,0.0
5392,2013-01-18 04:30:00+00:00,0.0
5392,2013-01-18 05:00:00+00:00,0.0
5392,2013-01-18 05:30:00+00:00,0.0
5392,2013-01-18 06:00:00+00:00,0.0
5392,2013-01-18 06:30:00+00:00,0.0
5392,2013-01-18 07:00:00+00:00,0.0
5392,2013-01-18 07:30:00+00:00,0.0
5392,2013-01-18 08:00:00+00:00,0.0
5392,2013-01-18 08:30:00+00:00,0.0
5392,2013-01-18 09:00:00+00:00,0.15
5392,2013-01-18 09:30:00+00:00,0.81
5392,2013-01-18 10:00:00+00:00,4.39
5392,2013-01-18 10:30:00+00:00,28.97
5392,2013-01-18 11:00:00+00:00,63.71
5392,2013-01-18 11:30:00+00:00,65.13
5392,2013-01-18 12:00:00+00:00,61.24
5392,2013-01-18 12:30:00+00:00,51.13
5392,2013-01-18 13:00:00+00:00,43.75
5392,2013-01-18 13:30:00+00:00,49.81
5392,2013-01-18 14:00:00+00:00,53.46
5392,2013-01-18 14:30:00+00:00,58.79
5392,2013-01-18 15:00:00+00:00,23.02
5392,2013-01-18 15:30:00+00:00,8.64
5392,2013-01-18 16:00:00+00:00,2.59
5392,2013-01-18 16:30:00+00:00,0.0
5392,2013-01-18 17:00:00+00:00,0.0
5392,2013-01-18 17:30:00+00:00,0.0
5392,2013-01-18 18:00:00+00:00,0.0
5392,2013-01-18 18:30:00+00:00,0.0
5392,2013-01-18 19:00:00+00:00,0.0
5392,2013-01-18 19:30:00+00:00,0.0
5392,2013-01-18 20:00:00+00:00,0.0
5392,2013-01-18 20:30:00+00:00,0.0
5392,2013-01-18 21:00:00+00:00,0.0
5392,2013-01-18 21:30:00+00:00,0.0
5392,2013-01-18 22:00:00+00:00,0.0
5392,2013-01-18 22:30:00+00:00,0.0
5392,2013-01-18 23:00:00+00:00,0.0
5392,2013-01-18 23:30:00+00:00,0.0
5392,2013-01-19 00:00:00+00:00,0.0
5392,2013-01-19 00:30:00+00:00,0.0
5392,2013-01-19 01:00:00+00:00,0.0
5392,2013-01-19 01:30:00+00:00,0.0
5392,2013-01-19 02:00:00+00:00,0.0
5392,2013-01-19 02:30:00+00:00,0.0
5392,2013-01-19 03:00:00+00:00,0.0
5392,2013-01-19 03:30:00+00:00,0.0
5392,2013-01-19 04:00:00+00:00,0.0
5392,2013-01-19 04:30:00+00:00,0.0
5392,2013-01-19 05:00:00+00:00,0.0
5392,2013-01-19 05:30:00+00:00,0.0
5392,2013-01-19 06:00:00+00:00,0.0
5392,2013-01-19 06:30:00+00:00,0.0
5392,2013-01-19 07:00:00+00:00,0.0
5392,2013-01-19 07:30:00+00:00,0.0
5392,2013-01-19 08:00:00+00:00,0.0
5392,2013-01-19 08:30:00+00:00,0.0
5392,2013-01-19 09:00:00+00:00,0.0
5392,2013-01-19 09:30:00+00:00,0.01
5392,2013-01-19 10:00:00+00:00,0.08
5392,2013-01-19 10:30:00+00:00,1.33
5392,2013-01-19 11:00:00+00:00,0.62
5392,2013-01-19 11:30:00+00:00,0.81
5392,2013-01-19 12:00:00+00:00,3.81
5392,2013-01-19 12:30:00+00:00,4.46
5392,2013-01-19 13:00:00+00:00,2.23
5392,2013-01-19 13:30:00+00:00,3.02
5392,2013-01-19 14:00:00+00:00,3.54
5392,2013-01-19 14:30:00+00:00,1.65
5392,2013-01-19 15:00:00+00:00,0.23
5392,2013-01-19 15:30:00+00:00,0.01
5392,2013-01-19 16:00:00+00:00,0.0
5392,2013-01-19 16:30:00+00:00,0.0
5392,2013-01-19 17:00:00+00:00,0.0
5392,2013-01-19 17:30:00+00:00,0.0
5392,2013-01-19 18:00:00+00:00,0.0
5392,2013-01-19 18:30:00+00:00,0.0
5392,2013-01-19 19:00:00+00:00,0.0
5392,2013-01-19 19:30:00+00:00,0.0
5392,2013-01-19 20:00:00+00:00,0.0
5392,2013-01-19 20:30:00+00:00,0.0
5392,2013-01-19 21:00:00+00:00,0.0
5392,2013-01-19 21:30:00+00:00,0.0
5392,2013-01-19 22:00:00+00:00,0.0
5392,2013-01-19 22:30:00+00:00,0.0
5392,2013-01-19 23:00:00+00:00,0.0
5392,2013-01-19 23:30:00+00:00,0.0
5392,2013-01-20 00:00:00+00:00,0.0
5392,2013-01-20 00:30:00+00:00,0.0
5392,2013-01-20 01:00:00+00:00,0.0
5392,2013-01-20 01:30:00+00:00,0.0
5392,2013-01-20 02:00:00+00:00,0.0
5392,2013-01-20 02:30:00+00:00,0.0
5392,2013-01-20 03:00:00+00:00,0.0
5392,2013-01-20 03:30:00+00:00,0.0
5392,2013-01-20 04:00:00+00:00,0.0
5392,2013-01-20 04:30:00+00:00,0.0
5392,2013-01-20 05:00:00+00:00,0.0
5392,2013-01-20 05:30:00+00:00,0.0
5392,2013-01-20 06:00:00+00:00,0.0
5392,2013-01-20 06:30:00+00:00,0.0
5392,2013-01-20 07:00:00+00:00,0.0
5392,2013-01-20 07:30:00+00:00,0.0
5392,2013-01-20 08:00:00+00:00,0.0
5392,2013-01-20 08:30:00+00:00,0.0
5392,2013-01-20 09:00:00+00:00,0.0
5392,2013-01-20 09:30:00+00:00,0.01
5392,2013-01-20 10:00:00+00:00,0.01
5392,2013-01-20 10:30:00+00:00,0.02
5392,2013-01-20 11:00:00+00:00,0.02
5392,2013-01-20 11:30:00+00:00,0.36
5392,2013-01-20 12:00:00+00:00,1.68
5392,2013-01-20 12:30:00+00:00,1.81
5392,2013-01-20 13:00:00+00:00,1.57
5392,2013-01-20 13:30:00+00:00,1.4
5392,2013-01-20 14:00:00+00:00,1.56
5392,2013-01-20 14:30:00+00:00,0.53
5392,2013-01-20 15:00:00+00:00,0.04
5392,2013-01-20 15:30:00+00:00,0.02
5392,2013-01-20 16:00:00+00:00,0.01
5392,2013-01-20 16:30:00+00:00,0.0
5392,2013-01-20 17:00:00+00:00,0.0
5392,2013-01-20 17:30:00+00:00,0.0
5392,2013-01-20 18:00:00+00:00,0.0
5392,2013-01-20 18:30:00+00:00,0.0
5392,2013-01-20 19:00:00+00:00,0.0
5392,2013-01-20 19:30:00+00:00,0.0
5392,2013-01-20 20:00:00+00:00,0.0
5392,2013-01-20 20:30:00+00:00,0.0
5392,2013-01-20 21:00:00+00:00,0.0
5392,2013-01-20 21:30:00+00:00,0.0
5392,2013-01-20 22:00:00+00:00,0.0
5392,2013-01-20 22:30:00+00:00,0.0
5392,2013-01-20 23:00:00+00:00,0.0
5392,2013-01-20 23:30:00+00:00,0.0
5392,2013-01-21 00:00:00+00:00,0.0
5392,2013-01-21 00:30:00+00:00,0.0
5392,2013-01-21 01:00:00+00:00,0.0
5392,2013-01-21 01:30:00+00:00,0.0
5392,2013-01-21 02:00:00+00:00,0.0
5392,2013-01-21 02:30:00+00:00,0.0
5392,2013-01-21 03:00:00+00:00,0.0
5392,2013-01-21 03:30:00+00:00,0.0
5392,2013-01-21 04:00:00+00:00,0.0
5392,2013-01-21 04:30:00+00:00,0.0
5392,2013-01-21 05:00:00+00:00,0.0
5392,2013-01-21 05:30:00+00:00,0.0
5392,2013-01-21 06:00:00+00:00,0.0
5392,2013-01-21 06:30:00+00:00,0.0
5392,2013-01-21 07:00:00+00:00,0.0
5392,2013-01-21 07:30:00+00:00,0.0
5392,2013-01-21 08:00:00+00:00,0.0
5392,2013-01-21 08:30:00+00:00,0.0
5392,2013-01-21 09:00:00+00:00,0.01
5392,2013-01-21 09:30:00+00:00,0.23
5392,2013-01-21 10:00:00+00:00,1.76
5392,2013-01-21 10:30:00+00:00,2.71
5392,2013-01-21 11:00:00+00:00,3.43
5392,2013-01-21 11:30:00+00:00,2.49
5392,2013-01-21 12:00:00+00:00,2.92
5392,2013-01-21 12:30:00+00:00,2.05
5392,2013-01-21 13:00:00+00:00,0.54
5392,2013-01-21 13:30:00+00:00,0.83
5392,2013-01-21 14:00:00+00:00,1.65
5392,2013-01-21 14:30:00+00:00,1.16
5392,2013-01-21 15:00:00+00:00,0.05
5392,2013-01-21 15:30:00+00:00,0.02
5392,2013-01-21 16:00:00+00:00,0.01
5392,2013-01-21 16:30:00+00:00,0.0
5392,2013-01-21 17:00:00+00:00,0.0
5392,2013-01-21 17:30:00+00:00,0.0
5392,2013-01-21 18:00:00+00:00,0.0
5392,2013-01-21 18:30:00+00:00,0.0
5392,2013-01-21 19:00:00+00:00,0.0
5392,2013-01-21 19:30:00+00:00,0.0
5392,2013-01-21 20:00:00+00:00,0.0
5392,2013-01-21 20:30:00+00:00,0.0
5392,2013-01-21 21:00:00+00:00,0.0
5392,2013-01-21 21:30:00+00:00,0.0
5392,2013-01-21 22:00:00+00:00,0.0
5392,2013-01-21 22:30:00+00:00,0.0
5392,2013-01-21 23:00:00+00:00,0.0
5392,2013-01-21 23:30:00+00:00,0.0
5392,2013-01-22 00:00:00+00:00,0.0
5392,2013-01-22 00:30:00+00:00,0.0
5392,2013-01-22 01:00:00+00:00,0.0
5392,2013-01-22 01:30:00+00:00,0.0
5392,2013-01-22 02:00:00+00:00,0.0
5392,2013-01-22 02:30:00+00:00,0.0
5392,2013-01-22 03:00:00+00:00,0.0
5392,2013-01-22 03:30:00+00:00,0.0
5392,2013-01-22 04:00:00+00:00,0.0
5392,2013-01-22 04:30:00+00:00,0.0
5392,2013-01-22 05:00:00+00:00,0.0
5392,2013-01-22 05:30:00+00:00,0.0
5392,2013-01-22 06:00:00+00:00,0.0
5392,2013-01-22 06:30:00+00:00,0.0
5392,2013-01-22 07:00:00+00:00,0.0
5392,2013-01-22 07:30:00+00:00,0.0
5392,2013-01-22 08:00:00+00:00,0.0
5392,2013-01-22 08:30:00+00:00,0.01
5392,2013-01-22 09:00:00+00:00,0.13
5392,2013-01-22 09:30:00+00:00,3.54
5392,2013-01-22 10:00:00+00:00,24.26
5392,2013-01-22 10:30:00+00:00,16.49
5392,2013-01-22 11:00:00+00:00,32.27
5392,2013-01-22 11:30:00+00:00,233.74
5392,2013-01-22 12:00:00+00:00,249.22
5392,2013-01-22 12:30:00+00:00,232.41
5392,2013-01-22 13:00:00+00:00,194.16
5392,2013-01-22 13:30:00+00:00,228.67
5392,2013-01-22 14:00:00+00:00,187.9
5392,2013-01-22 14:30:00+00:00,133.36
5392,2013-01-22 15:00:00+00:00,78.84
5392,2013-01-22 15:30:00+00:00,46.38
5392,2013-01-22 16:00:00+00:00,4.95
5392,2013-01-22 16:30:00+00:00,0.0
5392,2013-01-22 17:00:00+00:00,0.0
5392,2013-01-22 17:30:00+00:00,0.0
5392,2013-01-22 18:00:00+00:00,0.0
5392,2013-01-22 18:30:00+00:00,0.0
5392,2013-01-22 19:00:00+00:00,0.0
5392,2013-01-22 19:30:00+00:00,0.0
5392,2013-01-22 20:00:00+00:00,0.0
5392,2013-01-22 20:30:00+00:00,0.0
5392,2013-01-22 21:00:00+00:00,0.0
5392,2013-01-22 21:30:00+00:00,0.0
5392,2013-01-22 22:00:00+00:00,0.0
5392,2013-01-22 22:30:00+00:00,0.0
5392,2013-01-22 23:00:00+00:00,0.0
5392,2013-01-22 23:30:00+00:00,0.0
5392,2013-01-23 00:00:00+00:00,0.0
5392,2013-01-23 00:30:00+00:00,0.0
5392,2013-01-23 01:00:00+00:00,0.0
5392,2013-01-23 01:30:00+00:00,0.0
5392,2013-01-23 02:00:00+00:00,0.0
5392,2013-01-23 02:30:00+00:00,0.0
5392,2013-01-23 03:00:00+00:00,0.0
5392,2013-01-23 03:30:00+00:00,0.0
5392,2013-01-23 04:00:00+00:00,0.0
5392,2013-01-23 04:30:00+00:00,0.0
5392,2013-01-23 05:00:00+00:00,0.0
5392,2013-01-23 05:30:00+00:00,0.0
5392,2013-01-23 06:00:00+00:00,0.0
5392,2013-01-23 06:30:00+00:00,0.0
5392,2013-01-23 07:00:00+00:00,0.0
5392,2013-01-23 07:30:00+00:00,0.0
5392,2013-01-23 08:00:00+00:00,0.0
5392,2013-01-23 08:30:00+00:00,0.0
5392,2013-01-23 09:00:00+00:00,0.95
5392,2013-01-23 09:30:00+00:00,17.58
5392,2013-01-23 10:00:00+00:00,63.71
5392,2013-01-23 10:30:00+00:00,28.28
5392,2013-01-23 11:00:00+00:00,28.75
5392,2013-01-23 11:30:00+00:00,20.08
5392,2013-01-23 12:00:00+00:00,24.44
5392,2013-01-23 12:30:00+00:00,58.82
5392,2013-01-23 13:00:00+00:00,56.56
5392,2013-01-23 13:30:00+00:00,71.14
5392,2013-01-23 14:00:00+00:00,55.16
5392,2013-01-23 14:30:00+00:00,54.73
5392,2013-01-23 15:00:00+00:00,45.74
5392,2013-01-23 15:30:00+00:00,54.09
5392,2013-01-23 16:00:00+00:00,6.01
5392,2013-01-23 16:30:00+00:00,0.33
5392,2013-01-23 17:00:00+00:00,0.0
5392,2013-01-23 17:30:00+00:00,0.0
5392,2013-01-23 18:00:00+00:00,0.0
5392,2013-01-23 18:30:00+00:00,0.0
5392,2013-01-23 19:00:00+00:00,0.0
5392,2013-01-23 19:30:00+00:00,0.0
5392,2013-01-23 20:00:00+00:00,0.0
5392,2013-01-23 20:30:00+00:00,0.0
5392,2013-01-23 21:00:00+00:00,0.0
5392,2013-01-23 21:30:00+00:00,0.0
5392,2013-01-23 22:00:00+00:00,0.0
5392,2013-01-23 22:30:00+00:00,0.0
5392,2013-01-23 23:00:00+00:00,0.0
5392,2013-01-23 23:30:00+00:00,0.0
5392,2013-01-24 00:00:00+00:00,0.0
5392,2013-01-24 00:30:00+00:00,0.0
5392,2013-01-24 01:00:00+00:00,0.0
5392,2013-01-24 01:30:00+00:00,0.0
5392,2013-01-24 02:00:00+00:00,0.0
5392,2013-01-24 02:30:00+00:00,0.0
5392,2013-01-24 03:00:00+00:00,0.0
5392,2013-01-24 03:30:00+00:00,0.0
5392,2013-01-24 04:00:00+00:00,0.0
5392,2013-01-24 04:30:00+00:00,0.0
5392,2013-01-24 05:00:00+00:00,0.0
5392,2013-01-24 05:30:00+00:00,0.0
5392,2013-01-24 06:00:00+00:00,0.0
5392,2013-01-24 06:30:00+00:00,0.0
5392,2013-01-24 07:00:00+00:00,0.0
5392,2013-01-24 07:30:00+00:00,0.0
5392,2013-01-24 08:00:00+00:00,0.0
5392,2013-01-24 08:30:00+00:00,0.0
5392,2013-01-24 09:00:00+00:00,0.0
5392,2013-01-24 09:30:00+00:00,0.4
5392,2013-01-24 10:00:00+00:00,2.7
5392,2013-01-24 10:30:00+00:00,7.07
5392,2013-01-24 11:00:00+00:00,31.46
5392,2013-01-24 11:30:00+00:00,44.3
5392,2013-01-24 12:00:00+00:00,53.63
5392,2013-01-24 12:30:00+00:00,76.79
5392,2013-01-24 13:00:00+00:00,74.84
5392,2013-01-24 13:30:00+00:00,50.41
5392,2013-01-24 14:00:00+00:00,53.85
5392,2013-01-24 14:30:00+00:00,51.96
5392,2013-01-24 15:00:00+00:00,10.34
5392,2013-01-24 15:30:00+00:00,3.19
5392,2013-01-24 16:00:00+00:00,0.26
5392,2013-01-24 16:30:00+00:00,0.0
5392,2013-01-24 17:00:00+00:00,0.0
5392,2013-01-24 17:30:00+00:00,0.0
5392,2013-01-24 18:00:00+00:00,0.0
5392,2013-01-24 18:30:00+00:00,0.0
5392,2013-01-24 19:00:00+00:00,0.0
5392,2013-01-24 19:30:00+00:00,0.0
5392,2013-01-24 20:00:00+00:00,0.0
5392,2013-01-24 20:30:00+00:00,0.0
5392,2013-01-24 21:00:00+00:00,0.0
5392,2013-01-24 21:30:00+00:00,0.0
5392,2013-01-24 22:00:00+00:00,0.0
5392,2013-01-24 22:30:00+00:00,0.0
5392,2013-01-24 23:00:00+00:00,0.0
5392,2013-01-24 23:30:00+00:00,0.0
5392,2013-01-25 00:00:00+00:00,0.0
5392,2013-01-25 00:30:00+00:00,0.0
5392,2013-01-25 01:00:00+00:00,0.0
5392,2013-01-25 01:30:00+00:00,0.0
5392,2013-01-25 02:00:00+00:00,0.0
5392,2013-01-25 02:30:00+00:00,0.0
5392,2013-01-25 03:00:00+00:00,0.0
5392,2013-01-25 03:30:00+00:00,0.0
5392,2013-01-25 04:00:00+00:00,0.0
5392,2013-01-25 04:30:00+00:00,0.0
5392,2013-01-25 05:00:00+00:00,0.0
5392,2013-01-25 05:30:00+00:00,0.0
5392,2013-01-25 06:00:00+00:00,0.0
5392,2013-01-25 06:30:00+00:00,0.0
5392,2013-01-25 07:00:00+00:00,0.0
5392,2013-01-25 07:30:00+00:00,0.0
5392,2013-01-25 08:00:00+00:00,0.0
5392,2013-01-25 08:30:00+00:00,0.64
5392,2013-01-25 09:00:00+00:00,11.54
5392,2013-01-25 09:30:00+00:00,34.83
5392,2013-01-25 10:00:00+00:00,50.78
5392,2013-01-25 10:30:00+00:00,62.95
5392,2013-01-25 11:00:00+00:00,69.19
5392,2013-01-25 11:30:00+00:00,48.64
5392,2013-01-25 12:00:00+00:00,31.79
5392,2013-01-25 12:30:00+00:00,22.59
5392,2013-01-25 13:00:00+00:00,64.88
5392,2013-01-25 13:30:00+00:00,145.61
5392,2013-01-25 14:00:00+00:00,189.54
5392,2013-01-25 14:30:00+00:00,121.3
5392,2013-01-25 15:00:00+00:00,80.33
5392,2013-01-25 15:30:00+00:00,54.05
5392,2013-01-25 16:00:00+00:00,15.03
5392,2013-01-25 16:30:00+00:00,0.36
5392,2013-01-25 17:00:00+00:00,0.0
5392,2013-01-25 17:30:00+00:00,0.0
5392,2013-01-25 18:00:00+00:00,0.0
5392,2013-01-25 18:30:00+00:00,0.0
5392,2013-01-25 19:00:00+00:00,0.0
5392,2013-01-25 19:30:00+00:00,0.0
5392,2013-01-25 20:00:00+00:00,0.0
5392,2013-01-25 20:30:00+00:00,0.0
5392,2013-01-25 21:00:00+00:00,0.0
5392,2013-01-25 21:30:00+00:00,0.0
5392,2013-01-25 22:00:00+00:00,0.0
5392,2013-01-25 22:30:00+00:00,0.0
5392,2013-01-25 23:00:00+00:00,0.0
5392,2013-01-25 23:30:00+00:00,0.0
5392,2013-01-26 00:00:00+00:00,0.0
5392,2013-01-26 00:30:00+00:00,0.0
5392,2013-01-26 01:00:00+00:00,0.0
5392,2013-01-26 01:30:00+00:00,0.0
5392,2013-01-26 02:00:00+00:00,0.0
5392,2013-01-26 02:30:00+00:00,0.0
5392,2013-01-26 03:00:00+00:00,0.0
5392,2013-01-26 03:30:00+00:00,0.0
5392,2013-01-26 04:00:00+00:00,0.0
5392,2013-01-26 04:30:00+00:00,0.0
5392,2013-01-26 05:00:00+00:00,0.0
5392,2013-01-26 05:30:00+00:00,0.0
5392,2013-01-26 06:00:00+00:00,0.0
5392,2013-01-26 06:30:00+00:00,0.0
5392,2013-01-26 07:00:00+00:00,0.0
5392,2013-01-26 07:30:00+00:00,0.0
5392,2013-01-26 08:00:00+00:00,0.0
5392,2013-01-26 08:30:00+00:00,87.16
5392,2013-01-26 09:00:00+00:00,454.71
5392,2013-01-26 09:30:00+00:00,694.9
5392,2013-01-26 10:00:00+00:00,748.35
5392,2013-01-26 10:30:00+00:00,853.6
5392,2013-01-26 11:00:00+00:00,912.45
5392,2013-01-26 11:30:00+00:00,876.2
5392,2013-01-26 12:00:00+00:00,474.22
5392,2013-01-26 12:30:00+00:00,153.77
5392,2013-01-26 13:00:00+00:00,132.88
5392,2013-01-26 13:30:00+00:00,194.84
5392,2013-01-26 14:00:00+00:00,210.99
5392,2013-01-26 14:30:00+00:00,213.01
5392,2013-01-26 15:00:00+00:00,155.69
5392,2013-01-26 15:30:00+00:00,151.36
5392,2013-01-26 16:00:00+00:00,137.91
5392,2013-01-26 16:30:00+00:00,12.99
5392,2013-01-26 17:00:00+00:00,0.0
5392,2013-01-26 17:30:00+00:00,0.0
5392,2013-01-26 18:00:00+00:00,0.0
5392,2013-01-26 18:30:00+00:00,0.0
5392,2013-01-26 19:00:00+00:00,0.0
5392,2013-01-26 19:30:00+00:00,0.0
5392,2013-01-26 20:00:00+00:00,0.0
5392,2013-01-26 20:30:00+00:00,0.0
5392,2013-01-26 21:00:00+00:00,0.0
5392,2013-01-26 21:30:00+00:00,0.0
5392,2013-01-26 22:00:00+00:00,0.0
5392,2013-01-26 22:30:00+00:00,0.0
5392,2013-01-26 23:00:00+00:00,0.0
5392,2013-01-26 23:30:00+00:00,0.0
5392,2013-01-27 00:00:00+00:00,0.0
5392,2013-01-27 00:30:00+00:00,0.0
5392,2013-01-27 01:00:00+00:00,0.0
5392,2013-01-27 01:30:00+00:00,0.0
5392,2013-01-27 02:00:00+00:00,0.0
5392,2013-01-27 02:30:00+00:00,0.0
5392,2013-01-27 03:00:00+00:00,0.0
5392,2013-01-27 03:30:00+00:00,0.0
5392,2013-01-27 04:00:00+00:00,0.0
5392,2013-01-27 04:30:00+00:00,0.0
5392,2013-01-27 05:00:00+00:00,0.0
5392,2013-01-27 05:30:00+00:00,0.0
5392,2013-01-27 06:00:00+00:00,0.0
5392,2013-01-27 06:30:00+00:00,0.0
5392,2013-01-27 07:00:00+00:00,0.0
5392,2013-01-27 07:30:00+00:00,0.0
5392,2013-01-27 08:00:00+00:00,0.0
5392,2013-01-27 08:30:00+00:00,0.0
5392,2013-01-27 09:00:00+00:00,20.25
5392,2013-01-27 09:30:00+00:00,2.82
5392,2013-01-27 10:00:00+00:00,80.31
5392,2013-01-27 10:30:00+00:00,888.8
5392,2013-01-27 11:00:00+00:00,1056.45
5392,2013-01-27 11:30:00+00:00,1004.65
5392,2013-01-27 12:00:00+00:00,457.17
5392,2013-01-27 12:30:00+00:00,145.23
5392,2013-01-27 13:00:00+00:00,134.78
5392,2013-01-27 13:30:00+00:00,125.67
5392,2013-01-27 14:00:00+00:00,112.79
5392,2013-01-27 14:30:00+00:00,164.37
5392,2013-01-27 15:00:00+00:00,313.33
5392,2013-01-27 15:30:00+00:00,447.13
5392,2013-01-27 16:00:00+00:00,138.18
5392,2013-01-27 16:30:00+00:00,14.22
5392,2013-01-27 17:00:00+00:00,0.0
5392,2013-01-27 17:30:00+00:00,0.0
5392,2013-01-27 18:00:00+00:00,0.0
5392,2013-01-27 18:30:00+00:00,0.0
5392,2013-01-27 19:00:00+00:00,0.0
5392,2013-01-27 19:30:00+00:00,0.0
5392,2013-01-27 20:00:00+00:00,0.0
5392,2013-01-27 20:30:00+00:00,0.0
5392,2013-01-27 21:00:00+00:00,0.0
5392,2013-01-27 21:30:00+00:00,0.0
5392,2013-01-27 22:00:00+00:00,0.0
5392,2013-01-27 22:30:00+00:00,0.0
5392,2013-01-27 23:00:00+00:00,0.0
5392,2013-01-27 23:30:00+00:00,0.0
5392,2013-01-28 00:00:00+00:00,0.0
5392,2013-01-28 00:30:00+00:00,0.0
5392,2013-01-28 01:00:00+00:00,0.0
5392,2013-01-28 01:30:00+00:00,0.0
5392,2013-01-28 02:00:00+00:00,0.0
5392,2013-01-28 02:30:00+00:00,0.0
5392,2013-01-28 03:00:00+00:00,0.0
5392,2013-01-28 03:30:00+00:00,0.0
5392,2013-01-28 04:00:00+00:00,0.0
5392,2013-01-28 04:30:00+00:00,0.0
5392,2013-01-28 05:00:00+00:00,0.0
5392,2013-01-28 05:30:00+00:00,0.0
5392,2013-01-28 06:00:00+00:00,0.0
5392,2013-01-28 06:30:00+00:00,0.0
5392,2013-01-28 07:00:00+00:00,0.0
5392,2013-01-28 07:30:00+00:00,0.0
5392,2013-01-28 08:00:00+00:00,1.29
5392,2013-01-28 08:30:00+00:00,129.73
5392,2013-01-28 09:00:00+00:00,399.59
5392,2013-01-28 09:30:00+00:00,666.9
5392,2013-01-28 10:00:00+00:00,866.75
5392,2013-01-28 10:30:00+00:00,614.55
5392,2013-01-28 11:00:00+00:00,475.73
5392,2013-01-28 11:30:00+00:00,249.09
5392,2013-01-28 12:00:00+00:00,278.13
5392,2013-01-28 12:30:00+00:00,154.71
5392,2013-01-28 13:00:00+00:00,85.2
5392,2013-01-28 13:30:00+00:00,94.36
5392,2013-01-28 14:00:00+00:00,43.94
5392,2013-01-28 14:30:00+00:00,4.0
5392,2013-01-28 15:00:00+00:00,3.7
5392,2013-01-28 15:30:00+00:00,15.44
5392,2013-01-28 16:00:00+00:00,4.75
5392,2013-01-28 16:30:00+00:00,0.0
5392,2013-01-28 17:00:00+00:00,0.0
5392,2013-01-28 17:30:00+00:00,0.0
5392,2013-01-28 18:00:00+00:00,0.0
5392,2013-01-28 18:30:00+00:00,0.0
5392,2013-01-28 19:00:00+00:00,0.0
5392,2013-01-28 19:30:00+00:00,0.0
5392,2013-01-28 20:00:00+00:00,0.0
5392,2013-01-28 20:30:00+00:00,0.0
5392,2013-01-28 21:00:00+00:00,0.0
5392,2013-01-28 21:30:00+00:00,0.0
5392,2013-01-28 22:00:00+00:00,0.0
5392,2013-01-28 22:30:00+00:00,0.0
5392,2013-01-28 23:00:00+00:00,0.0
5392,2013-01-28 23:30:00+00:00,0.0
5392,2013-01-29 00:00:00+00:00,0.0
5392,2013-01-29 00:30:00+00:00,0.0
5392,2013-01-29 01:00:00+00:00,0.0
5392,2013-01-29 01:30:00+00:00,0.0
5392,2013-01-29 02:00:00+00:00,0.0
5392,2013-01-29 02:30:00+00:00,0.0
5392,2013-01-29 03:00:00+00:00,0.0
5392,2013-01-29 03:30:00+00:00,0.0
5392,2013-01-29 04:00:00+00:00,0.0
5392,2013-01-29 04:30:00+00:00,0.0
5392,2013-01-29 05:00:00+00:00,0.0
5392,2013-01-29 05:30:00+00:00,0.0
5392,2013-01-29 06:00:00+00:00,0.0
5392,2013-01-29 06:30:00+00:00,0.0
5392,2013-01-29 07:00:00+00:00,0.0
5392,2013-01-29 07:30:00+00:00,0.0
5392,2013-01-29 08:00:00+00:00,0.0
5392,2013-01-29 08:30:00+00:00,0.0
5392,2013-01-29 09:00:00+00:00,0.07
5392,2013-01-29 09:30:00+00:00,2.06
5392,2013-01-29 10:00:00+00:00,12.1
5392,2013-01-29 10:30:00+00:00,28.65
5392,2013-01-29 11:00:00+00:00,117.12
5392,2013-01-29 11:30:00+00:00,112.03
5392,2013-01-29 12:00:00+00:00,64.77
5392,2013-01-29 12:30:00+00:00,68.53
5392,2013-01-29 13:00:00+00:00,52.63
5392,2013-01-29 13:30:00+00:00,66.7
5392,2013-01-29 14:00:00+00:00,45.23
5392,2013-01-29 14:30:00+00:00,10.72
5392,2013-01-29 15:00:00+00:00,11.67
5392,2013-01-29 15:30:00+00:00,2.01
5392,2013-01-29 16:00:00+00:00,0.0
5392,2013-01-29 16:30:00+00:00,0.0
5392,2013-01-29 17:00:00+00:00,0.0
5392,2013-01-29 17:30:00+00:00,0.0
5392,2013-01-29 18:00:00+00:00,0.0
5392,2013-01-29 18:30:00+00:00,0.0
5392,2013-01-29 19:00:00+00:00,0.0
5392,2013-01-29 19:30:00+00:00,0.0
5392,2013-01-29 20:00:00+00:00,0.0
5392,2013-01-29 20:30:00+00:00,0.0
5392,2013-01-29 21:00:00+00:00,0.0
5392,2013-01-29 21:30:00+00:00,0.0
5392,2013-01-29 22:00:00+00:00,0.0
5392,2013-01-29 22:30:00+00:00,0.0
5392,2013-01-29 23:00:00+00:00,0.0
5392,2013-01-29 23:30:00+00:00,0.0
5392,2013-01-30 00:00:00+00:00,0.0
5392,2013-01-30 00:30:00+00:00,0.0
5392,2013-01-30 01:00:00+00:00,0.0
5392,2013-01-30 01:30:00+00:00,0.0
5392,2013-01-30 02:00:00+00:00,0.0
5392,2013-01-30 02:30:00+00:00,0.0
5392,2013-01-30 03:00:00+00:00,0.0
5392,2013-01-30 03:30:00+00:00,0.0
5392,2013-01-30 04:00:00+00:00,0.0
5392,2013-01-30 04:30:00+00:00,0.0
5392,2013-01-30 05:00:00+00:00,0.0
5392,2013-01-30 05:30:00+00:00,0.0
5392,2013-01-30 06:00:00+00:00,0.0
5392,2013-01-30 06:30:00+00:00,0.0
5392,2013-01-30 07:00:00+00:00,0.0
5392,2013-01-30 07:30:00+00:00,0.0
5392,2013-01-30 08:00:00+00:00,0.0
5392,2013-01-30 08:30:00+00:00,41.17
5392,2013-01-30 09:00:00+00:00,175.06
5392,2013-01-30 09:30:00+00:00,103.46
5392,2013-01-30 10:00:00+00:00,206.55
5392,2013-01-30 10:30:00+00:00,674.5
5392,2013-01-30 11:00:00+00:00,494.19
5392,2013-01-30 11:30:00+00:00,949.9
5392,2013-01-30 12:00:00+00:00,208.98
5392,2013-01-30 12:30:00+00:00,123.57
5392,2013-01-30 13:00:00+00:00,175.54
5392,2013-01-30 13:30:00+00:00,197.85
5392,2013-01-30 14:00:00+00:00,170.35
5392,2013-01-30 14:30:00+00:00,163.49
5392,2013-01-30 15:00:00+00:00,281.23
5392,2013-01-30 15:30:00+00:00,484.87
5392,2013-01-30 16:00:00+00:00,234.83
5392,2013-01-30 16:30:00+00:00,51.77
5392,2013-01-30 17:00:00+00:00,0.23
5392,2013-01-30 17:30:00+00:00,0.0
5392,2013-01-30 18:00:00+00:00,0.0
5392,2013-01-30 18:30:00+00:00,0.0
5392,2013-01-30 19:00:00+00:00,0.0
5392,2013-01-30 19:30:00+00:00,0.0
5392,2013-01-30 20:00:00+00:00,0.0
5392,2013-01-30 20:30:00+00:00,0.0
5392,2013-01-30 21:00:00+00:00,0.0
5392,2013-01-30 21:30:00+00:00,0.0
5392,2013-01-30 22:00:00+00:00,0.0
5392,2013-01-30 22:30:00+00:00,0.0
5392,2013-01-30 23:00:00+00:00,0.0
5392,2013-01-30 23:30:00+00:00,0.0
5392,2013-01-31 00:00:00+00:00,0.0
5392,2013-01-31 00:30:00+00:00,0.0
5392,2013-01-31 01:00:00+00:00,0.0
5392,2013-01-31 01:30:00+00:00,0.0
5392,2013-01-31 02:00:00+00:00,0.0
5392,2013-01-31 02:30:00+00:00,0.0
5392,2013-01-31 03:00:00+00:00,0.0
5392,2013-01-31 03:30:00+00:00,0.0
5392,2013-01-31 04:00:00+00:00,0.0
5392,2013-01-31 04:30:00+00:00,0.0
5392,2013-01-31 05:00:00+00:00,0.0
5392,2013-01-31 05:30:00+00:00,0.0
5392,2013-01-31 06:00:00+00:00,0.0
5392,2013-01-31 06:30:00+00:00,0.0
5392,2013-01-31 07:00:00+00:00,0.0
5392,2013-01-31 07:30:00+00:00,0.0
5392,2013-01-31 08:00:00+00:00,0.0
5392,2013-01-31 08:30:00+00:00,14.81
5392,2013-01-31 09:00:00+00:00,147.65
5392,2013-01-31 09:30:00+00:00,465.68
5392,2013-01-31 10:00:00+00:00,679.05
5392,2013-01-31 10:30:00+00:00,338.41
5392,2013-01-31 11:00:00+00:00,109.67
5392,2013-01-31 11:30:00+00:00,803.4
5392,2013-01-31 12:00:00+00:00,496.79
5392,2013-01-31 12:30:00+00:00,230.26
5392,2013-01-31 13:00:00+00:00,195.04
5392,2013-01-31 13:30:00+00:00,157.13
5392,2013-01-31 14:00:00+00:00,212.75
5392,2013-01-31 14:30:00+00:00,192.48
5392,2013-01-31 15:00:00+00:00,240.18
5392,2013-01-31 15:30:00+00:00,385.44
5392,2013-01-31 16:00:00+00:00,197.97
5392,2013-01-31 16:30:00+00:00,60.86
5392,2013-01-31 17:00:00+00:00,0.04
5392,2013-01-31 17:30:00+00:00,0.0
5392,2013-01-31 18:00:00+00:00,0.0
5392,2013-01-31 18:30:00+00:00,0.0
5392,2013-01-31 19:00:00+00:00,0.0
5392,2013-01-31 19:30:00+00:00,0.0
5392,2013-01-31 20:00:00+00:00,0.0
5392,2013-01-31 20:30:00+00:00,0.0
5392,2013-01-31 21:00:00+00:00,0.0
5392,2013-01-31 21:30:00+00:00,0.0
5392,2013-01-31 22:00:00+00:00,0.0
5392,2013-01-31 22:30:00+00:00,0.0
5392,2013-01-31 23:00:00+00:00,0.0
5392,2013-01-31 23:30:00+00:00,0.0
5392,2013-02-01 00:30:00+00:00,0.0
5392,2013-02-01 01:00:00+00:00,0.0
5392,2013-02-01 01:30:00+00:00,0.0
5392,2013-02-01 02:00:00+00:00,0.0
5392,2013-02-01 02:30:00+00:00,0.0
5392,2013-02-01 03:00:00+00:00,0.0
5392,2013-02-01 03:30:00+00:00,0.0
5392,2013-02-01 04:00:00+00:00,0.0
5392,2013-02-01 04:30:00+00:00,0.0
5392,2013-02-01 05:00:00+00:00,0.0
5392,2013-02-01 05:30:00+00:00,0.0
5392,2013-02-01 06:00:00+00:00,0.0
5392,2013-02-01 06:30:00+00:00,0.0
5392,2013-02-01 07:00:00+00:00,0.0
5392,2013-02-01 07:30:00+00:00,0.0
5392,2013-02-01 08:00:00+00:00,0.0
5392,2013-02-01 08:30:00+00:00,0.0
5392,2013-02-01 09:00:00+00:00,0.01
5392,2013-02-01 09:30:00+00:00,1.02
5392,2013-02-01 10:00:00+00:00,2.25
5392,2013-02-01 10:30:00+00:00,62.66
5392,2013-02-01 11:00:00+00:00,108.84
5392,2013-02-01 11:30:00+00:00,98.67
5392,2013-02-01 12:00:00+00:00,98.46
5392,2013-02-01 12:30:00+00:00,195.52
5392,2013-02-01 13:00:00+00:00,226.22
5392,2013-02-01 13:30:00+00:00,248.5
5392,2013-02-01 14:00:00+00:00,186.97
5392,2013-02-01 14:30:00+00:00,182.12
5392,2013-02-01 15:00:00+00:00,247.86
5392,2013-02-01 15:30:00+00:00,288.67
5392,2013-02-01 16:00:00+00:00,82.1
5392,2013-02-01 16:30:00+00:00,8.56
5392,2013-02-01 17:00:00+00:00,0.0
5392,2013-02-01 17:30:00+00:00,0.0
5392,2013-02-01 18:00:00+00:00,0.0
5392,2013-02-01 18:30:00+00:00,0.0
5392,2013-02-01 19:00:00+00:00,0.0
5392,2013-02-01 19:30:00+00:00,0.0
5392,2013-02-01 20:00:00+00:00,0.0
5392,2013-02-01 20:30:00+00:00,0.0
5392,2013-02-01 21:00:00+00:00,0.0
5392,2013-02-01 21:30:00+00:00,0.0
5392,2013-02-01 22:00:00+00:00,0.0
5392,2013-02-01 22:30:00+00:00,0.0
5392,2013-02-01 23:00:00+00:00,0.0
5392,2013-02-01 23:30:00+00:00,0.0
5392,2013-02-02 00:00:00+00:00,0.0
5392,2013-02-02 00:30:00+00:00,0.0
5392,2013-02-02 01:00:00+00:00,0.0
5392,2013-02-02 01:30:00+00:00,0.0
5392,2013-02-02 02:00:00+00:00,0.0
5392,2013-02-02 02:30:00+00:00,0.0
5392,2013-02-02 03:00:00+00:00,0.0
5392,2013-02-02 03:30:00+00:00,0.0
5392,2013-02-02 04:00:00+00:00,0.0
5392,2013-02-02 04:30:00+00:00,0.0
5392,2013-02-02 05:00:00+00:00,0.0
5392,2013-02-02 05:30:00+00:00,0.0
5392,2013-02-02 06:00:00+00:00,0.0
5392,2013-02-02 06:30:00+00:00,0.0
5392,2013-02-02 07:00:00+00:00,0.0
5392,2013-02-02 07:30:00+00:00,0.0
5392,2013-02-02 08:00:00+00:00,6.56
5392,2013-02-02 08:30:00+00:00,126.12
5392,2013-02-02 09:00:00+00:00,427.85
5392,2013-02-02 09:30:00+00:00,517.75
5392,2013-02-02 10:00:00+00:00,688.0
5392,2013-02-02 10:30:00+00:00,438.23
5392,2013-02-02 11:00:00+00:00,953.3
5392,2013-02-02 11:30:00+00:00,855.2
5392,2013-02-02 12:00:00+00:00,378.82
5392,2013-02-02 12:30:00+00:00,142.69
5392,2013-02-02 13:00:00+00:00,226.76
5392,2013-02-02 13:30:00+00:00,137.86
5392,2013-02-02 14:00:00+00:00,164.65
5392,2013-02-02 14:30:00+00:00,208.4
5392,2013-02-02 15:00:00+00:00,178.04
5392,2013-02-02 15:30:00+00:00,213.04
5392,2013-02-02 16:00:00+00:00,12.18
5392,2013-02-02 16:30:00+00:00,0.56
5392,2013-02-02 17:00:00+00:00,0.0
5392,2013-02-02 17:30:00+00:00,0.0
5392,2013-02-02 18:00:00+00:00,0.0
5392,2013-02-02 18:30:00+00:00,0.0
5392,2013-02-02 19:00:00+00:00,0.0
5392,2013-02-02 19:30:00+00:00,0.0
5392,2013-02-02 20:00:00+00:00,0.0
5392,2013-02-02 20:30:00+00:00,0.0
5392,2013-02-02 21:00:00+00:00,0.0
5392,2013-02-02 21:30:00+00:00,0.0
5392,2013-02-02 22:00:00+00:00,0.0
5392,2013-02-02 22:30:00+00:00,0.0
5392,2013-02-02 23:00:00+00:00,0.0
5392,2013-02-02 23:30:00+00:00,0.0
5392,2013-02-03 00:00:00+00:00,0.0
5392,2013-02-03 00:30:00+00:00,0.0
5392,2013-02-03 01:00:00+00:00,0.0
5392,2013-02-03 01:30:00+00:00,0.0
5392,2013-02-03 02:00:00+00:00,0.0
5392,2013-02-03 02:30:00+00:00,0.0
5392,2013-02-03 03:00:00+00:00,0.0
5392,2013-02-03 03:30:00+00:00,0.0
5392,2013-02-03 04:00:00+00:00,0.0
5392,2013-02-03 04:30:00+00:00,0.0
5392,2013-02-03 05:00:00+00:00,0.0
5392,2013-02-03 05:30:00+00:00,0.0
5392,2013-02-03 06:00:00+00:00,0.0
5392,2013-02-03 06:30:00+00:00,0.0
5392,2013-02-03 07:00:00+00:00,0.0
5392,2013-02-03 07:30:00+00:00,0.0
5392,2013-02-03 08:00:00+00:00,0.05
5392,2013-02-03 08:30:00+00:00,4.54
5392,2013-02-03 09:00:00+00:00,34.6
5392,2013-02-03 09:30:00+00:00,53.73
5392,2013-02-03 10:00:00+00:00,57.5
5392,2013-02-03 10:30:00+00:00,69.16
5392,2013-02-03 11:00:00+00:00,80.48
5392,2013-02-03 11:30:00+00:00,78.72
5392,2013-02-03 12:00:00+00:00,108.39
5392,2013-02-03 12:30:00+00:00,128.2
5392,2013-02-03 13:00:00+00:00,134.89
5392,2013-02-03 13:30:00+00:00,85.62
5392,2013-02-03 14:00:00+00:00,98.48
5392,2013-02-03 14:30:00+00:00,68.51
5392,2013-02-03 15:00:00+00:00,41.74
5392,2013-02-03 15:30:00+00:00,38.22
5392,2013-02-03 16:00:00+00:00,4.34
5392,2013-02-03 16:30:00+00:00,1.4
5392,2013-02-03 17:00:00+00:00,0.0
5392,2013-02-03 17:30:00+00:00,0.0
5392,2013-02-03 18:00:00+00:00,0.0
5392,2013-02-03 18:30:00+00:00,0.0
5392,2013-02-03 19:00:00+00:00,0.0
5392,2013-02-03 19:30:00+00:00,0.0
5392,2013-02-03 20:00:00+00:00,0.0
5392,2013-02-03 20:30:00+00:00,0.0
5392,2013-02-03 21:00:00+00:00,0.0
5392,2013-02-03 21:30:00+00:00,0.0
5392,2013-02-03 22:00:00+00:00,0.0
5392,2013-02-03 22:30:00+00:00,0.0
5392,2013-02-03 23:00:00+00:00,0.0
5392,2013-02-03 23:30:00+00:00,0.0
5392,2013-02-04 00:00:00+00:00,0.0
5392,2013-02-04 00:30:00+00:00,0.0
5392,2013-02-04 01:00:00+00:00,0.0
5392,2013-02-04 01:30:00+00:00,0.0
5392,2013-02-04 02:00:00+00:00,0.0
5392,2013-02-04 02:30:00+00:00,0.0
5392,2013-02-04 03:00:00+00:00,0.0
5392,2013-02-04 03:30:00+00:00,0.0
5392,2013-02-04 04:00:00+00:00,0.0
5392,2013-02-04 04:30:00+00:00,0.0
5392,2013-02-04 05:00:00+00:00,0.0
5392,2013-02-04 05:30:00+00:00,0.0
5392,2013-02-04 06:00:00+00:00,0.0
5392,2013-02-04 06:30:00+00:00,0.0
5392,2013-02-04 07:00:00+00:00,0.0
5392,2013-02-04 07:30:00+00:00,0.0
5392,2013-02-04 08:00:00+00:00,0.1
5392,2013-02-04 08:30:00+00:00,1.72
5392,2013-02-04 09:00:00+00:00,62.87
5392,2013-02-04 09:30:00+00:00,324.45
5392,2013-02-04 10:00:00+00:00,667.3
5392,2013-02-04 10:30:00+00:00,918.9
5392,2013-02-04 11:00:00+00:00,1104.45
5392,2013-02-04 11:30:00+00:00,1056.05
5392,2013-02-04 12:00:00+00:00,503.2
5392,2013-02-04 12:30:00+00:00,277.38
5392,2013-02-04 13:00:00+00:00,207.79
5392,2013-02-04 13:30:00+00:00,235.49
5392,2013-02-04 14:00:00+00:00,259.91
5392,2013-02-04 14:30:00+00:00,264.56
5392,2013-02-04 15:00:00+00:00,260.48
5392,2013-02-04 15:30:00+00:00,292.61
5392,2013-02-04 16:00:00+00:00,171.42
5392,2013-02-04 16:30:00+00:00,24.01
5392,2013-02-04 17:00:00+00:00,0.0
5392,2013-02-04 17:30:00+00:00,0.0
5392,2013-02-04 18:00:00+00:00,0.0
5392,2013-02-04 18:30:00+00:00,0.0
5392,2013-02-04 19:00:00+00:00,0.0
5392,2013-02-04 19:30:00+00:00,0.0
5392,2013-02-04 20:00:00+00:00,0.0
5392,2013-02-04 20:30:00+00:00,0.0
5392,2013-02-04 21:00:00+00:00,0.0
5392,2013-02-04 21:30:00+00:00,0.0
5392,2013-02-04 22:00:00+00:00,0.0
5392,2013-02-04 22:30:00+00:00,0.0
5392,2013-02-04 23:00:00+00:00,0.0
5392,2013-02-04 23:30:00+00:00,0.0
5392,2013-02-05 00:00:00+00:00,0.0
5392,2013-02-05 00:30:00+00:00,0.0
5392,2013-02-05 01:00:00+00:00,0.0
5392,2013-02-05 01:30:00+00:00,0.0
5392,2013-02-05 02:00:00+00:00,0.0
5392,2013-02-05 02:30:00+00:00,0.0
5392,2013-02-05 03:00:00+00:00,0.0
5392,2013-02-05 03:30:00+00:00,0.0
5392,2013-02-05 04:00:00+00:00,0.0
5392,2013-02-05 04:30:00+00:00,0.0
5392,2013-02-05 05:00:00+00:00,0.0
5392,2013-02-05 05:30:00+00:00,0.0
5392,2013-02-05 06:00:00+00:00,0.0
5392,2013-02-05 06:30:00+00:00,0.0
5392,2013-02-05 07:00:00+00:00,0.0
5392,2013-02-05 07:30:00+00:00,0.0
5392,2013-02-05 08:00:00+00:00,1.91
5392,2013-02-05 08:30:00+00:00,221.5
5392,2013-02-05 09:00:00+00:00,448.08
5392,2013-02-05 09:30:00+00:00,673.95
5392,2013-02-05 10:00:00+00:00,914.0
5392,2013-02-05 10:30:00+00:00,1104.45
5392,2013-02-05 11:00:00+00:00,996.1
5392,2013-02-05 11:30:00+00:00,576.65
5392,2013-02-05 12:00:00+00:00,443.82
5392,2013-02-05 12:30:00+00:00,254.85
5392,2013-02-05 13:00:00+00:00,227.56
5392,2013-02-05 13:30:00+00:00,189.24
5392,2013-02-05 14:00:00+00:00,182.97
5392,2013-02-05 14:30:00+00:00,162.54
5392,2013-02-05 15:00:00+00:00,478.41
5392,2013-02-05 15:30:00+00:00,246.81
5392,2013-02-05 16:00:00+00:00,82.96
5392,2013-02-05 16:30:00+00:00,5.12
5392,2013-02-05 17:00:00+00:00,0.0
5392,2013-02-05 17:30:00+00:00,0.0
5392,2013-02-05 18:00:00+00:00,0.0
5392,2013-02-05 18:30:00+00:00,0.0
5392,2013-02-05 19:00:00+00:00,0.0
5392,2013-02-05 19:30:00+00:00,0.0
5392,2013-02-05 20:00:00+00:00,0.0
5392,2013-02-05 20:30:00+00:00,0.0
5392,2013-02-05 21:00:00+00:00,0.0
5392,2013-02-05 21:30:00+00:00,0.0
5392,2013-02-05 22:00:00+00:00,0.0
5392,2013-02-05 22:30:00+00:00,0.0
5392,2013-02-05 23:00:00+00:00,0.0
5392,2013-02-05 23:30:00+00:00,0.0
5392,2013-02-06 00:00:00+00:00,0.0
5392,2013-02-06 00:30:00+00:00,0.0
5392,2013-02-06 01:00:00+00:00,0.0
5392,2013-02-06 01:30:00+00:00,0.0
5392,2013-02-06 02:00:00+00:00,0.0
5392,2013-02-06 02:30:00+00:00,0.0
5392,2013-02-06 03:00:00+00:00,0.0
5392,2013-02-06 03:30:00+00:00,0.0
5392,2013-02-06 04:00:00+00:00,0.0
5392,2013-02-06 04:30:00+00:00,0.0
5392,2013-02-06 05:00:00+00:00,0.0
5392,2013-02-06 05:30:00+00:00,0.0
5392,2013-02-06 06:00:00+00:00,0.0
5392,2013-02-06 06:30:00+00:00,0.0
5392,2013-02-06 07:00:00+00:00,0.0
5392,2013-02-06 07:30:00+00:00,0.0
5392,2013-02-06 08:00:00+00:00,0.72
5392,2013-02-06 08:30:00+00:00,3.29
5392,2013-02-06 09:00:00+00:00,38.17
5392,2013-02-06 09:30:00+00:00,514.65
5392,2013-02-06 10:00:00+00:00,465.69
5392,2013-02-06 10:30:00+00:00,296.28
5392,2013-02-06 11:00:00+00:00,62.46
5392,2013-02-06 11:30:00+00:00,167.95
5392,2013-02-06 12:00:00+00:00,149.83
5392,2013-02-06 12:30:00+00:00,130.97
5392,2013-02-06 13:00:00+00:00,247.0
5392,2013-02-06 13:30:00+00:00,140.7
5392,2013-02-06 14:00:00+00:00,153.73
5392,2013-02-06 14:30:00+00:00,203.07
5392,2013-02-06 15:00:00+00:00,53.13
5392,2013-02-06 15:30:00+00:00,67.89
5392,2013-02-06 16:00:00+00:00,61.0
5392,2013-02-06 16:30:00+00:00,125.58
5392,2013-02-06 17:00:00+00:00,0.01
5392,2013-02-06 17:30:00+00:00,0.0
5392,2013-02-06 18:00:00+00:00,0.0
5392,2013-02-06 18:30:00+00:00,0.0
5392,2013-02-06 19:00:00+00:00,0.0
5392,2013-02-06 19:30:00+00:00,0.0
5392,2013-02-06 20:00:00+00:00,0.0
5392,2013-02-06 20:30:00+00:00,0.0
5392,2013-02-06 21:00:00+00:00,0.0
5392,2013-02-06 21:30:00+00:00,0.0
5392,2013-02-06 22:00:00+00:00,0.0
5392,2013-02-06 22:30:00+00:00,0.0
5392,2013-02-06 23:00:00+00:00,0.0
5392,2013-02-06 23:30:00+00:00,0.0
5392,2013-02-07 00:00:00+00:00,0.0
5392,2013-02-07 00:30:00+00:00,0.0
5392,2013-02-07 01:00:00+00:00,0.0
5392,2013-02-07 01:30:00+00:00,0.0
5392,2013-02-07 02:00:00+00:00,0.0
5392,2013-02-07 02:30:00+00:00,0.0
5392,2013-02-07 03:00:00+00:00,0.0
5392,2013-02-07 03:30:00+00:00,0.0
5392,2013-02-07 04:00:00+00:00,0.0
5392,2013-02-07 04:30:00+00:00,0.0
5392,2013-02-07 05:00:00+00:00,0.0
5392,2013-02-07 05:30:00+00:00,0.0
5392,2013-02-07 06:00:00+00:00,0.0
5392,2013-02-07 06:30:00+00:00,0.0
5392,2013-02-07 07:00:00+00:00,0.0
5392,2013-02-07 07:30:00+00:00,0.0
5392,2013-02-07 08:00:00+00:00,43.24
5392,2013-02-07 08:30:00+00:00,293.89
5392,2013-02-07 09:00:00+00:00,578.0
5392,2013-02-07 09:30:00+00:00,814.75
5392,2013-02-07 10:00:00+00:00,989.1
5392,2013-02-07 10:30:00+00:00,886.55
5392,2013-02-07 11:00:00+00:00,984.55
5392,2013-02-07 11:30:00+00:00,775.15
5392,2013-02-07 12:00:00+00:00,319.26
5392,2013-02-07 12:30:00+00:00,320.69
5392,2013-02-07 13:00:00+00:00,302.29
5392,2013-02-07 13:30:00+00:00,281.96
5392,2013-02-07 14:00:00+00:00,322.57
5392,2013-02-07 14:30:00+00:00,289.05
5392,2013-02-07 15:00:00+00:00,531.0
5392,2013-02-07 15:30:00+00:00,152.57
5392,2013-02-07 16:00:00+00:00,51.9
5392,2013-02-07 16:30:00+00:00,35.74
5392,2013-02-07 17:00:00+00:00,0.98
5392,2013-02-07 17:30:00+00:00,0.0
5392,2013-02-07 18:00:00+00:00,0.0
5392,2013-02-07 18:30:00+00:00,0.0
5392,2013-02-07 19:00:00+00:00,0.0
5392,2013-02-07 19:30:00+00:00,0.0
5392,2013-02-07 20:00:00+00:00,0.0
5392,2013-02-07 20:30:00+00:00,0.0
5392,2013-02-07 21:00:00+00:00,0.0
5392,2013-02-07 21:30:00+00:00,0.0
5392,2013-02-07 22:00:00+00:00,0.0
5392,2013-02-07 22:30:00+00:00,0.0
5392,2013-02-07 23:00:00+00:00,0.0
5392,2013-02-07 23:30:00+00:00,0.0
5392,2013-02-08 00:00:00+00:00,0.0
5392,2013-02-08 00:30:00+00:00,0.0
5392,2013-02-08 01:00:00+00:00,0.0
5392,2013-02-08 01:30:00+00:00,0.0
5392,2013-02-08 02:00:00+00:00,0.0
5392,2013-02-08 02:30:00+00:00,0.0
5392,2013-02-08 03:00:00+00:00,0.0
5392,2013-02-08 03:30:00+00:00,0.0
5392,2013-02-08 04:00:00+00:00,0.0
5392,2013-02-08 04:30:00+00:00,0.0
5392,2013-02-08 05:00:00+00:00,0.0
5392,2013-02-08 05:30:00+00:00,0.0
5392,2013-02-08 06:00:00+00:00,0.0
5392,2013-02-08 06:30:00+00:00,0.0
5392,2013-02-08 07:00:00+00:00,0.0
5392,2013-02-08 07:30:00+00:00,0.0
5392,2013-02-08 08:00:00+00:00,47.55
5392,2013-02-08 08:30:00+00:00,309.3
5392,2013-02-08 09:00:00+00:00,575.35
5392,2013-02-08 09:30:00+00:00,751.4
5392,2013-02-08 10:00:00+00:00,952.95
5392,2013-02-08 10:30:00+00:00,880.7
5392,2013-02-08 11:00:00+00:00,1136.5
5392,2013-02-08 11:30:00+00:00,937.25
5392,2013-02-08 12:00:00+00:00,578.05
5392,2013-02-08 12:30:00+00:00,262.79
5392,2013-02-08 13:00:00+00:00,225.37
5392,2013-02-08 13:30:00+00:00,215.6
5392,2013-02-08 14:00:00+00:00,191.59
5392,2013-02-08 14:30:00+00:00,230.41
5392,2013-02-08 15:00:00+00:00,155.7
5392,2013-02-08 15:30:00+00:00,139.83
5392,2013-02-08 16:00:00+00:00,92.44
5392,2013-02-08 16:30:00+00:00,1.26
5392,2013-02-08 17:00:00+00:00,0.0
5392,2013-02-08 17:30:00+00:00,0.0
5392,2013-02-08 18:00:00+00:00,0.0
5392,2013-02-08 18:30:00+00:00,0.0
5392,2013-02-08 19:00:00+00:00,0.0
5392,2013-02-08 19:30:00+00:00,0.0
5392,2013-02-08 20:00:00+00:00,0.0
5392,2013-02-08 20:30:00+00:00,0.0
5392,2013-02-08 21:00:00+00:00,0.0
5392,2013-02-08 21:30:00+00:00,0.0
5392,2013-02-08 22:00:00+00:00,0.0
5392,2013-02-08 22:30:00+00:00,0.0
5392,2013-02-08 23:00:00+00:00,0.0
5392,2013-02-08 23:30:00+00:00,0.0
5392,2013-02-09 00:00:00+00:00,0.0
5392,2013-02-09 00:30:00+00:00,0.0
5392,2013-02-09 01:00:00+00:00,0.0
5392,2013-02-09 01:30:00+00:00,0.0
5392,2013-02-09 02:00:00+00:00,0.0
5392,2013-02-09 02:30:00+00:00,0.0
5392,2013-02-09 03:00:00+00:00,0.0
5392,2013-02-09 03:30:00+00:00,0.0
5392,2013-02-09 04:00:00+00:00,0.0
5392,2013-02-09 04:30:00+00:00,0.0
5392,2013-02-09 05:00:00+00:00,0.0
5392,2013-02-09 05:30:00+00:00,0.0
5392,2013-02-09 06:00:00+00:00,0.0
5392,2013-02-09 06:30:00+00:00,0.0
5392,2013-02-09 07:00:00+00:00,0.0
5392,2013-02-09 07:30:00+00:00,0.0
5392,2013-02-09 08:00:00+00:00,1.98
5392,2013-02-09 08:30:00+00:00,10.53
5392,2013-02-09 09:00:00+00:00,60.04
5392,2013-02-09 09:30:00+00:00,76.49
5392,2013-02-09 10:00:00+00:00,139.64
5392,2013-02-09 10:30:00+00:00,136.32
5392,2013-02-09 11:00:00+00:00,91.03
5392,2013-02-09 11:30:00+00:00,103.4
5392,2013-02-09 12:00:00+00:00,109.71
5392,2013-02-09 12:30:00+00:00,112.3
5392,2013-02-09 13:00:00+00:00,113.81
5392,2013-02-09 13:30:00+00:00,135.72
5392,2013-02-09 14:00:00+00:00,135.1
5392,2013-02-09 14:30:00+00:00,63.67
5392,2013-02-09 15:00:00+00:00,28.7
5392,2013-02-09 15:30:00+00:00,39.18
5392,2013-02-09 16:00:00+00:00,17.58
5392,2013-02-09 16:30:00+00:00,1.74
5392,2013-02-09 17:00:00+00:00,0.0
5392,2013-02-09 17:30:00+00:00,0.0
5392,2013-02-09 18:00:00+00:00,0.0
5392,2013-02-09 18:30:00+00:00,0.0
5392,2013-02-09 19:00:00+00:00,0.0
5392,2013-02-09 19:30:00+00:00,0.0
5392,2013-02-09 20:00:00+00:00,0.0
5392,2013-02-09 20:30:00+00:00,0.0
5392,2013-02-09 21:00:00+00:00,0.0
5392,2013-02-09 21:30:00+00:00,0.0
5392,2013-02-09 22:00:00+00:00,0.0
5392,2013-02-09 22:30:00+00:00,0.0
5392,2013-02-09 23:00:00+00:00,0.0
5392,2013-02-09 23:30:00+00:00,0.0
5392,2013-02-10 00:00:00+00:00,0.0
5392,2013-02-10 00:30:00+00:00,0.0
5392,2013-02-10 01:00:00+00:00,0.0
5392,2013-02-10 01:30:00+00:00,0.0
5392,2013-02-10 02:00:00+00:00,0.0
5392,2013-02-10 02:30:00+00:00,0.0
5392,2013-02-10 03:00:00+00:00,0.0
5392,2013-02-10 03:30:00+00:00,0.0
5392,2013-02-10 04:00:00+00:00,0.0
5392,2013-02-10 04:30:00+00:00,0.0
5392,2013-02-10 05:00:00+00:00,0.0
5392,2013-02-10 05:30:00+00:00,0.0
5392,2013-02-10 06:00:00+00:00,0.0
5392,2013-02-10 06:30:00+00:00,0.0
5392,2013-02-10 07:00:00+00:00,0.0
5392,2013-02-10 07:30:00+00:00,0.0
5392,2013-02-10 08:00:00+00:00,0.0
5392,2013-02-10 08:30:00+00:00,0.54
5392,2013-02-10 09:00:00+00:00,2.32
5392,2013-02-10 09:30:00+00:00,5.08
5392,2013-02-10 10:00:00+00:00,37.89
5392,2013-02-10 10:30:00+00:00,29.04
5392,2013-02-10 11:00:00+00:00,33.33
5392,2013-02-10 11:30:00+00:00,39.38
5392,2013-02-10 12:00:00+00:00,52.36
5392,2013-02-10 12:30:00+00:00,77.97
5392,2013-02-10 13:00:00+00:00,98.29
5392,2013-02-10 13:30:00+00:00,36.59
5392,2013-02-10 14:00:00+00:00,18.0
5392,2013-02-10 14:30:00+00:00,39.28
5392,2013-02-10 15:00:00+00:00,19.72
5392,2013-02-10 15:30:00+00:00,2.42
5392,2013-02-10 16:00:00+00:00,0.01
5392,2013-02-10 16:30:00+00:00,0.0
5392,2013-02-10 17:00:00+00:00,0.0
5392,2013-02-10 17:30:00+00:00,0.0
5392,2013-02-10 18:00:00+00:00,0.0
5392,2013-02-10 18:30:00+00:00,0.0
5392,2013-02-10 19:00:00+00:00,0.0
5392,2013-02-10 19:30:00+00:00,0.0
5392,2013-02-10 20:00:00+00:00,0.0
5392,2013-02-10 20:30:00+00:00,0.0
5392,2013-02-10 21:00:00+00:00,0.0
5392,2013-02-10 21:30:00+00:00,0.0
5392,2013-02-10 22:00:00+00:00,0.0
5392,2013-02-10 22:30:00+00:00,0.0
5392,2013-02-10 23:00:00+00:00,0.0
5392,2013-02-10 23:30:00+00:00,0.0
5392,2013-02-11 00:00:00+00:00,0.0
5392,2013-02-11 00:30:00+00:00,0.0
5392,2013-02-11 01:00:00+00:00,0.0
5392,2013-02-11 01:30:00+00:00,0.0
5392,2013-02-11 02:00:00+00:00,0.0
5392,2013-02-11 02:30:00+00:00,0.0
5392,2013-02-11 03:00:00+00:00,0.0
5392,2013-02-11 03:30:00+00:00,0.0
5392,2013-02-11 04:00:00+00:00,0.0
5392,2013-02-11 04:30:00+00:00,0.0
5392,2013-02-11 05:00:00+00:00,0.0
5392,2013-02-11 05:30:00+00:00,0.0
5392,2013-02-11 06:00:00+00:00,0.0
5392,2013-02-11 06:30:00+00:00,0.0
5392,2013-02-11 07:00:00+00:00,0.0
5392,2013-02-11 07:30:00+00:00,0.0
5392,2013-02-11 08:00:00+00:00,0.23
5392,2013-02-11 08:30:00+00:00,4.57
5392,2013-02-11 09:00:00+00:00,3.6
5392,2013-02-11 09:30:00+00:00,61.78
5392,2013-02-11 10:00:00+00:00,54.39
5392,2013-02-11 10:30:00+00:00,28.16
5392,2013-02-11 11:00:00+00:00,5.98
5392,2013-02-11 11:30:00+00:00,29.84
5392,2013-02-11 12:00:00+00:00,54.7
5392,2013-02-11 12:30:00+00:00,87.8
5392,2013-02-11 13:00:00+00:00,77.6
5392,2013-02-11 13:30:00+00:00,57.69
5392,2013-02-11 14:00:00+00:00,73.41
5392,2013-02-11 14:30:00+00:00,63.87
5392,2013-02-11 15:00:00+00:00,41.73
5392,2013-02-11 15:30:00+00:00,2.98
5392,2013-02-11 16:00:00+00:00,2.42
5392,2013-02-11 16:30:00+00:00,0.33
5392,2013-02-11 17:00:00+00:00,0.0
5392,2013-02-11 17:30:00+00:00,0.0
5392,2013-02-11 18:00:00+00:00,0.0
5392,2013-02-11 18:30:00+00:00,0.0
5392,2013-02-11 19:00:00+00:00,0.0
5392,2013-02-11 19:30:00+00:00,0.0
5392,2013-02-11 20:00:00+00:00,0.0
5392,2013-02-11 20:30:00+00:00,0.0
5392,2013-02-11 21:00:00+00:00,0.0
5392,2013-02-11 21:30:00+00:00,0.0
5392,2013-02-11 22:00:00+00:00,0.0
5392,2013-02-11 22:30:00+00:00,0.0
5392,2013-02-11 23:00:00+00:00,0.0
5392,2013-02-11 23:30:00+00:00,0.0
5392,2013-02-12 00:00:00+00:00,0.0
5392,2013-02-12 00:30:00+00:00,0.0
5392,2013-02-12 01:00:00+00:00,0.0
5392,2013-02-12 01:30:00+00:00,0.0
5392,2013-02-12 02:00:00+00:00,0.0
5392,2013-02-12 02:30:00+00:00,0.0
5392,2013-02-12 03:00:00+00:00,0.0
5392,2013-02-12 03:30:00+00:00,0.0
5392,2013-02-12 04:00:00+00:00,0.0
5392,2013-02-12 04:30:00+00:00,0.0
5392,2013-02-12 05:00:00+00:00,0.0
5392,2013-02-12 05:30:00+00:00,0.0
5392,2013-02-12 06:00:00+00:00,0.0
5392,2013-02-12 06:30:00+00:00,0.0
5392,2013-02-12 07:00:00+00:00,0.0
5392,2013-02-12 07:30:00+00:00,0.0
5392,2013-02-12 08:00:00+00:00,0.08
5392,2013-02-12 08:30:00+00:00,0.99
5392,2013-02-12 09:00:00+00:00,5.98
5392,2013-02-12 09:30:00+00:00,13.48
5392,2013-02-12 10:00:00+00:00,26.01
5392,2013-02-12 10:30:00+00:00,28.81
5392,2013-02-12 11:00:00+00:00,50.97
5392,2013-02-12 11:30:00+00:00,54.81
5392,2013-02-12 12:00:00+00:00,56.63
5392,2013-02-12 12:30:00+00:00,67.23
5392,2013-02-12 13:00:00+00:00,73.51
5392,2013-02-12 13:30:00+00:00,37.79
5392,2013-02-12 14:00:00+00:00,23.36
5392,2013-02-12 14:30:00+00:00,46.0
5392,2013-02-12 15:00:00+00:00,58.79
5392,2013-02-12 15:30:00+00:00,46.19
5392,2013-02-12 16:00:00+00:00,2.2
5392,2013-02-12 16:30:00+00:00,0.01
5392,2013-02-12 17:00:00+00:00,0.0
5392,2013-02-12 17:30:00+00:00,0.0
5392,2013-02-12 18:00:00+00:00,0.0
5392,2013-02-12 18:30:00+00:00,0.0
5392,2013-02-12 19:00:00+00:00,0.0
5392,2013-02-12 19:30:00+00:00,0.0
5392,2013-02-12 20:00:00+00:00,0.0
5392,2013-02-12 20:30:00+00:00,0.0
5392,2013-02-12 21:00:00+00:00,0.0
5392,2013-02-12 21:30:00+00:00,0.0
5392,2013-02-12 22:00:00+00:00,0.0
5392,2013-02-12 22:30:00+00:00,0.0
5392,2013-02-12 23:00:00+00:00,0.0
5392,2013-02-12 23:30:00+00:00,0.0
5392,2013-02-13 00:00:00+00:00,0.0
5392,2013-02-13 00:30:00+00:00,0.0
5392,2013-02-13 01:00:00+00:00,0.0
5392,2013-02-13 01:30:00+00:00,0.0
5392,2013-02-13 02:00:00+00:00,0.0
5392,2013-02-13 02:30:00+00:00,0.0
5392,2013-02-13 03:00:00+00:00,0.0
5392,2013-02-13 03:30:00+00:00,0.0
5392,2013-02-13 04:00:00+00:00,0.0
5392,2013-02-13 04:30:00+00:00,0.0
5392,2013-02-13 05:00:00+00:00,0.0
5392,2013-02-13 05:30:00+00:00,0.0
5392,2013-02-13 06:00:00+00:00,0.0
5392,2013-02-13 06:30:00+00:00,0.0
5392,2013-02-13 07:00:00+00:00,0.0
5392,2013-02-13 07:30:00+00:00,0.25
5392,2013-02-13 08:00:00+00:00,52.69
5392,2013-02-13 08:30:00+00:00,112.27
5392,2013-02-13 09:00:00+00:00,100.93
5392,2013-02-13 09:30:00+00:00,240.78
5392,2013-02-13 10:00:00+00:00,563.8
5392,2013-02-13 10:30:00+00:00,426.32
5392,2013-02-13 11:00:00+00:00,786.35
5392,2013-02-13 11:30:00+00:00,560.5
5392,2013-02-13 12:00:00+00:00,301.99
5392,2013-02-13 12:30:00+00:00,204.63
5392,2013-02-13 13:00:00+00:00,148.78
5392,2013-02-13 13:30:00+00:00,94.61
5392,2013-02-13 14:00:00+00:00,79.15
5392,2013-02-13 14:30:00+00:00,69.46
5392,2013-02-13 15:00:00+00:00,37.56
5392,2013-02-13 15:30:00+00:00,34.93
5392,2013-02-13 16:00:00+00:00,28.86
5392,2013-02-13 16:30:00+00:00,2.02
5392,2013-02-13 17:00:00+00:00,0.01
5392,2013-02-13 17:30:00+00:00,0.0
5392,2013-02-13 18:00:00+00:00,0.0
5392,2013-02-13 18:30:00+00:00,0.0
5392,2013-02-13 19:00:00+00:00,0.0
5392,2013-02-13 19:30:00+00:00,0.0
5392,2013-02-13 20:00:00+00:00,0.0
5392,2013-02-13 20:30:00+00:00,0.0
5392,2013-02-13 21:00:00+00:00,0.0
5392,2013-02-13 21:30:00+00:00,0.0
5392,2013-02-13 22:00:00+00:00,0.0
5392,2013-02-13 22:30:00+00:00,0.0
5392,2013-02-13 23:00:00+00:00,0.0
5392,2013-02-13 23:30:00+00:00,0.0
5392,2013-02-14 00:00:00+00:00,0.0
5392,2013-02-14 00:30:00+00:00,0.0
5392,2013-02-14 01:00:00+00:00,0.0
5392,2013-02-14 01:30:00+00:00,0.0
5392,2013-02-14 02:00:00+00:00,0.0
5392,2013-02-14 02:30:00+00:00,0.0
5392,2013-02-14 03:00:00+00:00,0.0
5392,2013-02-14 03:30:00+00:00,0.0
5392,2013-02-14 04:00:00+00:00,0.0
5392,2013-02-14 04:30:00+00:00,0.0
5392,2013-02-14 05:00:00+00:00,0.0
5392,2013-02-14 05:30:00+00:00,0.0
5392,2013-02-14 06:00:00+00:00,0.0
5392,2013-02-14 06:30:00+00:00,0.0
5392,2013-02-14 07:00:00+00:00,0.0
5392,2013-02-14 07:30:00+00:00,0.0
5392,2013-02-14 08:00:00+00:00,0.0
5392,2013-02-14 08:30:00+00:00,0.0
5392,2013-02-14 09:00:00+00:00,7.61
5392,2013-02-14 09:30:00+00:00,87.65
5392,2013-02-14 10:00:00+00:00,78.53
5392,2013-02-14 10:30:00+00:00,86.76
5392,2013-02-14 11:00:00+00:00,304.68
5392,2013-02-14 11:30:00+00:00,1121.35
5392,2013-02-14 12:00:00+00:00,254.5
5392,2013-02-14 12:30:00+00:00,276.09
5392,2013-02-14 13:00:00+00:00,180.26
5392,2013-02-14 13:30:00+00:00,289.9
5392,2013-02-14 14:00:00+00:00,343.15
5392,2013-02-14 14:30:00+00:00,334.16
5392,2013-02-14 15:00:00+00:00,261.98
5392,2013-02-14 15:30:00+00:00,363.27
5392,2013-02-14 16:00:00+00:00,49.85
5392,2013-02-14 16:30:00+00:00,73.42
5392,2013-02-14 17:00:00+00:00,5.14
5392,2013-02-14 17:30:00+00:00,0.0
5392,2013-02-14 18:00:00+00:00,0.0
5392,2013-02-14 18:30:00+00:00,0.0
5392,2013-02-14 19:00:00+00:00,0.0
5392,2013-02-14 19:30:00+00:00,0.0
5392,2013-02-14 20:00:00+00:00,0.0
5392,2013-02-14 20:30:00+00:00,0.0
5392,2013-02-14 21:00:00+00:00,0.0
5392,2013-02-14 21:30:00+00:00,0.0
5392,2013-02-14 22:00:00+00:00,0.0
5392,2013-02-14 22:30:00+00:00,0.0
5392,2013-02-14 23:00:00+00:00,0.0
5392,2013-02-14 23:30:00+00:00,0.0
5392,2013-02-15 00:00:00+00:00,0.0
5392,2013-02-15 00:30:00+00:00,0.0
5392,2013-02-15 01:00:00+00:00,0.0
5392,2013-02-15 01:30:00+00:00,0.0
5392,2013-02-15 02:00:00+00:00,0.0
5392,2013-02-15 02:30:00+00:00,0.0
5392,2013-02-15 03:00:00+00:00,0.0
5392,2013-02-15 03:30:00+00:00,0.0
5392,2013-02-15 04:00:00+00:00,0.0
5392,2013-02-15 04:30:00+00:00,0.0
5392,2013-02-15 05:00:00+00:00,0.0
5392,2013-02-15 05:30:00+00:00,0.0
5392,2013-02-15 06:00:00+00:00,0.0
5392,2013-02-15 06:30:00+00:00,0.0
5392,2013-02-15 07:00:00+00:00,0.0
5392,2013-02-15 07:30:00+00:00,0.48
5392,2013-02-15 08:00:00+00:00,109.05
5392,2013-02-15 08:30:00+00:00,154.33
5392,2013-02-15 09:00:00+00:00,100.86
5392,2013-02-15 09:30:00+00:00,160.32
5392,2013-02-15 10:00:00+00:00,308.98
5392,2013-02-15 10:30:00+00:00,359.05
5392,2013-02-15 11:00:00+00:00,733.65
5392,2013-02-15 11:30:00+00:00,866.15
5392,2013-02-15 12:00:00+00:00,774.6
5392,2013-02-15 12:30:00+00:00,434.41
5392,2013-02-15 13:00:00+00:00,282.81
5392,2013-02-15 13:30:00+00:00,219.52
5392,2013-02-15 14:00:00+00:00,250.39
5392,2013-02-15 14:30:00+00:00,119.8
5392,2013-02-15 15:00:00+00:00,95.54
5392,2013-02-15 15:30:00+00:00,61.99
5392,2013-02-15 16:00:00+00:00,32.77
5392,2013-02-15 16:30:00+00:00,0.7
5392,2013-02-15 17:00:00+00:00,0.44
5392,2013-02-15 17:30:00+00:00,0.0
5392,2013-02-15 18:00:00+00:00,0.0
5392,2013-02-15 18:30:00+00:00,0.0
5392,2013-02-15 19:00:00+00:00,0.0
5392,2013-02-15 19:30:00+00:00,0.0
5392,2013-02-15 20:00:00+00:00,0.0
5392,2013-02-15 20:30:00+00:00,0.0
5392,2013-02-15 21:00:00+00:00,0.0
5392,2013-02-15 21:30:00+00:00,0.0
5392,2013-02-15 22:00:00+00:00,0.0
5392,2013-02-15 22:30:00+00:00,0.0
5392,2013-02-15 23:00:00+00:00,0.0
5392,2013-02-15 23:30:00+00:00,0.0
5392,2013-02-16 00:00:00+00:00,0.0
5392,2013-02-16 00:30:00+00:00,0.0
5392,2013-02-16 01:00:00+00:00,0.0
5392,2013-02-16 01:30:00+00:00,0.0
5392,2013-02-16 02:00:00+00:00,0.0
5392,2013-02-16 02:30:00+00:00,0.0
5392,2013-02-16 03:00:00+00:00,0.0
5392,2013-02-16 03:30:00+00:00,0.0
5392,2013-02-16 04:00:00+00:00,0.0
5392,2013-02-16 04:30:00+00:00,0.0
5392,2013-02-16 05:00:00+00:00,0.0
5392,2013-02-16 05:30:00+00:00,0.0
5392,2013-02-16 06:00:00+00:00,0.0
5392,2013-02-16 06:30:00+00:00,0.0
5392,2013-02-16 07:00:00+00:00,0.0
5392,2013-02-16 07:30:00+00:00,0.0
5392,2013-02-16 08:00:00+00:00,2.63
5392,2013-02-16 08:30:00+00:00,46.29
5392,2013-02-16 09:00:00+00:00,74.53
5392,2013-02-16 09:30:00+00:00,105.08
5392,2013-02-16 10:00:00+00:00,126.5
5392,2013-02-16 10:30:00+00:00,116.84
5392,2013-02-16 11:00:00+00:00,187.42
5392,2013-02-16 11:30:00+00:00,191.97
5392,2013-02-16 12:00:00+00:00,238.98
5392,2013-02-16 12:30:00+00:00,191.47
5392,2013-02-16 13:00:00+00:00,216.4
5392,2013-02-16 13:30:00+00:00,268.2
5392,2013-02-16 14:00:00+00:00,254.09
5392,2013-02-16 14:30:00+00:00,164.88
5392,2013-02-16 15:00:00+00:00,146.06
5392,2013-02-16 15:30:00+00:00,165.79
5392,2013-02-16 16:00:00+00:00,97.96
5392,2013-02-16 16:30:00+00:00,87.76
5392,2013-02-16 17:00:00+00:00,27.37
5392,2013-02-16 17:30:00+00:00,0.1
5392,2013-02-16 18:00:00+00:00,0.0
5392,2013-02-16 18:30:00+00:00,0.0
5392,2013-02-16 19:00:00+00:00,0.0
5392,2013-02-16 19:30:00+00:00,0.0
5392,2013-02-16 20:00:00+00:00,0.0
5392,2013-02-16 20:30:00+00:00,0.0
5392,2013-02-16 21:00:00+00:00,0.0
5392,2013-02-16 21:30:00+00:00,0.0
5392,2013-02-16 22:00:00+00:00,0.0
5392,2013-02-16 22:30:00+00:00,0.0
5392,2013-02-16 23:00:00+00:00,0.0
5392,2013-02-16 23:30:00+00:00,0.0
5392,2013-02-17 00:00:00+00:00,0.0
5392,2013-02-17 00:30:00+00:00,0.0
5392,2013-02-17 01:00:00+00:00,0.0
5392,2013-02-17 01:30:00+00:00,0.0
5392,2013-02-17 02:00:00+00:00,0.0
5392,2013-02-17 02:30:00+00:00,0.0
5392,2013-02-17 03:00:00+00:00,0.0
5392,2013-02-17 03:30:00+00:00,0.0
5392,2013-02-17 04:00:00+00:00,0.0
5392,2013-02-17 04:30:00+00:00,0.0
5392,2013-02-17 05:00:00+00:00,0.0
5392,2013-02-17 05:30:00+00:00,0.0
5392,2013-02-17 06:00:00+00:00,0.0
5392,2013-02-17 06:30:00+00:00,0.0
5392,2013-02-17 07:00:00+00:00,0.0
5392,2013-02-17 07:30:00+00:00,0.72
5392,2013-02-17 08:00:00+00:00,61.22
5392,2013-02-17 08:30:00+00:00,178.1
5392,2013-02-17 09:00:00+00:00,495.71
5392,2013-02-17 09:30:00+00:00,753.8
5392,2013-02-17 10:00:00+00:00,898.6
5392,2013-02-17 10:30:00+00:00,1017.15
5392,2013-02-17 11:00:00+00:00,1105.45
5392,2013-02-17 11:30:00+00:00,1141.75
5392,2013-02-17 12:00:00+00:00,939.15
5392,2013-02-17 12:30:00+00:00,432.02
5392,2013-02-17 13:00:00+00:00,212.62
5392,2013-02-17 13:30:00+00:00,165.98
5392,2013-02-17 14:00:00+00:00,190.5
5392,2013-02-17 14:30:00+00:00,352.89
5392,2013-02-17 15:00:00+00:00,763.4
5392,2013-02-17 15:30:00+00:00,624.45
5392,2013-02-17 16:00:00+00:00,301.63
5392,2013-02-17 16:30:00+00:00,12.69
5392,2013-02-17 17:00:00+00:00,0.76
5392,2013-02-17 17:30:00+00:00,0.0
5392,2013-02-17 18:00:00+00:00,0.0
5392,2013-02-17 18:30:00+00:00,0.0
5392,2013-02-17 19:00:00+00:00,0.0
5392,2013-02-17 19:30:00+00:00,0.0
5392,2013-02-17 20:00:00+00:00,0.0
5392,2013-02-17 20:30:00+00:00,0.0
5392,2013-02-17 21:00:00+00:00,0.0
5392,2013-02-17 21:30:00+00:00,0.0
5392,2013-02-17 22:00:00+00:00,0.0
5392,2013-02-17 22:30:00+00:00,0.0
5392,2013-02-17 23:00:00+00:00,0.0
5392,2013-02-17 23:30:00+00:00,0.0
5392,2013-02-18 00:00:00+00:00,0.0
5392,2013-02-18 00:30:00+00:00,0.0
5392,2013-02-18 01:00:00+00:00,0.0
5392,2013-02-18 01:30:00+00:00,0.0
5392,2013-02-18 02:00:00+00:00,0.0
5392,2013-02-18 02:30:00+00:00,0.0
5392,2013-02-18 03:00:00+00:00,0.0
5392,2013-02-18 03:30:00+00:00,0.0
5392,2013-02-18 04:00:00+00:00,0.0
5392,2013-02-18 04:30:00+00:00,0.0
5392,2013-02-18 05:00:00+00:00,0.0
5392,2013-02-18 05:30:00+00:00,0.0
5392,2013-02-18 06:00:00+00:00,0.0
5392,2013-02-18 06:30:00+00:00,0.0
5392,2013-02-18 07:00:00+00:00,0.0
5392,2013-02-18 07:30:00+00:00,0.14
5392,2013-02-18 08:00:00+00:00,4.8
5392,2013-02-18 08:30:00+00:00,66.73
5392,2013-02-18 09:00:00+00:00,115.61
5392,2013-02-18 09:30:00+00:00,113.13
5392,2013-02-18 10:00:00+00:00,116.75
5392,2013-02-18 10:30:00+00:00,449.42
5392,2013-02-18 11:00:00+00:00,881.15
5392,2013-02-18 11:30:00+00:00,979.2
5392,2013-02-18 12:00:00+00:00,889.05
5392,2013-02-18 12:30:00+00:00,533.3
5392,2013-02-18 13:00:00+00:00,258.38
5392,2013-02-18 13:30:00+00:00,315.08
5392,2013-02-18 14:00:00+00:00,316.52
5392,2013-02-18 14:30:00+00:00,394.83
5392,2013-02-18 15:00:00+00:00,545.9
5392,2013-02-18 15:30:00+00:00,440.32
5392,2013-02-18 16:00:00+00:00,394.61
5392,2013-02-18 16:30:00+00:00,268.35
5392,2013-02-18 17:00:00+00:00,67.61
5392,2013-02-18 17:30:00+00:00,1.42
5392,2013-02-18 18:00:00+00:00,0.0
5392,2013-02-18 18:30:00+00:00,0.0
5392,2013-02-18 19:00:00+00:00,0.0
5392,2013-02-18 19:30:00+00:00,0.0
5392,2013-02-18 20:00:00+00:00,0.0
5392,2013-02-18 20:30:00+00:00,0.0
5392,2013-02-18 21:00:00+00:00,0.0
5392,2013-02-18 21:30:00+00:00,0.0
5392,2013-02-18 22:00:00+00:00,0.0
5392,2013-02-18 22:30:00+00:00,0.0
5392,2013-02-18 23:00:00+00:00,0.0
5392,2013-02-18 23:30:00+00:00,0.0
5392,2013-02-19 00:00:00+00:00,0.0
5392,2013-02-19 00:30:00+00:00,0.0
5392,2013-02-19 01:00:00+00:00,0.0
5392,2013-02-19 01:30:00+00:00,0.0
5392,2013-02-19 02:00:00+00:00,0.0
5392,2013-02-19 02:30:00+00:00,0.0
5392,2013-02-19 03:00:00+00:00,0.0
5392,2013-02-19 03:30:00+00:00,0.0
5392,2013-02-19 04:00:00+00:00,0.0
5392,2013-02-19 04:30:00+00:00,0.0
5392,2013-02-19 05:00:00+00:00,0.0
5392,2013-02-19 05:30:00+00:00,0.0
5392,2013-02-19 06:00:00+00:00,0.0
5392,2013-02-19 06:30:00+00:00,0.0
5392,2013-02-19 07:00:00+00:00,0.0
5392,2013-02-19 07:30:00+00:00,11.87
5392,2013-02-19 08:00:00+00:00,156.68
5392,2013-02-19 08:30:00+00:00,366.43
5392,2013-02-19 09:00:00+00:00,613.3
5392,2013-02-19 09:30:00+00:00,799.15
5392,2013-02-19 10:00:00+00:00,954.55
5392,2013-02-19 10:30:00+00:00,1057.4
5392,2013-02-19 11:00:00+00:00,1156.35
5392,2013-02-19 11:30:00+00:00,1173.95
5392,2013-02-19 12:00:00+00:00,947.6
5392,2013-02-19 12:30:00+00:00,502.45
5392,2013-02-19 13:00:00+00:00,154.13
5392,2013-02-19 13:30:00+00:00,140.45
5392,2013-02-19 14:00:00+00:00,161.71
5392,2013-02-19 14:30:00+00:00,367.32
5392,2013-02-19 15:00:00+00:00,807.45
5392,2013-02-19 15:30:00+00:00,766.85
5392,2013-02-19 16:00:00+00:00,587.15
5392,2013-02-19 16:30:00+00:00,334.36
5392,2013-02-19 17:00:00+00:00,137.27
5392,2013-02-19 17:30:00+00:00,5.2
5392,2013-02-19 18:00:00+00:00,0.0
5392,2013-02-19 18:30:00+00:00,0.0
5392,2013-02-19 19:00:00+00:00,0.0
5392,2013-02-19 19:30:00+00:00,0.0
5392,2013-02-19 20:00:00+00:00,0.0
5392,2013-02-19 20:30:00+00:00,0.0
5392,2013-02-19 21:00:00+00:00,0.0
5392,2013-02-19 21:30:00+00:00,0.0
5392,2013-02-19 22:00:00+00:00,0.0
5392,2013-02-19 22:30:00+00:00,0.0
5392,2013-02-19 23:00:00+00:00,0.0
5392,2013-02-19 23:30:00+00:00,0.0
5392,2013-02-20 00:00:00+00:00,0.0
5392,2013-02-20 00:30:00+00:00,0.0
5392,2013-02-20 01:00:00+00:00,0.0
5392,2013-02-20 01:30:00+00:00,0.0
5392,2013-02-20 02:00:00+00:00,0.0
5392,2013-02-20 02:30:00+00:00,0.0
5392,2013-02-20 03:00:00+00:00,0.0
5392,2013-02-20 03:30:00+00:00,0.0
5392,2013-02-20 04:00:00+00:00,0.0
5392,2013-02-20 04:30:00+00:00,0.0
5392,2013-02-20 05:00:00+00:00,0.0
5392,2013-02-20 05:30:00+00:00,0.0
5392,2013-02-20 06:00:00+00:00,0.0
5392,2013-02-20 06:30:00+00:00,0.0
5392,2013-02-20 07:00:00+00:00,0.0
5392,2013-02-20 07:30:00+00:00,0.0
5392,2013-02-20 08:00:00+00:00,11.85
5392,2013-02-20 08:30:00+00:00,76.69
5392,2013-02-20 09:00:00+00:00,116.14
5392,2013-02-20 09:30:00+00:00,101.33
5392,2013-02-20 10:00:00+00:00,88.31
5392,2013-02-20 10:30:00+00:00,102.26
5392,2013-02-20 11:00:00+00:00,151.52
5392,2013-02-20 11:30:00+00:00,123.17
5392,2013-02-20 12:00:00+00:00,147.41
5392,2013-02-20 12:30:00+00:00,128.13
5392,2013-02-20 13:00:00+00:00,133.5
5392,2013-02-20 13:30:00+00:00,142.61
5392,2013-02-20 14:00:00+00:00,149.71
5392,2013-02-20 14:30:00+00:00,386.86
5392,2013-02-20 15:00:00+00:00,584.35
5392,2013-02-20 15:30:00+00:00,682.3
5392,2013-02-20 16:00:00+00:00,499.05
5392,2013-02-20 16:30:00+00:00,437.44
5392,2013-02-20 17:00:00+00:00,197.03
5392,2013-02-20 17:30:00+00:00,6.43
5392,2013-02-20 18:00:00+00:00,0.0
5392,2013-02-20 18:30:00+00:00,0.0
5392,2013-02-20 19:00:00+00:00,0.0
5392,2013-02-20 19:30:00+00:00,0.0
5392,2013-02-20 20:00:00+00:00,0.0
5392,2013-02-20 20:30:00+00:00,0.0
5392,2013-02-20 21:00:00+00:00,0.0
5392,2013-02-20 21:30:00+00:00,0.0
5392,2013-02-20 22:00:00+00:00,0.0
5392,2013-02-20 22:30:00+00:00,0.0
5392,2013-02-20 23:00:00+00:00,0.0
5392,2013-02-20 23:30:00+00:00,0.0
5392,2013-02-21 00:00:00+00:00,0.0
5392,2013-02-21 00:30:00+00:00,0.0
5392,2013-02-21 01:00:00+00:00,0.0
5392,2013-02-21 01:30:00+00:00,0.0
5392,2013-02-21 02:00:00+00:00,0.0
5392,2013-02-21 02:30:00+00:00,0.0
5392,2013-02-21 03:00:00+00:00,0.0
5392,2013-02-21 03:30:00+00:00,0.0
5392,2013-02-21 04:00:00+00:00,0.0
5392,2013-02-21 04:30:00+00:00,0.0
5392,2013-02-21 05:00:00+00:00,0.0
5392,2013-02-21 05:30:00+00:00,0.0
5392,2013-02-21 06:00:00+00:00,0.0
5392,2013-02-21 06:30:00+00:00,0.0
5392,2013-02-21 07:00:00+00:00,0.0
5392,2013-02-21 07:30:00+00:00,0.0
5392,2013-02-21 08:00:00+00:00,0.75
5392,2013-02-21 08:30:00+00:00,3.84
5392,2013-02-21 09:00:00+00:00,4.76
5392,2013-02-21 09:30:00+00:00,35.34
5392,2013-02-21 10:00:00+00:00,57.21
5392,2013-02-21 10:30:00+00:00,56.98
5392,2013-02-21 11:00:00+00:00,74.86
5392,2013-02-21 11:30:00+00:00,81.53
5392,2013-02-21 12:00:00+00:00,71.37
5392,2013-02-21 12:30:00+00:00,90.67
5392,2013-02-21 13:00:00+00:00,110.56
5392,2013-02-21 13:30:00+00:00,136.25
5392,2013-02-21 14:00:00+00:00,180.23
5392,2013-02-21 14:30:00+00:00,128.24
5392,2013-02-21 15:00:00+00:00,88.25
5392,2013-02-21 15:30:00+00:00,56.61
5392,2013-02-21 16:00:00+00:00,30.16
5392,2013-02-21 16:30:00+00:00,2.46
5392,2013-02-21 17:00:00+00:00,0.02
5392,2013-02-21 17:30:00+00:00,0.0
5392,2013-02-21 18:00:00+00:00,0.0
5392,2013-02-21 18:30:00+00:00,0.0
5392,2013-02-21 19:00:00+00:00,0.0
5392,2013-02-21 19:30:00+00:00,0.0
5392,2013-02-21 20:00:00+00:00,0.0
5392,2013-02-21 20:30:00+00:00,0.0
5392,2013-02-21 21:00:00+00:00,0.0
5392,2013-02-21 21:30:00+00:00,0.0
5392,2013-02-21 22:00:00+00:00,0.0
5392,2013-02-21 22:30:00+00:00,0.0
5392,2013-02-21 23:00:00+00:00,0.0
5392,2013-02-21 23:30:00+00:00,0.0
5392,2013-02-22 00:00:00+00:00,0.0
5392,2013-02-22 00:30:00+00:00,0.0
5392,2013-02-22 01:00:00+00:00,0.0
5392,2013-02-22 01:30:00+00:00,0.0
5392,2013-02-22 02:00:00+00:00,0.0
5392,2013-02-22 02:30:00+00:00,0.0
5392,2013-02-22 03:00:00+00:00,0.0
5392,2013-02-22 03:30:00+00:00,0.0
5392,2013-02-22 04:00:00+00:00,0.0
5392,2013-02-22 04:30:00+00:00,0.0
5392,2013-02-22 05:00:00+00:00,0.0
5392,2013-02-22 05:30:00+00:00,0.0
5392,2013-02-22 06:00:00+00:00,0.0
5392,2013-02-22 06:30:00+00:00,0.0
5392,2013-02-22 07:00:00+00:00,0.0
5392,2013-02-22 07:30:00+00:00,0.0
5392,2013-02-22 08:00:00+00:00,0.01
5392,2013-02-22 08:30:00+00:00,3.49
5392,2013-02-22 09:00:00+00:00,30.82
5392,2013-02-22 09:30:00+00:00,75.1
5392,2013-02-22 10:00:00+00:00,94.79
5392,2013-02-22 10:30:00+00:00,90.37
5392,2013-02-22 11:00:00+00:00,76.49
5392,2013-02-22 11:30:00+00:00,126.97
5392,2013-02-22 12:00:00+00:00,161.58
5392,2013-02-22 12:30:00+00:00,126.22
5392,2013-02-22 13:00:00+00:00,207.93
5392,2013-02-22 13:30:00+00:00,168.27
5392,2013-02-22 14:00:00+00:00,169.94
5392,2013-02-22 14:30:00+00:00,137.96
5392,2013-02-22 15:00:00+00:00,176.63
5392,2013-02-22 15:30:00+00:00,54.97
5392,2013-02-22 16:00:00+00:00,29.33
5392,2013-02-22 16:30:00+00:00,2.73
5392,2013-02-22 17:00:00+00:00,0.01
5392,2013-02-22 17:30:00+00:00,0.0
5392,2013-02-22 18:00:00+00:00,0.0
5392,2013-02-22 18:30:00+00:00,0.0
5392,2013-02-22 19:00:00+00:00,0.0
5392,2013-02-22 19:30:00+00:00,0.0
5392,2013-02-22 20:00:00+00:00,0.0
5392,2013-02-22 20:30:00+00:00,0.0
5392,2013-02-22 21:00:00+00:00,0.0
5392,2013-02-22 21:30:00+00:00,0.0
5392,2013-02-22 22:00:00+00:00,0.0
5392,2013-02-22 22:30:00+00:00,0.0
5392,2013-02-22 23:00:00+00:00,0.0
5392,2013-02-22 23:30:00+00:00,0.0
5392,2013-02-23 00:00:00+00:00,0.0
5392,2013-02-23 00:30:00+00:00,0.0
5392,2013-02-23 01:00:00+00:00,0.0
5392,2013-02-23 01:30:00+00:00,0.0
5392,2013-02-23 02:00:00+00:00,0.0
5392,2013-02-23 02:30:00+00:00,0.0
5392,2013-02-23 03:00:00+00:00,0.0
5392,2013-02-23 03:30:00+00:00,0.0
5392,2013-02-23 04:00:00+00:00,0.0
5392,2013-02-23 04:30:00+00:00,0.0
5392,2013-02-23 05:00:00+00:00,0.0
5392,2013-02-23 05:30:00+00:00,0.0
5392,2013-02-23 06:00:00+00:00,0.0
5392,2013-02-23 06:30:00+00:00,0.0
5392,2013-02-23 07:00:00+00:00,0.0
5392,2013-02-23 07:30:00+00:00,0.88
5392,2013-02-23 08:00:00+00:00,6.92
5392,2013-02-23 08:30:00+00:00,74.79
5392,2013-02-23 09:00:00+00:00,76.85
5392,2013-02-23 09:30:00+00:00,98.62
5392,2013-02-23 10:00:00+00:00,314.08
5392,2013-02-23 10:30:00+00:00,346.03
5392,2013-02-23 11:00:00+00:00,253.93
5392,2013-02-23 11:30:00+00:00,317.85
5392,2013-02-23 12:00:00+00:00,250.56
5392,2013-02-23 12:30:00+00:00,195.05
5392,2013-02-23 13:00:00+00:00,139.38
5392,2013-02-23 13:30:00+00:00,72.23
5392,2013-02-23 14:00:00+00:00,107.2
5392,2013-02-23 14:30:00+00:00,117.81
5392,2013-02-23 15:00:00+00:00,170.03
5392,2013-02-23 15:30:00+00:00,94.5
5392,2013-02-23 16:00:00+00:00,55.91
5392,2013-02-23 16:30:00+00:00,13.92
5392,2013-02-23 17:00:00+00:00,1.13
5392,2013-02-23 17:30:00+00:00,0.02
5392,2013-02-23 18:00:00+00:00,0.0
5392,2013-02-23 18:30:00+00:00,0.0
5392,2013-02-23 19:00:00+00:00,0.0
5392,2013-02-23 19:30:00+00:00,0.0
5392,2013-02-23 20:00:00+00:00,0.0
5392,2013-02-23 20:30:00+00:00,0.0
5392,2013-02-23 21:00:00+00:00,0.0
5392,2013-02-23 21:30:00+00:00,0.0
5392,2013-02-23 22:00:00+00:00,0.0
5392,2013-02-23 22:30:00+00:00,0.0
5392,2013-02-23 23:00:00+00:00,0.0
5392,2013-02-23 23:30:00+00:00,0.0
5392,2013-02-24 00:00:00+00:00,0.0
5392,2013-02-24 00:30:00+00:00,0.0
5392,2013-02-24 01:00:00+00:00,0.0
5392,2013-02-24 01:30:00+00:00,0.0
5392,2013-02-24 02:00:00+00:00,0.0
5392,2013-02-24 02:30:00+00:00,0.0
5392,2013-02-24 03:00:00+00:00,0.0
5392,2013-02-24 03:30:00+00:00,0.0
5392,2013-02-24 04:00:00+00:00,0.0
5392,2013-02-24 04:30:00+00:00,0.0
5392,2013-02-24 05:00:00+00:00,0.0
5392,2013-02-24 05:30:00+00:00,0.0
5392,2013-02-24 06:00:00+00:00,0.0
5392,2013-02-24 06:30:00+00:00,0.0
5392,2013-02-24 07:00:00+00:00,0.0
5392,2013-02-24 07:30:00+00:00,0.0
5392,2013-02-24 08:00:00+00:00,0.09
5392,2013-02-24 08:30:00+00:00,2.95
5392,2013-02-24 09:00:00+00:00,3.3
5392,2013-02-24 09:30:00+00:00,11.55
5392,2013-02-24 10:00:00+00:00,41.25
5392,2013-02-24 10:30:00+00:00,48.63
5392,2013-02-24 11:00:00+00:00,46.64
5392,2013-02-24 11:30:00+00:00,55.5
5392,2013-02-24 12:00:00+00:00,76.73
5392,2013-02-24 12:30:00+00:00,69.81
5392,2013-02-24 13:00:00+00:00,85.27
5392,2013-02-24 13:30:00+00:00,83.06
5392,2013-02-24 14:00:00+00:00,53.29
5392,2013-02-24 14:30:00+00:00,72.79
5392,2013-02-24 15:00:00+00:00,67.9
5392,2013-02-24 15:30:00+00:00,115.39
5392,2013-02-24 16:00:00+00:00,78.98
5392,2013-02-24 16:30:00+00:00,48.82
5392,2013-02-24 17:00:00+00:00,4.72
5392,2013-02-24 17:30:00+00:00,0.0
5392,2013-02-24 18:00:00+00:00,0.0
5392,2013-02-24 18:30:00+00:00,0.0
5392,2013-02-24 19:00:00+00:00,0.0
5392,2013-02-24 19:30:00+00:00,0.0
5392,2013-02-24 20:00:00+00:00,0.0
5392,2013-02-24 20:30:00+00:00,0.0
5392,2013-02-24 21:00:00+00:00,0.0
5392,2013-02-24 21:30:00+00:00,0.0
5392,2013-02-24 22:00:00+00:00,0.0
5392,2013-02-24 22:30:00+00:00,0.0
5392,2013-02-24 23:00:00+00:00,0.0
5392,2013-02-24 23:30:00+00:00,0.0
5392,2013-02-25 00:00:00+00:00,0.0
5392,2013-02-25 00:30:00+00:00,0.0
5392,2013-02-25 01:00:00+00:00,0.0
5392,2013-02-25 01:30:00+00:00,0.0
5392,2013-02-25 02:00:00+00:00,0.0
5392,2013-02-25 02:30:00+00:00,0.0
5392,2013-02-25 03:00:00+00:00,0.0
5392,2013-02-25 03:30:00+00:00,0.0
5392,2013-02-25 04:00:00+00:00,0.0
5392,2013-02-25 04:30:00+00:00,0.0
5392,2013-02-25 05:00:00+00:00,0.0
5392,2013-02-25 05:30:00+00:00,0.0
5392,2013-02-25 06:00:00+00:00,0.0
5392,2013-02-25 06:30:00+00:00,0.0
5392,2013-02-25 07:00:00+00:00,0.0
5392,2013-02-25 07:30:00+00:00,0.0
5392,2013-02-25 08:00:00+00:00,0.45
5392,2013-02-25 08:30:00+00:00,3.55
5392,2013-02-25 09:00:00+00:00,4.14
5392,2013-02-25 09:30:00+00:00,16.15
5392,2013-02-25 10:00:00+00:00,35.61
5392,2013-02-25 10:30:00+00:00,69.63
5392,2013-02-25 11:00:00+00:00,74.8
5392,2013-02-25 11:30:00+00:00,76.93
5392,2013-02-25 12:00:00+00:00,83.93
5392,2013-02-25 12:30:00+00:00,69.25
5392,2013-02-25 13:00:00+00:00,51.63
5392,2013-02-25 13:30:00+00:00,49.99
5392,2013-02-25 14:00:00+00:00,31.74
5392,2013-02-25 14:30:00+00:00,13.12
5392,2013-02-25 15:00:00+00:00,3.86
5392,2013-02-25 15:30:00+00:00,3.46
5392,2013-02-25 16:00:00+00:00,2.44
5392,2013-02-25 16:30:00+00:00,0.13
5392,2013-02-25 17:00:00+00:00,0.0
5392,2013-02-25 17:30:00+00:00,0.0
5392,2013-02-25 18:00:00+00:00,0.0
5392,2013-02-25 18:30:00+00:00,0.0
5392,2013-02-25 19:00:00+00:00,0.0
5392,2013-02-25 19:30:00+00:00,0.0
5392,2013-02-25 20:00:00+00:00,0.0
5392,2013-02-25 20:30:00+00:00,0.0
5392,2013-02-25 21:00:00+00:00,0.0
5392,2013-02-25 21:30:00+00:00,0.0
5392,2013-02-25 22:00:00+00:00,0.0
5392,2013-02-25 22:30:00+00:00,0.0
5392,2013-02-25 23:00:00+00:00,0.0
5392,2013-02-25 23:30:00+00:00,0.0
5392,2013-02-26 00:00:00+00:00,0.0
5392,2013-02-26 00:30:00+00:00,0.0
5392,2013-02-26 01:00:00+00:00,0.0
5392,2013-02-26 01:30:00+00:00,0.0
5392,2013-02-26 02:00:00+00:00,0.0
5392,2013-02-26 02:30:00+00:00,0.0
5392,2013-02-26 03:00:00+00:00,0.0
5392,2013-02-26 03:30:00+00:00,0.0
5392,2013-02-26 04:00:00+00:00,0.0
5392,2013-02-26 04:30:00+00:00,0.0
5392,2013-02-26 05:00:00+00:00,0.0
5392,2013-02-26 05:30:00+00:00,0.0
5392,2013-02-26 06:00:00+00:00,0.0
5392,2013-02-26 06:30:00+00:00,0.0
5392,2013-02-26 07:00:00+00:00,0.0
5392,2013-02-26 07:30:00+00:00,0.0
5392,2013-02-26 08:00:00+00:00,0.0
5392,2013-02-26 08:30:00+00:00,1.08
5392,2013-02-26 09:00:00+00:00,3.45
5392,2013-02-26 09:30:00+00:00,4.48
5392,2013-02-26 10:00:00+00:00,5.1
5392,2013-02-26 10:30:00+00:00,30.63
5392,2013-02-26 11:00:00+00:00,48.7
5392,2013-02-26 11:30:00+00:00,58.94
5392,2013-02-26 12:00:00+00:00,60.72
5392,2013-02-26 12:30:00+00:00,56.89
5392,2013-02-26 13:00:00+00:00,57.0
5392,2013-02-26 13:30:00+00:00,71.54
5392,2013-02-26 14:00:00+00:00,57.37
5392,2013-02-26 14:30:00+00:00,49.59
5392,2013-02-26 15:00:00+00:00,44.48
5392,2013-02-26 15:30:00+00:00,25.5
5392,2013-02-26 16:00:00+00:00,1.94
5392,2013-02-26 16:30:00+00:00,0.19
5392,2013-02-26 17:00:00+00:00,0.0
5392,2013-02-26 17:30:00+00:00,0.0
5392,2013-02-26 18:00:00+00:00,0.0
5392,2013-02-26 18:30:00+00:00,0.0
5392,2013-02-26 19:00:00+00:00,0.0
5392,2013-02-26 19:30:00+00:00,0.0
5392,2013-02-26 20:00:00+00:00,0.0
5392,2013-02-26 20:30:00+00:00,0.0
5392,2013-02-26 21:00:00+00:00,0.0
5392,2013-02-26 21:30:00+00:00,0.0
5392,2013-02-26 22:00:00+00:00,0.0
5392,2013-02-26 22:30:00+00:00,0.0
5392,2013-02-26 23:00:00+00:00,0.0
5392,2013-02-26 23:30:00+00:00,0.0
5392,2013-02-27 00:00:00+00:00,0.0
5392,2013-02-27 00:30:00+00:00,0.0
5392,2013-02-27 01:00:00+00:00,0.0
5392,2013-02-27 01:30:00+00:00,0.0
5392,2013-02-27 02:00:00+00:00,0.0
5392,2013-02-27 02:30:00+00:00,0.0
5392,2013-02-27 03:00:00+00:00,0.0
5392,2013-02-27 03:30:00+00:00,0.0
5392,2013-02-27 04:00:00+00:00,0.0
5392,2013-02-27 04:30:00+00:00,0.0
5392,2013-02-27 05:00:00+00:00,0.0
5392,2013-02-27 05:30:00+00:00,0.0
5392,2013-02-27 06:00:00+00:00,0.0
5392,2013-02-27 06:30:00+00:00,0.0
5392,2013-02-27 07:00:00+00:00,0.0
5392,2013-02-27 07:30:00+00:00,0.0
5392,2013-02-27 08:00:00+00:00,0.01
5392,2013-02-27 08:30:00+00:00,1.52
5392,2013-02-27 09:00:00+00:00,8.09
5392,2013-02-27 09:30:00+00:00,41.64
5392,2013-02-27 10:00:00+00:00,87.5
5392,2013-02-27 10:30:00+00:00,107.6
5392,2013-02-27 11:00:00+00:00,139.53
5392,2013-02-27 11:30:00+00:00,163.9
5392,2013-02-27 12:00:00+00:00,224.61
5392,2013-02-27 12:30:00+00:00,299.25
5392,2013-02-27 13:00:00+00:00,348.4
5392,2013-02-27 13:30:00+00:00,503.15
5392,2013-02-27 14:00:00+00:00,431.47
5392,2013-02-27 14:30:00+00:00,265.31
5392,2013-02-27 15:00:00+00:00,0.0
5392,2013-02-27 15:30:00+00:00,81.63
5392,2013-02-27 16:00:00+00:00,522.05
5392,2013-02-27 16:30:00+00:00,361.02
5392,2013-02-27 17:00:00+00:00,139.17
5392,2013-02-27 17:30:00+00:00,39.08
5392,2013-02-27 18:00:00+00:00,0.0
5392,2013-02-27 18:30:00+00:00,0.0
5392,2013-02-27 19:00:00+00:00,0.0
5392,2013-02-27 19:30:00+00:00,0.0
5392,2013-02-27 20:00:00+00:00,0.0
5392,2013-02-27 20:30:00+00:00,0.0
5392,2013-02-27 21:00:00+00:00,0.0
5392,2013-02-27 21:30:00+00:00,0.0
5392,2013-02-27 22:00:00+00:00,0.0
5392,2013-02-27 22:30:00+00:00,0.0
5392,2013-02-27 23:00:00+00:00,0.0
5392,2013-02-27 23:30:00+00:00,0.0
5392,2013-02-28 00:00:00+00:00,0.0
5392,2013-02-28 00:30:00+00:00,0.0
5392,2013-02-28 01:00:00+00:00,0.0
5392,2013-02-28 01:30:00+00:00,0.0
5392,2013-02-28 02:00:00+00:00,0.0
5392,2013-02-28 02:30:00+00:00,0.0
5392,2013-02-28 03:00:00+00:00,0.0
5392,2013-02-28 03:30:00+00:00,0.0
5392,2013-02-28 04:00:00+00:00,0.0
5392,2013-02-28 04:30:00+00:00,0.0
5392,2013-02-28 05:00:00+00:00,0.0
5392,2013-02-28 05:30:00+00:00,0.0
5392,2013-02-28 06:00:00+00:00,0.0
5392,2013-02-28 06:30:00+00:00,0.0
5392,2013-02-28 07:00:00+00:00,0.0
5392,2013-02-28 07:30:00+00:00,1.95
5392,2013-02-28 08:00:00+00:00,30.2
5392,2013-02-28 08:30:00+00:00,80.6
5392,2013-02-28 09:00:00+00:00,133.66
5392,2013-02-28 09:30:00+00:00,229.32
5392,2013-02-28 10:00:00+00:00,216.97
5392,2013-02-28 10:30:00+00:00,139.83
5392,2013-02-28 11:00:00+00:00,134.59
5392,2013-02-28 11:30:00+00:00,102.73
5392,2013-02-28 12:00:00+00:00,116.46
5392,2013-02-28 12:30:00+00:00,155.72
5392,2013-02-28 13:00:00+00:00,269.26
5392,2013-02-28 13:30:00+00:00,257.49
5392,2013-02-28 14:00:00+00:00,333.66
5392,2013-02-28 14:30:00+00:00,463.84
5392,2013-02-28 15:00:00+00:00,683.9
5392,2013-02-28 15:30:00+00:00,546.25
5392,2013-02-28 16:00:00+00:00,433.39
5392,2013-02-28 16:30:00+00:00,222.36
5392,2013-02-28 17:00:00+00:00,102.88
5392,2013-02-28 17:30:00+00:00,9.58
5392,2013-02-28 18:00:00+00:00,0.0
5392,2013-02-28 18:30:00+00:00,0.0
5392,2013-02-28 19:00:00+00:00,0.0
5392,2013-02-28 19:30:00+00:00,0.0
5392,2013-02-28 20:00:00+00:00,0.0
5392,2013-02-28 20:30:00+00:00,0.0
5392,2013-02-28 21:00:00+00:00,0.0
5392,2013-02-28 21:30:00+00:00,0.0
5392,2013-02-28 22:00:00+00:00,0.0
5392,2013-02-28 22:30:00+00:00,0.0
5392,2013-02-28 23:00:00+00:00,0.0
5392,2013-02-28 23:30:00+00:00,0.0
5392,2013-03-01 00:30:00+00:00,0.0
5392,2013-03-01 01:00:00+00:00,0.0
5392,2013-03-01 01:30:00+00:00,0.0
5392,2013-03-01 02:00:00+00:00,0.0
5392,2013-03-01 02:30:00+00:00,0.0
5392,2013-03-01 03:00:00+00:00,0.0
5392,2013-03-01 03:30:00+00:00,0.0
5392,2013-03-01 04:00:00+00:00,0.0
5392,2013-03-01 04:30:00+00:00,0.0
5392,2013-03-01 05:00:00+00:00,0.0
5392,2013-03-01 05:30:00+00:00,0.0
5392,2013-03-01 06:00:00+00:00,0.0
5392,2013-03-01 06:30:00+00:00,0.0
5392,2013-03-01 07:00:00+00:00,0.0
5392,2013-03-01 07:30:00+00:00,0.31
5392,2013-03-01 08:00:00+00:00,1.44
5392,2013-03-01 08:30:00+00:00,9.38
5392,2013-03-01 09:00:00+00:00,46.16
5392,2013-03-01 09:30:00+00:00,105.36
5392,2013-03-01 10:00:00+00:00,133.41
5392,2013-03-01 10:30:00+00:00,203.86
5392,2013-03-01 11:00:00+00:00,287.26
5392,2013-03-01 11:30:00+00:00,326.2
5392,2013-03-01 12:00:00+00:00,160.12
5392,2013-03-01 12:30:00+00:00,203.58
5392,2013-03-01 13:00:00+00:00,168.55
5392,2013-03-01 13:30:00+00:00,109.77
5392,2013-03-01 14:00:00+00:00,137.73
5392,2013-03-01 14:30:00+00:00,116.65
5392,2013-03-01 15:00:00+00:00,110.3
5392,2013-03-01 15:30:00+00:00,87.0
5392,2013-03-01 16:00:00+00:00,51.81
5392,2013-03-01 16:30:00+00:00,29.17
5392,2013-03-01 17:00:00+00:00,1.83
5392,2013-03-01 17:30:00+00:00,0.11
5392,2013-03-01 18:00:00+00:00,0.0
5392,2013-03-01 18:30:00+00:00,0.0
5392,2013-03-01 19:00:00+00:00,0.0
5392,2013-03-01 19:30:00+00:00,0.0
5392,2013-03-01 20:00:00+00:00,0.0
5392,2013-03-01 20:30:00+00:00,0.0
5392,2013-03-01 21:00:00+00:00,0.0
5392,2013-03-01 21:30:00+00:00,0.0
5392,2013-03-01 22:00:00+00:00,0.0
5392,2013-03-01 22:30:00+00:00,0.0
5392,2013-03-01 23:00:00+00:00,0.0
5392,2013-03-01 23:30:00+00:00,0.0
5392,2013-03-02 00:00:00+00:00,0.0
5392,2013-03-02 00:30:00+00:00,0.0
5392,2013-03-02 01:00:00+00:00,0.0
5392,2013-03-02 01:30:00+00:00,0.0
5392,2013-03-02 02:00:00+00:00,0.0
5392,2013-03-02 02:30:00+00:00,0.0
5392,2013-03-02 03:00:00+00:00,0.0
5392,2013-03-02 03:30:00+00:00,0.0
5392,2013-03-02 04:00:00+00:00,0.0
5392,2013-03-02 04:30:00+00:00,0.0
5392,2013-03-02 05:00:00+00:00,0.0
5392,2013-03-02 05:30:00+00:00,0.0
5392,2013-03-02 06:00:00+00:00,0.0
5392,2013-03-02 06:30:00+00:00,0.0
5392,2013-03-02 07:00:00+00:00,0.0
5392,2013-03-02 07:30:00+00:00,0.7
5392,2013-03-02 08:00:00+00:00,11.13
5392,2013-03-02 08:30:00+00:00,48.55
5392,2013-03-02 09:00:00+00:00,78.95
5392,2013-03-02 09:30:00+00:00,100.69
5392,2013-03-02 10:00:00+00:00,94.93
5392,2013-03-02 10:30:00+00:00,112.47
5392,2013-03-02 11:00:00+00:00,129.32
5392,2013-03-02 11:30:00+00:00,159.01
5392,2013-03-02 12:00:00+00:00,197.54
5392,2013-03-02 12:30:00+00:00,198.6
5392,2013-03-02 13:00:00+00:00,305.94
5392,2013-03-02 13:30:00+00:00,303.4
5392,2013-03-02 14:00:00+00:00,270.94
5392,2013-03-02 14:30:00+00:00,248.4
5392,2013-03-02 15:00:00+00:00,193.1
5392,2013-03-02 15:30:00+00:00,230.28
5392,2013-03-02 16:00:00+00:00,167.08
5392,2013-03-02 16:30:00+00:00,96.82
5392,2013-03-02 17:00:00+00:00,98.7
5392,2013-03-02 17:30:00+00:00,7.77
5392,2013-03-02 18:00:00+00:00,0.0
5392,2013-03-02 18:30:00+00:00,0.0
5392,2013-03-02 19:00:00+00:00,0.0
5392,2013-03-02 19:30:00+00:00,0.0
5392,2013-03-02 20:00:00+00:00,0.0
5392,2013-03-02 20:30:00+00:00,0.0
5392,2013-03-02 21:00:00+00:00,0.0
5392,2013-03-02 21:30:00+00:00,0.0
5392,2013-03-02 22:00:00+00:00,0.0
5392,2013-03-02 22:30:00+00:00,0.0
5392,2013-03-02 23:00:00+00:00,0.0
5392,2013-03-02 23:30:00+00:00,0.0
5392,2013-03-03 00:00:00+00:00,0.0
5392,2013-03-03 00:30:00+00:00,0.0
5392,2013-03-03 01:00:00+00:00,0.0
5392,2013-03-03 01:30:00+00:00,0.0
5392,2013-03-03 02:00:00+00:00,0.0
5392,2013-03-03 02:30:00+00:00,0.0
5392,2013-03-03 03:00:00+00:00,0.0
5392,2013-03-03 03:30:00+00:00,0.0
5392,2013-03-03 04:00:00+00:00,0.0
5392,2013-03-03 04:30:00+00:00,0.0
5392,2013-03-03 05:00:00+00:00,0.0
5392,2013-03-03 05:30:00+00:00,0.0
5392,2013-03-03 06:00:00+00:00,0.0
5392,2013-03-03 06:30:00+00:00,0.0
5392,2013-03-03 07:00:00+00:00,0.01
5392,2013-03-03 07:30:00+00:00,3.97
5392,2013-03-03 08:00:00+00:00,77.07
5392,2013-03-03 08:30:00+00:00,130.8
5392,2013-03-03 09:00:00+00:00,170.39
5392,2013-03-03 09:30:00+00:00,302.1
5392,2013-03-03 10:00:00+00:00,325.68
5392,2013-03-03 10:30:00+00:00,1077.95
5392,2013-03-03 11:00:00+00:00,1113.1
5392,2013-03-03 11:30:00+00:00,402.28
5392,2013-03-03 12:00:00+00:00,391.76
5392,2013-03-03 12:30:00+00:00,424.7
5392,2013-03-03 13:00:00+00:00,545.9
5392,2013-03-03 13:30:00+00:00,562.7
5392,2013-03-03 14:00:00+00:00,480.78
5392,2013-03-03 14:30:00+00:00,509.15
5392,2013-03-03 15:00:00+00:00,511.0
5392,2013-03-03 15:30:00+00:00,410.43
5392,2013-03-03 16:00:00+00:00,178.26
5392,2013-03-03 16:30:00+00:00,110.49
5392,2013-03-03 17:00:00+00:00,65.42
5392,2013-03-03 17:30:00+00:00,45.44
5392,2013-03-03 18:00:00+00:00,0.04
5392,2013-03-03 18:30:00+00:00,0.0
5392,2013-03-03 19:00:00+00:00,0.0
5392,2013-03-03 19:30:00+00:00,0.0
5392,2013-03-03 20:00:00+00:00,0.0
5392,2013-03-03 20:30:00+00:00,0.0
5392,2013-03-03 21:00:00+00:00,0.0
5392,2013-03-03 21:30:00+00:00,0.0
5392,2013-03-03 22:00:00+00:00,0.0
5392,2013-03-03 22:30:00+00:00,0.0
5392,2013-03-03 23:00:00+00:00,0.0
5392,2013-03-03 23:30:00+00:00,0.0
5392,2013-03-04 00:00:00+00:00,0.0
5392,2013-03-04 00:30:00+00:00,0.0
5392,2013-03-04 01:00:00+00:00,0.0
5392,2013-03-04 01:30:00+00:00,0.0
5392,2013-03-04 02:00:00+00:00,0.0
5392,2013-03-04 02:30:00+00:00,0.0
5392,2013-03-04 03:00:00+00:00,0.0
5392,2013-03-04 03:30:00+00:00,0.0
5392,2013-03-04 04:00:00+00:00,0.0
5392,2013-03-04 04:30:00+00:00,0.0
5392,2013-03-04 05:00:00+00:00,0.0
5392,2013-03-04 05:30:00+00:00,0.0
5392,2013-03-04 06:00:00+00:00,0.0
5392,2013-03-04 06:30:00+00:00,0.0
5392,2013-03-04 07:00:00+00:00,0.57
5392,2013-03-04 07:30:00+00:00,46.27
5392,2013-03-04 08:00:00+00:00,175.64
5392,2013-03-04 08:30:00+00:00,317.95
5392,2013-03-04 09:00:00+00:00,386.2
5392,2013-03-04 09:30:00+00:00,618.1
5392,2013-03-04 10:00:00+00:00,996.25
5392,2013-03-04 10:30:00+00:00,1197.1
5392,2013-03-04 11:00:00+00:00,1238.6
5392,2013-03-04 11:30:00+00:00,1300.8
5392,2013-03-04 12:00:00+00:00,1221.75
5392,2013-03-04 12:30:00+00:00,917.65
5392,2013-03-04 13:00:00+00:00,595.1
5392,2013-03-04 13:30:00+00:00,532.2
5392,2013-03-04 14:00:00+00:00,565.4
5392,2013-03-04 14:30:00+00:00,716.65
5392,2013-03-04 15:00:00+00:00,928.55
5392,2013-03-04 15:30:00+00:00,867.65
5392,2013-03-04 16:00:00+00:00,639.7
5392,2013-03-04 16:30:00+00:00,301.58
5392,2013-03-04 17:00:00+00:00,140.25
5392,2013-03-04 17:30:00+00:00,22.57
5392,2013-03-04 18:00:00+00:00,0.0
5392,2013-03-04 18:30:00+00:00,0.0
5392,2013-03-04 19:00:00+00:00,0.0
5392,2013-03-04 19:30:00+00:00,0.0
5392,2013-03-04 20:00:00+00:00,0.0
5392,2013-03-04 20:30:00+00:00,0.0
5392,2013-03-04 21:00:00+00:00,0.0
5392,2013-03-04 21:30:00+00:00,0.0
5392,2013-03-04 22:00:00+00:00,0.0
5392,2013-03-04 22:30:00+00:00,0.0
5392,2013-03-04 23:00:00+00:00,0.0
5392,2013-03-04 23:30:00+00:00,0.0
5392,2013-03-05 00:00:00+00:00,0.0
5392,2013-03-05 00:30:00+00:00,0.0
5392,2013-03-05 01:00:00+00:00,0.0
5392,2013-03-05 01:30:00+00:00,0.0
5392,2013-03-05 02:00:00+00:00,0.0
5392,2013-03-05 02:30:00+00:00,0.0
5392,2013-03-05 03:00:00+00:00,0.0
5392,2013-03-05 03:30:00+00:00,0.0
5392,2013-03-05 04:00:00+00:00,0.0
5392,2013-03-05 04:30:00+00:00,0.0
5392,2013-03-05 05:00:00+00:00,0.0
5392,2013-03-05 05:30:00+00:00,0.0
5392,2013-03-05 06:00:00+00:00,0.0
5392,2013-03-05 06:30:00+00:00,0.0
5392,2013-03-05 07:00:00+00:00,1.43
5392,2013-03-05 07:30:00+00:00,71.72
5392,2013-03-05 08:00:00+00:00,210.06
5392,2013-03-05 08:30:00+00:00,412.34
5392,2013-03-05 09:00:00+00:00,625.9
5392,2013-03-05 09:30:00+00:00,804.45
5392,2013-03-05 10:00:00+00:00,963.85
5392,2013-03-05 10:30:00+00:00,1097.15
5392,2013-03-05 11:00:00+00:00,1173.1
5392,2013-03-05 11:30:00+00:00,1193.5
5392,2013-03-05 12:00:00+00:00,1096.0
5392,2013-03-05 12:30:00+00:00,828.15
5392,2013-03-05 13:00:00+00:00,574.05
5392,2013-03-05 13:30:00+00:00,546.65
5392,2013-03-05 14:00:00+00:00,541.55
5392,2013-03-05 14:30:00+00:00,824.45
5392,2013-03-05 15:00:00+00:00,887.2
5392,2013-03-05 15:30:00+00:00,810.5
5392,2013-03-05 16:00:00+00:00,653.2
5392,2013-03-05 16:30:00+00:00,423.96
5392,2013-03-05 17:00:00+00:00,232.49
5392,2013-03-05 17:30:00+00:00,64.6
5392,2013-03-05 18:00:00+00:00,0.07
5392,2013-03-05 18:30:00+00:00,0.0
5392,2013-03-05 19:00:00+00:00,0.0
5392,2013-03-05 19:30:00+00:00,0.0
5392,2013-03-05 20:00:00+00:00,0.0
5392,2013-03-05 20:30:00+00:00,0.0
5392,2013-03-05 21:00:00+00:00,0.0
5392,2013-03-05 21:30:00+00:00,0.0
5392,2013-03-05 22:00:00+00:00,0.0
5392,2013-03-05 22:30:00+00:00,0.0
5392,2013-03-05 23:00:00+00:00,0.0
5392,2013-03-05 23:30:00+00:00,0.0
5392,2013-03-06 00:00:00+00:00,0.0
5392,2013-03-06 00:30:00+00:00,0.0
5392,2013-03-06 01:00:00+00:00,0.0
5392,2013-03-06 01:30:00+00:00,0.0
5392,2013-03-06 02:00:00+00:00,0.0
5392,2013-03-06 02:30:00+00:00,0.0
5392,2013-03-06 03:00:00+00:00,0.0
5392,2013-03-06 03:30:00+00:00,0.0
5392,2013-03-06 04:00:00+00:00,0.0
5392,2013-03-06 04:30:00+00:00,0.0
5392,2013-03-06 05:00:00+00:00,0.0
5392,2013-03-06 05:30:00+00:00,0.0
5392,2013-03-06 06:00:00+00:00,0.0
5392,2013-03-06 06:30:00+00:00,0.0
5392,2013-03-06 07:00:00+00:00,0.0
5392,2013-03-06 07:30:00+00:00,1.06
5392,2013-03-06 08:00:00+00:00,4.46
5392,2013-03-06 08:30:00+00:00,47.55
5392,2013-03-06 09:00:00+00:00,108.57
5392,2013-03-06 09:30:00+00:00,183.35
5392,2013-03-06 10:00:00+00:00,164.33
5392,2013-03-06 10:30:00+00:00,168.99
5392,2013-03-06 11:00:00+00:00,234.48
5392,2013-03-06 11:30:00+00:00,918.4
5392,2013-03-06 12:00:00+00:00,980.15
5392,2013-03-06 12:30:00+00:00,558.1
5392,2013-03-06 13:00:00+00:00,314.84
5392,2013-03-06 13:30:00+00:00,385.04
5392,2013-03-06 14:00:00+00:00,354.08
5392,2013-03-06 14:30:00+00:00,251.95
5392,2013-03-06 15:00:00+00:00,222.46
5392,2013-03-06 15:30:00+00:00,142.05
5392,2013-03-06 16:00:00+00:00,85.88
5392,2013-03-06 16:30:00+00:00,45.4
5392,2013-03-06 17:00:00+00:00,4.09
5392,2013-03-06 17:30:00+00:00,1.26
5392,2013-03-06 18:00:00+00:00,0.0
5392,2013-03-06 18:30:00+00:00,0.0
5392,2013-03-06 19:00:00+00:00,0.0
5392,2013-03-06 19:30:00+00:00,0.0
5392,2013-03-06 20:00:00+00:00,0.0
5392,2013-03-06 20:30:00+00:00,0.0
5392,2013-03-06 21:00:00+00:00,0.0
5392,2013-03-06 21:30:00+00:00,0.0
5392,2013-03-06 22:00:00+00:00,0.0
5392,2013-03-06 22:30:00+00:00,0.0
5392,2013-03-06 23:00:00+00:00,0.0
5392,2013-03-06 23:30:00+00:00,0.0
5392,2013-03-07 00:00:00+00:00,0.0
5392,2013-03-07 00:30:00+00:00,0.0
5392,2013-03-07 01:00:00+00:00,0.0
5392,2013-03-07 01:30:00+00:00,0.0
5392,2013-03-07 02:00:00+00:00,0.0
5392,2013-03-07 02:30:00+00:00,0.0
5392,2013-03-07 03:00:00+00:00,0.0
5392,2013-03-07 03:30:00+00:00,0.0
5392,2013-03-07 04:00:00+00:00,0.0
5392,2013-03-07 04:30:00+00:00,0.0
5392,2013-03-07 05:00:00+00:00,0.0
5392,2013-03-07 05:30:00+00:00,0.0
5392,2013-03-07 06:00:00+00:00,0.0
5392,2013-03-07 06:30:00+00:00,0.0
5392,2013-03-07 07:00:00+00:00,0.0
5392,2013-03-07 07:30:00+00:00,1.63
5392,2013-03-07 08:00:00+00:00,25.66
5392,2013-03-07 08:30:00+00:00,65.47
5392,2013-03-07 09:00:00+00:00,62.62
5392,2013-03-07 09:30:00+00:00,77.85
5392,2013-03-07 10:00:00+00:00,111.04
5392,2013-03-07 10:30:00+00:00,141.51
5392,2013-03-07 11:00:00+00:00,169.88
5392,2013-03-07 11:30:00+00:00,128.34
5392,2013-03-07 12:00:00+00:00,156.53
5392,2013-03-07 12:30:00+00:00,156.09
5392,2013-03-07 13:00:00+00:00,165.53
5392,2013-03-07 13:30:00+00:00,156.11
5392,2013-03-07 14:00:00+00:00,105.31
5392,2013-03-07 14:30:00+00:00,38.62
5392,2013-03-07 15:00:00+00:00,72.22
5392,2013-03-07 15:30:00+00:00,77.25
5392,2013-03-07 16:00:00+00:00,26.88
5392,2013-03-07 16:30:00+00:00,12.28
5392,2013-03-07 17:00:00+00:00,2.84
5392,2013-03-07 17:30:00+00:00,0.0
5392,2013-03-07 18:00:00+00:00,0.0
5392,2013-03-07 18:30:00+00:00,0.0
5392,2013-03-07 19:00:00+00:00,0.0
5392,2013-03-07 19:30:00+00:00,0.0
5392,2013-03-07 20:00:00+00:00,0.0
5392,2013-03-07 20:30:00+00:00,0.0
5392,2013-03-07 21:00:00+00:00,0.0
5392,2013-03-07 21:30:00+00:00,0.0
5392,2013-03-07 22:00:00+00:00,0.0
5392,2013-03-07 22:30:00+00:00,0.0
5392,2013-03-07 23:00:00+00:00,0.0
5392,2013-03-07 23:30:00+00:00,0.0
5392,2013-03-08 00:00:00+00:00,0.0
5392,2013-03-08 00:30:00+00:00,0.0
5392,2013-03-08 01:00:00+00:00,0.0
5392,2013-03-08 01:30:00+00:00,0.0
5392,2013-03-08 02:00:00+00:00,0.0
5392,2013-03-08 02:30:00+00:00,0.0
5392,2013-03-08 03:00:00+00:00,0.0
5392,2013-03-08 03:30:00+00:00,0.0
5392,2013-03-08 04:00:00+00:00,0.0
5392,2013-03-08 04:30:00+00:00,0.0
5392,2013-03-08 05:00:00+00:00,0.0
5392,2013-03-08 05:30:00+00:00,0.0
5392,2013-03-08 06:00:00+00:00,0.0
5392,2013-03-08 06:30:00+00:00,0.0
5392,2013-03-08 07:00:00+00:00,0.0
5392,2013-03-08 07:30:00+00:00,1.62
5392,2013-03-08 08:00:00+00:00,3.14
5392,2013-03-08 08:30:00+00:00,7.39
5392,2013-03-08 09:00:00+00:00,42.61
5392,2013-03-08 09:30:00+00:00,46.79
5392,2013-03-08 10:00:00+00:00,63.66
5392,2013-03-08 10:30:00+00:00,59.4
5392,2013-03-08 11:00:00+00:00,65.62
5392,2013-03-08 11:30:00+00:00,55.73
5392,2013-03-08 12:00:00+00:00,45.79
5392,2013-03-08 12:30:00+00:00,93.73
5392,2013-03-08 13:00:00+00:00,113.94
5392,2013-03-08 13:30:00+00:00,62.21
5392,2013-03-08 14:00:00+00:00,8.24
5392,2013-03-08 14:30:00+00:00,0.25
5392,2013-03-08 15:00:00+00:00,2.94
5392,2013-03-08 15:30:00+00:00,3.67
5392,2013-03-08 16:00:00+00:00,3.66
5392,2013-03-08 16:30:00+00:00,2.56
5392,2013-03-08 17:00:00+00:00,0.63
5392,2013-03-08 17:30:00+00:00,0.02
5392,2013-03-08 18:00:00+00:00,0.0
5392,2013-03-08 18:30:00+00:00,0.0
5392,2013-03-08 19:00:00+00:00,0.0
5392,2013-03-08 19:30:00+00:00,0.0
5392,2013-03-08 20:00:00+00:00,0.0
5392,2013-03-08 20:30:00+00:00,0.0
5392,2013-03-08 21:00:00+00:00,0.0
5392,2013-03-08 21:30:00+00:00,0.0
5392,2013-03-08 22:00:00+00:00,0.0
5392,2013-03-08 22:30:00+00:00,0.0
5392,2013-03-08 23:00:00+00:00,0.0
5392,2013-03-08 23:30:00+00:00,0.0
5392,2013-03-09 00:00:00+00:00,0.0
5392,2013-03-09 00:30:00+00:00,0.0
5392,2013-03-09 01:00:00+00:00,0.0
5392,2013-03-09 01:30:00+00:00,0.0
5392,2013-03-09 02:00:00+00:00,0.0
5392,2013-03-09 02:30:00+00:00,0.0
5392,2013-03-09 03:00:00+00:00,0.0
5392,2013-03-09 03:30:00+00:00,0.0
5392,2013-03-09 04:00:00+00:00,0.0
5392,2013-03-09 04:30:00+00:00,0.0
5392,2013-03-09 05:00:00+00:00,0.0
5392,2013-03-09 05:30:00+00:00,0.0
5392,2013-03-09 06:00:00+00:00,0.0
5392,2013-03-09 06:30:00+00:00,0.0
5392,2013-03-09 07:00:00+00:00,0.0
5392,2013-03-09 07:30:00+00:00,0.22
5392,2013-03-09 08:00:00+00:00,1.67
5392,2013-03-09 08:30:00+00:00,3.46
5392,2013-03-09 09:00:00+00:00,37.97
5392,2013-03-09 09:30:00+00:00,53.51
5392,2013-03-09 10:00:00+00:00,47.46
5392,2013-03-09 10:30:00+00:00,72.4
5392,2013-03-09 11:00:00+00:00,84.09
5392,2013-03-09 11:30:00+00:00,87.78
5392,2013-03-09 12:00:00+00:00,97.88
5392,2013-03-09 12:30:00+00:00,99.44
5392,2013-03-09 13:00:00+00:00,128.73
5392,2013-03-09 13:30:00+00:00,117.64
5392,2013-03-09 14:00:00+00:00,100.78
5392,2013-03-09 14:30:00+00:00,86.93
5392,2013-03-09 15:00:00+00:00,86.08
5392,2013-03-09 15:30:00+00:00,46.03
5392,2013-03-09 16:00:00+00:00,44.21
5392,2013-03-09 16:30:00+00:00,3.69
5392,2013-03-09 17:00:00+00:00,0.82
5392,2013-03-09 17:30:00+00:00,0.01
5392,2013-03-09 18:00:00+00:00,0.0
5392,2013-03-09 18:30:00+00:00,0.0
5392,2013-03-09 19:00:00+00:00,0.0
5392,2013-03-09 19:30:00+00:00,0.0
5392,2013-03-09 20:00:00+00:00,0.0
5392,2013-03-09 20:30:00+00:00,0.0
5392,2013-03-09 21:00:00+00:00,0.0
5392,2013-03-09 21:30:00+00:00,0.0
5392,2013-03-09 22:00:00+00:00,0.0
5392,2013-03-09 22:30:00+00:00,0.0
5392,2013-03-09 23:00:00+00:00,0.0
5392,2013-03-09 23:30:00+00:00,0.0
5392,2013-03-10 00:00:00+00:00,0.0
5392,2013-03-10 00:30:00+00:00,0.0
5392,2013-03-10 01:00:00+00:00,0.0
5392,2013-03-10 01:30:00+00:00,0.0
5392,2013-03-10 02:00:00+00:00,0.0
5392,2013-03-10 02:30:00+00:00,0.0
5392,2013-03-10 03:00:00+00:00,0.0
5392,2013-03-10 03:30:00+00:00,0.0
5392,2013-03-10 04:00:00+00:00,0.0
5392,2013-03-10 04:30:00+00:00,0.0
5392,2013-03-10 05:00:00+00:00,0.0
5392,2013-03-10 05:30:00+00:00,0.0
5392,2013-03-10 06:00:00+00:00,0.0
5392,2013-03-10 06:30:00+00:00,0.0
5392,2013-03-10 07:00:00+00:00,0.0
5392,2013-03-10 07:30:00+00:00,1.53
5392,2013-03-10 08:00:00+00:00,3.38
5392,2013-03-10 08:30:00+00:00,34.16
5392,2013-03-10 09:00:00+00:00,32.67
5392,2013-03-10 09:30:00+00:00,62.34
5392,2013-03-10 10:00:00+00:00,71.31
5392,2013-03-10 10:30:00+00:00,106.21
5392,2013-03-10 11:00:00+00:00,118.83
5392,2013-03-10 11:30:00+00:00,95.54
5392,2013-03-10 12:00:00+00:00,87.47
5392,2013-03-10 12:30:00+00:00,52.95
5392,2013-03-10 13:00:00+00:00,56.58
5392,2013-03-10 13:30:00+00:00,44.05
5392,2013-03-10 14:00:00+00:00,40.41
5392,2013-03-10 14:30:00+00:00,5.72
5392,2013-03-10 15:00:00+00:00,6.43
5392,2013-03-10 15:30:00+00:00,3.41
5392,2013-03-10 16:00:00+00:00,2.48
5392,2013-03-10 16:30:00+00:00,3.34
5392,2013-03-10 17:00:00+00:00,1.88
5392,2013-03-10 17:30:00+00:00,0.0
5392,2013-03-10 18:00:00+00:00,0.0
5392,2013-03-10 18:30:00+00:00,0.0
5392,2013-03-10 19:00:00+00:00,0.0
5392,2013-03-10 19:30:00+00:00,0.0
5392,2013-03-10 20:00:00+00:00,0.0
5392,2013-03-10 20:30:00+00:00,0.0
5392,2013-03-10 21:00:00+00:00,0.0
5392,2013-03-10 21:30:00+00:00,0.0
5392,2013-03-10 22:00:00+00:00,0.0
5392,2013-03-10 22:30:00+00:00,0.0
5392,2013-03-10 23:00:00+00:00,0.0
5392,2013-03-10 23:30:00+00:00,0.0
5392,2013-03-11 00:00:00+00:00,0.0
5392,2013-03-11 00:30:00+00:00,0.0
5392,2013-03-11 01:00:00+00:00,0.0
5392,2013-03-11 01:30:00+00:00,0.0
5392,2013-03-11 02:00:00+00:00,0.0
5392,2013-03-11 02:30:00+00:00,0.0
5392,2013-03-11 03:00:00+00:00,0.0
5392,2013-03-11 03:30:00+00:00,0.0
5392,2013-03-11 04:00:00+00:00,0.0
5392,2013-03-11 04:30:00+00:00,0.0
5392,2013-03-11 05:00:00+00:00,0.0
5392,2013-03-11 05:30:00+00:00,0.0
5392,2013-03-11 06:00:00+00:00,0.0
5392,2013-03-11 06:30:00+00:00,0.0
5392,2013-03-11 07:00:00+00:00,0.17
5392,2013-03-11 07:30:00+00:00,2.64
5392,2013-03-11 08:00:00+00:00,8.75
5392,2013-03-11 08:30:00+00:00,17.41
5392,2013-03-11 09:00:00+00:00,49.96
5392,2013-03-11 09:30:00+00:00,210.61
5392,2013-03-11 10:00:00+00:00,382.01
5392,2013-03-11 10:30:00+00:00,119.52
5392,2013-03-11 11:00:00+00:00,119.36
5392,2013-03-11 11:30:00+00:00,148.76
5392,2013-03-11 12:00:00+00:00,156.39
5392,2013-03-11 12:30:00+00:00,203.49
5392,2013-03-11 13:00:00+00:00,198.28
5392,2013-03-11 13:30:00+00:00,190.0
5392,2013-03-11 14:00:00+00:00,168.98
5392,2013-03-11 14:30:00+00:00,160.66
5392,2013-03-11 15:00:00+00:00,111.02
5392,2013-03-11 15:30:00+00:00,143.02
5392,2013-03-11 16:00:00+00:00,144.42
5392,2013-03-11 16:30:00+00:00,66.05
5392,2013-03-11 17:00:00+00:00,18.09
5392,2013-03-11 17:30:00+00:00,1.32
5392,2013-03-11 18:00:00+00:00,0.01
5392,2013-03-11 18:30:00+00:00,0.0
5392,2013-03-11 19:00:00+00:00,0.0
5392,2013-03-11 19:30:00+00:00,0.0
5392,2013-03-11 20:00:00+00:00,0.0
5392,2013-03-11 20:30:00+00:00,0.0
5392,2013-03-11 21:00:00+00:00,0.0
5392,2013-03-11 21:30:00+00:00,0.0
5392,2013-03-11 22:00:00+00:00,0.0
5392,2013-03-11 22:30:00+00:00,0.0
5392,2013-03-11 23:00:00+00:00,0.0
5392,2013-03-11 23:30:00+00:00,0.0
5392,2013-03-12 00:00:00+00:00,0.0
5392,2013-03-12 00:30:00+00:00,0.0
5392,2013-03-12 01:00:00+00:00,0.0
5392,2013-03-12 01:30:00+00:00,0.0
5392,2013-03-12 02:00:00+00:00,0.0
5392,2013-03-12 02:30:00+00:00,0.0
5392,2013-03-12 03:00:00+00:00,0.0
5392,2013-03-12 03:30:00+00:00,0.0
5392,2013-03-12 04:00:00+00:00,0.0
5392,2013-03-12 04:30:00+00:00,0.0
5392,2013-03-12 05:00:00+00:00,0.0
5392,2013-03-12 05:30:00+00:00,0.0
5392,2013-03-12 06:00:00+00:00,0.0
5392,2013-03-12 06:30:00+00:00,0.0
5392,2013-03-12 07:00:00+00:00,0.01
5392,2013-03-12 07:30:00+00:00,3.02
5392,2013-03-12 08:00:00+00:00,7.49
5392,2013-03-12 08:30:00+00:00,51.6
5392,2013-03-12 09:00:00+00:00,83.25
5392,2013-03-12 09:30:00+00:00,209.66
5392,2013-03-12 10:00:00+00:00,717.35
5392,2013-03-12 10:30:00+00:00,1263.85
5392,2013-03-12 11:00:00+00:00,1219.3
5392,2013-03-12 11:30:00+00:00,1133.7
5392,2013-03-12 12:00:00+00:00,1198.25
5392,2013-03-12 12:30:00+00:00,1153.65
5392,2013-03-12 13:00:00+00:00,1214.25
5392,2013-03-12 13:30:00+00:00,852.15
5392,2013-03-12 14:00:00+00:00,793.9
5392,2013-03-12 14:30:00+00:00,816.0
5392,2013-03-12 15:00:00+00:00,764.75
5392,2013-03-12 15:30:00+00:00,601.8
5392,2013-03-12 16:00:00+00:00,350.62
5392,2013-03-12 16:30:00+00:00,381.01
5392,2013-03-12 17:00:00+00:00,253.57
5392,2013-03-12 17:30:00+00:00,35.23
5392,2013-03-12 18:00:00+00:00,0.84
5392,2013-03-12 18:30:00+00:00,0.0
5392,2013-03-12 19:00:00+00:00,0.0
5392,2013-03-12 19:30:00+00:00,0.0
5392,2013-03-12 20:00:00+00:00,0.0
5392,2013-03-12 20:30:00+00:00,0.0
5392,2013-03-12 21:00:00+00:00,0.0
5392,2013-03-12 21:30:00+00:00,0.0
5392,2013-03-12 22:00:00+00:00,0.0
5392,2013-03-12 22:30:00+00:00,0.0
5392,2013-03-12 23:00:00+00:00,0.0
5392,2013-03-12 23:30:00+00:00,0.0
5392,2013-03-13 00:00:00+00:00,0.0
5392,2013-03-13 00:30:00+00:00,0.0
5392,2013-03-13 01:00:00+00:00,0.0
5392,2013-03-13 01:30:00+00:00,0.0
5392,2013-03-13 02:00:00+00:00,0.0
5392,2013-03-13 02:30:00+00:00,0.0
5392,2013-03-13 03:00:00+00:00,0.0
5392,2013-03-13 03:30:00+00:00,0.0
5392,2013-03-13 04:00:00+00:00,0.0
5392,2013-03-13 04:30:00+00:00,0.0
5392,2013-03-13 05:00:00+00:00,0.0
5392,2013-03-13 05:30:00+00:00,0.0
5392,2013-03-13 06:00:00+00:00,0.0
5392,2013-03-13 06:30:00+00:00,0.01
5392,2013-03-13 07:00:00+00:00,33.68
5392,2013-03-13 07:30:00+00:00,65.26
5392,2013-03-13 08:00:00+00:00,135.32
5392,2013-03-13 08:30:00+00:00,256.87
5392,2013-03-13 09:00:00+00:00,490.4
5392,2013-03-13 09:30:00+00:00,779.35
5392,2013-03-13 10:00:00+00:00,424.41
5392,2013-03-13 10:30:00+00:00,640.25
5392,2013-03-13 11:00:00+00:00,1219.7
5392,2013-03-13 11:30:00+00:00,763.4
5392,2013-03-13 12:00:00+00:00,863.75
5392,2013-03-13 12:30:00+00:00,881.2
5392,2013-03-13 13:00:00+00:00,409.85
5392,2013-03-13 13:30:00+00:00,523.95
5392,2013-03-13 14:00:00+00:00,223.51
5392,2013-03-13 14:30:00+00:00,566.85
5392,2013-03-13 15:00:00+00:00,837.4
5392,2013-03-13 15:30:00+00:00,331.33
5392,2013-03-13 16:00:00+00:00,470.73
5392,2013-03-13 16:30:00+00:00,76.09
5392,2013-03-13 17:00:00+00:00,157.66
5392,2013-03-13 17:30:00+00:00,11.4
5392,2013-03-13 18:00:00+00:00,1.28
5392,2013-03-13 18:30:00+00:00,0.0
5392,2013-03-13 19:00:00+00:00,0.0
5392,2013-03-13 19:30:00+00:00,0.0
5392,2013-03-13 20:00:00+00:00,0.0
5392,2013-03-13 20:30:00+00:00,0.0
5392,2013-03-13 21:00:00+00:00,0.0
5392,2013-03-13 21:30:00+00:00,0.0
5392,2013-03-13 22:00:00+00:00,0.0
5392,2013-03-13 22:30:00+00:00,0.0
5392,2013-03-13 23:00:00+00:00,0.0
5392,2013-03-13 23:30:00+00:00,0.0
5392,2013-03-14 00:00:00+00:00,0.0
5392,2013-03-14 00:30:00+00:00,0.0
5392,2013-03-14 01:00:00+00:00,0.0
5392,2013-03-14 01:30:00+00:00,0.0
5392,2013-03-14 02:00:00+00:00,0.0
5392,2013-03-14 02:30:00+00:00,0.0
5392,2013-03-14 03:00:00+00:00,0.0
5392,2013-03-14 03:30:00+00:00,0.0
5392,2013-03-14 04:00:00+00:00,0.0
5392,2013-03-14 04:30:00+00:00,0.0
5392,2013-03-14 05:00:00+00:00,0.0
5392,2013-03-14 05:30:00+00:00,0.0
5392,2013-03-14 06:00:00+00:00,0.0
5392,2013-03-14 06:30:00+00:00,0.24
5392,2013-03-14 07:00:00+00:00,39.2
5392,2013-03-14 07:30:00+00:00,169.19
5392,2013-03-14 08:00:00+00:00,397.6
5392,2013-03-14 08:30:00+00:00,647.7
5392,2013-03-14 09:00:00+00:00,831.95
5392,2013-03-14 09:30:00+00:00,1003.1
5392,2013-03-14 10:00:00+00:00,1132.0
5392,2013-03-14 10:30:00+00:00,1240.0
5392,2013-03-14 11:00:00+00:00,1339.9
5392,2013-03-14 11:30:00+00:00,1143.05
5392,2013-03-14 12:00:00+00:00,939.05
5392,2013-03-14 12:30:00+00:00,671.3
5392,2013-03-14 13:00:00+00:00,421.61
5392,2013-03-14 13:30:00+00:00,1233.75
5392,2013-03-14 14:00:00+00:00,382.73
5392,2013-03-14 14:30:00+00:00,863.15
5392,2013-03-14 15:00:00+00:00,342.35
5392,2013-03-14 15:30:00+00:00,638.0
5392,2013-03-14 16:00:00+00:00,458.22
5392,2013-03-14 16:30:00+00:00,214.72
5392,2013-03-14 17:00:00+00:00,87.29
5392,2013-03-14 17:30:00+00:00,9.23
5392,2013-03-14 18:00:00+00:00,0.44
5392,2013-03-14 18:30:00+00:00,0.0
5392,2013-03-14 19:00:00+00:00,0.0
5392,2013-03-14 19:30:00+00:00,0.0
5392,2013-03-14 20:00:00+00:00,0.0
5392,2013-03-14 20:30:00+00:00,0.0
5392,2013-03-14 21:00:00+00:00,0.0
5392,2013-03-14 21:30:00+00:00,0.0
5392,2013-03-14 22:00:00+00:00,0.0
5392,2013-03-14 22:30:00+00:00,0.0
5392,2013-03-14 23:00:00+00:00,0.0
5392,2013-03-14 23:30:00+00:00,0.0
5392,2013-03-15 00:00:00+00:00,0.0
5392,2013-03-15 00:30:00+00:00,0.0
5392,2013-03-15 01:00:00+00:00,0.0
5392,2013-03-15 01:30:00+00:00,0.0
5392,2013-03-15 02:00:00+00:00,0.0
5392,2013-03-15 02:30:00+00:00,0.0
5392,2013-03-15 03:00:00+00:00,0.0
5392,2013-03-15 03:30:00+00:00,0.0
5392,2013-03-15 04:00:00+00:00,0.0
5392,2013-03-15 04:30:00+00:00,0.0
5392,2013-03-15 05:00:00+00:00,0.0
5392,2013-03-15 05:30:00+00:00,0.0
5392,2013-03-15 06:00:00+00:00,0.0
5392,2013-03-15 06:30:00+00:00,0.0
5392,2013-03-15 07:00:00+00:00,1.41
5392,2013-03-15 07:30:00+00:00,24.17
5392,2013-03-15 08:00:00+00:00,43.64
5392,2013-03-15 08:30:00+00:00,101.31
5392,2013-03-15 09:00:00+00:00,152.88
5392,2013-03-15 09:30:00+00:00,432.85
5392,2013-03-15 10:00:00+00:00,429.68
5392,2013-03-15 10:30:00+00:00,443.93
5392,2013-03-15 11:00:00+00:00,406.47
5392,2013-03-15 11:30:00+00:00,274.19
5392,2013-03-15 12:00:00+00:00,199.07
5392,2013-03-15 12:30:00+00:00,266.24
5392,2013-03-15 13:00:00+00:00,250.32
5392,2013-03-15 13:30:00+00:00,126.61
5392,2013-03-15 14:00:00+00:00,134.2
5392,2013-03-15 14:30:00+00:00,127.52
5392,2013-03-15 15:00:00+00:00,156.9
5392,2013-03-15 15:30:00+00:00,62.95
5392,2013-03-15 16:00:00+00:00,109.11
5392,2013-03-15 16:30:00+00:00,51.98
5392,2013-03-15 17:00:00+00:00,1.89
5392,2013-03-15 17:30:00+00:00,0.39
5392,2013-03-15 18:00:00+00:00,0.0
5392,2013-03-15 18:30:00+00:00,0.0
5392,2013-03-15 19:00:00+00:00,0.0
5392,2013-03-15 19:30:00+00:00,0.0
5392,2013-03-15 20:00:00+00:00,0.0
5392,2013-03-15 20:30:00+00:00,0.0
5392,2013-03-15 21:00:00+00:00,0.0
5392,2013-03-15 21:30:00+00:00,0.0
5392,2013-03-15 22:00:00+00:00,0.0
5392,2013-03-15 22:30:00+00:00,0.0
5392,2013-03-15 23:00:00+00:00,0.0
5392,2013-03-15 23:30:00+00:00,0.0
5392,2013-03-16 00:00:00+00:00,0.0
5392,2013-03-16 00:30:00+00:00,0.0
5392,2013-03-16 01:00:00+00:00,0.0
5392,2013-03-16 01:30:00+00:00,0.0
5392,2013-03-16 02:00:00+00:00,0.0
5392,2013-03-16 02:30:00+00:00,0.0
5392,2013-03-16 03:00:00+00:00,0.0
5392,2013-03-16 03:30:00+00:00,0.0
5392,2013-03-16 04:00:00+00:00,0.0
5392,2013-03-16 04:30:00+00:00,0.0
5392,2013-03-16 05:00:00+00:00,0.0
5392,2013-03-16 05:30:00+00:00,0.0
5392,2013-03-16 06:00:00+00:00,0.0
5392,2013-03-16 06:30:00+00:00,0.0
5392,2013-03-16 07:00:00+00:00,0.71
5392,2013-03-16 07:30:00+00:00,25.19
5392,2013-03-16 08:00:00+00:00,29.79
5392,2013-03-16 08:30:00+00:00,39.28
5392,2013-03-16 09:00:00+00:00,99.93
5392,2013-03-16 09:30:00+00:00,97.65
5392,2013-03-16 10:00:00+00:00,128.75
5392,2013-03-16 10:30:00+00:00,102.61
5392,2013-03-16 11:00:00+00:00,98.64
5392,2013-03-16 11:30:00+00:00,88.46
5392,2013-03-16 12:00:00+00:00,90.39
5392,2013-03-16 12:30:00+00:00,77.37
5392,2013-03-16 13:00:00+00:00,55.82
5392,2013-03-16 13:30:00+00:00,44.24
5392,2013-03-16 14:00:00+00:00,83.54
5392,2013-03-16 14:30:00+00:00,52.81
5392,2013-03-16 15:00:00+00:00,88.38
5392,2013-03-16 15:30:00+00:00,64.36
5392,2013-03-16 16:00:00+00:00,159.24
5392,2013-03-16 16:30:00+00:00,130.77
5392,2013-03-16 17:00:00+00:00,144.73
5392,2013-03-16 17:30:00+00:00,25.12
5392,2013-03-16 18:00:00+00:00,0.06
5392,2013-03-16 18:30:00+00:00,0.0
5392,2013-03-16 19:00:00+00:00,0.0
5392,2013-03-16 19:30:00+00:00,0.0
5392,2013-03-16 20:00:00+00:00,0.0
5392,2013-03-16 20:30:00+00:00,0.0
5392,2013-03-16 21:00:00+00:00,0.0
5392,2013-03-16 21:30:00+00:00,0.0
5392,2013-03-16 22:00:00+00:00,0.0
5392,2013-03-16 22:30:00+00:00,0.0
5392,2013-03-16 23:00:00+00:00,0.0
5392,2013-03-16 23:30:00+00:00,0.0
5392,2013-03-17 00:00:00+00:00,0.0
5392,2013-03-17 00:30:00+00:00,0.0
5392,2013-03-17 01:00:00+00:00,0.0
5392,2013-03-17 01:30:00+00:00,0.0
5392,2013-03-17 02:00:00+00:00,0.0
5392,2013-03-17 02:30:00+00:00,0.0
5392,2013-03-17 03:00:00+00:00,0.0
5392,2013-03-17 03:30:00+00:00,0.0
5392,2013-03-17 04:00:00+00:00,0.0
5392,2013-03-17 04:30:00+00:00,0.0
5392,2013-03-17 05:00:00+00:00,0.0
5392,2013-03-17 05:30:00+00:00,0.0
5392,2013-03-17 06:00:00+00:00,0.0
5392,2013-03-17 06:30:00+00:00,1.22
5392,2013-03-17 07:00:00+00:00,17.88
5392,2013-03-17 07:30:00+00:00,18.12
5392,2013-03-17 08:00:00+00:00,65.86
5392,2013-03-17 08:30:00+00:00,74.39
5392,2013-03-17 09:00:00+00:00,94.33
5392,2013-03-17 09:30:00+00:00,157.71
5392,2013-03-17 10:00:00+00:00,140.15
5392,2013-03-17 10:30:00+00:00,139.67
5392,2013-03-17 11:00:00+00:00,192.86
5392,2013-03-17 11:30:00+00:00,496.37
5392,2013-03-17 12:00:00+00:00,472.65
5392,2013-03-17 12:30:00+00:00,149.62
5392,2013-03-17 13:00:00+00:00,146.78
5392,2013-03-17 13:30:00+00:00,113.94
5392,2013-03-17 14:00:00+00:00,103.02
5392,2013-03-17 14:30:00+00:00,51.27
5392,2013-03-17 15:00:00+00:00,381.25
5392,2013-03-17 15:30:00+00:00,532.45
5392,2013-03-17 16:00:00+00:00,258.73
5392,2013-03-17 16:30:00+00:00,20.28
5392,2013-03-17 17:00:00+00:00,22.48
5392,2013-03-17 17:30:00+00:00,7.56
5392,2013-03-17 18:00:00+00:00,0.0
5392,2013-03-17 18:30:00+00:00,0.0
5392,2013-03-17 19:00:00+00:00,0.0
5392,2013-03-17 19:30:00+00:00,0.0
5392,2013-03-17 20:00:00+00:00,0.0
5392,2013-03-17 20:30:00+00:00,0.0
5392,2013-03-17 21:00:00+00:00,0.0
5392,2013-03-17 21:30:00+00:00,0.0
5392,2013-03-17 22:00:00+00:00,0.0
5392,2013-03-17 22:30:00+00:00,0.0
5392,2013-03-17 23:00:00+00:00,0.0
5392,2013-03-17 23:30:00+00:00,0.0
5392,2013-03-18 00:00:00+00:00,0.0
5392,2013-03-18 00:30:00+00:00,0.0
5392,2013-03-18 01:00:00+00:00,0.0
5392,2013-03-18 01:30:00+00:00,0.0
5392,2013-03-18 02:00:00+00:00,0.0
5392,2013-03-18 02:30:00+00:00,0.0
5392,2013-03-18 03:00:00+00:00,0.0
5392,2013-03-18 03:30:00+00:00,0.0
5392,2013-03-18 04:00:00+00:00,0.0
5392,2013-03-18 04:30:00+00:00,0.0
5392,2013-03-18 05:00:00+00:00,0.0
5392,2013-03-18 05:30:00+00:00,0.0
5392,2013-03-18 06:00:00+00:00,0.0
5392,2013-03-18 06:30:00+00:00,1.4
5392,2013-03-18 07:00:00+00:00,50.69
5392,2013-03-18 07:30:00+00:00,140.53
5392,2013-03-18 08:00:00+00:00,132.35
5392,2013-03-18 08:30:00+00:00,534.5
5392,2013-03-18 09:00:00+00:00,859.1
5392,2013-03-18 09:30:00+00:00,663.25
5392,2013-03-18 10:00:00+00:00,615.55
5392,2013-03-18 10:30:00+00:00,955.7
5392,2013-03-18 11:00:00+00:00,757.0
5392,2013-03-18 11:30:00+00:00,689.55
5392,2013-03-18 12:00:00+00:00,639.55
5392,2013-03-18 12:30:00+00:00,435.57
5392,2013-03-18 13:00:00+00:00,363.06
5392,2013-03-18 13:30:00+00:00,190.93
5392,2013-03-18 14:00:00+00:00,163.2
5392,2013-03-18 14:30:00+00:00,146.24
5392,2013-03-18 15:00:00+00:00,128.3
5392,2013-03-18 15:30:00+00:00,143.99
5392,2013-03-18 16:00:00+00:00,150.82
5392,2013-03-18 16:30:00+00:00,267.89
5392,2013-03-18 17:00:00+00:00,125.35
5392,2013-03-18 17:30:00+00:00,40.97
5392,2013-03-18 18:00:00+00:00,2.38
5392,2013-03-18 18:30:00+00:00,0.0
5392,2013-03-18 19:00:00+00:00,0.0
5392,2013-03-18 19:30:00+00:00,0.0
5392,2013-03-18 20:00:00+00:00,0.0
5392,2013-03-18 20:30:00+00:00,0.0
5392,2013-03-18 21:00:00+00:00,0.0
5392,2013-03-18 21:30:00+00:00,0.0
5392,2013-03-18 22:00:00+00:00,0.0
5392,2013-03-18 22:30:00+00:00,0.0
5392,2013-03-18 23:00:00+00:00,0.0
5392,2013-03-18 23:30:00+00:00,0.0
5392,2013-03-19 00:00:00+00:00,0.0
5392,2013-03-19 00:30:00+00:00,0.0
5392,2013-03-19 01:00:00+00:00,0.0
5392,2013-03-19 01:30:00+00:00,0.0
5392,2013-03-19 02:00:00+00:00,0.0
5392,2013-03-19 02:30:00+00:00,0.0
5392,2013-03-19 03:00:00+00:00,0.0
5392,2013-03-19 03:30:00+00:00,0.0
5392,2013-03-19 04:00:00+00:00,0.0
5392,2013-03-19 04:30:00+00:00,0.0
5392,2013-03-19 05:00:00+00:00,0.0
5392,2013-03-19 05:30:00+00:00,0.0
5392,2013-03-19 06:00:00+00:00,0.0
5392,2013-03-19 06:30:00+00:00,0.25
5392,2013-03-19 07:00:00+00:00,0.73
5392,2013-03-19 07:30:00+00:00,1.41
5392,2013-03-19 08:00:00+00:00,2.95
5392,2013-03-19 08:30:00+00:00,28.72
5392,2013-03-19 09:00:00+00:00,122.8
5392,2013-03-19 09:30:00+00:00,214.44
5392,2013-03-19 10:00:00+00:00,213.0
5392,2013-03-19 10:30:00+00:00,200.49
5392,2013-03-19 11:00:00+00:00,273.75
5392,2013-03-19 11:30:00+00:00,274.28
5392,2013-03-19 12:00:00+00:00,186.51
5392,2013-03-19 12:30:00+00:00,214.48
5392,2013-03-19 13:00:00+00:00,241.18
5392,2013-03-19 13:30:00+00:00,169.62
5392,2013-03-19 14:00:00+00:00,138.79
5392,2013-03-19 14:30:00+00:00,153.29
5392,2013-03-19 15:00:00+00:00,555.45
5392,2013-03-19 15:30:00+00:00,309.36
5392,2013-03-19 16:00:00+00:00,285.96
5392,2013-03-19 16:30:00+00:00,218.16
5392,2013-03-19 17:00:00+00:00,69.75
5392,2013-03-19 17:30:00+00:00,35.79
5392,2013-03-19 18:00:00+00:00,1.57
5392,2013-03-19 18:30:00+00:00,0.0
5392,2013-03-19 19:00:00+00:00,0.0
5392,2013-03-19 19:30:00+00:00,0.0
5392,2013-03-19 20:00:00+00:00,0.0
5392,2013-03-19 20:30:00+00:00,0.0
5392,2013-03-19 21:00:00+00:00,0.0
5392,2013-03-19 21:30:00+00:00,0.0
5392,2013-03-19 22:00:00+00:00,0.0
5392,2013-03-19 22:30:00+00:00,0.0
5392,2013-03-19 23:00:00+00:00,0.0
5392,2013-03-19 23:30:00+00:00,0.0
5392,2013-03-20 00:00:00+00:00,0.0
5392,2013-03-20 00:30:00+00:00,0.0
5392,2013-03-20 01:00:00+00:00,0.0
5392,2013-03-20 01:30:00+00:00,0.0
5392,2013-03-20 02:00:00+00:00,0.0
5392,2013-03-20 02:30:00+00:00,0.0
5392,2013-03-20 03:00:00+00:00,0.0
5392,2013-03-20 03:30:00+00:00,0.0
5392,2013-03-20 04:00:00+00:00,0.0
5392,2013-03-20 04:30:00+00:00,0.0
5392,2013-03-20 05:00:00+00:00,0.0
5392,2013-03-20 05:30:00+00:00,0.0
5392,2013-03-20 06:00:00+00:00,0.0
5392,2013-03-20 06:30:00+00:00,0.0
5392,2013-03-20 07:00:00+00:00,19.34
5392,2013-03-20 07:30:00+00:00,113.4
5392,2013-03-20 08:00:00+00:00,138.35
5392,2013-03-20 08:30:00+00:00,102.37
5392,2013-03-20 09:00:00+00:00,248.11
5392,2013-03-20 09:30:00+00:00,329.76
5392,2013-03-20 10:00:00+00:00,217.89
5392,2013-03-20 10:30:00+00:00,54.88
5392,2013-03-20 11:00:00+00:00,60.45
5392,2013-03-20 11:30:00+00:00,91.68
5392,2013-03-20 12:00:00+00:00,77.77
5392,2013-03-20 12:30:00+00:00,80.33
5392,2013-03-20 13:00:00+00:00,129.22
5392,2013-03-20 13:30:00+00:00,99.66
5392,2013-03-20 14:00:00+00:00,59.18
5392,2013-03-20 14:30:00+00:00,14.84
5392,2013-03-20 15:00:00+00:00,36.61
5392,2013-03-20 15:30:00+00:00,14.88
5392,2013-03-20 16:00:00+00:00,2.83
5392,2013-03-20 16:30:00+00:00,7.55
5392,2013-03-20 17:00:00+00:00,2.82
5392,2013-03-20 17:30:00+00:00,0.04
5392,2013-03-20 18:00:00+00:00,0.0
5392,2013-03-20 18:30:00+00:00,0.0
5392,2013-03-20 19:00:00+00:00,0.0
5392,2013-03-20 19:30:00+00:00,0.0
5392,2013-03-20 20:00:00+00:00,0.0
5392,2013-03-20 20:30:00+00:00,0.0
5392,2013-03-20 21:00:00+00:00,0.0
5392,2013-03-20 21:30:00+00:00,0.0
5392,2013-03-20 22:00:00+00:00,0.0
5392,2013-03-20 22:30:00+00:00,0.0
5392,2013-03-20 23:00:00+00:00,0.0
5392,2013-03-20 23:30:00+00:00,0.0
5392,2013-03-21 00:00:00+00:00,0.0
5392,2013-03-21 00:30:00+00:00,0.0
5392,2013-03-21 01:00:00+00:00,0.0
5392,2013-03-21 01:30:00+00:00,0.0
5392,2013-03-21 02:00:00+00:00,0.0
5392,2013-03-21 02:30:00+00:00,0.0
5392,2013-03-21 03:00:00+00:00,0.0
5392,2013-03-21 03:30:00+00:00,0.0
5392,2013-03-21 04:00:00+00:00,0.0
5392,2013-03-21 04:30:00+00:00,0.0
5392,2013-03-21 05:00:00+00:00,0.0
5392,2013-03-21 05:30:00+00:00,0.0
5392,2013-03-21 06:00:00+00:00,0.0
5392,2013-03-21 06:30:00+00:00,7.22
5392,2013-03-21 07:00:00+00:00,94.21
5392,2013-03-21 07:30:00+00:00,187.45
5392,2013-03-21 08:00:00+00:00,215.62
5392,2013-03-21 08:30:00+00:00,122.1
5392,2013-03-21 09:00:00+00:00,207.05
5392,2013-03-21 09:30:00+00:00,444.41
5392,2013-03-21 10:00:00+00:00,457.49
5392,2013-03-21 10:30:00+00:00,487.32
5392,2013-03-21 11:00:00+00:00,937.45
5392,2013-03-21 11:30:00+00:00,914.8
5392,2013-03-21 12:00:00+00:00,1054.95
5392,2013-03-21 12:30:00+00:00,955.8
5392,2013-03-21 13:00:00+00:00,532.55
5392,2013-03-21 13:30:00+00:00,303.44
5392,2013-03-21 14:00:00+00:00,390.88
5392,2013-03-21 14:30:00+00:00,315.7
5392,2013-03-21 15:00:00+00:00,246.6
5392,2013-03-21 15:30:00+00:00,177.95
5392,2013-03-21 16:00:00+00:00,148.87
5392,2013-03-21 16:30:00+00:00,140.82
5392,2013-03-21 17:00:00+00:00,93.65
5392,2013-03-21 17:30:00+00:00,55.48
5392,2013-03-21 18:00:00+00:00,2.53
5392,2013-03-21 18:30:00+00:00,0.0
5392,2013-03-21 19:00:00+00:00,0.0
5392,2013-03-21 19:30:00+00:00,0.0
5392,2013-03-21 20:00:00+00:00,0.0
5392,2013-03-21 20:30:00+00:00,0.0
5392,2013-03-21 21:00:00+00:00,0.0
5392,2013-03-21 21:30:00+00:00,0.0
5392,2013-03-21 22:00:00+00:00,0.0
5392,2013-03-21 22:30:00+00:00,0.0
5392,2013-03-21 23:00:00+00:00,0.0
5392,2013-03-21 23:30:00+00:00,0.0
5392,2013-03-22 00:00:00+00:00,0.0
5392,2013-03-22 00:30:00+00:00,0.0
5392,2013-03-22 01:00:00+00:00,0.0
5392,2013-03-22 01:30:00+00:00,0.0
5392,2013-03-22 02:00:00+00:00,0.0
5392,2013-03-22 02:30:00+00:00,0.0
5392,2013-03-22 03:00:00+00:00,0.0
5392,2013-03-22 03:30:00+00:00,0.0
5392,2013-03-22 04:00:00+00:00,0.0
5392,2013-03-22 04:30:00+00:00,0.0
5392,2013-03-22 05:00:00+00:00,0.0
5392,2013-03-22 05:30:00+00:00,0.0
5392,2013-03-22 06:00:00+00:00,0.0
5392,2013-03-22 06:30:00+00:00,0.04
5392,2013-03-22 07:00:00+00:00,2.19
5392,2013-03-22 07:30:00+00:00,22.92
5392,2013-03-22 08:00:00+00:00,33.3
5392,2013-03-22 08:30:00+00:00,66.05
5392,2013-03-22 09:00:00+00:00,86.84
5392,2013-03-22 09:30:00+00:00,128.49
5392,2013-03-22 10:00:00+00:00,267.76
5392,2013-03-22 10:30:00+00:00,495.51
5392,2013-03-22 11:00:00+00:00,396.9
5392,2013-03-22 11:30:00+00:00,355.14
5392,2013-03-22 12:00:00+00:00,547.1
5392,2013-03-22 12:30:00+00:00,463.38
5392,2013-03-22 13:00:00+00:00,529.8
5392,2013-03-22 13:30:00+00:00,395.72
5392,2013-03-22 14:00:00+00:00,444.93
5392,2013-03-22 14:30:00+00:00,398.71
5392,2013-03-22 15:00:00+00:00,444.13
5392,2013-03-22 15:30:00+00:00,235.8
5392,2013-03-22 16:00:00+00:00,121.89
5392,2013-03-22 16:30:00+00:00,99.33
5392,2013-03-22 17:00:00+00:00,38.71
5392,2013-03-22 17:30:00+00:00,2.76
5392,2013-03-22 18:00:00+00:00,0.0
5392,2013-03-22 18:30:00+00:00,0.0
5392,2013-03-22 19:00:00+00:00,0.0
5392,2013-03-22 19:30:00+00:00,0.0
5392,2013-03-22 20:00:00+00:00,0.0
5392,2013-03-22 20:30:00+00:00,0.0
5392,2013-03-22 21:00:00+00:00,0.0
5392,2013-03-22 21:30:00+00:00,0.0
5392,2013-03-22 22:00:00+00:00,0.0
5392,2013-03-22 22:30:00+00:00,0.0
5392,2013-03-22 23:00:00+00:00,0.0
5392,2013-03-22 23:30:00+00:00,0.0
5392,2013-03-23 00:00:00+00:00,0.0
5392,2013-03-23 00:30:00+00:00,0.0
5392,2013-03-23 01:00:00+00:00,0.0
5392,2013-03-23 01:30:00+00:00,0.0
5392,2013-03-23 02:00:00+00:00,0.0
5392,2013-03-23 02:30:00+00:00,0.0
5392,2013-03-23 03:00:00+00:00,0.0
5392,2013-03-23 03:30:00+00:00,0.0
5392,2013-03-23 04:00:00+00:00,0.0
5392,2013-03-23 04:30:00+00:00,0.0
5392,2013-03-23 05:00:00+00:00,0.0
5392,2013-03-23 05:30:00+00:00,0.0
5392,2013-03-23 06:00:00+00:00,0.0
5392,2013-03-23 06:30:00+00:00,0.0
5392,2013-03-23 07:00:00+00:00,0.01
5392,2013-03-23 07:30:00+00:00,0.03
5392,2013-03-23 08:00:00+00:00,1.06
5392,2013-03-23 08:30:00+00:00,5.04
5392,2013-03-23 09:00:00+00:00,28.89
5392,2013-03-23 09:30:00+00:00,37.15
5392,2013-03-23 10:00:00+00:00,50.4
5392,2013-03-23 10:30:00+00:00,54.14
5392,2013-03-23 11:00:00+00:00,71.17
5392,2013-03-23 11:30:00+00:00,65.95
5392,2013-03-23 12:00:00+00:00,51.18
5392,2013-03-23 12:30:00+00:00,69.28
5392,2013-03-23 13:00:00+00:00,55.58
5392,2013-03-23 13:30:00+00:00,54.27
5392,2013-03-23 14:00:00+00:00,76.76
5392,2013-03-23 14:30:00+00:00,88.3
5392,2013-03-23 15:00:00+00:00,53.61
5392,2013-03-23 15:30:00+00:00,14.58
5392,2013-03-23 16:00:00+00:00,3.71
5392,2013-03-23 16:30:00+00:00,1.84
5392,2013-03-23 17:00:00+00:00,0.3
5392,2013-03-23 17:30:00+00:00,0.02
5392,2013-03-23 18:00:00+00:00,0.0
5392,2013-03-23 18:30:00+00:00,0.0
5392,2013-03-23 19:00:00+00:00,0.0
5392,2013-03-23 19:30:00+00:00,0.0
5392,2013-03-23 20:00:00+00:00,0.0
5392,2013-03-23 20:30:00+00:00,0.0
5392,2013-03-23 21:00:00+00:00,0.0
5392,2013-03-23 21:30:00+00:00,0.0
5392,2013-03-23 22:00:00+00:00,0.0
5392,2013-03-23 22:30:00+00:00,0.0
5392,2013-03-23 23:00:00+00:00,0.0
5392,2013-03-23 23:30:00+00:00,0.0
5392,2013-03-24 00:00:00+00:00,0.0
5392,2013-03-24 00:30:00+00:00,0.0
5392,2013-03-24 01:00:00+00:00,0.0
5392,2013-03-24 01:30:00+00:00,0.0
5392,2013-03-24 02:00:00+00:00,0.0
5392,2013-03-24 02:30:00+00:00,0.0
5392,2013-03-24 03:00:00+00:00,0.0
5392,2013-03-24 03:30:00+00:00,0.0
5392,2013-03-24 04:00:00+00:00,0.0
5392,2013-03-24 04:30:00+00:00,0.0
5392,2013-03-24 05:00:00+00:00,0.0
5392,2013-03-24 05:30:00+00:00,0.0
5392,2013-03-24 06:00:00+00:00,0.0
5392,2013-03-24 06:30:00+00:00,0.0
5392,2013-03-24 07:00:00+00:00,0.02
5392,2013-03-24 07:30:00+00:00,1.13
5392,2013-03-24 08:00:00+00:00,1.44
5392,2013-03-24 08:30:00+00:00,2.14
5392,2013-03-24 09:00:00+00:00,2.48
5392,2013-03-24 09:30:00+00:00,5.46
5392,2013-03-24 10:00:00+00:00,4.1
5392,2013-03-24 10:30:00+00:00,5.23
5392,2013-03-24 11:00:00+00:00,23.02
5392,2013-03-24 11:30:00+00:00,52.98
5392,2013-03-24 12:00:00+00:00,73.3
5392,2013-03-24 12:30:00+00:00,60.46
5392,2013-03-24 13:00:00+00:00,73.23
5392,2013-03-24 13:30:00+00:00,47.62
5392,2013-03-24 14:00:00+00:00,122.78
5392,2013-03-24 14:30:00+00:00,143.63
5392,2013-03-24 15:00:00+00:00,116.53
5392,2013-03-24 15:30:00+00:00,92.75
5392,2013-03-24 16:00:00+00:00,77.21
5392,2013-03-24 16:30:00+00:00,58.64
5392,2013-03-24 17:00:00+00:00,28.1
5392,2013-03-24 17:30:00+00:00,3.51
5392,2013-03-24 18:00:00+00:00,0.21
5392,2013-03-24 18:30:00+00:00,0.0
5392,2013-03-24 19:00:00+00:00,0.0
5392,2013-03-24 19:30:00+00:00,0.0
5392,2013-03-24 20:00:00+00:00,0.0
5392,2013-03-24 20:30:00+00:00,0.0
5392,2013-03-24 21:00:00+00:00,0.0
5392,2013-03-24 21:30:00+00:00,0.0
5392,2013-03-24 22:00:00+00:00,0.0
5392,2013-03-24 22:30:00+00:00,0.0
5392,2013-03-24 23:00:00+00:00,0.0
5392,2013-03-24 23:30:00+00:00,0.0
5392,2013-03-25 00:00:00+00:00,0.0
5392,2013-03-25 00:30:00+00:00,0.0
5392,2013-03-25 01:00:00+00:00,0.0
5392,2013-03-25 01:30:00+00:00,0.0
5392,2013-03-25 02:00:00+00:00,0.0
5392,2013-03-25 02:30:00+00:00,0.0
5392,2013-03-25 03:00:00+00:00,0.0
5392,2013-03-25 03:30:00+00:00,0.0
5392,2013-03-25 04:00:00+00:00,0.0
5392,2013-03-25 04:30:00+00:00,0.0
5392,2013-03-25 05:00:00+00:00,0.0
5392,2013-03-25 05:30:00+00:00,0.0
5392,2013-03-25 06:00:00+00:00,0.0
5392,2013-03-25 06:30:00+00:00,0.01
5392,2013-03-25 07:00:00+00:00,2.45
5392,2013-03-25 07:30:00+00:00,16.95
5392,2013-03-25 08:00:00+00:00,18.04
5392,2013-03-25 08:30:00+00:00,78.69
5392,2013-03-25 09:00:00+00:00,109.01
5392,2013-03-25 09:30:00+00:00,132.94
5392,2013-03-25 10:00:00+00:00,135.73
5392,2013-03-25 10:30:00+00:00,127.79
5392,2013-03-25 11:00:00+00:00,127.09
5392,2013-03-25 11:30:00+00:00,105.65
5392,2013-03-25 12:00:00+00:00,94.39
5392,2013-03-25 12:30:00+00:00,97.74
5392,2013-03-25 13:00:00+00:00,107.97
5392,2013-03-25 13:30:00+00:00,128.41
5392,2013-03-25 14:00:00+00:00,160.86
5392,2013-03-25 14:30:00+00:00,199.97
5392,2013-03-25 15:00:00+00:00,182.65
5392,2013-03-25 15:30:00+00:00,113.35
5392,2013-03-25 16:00:00+00:00,59.7
5392,2013-03-25 16:30:00+00:00,52.61
5392,2013-03-25 17:00:00+00:00,42.31
5392,2013-03-25 17:30:00+00:00,20.79
5392,2013-03-25 18:00:00+00:00,2.19
5392,2013-03-25 18:30:00+00:00,0.0
5392,2013-03-25 19:00:00+00:00,0.0
5392,2013-03-25 19:30:00+00:00,0.0
5392,2013-03-25 20:00:00+00:00,0.0
5392,2013-03-25 20:30:00+00:00,0.0
5392,2013-03-25 21:00:00+00:00,0.0
5392,2013-03-25 21:30:00+00:00,0.0
5392,2013-03-25 22:00:00+00:00,0.0
5392,2013-03-25 22:30:00+00:00,0.0
5392,2013-03-25 23:00:00+00:00,0.0
5392,2013-03-25 23:30:00+00:00,0.0
5392,2013-03-26 00:00:00+00:00,0.0
5392,2013-03-26 00:30:00+00:00,0.0
5392,2013-03-26 01:00:00+00:00,0.0
5392,2013-03-26 01:30:00+00:00,0.0
5392,2013-03-26 02:00:00+00:00,0.0
5392,2013-03-26 02:30:00+00:00,0.0
5392,2013-03-26 03:00:00+00:00,0.0
5392,2013-03-26 03:30:00+00:00,0.0
5392,2013-03-26 04:00:00+00:00,0.0
5392,2013-03-26 04:30:00+00:00,0.0
5392,2013-03-26 05:00:00+00:00,0.0
5392,2013-03-26 05:30:00+00:00,0.0
5392,2013-03-26 06:00:00+00:00,0.0
5392,2013-03-26 06:30:00+00:00,0.78
5392,2013-03-26 07:00:00+00:00,2.04
5392,2013-03-26 07:30:00+00:00,2.99
5392,2013-03-26 08:00:00+00:00,42.17
5392,2013-03-26 08:30:00+00:00,73.98
5392,2013-03-26 09:00:00+00:00,84.43
5392,2013-03-26 09:30:00+00:00,94.99
5392,2013-03-26 10:00:00+00:00,172.82
5392,2013-03-26 10:30:00+00:00,183.78
5392,2013-03-26 11:00:00+00:00,171.49
5392,2013-03-26 11:30:00+00:00,199.93
5392,2013-03-26 12:00:00+00:00,266.78
5392,2013-03-26 12:30:00+00:00,252.42
5392,2013-03-26 13:00:00+00:00,377.69
5392,2013-03-26 13:30:00+00:00,256.61
5392,2013-03-26 14:00:00+00:00,289.76
5392,2013-03-26 14:30:00+00:00,367.69
5392,2013-03-26 15:00:00+00:00,285.7
5392,2013-03-26 15:30:00+00:00,301.04
5392,2013-03-26 16:00:00+00:00,199.68
5392,2013-03-26 16:30:00+00:00,138.07
5392,2013-03-26 17:00:00+00:00,118.25
5392,2013-03-26 17:30:00+00:00,65.51
5392,2013-03-26 18:00:00+00:00,15.96
5392,2013-03-26 18:30:00+00:00,0.56
5392,2013-03-26 19:00:00+00:00,0.0
5392,2013-03-26 19:30:00+00:00,0.0
5392,2013-03-26 20:00:00+00:00,0.0
5392,2013-03-26 20:30:00+00:00,0.0
5392,2013-03-26 21:00:00+00:00,0.0
5392,2013-03-26 21:30:00+00:00,0.0
5392,2013-03-26 22:00:00+00:00,0.0
5392,2013-03-26 22:30:00+00:00,0.0
5392,2013-03-26 23:00:00+00:00,0.0
5392,2013-03-26 23:30:00+00:00,0.0
5392,2013-03-27 00:00:00+00:00,0.0
5392,2013-03-27 00:30:00+00:00,0.0
5392,2013-03-27 01:00:00+00:00,0.0
5392,2013-03-27 01:30:00+00:00,0.0
5392,2013-03-27 02:00:00+00:00,0.0
5392,2013-03-27 02:30:00+00:00,0.0
5392,2013-03-27 03:00:00+00:00,0.0
5392,2013-03-27 03:30:00+00:00,0.0
5392,2013-03-27 04:00:00+00:00,0.0
5392,2013-03-27 04:30:00+00:00,0.0
5392,2013-03-27 05:00:00+00:00,0.0
5392,2013-03-27 05:30:00+00:00,0.0
5392,2013-03-27 06:00:00+00:00,0.0
5392,2013-03-27 06:30:00+00:00,10.65
5392,2013-03-27 07:00:00+00:00,84.73
5392,2013-03-27 07:30:00+00:00,188.87
5392,2013-03-27 08:00:00+00:00,248.47
5392,2013-03-27 08:30:00+00:00,230.09
5392,2013-03-27 09:00:00+00:00,219.0
5392,2013-03-27 09:30:00+00:00,348.57
5392,2013-03-27 10:00:00+00:00,449.4
5392,2013-03-27 10:30:00+00:00,638.75
5392,2013-03-27 11:00:00+00:00,540.9
5392,2013-03-27 11:30:00+00:00,737.2
5392,2013-03-27 12:00:00+00:00,849.05
5392,2013-03-27 12:30:00+00:00,944.9
5392,2013-03-27 13:00:00+00:00,496.14
5392,2013-03-27 13:30:00+00:00,449.41
5392,2013-03-27 14:00:00+00:00,359.66
5392,2013-03-27 14:30:00+00:00,149.38
5392,2013-03-27 15:00:00+00:00,166.29
5392,2013-03-27 15:30:00+00:00,468.95
5392,2013-03-27 16:00:00+00:00,339.25
5392,2013-03-27 16:30:00+00:00,217.47
5392,2013-03-27 17:00:00+00:00,79.44
5392,2013-03-27 17:30:00+00:00,43.63
5392,2013-03-27 18:00:00+00:00,19.53
5392,2013-03-27 18:30:00+00:00,0.44
5392,2013-03-27 19:00:00+00:00,0.0
5392,2013-03-27 19:30:00+00:00,0.0
5392,2013-03-27 20:00:00+00:00,0.0
5392,2013-03-27 20:30:00+00:00,0.0
5392,2013-03-27 21:00:00+00:00,0.0
5392,2013-03-27 21:30:00+00:00,0.0
5392,2013-03-27 22:00:00+00:00,0.0
5392,2013-03-27 22:30:00+00:00,0.0
5392,2013-03-27 23:00:00+00:00,0.0
5392,2013-03-27 23:30:00+00:00,0.0
5392,2013-03-28 00:00:00+00:00,0.0
5392,2013-03-28 00:30:00+00:00,0.0
5392,2013-03-28 01:00:00+00:00,0.0
5392,2013-03-28 01:30:00+00:00,0.0
5392,2013-03-28 02:00:00+00:00,0.0
5392,2013-03-28 02:30:00+00:00,0.0
5392,2013-03-28 03:00:00+00:00,0.0
5392,2013-03-28 03:30:00+00:00,0.0
5392,2013-03-28 04:00:00+00:00,0.0
5392,2013-03-28 04:30:00+00:00,0.0
5392,2013-03-28 05:00:00+00:00,0.0
5392,2013-03-28 05:30:00+00:00,0.0
5392,2013-03-28 06:00:00+00:00,0.01
5392,2013-03-28 06:30:00+00:00,3.05
5392,2013-03-28 07:00:00+00:00,90.48
5392,2013-03-28 07:30:00+00:00,230.03
5392,2013-03-28 08:00:00+00:00,368.86
5392,2013-03-28 08:30:00+00:00,441.86
5392,2013-03-28 09:00:00+00:00,693.0
5392,2013-03-28 09:30:00+00:00,739.55
5392,2013-03-28 10:00:00+00:00,336.02
5392,2013-03-28 10:30:00+00:00,315.9
5392,2013-03-28 11:00:00+00:00,177.39
5392,2013-03-28 11:30:00+00:00,301.73
5392,2013-03-28 12:00:00+00:00,455.92
5392,2013-03-28 12:30:00+00:00,375.32
5392,2013-03-28 13:00:00+00:00,211.87
5392,2013-03-28 13:30:00+00:00,665.45
5392,2013-03-28 14:00:00+00:00,341.06
5392,2013-03-28 14:30:00+00:00,324.1
5392,2013-03-28 15:00:00+00:00,431.58
5392,2013-03-28 15:30:00+00:00,344.54
5392,2013-03-28 16:00:00+00:00,192.43
5392,2013-03-28 16:30:00+00:00,108.07
5392,2013-03-28 17:00:00+00:00,45.83
5392,2013-03-28 17:30:00+00:00,24.87
5392,2013-03-28 18:00:00+00:00,3.74
5392,2013-03-28 18:30:00+00:00,0.0
5392,2013-03-28 19:00:00+00:00,0.0
5392,2013-03-28 19:30:00+00:00,0.0
5392,2013-03-28 20:00:00+00:00,0.0
5392,2013-03-28 20:30:00+00:00,0.0
5392,2013-03-28 21:00:00+00:00,0.0
5392,2013-03-28 21:30:00+00:00,0.0
5392,2013-03-28 22:00:00+00:00,0.0
5392,2013-03-28 22:30:00+00:00,0.0
5392,2013-03-28 23:00:00+00:00,0.0
5392,2013-03-28 23:30:00+00:00,0.0
5392,2013-03-29 00:00:00+00:00,0.0
5392,2013-03-29 00:30:00+00:00,0.0
5392,2013-03-29 01:00:00+00:00,0.0
5392,2013-03-29 01:30:00+00:00,0.0
5392,2013-03-29 02:00:00+00:00,0.0
5392,2013-03-29 02:30:00+00:00,0.0
5392,2013-03-29 03:00:00+00:00,0.0
5392,2013-03-29 03:30:00+00:00,0.0
5392,2013-03-29 04:00:00+00:00,0.0
5392,2013-03-29 04:30:00+00:00,0.0
5392,2013-03-29 05:00:00+00:00,0.0
5392,2013-03-29 05:30:00+00:00,0.0
5392,2013-03-29 06:00:00+00:00,0.0
5392,2013-03-29 06:30:00+00:00,26.35
5392,2013-03-29 07:00:00+00:00,88.07
5392,2013-03-29 07:30:00+00:00,72.39
5392,2013-03-29 08:00:00+00:00,102.63
5392,2013-03-29 08:30:00+00:00,152.56
5392,2013-03-29 09:00:00+00:00,404.2
5392,2013-03-29 09:30:00+00:00,1102.05
5392,2013-03-29 10:00:00+00:00,1205.4
5392,2013-03-29 10:30:00+00:00,1334.9
5392,2013-03-29 11:00:00+00:00,1323.7
5392,2013-03-29 11:30:00+00:00,692.05
5392,2013-03-29 12:00:00+00:00,282.11
5392,2013-03-29 12:30:00+00:00,293.93
5392,2013-03-29 13:00:00+00:00,687.45
5392,2013-03-29 13:30:00+00:00,185.7
5392,2013-03-29 14:00:00+00:00,377.75
5392,2013-03-29 14:30:00+00:00,309.8
5392,2013-03-29 15:00:00+00:00,153.44
5392,2013-03-29 15:30:00+00:00,462.29
5392,2013-03-29 16:00:00+00:00,138.4
5392,2013-03-29 16:30:00+00:00,429.64
5392,2013-03-29 17:00:00+00:00,103.37
5392,2013-03-29 17:30:00+00:00,91.99
5392,2013-03-29 18:00:00+00:00,23.97
5392,2013-03-29 18:30:00+00:00,0.12
5392,2013-03-29 19:00:00+00:00,0.0
5392,2013-03-29 19:30:00+00:00,0.0
5392,2013-03-29 20:00:00+00:00,0.0
5392,2013-03-29 20:30:00+00:00,0.0
5392,2013-03-29 21:00:00+00:00,0.0
5392,2013-03-29 21:30:00+00:00,0.0
5392,2013-03-29 22:00:00+00:00,0.0
5392,2013-03-29 22:30:00+00:00,0.0
5392,2013-03-29 23:00:00+00:00,0.0
5392,2013-03-29 23:30:00+00:00,0.0
5392,2013-03-30 00:00:00+00:00,0.0
5392,2013-03-30 00:30:00+00:00,0.0
5392,2013-03-30 01:00:00+00:00,0.0
5392,2013-03-30 01:30:00+00:00,0.0
5392,2013-03-30 02:00:00+00:00,0.0
5392,2013-03-30 02:30:00+00:00,0.0
5392,2013-03-30 03:00:00+00:00,0.0
5392,2013-03-30 03:30:00+00:00,0.0
5392,2013-03-30 04:00:00+00:00,0.0
5392,2013-03-30 04:30:00+00:00,0.0
5392,2013-03-30 05:00:00+00:00,0.0
5392,2013-03-30 05:30:00+00:00,0.0
5392,2013-03-30 06:00:00+00:00,0.0
5392,2013-03-30 06:30:00+00:00,0.03
5392,2013-03-30 07:00:00+00:00,2.48
5392,2013-03-30 07:30:00+00:00,63.09
5392,2013-03-30 08:00:00+00:00,114.52
5392,2013-03-30 08:30:00+00:00,352.1
5392,2013-03-30 09:00:00+00:00,438.68
5392,2013-03-30 09:30:00+00:00,542.0
5392,2013-03-30 10:00:00+00:00,473.58
5392,2013-03-30 10:30:00+00:00,755.3
5392,2013-03-30 11:00:00+00:00,335.01
5392,2013-03-30 11:30:00+00:00,814.25
5392,2013-03-30 12:00:00+00:00,681.2
5392,2013-03-30 12:30:00+00:00,179.78
5392,2013-03-30 13:00:00+00:00,717.8
5392,2013-03-30 13:30:00+00:00,333.14
5392,2013-03-30 14:00:00+00:00,534.95
5392,2013-03-30 14:30:00+00:00,178.84
5392,2013-03-30 15:00:00+00:00,256.85
5392,2013-03-30 15:30:00+00:00,186.57
5392,2013-03-30 16:00:00+00:00,173.75
5392,2013-03-30 16:30:00+00:00,40.81
5392,2013-03-30 17:00:00+00:00,18.66
5392,2013-03-30 17:30:00+00:00,14.72
5392,2013-03-30 18:00:00+00:00,25.04
5392,2013-03-30 18:30:00+00:00,0.36
5392,2013-03-30 19:00:00+00:00,0.0
5392,2013-03-30 19:30:00+00:00,0.0
5392,2013-03-30 20:00:00+00:00,0.0
5392,2013-03-30 20:30:00+00:00,0.0
5392,2013-03-30 21:00:00+00:00,0.0
5392,2013-03-30 21:30:00+00:00,0.0
5392,2013-03-30 22:00:00+00:00,0.0
5392,2013-03-30 22:30:00+00:00,0.0
5392,2013-03-30 23:00:00+00:00,0.0
5392,2013-03-30 23:30:00+00:00,0.0
5392,2013-03-31 00:00:00+00:00,0.0
5392,2013-03-31 00:30:00+00:00,0.0
5392,2013-03-31 01:00:00+00:00,0.0
5392,2013-03-31 01:30:00+00:00,0.0
5392,2013-03-31 02:00:00+00:00,0.0
5392,2013-03-31 02:30:00+00:00,0.0
5392,2013-03-31 03:00:00+00:00,0.0
5392,2013-03-31 03:30:00+00:00,0.0
5392,2013-03-31 04:00:00+00:00,0.0
5392,2013-03-31 04:30:00+00:00,0.0
5392,2013-03-31 05:00:00+00:00,0.0
5392,2013-03-31 05:30:00+00:00,0.0
5392,2013-03-31 06:00:00+00:00,1.09
5392,2013-03-31 06:30:00+00:00,27.07
5392,2013-03-31 07:00:00+00:00,152.65
5392,2013-03-31 07:30:00+00:00,301.99
5392,2013-03-31 08:00:00+00:00,543.4
5392,2013-03-31 08:30:00+00:00,318.62
5392,2013-03-31 09:00:00+00:00,213.2
5392,2013-03-31 09:30:00+00:00,222.99
5392,2013-03-31 10:00:00+00:00,391.81
5392,2013-03-31 10:30:00+00:00,729.0
5392,2013-03-31 11:00:00+00:00,1003.0
5392,2013-03-31 11:30:00+00:00,674.35
5392,2013-03-31 12:00:00+00:00,219.55
5392,2013-03-31 12:30:00+00:00,280.95
5392,2013-03-31 13:00:00+00:00,383.52
5392,2013-03-31 13:30:00+00:00,502.75
5392,2013-03-31 14:00:00+00:00,260.71
5392,2013-03-31 14:30:00+00:00,570.35
5392,2013-03-31 15:00:00+00:00,353.52
5392,2013-03-31 15:30:00+00:00,203.53
5392,2013-03-31 16:00:00+00:00,136.06
5392,2013-03-31 16:30:00+00:00,68.72
5392,2013-03-31 17:00:00+00:00,78.49
5392,2013-03-31 17:30:00+00:00,17.48
5392,2013-03-31 18:00:00+00:00,2.79
5392,2013-03-31 18:30:00+00:00,0.98
5392,2013-03-31 19:00:00+00:00,0.0
5392,2013-03-31 19:30:00+00:00,0.0
5392,2013-03-31 20:00:00+00:00,0.0
5392,2013-03-31 20:30:00+00:00,0.0
5392,2013-03-31 21:00:00+00:00,0.0
5392,2013-03-31 21:30:00+00:00,0.0
5392,2013-03-31 22:00:00+00:00,0.0
5392,2013-03-31 22:30:00+00:00,0.0
5392,2013-03-31 23:00:00+00:00,0.0
5392,2013-03-31 23:30:00+00:00,0.0
5392,2013-04-01 00:30:00+00:00,0.0
5392,2013-04-01 01:00:00+00:00,0.0
5392,2013-04-01 01:30:00+00:00,0.0
5392,2013-04-01 02:00:00+00:00,0.0
5392,2013-04-01 02:30:00+00:00,0.0
5392,2013-04-01 03:00:00+00:00,0.0
5392,2013-04-01 03:30:00+00:00,0.0
5392,2013-04-01 04:00:00+00:00,0.0
5392,2013-04-01 04:30:00+00:00,0.0
5392,2013-04-01 05:00:00+00:00,0.0
5392,2013-04-01 05:30:00+00:00,0.0
5392,2013-04-01 06:00:00+00:00,0.0
5392,2013-04-01 06:30:00+00:00,0.05
5392,2013-04-01 07:00:00+00:00,3.01
5392,2013-04-01 07:30:00+00:00,3.81
5392,2013-04-01 08:00:00+00:00,27.67
5392,2013-04-01 08:30:00+00:00,47.46
5392,2013-04-01 09:00:00+00:00,437.99
5392,2013-04-01 09:30:00+00:00,229.21
5392,2013-04-01 10:00:00+00:00,346.51
5392,2013-04-01 10:30:00+00:00,314.39
5392,2013-04-01 11:00:00+00:00,197.66
5392,2013-04-01 11:30:00+00:00,149.24
5392,2013-04-01 12:00:00+00:00,331.08
5392,2013-04-01 12:30:00+00:00,641.45
5392,2013-04-01 13:00:00+00:00,784.45
5392,2013-04-01 13:30:00+00:00,630.0
5392,2013-04-01 14:00:00+00:00,603.7
5392,2013-04-01 14:30:00+00:00,678.8
5392,2013-04-01 15:00:00+00:00,604.9
5392,2013-04-01 15:30:00+00:00,860.5
5392,2013-04-01 16:00:00+00:00,864.9
5392,2013-04-01 16:30:00+00:00,461.84
5392,2013-04-01 17:00:00+00:00,406.04
5392,2013-04-01 17:30:00+00:00,198.97
5392,2013-04-01 18:00:00+00:00,63.08
5392,2013-04-01 18:30:00+00:00,1.78
5392,2013-04-01 19:00:00+00:00,0.0
5392,2013-04-01 19:30:00+00:00,0.0
5392,2013-04-01 20:00:00+00:00,0.0
5392,2013-04-01 20:30:00+00:00,0.0
5392,2013-04-01 21:00:00+00:00,0.0
5392,2013-04-01 21:30:00+00:00,0.0
5392,2013-04-01 22:00:00+00:00,0.0
5392,2013-04-01 22:30:00+00:00,0.0
5392,2013-04-01 23:00:00+00:00,0.0
5392,2013-04-01 23:30:00+00:00,0.0
5392,2013-04-02 00:00:00+00:00,0.0
5392,2013-04-02 00:30:00+00:00,0.0
5392,2013-04-02 01:00:00+00:00,0.0
5392,2013-04-02 01:30:00+00:00,0.0
5392,2013-04-02 02:00:00+00:00,0.0
5392,2013-04-02 02:30:00+00:00,0.0
5392,2013-04-02 03:00:00+00:00,0.0
5392,2013-04-02 03:30:00+00:00,0.0
5392,2013-04-02 04:00:00+00:00,0.0
5392,2013-04-02 04:30:00+00:00,0.0
5392,2013-04-02 05:00:00+00:00,0.0
5392,2013-04-02 05:30:00+00:00,0.0
5392,2013-04-02 06:00:00+00:00,1.7
5392,2013-04-02 06:30:00+00:00,45.85
5392,2013-04-02 07:00:00+00:00,149.74
5392,2013-04-02 07:30:00+00:00,292.4
5392,2013-04-02 08:00:00+00:00,535.35
5392,2013-04-02 08:30:00+00:00,751.05
5392,2013-04-02 09:00:00+00:00,734.3
5392,2013-04-02 09:30:00+00:00,1145.75
5392,2013-04-02 10:00:00+00:00,1270.0
5392,2013-04-02 10:30:00+00:00,1327.3
5392,2013-04-02 11:00:00+00:00,1394.75
5392,2013-04-02 11:30:00+00:00,1463.5
5392,2013-04-02 12:00:00+00:00,1354.15
5392,2013-04-02 12:30:00+00:00,721.45
5392,2013-04-02 13:00:00+00:00,1520.35
5392,2013-04-02 13:30:00+00:00,1471.45
5392,2013-04-02 14:00:00+00:00,1355.6
5392,2013-04-02 14:30:00+00:00,1296.5
5392,2013-04-02 15:00:00+00:00,1184.75
5392,2013-04-02 15:30:00+00:00,1043.0
5392,2013-04-02 16:00:00+00:00,862.9
5392,2013-04-02 16:30:00+00:00,657.0
5392,2013-04-02 17:00:00+00:00,425.44
5392,2013-04-02 17:30:00+00:00,207.17
5392,2013-04-02 18:00:00+00:00,67.44
5392,2013-04-02 18:30:00+00:00,1.77
5392,2013-04-02 19:00:00+00:00,0.0
5392,2013-04-02 19:30:00+00:00,0.0
5392,2013-04-02 20:00:00+00:00,0.0
5392,2013-04-02 20:30:00+00:00,0.0
5392,2013-04-02 21:00:00+00:00,0.0
5392,2013-04-02 21:30:00+00:00,0.0
5392,2013-04-02 22:00:00+00:00,0.0
5392,2013-04-02 22:30:00+00:00,0.0
5392,2013-04-02 23:00:00+00:00,0.0
5392,2013-04-02 23:30:00+00:00,0.0
5392,2013-04-03 00:00:00+00:00,0.0
5392,2013-04-03 00:30:00+00:00,0.0
5392,2013-04-03 01:00:00+00:00,0.0
5392,2013-04-03 01:30:00+00:00,0.0
5392,2013-04-03 02:00:00+00:00,0.0
5392,2013-04-03 02:30:00+00:00,0.0
5392,2013-04-03 03:00:00+00:00,0.0
5392,2013-04-03 03:30:00+00:00,0.0
5392,2013-04-03 04:00:00+00:00,0.0
5392,2013-04-03 04:30:00+00:00,0.0
5392,2013-04-03 05:00:00+00:00,0.0
5392,2013-04-03 05:30:00+00:00,0.0
5392,2013-04-03 06:00:00+00:00,1.11
5392,2013-04-03 06:30:00+00:00,37.8
5392,2013-04-03 07:00:00+00:00,46.89
5392,2013-04-03 07:30:00+00:00,50.87
5392,2013-04-03 08:00:00+00:00,57.23
5392,2013-04-03 08:30:00+00:00,56.02
5392,2013-04-03 09:00:00+00:00,78.78
5392,2013-04-03 09:30:00+00:00,100.13
5392,2013-04-03 10:00:00+00:00,137.45
5392,2013-04-03 10:30:00+00:00,139.33
5392,2013-04-03 11:00:00+00:00,205.15
5392,2013-04-03 11:30:00+00:00,191.37
5392,2013-04-03 12:00:00+00:00,239.24
5392,2013-04-03 12:30:00+00:00,198.46
5392,2013-04-03 13:00:00+00:00,177.0
5392,2013-04-03 13:30:00+00:00,157.16
5392,2013-04-03 14:00:00+00:00,137.09
5392,2013-04-03 14:30:00+00:00,139.95
5392,2013-04-03 15:00:00+00:00,147.55
5392,2013-04-03 15:30:00+00:00,51.28
5392,2013-04-03 16:00:00+00:00,45.47
5392,2013-04-03 16:30:00+00:00,75.54
5392,2013-04-03 17:00:00+00:00,40.93
5392,2013-04-03 17:30:00+00:00,5.03
5392,2013-04-03 18:00:00+00:00,3.03
5392,2013-04-03 18:30:00+00:00,0.11
5392,2013-04-03 19:00:00+00:00,0.0
5392,2013-04-03 19:30:00+00:00,0.0
5392,2013-04-03 20:00:00+00:00,0.0
5392,2013-04-03 20:30:00+00:00,0.0
5392,2013-04-03 21:00:00+00:00,0.0
5392,2013-04-03 21:30:00+00:00,0.0
5392,2013-04-03 22:00:00+00:00,0.0
5392,2013-04-03 22:30:00+00:00,0.0
5392,2013-04-03 23:00:00+00:00,0.0
5392,2013-04-03 23:30:00+00:00,0.0
5392,2013-04-04 00:00:00+00:00,0.0
5392,2013-04-04 00:30:00+00:00,0.0
5392,2013-04-04 01:00:00+00:00,0.0
5392,2013-04-04 01:30:00+00:00,0.0
5392,2013-04-04 02:00:00+00:00,0.0
5392,2013-04-04 02:30:00+00:00,0.0
5392,2013-04-04 03:00:00+00:00,0.0
5392,2013-04-04 03:30:00+00:00,0.0
5392,2013-04-04 04:00:00+00:00,0.0
5392,2013-04-04 04:30:00+00:00,0.0
5392,2013-04-04 05:00:00+00:00,0.0
5392,2013-04-04 05:30:00+00:00,0.0
5392,2013-04-04 06:00:00+00:00,0.84
5392,2013-04-04 06:30:00+00:00,3.01
5392,2013-04-04 07:00:00+00:00,14.39
5392,2013-04-04 07:30:00+00:00,37.92
5392,2013-04-04 08:00:00+00:00,70.95
5392,2013-04-04 08:30:00+00:00,28.81
5392,2013-04-04 09:00:00+00:00,22.51
5392,2013-04-04 09:30:00+00:00,85.73
5392,2013-04-04 10:00:00+00:00,82.52
5392,2013-04-04 10:30:00+00:00,56.53
5392,2013-04-04 11:00:00+00:00,20.71
5392,2013-04-04 11:30:00+00:00,73.42
5392,2013-04-04 12:00:00+00:00,187.27
5392,2013-04-04 12:30:00+00:00,234.99
5392,2013-04-04 13:00:00+00:00,159.47
5392,2013-04-04 13:30:00+00:00,102.13
5392,2013-04-04 14:00:00+00:00,54.45
5392,2013-04-04 14:30:00+00:00,17.67
5392,2013-04-04 15:00:00+00:00,2.97
5392,2013-04-04 15:30:00+00:00,0.58
5392,2013-04-04 16:00:00+00:00,0.14
5392,2013-04-04 16:30:00+00:00,0.05
5392,2013-04-04 17:00:00+00:00,0.8
5392,2013-04-04 17:30:00+00:00,24.31
5392,2013-04-04 18:00:00+00:00,3.25
5392,2013-04-04 18:30:00+00:00,0.53
5392,2013-04-04 19:00:00+00:00,0.0
5392,2013-04-04 19:30:00+00:00,0.0
5392,2013-04-04 20:00:00+00:00,0.0
5392,2013-04-04 20:30:00+00:00,0.0
5392,2013-04-04 21:00:00+00:00,0.0
5392,2013-04-04 21:30:00+00:00,0.0
5392,2013-04-04 22:00:00+00:00,0.0
5392,2013-04-04 22:30:00+00:00,0.0
5392,2013-04-04 23:00:00+00:00,0.0
5392,2013-04-04 23:30:00+00:00,0.0
5392,2013-04-05 00:00:00+00:00,0.0
5392,2013-04-05 00:30:00+00:00,0.0
5392,2013-04-05 01:00:00+00:00,0.0
5392,2013-04-05 01:30:00+00:00,0.0
5392,2013-04-05 02:00:00+00:00,0.0
5392,2013-04-05 02:30:00+00:00,0.0
5392,2013-04-05 03:00:00+00:00,0.0
5392,2013-04-05 03:30:00+00:00,0.0
5392,2013-04-05 04:00:00+00:00,0.0
5392,2013-04-05 04:30:00+00:00,0.0
5392,2013-04-05 05:00:00+00:00,0.0
5392,2013-04-05 05:30:00+00:00,0.0
5392,2013-04-05 06:00:00+00:00,0.0
5392,2013-04-05 06:30:00+00:00,0.01
5392,2013-04-05 07:00:00+00:00,16.15
5392,2013-04-05 07:30:00+00:00,61.4
5392,2013-04-05 08:00:00+00:00,50.38
5392,2013-04-05 08:30:00+00:00,39.53
5392,2013-04-05 09:00:00+00:00,101.77
5392,2013-04-05 09:30:00+00:00,167.14
5392,2013-04-05 10:00:00+00:00,197.64
5392,2013-04-05 10:30:00+00:00,228.95
5392,2013-04-05 11:00:00+00:00,249.25
5392,2013-04-05 11:30:00+00:00,353.16
5392,2013-04-05 12:00:00+00:00,565.4
5392,2013-04-05 12:30:00+00:00,588.15
5392,2013-04-05 13:00:00+00:00,741.5
5392,2013-04-05 13:30:00+00:00,715.65
5392,2013-04-05 14:00:00+00:00,668.5
5392,2013-04-05 14:30:00+00:00,647.7
5392,2013-04-05 15:00:00+00:00,457.48
5392,2013-04-05 15:30:00+00:00,358.42
5392,2013-04-05 16:00:00+00:00,296.39
5392,2013-04-05 16:30:00+00:00,178.03
5392,2013-04-05 17:00:00+00:00,127.95
5392,2013-04-05 17:30:00+00:00,102.61
5392,2013-04-05 18:00:00+00:00,62.58
5392,2013-04-05 18:30:00+00:00,6.68
5392,2013-04-05 19:00:00+00:00,0.0
5392,2013-04-05 19:30:00+00:00,0.0
5392,2013-04-05 20:00:00+00:00,0.0
5392,2013-04-05 20:30:00+00:00,0.0
5392,2013-04-05 21:00:00+00:00,0.0
5392,2013-04-05 21:30:00+00:00,0.0
5392,2013-04-05 22:00:00+00:00,0.0
5392,2013-04-05 22:30:00+00:00,0.0
5392,2013-04-05 23:00:00+00:00,0.0
5392,2013-04-05 23:30:00+00:00,0.0
5392,2013-04-06 00:00:00+00:00,0.0
5392,2013-04-06 00:30:00+00:00,0.0
5392,2013-04-06 01:00:00+00:00,0.0
5392,2013-04-06 01:30:00+00:00,0.0
5392,2013-04-06 02:00:00+00:00,0.0
5392,2013-04-06 02:30:00+00:00,0.0
5392,2013-04-06 03:00:00+00:00,0.0
5392,2013-04-06 03:30:00+00:00,0.0
5392,2013-04-06 04:00:00+00:00,0.0
5392,2013-04-06 04:30:00+00:00,0.0
5392,2013-04-06 05:00:00+00:00,0.0
5392,2013-04-06 05:30:00+00:00,0.0
5392,2013-04-06 06:00:00+00:00,3.03
5392,2013-04-06 06:30:00+00:00,57.43
5392,2013-04-06 07:00:00+00:00,164.25
5392,2013-04-06 07:30:00+00:00,330.44
5392,2013-04-06 08:00:00+00:00,566.85
5392,2013-04-06 08:30:00+00:00,670.95
5392,2013-04-06 09:00:00+00:00,916.15
5392,2013-04-06 09:30:00+00:00,1052.65
5392,2013-04-06 10:00:00+00:00,1164.3
5392,2013-04-06 10:30:00+00:00,961.4
5392,2013-04-06 11:00:00+00:00,404.91
5392,2013-04-06 11:30:00+00:00,964.2
5392,2013-04-06 12:00:00+00:00,622.75
5392,2013-04-06 12:30:00+00:00,923.25
5392,2013-04-06 13:00:00+00:00,862.5
5392,2013-04-06 13:30:00+00:00,708.6
5392,2013-04-06 14:00:00+00:00,716.3
5392,2013-04-06 14:30:00+00:00,668.5
5392,2013-04-06 15:00:00+00:00,831.85
5392,2013-04-06 15:30:00+00:00,789.35
5392,2013-04-06 16:00:00+00:00,659.45
5392,2013-04-06 16:30:00+00:00,584.7
5392,2013-04-06 17:00:00+00:00,359.44
5392,2013-04-06 17:30:00+00:00,204.46
5392,2013-04-06 18:00:00+00:00,72.44
5392,2013-04-06 18:30:00+00:00,4.75
5392,2013-04-06 19:00:00+00:00,0.0
5392,2013-04-06 19:30:00+00:00,0.0
5392,2013-04-06 20:00:00+00:00,0.0
5392,2013-04-06 20:30:00+00:00,0.0
5392,2013-04-06 21:00:00+00:00,0.0
5392,2013-04-06 21:30:00+00:00,0.0
5392,2013-04-06 22:00:00+00:00,0.0
5392,2013-04-06 22:30:00+00:00,0.0
5392,2013-04-06 23:00:00+00:00,0.0
5392,2013-04-06 23:30:00+00:00,0.0
5392,2013-04-07 00:00:00+00:00,0.0
5392,2013-04-07 00:30:00+00:00,0.0
5392,2013-04-07 01:00:00+00:00,0.0
5392,2013-04-07 01:30:00+00:00,0.0
5392,2013-04-07 02:00:00+00:00,0.0
5392,2013-04-07 02:30:00+00:00,0.0
5392,2013-04-07 03:00:00+00:00,0.0
5392,2013-04-07 03:30:00+00:00,0.0
5392,2013-04-07 04:00:00+00:00,0.0
5392,2013-04-07 04:30:00+00:00,0.0
5392,2013-04-07 05:00:00+00:00,0.0
5392,2013-04-07 05:30:00+00:00,0.0
5392,2013-04-07 06:00:00+00:00,4.65
5392,2013-04-07 06:30:00+00:00,72.73
5392,2013-04-07 07:00:00+00:00,197.71
5392,2013-04-07 07:30:00+00:00,319.92
5392,2013-04-07 08:00:00+00:00,579.2
5392,2013-04-07 08:30:00+00:00,744.15
5392,2013-04-07 09:00:00+00:00,861.5
5392,2013-04-07 09:30:00+00:00,938.05
5392,2013-04-07 10:00:00+00:00,1078.0
5392,2013-04-07 10:30:00+00:00,1135.2
5392,2013-04-07 11:00:00+00:00,1072.0
5392,2013-04-07 11:30:00+00:00,1087.3
5392,2013-04-07 12:00:00+00:00,1192.05
5392,2013-04-07 12:30:00+00:00,1274.05
5392,2013-04-07 13:00:00+00:00,1316.6
5392,2013-04-07 13:30:00+00:00,1304.85
5392,2013-04-07 14:00:00+00:00,1127.4
5392,2013-04-07 14:30:00+00:00,1060.0
5392,2013-04-07 15:00:00+00:00,649.7
5392,2013-04-07 15:30:00+00:00,401.46
5392,2013-04-07 16:00:00+00:00,471.56
5392,2013-04-07 16:30:00+00:00,318.03
5392,2013-04-07 17:00:00+00:00,171.32
5392,2013-04-07 17:30:00+00:00,117.88
5392,2013-04-07 18:00:00+00:00,51.97
5392,2013-04-07 18:30:00+00:00,1.99
5392,2013-04-07 19:00:00+00:00,0.0
5392,2013-04-07 19:30:00+00:00,0.0
5392,2013-04-07 20:00:00+00:00,0.0
5392,2013-04-07 20:30:00+00:00,0.0
5392,2013-04-07 21:00:00+00:00,0.0
5392,2013-04-07 21:30:00+00:00,0.0
5392,2013-04-07 22:00:00+00:00,0.0
5392,2013-04-07 22:30:00+00:00,0.0
5392,2013-04-07 23:00:00+00:00,0.0
5392,2013-04-07 23:30:00+00:00,0.0
5392,2013-04-08 00:00:00+00:00,0.0
5392,2013-04-08 00:30:00+00:00,0.0
5392,2013-04-08 01:00:00+00:00,0.0
5392,2013-04-08 01:30:00+00:00,0.0
5392,2013-04-08 02:00:00+00:00,0.0
5392,2013-04-08 02:30:00+00:00,0.0
5392,2013-04-08 03:00:00+00:00,0.0
5392,2013-04-08 03:30:00+00:00,0.0
5392,2013-04-08 04:00:00+00:00,0.0
5392,2013-04-08 04:30:00+00:00,0.0
5392,2013-04-08 05:00:00+00:00,0.0
5392,2013-04-08 05:30:00+00:00,0.0
5392,2013-04-08 06:00:00+00:00,1.13
5392,2013-04-08 06:30:00+00:00,25.59
5392,2013-04-08 07:00:00+00:00,109.94
5392,2013-04-08 07:30:00+00:00,189.0
5392,2013-04-08 08:00:00+00:00,284.69
5392,2013-04-08 08:30:00+00:00,342.84
5392,2013-04-08 09:00:00+00:00,405.09
5392,2013-04-08 09:30:00+00:00,528.75
5392,2013-04-08 10:00:00+00:00,529.8
5392,2013-04-08 10:30:00+00:00,510.8
5392,2013-04-08 11:00:00+00:00,570.1
5392,2013-04-08 11:30:00+00:00,778.1
5392,2013-04-08 12:00:00+00:00,795.3
5392,2013-04-08 12:30:00+00:00,779.35
5392,2013-04-08 13:00:00+00:00,832.0
5392,2013-04-08 13:30:00+00:00,794.05
5392,2013-04-08 14:00:00+00:00,878.05
5392,2013-04-08 14:30:00+00:00,832.1
5392,2013-04-08 15:00:00+00:00,840.95
5392,2013-04-08 15:30:00+00:00,604.7
5392,2013-04-08 16:00:00+00:00,597.3
5392,2013-04-08 16:30:00+00:00,476.37
5392,2013-04-08 17:00:00+00:00,249.25
5392,2013-04-08 17:30:00+00:00,138.9
5392,2013-04-08 18:00:00+00:00,72.97
5392,2013-04-08 18:30:00+00:00,20.42
5392,2013-04-08 19:00:00+00:00,0.0
5392,2013-04-08 19:30:00+00:00,0.0
5392,2013-04-08 20:00:00+00:00,0.0
5392,2013-04-08 20:30:00+00:00,0.0
5392,2013-04-08 21:00:00+00:00,0.0
5392,2013-04-08 21:30:00+00:00,0.0
5392,2013-04-08 22:00:00+00:00,0.0
5392,2013-04-08 22:30:00+00:00,0.0
5392,2013-04-08 23:00:00+00:00,0.0
5392,2013-04-08 23:30:00+00:00,0.0
5392,2013-04-09 00:00:00+00:00,0.0
5392,2013-04-09 00:30:00+00:00,0.0
5392,2013-04-09 01:00:00+00:00,0.0
5392,2013-04-09 01:30:00+00:00,0.0
5392,2013-04-09 02:00:00+00:00,0.0
5392,2013-04-09 02:30:00+00:00,0.0
5392,2013-04-09 03:00:00+00:00,0.0
5392,2013-04-09 03:30:00+00:00,0.0
5392,2013-04-09 04:00:00+00:00,0.0
5392,2013-04-09 04:30:00+00:00,0.0
5392,2013-04-09 05:00:00+00:00,0.0
5392,2013-04-09 05:30:00+00:00,0.0
5392,2013-04-09 06:00:00+00:00,0.55
5392,2013-04-09 06:30:00+00:00,13.68
5392,2013-04-09 07:00:00+00:00,62.45
5392,2013-04-09 07:30:00+00:00,109.71
5392,2013-04-09 08:00:00+00:00,137.07
5392,2013-04-09 08:30:00+00:00,165.05
5392,2013-04-09 09:00:00+00:00,88.08
5392,2013-04-09 09:30:00+00:00,123.95
5392,2013-04-09 10:00:00+00:00,234.12
5392,2013-04-09 10:30:00+00:00,527.25
5392,2013-04-09 11:00:00+00:00,637.3
5392,2013-04-09 11:30:00+00:00,552.6
5392,2013-04-09 12:00:00+00:00,392.58
5392,2013-04-09 12:30:00+00:00,636.15
5392,2013-04-09 13:00:00+00:00,317.65
5392,2013-04-09 13:30:00+00:00,247.54
5392,2013-04-09 14:00:00+00:00,235.38
5392,2013-04-09 14:30:00+00:00,313.69
5392,2013-04-09 15:00:00+00:00,226.74
5392,2013-04-09 15:30:00+00:00,154.76
5392,2013-04-09 16:00:00+00:00,80.09
5392,2013-04-09 16:30:00+00:00,80.78
5392,2013-04-09 17:00:00+00:00,29.16
5392,2013-04-09 17:30:00+00:00,2.25
5392,2013-04-09 18:00:00+00:00,0.48
5392,2013-04-09 18:30:00+00:00,0.0
5392,2013-04-09 19:00:00+00:00,0.0
5392,2013-04-09 19:30:00+00:00,0.0
5392,2013-04-09 20:00:00+00:00,0.0
5392,2013-04-09 20:30:00+00:00,0.0
5392,2013-04-09 21:00:00+00:00,0.0
5392,2013-04-09 21:30:00+00:00,0.0
5392,2013-04-09 22:00:00+00:00,0.0
5392,2013-04-09 22:30:00+00:00,0.0
5392,2013-04-09 23:00:00+00:00,0.0
5392,2013-04-09 23:30:00+00:00,0.0
5392,2013-04-10 00:00:00+00:00,0.0
5392,2013-04-10 00:30:00+00:00,0.0
5392,2013-04-10 01:00:00+00:00,0.0
5392,2013-04-10 01:30:00+00:00,0.0
5392,2013-04-10 02:00:00+00:00,0.0
5392,2013-04-10 02:30:00+00:00,0.0
5392,2013-04-10 03:00:00+00:00,0.0
5392,2013-04-10 03:30:00+00:00,0.0
5392,2013-04-10 04:00:00+00:00,0.0
5392,2013-04-10 04:30:00+00:00,0.0
5392,2013-04-10 05:00:00+00:00,0.0
5392,2013-04-10 05:30:00+00:00,0.0
5392,2013-04-10 06:00:00+00:00,0.05
5392,2013-04-10 06:30:00+00:00,3.75
5392,2013-04-10 07:00:00+00:00,43.68
5392,2013-04-10 07:30:00+00:00,83.02
5392,2013-04-10 08:00:00+00:00,124.97
5392,2013-04-10 08:30:00+00:00,151.65
5392,2013-04-10 09:00:00+00:00,225.4
5392,2013-04-10 09:30:00+00:00,559.9
5392,2013-04-10 10:00:00+00:00,877.75
5392,2013-04-10 10:30:00+00:00,1153.75
5392,2013-04-10 11:00:00+00:00,1227.85
5392,2013-04-10 11:30:00+00:00,1282.1
5392,2013-04-10 12:00:00+00:00,1330.95
5392,2013-04-10 12:30:00+00:00,1061.8
5392,2013-04-10 13:00:00+00:00,976.65
5392,2013-04-10 13:30:00+00:00,941.6
5392,2013-04-10 14:00:00+00:00,829.4
5392,2013-04-10 14:30:00+00:00,471.98
5392,2013-04-10 15:00:00+00:00,356.53
5392,2013-04-10 15:30:00+00:00,346.69
5392,2013-04-10 16:00:00+00:00,439.08
5392,2013-04-10 16:30:00+00:00,220.83
5392,2013-04-10 17:00:00+00:00,128.07
5392,2013-04-10 17:30:00+00:00,79.93
5392,2013-04-10 18:00:00+00:00,20.09
5392,2013-04-10 18:30:00+00:00,0.1
5392,2013-04-10 19:00:00+00:00,0.0
5392,2013-04-10 19:30:00+00:00,0.0
5392,2013-04-10 20:00:00+00:00,0.0
5392,2013-04-10 20:30:00+00:00,0.0
5392,2013-04-10 21:00:00+00:00,0.0
5392,2013-04-10 21:30:00+00:00,0.0
5392,2013-04-10 22:00:00+00:00,0.0
5392,2013-04-10 22:30:00+00:00,0.0
5392,2013-04-10 23:00:00+00:00,0.0
5392,2013-04-10 23:30:00+00:00,0.0
5392,2013-04-11 00:00:00+00:00,0.0
5392,2013-04-11 00:30:00+00:00,0.0
5392,2013-04-11 01:00:00+00:00,0.0
5392,2013-04-11 01:30:00+00:00,0.0
5392,2013-04-11 02:00:00+00:00,0.0
5392,2013-04-11 02:30:00+00:00,0.0
5392,2013-04-11 03:00:00+00:00,0.0
5392,2013-04-11 03:30:00+00:00,0.0
5392,2013-04-11 04:00:00+00:00,0.0
5392,2013-04-11 04:30:00+00:00,0.0
5392,2013-04-11 05:00:00+00:00,0.0
5392,2013-04-11 05:30:00+00:00,0.0
5392,2013-04-11 06:00:00+00:00,0.0
5392,2013-04-11 06:30:00+00:00,0.21
5392,2013-04-11 07:00:00+00:00,1.63
5392,2013-04-11 07:30:00+00:00,4.58
5392,2013-04-11 08:00:00+00:00,26.21
5392,2013-04-11 08:30:00+00:00,50.36
5392,2013-04-11 09:00:00+00:00,72.24
5392,2013-04-11 09:30:00+00:00,92.09
5392,2013-04-11 10:00:00+00:00,80.86
5392,2013-04-11 10:30:00+00:00,113.17
5392,2013-04-11 11:00:00+00:00,126.36
5392,2013-04-11 11:30:00+00:00,152.44
5392,2013-04-11 12:00:00+00:00,131.15
5392,2013-04-11 12:30:00+00:00,164.68
5392,2013-04-11 13:00:00+00:00,112.94
5392,2013-04-11 13:30:00+00:00,140.36
5392,2013-04-11 14:00:00+00:00,192.63
5392,2013-04-11 14:30:00+00:00,263.56
5392,2013-04-11 15:00:00+00:00,280.71
5392,2013-04-11 15:30:00+00:00,283.31
5392,2013-04-11 16:00:00+00:00,169.68
5392,2013-04-11 16:30:00+00:00,160.94
5392,2013-04-11 17:00:00+00:00,191.14
5392,2013-04-11 17:30:00+00:00,171.1
5392,2013-04-11 18:00:00+00:00,88.9
5392,2013-04-11 18:30:00+00:00,9.87
5392,2013-04-11 19:00:00+00:00,0.0
5392,2013-04-11 19:30:00+00:00,0.0
5392,2013-04-11 20:00:00+00:00,0.0
5392,2013-04-11 20:30:00+00:00,0.0
5392,2013-04-11 21:00:00+00:00,0.0
5392,2013-04-11 21:30:00+00:00,0.0
5392,2013-04-11 22:00:00+00:00,0.0
5392,2013-04-11 22:30:00+00:00,0.0
5392,2013-04-11 23:00:00+00:00,0.0
5392,2013-04-11 23:30:00+00:00,0.0
5392,2013-04-12 00:00:00+00:00,0.0
5392,2013-04-12 00:30:00+00:00,0.0
5392,2013-04-12 01:00:00+00:00,0.0
5392,2013-04-12 01:30:00+00:00,0.0
5392,2013-04-12 02:00:00+00:00,0.0
5392,2013-04-12 02:30:00+00:00,0.0
5392,2013-04-12 03:00:00+00:00,0.0
5392,2013-04-12 03:30:00+00:00,0.0
5392,2013-04-12 04:00:00+00:00,0.0
5392,2013-04-12 04:30:00+00:00,0.0
5392,2013-04-12 05:00:00+00:00,0.0
5392,2013-04-12 05:30:00+00:00,0.0
5392,2013-04-12 06:00:00+00:00,0.01
5392,2013-04-12 06:30:00+00:00,14.37
5392,2013-04-12 07:00:00+00:00,41.97
5392,2013-04-12 07:30:00+00:00,122.2
5392,2013-04-12 08:00:00+00:00,185.7
5392,2013-04-12 08:30:00+00:00,132.77
5392,2013-04-12 09:00:00+00:00,228.43
5392,2013-04-12 09:30:00+00:00,198.64
5392,2013-04-12 10:00:00+00:00,456.42
5392,2013-04-12 10:30:00+00:00,336.65
5392,2013-04-12 11:00:00+00:00,691.5
5392,2013-04-12 11:30:00+00:00,143.42
5392,2013-04-12 12:00:00+00:00,90.37
5392,2013-04-12 12:30:00+00:00,582.9
5392,2013-04-12 13:00:00+00:00,45.59
5392,2013-04-12 13:30:00+00:00,596.05
5392,2013-04-12 14:00:00+00:00,239.21
5392,2013-04-12 14:30:00+00:00,410.56
5392,2013-04-12 15:00:00+00:00,306.8
5392,2013-04-12 15:30:00+00:00,213.06
5392,2013-04-12 16:00:00+00:00,241.98
5392,2013-04-12 16:30:00+00:00,143.36
5392,2013-04-12 17:00:00+00:00,194.54
5392,2013-04-12 17:30:00+00:00,108.62
5392,2013-04-12 18:00:00+00:00,1.35
5392,2013-04-12 18:30:00+00:00,36.5
5392,2013-04-12 19:00:00+00:00,0.0
5392,2013-04-12 19:30:00+00:00,0.0
5392,2013-04-12 20:00:00+00:00,0.0
5392,2013-04-12 20:30:00+00:00,0.0
5392,2013-04-12 21:00:00+00:00,0.0
5392,2013-04-12 21:30:00+00:00,0.0
5392,2013-04-12 22:00:00+00:00,0.0
5392,2013-04-12 22:30:00+00:00,0.0
5392,2013-04-12 23:00:00+00:00,0.0
5392,2013-04-12 23:30:00+00:00,0.0
5392,2013-04-13 00:00:00+00:00,0.0
5392,2013-04-13 00:30:00+00:00,0.0
5392,2013-04-13 01:00:00+00:00,0.0
5392,2013-04-13 01:30:00+00:00,0.0
5392,2013-04-13 02:00:00+00:00,0.0
5392,2013-04-13 02:30:00+00:00,0.0
5392,2013-04-13 03:00:00+00:00,0.0
5392,2013-04-13 03:30:00+00:00,0.0
5392,2013-04-13 04:00:00+00:00,0.0
5392,2013-04-13 04:30:00+00:00,0.0
5392,2013-04-13 05:00:00+00:00,0.0
5392,2013-04-13 05:30:00+00:00,0.14
5392,2013-04-13 06:00:00+00:00,8.3
5392,2013-04-13 06:30:00+00:00,64.32
5392,2013-04-13 07:00:00+00:00,173.83
5392,2013-04-13 07:30:00+00:00,357.03
5392,2013-04-13 08:00:00+00:00,562.1
5392,2013-04-13 08:30:00+00:00,268.35
5392,2013-04-13 09:00:00+00:00,429.19
5392,2013-04-13 09:30:00+00:00,649.05
5392,2013-04-13 10:00:00+00:00,769.0
5392,2013-04-13 10:30:00+00:00,763.0
5392,2013-04-13 11:00:00+00:00,692.9
5392,2013-04-13 11:30:00+00:00,575.15
5392,2013-04-13 12:00:00+00:00,209.25
5392,2013-04-13 12:30:00+00:00,287.74
5392,2013-04-13 13:00:00+00:00,197.11
5392,2013-04-13 13:30:00+00:00,182.24
5392,2013-04-13 14:00:00+00:00,108.06
5392,2013-04-13 14:30:00+00:00,87.2
5392,2013-04-13 15:00:00+00:00,74.06
5392,2013-04-13 15:30:00+00:00,54.42
5392,2013-04-13 16:00:00+00:00,60.7
5392,2013-04-13 16:30:00+00:00,48.49
5392,2013-04-13 17:00:00+00:00,15.14
5392,2013-04-13 17:30:00+00:00,5.44
5392,2013-04-13 18:00:00+00:00,1.31
5392,2013-04-13 18:30:00+00:00,0.0
5392,2013-04-13 19:00:00+00:00,0.0
5392,2013-04-13 19:30:00+00:00,0.0
5392,2013-04-13 20:00:00+00:00,0.0
5392,2013-04-13 20:30:00+00:00,0.0
5392,2013-04-13 21:00:00+00:00,0.0
5392,2013-04-13 21:30:00+00:00,0.0
5392,2013-04-13 22:00:00+00:00,0.0
5392,2013-04-13 22:30:00+00:00,0.0
5392,2013-04-13 23:00:00+00:00,0.0
5392,2013-04-13 23:30:00+00:00,0.0
5392,2013-04-14 00:00:00+00:00,0.0
5392,2013-04-14 00:30:00+00:00,0.0
5392,2013-04-14 01:00:00+00:00,0.0
5392,2013-04-14 01:30:00+00:00,0.0
5392,2013-04-14 02:00:00+00:00,0.0
5392,2013-04-14 02:30:00+00:00,0.0
5392,2013-04-14 03:00:00+00:00,0.0
5392,2013-04-14 03:30:00+00:00,0.0
5392,2013-04-14 04:00:00+00:00,0.0
5392,2013-04-14 04:30:00+00:00,0.0
5392,2013-04-14 05:00:00+00:00,0.0
5392,2013-04-14 05:30:00+00:00,0.24
5392,2013-04-14 06:00:00+00:00,5.03
5392,2013-04-14 06:30:00+00:00,49.29
5392,2013-04-14 07:00:00+00:00,105.24
5392,2013-04-14 07:30:00+00:00,128.38
5392,2013-04-14 08:00:00+00:00,158.31
5392,2013-04-14 08:30:00+00:00,133.16
5392,2013-04-14 09:00:00+00:00,427.6
5392,2013-04-14 09:30:00+00:00,686.9
5392,2013-04-14 10:00:00+00:00,1020.45
5392,2013-04-14 10:30:00+00:00,1026.45
5392,2013-04-14 11:00:00+00:00,1390.15
5392,2013-04-14 11:30:00+00:00,1274.95
5392,2013-04-14 12:00:00+00:00,678.65
5392,2013-04-14 12:30:00+00:00,838.65
5392,2013-04-14 13:00:00+00:00,1298.9
5392,2013-04-14 13:30:00+00:00,1180.85
5392,2013-04-14 14:00:00+00:00,1253.5
5392,2013-04-14 14:30:00+00:00,1104.15
5392,2013-04-14 15:00:00+00:00,966.2
5392,2013-04-14 15:30:00+00:00,801.25
5392,2013-04-14 16:00:00+00:00,647.75
5392,2013-04-14 16:30:00+00:00,279.97
5392,2013-04-14 17:00:00+00:00,116.02
5392,2013-04-14 17:30:00+00:00,107.73
5392,2013-04-14 18:00:00+00:00,54.59
5392,2013-04-14 18:30:00+00:00,9.5
5392,2013-04-14 19:00:00+00:00,0.29
5392,2013-04-14 19:30:00+00:00,0.0
5392,2013-04-14 20:00:00+00:00,0.0
5392,2013-04-14 20:30:00+00:00,0.0
5392,2013-04-14 21:00:00+00:00,0.0
5392,2013-04-14 21:30:00+00:00,0.0
5392,2013-04-14 22:00:00+00:00,0.0
5392,2013-04-14 22:30:00+00:00,0.0
5392,2013-04-14 23:00:00+00:00,0.0
5392,2013-04-14 23:30:00+00:00,0.0
5392,2013-04-15 00:00:00+00:00,0.0
5392,2013-04-15 00:30:00+00:00,0.0
5392,2013-04-15 01:00:00+00:00,0.0
5392,2013-04-15 01:30:00+00:00,0.0
5392,2013-04-15 02:00:00+00:00,0.0
5392,2013-04-15 02:30:00+00:00,0.0
5392,2013-04-15 03:00:00+00:00,0.0
5392,2013-04-15 03:30:00+00:00,0.0
5392,2013-04-15 04:00:00+00:00,0.0
5392,2013-04-15 04:30:00+00:00,0.0
5392,2013-04-15 05:00:00+00:00,0.0
5392,2013-04-15 05:30:00+00:00,0.0
5392,2013-04-15 06:00:00+00:00,3.02
5392,2013-04-15 06:30:00+00:00,54.64
5392,2013-04-15 07:00:00+00:00,177.74
5392,2013-04-15 07:30:00+00:00,231.77
5392,2013-04-15 08:00:00+00:00,378.31
5392,2013-04-15 08:30:00+00:00,577.4
5392,2013-04-15 09:00:00+00:00,895.0
5392,2013-04-15 09:30:00+00:00,656.85
5392,2013-04-15 10:00:00+00:00,1147.6
5392,2013-04-15 10:30:00+00:00,1028.1
5392,2013-04-15 11:00:00+00:00,993.9
5392,2013-04-15 11:30:00+00:00,787.7
5392,2013-04-15 12:00:00+00:00,628.6
5392,2013-04-15 12:30:00+00:00,757.05
5392,2013-04-15 13:00:00+00:00,541.4
5392,2013-04-15 13:30:00+00:00,530.85
5392,2013-04-15 14:00:00+00:00,969.25
5392,2013-04-15 14:30:00+00:00,1008.8
5392,2013-04-15 15:00:00+00:00,992.1
5392,2013-04-15 15:30:00+00:00,739.1
5392,2013-04-15 16:00:00+00:00,394.53
5392,2013-04-15 16:30:00+00:00,189.14
5392,2013-04-15 17:00:00+00:00,191.5
5392,2013-04-15 17:30:00+00:00,94.21
5392,2013-04-15 18:00:00+00:00,60.0
5392,2013-04-15 18:30:00+00:00,22.11
5392,2013-04-15 19:00:00+00:00,0.58
5392,2013-04-15 19:30:00+00:00,0.0
5392,2013-04-15 20:00:00+00:00,0.0
5392,2013-04-15 20:30:00+00:00,0.0
5392,2013-04-15 21:00:00+00:00,0.0
5392,2013-04-15 21:30:00+00:00,0.0
5392,2013-04-15 22:00:00+00:00,0.0
5392,2013-04-15 22:30:00+00:00,0.0
5392,2013-04-15 23:00:00+00:00,0.0
5392,2013-04-15 23:30:00+00:00,0.0
5392,2013-04-16 00:00:00+00:00,0.0
5392,2013-04-16 00:30:00+00:00,0.0
5392,2013-04-16 01:00:00+00:00,0.0
5392,2013-04-16 01:30:00+00:00,0.0
5392,2013-04-16 02:00:00+00:00,0.0
5392,2013-04-16 02:30:00+00:00,0.0
5392,2013-04-16 03:00:00+00:00,0.0
5392,2013-04-16 03:30:00+00:00,0.0
5392,2013-04-16 04:00:00+00:00,0.0
5392,2013-04-16 04:30:00+00:00,0.0
5392,2013-04-16 05:00:00+00:00,0.0
5392,2013-04-16 05:30:00+00:00,0.0
5392,2013-04-16 06:00:00+00:00,0.05
5392,2013-04-16 06:30:00+00:00,1.62
5392,2013-04-16 07:00:00+00:00,37.7
5392,2013-04-16 07:30:00+00:00,59.4
5392,2013-04-16 08:00:00+00:00,202.19
5392,2013-04-16 08:30:00+00:00,250.09
5392,2013-04-16 09:00:00+00:00,579.15
5392,2013-04-16 09:30:00+00:00,469.33
5392,2013-04-16 10:00:00+00:00,372.3
5392,2013-04-16 10:30:00+00:00,604.7
5392,2013-04-16 11:00:00+00:00,506.75
5392,2013-04-16 11:30:00+00:00,410.27
5392,2013-04-16 12:00:00+00:00,472.99
5392,2013-04-16 12:30:00+00:00,436.13
5392,2013-04-16 13:00:00+00:00,553.6
5392,2013-04-16 13:30:00+00:00,543.3
5392,2013-04-16 14:00:00+00:00,523.3
5392,2013-04-16 14:30:00+00:00,948.65
5392,2013-04-16 15:00:00+00:00,780.3
5392,2013-04-16 15:30:00+00:00,845.3
5392,2013-04-16 16:00:00+00:00,798.35
5392,2013-04-16 16:30:00+00:00,621.55
5392,2013-04-16 17:00:00+00:00,412.63
5392,2013-04-16 17:30:00+00:00,207.98
5392,2013-04-16 18:00:00+00:00,75.01
5392,2013-04-16 18:30:00+00:00,9.57
5392,2013-04-16 19:00:00+00:00,1.39
5392,2013-04-16 19:30:00+00:00,0.0
5392,2013-04-16 20:00:00+00:00,0.0
5392,2013-04-16 20:30:00+00:00,0.0
5392,2013-04-16 21:00:00+00:00,0.0
5392,2013-04-16 21:30:00+00:00,0.0
5392,2013-04-16 22:00:00+00:00,0.0
5392,2013-04-16 22:30:00+00:00,0.0
5392,2013-04-16 23:00:00+00:00,0.0
5392,2013-04-16 23:30:00+00:00,0.0
5392,2013-04-17 00:00:00+00:00,0.0
5392,2013-04-17 00:30:00+00:00,0.0
5392,2013-04-17 01:00:00+00:00,0.0
5392,2013-04-17 01:30:00+00:00,0.0
5392,2013-04-17 02:00:00+00:00,0.0
5392,2013-04-17 02:30:00+00:00,0.0
5392,2013-04-17 03:00:00+00:00,0.0
5392,2013-04-17 03:30:00+00:00,0.0
5392,2013-04-17 04:00:00+00:00,0.0
5392,2013-04-17 04:30:00+00:00,0.0
5392,2013-04-17 05:00:00+00:00,0.0
5392,2013-04-17 05:30:00+00:00,0.0
5392,2013-04-17 06:00:00+00:00,3.06
5392,2013-04-17 06:30:00+00:00,5.04
5392,2013-04-17 07:00:00+00:00,63.86
5392,2013-04-17 07:30:00+00:00,92.53
5392,2013-04-17 08:00:00+00:00,79.63
5392,2013-04-17 08:30:00+00:00,60.29
5392,2013-04-17 09:00:00+00:00,66.0
5392,2013-04-17 09:30:00+00:00,104.05
5392,2013-04-17 10:00:00+00:00,169.37
5392,2013-04-17 10:30:00+00:00,157.86
5392,2013-04-17 11:00:00+00:00,181.41
5392,2013-04-17 11:30:00+00:00,474.33
5392,2013-04-17 12:00:00+00:00,923.05
5392,2013-04-17 12:30:00+00:00,738.05
5392,2013-04-17 13:00:00+00:00,818.0
5392,2013-04-17 13:30:00+00:00,970.4
5392,2013-04-17 14:00:00+00:00,1149.9
5392,2013-04-17 14:30:00+00:00,815.8
5392,2013-04-17 15:00:00+00:00,470.31
5392,2013-04-17 15:30:00+00:00,512.4
5392,2013-04-17 16:00:00+00:00,550.15
5392,2013-04-17 16:30:00+00:00,413.9
5392,2013-04-17 17:00:00+00:00,384.38
5392,2013-04-17 17:30:00+00:00,164.36
5392,2013-04-17 18:00:00+00:00,67.6
5392,2013-04-17 18:30:00+00:00,13.61
5392,2013-04-17 19:00:00+00:00,0.0
5392,2013-04-17 19:30:00+00:00,0.0
5392,2013-04-17 20:00:00+00:00,0.0
5392,2013-04-17 20:30:00+00:00,0.0
5392,2013-04-17 21:00:00+00:00,0.0
5392,2013-04-17 21:30:00+00:00,0.0
5392,2013-04-17 22:00:00+00:00,0.0
5392,2013-04-17 22:30:00+00:00,0.0
5392,2013-04-17 23:00:00+00:00,0.0
5392,2013-04-17 23:30:00+00:00,0.0
5392,2013-04-18 00:00:00+00:00,0.0
5392,2013-04-18 00:30:00+00:00,0.0
5392,2013-04-18 01:00:00+00:00,0.0
5392,2013-04-18 01:30:00+00:00,0.0
5392,2013-04-18 02:00:00+00:00,0.0
5392,2013-04-18 02:30:00+00:00,0.0
5392,2013-04-18 03:00:00+00:00,0.0
5392,2013-04-18 03:30:00+00:00,0.0
5392,2013-04-18 04:00:00+00:00,0.0
5392,2013-04-18 04:30:00+00:00,0.0
5392,2013-04-18 05:00:00+00:00,0.0
5392,2013-04-18 05:30:00+00:00,1.81
5392,2013-04-18 06:00:00+00:00,31.72
5392,2013-04-18 06:30:00+00:00,103.56
5392,2013-04-18 07:00:00+00:00,165.97
5392,2013-04-18 07:30:00+00:00,248.63
5392,2013-04-18 08:00:00+00:00,339.59
5392,2013-04-18 08:30:00+00:00,417.8
5392,2013-04-18 09:00:00+00:00,380.71
5392,2013-04-18 09:30:00+00:00,633.15
5392,2013-04-18 10:00:00+00:00,851.15
5392,2013-04-18 10:30:00+00:00,1105.65
5392,2013-04-18 11:00:00+00:00,983.95
5392,2013-04-18 11:30:00+00:00,943.7
5392,2013-04-18 12:00:00+00:00,1125.05
5392,2013-04-18 12:30:00+00:00,1227.6
5392,2013-04-18 13:00:00+00:00,674.95
5392,2013-04-18 13:30:00+00:00,848.6
5392,2013-04-18 14:00:00+00:00,764.7
5392,2013-04-18 14:30:00+00:00,258.56
5392,2013-04-18 15:00:00+00:00,171.87
5392,2013-04-18 15:30:00+00:00,46.37
5392,2013-04-18 16:00:00+00:00,889.95
5392,2013-04-18 16:30:00+00:00,538.25
5392,2013-04-18 17:00:00+00:00,464.42
5392,2013-04-18 17:30:00+00:00,130.12
5392,2013-04-18 18:00:00+00:00,63.23
5392,2013-04-18 18:30:00+00:00,32.42
5392,2013-04-18 19:00:00+00:00,1.93
5392,2013-04-18 19:30:00+00:00,0.0
5392,2013-04-18 20:00:00+00:00,0.0
5392,2013-04-18 20:30:00+00:00,0.0
5392,2013-04-18 21:00:00+00:00,0.0
5392,2013-04-18 21:30:00+00:00,0.0
5392,2013-04-18 22:00:00+00:00,0.0
5392,2013-04-18 22:30:00+00:00,0.0
5392,2013-04-18 23:00:00+00:00,0.0
5392,2013-04-18 23:30:00+00:00,0.0
5392,2013-04-19 00:00:00+00:00,0.0
5392,2013-04-19 00:30:00+00:00,0.0
5392,2013-04-19 01:00:00+00:00,0.0
5392,2013-04-19 01:30:00+00:00,0.0
5392,2013-04-19 02:00:00+00:00,0.0
5392,2013-04-19 02:30:00+00:00,0.0
5392,2013-04-19 03:00:00+00:00,0.0
5392,2013-04-19 03:30:00+00:00,0.0
5392,2013-04-19 04:00:00+00:00,0.0
5392,2013-04-19 04:30:00+00:00,0.0
5392,2013-04-19 05:00:00+00:00,0.0
5392,2013-04-19 05:30:00+00:00,0.8
5392,2013-04-19 06:00:00+00:00,20.57
5392,2013-04-19 06:30:00+00:00,25.67
5392,2013-04-19 07:00:00+00:00,95.05
5392,2013-04-19 07:30:00+00:00,195.49
5392,2013-04-19 08:00:00+00:00,415.24
5392,2013-04-19 08:30:00+00:00,261.55
5392,2013-04-19 09:00:00+00:00,277.73
5392,2013-04-19 09:30:00+00:00,330.83
5392,2013-04-19 10:00:00+00:00,401.89
5392,2013-04-19 10:30:00+00:00,196.2
5392,2013-04-19 11:00:00+00:00,196.05
5392,2013-04-19 11:30:00+00:00,248.55
5392,2013-04-19 12:00:00+00:00,339.63
5392,2013-04-19 12:30:00+00:00,312.13
5392,2013-04-19 13:00:00+00:00,418.88
5392,2013-04-19 13:30:00+00:00,494.58
5392,2013-04-19 14:00:00+00:00,243.23
5392,2013-04-19 14:30:00+00:00,182.06
5392,2013-04-19 15:00:00+00:00,89.23
5392,2013-04-19 15:30:00+00:00,186.5
5392,2013-04-19 16:00:00+00:00,111.15
5392,2013-04-19 16:30:00+00:00,31.61
5392,2013-04-19 17:00:00+00:00,48.16
5392,2013-04-19 17:30:00+00:00,113.09
5392,2013-04-19 18:00:00+00:00,44.6
5392,2013-04-19 18:30:00+00:00,22.29
5392,2013-04-19 19:00:00+00:00,1.6
5392,2013-04-19 19:30:00+00:00,0.0
5392,2013-04-19 20:00:00+00:00,0.0
5392,2013-04-19 20:30:00+00:00,0.0
5392,2013-04-19 21:00:00+00:00,0.0
5392,2013-04-19 21:30:00+00:00,0.0
5392,2013-04-19 22:00:00+00:00,0.0
5392,2013-04-19 22:30:00+00:00,0.0
5392,2013-04-19 23:00:00+00:00,0.0
5392,2013-04-19 23:30:00+00:00,0.0
5392,2013-04-20 00:00:00+00:00,0.0
5392,2013-04-20 00:30:00+00:00,0.0
5392,2013-04-20 01:00:00+00:00,0.0
5392,2013-04-20 01:30:00+00:00,0.0
5392,2013-04-20 02:00:00+00:00,0.0
5392,2013-04-20 02:30:00+00:00,0.0
5392,2013-04-20 03:00:00+00:00,0.0
5392,2013-04-20 03:30:00+00:00,0.0
5392,2013-04-20 04:00:00+00:00,0.0
5392,2013-04-20 04:30:00+00:00,0.0
5392,2013-04-20 05:00:00+00:00,0.0
5392,2013-04-20 05:30:00+00:00,2.56
5392,2013-04-20 06:00:00+00:00,30.35
5392,2013-04-20 06:30:00+00:00,78.71
5392,2013-04-20 07:00:00+00:00,198.05
5392,2013-04-20 07:30:00+00:00,394.38
5392,2013-04-20 08:00:00+00:00,630.4
5392,2013-04-20 08:30:00+00:00,829.9
5392,2013-04-20 09:00:00+00:00,995.4
5392,2013-04-20 09:30:00+00:00,1126.5
5392,2013-04-20 10:00:00+00:00,1237.25
5392,2013-04-20 10:30:00+00:00,1337.1
5392,2013-04-20 11:00:00+00:00,1378.6
5392,2013-04-20 11:30:00+00:00,1419.05
5392,2013-04-20 12:00:00+00:00,1433.3
5392,2013-04-20 12:30:00+00:00,1443.25
5392,2013-04-20 13:00:00+00:00,1420.7
5392,2013-04-20 13:30:00+00:00,1387.7
5392,2013-04-20 14:00:00+00:00,1350.7
5392,2013-04-20 14:30:00+00:00,1267.9
5392,2013-04-20 15:00:00+00:00,1160.4
5392,2013-04-20 15:30:00+00:00,1022.8
5392,2013-04-20 16:00:00+00:00,864.05
5392,2013-04-20 16:30:00+00:00,673.5
5392,2013-04-20 17:00:00+00:00,464.88
5392,2013-04-20 17:30:00+00:00,237.23
5392,2013-04-20 18:00:00+00:00,86.06
5392,2013-04-20 18:30:00+00:00,16.95
5392,2013-04-20 19:00:00+00:00,1.11
5392,2013-04-20 19:30:00+00:00,0.0
5392,2013-04-20 20:00:00+00:00,0.0
5392,2013-04-20 20:30:00+00:00,0.0
5392,2013-04-20 21:00:00+00:00,0.0
5392,2013-04-20 21:30:00+00:00,0.0
5392,2013-04-20 22:00:00+00:00,0.0
5392,2013-04-20 22:30:00+00:00,0.0
5392,2013-04-20 23:00:00+00:00,0.0
5392,2013-04-20 23:30:00+00:00,0.0
5392,2013-04-21 00:00:00+00:00,0.0
5392,2013-04-21 00:30:00+00:00,0.0
5392,2013-04-21 01:00:00+00:00,0.0
5392,2013-04-21 01:30:00+00:00,0.0
5392,2013-04-21 02:00:00+00:00,0.0
5392,2013-04-21 02:30:00+00:00,0.0
5392,2013-04-21 03:00:00+00:00,0.0
5392,2013-04-21 03:30:00+00:00,0.0
5392,2013-04-21 04:00:00+00:00,0.0
5392,2013-04-21 04:30:00+00:00,0.0
5392,2013-04-21 05:00:00+00:00,0.0
5392,2013-04-21 05:30:00+00:00,3.2
5392,2013-04-21 06:00:00+00:00,48.3
5392,2013-04-21 06:30:00+00:00,95.83
5392,2013-04-21 07:00:00+00:00,210.37
5392,2013-04-21 07:30:00+00:00,404.2
5392,2013-04-21 08:00:00+00:00,645.4
5392,2013-04-21 08:30:00+00:00,865.55
5392,2013-04-21 09:00:00+00:00,910.7
5392,2013-04-21 09:30:00+00:00,1138.3
5392,2013-04-21 10:00:00+00:00,1235.85
5392,2013-04-21 10:30:00+00:00,1319.25
5392,2013-04-21 11:00:00+00:00,1378.95
5392,2013-04-21 11:30:00+00:00,1411.95
5392,2013-04-21 12:00:00+00:00,1424.05
5392,2013-04-21 12:30:00+00:00,1406.8
5392,2013-04-21 13:00:00+00:00,1404.9
5392,2013-04-21 13:30:00+00:00,1259.15
5392,2013-04-21 14:00:00+00:00,1281.4
5392,2013-04-21 14:30:00+00:00,1233.5
5392,2013-04-21 15:00:00+00:00,934.95
5392,2013-04-21 15:30:00+00:00,390.72
5392,2013-04-21 16:00:00+00:00,411.31
5392,2013-04-21 16:30:00+00:00,195.42
5392,2013-04-21 17:00:00+00:00,146.41
5392,2013-04-21 17:30:00+00:00,152.31
5392,2013-04-21 18:00:00+00:00,121.95
5392,2013-04-21 18:30:00+00:00,12.06
5392,2013-04-21 19:00:00+00:00,0.33
5392,2013-04-21 19:30:00+00:00,0.0
5392,2013-04-21 20:00:00+00:00,0.0
5392,2013-04-21 20:30:00+00:00,0.0
5392,2013-04-21 21:00:00+00:00,0.0
5392,2013-04-21 21:30:00+00:00,0.0
5392,2013-04-21 22:00:00+00:00,0.0
5392,2013-04-21 22:30:00+00:00,0.0
5392,2013-04-21 23:00:00+00:00,0.0
5392,2013-04-21 23:30:00+00:00,0.0
5392,2013-04-22 00:00:00+00:00,0.0
5392,2013-04-22 00:30:00+00:00,0.0
5392,2013-04-22 01:00:00+00:00,0.0
5392,2013-04-22 01:30:00+00:00,0.0
5392,2013-04-22 02:00:00+00:00,0.0
5392,2013-04-22 02:30:00+00:00,0.0
5392,2013-04-22 03:00:00+00:00,0.0
5392,2013-04-22 03:30:00+00:00,0.0
5392,2013-04-22 04:00:00+00:00,0.0
5392,2013-04-22 04:30:00+00:00,0.0
5392,2013-04-22 05:00:00+00:00,0.0
5392,2013-04-22 05:30:00+00:00,0.43
5392,2013-04-22 06:00:00+00:00,31.02
5392,2013-04-22 06:30:00+00:00,80.98
5392,2013-04-22 07:00:00+00:00,136.95
5392,2013-04-22 07:30:00+00:00,139.52
5392,2013-04-22 08:00:00+00:00,210.08
5392,2013-04-22 08:30:00+00:00,670.15
5392,2013-04-22 09:00:00+00:00,355.77
5392,2013-04-22 09:30:00+00:00,908.35
5392,2013-04-22 10:00:00+00:00,507.45
5392,2013-04-22 10:30:00+00:00,641.3
5392,2013-04-22 11:00:00+00:00,960.5
5392,2013-04-22 11:30:00+00:00,797.3
5392,2013-04-22 12:00:00+00:00,862.9
5392,2013-04-22 12:30:00+00:00,701.5
5392,2013-04-22 13:00:00+00:00,923.7
5392,2013-04-22 13:30:00+00:00,605.65
5392,2013-04-22 14:00:00+00:00,460.85
5392,2013-04-22 14:30:00+00:00,367.47
5392,2013-04-22 15:00:00+00:00,334.14
5392,2013-04-22 15:30:00+00:00,155.93
5392,2013-04-22 16:00:00+00:00,228.59
5392,2013-04-22 16:30:00+00:00,208.7
5392,2013-04-22 17:00:00+00:00,59.73
5392,2013-04-22 17:30:00+00:00,58.18
5392,2013-04-22 18:00:00+00:00,5.6
5392,2013-04-22 18:30:00+00:00,0.0
5392,2013-04-22 19:00:00+00:00,0.0
5392,2013-04-22 19:30:00+00:00,0.0
5392,2013-04-22 20:00:00+00:00,0.0
5392,2013-04-22 20:30:00+00:00,0.0
5392,2013-04-22 21:00:00+00:00,0.0
5392,2013-04-22 21:30:00+00:00,0.0
5392,2013-04-22 22:00:00+00:00,0.0
5392,2013-04-22 22:30:00+00:00,0.0
5392,2013-04-22 23:00:00+00:00,0.0
5392,2013-04-22 23:30:00+00:00,0.0
5392,2013-04-23 00:00:00+00:00,0.0
5392,2013-04-23 00:30:00+00:00,0.0
5392,2013-04-23 01:00:00+00:00,0.0
5392,2013-04-23 01:30:00+00:00,0.0
5392,2013-04-23 02:00:00+00:00,0.0
5392,2013-04-23 02:30:00+00:00,0.0
5392,2013-04-23 03:00:00+00:00,0.0
5392,2013-04-23 03:30:00+00:00,0.0
5392,2013-04-23 04:00:00+00:00,0.0
5392,2013-04-23 04:30:00+00:00,0.0
5392,2013-04-23 05:00:00+00:00,0.0
5392,2013-04-23 05:30:00+00:00,6.32
5392,2013-04-23 06:00:00+00:00,51.94
5392,2013-04-23 06:30:00+00:00,85.57
5392,2013-04-23 07:00:00+00:00,202.43
5392,2013-04-23 07:30:00+00:00,406.28
5392,2013-04-23 08:00:00+00:00,640.4
5392,2013-04-23 08:30:00+00:00,801.9
5392,2013-04-23 09:00:00+00:00,964.3
5392,2013-04-23 09:30:00+00:00,1091.55
5392,2013-04-23 10:00:00+00:00,1186.95
5392,2013-04-23 10:30:00+00:00,1270.0
5392,2013-04-23 11:00:00+00:00,1333.8
5392,2013-04-23 11:30:00+00:00,1368.0
5392,2013-04-23 12:00:00+00:00,1381.45
5392,2013-04-23 12:30:00+00:00,1383.35
5392,2013-04-23 13:00:00+00:00,1356.7
5392,2013-04-23 13:30:00+00:00,1309.1
5392,2013-04-23 14:00:00+00:00,1203.55
5392,2013-04-23 14:30:00+00:00,1143.15
5392,2013-04-23 15:00:00+00:00,995.15
5392,2013-04-23 15:30:00+00:00,813.45
5392,2013-04-23 16:00:00+00:00,738.7
5392,2013-04-23 16:30:00+00:00,586.05
5392,2013-04-23 17:00:00+00:00,388.5
5392,2013-04-23 17:30:00+00:00,216.79
5392,2013-04-23 18:00:00+00:00,84.66
5392,2013-04-23 18:30:00+00:00,39.68
5392,2013-04-23 19:00:00+00:00,2.38
5392,2013-04-23 19:30:00+00:00,0.0
5392,2013-04-23 20:00:00+00:00,0.0
5392,2013-04-23 20:30:00+00:00,0.0
5392,2013-04-23 21:00:00+00:00,0.0
5392,2013-04-23 21:30:00+00:00,0.0
5392,2013-04-23 22:00:00+00:00,0.0
5392,2013-04-23 22:30:00+00:00,0.0
5392,2013-04-23 23:00:00+00:00,0.0
5392,2013-04-23 23:30:00+00:00,0.0
5392,2013-04-24 00:00:00+00:00,0.0
5392,2013-04-24 00:30:00+00:00,0.0
5392,2013-04-24 01:00:00+00:00,0.0
5392,2013-04-24 01:30:00+00:00,0.0
5392,2013-04-24 02:00:00+00:00,0.0
5392,2013-04-24 02:30:00+00:00,0.0
5392,2013-04-24 03:00:00+00:00,0.0
5392,2013-04-24 03:30:00+00:00,0.0
5392,2013-04-24 04:00:00+00:00,0.0
5392,2013-04-24 04:30:00+00:00,0.0
5392,2013-04-24 05:00:00+00:00,0.0
5392,2013-04-24 05:30:00+00:00,3.51
5392,2013-04-24 06:00:00+00:00,32.59
5392,2013-04-24 06:30:00+00:00,101.14
5392,2013-04-24 07:00:00+00:00,182.62
5392,2013-04-24 07:30:00+00:00,389.7
5392,2013-04-24 08:00:00+00:00,580.55
5392,2013-04-24 08:30:00+00:00,782.3
5392,2013-04-24 09:00:00+00:00,925.8
5392,2013-04-24 09:30:00+00:00,751.25
5392,2013-04-24 10:00:00+00:00,1103.25
5392,2013-04-24 10:30:00+00:00,1304.75
5392,2013-04-24 11:00:00+00:00,1371.95
5392,2013-04-24 11:30:00+00:00,1067.4
5392,2013-04-24 12:00:00+00:00,817.7
5392,2013-04-24 12:30:00+00:00,1134.1
5392,2013-04-24 13:00:00+00:00,880.1
5392,2013-04-24 13:30:00+00:00,765.4
5392,2013-04-24 14:00:00+00:00,1083.6
5392,2013-04-24 14:30:00+00:00,904.15
5392,2013-04-24 15:00:00+00:00,472.54
5392,2013-04-24 15:30:00+00:00,329.4
5392,2013-04-24 16:00:00+00:00,176.01
5392,2013-04-24 16:30:00+00:00,198.6
5392,2013-04-24 17:00:00+00:00,143.13
5392,2013-04-24 17:30:00+00:00,91.34
5392,2013-04-24 18:00:00+00:00,38.89
5392,2013-04-24 18:30:00+00:00,2.39
5392,2013-04-24 19:00:00+00:00,0.0
5392,2013-04-24 19:30:00+00:00,0.0
5392,2013-04-24 20:00:00+00:00,0.0
5392,2013-04-24 20:30:00+00:00,0.0
5392,2013-04-24 21:00:00+00:00,0.0
5392,2013-04-24 21:30:00+00:00,0.0
5392,2013-04-24 22:00:00+00:00,0.0
5392,2013-04-24 22:30:00+00:00,0.0
5392,2013-04-24 23:00:00+00:00,0.0
5392,2013-04-24 23:30:00+00:00,0.0
5392,2013-04-25 00:00:00+00:00,0.0
5392,2013-04-25 00:30:00+00:00,0.0
5392,2013-04-25 01:00:00+00:00,0.0
5392,2013-04-25 01:30:00+00:00,0.0
5392,2013-04-25 02:00:00+00:00,0.0
5392,2013-04-25 02:30:00+00:00,0.0
5392,2013-04-25 03:00:00+00:00,0.0
5392,2013-04-25 03:30:00+00:00,0.0
5392,2013-04-25 04:00:00+00:00,0.0
5392,2013-04-25 04:30:00+00:00,0.0
5392,2013-04-25 05:00:00+00:00,0.0
5392,2013-04-25 05:30:00+00:00,2.92
5392,2013-04-25 06:00:00+00:00,47.09
5392,2013-04-25 06:30:00+00:00,93.5
5392,2013-04-25 07:00:00+00:00,162.73
5392,2013-04-25 07:30:00+00:00,370.94
5392,2013-04-25 08:00:00+00:00,485.14
5392,2013-04-25 08:30:00+00:00,456.38
5392,2013-04-25 09:00:00+00:00,918.0
5392,2013-04-25 09:30:00+00:00,975.65
5392,2013-04-25 10:00:00+00:00,1024.25
5392,2013-04-25 10:30:00+00:00,1136.85
5392,2013-04-25 11:00:00+00:00,1435.95
5392,2013-04-25 11:30:00+00:00,1121.85
5392,2013-04-25 12:00:00+00:00,1307.75
5392,2013-04-25 12:30:00+00:00,1189.25
5392,2013-04-25 13:00:00+00:00,1257.15
5392,2013-04-25 13:30:00+00:00,1264.35
5392,2013-04-25 14:00:00+00:00,1227.25
5392,2013-04-25 14:30:00+00:00,1069.8
5392,2013-04-25 15:00:00+00:00,744.3
5392,2013-04-25 15:30:00+00:00,814.0
5392,2013-04-25 16:00:00+00:00,716.5
5392,2013-04-25 16:30:00+00:00,636.7
5392,2013-04-25 17:00:00+00:00,207.58
5392,2013-04-25 17:30:00+00:00,199.85
5392,2013-04-25 18:00:00+00:00,63.31
5392,2013-04-25 18:30:00+00:00,36.7
5392,2013-04-25 19:00:00+00:00,1.14
5392,2013-04-25 19:30:00+00:00,0.0
5392,2013-04-25 20:00:00+00:00,0.0
5392,2013-04-25 20:30:00+00:00,0.0
5392,2013-04-25 21:00:00+00:00,0.0
5392,2013-04-25 21:30:00+00:00,0.0
5392,2013-04-25 22:00:00+00:00,0.0
5392,2013-04-25 22:30:00+00:00,0.0
5392,2013-04-25 23:00:00+00:00,0.0
5392,2013-04-25 23:30:00+00:00,0.0
5392,2013-04-26 00:00:00+00:00,0.0
5392,2013-04-26 00:30:00+00:00,0.0
5392,2013-04-26 01:00:00+00:00,0.0
5392,2013-04-26 01:30:00+00:00,0.0
5392,2013-04-26 02:00:00+00:00,0.0
5392,2013-04-26 02:30:00+00:00,0.0
5392,2013-04-26 03:00:00+00:00,0.0
5392,2013-04-26 03:30:00+00:00,0.0
5392,2013-04-26 04:00:00+00:00,0.0
5392,2013-04-26 04:30:00+00:00,0.0
5392,2013-04-26 05:00:00+00:00,0.0
5392,2013-04-26 05:30:00+00:00,0.0
5392,2013-04-26 06:00:00+00:00,0.06
5392,2013-04-26 06:30:00+00:00,6.38
5392,2013-04-26 07:00:00+00:00,17.11
5392,2013-04-26 07:30:00+00:00,24.83
5392,2013-04-26 08:00:00+00:00,65.78
5392,2013-04-26 08:30:00+00:00,70.36
5392,2013-04-26 09:00:00+00:00,98.56
5392,2013-04-26 09:30:00+00:00,190.2
5392,2013-04-26 10:00:00+00:00,542.95
5392,2013-04-26 10:30:00+00:00,616.65
5392,2013-04-26 11:00:00+00:00,907.65
5392,2013-04-26 11:30:00+00:00,1117.05
5392,2013-04-26 12:00:00+00:00,450.14
5392,2013-04-26 12:30:00+00:00,805.95
5392,2013-04-26 13:00:00+00:00,587.65
5392,2013-04-26 13:30:00+00:00,374.65
5392,2013-04-26 14:00:00+00:00,260.5
5392,2013-04-26 14:30:00+00:00,1118.45
5392,2013-04-26 15:00:00+00:00,821.45
5392,2013-04-26 15:30:00+00:00,451.75
5392,2013-04-26 16:00:00+00:00,388.04
5392,2013-04-26 16:30:00+00:00,687.2
5392,2013-04-26 17:00:00+00:00,244.67
5392,2013-04-26 17:30:00+00:00,147.13
5392,2013-04-26 18:00:00+00:00,130.58
5392,2013-04-26 18:30:00+00:00,39.63
5392,2013-04-26 19:00:00+00:00,2.4
5392,2013-04-26 19:30:00+00:00,0.0
5392,2013-04-26 20:00:00+00:00,0.0
5392,2013-04-26 20:30:00+00:00,0.0
5392,2013-04-26 21:00:00+00:00,0.0
5392,2013-04-26 21:30:00+00:00,0.0
5392,2013-04-26 22:00:00+00:00,0.0
5392,2013-04-26 22:30:00+00:00,0.0
5392,2013-04-26 23:00:00+00:00,0.0
5392,2013-04-26 23:30:00+00:00,0.0
5392,2013-04-27 00:00:00+00:00,0.0
5392,2013-04-27 00:30:00+00:00,0.0
5392,2013-04-27 01:00:00+00:00,0.0
5392,2013-04-27 01:30:00+00:00,0.0
5392,2013-04-27 02:00:00+00:00,0.0
5392,2013-04-27 02:30:00+00:00,0.0
5392,2013-04-27 03:00:00+00:00,0.0
5392,2013-04-27 03:30:00+00:00,0.0
5392,2013-04-27 04:00:00+00:00,0.0
5392,2013-04-27 04:30:00+00:00,0.0
5392,2013-04-27 05:00:00+00:00,0.0
5392,2013-04-27 05:30:00+00:00,1.16
5392,2013-04-27 06:00:00+00:00,32.7
5392,2013-04-27 06:30:00+00:00,85.17
5392,2013-04-27 07:00:00+00:00,154.26
5392,2013-04-27 07:30:00+00:00,259.59
5392,2013-04-27 08:00:00+00:00,430.98
5392,2013-04-27 08:30:00+00:00,564.45
5392,2013-04-27 09:00:00+00:00,696.2
5392,2013-04-27 09:30:00+00:00,716.6
5392,2013-04-27 10:00:00+00:00,661.05
5392,2013-04-27 10:30:00+00:00,821.25
5392,2013-04-27 11:00:00+00:00,427.74
5392,2013-04-27 11:30:00+00:00,295.18
5392,2013-04-27 12:00:00+00:00,707.2
5392,2013-04-27 12:30:00+00:00,839.05
5392,2013-04-27 13:00:00+00:00,679.6
5392,2013-04-27 13:30:00+00:00,734.35
5392,2013-04-27 14:00:00+00:00,342.96
5392,2013-04-27 14:30:00+00:00,97.5
5392,2013-04-27 15:00:00+00:00,57.62
5392,2013-04-27 15:30:00+00:00,250.41
5392,2013-04-27 16:00:00+00:00,653.95
5392,2013-04-27 16:30:00+00:00,654.6
5392,2013-04-27 17:00:00+00:00,438.97
5392,2013-04-27 17:30:00+00:00,114.14
5392,2013-04-27 18:00:00+00:00,30.91
5392,2013-04-27 18:30:00+00:00,20.6
5392,2013-04-27 19:00:00+00:00,0.9
5392,2013-04-27 19:30:00+00:00,0.0
5392,2013-04-27 20:00:00+00:00,0.0
5392,2013-04-27 20:30:00+00:00,0.0
5392,2013-04-27 21:00:00+00:00,0.0
5392,2013-04-27 21:30:00+00:00,0.0
5392,2013-04-27 22:00:00+00:00,0.0
5392,2013-04-27 22:30:00+00:00,0.0
5392,2013-04-27 23:00:00+00:00,0.0
5392,2013-04-27 23:30:00+00:00,0.0
5392,2013-04-28 00:00:00+00:00,0.0
5392,2013-04-28 00:30:00+00:00,0.0
5392,2013-04-28 01:00:00+00:00,0.0
5392,2013-04-28 01:30:00+00:00,0.0
5392,2013-04-28 02:00:00+00:00,0.0
5392,2013-04-28 02:30:00+00:00,0.0
5392,2013-04-28 03:00:00+00:00,0.0
5392,2013-04-28 03:30:00+00:00,0.0
5392,2013-04-28 04:00:00+00:00,0.0
5392,2013-04-28 04:30:00+00:00,0.0
5392,2013-04-28 05:00:00+00:00,0.56
5392,2013-04-28 05:30:00+00:00,6.37
5392,2013-04-28 06:00:00+00:00,43.15
5392,2013-04-28 06:30:00+00:00,86.72
5392,2013-04-28 07:00:00+00:00,215.99
5392,2013-04-28 07:30:00+00:00,428.54
5392,2013-04-28 08:00:00+00:00,646.6
5392,2013-04-28 08:30:00+00:00,839.9
5392,2013-04-28 09:00:00+00:00,998.2
5392,2013-04-28 09:30:00+00:00,1134.2
5392,2013-04-28 10:00:00+00:00,1254.4
5392,2013-04-28 10:30:00+00:00,1354.35
5392,2013-04-28 11:00:00+00:00,1427.4
5392,2013-04-28 11:30:00+00:00,1323.4
5392,2013-04-28 12:00:00+00:00,1088.0
5392,2013-04-28 12:30:00+00:00,1164.25
5392,2013-04-28 13:00:00+00:00,938.95
5392,2013-04-28 13:30:00+00:00,919.65
5392,2013-04-28 14:00:00+00:00,581.7
5392,2013-04-28 14:30:00+00:00,558.1
5392,2013-04-28 15:00:00+00:00,810.15
5392,2013-04-28 15:30:00+00:00,889.85
5392,2013-04-28 16:00:00+00:00,258.44
5392,2013-04-28 16:30:00+00:00,290.52
5392,2013-04-28 17:00:00+00:00,219.05
5392,2013-04-28 17:30:00+00:00,136.58
5392,2013-04-28 18:00:00+00:00,76.88
5392,2013-04-28 18:30:00+00:00,20.23
5392,2013-04-28 19:00:00+00:00,1.89
5392,2013-04-28 19:30:00+00:00,0.0
5392,2013-04-28 20:00:00+00:00,0.0
5392,2013-04-28 20:30:00+00:00,0.0
5392,2013-04-28 21:00:00+00:00,0.0
5392,2013-04-28 21:30:00+00:00,0.0
5392,2013-04-28 22:00:00+00:00,0.0
5392,2013-04-28 22:30:00+00:00,0.0
5392,2013-04-28 23:00:00+00:00,0.0
5392,2013-04-28 23:30:00+00:00,0.0
5392,2013-04-29 00:00:00+00:00,0.0
5392,2013-04-29 00:30:00+00:00,0.0
5392,2013-04-29 01:00:00+00:00,0.0
5392,2013-04-29 01:30:00+00:00,0.0
5392,2013-04-29 02:00:00+00:00,0.0
5392,2013-04-29 02:30:00+00:00,0.0
5392,2013-04-29 03:00:00+00:00,0.0
5392,2013-04-29 03:30:00+00:00,0.0
5392,2013-04-29 04:00:00+00:00,0.0
5392,2013-04-29 04:30:00+00:00,0.0
5392,2013-04-29 05:00:00+00:00,0.0
5392,2013-04-29 05:30:00+00:00,1.0
5392,2013-04-29 06:00:00+00:00,19.25
5392,2013-04-29 06:30:00+00:00,51.32
5392,2013-04-29 07:00:00+00:00,176.93
5392,2013-04-29 07:30:00+00:00,451.69
5392,2013-04-29 08:00:00+00:00,609.1
5392,2013-04-29 08:30:00+00:00,788.0
5392,2013-04-29 09:00:00+00:00,855.9
5392,2013-04-29 09:30:00+00:00,1000.2
5392,2013-04-29 10:00:00+00:00,1190.0
5392,2013-04-29 10:30:00+00:00,1326.8
5392,2013-04-29 11:00:00+00:00,988.6
5392,2013-04-29 11:30:00+00:00,1023.3
5392,2013-04-29 12:00:00+00:00,1059.55
5392,2013-04-29 12:30:00+00:00,1078.5
5392,2013-04-29 13:00:00+00:00,892.55
5392,2013-04-29 13:30:00+00:00,443.39
5392,2013-04-29 14:00:00+00:00,849.2
5392,2013-04-29 14:30:00+00:00,588.9
5392,2013-04-29 15:00:00+00:00,494.88
5392,2013-04-29 15:30:00+00:00,480.92
5392,2013-04-29 16:00:00+00:00,713.95
5392,2013-04-29 16:30:00+00:00,608.35
5392,2013-04-29 17:00:00+00:00,369.95
5392,2013-04-29 17:30:00+00:00,221.6
5392,2013-04-29 18:00:00+00:00,106.18
5392,2013-04-29 18:30:00+00:00,54.72
5392,2013-04-29 19:00:00+00:00,6.62
5392,2013-04-29 19:30:00+00:00,0.0
5392,2013-04-29 20:00:00+00:00,0.0
5392,2013-04-29 20:30:00+00:00,0.0
5392,2013-04-29 21:00:00+00:00,0.0
5392,2013-04-29 21:30:00+00:00,0.0
5392,2013-04-29 22:00:00+00:00,0.0
5392,2013-04-29 22:30:00+00:00,0.0
5392,2013-04-29 23:00:00+00:00,0.0
5392,2013-04-29 23:30:00+00:00,0.0
5392,2013-04-30 00:00:00+00:00,0.0
5392,2013-04-30 00:30:00+00:00,0.0
5392,2013-04-30 01:00:00+00:00,0.0
5392,2013-04-30 01:30:00+00:00,0.0
5392,2013-04-30 02:00:00+00:00,0.0
5392,2013-04-30 02:30:00+00:00,0.0
5392,2013-04-30 03:00:00+00:00,0.0
5392,2013-04-30 03:30:00+00:00,0.0
5392,2013-04-30 04:00:00+00:00,0.0
5392,2013-04-30 04:30:00+00:00,0.0
5392,2013-04-30 05:00:00+00:00,0.82
5392,2013-04-30 05:30:00+00:00,9.63
5392,2013-04-30 06:00:00+00:00,45.45
5392,2013-04-30 06:30:00+00:00,99.98
5392,2013-04-30 07:00:00+00:00,228.16
5392,2013-04-30 07:30:00+00:00,451.81
5392,2013-04-30 08:00:00+00:00,667.2
5392,2013-04-30 08:30:00+00:00,842.35
5392,2013-04-30 09:00:00+00:00,1013.9
5392,2013-04-30 09:30:00+00:00,1138.1
5392,2013-04-30 10:00:00+00:00,1222.25
5392,2013-04-30 10:30:00+00:00,1299.85
5392,2013-04-30 11:00:00+00:00,1363.9
5392,2013-04-30 11:30:00+00:00,1281.9
5392,2013-04-30 12:00:00+00:00,1248.25
5392,2013-04-30 12:30:00+00:00,913.4
5392,2013-04-30 13:00:00+00:00,545.85
5392,2013-04-30 13:30:00+00:00,701.5
5392,2013-04-30 14:00:00+00:00,1193.85
5392,2013-04-30 14:30:00+00:00,1176.1
5392,2013-04-30 15:00:00+00:00,1127.5
5392,2013-04-30 15:30:00+00:00,985.25
5392,2013-04-30 16:00:00+00:00,807.0
5392,2013-04-30 16:30:00+00:00,619.05
5392,2013-04-30 17:00:00+00:00,423.64
5392,2013-04-30 17:30:00+00:00,247.37
5392,2013-04-30 18:00:00+00:00,109.82
5392,2013-04-30 18:30:00+00:00,61.63
5392,2013-04-30 19:00:00+00:00,21.87
5392,2013-04-30 19:30:00+00:00,0.18
5392,2013-04-30 20:00:00+00:00,0.0
5392,2013-04-30 20:30:00+00:00,0.0
5392,2013-04-30 21:00:00+00:00,0.0
5392,2013-04-30 21:30:00+00:00,0.0
5392,2013-04-30 22:00:00+00:00,0.0
5392,2013-04-30 22:30:00+00:00,0.0
5392,2013-04-30 23:00:00+00:00,0.0
5392,2013-04-30 23:30:00+00:00,0.0
5392,2013-05-01 00:30:00+00:00,0.0
5392,2013-05-01 01:00:00+00:00,0.0
5392,2013-05-01 01:30:00+00:00,0.0
5392,2013-05-01 02:00:00+00:00,0.0
5392,2013-05-01 02:30:00+00:00,0.0
5392,2013-05-01 03:00:00+00:00,0.0
5392,2013-05-01 03:30:00+00:00,0.0
5392,2013-05-01 04:00:00+00:00,0.0
5392,2013-05-01 04:30:00+00:00,0.0
5392,2013-05-01 05:00:00+00:00,0.69
5392,2013-05-01 05:30:00+00:00,21.23
5392,2013-05-01 06:00:00+00:00,64.7
5392,2013-05-01 06:30:00+00:00,113.32
5392,2013-05-01 07:00:00+00:00,233.56
5392,2013-05-01 07:30:00+00:00,419.52
5392,2013-05-01 08:00:00+00:00,615.25
5392,2013-05-01 08:30:00+00:00,734.9
5392,2013-05-01 09:00:00+00:00,924.5
5392,2013-05-01 09:30:00+00:00,823.75
5392,2013-05-01 10:00:00+00:00,1220.05
5392,2013-05-01 10:30:00+00:00,1275.95
5392,2013-05-01 11:00:00+00:00,1342.1
5392,2013-05-01 11:30:00+00:00,1381.15
5392,2013-05-01 12:00:00+00:00,1395.9
5392,2013-05-01 12:30:00+00:00,1394.6
5392,2013-05-01 13:00:00+00:00,1389.5
5392,2013-05-01 13:30:00+00:00,1339.35
5392,2013-05-01 14:00:00+00:00,1294.65
5392,2013-05-01 14:30:00+00:00,1204.4
5392,2013-05-01 15:00:00+00:00,1090.9
5392,2013-05-01 15:30:00+00:00,962.8
5392,2013-05-01 16:00:00+00:00,811.8
5392,2013-05-01 16:30:00+00:00,639.15
5392,2013-05-01 17:00:00+00:00,439.17
5392,2013-05-01 17:30:00+00:00,242.97
5392,2013-05-01 18:00:00+00:00,98.37
5392,2013-05-01 18:30:00+00:00,39.69
5392,2013-05-01 19:00:00+00:00,5.17
5392,2013-05-01 19:30:00+00:00,0.09
5392,2013-05-01 20:00:00+00:00,0.0
5392,2013-05-01 20:30:00+00:00,0.0
5392,2013-05-01 21:00:00+00:00,0.0
5392,2013-05-01 21:30:00+00:00,0.0
5392,2013-05-01 22:00:00+00:00,0.0
5392,2013-05-01 22:30:00+00:00,0.0
5392,2013-05-01 23:00:00+00:00,0.0
5392,2013-05-01 23:30:00+00:00,0.0
5392,2013-05-02 00:00:00+00:00,0.0
5392,2013-05-02 00:30:00+00:00,0.0
5392,2013-05-02 01:00:00+00:00,0.0
5392,2013-05-02 01:30:00+00:00,0.0
5392,2013-05-02 02:00:00+00:00,0.0
5392,2013-05-02 02:30:00+00:00,0.0
5392,2013-05-02 03:00:00+00:00,0.0
5392,2013-05-02 03:30:00+00:00,0.0
5392,2013-05-02 04:00:00+00:00,0.0
5392,2013-05-02 04:30:00+00:00,0.0
5392,2013-05-02 05:00:00+00:00,0.39
5392,2013-05-02 05:30:00+00:00,8.5
5392,2013-05-02 06:00:00+00:00,43.0
5392,2013-05-02 06:30:00+00:00,84.41
5392,2013-05-02 07:00:00+00:00,212.79
5392,2013-05-02 07:30:00+00:00,433.54
5392,2013-05-02 08:00:00+00:00,646.75
5392,2013-05-02 08:30:00+00:00,834.9
5392,2013-05-02 09:00:00+00:00,992.25
5392,2013-05-02 09:30:00+00:00,1111.9
5392,2013-05-02 10:00:00+00:00,1198.2
5392,2013-05-02 10:30:00+00:00,1279.35
5392,2013-05-02 11:00:00+00:00,1335.65
5392,2013-05-02 11:30:00+00:00,1372.8
5392,2013-05-02 12:00:00+00:00,1371.05
5392,2013-05-02 12:30:00+00:00,1396.9
5392,2013-05-02 13:00:00+00:00,1377.65
5392,2013-05-02 13:30:00+00:00,1309.85
5392,2013-05-02 14:00:00+00:00,1250.85
5392,2013-05-02 14:30:00+00:00,1179.3
5392,2013-05-02 15:00:00+00:00,1037.45
5392,2013-05-02 15:30:00+00:00,930.2
5392,2013-05-02 16:00:00+00:00,783.95
5392,2013-05-02 16:30:00+00:00,592.9
5392,2013-05-02 17:00:00+00:00,409.06
5392,2013-05-02 17:30:00+00:00,240.67
5392,2013-05-02 18:00:00+00:00,114.49
5392,2013-05-02 18:30:00+00:00,52.07
5392,2013-05-02 19:00:00+00:00,12.16
5392,2013-05-02 19:30:00+00:00,0.1
5392,2013-05-02 20:00:00+00:00,0.0
5392,2013-05-02 20:30:00+00:00,0.0
5392,2013-05-02 21:00:00+00:00,0.0
5392,2013-05-02 21:30:00+00:00,0.0
5392,2013-05-02 22:00:00+00:00,0.0
5392,2013-05-02 22:30:00+00:00,0.0
5392,2013-05-02 23:00:00+00:00,0.0
5392,2013-05-02 23:30:00+00:00,0.0
5392,2013-05-03 00:00:00+00:00,0.0
5392,2013-05-03 00:30:00+00:00,0.0
5392,2013-05-03 01:00:00+00:00,0.0
5392,2013-05-03 01:30:00+00:00,0.0
5392,2013-05-03 02:00:00+00:00,0.0
5392,2013-05-03 02:30:00+00:00,0.0
5392,2013-05-03 03:00:00+00:00,0.0
5392,2013-05-03 03:30:00+00:00,0.0
5392,2013-05-03 04:00:00+00:00,0.0
5392,2013-05-03 04:30:00+00:00,0.0
5392,2013-05-03 05:00:00+00:00,1.19
5392,2013-05-03 05:30:00+00:00,16.87
5392,2013-05-03 06:00:00+00:00,49.84
5392,2013-05-03 06:30:00+00:00,89.95
5392,2013-05-03 07:00:00+00:00,212.96
5392,2013-05-03 07:30:00+00:00,407.58
5392,2013-05-03 08:00:00+00:00,612.0
5392,2013-05-03 08:30:00+00:00,780.7
5392,2013-05-03 09:00:00+00:00,938.9
5392,2013-05-03 09:30:00+00:00,1066.9
5392,2013-05-03 10:00:00+00:00,1154.75
5392,2013-05-03 10:30:00+00:00,1226.4
5392,2013-05-03 11:00:00+00:00,1262.3
5392,2013-05-03 11:30:00+00:00,1305.8
5392,2013-05-03 12:00:00+00:00,1318.6
5392,2013-05-03 12:30:00+00:00,1328.7
5392,2013-05-03 13:00:00+00:00,1319.9
5392,2013-05-03 13:30:00+00:00,1295.8
5392,2013-05-03 14:00:00+00:00,1229.85
5392,2013-05-03 14:30:00+00:00,1145.4
5392,2013-05-03 15:00:00+00:00,1038.75
5392,2013-05-03 15:30:00+00:00,881.65
5392,2013-05-03 16:00:00+00:00,768.1
5392,2013-05-03 16:30:00+00:00,551.75
5392,2013-05-03 17:00:00+00:00,424.96
5392,2013-05-03 17:30:00+00:00,232.9
5392,2013-05-03 18:00:00+00:00,100.28
5392,2013-05-03 18:30:00+00:00,44.82
5392,2013-05-03 19:00:00+00:00,6.82
5392,2013-05-03 19:30:00+00:00,0.0
5392,2013-05-03 20:00:00+00:00,0.0
5392,2013-05-03 20:30:00+00:00,0.0
5392,2013-05-03 21:00:00+00:00,0.0
5392,2013-05-03 21:30:00+00:00,0.0
5392,2013-05-03 22:00:00+00:00,0.0
5392,2013-05-03 22:30:00+00:00,0.0
5392,2013-05-03 23:00:00+00:00,0.0
5392,2013-05-03 23:30:00+00:00,0.0
5392,2013-05-04 00:00:00+00:00,0.0
5392,2013-05-04 00:30:00+00:00,0.0
5392,2013-05-04 01:00:00+00:00,0.0
5392,2013-05-04 01:30:00+00:00,0.0
5392,2013-05-04 02:00:00+00:00,0.0
5392,2013-05-04 02:30:00+00:00,0.0
5392,2013-05-04 03:00:00+00:00,0.0
5392,2013-05-04 03:30:00+00:00,0.0
5392,2013-05-04 04:00:00+00:00,0.0
5392,2013-05-04 04:30:00+00:00,0.0
5392,2013-05-04 05:00:00+00:00,1.07
5392,2013-05-04 05:30:00+00:00,12.53
5392,2013-05-04 06:00:00+00:00,43.29
5392,2013-05-04 06:30:00+00:00,90.86
5392,2013-05-04 07:00:00+00:00,248.3
5392,2013-05-04 07:30:00+00:00,255.09
5392,2013-05-04 08:00:00+00:00,284.13
5392,2013-05-04 08:30:00+00:00,355.8
5392,2013-05-04 09:00:00+00:00,528.05
5392,2013-05-04 09:30:00+00:00,362.04
5392,2013-05-04 10:00:00+00:00,482.48
5392,2013-05-04 10:30:00+00:00,622.8
5392,2013-05-04 11:00:00+00:00,246.73
5392,2013-05-04 11:30:00+00:00,914.55
5392,2013-05-04 12:00:00+00:00,889.0
5392,2013-05-04 12:30:00+00:00,564.5
5392,2013-05-04 13:00:00+00:00,690.8
5392,2013-05-04 13:30:00+00:00,515.95
5392,2013-05-04 14:00:00+00:00,230.8
5392,2013-05-04 14:30:00+00:00,175.32
5392,2013-05-04 15:00:00+00:00,1124.05
5392,2013-05-04 15:30:00+00:00,1014.5
5392,2013-05-04 16:00:00+00:00,843.25
5392,2013-05-04 16:30:00+00:00,629.1
5392,2013-05-04 17:00:00+00:00,179.85
5392,2013-05-04 17:30:00+00:00,178.11
5392,2013-05-04 18:00:00+00:00,71.65
5392,2013-05-04 18:30:00+00:00,3.16
5392,2013-05-04 19:00:00+00:00,2.12
5392,2013-05-04 19:30:00+00:00,0.06
5392,2013-05-04 20:00:00+00:00,0.0
5392,2013-05-04 20:30:00+00:00,0.0
5392,2013-05-04 21:00:00+00:00,0.0
5392,2013-05-04 21:30:00+00:00,0.0
5392,2013-05-04 22:00:00+00:00,0.0
5392,2013-05-04 22:30:00+00:00,0.0
5392,2013-05-04 23:00:00+00:00,0.0
5392,2013-05-04 23:30:00+00:00,0.0
5392,2013-05-05 00:00:00+00:00,0.0
5392,2013-05-05 00:30:00+00:00,0.0
5392,2013-05-05 01:00:00+00:00,0.0
5392,2013-05-05 01:30:00+00:00,0.0
5392,2013-05-05 02:00:00+00:00,0.0
5392,2013-05-05 02:30:00+00:00,0.0
5392,2013-05-05 03:00:00+00:00,0.0
5392,2013-05-05 03:30:00+00:00,0.0
5392,2013-05-05 04:00:00+00:00,0.0
5392,2013-05-05 04:30:00+00:00,0.0
5392,2013-05-05 05:00:00+00:00,1.75
5392,2013-05-05 05:30:00+00:00,20.55
5392,2013-05-05 06:00:00+00:00,48.97
5392,2013-05-05 06:30:00+00:00,94.32
5392,2013-05-05 07:00:00+00:00,221.96
5392,2013-05-05 07:30:00+00:00,428.94
5392,2013-05-05 08:00:00+00:00,634.2
5392,2013-05-05 08:30:00+00:00,823.8
5392,2013-05-05 09:00:00+00:00,1031.6
5392,2013-05-05 09:30:00+00:00,741.95
5392,2013-05-05 10:00:00+00:00,1291.2
5392,2013-05-05 10:30:00+00:00,1000.6
5392,2013-05-05 11:00:00+00:00,1273.6
5392,2013-05-05 11:30:00+00:00,983.25
5392,2013-05-05 12:00:00+00:00,1243.35
5392,2013-05-05 12:30:00+00:00,1182.05
5392,2013-05-05 13:00:00+00:00,1221.35
5392,2013-05-05 13:30:00+00:00,1055.35
5392,2013-05-05 14:00:00+00:00,1112.35
5392,2013-05-05 14:30:00+00:00,477.51
5392,2013-05-05 15:00:00+00:00,611.8
5392,2013-05-05 15:30:00+00:00,917.35
5392,2013-05-05 16:00:00+00:00,622.6
5392,2013-05-05 16:30:00+00:00,463.83
5392,2013-05-05 17:00:00+00:00,239.13
5392,2013-05-05 17:30:00+00:00,98.46
5392,2013-05-05 18:00:00+00:00,112.8
5392,2013-05-05 18:30:00+00:00,47.2
5392,2013-05-05 19:00:00+00:00,2.94
5392,2013-05-05 19:30:00+00:00,0.04
5392,2013-05-05 20:00:00+00:00,0.0
5392,2013-05-05 20:30:00+00:00,0.0
5392,2013-05-05 21:00:00+00:00,0.0
5392,2013-05-05 21:30:00+00:00,0.0
5392,2013-05-05 22:00:00+00:00,0.0
5392,2013-05-05 22:30:00+00:00,0.0
5392,2013-05-05 23:00:00+00:00,0.0
5392,2013-05-05 23:30:00+00:00,0.0
5392,2013-05-06 00:00:00+00:00,0.0
5392,2013-05-06 00:30:00+00:00,0.0
5392,2013-05-06 01:00:00+00:00,0.0
5392,2013-05-06 01:30:00+00:00,0.0
5392,2013-05-06 02:00:00+00:00,0.0
5392,2013-05-06 02:30:00+00:00,0.0
5392,2013-05-06 03:00:00+00:00,0.0
5392,2013-05-06 03:30:00+00:00,0.0
5392,2013-05-06 04:00:00+00:00,0.0
5392,2013-05-06 04:30:00+00:00,0.0
5392,2013-05-06 05:00:00+00:00,1.07
5392,2013-05-06 05:30:00+00:00,27.02
5392,2013-05-06 06:00:00+00:00,80.38
5392,2013-05-06 06:30:00+00:00,105.96
5392,2013-05-06 07:00:00+00:00,202.57
5392,2013-05-06 07:30:00+00:00,406.37
5392,2013-05-06 08:00:00+00:00,605.65
5392,2013-05-06 08:30:00+00:00,757.7
5392,2013-05-06 09:00:00+00:00,897.45
5392,2013-05-06 09:30:00+00:00,1032.0
5392,2013-05-06 10:00:00+00:00,1141.05
5392,2013-05-06 10:30:00+00:00,1233.75
5392,2013-05-06 11:00:00+00:00,655.65
5392,2013-05-06 11:30:00+00:00,216.34
5392,2013-05-06 12:00:00+00:00,234.31
5392,2013-05-06 12:30:00+00:00,354.71
5392,2013-05-06 13:00:00+00:00,450.53
5392,2013-05-06 13:30:00+00:00,632.05
5392,2013-05-06 14:00:00+00:00,1026.1
5392,2013-05-06 14:30:00+00:00,1108.2
5392,2013-05-06 15:00:00+00:00,1026.65
5392,2013-05-06 15:30:00+00:00,903.1
5392,2013-05-06 16:00:00+00:00,759.15
5392,2013-05-06 16:30:00+00:00,596.9
5392,2013-05-06 17:00:00+00:00,404.14
5392,2013-05-06 17:30:00+00:00,226.68
5392,2013-05-06 18:00:00+00:00,103.62
5392,2013-05-06 18:30:00+00:00,50.56
5392,2013-05-06 19:00:00+00:00,12.63
5392,2013-05-06 19:30:00+00:00,0.11
5392,2013-05-06 20:00:00+00:00,0.0
5392,2013-05-06 20:30:00+00:00,0.0
5392,2013-05-06 21:00:00+00:00,0.0
5392,2013-05-06 21:30:00+00:00,0.0
5392,2013-05-06 22:00:00+00:00,0.0
5392,2013-05-06 22:30:00+00:00,0.0
5392,2013-05-06 23:00:00+00:00,0.0
5392,2013-05-06 23:30:00+00:00,0.0
5392,2013-05-07 00:00:00+00:00,0.0
5392,2013-05-07 00:30:00+00:00,0.0
5392,2013-05-07 01:00:00+00:00,0.0
5392,2013-05-07 01:30:00+00:00,0.0
5392,2013-05-07 02:00:00+00:00,0.0
5392,2013-05-07 02:30:00+00:00,0.0
5392,2013-05-07 03:00:00+00:00,0.0
5392,2013-05-07 03:30:00+00:00,0.0
5392,2013-05-07 04:00:00+00:00,0.0
5392,2013-05-07 04:30:00+00:00,0.0
5392,2013-05-07 05:00:00+00:00,0.56
5392,2013-05-07 05:30:00+00:00,6.01
5392,2013-05-07 06:00:00+00:00,46.86
5392,2013-05-07 06:30:00+00:00,70.99
5392,2013-05-07 07:00:00+00:00,170.34
5392,2013-05-07 07:30:00+00:00,216.53
5392,2013-05-07 08:00:00+00:00,148.27
5392,2013-05-07 08:30:00+00:00,104.57
5392,2013-05-07 09:00:00+00:00,110.1
5392,2013-05-07 09:30:00+00:00,126.5
5392,2013-05-07 10:00:00+00:00,430.45
5392,2013-05-07 10:30:00+00:00,923.2
5392,2013-05-07 11:00:00+00:00,765.75
5392,2013-05-07 11:30:00+00:00,226.29
5392,2013-05-07 12:00:00+00:00,585.3
5392,2013-05-07 12:30:00+00:00,478.99
5392,2013-05-07 13:00:00+00:00,423.81
5392,2013-05-07 13:30:00+00:00,688.8
5392,2013-05-07 14:00:00+00:00,802.1
5392,2013-05-07 14:30:00+00:00,938.75
5392,2013-05-07 15:00:00+00:00,991.9
5392,2013-05-07 15:30:00+00:00,761.55
5392,2013-05-07 16:00:00+00:00,703.65
5392,2013-05-07 16:30:00+00:00,552.3
5392,2013-05-07 17:00:00+00:00,378.14
5392,2013-05-07 17:30:00+00:00,229.27
5392,2013-05-07 18:00:00+00:00,114.11
5392,2013-05-07 18:30:00+00:00,56.25
5392,2013-05-07 19:00:00+00:00,16.21
5392,2013-05-07 19:30:00+00:00,0.08
5392,2013-05-07 20:00:00+00:00,0.0
5392,2013-05-07 20:30:00+00:00,0.0
5392,2013-05-07 21:00:00+00:00,0.0
5392,2013-05-07 21:30:00+00:00,0.0
5392,2013-05-07 22:00:00+00:00,0.0
5392,2013-05-07 22:30:00+00:00,0.0
5392,2013-05-07 23:00:00+00:00,0.0
5392,2013-05-07 23:30:00+00:00,0.0
5392,2013-05-08 00:00:00+00:00,0.0
5392,2013-05-08 00:30:00+00:00,0.0
5392,2013-05-08 01:00:00+00:00,0.0
5392,2013-05-08 01:30:00+00:00,0.0
5392,2013-05-08 02:00:00+00:00,0.0
5392,2013-05-08 02:30:00+00:00,0.0
5392,2013-05-08 03:00:00+00:00,0.0
5392,2013-05-08 03:30:00+00:00,0.0
5392,2013-05-08 04:00:00+00:00,0.0
5392,2013-05-08 04:30:00+00:00,0.05
5392,2013-05-08 05:00:00+00:00,0.0
5392,2013-05-08 05:30:00+00:00,1.1
5392,2013-05-08 06:00:00+00:00,4.22
5392,2013-05-08 06:30:00+00:00,1.59
5392,2013-05-08 07:00:00+00:00,9.82
5392,2013-05-08 07:30:00+00:00,73.66
5392,2013-05-08 08:00:00+00:00,105.43
5392,2013-05-08 08:30:00+00:00,134.59
5392,2013-05-08 09:00:00+00:00,271.75
5392,2013-05-08 09:30:00+00:00,230.44
5392,2013-05-08 10:00:00+00:00,646.95
5392,2013-05-08 10:30:00+00:00,263.15
5392,2013-05-08 11:00:00+00:00,409.44
5392,2013-05-08 11:30:00+00:00,1352.5
5392,2013-05-08 12:00:00+00:00,543.3
5392,2013-05-08 12:30:00+00:00,1109.05
5392,2013-05-08 13:00:00+00:00,813.6
5392,2013-05-08 13:30:00+00:00,594.1
5392,2013-05-08 14:00:00+00:00,354.82
5392,2013-05-08 14:30:00+00:00,570.3
5392,2013-05-08 15:00:00+00:00,627.4
5392,2013-05-08 15:30:00+00:00,654.8
5392,2013-05-08 16:00:00+00:00,760.05
5392,2013-05-08 16:30:00+00:00,587.45
5392,2013-05-08 17:00:00+00:00,283.75
5392,2013-05-08 17:30:00+00:00,108.34
5392,2013-05-08 18:00:00+00:00,69.86
5392,2013-05-08 18:30:00+00:00,44.83
5392,2013-05-08 19:00:00+00:00,1.94
5392,2013-05-08 19:30:00+00:00,0.01
5392,2013-05-08 20:00:00+00:00,0.0
5392,2013-05-08 20:30:00+00:00,0.0
5392,2013-05-08 21:00:00+00:00,0.0
5392,2013-05-08 21:30:00+00:00,0.0
5392,2013-05-08 22:00:00+00:00,0.0
5392,2013-05-08 22:30:00+00:00,0.0
5392,2013-05-08 23:00:00+00:00,0.0
5392,2013-05-08 23:30:00+00:00,0.0
5392,2013-05-09 00:00:00+00:00,0.0
5392,2013-05-09 00:30:00+00:00,0.0
5392,2013-05-09 01:00:00+00:00,0.0
5392,2013-05-09 01:30:00+00:00,0.0
5392,2013-05-09 02:00:00+00:00,0.0
5392,2013-05-09 02:30:00+00:00,0.0
5392,2013-05-09 03:00:00+00:00,0.0
5392,2013-05-09 03:30:00+00:00,0.0
5392,2013-05-09 04:00:00+00:00,0.0
5392,2013-05-09 04:30:00+00:00,0.0
5392,2013-05-09 05:00:00+00:00,2.57
5392,2013-05-09 05:30:00+00:00,31.19
5392,2013-05-09 06:00:00+00:00,56.43
5392,2013-05-09 06:30:00+00:00,102.32
5392,2013-05-09 07:00:00+00:00,231.47
5392,2013-05-09 07:30:00+00:00,407.38
5392,2013-05-09 08:00:00+00:00,454.6
5392,2013-05-09 08:30:00+00:00,584.25
5392,2013-05-09 09:00:00+00:00,958.6
5392,2013-05-09 09:30:00+00:00,792.3
5392,2013-05-09 10:00:00+00:00,1258.65
5392,2013-05-09 10:30:00+00:00,1106.6
5392,2013-05-09 11:00:00+00:00,875.8
5392,2013-05-09 11:30:00+00:00,1177.25
5392,2013-05-09 12:00:00+00:00,859.85
5392,2013-05-09 12:30:00+00:00,732.85
5392,2013-05-09 13:00:00+00:00,664.4
5392,2013-05-09 13:30:00+00:00,1108.35
5392,2013-05-09 14:00:00+00:00,967.7
5392,2013-05-09 14:30:00+00:00,778.7
5392,2013-05-09 15:00:00+00:00,875.1
5392,2013-05-09 15:30:00+00:00,893.8
5392,2013-05-09 16:00:00+00:00,803.25
5392,2013-05-09 16:30:00+00:00,448.7
5392,2013-05-09 17:00:00+00:00,202.71
5392,2013-05-09 17:30:00+00:00,111.93
5392,2013-05-09 18:00:00+00:00,103.22
5392,2013-05-09 18:30:00+00:00,44.14
5392,2013-05-09 19:00:00+00:00,1.79
5392,2013-05-09 19:30:00+00:00,0.0
5392,2013-05-09 20:00:00+00:00,0.0
5392,2013-05-09 20:30:00+00:00,0.0
5392,2013-05-09 21:00:00+00:00,0.0
5392,2013-05-09 21:30:00+00:00,0.0
5392,2013-05-09 22:00:00+00:00,0.0
5392,2013-05-09 22:30:00+00:00,0.0
5392,2013-05-09 23:00:00+00:00,0.0
5392,2013-05-09 23:30:00+00:00,0.0
5392,2013-05-10 00:00:00+00:00,0.0
5392,2013-05-10 00:30:00+00:00,0.0
5392,2013-05-10 01:00:00+00:00,0.0
5392,2013-05-10 01:30:00+00:00,0.0
5392,2013-05-10 02:00:00+00:00,0.0
5392,2013-05-10 02:30:00+00:00,0.0
5392,2013-05-10 03:00:00+00:00,0.0
5392,2013-05-10 03:30:00+00:00,0.0
5392,2013-05-10 04:00:00+00:00,0.0
5392,2013-05-10 04:30:00+00:00,0.0
5392,2013-05-10 05:00:00+00:00,0.0
5392,2013-05-10 05:30:00+00:00,0.53
5392,2013-05-10 06:00:00+00:00,7.11
5392,2013-05-10 06:30:00+00:00,57.75
5392,2013-05-10 07:00:00+00:00,96.92
5392,2013-05-10 07:30:00+00:00,256.66
5392,2013-05-10 08:00:00+00:00,150.56
5392,2013-05-10 08:30:00+00:00,142.5
5392,2013-05-10 09:00:00+00:00,201.06
5392,2013-05-10 09:30:00+00:00,243.9
5392,2013-05-10 10:00:00+00:00,336.3
5392,2013-05-10 10:30:00+00:00,518.4
5392,2013-05-10 11:00:00+00:00,271.56
5392,2013-05-10 11:30:00+00:00,902.6
5392,2013-05-10 12:00:00+00:00,1076.75
5392,2013-05-10 12:30:00+00:00,936.15
5392,2013-05-10 13:00:00+00:00,870.05
5392,2013-05-10 13:30:00+00:00,1344.15
5392,2013-05-10 14:00:00+00:00,1293.35
5392,2013-05-10 14:30:00+00:00,1226.2
5392,2013-05-10 15:00:00+00:00,1082.4
5392,2013-05-10 15:30:00+00:00,941.8
5392,2013-05-10 16:00:00+00:00,521.1
5392,2013-05-10 16:30:00+00:00,168.25
5392,2013-05-10 17:00:00+00:00,279.78
5392,2013-05-10 17:30:00+00:00,270.8
5392,2013-05-10 18:00:00+00:00,112.52
5392,2013-05-10 18:30:00+00:00,76.96
5392,2013-05-10 19:00:00+00:00,16.29
5392,2013-05-10 19:30:00+00:00,0.12
5392,2013-05-10 20:00:00+00:00,0.0
5392,2013-05-10 20:30:00+00:00,0.0
5392,2013-05-10 21:00:00+00:00,0.0
5392,2013-05-10 21:30:00+00:00,0.0
5392,2013-05-10 22:00:00+00:00,0.0
5392,2013-05-10 22:30:00+00:00,0.0
5392,2013-05-10 23:00:00+00:00,0.0
5392,2013-05-10 23:30:00+00:00,0.0
5392,2013-05-11 00:00:00+00:00,0.0
5392,2013-05-11 00:30:00+00:00,0.0
5392,2013-05-11 01:00:00+00:00,0.0
5392,2013-05-11 01:30:00+00:00,0.0
5392,2013-05-11 02:00:00+00:00,0.0
5392,2013-05-11 02:30:00+00:00,0.0
5392,2013-05-11 03:00:00+00:00,0.0
5392,2013-05-11 03:30:00+00:00,0.0
5392,2013-05-11 04:00:00+00:00,0.0
5392,2013-05-11 04:30:00+00:00,0.0
5392,2013-05-11 05:00:00+00:00,1.93
5392,2013-05-11 05:30:00+00:00,22.87
5392,2013-05-11 06:00:00+00:00,32.53
5392,2013-05-11 06:30:00+00:00,95.08
5392,2013-05-11 07:00:00+00:00,235.05
5392,2013-05-11 07:30:00+00:00,213.88
5392,2013-05-11 08:00:00+00:00,290.66
5392,2013-05-11 08:30:00+00:00,390.29
5392,2013-05-11 09:00:00+00:00,307.2
5392,2013-05-11 09:30:00+00:00,461.73
5392,2013-05-11 10:00:00+00:00,908.15
5392,2013-05-11 10:30:00+00:00,869.05
5392,2013-05-11 11:00:00+00:00,1163.25
5392,2013-05-11 11:30:00+00:00,1148.3
5392,2013-05-11 12:00:00+00:00,1174.25
5392,2013-05-11 12:30:00+00:00,428.59
5392,2013-05-11 13:00:00+00:00,428.09
5392,2013-05-11 13:30:00+00:00,775.65
5392,2013-05-11 14:00:00+00:00,383.97
5392,2013-05-11 14:30:00+00:00,362.05
5392,2013-05-11 15:00:00+00:00,113.68
5392,2013-05-11 15:30:00+00:00,244.62
5392,2013-05-11 16:00:00+00:00,191.84
5392,2013-05-11 16:30:00+00:00,189.91
5392,2013-05-11 17:00:00+00:00,268.33
5392,2013-05-11 17:30:00+00:00,232.05
5392,2013-05-11 18:00:00+00:00,91.87
5392,2013-05-11 18:30:00+00:00,68.12
5392,2013-05-11 19:00:00+00:00,2.11
5392,2013-05-11 19:30:00+00:00,0.0
5392,2013-05-11 20:00:00+00:00,0.0
5392,2013-05-11 20:30:00+00:00,0.0
5392,2013-05-11 21:00:00+00:00,0.0
5392,2013-05-11 21:30:00+00:00,0.0
5392,2013-05-11 22:00:00+00:00,0.0
5392,2013-05-11 22:30:00+00:00,0.0
5392,2013-05-11 23:00:00+00:00,0.0
5392,2013-05-11 23:30:00+00:00,0.0
5392,2013-05-12 00:00:00+00:00,0.0
5392,2013-05-12 00:30:00+00:00,0.0
5392,2013-05-12 01:00:00+00:00,0.0
5392,2013-05-12 01:30:00+00:00,0.0
5392,2013-05-12 02:00:00+00:00,0.0
5392,2013-05-12 02:30:00+00:00,0.0
5392,2013-05-12 03:00:00+00:00,0.0
5392,2013-05-12 03:30:00+00:00,0.0
5392,2013-05-12 04:00:00+00:00,0.0
5392,2013-05-12 04:30:00+00:00,0.0
5392,2013-05-12 05:00:00+00:00,2.08
5392,2013-05-12 05:30:00+00:00,25.29
5392,2013-05-12 06:00:00+00:00,49.34
5392,2013-05-12 06:30:00+00:00,99.08
5392,2013-05-12 07:00:00+00:00,245.41
5392,2013-05-12 07:30:00+00:00,447.66
5392,2013-05-12 08:00:00+00:00,696.15
5392,2013-05-12 08:30:00+00:00,775.9
5392,2013-05-12 09:00:00+00:00,796.0
5392,2013-05-12 09:30:00+00:00,907.15
5392,2013-05-12 10:00:00+00:00,744.15
5392,2013-05-12 10:30:00+00:00,926.0
5392,2013-05-12 11:00:00+00:00,1178.1
5392,2013-05-12 11:30:00+00:00,857.5
5392,2013-05-12 12:00:00+00:00,1140.55
5392,2013-05-12 12:30:00+00:00,1044.95
5392,2013-05-12 13:00:00+00:00,1326.9
5392,2013-05-12 13:30:00+00:00,925.5
5392,2013-05-12 14:00:00+00:00,562.8
5392,2013-05-12 14:30:00+00:00,411.78
5392,2013-05-12 15:00:00+00:00,241.67
5392,2013-05-12 15:30:00+00:00,142.08
5392,2013-05-12 16:00:00+00:00,150.11
5392,2013-05-12 16:30:00+00:00,142.57
5392,2013-05-12 17:00:00+00:00,122.36
5392,2013-05-12 17:30:00+00:00,49.02
5392,2013-05-12 18:00:00+00:00,26.11
5392,2013-05-12 18:30:00+00:00,1.81
5392,2013-05-12 19:00:00+00:00,0.57
5392,2013-05-12 19:30:00+00:00,0.0
5392,2013-05-12 20:00:00+00:00,0.0
5392,2013-05-12 20:30:00+00:00,0.0
5392,2013-05-12 21:00:00+00:00,0.0
5392,2013-05-12 21:30:00+00:00,0.0
5392,2013-05-12 22:00:00+00:00,0.0
5392,2013-05-12 22:30:00+00:00,0.0
5392,2013-05-12 23:00:00+00:00,0.0
5392,2013-05-12 23:30:00+00:00,0.0
5392,2013-05-13 00:00:00+00:00,0.0
5392,2013-05-13 00:30:00+00:00,0.0
5392,2013-05-13 01:00:00+00:00,0.0
5392,2013-05-13 01:30:00+00:00,0.0
5392,2013-05-13 02:00:00+00:00,0.0
5392,2013-05-13 02:30:00+00:00,0.0
5392,2013-05-13 03:00:00+00:00,0.0
5392,2013-05-13 03:30:00+00:00,0.0
5392,2013-05-13 04:00:00+00:00,0.0
5392,2013-05-13 04:30:00+00:00,0.0
5392,2013-05-13 05:00:00+00:00,1.77
5392,2013-05-13 05:30:00+00:00,16.21
5392,2013-05-13 06:00:00+00:00,72.94
5392,2013-05-13 06:30:00+00:00,126.35
5392,2013-05-13 07:00:00+00:00,215.76
5392,2013-05-13 07:30:00+00:00,382.11
5392,2013-05-13 08:00:00+00:00,496.07
5392,2013-05-13 08:30:00+00:00,576.4
5392,2013-05-13 09:00:00+00:00,372.58
5392,2013-05-13 09:30:00+00:00,753.65
5392,2013-05-13 10:00:00+00:00,974.95
5392,2013-05-13 10:30:00+00:00,882.8
5392,2013-05-13 11:00:00+00:00,806.8
5392,2013-05-13 11:30:00+00:00,669.4
5392,2013-05-13 12:00:00+00:00,881.3
5392,2013-05-13 12:30:00+00:00,879.2
5392,2013-05-13 13:00:00+00:00,561.85
5392,2013-05-13 13:30:00+00:00,547.2
5392,2013-05-13 14:00:00+00:00,957.7
5392,2013-05-13 14:30:00+00:00,802.95
5392,2013-05-13 15:00:00+00:00,1060.55
5392,2013-05-13 15:30:00+00:00,838.95
5392,2013-05-13 16:00:00+00:00,729.55
5392,2013-05-13 16:30:00+00:00,443.06
5392,2013-05-13 17:00:00+00:00,88.14
5392,2013-05-13 17:30:00+00:00,145.18
5392,2013-05-13 18:00:00+00:00,125.3
5392,2013-05-13 18:30:00+00:00,59.84
5392,2013-05-13 19:00:00+00:00,35.13
5392,2013-05-13 19:30:00+00:00,1.45
5392,2013-05-13 20:00:00+00:00,0.0
5392,2013-05-13 20:30:00+00:00,0.0
5392,2013-05-13 21:00:00+00:00,0.0
5392,2013-05-13 21:30:00+00:00,0.0
5392,2013-05-13 22:00:00+00:00,0.0
5392,2013-05-13 22:30:00+00:00,0.0
5392,2013-05-13 23:00:00+00:00,0.0
5392,2013-05-13 23:30:00+00:00,0.0
5392,2013-05-14 00:00:00+00:00,0.0
5392,2013-05-14 00:30:00+00:00,0.0
5392,2013-05-14 01:00:00+00:00,0.0
5392,2013-05-14 01:30:00+00:00,0.0
5392,2013-05-14 02:00:00+00:00,0.0
5392,2013-05-14 02:30:00+00:00,0.0
5392,2013-05-14 03:00:00+00:00,0.0
5392,2013-05-14 03:30:00+00:00,0.0
5392,2013-05-14 04:00:00+00:00,0.0
5392,2013-05-14 04:30:00+00:00,0.19
5392,2013-05-14 05:00:00+00:00,3.71
5392,2013-05-14 05:30:00+00:00,76.64
5392,2013-05-14 06:00:00+00:00,100.99
5392,2013-05-14 06:30:00+00:00,156.34
5392,2013-05-14 07:00:00+00:00,236.17
5392,2013-05-14 07:30:00+00:00,357.01
5392,2013-05-14 08:00:00+00:00,504.6
5392,2013-05-14 08:30:00+00:00,605.15
5392,2013-05-14 09:00:00+00:00,514.0
5392,2013-05-14 09:30:00+00:00,481.19
5392,2013-05-14 10:00:00+00:00,518.15
5392,2013-05-14 10:30:00+00:00,629.9
5392,2013-05-14 11:00:00+00:00,232.15
5392,2013-05-14 11:30:00+00:00,455.56
5392,2013-05-14 12:00:00+00:00,832.75
5392,2013-05-14 12:30:00+00:00,295.18
5392,2013-05-14 13:00:00+00:00,286.07
5392,2013-05-14 13:30:00+00:00,508.05
5392,2013-05-14 14:00:00+00:00,660.85
5392,2013-05-14 14:30:00+00:00,335.83
5392,2013-05-14 15:00:00+00:00,295.36
5392,2013-05-14 15:30:00+00:00,346.4
5392,2013-05-14 16:00:00+00:00,134.35
5392,2013-05-14 16:30:00+00:00,122.11
5392,2013-05-14 17:00:00+00:00,52.93
5392,2013-05-14 17:30:00+00:00,37.05
5392,2013-05-14 18:00:00+00:00,7.38
5392,2013-05-14 18:30:00+00:00,0.76
5392,2013-05-14 19:00:00+00:00,0.0
5392,2013-05-14 19:30:00+00:00,0.0
5392,2013-05-14 20:00:00+00:00,0.0
5392,2013-05-14 20:30:00+00:00,0.0
5392,2013-05-14 21:00:00+00:00,0.0
5392,2013-05-14 21:30:00+00:00,0.0
5392,2013-05-14 22:00:00+00:00,0.0
5392,2013-05-14 22:30:00+00:00,0.0
5392,2013-05-14 23:00:00+00:00,0.0
5392,2013-05-14 23:30:00+00:00,0.0
5392,2013-05-15 00:00:00+00:00,0.0
5392,2013-05-15 00:30:00+00:00,0.0
5392,2013-05-15 01:00:00+00:00,0.0
5392,2013-05-15 01:30:00+00:00,0.0
5392,2013-05-15 02:00:00+00:00,0.0
5392,2013-05-15 02:30:00+00:00,0.0
5392,2013-05-15 03:00:00+00:00,0.0
5392,2013-05-15 03:30:00+00:00,0.0
5392,2013-05-15 04:00:00+00:00,0.0
5392,2013-05-15 04:30:00+00:00,0.0
5392,2013-05-15 05:00:00+00:00,0.0
5392,2013-05-15 05:30:00+00:00,7.28
5392,2013-05-15 06:00:00+00:00,41.82
5392,2013-05-15 06:30:00+00:00,88.79
5392,2013-05-15 07:00:00+00:00,133.52
5392,2013-05-15 07:30:00+00:00,282.22
5392,2013-05-15 08:00:00+00:00,272.78
5392,2013-05-15 08:30:00+00:00,244.72
5392,2013-05-15 09:00:00+00:00,310.47
5392,2013-05-15 09:30:00+00:00,160.79
5392,2013-05-15 10:00:00+00:00,273.4
5392,2013-05-15 10:30:00+00:00,159.65
5392,2013-05-15 11:00:00+00:00,401.29
5392,2013-05-15 11:30:00+00:00,343.67
5392,2013-05-15 12:00:00+00:00,282.66
5392,2013-05-15 12:30:00+00:00,420.73
5392,2013-05-15 13:00:00+00:00,526.4
5392,2013-05-15 13:30:00+00:00,490.5
5392,2013-05-15 14:00:00+00:00,650.45
5392,2013-05-15 14:30:00+00:00,529.55
5392,2013-05-15 15:00:00+00:00,436.25
5392,2013-05-15 15:30:00+00:00,503.35
5392,2013-05-15 16:00:00+00:00,567.1
5392,2013-05-15 16:30:00+00:00,610.05
5392,2013-05-15 17:00:00+00:00,328.48
5392,2013-05-15 17:30:00+00:00,178.25
5392,2013-05-15 18:00:00+00:00,121.64
5392,2013-05-15 18:30:00+00:00,50.35
5392,2013-05-15 19:00:00+00:00,8.86
5392,2013-05-15 19:30:00+00:00,0.57
5392,2013-05-15 20:00:00+00:00,0.0
5392,2013-05-15 20:30:00+00:00,0.0
5392,2013-05-15 21:00:00+00:00,0.0
5392,2013-05-15 21:30:00+00:00,0.0
5392,2013-05-15 22:00:00+00:00,0.0
5392,2013-05-15 22:30:00+00:00,0.0
5392,2013-05-15 23:00:00+00:00,0.0
5392,2013-05-15 23:30:00+00:00,0.0
5392,2013-05-16 00:00:00+00:00,0.0
5392,2013-05-16 00:30:00+00:00,0.0
5392,2013-05-16 01:00:00+00:00,0.0
5392,2013-05-16 01:30:00+00:00,0.0
5392,2013-05-16 02:00:00+00:00,0.0
5392,2013-05-16 02:30:00+00:00,0.0
5392,2013-05-16 03:00:00+00:00,0.0
5392,2013-05-16 03:30:00+00:00,0.0
5392,2013-05-16 04:00:00+00:00,0.0
5392,2013-05-16 04:30:00+00:00,0.19
5392,2013-05-16 05:00:00+00:00,17.44
5392,2013-05-16 05:30:00+00:00,32.04
5392,2013-05-16 06:00:00+00:00,62.49
5392,2013-05-16 06:30:00+00:00,145.74
5392,2013-05-16 07:00:00+00:00,169.38
5392,2013-05-16 07:30:00+00:00,358.13
5392,2013-05-16 08:00:00+00:00,533.5
5392,2013-05-16 08:30:00+00:00,577.05
5392,2013-05-16 09:00:00+00:00,916.4
5392,2013-05-16 09:30:00+00:00,894.0
5392,2013-05-16 10:00:00+00:00,1171.4
5392,2013-05-16 10:30:00+00:00,1379.65
5392,2013-05-16 11:00:00+00:00,1255.7
5392,2013-05-16 11:30:00+00:00,1248.3
5392,2013-05-16 12:00:00+00:00,1419.15
5392,2013-05-16 12:30:00+00:00,1271.95
5392,2013-05-16 13:00:00+00:00,1307.2
5392,2013-05-16 13:30:00+00:00,1193.1
5392,2013-05-16 14:00:00+00:00,593.6
5392,2013-05-16 14:30:00+00:00,1120.4
5392,2013-05-16 15:00:00+00:00,685.6
5392,2013-05-16 15:30:00+00:00,782.25
5392,2013-05-16 16:00:00+00:00,820.2
5392,2013-05-16 16:30:00+00:00,641.6
5392,2013-05-16 17:00:00+00:00,444.14
5392,2013-05-16 17:30:00+00:00,245.26
5392,2013-05-16 18:00:00+00:00,127.7
5392,2013-05-16 18:30:00+00:00,98.52
5392,2013-05-16 19:00:00+00:00,48.9
5392,2013-05-16 19:30:00+00:00,3.32
5392,2013-05-16 20:00:00+00:00,0.0
5392,2013-05-16 20:30:00+00:00,0.0
5392,2013-05-16 21:00:00+00:00,0.0
5392,2013-05-16 21:30:00+00:00,0.0
5392,2013-05-16 22:00:00+00:00,0.0
5392,2013-05-16 22:30:00+00:00,0.0
5392,2013-05-16 23:00:00+00:00,0.0
5392,2013-05-16 23:30:00+00:00,0.0
5392,2013-05-17 00:00:00+00:00,0.0
5392,2013-05-17 00:30:00+00:00,0.0
5392,2013-05-17 01:00:00+00:00,0.0
5392,2013-05-17 01:30:00+00:00,0.0
5392,2013-05-17 02:00:00+00:00,0.0
5392,2013-05-17 02:30:00+00:00,0.0
5392,2013-05-17 03:00:00+00:00,0.0
5392,2013-05-17 03:30:00+00:00,0.0
5392,2013-05-17 04:00:00+00:00,0.0
5392,2013-05-17 04:30:00+00:00,0.0
5392,2013-05-17 05:00:00+00:00,3.34
5392,2013-05-17 05:30:00+00:00,28.88
5392,2013-05-17 06:00:00+00:00,27.39
5392,2013-05-17 06:30:00+00:00,94.04
5392,2013-05-17 07:00:00+00:00,128.35
5392,2013-05-17 07:30:00+00:00,260.55
5392,2013-05-17 08:00:00+00:00,355.25
5392,2013-05-17 08:30:00+00:00,235.15
5392,2013-05-17 09:00:00+00:00,254.61
5392,2013-05-17 09:30:00+00:00,138.62
5392,2013-05-17 10:00:00+00:00,226.09
5392,2013-05-17 10:30:00+00:00,97.16
5392,2013-05-17 11:00:00+00:00,264.81
5392,2013-05-17 11:30:00+00:00,217.08
5392,2013-05-17 12:00:00+00:00,309.45
5392,2013-05-17 12:30:00+00:00,146.8
5392,2013-05-17 13:00:00+00:00,172.25
5392,2013-05-17 13:30:00+00:00,247.11
5392,2013-05-17 14:00:00+00:00,159.3
5392,2013-05-17 14:30:00+00:00,87.69
5392,2013-05-17 15:00:00+00:00,130.05
5392,2013-05-17 15:30:00+00:00,78.7
5392,2013-05-17 16:00:00+00:00,173.08
5392,2013-05-17 16:30:00+00:00,174.82
5392,2013-05-17 17:00:00+00:00,109.38
5392,2013-05-17 17:30:00+00:00,104.14
5392,2013-05-17 18:00:00+00:00,105.55
5392,2013-05-17 18:30:00+00:00,47.6
5392,2013-05-17 19:00:00+00:00,14.87
5392,2013-05-17 19:30:00+00:00,0.05
5392,2013-05-17 20:00:00+00:00,0.0
5392,2013-05-17 20:30:00+00:00,0.0
5392,2013-05-17 21:00:00+00:00,0.0
5392,2013-05-17 21:30:00+00:00,0.0
5392,2013-05-17 22:00:00+00:00,0.0
5392,2013-05-17 22:30:00+00:00,0.0
5392,2013-05-17 23:00:00+00:00,0.0
5392,2013-05-17 23:30:00+00:00,0.0
5392,2013-05-18 00:00:00+00:00,0.0
5392,2013-05-18 00:30:00+00:00,0.0
5392,2013-05-18 01:00:00+00:00,0.0
5392,2013-05-18 01:30:00+00:00,0.0
5392,2013-05-18 02:00:00+00:00,0.0
5392,2013-05-18 02:30:00+00:00,0.0
5392,2013-05-18 03:00:00+00:00,0.0
5392,2013-05-18 03:30:00+00:00,0.0
5392,2013-05-18 04:00:00+00:00,0.0
5392,2013-05-18 04:30:00+00:00,0.0
5392,2013-05-18 05:00:00+00:00,1.41
5392,2013-05-18 05:30:00+00:00,20.6
5392,2013-05-18 06:00:00+00:00,57.38
5392,2013-05-18 06:30:00+00:00,137.14
5392,2013-05-18 07:00:00+00:00,175.12
5392,2013-05-18 07:30:00+00:00,259.11
5392,2013-05-18 08:00:00+00:00,244.6
5392,2013-05-18 08:30:00+00:00,417.88
5392,2013-05-18 09:00:00+00:00,726.25
5392,2013-05-18 09:30:00+00:00,658.3
5392,2013-05-18 10:00:00+00:00,538.95
5392,2013-05-18 10:30:00+00:00,371.19
5392,2013-05-18 11:00:00+00:00,363.82
5392,2013-05-18 11:30:00+00:00,532.3
5392,2013-05-18 12:00:00+00:00,334.99
5392,2013-05-18 12:30:00+00:00,249.29
5392,2013-05-18 13:00:00+00:00,262.0
5392,2013-05-18 13:30:00+00:00,156.44
5392,2013-05-18 14:00:00+00:00,256.38
5392,2013-05-18 14:30:00+00:00,355.8
5392,2013-05-18 15:00:00+00:00,369.52
5392,2013-05-18 15:30:00+00:00,342.27
5392,2013-05-18 16:00:00+00:00,223.37
5392,2013-05-18 16:30:00+00:00,207.98
5392,2013-05-18 17:00:00+00:00,117.4
5392,2013-05-18 17:30:00+00:00,71.17
5392,2013-05-18 18:00:00+00:00,84.46
5392,2013-05-18 18:30:00+00:00,97.73
5392,2013-05-18 19:00:00+00:00,42.98
5392,2013-05-18 19:30:00+00:00,5.25
5392,2013-05-18 20:00:00+00:00,0.05
5392,2013-05-18 20:30:00+00:00,0.0
5392,2013-05-18 21:00:00+00:00,0.0
5392,2013-05-18 21:30:00+00:00,0.0
5392,2013-05-18 22:00:00+00:00,0.0
5392,2013-05-18 22:30:00+00:00,0.0
5392,2013-05-18 23:00:00+00:00,0.0
5392,2013-05-18 23:30:00+00:00,0.0
5392,2013-05-19 00:00:00+00:00,0.0
5392,2013-05-19 00:30:00+00:00,0.0
5392,2013-05-19 01:00:00+00:00,0.0
5392,2013-05-19 01:30:00+00:00,0.0
5392,2013-05-19 02:00:00+00:00,0.0
5392,2013-05-19 02:30:00+00:00,0.0
5392,2013-05-19 03:00:00+00:00,0.0
5392,2013-05-19 03:30:00+00:00,0.0
5392,2013-05-19 04:00:00+00:00,0.0
5392,2013-05-19 04:30:00+00:00,0.0
5392,2013-05-19 05:00:00+00:00,2.89
5392,2013-05-19 05:30:00+00:00,40.08
5392,2013-05-19 06:00:00+00:00,84.64
5392,2013-05-19 06:30:00+00:00,95.87
5392,2013-05-19 07:00:00+00:00,164.7
5392,2013-05-19 07:30:00+00:00,155.99
5392,2013-05-19 08:00:00+00:00,137.3
5392,2013-05-19 08:30:00+00:00,399.98
5392,2013-05-19 09:00:00+00:00,625.9
5392,2013-05-19 09:30:00+00:00,284.74
5392,2013-05-19 10:00:00+00:00,404.07
5392,2013-05-19 10:30:00+00:00,640.95
5392,2013-05-19 11:00:00+00:00,586.8
5392,2013-05-19 11:30:00+00:00,662.55
5392,2013-05-19 12:00:00+00:00,731.95
5392,2013-05-19 12:30:00+00:00,977.25
5392,2013-05-19 13:00:00+00:00,1086.05
5392,2013-05-19 13:30:00+00:00,1076.95
5392,2013-05-19 14:00:00+00:00,1209.85
5392,2013-05-19 14:30:00+00:00,987.0
5392,2013-05-19 15:00:00+00:00,988.4
5392,2013-05-19 15:30:00+00:00,857.85
5392,2013-05-19 16:00:00+00:00,620.6
5392,2013-05-19 16:30:00+00:00,441.15
5392,2013-05-19 17:00:00+00:00,430.03
5392,2013-05-19 17:30:00+00:00,247.08
5392,2013-05-19 18:00:00+00:00,136.14
5392,2013-05-19 18:30:00+00:00,87.25
5392,2013-05-19 19:00:00+00:00,45.62
5392,2013-05-19 19:30:00+00:00,3.67
5392,2013-05-19 20:00:00+00:00,0.0
5392,2013-05-19 20:30:00+00:00,0.0
5392,2013-05-19 21:00:00+00:00,0.0
5392,2013-05-19 21:30:00+00:00,0.0
5392,2013-05-19 22:00:00+00:00,0.0
5392,2013-05-19 22:30:00+00:00,0.0
5392,2013-05-19 23:00:00+00:00,0.0
5392,2013-05-19 23:30:00+00:00,0.0
5392,2013-05-20 00:00:00+00:00,0.0
5392,2013-05-20 00:30:00+00:00,0.0
5392,2013-05-20 01:00:00+00:00,0.0
5392,2013-05-20 01:30:00+00:00,0.0
5392,2013-05-20 02:00:00+00:00,0.0
5392,2013-05-20 02:30:00+00:00,0.0
5392,2013-05-20 03:00:00+00:00,0.0
5392,2013-05-20 03:30:00+00:00,0.0
5392,2013-05-20 04:00:00+00:00,0.0
5392,2013-05-20 04:30:00+00:00,0.0
5392,2013-05-20 05:00:00+00:00,0.0
5392,2013-05-20 05:30:00+00:00,0.08
5392,2013-05-20 06:00:00+00:00,0.57
5392,2013-05-20 06:30:00+00:00,4.02
5392,2013-05-20 07:00:00+00:00,49.32
5392,2013-05-20 07:30:00+00:00,70.06
5392,2013-05-20 08:00:00+00:00,83.51
5392,2013-05-20 08:30:00+00:00,84.16
5392,2013-05-20 09:00:00+00:00,141.3
5392,2013-05-20 09:30:00+00:00,190.79
5392,2013-05-20 10:00:00+00:00,130.29
5392,2013-05-20 10:30:00+00:00,100.48
5392,2013-05-20 11:00:00+00:00,86.85
5392,2013-05-20 11:30:00+00:00,77.94
5392,2013-05-20 12:00:00+00:00,100.32
5392,2013-05-20 12:30:00+00:00,144.08
5392,2013-05-20 13:00:00+00:00,178.45
5392,2013-05-20 13:30:00+00:00,240.49
5392,2013-05-20 14:00:00+00:00,299.64
5392,2013-05-20 14:30:00+00:00,209.46
5392,2013-05-20 15:00:00+00:00,141.93
5392,2013-05-20 15:30:00+00:00,182.61
5392,2013-05-20 16:00:00+00:00,211.3
5392,2013-05-20 16:30:00+00:00,104.54
5392,2013-05-20 17:00:00+00:00,57.37
5392,2013-05-20 17:30:00+00:00,49.2
5392,2013-05-20 18:00:00+00:00,9.33
5392,2013-05-20 18:30:00+00:00,3.25
5392,2013-05-20 19:00:00+00:00,1.6
5392,2013-05-20 19:30:00+00:00,0.25
5392,2013-05-20 20:00:00+00:00,0.0
5392,2013-05-20 20:30:00+00:00,0.0
5392,2013-05-20 21:00:00+00:00,0.0
5392,2013-05-20 21:30:00+00:00,0.0
5392,2013-05-20 22:00:00+00:00,0.0
5392,2013-05-20 22:30:00+00:00,0.0
5392,2013-05-20 23:00:00+00:00,0.0
5392,2013-05-20 23:30:00+00:00,0.0
5392,2013-05-21 00:00:00+00:00,0.0
5392,2013-05-21 00:30:00+00:00,0.0
5392,2013-05-21 01:00:00+00:00,0.0
5392,2013-05-21 01:30:00+00:00,0.0
5392,2013-05-21 02:00:00+00:00,0.0
5392,2013-05-21 02:30:00+00:00,0.0
5392,2013-05-21 03:00:00+00:00,0.0
5392,2013-05-21 03:30:00+00:00,0.0
5392,2013-05-21 04:00:00+00:00,0.0
5392,2013-05-21 04:30:00+00:00,0.0
5392,2013-05-21 05:00:00+00:00,0.07
5392,2013-05-21 05:30:00+00:00,1.12
5392,2013-05-21 06:00:00+00:00,2.77
5392,2013-05-21 06:30:00+00:00,15.73
5392,2013-05-21 07:00:00+00:00,58.97
5392,2013-05-21 07:30:00+00:00,63.6
5392,2013-05-21 08:00:00+00:00,51.66
5392,2013-05-21 08:30:00+00:00,79.25
5392,2013-05-21 09:00:00+00:00,92.8
5392,2013-05-21 09:30:00+00:00,97.55
5392,2013-05-21 10:00:00+00:00,145.45
5392,2013-05-21 10:30:00+00:00,132.89
5392,2013-05-21 11:00:00+00:00,236.77
5392,2013-05-21 11:30:00+00:00,242.08
5392,2013-05-21 12:00:00+00:00,235.21
5392,2013-05-21 12:30:00+00:00,223.03
5392,2013-05-21 13:00:00+00:00,329.22
5392,2013-05-21 13:30:00+00:00,541.65
5392,2013-05-21 14:00:00+00:00,515.9
5392,2013-05-21 14:30:00+00:00,332.95
5392,2013-05-21 15:00:00+00:00,271.45
5392,2013-05-21 15:30:00+00:00,145.99
5392,2013-05-21 16:00:00+00:00,261.5
5392,2013-05-21 16:30:00+00:00,366.96
5392,2013-05-21 17:00:00+00:00,190.52
5392,2013-05-21 17:30:00+00:00,164.13
5392,2013-05-21 18:00:00+00:00,101.87
5392,2013-05-21 18:30:00+00:00,66.86
5392,2013-05-21 19:00:00+00:00,38.58
5392,2013-05-21 19:30:00+00:00,12.33
5392,2013-05-21 20:00:00+00:00,0.0
5392,2013-05-21 20:30:00+00:00,0.0
5392,2013-05-21 21:00:00+00:00,0.0
5392,2013-05-21 21:30:00+00:00,0.0
5392,2013-05-21 22:00:00+00:00,0.0
5392,2013-05-21 22:30:00+00:00,0.0
5392,2013-05-21 23:00:00+00:00,0.0
5392,2013-05-21 23:30:00+00:00,0.0
5392,2013-05-22 00:00:00+00:00,0.0
5392,2013-05-22 00:30:00+00:00,0.0
5392,2013-05-22 01:00:00+00:00,0.0
5392,2013-05-22 01:30:00+00:00,0.0
5392,2013-05-22 02:00:00+00:00,0.0
5392,2013-05-22 02:30:00+00:00,0.0
5392,2013-05-22 03:00:00+00:00,0.0
5392,2013-05-22 03:30:00+00:00,0.0
5392,2013-05-22 04:00:00+00:00,0.0
5392,2013-05-22 04:30:00+00:00,0.0
5392,2013-05-22 05:00:00+00:00,0.01
5392,2013-05-22 05:30:00+00:00,3.52
5392,2013-05-22 06:00:00+00:00,36.69
5392,2013-05-22 06:30:00+00:00,79.81
5392,2013-05-22 07:00:00+00:00,116.14
5392,2013-05-22 07:30:00+00:00,201.83
5392,2013-05-22 08:00:00+00:00,193.21
5392,2013-05-22 08:30:00+00:00,171.31
5392,2013-05-22 09:00:00+00:00,155.5
5392,2013-05-22 09:30:00+00:00,193.97
5392,2013-05-22 10:00:00+00:00,233.07
5392,2013-05-22 10:30:00+00:00,204.72
5392,2013-05-22 11:00:00+00:00,301.55
5392,2013-05-22 11:30:00+00:00,149.17
5392,2013-05-22 12:00:00+00:00,181.38
5392,2013-05-22 12:30:00+00:00,116.55
5392,2013-05-22 13:00:00+00:00,118.22
5392,2013-05-22 13:30:00+00:00,109.7
5392,2013-05-22 14:00:00+00:00,127.05
5392,2013-05-22 14:30:00+00:00,277.54
5392,2013-05-22 15:00:00+00:00,289.91
5392,2013-05-22 15:30:00+00:00,299.48
5392,2013-05-22 16:00:00+00:00,133.22
5392,2013-05-22 16:30:00+00:00,559.8
5392,2013-05-22 17:00:00+00:00,309.65
5392,2013-05-22 17:30:00+00:00,244.32
5392,2013-05-22 18:00:00+00:00,131.68
5392,2013-05-22 18:30:00+00:00,63.6
5392,2013-05-22 19:00:00+00:00,45.42
5392,2013-05-22 19:30:00+00:00,4.74
5392,2013-05-22 20:00:00+00:00,0.03
5392,2013-05-22 20:30:00+00:00,0.0
5392,2013-05-22 21:00:00+00:00,0.0
5392,2013-05-22 21:30:00+00:00,0.0
5392,2013-05-22 22:00:00+00:00,0.0
5392,2013-05-22 22:30:00+00:00,0.0
5392,2013-05-22 23:00:00+00:00,0.0
5392,2013-05-22 23:30:00+00:00,0.0
5392,2013-05-23 00:00:00+00:00,0.0
5392,2013-05-23 00:30:00+00:00,0.0
5392,2013-05-23 01:00:00+00:00,0.0
5392,2013-05-23 01:30:00+00:00,0.0
5392,2013-05-23 02:00:00+00:00,0.0
5392,2013-05-23 02:30:00+00:00,0.0
5392,2013-05-23 03:00:00+00:00,0.0
5392,2013-05-23 03:30:00+00:00,0.0
5392,2013-05-23 04:00:00+00:00,0.0
5392,2013-05-23 04:30:00+00:00,0.0
5392,2013-05-23 05:00:00+00:00,0.32
5392,2013-05-23 05:30:00+00:00,6.79
5392,2013-05-23 06:00:00+00:00,76.8
5392,2013-05-23 06:30:00+00:00,105.79
5392,2013-05-23 07:00:00+00:00,89.57
5392,2013-05-23 07:30:00+00:00,374.65
5392,2013-05-23 08:00:00+00:00,428.13
5392,2013-05-23 08:30:00+00:00,670.9
5392,2013-05-23 09:00:00+00:00,574.05
5392,2013-05-23 09:30:00+00:00,254.18
5392,2013-05-23 10:00:00+00:00,412.43
5392,2013-05-23 10:30:00+00:00,414.18
5392,2013-05-23 11:00:00+00:00,645.15
5392,2013-05-23 11:30:00+00:00,736.4
5392,2013-05-23 12:00:00+00:00,1004.65
5392,2013-05-23 12:30:00+00:00,1405.7
5392,2013-05-23 13:00:00+00:00,590.35
5392,2013-05-23 13:30:00+00:00,481.61
5392,2013-05-23 14:00:00+00:00,1041.85
5392,2013-05-23 14:30:00+00:00,383.28
5392,2013-05-23 15:00:00+00:00,280.82
5392,2013-05-23 15:30:00+00:00,982.25
5392,2013-05-23 16:00:00+00:00,686.65
5392,2013-05-23 16:30:00+00:00,295.38
5392,2013-05-23 17:00:00+00:00,302.94
5392,2013-05-23 17:30:00+00:00,150.43
5392,2013-05-23 18:00:00+00:00,176.92
5392,2013-05-23 18:30:00+00:00,69.02
5392,2013-05-23 19:00:00+00:00,55.53
5392,2013-05-23 19:30:00+00:00,11.21
5392,2013-05-23 20:00:00+00:00,0.15
5392,2013-05-23 20:30:00+00:00,0.0
5392,2013-05-23 21:00:00+00:00,0.0
5392,2013-05-23 21:30:00+00:00,0.0
5392,2013-05-23 22:00:00+00:00,0.0
5392,2013-05-23 22:30:00+00:00,0.0
5392,2013-05-23 23:00:00+00:00,0.0
5392,2013-05-23 23:30:00+00:00,0.0
5392,2013-05-24 00:00:00+00:00,0.0
5392,2013-05-24 00:30:00+00:00,0.0
5392,2013-05-24 01:00:00+00:00,0.0
5392,2013-05-24 01:30:00+00:00,0.0
5392,2013-05-24 02:00:00+00:00,0.0
5392,2013-05-24 02:30:00+00:00,0.0
5392,2013-05-24 03:00:00+00:00,0.0
5392,2013-05-24 03:30:00+00:00,0.0
5392,2013-05-24 04:00:00+00:00,0.0
5392,2013-05-24 04:30:00+00:00,0.0
5392,2013-05-24 05:00:00+00:00,0.3
5392,2013-05-24 05:30:00+00:00,3.99
5392,2013-05-24 06:00:00+00:00,41.13
5392,2013-05-24 06:30:00+00:00,86.05
5392,2013-05-24 07:00:00+00:00,72.92
5392,2013-05-24 07:30:00+00:00,176.09
5392,2013-05-24 08:00:00+00:00,282.35
5392,2013-05-24 08:30:00+00:00,362.47
5392,2013-05-24 09:00:00+00:00,234.97
5392,2013-05-24 09:30:00+00:00,157.8
5392,2013-05-24 10:00:00+00:00,210.2
5392,2013-05-24 10:30:00+00:00,157.42
5392,2013-05-24 11:00:00+00:00,135.06
5392,2013-05-24 11:30:00+00:00,120.81
5392,2013-05-24 12:00:00+00:00,241.82
5392,2013-05-24 12:30:00+00:00,281.95
5392,2013-05-24 13:00:00+00:00,217.03
5392,2013-05-24 13:30:00+00:00,221.39
5392,2013-05-24 14:00:00+00:00,186.3
5392,2013-05-24 14:30:00+00:00,301.03
5392,2013-05-24 15:00:00+00:00,382.6
5392,2013-05-24 15:30:00+00:00,317.06
5392,2013-05-24 16:00:00+00:00,157.16
5392,2013-05-24 16:30:00+00:00,265.44
5392,2013-05-24 17:00:00+00:00,210.17
5392,2013-05-24 17:30:00+00:00,153.72
5392,2013-05-24 18:00:00+00:00,103.05
5392,2013-05-24 18:30:00+00:00,38.59
5392,2013-05-24 19:00:00+00:00,60.38
5392,2013-05-24 19:30:00+00:00,27.29
5392,2013-05-24 20:00:00+00:00,6.35
5392,2013-05-24 20:30:00+00:00,0.0
5392,2013-05-24 21:00:00+00:00,0.0
5392,2013-05-24 21:30:00+00:00,0.0
5392,2013-05-24 22:00:00+00:00,0.0
5392,2013-05-24 22:30:00+00:00,0.0
5392,2013-05-24 23:00:00+00:00,0.0
5392,2013-05-24 23:30:00+00:00,0.0
5392,2013-05-25 00:00:00+00:00,0.0
5392,2013-05-25 00:30:00+00:00,0.0
5392,2013-05-25 01:00:00+00:00,0.0
5392,2013-05-25 01:30:00+00:00,0.0
5392,2013-05-25 02:00:00+00:00,0.0
5392,2013-05-25 02:30:00+00:00,0.0
5392,2013-05-25 03:00:00+00:00,0.0
5392,2013-05-25 03:30:00+00:00,0.0
5392,2013-05-25 04:00:00+00:00,0.0
5392,2013-05-25 04:30:00+00:00,1.11
5392,2013-05-25 05:00:00+00:00,17.27
5392,2013-05-25 05:30:00+00:00,52.01
5392,2013-05-25 06:00:00+00:00,72.36
5392,2013-05-25 06:30:00+00:00,123.38
5392,2013-05-25 07:00:00+00:00,252.47
5392,2013-05-25 07:30:00+00:00,370.07
5392,2013-05-25 08:00:00+00:00,421.47
5392,2013-05-25 08:30:00+00:00,656.65
5392,2013-05-25 09:00:00+00:00,601.7
5392,2013-05-25 09:30:00+00:00,905.1
5392,2013-05-25 10:00:00+00:00,586.05
5392,2013-05-25 10:30:00+00:00,852.95
5392,2013-05-25 11:00:00+00:00,876.65
5392,2013-05-25 11:30:00+00:00,1067.15
5392,2013-05-25 12:00:00+00:00,1201.35
5392,2013-05-25 12:30:00+00:00,1214.4
5392,2013-05-25 13:00:00+00:00,1316.7
5392,2013-05-25 13:30:00+00:00,1099.0
5392,2013-05-25 14:00:00+00:00,1176.45
5392,2013-05-25 14:30:00+00:00,1201.45
5392,2013-05-25 15:00:00+00:00,1104.0
5392,2013-05-25 15:30:00+00:00,932.85
5392,2013-05-25 16:00:00+00:00,789.55
5392,2013-05-25 16:30:00+00:00,630.75
5392,2013-05-25 17:00:00+00:00,474.53
5392,2013-05-25 17:30:00+00:00,270.91
5392,2013-05-25 18:00:00+00:00,115.64
5392,2013-05-25 18:30:00+00:00,57.97
5392,2013-05-25 19:00:00+00:00,50.21
5392,2013-05-25 19:30:00+00:00,23.47
5392,2013-05-25 20:00:00+00:00,0.65
5392,2013-05-25 20:30:00+00:00,0.0
5392,2013-05-25 21:00:00+00:00,0.0
5392,2013-05-25 21:30:00+00:00,0.0
5392,2013-05-25 22:00:00+00:00,0.0
5392,2013-05-25 22:30:00+00:00,0.0
5392,2013-05-25 23:00:00+00:00,0.0
5392,2013-05-25 23:30:00+00:00,0.0
5392,2013-05-26 00:00:00+00:00,0.0
5392,2013-05-26 00:30:00+00:00,0.0
5392,2013-05-26 01:00:00+00:00,0.0
5392,2013-05-26 01:30:00+00:00,0.0
5392,2013-05-26 02:00:00+00:00,0.0
5392,2013-05-26 02:30:00+00:00,0.0
5392,2013-05-26 03:00:00+00:00,0.0
5392,2013-05-26 03:30:00+00:00,0.0
5392,2013-05-26 04:00:00+00:00,0.0
5392,2013-05-26 04:30:00+00:00,0.31
5392,2013-05-26 05:00:00+00:00,8.66
5392,2013-05-26 05:30:00+00:00,44.14
5392,2013-05-26 06:00:00+00:00,64.15
5392,2013-05-26 06:30:00+00:00,113.65
5392,2013-05-26 07:00:00+00:00,228.92
5392,2013-05-26 07:30:00+00:00,393.64
5392,2013-05-26 08:00:00+00:00,584.35
5392,2013-05-26 08:30:00+00:00,740.45
5392,2013-05-26 09:00:00+00:00,946.35
5392,2013-05-26 09:30:00+00:00,1037.5
5392,2013-05-26 10:00:00+00:00,1171.95
5392,2013-05-26 10:30:00+00:00,1254.95
5392,2013-05-26 11:00:00+00:00,1322.8
5392,2013-05-26 11:30:00+00:00,1343.7
5392,2013-05-26 12:00:00+00:00,1322.2
5392,2013-05-26 12:30:00+00:00,1294.25
5392,2013-05-26 13:00:00+00:00,1329.8
5392,2013-05-26 13:30:00+00:00,1296.35
5392,2013-05-26 14:00:00+00:00,1185.6
5392,2013-05-26 14:30:00+00:00,1102.4
5392,2013-05-26 15:00:00+00:00,1053.85
5392,2013-05-26 15:30:00+00:00,937.35
5392,2013-05-26 16:00:00+00:00,806.65
5392,2013-05-26 16:30:00+00:00,603.45
5392,2013-05-26 17:00:00+00:00,439.64
5392,2013-05-26 17:30:00+00:00,274.26
5392,2013-05-26 18:00:00+00:00,127.45
5392,2013-05-26 18:30:00+00:00,59.63
5392,2013-05-26 19:00:00+00:00,39.69
5392,2013-05-26 19:30:00+00:00,5.23
5392,2013-05-26 20:00:00+00:00,0.18
5392,2013-05-26 20:30:00+00:00,0.0
5392,2013-05-26 21:00:00+00:00,0.0
5392,2013-05-26 21:30:00+00:00,0.0
5392,2013-05-26 22:00:00+00:00,0.0
5392,2013-05-26 22:30:00+00:00,0.0
5392,2013-05-26 23:00:00+00:00,0.0
5392,2013-05-26 23:30:00+00:00,0.0
5392,2013-05-27 00:00:00+00:00,0.0
5392,2013-05-27 00:30:00+00:00,0.0
5392,2013-05-27 01:00:00+00:00,0.0
5392,2013-05-27 01:30:00+00:00,0.0
5392,2013-05-27 02:00:00+00:00,0.0
5392,2013-05-27 02:30:00+00:00,0.0
5392,2013-05-27 03:00:00+00:00,0.0
5392,2013-05-27 03:30:00+00:00,0.0
5392,2013-05-27 04:00:00+00:00,0.0
5392,2013-05-27 04:30:00+00:00,1.24
5392,2013-05-27 05:00:00+00:00,6.96
5392,2013-05-27 05:30:00+00:00,38.53
5392,2013-05-27 06:00:00+00:00,47.47
5392,2013-05-27 06:30:00+00:00,92.66
5392,2013-05-27 07:00:00+00:00,234.29
5392,2013-05-27 07:30:00+00:00,440.52
5392,2013-05-27 08:00:00+00:00,644.1
5392,2013-05-27 08:30:00+00:00,822.35
5392,2013-05-27 09:00:00+00:00,969.65
5392,2013-05-27 09:30:00+00:00,1093.4
5392,2013-05-27 10:00:00+00:00,1210.5
5392,2013-05-27 10:30:00+00:00,1217.2
5392,2013-05-27 11:00:00+00:00,1054.45
5392,2013-05-27 11:30:00+00:00,1112.9
5392,2013-05-27 12:00:00+00:00,1203.0
5392,2013-05-27 12:30:00+00:00,1271.4
5392,2013-05-27 13:00:00+00:00,997.35
5392,2013-05-27 13:30:00+00:00,911.6
5392,2013-05-27 14:00:00+00:00,1293.0
5392,2013-05-27 14:30:00+00:00,1050.95
5392,2013-05-27 15:00:00+00:00,1050.6
5392,2013-05-27 15:30:00+00:00,975.85
5392,2013-05-27 16:00:00+00:00,683.45
5392,2013-05-27 16:30:00+00:00,594.0
5392,2013-05-27 17:00:00+00:00,308.41
5392,2013-05-27 17:30:00+00:00,253.02
5392,2013-05-27 18:00:00+00:00,127.22
5392,2013-05-27 18:30:00+00:00,47.5
5392,2013-05-27 19:00:00+00:00,17.22
5392,2013-05-27 19:30:00+00:00,1.61
5392,2013-05-27 20:00:00+00:00,0.04
5392,2013-05-27 20:30:00+00:00,0.0
5392,2013-05-27 21:00:00+00:00,0.0
5392,2013-05-27 21:30:00+00:00,0.0
5392,2013-05-27 22:00:00+00:00,0.0
5392,2013-05-27 22:30:00+00:00,0.0
5392,2013-05-27 23:00:00+00:00,0.0
5392,2013-05-27 23:30:00+00:00,0.0
5392,2013-05-28 00:00:00+00:00,0.0
5392,2013-05-28 00:30:00+00:00,0.0
5392,2013-05-28 01:00:00+00:00,0.0
5392,2013-05-28 01:30:00+00:00,0.0
5392,2013-05-28 02:00:00+00:00,0.0
5392,2013-05-28 02:30:00+00:00,0.0
5392,2013-05-28 03:00:00+00:00,0.0
5392,2013-05-28 03:30:00+00:00,0.0
5392,2013-05-28 04:00:00+00:00,0.0
5392,2013-05-28 04:30:00+00:00,0.0
5392,2013-05-28 05:00:00+00:00,2.38
5392,2013-05-28 05:30:00+00:00,31.75
5392,2013-05-28 06:00:00+00:00,9.54
5392,2013-05-28 06:30:00+00:00,55.78
5392,2013-05-28 07:00:00+00:00,79.36
5392,2013-05-28 07:30:00+00:00,51.37
5392,2013-05-28 08:00:00+00:00,120.09
5392,2013-05-28 08:30:00+00:00,163.72
5392,2013-05-28 09:00:00+00:00,214.39
5392,2013-05-28 09:30:00+00:00,266.73
5392,2013-05-28 10:00:00+00:00,290.48
5392,2013-05-28 10:30:00+00:00,215.68
5392,2013-05-28 11:00:00+00:00,172.77
5392,2013-05-28 11:30:00+00:00,183.36
5392,2013-05-28 12:00:00+00:00,154.25
5392,2013-05-28 12:30:00+00:00,143.09
5392,2013-05-28 13:00:00+00:00,85.22
5392,2013-05-28 13:30:00+00:00,34.25
5392,2013-05-28 14:00:00+00:00,94.07
5392,2013-05-28 14:30:00+00:00,134.49
5392,2013-05-28 15:00:00+00:00,205.91
5392,2013-05-28 15:30:00+00:00,288.54
5392,2013-05-28 16:00:00+00:00,241.4
5392,2013-05-28 16:30:00+00:00,335.93
5392,2013-05-28 17:00:00+00:00,291.73
5392,2013-05-28 17:30:00+00:00,80.98
5392,2013-05-28 18:00:00+00:00,107.11
5392,2013-05-28 18:30:00+00:00,47.58
5392,2013-05-28 19:00:00+00:00,61.55
5392,2013-05-28 19:30:00+00:00,23.59
5392,2013-05-28 20:00:00+00:00,0.14
5392,2013-05-28 20:30:00+00:00,0.0
5392,2013-05-28 21:00:00+00:00,0.0
5392,2013-05-28 21:30:00+00:00,0.0
5392,2013-05-28 22:00:00+00:00,0.0
5392,2013-05-28 22:30:00+00:00,0.0
5392,2013-05-28 23:00:00+00:00,0.0
5392,2013-05-28 23:30:00+00:00,0.0
5392,2013-05-29 00:00:00+00:00,0.0
5392,2013-05-29 00:30:00+00:00,0.0
5392,2013-05-29 01:00:00+00:00,0.0
5392,2013-05-29 01:30:00+00:00,0.0
5392,2013-05-29 02:00:00+00:00,0.0
5392,2013-05-29 02:30:00+00:00,0.0
5392,2013-05-29 03:00:00+00:00,0.0
5392,2013-05-29 03:30:00+00:00,0.0
5392,2013-05-29 04:00:00+00:00,0.0
5392,2013-05-29 04:30:00+00:00,2.51
5392,2013-05-29 05:00:00+00:00,30.86
5392,2013-05-29 05:30:00+00:00,30.8
5392,2013-05-29 06:00:00+00:00,47.93
5392,2013-05-29 06:30:00+00:00,138.86
5392,2013-05-29 07:00:00+00:00,89.48
5392,2013-05-29 07:30:00+00:00,137.67
5392,2013-05-29 08:00:00+00:00,172.38
5392,2013-05-29 08:30:00+00:00,194.36
5392,2013-05-29 09:00:00+00:00,247.53
5392,2013-05-29 09:30:00+00:00,154.67
5392,2013-05-29 10:00:00+00:00,123.59
5392,2013-05-29 10:30:00+00:00,81.95
5392,2013-05-29 11:00:00+00:00,79.71
5392,2013-05-29 11:30:00+00:00,49.19
5392,2013-05-29 12:00:00+00:00,97.67
5392,2013-05-29 12:30:00+00:00,66.92
5392,2013-05-29 13:00:00+00:00,122.74
5392,2013-05-29 13:30:00+00:00,270.63
5392,2013-05-29 14:00:00+00:00,119.85
5392,2013-05-29 14:30:00+00:00,111.61
5392,2013-05-29 15:00:00+00:00,63.41
5392,2013-05-29 15:30:00+00:00,52.59
5392,2013-05-29 16:00:00+00:00,49.8
5392,2013-05-29 16:30:00+00:00,72.13
5392,2013-05-29 17:00:00+00:00,45.31
5392,2013-05-29 17:30:00+00:00,86.19
5392,2013-05-29 18:00:00+00:00,100.74
5392,2013-05-29 18:30:00+00:00,61.34
5392,2013-05-29 19:00:00+00:00,11.18
5392,2013-05-29 19:30:00+00:00,2.61
5392,2013-05-29 20:00:00+00:00,0.0
5392,2013-05-29 20:30:00+00:00,0.0
5392,2013-05-29 21:00:00+00:00,0.0
5392,2013-05-29 21:30:00+00:00,0.0
5392,2013-05-29 22:00:00+00:00,0.0
5392,2013-05-29 22:30:00+00:00,0.0
5392,2013-05-29 23:00:00+00:00,0.0
5392,2013-05-29 23:30:00+00:00,0.0
5392,2013-05-30 00:00:00+00:00,0.0
5392,2013-05-30 00:30:00+00:00,0.0
5392,2013-05-30 01:00:00+00:00,0.0
5392,2013-05-30 01:30:00+00:00,0.0
5392,2013-05-30 02:00:00+00:00,0.0
5392,2013-05-30 02:30:00+00:00,0.0
5392,2013-05-30 03:00:00+00:00,0.0
5392,2013-05-30 03:30:00+00:00,0.0
5392,2013-05-30 04:00:00+00:00,0.0
5392,2013-05-30 04:30:00+00:00,0.0
5392,2013-05-30 05:00:00+00:00,0.01
5392,2013-05-30 05:30:00+00:00,12.44
5392,2013-05-30 06:00:00+00:00,72.29
5392,2013-05-30 06:30:00+00:00,82.68
5392,2013-05-30 07:00:00+00:00,28.88
5392,2013-05-30 07:30:00+00:00,209.63
5392,2013-05-30 08:00:00+00:00,143.25
5392,2013-05-30 08:30:00+00:00,124.74
5392,2013-05-30 09:00:00+00:00,139.29
5392,2013-05-30 09:30:00+00:00,165.66
5392,2013-05-30 10:00:00+00:00,230.5
5392,2013-05-30 10:30:00+00:00,226.47
5392,2013-05-30 11:00:00+00:00,162.26
5392,2013-05-30 11:30:00+00:00,307.88
5392,2013-05-30 12:00:00+00:00,171.49
5392,2013-05-30 12:30:00+00:00,151.85
5392,2013-05-30 13:00:00+00:00,141.64
5392,2013-05-30 13:30:00+00:00,161.76
5392,2013-05-30 14:00:00+00:00,187.92
5392,2013-05-30 14:30:00+00:00,136.15
5392,2013-05-30 15:00:00+00:00,104.66
5392,2013-05-30 15:30:00+00:00,118.8
5392,2013-05-30 16:00:00+00:00,61.02
5392,2013-05-30 16:30:00+00:00,73.56
5392,2013-05-30 17:00:00+00:00,71.01
5392,2013-05-30 17:30:00+00:00,59.5
5392,2013-05-30 18:00:00+00:00,59.01
5392,2013-05-30 18:30:00+00:00,7.93
5392,2013-05-30 19:00:00+00:00,2.07
5392,2013-05-30 19:30:00+00:00,0.15
5392,2013-05-30 20:00:00+00:00,0.0
5392,2013-05-30 20:30:00+00:00,0.0
5392,2013-05-30 21:00:00+00:00,0.0
5392,2013-05-30 21:30:00+00:00,0.0
5392,2013-05-30 22:00:00+00:00,0.0
5392,2013-05-30 22:30:00+00:00,0.0
5392,2013-05-30 23:00:00+00:00,0.0
5392,2013-05-30 23:30:00+00:00,0.0
5392,2013-05-31 00:00:00+00:00,0.0
5392,2013-05-31 00:30:00+00:00,0.0
5392,2013-05-31 01:00:00+00:00,0.0
5392,2013-05-31 01:30:00+00:00,0.0
5392,2013-05-31 02:00:00+00:00,0.0
5392,2013-05-31 02:30:00+00:00,0.0
5392,2013-05-31 03:00:00+00:00,0.0
5392,2013-05-31 03:30:00+00:00,0.0
5392,2013-05-31 04:00:00+00:00,0.0
5392,2013-05-31 04:30:00+00:00,0.0
5392,2013-05-31 05:00:00+00:00,0.84
5392,2013-05-31 05:30:00+00:00,4.29
5392,2013-05-31 06:00:00+00:00,26.18
5392,2013-05-31 06:30:00+00:00,36.71
5392,2013-05-31 07:00:00+00:00,67.71
5392,2013-05-31 07:30:00+00:00,145.15
5392,2013-05-31 08:00:00+00:00,288.02
5392,2013-05-31 08:30:00+00:00,159.66
5392,2013-05-31 09:00:00+00:00,195.72
5392,2013-05-31 09:30:00+00:00,278.03
5392,2013-05-31 10:00:00+00:00,357.53
5392,2013-05-31 10:30:00+00:00,381.29
5392,2013-05-31 11:00:00+00:00,718.0
5392,2013-05-31 11:30:00+00:00,794.3
5392,2013-05-31 12:00:00+00:00,1168.9
5392,2013-05-31 12:30:00+00:00,1110.45
5392,2013-05-31 13:00:00+00:00,1144.3
5392,2013-05-31 13:30:00+00:00,946.1
5392,2013-05-31 14:00:00+00:00,969.5
5392,2013-05-31 14:30:00+00:00,872.0
5392,2013-05-31 15:00:00+00:00,471.92
5392,2013-05-31 15:30:00+00:00,621.4
5392,2013-05-31 16:00:00+00:00,757.4
5392,2013-05-31 16:30:00+00:00,403.03
5392,2013-05-31 17:00:00+00:00,399.62
5392,2013-05-31 17:30:00+00:00,172.19
5392,2013-05-31 18:00:00+00:00,134.23
5392,2013-05-31 18:30:00+00:00,74.9
5392,2013-05-31 19:00:00+00:00,46.23
5392,2013-05-31 19:30:00+00:00,3.21
5392,2013-05-31 20:00:00+00:00,0.15
5392,2013-05-31 20:30:00+00:00,0.0
5392,2013-05-31 21:00:00+00:00,0.0
5392,2013-05-31 21:30:00+00:00,0.0
5392,2013-05-31 22:00:00+00:00,0.0
5392,2013-05-31 22:30:00+00:00,0.0
5392,2013-05-31 23:00:00+00:00,0.0
5392,2013-05-31 23:30:00+00:00,0.0
5392,2013-06-01 00:30:00+00:00,0.0
5392,2013-06-01 01:00:00+00:00,0.0
5392,2013-06-01 01:30:00+00:00,0.0
5392,2013-06-01 02:00:00+00:00,0.0
5392,2013-06-01 02:30:00+00:00,0.0
5392,2013-06-01 03:00:00+00:00,0.0
5392,2013-06-01 03:30:00+00:00,0.0
5392,2013-06-01 04:00:00+00:00,0.0
5392,2013-06-01 04:30:00+00:00,1.0
5392,2013-06-01 05:00:00+00:00,16.82
5392,2013-06-01 05:30:00+00:00,65.6
5392,2013-06-01 06:00:00+00:00,84.56
5392,2013-06-01 06:30:00+00:00,132.79
5392,2013-06-01 07:00:00+00:00,214.62
5392,2013-06-01 07:30:00+00:00,280.79
5392,2013-06-01 08:00:00+00:00,485.24
5392,2013-06-01 08:30:00+00:00,724.15
5392,2013-06-01 09:00:00+00:00,394.94
5392,2013-06-01 09:30:00+00:00,345.83
5392,2013-06-01 10:00:00+00:00,451.14
5392,2013-06-01 10:30:00+00:00,795.25
5392,2013-06-01 11:00:00+00:00,1064.0
5392,2013-06-01 11:30:00+00:00,622.75
5392,2013-06-01 12:00:00+00:00,687.7
5392,2013-06-01 12:30:00+00:00,362.2
5392,2013-06-01 13:00:00+00:00,391.76
5392,2013-06-01 13:30:00+00:00,344.13
5392,2013-06-01 14:00:00+00:00,311.78
5392,2013-06-01 14:30:00+00:00,294.45
5392,2013-06-01 15:00:00+00:00,356.23
5392,2013-06-01 15:30:00+00:00,416.06
5392,2013-06-01 16:00:00+00:00,324.41
5392,2013-06-01 16:30:00+00:00,77.79
5392,2013-06-01 17:00:00+00:00,100.58
5392,2013-06-01 17:30:00+00:00,245.65
5392,2013-06-01 18:00:00+00:00,196.73
5392,2013-06-01 18:30:00+00:00,106.12
5392,2013-06-01 19:00:00+00:00,58.12
5392,2013-06-01 19:30:00+00:00,8.44
5392,2013-06-01 20:00:00+00:00,0.09
5392,2013-06-01 20:30:00+00:00,0.0
5392,2013-06-01 21:00:00+00:00,0.0
5392,2013-06-01 21:30:00+00:00,0.0
5392,2013-06-01 22:00:00+00:00,0.0
5392,2013-06-01 22:30:00+00:00,0.0
5392,2013-06-01 23:00:00+00:00,0.0
5392,2013-06-01 23:30:00+00:00,0.0
5392,2013-06-02 00:00:00+00:00,0.0
5392,2013-06-02 00:30:00+00:00,0.0
5392,2013-06-02 01:00:00+00:00,0.0
5392,2013-06-02 01:30:00+00:00,0.0
5392,2013-06-02 02:00:00+00:00,0.0
5392,2013-06-02 02:30:00+00:00,0.0
5392,2013-06-02 03:00:00+00:00,0.0
5392,2013-06-02 03:30:00+00:00,0.0
5392,2013-06-02 04:00:00+00:00,0.0
5392,2013-06-02 04:30:00+00:00,1.07
5392,2013-06-02 05:00:00+00:00,5.39
5392,2013-06-02 05:30:00+00:00,36.3
5392,2013-06-02 06:00:00+00:00,85.85
5392,2013-06-02 06:30:00+00:00,151.91
5392,2013-06-02 07:00:00+00:00,263.84
5392,2013-06-02 07:30:00+00:00,429.9
5392,2013-06-02 08:00:00+00:00,616.7
5392,2013-06-02 08:30:00+00:00,784.25
5392,2013-06-02 09:00:00+00:00,938.15
5392,2013-06-02 09:30:00+00:00,1039.7
5392,2013-06-02 10:00:00+00:00,1175.2
5392,2013-06-02 10:30:00+00:00,1177.55
5392,2013-06-02 11:00:00+00:00,1160.9
5392,2013-06-02 11:30:00+00:00,511.1
5392,2013-06-02 12:00:00+00:00,691.25
5392,2013-06-02 12:30:00+00:00,926.25
5392,2013-06-02 13:00:00+00:00,1136.9
5392,2013-06-02 13:30:00+00:00,1006.3
5392,2013-06-02 14:00:00+00:00,832.45
5392,2013-06-02 14:30:00+00:00,785.75
5392,2013-06-02 15:00:00+00:00,745.7
5392,2013-06-02 15:30:00+00:00,626.65
5392,2013-06-02 16:00:00+00:00,310.37
5392,2013-06-02 16:30:00+00:00,268.29
5392,2013-06-02 17:00:00+00:00,360.66
5392,2013-06-02 17:30:00+00:00,219.94
5392,2013-06-02 18:00:00+00:00,114.87
5392,2013-06-02 18:30:00+00:00,62.55
5392,2013-06-02 19:00:00+00:00,47.48
5392,2013-06-02 19:30:00+00:00,14.56
5392,2013-06-02 20:00:00+00:00,0.81
5392,2013-06-02 20:30:00+00:00,0.0
5392,2013-06-02 21:00:00+00:00,0.0
5392,2013-06-02 21:30:00+00:00,0.0
5392,2013-06-02 22:00:00+00:00,0.0
5392,2013-06-02 22:30:00+00:00,0.0
5392,2013-06-02 23:00:00+00:00,0.0
5392,2013-06-02 23:30:00+00:00,0.0
5392,2013-06-03 00:00:00+00:00,0.0
5392,2013-06-03 00:30:00+00:00,0.0
5392,2013-06-03 01:00:00+00:00,0.0
5392,2013-06-03 01:30:00+00:00,0.0
5392,2013-06-03 02:00:00+00:00,0.0
5392,2013-06-03 02:30:00+00:00,0.0
5392,2013-06-03 03:00:00+00:00,0.0
5392,2013-06-03 03:30:00+00:00,0.0
5392,2013-06-03 04:00:00+00:00,0.0
5392,2013-06-03 04:30:00+00:00,1.68
5392,2013-06-03 05:00:00+00:00,22.92
5392,2013-06-03 05:30:00+00:00,64.06
5392,2013-06-03 06:00:00+00:00,66.47
5392,2013-06-03 06:30:00+00:00,111.31
5392,2013-06-03 07:00:00+00:00,246.01
5392,2013-06-03 07:30:00+00:00,481.38
5392,2013-06-03 08:00:00+00:00,627.5
5392,2013-06-03 08:30:00+00:00,789.85
5392,2013-06-03 09:00:00+00:00,731.0
5392,2013-06-03 09:30:00+00:00,1028.15
5392,2013-06-03 10:00:00+00:00,1216.05
5392,2013-06-03 10:30:00+00:00,856.85
5392,2013-06-03 11:00:00+00:00,936.55
5392,2013-06-03 11:30:00+00:00,612.45
5392,2013-06-03 12:00:00+00:00,801.4
5392,2013-06-03 12:30:00+00:00,1015.5
5392,2013-06-03 13:00:00+00:00,1326.6
5392,2013-06-03 13:30:00+00:00,1222.8
5392,2013-06-03 14:00:00+00:00,1230.1
5392,2013-06-03 14:30:00+00:00,1185.85
5392,2013-06-03 15:00:00+00:00,1086.4
5392,2013-06-03 15:30:00+00:00,968.2
5392,2013-06-03 16:00:00+00:00,855.15
5392,2013-06-03 16:30:00+00:00,578.1
5392,2013-06-03 17:00:00+00:00,399.23
5392,2013-06-03 17:30:00+00:00,314.35
5392,2013-06-03 18:00:00+00:00,180.99
5392,2013-06-03 18:30:00+00:00,113.5
5392,2013-06-03 19:00:00+00:00,63.32
5392,2013-06-03 19:30:00+00:00,17.72
5392,2013-06-03 20:00:00+00:00,0.81
5392,2013-06-03 20:30:00+00:00,0.0
5392,2013-06-03 21:00:00+00:00,0.0
5392,2013-06-03 21:30:00+00:00,0.0
5392,2013-06-03 22:00:00+00:00,0.0
5392,2013-06-03 22:30:00+00:00,0.0
5392,2013-06-03 23:00:00+00:00,0.0
5392,2013-06-03 23:30:00+00:00,0.0
5392,2013-06-04 00:00:00+00:00,0.0
5392,2013-06-04 00:30:00+00:00,0.0
5392,2013-06-04 01:00:00+00:00,0.0
5392,2013-06-04 01:30:00+00:00,0.0
5392,2013-06-04 02:00:00+00:00,0.0
5392,2013-06-04 02:30:00+00:00,0.0
5392,2013-06-04 03:00:00+00:00,0.0
5392,2013-06-04 03:30:00+00:00,0.0
5392,2013-06-04 04:00:00+00:00,0.0
5392,2013-06-04 04:30:00+00:00,3.17
5392,2013-06-04 05:00:00+00:00,32.02
5392,2013-06-04 05:30:00+00:00,48.04
5392,2013-06-04 06:00:00+00:00,59.69
5392,2013-06-04 06:30:00+00:00,106.65
5392,2013-06-04 07:00:00+00:00,235.74
5392,2013-06-04 07:30:00+00:00,434.68
5392,2013-06-04 08:00:00+00:00,628.4
5392,2013-06-04 08:30:00+00:00,806.2
5392,2013-06-04 09:00:00+00:00,948.35
5392,2013-06-04 09:30:00+00:00,1078.7
5392,2013-06-04 10:00:00+00:00,1104.6
5392,2013-06-04 10:30:00+00:00,1132.85
5392,2013-06-04 11:00:00+00:00,1262.35
5392,2013-06-04 11:30:00+00:00,1331.85
5392,2013-06-04 12:00:00+00:00,1363.8
5392,2013-06-04 12:30:00+00:00,1351.15
5392,2013-06-04 13:00:00+00:00,1338.45
5392,2013-06-04 13:30:00+00:00,1294.9
5392,2013-06-04 14:00:00+00:00,1245.45
5392,2013-06-04 14:30:00+00:00,1167.75
5392,2013-06-04 15:00:00+00:00,1068.85
5392,2013-06-04 15:30:00+00:00,966.3
5392,2013-06-04 16:00:00+00:00,809.1
5392,2013-06-04 16:30:00+00:00,603.0
5392,2013-06-04 17:00:00+00:00,398.28
5392,2013-06-04 17:30:00+00:00,252.98
5392,2013-06-04 18:00:00+00:00,101.86
5392,2013-06-04 18:30:00+00:00,64.95
5392,2013-06-04 19:00:00+00:00,45.54
5392,2013-06-04 19:30:00+00:00,19.54
5392,2013-06-04 20:00:00+00:00,0.89
5392,2013-06-04 20:30:00+00:00,0.0
5392,2013-06-04 21:00:00+00:00,0.0
5392,2013-06-04 21:30:00+00:00,0.0
5392,2013-06-04 22:00:00+00:00,0.0
5392,2013-06-04 22:30:00+00:00,0.0
5392,2013-06-04 23:00:00+00:00,0.0
5392,2013-06-04 23:30:00+00:00,0.0
5392,2013-06-05 00:00:00+00:00,0.0
5392,2013-06-05 00:30:00+00:00,0.0
5392,2013-06-05 01:00:00+00:00,0.0
5392,2013-06-05 01:30:00+00:00,0.0
5392,2013-06-05 02:00:00+00:00,0.0
5392,2013-06-05 02:30:00+00:00,0.0
5392,2013-06-05 03:00:00+00:00,0.0
5392,2013-06-05 03:30:00+00:00,0.0
5392,2013-06-05 04:00:00+00:00,0.0
5392,2013-06-05 04:30:00+00:00,0.44
5392,2013-06-05 05:00:00+00:00,5.14
5392,2013-06-05 05:30:00+00:00,49.92
5392,2013-06-05 06:00:00+00:00,82.25
5392,2013-06-05 06:30:00+00:00,109.36
5392,2013-06-05 07:00:00+00:00,165.84
5392,2013-06-05 07:30:00+00:00,233.25
5392,2013-06-05 08:00:00+00:00,407.82
5392,2013-06-05 08:30:00+00:00,825.0
5392,2013-06-05 09:00:00+00:00,979.75
5392,2013-06-05 09:30:00+00:00,1056.25
5392,2013-06-05 10:00:00+00:00,1134.05
5392,2013-06-05 10:30:00+00:00,1210.75
5392,2013-06-05 11:00:00+00:00,1283.25
5392,2013-06-05 11:30:00+00:00,1305.25
5392,2013-06-05 12:00:00+00:00,1324.6
5392,2013-06-05 12:30:00+00:00,1318.05
5392,2013-06-05 13:00:00+00:00,1284.0
5392,2013-06-05 13:30:00+00:00,1266.95
5392,2013-06-05 14:00:00+00:00,1204.55
5392,2013-06-05 14:30:00+00:00,1040.4
5392,2013-06-05 15:00:00+00:00,1037.5
5392,2013-06-05 15:30:00+00:00,925.2
5392,2013-06-05 16:00:00+00:00,782.8
5392,2013-06-05 16:30:00+00:00,633.05
5392,2013-06-05 17:00:00+00:00,455.81
5392,2013-06-05 17:30:00+00:00,268.51
5392,2013-06-05 18:00:00+00:00,122.9
5392,2013-06-05 18:30:00+00:00,55.56
5392,2013-06-05 19:00:00+00:00,39.9
5392,2013-06-05 19:30:00+00:00,8.18
5392,2013-06-05 20:00:00+00:00,0.73
5392,2013-06-05 20:30:00+00:00,0.0
5392,2013-06-05 21:00:00+00:00,0.0
5392,2013-06-05 21:30:00+00:00,0.0
5392,2013-06-05 22:00:00+00:00,0.0
5392,2013-06-05 22:30:00+00:00,0.0
5392,2013-06-05 23:00:00+00:00,0.0
5392,2013-06-05 23:30:00+00:00,0.0
5392,2013-06-06 00:00:00+00:00,0.0
5392,2013-06-06 00:30:00+00:00,0.0
5392,2013-06-06 01:00:00+00:00,0.0
5392,2013-06-06 01:30:00+00:00,0.0
5392,2013-06-06 02:00:00+00:00,0.0
5392,2013-06-06 02:30:00+00:00,0.0
5392,2013-06-06 03:00:00+00:00,0.0
5392,2013-06-06 03:30:00+00:00,0.0
5392,2013-06-06 04:00:00+00:00,0.0
5392,2013-06-06 04:30:00+00:00,1.77
5392,2013-06-06 05:00:00+00:00,18.03
5392,2013-06-06 05:30:00+00:00,55.39
5392,2013-06-06 06:00:00+00:00,97.11
5392,2013-06-06 06:30:00+00:00,156.86
5392,2013-06-06 07:00:00+00:00,277.87
5392,2013-06-06 07:30:00+00:00,441.77
5392,2013-06-06 08:00:00+00:00,603.2
5392,2013-06-06 08:30:00+00:00,757.75
5392,2013-06-06 09:00:00+00:00,900.75
5392,2013-06-06 09:30:00+00:00,1019.3
5392,2013-06-06 10:00:00+00:00,1111.5
5392,2013-06-06 10:30:00+00:00,1187.25
5392,2013-06-06 11:00:00+00:00,1236.35
5392,2013-06-06 11:30:00+00:00,1273.3
5392,2013-06-06 12:00:00+00:00,1271.85
5392,2013-06-06 12:30:00+00:00,1271.4
5392,2013-06-06 13:00:00+00:00,1238.05
5392,2013-06-06 13:30:00+00:00,1201.95
5392,2013-06-06 14:00:00+00:00,1156.45
5392,2013-06-06 14:30:00+00:00,1093.35
5392,2013-06-06 15:00:00+00:00,1019.9
5392,2013-06-06 15:30:00+00:00,902.0
5392,2013-06-06 16:00:00+00:00,762.45
5392,2013-06-06 16:30:00+00:00,605.05
5392,2013-06-06 17:00:00+00:00,436.61
5392,2013-06-06 17:30:00+00:00,266.17
5392,2013-06-06 18:00:00+00:00,135.1
5392,2013-06-06 18:30:00+00:00,69.01
5392,2013-06-06 19:00:00+00:00,47.28
5392,2013-06-06 19:30:00+00:00,16.23
5392,2013-06-06 20:00:00+00:00,0.77
5392,2013-06-06 20:30:00+00:00,0.0
5392,2013-06-06 21:00:00+00:00,0.0
5392,2013-06-06 21:30:00+00:00,0.0
5392,2013-06-06 22:00:00+00:00,0.0
5392,2013-06-06 22:30:00+00:00,0.0
5392,2013-06-06 23:00:00+00:00,0.0
5392,2013-06-06 23:30:00+00:00,0.0
5392,2013-06-07 00:00:00+00:00,0.0
5392,2013-06-07 00:30:00+00:00,0.0
5392,2013-06-07 01:00:00+00:00,0.0
5392,2013-06-07 01:30:00+00:00,0.0
5392,2013-06-07 02:00:00+00:00,0.0
5392,2013-06-07 02:30:00+00:00,0.0
5392,2013-06-07 03:00:00+00:00,0.0
5392,2013-06-07 03:30:00+00:00,0.0
5392,2013-06-07 04:00:00+00:00,2.34
5392,2013-06-07 04:30:00+00:00,22.67
5392,2013-06-07 05:00:00+00:00,3.91
5392,2013-06-07 05:30:00+00:00,6.31
5392,2013-06-07 06:00:00+00:00,48.14
5392,2013-06-07 06:30:00+00:00,60.61
5392,2013-06-07 07:00:00+00:00,91.99
5392,2013-06-07 07:30:00+00:00,143.29
5392,2013-06-07 08:00:00+00:00,200.45
5392,2013-06-07 08:30:00+00:00,419.25
5392,2013-06-07 09:00:00+00:00,764.65
5392,2013-06-07 09:30:00+00:00,1120.45
5392,2013-06-07 10:00:00+00:00,1143.65
5392,2013-06-07 10:30:00+00:00,1175.8
5392,2013-06-07 11:00:00+00:00,1240.1
5392,2013-06-07 11:30:00+00:00,1174.1
5392,2013-06-07 12:00:00+00:00,1289.25
5392,2013-06-07 12:30:00+00:00,1181.9
5392,2013-06-07 13:00:00+00:00,971.1
5392,2013-06-07 13:30:00+00:00,1260.2
5392,2013-06-07 14:00:00+00:00,1194.4
5392,2013-06-07 14:30:00+00:00,656.45
5392,2013-06-07 15:00:00+00:00,368.88
5392,2013-06-07 15:30:00+00:00,338.67
5392,2013-06-07 16:00:00+00:00,373.63
5392,2013-06-07 16:30:00+00:00,432.28
5392,2013-06-07 17:00:00+00:00,483.36
5392,2013-06-07 17:30:00+00:00,274.48
5392,2013-06-07 18:00:00+00:00,127.22
5392,2013-06-07 18:30:00+00:00,84.26
5392,2013-06-07 19:00:00+00:00,58.57
5392,2013-06-07 19:30:00+00:00,23.94
5392,2013-06-07 20:00:00+00:00,1.3
5392,2013-06-07 20:30:00+00:00,0.0
5392,2013-06-07 21:00:00+00:00,0.0
5392,2013-06-07 21:30:00+00:00,0.0
5392,2013-06-07 22:00:00+00:00,0.0
5392,2013-06-07 22:30:00+00:00,0.0
5392,2013-06-07 23:00:00+00:00,0.0
5392,2013-06-07 23:30:00+00:00,0.0
5392,2013-06-08 00:00:00+00:00,0.0
5392,2013-06-08 00:30:00+00:00,0.0
5392,2013-06-08 01:00:00+00:00,0.0
5392,2013-06-08 01:30:00+00:00,0.0
5392,2013-06-08 02:00:00+00:00,0.0
5392,2013-06-08 02:30:00+00:00,0.0
5392,2013-06-08 03:00:00+00:00,0.0
5392,2013-06-08 03:30:00+00:00,0.0
5392,2013-06-08 04:00:00+00:00,0.0
5392,2013-06-08 04:30:00+00:00,0.9
5392,2013-06-08 05:00:00+00:00,8.15
5392,2013-06-08 05:30:00+00:00,48.95
5392,2013-06-08 06:00:00+00:00,90.14
5392,2013-06-08 06:30:00+00:00,111.58
5392,2013-06-08 07:00:00+00:00,152.75
5392,2013-06-08 07:30:00+00:00,186.17
5392,2013-06-08 08:00:00+00:00,263.82
5392,2013-06-08 08:30:00+00:00,307.84
5392,2013-06-08 09:00:00+00:00,248.78
5392,2013-06-08 09:30:00+00:00,419.48
5392,2013-06-08 10:00:00+00:00,599.25
5392,2013-06-08 10:30:00+00:00,1017.7
5392,2013-06-08 11:00:00+00:00,768.85
5392,2013-06-08 11:30:00+00:00,1033.65
5392,2013-06-08 12:00:00+00:00,881.8
5392,2013-06-08 12:30:00+00:00,828.5
5392,2013-06-08 13:00:00+00:00,856.7
5392,2013-06-08 13:30:00+00:00,693.75
5392,2013-06-08 14:00:00+00:00,964.6
5392,2013-06-08 14:30:00+00:00,1207.1
5392,2013-06-08 15:00:00+00:00,902.5
5392,2013-06-08 15:30:00+00:00,828.25
5392,2013-06-08 16:00:00+00:00,655.3
5392,2013-06-08 16:30:00+00:00,468.62
5392,2013-06-08 17:00:00+00:00,371.49
5392,2013-06-08 17:30:00+00:00,252.14
5392,2013-06-08 18:00:00+00:00,187.3
5392,2013-06-08 18:30:00+00:00,62.51
5392,2013-06-08 19:00:00+00:00,22.34
5392,2013-06-08 19:30:00+00:00,1.05
5392,2013-06-08 20:00:00+00:00,0.0
5392,2013-06-08 20:30:00+00:00,0.0
5392,2013-06-08 21:00:00+00:00,0.0
5392,2013-06-08 21:30:00+00:00,0.0
5392,2013-06-08 22:00:00+00:00,0.0
5392,2013-06-08 22:30:00+00:00,0.0
5392,2013-06-08 23:00:00+00:00,0.0
5392,2013-06-08 23:30:00+00:00,0.0
5392,2013-06-09 00:00:00+00:00,0.0
5392,2013-06-09 00:30:00+00:00,0.0
5392,2013-06-09 01:00:00+00:00,0.0
5392,2013-06-09 01:30:00+00:00,0.0
5392,2013-06-09 02:00:00+00:00,0.0
5392,2013-06-09 02:30:00+00:00,0.0
5392,2013-06-09 03:00:00+00:00,0.0
5392,2013-06-09 03:30:00+00:00,0.0
5392,2013-06-09 04:00:00+00:00,0.0
5392,2013-06-09 04:30:00+00:00,0.0
5392,2013-06-09 05:00:00+00:00,1.23
5392,2013-06-09 05:30:00+00:00,4.6
5392,2013-06-09 06:00:00+00:00,43.55
5392,2013-06-09 06:30:00+00:00,65.04
5392,2013-06-09 07:00:00+00:00,59.64
5392,2013-06-09 07:30:00+00:00,80.95
5392,2013-06-09 08:00:00+00:00,101.12
5392,2013-06-09 08:30:00+00:00,122.29
5392,2013-06-09 09:00:00+00:00,184.71
5392,2013-06-09 09:30:00+00:00,243.25
5392,2013-06-09 10:00:00+00:00,192.16
5392,2013-06-09 10:30:00+00:00,247.78
5392,2013-06-09 11:00:00+00:00,201.18
5392,2013-06-09 11:30:00+00:00,235.54
5392,2013-06-09 12:00:00+00:00,226.58
5392,2013-06-09 12:30:00+00:00,273.53
5392,2013-06-09 13:00:00+00:00,252.65
5392,2013-06-09 13:30:00+00:00,295.19
5392,2013-06-09 14:00:00+00:00,269.45
5392,2013-06-09 14:30:00+00:00,238.75
5392,2013-06-09 15:00:00+00:00,276.31
5392,2013-06-09 15:30:00+00:00,211.91
5392,2013-06-09 16:00:00+00:00,185.91
5392,2013-06-09 16:30:00+00:00,125.8
5392,2013-06-09 17:00:00+00:00,110.86
5392,2013-06-09 17:30:00+00:00,82.11
5392,2013-06-09 18:00:00+00:00,62.44
5392,2013-06-09 18:30:00+00:00,40.18
5392,2013-06-09 19:00:00+00:00,8.27
5392,2013-06-09 19:30:00+00:00,0.84
5392,2013-06-09 20:00:00+00:00,0.03
5392,2013-06-09 20:30:00+00:00,0.0
5392,2013-06-09 21:00:00+00:00,0.0
5392,2013-06-09 21:30:00+00:00,0.0
5392,2013-06-09 22:00:00+00:00,0.0
5392,2013-06-09 22:30:00+00:00,0.0
5392,2013-06-09 23:00:00+00:00,0.0
5392,2013-06-09 23:30:00+00:00,0.0
5392,2013-06-10 00:00:00+00:00,0.0
5392,2013-06-10 00:30:00+00:00,0.0
5392,2013-06-10 01:00:00+00:00,0.0
5392,2013-06-10 01:30:00+00:00,0.0
5392,2013-06-10 02:00:00+00:00,0.0
5392,2013-06-10 02:30:00+00:00,0.0
5392,2013-06-10 03:00:00+00:00,0.0
5392,2013-06-10 03:30:00+00:00,0.0
5392,2013-06-10 04:00:00+00:00,0.0
5392,2013-06-10 04:30:00+00:00,0.0
5392,2013-06-10 05:00:00+00:00,0.19
5392,2013-06-10 05:30:00+00:00,2.36
5392,2013-06-10 06:00:00+00:00,5.48
5392,2013-06-10 06:30:00+00:00,35.79
5392,2013-06-10 07:00:00+00:00,61.13
5392,2013-06-10 07:30:00+00:00,86.7
5392,2013-06-10 08:00:00+00:00,112.77
5392,2013-06-10 08:30:00+00:00,150.18
5392,2013-06-10 09:00:00+00:00,171.23
5392,2013-06-10 09:30:00+00:00,192.54
5392,2013-06-10 10:00:00+00:00,218.92
5392,2013-06-10 10:30:00+00:00,268.73
5392,2013-06-10 11:00:00+00:00,254.41
5392,2013-06-10 11:30:00+00:00,263.27
5392,2013-06-10 12:00:00+00:00,229.44
5392,2013-06-10 12:30:00+00:00,248.56
5392,2013-06-10 13:00:00+00:00,302.71
5392,2013-06-10 13:30:00+00:00,254.37
5392,2013-06-10 14:00:00+00:00,191.06
5392,2013-06-10 14:30:00+00:00,224.97
5392,2013-06-10 15:00:00+00:00,230.19
5392,2013-06-10 15:30:00+00:00,331.46
5392,2013-06-10 16:00:00+00:00,548.55
5392,2013-06-10 16:30:00+00:00,433.74
5392,2013-06-10 17:00:00+00:00,192.63
5392,2013-06-10 17:30:00+00:00,207.8
5392,2013-06-10 18:00:00+00:00,160.31
5392,2013-06-10 18:30:00+00:00,96.97
5392,2013-06-10 19:00:00+00:00,44.73
5392,2013-06-10 19:30:00+00:00,12.03
5392,2013-06-10 20:00:00+00:00,1.09
5392,2013-06-10 20:30:00+00:00,0.0
5392,2013-06-10 21:00:00+00:00,0.0
5392,2013-06-10 21:30:00+00:00,0.0
5392,2013-06-10 22:00:00+00:00,0.0
5392,2013-06-10 22:30:00+00:00,0.0
5392,2013-06-10 23:00:00+00:00,0.0
5392,2013-06-10 23:30:00+00:00,0.0
5392,2013-06-11 00:00:00+00:00,0.0
5392,2013-06-11 00:30:00+00:00,0.0
5392,2013-06-11 01:00:00+00:00,0.0
5392,2013-06-11 01:30:00+00:00,0.0
5392,2013-06-11 02:00:00+00:00,0.0
5392,2013-06-11 02:30:00+00:00,0.0
5392,2013-06-11 03:00:00+00:00,0.0
5392,2013-06-11 03:30:00+00:00,0.0
5392,2013-06-11 04:00:00+00:00,0.06
5392,2013-06-11 04:30:00+00:00,26.05
5392,2013-06-11 05:00:00+00:00,45.69
5392,2013-06-11 05:30:00+00:00,48.47
5392,2013-06-11 06:00:00+00:00,48.76
5392,2013-06-11 06:30:00+00:00,38.09
5392,2013-06-11 07:00:00+00:00,39.54
5392,2013-06-11 07:30:00+00:00,54.43
5392,2013-06-11 08:00:00+00:00,182.34
5392,2013-06-11 08:30:00+00:00,256.02
5392,2013-06-11 09:00:00+00:00,512.1
5392,2013-06-11 09:30:00+00:00,604.8
5392,2013-06-11 10:00:00+00:00,774.9
5392,2013-06-11 10:30:00+00:00,881.05
5392,2013-06-11 11:00:00+00:00,577.0
5392,2013-06-11 11:30:00+00:00,378.45
5392,2013-06-11 12:00:00+00:00,434.29
5392,2013-06-11 12:30:00+00:00,320.16
5392,2013-06-11 13:00:00+00:00,263.15
5392,2013-06-11 13:30:00+00:00,291.86
5392,2013-06-11 14:00:00+00:00,280.71
5392,2013-06-11 14:30:00+00:00,148.85
5392,2013-06-11 15:00:00+00:00,211.6
5392,2013-06-11 15:30:00+00:00,187.14
5392,2013-06-11 16:00:00+00:00,237.41
5392,2013-06-11 16:30:00+00:00,222.84
5392,2013-06-11 17:00:00+00:00,152.77
5392,2013-06-11 17:30:00+00:00,72.94
5392,2013-06-11 18:00:00+00:00,103.99
5392,2013-06-11 18:30:00+00:00,105.78
5392,2013-06-11 19:00:00+00:00,33.49
5392,2013-06-11 19:30:00+00:00,18.08
5392,2013-06-11 20:00:00+00:00,0.46
5392,2013-06-11 20:30:00+00:00,0.0
5392,2013-06-11 21:00:00+00:00,0.0
5392,2013-06-11 21:30:00+00:00,0.0
5392,2013-06-11 22:00:00+00:00,0.0
5392,2013-06-11 22:30:00+00:00,0.0
5392,2013-06-11 23:00:00+00:00,0.0
5392,2013-06-11 23:30:00+00:00,0.0
5392,2013-06-12 00:00:00+00:00,0.0
5392,2013-06-12 00:30:00+00:00,0.0
5392,2013-06-12 01:00:00+00:00,0.0
5392,2013-06-12 01:30:00+00:00,0.0
5392,2013-06-12 02:00:00+00:00,0.0
5392,2013-06-12 02:30:00+00:00,0.0
5392,2013-06-12 03:00:00+00:00,0.0
5392,2013-06-12 03:30:00+00:00,0.0
5392,2013-06-12 04:00:00+00:00,0.0
5392,2013-06-12 04:30:00+00:00,0.03
5392,2013-06-12 05:00:00+00:00,2.2
5392,2013-06-12 05:30:00+00:00,17.91
5392,2013-06-12 06:00:00+00:00,9.64
5392,2013-06-12 06:30:00+00:00,18.97
5392,2013-06-12 07:00:00+00:00,41.89
5392,2013-06-12 07:30:00+00:00,61.89
5392,2013-06-12 08:00:00+00:00,69.54
5392,2013-06-12 08:30:00+00:00,110.87
5392,2013-06-12 09:00:00+00:00,179.46
5392,2013-06-12 09:30:00+00:00,319.73
5392,2013-06-12 10:00:00+00:00,468.61
5392,2013-06-12 10:30:00+00:00,380.18
5392,2013-06-12 11:00:00+00:00,620.85
5392,2013-06-12 11:30:00+00:00,596.7
5392,2013-06-12 12:00:00+00:00,413.54
5392,2013-06-12 12:30:00+00:00,313.37
5392,2013-06-12 13:00:00+00:00,285.91
5392,2013-06-12 13:30:00+00:00,279.44
5392,2013-06-12 14:00:00+00:00,172.92
5392,2013-06-12 14:30:00+00:00,123.34
5392,2013-06-12 15:00:00+00:00,115.72
5392,2013-06-12 15:30:00+00:00,112.48
5392,2013-06-12 16:00:00+00:00,78.02
5392,2013-06-12 16:30:00+00:00,52.25
5392,2013-06-12 17:00:00+00:00,21.25
5392,2013-06-12 17:30:00+00:00,53.74
5392,2013-06-12 18:00:00+00:00,14.8
5392,2013-06-12 18:30:00+00:00,2.92
5392,2013-06-12 19:00:00+00:00,0.2
5392,2013-06-12 19:30:00+00:00,0.01
5392,2013-06-12 20:00:00+00:00,0.0
5392,2013-06-12 20:30:00+00:00,0.0
5392,2013-06-12 21:00:00+00:00,0.0
5392,2013-06-12 21:30:00+00:00,0.0
5392,2013-06-12 22:00:00+00:00,0.0
5392,2013-06-12 22:30:00+00:00,0.0
5392,2013-06-12 23:00:00+00:00,0.0
5392,2013-06-12 23:30:00+00:00,0.0
5392,2013-06-13 00:00:00+00:00,0.0
5392,2013-06-13 00:30:00+00:00,0.0
5392,2013-06-13 01:00:00+00:00,0.0
5392,2013-06-13 01:30:00+00:00,0.0
5392,2013-06-13 02:00:00+00:00,0.0
5392,2013-06-13 02:30:00+00:00,0.0
5392,2013-06-13 03:00:00+00:00,0.0
5392,2013-06-13 03:30:00+00:00,0.0
5392,2013-06-13 04:00:00+00:00,0.0
5392,2013-06-13 04:30:00+00:00,0.09
5392,2013-06-13 05:00:00+00:00,2.6
5392,2013-06-13 05:30:00+00:00,7.45
5392,2013-06-13 06:00:00+00:00,73.88
5392,2013-06-13 06:30:00+00:00,55.25
5392,2013-06-13 07:00:00+00:00,126.47
5392,2013-06-13 07:30:00+00:00,39.21
5392,2013-06-13 08:00:00+00:00,70.04
5392,2013-06-13 08:30:00+00:00,131.98
5392,2013-06-13 09:00:00+00:00,164.38
5392,2013-06-13 09:30:00+00:00,184.28
5392,2013-06-13 10:00:00+00:00,177.18
5392,2013-06-13 10:30:00+00:00,137.68
5392,2013-06-13 11:00:00+00:00,214.06
5392,2013-06-13 11:30:00+00:00,252.71
5392,2013-06-13 12:00:00+00:00,102.08
5392,2013-06-13 12:30:00+00:00,115.82
5392,2013-06-13 13:00:00+00:00,298.81
5392,2013-06-13 13:30:00+00:00,311.17
5392,2013-06-13 14:00:00+00:00,215.06
5392,2013-06-13 14:30:00+00:00,291.42
5392,2013-06-13 15:00:00+00:00,1002.85
5392,2013-06-13 15:30:00+00:00,568.5
5392,2013-06-13 16:00:00+00:00,174.29
5392,2013-06-13 16:30:00+00:00,284.9
5392,2013-06-13 17:00:00+00:00,328.77
5392,2013-06-13 17:30:00+00:00,160.21
5392,2013-06-13 18:00:00+00:00,73.92
5392,2013-06-13 18:30:00+00:00,75.95
5392,2013-06-13 19:00:00+00:00,53.53
5392,2013-06-13 19:30:00+00:00,18.3
5392,2013-06-13 20:00:00+00:00,0.56
5392,2013-06-13 20:30:00+00:00,0.0
5392,2013-06-13 21:00:00+00:00,0.0
5392,2013-06-13 21:30:00+00:00,0.0
5392,2013-06-13 22:00:00+00:00,0.0
5392,2013-06-13 22:30:00+00:00,0.0
5392,2013-06-13 23:00:00+00:00,0.0
5392,2013-06-13 23:30:00+00:00,0.0
5392,2013-06-14 00:00:00+00:00,0.0
5392,2013-06-14 00:30:00+00:00,0.0
5392,2013-06-14 01:00:00+00:00,0.0
5392,2013-06-14 01:30:00+00:00,0.0
5392,2013-06-14 02:00:00+00:00,0.0
5392,2013-06-14 02:30:00+00:00,0.0
5392,2013-06-14 03:00:00+00:00,0.0
5392,2013-06-14 03:30:00+00:00,0.0
5392,2013-06-14 04:00:00+00:00,0.04
5392,2013-06-14 04:30:00+00:00,10.9
5392,2013-06-14 05:00:00+00:00,51.2
5392,2013-06-14 05:30:00+00:00,105.11
5392,2013-06-14 06:00:00+00:00,127.92
5392,2013-06-14 06:30:00+00:00,177.78
5392,2013-06-14 07:00:00+00:00,213.12
5392,2013-06-14 07:30:00+00:00,316.9
5392,2013-06-14 08:00:00+00:00,444.12
5392,2013-06-14 08:30:00+00:00,443.58
5392,2013-06-14 09:00:00+00:00,310.63
5392,2013-06-14 09:30:00+00:00,159.47
5392,2013-06-14 10:00:00+00:00,297.31
5392,2013-06-14 10:30:00+00:00,288.91
5392,2013-06-14 11:00:00+00:00,426.93
5392,2013-06-14 11:30:00+00:00,675.65
5392,2013-06-14 12:00:00+00:00,1108.45
5392,2013-06-14 12:30:00+00:00,832.65
5392,2013-06-14 13:00:00+00:00,1051.6
5392,2013-06-14 13:30:00+00:00,1073.0
5392,2013-06-14 14:00:00+00:00,1181.7
5392,2013-06-14 14:30:00+00:00,1120.65
5392,2013-06-14 15:00:00+00:00,1098.0
5392,2013-06-14 15:30:00+00:00,975.75
5392,2013-06-14 16:00:00+00:00,829.95
5392,2013-06-14 16:30:00+00:00,667.75
5392,2013-06-14 17:00:00+00:00,492.77
5392,2013-06-14 17:30:00+00:00,291.18
5392,2013-06-14 18:00:00+00:00,106.39
5392,2013-06-14 18:30:00+00:00,60.46
5392,2013-06-14 19:00:00+00:00,41.64
5392,2013-06-14 19:30:00+00:00,17.04
5392,2013-06-14 20:00:00+00:00,0.43
5392,2013-06-14 20:30:00+00:00,0.0
5392,2013-06-14 21:00:00+00:00,0.0
5392,2013-06-14 21:30:00+00:00,0.0
5392,2013-06-14 22:00:00+00:00,0.0
5392,2013-06-14 22:30:00+00:00,0.0
5392,2013-06-14 23:00:00+00:00,0.0
5392,2013-06-14 23:30:00+00:00,0.0
5392,2013-06-15 00:00:00+00:00,0.0
5392,2013-06-15 00:30:00+00:00,0.0
5392,2013-06-15 01:00:00+00:00,0.0
5392,2013-06-15 01:30:00+00:00,0.0
5392,2013-06-15 02:00:00+00:00,0.0
5392,2013-06-15 02:30:00+00:00,0.0
5392,2013-06-15 03:00:00+00:00,0.0
5392,2013-06-15 03:30:00+00:00,0.0
5392,2013-06-15 04:00:00+00:00,0.0
5392,2013-06-15 04:30:00+00:00,0.08
5392,2013-06-15 05:00:00+00:00,15.67
5392,2013-06-15 05:30:00+00:00,49.64
5392,2013-06-15 06:00:00+00:00,56.8
5392,2013-06-15 06:30:00+00:00,128.37
5392,2013-06-15 07:00:00+00:00,226.87
5392,2013-06-15 07:30:00+00:00,412.74
5392,2013-06-15 08:00:00+00:00,454.17
5392,2013-06-15 08:30:00+00:00,668.3
5392,2013-06-15 09:00:00+00:00,756.4
5392,2013-06-15 09:30:00+00:00,840.9
5392,2013-06-15 10:00:00+00:00,625.6
5392,2013-06-15 10:30:00+00:00,759.3
5392,2013-06-15 11:00:00+00:00,626.4
5392,2013-06-15 11:30:00+00:00,708.6
5392,2013-06-15 12:00:00+00:00,593.0
5392,2013-06-15 12:30:00+00:00,753.85
5392,2013-06-15 13:00:00+00:00,308.3
5392,2013-06-15 13:30:00+00:00,235.14
5392,2013-06-15 14:00:00+00:00,156.49
5392,2013-06-15 14:30:00+00:00,234.6
5392,2013-06-15 15:00:00+00:00,608.6
5392,2013-06-15 15:30:00+00:00,357.46
5392,2013-06-15 16:00:00+00:00,59.4
5392,2013-06-15 16:30:00+00:00,172.11
5392,2013-06-15 17:00:00+00:00,405.54
5392,2013-06-15 17:30:00+00:00,268.35
5392,2013-06-15 18:00:00+00:00,149.32
5392,2013-06-15 18:30:00+00:00,124.18
5392,2013-06-15 19:00:00+00:00,47.47
5392,2013-06-15 19:30:00+00:00,20.28
5392,2013-06-15 20:00:00+00:00,0.16
5392,2013-06-15 20:30:00+00:00,0.0
5392,2013-06-15 21:00:00+00:00,0.0
5392,2013-06-15 21:30:00+00:00,0.0
5392,2013-06-15 22:00:00+00:00,0.0
5392,2013-06-15 22:30:00+00:00,0.0
5392,2013-06-15 23:00:00+00:00,0.0
5392,2013-06-15 23:30:00+00:00,0.0
5392,2013-06-16 00:00:00+00:00,0.0
5392,2013-06-16 00:30:00+00:00,0.0
5392,2013-06-16 01:00:00+00:00,0.0
5392,2013-06-16 01:30:00+00:00,0.0
5392,2013-06-16 02:00:00+00:00,0.0
5392,2013-06-16 02:30:00+00:00,0.0
5392,2013-06-16 03:00:00+00:00,0.0
5392,2013-06-16 03:30:00+00:00,0.0
5392,2013-06-16 04:00:00+00:00,0.0
5392,2013-06-16 04:30:00+00:00,4.33
5392,2013-06-16 05:00:00+00:00,53.56
5392,2013-06-16 05:30:00+00:00,72.54
5392,2013-06-16 06:00:00+00:00,118.51
5392,2013-06-16 06:30:00+00:00,163.36
5392,2013-06-16 07:00:00+00:00,231.85
5392,2013-06-16 07:30:00+00:00,318.62
5392,2013-06-16 08:00:00+00:00,535.55
5392,2013-06-16 08:30:00+00:00,663.55
5392,2013-06-16 09:00:00+00:00,680.35
5392,2013-06-16 09:30:00+00:00,671.8
5392,2013-06-16 10:00:00+00:00,805.15
5392,2013-06-16 10:30:00+00:00,710.0
5392,2013-06-16 11:00:00+00:00,501.05
5392,2013-06-16 11:30:00+00:00,400.88
5392,2013-06-16 12:00:00+00:00,633.85
5392,2013-06-16 12:30:00+00:00,702.1
5392,2013-06-16 13:00:00+00:00,381.82
5392,2013-06-16 13:30:00+00:00,204.91
5392,2013-06-16 14:00:00+00:00,450.36
5392,2013-06-16 14:30:00+00:00,805.7
5392,2013-06-16 15:00:00+00:00,559.6
5392,2013-06-16 15:30:00+00:00,427.96
5392,2013-06-16 16:00:00+00:00,642.45
5392,2013-06-16 16:30:00+00:00,706.25
5392,2013-06-16 17:00:00+00:00,476.77
5392,2013-06-16 17:30:00+00:00,279.45
5392,2013-06-16 18:00:00+00:00,145.51
5392,2013-06-16 18:30:00+00:00,68.59
5392,2013-06-16 19:00:00+00:00,57.83
5392,2013-06-16 19:30:00+00:00,33.01
5392,2013-06-16 20:00:00+00:00,1.39
5392,2013-06-16 20:30:00+00:00,0.0
5392,2013-06-16 21:00:00+00:00,0.0
5392,2013-06-16 21:30:00+00:00,0.0
5392,2013-06-16 22:00:00+00:00,0.0
5392,2013-06-16 22:30:00+00:00,0.0
5392,2013-06-16 23:00:00+00:00,0.0
5392,2013-06-16 23:30:00+00:00,0.0
5392,2013-06-17 00:00:00+00:00,0.0
5392,2013-06-17 00:30:00+00:00,0.0
5392,2013-06-17 01:00:00+00:00,0.0
5392,2013-06-17 01:30:00+00:00,0.0
5392,2013-06-17 02:00:00+00:00,0.0
5392,2013-06-17 02:30:00+00:00,0.0
5392,2013-06-17 03:00:00+00:00,0.0
5392,2013-06-17 03:30:00+00:00,0.0
5392,2013-06-17 04:00:00+00:00,0.0
5392,2013-06-17 04:30:00+00:00,0.0
5392,2013-06-17 05:00:00+00:00,2.78
5392,2013-06-17 05:30:00+00:00,14.99
5392,2013-06-17 06:00:00+00:00,78.3
5392,2013-06-17 06:30:00+00:00,142.47
5392,2013-06-17 07:00:00+00:00,180.98
5392,2013-06-17 07:30:00+00:00,160.31
5392,2013-06-17 08:00:00+00:00,281.95
5392,2013-06-17 08:30:00+00:00,316.84
5392,2013-06-17 09:00:00+00:00,471.42
5392,2013-06-17 09:30:00+00:00,518.75
5392,2013-06-17 10:00:00+00:00,387.0
5392,2013-06-17 10:30:00+00:00,413.47
5392,2013-06-17 11:00:00+00:00,472.1
5392,2013-06-17 11:30:00+00:00,438.51
5392,2013-06-17 12:00:00+00:00,1046.6
5392,2013-06-17 12:30:00+00:00,850.4
5392,2013-06-17 13:00:00+00:00,564.6
5392,2013-06-17 13:30:00+00:00,555.95
5392,2013-06-17 14:00:00+00:00,634.65
5392,2013-06-17 14:30:00+00:00,944.1
5392,2013-06-17 15:00:00+00:00,774.55
5392,2013-06-17 15:30:00+00:00,544.95
5392,2013-06-17 16:00:00+00:00,638.1
5392,2013-06-17 16:30:00+00:00,555.8
5392,2013-06-17 17:00:00+00:00,290.3
5392,2013-06-17 17:30:00+00:00,260.9
5392,2013-06-17 18:00:00+00:00,131.63
5392,2013-06-17 18:30:00+00:00,89.25
5392,2013-06-17 19:00:00+00:00,50.96
5392,2013-06-17 19:30:00+00:00,18.46
5392,2013-06-17 20:00:00+00:00,0.68
5392,2013-06-17 20:30:00+00:00,0.0
5392,2013-06-17 21:00:00+00:00,0.0
5392,2013-06-17 21:30:00+00:00,0.0
5392,2013-06-17 22:00:00+00:00,0.0
5392,2013-06-17 22:30:00+00:00,0.0
5392,2013-06-17 23:00:00+00:00,0.0
5392,2013-06-17 23:30:00+00:00,0.0
5392,2013-06-18 00:00:00+00:00,0.0
5392,2013-06-18 00:30:00+00:00,0.0
5392,2013-06-18 01:00:00+00:00,0.0
5392,2013-06-18 01:30:00+00:00,0.0
5392,2013-06-18 02:00:00+00:00,0.0
5392,2013-06-18 02:30:00+00:00,0.0
5392,2013-06-18 03:00:00+00:00,0.0
5392,2013-06-18 03:30:00+00:00,0.0
5392,2013-06-18 04:00:00+00:00,0.0
5392,2013-06-18 04:30:00+00:00,1.71
5392,2013-06-18 05:00:00+00:00,34.11
5392,2013-06-18 05:30:00+00:00,52.25
5392,2013-06-18 06:00:00+00:00,102.35
5392,2013-06-18 06:30:00+00:00,116.48
5392,2013-06-18 07:00:00+00:00,142.87
5392,2013-06-18 07:30:00+00:00,278.85
5392,2013-06-18 08:00:00+00:00,291.87
5392,2013-06-18 08:30:00+00:00,160.83
5392,2013-06-18 09:00:00+00:00,301.4
5392,2013-06-18 09:30:00+00:00,726.5
5392,2013-06-18 10:00:00+00:00,973.95
5392,2013-06-18 10:30:00+00:00,718.7
5392,2013-06-18 11:00:00+00:00,435.35
5392,2013-06-18 11:30:00+00:00,255.09
5392,2013-06-18 12:00:00+00:00,230.58
5392,2013-06-18 12:30:00+00:00,230.3
5392,2013-06-18 13:00:00+00:00,136.07
5392,2013-06-18 13:30:00+00:00,98.24
5392,2013-06-18 14:00:00+00:00,103.14
5392,2013-06-18 14:30:00+00:00,189.22
5392,2013-06-18 15:00:00+00:00,601.1
5392,2013-06-18 15:30:00+00:00,298.11
5392,2013-06-18 16:00:00+00:00,252.95
5392,2013-06-18 16:30:00+00:00,248.63
5392,2013-06-18 17:00:00+00:00,265.32
5392,2013-06-18 17:30:00+00:00,231.91
5392,2013-06-18 18:00:00+00:00,183.55
5392,2013-06-18 18:30:00+00:00,81.39
5392,2013-06-18 19:00:00+00:00,91.88
5392,2013-06-18 19:30:00+00:00,60.42
5392,2013-06-18 20:00:00+00:00,1.56
5392,2013-06-18 20:30:00+00:00,0.0
5392,2013-06-18 21:00:00+00:00,0.0
5392,2013-06-18 21:30:00+00:00,0.0
5392,2013-06-18 22:00:00+00:00,0.0
5392,2013-06-18 22:30:00+00:00,0.0
5392,2013-06-18 23:00:00+00:00,0.0
5392,2013-06-18 23:30:00+00:00,0.0
5392,2013-06-19 00:00:00+00:00,0.0
5392,2013-06-19 00:30:00+00:00,0.0
5392,2013-06-19 01:00:00+00:00,0.0
5392,2013-06-19 01:30:00+00:00,0.0
5392,2013-06-19 02:00:00+00:00,0.0
5392,2013-06-19 02:30:00+00:00,0.0
5392,2013-06-19 03:00:00+00:00,0.0
5392,2013-06-19 03:30:00+00:00,0.0
5392,2013-06-19 04:00:00+00:00,0.0
5392,2013-06-19 04:30:00+00:00,0.06
5392,2013-06-19 05:00:00+00:00,2.33
5392,2013-06-19 05:30:00+00:00,7.11
5392,2013-06-19 06:00:00+00:00,27.17
5392,2013-06-19 06:30:00+00:00,89.02
5392,2013-06-19 07:00:00+00:00,182.84
5392,2013-06-19 07:30:00+00:00,227.29
5392,2013-06-19 08:00:00+00:00,197.79
5392,2013-06-19 08:30:00+00:00,177.35
5392,2013-06-19 09:00:00+00:00,334.43
5392,2013-06-19 09:30:00+00:00,263.13
5392,2013-06-19 10:00:00+00:00,189.69
5392,2013-06-19 10:30:00+00:00,400.12
5392,2013-06-19 11:00:00+00:00,657.8
5392,2013-06-19 11:30:00+00:00,1098.5
5392,2013-06-19 12:00:00+00:00,1144.3
5392,2013-06-19 12:30:00+00:00,1178.5
5392,2013-06-19 13:00:00+00:00,1158.95
5392,2013-06-19 13:30:00+00:00,1160.25
5392,2013-06-19 14:00:00+00:00,1081.15
5392,2013-06-19 14:30:00+00:00,939.4
5392,2013-06-19 15:00:00+00:00,458.53
5392,2013-06-19 15:30:00+00:00,535.4
5392,2013-06-19 16:00:00+00:00,460.92
5392,2013-06-19 16:30:00+00:00,315.07
5392,2013-06-19 17:00:00+00:00,293.0
5392,2013-06-19 17:30:00+00:00,217.43
5392,2013-06-19 18:00:00+00:00,200.92
5392,2013-06-19 18:30:00+00:00,117.92
5392,2013-06-19 19:00:00+00:00,70.67
5392,2013-06-19 19:30:00+00:00,40.56
5392,2013-06-19 20:00:00+00:00,0.31
5392,2013-06-19 20:30:00+00:00,0.0
5392,2013-06-19 21:00:00+00:00,0.0
5392,2013-06-19 21:30:00+00:00,0.0
5392,2013-06-19 22:00:00+00:00,0.0
5392,2013-06-19 22:30:00+00:00,0.0
5392,2013-06-19 23:00:00+00:00,0.0
5392,2013-06-19 23:30:00+00:00,0.0
5392,2013-06-20 00:00:00+00:00,0.0
5392,2013-06-20 00:30:00+00:00,0.0
5392,2013-06-20 01:00:00+00:00,0.0
5392,2013-06-20 01:30:00+00:00,0.0
5392,2013-06-20 02:00:00+00:00,0.0
5392,2013-06-20 02:30:00+00:00,0.0
5392,2013-06-20 03:00:00+00:00,0.0
5392,2013-06-20 03:30:00+00:00,0.0
5392,2013-06-20 04:00:00+00:00,0.0
5392,2013-06-20 04:30:00+00:00,1.09
5392,2013-06-20 05:00:00+00:00,17.54
5392,2013-06-20 05:30:00+00:00,27.2
5392,2013-06-20 06:00:00+00:00,77.35
5392,2013-06-20 06:30:00+00:00,104.6
5392,2013-06-20 07:00:00+00:00,180.61
5392,2013-06-20 07:30:00+00:00,254.37
5392,2013-06-20 08:00:00+00:00,530.15
5392,2013-06-20 08:30:00+00:00,489.04
5392,2013-06-20 09:00:00+00:00,484.13
5392,2013-06-20 09:30:00+00:00,337.5
5392,2013-06-20 10:00:00+00:00,173.51
5392,2013-06-20 10:30:00+00:00,98.39
5392,2013-06-20 11:00:00+00:00,77.15
5392,2013-06-20 11:30:00+00:00,85.64
5392,2013-06-20 12:00:00+00:00,143.06
5392,2013-06-20 12:30:00+00:00,134.57
5392,2013-06-20 13:00:00+00:00,167.95
5392,2013-06-20 13:30:00+00:00,185.69
5392,2013-06-20 14:00:00+00:00,214.72
5392,2013-06-20 14:30:00+00:00,457.95
5392,2013-06-20 15:00:00+00:00,271.18
5392,2013-06-20 15:30:00+00:00,400.27
5392,2013-06-20 16:00:00+00:00,456.74
5392,2013-06-20 16:30:00+00:00,180.58
5392,2013-06-20 17:00:00+00:00,250.25
5392,2013-06-20 17:30:00+00:00,325.85
5392,2013-06-20 18:00:00+00:00,185.83
5392,2013-06-20 18:30:00+00:00,114.68
5392,2013-06-20 19:00:00+00:00,65.63
5392,2013-06-20 19:30:00+00:00,39.09
5392,2013-06-20 20:00:00+00:00,1.26
5392,2013-06-20 20:30:00+00:00,0.0
5392,2013-06-20 21:00:00+00:00,0.0
5392,2013-06-20 21:30:00+00:00,0.0
5392,2013-06-20 22:00:00+00:00,0.0
5392,2013-06-20 22:30:00+00:00,0.0
5392,2013-06-20 23:00:00+00:00,0.0
5392,2013-06-20 23:30:00+00:00,0.0
5392,2013-06-21 00:00:00+00:00,0.0
5392,2013-06-21 00:30:00+00:00,0.0
5392,2013-06-21 01:00:00+00:00,0.0
5392,2013-06-21 01:30:00+00:00,0.0
5392,2013-06-21 02:00:00+00:00,0.0
5392,2013-06-21 02:30:00+00:00,0.0
5392,2013-06-21 03:00:00+00:00,0.0
5392,2013-06-21 03:30:00+00:00,0.0
5392,2013-06-21 04:00:00+00:00,0.0
5392,2013-06-21 04:30:00+00:00,0.03
5392,2013-06-21 05:00:00+00:00,2.92
5392,2013-06-21 05:30:00+00:00,16.2
5392,2013-06-21 06:00:00+00:00,42.94
5392,2013-06-21 06:30:00+00:00,10.96
5392,2013-06-21 07:00:00+00:00,75.31
5392,2013-06-21 07:30:00+00:00,95.07
5392,2013-06-21 08:00:00+00:00,120.35
5392,2013-06-21 08:30:00+00:00,241.28
5392,2013-06-21 09:00:00+00:00,196.89
5392,2013-06-21 09:30:00+00:00,410.76
5392,2013-06-21 10:00:00+00:00,234.34
5392,2013-06-21 10:30:00+00:00,204.05
5392,2013-06-21 11:00:00+00:00,557.5
5392,2013-06-21 11:30:00+00:00,669.5
5392,2013-06-21 12:00:00+00:00,414.19
5392,2013-06-21 12:30:00+00:00,376.83
5392,2013-06-21 13:00:00+00:00,477.33
5392,2013-06-21 13:30:00+00:00,488.65
5392,2013-06-21 14:00:00+00:00,764.65
5392,2013-06-21 14:30:00+00:00,377.9
5392,2013-06-21 15:00:00+00:00,134.5
5392,2013-06-21 15:30:00+00:00,400.96
5392,2013-06-21 16:00:00+00:00,408.26
5392,2013-06-21 16:30:00+00:00,139.55
5392,2013-06-21 17:00:00+00:00,93.95
5392,2013-06-21 17:30:00+00:00,61.61
5392,2013-06-21 18:00:00+00:00,98.15
5392,2013-06-21 18:30:00+00:00,90.42
5392,2013-06-21 19:00:00+00:00,42.01
5392,2013-06-21 19:30:00+00:00,19.65
5392,2013-06-21 20:00:00+00:00,1.22
5392,2013-06-21 20:30:00+00:00,0.0
5392,2013-06-21 21:00:00+00:00,0.0
5392,2013-06-21 21:30:00+00:00,0.0
5392,2013-06-21 22:00:00+00:00,0.0
5392,2013-06-21 22:30:00+00:00,0.0
5392,2013-06-21 23:00:00+00:00,0.0
5392,2013-06-21 23:30:00+00:00,0.0
5392,2013-06-22 00:00:00+00:00,0.0
5392,2013-06-22 00:30:00+00:00,0.0
5392,2013-06-22 01:00:00+00:00,0.0
5392,2013-06-22 01:30:00+00:00,0.0
5392,2013-06-22 02:00:00+00:00,0.0
5392,2013-06-22 02:30:00+00:00,0.0
5392,2013-06-22 03:00:00+00:00,0.0
5392,2013-06-22 03:30:00+00:00,0.0
5392,2013-06-22 04:00:00+00:00,0.0
5392,2013-06-22 04:30:00+00:00,0.0
5392,2013-06-22 05:00:00+00:00,9.75
5392,2013-06-22 05:30:00+00:00,33.22
5392,2013-06-22 06:00:00+00:00,59.91
5392,2013-06-22 06:30:00+00:00,105.81
5392,2013-06-22 07:00:00+00:00,78.79
5392,2013-06-22 07:30:00+00:00,73.47
5392,2013-06-22 08:00:00+00:00,93.21
5392,2013-06-22 08:30:00+00:00,98.35
5392,2013-06-22 09:00:00+00:00,118.91
5392,2013-06-22 09:30:00+00:00,185.88
5392,2013-06-22 10:00:00+00:00,977.25
5392,2013-06-22 10:30:00+00:00,1168.95
5392,2013-06-22 11:00:00+00:00,1221.05
5392,2013-06-22 11:30:00+00:00,752.4
5392,2013-06-22 12:00:00+00:00,902.55
5392,2013-06-22 12:30:00+00:00,1209.7
5392,2013-06-22 13:00:00+00:00,838.4
5392,2013-06-22 13:30:00+00:00,651.55
5392,2013-06-22 14:00:00+00:00,625.9
5392,2013-06-22 14:30:00+00:00,343.11
5392,2013-06-22 15:00:00+00:00,416.88
5392,2013-06-22 15:30:00+00:00,186.61
5392,2013-06-22 16:00:00+00:00,256.48
5392,2013-06-22 16:30:00+00:00,231.31
5392,2013-06-22 17:00:00+00:00,245.53
5392,2013-06-22 17:30:00+00:00,222.26
5392,2013-06-22 18:00:00+00:00,139.54
5392,2013-06-22 18:30:00+00:00,107.38
5392,2013-06-22 19:00:00+00:00,66.47
5392,2013-06-22 19:30:00+00:00,28.54
5392,2013-06-22 20:00:00+00:00,2.26
5392,2013-06-22 20:30:00+00:00,0.0
5392,2013-06-22 21:00:00+00:00,0.0
5392,2013-06-22 21:30:00+00:00,0.0
5392,2013-06-22 22:00:00+00:00,0.0
5392,2013-06-22 22:30:00+00:00,0.0
5392,2013-06-22 23:00:00+00:00,0.0
5392,2013-06-22 23:30:00+00:00,0.0
5392,2013-06-23 00:00:00+00:00,0.0
5392,2013-06-23 00:30:00+00:00,0.0
5392,2013-06-23 01:00:00+00:00,0.0
5392,2013-06-23 01:30:00+00:00,0.0
5392,2013-06-23 02:00:00+00:00,0.0
5392,2013-06-23 02:30:00+00:00,0.0
5392,2013-06-23 03:00:00+00:00,0.0
5392,2013-06-23 03:30:00+00:00,0.0
5392,2013-06-23 04:00:00+00:00,0.0
5392,2013-06-23 04:30:00+00:00,0.05
5392,2013-06-23 05:00:00+00:00,5.08
5392,2013-06-23 05:30:00+00:00,48.63
5392,2013-06-23 06:00:00+00:00,101.96
5392,2013-06-23 06:30:00+00:00,136.47
5392,2013-06-23 07:00:00+00:00,228.08
5392,2013-06-23 07:30:00+00:00,204.55
5392,2013-06-23 08:00:00+00:00,331.9
5392,2013-06-23 08:30:00+00:00,376.36
5392,2013-06-23 09:00:00+00:00,454.26
5392,2013-06-23 09:30:00+00:00,708.6
5392,2013-06-23 10:00:00+00:00,563.9
5392,2013-06-23 10:30:00+00:00,213.88
5392,2013-06-23 11:00:00+00:00,336.83
5392,2013-06-23 11:30:00+00:00,352.0
5392,2013-06-23 12:00:00+00:00,516.95
5392,2013-06-23 12:30:00+00:00,262.62
5392,2013-06-23 13:00:00+00:00,223.43
5392,2013-06-23 13:30:00+00:00,433.96
5392,2013-06-23 14:00:00+00:00,394.57
5392,2013-06-23 14:30:00+00:00,340.59
5392,2013-06-23 15:00:00+00:00,197.34
5392,2013-06-23 15:30:00+00:00,288.89
5392,2013-06-23 16:00:00+00:00,156.51
5392,2013-06-23 16:30:00+00:00,180.63
5392,2013-06-23 17:00:00+00:00,201.96
5392,2013-06-23 17:30:00+00:00,168.16
5392,2013-06-23 18:00:00+00:00,63.45
5392,2013-06-23 18:30:00+00:00,62.34
5392,2013-06-23 19:00:00+00:00,53.61
5392,2013-06-23 19:30:00+00:00,12.06
5392,2013-06-23 20:00:00+00:00,3.06
5392,2013-06-23 20:30:00+00:00,0.0
5392,2013-06-23 21:00:00+00:00,0.0
5392,2013-06-23 21:30:00+00:00,0.0
5392,2013-06-23 22:00:00+00:00,0.0
5392,2013-06-23 22:30:00+00:00,0.0
5392,2013-06-23 23:00:00+00:00,0.0
5392,2013-06-23 23:30:00+00:00,0.0
5392,2013-06-24 00:00:00+00:00,0.0
5392,2013-06-24 00:30:00+00:00,0.0
5392,2013-06-24 01:00:00+00:00,0.0
5392,2013-06-24 01:30:00+00:00,0.0
5392,2013-06-24 02:00:00+00:00,0.0
5392,2013-06-24 02:30:00+00:00,0.0
5392,2013-06-24 03:00:00+00:00,0.0
5392,2013-06-24 03:30:00+00:00,0.0
5392,2013-06-24 04:00:00+00:00,0.0
5392,2013-06-24 04:30:00+00:00,0.0
5392,2013-06-24 05:00:00+00:00,2.12
5392,2013-06-24 05:30:00+00:00,21.18
5392,2013-06-24 06:00:00+00:00,45.22
5392,2013-06-24 06:30:00+00:00,53.71
5392,2013-06-24 07:00:00+00:00,84.85
5392,2013-06-24 07:30:00+00:00,90.12
5392,2013-06-24 08:00:00+00:00,157.46
5392,2013-06-24 08:30:00+00:00,243.45
5392,2013-06-24 09:00:00+00:00,261.73
5392,2013-06-24 09:30:00+00:00,284.56
5392,2013-06-24 10:00:00+00:00,230.75
5392,2013-06-24 10:30:00+00:00,223.79
5392,2013-06-24 11:00:00+00:00,434.28
5392,2013-06-24 11:30:00+00:00,343.96
5392,2013-06-24 12:00:00+00:00,337.47
5392,2013-06-24 12:30:00+00:00,344.1
5392,2013-06-24 13:00:00+00:00,399.2
5392,2013-06-24 13:30:00+00:00,469.81
5392,2013-06-24 14:00:00+00:00,543.8
5392,2013-06-24 14:30:00+00:00,550.2
5392,2013-06-24 15:00:00+00:00,231.01
5392,2013-06-24 15:30:00+00:00,480.08
5392,2013-06-24 16:00:00+00:00,404.47
5392,2013-06-24 16:30:00+00:00,357.14
5392,2013-06-24 17:00:00+00:00,320.28
5392,2013-06-24 17:30:00+00:00,245.37
5392,2013-06-24 18:00:00+00:00,217.02
5392,2013-06-24 18:30:00+00:00,103.43
5392,2013-06-24 19:00:00+00:00,72.8
5392,2013-06-24 19:30:00+00:00,29.68
5392,2013-06-24 20:00:00+00:00,1.43
5392,2013-06-24 20:30:00+00:00,0.0
5392,2013-06-24 21:00:00+00:00,0.0
5392,2013-06-24 21:30:00+00:00,0.0
5392,2013-06-24 22:00:00+00:00,0.0
5392,2013-06-24 22:30:00+00:00,0.0
5392,2013-06-24 23:00:00+00:00,0.0
5392,2013-06-24 23:30:00+00:00,0.0
5392,2013-06-25 00:00:00+00:00,0.0
5392,2013-06-25 00:30:00+00:00,0.0
5392,2013-06-25 01:00:00+00:00,0.0
5392,2013-06-25 01:30:00+00:00,0.0
5392,2013-06-25 02:00:00+00:00,0.0
5392,2013-06-25 02:30:00+00:00,0.0
5392,2013-06-25 03:00:00+00:00,0.0
5392,2013-06-25 03:30:00+00:00,0.0
5392,2013-06-25 04:00:00+00:00,0.0
5392,2013-06-25 04:30:00+00:00,3.47
5392,2013-06-25 05:00:00+00:00,35.76
5392,2013-06-25 05:30:00+00:00,52.23
5392,2013-06-25 06:00:00+00:00,79.92
5392,2013-06-25 06:30:00+00:00,131.77
5392,2013-06-25 07:00:00+00:00,234.04
5392,2013-06-25 07:30:00+00:00,386.39
5392,2013-06-25 08:00:00+00:00,564.7
5392,2013-06-25 08:30:00+00:00,704.0
5392,2013-06-25 09:00:00+00:00,844.15
5392,2013-06-25 09:30:00+00:00,971.95
5392,2013-06-25 10:00:00+00:00,1085.3
5392,2013-06-25 10:30:00+00:00,1022.9
5392,2013-06-25 11:00:00+00:00,1122.9
5392,2013-06-25 11:30:00+00:00,836.55
5392,2013-06-25 12:00:00+00:00,1209.35
5392,2013-06-25 12:30:00+00:00,711.2
5392,2013-06-25 13:00:00+00:00,822.25
5392,2013-06-25 13:30:00+00:00,625.8
5392,2013-06-25 14:00:00+00:00,1025.75
5392,2013-06-25 14:30:00+00:00,991.85
5392,2013-06-25 15:00:00+00:00,1079.3
5392,2013-06-25 15:30:00+00:00,990.7
5392,2013-06-25 16:00:00+00:00,643.4
5392,2013-06-25 16:30:00+00:00,368.33
5392,2013-06-25 17:00:00+00:00,273.0
5392,2013-06-25 17:30:00+00:00,246.17
5392,2013-06-25 18:00:00+00:00,180.78
5392,2013-06-25 18:30:00+00:00,87.71
5392,2013-06-25 19:00:00+00:00,64.94
5392,2013-06-25 19:30:00+00:00,27.63
5392,2013-06-25 20:00:00+00:00,1.24
5392,2013-06-25 20:30:00+00:00,0.0
5392,2013-06-25 21:00:00+00:00,0.0
5392,2013-06-25 21:30:00+00:00,0.0
5392,2013-06-25 22:00:00+00:00,0.0
5392,2013-06-25 22:30:00+00:00,0.0
5392,2013-06-25 23:00:00+00:00,0.0
5392,2013-06-25 23:30:00+00:00,0.0
5392,2013-06-26 00:00:00+00:00,0.0
5392,2013-06-26 00:30:00+00:00,0.0
5392,2013-06-26 01:00:00+00:00,0.0
5392,2013-06-26 01:30:00+00:00,0.0
5392,2013-06-26 02:00:00+00:00,0.0
5392,2013-06-26 02:30:00+00:00,0.0
5392,2013-06-26 03:00:00+00:00,0.0
5392,2013-06-26 03:30:00+00:00,0.0
5392,2013-06-26 04:00:00+00:00,0.0
5392,2013-06-26 04:30:00+00:00,1.35
5392,2013-06-26 05:00:00+00:00,22.01
5392,2013-06-26 05:30:00+00:00,68.61
5392,2013-06-26 06:00:00+00:00,88.05
5392,2013-06-26 06:30:00+00:00,93.4
5392,2013-06-26 07:00:00+00:00,114.84
5392,2013-06-26 07:30:00+00:00,159.37
5392,2013-06-26 08:00:00+00:00,145.18
5392,2013-06-26 08:30:00+00:00,287.63
5392,2013-06-26 09:00:00+00:00,448.18
5392,2013-06-26 09:30:00+00:00,508.55
5392,2013-06-26 10:00:00+00:00,630.4
5392,2013-06-26 10:30:00+00:00,803.4
5392,2013-06-26 11:00:00+00:00,591.35
5392,2013-06-26 11:30:00+00:00,1001.65
5392,2013-06-26 12:00:00+00:00,1007.3
5392,2013-06-26 12:30:00+00:00,588.45
5392,2013-06-26 13:00:00+00:00,459.34
5392,2013-06-26 13:30:00+00:00,280.53
5392,2013-06-26 14:00:00+00:00,324.07
5392,2013-06-26 14:30:00+00:00,389.27
5392,2013-06-26 15:00:00+00:00,478.29
5392,2013-06-26 15:30:00+00:00,424.18
5392,2013-06-26 16:00:00+00:00,474.31
5392,2013-06-26 16:30:00+00:00,428.16
5392,2013-06-26 17:00:00+00:00,338.51
5392,2013-06-26 17:30:00+00:00,190.77
5392,2013-06-26 18:00:00+00:00,167.32
5392,2013-06-26 18:30:00+00:00,105.3
5392,2013-06-26 19:00:00+00:00,63.86
5392,2013-06-26 19:30:00+00:00,18.12
5392,2013-06-26 20:00:00+00:00,9.92
5392,2013-06-26 20:30:00+00:00,0.0
5392,2013-06-26 21:00:00+00:00,0.0
5392,2013-06-26 21:30:00+00:00,0.0
5392,2013-06-26 22:00:00+00:00,0.0
5392,2013-06-26 22:30:00+00:00,0.0
5392,2013-06-26 23:00:00+00:00,0.0
5392,2013-06-26 23:30:00+00:00,0.0
5392,2013-06-27 00:00:00+00:00,0.0
5392,2013-06-27 00:30:00+00:00,0.0
5392,2013-06-27 01:00:00+00:00,0.0
5392,2013-06-27 01:30:00+00:00,0.0
5392,2013-06-27 02:00:00+00:00,0.0
5392,2013-06-27 02:30:00+00:00,0.0
5392,2013-06-27 03:00:00+00:00,0.0
5392,2013-06-27 03:30:00+00:00,0.0
5392,2013-06-27 04:00:00+00:00,0.0
5392,2013-06-27 04:30:00+00:00,0.54
5392,2013-06-27 05:00:00+00:00,26.99
5392,2013-06-27 05:30:00+00:00,46.6
5392,2013-06-27 06:00:00+00:00,99.8
5392,2013-06-27 06:30:00+00:00,128.95
5392,2013-06-27 07:00:00+00:00,139.44
5392,2013-06-27 07:30:00+00:00,265.51
5392,2013-06-27 08:00:00+00:00,534.5
5392,2013-06-27 08:30:00+00:00,568.3
5392,2013-06-27 09:00:00+00:00,847.9
5392,2013-06-27 09:30:00+00:00,458.31
5392,2013-06-27 10:00:00+00:00,906.7
5392,2013-06-27 10:30:00+00:00,858.8
5392,2013-06-27 11:00:00+00:00,1091.0
5392,2013-06-27 11:30:00+00:00,897.8
5392,2013-06-27 12:00:00+00:00,1121.95
5392,2013-06-27 12:30:00+00:00,1084.2
5392,2013-06-27 13:00:00+00:00,762.95
5392,2013-06-27 13:30:00+00:00,721.0
5392,2013-06-27 14:00:00+00:00,602.65
5392,2013-06-27 14:30:00+00:00,683.35
5392,2013-06-27 15:00:00+00:00,461.55
5392,2013-06-27 15:30:00+00:00,511.05
5392,2013-06-27 16:00:00+00:00,286.74
5392,2013-06-27 16:30:00+00:00,262.43
5392,2013-06-27 17:00:00+00:00,132.09
5392,2013-06-27 17:30:00+00:00,89.88
5392,2013-06-27 18:00:00+00:00,79.1
5392,2013-06-27 18:30:00+00:00,56.38
5392,2013-06-27 19:00:00+00:00,32.33
5392,2013-06-27 19:30:00+00:00,2.07
5392,2013-06-27 20:00:00+00:00,0.0
5392,2013-06-27 20:30:00+00:00,0.0
5392,2013-06-27 21:00:00+00:00,0.0
5392,2013-06-27 21:30:00+00:00,0.0
5392,2013-06-27 22:00:00+00:00,0.0
5392,2013-06-27 22:30:00+00:00,0.0
5392,2013-06-27 23:00:00+00:00,0.0
5392,2013-06-27 23:30:00+00:00,0.0
5392,2013-06-28 00:00:00+00:00,0.0
5392,2013-06-28 00:30:00+00:00,0.0
5392,2013-06-28 01:00:00+00:00,0.0
5392,2013-06-28 01:30:00+00:00,0.0
5392,2013-06-28 02:00:00+00:00,0.0
5392,2013-06-28 02:30:00+00:00,0.0
5392,2013-06-28 03:00:00+00:00,0.0
5392,2013-06-28 03:30:00+00:00,0.0
5392,2013-06-28 04:00:00+00:00,0.0
5392,2013-06-28 04:30:00+00:00,0.0
5392,2013-06-28 05:00:00+00:00,0.19
5392,2013-06-28 05:30:00+00:00,24.47
5392,2013-06-28 06:00:00+00:00,79.51
5392,2013-06-28 06:30:00+00:00,157.41
5392,2013-06-28 07:00:00+00:00,182.66
5392,2013-06-28 07:30:00+00:00,148.24
5392,2013-06-28 08:00:00+00:00,184.78
5392,2013-06-28 08:30:00+00:00,255.54
5392,2013-06-28 09:00:00+00:00,247.57
5392,2013-06-28 09:30:00+00:00,252.42
5392,2013-06-28 10:00:00+00:00,251.59
5392,2013-06-28 10:30:00+00:00,465.01
5392,2013-06-28 11:00:00+00:00,499.45
5392,2013-06-28 11:30:00+00:00,387.22
5392,2013-06-28 12:00:00+00:00,358.43
5392,2013-06-28 12:30:00+00:00,268.11
5392,2013-06-28 13:00:00+00:00,389.12
5392,2013-06-28 13:30:00+00:00,363.04
5392,2013-06-28 14:00:00+00:00,107.56
5392,2013-06-28 14:30:00+00:00,309.78
5392,2013-06-28 15:00:00+00:00,444.58
5392,2013-06-28 15:30:00+00:00,312.09
5392,2013-06-28 16:00:00+00:00,282.06
5392,2013-06-28 16:30:00+00:00,246.68
5392,2013-06-28 17:00:00+00:00,107.89
5392,2013-06-28 17:30:00+00:00,100.15
5392,2013-06-28 18:00:00+00:00,41.64
5392,2013-06-28 18:30:00+00:00,59.15
5392,2013-06-28 19:00:00+00:00,15.59
5392,2013-06-28 19:30:00+00:00,0.06
5392,2013-06-28 20:00:00+00:00,0.0
5392,2013-06-28 20:30:00+00:00,0.0
5392,2013-06-28 21:00:00+00:00,0.0
5392,2013-06-28 21:30:00+00:00,0.0
5392,2013-06-28 22:00:00+00:00,0.0
5392,2013-06-28 22:30:00+00:00,0.0
5392,2013-06-28 23:00:00+00:00,0.0
5392,2013-06-28 23:30:00+00:00,0.0
5392,2013-06-29 00:00:00+00:00,0.0
5392,2013-06-29 00:30:00+00:00,0.0
5392,2013-06-29 01:00:00+00:00,0.0
5392,2013-06-29 01:30:00+00:00,0.0
5392,2013-06-29 02:00:00+00:00,0.0
5392,2013-06-29 02:30:00+00:00,0.0
5392,2013-06-29 03:00:00+00:00,0.0
5392,2013-06-29 03:30:00+00:00,0.0
5392,2013-06-29 04:00:00+00:00,0.0
5392,2013-06-29 04:30:00+00:00,1.13
5392,2013-06-29 05:00:00+00:00,28.9
5392,2013-06-29 05:30:00+00:00,57.13
5392,2013-06-29 06:00:00+00:00,104.6
5392,2013-06-29 06:30:00+00:00,179.28
5392,2013-06-29 07:00:00+00:00,167.07
5392,2013-06-29 07:30:00+00:00,220.48
5392,2013-06-29 08:00:00+00:00,368.7
5392,2013-06-29 08:30:00+00:00,724.15
5392,2013-06-29 09:00:00+00:00,608.05
5392,2013-06-29 09:30:00+00:00,789.25
5392,2013-06-29 10:00:00+00:00,609.1
5392,2013-06-29 10:30:00+00:00,693.55
5392,2013-06-29 11:00:00+00:00,844.3
5392,2013-06-29 11:30:00+00:00,767.6
5392,2013-06-29 12:00:00+00:00,852.55
5392,2013-06-29 12:30:00+00:00,911.25
5392,2013-06-29 13:00:00+00:00,1040.6
5392,2013-06-29 13:30:00+00:00,1149.25
5392,2013-06-29 14:00:00+00:00,1005.0
5392,2013-06-29 14:30:00+00:00,1043.55
5392,2013-06-29 15:00:00+00:00,791.45
5392,2013-06-29 15:30:00+00:00,751.7
5392,2013-06-29 16:00:00+00:00,761.95
5392,2013-06-29 16:30:00+00:00,677.55
5392,2013-06-29 17:00:00+00:00,457.06
5392,2013-06-29 17:30:00+00:00,332.46
5392,2013-06-29 18:00:00+00:00,179.67
5392,2013-06-29 18:30:00+00:00,96.74
5392,2013-06-29 19:00:00+00:00,49.41
5392,2013-06-29 19:30:00+00:00,18.06
5392,2013-06-29 20:00:00+00:00,1.2
5392,2013-06-29 20:30:00+00:00,0.0
5392,2013-06-29 21:00:00+00:00,0.0
5392,2013-06-29 21:30:00+00:00,0.0
5392,2013-06-29 22:00:00+00:00,0.0
5392,2013-06-29 22:30:00+00:00,0.0
5392,2013-06-29 23:00:00+00:00,0.0
5392,2013-06-29 23:30:00+00:00,0.0
5392,2013-06-30 00:00:00+00:00,0.0
5392,2013-06-30 00:30:00+00:00,0.0
5392,2013-06-30 01:00:00+00:00,0.0
5392,2013-06-30 01:30:00+00:00,0.0
5392,2013-06-30 02:00:00+00:00,0.0
5392,2013-06-30 02:30:00+00:00,0.0
5392,2013-06-30 03:00:00+00:00,0.0
5392,2013-06-30 03:30:00+00:00,0.0
5392,2013-06-30 04:00:00+00:00,0.0
5392,2013-06-30 04:30:00+00:00,0.52
5392,2013-06-30 05:00:00+00:00,8.6
5392,2013-06-30 05:30:00+00:00,45.92
5392,2013-06-30 06:00:00+00:00,56.99
5392,2013-06-30 06:30:00+00:00,104.85
5392,2013-06-30 07:00:00+00:00,200.6
5392,2013-06-30 07:30:00+00:00,351.14
5392,2013-06-30 08:00:00+00:00,523.5
5392,2013-06-30 08:30:00+00:00,731.0
5392,2013-06-30 09:00:00+00:00,837.9
5392,2013-06-30 09:30:00+00:00,953.75
5392,2013-06-30 10:00:00+00:00,1032.6
5392,2013-06-30 10:30:00+00:00,1133.65
5392,2013-06-30 11:00:00+00:00,1016.25
5392,2013-06-30 11:30:00+00:00,1238.65
5392,2013-06-30 12:00:00+00:00,1247.65
5392,2013-06-30 12:30:00+00:00,1170.8
5392,2013-06-30 13:00:00+00:00,1256.5
5392,2013-06-30 13:30:00+00:00,1253.95
5392,2013-06-30 14:00:00+00:00,1212.1
5392,2013-06-30 14:30:00+00:00,1124.0
5392,2013-06-30 15:00:00+00:00,981.65
5392,2013-06-30 15:30:00+00:00,753.75
5392,2013-06-30 16:00:00+00:00,718.0
5392,2013-06-30 16:30:00+00:00,601.35
5392,2013-06-30 17:00:00+00:00,491.2
5392,2013-06-30 17:30:00+00:00,311.57
5392,2013-06-30 18:00:00+00:00,195.93
5392,2013-06-30 18:30:00+00:00,86.26
5392,2013-06-30 19:00:00+00:00,42.91
5392,2013-06-30 19:30:00+00:00,4.6
5392,2013-06-30 20:00:00+00:00,0.19
5392,2013-06-30 20:30:00+00:00,0.0
5392,2013-06-30 21:00:00+00:00,0.0
5392,2013-06-30 21:30:00+00:00,0.0
5392,2013-06-30 22:00:00+00:00,0.0
5392,2013-06-30 22:30:00+00:00,0.0
5392,2013-06-30 23:00:00+00:00,0.0
5392,2013-06-30 23:30:00+00:00,0.0
5392,2013-07-01 00:30:00+00:00,0.0
5392,2013-07-01 01:00:00+00:00,0.0
5392,2013-07-01 01:30:00+00:00,0.0
5392,2013-07-01 02:00:00+00:00,0.0
5392,2013-07-01 02:30:00+00:00,0.0
5392,2013-07-01 03:00:00+00:00,0.0
5392,2013-07-01 03:30:00+00:00,0.0
5392,2013-07-01 04:00:00+00:00,0.0
5392,2013-07-01 04:30:00+00:00,0.35
5392,2013-07-01 05:00:00+00:00,28.0
5392,2013-07-01 05:30:00+00:00,59.03
5392,2013-07-01 06:00:00+00:00,60.26
5392,2013-07-01 06:30:00+00:00,103.87
5392,2013-07-01 07:00:00+00:00,219.03
5392,2013-07-01 07:30:00+00:00,408.82
5392,2013-07-01 08:00:00+00:00,472.11
5392,2013-07-01 08:30:00+00:00,597.75
5392,2013-07-01 09:00:00+00:00,587.25
5392,2013-07-01 09:30:00+00:00,626.85
5392,2013-07-01 10:00:00+00:00,538.05
5392,2013-07-01 10:30:00+00:00,876.25
5392,2013-07-01 11:00:00+00:00,1200.55
5392,2013-07-01 11:30:00+00:00,955.4
5392,2013-07-01 12:00:00+00:00,1027.0
5392,2013-07-01 12:30:00+00:00,1146.0
5392,2013-07-01 13:00:00+00:00,981.95
5392,2013-07-01 13:30:00+00:00,589.5
5392,2013-07-01 14:00:00+00:00,452.43
5392,2013-07-01 14:30:00+00:00,205.27
5392,2013-07-01 15:00:00+00:00,277.66
5392,2013-07-01 15:30:00+00:00,371.9
5392,2013-07-01 16:00:00+00:00,647.05
5392,2013-07-01 16:30:00+00:00,273.3
5392,2013-07-01 17:00:00+00:00,150.64
5392,2013-07-01 17:30:00+00:00,160.74
5392,2013-07-01 18:00:00+00:00,145.33
5392,2013-07-01 18:30:00+00:00,116.37
5392,2013-07-01 19:00:00+00:00,78.96
5392,2013-07-01 19:30:00+00:00,45.79
5392,2013-07-01 20:00:00+00:00,6.97
5392,2013-07-01 20:30:00+00:00,0.0
5392,2013-07-01 21:00:00+00:00,0.0
5392,2013-07-01 21:30:00+00:00,0.0
5392,2013-07-01 22:00:00+00:00,0.0
5392,2013-07-01 22:30:00+00:00,0.0
5392,2013-07-01 23:00:00+00:00,0.0
5392,2013-07-01 23:30:00+00:00,0.0
5392,2013-07-02 00:00:00+00:00,0.0
5392,2013-07-02 00:30:00+00:00,0.0
5392,2013-07-02 01:00:00+00:00,0.0
5392,2013-07-02 01:30:00+00:00,0.0
5392,2013-07-02 02:00:00+00:00,0.0
5392,2013-07-02 02:30:00+00:00,0.0
5392,2013-07-02 03:00:00+00:00,0.0
5392,2013-07-02 03:30:00+00:00,0.0
5392,2013-07-02 04:00:00+00:00,0.0
5392,2013-07-02 04:30:00+00:00,2.74
5392,2013-07-02 05:00:00+00:00,36.47
5392,2013-07-02 05:30:00+00:00,80.0
5392,2013-07-02 06:00:00+00:00,118.48
5392,2013-07-02 06:30:00+00:00,169.43
5392,2013-07-02 07:00:00+00:00,273.48
5392,2013-07-02 07:30:00+00:00,423.66
5392,2013-07-02 08:00:00+00:00,282.91
5392,2013-07-02 08:30:00+00:00,250.47
5392,2013-07-02 09:00:00+00:00,224.03
5392,2013-07-02 09:30:00+00:00,228.51
5392,2013-07-02 10:00:00+00:00,272.89
5392,2013-07-02 10:30:00+00:00,248.27
5392,2013-07-02 11:00:00+00:00,252.59
5392,2013-07-02 11:30:00+00:00,245.29
5392,2013-07-02 12:00:00+00:00,247.94
5392,2013-07-02 12:30:00+00:00,283.85
5392,2013-07-02 13:00:00+00:00,370.37
5392,2013-07-02 13:30:00+00:00,222.55
5392,2013-07-02 14:00:00+00:00,127.81
5392,2013-07-02 14:30:00+00:00,154.35
5392,2013-07-02 15:00:00+00:00,134.5
5392,2013-07-02 15:30:00+00:00,154.72
5392,2013-07-02 16:00:00+00:00,213.67
5392,2013-07-02 16:30:00+00:00,152.06
5392,2013-07-02 17:00:00+00:00,161.56
5392,2013-07-02 17:30:00+00:00,97.12
5392,2013-07-02 18:00:00+00:00,71.57
5392,2013-07-02 18:30:00+00:00,45.48
5392,2013-07-02 19:00:00+00:00,21.14
5392,2013-07-02 19:30:00+00:00,7.94
5392,2013-07-02 20:00:00+00:00,0.0
5392,2013-07-02 20:30:00+00:00,0.0
5392,2013-07-02 21:00:00+00:00,0.0
5392,2013-07-02 21:30:00+00:00,0.0
5392,2013-07-02 22:00:00+00:00,0.0
5392,2013-07-02 22:30:00+00:00,0.0
5392,2013-07-02 23:00:00+00:00,0.0
5392,2013-07-02 23:30:00+00:00,0.0
5392,2013-07-03 00:00:00+00:00,0.0
5392,2013-07-03 00:30:00+00:00,0.0
5392,2013-07-03 01:00:00+00:00,0.0
5392,2013-07-03 01:30:00+00:00,0.0
5392,2013-07-03 02:00:00+00:00,0.0
5392,2013-07-03 02:30:00+00:00,0.0
5392,2013-07-03 03:00:00+00:00,0.0
5392,2013-07-03 03:30:00+00:00,0.0
5392,2013-07-03 04:00:00+00:00,0.0
5392,2013-07-03 04:30:00+00:00,0.0
5392,2013-07-03 05:00:00+00:00,1.01
5392,2013-07-03 05:30:00+00:00,3.48
5392,2013-07-03 06:00:00+00:00,36.85
5392,2013-07-03 06:30:00+00:00,107.98
5392,2013-07-03 07:00:00+00:00,101.16
5392,2013-07-03 07:30:00+00:00,73.31
5392,2013-07-03 08:00:00+00:00,99.42
5392,2013-07-03 08:30:00+00:00,68.25
5392,2013-07-03 09:00:00+00:00,155.93
5392,2013-07-03 09:30:00+00:00,332.97
5392,2013-07-03 10:00:00+00:00,478.15
5392,2013-07-03 10:30:00+00:00,253.9
5392,2013-07-03 11:00:00+00:00,228.28
5392,2013-07-03 11:30:00+00:00,567.55
5392,2013-07-03 12:00:00+00:00,146.55
5392,2013-07-03 12:30:00+00:00,616.55
5392,2013-07-03 13:00:00+00:00,144.39
5392,2013-07-03 13:30:00+00:00,451.09
5392,2013-07-03 14:00:00+00:00,387.86
5392,2013-07-03 14:30:00+00:00,426.1
5392,2013-07-03 15:00:00+00:00,322.23
5392,2013-07-03 15:30:00+00:00,94.18
5392,2013-07-03 16:00:00+00:00,246.6
5392,2013-07-03 16:30:00+00:00,245.17
5392,2013-07-03 17:00:00+00:00,82.49
5392,2013-07-03 17:30:00+00:00,60.68
5392,2013-07-03 18:00:00+00:00,76.81
5392,2013-07-03 18:30:00+00:00,92.31
5392,2013-07-03 19:00:00+00:00,32.15
5392,2013-07-03 19:30:00+00:00,24.25
5392,2013-07-03 20:00:00+00:00,2.32
5392,2013-07-03 20:30:00+00:00,0.0
5392,2013-07-03 21:00:00+00:00,0.0
5392,2013-07-03 21:30:00+00:00,0.0
5392,2013-07-03 22:00:00+00:00,0.0
5392,2013-07-03 22:30:00+00:00,0.0
5392,2013-07-03 23:00:00+00:00,0.0
5392,2013-07-03 23:30:00+00:00,0.0
5392,2013-07-04 00:00:00+00:00,0.0
5392,2013-07-04 00:30:00+00:00,0.0
5392,2013-07-04 01:00:00+00:00,0.0
5392,2013-07-04 01:30:00+00:00,0.0
5392,2013-07-04 02:00:00+00:00,0.0
5392,2013-07-04 02:30:00+00:00,0.0
5392,2013-07-04 03:00:00+00:00,0.0
5392,2013-07-04 03:30:00+00:00,0.0
5392,2013-07-04 04:00:00+00:00,0.0
5392,2013-07-04 04:30:00+00:00,1.8
5392,2013-07-04 05:00:00+00:00,24.59
5392,2013-07-04 05:30:00+00:00,42.8
5392,2013-07-04 06:00:00+00:00,62.17
5392,2013-07-04 06:30:00+00:00,92.02
5392,2013-07-04 07:00:00+00:00,114.34
5392,2013-07-04 07:30:00+00:00,154.6
5392,2013-07-04 08:00:00+00:00,188.84
5392,2013-07-04 08:30:00+00:00,213.59
5392,2013-07-04 09:00:00+00:00,292.11
5392,2013-07-04 09:30:00+00:00,263.22
5392,2013-07-04 10:00:00+00:00,350.07
5392,2013-07-04 10:30:00+00:00,738.45
5392,2013-07-04 11:00:00+00:00,1031.15
5392,2013-07-04 11:30:00+00:00,1195.9
5392,2013-07-04 12:00:00+00:00,898.5
5392,2013-07-04 12:30:00+00:00,892.55
5392,2013-07-04 13:00:00+00:00,605.1
5392,2013-07-04 13:30:00+00:00,1125.1
5392,2013-07-04 14:00:00+00:00,469.78
5392,2013-07-04 14:30:00+00:00,591.0
5392,2013-07-04 15:00:00+00:00,480.07
5392,2013-07-04 15:30:00+00:00,411.48
5392,2013-07-04 16:00:00+00:00,661.9
5392,2013-07-04 16:30:00+00:00,689.1
5392,2013-07-04 17:00:00+00:00,405.47
5392,2013-07-04 17:30:00+00:00,217.05
5392,2013-07-04 18:00:00+00:00,171.5
5392,2013-07-04 18:30:00+00:00,90.01
5392,2013-07-04 19:00:00+00:00,54.92
5392,2013-07-04 19:30:00+00:00,21.25
5392,2013-07-04 20:00:00+00:00,0.58
5392,2013-07-04 20:30:00+00:00,0.0
5392,2013-07-04 21:00:00+00:00,0.0
5392,2013-07-04 21:30:00+00:00,0.0
5392,2013-07-04 22:00:00+00:00,0.0
5392,2013-07-04 22:30:00+00:00,0.0
5392,2013-07-04 23:00:00+00:00,0.0
5392,2013-07-04 23:30:00+00:00,0.0
5392,2013-07-05 00:00:00+00:00,0.0
5392,2013-07-05 00:30:00+00:00,0.0
5392,2013-07-05 01:00:00+00:00,0.0
5392,2013-07-05 01:30:00+00:00,0.0
5392,2013-07-05 02:00:00+00:00,0.0
5392,2013-07-05 02:30:00+00:00,0.0
5392,2013-07-05 03:00:00+00:00,0.0
5392,2013-07-05 03:30:00+00:00,0.0
5392,2013-07-05 04:00:00+00:00,0.0
5392,2013-07-05 04:30:00+00:00,0.4
5392,2013-07-05 05:00:00+00:00,4.36
5392,2013-07-05 05:30:00+00:00,37.66
5392,2013-07-05 06:00:00+00:00,92.97
5392,2013-07-05 06:30:00+00:00,150.96
5392,2013-07-05 07:00:00+00:00,233.57
5392,2013-07-05 07:30:00+00:00,313.04
5392,2013-07-05 08:00:00+00:00,508.7
5392,2013-07-05 08:30:00+00:00,694.75
5392,2013-07-05 09:00:00+00:00,823.65
5392,2013-07-05 09:30:00+00:00,933.95
5392,2013-07-05 10:00:00+00:00,1009.25
5392,2013-07-05 10:30:00+00:00,1167.15
5392,2013-07-05 11:00:00+00:00,1203.55
5392,2013-07-05 11:30:00+00:00,1234.5
5392,2013-07-05 12:00:00+00:00,1266.4
5392,2013-07-05 12:30:00+00:00,1225.8
5392,2013-07-05 13:00:00+00:00,1244.3
5392,2013-07-05 13:30:00+00:00,1204.15
5392,2013-07-05 14:00:00+00:00,1132.3
5392,2013-07-05 14:30:00+00:00,1099.35
5392,2013-07-05 15:00:00+00:00,1024.2
5392,2013-07-05 15:30:00+00:00,883.1
5392,2013-07-05 16:00:00+00:00,757.95
5392,2013-07-05 16:30:00+00:00,595.65
5392,2013-07-05 17:00:00+00:00,433.01
5392,2013-07-05 17:30:00+00:00,287.15
5392,2013-07-05 18:00:00+00:00,165.64
5392,2013-07-05 18:30:00+00:00,91.38
5392,2013-07-05 19:00:00+00:00,54.68
5392,2013-07-05 19:30:00+00:00,19.02
5392,2013-07-05 20:00:00+00:00,0.67
5392,2013-07-05 20:30:00+00:00,0.0
5392,2013-07-05 21:00:00+00:00,0.0
5392,2013-07-05 21:30:00+00:00,0.0
5392,2013-07-05 22:00:00+00:00,0.0
5392,2013-07-05 22:30:00+00:00,0.0
5392,2013-07-05 23:00:00+00:00,0.0
5392,2013-07-05 23:30:00+00:00,0.0
5392,2013-07-06 00:00:00+00:00,0.0
5392,2013-07-06 00:30:00+00:00,0.0
5392,2013-07-06 01:00:00+00:00,0.0
5392,2013-07-06 01:30:00+00:00,0.0
5392,2013-07-06 02:00:00+00:00,0.0
5392,2013-07-06 02:30:00+00:00,0.0
5392,2013-07-06 03:00:00+00:00,0.0
5392,2013-07-06 03:30:00+00:00,0.0
5392,2013-07-06 04:00:00+00:00,0.0
5392,2013-07-06 04:30:00+00:00,1.33
5392,2013-07-06 05:00:00+00:00,23.56
5392,2013-07-06 05:30:00+00:00,53.2
5392,2013-07-06 06:00:00+00:00,72.09
5392,2013-07-06 06:30:00+00:00,111.11
5392,2013-07-06 07:00:00+00:00,220.35
5392,2013-07-06 07:30:00+00:00,370.72
5392,2013-07-06 08:00:00+00:00,543.7
5392,2013-07-06 08:30:00+00:00,703.4
5392,2013-07-06 09:00:00+00:00,849.0
5392,2013-07-06 09:30:00+00:00,865.6
5392,2013-07-06 10:00:00+00:00,996.85
5392,2013-07-06 10:30:00+00:00,1089.3
5392,2013-07-06 11:00:00+00:00,1196.3
5392,2013-07-06 11:30:00+00:00,1250.0
5392,2013-07-06 12:00:00+00:00,1284.75
5392,2013-07-06 12:30:00+00:00,1291.95
5392,2013-07-06 13:00:00+00:00,1270.5
5392,2013-07-06 13:30:00+00:00,1212.45
5392,2013-07-06 14:00:00+00:00,1163.4
5392,2013-07-06 14:30:00+00:00,1103.75
5392,2013-07-06 15:00:00+00:00,1018.35
5392,2013-07-06 15:30:00+00:00,908.15
5392,2013-07-06 16:00:00+00:00,777.0
5392,2013-07-06 16:30:00+00:00,625.5
5392,2013-07-06 17:00:00+00:00,457.94
5392,2013-07-06 17:30:00+00:00,287.83
5392,2013-07-06 18:00:00+00:00,160.57
5392,2013-07-06 18:30:00+00:00,87.55
5392,2013-07-06 19:00:00+00:00,53.89
5392,2013-07-06 19:30:00+00:00,21.92
5392,2013-07-06 20:00:00+00:00,1.45
5392,2013-07-06 20:30:00+00:00,0.0
5392,2013-07-06 21:00:00+00:00,0.0
5392,2013-07-06 21:30:00+00:00,0.0
5392,2013-07-06 22:00:00+00:00,0.0
5392,2013-07-06 22:30:00+00:00,0.0
5392,2013-07-06 23:00:00+00:00,0.0
5392,2013-07-06 23:30:00+00:00,0.0
5392,2013-07-07 00:00:00+00:00,0.0
5392,2013-07-07 00:30:00+00:00,0.0
5392,2013-07-07 01:00:00+00:00,0.0
5392,2013-07-07 01:30:00+00:00,0.0
5392,2013-07-07 02:00:00+00:00,0.0
5392,2013-07-07 02:30:00+00:00,0.0
5392,2013-07-07 03:00:00+00:00,0.0
5392,2013-07-07 03:30:00+00:00,0.0
5392,2013-07-07 04:00:00+00:00,0.0
5392,2013-07-07 04:30:00+00:00,0.85
5392,2013-07-07 05:00:00+00:00,14.1
5392,2013-07-07 05:30:00+00:00,51.19
5392,2013-07-07 06:00:00+00:00,76.22
5392,2013-07-07 06:30:00+00:00,117.82
5392,2013-07-07 07:00:00+00:00,218.55
5392,2013-07-07 07:30:00+00:00,368.73
5392,2013-07-07 08:00:00+00:00,548.9
5392,2013-07-07 08:30:00+00:00,678.7
5392,2013-07-07 09:00:00+00:00,803.0
5392,2013-07-07 09:30:00+00:00,920.95
5392,2013-07-07 10:00:00+00:00,1026.8
5392,2013-07-07 10:30:00+00:00,1097.35
5392,2013-07-07 11:00:00+00:00,1173.15
5392,2013-07-07 11:30:00+00:00,1093.85
5392,2013-07-07 12:00:00+00:00,1253.6
5392,2013-07-07 12:30:00+00:00,1229.5
5392,2013-07-07 13:00:00+00:00,1218.05
5392,2013-07-07 13:30:00+00:00,1171.4
5392,2013-07-07 14:00:00+00:00,1118.55
5392,2013-07-07 14:30:00+00:00,1055.35
5392,2013-07-07 15:00:00+00:00,989.4
5392,2013-07-07 15:30:00+00:00,883.95
5392,2013-07-07 16:00:00+00:00,761.75
5392,2013-07-07 16:30:00+00:00,614.1
5392,2013-07-07 17:00:00+00:00,452.91
5392,2013-07-07 17:30:00+00:00,297.37
5392,2013-07-07 18:00:00+00:00,162.17
5392,2013-07-07 18:30:00+00:00,84.98
5392,2013-07-07 19:00:00+00:00,58.04
5392,2013-07-07 19:30:00+00:00,28.75
5392,2013-07-07 20:00:00+00:00,1.83
5392,2013-07-07 20:30:00+00:00,0.0
5392,2013-07-07 21:00:00+00:00,0.0
5392,2013-07-07 21:30:00+00:00,0.0
5392,2013-07-07 22:00:00+00:00,0.0
5392,2013-07-07 22:30:00+00:00,0.0
5392,2013-07-07 23:00:00+00:00,0.0
5392,2013-07-07 23:30:00+00:00,0.0
5392,2013-07-08 00:00:00+00:00,0.0
5392,2013-07-08 00:30:00+00:00,0.0
5392,2013-07-08 01:00:00+00:00,0.0
5392,2013-07-08 01:30:00+00:00,0.0
5392,2013-07-08 02:00:00+00:00,0.0
5392,2013-07-08 02:30:00+00:00,0.0
5392,2013-07-08 03:00:00+00:00,0.0
5392,2013-07-08 03:30:00+00:00,0.0
5392,2013-07-08 04:00:00+00:00,0.0
5392,2013-07-08 04:30:00+00:00,1.19
5392,2013-07-08 05:00:00+00:00,18.0
5392,2013-07-08 05:30:00+00:00,47.36
5392,2013-07-08 06:00:00+00:00,61.38
5392,2013-07-08 06:30:00+00:00,90.61
5392,2013-07-08 07:00:00+00:00,197.87
5392,2013-07-08 07:30:00+00:00,362.75
5392,2013-07-08 08:00:00+00:00,543.7
5392,2013-07-08 08:30:00+00:00,709.5
5392,2013-07-08 09:00:00+00:00,851.45
5392,2013-07-08 09:30:00+00:00,967.25
5392,2013-07-08 10:00:00+00:00,1070.25
5392,2013-07-08 10:30:00+00:00,1150.05
5392,2013-07-08 11:00:00+00:00,1202.0
5392,2013-07-08 11:30:00+00:00,1226.3
5392,2013-07-08 12:00:00+00:00,1239.35
5392,2013-07-08 12:30:00+00:00,1248.3
5392,2013-07-08 13:00:00+00:00,1234.45
5392,2013-07-08 13:30:00+00:00,1188.85
5392,2013-07-08 14:00:00+00:00,1134.4
5392,2013-07-08 14:30:00+00:00,1063.15
5392,2013-07-08 15:00:00+00:00,976.3
5392,2013-07-08 15:30:00+00:00,866.1
5392,2013-07-08 16:00:00+00:00,744.4
5392,2013-07-08 16:30:00+00:00,598.4
5392,2013-07-08 17:00:00+00:00,444.58
5392,2013-07-08 17:30:00+00:00,287.97
5392,2013-07-08 18:00:00+00:00,158.6
5392,2013-07-08 18:30:00+00:00,77.7
5392,2013-07-08 19:00:00+00:00,48.2
5392,2013-07-08 19:30:00+00:00,17.54
5392,2013-07-08 20:00:00+00:00,1.03
5392,2013-07-08 20:30:00+00:00,0.0
5392,2013-07-08 21:00:00+00:00,0.0
5392,2013-07-08 21:30:00+00:00,0.0
5392,2013-07-08 22:00:00+00:00,0.0
5392,2013-07-08 22:30:00+00:00,0.0
5392,2013-07-08 23:00:00+00:00,0.0
5392,2013-07-08 23:30:00+00:00,0.0
5392,2013-07-09 00:00:00+00:00,0.0
5392,2013-07-09 00:30:00+00:00,0.0
5392,2013-07-09 01:00:00+00:00,0.0
5392,2013-07-09 01:30:00+00:00,0.0
5392,2013-07-09 02:00:00+00:00,0.0
5392,2013-07-09 02:30:00+00:00,0.0
5392,2013-07-09 03:00:00+00:00,0.0
5392,2013-07-09 03:30:00+00:00,0.0
5392,2013-07-09 04:00:00+00:00,0.0
5392,2013-07-09 04:30:00+00:00,0.86
5392,2013-07-09 05:00:00+00:00,15.39
5392,2013-07-09 05:30:00+00:00,49.16
5392,2013-07-09 06:00:00+00:00,65.98
5392,2013-07-09 06:30:00+00:00,100.99
5392,2013-07-09 07:00:00+00:00,205.92
5392,2013-07-09 07:30:00+00:00,361.05
5392,2013-07-09 08:00:00+00:00,549.9
5392,2013-07-09 08:30:00+00:00,705.3
5392,2013-07-09 09:00:00+00:00,851.55
5392,2013-07-09 09:30:00+00:00,968.85
5392,2013-07-09 10:00:00+00:00,1068.45
5392,2013-07-09 10:30:00+00:00,1143.35
5392,2013-07-09 11:00:00+00:00,1204.0
5392,2013-07-09 11:30:00+00:00,1236.6
5392,2013-07-09 12:00:00+00:00,1251.9
5392,2013-07-09 12:30:00+00:00,1267.6
5392,2013-07-09 13:00:00+00:00,1243.85
5392,2013-07-09 13:30:00+00:00,1206.6
5392,2013-07-09 14:00:00+00:00,1147.65
5392,2013-07-09 14:30:00+00:00,1068.85
5392,2013-07-09 15:00:00+00:00,984.05
5392,2013-07-09 15:30:00+00:00,865.7
5392,2013-07-09 16:00:00+00:00,740.8
5392,2013-07-09 16:30:00+00:00,599.95
5392,2013-07-09 17:00:00+00:00,442.08
5392,2013-07-09 17:30:00+00:00,290.28
5392,2013-07-09 18:00:00+00:00,163.01
5392,2013-07-09 18:30:00+00:00,88.66
5392,2013-07-09 19:00:00+00:00,57.98
5392,2013-07-09 19:30:00+00:00,23.7
5392,2013-07-09 20:00:00+00:00,1.29
5392,2013-07-09 20:30:00+00:00,0.0
5392,2013-07-09 21:00:00+00:00,0.0
5392,2013-07-09 21:30:00+00:00,0.0
5392,2013-07-09 22:00:00+00:00,0.0
5392,2013-07-09 22:30:00+00:00,0.0
5392,2013-07-09 23:00:00+00:00,0.0
5392,2013-07-09 23:30:00+00:00,0.0
5392,2013-07-10 00:00:00+00:00,0.0
5392,2013-07-10 00:30:00+00:00,0.0
5392,2013-07-10 01:00:00+00:00,0.0
5392,2013-07-10 01:30:00+00:00,0.0
5392,2013-07-10 02:00:00+00:00,0.0
5392,2013-07-10 02:30:00+00:00,0.0
5392,2013-07-10 03:00:00+00:00,0.0
5392,2013-07-10 03:30:00+00:00,0.0
5392,2013-07-10 04:00:00+00:00,0.0
5392,2013-07-10 04:30:00+00:00,0.58
5392,2013-07-10 05:00:00+00:00,11.03
5392,2013-07-10 05:30:00+00:00,45.77
5392,2013-07-10 06:00:00+00:00,62.29
5392,2013-07-10 06:30:00+00:00,93.82
5392,2013-07-10 07:00:00+00:00,200.87
5392,2013-07-10 07:30:00+00:00,358.98
5392,2013-07-10 08:00:00+00:00,534.95
5392,2013-07-10 08:30:00+00:00,697.7
5392,2013-07-10 09:00:00+00:00,844.7
5392,2013-07-10 09:30:00+00:00,974.35
5392,2013-07-10 10:00:00+00:00,1020.0
5392,2013-07-10 10:30:00+00:00,967.1
5392,2013-07-10 11:00:00+00:00,765.2
5392,2013-07-10 11:30:00+00:00,922.25
5392,2013-07-10 12:00:00+00:00,696.95
5392,2013-07-10 12:30:00+00:00,1139.9
5392,2013-07-10 13:00:00+00:00,1173.75
5392,2013-07-10 13:30:00+00:00,974.2
5392,2013-07-10 14:00:00+00:00,989.6
5392,2013-07-10 14:30:00+00:00,819.85
5392,2013-07-10 15:00:00+00:00,1037.05
5392,2013-07-10 15:30:00+00:00,931.9
5392,2013-07-10 16:00:00+00:00,804.35
5392,2013-07-10 16:30:00+00:00,648.9
5392,2013-07-10 17:00:00+00:00,486.59
5392,2013-07-10 17:30:00+00:00,314.81
5392,2013-07-10 18:00:00+00:00,165.43
5392,2013-07-10 18:30:00+00:00,76.53
5392,2013-07-10 19:00:00+00:00,45.18
5392,2013-07-10 19:30:00+00:00,17.3
5392,2013-07-10 20:00:00+00:00,1.23
5392,2013-07-10 20:30:00+00:00,0.0
5392,2013-07-10 21:00:00+00:00,0.0
5392,2013-07-10 21:30:00+00:00,0.0
5392,2013-07-10 22:00:00+00:00,0.0
5392,2013-07-10 22:30:00+00:00,0.0
5392,2013-07-10 23:00:00+00:00,0.0
5392,2013-07-10 23:30:00+00:00,0.0
5392,2013-07-11 00:00:00+00:00,0.0
5392,2013-07-11 00:30:00+00:00,0.0
5392,2013-07-11 01:00:00+00:00,0.0
5392,2013-07-11 01:30:00+00:00,0.0
5392,2013-07-11 02:00:00+00:00,0.0
5392,2013-07-11 02:30:00+00:00,0.0
5392,2013-07-11 03:00:00+00:00,0.0
5392,2013-07-11 03:30:00+00:00,0.0
5392,2013-07-11 04:00:00+00:00,0.0
5392,2013-07-11 04:30:00+00:00,0.0
5392,2013-07-11 05:00:00+00:00,0.83
5392,2013-07-11 05:30:00+00:00,16.09
5392,2013-07-11 06:00:00+00:00,49.49
5392,2013-07-11 06:30:00+00:00,78.37
5392,2013-07-11 07:00:00+00:00,126.99
5392,2013-07-11 07:30:00+00:00,152.51
5392,2013-07-11 08:00:00+00:00,208.63
5392,2013-07-11 08:30:00+00:00,265.52
5392,2013-07-11 09:00:00+00:00,539.3
5392,2013-07-11 09:30:00+00:00,577.2
5392,2013-07-11 10:00:00+00:00,617.0
5392,2013-07-11 10:30:00+00:00,830.15
5392,2013-07-11 11:00:00+00:00,988.85
5392,2013-07-11 11:30:00+00:00,1238.35
5392,2013-07-11 12:00:00+00:00,1281.75
5392,2013-07-11 12:30:00+00:00,1282.65
5392,2013-07-11 13:00:00+00:00,1249.4
5392,2013-07-11 13:30:00+00:00,1215.9
5392,2013-07-11 14:00:00+00:00,1164.9
5392,2013-07-11 14:30:00+00:00,1086.15
5392,2013-07-11 15:00:00+00:00,995.55
5392,2013-07-11 15:30:00+00:00,892.65
5392,2013-07-11 16:00:00+00:00,764.75
5392,2013-07-11 16:30:00+00:00,626.45
5392,2013-07-11 17:00:00+00:00,483.91
5392,2013-07-11 17:30:00+00:00,300.4
5392,2013-07-11 18:00:00+00:00,160.79
5392,2013-07-11 18:30:00+00:00,78.82
5392,2013-07-11 19:00:00+00:00,45.94
5392,2013-07-11 19:30:00+00:00,11.53
5392,2013-07-11 20:00:00+00:00,1.51
5392,2013-07-11 20:30:00+00:00,0.0
5392,2013-07-11 21:00:00+00:00,0.0
5392,2013-07-11 21:30:00+00:00,0.0
5392,2013-07-11 22:00:00+00:00,0.0
5392,2013-07-11 22:30:00+00:00,0.0
5392,2013-07-11 23:00:00+00:00,0.0
5392,2013-07-11 23:30:00+00:00,0.0
5392,2013-07-12 00:00:00+00:00,0.0
5392,2013-07-12 00:30:00+00:00,0.0
5392,2013-07-12 01:00:00+00:00,0.0
5392,2013-07-12 01:30:00+00:00,0.0
5392,2013-07-12 02:00:00+00:00,0.0
5392,2013-07-12 02:30:00+00:00,0.0
5392,2013-07-12 03:00:00+00:00,0.0
5392,2013-07-12 03:30:00+00:00,0.0
5392,2013-07-12 04:00:00+00:00,0.0
5392,2013-07-12 04:30:00+00:00,0.0
5392,2013-07-12 05:00:00+00:00,0.12
5392,2013-07-12 05:30:00+00:00,2.6
5392,2013-07-12 06:00:00+00:00,25.51
5392,2013-07-12 06:30:00+00:00,50.64
5392,2013-07-12 07:00:00+00:00,57.01
5392,2013-07-12 07:30:00+00:00,77.0
5392,2013-07-12 08:00:00+00:00,88.48
5392,2013-07-12 08:30:00+00:00,195.71
5392,2013-07-12 09:00:00+00:00,212.03
5392,2013-07-12 09:30:00+00:00,245.35
5392,2013-07-12 10:00:00+00:00,276.88
5392,2013-07-12 10:30:00+00:00,323.82
5392,2013-07-12 11:00:00+00:00,668.75
5392,2013-07-12 11:30:00+00:00,1288.0
5392,2013-07-12 12:00:00+00:00,1186.8
5392,2013-07-12 12:30:00+00:00,1147.3
5392,2013-07-12 13:00:00+00:00,1133.95
5392,2013-07-12 13:30:00+00:00,1122.6
5392,2013-07-12 14:00:00+00:00,1075.05
5392,2013-07-12 14:30:00+00:00,1005.25
5392,2013-07-12 15:00:00+00:00,975.6
5392,2013-07-12 15:30:00+00:00,853.6
5392,2013-07-12 16:00:00+00:00,740.8
5392,2013-07-12 16:30:00+00:00,528.5
5392,2013-07-12 17:00:00+00:00,341.05
5392,2013-07-12 17:30:00+00:00,315.81
5392,2013-07-12 18:00:00+00:00,164.39
5392,2013-07-12 18:30:00+00:00,123.44
5392,2013-07-12 19:00:00+00:00,60.84
5392,2013-07-12 19:30:00+00:00,22.72
5392,2013-07-12 20:00:00+00:00,0.83
5392,2013-07-12 20:30:00+00:00,0.0
5392,2013-07-12 21:00:00+00:00,0.0
5392,2013-07-12 21:30:00+00:00,0.0
5392,2013-07-12 22:00:00+00:00,0.0
5392,2013-07-12 22:30:00+00:00,0.0
5392,2013-07-12 23:00:00+00:00,0.0
5392,2013-07-12 23:30:00+00:00,0.0
5392,2013-07-13 00:00:00+00:00,0.0
5392,2013-07-13 00:30:00+00:00,0.0
5392,2013-07-13 01:00:00+00:00,0.0
5392,2013-07-13 01:30:00+00:00,0.0
5392,2013-07-13 02:00:00+00:00,0.0
5392,2013-07-13 02:30:00+00:00,0.0
5392,2013-07-13 03:00:00+00:00,0.0
5392,2013-07-13 03:30:00+00:00,0.0
5392,2013-07-13 04:00:00+00:00,0.0
5392,2013-07-13 04:30:00+00:00,0.15
5392,2013-07-13 05:00:00+00:00,14.36
5392,2013-07-13 05:30:00+00:00,63.33
5392,2013-07-13 06:00:00+00:00,100.61
5392,2013-07-13 06:30:00+00:00,142.74
5392,2013-07-13 07:00:00+00:00,210.2
5392,2013-07-13 07:30:00+00:00,318.9
5392,2013-07-13 08:00:00+00:00,461.4
5392,2013-07-13 08:30:00+00:00,623.0
5392,2013-07-13 09:00:00+00:00,747.05
5392,2013-07-13 09:30:00+00:00,879.95
5392,2013-07-13 10:00:00+00:00,988.45
5392,2013-07-13 10:30:00+00:00,1074.4
5392,2013-07-13 11:00:00+00:00,1125.9
5392,2013-07-13 11:30:00+00:00,1154.65
5392,2013-07-13 12:00:00+00:00,1099.35
5392,2013-07-13 12:30:00+00:00,1074.65
5392,2013-07-13 13:00:00+00:00,1123.65
5392,2013-07-13 13:30:00+00:00,1130.45
5392,2013-07-13 14:00:00+00:00,1085.0
5392,2013-07-13 14:30:00+00:00,1022.05
5392,2013-07-13 15:00:00+00:00,952.2
5392,2013-07-13 15:30:00+00:00,874.0
5392,2013-07-13 16:00:00+00:00,741.6
5392,2013-07-13 16:30:00+00:00,600.9
5392,2013-07-13 17:00:00+00:00,441.93
5392,2013-07-13 17:30:00+00:00,291.38
5392,2013-07-13 18:00:00+00:00,162.46
5392,2013-07-13 18:30:00+00:00,80.89
5392,2013-07-13 19:00:00+00:00,50.29
5392,2013-07-13 19:30:00+00:00,13.29
5392,2013-07-13 20:00:00+00:00,0.03
5392,2013-07-13 20:30:00+00:00,0.0
5392,2013-07-13 21:00:00+00:00,0.0
5392,2013-07-13 21:30:00+00:00,0.0
5392,2013-07-13 22:00:00+00:00,0.0
5392,2013-07-13 22:30:00+00:00,0.0
5392,2013-07-13 23:00:00+00:00,0.0
5392,2013-07-13 23:30:00+00:00,0.0
5392,2013-07-14 00:00:00+00:00,0.0
5392,2013-07-14 00:30:00+00:00,0.0
5392,2013-07-14 01:00:00+00:00,0.0
5392,2013-07-14 01:30:00+00:00,0.0
5392,2013-07-14 02:00:00+00:00,0.0
5392,2013-07-14 02:30:00+00:00,0.0
5392,2013-07-14 03:00:00+00:00,0.0
5392,2013-07-14 03:30:00+00:00,0.0
5392,2013-07-14 04:00:00+00:00,0.0
5392,2013-07-14 04:30:00+00:00,0.12
5392,2013-07-14 05:00:00+00:00,17.93
5392,2013-07-14 05:30:00+00:00,67.47
5392,2013-07-14 06:00:00+00:00,61.62
5392,2013-07-14 06:30:00+00:00,121.9
5392,2013-07-14 07:00:00+00:00,200.18
5392,2013-07-14 07:30:00+00:00,318.59
5392,2013-07-14 08:00:00+00:00,494.47
5392,2013-07-14 08:30:00+00:00,581.25
5392,2013-07-14 09:00:00+00:00,637.7
5392,2013-07-14 09:30:00+00:00,716.75
5392,2013-07-14 10:00:00+00:00,895.4
5392,2013-07-14 10:30:00+00:00,909.25
5392,2013-07-14 11:00:00+00:00,896.9
5392,2013-07-14 11:30:00+00:00,939.0
5392,2013-07-14 12:00:00+00:00,1096.3
5392,2013-07-14 12:30:00+00:00,912.2
5392,2013-07-14 13:00:00+00:00,746.6
5392,2013-07-14 13:30:00+00:00,973.6
5392,2013-07-14 14:00:00+00:00,1063.05
5392,2013-07-14 14:30:00+00:00,1027.9
5392,2013-07-14 15:00:00+00:00,909.2
5392,2013-07-14 15:30:00+00:00,806.3
5392,2013-07-14 16:00:00+00:00,513.75
5392,2013-07-14 16:30:00+00:00,581.15
5392,2013-07-14 17:00:00+00:00,394.47
5392,2013-07-14 17:30:00+00:00,253.3
5392,2013-07-14 18:00:00+00:00,140.02
5392,2013-07-14 18:30:00+00:00,98.26
5392,2013-07-14 19:00:00+00:00,65.22
5392,2013-07-14 19:30:00+00:00,27.01
5392,2013-07-14 20:00:00+00:00,0.51
5392,2013-07-14 20:30:00+00:00,0.0
5392,2013-07-14 21:00:00+00:00,0.0
5392,2013-07-14 21:30:00+00:00,0.0
5392,2013-07-14 22:00:00+00:00,0.0
5392,2013-07-14 22:30:00+00:00,0.0
5392,2013-07-14 23:00:00+00:00,0.0
5392,2013-07-14 23:30:00+00:00,0.0
5392,2013-07-15 00:00:00+00:00,0.0
5392,2013-07-15 00:30:00+00:00,0.0
5392,2013-07-15 01:00:00+00:00,0.0
5392,2013-07-15 01:30:00+00:00,0.0
5392,2013-07-15 02:00:00+00:00,0.0
5392,2013-07-15 02:30:00+00:00,0.0
5392,2013-07-15 03:00:00+00:00,0.0
5392,2013-07-15 03:30:00+00:00,0.0
5392,2013-07-15 04:00:00+00:00,0.0
5392,2013-07-15 04:30:00+00:00,0.18
5392,2013-07-15 05:00:00+00:00,8.19
5392,2013-07-15 05:30:00+00:00,42.06
5392,2013-07-15 06:00:00+00:00,58.84
5392,2013-07-15 06:30:00+00:00,87.36
5392,2013-07-15 07:00:00+00:00,192.63
5392,2013-07-15 07:30:00+00:00,355.15
5392,2013-07-15 08:00:00+00:00,550.35
5392,2013-07-15 08:30:00+00:00,690.8
5392,2013-07-15 09:00:00+00:00,836.25
5392,2013-07-15 09:30:00+00:00,963.85
5392,2013-07-15 10:00:00+00:00,1068.25
5392,2013-07-15 10:30:00+00:00,1116.35
5392,2013-07-15 11:00:00+00:00,1179.75
5392,2013-07-15 11:30:00+00:00,1198.25
5392,2013-07-15 12:00:00+00:00,1220.25
5392,2013-07-15 12:30:00+00:00,1213.8
5392,2013-07-15 13:00:00+00:00,1124.0
5392,2013-07-15 13:30:00+00:00,1158.8
5392,2013-07-15 14:00:00+00:00,1119.55
5392,2013-07-15 14:30:00+00:00,734.9
5392,2013-07-15 15:00:00+00:00,631.5
5392,2013-07-15 15:30:00+00:00,912.8
5392,2013-07-15 16:00:00+00:00,723.3
5392,2013-07-15 16:30:00+00:00,589.8
5392,2013-07-15 17:00:00+00:00,463.68
5392,2013-07-15 17:30:00+00:00,301.94
5392,2013-07-15 18:00:00+00:00,220.28
5392,2013-07-15 18:30:00+00:00,126.68
5392,2013-07-15 19:00:00+00:00,72.22
5392,2013-07-15 19:30:00+00:00,16.66
5392,2013-07-15 20:00:00+00:00,0.29
5392,2013-07-15 20:30:00+00:00,0.0
5392,2013-07-15 21:00:00+00:00,0.0
5392,2013-07-15 21:30:00+00:00,0.0
5392,2013-07-15 22:00:00+00:00,0.0
5392,2013-07-15 22:30:00+00:00,0.0
5392,2013-07-15 23:00:00+00:00,0.0
5392,2013-07-15 23:30:00+00:00,0.0
5392,2013-07-16 00:00:00+00:00,0.0
5392,2013-07-16 00:30:00+00:00,0.0
5392,2013-07-16 01:00:00+00:00,0.0
5392,2013-07-16 01:30:00+00:00,0.0
5392,2013-07-16 02:00:00+00:00,0.0
5392,2013-07-16 02:30:00+00:00,0.0
5392,2013-07-16 03:00:00+00:00,0.0
5392,2013-07-16 03:30:00+00:00,0.0
5392,2013-07-16 04:00:00+00:00,0.0
5392,2013-07-16 04:30:00+00:00,0.04
5392,2013-07-16 05:00:00+00:00,4.35
5392,2013-07-16 05:30:00+00:00,53.12
5392,2013-07-16 06:00:00+00:00,100.02
5392,2013-07-16 06:30:00+00:00,155.0
5392,2013-07-16 07:00:00+00:00,226.83
5392,2013-07-16 07:30:00+00:00,264.14
5392,2013-07-16 08:00:00+00:00,358.0
5392,2013-07-16 08:30:00+00:00,404.68
5392,2013-07-16 09:00:00+00:00,477.41
5392,2013-07-16 09:30:00+00:00,645.75
5392,2013-07-16 10:00:00+00:00,771.6
5392,2013-07-16 10:30:00+00:00,927.4
5392,2013-07-16 11:00:00+00:00,1000.4
5392,2013-07-16 11:30:00+00:00,1055.55
5392,2013-07-16 12:00:00+00:00,1021.4
5392,2013-07-16 12:30:00+00:00,1041.75
5392,2013-07-16 13:00:00+00:00,1027.05
5392,2013-07-16 13:30:00+00:00,921.8
5392,2013-07-16 14:00:00+00:00,867.8
5392,2013-07-16 14:30:00+00:00,859.15
5392,2013-07-16 15:00:00+00:00,816.3
5392,2013-07-16 15:30:00+00:00,680.75
5392,2013-07-16 16:00:00+00:00,551.45
5392,2013-07-16 16:30:00+00:00,359.75
5392,2013-07-16 17:00:00+00:00,244.17
5392,2013-07-16 17:30:00+00:00,171.49
5392,2013-07-16 18:00:00+00:00,153.38
5392,2013-07-16 18:30:00+00:00,99.55
5392,2013-07-16 19:00:00+00:00,48.92
5392,2013-07-16 19:30:00+00:00,1.79
5392,2013-07-16 20:00:00+00:00,0.0
5392,2013-07-16 20:30:00+00:00,0.0
5392,2013-07-16 21:00:00+00:00,0.0
5392,2013-07-16 21:30:00+00:00,0.0
5392,2013-07-16 22:00:00+00:00,0.0
5392,2013-07-16 22:30:00+00:00,0.0
5392,2013-07-16 23:00:00+00:00,0.0
5392,2013-07-16 23:30:00+00:00,0.0
5392,2013-07-17 00:00:00+00:00,0.0
5392,2013-07-17 00:30:00+00:00,0.0
5392,2013-07-17 01:00:00+00:00,0.0
5392,2013-07-17 01:30:00+00:00,0.0
5392,2013-07-17 02:00:00+00:00,0.0
5392,2013-07-17 02:30:00+00:00,0.0
5392,2013-07-17 03:00:00+00:00,0.0
5392,2013-07-17 03:30:00+00:00,0.0
5392,2013-07-17 04:00:00+00:00,0.0
5392,2013-07-17 04:30:00+00:00,0.0
5392,2013-07-17 05:00:00+00:00,2.62
5392,2013-07-17 05:30:00+00:00,49.06
5392,2013-07-17 06:00:00+00:00,74.9
5392,2013-07-17 06:30:00+00:00,103.6
5392,2013-07-17 07:00:00+00:00,176.09
5392,2013-07-17 07:30:00+00:00,347.17
5392,2013-07-17 08:00:00+00:00,521.6
5392,2013-07-17 08:30:00+00:00,653.3
5392,2013-07-17 09:00:00+00:00,746.0
5392,2013-07-17 09:30:00+00:00,829.6
5392,2013-07-17 10:00:00+00:00,1019.9
5392,2013-07-17 10:30:00+00:00,1104.85
5392,2013-07-17 11:00:00+00:00,1133.2
5392,2013-07-17 11:30:00+00:00,1208.0
5392,2013-07-17 12:00:00+00:00,1223.7
5392,2013-07-17 12:30:00+00:00,1204.2
5392,2013-07-17 13:00:00+00:00,1207.9
5392,2013-07-17 13:30:00+00:00,1170.15
5392,2013-07-17 14:00:00+00:00,1152.55
5392,2013-07-17 14:30:00+00:00,1089.25
5392,2013-07-17 15:00:00+00:00,982.5
5392,2013-07-17 15:30:00+00:00,868.65
5392,2013-07-17 16:00:00+00:00,738.55
5392,2013-07-17 16:30:00+00:00,593.05
5392,2013-07-17 17:00:00+00:00,438.6
5392,2013-07-17 17:30:00+00:00,280.33
5392,2013-07-17 18:00:00+00:00,154.4
5392,2013-07-17 18:30:00+00:00,79.68
5392,2013-07-17 19:00:00+00:00,49.74
5392,2013-07-17 19:30:00+00:00,13.33
5392,2013-07-17 20:00:00+00:00,0.13
5392,2013-07-17 20:30:00+00:00,0.0
5392,2013-07-17 21:00:00+00:00,0.0
5392,2013-07-17 21:30:00+00:00,0.0
5392,2013-07-17 22:00:00+00:00,0.0
5392,2013-07-17 22:30:00+00:00,0.0
5392,2013-07-17 23:00:00+00:00,0.0
5392,2013-07-17 23:30:00+00:00,0.0
5392,2013-07-18 00:00:00+00:00,0.0
5392,2013-07-18 00:30:00+00:00,0.0
5392,2013-07-18 01:00:00+00:00,0.0
5392,2013-07-18 01:30:00+00:00,0.0
5392,2013-07-18 02:00:00+00:00,0.0
5392,2013-07-18 02:30:00+00:00,0.0
5392,2013-07-18 03:00:00+00:00,0.0
5392,2013-07-18 03:30:00+00:00,0.0
5392,2013-07-18 04:00:00+00:00,0.0
5392,2013-07-18 04:30:00+00:00,0.04
5392,2013-07-18 05:00:00+00:00,3.69
5392,2013-07-18 05:30:00+00:00,44.88
5392,2013-07-18 06:00:00+00:00,77.74
5392,2013-07-18 06:30:00+00:00,128.48
5392,2013-07-18 07:00:00+00:00,203.84
5392,2013-07-18 07:30:00+00:00,338.53
5392,2013-07-18 08:00:00+00:00,511.25
5392,2013-07-18 08:30:00+00:00,672.0
5392,2013-07-18 09:00:00+00:00,811.05
5392,2013-07-18 09:30:00+00:00,938.7
5392,2013-07-18 10:00:00+00:00,1027.55
5392,2013-07-18 10:30:00+00:00,1100.2
5392,2013-07-18 11:00:00+00:00,1148.6
5392,2013-07-18 11:30:00+00:00,1199.45
5392,2013-07-18 12:00:00+00:00,1232.25
5392,2013-07-18 12:30:00+00:00,1179.2
5392,2013-07-18 13:00:00+00:00,1222.0
5392,2013-07-18 13:30:00+00:00,1192.15
5392,2013-07-18 14:00:00+00:00,1161.1
5392,2013-07-18 14:30:00+00:00,1101.25
5392,2013-07-18 15:00:00+00:00,1017.5
5392,2013-07-18 15:30:00+00:00,910.55
5392,2013-07-18 16:00:00+00:00,780.9
5392,2013-07-18 16:30:00+00:00,627.55
5392,2013-07-18 17:00:00+00:00,463.71
5392,2013-07-18 17:30:00+00:00,295.25
5392,2013-07-18 18:00:00+00:00,149.33
5392,2013-07-18 18:30:00+00:00,62.94
5392,2013-07-18 19:00:00+00:00,39.21
5392,2013-07-18 19:30:00+00:00,7.77
5392,2013-07-18 20:00:00+00:00,0.45
5392,2013-07-18 20:30:00+00:00,0.0
5392,2013-07-18 21:00:00+00:00,0.0
5392,2013-07-18 21:30:00+00:00,0.0
5392,2013-07-18 22:00:00+00:00,0.0
5392,2013-07-18 22:30:00+00:00,0.0
5392,2013-07-18 23:00:00+00:00,0.0
5392,2013-07-18 23:30:00+00:00,0.0
5392,2013-07-19 00:00:00+00:00,0.0
5392,2013-07-19 00:30:00+00:00,0.0
5392,2013-07-19 01:00:00+00:00,0.0
5392,2013-07-19 01:30:00+00:00,0.0
5392,2013-07-19 02:00:00+00:00,0.0
5392,2013-07-19 02:30:00+00:00,0.0
5392,2013-07-19 03:00:00+00:00,0.0
5392,2013-07-19 03:30:00+00:00,0.0
5392,2013-07-19 04:00:00+00:00,0.0
5392,2013-07-19 04:30:00+00:00,0.07
5392,2013-07-19 05:00:00+00:00,3.42
5392,2013-07-19 05:30:00+00:00,30.75
5392,2013-07-19 06:00:00+00:00,49.88
5392,2013-07-19 06:30:00+00:00,77.85
5392,2013-07-19 07:00:00+00:00,179.82
5392,2013-07-19 07:30:00+00:00,338.03
5392,2013-07-19 08:00:00+00:00,522.85
5392,2013-07-19 08:30:00+00:00,682.9
5392,2013-07-19 09:00:00+00:00,836.9
5392,2013-07-19 09:30:00+00:00,955.95
5392,2013-07-19 10:00:00+00:00,1060.45
5392,2013-07-19 10:30:00+00:00,1149.15
5392,2013-07-19 11:00:00+00:00,1208.05
5392,2013-07-19 11:30:00+00:00,1251.6
5392,2013-07-19 12:00:00+00:00,1262.4
5392,2013-07-19 12:30:00+00:00,1262.3
5392,2013-07-19 13:00:00+00:00,1264.45
5392,2013-07-19 13:30:00+00:00,1215.5
5392,2013-07-19 14:00:00+00:00,1181.3
5392,2013-07-19 14:30:00+00:00,1116.1
5392,2013-07-19 15:00:00+00:00,1030.5
5392,2013-07-19 15:30:00+00:00,922.6
5392,2013-07-19 16:00:00+00:00,792.3
5392,2013-07-19 16:30:00+00:00,637.35
5392,2013-07-19 17:00:00+00:00,469.9
5392,2013-07-19 17:30:00+00:00,295.02
5392,2013-07-19 18:00:00+00:00,140.02
5392,2013-07-19 18:30:00+00:00,51.88
5392,2013-07-19 19:00:00+00:00,25.36
5392,2013-07-19 19:30:00+00:00,3.36
5392,2013-07-19 20:00:00+00:00,0.2
5392,2013-07-19 20:30:00+00:00,0.0
5392,2013-07-19 21:00:00+00:00,0.0
5392,2013-07-19 21:30:00+00:00,0.0
5392,2013-07-19 22:00:00+00:00,0.0
5392,2013-07-19 22:30:00+00:00,0.0
5392,2013-07-19 23:00:00+00:00,0.0
5392,2013-07-19 23:30:00+00:00,0.0
5392,2013-07-20 00:00:00+00:00,0.0
5392,2013-07-20 00:30:00+00:00,0.0
5392,2013-07-20 01:00:00+00:00,0.0
5392,2013-07-20 01:30:00+00:00,0.0
5392,2013-07-20 02:00:00+00:00,0.0
5392,2013-07-20 02:30:00+00:00,0.0
5392,2013-07-20 03:00:00+00:00,0.0
5392,2013-07-20 03:30:00+00:00,0.0
5392,2013-07-20 04:00:00+00:00,0.0
5392,2013-07-20 04:30:00+00:00,0.0
5392,2013-07-20 05:00:00+00:00,1.88
5392,2013-07-20 05:30:00+00:00,62.89
5392,2013-07-20 06:00:00+00:00,79.56
5392,2013-07-20 06:30:00+00:00,107.61
5392,2013-07-20 07:00:00+00:00,118.45
5392,2013-07-20 07:30:00+00:00,187.98
5392,2013-07-20 08:00:00+00:00,192.98
5392,2013-07-20 08:30:00+00:00,152.02
5392,2013-07-20 09:00:00+00:00,154.74
5392,2013-07-20 09:30:00+00:00,142.49
5392,2013-07-20 10:00:00+00:00,173.41
5392,2013-07-20 10:30:00+00:00,281.63
5392,2013-07-20 11:00:00+00:00,280.56
5392,2013-07-20 11:30:00+00:00,389.12
5392,2013-07-20 12:00:00+00:00,654.4
5392,2013-07-20 12:30:00+00:00,916.9
5392,2013-07-20 13:00:00+00:00,378.31
5392,2013-07-20 13:30:00+00:00,539.4
5392,2013-07-20 14:00:00+00:00,449.61
5392,2013-07-20 14:30:00+00:00,397.67
5392,2013-07-20 15:00:00+00:00,509.15
5392,2013-07-20 15:30:00+00:00,492.97
5392,2013-07-20 16:00:00+00:00,315.48
5392,2013-07-20 16:30:00+00:00,224.06
5392,2013-07-20 17:00:00+00:00,172.09
5392,2013-07-20 17:30:00+00:00,132.52
5392,2013-07-20 18:00:00+00:00,56.04
5392,2013-07-20 18:30:00+00:00,52.85
5392,2013-07-20 19:00:00+00:00,17.56
5392,2013-07-20 19:30:00+00:00,0.72
5392,2013-07-20 20:00:00+00:00,0.0
5392,2013-07-20 20:30:00+00:00,0.0
5392,2013-07-20 21:00:00+00:00,0.0
5392,2013-07-20 21:30:00+00:00,0.0
5392,2013-07-20 22:00:00+00:00,0.0
5392,2013-07-20 22:30:00+00:00,0.0
5392,2013-07-20 23:00:00+00:00,0.0
5392,2013-07-20 23:30:00+00:00,0.0
5392,2013-07-21 00:00:00+00:00,0.0
5392,2013-07-21 00:30:00+00:00,0.0
5392,2013-07-21 01:00:00+00:00,0.0
5392,2013-07-21 01:30:00+00:00,0.0
5392,2013-07-21 02:00:00+00:00,0.0
5392,2013-07-21 02:30:00+00:00,0.0
5392,2013-07-21 03:00:00+00:00,0.0
5392,2013-07-21 03:30:00+00:00,0.0
5392,2013-07-21 04:00:00+00:00,0.0
5392,2013-07-21 04:30:00+00:00,0.0
5392,2013-07-21 05:00:00+00:00,0.0
5392,2013-07-21 05:30:00+00:00,0.26
5392,2013-07-21 06:00:00+00:00,6.18
5392,2013-07-21 06:30:00+00:00,53.9
5392,2013-07-21 07:00:00+00:00,89.63
5392,2013-07-21 07:30:00+00:00,100.65
5392,2013-07-21 08:00:00+00:00,145.5
5392,2013-07-21 08:30:00+00:00,169.39
5392,2013-07-21 09:00:00+00:00,284.41
5392,2013-07-21 09:30:00+00:00,386.66
5392,2013-07-21 10:00:00+00:00,454.89
5392,2013-07-21 10:30:00+00:00,462.38
5392,2013-07-21 11:00:00+00:00,484.53
5392,2013-07-21 11:30:00+00:00,742.85
5392,2013-07-21 12:00:00+00:00,710.25
5392,2013-07-21 12:30:00+00:00,1098.65
5392,2013-07-21 13:00:00+00:00,1150.5
5392,2013-07-21 13:30:00+00:00,968.35
5392,2013-07-21 14:00:00+00:00,1113.15
5392,2013-07-21 14:30:00+00:00,996.25
5392,2013-07-21 15:00:00+00:00,981.75
5392,2013-07-21 15:30:00+00:00,870.8
5392,2013-07-21 16:00:00+00:00,748.75
5392,2013-07-21 16:30:00+00:00,590.35
5392,2013-07-21 17:00:00+00:00,434.01
5392,2013-07-21 17:30:00+00:00,281.01
5392,2013-07-21 18:00:00+00:00,156.32
5392,2013-07-21 18:30:00+00:00,79.16
5392,2013-07-21 19:00:00+00:00,48.18
5392,2013-07-21 19:30:00+00:00,10.03
5392,2013-07-21 20:00:00+00:00,0.11
5392,2013-07-21 20:30:00+00:00,0.0
5392,2013-07-21 21:00:00+00:00,0.0
5392,2013-07-21 21:30:00+00:00,0.0
5392,2013-07-21 22:00:00+00:00,0.0
5392,2013-07-21 22:30:00+00:00,0.0
5392,2013-07-21 23:00:00+00:00,0.0
5392,2013-07-21 23:30:00+00:00,0.0
5392,2013-07-22 00:00:00+00:00,0.0
5392,2013-07-22 00:30:00+00:00,0.0
5392,2013-07-22 01:00:00+00:00,0.0
5392,2013-07-22 01:30:00+00:00,0.0
5392,2013-07-22 02:00:00+00:00,0.0
5392,2013-07-22 02:30:00+00:00,0.0
5392,2013-07-22 03:00:00+00:00,0.0
5392,2013-07-22 03:30:00+00:00,0.0
5392,2013-07-22 04:00:00+00:00,0.0
5392,2013-07-22 04:30:00+00:00,0.0
5392,2013-07-22 05:00:00+00:00,8.02
5392,2013-07-22 05:30:00+00:00,50.81
5392,2013-07-22 06:00:00+00:00,101.87
5392,2013-07-22 06:30:00+00:00,128.56
5392,2013-07-22 07:00:00+00:00,179.86
5392,2013-07-22 07:30:00+00:00,277.75
5392,2013-07-22 08:00:00+00:00,423.86
5392,2013-07-22 08:30:00+00:00,532.15
5392,2013-07-22 09:00:00+00:00,678.9
5392,2013-07-22 09:30:00+00:00,710.35
5392,2013-07-22 10:00:00+00:00,866.45
5392,2013-07-22 10:30:00+00:00,975.0
5392,2013-07-22 11:00:00+00:00,1135.65
5392,2013-07-22 11:30:00+00:00,1145.75
5392,2013-07-22 12:00:00+00:00,1131.75
5392,2013-07-22 12:30:00+00:00,1141.85
5392,2013-07-22 13:00:00+00:00,1128.4
5392,2013-07-22 13:30:00+00:00,1113.25
5392,2013-07-22 14:00:00+00:00,1023.85
5392,2013-07-22 14:30:00+00:00,1027.45
5392,2013-07-22 15:00:00+00:00,925.65
5392,2013-07-22 15:30:00+00:00,807.7
5392,2013-07-22 16:00:00+00:00,709.35
5392,2013-07-22 16:30:00+00:00,532.0
5392,2013-07-22 17:00:00+00:00,458.36
5392,2013-07-22 17:30:00+00:00,294.24
5392,2013-07-22 18:00:00+00:00,151.14
5392,2013-07-22 18:30:00+00:00,88.93
5392,2013-07-22 19:00:00+00:00,36.24
5392,2013-07-22 19:30:00+00:00,4.77
5392,2013-07-22 20:00:00+00:00,0.05
5392,2013-07-22 20:30:00+00:00,0.0
5392,2013-07-22 21:00:00+00:00,0.0
5392,2013-07-22 21:30:00+00:00,0.0
5392,2013-07-22 22:00:00+00:00,0.0
5392,2013-07-22 22:30:00+00:00,0.0
5392,2013-07-22 23:00:00+00:00,0.0
5392,2013-07-22 23:30:00+00:00,0.0
5392,2013-07-23 00:00:00+00:00,0.0
5392,2013-07-23 00:30:00+00:00,0.0
5392,2013-07-23 01:00:00+00:00,0.0
5392,2013-07-23 01:30:00+00:00,0.0
5392,2013-07-23 02:00:00+00:00,0.0
5392,2013-07-23 02:30:00+00:00,0.0
5392,2013-07-23 03:00:00+00:00,0.0
5392,2013-07-23 03:30:00+00:00,0.0
5392,2013-07-23 04:00:00+00:00,0.0
5392,2013-07-23 04:30:00+00:00,0.0
5392,2013-07-23 05:00:00+00:00,0.0
5392,2013-07-23 05:30:00+00:00,0.0
5392,2013-07-23 06:00:00+00:00,0.0
5392,2013-07-23 06:30:00+00:00,0.38
5392,2013-07-23 07:00:00+00:00,52.59
5392,2013-07-23 07:30:00+00:00,65.49
5392,2013-07-23 08:00:00+00:00,88.64
5392,2013-07-23 08:30:00+00:00,210.63
5392,2013-07-23 09:00:00+00:00,275.38
5392,2013-07-23 09:30:00+00:00,332.59
5392,2013-07-23 10:00:00+00:00,409.22
5392,2013-07-23 10:30:00+00:00,962.65
5392,2013-07-23 11:00:00+00:00,1047.15
5392,2013-07-23 11:30:00+00:00,350.08
5392,2013-07-23 12:00:00+00:00,310.91
5392,2013-07-23 12:30:00+00:00,735.3
5392,2013-07-23 13:00:00+00:00,830.05
5392,2013-07-23 13:30:00+00:00,804.55
5392,2013-07-23 14:00:00+00:00,1130.55
5392,2013-07-23 14:30:00+00:00,1096.05
5392,2013-07-23 15:00:00+00:00,643.0
5392,2013-07-23 15:30:00+00:00,370.1
5392,2013-07-23 16:00:00+00:00,389.33
5392,2013-07-23 16:30:00+00:00,259.28
5392,2013-07-23 17:00:00+00:00,149.85
5392,2013-07-23 17:30:00+00:00,124.51
5392,2013-07-23 18:00:00+00:00,66.91
5392,2013-07-23 18:30:00+00:00,48.78
5392,2013-07-23 19:00:00+00:00,4.21
5392,2013-07-23 19:30:00+00:00,1.3
5392,2013-07-23 20:00:00+00:00,0.06
5392,2013-07-23 20:30:00+00:00,0.0
5392,2013-07-23 21:00:00+00:00,0.0
5392,2013-07-23 21:30:00+00:00,0.0
5392,2013-07-23 22:00:00+00:00,0.0
5392,2013-07-23 22:30:00+00:00,0.0
5392,2013-07-23 23:00:00+00:00,0.0
5392,2013-07-23 23:30:00+00:00,0.0
5392,2013-07-24 00:00:00+00:00,0.0
5392,2013-07-24 00:30:00+00:00,0.0
5392,2013-07-24 01:00:00+00:00,0.0
5392,2013-07-24 01:30:00+00:00,0.0
5392,2013-07-24 02:00:00+00:00,0.0
5392,2013-07-24 02:30:00+00:00,0.0
5392,2013-07-24 03:00:00+00:00,0.0
5392,2013-07-24 03:30:00+00:00,0.0
5392,2013-07-24 04:00:00+00:00,0.0
5392,2013-07-24 04:30:00+00:00,0.0
5392,2013-07-24 05:00:00+00:00,10.52
5392,2013-07-24 05:30:00+00:00,63.49
5392,2013-07-24 06:00:00+00:00,150.41
5392,2013-07-24 06:30:00+00:00,92.27
5392,2013-07-24 07:00:00+00:00,203.84
5392,2013-07-24 07:30:00+00:00,212.63
5392,2013-07-24 08:00:00+00:00,392.15
5392,2013-07-24 08:30:00+00:00,423.32
5392,2013-07-24 09:00:00+00:00,422.95
5392,2013-07-24 09:30:00+00:00,438.82
5392,2013-07-24 10:00:00+00:00,475.27
5392,2013-07-24 10:30:00+00:00,512.05
5392,2013-07-24 11:00:00+00:00,1153.55
5392,2013-07-24 11:30:00+00:00,1308.7
5392,2013-07-24 12:00:00+00:00,1222.1
5392,2013-07-24 12:30:00+00:00,1276.3
5392,2013-07-24 13:00:00+00:00,1265.3
5392,2013-07-24 13:30:00+00:00,1233.55
5392,2013-07-24 14:00:00+00:00,1179.7
5392,2013-07-24 14:30:00+00:00,1100.15
5392,2013-07-24 15:00:00+00:00,843.8
5392,2013-07-24 15:30:00+00:00,507.8
5392,2013-07-24 16:00:00+00:00,710.8
5392,2013-07-24 16:30:00+00:00,475.99
5392,2013-07-24 17:00:00+00:00,297.54
5392,2013-07-24 17:30:00+00:00,282.26
5392,2013-07-24 18:00:00+00:00,139.86
5392,2013-07-24 18:30:00+00:00,55.93
5392,2013-07-24 19:00:00+00:00,28.98
5392,2013-07-24 19:30:00+00:00,2.55
5392,2013-07-24 20:00:00+00:00,0.0
5392,2013-07-24 20:30:00+00:00,0.0
5392,2013-07-24 21:00:00+00:00,0.0
5392,2013-07-24 21:30:00+00:00,0.0
5392,2013-07-24 22:00:00+00:00,0.0
5392,2013-07-24 22:30:00+00:00,0.0
5392,2013-07-24 23:00:00+00:00,0.0
5392,2013-07-24 23:30:00+00:00,0.0
5392,2013-07-25 00:00:00+00:00,0.0
5392,2013-07-25 00:30:00+00:00,0.0
5392,2013-07-25 01:00:00+00:00,0.0
5392,2013-07-25 01:30:00+00:00,0.0
5392,2013-07-25 02:00:00+00:00,0.0
5392,2013-07-25 02:30:00+00:00,0.0
5392,2013-07-25 03:00:00+00:00,0.0
5392,2013-07-25 03:30:00+00:00,0.0
5392,2013-07-25 04:00:00+00:00,0.0
5392,2013-07-25 04:30:00+00:00,0.0
5392,2013-07-25 05:00:00+00:00,0.0
5392,2013-07-25 05:30:00+00:00,0.75
5392,2013-07-25 06:00:00+00:00,28.77
5392,2013-07-25 06:30:00+00:00,112.92
5392,2013-07-25 07:00:00+00:00,138.99
5392,2013-07-25 07:30:00+00:00,168.57
5392,2013-07-25 08:00:00+00:00,563.0
5392,2013-07-25 08:30:00+00:00,759.75
5392,2013-07-25 09:00:00+00:00,464.25
5392,2013-07-25 09:30:00+00:00,356.69
5392,2013-07-25 10:00:00+00:00,1033.3
5392,2013-07-25 10:30:00+00:00,648.85
5392,2013-07-25 11:00:00+00:00,336.53
5392,2013-07-25 11:30:00+00:00,316.3
5392,2013-07-25 12:00:00+00:00,757.5
5392,2013-07-25 12:30:00+00:00,651.55
5392,2013-07-25 13:00:00+00:00,406.5
5392,2013-07-25 13:30:00+00:00,947.5
5392,2013-07-25 14:00:00+00:00,901.85
5392,2013-07-25 14:30:00+00:00,734.5
5392,2013-07-25 15:00:00+00:00,719.55
5392,2013-07-25 15:30:00+00:00,490.77
5392,2013-07-25 16:00:00+00:00,430.03
5392,2013-07-25 16:30:00+00:00,618.05
5392,2013-07-25 17:00:00+00:00,493.97
5392,2013-07-25 17:30:00+00:00,312.27
5392,2013-07-25 18:00:00+00:00,149.23
5392,2013-07-25 18:30:00+00:00,59.61
5392,2013-07-25 19:00:00+00:00,39.27
5392,2013-07-25 19:30:00+00:00,4.75
5392,2013-07-25 20:00:00+00:00,0.0
5392,2013-07-25 20:30:00+00:00,0.0
5392,2013-07-25 21:00:00+00:00,0.0
5392,2013-07-25 21:30:00+00:00,0.0
5392,2013-07-25 22:00:00+00:00,0.0
5392,2013-07-25 22:30:00+00:00,0.0
5392,2013-07-25 23:00:00+00:00,0.0
5392,2013-07-25 23:30:00+00:00,0.0
5392,2013-07-26 00:00:00+00:00,0.0
5392,2013-07-26 00:30:00+00:00,0.0
5392,2013-07-26 01:00:00+00:00,0.0
5392,2013-07-26 01:30:00+00:00,0.0
5392,2013-07-26 02:00:00+00:00,0.0
5392,2013-07-26 02:30:00+00:00,0.0
5392,2013-07-26 03:00:00+00:00,0.0
5392,2013-07-26 03:30:00+00:00,0.0
5392,2013-07-26 04:00:00+00:00,0.0
5392,2013-07-26 04:30:00+00:00,0.0
5392,2013-07-26 05:00:00+00:00,0.2
5392,2013-07-26 05:30:00+00:00,5.05
5392,2013-07-26 06:00:00+00:00,63.7
5392,2013-07-26 06:30:00+00:00,110.52
5392,2013-07-26 07:00:00+00:00,116.85
5392,2013-07-26 07:30:00+00:00,168.75
5392,2013-07-26 08:00:00+00:00,403.08
5392,2013-07-26 08:30:00+00:00,242.14
5392,2013-07-26 09:00:00+00:00,474.95
5392,2013-07-26 09:30:00+00:00,329.49
5392,2013-07-26 10:00:00+00:00,597.9
5392,2013-07-26 10:30:00+00:00,662.95
5392,2013-07-26 11:00:00+00:00,734.5
5392,2013-07-26 11:30:00+00:00,706.9
5392,2013-07-26 12:00:00+00:00,836.5
5392,2013-07-26 12:30:00+00:00,516.9
5392,2013-07-26 13:00:00+00:00,1311.25
5392,2013-07-26 13:30:00+00:00,1181.8
5392,2013-07-26 14:00:00+00:00,1174.5
5392,2013-07-26 14:30:00+00:00,936.05
5392,2013-07-26 15:00:00+00:00,977.75
5392,2013-07-26 15:30:00+00:00,818.05
5392,2013-07-26 16:00:00+00:00,698.05
5392,2013-07-26 16:30:00+00:00,612.9
5392,2013-07-26 17:00:00+00:00,447.99
5392,2013-07-26 17:30:00+00:00,307.55
5392,2013-07-26 18:00:00+00:00,188.67
5392,2013-07-26 18:30:00+00:00,85.71
5392,2013-07-26 19:00:00+00:00,41.81
5392,2013-07-26 19:30:00+00:00,2.8
5392,2013-07-26 20:00:00+00:00,0.25
5392,2013-07-26 20:30:00+00:00,0.0
5392,2013-07-26 21:00:00+00:00,0.0
5392,2013-07-26 21:30:00+00:00,0.0
5392,2013-07-26 22:00:00+00:00,0.0
5392,2013-07-26 22:30:00+00:00,0.0
5392,2013-07-26 23:00:00+00:00,0.0
5392,2013-07-26 23:30:00+00:00,0.0
5392,2013-07-27 00:00:00+00:00,0.0
5392,2013-07-27 00:30:00+00:00,0.0
5392,2013-07-27 01:00:00+00:00,0.0
5392,2013-07-27 01:30:00+00:00,0.0
5392,2013-07-27 02:00:00+00:00,0.0
5392,2013-07-27 02:30:00+00:00,0.0
5392,2013-07-27 03:00:00+00:00,0.0
5392,2013-07-27 03:30:00+00:00,0.0
5392,2013-07-27 04:00:00+00:00,0.0
5392,2013-07-27 04:30:00+00:00,0.0
5392,2013-07-27 05:00:00+00:00,0.21
5392,2013-07-27 05:30:00+00:00,18.69
5392,2013-07-27 06:00:00+00:00,67.05
5392,2013-07-27 06:30:00+00:00,102.61
5392,2013-07-27 07:00:00+00:00,128.76
5392,2013-07-27 07:30:00+00:00,179.99
5392,2013-07-27 08:00:00+00:00,205.11
5392,2013-07-27 08:30:00+00:00,294.64
5392,2013-07-27 09:00:00+00:00,218.82
5392,2013-07-27 09:30:00+00:00,680.25
5392,2013-07-27 10:00:00+00:00,652.45
5392,2013-07-27 10:30:00+00:00,883.9
5392,2013-07-27 11:00:00+00:00,983.55
5392,2013-07-27 11:30:00+00:00,873.85
5392,2013-07-27 12:00:00+00:00,1161.5
5392,2013-07-27 12:30:00+00:00,1066.1
5392,2013-07-27 13:00:00+00:00,1189.1
5392,2013-07-27 13:30:00+00:00,1212.95
5392,2013-07-27 14:00:00+00:00,1007.75
5392,2013-07-27 14:30:00+00:00,727.9
5392,2013-07-27 15:00:00+00:00,350.86
5392,2013-07-27 15:30:00+00:00,502.35
5392,2013-07-27 16:00:00+00:00,580.8
5392,2013-07-27 16:30:00+00:00,333.51
5392,2013-07-27 17:00:00+00:00,218.47
5392,2013-07-27 17:30:00+00:00,103.01
5392,2013-07-27 18:00:00+00:00,40.62
5392,2013-07-27 18:30:00+00:00,2.81
5392,2013-07-27 19:00:00+00:00,0.0
5392,2013-07-27 19:30:00+00:00,0.0
5392,2013-07-27 20:00:00+00:00,0.0
5392,2013-07-27 20:30:00+00:00,0.0
5392,2013-07-27 21:00:00+00:00,0.0
5392,2013-07-27 21:30:00+00:00,0.0
5392,2013-07-27 22:00:00+00:00,0.0
5392,2013-07-27 22:30:00+00:00,0.0
5392,2013-07-27 23:00:00+00:00,0.0
5392,2013-07-27 23:30:00+00:00,0.0
5392,2013-07-28 00:00:00+00:00,0.0
5392,2013-07-28 00:30:00+00:00,0.0
5392,2013-07-28 01:00:00+00:00,0.0
5392,2013-07-28 01:30:00+00:00,0.0
5392,2013-07-28 02:00:00+00:00,0.0
5392,2013-07-28 02:30:00+00:00,0.0
5392,2013-07-28 03:00:00+00:00,0.0
5392,2013-07-28 03:30:00+00:00,0.0
5392,2013-07-28 04:00:00+00:00,0.0
5392,2013-07-28 04:30:00+00:00,0.0
5392,2013-07-28 05:00:00+00:00,1.32
5392,2013-07-28 05:30:00+00:00,23.7
5392,2013-07-28 06:00:00+00:00,61.24
5392,2013-07-28 06:30:00+00:00,112.04
5392,2013-07-28 07:00:00+00:00,191.79
5392,2013-07-28 07:30:00+00:00,258.75
5392,2013-07-28 08:00:00+00:00,358.52
5392,2013-07-28 08:30:00+00:00,543.0
5392,2013-07-28 09:00:00+00:00,755.7
5392,2013-07-28 09:30:00+00:00,892.55
5392,2013-07-28 10:00:00+00:00,803.1
5392,2013-07-28 10:30:00+00:00,1249.5
5392,2013-07-28 11:00:00+00:00,1178.3
5392,2013-07-28 11:30:00+00:00,739.05
5392,2013-07-28 12:00:00+00:00,1088.65
5392,2013-07-28 12:30:00+00:00,1150.3
5392,2013-07-28 13:00:00+00:00,1061.7
5392,2013-07-28 13:30:00+00:00,1039.0
5392,2013-07-28 14:00:00+00:00,1046.35
5392,2013-07-28 14:30:00+00:00,1183.15
5392,2013-07-28 15:00:00+00:00,1055.75
5392,2013-07-28 15:30:00+00:00,799.65
5392,2013-07-28 16:00:00+00:00,474.81
5392,2013-07-28 16:30:00+00:00,575.65
5392,2013-07-28 17:00:00+00:00,436.3
5392,2013-07-28 17:30:00+00:00,271.85
5392,2013-07-28 18:00:00+00:00,110.74
5392,2013-07-28 18:30:00+00:00,50.07
5392,2013-07-28 19:00:00+00:00,12.73
5392,2013-07-28 19:30:00+00:00,1.68
5392,2013-07-28 20:00:00+00:00,0.0
5392,2013-07-28 20:30:00+00:00,0.0
5392,2013-07-28 21:00:00+00:00,0.0
5392,2013-07-28 21:30:00+00:00,0.0
5392,2013-07-28 22:00:00+00:00,0.0
5392,2013-07-28 22:30:00+00:00,0.0
5392,2013-07-28 23:00:00+00:00,0.0
5392,2013-07-28 23:30:00+00:00,0.0
5392,2013-07-29 00:00:00+00:00,0.0
5392,2013-07-29 00:30:00+00:00,0.0
5392,2013-07-29 01:00:00+00:00,0.0
5392,2013-07-29 01:30:00+00:00,0.0
5392,2013-07-29 02:00:00+00:00,0.0
5392,2013-07-29 02:30:00+00:00,0.0
5392,2013-07-29 03:00:00+00:00,0.0
5392,2013-07-29 03:30:00+00:00,0.0
5392,2013-07-29 04:00:00+00:00,0.0
5392,2013-07-29 04:30:00+00:00,0.0
5392,2013-07-29 05:00:00+00:00,0.05
5392,2013-07-29 05:30:00+00:00,3.64
5392,2013-07-29 06:00:00+00:00,24.69
5392,2013-07-29 06:30:00+00:00,94.07
5392,2013-07-29 07:00:00+00:00,181.92
5392,2013-07-29 07:30:00+00:00,260.99
5392,2013-07-29 08:00:00+00:00,330.17
5392,2013-07-29 08:30:00+00:00,513.5
5392,2013-07-29 09:00:00+00:00,425.17
5392,2013-07-29 09:30:00+00:00,448.69
5392,2013-07-29 10:00:00+00:00,848.05
5392,2013-07-29 10:30:00+00:00,707.8
5392,2013-07-29 11:00:00+00:00,747.3
5392,2013-07-29 11:30:00+00:00,832.8
5392,2013-07-29 12:00:00+00:00,828.2
5392,2013-07-29 12:30:00+00:00,914.6
5392,2013-07-29 13:00:00+00:00,1201.3
5392,2013-07-29 13:30:00+00:00,939.65
5392,2013-07-29 14:00:00+00:00,741.75
5392,2013-07-29 14:30:00+00:00,1000.25
5392,2013-07-29 15:00:00+00:00,879.85
5392,2013-07-29 15:30:00+00:00,797.0
5392,2013-07-29 16:00:00+00:00,812.7
5392,2013-07-29 16:30:00+00:00,648.85
5392,2013-07-29 17:00:00+00:00,496.64
5392,2013-07-29 17:30:00+00:00,307.14
5392,2013-07-29 18:00:00+00:00,139.87
5392,2013-07-29 18:30:00+00:00,28.78
5392,2013-07-29 19:00:00+00:00,1.6
5392,2013-07-29 19:30:00+00:00,0.24
5392,2013-07-29 20:00:00+00:00,0.0
5392,2013-07-29 20:30:00+00:00,0.0
5392,2013-07-29 21:00:00+00:00,0.0
5392,2013-07-29 21:30:00+00:00,0.0
5392,2013-07-29 22:00:00+00:00,0.0
5392,2013-07-29 22:30:00+00:00,0.0
5392,2013-07-29 23:00:00+00:00,0.0
5392,2013-07-29 23:30:00+00:00,0.0
5392,2013-07-30 00:00:00+00:00,0.0
5392,2013-07-30 00:30:00+00:00,0.0
5392,2013-07-30 01:00:00+00:00,0.0
5392,2013-07-30 01:30:00+00:00,0.0
5392,2013-07-30 02:00:00+00:00,0.0
5392,2013-07-30 02:30:00+00:00,0.0
5392,2013-07-30 03:00:00+00:00,0.0
5392,2013-07-30 03:30:00+00:00,0.0
5392,2013-07-30 04:00:00+00:00,0.0
5392,2013-07-30 04:30:00+00:00,0.0
5392,2013-07-30 05:00:00+00:00,1.15
5392,2013-07-30 05:30:00+00:00,25.63
5392,2013-07-30 06:00:00+00:00,45.92
5392,2013-07-30 06:30:00+00:00,113.71
5392,2013-07-30 07:00:00+00:00,112.51
5392,2013-07-30 07:30:00+00:00,83.35
5392,2013-07-30 08:00:00+00:00,70.94
5392,2013-07-30 08:30:00+00:00,83.2
5392,2013-07-30 09:00:00+00:00,80.74
5392,2013-07-30 09:30:00+00:00,74.55
5392,2013-07-30 10:00:00+00:00,134.7
5392,2013-07-30 10:30:00+00:00,245.39
5392,2013-07-30 11:00:00+00:00,239.96
5392,2013-07-30 11:30:00+00:00,178.69
5392,2013-07-30 12:00:00+00:00,176.82
5392,2013-07-30 12:30:00+00:00,174.88
5392,2013-07-30 13:00:00+00:00,151.21
5392,2013-07-30 13:30:00+00:00,157.44
5392,2013-07-30 14:00:00+00:00,183.38
5392,2013-07-30 14:30:00+00:00,227.86
5392,2013-07-30 15:00:00+00:00,117.48
5392,2013-07-30 15:30:00+00:00,321.1
5392,2013-07-30 16:00:00+00:00,585.3
5392,2013-07-30 16:30:00+00:00,495.08
5392,2013-07-30 17:00:00+00:00,359.27
5392,2013-07-30 17:30:00+00:00,131.43
5392,2013-07-30 18:00:00+00:00,114.02
5392,2013-07-30 18:30:00+00:00,74.28
5392,2013-07-30 19:00:00+00:00,41.97
5392,2013-07-30 19:30:00+00:00,2.52
5392,2013-07-30 20:00:00+00:00,0.0
5392,2013-07-30 20:30:00+00:00,0.0
5392,2013-07-30 21:00:00+00:00,0.0
5392,2013-07-30 21:30:00+00:00,0.0
5392,2013-07-30 22:00:00+00:00,0.0
5392,2013-07-30 22:30:00+00:00,0.0
5392,2013-07-30 23:00:00+00:00,0.0
5392,2013-07-30 23:30:00+00:00,0.0
5392,2013-07-31 00:00:00+00:00,0.0
5392,2013-07-31 00:30:00+00:00,0.0
5392,2013-07-31 01:00:00+00:00,0.0
5392,2013-07-31 01:30:00+00:00,0.0
5392,2013-07-31 02:00:00+00:00,0.0
5392,2013-07-31 02:30:00+00:00,0.0
5392,2013-07-31 03:00:00+00:00,0.0
5392,2013-07-31 03:30:00+00:00,0.0
5392,2013-07-31 04:00:00+00:00,0.0
5392,2013-07-31 04:30:00+00:00,0.0
5392,2013-07-31 05:00:00+00:00,0.66
5392,2013-07-31 05:30:00+00:00,23.38
5392,2013-07-31 06:00:00+00:00,56.34
5392,2013-07-31 06:30:00+00:00,122.42
5392,2013-07-31 07:00:00+00:00,201.93
5392,2013-07-31 07:30:00+00:00,277.91
5392,2013-07-31 08:00:00+00:00,301.3
5392,2013-07-31 08:30:00+00:00,207.97
5392,2013-07-31 09:00:00+00:00,176.87
5392,2013-07-31 09:30:00+00:00,147.18
5392,2013-07-31 10:00:00+00:00,280.44
5392,2013-07-31 10:30:00+00:00,265.52
5392,2013-07-31 11:00:00+00:00,338.04
5392,2013-07-31 11:30:00+00:00,587.1
5392,2013-07-31 12:00:00+00:00,750.9
5392,2013-07-31 12:30:00+00:00,355.03
5392,2013-07-31 13:00:00+00:00,526.65
5392,2013-07-31 13:30:00+00:00,777.45
5392,2013-07-31 14:00:00+00:00,817.95
5392,2013-07-31 14:30:00+00:00,536.25
5392,2013-07-31 15:00:00+00:00,542.5
5392,2013-07-31 15:30:00+00:00,624.65
5392,2013-07-31 16:00:00+00:00,195.0
5392,2013-07-31 16:30:00+00:00,187.73
5392,2013-07-31 17:00:00+00:00,210.19
5392,2013-07-31 17:30:00+00:00,155.73
5392,2013-07-31 18:00:00+00:00,121.17
5392,2013-07-31 18:30:00+00:00,64.79
5392,2013-07-31 19:00:00+00:00,4.43
5392,2013-07-31 19:30:00+00:00,0.35
5392,2013-07-31 20:00:00+00:00,0.0
5392,2013-07-31 20:30:00+00:00,0.0
5392,2013-07-31 21:00:00+00:00,0.0
5392,2013-07-31 21:30:00+00:00,0.0
5392,2013-07-31 22:00:00+00:00,0.0
5392,2013-07-31 22:30:00+00:00,0.0
5392,2013-07-31 23:00:00+00:00,0.0
5392,2013-07-31 23:30:00+00:00,0.0
5392,2013-08-01 00:30:00+00:00,0.0
5392,2013-08-01 01:00:00+00:00,0.0
5392,2013-08-01 01:30:00+00:00,0.0
5392,2013-08-01 02:00:00+00:00,0.0
5392,2013-08-01 02:30:00+00:00,0.0
5392,2013-08-01 03:00:00+00:00,0.0
5392,2013-08-01 03:30:00+00:00,0.0
5392,2013-08-01 04:00:00+00:00,0.0
5392,2013-08-01 04:30:00+00:00,0.0
5392,2013-08-01 05:00:00+00:00,0.8
5392,2013-08-01 05:30:00+00:00,14.97
5392,2013-08-01 06:00:00+00:00,41.8
5392,2013-08-01 06:30:00+00:00,72.39
5392,2013-08-01 07:00:00+00:00,166.97
5392,2013-08-01 07:30:00+00:00,322.42
5392,2013-08-01 08:00:00+00:00,516.8
5392,2013-08-01 08:30:00+00:00,688.55
5392,2013-08-01 09:00:00+00:00,837.9
5392,2013-08-01 09:30:00+00:00,964.95
5392,2013-08-01 10:00:00+00:00,1065.15
5392,2013-08-01 10:30:00+00:00,1148.6
5392,2013-08-01 11:00:00+00:00,1201.9
5392,2013-08-01 11:30:00+00:00,1241.65
5392,2013-08-01 12:00:00+00:00,1269.2
5392,2013-08-01 12:30:00+00:00,1278.1
5392,2013-08-01 13:00:00+00:00,1256.05
5392,2013-08-01 13:30:00+00:00,1223.4
5392,2013-08-01 14:00:00+00:00,1166.65
5392,2013-08-01 14:30:00+00:00,1104.0
5392,2013-08-01 15:00:00+00:00,1007.75
5392,2013-08-01 15:30:00+00:00,897.1
5392,2013-08-01 16:00:00+00:00,755.35
5392,2013-08-01 16:30:00+00:00,590.85
5392,2013-08-01 17:00:00+00:00,308.34
5392,2013-08-01 17:30:00+00:00,290.65
5392,2013-08-01 18:00:00+00:00,116.41
5392,2013-08-01 18:30:00+00:00,25.45
5392,2013-08-01 19:00:00+00:00,31.41
5392,2013-08-01 19:30:00+00:00,6.23
5392,2013-08-01 20:00:00+00:00,0.0
5392,2013-08-01 20:30:00+00:00,0.0
5392,2013-08-01 21:00:00+00:00,0.0
5392,2013-08-01 21:30:00+00:00,0.0
5392,2013-08-01 22:00:00+00:00,0.0
5392,2013-08-01 22:30:00+00:00,0.0
5392,2013-08-01 23:00:00+00:00,0.0
5392,2013-08-01 23:30:00+00:00,0.0
5392,2013-08-02 00:00:00+00:00,0.0
5392,2013-08-02 00:30:00+00:00,0.0
5392,2013-08-02 01:00:00+00:00,0.0
5392,2013-08-02 01:30:00+00:00,0.0
5392,2013-08-02 02:00:00+00:00,0.0
5392,2013-08-02 02:30:00+00:00,0.0
5392,2013-08-02 03:00:00+00:00,0.0
5392,2013-08-02 03:30:00+00:00,0.0
5392,2013-08-02 04:00:00+00:00,0.0
5392,2013-08-02 04:30:00+00:00,0.0
5392,2013-08-02 05:00:00+00:00,0.76
5392,2013-08-02 05:30:00+00:00,18.26
5392,2013-08-02 06:00:00+00:00,74.72
5392,2013-08-02 06:30:00+00:00,106.17
5392,2013-08-02 07:00:00+00:00,121.3
5392,2013-08-02 07:30:00+00:00,234.48
5392,2013-08-02 08:00:00+00:00,309.17
5392,2013-08-02 08:30:00+00:00,153.39
5392,2013-08-02 09:00:00+00:00,42.64
5392,2013-08-02 09:30:00+00:00,483.49
5392,2013-08-02 10:00:00+00:00,516.55
5392,2013-08-02 10:30:00+00:00,343.25
5392,2013-08-02 11:00:00+00:00,215.77
5392,2013-08-02 11:30:00+00:00,468.42
5392,2013-08-02 12:00:00+00:00,384.27
5392,2013-08-02 12:30:00+00:00,473.29
5392,2013-08-02 13:00:00+00:00,332.77
5392,2013-08-02 13:30:00+00:00,459.02
5392,2013-08-02 14:00:00+00:00,490.59
5392,2013-08-02 14:30:00+00:00,368.78
5392,2013-08-02 15:00:00+00:00,999.25
5392,2013-08-02 15:30:00+00:00,726.5
5392,2013-08-02 16:00:00+00:00,774.55
5392,2013-08-02 16:30:00+00:00,585.7
5392,2013-08-02 17:00:00+00:00,433.58
5392,2013-08-02 17:30:00+00:00,277.1
5392,2013-08-02 18:00:00+00:00,119.88
5392,2013-08-02 18:30:00+00:00,45.82
5392,2013-08-02 19:00:00+00:00,19.46
5392,2013-08-02 19:30:00+00:00,0.97
5392,2013-08-02 20:00:00+00:00,0.0
5392,2013-08-02 20:30:00+00:00,0.0
5392,2013-08-02 21:00:00+00:00,0.0
5392,2013-08-02 21:30:00+00:00,0.0
5392,2013-08-02 22:00:00+00:00,0.0
5392,2013-08-02 22:30:00+00:00,0.0
5392,2013-08-02 23:00:00+00:00,0.0
5392,2013-08-02 23:30:00+00:00,0.0
5392,2013-08-03 00:00:00+00:00,0.0
5392,2013-08-03 00:30:00+00:00,0.0
5392,2013-08-03 01:00:00+00:00,0.0
5392,2013-08-03 01:30:00+00:00,0.0
5392,2013-08-03 02:00:00+00:00,0.0
5392,2013-08-03 02:30:00+00:00,0.0
5392,2013-08-03 03:00:00+00:00,0.0
5392,2013-08-03 03:30:00+00:00,0.0
5392,2013-08-03 04:00:00+00:00,0.0
5392,2013-08-03 04:30:00+00:00,0.0
5392,2013-08-03 05:00:00+00:00,0.65
5392,2013-08-03 05:30:00+00:00,9.52
5392,2013-08-03 06:00:00+00:00,43.57
5392,2013-08-03 06:30:00+00:00,71.69
5392,2013-08-03 07:00:00+00:00,178.89
5392,2013-08-03 07:30:00+00:00,302.39
5392,2013-08-03 08:00:00+00:00,491.87
5392,2013-08-03 08:30:00+00:00,435.88
5392,2013-08-03 09:00:00+00:00,681.95
5392,2013-08-03 09:30:00+00:00,957.85
5392,2013-08-03 10:00:00+00:00,901.05
5392,2013-08-03 10:30:00+00:00,1088.7
5392,2013-08-03 11:00:00+00:00,1106.15
5392,2013-08-03 11:30:00+00:00,1204.15
5392,2013-08-03 12:00:00+00:00,964.8
5392,2013-08-03 12:30:00+00:00,797.25
5392,2013-08-03 13:00:00+00:00,796.85
5392,2013-08-03 13:30:00+00:00,1023.4
5392,2013-08-03 14:00:00+00:00,981.35
5392,2013-08-03 14:30:00+00:00,929.7
5392,2013-08-03 15:00:00+00:00,814.95
5392,2013-08-03 15:30:00+00:00,891.05
5392,2013-08-03 16:00:00+00:00,830.1
5392,2013-08-03 16:30:00+00:00,603.9
5392,2013-08-03 17:00:00+00:00,430.69
5392,2013-08-03 17:30:00+00:00,239.57
5392,2013-08-03 18:00:00+00:00,134.92
5392,2013-08-03 18:30:00+00:00,54.82
5392,2013-08-03 19:00:00+00:00,17.71
5392,2013-08-03 19:30:00+00:00,1.38
5392,2013-08-03 20:00:00+00:00,0.0
5392,2013-08-03 20:30:00+00:00,0.0
5392,2013-08-03 21:00:00+00:00,0.0
5392,2013-08-03 21:30:00+00:00,0.0
5392,2013-08-03 22:00:00+00:00,0.0
5392,2013-08-03 22:30:00+00:00,0.0
5392,2013-08-03 23:00:00+00:00,0.0
5392,2013-08-03 23:30:00+00:00,0.0
5392,2013-08-04 00:00:00+00:00,0.0
5392,2013-08-04 00:30:00+00:00,0.0
5392,2013-08-04 01:00:00+00:00,0.0
5392,2013-08-04 01:30:00+00:00,0.0
5392,2013-08-04 02:00:00+00:00,0.0
5392,2013-08-04 02:30:00+00:00,0.0
5392,2013-08-04 03:00:00+00:00,0.0
5392,2013-08-04 03:30:00+00:00,0.0
5392,2013-08-04 04:00:00+00:00,0.0
5392,2013-08-04 04:30:00+00:00,0.0
5392,2013-08-04 05:00:00+00:00,11.09
5392,2013-08-04 05:30:00+00:00,56.82
5392,2013-08-04 06:00:00+00:00,68.8
5392,2013-08-04 06:30:00+00:00,110.82
5392,2013-08-04 07:00:00+00:00,280.71
5392,2013-08-04 07:30:00+00:00,431.91
5392,2013-08-04 08:00:00+00:00,646.9
5392,2013-08-04 08:30:00+00:00,831.4
5392,2013-08-04 09:00:00+00:00,877.55
5392,2013-08-04 09:30:00+00:00,822.4
5392,2013-08-04 10:00:00+00:00,1058.55
5392,2013-08-04 10:30:00+00:00,1216.8
5392,2013-08-04 11:00:00+00:00,1228.95
5392,2013-08-04 11:30:00+00:00,1032.15
5392,2013-08-04 12:00:00+00:00,940.75
5392,2013-08-04 12:30:00+00:00,782.3
5392,2013-08-04 13:00:00+00:00,823.55
5392,2013-08-04 13:30:00+00:00,784.25
5392,2013-08-04 14:00:00+00:00,654.95
5392,2013-08-04 14:30:00+00:00,916.75
5392,2013-08-04 15:00:00+00:00,931.15
5392,2013-08-04 15:30:00+00:00,860.5
5392,2013-08-04 16:00:00+00:00,819.85
5392,2013-08-04 16:30:00+00:00,505.85
5392,2013-08-04 17:00:00+00:00,334.77
5392,2013-08-04 17:30:00+00:00,267.5
5392,2013-08-04 18:00:00+00:00,138.15
5392,2013-08-04 18:30:00+00:00,58.84
5392,2013-08-04 19:00:00+00:00,24.9
5392,2013-08-04 19:30:00+00:00,0.35
5392,2013-08-04 20:00:00+00:00,0.0
5392,2013-08-04 20:30:00+00:00,0.0
5392,2013-08-04 21:00:00+00:00,0.0
5392,2013-08-04 21:30:00+00:00,0.0
5392,2013-08-04 22:00:00+00:00,0.0
5392,2013-08-04 22:30:00+00:00,0.0
5392,2013-08-04 23:00:00+00:00,0.0
5392,2013-08-04 23:30:00+00:00,0.0
5392,2013-08-05 00:00:00+00:00,0.0
5392,2013-08-05 00:30:00+00:00,0.0
5392,2013-08-05 01:00:00+00:00,0.0
5392,2013-08-05 01:30:00+00:00,0.0
5392,2013-08-05 02:00:00+00:00,0.0
5392,2013-08-05 02:30:00+00:00,0.0
5392,2013-08-05 03:00:00+00:00,0.0
5392,2013-08-05 03:30:00+00:00,0.0
5392,2013-08-05 04:00:00+00:00,0.0
5392,2013-08-05 04:30:00+00:00,0.0
5392,2013-08-05 05:00:00+00:00,0.0
5392,2013-08-05 05:30:00+00:00,18.05
5392,2013-08-05 06:00:00+00:00,56.56
5392,2013-08-05 06:30:00+00:00,87.7
5392,2013-08-05 07:00:00+00:00,196.83
5392,2013-08-05 07:30:00+00:00,243.88
5392,2013-08-05 08:00:00+00:00,338.3
5392,2013-08-05 08:30:00+00:00,521.55
5392,2013-08-05 09:00:00+00:00,579.05
5392,2013-08-05 09:30:00+00:00,533.35
5392,2013-08-05 10:00:00+00:00,857.45
5392,2013-08-05 10:30:00+00:00,650.15
5392,2013-08-05 11:00:00+00:00,755.5
5392,2013-08-05 11:30:00+00:00,599.15
5392,2013-08-05 12:00:00+00:00,316.06
5392,2013-08-05 12:30:00+00:00,75.0
5392,2013-08-05 13:00:00+00:00,65.56
5392,2013-08-05 13:30:00+00:00,848.2
5392,2013-08-05 14:00:00+00:00,722.7
5392,2013-08-05 14:30:00+00:00,946.55
5392,2013-08-05 15:00:00+00:00,1062.7
5392,2013-08-05 15:30:00+00:00,816.2
5392,2013-08-05 16:00:00+00:00,626.85
5392,2013-08-05 16:30:00+00:00,230.83
5392,2013-08-05 17:00:00+00:00,0.05
5392,2013-08-05 17:30:00+00:00,29.22
5392,2013-08-05 18:00:00+00:00,138.82
5392,2013-08-05 18:30:00+00:00,56.9
5392,2013-08-05 19:00:00+00:00,29.65
5392,2013-08-05 19:30:00+00:00,2.42
5392,2013-08-05 20:00:00+00:00,0.0
5392,2013-08-05 20:30:00+00:00,0.0
5392,2013-08-05 21:00:00+00:00,0.0
5392,2013-08-05 21:30:00+00:00,0.0
5392,2013-08-05 22:00:00+00:00,0.0
5392,2013-08-05 22:30:00+00:00,0.0
5392,2013-08-05 23:00:00+00:00,0.0
5392,2013-08-05 23:30:00+00:00,0.0
5392,2013-08-06 00:00:00+00:00,0.0
5392,2013-08-06 00:30:00+00:00,0.0
5392,2013-08-06 01:00:00+00:00,0.0
5392,2013-08-06 01:30:00+00:00,0.0
5392,2013-08-06 02:00:00+00:00,0.0
5392,2013-08-06 02:30:00+00:00,0.0
5392,2013-08-06 03:00:00+00:00,0.0
5392,2013-08-06 03:30:00+00:00,0.0
5392,2013-08-06 04:00:00+00:00,0.0
5392,2013-08-06 04:30:00+00:00,0.0
5392,2013-08-06 05:00:00+00:00,0.06
5392,2013-08-06 05:30:00+00:00,12.13
5392,2013-08-06 06:00:00+00:00,53.18
5392,2013-08-06 06:30:00+00:00,77.41
5392,2013-08-06 07:00:00+00:00,134.34
5392,2013-08-06 07:30:00+00:00,329.81
5392,2013-08-06 08:00:00+00:00,365.07
5392,2013-08-06 08:30:00+00:00,704.95
5392,2013-08-06 09:00:00+00:00,880.95
5392,2013-08-06 09:30:00+00:00,1000.75
5392,2013-08-06 10:00:00+00:00,1075.65
5392,2013-08-06 10:30:00+00:00,1066.2
5392,2013-08-06 11:00:00+00:00,888.85
5392,2013-08-06 11:30:00+00:00,730.35
5392,2013-08-06 12:00:00+00:00,479.94
5392,2013-08-06 12:30:00+00:00,1387.0
5392,2013-08-06 13:00:00+00:00,856.0
5392,2013-08-06 13:30:00+00:00,1096.05
5392,2013-08-06 14:00:00+00:00,869.65
5392,2013-08-06 14:30:00+00:00,1125.3
5392,2013-08-06 15:00:00+00:00,312.85
5392,2013-08-06 15:30:00+00:00,484.73
5392,2013-08-06 16:00:00+00:00,634.6
5392,2013-08-06 16:30:00+00:00,393.73
5392,2013-08-06 17:00:00+00:00,351.31
5392,2013-08-06 17:30:00+00:00,91.08
5392,2013-08-06 18:00:00+00:00,15.69
5392,2013-08-06 18:30:00+00:00,24.81
5392,2013-08-06 19:00:00+00:00,26.08
5392,2013-08-06 19:30:00+00:00,0.86
5392,2013-08-06 20:00:00+00:00,0.0
5392,2013-08-06 20:30:00+00:00,0.0
5392,2013-08-06 21:00:00+00:00,0.0
5392,2013-08-06 21:30:00+00:00,0.0
5392,2013-08-06 22:00:00+00:00,0.0
5392,2013-08-06 22:30:00+00:00,0.0
5392,2013-08-06 23:00:00+00:00,0.0
5392,2013-08-06 23:30:00+00:00,0.0
5392,2013-08-07 00:00:00+00:00,0.0
5392,2013-08-07 00:30:00+00:00,0.0
5392,2013-08-07 01:00:00+00:00,0.0
5392,2013-08-07 01:30:00+00:00,0.0
5392,2013-08-07 02:00:00+00:00,0.0
5392,2013-08-07 02:30:00+00:00,0.0
5392,2013-08-07 03:00:00+00:00,0.0
5392,2013-08-07 03:30:00+00:00,0.0
5392,2013-08-07 04:00:00+00:00,0.0
5392,2013-08-07 04:30:00+00:00,0.0
5392,2013-08-07 05:00:00+00:00,0.15
5392,2013-08-07 05:30:00+00:00,9.82
5392,2013-08-07 06:00:00+00:00,29.88
5392,2013-08-07 06:30:00+00:00,71.45
5392,2013-08-07 07:00:00+00:00,110.47
5392,2013-08-07 07:30:00+00:00,178.77
5392,2013-08-07 08:00:00+00:00,203.04
5392,2013-08-07 08:30:00+00:00,248.71
5392,2013-08-07 09:00:00+00:00,307.23
5392,2013-08-07 09:30:00+00:00,464.99
5392,2013-08-07 10:00:00+00:00,383.38
5392,2013-08-07 10:30:00+00:00,911.55
5392,2013-08-07 11:00:00+00:00,700.15
5392,2013-08-07 11:30:00+00:00,662.1
5392,2013-08-07 12:00:00+00:00,890.5
5392,2013-08-07 12:30:00+00:00,704.05
5392,2013-08-07 13:00:00+00:00,1015.35
5392,2013-08-07 13:30:00+00:00,1080.2
5392,2013-08-07 14:00:00+00:00,888.3
5392,2013-08-07 14:30:00+00:00,611.9
5392,2013-08-07 15:00:00+00:00,486.41
5392,2013-08-07 15:30:00+00:00,408.79
5392,2013-08-07 16:00:00+00:00,471.96
5392,2013-08-07 16:30:00+00:00,447.43
5392,2013-08-07 17:00:00+00:00,263.79
5392,2013-08-07 17:30:00+00:00,154.41
5392,2013-08-07 18:00:00+00:00,110.09
5392,2013-08-07 18:30:00+00:00,19.1
5392,2013-08-07 19:00:00+00:00,0.97
5392,2013-08-07 19:30:00+00:00,0.0
5392,2013-08-07 20:00:00+00:00,0.0
5392,2013-08-07 20:30:00+00:00,0.0
5392,2013-08-07 21:00:00+00:00,0.0
5392,2013-08-07 21:30:00+00:00,0.0
5392,2013-08-07 22:00:00+00:00,0.0
5392,2013-08-07 22:30:00+00:00,0.0
5392,2013-08-07 23:00:00+00:00,0.0
5392,2013-08-07 23:30:00+00:00,0.0
5392,2013-08-08 00:00:00+00:00,0.0
5392,2013-08-08 00:30:00+00:00,0.0
5392,2013-08-08 01:00:00+00:00,0.0
5392,2013-08-08 01:30:00+00:00,0.0
5392,2013-08-08 02:00:00+00:00,0.0
5392,2013-08-08 02:30:00+00:00,0.0
5392,2013-08-08 03:00:00+00:00,0.0
5392,2013-08-08 03:30:00+00:00,0.0
5392,2013-08-08 04:00:00+00:00,0.0
5392,2013-08-08 04:30:00+00:00,0.0
5392,2013-08-08 05:00:00+00:00,0.32
5392,2013-08-08 05:30:00+00:00,10.28
5392,2013-08-08 06:00:00+00:00,46.55
5392,2013-08-08 06:30:00+00:00,89.36
5392,2013-08-08 07:00:00+00:00,177.33
5392,2013-08-08 07:30:00+00:00,330.9
5392,2013-08-08 08:00:00+00:00,524.0
5392,2013-08-08 08:30:00+00:00,691.8
5392,2013-08-08 09:00:00+00:00,846.7
5392,2013-08-08 09:30:00+00:00,986.9
5392,2013-08-08 10:00:00+00:00,931.6
5392,2013-08-08 10:30:00+00:00,686.8
5392,2013-08-08 11:00:00+00:00,1103.55
5392,2013-08-08 11:30:00+00:00,740.7
5392,2013-08-08 12:00:00+00:00,798.35
5392,2013-08-08 12:30:00+00:00,854.35
5392,2013-08-08 13:00:00+00:00,1177.95
5392,2013-08-08 13:30:00+00:00,1263.95
5392,2013-08-08 14:00:00+00:00,1120.55
5392,2013-08-08 14:30:00+00:00,767.1
5392,2013-08-08 15:00:00+00:00,764.7
5392,2013-08-08 15:30:00+00:00,693.35
5392,2013-08-08 16:00:00+00:00,761.65
5392,2013-08-08 16:30:00+00:00,602.45
5392,2013-08-08 17:00:00+00:00,389.04
5392,2013-08-08 17:30:00+00:00,150.31
5392,2013-08-08 18:00:00+00:00,94.45
5392,2013-08-08 18:30:00+00:00,43.77
5392,2013-08-08 19:00:00+00:00,13.69
5392,2013-08-08 19:30:00+00:00,0.0
5392,2013-08-08 20:00:00+00:00,0.0
5392,2013-08-08 20:30:00+00:00,0.0
5392,2013-08-08 21:00:00+00:00,0.0
5392,2013-08-08 21:30:00+00:00,0.0
5392,2013-08-08 22:00:00+00:00,0.0
5392,2013-08-08 22:30:00+00:00,0.0
5392,2013-08-08 23:00:00+00:00,0.0
5392,2013-08-08 23:30:00+00:00,0.0
5392,2013-08-09 00:00:00+00:00,0.0
5392,2013-08-09 00:30:00+00:00,0.0
5392,2013-08-09 01:00:00+00:00,0.0
5392,2013-08-09 01:30:00+00:00,0.0
5392,2013-08-09 02:00:00+00:00,0.0
5392,2013-08-09 02:30:00+00:00,0.0
5392,2013-08-09 03:00:00+00:00,0.0
5392,2013-08-09 03:30:00+00:00,0.0
5392,2013-08-09 04:00:00+00:00,0.0
5392,2013-08-09 04:30:00+00:00,0.0
5392,2013-08-09 05:00:00+00:00,0.0
5392,2013-08-09 05:30:00+00:00,30.67
5392,2013-08-09 06:00:00+00:00,84.28
5392,2013-08-09 06:30:00+00:00,0.0
5392,2013-08-09 07:00:00+00:00,18.1
5392,2013-08-09 07:30:00+00:00,68.22
5392,2013-08-09 08:00:00+00:00,97.35
5392,2013-08-09 08:30:00+00:00,178.44
5392,2013-08-09 09:00:00+00:00,282.67
5392,2013-08-09 09:30:00+00:00,248.16
5392,2013-08-09 10:00:00+00:00,504.65
5392,2013-08-09 10:30:00+00:00,848.9
5392,2013-08-09 11:00:00+00:00,661.1
5392,2013-08-09 11:30:00+00:00,1096.45
5392,2013-08-09 12:00:00+00:00,1244.1
5392,2013-08-09 12:30:00+00:00,620.05
5392,2013-08-09 13:00:00+00:00,1375.7
5392,2013-08-09 13:30:00+00:00,1285.25
5392,2013-08-09 14:00:00+00:00,1004.7
5392,2013-08-09 14:30:00+00:00,997.85
5392,2013-08-09 15:00:00+00:00,612.8
5392,2013-08-09 15:30:00+00:00,576.6
5392,2013-08-09 16:00:00+00:00,734.95
5392,2013-08-09 16:30:00+00:00,443.24
5392,2013-08-09 17:00:00+00:00,403.05
5392,2013-08-09 17:30:00+00:00,259.5
5392,2013-08-09 18:00:00+00:00,135.46
5392,2013-08-09 18:30:00+00:00,52.04
5392,2013-08-09 19:00:00+00:00,14.99
5392,2013-08-09 19:30:00+00:00,0.02
5392,2013-08-09 20:00:00+00:00,0.0
5392,2013-08-09 20:30:00+00:00,0.0
5392,2013-08-09 21:00:00+00:00,0.0
5392,2013-08-09 21:30:00+00:00,0.0
5392,2013-08-09 22:00:00+00:00,0.0
5392,2013-08-09 22:30:00+00:00,0.0
5392,2013-08-09 23:00:00+00:00,0.0
5392,2013-08-09 23:30:00+00:00,0.0
5392,2013-08-10 00:00:00+00:00,0.0
5392,2013-08-10 00:30:00+00:00,0.0
5392,2013-08-10 01:00:00+00:00,0.0
5392,2013-08-10 01:30:00+00:00,0.0
5392,2013-08-10 02:00:00+00:00,0.0
5392,2013-08-10 02:30:00+00:00,0.0
5392,2013-08-10 03:00:00+00:00,0.0
5392,2013-08-10 03:30:00+00:00,0.0
5392,2013-08-10 04:00:00+00:00,0.0
5392,2013-08-10 04:30:00+00:00,0.0
5392,2013-08-10 05:00:00+00:00,0.05
5392,2013-08-10 05:30:00+00:00,8.18
5392,2013-08-10 06:00:00+00:00,47.24
5392,2013-08-10 06:30:00+00:00,78.25
5392,2013-08-10 07:00:00+00:00,104.01
5392,2013-08-10 07:30:00+00:00,163.06
5392,2013-08-10 08:00:00+00:00,251.72
5392,2013-08-10 08:30:00+00:00,342.8
5392,2013-08-10 09:00:00+00:00,456.14
5392,2013-08-10 09:30:00+00:00,388.03
5392,2013-08-10 10:00:00+00:00,503.65
5392,2013-08-10 10:30:00+00:00,503.75
5392,2013-08-10 11:00:00+00:00,609.1
5392,2013-08-10 11:30:00+00:00,437.87
5392,2013-08-10 12:00:00+00:00,782.9
5392,2013-08-10 12:30:00+00:00,729.15
5392,2013-08-10 13:00:00+00:00,684.65
5392,2013-08-10 13:30:00+00:00,419.79
5392,2013-08-10 14:00:00+00:00,330.04
5392,2013-08-10 14:30:00+00:00,302.48
5392,2013-08-10 15:00:00+00:00,264.9
5392,2013-08-10 15:30:00+00:00,731.35
5392,2013-08-10 16:00:00+00:00,417.61
5392,2013-08-10 16:30:00+00:00,436.36
5392,2013-08-10 17:00:00+00:00,210.9
5392,2013-08-10 17:30:00+00:00,140.0
5392,2013-08-10 18:00:00+00:00,89.5
5392,2013-08-10 18:30:00+00:00,44.78
5392,2013-08-10 19:00:00+00:00,3.06
5392,2013-08-10 19:30:00+00:00,0.06
5392,2013-08-10 20:00:00+00:00,0.0
5392,2013-08-10 20:30:00+00:00,0.0
5392,2013-08-10 21:00:00+00:00,0.0
5392,2013-08-10 21:30:00+00:00,0.0
5392,2013-08-10 22:00:00+00:00,0.0
5392,2013-08-10 22:30:00+00:00,0.0
5392,2013-08-10 23:00:00+00:00,0.0
5392,2013-08-10 23:30:00+00:00,0.0
5392,2013-08-11 00:00:00+00:00,0.0
5392,2013-08-11 00:30:00+00:00,0.0
5392,2013-08-11 01:00:00+00:00,0.0
5392,2013-08-11 01:30:00+00:00,0.0
5392,2013-08-11 02:00:00+00:00,0.0
5392,2013-08-11 02:30:00+00:00,0.0
5392,2013-08-11 03:00:00+00:00,0.0
5392,2013-08-11 03:30:00+00:00,0.0
5392,2013-08-11 04:00:00+00:00,0.0
5392,2013-08-11 04:30:00+00:00,0.0
5392,2013-08-11 05:00:00+00:00,0.0
5392,2013-08-11 05:30:00+00:00,0.79
5392,2013-08-11 06:00:00+00:00,29.22
5392,2013-08-11 06:30:00+00:00,76.68
5392,2013-08-11 07:00:00+00:00,173.82
5392,2013-08-11 07:30:00+00:00,352.3
5392,2013-08-11 08:00:00+00:00,483.82
5392,2013-08-11 08:30:00+00:00,386.48
5392,2013-08-11 09:00:00+00:00,537.7
5392,2013-08-11 09:30:00+00:00,278.14
5392,2013-08-11 10:00:00+00:00,402.77
5392,2013-08-11 10:30:00+00:00,620.25
5392,2013-08-11 11:00:00+00:00,796.2
5392,2013-08-11 11:30:00+00:00,971.95
5392,2013-08-11 12:00:00+00:00,727.6
5392,2013-08-11 12:30:00+00:00,1156.6
5392,2013-08-11 13:00:00+00:00,762.55
5392,2013-08-11 13:30:00+00:00,1165.85
5392,2013-08-11 14:00:00+00:00,809.2
5392,2013-08-11 14:30:00+00:00,813.1
5392,2013-08-11 15:00:00+00:00,1075.35
5392,2013-08-11 15:30:00+00:00,743.0
5392,2013-08-11 16:00:00+00:00,636.0
5392,2013-08-11 16:30:00+00:00,506.9
5392,2013-08-11 17:00:00+00:00,467.2
5392,2013-08-11 17:30:00+00:00,211.53
5392,2013-08-11 18:00:00+00:00,125.96
5392,2013-08-11 18:30:00+00:00,49.41
5392,2013-08-11 19:00:00+00:00,13.26
5392,2013-08-11 19:30:00+00:00,0.14
5392,2013-08-11 20:00:00+00:00,0.0
5392,2013-08-11 20:30:00+00:00,0.0
5392,2013-08-11 21:00:00+00:00,0.0
5392,2013-08-11 21:30:00+00:00,0.0
5392,2013-08-11 22:00:00+00:00,0.0
5392,2013-08-11 22:30:00+00:00,0.0
5392,2013-08-11 23:00:00+00:00,0.0
5392,2013-08-11 23:30:00+00:00,0.0
5392,2013-08-12 00:00:00+00:00,0.0
5392,2013-08-12 00:30:00+00:00,0.0
5392,2013-08-12 01:00:00+00:00,0.0
5392,2013-08-12 01:30:00+00:00,0.0
5392,2013-08-12 02:00:00+00:00,0.0
5392,2013-08-12 02:30:00+00:00,0.0
5392,2013-08-12 03:00:00+00:00,0.0
5392,2013-08-12 03:30:00+00:00,0.0
5392,2013-08-12 04:00:00+00:00,0.0
5392,2013-08-12 04:30:00+00:00,0.0
5392,2013-08-12 05:00:00+00:00,0.0
5392,2013-08-12 05:30:00+00:00,0.85
5392,2013-08-12 06:00:00+00:00,3.87
5392,2013-08-12 06:30:00+00:00,57.9
5392,2013-08-12 07:00:00+00:00,133.11
5392,2013-08-12 07:30:00+00:00,204.9
5392,2013-08-12 08:00:00+00:00,276.73
5392,2013-08-12 08:30:00+00:00,459.97
5392,2013-08-12 09:00:00+00:00,613.05
5392,2013-08-12 09:30:00+00:00,879.7
5392,2013-08-12 10:00:00+00:00,754.25
5392,2013-08-12 10:30:00+00:00,952.85
5392,2013-08-12 11:00:00+00:00,674.4
5392,2013-08-12 11:30:00+00:00,840.2
5392,2013-08-12 12:00:00+00:00,847.6
5392,2013-08-12 12:30:00+00:00,660.6
5392,2013-08-12 13:00:00+00:00,930.2
5392,2013-08-12 13:30:00+00:00,693.7
5392,2013-08-12 14:00:00+00:00,578.4
5392,2013-08-12 14:30:00+00:00,520.0
5392,2013-08-12 15:00:00+00:00,393.35
5392,2013-08-12 15:30:00+00:00,472.15
5392,2013-08-12 16:00:00+00:00,341.13
5392,2013-08-12 16:30:00+00:00,291.13
5392,2013-08-12 17:00:00+00:00,241.53
5392,2013-08-12 17:30:00+00:00,152.66
5392,2013-08-12 18:00:00+00:00,79.95
5392,2013-08-12 18:30:00+00:00,46.89
5392,2013-08-12 19:00:00+00:00,5.48
5392,2013-08-12 19:30:00+00:00,0.03
5392,2013-08-12 20:00:00+00:00,0.0
5392,2013-08-12 20:30:00+00:00,0.0
5392,2013-08-12 21:00:00+00:00,0.0
5392,2013-08-12 21:30:00+00:00,0.0
5392,2013-08-12 22:00:00+00:00,0.0
5392,2013-08-12 22:30:00+00:00,0.0
5392,2013-08-12 23:00:00+00:00,0.0
5392,2013-08-12 23:30:00+00:00,0.0
5392,2013-08-13 00:00:00+00:00,0.0
5392,2013-08-13 00:30:00+00:00,0.0
5392,2013-08-13 01:00:00+00:00,0.0
5392,2013-08-13 01:30:00+00:00,0.0
5392,2013-08-13 02:00:00+00:00,0.0
5392,2013-08-13 02:30:00+00:00,0.0
5392,2013-08-13 03:00:00+00:00,0.0
5392,2013-08-13 03:30:00+00:00,0.0
5392,2013-08-13 04:00:00+00:00,0.0
5392,2013-08-13 04:30:00+00:00,0.0
5392,2013-08-13 05:00:00+00:00,0.04
5392,2013-08-13 05:30:00+00:00,8.73
5392,2013-08-13 06:00:00+00:00,51.77
5392,2013-08-13 06:30:00+00:00,157.19
5392,2013-08-13 07:00:00+00:00,258.51
5392,2013-08-13 07:30:00+00:00,296.36
5392,2013-08-13 08:00:00+00:00,494.12
5392,2013-08-13 08:30:00+00:00,421.3
5392,2013-08-13 09:00:00+00:00,765.3
5392,2013-08-13 09:30:00+00:00,976.3
5392,2013-08-13 10:00:00+00:00,882.55
5392,2013-08-13 10:30:00+00:00,886.15
5392,2013-08-13 11:00:00+00:00,969.85
5392,2013-08-13 11:30:00+00:00,622.35
5392,2013-08-13 12:00:00+00:00,475.85
5392,2013-08-13 12:30:00+00:00,338.08
5392,2013-08-13 13:00:00+00:00,205.39
5392,2013-08-13 13:30:00+00:00,369.39
5392,2013-08-13 14:00:00+00:00,485.42
5392,2013-08-13 14:30:00+00:00,433.64
5392,2013-08-13 15:00:00+00:00,193.87
5392,2013-08-13 15:30:00+00:00,112.8
5392,2013-08-13 16:00:00+00:00,114.84
5392,2013-08-13 16:30:00+00:00,164.58
5392,2013-08-13 17:00:00+00:00,136.8
5392,2013-08-13 17:30:00+00:00,108.42
5392,2013-08-13 18:00:00+00:00,86.84
5392,2013-08-13 18:30:00+00:00,62.73
5392,2013-08-13 19:00:00+00:00,2.75
5392,2013-08-13 19:30:00+00:00,0.0
5392,2013-08-13 20:00:00+00:00,0.0
5392,2013-08-13 20:30:00+00:00,0.0
5392,2013-08-13 21:00:00+00:00,0.0
5392,2013-08-13 21:30:00+00:00,0.0
5392,2013-08-13 22:00:00+00:00,0.0
5392,2013-08-13 22:30:00+00:00,0.0
5392,2013-08-13 23:00:00+00:00,0.0
5392,2013-08-13 23:30:00+00:00,0.0
5392,2013-08-14 00:00:00+00:00,0.0
5392,2013-08-14 00:30:00+00:00,0.0
5392,2013-08-14 01:00:00+00:00,0.0
5392,2013-08-14 01:30:00+00:00,0.0
5392,2013-08-14 02:00:00+00:00,0.0
5392,2013-08-14 02:30:00+00:00,0.0
5392,2013-08-14 03:00:00+00:00,0.0
5392,2013-08-14 03:30:00+00:00,0.0
5392,2013-08-14 04:00:00+00:00,0.0
5392,2013-08-14 04:30:00+00:00,0.0
5392,2013-08-14 05:00:00+00:00,0.03
5392,2013-08-14 05:30:00+00:00,3.3
5392,2013-08-14 06:00:00+00:00,28.24
5392,2013-08-14 06:30:00+00:00,64.15
5392,2013-08-14 07:00:00+00:00,169.14
5392,2013-08-14 07:30:00+00:00,329.09
5392,2013-08-14 08:00:00+00:00,523.05
5392,2013-08-14 08:30:00+00:00,689.85
5392,2013-08-14 09:00:00+00:00,694.65
5392,2013-08-14 09:30:00+00:00,638.05
5392,2013-08-14 10:00:00+00:00,732.35
5392,2013-08-14 10:30:00+00:00,1066.8
5392,2013-08-14 11:00:00+00:00,1161.05
5392,2013-08-14 11:30:00+00:00,982.1
5392,2013-08-14 12:00:00+00:00,739.45
5392,2013-08-14 12:30:00+00:00,870.05
5392,2013-08-14 13:00:00+00:00,1054.7
5392,2013-08-14 13:30:00+00:00,1228.75
5392,2013-08-14 14:00:00+00:00,817.7
5392,2013-08-14 14:30:00+00:00,822.05
5392,2013-08-14 15:00:00+00:00,664.65
5392,2013-08-14 15:30:00+00:00,469.92
5392,2013-08-14 16:00:00+00:00,303.7
5392,2013-08-14 16:30:00+00:00,330.83
5392,2013-08-14 17:00:00+00:00,289.87
5392,2013-08-14 17:30:00+00:00,105.26
5392,2013-08-14 18:00:00+00:00,44.99
5392,2013-08-14 18:30:00+00:00,21.88
5392,2013-08-14 19:00:00+00:00,2.53
5392,2013-08-14 19:30:00+00:00,0.0
5392,2013-08-14 20:00:00+00:00,0.0
5392,2013-08-14 20:30:00+00:00,0.0
5392,2013-08-14 21:00:00+00:00,0.0
5392,2013-08-14 21:30:00+00:00,0.0
5392,2013-08-14 22:00:00+00:00,0.0
5392,2013-08-14 22:30:00+00:00,0.0
5392,2013-08-14 23:00:00+00:00,0.0
5392,2013-08-14 23:30:00+00:00,0.0
5392,2013-08-15 00:00:00+00:00,0.0
5392,2013-08-15 00:30:00+00:00,0.0
5392,2013-08-15 01:00:00+00:00,0.0
5392,2013-08-15 01:30:00+00:00,0.0
5392,2013-08-15 02:00:00+00:00,0.0
5392,2013-08-15 02:30:00+00:00,0.0
5392,2013-08-15 03:00:00+00:00,0.0
5392,2013-08-15 03:30:00+00:00,0.0
5392,2013-08-15 04:00:00+00:00,0.0
5392,2013-08-15 04:30:00+00:00,0.0
5392,2013-08-15 05:00:00+00:00,0.0
5392,2013-08-15 05:30:00+00:00,1.04
5392,2013-08-15 06:00:00+00:00,43.1
5392,2013-08-15 06:30:00+00:00,79.23
5392,2013-08-15 07:00:00+00:00,118.49
5392,2013-08-15 07:30:00+00:00,121.22
5392,2013-08-15 08:00:00+00:00,206.97
5392,2013-08-15 08:30:00+00:00,359.15
5392,2013-08-15 09:00:00+00:00,554.25
5392,2013-08-15 09:30:00+00:00,211.63
5392,2013-08-15 10:00:00+00:00,213.04
5392,2013-08-15 10:30:00+00:00,490.21
5392,2013-08-15 11:00:00+00:00,874.05
5392,2013-08-15 11:30:00+00:00,1176.75
5392,2013-08-15 12:00:00+00:00,1170.6
5392,2013-08-15 12:30:00+00:00,760.95
5392,2013-08-15 13:00:00+00:00,509.9
5392,2013-08-15 13:30:00+00:00,780.75
5392,2013-08-15 14:00:00+00:00,441.19
5392,2013-08-15 14:30:00+00:00,776.15
5392,2013-08-15 15:00:00+00:00,491.66
5392,2013-08-15 15:30:00+00:00,303.6
5392,2013-08-15 16:00:00+00:00,177.35
5392,2013-08-15 16:30:00+00:00,243.78
5392,2013-08-15 17:00:00+00:00,352.8
5392,2013-08-15 17:30:00+00:00,196.96
5392,2013-08-15 18:00:00+00:00,101.42
5392,2013-08-15 18:30:00+00:00,53.58
5392,2013-08-15 19:00:00+00:00,0.16
5392,2013-08-15 19:30:00+00:00,0.0
5392,2013-08-15 20:00:00+00:00,0.0
5392,2013-08-15 20:30:00+00:00,0.0
5392,2013-08-15 21:00:00+00:00,0.0
5392,2013-08-15 21:30:00+00:00,0.0
5392,2013-08-15 22:00:00+00:00,0.0
5392,2013-08-15 22:30:00+00:00,0.0
5392,2013-08-15 23:00:00+00:00,0.0
5392,2013-08-15 23:30:00+00:00,0.0
5392,2013-08-16 00:00:00+00:00,0.0
5392,2013-08-16 00:30:00+00:00,0.0
5392,2013-08-16 01:00:00+00:00,0.0
5392,2013-08-16 01:30:00+00:00,0.0
5392,2013-08-16 02:00:00+00:00,0.0
5392,2013-08-16 02:30:00+00:00,0.0
5392,2013-08-16 03:00:00+00:00,0.0
5392,2013-08-16 03:30:00+00:00,0.0
5392,2013-08-16 04:00:00+00:00,0.0
5392,2013-08-16 04:30:00+00:00,0.0
5392,2013-08-16 05:00:00+00:00,0.0
5392,2013-08-16 05:30:00+00:00,1.19
5392,2013-08-16 06:00:00+00:00,18.36
5392,2013-08-16 06:30:00+00:00,57.1
5392,2013-08-16 07:00:00+00:00,78.63
5392,2013-08-16 07:30:00+00:00,91.23
5392,2013-08-16 08:00:00+00:00,77.57
5392,2013-08-16 08:30:00+00:00,144.37
5392,2013-08-16 09:00:00+00:00,181.01
5392,2013-08-16 09:30:00+00:00,179.6
5392,2013-08-16 10:00:00+00:00,202.92
5392,2013-08-16 10:30:00+00:00,278.48
5392,2013-08-16 11:00:00+00:00,437.4
5392,2013-08-16 11:30:00+00:00,332.07
5392,2013-08-16 12:00:00+00:00,250.54
5392,2013-08-16 12:30:00+00:00,313.38
5392,2013-08-16 13:00:00+00:00,250.87
5392,2013-08-16 13:30:00+00:00,366.22
5392,2013-08-16 14:00:00+00:00,303.88
5392,2013-08-16 14:30:00+00:00,194.89
5392,2013-08-16 15:00:00+00:00,113.88
5392,2013-08-16 15:30:00+00:00,297.99
5392,2013-08-16 16:00:00+00:00,515.9
5392,2013-08-16 16:30:00+00:00,299.07
5392,2013-08-16 17:00:00+00:00,322.23
5392,2013-08-16 17:30:00+00:00,250.45
5392,2013-08-16 18:00:00+00:00,113.32
5392,2013-08-16 18:30:00+00:00,55.28
5392,2013-08-16 19:00:00+00:00,20.92
5392,2013-08-16 19:30:00+00:00,0.03
5392,2013-08-16 20:00:00+00:00,0.0
5392,2013-08-16 20:30:00+00:00,0.0
5392,2013-08-16 21:00:00+00:00,0.0
5392,2013-08-16 21:30:00+00:00,0.0
5392,2013-08-16 22:00:00+00:00,0.0
5392,2013-08-16 22:30:00+00:00,0.0
5392,2013-08-16 23:00:00+00:00,0.0
5392,2013-08-16 23:30:00+00:00,0.0
5392,2013-08-17 00:00:00+00:00,0.0
5392,2013-08-17 00:30:00+00:00,0.0
5392,2013-08-17 01:00:00+00:00,0.0
5392,2013-08-17 01:30:00+00:00,0.0
5392,2013-08-17 02:00:00+00:00,0.0
5392,2013-08-17 02:30:00+00:00,0.0
5392,2013-08-17 03:00:00+00:00,0.0
5392,2013-08-17 03:30:00+00:00,0.0
5392,2013-08-17 04:00:00+00:00,0.0
5392,2013-08-17 04:30:00+00:00,0.0
5392,2013-08-17 05:00:00+00:00,0.0
5392,2013-08-17 05:30:00+00:00,7.71
5392,2013-08-17 06:00:00+00:00,30.04
5392,2013-08-17 06:30:00+00:00,62.68
5392,2013-08-17 07:00:00+00:00,202.42
5392,2013-08-17 07:30:00+00:00,263.33
5392,2013-08-17 08:00:00+00:00,432.08
5392,2013-08-17 08:30:00+00:00,656.85
5392,2013-08-17 09:00:00+00:00,332.61
5392,2013-08-17 09:30:00+00:00,505.7
5392,2013-08-17 10:00:00+00:00,827.85
5392,2013-08-17 10:30:00+00:00,442.25
5392,2013-08-17 11:00:00+00:00,441.17
5392,2013-08-17 11:30:00+00:00,393.89
5392,2013-08-17 12:00:00+00:00,635.8
5392,2013-08-17 12:30:00+00:00,656.35
5392,2013-08-17 13:00:00+00:00,460.88
5392,2013-08-17 13:30:00+00:00,382.67
5392,2013-08-17 14:00:00+00:00,274.19
5392,2013-08-17 14:30:00+00:00,182.68
5392,2013-08-17 15:00:00+00:00,158.27
5392,2013-08-17 15:30:00+00:00,110.33
5392,2013-08-17 16:00:00+00:00,169.83
5392,2013-08-17 16:30:00+00:00,213.36
5392,2013-08-17 17:00:00+00:00,218.54
5392,2013-08-17 17:30:00+00:00,106.06
5392,2013-08-17 18:00:00+00:00,51.97
5392,2013-08-17 18:30:00+00:00,47.26
5392,2013-08-17 19:00:00+00:00,0.92
5392,2013-08-17 19:30:00+00:00,0.0
5392,2013-08-17 20:00:00+00:00,0.0
5392,2013-08-17 20:30:00+00:00,0.0
5392,2013-08-17 21:00:00+00:00,0.0
5392,2013-08-17 21:30:00+00:00,0.0
5392,2013-08-17 22:00:00+00:00,0.0
5392,2013-08-17 22:30:00+00:00,0.0
5392,2013-08-17 23:00:00+00:00,0.0
5392,2013-08-17 23:30:00+00:00,0.0
5392,2013-08-18 00:00:00+00:00,0.0
5392,2013-08-18 00:30:00+00:00,0.0
5392,2013-08-18 01:00:00+00:00,0.0
5392,2013-08-18 01:30:00+00:00,0.0
5392,2013-08-18 02:00:00+00:00,0.0
5392,2013-08-18 02:30:00+00:00,0.0
5392,2013-08-18 03:00:00+00:00,0.0
5392,2013-08-18 03:30:00+00:00,0.0
5392,2013-08-18 04:00:00+00:00,0.0
5392,2013-08-18 04:30:00+00:00,0.0
5392,2013-08-18 05:00:00+00:00,0.0
5392,2013-08-18 05:30:00+00:00,0.51
5392,2013-08-18 06:00:00+00:00,12.53
5392,2013-08-18 06:30:00+00:00,67.7
5392,2013-08-18 07:00:00+00:00,178.61
5392,2013-08-18 07:30:00+00:00,290.83
5392,2013-08-18 08:00:00+00:00,510.2
5392,2013-08-18 08:30:00+00:00,653.5
5392,2013-08-18 09:00:00+00:00,685.85
5392,2013-08-18 09:30:00+00:00,977.8
5392,2013-08-18 10:00:00+00:00,537.9
5392,2013-08-18 10:30:00+00:00,299.8
5392,2013-08-18 11:00:00+00:00,366.93
5392,2013-08-18 11:30:00+00:00,244.26
5392,2013-08-18 12:00:00+00:00,425.86
5392,2013-08-18 12:30:00+00:00,348.59
5392,2013-08-18 13:00:00+00:00,1016.5
5392,2013-08-18 13:30:00+00:00,802.0
5392,2013-08-18 14:00:00+00:00,1204.0
5392,2013-08-18 14:30:00+00:00,1094.95
5392,2013-08-18 15:00:00+00:00,726.1
5392,2013-08-18 15:30:00+00:00,787.6
5392,2013-08-18 16:00:00+00:00,584.65
5392,2013-08-18 16:30:00+00:00,445.93
5392,2013-08-18 17:00:00+00:00,290.0
5392,2013-08-18 17:30:00+00:00,135.88
5392,2013-08-18 18:00:00+00:00,63.64
5392,2013-08-18 18:30:00+00:00,41.81
5392,2013-08-18 19:00:00+00:00,5.99
5392,2013-08-18 19:30:00+00:00,0.0
5392,2013-08-18 20:00:00+00:00,0.0
5392,2013-08-18 20:30:00+00:00,0.0
5392,2013-08-18 21:00:00+00:00,0.0
5392,2013-08-18 21:30:00+00:00,0.0
5392,2013-08-18 22:00:00+00:00,0.0
5392,2013-08-18 22:30:00+00:00,0.0
5392,2013-08-18 23:00:00+00:00,0.0
5392,2013-08-18 23:30:00+00:00,0.0
5392,2013-08-19 00:00:00+00:00,0.0
5392,2013-08-19 00:30:00+00:00,0.0
5392,2013-08-19 01:00:00+00:00,0.0
5392,2013-08-19 01:30:00+00:00,0.0
5392,2013-08-19 02:00:00+00:00,0.0
5392,2013-08-19 02:30:00+00:00,0.0
5392,2013-08-19 03:00:00+00:00,0.0
5392,2013-08-19 03:30:00+00:00,0.0
5392,2013-08-19 04:00:00+00:00,0.0
5392,2013-08-19 04:30:00+00:00,0.0
5392,2013-08-19 05:00:00+00:00,0.0
5392,2013-08-19 05:30:00+00:00,1.98
5392,2013-08-19 06:00:00+00:00,45.42
5392,2013-08-19 06:30:00+00:00,87.15
5392,2013-08-19 07:00:00+00:00,158.24
5392,2013-08-19 07:30:00+00:00,332.62
5392,2013-08-19 08:00:00+00:00,546.25
5392,2013-08-19 08:30:00+00:00,723.95
5392,2013-08-19 09:00:00+00:00,869.7
5392,2013-08-19 09:30:00+00:00,886.2
5392,2013-08-19 10:00:00+00:00,975.4
5392,2013-08-19 10:30:00+00:00,615.8
5392,2013-08-19 11:00:00+00:00,592.35
5392,2013-08-19 11:30:00+00:00,750.3
5392,2013-08-19 12:00:00+00:00,711.25
5392,2013-08-19 12:30:00+00:00,897.45
5392,2013-08-19 13:00:00+00:00,723.05
5392,2013-08-19 13:30:00+00:00,476.02
5392,2013-08-19 14:00:00+00:00,1086.5
5392,2013-08-19 14:30:00+00:00,619.95
5392,2013-08-19 15:00:00+00:00,783.15
5392,2013-08-19 15:30:00+00:00,741.5
5392,2013-08-19 16:00:00+00:00,511.65
5392,2013-08-19 16:30:00+00:00,551.2
5392,2013-08-19 17:00:00+00:00,299.01
5392,2013-08-19 17:30:00+00:00,248.76
5392,2013-08-19 18:00:00+00:00,77.3
5392,2013-08-19 18:30:00+00:00,45.93
5392,2013-08-19 19:00:00+00:00,8.05
5392,2013-08-19 19:30:00+00:00,0.0
5392,2013-08-19 20:00:00+00:00,0.0
5392,2013-08-19 20:30:00+00:00,0.0
5392,2013-08-19 21:00:00+00:00,0.0
5392,2013-08-19 21:30:00+00:00,0.0
5392,2013-08-19 22:00:00+00:00,0.0
5392,2013-08-19 22:30:00+00:00,0.0
5392,2013-08-19 23:00:00+00:00,0.0
5392,2013-08-19 23:30:00+00:00,0.0
5392,2013-08-20 00:00:00+00:00,0.0
5392,2013-08-20 00:30:00+00:00,0.0
5392,2013-08-20 01:00:00+00:00,0.0
5392,2013-08-20 01:30:00+00:00,0.0
5392,2013-08-20 02:00:00+00:00,0.0
5392,2013-08-20 02:30:00+00:00,0.0
5392,2013-08-20 03:00:00+00:00,0.0
5392,2013-08-20 03:30:00+00:00,0.0
5392,2013-08-20 04:00:00+00:00,0.0
5392,2013-08-20 04:30:00+00:00,0.0
5392,2013-08-20 05:00:00+00:00,0.0
5392,2013-08-20 05:30:00+00:00,0.14
5392,2013-08-20 06:00:00+00:00,14.23
5392,2013-08-20 06:30:00+00:00,66.49
5392,2013-08-20 07:00:00+00:00,128.64
5392,2013-08-20 07:30:00+00:00,215.43
5392,2013-08-20 08:00:00+00:00,317.04
5392,2013-08-20 08:30:00+00:00,554.45
5392,2013-08-20 09:00:00+00:00,869.85
5392,2013-08-20 09:30:00+00:00,984.15
5392,2013-08-20 10:00:00+00:00,1075.4
5392,2013-08-20 10:30:00+00:00,1162.65
5392,2013-08-20 11:00:00+00:00,1183.65
5392,2013-08-20 11:30:00+00:00,1274.7
5392,2013-08-20 12:00:00+00:00,1294.7
5392,2013-08-20 12:30:00+00:00,671.25
5392,2013-08-20 13:00:00+00:00,645.2
5392,2013-08-20 13:30:00+00:00,1118.1
5392,2013-08-20 14:00:00+00:00,1146.65
5392,2013-08-20 14:30:00+00:00,782.75
5392,2013-08-20 15:00:00+00:00,959.3
5392,2013-08-20 15:30:00+00:00,910.9
5392,2013-08-20 16:00:00+00:00,740.8
5392,2013-08-20 16:30:00+00:00,530.45
5392,2013-08-20 17:00:00+00:00,400.44
5392,2013-08-20 17:30:00+00:00,222.78
5392,2013-08-20 18:00:00+00:00,97.5
5392,2013-08-20 18:30:00+00:00,33.78
5392,2013-08-20 19:00:00+00:00,0.91
5392,2013-08-20 19:30:00+00:00,0.0
5392,2013-08-20 20:00:00+00:00,0.0
5392,2013-08-20 20:30:00+00:00,0.0
5392,2013-08-20 21:00:00+00:00,0.0
5392,2013-08-20 21:30:00+00:00,0.0
5392,2013-08-20 22:00:00+00:00,0.0
5392,2013-08-20 22:30:00+00:00,0.0
5392,2013-08-20 23:00:00+00:00,0.0
5392,2013-08-20 23:30:00+00:00,0.0
5392,2013-08-21 00:00:00+00:00,0.0
5392,2013-08-21 00:30:00+00:00,0.0
5392,2013-08-21 01:00:00+00:00,0.0
5392,2013-08-21 01:30:00+00:00,0.0
5392,2013-08-21 02:00:00+00:00,0.0
5392,2013-08-21 02:30:00+00:00,0.0
5392,2013-08-21 03:00:00+00:00,0.0
5392,2013-08-21 03:30:00+00:00,0.0
5392,2013-08-21 04:00:00+00:00,0.0
5392,2013-08-21 04:30:00+00:00,0.0
5392,2013-08-21 05:00:00+00:00,0.0
5392,2013-08-21 05:30:00+00:00,1.91
5392,2013-08-21 06:00:00+00:00,46.34
5392,2013-08-21 06:30:00+00:00,126.04
5392,2013-08-21 07:00:00+00:00,153.43
5392,2013-08-21 07:30:00+00:00,239.87
5392,2013-08-21 08:00:00+00:00,409.76
5392,2013-08-21 08:30:00+00:00,646.8
5392,2013-08-21 09:00:00+00:00,806.15
5392,2013-08-21 09:30:00+00:00,932.25
5392,2013-08-21 10:00:00+00:00,956.0
5392,2013-08-21 10:30:00+00:00,1105.4
5392,2013-08-21 11:00:00+00:00,1206.65
5392,2013-08-21 11:30:00+00:00,1239.15
5392,2013-08-21 12:00:00+00:00,1210.9
5392,2013-08-21 12:30:00+00:00,1229.85
5392,2013-08-21 13:00:00+00:00,1045.7
5392,2013-08-21 13:30:00+00:00,874.4
5392,2013-08-21 14:00:00+00:00,1127.75
5392,2013-08-21 14:30:00+00:00,1067.0
5392,2013-08-21 15:00:00+00:00,963.45
5392,2013-08-21 15:30:00+00:00,782.6
5392,2013-08-21 16:00:00+00:00,486.7
5392,2013-08-21 16:30:00+00:00,539.95
5392,2013-08-21 17:00:00+00:00,281.22
5392,2013-08-21 17:30:00+00:00,107.92
5392,2013-08-21 18:00:00+00:00,126.11
5392,2013-08-21 18:30:00+00:00,62.85
5392,2013-08-21 19:00:00+00:00,7.96
5392,2013-08-21 19:30:00+00:00,0.0
5392,2013-08-21 20:00:00+00:00,0.0
5392,2013-08-21 20:30:00+00:00,0.0
5392,2013-08-21 21:00:00+00:00,0.0
5392,2013-08-21 21:30:00+00:00,0.0
5392,2013-08-21 22:00:00+00:00,0.0
5392,2013-08-21 22:30:00+00:00,0.0
5392,2013-08-21 23:00:00+00:00,0.0
5392,2013-08-21 23:30:00+00:00,0.0
5392,2013-08-22 00:00:00+00:00,0.0
5392,2013-08-22 00:30:00+00:00,0.0
5392,2013-08-22 01:00:00+00:00,0.0
5392,2013-08-22 01:30:00+00:00,0.0
5392,2013-08-22 02:00:00+00:00,0.0
5392,2013-08-22 02:30:00+00:00,0.0
5392,2013-08-22 03:00:00+00:00,0.0
5392,2013-08-22 03:30:00+00:00,0.0
5392,2013-08-22 04:00:00+00:00,0.0
5392,2013-08-22 04:30:00+00:00,0.0
5392,2013-08-22 05:00:00+00:00,0.0
5392,2013-08-22 05:30:00+00:00,0.0
5392,2013-08-22 06:00:00+00:00,0.0
5392,2013-08-22 06:30:00+00:00,2.17
5392,2013-08-22 07:00:00+00:00,26.14
5392,2013-08-22 07:30:00+00:00,30.42
5392,2013-08-22 08:00:00+00:00,1.79
5392,2013-08-22 08:30:00+00:00,29.15
5392,2013-08-22 09:00:00+00:00,63.84
5392,2013-08-22 09:30:00+00:00,106.85
5392,2013-08-22 10:00:00+00:00,55.56
5392,2013-08-22 10:30:00+00:00,46.79
5392,2013-08-22 11:00:00+00:00,78.8
5392,2013-08-22 11:30:00+00:00,176.08
5392,2013-08-22 12:00:00+00:00,154.92
5392,2013-08-22 12:30:00+00:00,138.01
5392,2013-08-22 13:00:00+00:00,191.19
5392,2013-08-22 13:30:00+00:00,117.75
5392,2013-08-22 14:00:00+00:00,67.28
5392,2013-08-22 14:30:00+00:00,84.88
5392,2013-08-22 15:00:00+00:00,185.26
5392,2013-08-22 15:30:00+00:00,94.91
5392,2013-08-22 16:00:00+00:00,182.13
5392,2013-08-22 16:30:00+00:00,206.69
5392,2013-08-22 17:00:00+00:00,166.06
5392,2013-08-22 17:30:00+00:00,102.53
5392,2013-08-22 18:00:00+00:00,135.0
5392,2013-08-22 18:30:00+00:00,22.32
5392,2013-08-22 19:00:00+00:00,0.42
5392,2013-08-22 19:30:00+00:00,0.0
5392,2013-08-22 20:00:00+00:00,0.0
5392,2013-08-22 20:30:00+00:00,0.0
5392,2013-08-22 21:00:00+00:00,0.0
5392,2013-08-22 21:30:00+00:00,0.0
5392,2013-08-22 22:00:00+00:00,0.0
5392,2013-08-22 22:30:00+00:00,0.0
5392,2013-08-22 23:00:00+00:00,0.0
5392,2013-08-22 23:30:00+00:00,0.0
5392,2013-08-23 00:00:00+00:00,0.0
5392,2013-08-23 00:30:00+00:00,0.0
5392,2013-08-23 01:00:00+00:00,0.0
5392,2013-08-23 01:30:00+00:00,0.0
5392,2013-08-23 02:00:00+00:00,0.0
5392,2013-08-23 02:30:00+00:00,0.0
5392,2013-08-23 03:00:00+00:00,0.0
5392,2013-08-23 03:30:00+00:00,0.0
5392,2013-08-23 04:00:00+00:00,0.0
5392,2013-08-23 04:30:00+00:00,0.0
5392,2013-08-23 05:00:00+00:00,0.0
5392,2013-08-23 05:30:00+00:00,0.08
5392,2013-08-23 06:00:00+00:00,16.49
5392,2013-08-23 06:30:00+00:00,72.53
5392,2013-08-23 07:00:00+00:00,168.92
5392,2013-08-23 07:30:00+00:00,321.76
5392,2013-08-23 08:00:00+00:00,500.9
5392,2013-08-23 08:30:00+00:00,670.9
5392,2013-08-23 09:00:00+00:00,816.2
5392,2013-08-23 09:30:00+00:00,952.6
5392,2013-08-23 10:00:00+00:00,1066.25
5392,2013-08-23 10:30:00+00:00,1141.6
5392,2013-08-23 11:00:00+00:00,1194.7
5392,2013-08-23 11:30:00+00:00,1277.75
5392,2013-08-23 12:00:00+00:00,977.65
5392,2013-08-23 12:30:00+00:00,1296.0
5392,2013-08-23 13:00:00+00:00,1140.9
5392,2013-08-23 13:30:00+00:00,1008.7
5392,2013-08-23 14:00:00+00:00,923.35
5392,2013-08-23 14:30:00+00:00,489.04
5392,2013-08-23 15:00:00+00:00,473.41
5392,2013-08-23 15:30:00+00:00,325.88
5392,2013-08-23 16:00:00+00:00,280.21
5392,2013-08-23 16:30:00+00:00,126.52
5392,2013-08-23 17:00:00+00:00,83.52
5392,2013-08-23 17:30:00+00:00,59.13
5392,2013-08-23 18:00:00+00:00,26.25
5392,2013-08-23 18:30:00+00:00,1.11
5392,2013-08-23 19:00:00+00:00,0.0
5392,2013-08-23 19:30:00+00:00,0.0
5392,2013-08-23 20:00:00+00:00,0.0
5392,2013-08-23 20:30:00+00:00,0.0
5392,2013-08-23 21:00:00+00:00,0.0
5392,2013-08-23 21:30:00+00:00,0.0
5392,2013-08-23 22:00:00+00:00,0.0
5392,2013-08-23 22:30:00+00:00,0.0
5392,2013-08-23 23:00:00+00:00,0.0
5392,2013-08-23 23:30:00+00:00,0.0
5392,2013-08-24 00:00:00+00:00,0.0
5392,2013-08-24 00:30:00+00:00,0.0
5392,2013-08-24 01:00:00+00:00,0.0
5392,2013-08-24 01:30:00+00:00,0.0
5392,2013-08-24 02:00:00+00:00,0.0
5392,2013-08-24 02:30:00+00:00,0.0
5392,2013-08-24 03:00:00+00:00,0.0
5392,2013-08-24 03:30:00+00:00,0.0
5392,2013-08-24 04:00:00+00:00,0.0
5392,2013-08-24 04:30:00+00:00,0.0
5392,2013-08-24 05:00:00+00:00,0.0
5392,2013-08-24 05:30:00+00:00,0.0
5392,2013-08-24 06:00:00+00:00,1.2
5392,2013-08-24 06:30:00+00:00,3.92
5392,2013-08-24 07:00:00+00:00,25.3
5392,2013-08-24 07:30:00+00:00,62.71
5392,2013-08-24 08:00:00+00:00,61.37
5392,2013-08-24 08:30:00+00:00,3.76
5392,2013-08-24 09:00:00+00:00,1.57
5392,2013-08-24 09:30:00+00:00,19.61
5392,2013-08-24 10:00:00+00:00,91.46
5392,2013-08-24 10:30:00+00:00,78.22
5392,2013-08-24 11:00:00+00:00,154.68
5392,2013-08-24 11:30:00+00:00,113.9
5392,2013-08-24 12:00:00+00:00,87.64
5392,2013-08-24 12:30:00+00:00,55.19
5392,2013-08-24 13:00:00+00:00,75.09
5392,2013-08-24 13:30:00+00:00,116.98
5392,2013-08-24 14:00:00+00:00,127.12
5392,2013-08-24 14:30:00+00:00,90.57
5392,2013-08-24 15:00:00+00:00,59.58
5392,2013-08-24 15:30:00+00:00,4.67
5392,2013-08-24 16:00:00+00:00,3.1
5392,2013-08-24 16:30:00+00:00,1.84
5392,2013-08-24 17:00:00+00:00,44.08
5392,2013-08-24 17:30:00+00:00,58.27
5392,2013-08-24 18:00:00+00:00,15.95
5392,2013-08-24 18:30:00+00:00,1.55
5392,2013-08-24 19:00:00+00:00,0.0
5392,2013-08-24 19:30:00+00:00,0.0
5392,2013-08-24 20:00:00+00:00,0.0
5392,2013-08-24 20:30:00+00:00,0.0
5392,2013-08-24 21:00:00+00:00,0.0
5392,2013-08-24 21:30:00+00:00,0.0
5392,2013-08-24 22:00:00+00:00,0.0
5392,2013-08-24 22:30:00+00:00,0.0
5392,2013-08-24 23:00:00+00:00,0.0
5392,2013-08-24 23:30:00+00:00,0.0
5392,2013-08-25 00:00:00+00:00,0.0
5392,2013-08-25 00:30:00+00:00,0.0
5392,2013-08-25 01:00:00+00:00,0.0
5392,2013-08-25 01:30:00+00:00,0.0
5392,2013-08-25 02:00:00+00:00,0.0
5392,2013-08-25 02:30:00+00:00,0.0
5392,2013-08-25 03:00:00+00:00,0.0
5392,2013-08-25 03:30:00+00:00,0.0
5392,2013-08-25 04:00:00+00:00,0.0
5392,2013-08-25 04:30:00+00:00,0.0
5392,2013-08-25 05:00:00+00:00,0.0
5392,2013-08-25 05:30:00+00:00,0.0
5392,2013-08-25 06:00:00+00:00,9.81
5392,2013-08-25 06:30:00+00:00,9.6
5392,2013-08-25 07:00:00+00:00,92.0
5392,2013-08-25 07:30:00+00:00,173.26
5392,2013-08-25 08:00:00+00:00,168.47
5392,2013-08-25 08:30:00+00:00,185.08
5392,2013-08-25 09:00:00+00:00,127.64
5392,2013-08-25 09:30:00+00:00,219.73
5392,2013-08-25 10:00:00+00:00,694.65
5392,2013-08-25 10:30:00+00:00,853.75
5392,2013-08-25 11:00:00+00:00,675.8
5392,2013-08-25 11:30:00+00:00,821.95
5392,2013-08-25 12:00:00+00:00,1037.5
5392,2013-08-25 12:30:00+00:00,790.9
5392,2013-08-25 13:00:00+00:00,912.8
5392,2013-08-25 13:30:00+00:00,829.7
5392,2013-08-25 14:00:00+00:00,943.2
5392,2013-08-25 14:30:00+00:00,804.35
5392,2013-08-25 15:00:00+00:00,855.6
5392,2013-08-25 15:30:00+00:00,607.1
5392,2013-08-25 16:00:00+00:00,555.45
5392,2013-08-25 16:30:00+00:00,623.95
5392,2013-08-25 17:00:00+00:00,247.32
5392,2013-08-25 17:30:00+00:00,94.27
5392,2013-08-25 18:00:00+00:00,84.82
5392,2013-08-25 18:30:00+00:00,23.65
5392,2013-08-25 19:00:00+00:00,0.64
5392,2013-08-25 19:30:00+00:00,0.0
5392,2013-08-25 20:00:00+00:00,0.0
5392,2013-08-25 20:30:00+00:00,0.0
5392,2013-08-25 21:00:00+00:00,0.0
5392,2013-08-25 21:30:00+00:00,0.0
5392,2013-08-25 22:00:00+00:00,0.0
5392,2013-08-25 22:30:00+00:00,0.0
5392,2013-08-25 23:00:00+00:00,0.0
5392,2013-08-25 23:30:00+00:00,0.0
5392,2013-08-26 00:00:00+00:00,0.0
5392,2013-08-26 00:30:00+00:00,0.0
5392,2013-08-26 01:00:00+00:00,0.0
5392,2013-08-26 01:30:00+00:00,0.0
5392,2013-08-26 02:00:00+00:00,0.0
5392,2013-08-26 02:30:00+00:00,0.0
5392,2013-08-26 03:00:00+00:00,0.0
5392,2013-08-26 03:30:00+00:00,0.0
5392,2013-08-26 04:00:00+00:00,0.0
5392,2013-08-26 04:30:00+00:00,0.0
5392,2013-08-26 05:00:00+00:00,0.0
5392,2013-08-26 05:30:00+00:00,0.0
5392,2013-08-26 06:00:00+00:00,3.09
5392,2013-08-26 06:30:00+00:00,34.45
5392,2013-08-26 07:00:00+00:00,101.28
5392,2013-08-26 07:30:00+00:00,179.93
5392,2013-08-26 08:00:00+00:00,272.07
5392,2013-08-26 08:30:00+00:00,557.0
5392,2013-08-26 09:00:00+00:00,582.15
5392,2013-08-26 09:30:00+00:00,936.9
5392,2013-08-26 10:00:00+00:00,1086.75
5392,2013-08-26 10:30:00+00:00,1092.0
5392,2013-08-26 11:00:00+00:00,1012.1
5392,2013-08-26 11:30:00+00:00,1126.05
5392,2013-08-26 12:00:00+00:00,1012.6
5392,2013-08-26 12:30:00+00:00,1172.05
5392,2013-08-26 13:00:00+00:00,1204.55
5392,2013-08-26 13:30:00+00:00,1234.3
5392,2013-08-26 14:00:00+00:00,1182.65
5392,2013-08-26 14:30:00+00:00,1118.75
5392,2013-08-26 15:00:00+00:00,1017.7
5392,2013-08-26 15:30:00+00:00,897.4
5392,2013-08-26 16:00:00+00:00,755.25
5392,2013-08-26 16:30:00+00:00,583.4
5392,2013-08-26 17:00:00+00:00,399.41
5392,2013-08-26 17:30:00+00:00,222.4
5392,2013-08-26 18:00:00+00:00,86.53
5392,2013-08-26 18:30:00+00:00,16.62
5392,2013-08-26 19:00:00+00:00,0.26
5392,2013-08-26 19:30:00+00:00,0.0
5392,2013-08-26 20:00:00+00:00,0.0
5392,2013-08-26 20:30:00+00:00,0.0
5392,2013-08-26 21:00:00+00:00,0.0
5392,2013-08-26 21:30:00+00:00,0.0
5392,2013-08-26 22:00:00+00:00,0.0
5392,2013-08-26 22:30:00+00:00,0.0
5392,2013-08-26 23:00:00+00:00,0.0
5392,2013-08-26 23:30:00+00:00,0.0
5392,2013-08-27 00:00:00+00:00,0.0
5392,2013-08-27 00:30:00+00:00,0.0
5392,2013-08-27 01:00:00+00:00,0.0
5392,2013-08-27 01:30:00+00:00,0.0
5392,2013-08-27 02:00:00+00:00,0.0
5392,2013-08-27 02:30:00+00:00,0.0
5392,2013-08-27 03:00:00+00:00,0.0
5392,2013-08-27 03:30:00+00:00,0.0
5392,2013-08-27 04:00:00+00:00,0.0
5392,2013-08-27 04:30:00+00:00,0.0
5392,2013-08-27 05:00:00+00:00,0.0
5392,2013-08-27 05:30:00+00:00,0.0
5392,2013-08-27 06:00:00+00:00,2.77
5392,2013-08-27 06:30:00+00:00,48.13
5392,2013-08-27 07:00:00+00:00,86.85
5392,2013-08-27 07:30:00+00:00,155.03
5392,2013-08-27 08:00:00+00:00,218.08
5392,2013-08-27 08:30:00+00:00,281.35
5392,2013-08-27 09:00:00+00:00,761.05
5392,2013-08-27 09:30:00+00:00,1028.7
5392,2013-08-27 10:00:00+00:00,1124.3
5392,2013-08-27 10:30:00+00:00,1197.55
5392,2013-08-27 11:00:00+00:00,1248.75
5392,2013-08-27 11:30:00+00:00,1264.0
5392,2013-08-27 12:00:00+00:00,1286.6
5392,2013-08-27 12:30:00+00:00,1286.55
5392,2013-08-27 13:00:00+00:00,1263.55
5392,2013-08-27 13:30:00+00:00,1225.9
5392,2013-08-27 14:00:00+00:00,1174.25
5392,2013-08-27 14:30:00+00:00,1095.15
5392,2013-08-27 15:00:00+00:00,999.6
5392,2013-08-27 15:30:00+00:00,880.0
5392,2013-08-27 16:00:00+00:00,737.15
5392,2013-08-27 16:30:00+00:00,575.2
5392,2013-08-27 17:00:00+00:00,401.37
5392,2013-08-27 17:30:00+00:00,222.63
5392,2013-08-27 18:00:00+00:00,84.91
5392,2013-08-27 18:30:00+00:00,14.14
5392,2013-08-27 19:00:00+00:00,0.0
5392,2013-08-27 19:30:00+00:00,0.0
5392,2013-08-27 20:00:00+00:00,0.0
5392,2013-08-27 20:30:00+00:00,0.0
5392,2013-08-27 21:00:00+00:00,0.0
5392,2013-08-27 21:30:00+00:00,0.0
5392,2013-08-27 22:00:00+00:00,0.0
5392,2013-08-27 22:30:00+00:00,0.0
5392,2013-08-27 23:00:00+00:00,0.0
5392,2013-08-27 23:30:00+00:00,0.0
5392,2013-08-28 00:00:00+00:00,0.0
5392,2013-08-28 00:30:00+00:00,0.0
5392,2013-08-28 01:00:00+00:00,0.0
5392,2013-08-28 01:30:00+00:00,0.0
5392,2013-08-28 02:00:00+00:00,0.0
5392,2013-08-28 02:30:00+00:00,0.0
5392,2013-08-28 03:00:00+00:00,0.0
5392,2013-08-28 03:30:00+00:00,0.0
5392,2013-08-28 04:00:00+00:00,0.0
5392,2013-08-28 04:30:00+00:00,0.0
5392,2013-08-28 05:00:00+00:00,0.0
5392,2013-08-28 05:30:00+00:00,0.0
5392,2013-08-28 06:00:00+00:00,1.12
5392,2013-08-28 06:30:00+00:00,10.52
5392,2013-08-28 07:00:00+00:00,59.17
5392,2013-08-28 07:30:00+00:00,137.73
5392,2013-08-28 08:00:00+00:00,266.8
5392,2013-08-28 08:30:00+00:00,707.3
5392,2013-08-28 09:00:00+00:00,860.6
5392,2013-08-28 09:30:00+00:00,979.7
5392,2013-08-28 10:00:00+00:00,1052.55
5392,2013-08-28 10:30:00+00:00,1144.95
5392,2013-08-28 11:00:00+00:00,1210.6
5392,2013-08-28 11:30:00+00:00,1254.8
5392,2013-08-28 12:00:00+00:00,1283.05
5392,2013-08-28 12:30:00+00:00,1262.7
5392,2013-08-28 13:00:00+00:00,1238.05
5392,2013-08-28 13:30:00+00:00,1205.2
5392,2013-08-28 14:00:00+00:00,1144.75
5392,2013-08-28 14:30:00+00:00,1053.5
5392,2013-08-28 15:00:00+00:00,945.35
5392,2013-08-28 15:30:00+00:00,744.85
5392,2013-08-28 16:00:00+00:00,594.6
5392,2013-08-28 16:30:00+00:00,449.06
5392,2013-08-28 17:00:00+00:00,332.58
5392,2013-08-28 17:30:00+00:00,176.17
5392,2013-08-28 18:00:00+00:00,60.88
5392,2013-08-28 18:30:00+00:00,7.89
5392,2013-08-28 19:00:00+00:00,0.0
5392,2013-08-28 19:30:00+00:00,0.0
5392,2013-08-28 20:00:00+00:00,0.0
5392,2013-08-28 20:30:00+00:00,0.0
5392,2013-08-28 21:00:00+00:00,0.0
5392,2013-08-28 21:30:00+00:00,0.0
5392,2013-08-28 22:00:00+00:00,0.0
5392,2013-08-28 22:30:00+00:00,0.0
5392,2013-08-28 23:00:00+00:00,0.0
5392,2013-08-28 23:30:00+00:00,0.0
5392,2013-08-29 00:00:00+00:00,0.0
5392,2013-08-29 00:30:00+00:00,0.0
5392,2013-08-29 01:00:00+00:00,0.0
5392,2013-08-29 01:30:00+00:00,0.0
5392,2013-08-29 02:00:00+00:00,0.0
5392,2013-08-29 02:30:00+00:00,0.0
5392,2013-08-29 03:00:00+00:00,0.0
5392,2013-08-29 03:30:00+00:00,0.0
5392,2013-08-29 04:00:00+00:00,0.0
5392,2013-08-29 04:30:00+00:00,0.0
5392,2013-08-29 05:00:00+00:00,0.0
5392,2013-08-29 05:30:00+00:00,0.04
5392,2013-08-29 06:00:00+00:00,12.27
5392,2013-08-29 06:30:00+00:00,55.76
5392,2013-08-29 07:00:00+00:00,124.7
5392,2013-08-29 07:30:00+00:00,172.0
5392,2013-08-29 08:00:00+00:00,433.92
5392,2013-08-29 08:30:00+00:00,620.6
5392,2013-08-29 09:00:00+00:00,795.75
5392,2013-08-29 09:30:00+00:00,966.5
5392,2013-08-29 10:00:00+00:00,1069.4
5392,2013-08-29 10:30:00+00:00,1184.75
5392,2013-08-29 11:00:00+00:00,1242.1
5392,2013-08-29 11:30:00+00:00,1295.4
5392,2013-08-29 12:00:00+00:00,1316.7
5392,2013-08-29 12:30:00+00:00,1319.2
5392,2013-08-29 13:00:00+00:00,1252.9
5392,2013-08-29 13:30:00+00:00,1200.2
5392,2013-08-29 14:00:00+00:00,644.45
5392,2013-08-29 14:30:00+00:00,602.25
5392,2013-08-29 15:00:00+00:00,637.0
5392,2013-08-29 15:30:00+00:00,636.5
5392,2013-08-29 16:00:00+00:00,469.87
5392,2013-08-29 16:30:00+00:00,440.73
5392,2013-08-29 17:00:00+00:00,261.98
5392,2013-08-29 17:30:00+00:00,231.89
5392,2013-08-29 18:00:00+00:00,75.4
5392,2013-08-29 18:30:00+00:00,14.14
5392,2013-08-29 19:00:00+00:00,0.03
5392,2013-08-29 19:30:00+00:00,0.0
5392,2013-08-29 20:00:00+00:00,0.0
5392,2013-08-29 20:30:00+00:00,0.0
5392,2013-08-29 21:00:00+00:00,0.0
5392,2013-08-29 21:30:00+00:00,0.0
5392,2013-08-29 22:00:00+00:00,0.0
5392,2013-08-29 22:30:00+00:00,0.0
5392,2013-08-29 23:00:00+00:00,0.0
5392,2013-08-29 23:30:00+00:00,0.0
5392,2013-08-30 00:00:00+00:00,0.0
5392,2013-08-30 00:30:00+00:00,0.0
5392,2013-08-30 01:00:00+00:00,0.0
5392,2013-08-30 01:30:00+00:00,0.0
5392,2013-08-30 02:00:00+00:00,0.0
5392,2013-08-30 02:30:00+00:00,0.0
5392,2013-08-30 03:00:00+00:00,0.0
5392,2013-08-30 03:30:00+00:00,0.0
5392,2013-08-30 04:00:00+00:00,0.0
5392,2013-08-30 04:30:00+00:00,0.0
5392,2013-08-30 05:00:00+00:00,0.0
5392,2013-08-30 05:30:00+00:00,0.0
5392,2013-08-30 06:00:00+00:00,2.98
5392,2013-08-30 06:30:00+00:00,83.78
5392,2013-08-30 07:00:00+00:00,158.31
5392,2013-08-30 07:30:00+00:00,316.32
5392,2013-08-30 08:00:00+00:00,541.55
5392,2013-08-30 08:30:00+00:00,727.3
5392,2013-08-30 09:00:00+00:00,845.45
5392,2013-08-30 09:30:00+00:00,984.75
5392,2013-08-30 10:00:00+00:00,1098.7
5392,2013-08-30 10:30:00+00:00,796.0
5392,2013-08-30 11:00:00+00:00,850.8
5392,2013-08-30 11:30:00+00:00,826.6
5392,2013-08-30 12:00:00+00:00,1334.55
5392,2013-08-30 12:30:00+00:00,855.85
5392,2013-08-30 13:00:00+00:00,1018.4
5392,2013-08-30 13:30:00+00:00,801.55
5392,2013-08-30 14:00:00+00:00,751.25
5392,2013-08-30 14:30:00+00:00,909.15
5392,2013-08-30 15:00:00+00:00,944.45
5392,2013-08-30 15:30:00+00:00,813.75
5392,2013-08-30 16:00:00+00:00,616.2
5392,2013-08-30 16:30:00+00:00,598.25
5392,2013-08-30 17:00:00+00:00,273.53
5392,2013-08-30 17:30:00+00:00,89.69
5392,2013-08-30 18:00:00+00:00,74.18
5392,2013-08-30 18:30:00+00:00,21.88
5392,2013-08-30 19:00:00+00:00,0.13
5392,2013-08-30 19:30:00+00:00,0.0
5392,2013-08-30 20:00:00+00:00,0.0
5392,2013-08-30 20:30:00+00:00,0.0
5392,2013-08-30 21:00:00+00:00,0.0
5392,2013-08-30 21:30:00+00:00,0.0
5392,2013-08-30 22:00:00+00:00,0.0
5392,2013-08-30 22:30:00+00:00,0.0
5392,2013-08-30 23:00:00+00:00,0.0
5392,2013-08-30 23:30:00+00:00,0.0
5392,2013-08-31 00:00:00+00:00,0.0
5392,2013-08-31 00:30:00+00:00,0.0
5392,2013-08-31 01:00:00+00:00,0.0
5392,2013-08-31 01:30:00+00:00,0.0
5392,2013-08-31 02:00:00+00:00,0.0
5392,2013-08-31 02:30:00+00:00,0.0
5392,2013-08-31 03:00:00+00:00,0.0
5392,2013-08-31 03:30:00+00:00,0.0
5392,2013-08-31 04:00:00+00:00,0.0
5392,2013-08-31 04:30:00+00:00,0.0
5392,2013-08-31 05:00:00+00:00,0.0
5392,2013-08-31 05:30:00+00:00,0.0
5392,2013-08-31 06:00:00+00:00,6.47
5392,2013-08-31 06:30:00+00:00,52.91
5392,2013-08-31 07:00:00+00:00,111.25
5392,2013-08-31 07:30:00+00:00,155.71
5392,2013-08-31 08:00:00+00:00,513.15
5392,2013-08-31 08:30:00+00:00,750.6
5392,2013-08-31 09:00:00+00:00,916.0
5392,2013-08-31 09:30:00+00:00,1041.3
5392,2013-08-31 10:00:00+00:00,1154.35
5392,2013-08-31 10:30:00+00:00,1238.65
5392,2013-08-31 11:00:00+00:00,1294.8
5392,2013-08-31 11:30:00+00:00,1340.2
5392,2013-08-31 12:00:00+00:00,1347.85
5392,2013-08-31 12:30:00+00:00,1335.0
5392,2013-08-31 13:00:00+00:00,1308.85
5392,2013-08-31 13:30:00+00:00,1268.3
5392,2013-08-31 14:00:00+00:00,1210.6
5392,2013-08-31 14:30:00+00:00,1128.35
5392,2013-08-31 15:00:00+00:00,1005.45
5392,2013-08-31 15:30:00+00:00,881.7
5392,2013-08-31 16:00:00+00:00,599.7
5392,2013-08-31 16:30:00+00:00,510.0
5392,2013-08-31 17:00:00+00:00,222.35
5392,2013-08-31 17:30:00+00:00,153.11
5392,2013-08-31 18:00:00+00:00,101.2
5392,2013-08-31 18:30:00+00:00,12.22
5392,2013-08-31 19:00:00+00:00,0.0
5392,2013-08-31 19:30:00+00:00,0.0
5392,2013-08-31 20:00:00+00:00,0.0
5392,2013-08-31 20:30:00+00:00,0.0
5392,2013-08-31 21:00:00+00:00,0.0
5392,2013-08-31 21:30:00+00:00,0.0
5392,2013-08-31 22:00:00+00:00,0.0
5392,2013-08-31 22:30:00+00:00,0.0
5392,2013-08-31 23:00:00+00:00,0.0
5392,2013-08-31 23:30:00+00:00,0.0
5392,2013-09-01 00:30:00+00:00,0.0
5392,2013-09-01 01:00:00+00:00,0.0
5392,2013-09-01 01:30:00+00:00,0.0
5392,2013-09-01 02:00:00+00:00,0.0
5392,2013-09-01 02:30:00+00:00,0.0
5392,2013-09-01 03:00:00+00:00,0.0
5392,2013-09-01 03:30:00+00:00,0.0
5392,2013-09-01 04:00:00+00:00,0.0
5392,2013-09-01 04:30:00+00:00,0.0
5392,2013-09-01 05:00:00+00:00,0.0
5392,2013-09-01 05:30:00+00:00,0.0
5392,2013-09-01 06:00:00+00:00,15.13
5392,2013-09-01 06:30:00+00:00,60.5
5392,2013-09-01 07:00:00+00:00,111.17
5392,2013-09-01 07:30:00+00:00,199.46
5392,2013-09-01 08:00:00+00:00,345.61
5392,2013-09-01 08:30:00+00:00,504.55
5392,2013-09-01 09:00:00+00:00,387.16
5392,2013-09-01 09:30:00+00:00,359.39
5392,2013-09-01 10:00:00+00:00,370.43
5392,2013-09-01 10:30:00+00:00,541.65
5392,2013-09-01 11:00:00+00:00,1085.7
5392,2013-09-01 11:30:00+00:00,1132.45
5392,2013-09-01 12:00:00+00:00,934.7
5392,2013-09-01 12:30:00+00:00,1010.85
5392,2013-09-01 13:00:00+00:00,1078.65
5392,2013-09-01 13:30:00+00:00,926.0
5392,2013-09-01 14:00:00+00:00,617.2
5392,2013-09-01 14:30:00+00:00,334.45
5392,2013-09-01 15:00:00+00:00,388.36
5392,2013-09-01 15:30:00+00:00,458.06
5392,2013-09-01 16:00:00+00:00,437.75
5392,2013-09-01 16:30:00+00:00,205.83
5392,2013-09-01 17:00:00+00:00,135.25
5392,2013-09-01 17:30:00+00:00,99.31
5392,2013-09-01 18:00:00+00:00,20.55
5392,2013-09-01 18:30:00+00:00,0.18
5392,2013-09-01 19:00:00+00:00,0.0
5392,2013-09-01 19:30:00+00:00,0.0
5392,2013-09-01 20:00:00+00:00,0.0
5392,2013-09-01 20:30:00+00:00,0.0
5392,2013-09-01 21:00:00+00:00,0.0
5392,2013-09-01 21:30:00+00:00,0.0
5392,2013-09-01 22:00:00+00:00,0.0
5392,2013-09-01 22:30:00+00:00,0.0
5392,2013-09-01 23:00:00+00:00,0.0
5392,2013-09-01 23:30:00+00:00,0.0
5392,2013-09-02 00:00:00+00:00,0.0
5392,2013-09-02 00:30:00+00:00,0.0
5392,2013-09-02 01:00:00+00:00,0.0
5392,2013-09-02 01:30:00+00:00,0.0
5392,2013-09-02 02:00:00+00:00,0.0
5392,2013-09-02 02:30:00+00:00,0.0
5392,2013-09-02 03:00:00+00:00,0.0
5392,2013-09-02 03:30:00+00:00,0.0
5392,2013-09-02 04:00:00+00:00,0.0
5392,2013-09-02 04:30:00+00:00,0.0
5392,2013-09-02 05:00:00+00:00,0.0
5392,2013-09-02 05:30:00+00:00,0.05
5392,2013-09-02 06:00:00+00:00,4.71
5392,2013-09-02 06:30:00+00:00,51.67
5392,2013-09-02 07:00:00+00:00,162.54
5392,2013-09-02 07:30:00+00:00,338.34
5392,2013-09-02 08:00:00+00:00,568.0
5392,2013-09-02 08:30:00+00:00,745.85
5392,2013-09-02 09:00:00+00:00,910.4
5392,2013-09-02 09:30:00+00:00,986.75
5392,2013-09-02 10:00:00+00:00,1038.3
5392,2013-09-02 10:30:00+00:00,1004.15
5392,2013-09-02 11:00:00+00:00,1167.85
5392,2013-09-02 11:30:00+00:00,1326.0
5392,2013-09-02 12:00:00+00:00,1296.2
5392,2013-09-02 12:30:00+00:00,1217.8
5392,2013-09-02 13:00:00+00:00,1250.55
5392,2013-09-02 13:30:00+00:00,1226.9
5392,2013-09-02 14:00:00+00:00,1094.55
5392,2013-09-02 14:30:00+00:00,1086.85
5392,2013-09-02 15:00:00+00:00,942.05
5392,2013-09-02 15:30:00+00:00,815.55
5392,2013-09-02 16:00:00+00:00,726.75
5392,2013-09-02 16:30:00+00:00,547.2
5392,2013-09-02 17:00:00+00:00,360.99
5392,2013-09-02 17:30:00+00:00,189.31
5392,2013-09-02 18:00:00+00:00,61.79
5392,2013-09-02 18:30:00+00:00,1.59
5392,2013-09-02 19:00:00+00:00,0.0
5392,2013-09-02 19:30:00+00:00,0.0
5392,2013-09-02 20:00:00+00:00,0.0
5392,2013-09-02 20:30:00+00:00,0.0
5392,2013-09-02 21:00:00+00:00,0.0
5392,2013-09-02 21:30:00+00:00,0.0
5392,2013-09-02 22:00:00+00:00,0.0
5392,2013-09-02 22:30:00+00:00,0.0
5392,2013-09-02 23:00:00+00:00,0.0
5392,2013-09-02 23:30:00+00:00,0.0
5392,2013-09-03 00:00:00+00:00,0.0
5392,2013-09-03 00:30:00+00:00,0.0
5392,2013-09-03 01:00:00+00:00,0.0
5392,2013-09-03 01:30:00+00:00,0.0
5392,2013-09-03 02:00:00+00:00,0.0
5392,2013-09-03 02:30:00+00:00,0.0
5392,2013-09-03 03:00:00+00:00,0.0
5392,2013-09-03 03:30:00+00:00,0.0
5392,2013-09-03 04:00:00+00:00,0.0
5392,2013-09-03 04:30:00+00:00,0.0
5392,2013-09-03 05:00:00+00:00,0.0
5392,2013-09-03 05:30:00+00:00,0.0
5392,2013-09-03 06:00:00+00:00,3.38
5392,2013-09-03 06:30:00+00:00,61.7
5392,2013-09-03 07:00:00+00:00,163.57
5392,2013-09-03 07:30:00+00:00,316.66
5392,2013-09-03 08:00:00+00:00,543.85
5392,2013-09-03 08:30:00+00:00,615.45
5392,2013-09-03 09:00:00+00:00,821.0
5392,2013-09-03 09:30:00+00:00,848.8
5392,2013-09-03 10:00:00+00:00,725.75
5392,2013-09-03 10:30:00+00:00,633.75
5392,2013-09-03 11:00:00+00:00,649.9
5392,2013-09-03 11:30:00+00:00,477.92
5392,2013-09-03 12:00:00+00:00,559.1
5392,2013-09-03 12:30:00+00:00,815.65
5392,2013-09-03 13:00:00+00:00,1028.5
5392,2013-09-03 13:30:00+00:00,1112.6
5392,2013-09-03 14:00:00+00:00,615.45
5392,2013-09-03 14:30:00+00:00,494.0
5392,2013-09-03 15:00:00+00:00,373.64
5392,2013-09-03 15:30:00+00:00,329.28
5392,2013-09-03 16:00:00+00:00,576.55
5392,2013-09-03 16:30:00+00:00,167.39
5392,2013-09-03 17:00:00+00:00,129.91
5392,2013-09-03 17:30:00+00:00,100.29
5392,2013-09-03 18:00:00+00:00,47.51
5392,2013-09-03 18:30:00+00:00,1.63
5392,2013-09-03 19:00:00+00:00,0.0
5392,2013-09-03 19:30:00+00:00,0.0
5392,2013-09-03 20:00:00+00:00,0.0
5392,2013-09-03 20:30:00+00:00,0.0
5392,2013-09-03 21:00:00+00:00,0.0
5392,2013-09-03 21:30:00+00:00,0.0
5392,2013-09-03 22:00:00+00:00,0.0
5392,2013-09-03 22:30:00+00:00,0.0
5392,2013-09-03 23:00:00+00:00,0.0
5392,2013-09-03 23:30:00+00:00,0.0
5392,2013-09-04 00:00:00+00:00,0.0
5392,2013-09-04 00:30:00+00:00,0.0
5392,2013-09-04 01:00:00+00:00,0.0
5392,2013-09-04 01:30:00+00:00,0.0
5392,2013-09-04 02:00:00+00:00,0.0
5392,2013-09-04 02:30:00+00:00,0.0
5392,2013-09-04 03:00:00+00:00,0.0
5392,2013-09-04 03:30:00+00:00,0.0
5392,2013-09-04 04:00:00+00:00,0.0
5392,2013-09-04 04:30:00+00:00,0.0
5392,2013-09-04 05:00:00+00:00,0.0
5392,2013-09-04 05:30:00+00:00,0.0
5392,2013-09-04 06:00:00+00:00,2.79
5392,2013-09-04 06:30:00+00:00,31.43
5392,2013-09-04 07:00:00+00:00,64.49
5392,2013-09-04 07:30:00+00:00,92.96
5392,2013-09-04 08:00:00+00:00,144.93
5392,2013-09-04 08:30:00+00:00,207.0
5392,2013-09-04 09:00:00+00:00,291.53
5392,2013-09-04 09:30:00+00:00,423.12
5392,2013-09-04 10:00:00+00:00,872.2
5392,2013-09-04 10:30:00+00:00,974.0
5392,2013-09-04 11:00:00+00:00,1163.05
5392,2013-09-04 11:30:00+00:00,1212.45
5392,2013-09-04 12:00:00+00:00,1245.85
5392,2013-09-04 12:30:00+00:00,1250.85
5392,2013-09-04 13:00:00+00:00,1206.8
5392,2013-09-04 13:30:00+00:00,1127.7
5392,2013-09-04 14:00:00+00:00,1063.35
5392,2013-09-04 14:30:00+00:00,983.15
5392,2013-09-04 15:00:00+00:00,894.0
5392,2013-09-04 15:30:00+00:00,760.6
5392,2013-09-04 16:00:00+00:00,625.95
5392,2013-09-04 16:30:00+00:00,480.74
5392,2013-09-04 17:00:00+00:00,317.65
5392,2013-09-04 17:30:00+00:00,161.67
5392,2013-09-04 18:00:00+00:00,55.37
5392,2013-09-04 18:30:00+00:00,1.52
5392,2013-09-04 19:00:00+00:00,0.0
5392,2013-09-04 19:30:00+00:00,0.0
5392,2013-09-04 20:00:00+00:00,0.0
5392,2013-09-04 20:30:00+00:00,0.0
5392,2013-09-04 21:00:00+00:00,0.0
5392,2013-09-04 21:30:00+00:00,0.0
5392,2013-09-04 22:00:00+00:00,0.0
5392,2013-09-04 22:30:00+00:00,0.0
5392,2013-09-04 23:00:00+00:00,0.0
5392,2013-09-04 23:30:00+00:00,0.0
5392,2013-09-05 00:00:00+00:00,0.0
5392,2013-09-05 00:30:00+00:00,0.0
5392,2013-09-05 01:00:00+00:00,0.0
5392,2013-09-05 01:30:00+00:00,0.0
5392,2013-09-05 02:00:00+00:00,0.0
5392,2013-09-05 02:30:00+00:00,0.0
5392,2013-09-05 03:00:00+00:00,0.0
5392,2013-09-05 03:30:00+00:00,0.0
5392,2013-09-05 04:00:00+00:00,0.0
5392,2013-09-05 04:30:00+00:00,0.0
5392,2013-09-05 05:00:00+00:00,0.0
5392,2013-09-05 05:30:00+00:00,0.0
5392,2013-09-05 06:00:00+00:00,0.88
5392,2013-09-05 06:30:00+00:00,28.84
5392,2013-09-05 07:00:00+00:00,87.86
5392,2013-09-05 07:30:00+00:00,162.97
5392,2013-09-05 08:00:00+00:00,191.99
5392,2013-09-05 08:30:00+00:00,500.8
5392,2013-09-05 09:00:00+00:00,800.4
5392,2013-09-05 09:30:00+00:00,917.55
5392,2013-09-05 10:00:00+00:00,1011.1
5392,2013-09-05 10:30:00+00:00,1075.8
5392,2013-09-05 11:00:00+00:00,1116.3
5392,2013-09-05 11:30:00+00:00,1144.45
5392,2013-09-05 12:00:00+00:00,1155.9
5392,2013-09-05 12:30:00+00:00,1162.5
5392,2013-09-05 13:00:00+00:00,1120.8
5392,2013-09-05 13:30:00+00:00,1088.55
5392,2013-09-05 14:00:00+00:00,1032.95
5392,2013-09-05 14:30:00+00:00,963.3
5392,2013-09-05 15:00:00+00:00,767.75
5392,2013-09-05 15:30:00+00:00,574.7
5392,2013-09-05 16:00:00+00:00,544.85
5392,2013-09-05 16:30:00+00:00,436.02
5392,2013-09-05 17:00:00+00:00,239.42
5392,2013-09-05 17:30:00+00:00,88.99
5392,2013-09-05 18:00:00+00:00,4.96
5392,2013-09-05 18:30:00+00:00,0.17
5392,2013-09-05 19:00:00+00:00,0.0
5392,2013-09-05 19:30:00+00:00,0.0
5392,2013-09-05 20:00:00+00:00,0.0
5392,2013-09-05 20:30:00+00:00,0.0
5392,2013-09-05 21:00:00+00:00,0.0
5392,2013-09-05 21:30:00+00:00,0.0
5392,2013-09-05 22:00:00+00:00,0.0
5392,2013-09-05 22:30:00+00:00,0.0
5392,2013-09-05 23:00:00+00:00,0.0
5392,2013-09-05 23:30:00+00:00,0.0
5392,2013-09-06 00:00:00+00:00,0.0
5392,2013-09-06 00:30:00+00:00,0.0
5392,2013-09-06 01:00:00+00:00,0.0
5392,2013-09-06 01:30:00+00:00,0.0
5392,2013-09-06 02:00:00+00:00,0.0
5392,2013-09-06 02:30:00+00:00,0.0
5392,2013-09-06 03:00:00+00:00,0.0
5392,2013-09-06 03:30:00+00:00,0.0
5392,2013-09-06 04:00:00+00:00,0.0
5392,2013-09-06 04:30:00+00:00,0.0
5392,2013-09-06 05:00:00+00:00,0.0
5392,2013-09-06 05:30:00+00:00,0.0
5392,2013-09-06 06:00:00+00:00,0.0
5392,2013-09-06 06:30:00+00:00,9.19
5392,2013-09-06 07:00:00+00:00,32.72
5392,2013-09-06 07:30:00+00:00,48.34
5392,2013-09-06 08:00:00+00:00,55.74
5392,2013-09-06 08:30:00+00:00,276.75
5392,2013-09-06 09:00:00+00:00,222.52
5392,2013-09-06 09:30:00+00:00,329.65
5392,2013-09-06 10:00:00+00:00,233.37
5392,2013-09-06 10:30:00+00:00,118.87
5392,2013-09-06 11:00:00+00:00,88.62
5392,2013-09-06 11:30:00+00:00,129.41
5392,2013-09-06 12:00:00+00:00,85.83
5392,2013-09-06 12:30:00+00:00,238.65
5392,2013-09-06 13:00:00+00:00,159.01
5392,2013-09-06 13:30:00+00:00,92.55
5392,2013-09-06 14:00:00+00:00,78.25
5392,2013-09-06 14:30:00+00:00,36.09
5392,2013-09-06 15:00:00+00:00,9.55
5392,2013-09-06 15:30:00+00:00,123.79
5392,2013-09-06 16:00:00+00:00,400.87
5392,2013-09-06 16:30:00+00:00,117.33
5392,2013-09-06 17:00:00+00:00,242.58
5392,2013-09-06 17:30:00+00:00,194.36
5392,2013-09-06 18:00:00+00:00,67.47
5392,2013-09-06 18:30:00+00:00,3.53
5392,2013-09-06 19:00:00+00:00,0.0
5392,2013-09-06 19:30:00+00:00,0.0
5392,2013-09-06 20:00:00+00:00,0.0
5392,2013-09-06 20:30:00+00:00,0.0
5392,2013-09-06 21:00:00+00:00,0.0
5392,2013-09-06 21:30:00+00:00,0.0
5392,2013-09-06 22:00:00+00:00,0.0
5392,2013-09-06 22:30:00+00:00,0.0
5392,2013-09-06 23:00:00+00:00,0.0
5392,2013-09-06 23:30:00+00:00,0.0
5392,2013-09-07 00:00:00+00:00,0.0
5392,2013-09-07 00:30:00+00:00,0.0
5392,2013-09-07 01:00:00+00:00,0.0
5392,2013-09-07 01:30:00+00:00,0.0
5392,2013-09-07 02:00:00+00:00,0.0
5392,2013-09-07 02:30:00+00:00,0.0
5392,2013-09-07 03:00:00+00:00,0.0
5392,2013-09-07 03:30:00+00:00,0.0
5392,2013-09-07 04:00:00+00:00,0.0
5392,2013-09-07 04:30:00+00:00,0.0
5392,2013-09-07 05:00:00+00:00,0.0
5392,2013-09-07 05:30:00+00:00,0.01
5392,2013-09-07 06:00:00+00:00,2.92
5392,2013-09-07 06:30:00+00:00,41.43
5392,2013-09-07 07:00:00+00:00,154.5
5392,2013-09-07 07:30:00+00:00,336.54
5392,2013-09-07 08:00:00+00:00,562.65
5392,2013-09-07 08:30:00+00:00,484.36
5392,2013-09-07 09:00:00+00:00,289.95
5392,2013-09-07 09:30:00+00:00,508.35
5392,2013-09-07 10:00:00+00:00,347.97
5392,2013-09-07 10:30:00+00:00,389.0
5392,2013-09-07 11:00:00+00:00,442.08
5392,2013-09-07 11:30:00+00:00,278.85
5392,2013-09-07 12:00:00+00:00,692.4
5392,2013-09-07 12:30:00+00:00,701.95
5392,2013-09-07 13:00:00+00:00,786.8
5392,2013-09-07 13:30:00+00:00,806.4
5392,2013-09-07 14:00:00+00:00,495.03
5392,2013-09-07 14:30:00+00:00,1197.65
5392,2013-09-07 15:00:00+00:00,1085.35
5392,2013-09-07 15:30:00+00:00,918.4
5392,2013-09-07 16:00:00+00:00,761.05
5392,2013-09-07 16:30:00+00:00,509.3
5392,2013-09-07 17:00:00+00:00,410.57
5392,2013-09-07 17:30:00+00:00,196.34
5392,2013-09-07 18:00:00+00:00,57.02
5392,2013-09-07 18:30:00+00:00,0.49
5392,2013-09-07 19:00:00+00:00,0.0
5392,2013-09-07 19:30:00+00:00,0.0
5392,2013-09-07 20:00:00+00:00,0.0
5392,2013-09-07 20:30:00+00:00,0.0
5392,2013-09-07 21:00:00+00:00,0.0
5392,2013-09-07 21:30:00+00:00,0.0
5392,2013-09-07 22:00:00+00:00,0.0
5392,2013-09-07 22:30:00+00:00,0.0
5392,2013-09-07 23:00:00+00:00,0.0
5392,2013-09-07 23:30:00+00:00,0.0
5392,2013-09-08 00:00:00+00:00,0.0
5392,2013-09-08 00:30:00+00:00,0.0
5392,2013-09-08 01:00:00+00:00,0.0
5392,2013-09-08 01:30:00+00:00,0.0
5392,2013-09-08 02:00:00+00:00,0.0
5392,2013-09-08 02:30:00+00:00,0.0
5392,2013-09-08 03:00:00+00:00,0.0
5392,2013-09-08 03:30:00+00:00,0.0
5392,2013-09-08 04:00:00+00:00,0.0
5392,2013-09-08 04:30:00+00:00,0.0
5392,2013-09-08 05:00:00+00:00,0.0
5392,2013-09-08 05:30:00+00:00,0.0
5392,2013-09-08 06:00:00+00:00,0.87
5392,2013-09-08 06:30:00+00:00,41.76
5392,2013-09-08 07:00:00+00:00,138.21
5392,2013-09-08 07:30:00+00:00,388.86
5392,2013-09-08 08:00:00+00:00,535.7
5392,2013-09-08 08:30:00+00:00,741.4
5392,2013-09-08 09:00:00+00:00,841.25
5392,2013-09-08 09:30:00+00:00,855.05
5392,2013-09-08 10:00:00+00:00,709.3
5392,2013-09-08 10:30:00+00:00,582.3
5392,2013-09-08 11:00:00+00:00,1239.0
5392,2013-09-08 11:30:00+00:00,1239.25
5392,2013-09-08 12:00:00+00:00,634.5
5392,2013-09-08 12:30:00+00:00,666.8
5392,2013-09-08 13:00:00+00:00,554.75
5392,2013-09-08 13:30:00+00:00,410.18
5392,2013-09-08 14:00:00+00:00,506.0
5392,2013-09-08 14:30:00+00:00,483.96
5392,2013-09-08 15:00:00+00:00,237.0
5392,2013-09-08 15:30:00+00:00,144.85
5392,2013-09-08 16:00:00+00:00,251.01
5392,2013-09-08 16:30:00+00:00,215.56
5392,2013-09-08 17:00:00+00:00,57.63
5392,2013-09-08 17:30:00+00:00,184.6
5392,2013-09-08 18:00:00+00:00,63.64
5392,2013-09-08 18:30:00+00:00,0.65
5392,2013-09-08 19:00:00+00:00,0.0
5392,2013-09-08 19:30:00+00:00,0.0
5392,2013-09-08 20:00:00+00:00,0.0
5392,2013-09-08 20:30:00+00:00,0.0
5392,2013-09-08 21:00:00+00:00,0.0
5392,2013-09-08 21:30:00+00:00,0.0
5392,2013-09-08 22:00:00+00:00,0.0
5392,2013-09-08 22:30:00+00:00,0.0
5392,2013-09-08 23:00:00+00:00,0.0
5392,2013-09-08 23:30:00+00:00,0.0
5392,2013-09-09 00:00:00+00:00,0.0
5392,2013-09-09 00:30:00+00:00,0.0
5392,2013-09-09 01:00:00+00:00,0.0
5392,2013-09-09 01:30:00+00:00,0.0
5392,2013-09-09 02:00:00+00:00,0.0
5392,2013-09-09 02:30:00+00:00,0.0
5392,2013-09-09 03:00:00+00:00,0.0
5392,2013-09-09 03:30:00+00:00,0.0
5392,2013-09-09 04:00:00+00:00,0.0
5392,2013-09-09 04:30:00+00:00,0.0
5392,2013-09-09 05:00:00+00:00,0.0
5392,2013-09-09 05:30:00+00:00,0.0
5392,2013-09-09 06:00:00+00:00,0.03
5392,2013-09-09 06:30:00+00:00,0.93
5392,2013-09-09 07:00:00+00:00,21.79
5392,2013-09-09 07:30:00+00:00,76.25
5392,2013-09-09 08:00:00+00:00,97.33
5392,2013-09-09 08:30:00+00:00,75.36
5392,2013-09-09 09:00:00+00:00,98.61
5392,2013-09-09 09:30:00+00:00,82.21
5392,2013-09-09 10:00:00+00:00,111.74
5392,2013-09-09 10:30:00+00:00,152.98
5392,2013-09-09 11:00:00+00:00,93.68
5392,2013-09-09 11:30:00+00:00,78.51
5392,2013-09-09 12:00:00+00:00,96.92
5392,2013-09-09 12:30:00+00:00,143.24
5392,2013-09-09 13:00:00+00:00,154.32
5392,2013-09-09 13:30:00+00:00,131.97
5392,2013-09-09 14:00:00+00:00,97.56
5392,2013-09-09 14:30:00+00:00,140.23
5392,2013-09-09 15:00:00+00:00,240.07
5392,2013-09-09 15:30:00+00:00,589.2
5392,2013-09-09 16:00:00+00:00,305.1
5392,2013-09-09 16:30:00+00:00,326.36
5392,2013-09-09 17:00:00+00:00,59.58
5392,2013-09-09 17:30:00+00:00,52.45
5392,2013-09-09 18:00:00+00:00,61.58
5392,2013-09-09 18:30:00+00:00,0.28
5392,2013-09-09 19:00:00+00:00,0.0
5392,2013-09-09 19:30:00+00:00,0.0
5392,2013-09-09 20:00:00+00:00,0.0
5392,2013-09-09 20:30:00+00:00,0.0
5392,2013-09-09 21:00:00+00:00,0.0
5392,2013-09-09 21:30:00+00:00,0.0
5392,2013-09-09 22:00:00+00:00,0.0
5392,2013-09-09 22:30:00+00:00,0.0
5392,2013-09-09 23:00:00+00:00,0.0
5392,2013-09-09 23:30:00+00:00,0.0
5392,2013-09-10 00:00:00+00:00,0.0
5392,2013-09-10 00:30:00+00:00,0.0
5392,2013-09-10 01:00:00+00:00,0.0
5392,2013-09-10 01:30:00+00:00,0.0
5392,2013-09-10 02:00:00+00:00,0.0
5392,2013-09-10 02:30:00+00:00,0.0
5392,2013-09-10 03:00:00+00:00,0.0
5392,2013-09-10 03:30:00+00:00,0.0
5392,2013-09-10 04:00:00+00:00,0.0
5392,2013-09-10 04:30:00+00:00,0.0
5392,2013-09-10 05:00:00+00:00,0.0
5392,2013-09-10 05:30:00+00:00,0.0
5392,2013-09-10 06:00:00+00:00,1.69
5392,2013-09-10 06:30:00+00:00,21.95
5392,2013-09-10 07:00:00+00:00,49.61
5392,2013-09-10 07:30:00+00:00,126.49
5392,2013-09-10 08:00:00+00:00,197.62
5392,2013-09-10 08:30:00+00:00,233.16
5392,2013-09-10 09:00:00+00:00,429.18
5392,2013-09-10 09:30:00+00:00,902.65
5392,2013-09-10 10:00:00+00:00,1132.7
5392,2013-09-10 10:30:00+00:00,779.6
5392,2013-09-10 11:00:00+00:00,967.8
5392,2013-09-10 11:30:00+00:00,773.85
5392,2013-09-10 12:00:00+00:00,428.75
5392,2013-09-10 12:30:00+00:00,455.01
5392,2013-09-10 13:00:00+00:00,388.38
5392,2013-09-10 13:30:00+00:00,120.16
5392,2013-09-10 14:00:00+00:00,262.09
5392,2013-09-10 14:30:00+00:00,152.31
5392,2013-09-10 15:00:00+00:00,74.72
5392,2013-09-10 15:30:00+00:00,117.48
5392,2013-09-10 16:00:00+00:00,162.17
5392,2013-09-10 16:30:00+00:00,129.42
5392,2013-09-10 17:00:00+00:00,94.36
5392,2013-09-10 17:30:00+00:00,30.66
5392,2013-09-10 18:00:00+00:00,0.41
5392,2013-09-10 18:30:00+00:00,0.0
5392,2013-09-10 19:00:00+00:00,0.0
5392,2013-09-10 19:30:00+00:00,0.0
5392,2013-09-10 20:00:00+00:00,0.0
5392,2013-09-10 20:30:00+00:00,0.0
5392,2013-09-10 21:00:00+00:00,0.0
5392,2013-09-10 21:30:00+00:00,0.0
5392,2013-09-10 22:00:00+00:00,0.0
5392,2013-09-10 22:30:00+00:00,0.0
5392,2013-09-10 23:00:00+00:00,0.0
5392,2013-09-10 23:30:00+00:00,0.0
5392,2013-09-11 00:00:00+00:00,0.0
5392,2013-09-11 00:30:00+00:00,0.0
5392,2013-09-11 01:00:00+00:00,0.0
5392,2013-09-11 01:30:00+00:00,0.0
5392,2013-09-11 02:00:00+00:00,0.0
5392,2013-09-11 02:30:00+00:00,0.0
5392,2013-09-11 03:00:00+00:00,0.0
5392,2013-09-11 03:30:00+00:00,0.0
5392,2013-09-11 04:00:00+00:00,0.0
5392,2013-09-11 04:30:00+00:00,0.0
5392,2013-09-11 05:00:00+00:00,0.0
5392,2013-09-11 05:30:00+00:00,0.0
5392,2013-09-11 06:00:00+00:00,0.0
5392,2013-09-11 06:30:00+00:00,0.94
5392,2013-09-11 07:00:00+00:00,54.06
5392,2013-09-11 07:30:00+00:00,84.74
5392,2013-09-11 08:00:00+00:00,106.42
5392,2013-09-11 08:30:00+00:00,132.69
5392,2013-09-11 09:00:00+00:00,134.07
5392,2013-09-11 09:30:00+00:00,149.43
5392,2013-09-11 10:00:00+00:00,145.25
5392,2013-09-11 10:30:00+00:00,276.14
5392,2013-09-11 11:00:00+00:00,406.23
5392,2013-09-11 11:30:00+00:00,320.66
5392,2013-09-11 12:00:00+00:00,477.8
5392,2013-09-11 12:30:00+00:00,547.1
5392,2013-09-11 13:00:00+00:00,480.7
5392,2013-09-11 13:30:00+00:00,276.58
5392,2013-09-11 14:00:00+00:00,249.29
5392,2013-09-11 14:30:00+00:00,164.28
5392,2013-09-11 15:00:00+00:00,125.93
5392,2013-09-11 15:30:00+00:00,165.02
5392,2013-09-11 16:00:00+00:00,73.09
5392,2013-09-11 16:30:00+00:00,61.99
5392,2013-09-11 17:00:00+00:00,7.88
5392,2013-09-11 17:30:00+00:00,2.45
5392,2013-09-11 18:00:00+00:00,0.06
5392,2013-09-11 18:30:00+00:00,0.0
5392,2013-09-11 19:00:00+00:00,0.0
5392,2013-09-11 19:30:00+00:00,0.0
5392,2013-09-11 20:00:00+00:00,0.0
5392,2013-09-11 20:30:00+00:00,0.0
5392,2013-09-11 21:00:00+00:00,0.0
5392,2013-09-11 21:30:00+00:00,0.0
5392,2013-09-11 22:00:00+00:00,0.0
5392,2013-09-11 22:30:00+00:00,0.0
5392,2013-09-11 23:00:00+00:00,0.0
5392,2013-09-11 23:30:00+00:00,0.0
5392,2013-09-12 00:00:00+00:00,0.0
5392,2013-09-12 00:30:00+00:00,0.0
5392,2013-09-12 01:00:00+00:00,0.0
5392,2013-09-12 01:30:00+00:00,0.0
5392,2013-09-12 02:00:00+00:00,0.0
5392,2013-09-12 02:30:00+00:00,0.0
5392,2013-09-12 03:00:00+00:00,0.0
5392,2013-09-12 03:30:00+00:00,0.0
5392,2013-09-12 04:00:00+00:00,0.0
5392,2013-09-12 04:30:00+00:00,0.0
5392,2013-09-12 05:00:00+00:00,0.0
5392,2013-09-12 05:30:00+00:00,0.0
5392,2013-09-12 06:00:00+00:00,0.0
5392,2013-09-12 06:30:00+00:00,0.09
5392,2013-09-12 07:00:00+00:00,15.68
5392,2013-09-12 07:30:00+00:00,57.93
5392,2013-09-12 08:00:00+00:00,119.44
5392,2013-09-12 08:30:00+00:00,292.9
5392,2013-09-12 09:00:00+00:00,299.02
5392,2013-09-12 09:30:00+00:00,221.99
5392,2013-09-12 10:00:00+00:00,375.71
5392,2013-09-12 10:30:00+00:00,597.0
5392,2013-09-12 11:00:00+00:00,318.78
5392,2013-09-12 11:30:00+00:00,488.17
5392,2013-09-12 12:00:00+00:00,493.19
5392,2013-09-12 12:30:00+00:00,509.75
5392,2013-09-12 13:00:00+00:00,571.55
5392,2013-09-12 13:30:00+00:00,848.6
5392,2013-09-12 14:00:00+00:00,932.9
5392,2013-09-12 14:30:00+00:00,278.2
5392,2013-09-12 15:00:00+00:00,180.13
5392,2013-09-12 15:30:00+00:00,240.23
5392,2013-09-12 16:00:00+00:00,185.62
5392,2013-09-12 16:30:00+00:00,119.84
5392,2013-09-12 17:00:00+00:00,173.96
5392,2013-09-12 17:30:00+00:00,93.96
5392,2013-09-12 18:00:00+00:00,34.16
5392,2013-09-12 18:30:00+00:00,0.02
5392,2013-09-12 19:00:00+00:00,0.0
5392,2013-09-12 19:30:00+00:00,0.0
5392,2013-09-12 20:00:00+00:00,0.0
5392,2013-09-12 20:30:00+00:00,0.0
5392,2013-09-12 21:00:00+00:00,0.0
5392,2013-09-12 21:30:00+00:00,0.0
5392,2013-09-12 22:00:00+00:00,0.0
5392,2013-09-12 22:30:00+00:00,0.0
5392,2013-09-12 23:00:00+00:00,0.0
5392,2013-09-12 23:30:00+00:00,0.0
5392,2013-09-13 00:00:00+00:00,0.0
5392,2013-09-13 00:30:00+00:00,0.0
5392,2013-09-13 01:00:00+00:00,0.0
5392,2013-09-13 01:30:00+00:00,0.0
5392,2013-09-13 02:00:00+00:00,0.0
5392,2013-09-13 02:30:00+00:00,0.0
5392,2013-09-13 03:00:00+00:00,0.0
5392,2013-09-13 03:30:00+00:00,0.0
5392,2013-09-13 04:00:00+00:00,0.0
5392,2013-09-13 04:30:00+00:00,0.0
5392,2013-09-13 05:00:00+00:00,0.0
5392,2013-09-13 05:30:00+00:00,0.0
5392,2013-09-13 06:00:00+00:00,0.28
5392,2013-09-13 06:30:00+00:00,4.05
5392,2013-09-13 07:00:00+00:00,55.36
5392,2013-09-13 07:30:00+00:00,94.68
5392,2013-09-13 08:00:00+00:00,51.58
5392,2013-09-13 08:30:00+00:00,68.34
5392,2013-09-13 09:00:00+00:00,91.25
5392,2013-09-13 09:30:00+00:00,154.56
5392,2013-09-13 10:00:00+00:00,220.43
5392,2013-09-13 10:30:00+00:00,240.87
5392,2013-09-13 11:00:00+00:00,126.71
5392,2013-09-13 11:30:00+00:00,166.8
5392,2013-09-13 12:00:00+00:00,202.35
5392,2013-09-13 12:30:00+00:00,156.85
5392,2013-09-13 13:00:00+00:00,119.33
5392,2013-09-13 13:30:00+00:00,169.56
5392,2013-09-13 14:00:00+00:00,165.56
5392,2013-09-13 14:30:00+00:00,235.1
5392,2013-09-13 15:00:00+00:00,90.5
5392,2013-09-13 15:30:00+00:00,113.66
5392,2013-09-13 16:00:00+00:00,38.86
5392,2013-09-13 16:30:00+00:00,3.07
5392,2013-09-13 17:00:00+00:00,2.01
5392,2013-09-13 17:30:00+00:00,1.08
5392,2013-09-13 18:00:00+00:00,0.07
5392,2013-09-13 18:30:00+00:00,0.0
5392,2013-09-13 19:00:00+00:00,0.0
5392,2013-09-13 19:30:00+00:00,0.0
5392,2013-09-13 20:00:00+00:00,0.0
5392,2013-09-13 20:30:00+00:00,0.0
5392,2013-09-13 21:00:00+00:00,0.0
5392,2013-09-13 21:30:00+00:00,0.0
5392,2013-09-13 22:00:00+00:00,0.0
5392,2013-09-13 22:30:00+00:00,0.0
5392,2013-09-13 23:00:00+00:00,0.0
5392,2013-09-13 23:30:00+00:00,0.0
5392,2013-09-14 00:00:00+00:00,0.0
5392,2013-09-14 00:30:00+00:00,0.0
5392,2013-09-14 01:00:00+00:00,0.0
5392,2013-09-14 01:30:00+00:00,0.0
5392,2013-09-14 02:00:00+00:00,0.0
5392,2013-09-14 02:30:00+00:00,0.0
5392,2013-09-14 03:00:00+00:00,0.0
5392,2013-09-14 03:30:00+00:00,0.0
5392,2013-09-14 04:00:00+00:00,0.0
5392,2013-09-14 04:30:00+00:00,0.0
5392,2013-09-14 05:00:00+00:00,0.0
5392,2013-09-14 05:30:00+00:00,0.0
5392,2013-09-14 06:00:00+00:00,0.0
5392,2013-09-14 06:30:00+00:00,0.47
5392,2013-09-14 07:00:00+00:00,31.69
5392,2013-09-14 07:30:00+00:00,64.99
5392,2013-09-14 08:00:00+00:00,61.29
5392,2013-09-14 08:30:00+00:00,80.54
5392,2013-09-14 09:00:00+00:00,89.46
5392,2013-09-14 09:30:00+00:00,107.36
5392,2013-09-14 10:00:00+00:00,180.12
5392,2013-09-14 10:30:00+00:00,321.59
5392,2013-09-14 11:00:00+00:00,824.05
5392,2013-09-14 11:30:00+00:00,600.85
5392,2013-09-14 12:00:00+00:00,505.2
5392,2013-09-14 12:30:00+00:00,347.06
5392,2013-09-14 13:00:00+00:00,144.18
5392,2013-09-14 13:30:00+00:00,237.32
5392,2013-09-14 14:00:00+00:00,174.97
5392,2013-09-14 14:30:00+00:00,127.13
5392,2013-09-14 15:00:00+00:00,106.87
5392,2013-09-14 15:30:00+00:00,106.53
5392,2013-09-14 16:00:00+00:00,84.36
5392,2013-09-14 16:30:00+00:00,83.32
5392,2013-09-14 17:00:00+00:00,63.69
5392,2013-09-14 17:30:00+00:00,26.22
5392,2013-09-14 18:00:00+00:00,1.68
5392,2013-09-14 18:30:00+00:00,0.0
5392,2013-09-14 19:00:00+00:00,0.0
5392,2013-09-14 19:30:00+00:00,0.0
5392,2013-09-14 20:00:00+00:00,0.0
5392,2013-09-14 20:30:00+00:00,0.0
5392,2013-09-14 21:00:00+00:00,0.0
5392,2013-09-14 21:30:00+00:00,0.0
5392,2013-09-14 22:00:00+00:00,0.0
5392,2013-09-14 22:30:00+00:00,0.0
5392,2013-09-14 23:00:00+00:00,0.0
5392,2013-09-14 23:30:00+00:00,0.0
5392,2013-09-15 00:00:00+00:00,0.0
5392,2013-09-15 00:30:00+00:00,0.0
5392,2013-09-15 01:00:00+00:00,0.0
5392,2013-09-15 01:30:00+00:00,0.0
5392,2013-09-15 02:00:00+00:00,0.0
5392,2013-09-15 02:30:00+00:00,0.0
5392,2013-09-15 03:00:00+00:00,0.0
5392,2013-09-15 03:30:00+00:00,0.0
5392,2013-09-15 04:00:00+00:00,0.0
5392,2013-09-15 04:30:00+00:00,0.0
5392,2013-09-15 05:00:00+00:00,0.0
5392,2013-09-15 05:30:00+00:00,0.0
5392,2013-09-15 06:00:00+00:00,1.07
5392,2013-09-15 06:30:00+00:00,37.17
5392,2013-09-15 07:00:00+00:00,161.1
5392,2013-09-15 07:30:00+00:00,308.57
5392,2013-09-15 08:00:00+00:00,561.8
5392,2013-09-15 08:30:00+00:00,688.4
5392,2013-09-15 09:00:00+00:00,833.95
5392,2013-09-15 09:30:00+00:00,931.4
5392,2013-09-15 10:00:00+00:00,866.55
5392,2013-09-15 10:30:00+00:00,831.55
5392,2013-09-15 11:00:00+00:00,409.71
5392,2013-09-15 11:30:00+00:00,286.77
5392,2013-09-15 12:00:00+00:00,173.83
5392,2013-09-15 12:30:00+00:00,138.26
5392,2013-09-15 13:00:00+00:00,92.12
5392,2013-09-15 13:30:00+00:00,164.63
5392,2013-09-15 14:00:00+00:00,107.7
5392,2013-09-15 14:30:00+00:00,84.52
5392,2013-09-15 15:00:00+00:00,122.55
5392,2013-09-15 15:30:00+00:00,157.86
5392,2013-09-15 16:00:00+00:00,98.28
5392,2013-09-15 16:30:00+00:00,0.89
5392,2013-09-15 17:00:00+00:00,0.98
5392,2013-09-15 17:30:00+00:00,0.25
5392,2013-09-15 18:00:00+00:00,0.0
5392,2013-09-15 18:30:00+00:00,0.0
5392,2013-09-15 19:00:00+00:00,0.0
5392,2013-09-15 19:30:00+00:00,0.0
5392,2013-09-15 20:00:00+00:00,0.0
5392,2013-09-15 20:30:00+00:00,0.0
5392,2013-09-15 21:00:00+00:00,0.0
5392,2013-09-15 21:30:00+00:00,0.0
5392,2013-09-15 22:00:00+00:00,0.0
5392,2013-09-15 22:30:00+00:00,0.0
5392,2013-09-15 23:00:00+00:00,0.0
5392,2013-09-15 23:30:00+00:00,0.0
5392,2013-09-16 00:00:00+00:00,0.0
5392,2013-09-16 00:30:00+00:00,0.0
5392,2013-09-16 01:00:00+00:00,0.0
5392,2013-09-16 01:30:00+00:00,0.0
5392,2013-09-16 02:00:00+00:00,0.0
5392,2013-09-16 02:30:00+00:00,0.0
5392,2013-09-16 03:00:00+00:00,0.0
5392,2013-09-16 03:30:00+00:00,0.0
5392,2013-09-16 04:00:00+00:00,0.0
5392,2013-09-16 04:30:00+00:00,0.0
5392,2013-09-16 05:00:00+00:00,0.0
5392,2013-09-16 05:30:00+00:00,0.0
5392,2013-09-16 06:00:00+00:00,0.7
5392,2013-09-16 06:30:00+00:00,30.48
5392,2013-09-16 07:00:00+00:00,143.5
5392,2013-09-16 07:30:00+00:00,317.08
5392,2013-09-16 08:00:00+00:00,559.95
5392,2013-09-16 08:30:00+00:00,756.55
5392,2013-09-16 09:00:00+00:00,935.1
5392,2013-09-16 09:30:00+00:00,1089.1
5392,2013-09-16 10:00:00+00:00,1196.35
5392,2013-09-16 10:30:00+00:00,1271.9
5392,2013-09-16 11:00:00+00:00,919.85
5392,2013-09-16 11:30:00+00:00,912.7
5392,2013-09-16 12:00:00+00:00,692.85
5392,2013-09-16 12:30:00+00:00,705.9
5392,2013-09-16 13:00:00+00:00,1038.6
5392,2013-09-16 13:30:00+00:00,1062.7
5392,2013-09-16 14:00:00+00:00,723.2
5392,2013-09-16 14:30:00+00:00,853.25
5392,2013-09-16 15:00:00+00:00,538.2
5392,2013-09-16 15:30:00+00:00,250.98
5392,2013-09-16 16:00:00+00:00,581.65
5392,2013-09-16 16:30:00+00:00,128.79
5392,2013-09-16 17:00:00+00:00,131.05
5392,2013-09-16 17:30:00+00:00,118.72
5392,2013-09-16 18:00:00+00:00,19.87
5392,2013-09-16 18:30:00+00:00,0.0
5392,2013-09-16 19:00:00+00:00,0.0
5392,2013-09-16 19:30:00+00:00,0.0
5392,2013-09-16 20:00:00+00:00,0.0
5392,2013-09-16 20:30:00+00:00,0.0
5392,2013-09-16 21:00:00+00:00,0.0
5392,2013-09-16 21:30:00+00:00,0.0
5392,2013-09-16 22:00:00+00:00,0.0
5392,2013-09-16 22:30:00+00:00,0.0
5392,2013-09-16 23:00:00+00:00,0.0
5392,2013-09-16 23:30:00+00:00,0.0
5392,2013-09-17 00:00:00+00:00,0.0
5392,2013-09-17 00:30:00+00:00,0.0
5392,2013-09-17 01:00:00+00:00,0.0
5392,2013-09-17 01:30:00+00:00,0.0
5392,2013-09-17 02:00:00+00:00,0.0
5392,2013-09-17 02:30:00+00:00,0.0
5392,2013-09-17 03:00:00+00:00,0.0
5392,2013-09-17 03:30:00+00:00,0.0
5392,2013-09-17 04:00:00+00:00,0.0
5392,2013-09-17 04:30:00+00:00,0.0
5392,2013-09-17 05:00:00+00:00,0.0
5392,2013-09-17 05:30:00+00:00,0.0
5392,2013-09-17 06:00:00+00:00,0.0
5392,2013-09-17 06:30:00+00:00,31.52
5392,2013-09-17 07:00:00+00:00,106.07
5392,2013-09-17 07:30:00+00:00,178.31
5392,2013-09-17 08:00:00+00:00,544.8
5392,2013-09-17 08:30:00+00:00,529.75
5392,2013-09-17 09:00:00+00:00,545.8
5392,2013-09-17 09:30:00+00:00,896.5
5392,2013-09-17 10:00:00+00:00,529.4
5392,2013-09-17 10:30:00+00:00,398.74
5392,2013-09-17 11:00:00+00:00,687.5
5392,2013-09-17 11:30:00+00:00,838.05
5392,2013-09-17 12:00:00+00:00,451.7
5392,2013-09-17 12:30:00+00:00,166.54
5392,2013-09-17 13:00:00+00:00,70.94
5392,2013-09-17 13:30:00+00:00,87.35
5392,2013-09-17 14:00:00+00:00,168.81
5392,2013-09-17 14:30:00+00:00,280.21
5392,2013-09-17 15:00:00+00:00,148.06
5392,2013-09-17 15:30:00+00:00,154.15
5392,2013-09-17 16:00:00+00:00,45.17
5392,2013-09-17 16:30:00+00:00,25.38
5392,2013-09-17 17:00:00+00:00,18.14
5392,2013-09-17 17:30:00+00:00,1.12
5392,2013-09-17 18:00:00+00:00,0.0
5392,2013-09-17 18:30:00+00:00,0.0
5392,2013-09-17 19:00:00+00:00,0.0
5392,2013-09-17 19:30:00+00:00,0.0
5392,2013-09-17 20:00:00+00:00,0.0
5392,2013-09-17 20:30:00+00:00,0.0
5392,2013-09-17 21:00:00+00:00,0.0
5392,2013-09-17 21:30:00+00:00,0.0
5392,2013-09-17 22:00:00+00:00,0.0
5392,2013-09-17 22:30:00+00:00,0.0
5392,2013-09-17 23:00:00+00:00,0.0
5392,2013-09-17 23:30:00+00:00,0.0
5392,2013-09-18 00:00:00+00:00,0.0
5392,2013-09-18 00:30:00+00:00,0.0
5392,2013-09-18 01:00:00+00:00,0.0
5392,2013-09-18 01:30:00+00:00,0.0
5392,2013-09-18 02:00:00+00:00,0.0
5392,2013-09-18 02:30:00+00:00,0.0
5392,2013-09-18 03:00:00+00:00,0.0
5392,2013-09-18 03:30:00+00:00,0.0
5392,2013-09-18 04:00:00+00:00,0.0
5392,2013-09-18 04:30:00+00:00,0.0
5392,2013-09-18 05:00:00+00:00,0.0
5392,2013-09-18 05:30:00+00:00,0.0
5392,2013-09-18 06:00:00+00:00,0.0
5392,2013-09-18 06:30:00+00:00,12.05
5392,2013-09-18 07:00:00+00:00,63.41
5392,2013-09-18 07:30:00+00:00,126.77
5392,2013-09-18 08:00:00+00:00,440.98
5392,2013-09-18 08:30:00+00:00,744.05
5392,2013-09-18 09:00:00+00:00,781.65
5392,2013-09-18 09:30:00+00:00,906.4
5392,2013-09-18 10:00:00+00:00,633.85
5392,2013-09-18 10:30:00+00:00,921.7
5392,2013-09-18 11:00:00+00:00,1351.45
5392,2013-09-18 11:30:00+00:00,1232.75
5392,2013-09-18 12:00:00+00:00,1205.85
5392,2013-09-18 12:30:00+00:00,861.05
5392,2013-09-18 13:00:00+00:00,999.05
5392,2013-09-18 13:30:00+00:00,492.89
5392,2013-09-18 14:00:00+00:00,660.9
5392,2013-09-18 14:30:00+00:00,801.3
5392,2013-09-18 15:00:00+00:00,146.65
5392,2013-09-18 15:30:00+00:00,289.59
5392,2013-09-18 16:00:00+00:00,699.05
5392,2013-09-18 16:30:00+00:00,413.23
5392,2013-09-18 17:00:00+00:00,148.91
5392,2013-09-18 17:30:00+00:00,73.39
5392,2013-09-18 18:00:00+00:00,13.58
5392,2013-09-18 18:30:00+00:00,0.0
5392,2013-09-18 19:00:00+00:00,0.0
5392,2013-09-18 19:30:00+00:00,0.0
5392,2013-09-18 20:00:00+00:00,0.0
5392,2013-09-18 20:30:00+00:00,0.0
5392,2013-09-18 21:00:00+00:00,0.0
5392,2013-09-18 21:30:00+00:00,0.0
5392,2013-09-18 22:00:00+00:00,0.0
5392,2013-09-18 22:30:00+00:00,0.0
5392,2013-09-18 23:00:00+00:00,0.0
5392,2013-09-18 23:30:00+00:00,0.0
5392,2013-09-19 00:00:00+00:00,0.0
5392,2013-09-19 00:30:00+00:00,0.0
5392,2013-09-19 01:00:00+00:00,0.0
5392,2013-09-19 01:30:00+00:00,0.0
5392,2013-09-19 02:00:00+00:00,0.0
5392,2013-09-19 02:30:00+00:00,0.0
5392,2013-09-19 03:00:00+00:00,0.0
5392,2013-09-19 03:30:00+00:00,0.0
5392,2013-09-19 04:00:00+00:00,0.0
5392,2013-09-19 04:30:00+00:00,0.0
5392,2013-09-19 05:00:00+00:00,0.0
5392,2013-09-19 05:30:00+00:00,0.0
5392,2013-09-19 06:00:00+00:00,0.18
5392,2013-09-19 06:30:00+00:00,2.39
5392,2013-09-19 07:00:00+00:00,17.66
5392,2013-09-19 07:30:00+00:00,110.49
5392,2013-09-19 08:00:00+00:00,182.88
5392,2013-09-19 08:30:00+00:00,133.5
5392,2013-09-19 09:00:00+00:00,183.52
5392,2013-09-19 09:30:00+00:00,226.7
5392,2013-09-19 10:00:00+00:00,515.1
5392,2013-09-19 10:30:00+00:00,875.1
5392,2013-09-19 11:00:00+00:00,728.8
5392,2013-09-19 11:30:00+00:00,339.47
5392,2013-09-19 12:00:00+00:00,355.03
5392,2013-09-19 12:30:00+00:00,246.95
5392,2013-09-19 13:00:00+00:00,201.27
5392,2013-09-19 13:30:00+00:00,224.85
5392,2013-09-19 14:00:00+00:00,173.42
5392,2013-09-19 14:30:00+00:00,104.45
5392,2013-09-19 15:00:00+00:00,90.95
5392,2013-09-19 15:30:00+00:00,84.85
5392,2013-09-19 16:00:00+00:00,29.75
5392,2013-09-19 16:30:00+00:00,91.54
5392,2013-09-19 17:00:00+00:00,69.89
5392,2013-09-19 17:30:00+00:00,114.22
5392,2013-09-19 18:00:00+00:00,13.11
5392,2013-09-19 18:30:00+00:00,0.0
5392,2013-09-19 19:00:00+00:00,0.0
5392,2013-09-19 19:30:00+00:00,0.0
5392,2013-09-19 20:00:00+00:00,0.0
5392,2013-09-19 20:30:00+00:00,0.0
5392,2013-09-19 21:00:00+00:00,0.0
5392,2013-09-19 21:30:00+00:00,0.0
5392,2013-09-19 22:00:00+00:00,0.0
5392,2013-09-19 22:30:00+00:00,0.0
5392,2013-09-19 23:00:00+00:00,0.0
5392,2013-09-19 23:30:00+00:00,0.0
5392,2013-09-20 00:00:00+00:00,0.0
5392,2013-09-20 00:30:00+00:00,0.0
5392,2013-09-20 01:00:00+00:00,0.0
5392,2013-09-20 01:30:00+00:00,0.0
5392,2013-09-20 02:00:00+00:00,0.0
5392,2013-09-20 02:30:00+00:00,0.0
5392,2013-09-20 03:00:00+00:00,0.0
5392,2013-09-20 03:30:00+00:00,0.0
5392,2013-09-20 04:00:00+00:00,0.0
5392,2013-09-20 04:30:00+00:00,0.0
5392,2013-09-20 05:00:00+00:00,0.0
5392,2013-09-20 05:30:00+00:00,0.0
5392,2013-09-20 06:00:00+00:00,0.0
5392,2013-09-20 06:30:00+00:00,0.54
5392,2013-09-20 07:00:00+00:00,4.42
5392,2013-09-20 07:30:00+00:00,31.99
5392,2013-09-20 08:00:00+00:00,70.67
5392,2013-09-20 08:30:00+00:00,86.7
5392,2013-09-20 09:00:00+00:00,213.83
5392,2013-09-20 09:30:00+00:00,284.25
5392,2013-09-20 10:00:00+00:00,416.84
5392,2013-09-20 10:30:00+00:00,292.15
5392,2013-09-20 11:00:00+00:00,292.7
5392,2013-09-20 11:30:00+00:00,718.2
5392,2013-09-20 12:00:00+00:00,909.5
5392,2013-09-20 12:30:00+00:00,442.07
5392,2013-09-20 13:00:00+00:00,649.35
5392,2013-09-20 13:30:00+00:00,933.45
5392,2013-09-20 14:00:00+00:00,342.62
5392,2013-09-20 14:30:00+00:00,1207.6
5392,2013-09-20 15:00:00+00:00,1027.8
5392,2013-09-20 15:30:00+00:00,741.85
5392,2013-09-20 16:00:00+00:00,601.7
5392,2013-09-20 16:30:00+00:00,230.8
5392,2013-09-20 17:00:00+00:00,83.96
5392,2013-09-20 17:30:00+00:00,10.51
5392,2013-09-20 18:00:00+00:00,0.0
5392,2013-09-20 18:30:00+00:00,0.0
5392,2013-09-20 19:00:00+00:00,0.0
5392,2013-09-20 19:30:00+00:00,0.0
5392,2013-09-20 20:00:00+00:00,0.0
5392,2013-09-20 20:30:00+00:00,0.0
5392,2013-09-20 21:00:00+00:00,0.0
5392,2013-09-20 21:30:00+00:00,0.0
5392,2013-09-20 22:00:00+00:00,0.0
5392,2013-09-20 22:30:00+00:00,0.0
5392,2013-09-20 23:00:00+00:00,0.0
5392,2013-09-20 23:30:00+00:00,0.0
5392,2013-09-21 00:00:00+00:00,0.0
5392,2013-09-21 00:30:00+00:00,0.0
5392,2013-09-21 01:00:00+00:00,0.0
5392,2013-09-21 01:30:00+00:00,0.0
5392,2013-09-21 02:00:00+00:00,0.0
5392,2013-09-21 02:30:00+00:00,0.0
5392,2013-09-21 03:00:00+00:00,0.0
5392,2013-09-21 03:30:00+00:00,0.0
5392,2013-09-21 04:00:00+00:00,0.0
5392,2013-09-21 04:30:00+00:00,0.0
5392,2013-09-21 05:00:00+00:00,0.0
5392,2013-09-21 05:30:00+00:00,0.0
5392,2013-09-21 06:00:00+00:00,0.0
5392,2013-09-21 06:30:00+00:00,12.57
5392,2013-09-21 07:00:00+00:00,56.81
5392,2013-09-21 07:30:00+00:00,78.21
5392,2013-09-21 08:00:00+00:00,106.45
5392,2013-09-21 08:30:00+00:00,188.52
5392,2013-09-21 09:00:00+00:00,218.86
5392,2013-09-21 09:30:00+00:00,351.42
5392,2013-09-21 10:00:00+00:00,260.85
5392,2013-09-21 10:30:00+00:00,285.5
5392,2013-09-21 11:00:00+00:00,247.98
5392,2013-09-21 11:30:00+00:00,273.5
5392,2013-09-21 12:00:00+00:00,239.17
5392,2013-09-21 12:30:00+00:00,248.55
5392,2013-09-21 13:00:00+00:00,269.97
5392,2013-09-21 13:30:00+00:00,244.59
5392,2013-09-21 14:00:00+00:00,385.82
5392,2013-09-21 14:30:00+00:00,207.94
5392,2013-09-21 15:00:00+00:00,208.66
5392,2013-09-21 15:30:00+00:00,231.4
5392,2013-09-21 16:00:00+00:00,206.09
5392,2013-09-21 16:30:00+00:00,142.41
5392,2013-09-21 17:00:00+00:00,69.2
5392,2013-09-21 17:30:00+00:00,44.1
5392,2013-09-21 18:00:00+00:00,1.14
5392,2013-09-21 18:30:00+00:00,0.0
5392,2013-09-21 19:00:00+00:00,0.0
5392,2013-09-21 19:30:00+00:00,0.0
5392,2013-09-21 20:00:00+00:00,0.0
5392,2013-09-21 20:30:00+00:00,0.0
5392,2013-09-21 21:00:00+00:00,0.0
5392,2013-09-21 21:30:00+00:00,0.0
5392,2013-09-21 22:00:00+00:00,0.0
5392,2013-09-21 22:30:00+00:00,0.0
5392,2013-09-21 23:00:00+00:00,0.0
5392,2013-09-21 23:30:00+00:00,0.0
5392,2013-09-22 00:00:00+00:00,0.0
5392,2013-09-22 00:30:00+00:00,0.0
5392,2013-09-22 01:00:00+00:00,0.0
5392,2013-09-22 01:30:00+00:00,0.0
5392,2013-09-22 02:00:00+00:00,0.0
5392,2013-09-22 02:30:00+00:00,0.0
5392,2013-09-22 03:00:00+00:00,0.0
5392,2013-09-22 03:30:00+00:00,0.0
5392,2013-09-22 04:00:00+00:00,0.0
5392,2013-09-22 04:30:00+00:00,0.0
5392,2013-09-22 05:00:00+00:00,0.0
5392,2013-09-22 05:30:00+00:00,0.0
5392,2013-09-22 06:00:00+00:00,0.0
5392,2013-09-22 06:30:00+00:00,0.46
5392,2013-09-22 07:00:00+00:00,4.38
5392,2013-09-22 07:30:00+00:00,44.33
5392,2013-09-22 08:00:00+00:00,77.33
5392,2013-09-22 08:30:00+00:00,106.85
5392,2013-09-22 09:00:00+00:00,153.2
5392,2013-09-22 09:30:00+00:00,173.29
5392,2013-09-22 10:00:00+00:00,143.42
5392,2013-09-22 10:30:00+00:00,169.12
5392,2013-09-22 11:00:00+00:00,164.57
5392,2013-09-22 11:30:00+00:00,128.55
5392,2013-09-22 12:00:00+00:00,143.42
5392,2013-09-22 12:30:00+00:00,142.75
5392,2013-09-22 13:00:00+00:00,129.69
5392,2013-09-22 13:30:00+00:00,102.27
5392,2013-09-22 14:00:00+00:00,100.08
5392,2013-09-22 14:30:00+00:00,97.9
5392,2013-09-22 15:00:00+00:00,80.96
5392,2013-09-22 15:30:00+00:00,49.83
5392,2013-09-22 16:00:00+00:00,24.35
5392,2013-09-22 16:30:00+00:00,48.59
5392,2013-09-22 17:00:00+00:00,38.7
5392,2013-09-22 17:30:00+00:00,17.63
5392,2013-09-22 18:00:00+00:00,1.93
5392,2013-09-22 18:30:00+00:00,0.0
5392,2013-09-22 19:00:00+00:00,0.0
5392,2013-09-22 19:30:00+00:00,0.0
5392,2013-09-22 20:00:00+00:00,0.0
5392,2013-09-22 20:30:00+00:00,0.0
5392,2013-09-22 21:00:00+00:00,0.0
5392,2013-09-22 21:30:00+00:00,0.0
5392,2013-09-22 22:00:00+00:00,0.0
5392,2013-09-22 22:30:00+00:00,0.0
5392,2013-09-22 23:00:00+00:00,0.0
5392,2013-09-22 23:30:00+00:00,0.0
5392,2013-09-23 00:00:00+00:00,0.0
5392,2013-09-23 00:30:00+00:00,0.0
5392,2013-09-23 01:00:00+00:00,0.0
5392,2013-09-23 01:30:00+00:00,0.0
5392,2013-09-23 02:00:00+00:00,0.0
5392,2013-09-23 02:30:00+00:00,0.0
5392,2013-09-23 03:00:00+00:00,0.0
5392,2013-09-23 03:30:00+00:00,0.0
5392,2013-09-23 04:00:00+00:00,0.0
5392,2013-09-23 04:30:00+00:00,0.0
5392,2013-09-23 05:00:00+00:00,0.0
5392,2013-09-23 05:30:00+00:00,0.0
5392,2013-09-23 06:00:00+00:00,0.0
5392,2013-09-23 06:30:00+00:00,0.07
5392,2013-09-23 07:00:00+00:00,7.7
5392,2013-09-23 07:30:00+00:00,37.42
5392,2013-09-23 08:00:00+00:00,58.96
5392,2013-09-23 08:30:00+00:00,81.09
5392,2013-09-23 09:00:00+00:00,111.16
5392,2013-09-23 09:30:00+00:00,149.17
5392,2013-09-23 10:00:00+00:00,134.35
5392,2013-09-23 10:30:00+00:00,153.54
5392,2013-09-23 11:00:00+00:00,218.61
5392,2013-09-23 11:30:00+00:00,202.97
5392,2013-09-23 12:00:00+00:00,189.89
5392,2013-09-23 12:30:00+00:00,244.3
5392,2013-09-23 13:00:00+00:00,258.4
5392,2013-09-23 13:30:00+00:00,354.41
5392,2013-09-23 14:00:00+00:00,491.45
5392,2013-09-23 14:30:00+00:00,663.6
5392,2013-09-23 15:00:00+00:00,674.05
5392,2013-09-23 15:30:00+00:00,489.02
5392,2013-09-23 16:00:00+00:00,578.4
5392,2013-09-23 16:30:00+00:00,386.35
5392,2013-09-23 17:00:00+00:00,190.99
5392,2013-09-23 17:30:00+00:00,66.14
5392,2013-09-23 18:00:00+00:00,0.91
5392,2013-09-23 18:30:00+00:00,0.0
5392,2013-09-23 19:00:00+00:00,0.0
5392,2013-09-23 19:30:00+00:00,0.0
5392,2013-09-23 20:00:00+00:00,0.0
5392,2013-09-23 20:30:00+00:00,0.0
5392,2013-09-23 21:00:00+00:00,0.0
5392,2013-09-23 21:30:00+00:00,0.0
5392,2013-09-23 22:00:00+00:00,0.0
5392,2013-09-23 22:30:00+00:00,0.0
5392,2013-09-23 23:00:00+00:00,0.0
5392,2013-09-23 23:30:00+00:00,0.0
5392,2013-09-24 00:00:00+00:00,0.0
5392,2013-09-24 00:30:00+00:00,0.0
5392,2013-09-24 01:00:00+00:00,0.0
5392,2013-09-24 01:30:00+00:00,0.0
5392,2013-09-24 02:00:00+00:00,0.0
5392,2013-09-24 02:30:00+00:00,0.0
5392,2013-09-24 03:00:00+00:00,0.0
5392,2013-09-24 03:30:00+00:00,0.0
5392,2013-09-24 04:00:00+00:00,0.0
5392,2013-09-24 04:30:00+00:00,0.0
5392,2013-09-24 05:00:00+00:00,0.0
5392,2013-09-24 05:30:00+00:00,0.0
5392,2013-09-24 06:00:00+00:00,0.0
5392,2013-09-24 06:30:00+00:00,5.53
5392,2013-09-24 07:00:00+00:00,39.27
5392,2013-09-24 07:30:00+00:00,78.81
5392,2013-09-24 08:00:00+00:00,134.8
5392,2013-09-24 08:30:00+00:00,154.44
5392,2013-09-24 09:00:00+00:00,174.15
5392,2013-09-24 09:30:00+00:00,215.29
5392,2013-09-24 10:00:00+00:00,428.47
5392,2013-09-24 10:30:00+00:00,677.15
5392,2013-09-24 11:00:00+00:00,877.8
5392,2013-09-24 11:30:00+00:00,829.9
5392,2013-09-24 12:00:00+00:00,633.3
5392,2013-09-24 12:30:00+00:00,609.5
5392,2013-09-24 13:00:00+00:00,574.2
5392,2013-09-24 13:30:00+00:00,968.2
5392,2013-09-24 14:00:00+00:00,1009.7
5392,2013-09-24 14:30:00+00:00,798.9
5392,2013-09-24 15:00:00+00:00,809.3
5392,2013-09-24 15:30:00+00:00,604.6
5392,2013-09-24 16:00:00+00:00,365.99
5392,2013-09-24 16:30:00+00:00,241.44
5392,2013-09-24 17:00:00+00:00,113.12
5392,2013-09-24 17:30:00+00:00,15.21
5392,2013-09-24 18:00:00+00:00,0.0
5392,2013-09-24 18:30:00+00:00,0.0
5392,2013-09-24 19:00:00+00:00,0.0
5392,2013-09-24 19:30:00+00:00,0.0
5392,2013-09-24 20:00:00+00:00,0.0
5392,2013-09-24 20:30:00+00:00,0.0
5392,2013-09-24 21:00:00+00:00,0.0
5392,2013-09-24 21:30:00+00:00,0.0
5392,2013-09-24 22:00:00+00:00,0.0
5392,2013-09-24 22:30:00+00:00,0.0
5392,2013-09-24 23:00:00+00:00,0.0
5392,2013-09-24 23:30:00+00:00,0.0
5392,2013-09-25 00:00:00+00:00,0.0
5392,2013-09-25 00:30:00+00:00,0.0
5392,2013-09-25 01:00:00+00:00,0.0
5392,2013-09-25 01:30:00+00:00,0.0
5392,2013-09-25 02:00:00+00:00,0.0
5392,2013-09-25 02:30:00+00:00,0.0
5392,2013-09-25 03:00:00+00:00,0.0
5392,2013-09-25 03:30:00+00:00,0.0
5392,2013-09-25 04:00:00+00:00,0.0
5392,2013-09-25 04:30:00+00:00,0.0
5392,2013-09-25 05:00:00+00:00,0.0
5392,2013-09-25 05:30:00+00:00,0.0
5392,2013-09-25 06:00:00+00:00,0.0
5392,2013-09-25 06:30:00+00:00,0.1
5392,2013-09-25 07:00:00+00:00,18.66
5392,2013-09-25 07:30:00+00:00,106.86
5392,2013-09-25 08:00:00+00:00,150.15
5392,2013-09-25 08:30:00+00:00,196.1
5392,2013-09-25 09:00:00+00:00,268.54
5392,2013-09-25 09:30:00+00:00,552.8
5392,2013-09-25 10:00:00+00:00,781.05
5392,2013-09-25 10:30:00+00:00,317.0
5392,2013-09-25 11:00:00+00:00,357.06
5392,2013-09-25 11:30:00+00:00,692.35
5392,2013-09-25 12:00:00+00:00,393.24
5392,2013-09-25 12:30:00+00:00,372.17
5392,2013-09-25 13:00:00+00:00,695.55
5392,2013-09-25 13:30:00+00:00,694.55
5392,2013-09-25 14:00:00+00:00,438.35
5392,2013-09-25 14:30:00+00:00,373.89
5392,2013-09-25 15:00:00+00:00,331.25
5392,2013-09-25 15:30:00+00:00,265.22
5392,2013-09-25 16:00:00+00:00,389.01
5392,2013-09-25 16:30:00+00:00,189.12
5392,2013-09-25 17:00:00+00:00,100.87
5392,2013-09-25 17:30:00+00:00,35.71
5392,2013-09-25 18:00:00+00:00,0.08
5392,2013-09-25 18:30:00+00:00,0.0
5392,2013-09-25 19:00:00+00:00,0.0
5392,2013-09-25 19:30:00+00:00,0.0
5392,2013-09-25 20:00:00+00:00,0.0
5392,2013-09-25 20:30:00+00:00,0.0
5392,2013-09-25 21:00:00+00:00,0.0
5392,2013-09-25 21:30:00+00:00,0.0
5392,2013-09-25 22:00:00+00:00,0.0
5392,2013-09-25 22:30:00+00:00,0.0
5392,2013-09-25 23:00:00+00:00,0.0
5392,2013-09-25 23:30:00+00:00,0.0
5392,2013-09-26 00:00:00+00:00,0.0
5392,2013-09-26 00:30:00+00:00,0.0
5392,2013-09-26 01:00:00+00:00,0.0
5392,2013-09-26 01:30:00+00:00,0.0
5392,2013-09-26 02:00:00+00:00,0.0
5392,2013-09-26 02:30:00+00:00,0.0
5392,2013-09-26 03:00:00+00:00,0.0
5392,2013-09-26 03:30:00+00:00,0.0
5392,2013-09-26 04:00:00+00:00,0.0
5392,2013-09-26 04:30:00+00:00,0.0
5392,2013-09-26 05:00:00+00:00,0.0
5392,2013-09-26 05:30:00+00:00,0.0
5392,2013-09-26 06:00:00+00:00,0.0
5392,2013-09-26 06:30:00+00:00,7.97
5392,2013-09-26 07:00:00+00:00,28.0
5392,2013-09-26 07:30:00+00:00,244.99
5392,2013-09-26 08:00:00+00:00,458.97
5392,2013-09-26 08:30:00+00:00,664.7
5392,2013-09-26 09:00:00+00:00,809.9
5392,2013-09-26 09:30:00+00:00,937.2
5392,2013-09-26 10:00:00+00:00,942.5
5392,2013-09-26 10:30:00+00:00,1136.55
5392,2013-09-26 11:00:00+00:00,1227.9
5392,2013-09-26 11:30:00+00:00,1003.3
5392,2013-09-26 12:00:00+00:00,796.6
5392,2013-09-26 12:30:00+00:00,620.4
5392,2013-09-26 13:00:00+00:00,545.3
5392,2013-09-26 13:30:00+00:00,338.29
5392,2013-09-26 14:00:00+00:00,482.74
5392,2013-09-26 14:30:00+00:00,873.8
5392,2013-09-26 15:00:00+00:00,808.5
5392,2013-09-26 15:30:00+00:00,724.0
5392,2013-09-26 16:00:00+00:00,435.08
5392,2013-09-26 16:30:00+00:00,160.38
5392,2013-09-26 17:00:00+00:00,211.31
5392,2013-09-26 17:30:00+00:00,49.37
5392,2013-09-26 18:00:00+00:00,0.73
5392,2013-09-26 18:30:00+00:00,0.0
5392,2013-09-26 19:00:00+00:00,0.0
5392,2013-09-26 19:30:00+00:00,0.0
5392,2013-09-26 20:00:00+00:00,0.0
5392,2013-09-26 20:30:00+00:00,0.0
5392,2013-09-26 21:00:00+00:00,0.0
5392,2013-09-26 21:30:00+00:00,0.0
5392,2013-09-26 22:00:00+00:00,0.0
5392,2013-09-26 22:30:00+00:00,0.0
5392,2013-09-26 23:00:00+00:00,0.0
5392,2013-09-26 23:30:00+00:00,0.0
5392,2013-09-27 00:00:00+00:00,0.0
5392,2013-09-27 00:30:00+00:00,0.0
5392,2013-09-27 01:00:00+00:00,0.0
5392,2013-09-27 01:30:00+00:00,0.0
5392,2013-09-27 02:00:00+00:00,0.0
5392,2013-09-27 02:30:00+00:00,0.0
5392,2013-09-27 03:00:00+00:00,0.0
5392,2013-09-27 03:30:00+00:00,0.0
5392,2013-09-27 04:00:00+00:00,0.0
5392,2013-09-27 04:30:00+00:00,0.0
5392,2013-09-27 05:00:00+00:00,0.0
5392,2013-09-27 05:30:00+00:00,0.0
5392,2013-09-27 06:00:00+00:00,0.0
5392,2013-09-27 06:30:00+00:00,3.49
5392,2013-09-27 07:00:00+00:00,74.61
5392,2013-09-27 07:30:00+00:00,187.44
5392,2013-09-27 08:00:00+00:00,345.73
5392,2013-09-27 08:30:00+00:00,525.1
5392,2013-09-27 09:00:00+00:00,675.95
5392,2013-09-27 09:30:00+00:00,643.05
5392,2013-09-27 10:00:00+00:00,738.9
5392,2013-09-27 10:30:00+00:00,936.9
5392,2013-09-27 11:00:00+00:00,891.55
5392,2013-09-27 11:30:00+00:00,782.15
5392,2013-09-27 12:00:00+00:00,871.85
5392,2013-09-27 12:30:00+00:00,681.15
5392,2013-09-27 13:00:00+00:00,647.9
5392,2013-09-27 13:30:00+00:00,812.35
5392,2013-09-27 14:00:00+00:00,943.4
5392,2013-09-27 14:30:00+00:00,871.15
5392,2013-09-27 15:00:00+00:00,496.04
5392,2013-09-27 15:30:00+00:00,399.66
5392,2013-09-27 16:00:00+00:00,186.03
5392,2013-09-27 16:30:00+00:00,95.37
5392,2013-09-27 17:00:00+00:00,40.21
5392,2013-09-27 17:30:00+00:00,0.63
5392,2013-09-27 18:00:00+00:00,0.0
5392,2013-09-27 18:30:00+00:00,0.0
5392,2013-09-27 19:00:00+00:00,0.0
5392,2013-09-27 19:30:00+00:00,0.0
5392,2013-09-27 20:00:00+00:00,0.0
5392,2013-09-27 20:30:00+00:00,0.0
5392,2013-09-27 21:00:00+00:00,0.0
5392,2013-09-27 21:30:00+00:00,0.0
5392,2013-09-27 22:00:00+00:00,0.0
5392,2013-09-27 22:30:00+00:00,0.0
5392,2013-09-27 23:00:00+00:00,0.0
5392,2013-09-27 23:30:00+00:00,0.0
5392,2013-09-28 00:00:00+00:00,0.0
5392,2013-09-28 00:30:00+00:00,0.0
5392,2013-09-28 01:00:00+00:00,0.0
5392,2013-09-28 01:30:00+00:00,0.0
5392,2013-09-28 02:00:00+00:00,0.0
5392,2013-09-28 02:30:00+00:00,0.0
5392,2013-09-28 03:00:00+00:00,0.0
5392,2013-09-28 03:30:00+00:00,0.0
5392,2013-09-28 04:00:00+00:00,0.0
5392,2013-09-28 04:30:00+00:00,0.0
5392,2013-09-28 05:00:00+00:00,0.0
5392,2013-09-28 05:30:00+00:00,0.0
5392,2013-09-28 06:00:00+00:00,0.0
5392,2013-09-28 06:30:00+00:00,1.86
5392,2013-09-28 07:00:00+00:00,59.75
5392,2013-09-28 07:30:00+00:00,160.86
5392,2013-09-28 08:00:00+00:00,385.64
5392,2013-09-28 08:30:00+00:00,619.55
5392,2013-09-28 09:00:00+00:00,491.68
5392,2013-09-28 09:30:00+00:00,351.91
5392,2013-09-28 10:00:00+00:00,507.7
5392,2013-09-28 10:30:00+00:00,965.05
5392,2013-09-28 11:00:00+00:00,710.7
5392,2013-09-28 11:30:00+00:00,324.78
5392,2013-09-28 12:00:00+00:00,618.2
5392,2013-09-28 12:30:00+00:00,537.9
5392,2013-09-28 13:00:00+00:00,373.45
5392,2013-09-28 13:30:00+00:00,200.27
5392,2013-09-28 14:00:00+00:00,129.35
5392,2013-09-28 14:30:00+00:00,88.68
5392,2013-09-28 15:00:00+00:00,133.16
5392,2013-09-28 15:30:00+00:00,86.92
5392,2013-09-28 16:00:00+00:00,55.19
5392,2013-09-28 16:30:00+00:00,46.68
5392,2013-09-28 17:00:00+00:00,48.15
5392,2013-09-28 17:30:00+00:00,6.8
5392,2013-09-28 18:00:00+00:00,0.0
5392,2013-09-28 18:30:00+00:00,0.0
5392,2013-09-28 19:00:00+00:00,0.0
5392,2013-09-28 19:30:00+00:00,0.0
5392,2013-09-28 20:00:00+00:00,0.0
5392,2013-09-28 20:30:00+00:00,0.0
5392,2013-09-28 21:00:00+00:00,0.0
5392,2013-09-28 21:30:00+00:00,0.0
5392,2013-09-28 22:00:00+00:00,0.0
5392,2013-09-28 22:30:00+00:00,0.0
5392,2013-09-28 23:00:00+00:00,0.0
5392,2013-09-28 23:30:00+00:00,0.0
5392,2013-09-29 00:00:00+00:00,0.0
5392,2013-09-29 00:30:00+00:00,0.0
5392,2013-09-29 01:00:00+00:00,0.0
5392,2013-09-29 01:30:00+00:00,0.0
5392,2013-09-29 02:00:00+00:00,0.0
5392,2013-09-29 02:30:00+00:00,0.0
5392,2013-09-29 03:00:00+00:00,0.0
5392,2013-09-29 03:30:00+00:00,0.0
5392,2013-09-29 04:00:00+00:00,0.0
5392,2013-09-29 04:30:00+00:00,0.0
5392,2013-09-29 05:00:00+00:00,0.0
5392,2013-09-29 05:30:00+00:00,0.0
5392,2013-09-29 06:00:00+00:00,0.0
5392,2013-09-29 06:30:00+00:00,12.89
5392,2013-09-29 07:00:00+00:00,44.74
5392,2013-09-29 07:30:00+00:00,75.02
5392,2013-09-29 08:00:00+00:00,108.39
5392,2013-09-29 08:30:00+00:00,175.38
5392,2013-09-29 09:00:00+00:00,207.38
5392,2013-09-29 09:30:00+00:00,230.48
5392,2013-09-29 10:00:00+00:00,396.83
5392,2013-09-29 10:30:00+00:00,430.17
5392,2013-09-29 11:00:00+00:00,642.3
5392,2013-09-29 11:30:00+00:00,509.35
5392,2013-09-29 12:00:00+00:00,492.6
5392,2013-09-29 12:30:00+00:00,493.39
5392,2013-09-29 13:00:00+00:00,176.74
5392,2013-09-29 13:30:00+00:00,211.97
5392,2013-09-29 14:00:00+00:00,175.38
5392,2013-09-29 14:30:00+00:00,136.49
5392,2013-09-29 15:00:00+00:00,133.86
5392,2013-09-29 15:30:00+00:00,89.43
5392,2013-09-29 16:00:00+00:00,90.93
5392,2013-09-29 16:30:00+00:00,60.56
5392,2013-09-29 17:00:00+00:00,22.41
5392,2013-09-29 17:30:00+00:00,0.0
5392,2013-09-29 18:00:00+00:00,0.0
5392,2013-09-29 18:30:00+00:00,0.0
5392,2013-09-29 19:00:00+00:00,0.0
5392,2013-09-29 19:30:00+00:00,0.0
5392,2013-09-29 20:00:00+00:00,0.0
5392,2013-09-29 20:30:00+00:00,0.0
5392,2013-09-29 21:00:00+00:00,0.0
5392,2013-09-29 21:30:00+00:00,0.0
5392,2013-09-29 22:00:00+00:00,0.0
5392,2013-09-29 22:30:00+00:00,0.0
5392,2013-09-29 23:00:00+00:00,0.0
5392,2013-09-29 23:30:00+00:00,0.0
5392,2013-09-30 00:00:00+00:00,0.0
5392,2013-09-30 00:30:00+00:00,0.0
5392,2013-09-30 01:00:00+00:00,0.0
5392,2013-09-30 01:30:00+00:00,0.0
5392,2013-09-30 02:00:00+00:00,0.0
5392,2013-09-30 02:30:00+00:00,0.0
5392,2013-09-30 03:00:00+00:00,0.0
5392,2013-09-30 03:30:00+00:00,0.0
5392,2013-09-30 04:00:00+00:00,0.0
5392,2013-09-30 04:30:00+00:00,0.0
5392,2013-09-30 05:00:00+00:00,0.0
5392,2013-09-30 05:30:00+00:00,0.0
5392,2013-09-30 06:00:00+00:00,0.0
5392,2013-09-30 06:30:00+00:00,1.4
5392,2013-09-30 07:00:00+00:00,32.05
5392,2013-09-30 07:30:00+00:00,60.89
5392,2013-09-30 08:00:00+00:00,125.56
5392,2013-09-30 08:30:00+00:00,274.83
5392,2013-09-30 09:00:00+00:00,165.96
5392,2013-09-30 09:30:00+00:00,486.47
5392,2013-09-30 10:00:00+00:00,1053.1
5392,2013-09-30 10:30:00+00:00,1136.9
5392,2013-09-30 11:00:00+00:00,1173.9
5392,2013-09-30 11:30:00+00:00,1150.65
5392,2013-09-30 12:00:00+00:00,747.6
5392,2013-09-30 12:30:00+00:00,658.35
5392,2013-09-30 13:00:00+00:00,709.35
5392,2013-09-30 13:30:00+00:00,632.3
5392,2013-09-30 14:00:00+00:00,829.75
5392,2013-09-30 14:30:00+00:00,949.7
5392,2013-09-30 15:00:00+00:00,849.5
5392,2013-09-30 15:30:00+00:00,687.7
5392,2013-09-30 16:00:00+00:00,509.8
5392,2013-09-30 16:30:00+00:00,293.31
5392,2013-09-30 17:00:00+00:00,123.32
5392,2013-09-30 17:30:00+00:00,6.59
5392,2013-09-30 18:00:00+00:00,0.0
5392,2013-09-30 18:30:00+00:00,0.0
5392,2013-09-30 19:00:00+00:00,0.0
5392,2013-09-30 19:30:00+00:00,0.0
5392,2013-09-30 20:00:00+00:00,0.0
5392,2013-09-30 20:30:00+00:00,0.0
5392,2013-09-30 21:00:00+00:00,0.0
5392,2013-09-30 21:30:00+00:00,0.0
5392,2013-09-30 22:00:00+00:00,0.0
5392,2013-09-30 22:30:00+00:00,0.0
5392,2013-09-30 23:00:00+00:00,0.0
5392,2013-09-30 23:30:00+00:00,0.0
5392,2013-10-01 00:30:00+00:00,0.0
5392,2013-10-01 01:00:00+00:00,0.0
5392,2013-10-01 01:30:00+00:00,0.0
5392,2013-10-01 02:00:00+00:00,0.0
5392,2013-10-01 02:30:00+00:00,0.0
5392,2013-10-01 03:00:00+00:00,0.0
5392,2013-10-01 03:30:00+00:00,0.0
5392,2013-10-01 04:00:00+00:00,0.0
5392,2013-10-01 04:30:00+00:00,0.0
5392,2013-10-01 05:00:00+00:00,0.0
5392,2013-10-01 05:30:00+00:00,0.0
5392,2013-10-01 06:00:00+00:00,0.0
5392,2013-10-01 06:30:00+00:00,2.59
5392,2013-10-01 07:00:00+00:00,49.8
5392,2013-10-01 07:30:00+00:00,140.27
5392,2013-10-01 08:00:00+00:00,120.97
5392,2013-10-01 08:30:00+00:00,247.35
5392,2013-10-01 09:00:00+00:00,681.5
5392,2013-10-01 09:30:00+00:00,825.55
5392,2013-10-01 10:00:00+00:00,856.4
5392,2013-10-01 10:30:00+00:00,796.25
5392,2013-10-01 11:00:00+00:00,553.25
5392,2013-10-01 11:30:00+00:00,114.87
5392,2013-10-01 12:00:00+00:00,253.97
5392,2013-10-01 12:30:00+00:00,233.31
5392,2013-10-01 13:00:00+00:00,352.25
5392,2013-10-01 13:30:00+00:00,217.05
5392,2013-10-01 14:00:00+00:00,189.89
5392,2013-10-01 14:30:00+00:00,157.08
5392,2013-10-01 15:00:00+00:00,145.3
5392,2013-10-01 15:30:00+00:00,236.1
5392,2013-10-01 16:00:00+00:00,160.85
5392,2013-10-01 16:30:00+00:00,83.58
5392,2013-10-01 17:00:00+00:00,12.07
5392,2013-10-01 17:30:00+00:00,0.11
5392,2013-10-01 18:00:00+00:00,0.0
5392,2013-10-01 18:30:00+00:00,0.0
5392,2013-10-01 19:00:00+00:00,0.0
5392,2013-10-01 19:30:00+00:00,0.0
5392,2013-10-01 20:00:00+00:00,0.0
5392,2013-10-01 20:30:00+00:00,0.0
5392,2013-10-01 21:00:00+00:00,0.0
5392,2013-10-01 21:30:00+00:00,0.0
5392,2013-10-01 22:00:00+00:00,0.0
5392,2013-10-01 22:30:00+00:00,0.0
5392,2013-10-01 23:00:00+00:00,0.0
5392,2013-10-01 23:30:00+00:00,0.0
5392,2013-10-02 00:00:00+00:00,0.0
5392,2013-10-02 00:30:00+00:00,0.0
5392,2013-10-02 01:00:00+00:00,0.0
5392,2013-10-02 01:30:00+00:00,0.0
5392,2013-10-02 02:00:00+00:00,0.0
5392,2013-10-02 02:30:00+00:00,0.0
5392,2013-10-02 03:00:00+00:00,0.0
5392,2013-10-02 03:30:00+00:00,0.0
5392,2013-10-02 04:00:00+00:00,0.0
5392,2013-10-02 04:30:00+00:00,0.0
5392,2013-10-02 05:00:00+00:00,0.0
5392,2013-10-02 05:30:00+00:00,0.0
5392,2013-10-02 06:00:00+00:00,0.0
5392,2013-10-02 06:30:00+00:00,0.0
5392,2013-10-02 07:00:00+00:00,0.0
5392,2013-10-02 07:30:00+00:00,0.0
5392,2013-10-02 08:00:00+00:00,62.59
5392,2013-10-02 08:30:00+00:00,120.09
5392,2013-10-02 09:00:00+00:00,57.18
5392,2013-10-02 09:30:00+00:00,52.24
5392,2013-10-02 10:00:00+00:00,102.36
5392,2013-10-02 10:30:00+00:00,73.06
5392,2013-10-02 11:00:00+00:00,102.87
5392,2013-10-02 11:30:00+00:00,136.42
5392,2013-10-02 12:00:00+00:00,146.8
5392,2013-10-02 12:30:00+00:00,207.8
5392,2013-10-02 13:00:00+00:00,257.59
5392,2013-10-02 13:30:00+00:00,127.82
5392,2013-10-02 14:00:00+00:00,147.04
5392,2013-10-02 14:30:00+00:00,109.68
5392,2013-10-02 15:00:00+00:00,107.62
5392,2013-10-02 15:30:00+00:00,230.56
5392,2013-10-02 16:00:00+00:00,420.57
5392,2013-10-02 16:30:00+00:00,85.75
5392,2013-10-02 17:00:00+00:00,34.78
5392,2013-10-02 17:30:00+00:00,0.16
5392,2013-10-02 18:00:00+00:00,0.0
5392,2013-10-02 18:30:00+00:00,0.0
5392,2013-10-02 19:00:00+00:00,0.0
5392,2013-10-02 19:30:00+00:00,0.0
5392,2013-10-02 20:00:00+00:00,0.0
5392,2013-10-02 20:30:00+00:00,0.0
5392,2013-10-02 21:00:00+00:00,0.0
5392,2013-10-02 21:30:00+00:00,0.0
5392,2013-10-02 22:00:00+00:00,0.0
5392,2013-10-02 22:30:00+00:00,0.0
5392,2013-10-02 23:00:00+00:00,0.0
5392,2013-10-02 23:30:00+00:00,0.0
5392,2013-10-03 00:00:00+00:00,0.0
5392,2013-10-03 00:30:00+00:00,0.0
5392,2013-10-03 01:00:00+00:00,0.0
5392,2013-10-03 01:30:00+00:00,0.0
5392,2013-10-03 02:00:00+00:00,0.0
5392,2013-10-03 02:30:00+00:00,0.0
5392,2013-10-03 03:00:00+00:00,0.0
5392,2013-10-03 03:30:00+00:00,0.0
5392,2013-10-03 04:00:00+00:00,0.0
5392,2013-10-03 04:30:00+00:00,0.0
5392,2013-10-03 05:00:00+00:00,0.0
5392,2013-10-03 05:30:00+00:00,0.0
5392,2013-10-03 06:00:00+00:00,0.0
5392,2013-10-03 06:30:00+00:00,6.07
5392,2013-10-03 07:00:00+00:00,23.17
5392,2013-10-03 07:30:00+00:00,177.15
5392,2013-10-03 08:00:00+00:00,364.6
5392,2013-10-03 08:30:00+00:00,468.97
5392,2013-10-03 09:00:00+00:00,379.72
5392,2013-10-03 09:30:00+00:00,442.4
5392,2013-10-03 10:00:00+00:00,418.56
5392,2013-10-03 10:30:00+00:00,499.19
5392,2013-10-03 11:00:00+00:00,475.34
5392,2013-10-03 11:30:00+00:00,115.69
5392,2013-10-03 12:00:00+00:00,75.09
5392,2013-10-03 12:30:00+00:00,55.38
5392,2013-10-03 13:00:00+00:00,39.51
5392,2013-10-03 13:30:00+00:00,8.2
5392,2013-10-03 14:00:00+00:00,79.34
5392,2013-10-03 14:30:00+00:00,70.26
5392,2013-10-03 15:00:00+00:00,117.05
5392,2013-10-03 15:30:00+00:00,229.94
5392,2013-10-03 16:00:00+00:00,202.03
5392,2013-10-03 16:30:00+00:00,77.11
5392,2013-10-03 17:00:00+00:00,1.03
5392,2013-10-03 17:30:00+00:00,0.0
5392,2013-10-03 18:00:00+00:00,0.0
5392,2013-10-03 18:30:00+00:00,0.0
5392,2013-10-03 19:00:00+00:00,0.0
5392,2013-10-03 19:30:00+00:00,0.0
5392,2013-10-03 20:00:00+00:00,0.0
5392,2013-10-03 20:30:00+00:00,0.0
5392,2013-10-03 21:00:00+00:00,0.0
5392,2013-10-03 21:30:00+00:00,0.0
5392,2013-10-03 22:00:00+00:00,0.0
5392,2013-10-03 22:30:00+00:00,0.0
5392,2013-10-03 23:00:00+00:00,0.0
5392,2013-10-03 23:30:00+00:00,0.0
5392,2013-10-04 00:00:00+00:00,0.0
5392,2013-10-04 00:30:00+00:00,0.0
5392,2013-10-04 01:00:00+00:00,0.0
5392,2013-10-04 01:30:00+00:00,0.0
5392,2013-10-04 02:00:00+00:00,0.0
5392,2013-10-04 02:30:00+00:00,0.0
5392,2013-10-04 03:00:00+00:00,0.0
5392,2013-10-04 03:30:00+00:00,0.0
5392,2013-10-04 04:00:00+00:00,0.0
5392,2013-10-04 04:30:00+00:00,0.0
5392,2013-10-04 05:00:00+00:00,0.0
5392,2013-10-04 05:30:00+00:00,0.0
5392,2013-10-04 06:00:00+00:00,0.0
5392,2013-10-04 06:30:00+00:00,0.0
5392,2013-10-04 07:00:00+00:00,0.13
5392,2013-10-04 07:30:00+00:00,9.44
5392,2013-10-04 08:00:00+00:00,63.85
5392,2013-10-04 08:30:00+00:00,310.17
5392,2013-10-04 09:00:00+00:00,128.94
5392,2013-10-04 09:30:00+00:00,136.01
5392,2013-10-04 10:00:00+00:00,268.42
5392,2013-10-04 10:30:00+00:00,342.03
5392,2013-10-04 11:00:00+00:00,252.07
5392,2013-10-04 11:30:00+00:00,525.35
5392,2013-10-04 12:00:00+00:00,621.1
5392,2013-10-04 12:30:00+00:00,402.72
5392,2013-10-04 13:00:00+00:00,390.8
5392,2013-10-04 13:30:00+00:00,409.01
5392,2013-10-04 14:00:00+00:00,222.0
5392,2013-10-04 14:30:00+00:00,584.55
5392,2013-10-04 15:00:00+00:00,663.15
5392,2013-10-04 15:30:00+00:00,391.89
5392,2013-10-04 16:00:00+00:00,355.25
5392,2013-10-04 16:30:00+00:00,258.59
5392,2013-10-04 17:00:00+00:00,93.03
5392,2013-10-04 17:30:00+00:00,5.08
5392,2013-10-04 18:00:00+00:00,0.0
5392,2013-10-04 18:30:00+00:00,0.0
5392,2013-10-04 19:00:00+00:00,0.0
5392,2013-10-04 19:30:00+00:00,0.0
5392,2013-10-04 20:00:00+00:00,0.0
5392,2013-10-04 20:30:00+00:00,0.0
5392,2013-10-04 21:00:00+00:00,0.0
5392,2013-10-04 21:30:00+00:00,0.0
5392,2013-10-04 22:00:00+00:00,0.0
5392,2013-10-04 22:30:00+00:00,0.0
5392,2013-10-04 23:00:00+00:00,0.0
5392,2013-10-04 23:30:00+00:00,0.0
5392,2013-10-05 00:00:00+00:00,0.0
5392,2013-10-05 00:30:00+00:00,0.0
5392,2013-10-05 01:00:00+00:00,0.0
5392,2013-10-05 01:30:00+00:00,0.0
5392,2013-10-05 02:00:00+00:00,0.0
5392,2013-10-05 02:30:00+00:00,0.0
5392,2013-10-05 03:00:00+00:00,0.0
5392,2013-10-05 03:30:00+00:00,0.0
5392,2013-10-05 04:00:00+00:00,0.0
5392,2013-10-05 04:30:00+00:00,0.0
5392,2013-10-05 05:00:00+00:00,0.0
5392,2013-10-05 05:30:00+00:00,0.0
5392,2013-10-05 06:00:00+00:00,0.0
5392,2013-10-05 06:30:00+00:00,0.0
5392,2013-10-05 07:00:00+00:00,0.67
5392,2013-10-05 07:30:00+00:00,60.91
5392,2013-10-05 08:00:00+00:00,174.5
5392,2013-10-05 08:30:00+00:00,170.8
5392,2013-10-05 09:00:00+00:00,171.64
5392,2013-10-05 09:30:00+00:00,139.07
5392,2013-10-05 10:00:00+00:00,196.33
5392,2013-10-05 10:30:00+00:00,239.92
5392,2013-10-05 11:00:00+00:00,359.86
5392,2013-10-05 11:30:00+00:00,451.33
5392,2013-10-05 12:00:00+00:00,331.68
5392,2013-10-05 12:30:00+00:00,252.71
5392,2013-10-05 13:00:00+00:00,175.22
5392,2013-10-05 13:30:00+00:00,162.69
5392,2013-10-05 14:00:00+00:00,90.05
5392,2013-10-05 14:30:00+00:00,89.68
5392,2013-10-05 15:00:00+00:00,175.15
5392,2013-10-05 15:30:00+00:00,145.83
5392,2013-10-05 16:00:00+00:00,113.89
5392,2013-10-05 16:30:00+00:00,54.15
5392,2013-10-05 17:00:00+00:00,3.42
5392,2013-10-05 17:30:00+00:00,0.04
5392,2013-10-05 18:00:00+00:00,0.0
5392,2013-10-05 18:30:00+00:00,0.0
5392,2013-10-05 19:00:00+00:00,0.0
5392,2013-10-05 19:30:00+00:00,0.0
5392,2013-10-05 20:00:00+00:00,0.0
5392,2013-10-05 20:30:00+00:00,0.0
5392,2013-10-05 21:00:00+00:00,0.0
5392,2013-10-05 21:30:00+00:00,0.0
5392,2013-10-05 22:00:00+00:00,0.0
5392,2013-10-05 22:30:00+00:00,0.0
5392,2013-10-05 23:00:00+00:00,0.0
5392,2013-10-05 23:30:00+00:00,0.0
5392,2013-10-06 00:00:00+00:00,0.0
5392,2013-10-06 00:30:00+00:00,0.0
5392,2013-10-06 01:00:00+00:00,0.0
5392,2013-10-06 01:30:00+00:00,0.0
5392,2013-10-06 02:00:00+00:00,0.0
5392,2013-10-06 02:30:00+00:00,0.0
5392,2013-10-06 03:00:00+00:00,0.0
5392,2013-10-06 03:30:00+00:00,0.0
5392,2013-10-06 04:00:00+00:00,0.0
5392,2013-10-06 04:30:00+00:00,0.0
5392,2013-10-06 05:00:00+00:00,0.0
5392,2013-10-06 05:30:00+00:00,0.0
5392,2013-10-06 06:00:00+00:00,0.0
5392,2013-10-06 06:30:00+00:00,3.63
5392,2013-10-06 07:00:00+00:00,95.3
5392,2013-10-06 07:30:00+00:00,267.75
5392,2013-10-06 08:00:00+00:00,490.79
5392,2013-10-06 08:30:00+00:00,680.9
5392,2013-10-06 09:00:00+00:00,828.6
5392,2013-10-06 09:30:00+00:00,977.2
5392,2013-10-06 10:00:00+00:00,1041.2
5392,2013-10-06 10:30:00+00:00,1148.55
5392,2013-10-06 11:00:00+00:00,1193.55
5392,2013-10-06 11:30:00+00:00,1027.5
5392,2013-10-06 12:00:00+00:00,650.75
5392,2013-10-06 12:30:00+00:00,349.97
5392,2013-10-06 13:00:00+00:00,291.58
5392,2013-10-06 13:30:00+00:00,307.3
5392,2013-10-06 14:00:00+00:00,587.45
5392,2013-10-06 14:30:00+00:00,565.45
5392,2013-10-06 15:00:00+00:00,339.18
5392,2013-10-06 15:30:00+00:00,378.25
5392,2013-10-06 16:00:00+00:00,190.89
5392,2013-10-06 16:30:00+00:00,209.27
5392,2013-10-06 17:00:00+00:00,101.75
5392,2013-10-06 17:30:00+00:00,2.07
5392,2013-10-06 18:00:00+00:00,0.0
5392,2013-10-06 18:30:00+00:00,0.0
5392,2013-10-06 19:00:00+00:00,0.0
5392,2013-10-06 19:30:00+00:00,0.0
5392,2013-10-06 20:00:00+00:00,0.0
5392,2013-10-06 20:30:00+00:00,0.0
5392,2013-10-06 21:00:00+00:00,0.0
5392,2013-10-06 21:30:00+00:00,0.0
5392,2013-10-06 22:00:00+00:00,0.0
5392,2013-10-06 22:30:00+00:00,0.0
5392,2013-10-06 23:00:00+00:00,0.0
5392,2013-10-06 23:30:00+00:00,0.0
5392,2013-10-07 00:00:00+00:00,0.0
5392,2013-10-07 00:30:00+00:00,0.0
5392,2013-10-07 01:00:00+00:00,0.0
5392,2013-10-07 01:30:00+00:00,0.0
5392,2013-10-07 02:00:00+00:00,0.0
5392,2013-10-07 02:30:00+00:00,0.0
5392,2013-10-07 03:00:00+00:00,0.0
5392,2013-10-07 03:30:00+00:00,0.0
5392,2013-10-07 04:00:00+00:00,0.0
5392,2013-10-07 04:30:00+00:00,0.0
5392,2013-10-07 05:00:00+00:00,0.0
5392,2013-10-07 05:30:00+00:00,0.0
5392,2013-10-07 06:00:00+00:00,0.0
5392,2013-10-07 06:30:00+00:00,1.29
5392,2013-10-07 07:00:00+00:00,19.01
5392,2013-10-07 07:30:00+00:00,77.84
5392,2013-10-07 08:00:00+00:00,199.41
5392,2013-10-07 08:30:00+00:00,113.43
5392,2013-10-07 09:00:00+00:00,123.66
5392,2013-10-07 09:30:00+00:00,188.1
5392,2013-10-07 10:00:00+00:00,252.11
5392,2013-10-07 10:30:00+00:00,461.76
5392,2013-10-07 11:00:00+00:00,977.05
5392,2013-10-07 11:30:00+00:00,1029.8
5392,2013-10-07 12:00:00+00:00,641.4
5392,2013-10-07 12:30:00+00:00,379.48
5392,2013-10-07 13:00:00+00:00,341.12
5392,2013-10-07 13:30:00+00:00,456.02
5392,2013-10-07 14:00:00+00:00,479.07
5392,2013-10-07 14:30:00+00:00,652.3
5392,2013-10-07 15:00:00+00:00,343.02
5392,2013-10-07 15:30:00+00:00,374.19
5392,2013-10-07 16:00:00+00:00,215.77
5392,2013-10-07 16:30:00+00:00,72.59
5392,2013-10-07 17:00:00+00:00,30.56
5392,2013-10-07 17:30:00+00:00,0.04
5392,2013-10-07 18:00:00+00:00,0.0
5392,2013-10-07 18:30:00+00:00,0.0
5392,2013-10-07 19:00:00+00:00,0.0
5392,2013-10-07 19:30:00+00:00,0.0
5392,2013-10-07 20:00:00+00:00,0.0
5392,2013-10-07 20:30:00+00:00,0.0
5392,2013-10-07 21:00:00+00:00,0.0
5392,2013-10-07 21:30:00+00:00,0.0
5392,2013-10-07 22:00:00+00:00,0.0
5392,2013-10-07 22:30:00+00:00,0.0
5392,2013-10-07 23:00:00+00:00,0.0
5392,2013-10-07 23:30:00+00:00,0.0
5392,2013-10-08 00:00:00+00:00,0.0
5392,2013-10-08 00:30:00+00:00,0.0
5392,2013-10-08 01:00:00+00:00,0.0
5392,2013-10-08 01:30:00+00:00,0.0
5392,2013-10-08 02:00:00+00:00,0.0
5392,2013-10-08 02:30:00+00:00,0.0
5392,2013-10-08 03:00:00+00:00,0.0
5392,2013-10-08 03:30:00+00:00,0.0
5392,2013-10-08 04:00:00+00:00,0.0
5392,2013-10-08 04:30:00+00:00,0.0
5392,2013-10-08 05:00:00+00:00,0.0
5392,2013-10-08 05:30:00+00:00,0.0
5392,2013-10-08 06:00:00+00:00,0.0
5392,2013-10-08 06:30:00+00:00,0.0
5392,2013-10-08 07:00:00+00:00,49.04
5392,2013-10-08 07:30:00+00:00,231.39
5392,2013-10-08 08:00:00+00:00,424.4
5392,2013-10-08 08:30:00+00:00,639.9
5392,2013-10-08 09:00:00+00:00,838.7
5392,2013-10-08 09:30:00+00:00,939.6
5392,2013-10-08 10:00:00+00:00,1088.1
5392,2013-10-08 10:30:00+00:00,1171.2
5392,2013-10-08 11:00:00+00:00,1117.55
5392,2013-10-08 11:30:00+00:00,868.7
5392,2013-10-08 12:00:00+00:00,522.4
5392,2013-10-08 12:30:00+00:00,515.75
5392,2013-10-08 13:00:00+00:00,249.38
5392,2013-10-08 13:30:00+00:00,311.83
5392,2013-10-08 14:00:00+00:00,423.77
5392,2013-10-08 14:30:00+00:00,318.07
5392,2013-10-08 15:00:00+00:00,469.52
5392,2013-10-08 15:30:00+00:00,158.32
5392,2013-10-08 16:00:00+00:00,63.07
5392,2013-10-08 16:30:00+00:00,7.83
5392,2013-10-08 17:00:00+00:00,46.05
5392,2013-10-08 17:30:00+00:00,0.0
5392,2013-10-08 18:00:00+00:00,0.0
5392,2013-10-08 18:30:00+00:00,0.0
5392,2013-10-08 19:00:00+00:00,0.0
5392,2013-10-08 19:30:00+00:00,0.0
5392,2013-10-08 20:00:00+00:00,0.0
5392,2013-10-08 20:30:00+00:00,0.0
5392,2013-10-08 21:00:00+00:00,0.0
5392,2013-10-08 21:30:00+00:00,0.0
5392,2013-10-08 22:00:00+00:00,0.0
5392,2013-10-08 22:30:00+00:00,0.0
5392,2013-10-08 23:00:00+00:00,0.0
5392,2013-10-08 23:30:00+00:00,0.0
5392,2013-10-09 00:00:00+00:00,0.0
5392,2013-10-09 00:30:00+00:00,0.0
5392,2013-10-09 01:00:00+00:00,0.0
5392,2013-10-09 01:30:00+00:00,0.0
5392,2013-10-09 02:00:00+00:00,0.0
5392,2013-10-09 02:30:00+00:00,0.0
5392,2013-10-09 03:00:00+00:00,0.0
5392,2013-10-09 03:30:00+00:00,0.0
5392,2013-10-09 04:00:00+00:00,0.0
5392,2013-10-09 04:30:00+00:00,0.0
5392,2013-10-09 05:00:00+00:00,0.0
5392,2013-10-09 05:30:00+00:00,0.0
5392,2013-10-09 06:00:00+00:00,0.0
5392,2013-10-09 06:30:00+00:00,0.0
5392,2013-10-09 07:00:00+00:00,1.4
5392,2013-10-09 07:30:00+00:00,50.32
5392,2013-10-09 08:00:00+00:00,124.15
5392,2013-10-09 08:30:00+00:00,74.21
5392,2013-10-09 09:00:00+00:00,102.91
5392,2013-10-09 09:30:00+00:00,251.4
5392,2013-10-09 10:00:00+00:00,475.57
5392,2013-10-09 10:30:00+00:00,968.55
5392,2013-10-09 11:00:00+00:00,329.24
5392,2013-10-09 11:30:00+00:00,789.45
5392,2013-10-09 12:00:00+00:00,453.33
5392,2013-10-09 12:30:00+00:00,268.11
5392,2013-10-09 13:00:00+00:00,282.98
5392,2013-10-09 13:30:00+00:00,173.88
5392,2013-10-09 14:00:00+00:00,231.08
5392,2013-10-09 14:30:00+00:00,179.5
5392,2013-10-09 15:00:00+00:00,103.52
5392,2013-10-09 15:30:00+00:00,103.42
5392,2013-10-09 16:00:00+00:00,88.88
5392,2013-10-09 16:30:00+00:00,22.01
5392,2013-10-09 17:00:00+00:00,3.69
5392,2013-10-09 17:30:00+00:00,0.0
5392,2013-10-09 18:00:00+00:00,0.0
5392,2013-10-09 18:30:00+00:00,0.0
5392,2013-10-09 19:00:00+00:00,0.0
5392,2013-10-09 19:30:00+00:00,0.0
5392,2013-10-09 20:00:00+00:00,0.0
5392,2013-10-09 20:30:00+00:00,0.0
5392,2013-10-09 21:00:00+00:00,0.0
5392,2013-10-09 21:30:00+00:00,0.0
5392,2013-10-09 22:00:00+00:00,0.0
5392,2013-10-09 22:30:00+00:00,0.0
5392,2013-10-09 23:00:00+00:00,0.0
5392,2013-10-09 23:30:00+00:00,0.0
5392,2013-10-10 00:00:00+00:00,0.0
5392,2013-10-10 00:30:00+00:00,0.0
5392,2013-10-10 01:00:00+00:00,0.0
5392,2013-10-10 01:30:00+00:00,0.0
5392,2013-10-10 02:00:00+00:00,0.0
5392,2013-10-10 02:30:00+00:00,0.0
5392,2013-10-10 03:00:00+00:00,0.0
5392,2013-10-10 03:30:00+00:00,0.0
5392,2013-10-10 04:00:00+00:00,0.0
5392,2013-10-10 04:30:00+00:00,0.0
5392,2013-10-10 05:00:00+00:00,0.0
5392,2013-10-10 05:30:00+00:00,0.0
5392,2013-10-10 06:00:00+00:00,0.0
5392,2013-10-10 06:30:00+00:00,0.0
5392,2013-10-10 07:00:00+00:00,5.49
5392,2013-10-10 07:30:00+00:00,152.99
5392,2013-10-10 08:00:00+00:00,363.88
5392,2013-10-10 08:30:00+00:00,214.74
5392,2013-10-10 09:00:00+00:00,308.08
5392,2013-10-10 09:30:00+00:00,299.16
5392,2013-10-10 10:00:00+00:00,304.29
5392,2013-10-10 10:30:00+00:00,686.85
5392,2013-10-10 11:00:00+00:00,855.8
5392,2013-10-10 11:30:00+00:00,443.17
5392,2013-10-10 12:00:00+00:00,304.73
5392,2013-10-10 12:30:00+00:00,330.26
5392,2013-10-10 13:00:00+00:00,220.03
5392,2013-10-10 13:30:00+00:00,353.47
5392,2013-10-10 14:00:00+00:00,622.8
5392,2013-10-10 14:30:00+00:00,574.05
5392,2013-10-10 15:00:00+00:00,324.13
5392,2013-10-10 15:30:00+00:00,91.44
5392,2013-10-10 16:00:00+00:00,301.46
5392,2013-10-10 16:30:00+00:00,229.38
5392,2013-10-10 17:00:00+00:00,35.54
5392,2013-10-10 17:30:00+00:00,0.03
5392,2013-10-10 18:00:00+00:00,0.0
5392,2013-10-10 18:30:00+00:00,0.0
5392,2013-10-10 19:00:00+00:00,0.0
5392,2013-10-10 19:30:00+00:00,0.0
5392,2013-10-10 20:00:00+00:00,0.0
5392,2013-10-10 20:30:00+00:00,0.0
5392,2013-10-10 21:00:00+00:00,0.0
5392,2013-10-10 21:30:00+00:00,0.0
5392,2013-10-10 22:00:00+00:00,0.0
5392,2013-10-10 22:30:00+00:00,0.0
5392,2013-10-10 23:00:00+00:00,0.0
5392,2013-10-10 23:30:00+00:00,0.0
5392,2013-10-11 00:00:00+00:00,0.0
5392,2013-10-11 00:30:00+00:00,0.0
5392,2013-10-11 01:00:00+00:00,0.0
5392,2013-10-11 01:30:00+00:00,0.0
5392,2013-10-11 02:00:00+00:00,0.0
5392,2013-10-11 02:30:00+00:00,0.0
5392,2013-10-11 03:00:00+00:00,0.0
5392,2013-10-11 03:30:00+00:00,0.0
5392,2013-10-11 04:00:00+00:00,0.0
5392,2013-10-11 04:30:00+00:00,0.0
5392,2013-10-11 05:00:00+00:00,0.0
5392,2013-10-11 05:30:00+00:00,0.0
5392,2013-10-11 06:00:00+00:00,0.0
5392,2013-10-11 06:30:00+00:00,0.0
5392,2013-10-11 07:00:00+00:00,0.07
5392,2013-10-11 07:30:00+00:00,12.34
5392,2013-10-11 08:00:00+00:00,150.3
5392,2013-10-11 08:30:00+00:00,200.67
5392,2013-10-11 09:00:00+00:00,182.14
5392,2013-10-11 09:30:00+00:00,163.92
5392,2013-10-11 10:00:00+00:00,139.29
5392,2013-10-11 10:30:00+00:00,138.48
5392,2013-10-11 11:00:00+00:00,92.29
5392,2013-10-11 11:30:00+00:00,76.58
5392,2013-10-11 12:00:00+00:00,19.36
5392,2013-10-11 12:30:00+00:00,19.5
5392,2013-10-11 13:00:00+00:00,79.31
5392,2013-10-11 13:30:00+00:00,56.43
5392,2013-10-11 14:00:00+00:00,21.7
5392,2013-10-11 14:30:00+00:00,12.27
5392,2013-10-11 15:00:00+00:00,6.11
5392,2013-10-11 15:30:00+00:00,3.11
5392,2013-10-11 16:00:00+00:00,0.65
5392,2013-10-11 16:30:00+00:00,0.37
5392,2013-10-11 17:00:00+00:00,0.0
5392,2013-10-11 17:30:00+00:00,0.0
5392,2013-10-11 18:00:00+00:00,0.0
5392,2013-10-11 18:30:00+00:00,0.0
5392,2013-10-11 19:00:00+00:00,0.0
5392,2013-10-11 19:30:00+00:00,0.0
5392,2013-10-11 20:00:00+00:00,0.0
5392,2013-10-11 20:30:00+00:00,0.0
5392,2013-10-11 21:00:00+00:00,0.0
5392,2013-10-11 21:30:00+00:00,0.0
5392,2013-10-11 22:00:00+00:00,0.0
5392,2013-10-11 22:30:00+00:00,0.0
5392,2013-10-11 23:00:00+00:00,0.0
5392,2013-10-11 23:30:00+00:00,0.0
5392,2013-10-12 00:00:00+00:00,0.0
5392,2013-10-12 00:30:00+00:00,0.0
5392,2013-10-12 01:00:00+00:00,0.0
5392,2013-10-12 01:30:00+00:00,0.0
5392,2013-10-12 02:00:00+00:00,0.0
5392,2013-10-12 02:30:00+00:00,0.0
5392,2013-10-12 03:00:00+00:00,0.0
5392,2013-10-12 03:30:00+00:00,0.0
5392,2013-10-12 04:00:00+00:00,0.0
5392,2013-10-12 04:30:00+00:00,0.0
5392,2013-10-12 05:00:00+00:00,0.0
5392,2013-10-12 05:30:00+00:00,0.0
5392,2013-10-12 06:00:00+00:00,0.0
5392,2013-10-12 06:30:00+00:00,0.0
5392,2013-10-12 07:00:00+00:00,0.3
5392,2013-10-12 07:30:00+00:00,78.97
5392,2013-10-12 08:00:00+00:00,185.91
5392,2013-10-12 08:30:00+00:00,190.61
5392,2013-10-12 09:00:00+00:00,600.4
5392,2013-10-12 09:30:00+00:00,761.9
5392,2013-10-12 10:00:00+00:00,594.95
5392,2013-10-12 10:30:00+00:00,1037.5
5392,2013-10-12 11:00:00+00:00,1046.7
5392,2013-10-12 11:30:00+00:00,763.65
5392,2013-10-12 12:00:00+00:00,268.05
5392,2013-10-12 12:30:00+00:00,336.9
5392,2013-10-12 13:00:00+00:00,369.07
5392,2013-10-12 13:30:00+00:00,323.43
5392,2013-10-12 14:00:00+00:00,240.58
5392,2013-10-12 14:30:00+00:00,229.83
5392,2013-10-12 15:00:00+00:00,304.52
5392,2013-10-12 15:30:00+00:00,150.43
5392,2013-10-12 16:00:00+00:00,76.3
5392,2013-10-12 16:30:00+00:00,46.16
5392,2013-10-12 17:00:00+00:00,0.6
5392,2013-10-12 17:30:00+00:00,0.0
5392,2013-10-12 18:00:00+00:00,0.0
5392,2013-10-12 18:30:00+00:00,0.0
5392,2013-10-12 19:00:00+00:00,0.0
5392,2013-10-12 19:30:00+00:00,0.0
5392,2013-10-12 20:00:00+00:00,0.0
5392,2013-10-12 20:30:00+00:00,0.0
5392,2013-10-12 21:00:00+00:00,0.0
5392,2013-10-12 21:30:00+00:00,0.0
5392,2013-10-12 22:00:00+00:00,0.0
5392,2013-10-12 22:30:00+00:00,0.0
5392,2013-10-12 23:00:00+00:00,0.0
5392,2013-10-12 23:30:00+00:00,0.0
5392,2013-10-13 00:00:00+00:00,0.0
5392,2013-10-13 00:30:00+00:00,0.0
5392,2013-10-13 01:00:00+00:00,0.0
5392,2013-10-13 01:30:00+00:00,0.0
5392,2013-10-13 02:00:00+00:00,0.0
5392,2013-10-13 02:30:00+00:00,0.0
5392,2013-10-13 03:00:00+00:00,0.0
5392,2013-10-13 03:30:00+00:00,0.0
5392,2013-10-13 04:00:00+00:00,0.0
5392,2013-10-13 04:30:00+00:00,0.0
5392,2013-10-13 05:00:00+00:00,0.0
5392,2013-10-13 05:30:00+00:00,0.0
5392,2013-10-13 06:00:00+00:00,0.0
5392,2013-10-13 06:30:00+00:00,0.0
5392,2013-10-13 07:00:00+00:00,0.0
5392,2013-10-13 07:30:00+00:00,0.0
5392,2013-10-13 08:00:00+00:00,0.0
5392,2013-10-13 08:30:00+00:00,0.03
5392,2013-10-13 09:00:00+00:00,1.23
5392,2013-10-13 09:30:00+00:00,27.85
5392,2013-10-13 10:00:00+00:00,25.38
5392,2013-10-13 10:30:00+00:00,23.37
5392,2013-10-13 11:00:00+00:00,11.51
5392,2013-10-13 11:30:00+00:00,79.18
5392,2013-10-13 12:00:00+00:00,133.54
5392,2013-10-13 12:30:00+00:00,68.91
5392,2013-10-13 13:00:00+00:00,93.34
5392,2013-10-13 13:30:00+00:00,118.83
5392,2013-10-13 14:00:00+00:00,485.86
5392,2013-10-13 14:30:00+00:00,493.64
5392,2013-10-13 15:00:00+00:00,6.62
5392,2013-10-13 15:30:00+00:00,17.55
5392,2013-10-13 16:00:00+00:00,33.33
5392,2013-10-13 16:30:00+00:00,2.71
5392,2013-10-13 17:00:00+00:00,0.0
5392,2013-10-13 17:30:00+00:00,0.0
5392,2013-10-13 18:00:00+00:00,0.0
5392,2013-10-13 18:30:00+00:00,0.0
5392,2013-10-13 19:00:00+00:00,0.0
5392,2013-10-13 19:30:00+00:00,0.0
5392,2013-10-13 20:00:00+00:00,0.0
5392,2013-10-13 20:30:00+00:00,0.0
5392,2013-10-13 21:00:00+00:00,0.0
5392,2013-10-13 21:30:00+00:00,0.0
5392,2013-10-13 22:00:00+00:00,0.0
5392,2013-10-13 22:30:00+00:00,0.0
5392,2013-10-13 23:00:00+00:00,0.0
5392,2013-10-13 23:30:00+00:00,0.0
5392,2013-10-14 00:00:00+00:00,0.0
5392,2013-10-14 00:30:00+00:00,0.0
5392,2013-10-14 01:00:00+00:00,0.0
5392,2013-10-14 01:30:00+00:00,0.0
5392,2013-10-14 02:00:00+00:00,0.0
5392,2013-10-14 02:30:00+00:00,0.0
5392,2013-10-14 03:00:00+00:00,0.0
5392,2013-10-14 03:30:00+00:00,0.0
5392,2013-10-14 04:00:00+00:00,0.0
5392,2013-10-14 04:30:00+00:00,0.0
5392,2013-10-14 05:00:00+00:00,0.0
5392,2013-10-14 05:30:00+00:00,0.0
5392,2013-10-14 06:00:00+00:00,0.0
5392,2013-10-14 06:30:00+00:00,0.0
5392,2013-10-14 07:00:00+00:00,0.58
5392,2013-10-14 07:30:00+00:00,0.83
5392,2013-10-14 08:00:00+00:00,3.62
5392,2013-10-14 08:30:00+00:00,8.13
5392,2013-10-14 09:00:00+00:00,28.22
5392,2013-10-14 09:30:00+00:00,85.76
5392,2013-10-14 10:00:00+00:00,114.63
5392,2013-10-14 10:30:00+00:00,206.48
5392,2013-10-14 11:00:00+00:00,239.71
5392,2013-10-14 11:30:00+00:00,246.89
5392,2013-10-14 12:00:00+00:00,351.91
5392,2013-10-14 12:30:00+00:00,352.17
5392,2013-10-14 13:00:00+00:00,111.75
5392,2013-10-14 13:30:00+00:00,109.1
5392,2013-10-14 14:00:00+00:00,128.39
5392,2013-10-14 14:30:00+00:00,55.18
5392,2013-10-14 15:00:00+00:00,264.1
5392,2013-10-14 15:30:00+00:00,145.75
5392,2013-10-14 16:00:00+00:00,245.49
5392,2013-10-14 16:30:00+00:00,68.2
5392,2013-10-14 17:00:00+00:00,0.0
5392,2013-10-14 17:30:00+00:00,0.0
5392,2013-10-14 18:00:00+00:00,0.0
5392,2013-10-14 18:30:00+00:00,0.0
5392,2013-10-14 19:00:00+00:00,0.0
5392,2013-10-14 19:30:00+00:00,0.0
5392,2013-10-14 20:00:00+00:00,0.0
5392,2013-10-14 20:30:00+00:00,0.0
5392,2013-10-14 21:00:00+00:00,0.0
5392,2013-10-14 21:30:00+00:00,0.0
5392,2013-10-14 22:00:00+00:00,0.0
5392,2013-10-14 22:30:00+00:00,0.0
5392,2013-10-14 23:00:00+00:00,0.0
5392,2013-10-14 23:30:00+00:00,0.0
5392,2013-10-15 00:00:00+00:00,0.0
5392,2013-10-15 00:30:00+00:00,0.0
5392,2013-10-15 01:00:00+00:00,0.0
5392,2013-10-15 01:30:00+00:00,0.0
5392,2013-10-15 02:00:00+00:00,0.0
5392,2013-10-15 02:30:00+00:00,0.0
5392,2013-10-15 03:00:00+00:00,0.0
5392,2013-10-15 03:30:00+00:00,0.0
5392,2013-10-15 04:00:00+00:00,0.0
5392,2013-10-15 04:30:00+00:00,0.0
5392,2013-10-15 05:00:00+00:00,0.0
5392,2013-10-15 05:30:00+00:00,0.0
5392,2013-10-15 06:00:00+00:00,0.0
5392,2013-10-15 06:30:00+00:00,0.0
5392,2013-10-15 07:00:00+00:00,0.6
5392,2013-10-15 07:30:00+00:00,35.37
5392,2013-10-15 08:00:00+00:00,49.14
5392,2013-10-15 08:30:00+00:00,139.97
5392,2013-10-15 09:00:00+00:00,137.32
5392,2013-10-15 09:30:00+00:00,99.97
5392,2013-10-15 10:00:00+00:00,54.15
5392,2013-10-15 10:30:00+00:00,41.88
5392,2013-10-15 11:00:00+00:00,72.4
5392,2013-10-15 11:30:00+00:00,95.25
5392,2013-10-15 12:00:00+00:00,102.47
5392,2013-10-15 12:30:00+00:00,323.42
5392,2013-10-15 13:00:00+00:00,506.25
5392,2013-10-15 13:30:00+00:00,292.69
5392,2013-10-15 14:00:00+00:00,310.86
5392,2013-10-15 14:30:00+00:00,236.36
5392,2013-10-15 15:00:00+00:00,162.56
5392,2013-10-15 15:30:00+00:00,458.31
5392,2013-10-15 16:00:00+00:00,404.89
5392,2013-10-15 16:30:00+00:00,190.48
5392,2013-10-15 17:00:00+00:00,46.83
5392,2013-10-15 17:30:00+00:00,0.0
5392,2013-10-15 18:00:00+00:00,0.0
5392,2013-10-15 18:30:00+00:00,0.0
5392,2013-10-15 19:00:00+00:00,0.0
5392,2013-10-15 19:30:00+00:00,0.0
5392,2013-10-15 20:00:00+00:00,0.0
5392,2013-10-15 20:30:00+00:00,0.0
5392,2013-10-15 21:00:00+00:00,0.0
5392,2013-10-15 21:30:00+00:00,0.0
5392,2013-10-15 22:00:00+00:00,0.0
5392,2013-10-15 22:30:00+00:00,0.0
5392,2013-10-15 23:00:00+00:00,0.0
5392,2013-10-15 23:30:00+00:00,0.0
5392,2013-10-16 00:00:00+00:00,0.0
5392,2013-10-16 00:30:00+00:00,0.0
5392,2013-10-16 01:00:00+00:00,0.0
5392,2013-10-16 01:30:00+00:00,0.0
5392,2013-10-16 02:00:00+00:00,0.0
5392,2013-10-16 02:30:00+00:00,0.0
5392,2013-10-16 03:00:00+00:00,0.0
5392,2013-10-16 03:30:00+00:00,0.0
5392,2013-10-16 04:00:00+00:00,0.0
5392,2013-10-16 04:30:00+00:00,0.0
5392,2013-10-16 05:00:00+00:00,0.0
5392,2013-10-16 05:30:00+00:00,0.0
5392,2013-10-16 06:00:00+00:00,0.0
5392,2013-10-16 06:30:00+00:00,0.0
5392,2013-10-16 07:00:00+00:00,0.03
5392,2013-10-16 07:30:00+00:00,1.37
5392,2013-10-16 08:00:00+00:00,2.23
5392,2013-10-16 08:30:00+00:00,12.17
5392,2013-10-16 09:00:00+00:00,20.03
5392,2013-10-16 09:30:00+00:00,5.03
5392,2013-10-16 10:00:00+00:00,4.96
5392,2013-10-16 10:30:00+00:00,25.28
5392,2013-10-16 11:00:00+00:00,107.63
5392,2013-10-16 11:30:00+00:00,172.67
5392,2013-10-16 12:00:00+00:00,140.08
5392,2013-10-16 12:30:00+00:00,82.68
5392,2013-10-16 13:00:00+00:00,27.55
5392,2013-10-16 13:30:00+00:00,26.19
5392,2013-10-16 14:00:00+00:00,15.05
5392,2013-10-16 14:30:00+00:00,6.81
5392,2013-10-16 15:00:00+00:00,56.84
5392,2013-10-16 15:30:00+00:00,266.07
5392,2013-10-16 16:00:00+00:00,290.75
5392,2013-10-16 16:30:00+00:00,205.08
5392,2013-10-16 17:00:00+00:00,46.03
5392,2013-10-16 17:30:00+00:00,0.0
5392,2013-10-16 18:00:00+00:00,0.0
5392,2013-10-16 18:30:00+00:00,0.0
5392,2013-10-16 19:00:00+00:00,0.0
5392,2013-10-16 19:30:00+00:00,0.0
5392,2013-10-16 20:00:00+00:00,0.0
5392,2013-10-16 20:30:00+00:00,0.0
5392,2013-10-16 21:00:00+00:00,0.0
5392,2013-10-16 21:30:00+00:00,0.0
5392,2013-10-16 22:00:00+00:00,0.0
5392,2013-10-16 22:30:00+00:00,0.0
5392,2013-10-16 23:00:00+00:00,0.0
5392,2013-10-16 23:30:00+00:00,0.0
5392,2013-10-17 00:00:00+00:00,0.0
5392,2013-10-17 00:30:00+00:00,0.0
5392,2013-10-17 01:00:00+00:00,0.0
5392,2013-10-17 01:30:00+00:00,0.0
5392,2013-10-17 02:00:00+00:00,0.0
5392,2013-10-17 02:30:00+00:00,0.0
5392,2013-10-17 03:00:00+00:00,0.0
5392,2013-10-17 03:30:00+00:00,0.0
5392,2013-10-17 04:00:00+00:00,0.0
5392,2013-10-17 04:30:00+00:00,0.0
5392,2013-10-17 05:00:00+00:00,0.0
5392,2013-10-17 05:30:00+00:00,0.0
5392,2013-10-17 06:00:00+00:00,0.0
5392,2013-10-17 06:30:00+00:00,0.0
5392,2013-10-17 07:00:00+00:00,0.05
5392,2013-10-17 07:30:00+00:00,97.92
5392,2013-10-17 08:00:00+00:00,398.48
5392,2013-10-17 08:30:00+00:00,639.75
5392,2013-10-17 09:00:00+00:00,826.0
5392,2013-10-17 09:30:00+00:00,961.25
5392,2013-10-17 10:00:00+00:00,1093.95
5392,2013-10-17 10:30:00+00:00,1064.25
5392,2013-10-17 11:00:00+00:00,1138.35
5392,2013-10-17 11:30:00+00:00,328.29
5392,2013-10-17 12:00:00+00:00,380.81
5392,2013-10-17 12:30:00+00:00,202.51
5392,2013-10-17 13:00:00+00:00,176.79
5392,2013-10-17 13:30:00+00:00,215.21
5392,2013-10-17 14:00:00+00:00,388.42
5392,2013-10-17 14:30:00+00:00,647.4
5392,2013-10-17 15:00:00+00:00,668.55
5392,2013-10-17 15:30:00+00:00,182.99
5392,2013-10-17 16:00:00+00:00,205.13
5392,2013-10-17 16:30:00+00:00,174.31
5392,2013-10-17 17:00:00+00:00,22.88
5392,2013-10-17 17:30:00+00:00,0.0
5392,2013-10-17 18:00:00+00:00,0.0
5392,2013-10-17 18:30:00+00:00,0.0
5392,2013-10-17 19:00:00+00:00,0.0
5392,2013-10-17 19:30:00+00:00,0.0
5392,2013-10-17 20:00:00+00:00,0.0
5392,2013-10-17 20:30:00+00:00,0.0
5392,2013-10-17 21:00:00+00:00,0.0
5392,2013-10-17 21:30:00+00:00,0.0
5392,2013-10-17 22:00:00+00:00,0.0
5392,2013-10-17 22:30:00+00:00,0.0
5392,2013-10-17 23:00:00+00:00,0.0
5392,2013-10-17 23:30:00+00:00,0.0
5392,2013-10-18 00:00:00+00:00,0.0
5392,2013-10-18 00:30:00+00:00,0.0
5392,2013-10-18 01:00:00+00:00,0.0
5392,2013-10-18 01:30:00+00:00,0.0
5392,2013-10-18 02:00:00+00:00,0.0
5392,2013-10-18 02:30:00+00:00,0.0
5392,2013-10-18 03:00:00+00:00,0.0
5392,2013-10-18 03:30:00+00:00,0.0
5392,2013-10-18 04:00:00+00:00,0.0
5392,2013-10-18 04:30:00+00:00,0.0
5392,2013-10-18 05:00:00+00:00,0.0
5392,2013-10-18 05:30:00+00:00,0.0
5392,2013-10-18 06:00:00+00:00,0.0
5392,2013-10-18 06:30:00+00:00,0.0
5392,2013-10-18 07:00:00+00:00,1.33
5392,2013-10-18 07:30:00+00:00,39.83
5392,2013-10-18 08:00:00+00:00,52.14
5392,2013-10-18 08:30:00+00:00,67.03
5392,2013-10-18 09:00:00+00:00,127.43
5392,2013-10-18 09:30:00+00:00,251.85
5392,2013-10-18 10:00:00+00:00,793.2
5392,2013-10-18 10:30:00+00:00,639.9
5392,2013-10-18 11:00:00+00:00,243.95
5392,2013-10-18 11:30:00+00:00,217.04
5392,2013-10-18 12:00:00+00:00,203.71
5392,2013-10-18 12:30:00+00:00,169.87
5392,2013-10-18 13:00:00+00:00,265.15
5392,2013-10-18 13:30:00+00:00,239.62
5392,2013-10-18 14:00:00+00:00,178.57
5392,2013-10-18 14:30:00+00:00,326.38
5392,2013-10-18 15:00:00+00:00,185.17
5392,2013-10-18 15:30:00+00:00,107.56
5392,2013-10-18 16:00:00+00:00,87.18
5392,2013-10-18 16:30:00+00:00,28.15
5392,2013-10-18 17:00:00+00:00,0.16
5392,2013-10-18 17:30:00+00:00,0.0
5392,2013-10-18 18:00:00+00:00,0.0
5392,2013-10-18 18:30:00+00:00,0.0
5392,2013-10-18 19:00:00+00:00,0.0
5392,2013-10-18 19:30:00+00:00,0.0
5392,2013-10-18 20:00:00+00:00,0.0
5392,2013-10-18 20:30:00+00:00,0.0
5392,2013-10-18 21:00:00+00:00,0.0
5392,2013-10-18 21:30:00+00:00,0.0
5392,2013-10-18 22:00:00+00:00,0.0
5392,2013-10-18 22:30:00+00:00,0.0
5392,2013-10-18 23:00:00+00:00,0.0
5392,2013-10-18 23:30:00+00:00,0.0
5392,2013-10-19 00:00:00+00:00,0.0
5392,2013-10-19 00:30:00+00:00,0.0
5392,2013-10-19 01:00:00+00:00,0.0
5392,2013-10-19 01:30:00+00:00,0.0
5392,2013-10-19 02:00:00+00:00,0.0
5392,2013-10-19 02:30:00+00:00,0.0
5392,2013-10-19 03:00:00+00:00,0.0
5392,2013-10-19 03:30:00+00:00,0.0
5392,2013-10-19 04:00:00+00:00,0.0
5392,2013-10-19 04:30:00+00:00,0.0
5392,2013-10-19 05:00:00+00:00,0.0
5392,2013-10-19 05:30:00+00:00,0.0
5392,2013-10-19 06:00:00+00:00,0.0
5392,2013-10-19 06:30:00+00:00,0.0
5392,2013-10-19 07:00:00+00:00,0.76
5392,2013-10-19 07:30:00+00:00,8.79
5392,2013-10-19 08:00:00+00:00,23.92
5392,2013-10-19 08:30:00+00:00,52.77
5392,2013-10-19 09:00:00+00:00,42.37
5392,2013-10-19 09:30:00+00:00,66.91
5392,2013-10-19 10:00:00+00:00,53.36
5392,2013-10-19 10:30:00+00:00,42.3
5392,2013-10-19 11:00:00+00:00,24.78
5392,2013-10-19 11:30:00+00:00,32.48
5392,2013-10-19 12:00:00+00:00,93.35
5392,2013-10-19 12:30:00+00:00,87.02
5392,2013-10-19 13:00:00+00:00,77.92
5392,2013-10-19 13:30:00+00:00,55.42
5392,2013-10-19 14:00:00+00:00,62.19
5392,2013-10-19 14:30:00+00:00,72.14
5392,2013-10-19 15:00:00+00:00,212.58
5392,2013-10-19 15:30:00+00:00,327.52
5392,2013-10-19 16:00:00+00:00,26.17
5392,2013-10-19 16:30:00+00:00,22.01
5392,2013-10-19 17:00:00+00:00,0.71
5392,2013-10-19 17:30:00+00:00,0.0
5392,2013-10-19 18:00:00+00:00,0.0
5392,2013-10-19 18:30:00+00:00,0.0
5392,2013-10-19 19:00:00+00:00,0.0
5392,2013-10-19 19:30:00+00:00,0.0
5392,2013-10-19 20:00:00+00:00,0.0
5392,2013-10-19 20:30:00+00:00,0.0
5392,2013-10-19 21:00:00+00:00,0.0
5392,2013-10-19 21:30:00+00:00,0.0
5392,2013-10-19 22:00:00+00:00,0.0
5392,2013-10-19 22:30:00+00:00,0.0
5392,2013-10-19 23:00:00+00:00,0.0
5392,2013-10-19 23:30:00+00:00,0.0
5392,2013-10-20 00:00:00+00:00,0.0
5392,2013-10-20 00:30:00+00:00,0.0
5392,2013-10-20 01:00:00+00:00,0.0
5392,2013-10-20 01:30:00+00:00,0.0
5392,2013-10-20 02:00:00+00:00,0.0
5392,2013-10-20 02:30:00+00:00,0.0
5392,2013-10-20 03:00:00+00:00,0.0
5392,2013-10-20 03:30:00+00:00,0.0
5392,2013-10-20 04:00:00+00:00,0.0
5392,2013-10-20 04:30:00+00:00,0.0
5392,2013-10-20 05:00:00+00:00,0.0
5392,2013-10-20 05:30:00+00:00,0.0
5392,2013-10-20 06:00:00+00:00,0.0
5392,2013-10-20 06:30:00+00:00,0.0
5392,2013-10-20 07:00:00+00:00,0.08
5392,2013-10-20 07:30:00+00:00,9.87
5392,2013-10-20 08:00:00+00:00,34.01
5392,2013-10-20 08:30:00+00:00,70.18
5392,2013-10-20 09:00:00+00:00,408.88
5392,2013-10-20 09:30:00+00:00,478.8
5392,2013-10-20 10:00:00+00:00,905.25
5392,2013-10-20 10:30:00+00:00,967.85
5392,2013-10-20 11:00:00+00:00,698.85
5392,2013-10-20 11:30:00+00:00,283.15
5392,2013-10-20 12:00:00+00:00,247.41
5392,2013-10-20 12:30:00+00:00,363.33
5392,2013-10-20 13:00:00+00:00,246.12
5392,2013-10-20 13:30:00+00:00,244.6
5392,2013-10-20 14:00:00+00:00,132.08
5392,2013-10-20 14:30:00+00:00,2.76
5392,2013-10-20 15:00:00+00:00,0.0
5392,2013-10-20 15:30:00+00:00,35.9
5392,2013-10-20 16:00:00+00:00,52.82
5392,2013-10-20 16:30:00+00:00,7.75
5392,2013-10-20 17:00:00+00:00,2.0
5392,2013-10-20 17:30:00+00:00,0.0
5392,2013-10-20 18:00:00+00:00,0.0
5392,2013-10-20 18:30:00+00:00,0.0
5392,2013-10-20 19:00:00+00:00,0.0
5392,2013-10-20 19:30:00+00:00,0.0
5392,2013-10-20 20:00:00+00:00,0.0
5392,2013-10-20 20:30:00+00:00,0.0
5392,2013-10-20 21:00:00+00:00,0.0
5392,2013-10-20 21:30:00+00:00,0.0
5392,2013-10-20 22:00:00+00:00,0.0
5392,2013-10-20 22:30:00+00:00,0.0
5392,2013-10-20 23:00:00+00:00,0.0
5392,2013-10-20 23:30:00+00:00,0.0
5392,2013-10-21 00:00:00+00:00,0.0
5392,2013-10-21 00:30:00+00:00,0.0
5392,2013-10-21 01:00:00+00:00,0.0
5392,2013-10-21 01:30:00+00:00,0.0
5392,2013-10-21 02:00:00+00:00,0.0
5392,2013-10-21 02:30:00+00:00,0.0
5392,2013-10-21 03:00:00+00:00,0.0
5392,2013-10-21 03:30:00+00:00,0.0
5392,2013-10-21 04:00:00+00:00,0.0
5392,2013-10-21 04:30:00+00:00,0.0
5392,2013-10-21 05:00:00+00:00,0.0
5392,2013-10-21 05:30:00+00:00,0.0
5392,2013-10-21 06:00:00+00:00,0.0
5392,2013-10-21 06:30:00+00:00,0.0
5392,2013-10-21 07:00:00+00:00,0.08
5392,2013-10-21 07:30:00+00:00,3.06
5392,2013-10-21 08:00:00+00:00,12.24
5392,2013-10-21 08:30:00+00:00,55.03
5392,2013-10-21 09:00:00+00:00,104.09
5392,2013-10-21 09:30:00+00:00,78.95
5392,2013-10-21 10:00:00+00:00,132.63
5392,2013-10-21 10:30:00+00:00,85.56
5392,2013-10-21 11:00:00+00:00,105.52
5392,2013-10-21 11:30:00+00:00,183.51
5392,2013-10-21 12:00:00+00:00,256.45
5392,2013-10-21 12:30:00+00:00,304.73
5392,2013-10-21 13:00:00+00:00,258.67
5392,2013-10-21 13:30:00+00:00,283.07
5392,2013-10-21 14:00:00+00:00,236.37
5392,2013-10-21 14:30:00+00:00,192.05
5392,2013-10-21 15:00:00+00:00,131.14
5392,2013-10-21 15:30:00+00:00,142.32
5392,2013-10-21 16:00:00+00:00,335.67
5392,2013-10-21 16:30:00+00:00,100.33
5392,2013-10-21 17:00:00+00:00,0.44
5392,2013-10-21 17:30:00+00:00,0.0
5392,2013-10-21 18:00:00+00:00,0.0
5392,2013-10-21 18:30:00+00:00,0.0
5392,2013-10-21 19:00:00+00:00,0.0
5392,2013-10-21 19:30:00+00:00,0.0
5392,2013-10-21 20:00:00+00:00,0.0
5392,2013-10-21 20:30:00+00:00,0.0
5392,2013-10-21 21:00:00+00:00,0.0
5392,2013-10-21 21:30:00+00:00,0.0
5392,2013-10-21 22:00:00+00:00,0.0
5392,2013-10-21 22:30:00+00:00,0.0
5392,2013-10-21 23:00:00+00:00,0.0
5392,2013-10-21 23:30:00+00:00,0.0
5392,2013-10-22 00:00:00+00:00,0.0
5392,2013-10-22 00:30:00+00:00,0.0
5392,2013-10-22 01:00:00+00:00,0.0
5392,2013-10-22 01:30:00+00:00,0.0
5392,2013-10-22 02:00:00+00:00,0.0
5392,2013-10-22 02:30:00+00:00,0.0
5392,2013-10-22 03:00:00+00:00,0.0
5392,2013-10-22 03:30:00+00:00,0.0
5392,2013-10-22 04:00:00+00:00,0.0
5392,2013-10-22 04:30:00+00:00,0.0
5392,2013-10-22 05:00:00+00:00,0.0
5392,2013-10-22 05:30:00+00:00,0.0
5392,2013-10-22 06:00:00+00:00,0.0
5392,2013-10-22 06:30:00+00:00,0.0
5392,2013-10-22 07:00:00+00:00,0.0
5392,2013-10-22 07:30:00+00:00,12.29
5392,2013-10-22 08:00:00+00:00,20.21
5392,2013-10-22 08:30:00+00:00,328.44
5392,2013-10-22 09:00:00+00:00,223.69
5392,2013-10-22 09:30:00+00:00,39.9
5392,2013-10-22 10:00:00+00:00,70.62
5392,2013-10-22 10:30:00+00:00,79.09
5392,2013-10-22 11:00:00+00:00,91.03
5392,2013-10-22 11:30:00+00:00,177.55
5392,2013-10-22 12:00:00+00:00,83.31
5392,2013-10-22 12:30:00+00:00,3.57
5392,2013-10-22 13:00:00+00:00,68.86
5392,2013-10-22 13:30:00+00:00,174.7
5392,2013-10-22 14:00:00+00:00,144.01
5392,2013-10-22 14:30:00+00:00,199.21
5392,2013-10-22 15:00:00+00:00,108.13
5392,2013-10-22 15:30:00+00:00,129.35
5392,2013-10-22 16:00:00+00:00,189.04
5392,2013-10-22 16:30:00+00:00,106.65
5392,2013-10-22 17:00:00+00:00,2.02
5392,2013-10-22 17:30:00+00:00,0.0
5392,2013-10-22 18:00:00+00:00,0.0
5392,2013-10-22 18:30:00+00:00,0.0
5392,2013-10-22 19:00:00+00:00,0.0
5392,2013-10-22 19:30:00+00:00,0.0
5392,2013-10-22 20:00:00+00:00,0.0
5392,2013-10-22 20:30:00+00:00,0.0
5392,2013-10-22 21:00:00+00:00,0.0
5392,2013-10-22 21:30:00+00:00,0.0
5392,2013-10-22 22:00:00+00:00,0.0
5392,2013-10-22 22:30:00+00:00,0.0
5392,2013-10-22 23:00:00+00:00,0.0
5392,2013-10-22 23:30:00+00:00,0.0
5392,2013-10-23 00:00:00+00:00,0.0
5392,2013-10-23 00:30:00+00:00,0.0
5392,2013-10-23 01:00:00+00:00,0.0
5392,2013-10-23 01:30:00+00:00,0.0
5392,2013-10-23 02:00:00+00:00,0.0
5392,2013-10-23 02:30:00+00:00,0.0
5392,2013-10-23 03:00:00+00:00,0.0
5392,2013-10-23 03:30:00+00:00,0.0
5392,2013-10-23 04:00:00+00:00,0.0
5392,2013-10-23 04:30:00+00:00,0.0
5392,2013-10-23 05:00:00+00:00,0.0
5392,2013-10-23 05:30:00+00:00,0.0
5392,2013-10-23 06:00:00+00:00,0.0
5392,2013-10-23 06:30:00+00:00,0.0
5392,2013-10-23 07:00:00+00:00,0.0
5392,2013-10-23 07:30:00+00:00,24.6
5392,2013-10-23 08:00:00+00:00,60.09
5392,2013-10-23 08:30:00+00:00,330.06
5392,2013-10-23 09:00:00+00:00,62.34
5392,2013-10-23 09:30:00+00:00,326.38
5392,2013-10-23 10:00:00+00:00,414.35
5392,2013-10-23 10:30:00+00:00,179.49
5392,2013-10-23 11:00:00+00:00,238.18
5392,2013-10-23 11:30:00+00:00,174.26
5392,2013-10-23 12:00:00+00:00,164.27
5392,2013-10-23 12:30:00+00:00,226.7
5392,2013-10-23 13:00:00+00:00,138.67
5392,2013-10-23 13:30:00+00:00,144.23
5392,2013-10-23 14:00:00+00:00,241.1
5392,2013-10-23 14:30:00+00:00,766.75
5392,2013-10-23 15:00:00+00:00,802.35
5392,2013-10-23 15:30:00+00:00,609.85
5392,2013-10-23 16:00:00+00:00,388.87
5392,2013-10-23 16:30:00+00:00,137.32
5392,2013-10-23 17:00:00+00:00,0.35
5392,2013-10-23 17:30:00+00:00,0.0
5392,2013-10-23 18:00:00+00:00,0.0
5392,2013-10-23 18:30:00+00:00,0.0
5392,2013-10-23 19:00:00+00:00,0.0
5392,2013-10-23 19:30:00+00:00,0.0
5392,2013-10-23 20:00:00+00:00,0.0
5392,2013-10-23 20:30:00+00:00,0.0
5392,2013-10-23 21:00:00+00:00,0.0
5392,2013-10-23 21:30:00+00:00,0.0
5392,2013-10-23 22:00:00+00:00,0.0
5392,2013-10-23 22:30:00+00:00,0.0
5392,2013-10-23 23:00:00+00:00,0.0
5392,2013-10-23 23:30:00+00:00,0.0
5392,2013-10-24 00:00:00+00:00,0.0
5392,2013-10-24 00:30:00+00:00,0.0
5392,2013-10-24 01:00:00+00:00,0.0
5392,2013-10-24 01:30:00+00:00,0.0
5392,2013-10-24 02:00:00+00:00,0.0
5392,2013-10-24 02:30:00+00:00,0.0
5392,2013-10-24 03:00:00+00:00,0.0
5392,2013-10-24 03:30:00+00:00,0.0
5392,2013-10-24 04:00:00+00:00,0.0
5392,2013-10-24 04:30:00+00:00,0.0
5392,2013-10-24 05:00:00+00:00,0.0
5392,2013-10-24 05:30:00+00:00,0.0
5392,2013-10-24 06:00:00+00:00,0.0
5392,2013-10-24 06:30:00+00:00,0.0
5392,2013-10-24 07:00:00+00:00,6.91
5392,2013-10-24 07:30:00+00:00,144.88
5392,2013-10-24 08:00:00+00:00,349.64
5392,2013-10-24 08:30:00+00:00,518.85
5392,2013-10-24 09:00:00+00:00,756.35
5392,2013-10-24 09:30:00+00:00,881.6
5392,2013-10-24 10:00:00+00:00,990.6
5392,2013-10-24 10:30:00+00:00,1112.3
5392,2013-10-24 11:00:00+00:00,1063.35
5392,2013-10-24 11:30:00+00:00,531.4
5392,2013-10-24 12:00:00+00:00,238.11
5392,2013-10-24 12:30:00+00:00,239.46
5392,2013-10-24 13:00:00+00:00,259.63
5392,2013-10-24 13:30:00+00:00,119.93
5392,2013-10-24 14:00:00+00:00,254.28
5392,2013-10-24 14:30:00+00:00,563.7
5392,2013-10-24 15:00:00+00:00,561.0
5392,2013-10-24 15:30:00+00:00,93.07
5392,2013-10-24 16:00:00+00:00,40.56
5392,2013-10-24 16:30:00+00:00,2.36
5392,2013-10-24 17:00:00+00:00,0.0
5392,2013-10-24 17:30:00+00:00,0.0
5392,2013-10-24 18:00:00+00:00,0.0
5392,2013-10-24 18:30:00+00:00,0.0
5392,2013-10-24 19:00:00+00:00,0.0
5392,2013-10-24 19:30:00+00:00,0.0
5392,2013-10-24 20:00:00+00:00,0.0
5392,2013-10-24 20:30:00+00:00,0.0
5392,2013-10-24 21:00:00+00:00,0.0
5392,2013-10-24 21:30:00+00:00,0.0
5392,2013-10-24 22:00:00+00:00,0.0
5392,2013-10-24 22:30:00+00:00,0.0
5392,2013-10-24 23:00:00+00:00,0.0
5392,2013-10-24 23:30:00+00:00,0.0
5392,2013-10-25 00:00:00+00:00,0.0
5392,2013-10-25 00:30:00+00:00,0.0
5392,2013-10-25 01:00:00+00:00,0.0
5392,2013-10-25 01:30:00+00:00,0.0
5392,2013-10-25 02:00:00+00:00,0.0
5392,2013-10-25 02:30:00+00:00,0.0
5392,2013-10-25 03:00:00+00:00,0.0
5392,2013-10-25 03:30:00+00:00,0.0
5392,2013-10-25 04:00:00+00:00,0.0
5392,2013-10-25 04:30:00+00:00,0.0
5392,2013-10-25 05:00:00+00:00,0.0
5392,2013-10-25 05:30:00+00:00,0.0
5392,2013-10-25 06:00:00+00:00,0.0
5392,2013-10-25 06:30:00+00:00,0.0
5392,2013-10-25 07:00:00+00:00,0.0
5392,2013-10-25 07:30:00+00:00,0.0
5392,2013-10-25 08:00:00+00:00,0.8
5392,2013-10-25 08:30:00+00:00,46.39
5392,2013-10-25 09:00:00+00:00,15.17
5392,2013-10-25 09:30:00+00:00,39.09
5392,2013-10-25 10:00:00+00:00,283.44
5392,2013-10-25 10:30:00+00:00,736.7
5392,2013-10-25 11:00:00+00:00,566.6
5392,2013-10-25 11:30:00+00:00,400.32
5392,2013-10-25 12:00:00+00:00,255.54
5392,2013-10-25 12:30:00+00:00,304.76
5392,2013-10-25 13:00:00+00:00,209.9
5392,2013-10-25 13:30:00+00:00,221.43
5392,2013-10-25 14:00:00+00:00,215.21
5392,2013-10-25 14:30:00+00:00,143.06
5392,2013-10-25 15:00:00+00:00,107.43
5392,2013-10-25 15:30:00+00:00,160.87
5392,2013-10-25 16:00:00+00:00,111.38
5392,2013-10-25 16:30:00+00:00,58.59
5392,2013-10-25 17:00:00+00:00,0.65
5392,2013-10-25 17:30:00+00:00,0.0
5392,2013-10-25 18:00:00+00:00,0.0
5392,2013-10-25 18:30:00+00:00,0.0
5392,2013-10-25 19:00:00+00:00,0.0
5392,2013-10-25 19:30:00+00:00,0.0
5392,2013-10-25 20:00:00+00:00,0.0
5392,2013-10-25 20:30:00+00:00,0.0
5392,2013-10-25 21:00:00+00:00,0.0
5392,2013-10-25 21:30:00+00:00,0.0
5392,2013-10-25 22:00:00+00:00,0.0
5392,2013-10-25 22:30:00+00:00,0.0
5392,2013-10-25 23:00:00+00:00,0.0
5392,2013-10-25 23:30:00+00:00,0.0
5392,2013-10-26 00:00:00+00:00,0.0
5392,2013-10-26 00:30:00+00:00,0.0
5392,2013-10-26 01:00:00+00:00,0.0
5392,2013-10-26 01:30:00+00:00,0.0
5392,2013-10-26 02:00:00+00:00,0.0
5392,2013-10-26 02:30:00+00:00,0.0
5392,2013-10-26 03:00:00+00:00,0.0
5392,2013-10-26 03:30:00+00:00,0.0
5392,2013-10-26 04:00:00+00:00,0.0
5392,2013-10-26 04:30:00+00:00,0.0
5392,2013-10-26 05:00:00+00:00,0.0
5392,2013-10-26 05:30:00+00:00,0.0
5392,2013-10-26 06:00:00+00:00,0.0
5392,2013-10-26 06:30:00+00:00,0.0
5392,2013-10-26 07:00:00+00:00,0.0
5392,2013-10-26 07:30:00+00:00,1.79
5392,2013-10-26 08:00:00+00:00,11.73
5392,2013-10-26 08:30:00+00:00,100.07
5392,2013-10-26 09:00:00+00:00,30.05
5392,2013-10-26 09:30:00+00:00,28.37
5392,2013-10-26 10:00:00+00:00,195.38
5392,2013-10-26 10:30:00+00:00,278.53
5392,2013-10-26 11:00:00+00:00,239.92
5392,2013-10-26 11:30:00+00:00,336.42
5392,2013-10-26 12:00:00+00:00,311.63
5392,2013-10-26 12:30:00+00:00,289.02
5392,2013-10-26 13:00:00+00:00,205.24
5392,2013-10-26 13:30:00+00:00,183.46
5392,2013-10-26 14:00:00+00:00,207.36
5392,2013-10-26 14:30:00+00:00,165.31
5392,2013-10-26 15:00:00+00:00,48.76
5392,2013-10-26 15:30:00+00:00,1.41
5392,2013-10-26 16:00:00+00:00,33.47
5392,2013-10-26 16:30:00+00:00,0.0
5392,2013-10-26 17:00:00+00:00,0.0
5392,2013-10-26 17:30:00+00:00,0.0
5392,2013-10-26 18:00:00+00:00,0.0
5392,2013-10-26 18:30:00+00:00,0.0
5392,2013-10-26 19:00:00+00:00,0.0
5392,2013-10-26 19:30:00+00:00,0.0
5392,2013-10-26 20:00:00+00:00,0.0
5392,2013-10-26 20:30:00+00:00,0.0
5392,2013-10-26 21:00:00+00:00,0.0
5392,2013-10-26 21:30:00+00:00,0.0
5392,2013-10-26 22:00:00+00:00,0.0
5392,2013-10-26 22:30:00+00:00,0.0
5392,2013-10-26 23:00:00+00:00,0.0
5392,2013-10-26 23:30:00+00:00,0.0
5392,2013-10-27 00:00:00+00:00,0.0
5392,2013-10-27 00:30:00+00:00,0.0
5392,2013-10-27 01:00:00+00:00,0.0
5392,2013-10-27 01:30:00+00:00,0.0
5392,2013-10-27 02:00:00+00:00,0.0
5392,2013-10-27 02:30:00+00:00,0.0
5392,2013-10-27 03:00:00+00:00,0.0
5392,2013-10-27 03:30:00+00:00,0.0
5392,2013-10-27 04:00:00+00:00,0.0
5392,2013-10-27 04:30:00+00:00,0.0
5392,2013-10-27 05:00:00+00:00,0.0
5392,2013-10-27 05:30:00+00:00,0.0
5392,2013-10-27 06:00:00+00:00,0.0
5392,2013-10-27 06:30:00+00:00,0.0
5392,2013-10-27 07:00:00+00:00,0.0
5392,2013-10-27 07:30:00+00:00,12.56
5392,2013-10-27 08:00:00+00:00,260.76
5392,2013-10-27 08:30:00+00:00,492.66
5392,2013-10-27 09:00:00+00:00,706.55
5392,2013-10-27 09:30:00+00:00,859.95
5392,2013-10-27 10:00:00+00:00,739.5
5392,2013-10-27 10:30:00+00:00,1005.3
5392,2013-10-27 11:00:00+00:00,835.75
5392,2013-10-27 11:30:00+00:00,484.95
5392,2013-10-27 12:00:00+00:00,290.67
5392,2013-10-27 12:30:00+00:00,196.22
5392,2013-10-27 13:00:00+00:00,232.63
5392,2013-10-27 13:30:00+00:00,261.15
5392,2013-10-27 14:00:00+00:00,284.34
5392,2013-10-27 14:30:00+00:00,459.29
5392,2013-10-27 15:00:00+00:00,209.42
5392,2013-10-27 15:30:00+00:00,113.57
5392,2013-10-27 16:00:00+00:00,22.69
5392,2013-10-27 16:30:00+00:00,0.97
5392,2013-10-27 17:00:00+00:00,0.0
5392,2013-10-27 17:30:00+00:00,0.0
5392,2013-10-27 18:00:00+00:00,0.0
5392,2013-10-27 18:30:00+00:00,0.0
5392,2013-10-27 19:00:00+00:00,0.0
5392,2013-10-27 19:30:00+00:00,0.0
5392,2013-10-27 20:00:00+00:00,0.0
5392,2013-10-27 20:30:00+00:00,0.0
5392,2013-10-27 21:00:00+00:00,0.0
5392,2013-10-27 21:30:00+00:00,0.0
5392,2013-10-27 22:00:00+00:00,0.0
5392,2013-10-27 22:30:00+00:00,0.0
5392,2013-10-27 23:00:00+00:00,0.0
5392,2013-10-27 23:30:00+00:00,0.0
5392,2013-10-28 00:00:00+00:00,0.0
5392,2013-10-28 00:30:00+00:00,0.0
5392,2013-10-28 01:00:00+00:00,0.0
5392,2013-10-28 01:30:00+00:00,0.0
5392,2013-10-28 02:00:00+00:00,0.0
5392,2013-10-28 02:30:00+00:00,0.0
5392,2013-10-28 03:00:00+00:00,0.0
5392,2013-10-28 03:30:00+00:00,0.0
5392,2013-10-28 04:00:00+00:00,0.0
5392,2013-10-28 04:30:00+00:00,0.0
5392,2013-10-28 05:00:00+00:00,0.0
5392,2013-10-28 05:30:00+00:00,0.0
5392,2013-10-28 06:00:00+00:00,0.0
5392,2013-10-28 06:30:00+00:00,0.0
5392,2013-10-28 07:00:00+00:00,0.11
5392,2013-10-28 07:30:00+00:00,3.41
5392,2013-10-28 08:00:00+00:00,4.32
5392,2013-10-28 08:30:00+00:00,101.02
5392,2013-10-28 09:00:00+00:00,91.07
5392,2013-10-28 09:30:00+00:00,258.67
5392,2013-10-28 10:00:00+00:00,305.11
5392,2013-10-28 10:30:00+00:00,356.22
5392,2013-10-28 11:00:00+00:00,320.76
5392,2013-10-28 11:30:00+00:00,439.6
5392,2013-10-28 12:00:00+00:00,568.35
5392,2013-10-28 12:30:00+00:00,591.05
5392,2013-10-28 13:00:00+00:00,525.7
5392,2013-10-28 13:30:00+00:00,858.45
5392,2013-10-28 14:00:00+00:00,516.9
5392,2013-10-28 14:30:00+00:00,280.98
5392,2013-10-28 15:00:00+00:00,211.32
5392,2013-10-28 15:30:00+00:00,40.01
5392,2013-10-28 16:00:00+00:00,304.22
5392,2013-10-28 16:30:00+00:00,99.44
5392,2013-10-28 17:00:00+00:00,0.0
5392,2013-10-28 17:30:00+00:00,0.0
5392,2013-10-28 18:00:00+00:00,0.0
5392,2013-10-28 18:30:00+00:00,0.0
5392,2013-10-28 19:00:00+00:00,0.0
5392,2013-10-28 19:30:00+00:00,0.0
5392,2013-10-28 20:00:00+00:00,0.0
5392,2013-10-28 20:30:00+00:00,0.0
5392,2013-10-28 21:00:00+00:00,0.0
5392,2013-10-28 21:30:00+00:00,0.0
5392,2013-10-28 22:00:00+00:00,0.0
5392,2013-10-28 22:30:00+00:00,0.0
5392,2013-10-28 23:00:00+00:00,0.0
5392,2013-10-28 23:30:00+00:00,0.0
5392,2013-10-29 00:00:00+00:00,0.0
5392,2013-10-29 00:30:00+00:00,0.0
5392,2013-10-29 01:00:00+00:00,0.0
5392,2013-10-29 01:30:00+00:00,0.0
5392,2013-10-29 02:00:00+00:00,0.0
5392,2013-10-29 02:30:00+00:00,0.0
5392,2013-10-29 03:00:00+00:00,0.0
5392,2013-10-29 03:30:00+00:00,0.0
5392,2013-10-29 04:00:00+00:00,0.0
5392,2013-10-29 04:30:00+00:00,0.0
5392,2013-10-29 05:00:00+00:00,0.0
5392,2013-10-29 05:30:00+00:00,0.0
5392,2013-10-29 06:00:00+00:00,0.0
5392,2013-10-29 06:30:00+00:00,0.0
5392,2013-10-29 07:00:00+00:00,0.01
5392,2013-10-29 07:30:00+00:00,94.47
5392,2013-10-29 08:00:00+00:00,325.33
5392,2013-10-29 08:30:00+00:00,587.2
5392,2013-10-29 09:00:00+00:00,791.65
5392,2013-10-29 09:30:00+00:00,949.35
5392,2013-10-29 10:00:00+00:00,1076.4
5392,2013-10-29 10:30:00+00:00,1173.65
5392,2013-10-29 11:00:00+00:00,1012.35
5392,2013-10-29 11:30:00+00:00,1129.2
5392,2013-10-29 12:00:00+00:00,885.15
5392,2013-10-29 12:30:00+00:00,353.57
5392,2013-10-29 13:00:00+00:00,788.05
5392,2013-10-29 13:30:00+00:00,231.26
5392,2013-10-29 14:00:00+00:00,1030.7
5392,2013-10-29 14:30:00+00:00,881.5
5392,2013-10-29 15:00:00+00:00,506.9
5392,2013-10-29 15:30:00+00:00,522.05
5392,2013-10-29 16:00:00+00:00,256.31
5392,2013-10-29 16:30:00+00:00,55.76
5392,2013-10-29 17:00:00+00:00,0.0
5392,2013-10-29 17:30:00+00:00,0.0
5392,2013-10-29 18:00:00+00:00,0.0
5392,2013-10-29 18:30:00+00:00,0.0
5392,2013-10-29 19:00:00+00:00,0.0
5392,2013-10-29 19:30:00+00:00,0.0
5392,2013-10-29 20:00:00+00:00,0.0
5392,2013-10-29 20:30:00+00:00,0.0
5392,2013-10-29 21:00:00+00:00,0.0
5392,2013-10-29 21:30:00+00:00,0.0
5392,2013-10-29 22:00:00+00:00,0.0
5392,2013-10-29 22:30:00+00:00,0.0
5392,2013-10-29 23:00:00+00:00,0.0
5392,2013-10-29 23:30:00+00:00,0.0
5392,2013-10-30 00:00:00+00:00,0.0
5392,2013-10-30 00:30:00+00:00,0.0
5392,2013-10-30 01:00:00+00:00,0.0
5392,2013-10-30 01:30:00+00:00,0.0
5392,2013-10-30 02:00:00+00:00,0.0
5392,2013-10-30 02:30:00+00:00,0.0
5392,2013-10-30 03:00:00+00:00,0.0
5392,2013-10-30 03:30:00+00:00,0.0
5392,2013-10-30 04:00:00+00:00,0.0
5392,2013-10-30 04:30:00+00:00,0.0
5392,2013-10-30 05:00:00+00:00,0.0
5392,2013-10-30 05:30:00+00:00,0.0
5392,2013-10-30 06:00:00+00:00,0.0
5392,2013-10-30 06:30:00+00:00,0.0
5392,2013-10-30 07:00:00+00:00,0.18
5392,2013-10-30 07:30:00+00:00,86.71
5392,2013-10-30 08:00:00+00:00,322.7
5392,2013-10-30 08:30:00+00:00,574.05
5392,2013-10-30 09:00:00+00:00,777.55
5392,2013-10-30 09:30:00+00:00,942.05
5392,2013-10-30 10:00:00+00:00,1060.9
5392,2013-10-30 10:30:00+00:00,1149.7
5392,2013-10-30 11:00:00+00:00,1222.65
5392,2013-10-30 11:30:00+00:00,1247.75
5392,2013-10-30 12:00:00+00:00,1259.45
5392,2013-10-30 12:30:00+00:00,1258.2
5392,2013-10-30 13:00:00+00:00,1195.75
5392,2013-10-30 13:30:00+00:00,987.4
5392,2013-10-30 14:00:00+00:00,266.68
5392,2013-10-30 14:30:00+00:00,331.19
5392,2013-10-30 15:00:00+00:00,283.09
5392,2013-10-30 15:30:00+00:00,516.45
5392,2013-10-30 16:00:00+00:00,205.59
5392,2013-10-30 16:30:00+00:00,5.44
5392,2013-10-30 17:00:00+00:00,0.0
5392,2013-10-30 17:30:00+00:00,0.0
5392,2013-10-30 18:00:00+00:00,0.0
5392,2013-10-30 18:30:00+00:00,0.0
5392,2013-10-30 19:00:00+00:00,0.0
5392,2013-10-30 19:30:00+00:00,0.0
5392,2013-10-30 20:00:00+00:00,0.0
5392,2013-10-30 20:30:00+00:00,0.0
5392,2013-10-30 21:00:00+00:00,0.0
5392,2013-10-30 21:30:00+00:00,0.0
5392,2013-10-30 22:00:00+00:00,0.0
5392,2013-10-30 22:30:00+00:00,0.0
5392,2013-10-30 23:00:00+00:00,0.0
5392,2013-10-30 23:30:00+00:00,0.0
5392,2013-10-31 00:00:00+00:00,0.0
5392,2013-10-31 00:30:00+00:00,0.0
5392,2013-10-31 01:00:00+00:00,0.0
5392,2013-10-31 01:30:00+00:00,0.0
5392,2013-10-31 02:00:00+00:00,0.0
5392,2013-10-31 02:30:00+00:00,0.0
5392,2013-10-31 03:00:00+00:00,0.0
5392,2013-10-31 03:30:00+00:00,0.0
5392,2013-10-31 04:00:00+00:00,0.0
5392,2013-10-31 04:30:00+00:00,0.0
5392,2013-10-31 05:00:00+00:00,0.0
5392,2013-10-31 05:30:00+00:00,0.0
5392,2013-10-31 06:00:00+00:00,0.0
5392,2013-10-31 06:30:00+00:00,0.0
5392,2013-10-31 07:00:00+00:00,0.0
5392,2013-10-31 07:30:00+00:00,0.0
5392,2013-10-31 08:00:00+00:00,0.0
5392,2013-10-31 08:30:00+00:00,3.59
5392,2013-10-31 09:00:00+00:00,35.99
5392,2013-10-31 09:30:00+00:00,24.12
5392,2013-10-31 10:00:00+00:00,52.34
5392,2013-10-31 10:30:00+00:00,68.65
5392,2013-10-31 11:00:00+00:00,68.18
5392,2013-10-31 11:30:00+00:00,68.91
5392,2013-10-31 12:00:00+00:00,97.48
5392,2013-10-31 12:30:00+00:00,141.62
5392,2013-10-31 13:00:00+00:00,148.04
5392,2013-10-31 13:30:00+00:00,123.5
5392,2013-10-31 14:00:00+00:00,81.66
5392,2013-10-31 14:30:00+00:00,58.92
5392,2013-10-31 15:00:00+00:00,47.14
5392,2013-10-31 15:30:00+00:00,17.26
5392,2013-10-31 16:00:00+00:00,1.47
5392,2013-10-31 16:30:00+00:00,0.0
5392,2013-10-31 17:00:00+00:00,0.0
5392,2013-10-31 17:30:00+00:00,0.0
5392,2013-10-31 18:00:00+00:00,0.0
5392,2013-10-31 18:30:00+00:00,0.0
5392,2013-10-31 19:00:00+00:00,0.0
5392,2013-10-31 19:30:00+00:00,0.0
5392,2013-10-31 20:00:00+00:00,0.0
5392,2013-10-31 20:30:00+00:00,0.0
5392,2013-10-31 21:00:00+00:00,0.0
5392,2013-10-31 21:30:00+00:00,0.0
5392,2013-10-31 22:00:00+00:00,0.0
5392,2013-10-31 22:30:00+00:00,0.0
5392,2013-10-31 23:00:00+00:00,0.0
5392,2013-10-31 23:30:00+00:00,0.0
5392,2013-11-01 00:30:00+00:00,0.0
5392,2013-11-01 01:00:00+00:00,0.0
5392,2013-11-01 01:30:00+00:00,0.0
5392,2013-11-01 02:00:00+00:00,0.0
5392,2013-11-01 02:30:00+00:00,0.0
5392,2013-11-01 03:00:00+00:00,0.0
5392,2013-11-01 03:30:00+00:00,0.0
5392,2013-11-01 04:00:00+00:00,0.0
5392,2013-11-01 04:30:00+00:00,0.0
5392,2013-11-01 05:00:00+00:00,0.0
5392,2013-11-01 05:30:00+00:00,0.0
5392,2013-11-01 06:00:00+00:00,0.0
5392,2013-11-01 06:30:00+00:00,0.0
5392,2013-11-01 07:00:00+00:00,0.0
5392,2013-11-01 07:30:00+00:00,0.4
5392,2013-11-01 08:00:00+00:00,3.13
5392,2013-11-01 08:30:00+00:00,50.88
5392,2013-11-01 09:00:00+00:00,84.37
5392,2013-11-01 09:30:00+00:00,99.81
5392,2013-11-01 10:00:00+00:00,124.19
5392,2013-11-01 10:30:00+00:00,167.51
5392,2013-11-01 11:00:00+00:00,233.38
5392,2013-11-01 11:30:00+00:00,267.88
5392,2013-11-01 12:00:00+00:00,237.4
5392,2013-11-01 12:30:00+00:00,164.89
5392,2013-11-01 13:00:00+00:00,118.64
5392,2013-11-01 13:30:00+00:00,83.51
5392,2013-11-01 14:00:00+00:00,59.5
5392,2013-11-01 14:30:00+00:00,37.38
5392,2013-11-01 15:00:00+00:00,151.77
5392,2013-11-01 15:30:00+00:00,71.69
5392,2013-11-01 16:00:00+00:00,2.93
5392,2013-11-01 16:30:00+00:00,0.0
5392,2013-11-01 17:00:00+00:00,0.0
5392,2013-11-01 17:30:00+00:00,0.0
5392,2013-11-01 18:00:00+00:00,0.0
5392,2013-11-01 18:30:00+00:00,0.0
5392,2013-11-01 19:00:00+00:00,0.0
5392,2013-11-01 19:30:00+00:00,0.0
5392,2013-11-01 20:00:00+00:00,0.0
5392,2013-11-01 20:30:00+00:00,0.0
5392,2013-11-01 21:00:00+00:00,0.0
5392,2013-11-01 21:30:00+00:00,0.0
5392,2013-11-01 22:00:00+00:00,0.0
5392,2013-11-01 22:30:00+00:00,0.0
5392,2013-11-01 23:00:00+00:00,0.0
5392,2013-11-01 23:30:00+00:00,0.0
5392,2013-11-02 00:00:00+00:00,0.0
5392,2013-11-02 00:30:00+00:00,0.0
5392,2013-11-02 01:00:00+00:00,0.0
5392,2013-11-02 01:30:00+00:00,0.0
5392,2013-11-02 02:00:00+00:00,0.0
5392,2013-11-02 02:30:00+00:00,0.0
5392,2013-11-02 03:00:00+00:00,0.0
5392,2013-11-02 03:30:00+00:00,0.0
5392,2013-11-02 04:00:00+00:00,0.0
5392,2013-11-02 04:30:00+00:00,0.0
5392,2013-11-02 05:00:00+00:00,0.0
5392,2013-11-02 05:30:00+00:00,0.0
5392,2013-11-02 06:00:00+00:00,0.0
5392,2013-11-02 06:30:00+00:00,0.0
5392,2013-11-02 07:00:00+00:00,0.0
5392,2013-11-02 07:30:00+00:00,0.89
5392,2013-11-02 08:00:00+00:00,12.1
5392,2013-11-02 08:30:00+00:00,228.34
5392,2013-11-02 09:00:00+00:00,222.52
5392,2013-11-02 09:30:00+00:00,120.47
5392,2013-11-02 10:00:00+00:00,226.36
5392,2013-11-02 10:30:00+00:00,658.9
5392,2013-11-02 11:00:00+00:00,534.8
5392,2013-11-02 11:30:00+00:00,317.8
5392,2013-11-02 12:00:00+00:00,669.7
5392,2013-11-02 12:30:00+00:00,794.15
5392,2013-11-02 13:00:00+00:00,812.65
5392,2013-11-02 13:30:00+00:00,379.91
5392,2013-11-02 14:00:00+00:00,422.24
5392,2013-11-02 14:30:00+00:00,80.3
5392,2013-11-02 15:00:00+00:00,15.96
5392,2013-11-02 15:30:00+00:00,295.04
5392,2013-11-02 16:00:00+00:00,191.88
5392,2013-11-02 16:30:00+00:00,10.38
5392,2013-11-02 17:00:00+00:00,0.0
5392,2013-11-02 17:30:00+00:00,0.0
5392,2013-11-02 18:00:00+00:00,0.0
5392,2013-11-02 18:30:00+00:00,0.0
5392,2013-11-02 19:00:00+00:00,0.0
5392,2013-11-02 19:30:00+00:00,0.0
5392,2013-11-02 20:00:00+00:00,0.0
5392,2013-11-02 20:30:00+00:00,0.0
5392,2013-11-02 21:00:00+00:00,0.0
5392,2013-11-02 21:30:00+00:00,0.0
5392,2013-11-02 22:00:00+00:00,0.0
5392,2013-11-02 22:30:00+00:00,0.0
5392,2013-11-02 23:00:00+00:00,0.0
5392,2013-11-02 23:30:00+00:00,0.0
5392,2013-11-03 00:00:00+00:00,0.0
5392,2013-11-03 00:30:00+00:00,0.0
5392,2013-11-03 01:00:00+00:00,0.0
5392,2013-11-03 01:30:00+00:00,0.0
5392,2013-11-03 02:00:00+00:00,0.0
5392,2013-11-03 02:30:00+00:00,0.0
5392,2013-11-03 03:00:00+00:00,0.0
5392,2013-11-03 03:30:00+00:00,0.0
5392,2013-11-03 04:00:00+00:00,0.0
5392,2013-11-03 04:30:00+00:00,0.0
5392,2013-11-03 05:00:00+00:00,0.0
5392,2013-11-03 05:30:00+00:00,0.0
5392,2013-11-03 06:00:00+00:00,0.0
5392,2013-11-03 06:30:00+00:00,0.0
5392,2013-11-03 07:00:00+00:00,0.0
5392,2013-11-03 07:30:00+00:00,36.5
5392,2013-11-03 08:00:00+00:00,169.83
5392,2013-11-03 08:30:00+00:00,105.27
5392,2013-11-03 09:00:00+00:00,699.65
5392,2013-11-03 09:30:00+00:00,953.55
5392,2013-11-03 10:00:00+00:00,1100.1
5392,2013-11-03 10:30:00+00:00,881.8
5392,2013-11-03 11:00:00+00:00,1084.15
5392,2013-11-03 11:30:00+00:00,1315.7
5392,2013-11-03 12:00:00+00:00,1282.05
5392,2013-11-03 12:30:00+00:00,1115.75
5392,2013-11-03 13:00:00+00:00,1258.45
5392,2013-11-03 13:30:00+00:00,800.15
5392,2013-11-03 14:00:00+00:00,408.83
5392,2013-11-03 14:30:00+00:00,627.3
5392,2013-11-03 15:00:00+00:00,746.2
5392,2013-11-03 15:30:00+00:00,437.66
5392,2013-11-03 16:00:00+00:00,8.13
5392,2013-11-03 16:30:00+00:00,0.01
5392,2013-11-03 17:00:00+00:00,0.0
5392,2013-11-03 17:30:00+00:00,0.0
5392,2013-11-03 18:00:00+00:00,0.0
5392,2013-11-03 18:30:00+00:00,0.0
5392,2013-11-03 19:00:00+00:00,0.0
5392,2013-11-03 19:30:00+00:00,0.0
5392,2013-11-03 20:00:00+00:00,0.0
5392,2013-11-03 20:30:00+00:00,0.0
5392,2013-11-03 21:00:00+00:00,0.0
5392,2013-11-03 21:30:00+00:00,0.0
5392,2013-11-03 22:00:00+00:00,0.0
5392,2013-11-03 22:30:00+00:00,0.0
5392,2013-11-03 23:00:00+00:00,0.0
5392,2013-11-03 23:30:00+00:00,0.0
5392,2013-11-04 00:00:00+00:00,0.0
5392,2013-11-04 00:30:00+00:00,0.0
5392,2013-11-04 01:00:00+00:00,0.0
5392,2013-11-04 01:30:00+00:00,0.0
5392,2013-11-04 02:00:00+00:00,0.0
5392,2013-11-04 02:30:00+00:00,0.0
5392,2013-11-04 03:00:00+00:00,0.0
5392,2013-11-04 03:30:00+00:00,0.0
5392,2013-11-04 04:00:00+00:00,0.0
5392,2013-11-04 04:30:00+00:00,0.0
5392,2013-11-04 05:00:00+00:00,0.0
5392,2013-11-04 05:30:00+00:00,0.0
5392,2013-11-04 06:00:00+00:00,0.0
5392,2013-11-04 06:30:00+00:00,0.0
5392,2013-11-04 07:00:00+00:00,0.0
5392,2013-11-04 07:30:00+00:00,0.65
5392,2013-11-04 08:00:00+00:00,2.32
5392,2013-11-04 08:30:00+00:00,61.52
5392,2013-11-04 09:00:00+00:00,147.98
5392,2013-11-04 09:30:00+00:00,708.9
5392,2013-11-04 10:00:00+00:00,1089.0
5392,2013-11-04 10:30:00+00:00,1194.55
5392,2013-11-04 11:00:00+00:00,1243.1
5392,2013-11-04 11:30:00+00:00,1293.55
5392,2013-11-04 12:00:00+00:00,1301.8
5392,2013-11-04 12:30:00+00:00,1294.75
5392,2013-11-04 13:00:00+00:00,1224.0
5392,2013-11-04 13:30:00+00:00,1040.5
5392,2013-11-04 14:00:00+00:00,1028.25
5392,2013-11-04 14:30:00+00:00,949.65
5392,2013-11-04 15:00:00+00:00,773.2
5392,2013-11-04 15:30:00+00:00,547.2
5392,2013-11-04 16:00:00+00:00,98.59
5392,2013-11-04 16:30:00+00:00,20.0
5392,2013-11-04 17:00:00+00:00,0.0
5392,2013-11-04 17:30:00+00:00,0.0
5392,2013-11-04 18:00:00+00:00,0.0
5392,2013-11-04 18:30:00+00:00,0.0
5392,2013-11-04 19:00:00+00:00,0.0
5392,2013-11-04 19:30:00+00:00,0.0
5392,2013-11-04 20:00:00+00:00,0.0
5392,2013-11-04 20:30:00+00:00,0.0
5392,2013-11-04 21:00:00+00:00,0.0
5392,2013-11-04 21:30:00+00:00,0.0
5392,2013-11-04 22:00:00+00:00,0.0
5392,2013-11-04 22:30:00+00:00,0.0
5392,2013-11-04 23:00:00+00:00,0.0
5392,2013-11-04 23:30:00+00:00,0.0
5392,2013-11-05 00:00:00+00:00,0.0
5392,2013-11-05 00:30:00+00:00,0.0
5392,2013-11-05 01:00:00+00:00,0.0
5392,2013-11-05 01:30:00+00:00,0.0
5392,2013-11-05 02:00:00+00:00,0.0
5392,2013-11-05 02:30:00+00:00,0.0
5392,2013-11-05 03:00:00+00:00,0.0
5392,2013-11-05 03:30:00+00:00,0.0
5392,2013-11-05 04:00:00+00:00,0.0
5392,2013-11-05 04:30:00+00:00,0.0
5392,2013-11-05 05:00:00+00:00,0.0
5392,2013-11-05 05:30:00+00:00,0.0
5392,2013-11-05 06:00:00+00:00,0.0
5392,2013-11-05 06:30:00+00:00,0.0
5392,2013-11-05 07:00:00+00:00,0.0
5392,2013-11-05 07:30:00+00:00,0.03
5392,2013-11-05 08:00:00+00:00,3.22
5392,2013-11-05 08:30:00+00:00,44.46
5392,2013-11-05 09:00:00+00:00,31.89
5392,2013-11-05 09:30:00+00:00,60.2
5392,2013-11-05 10:00:00+00:00,49.99
5392,2013-11-05 10:30:00+00:00,40.73
5392,2013-11-05 11:00:00+00:00,62.78
5392,2013-11-05 11:30:00+00:00,80.75
5392,2013-11-05 12:00:00+00:00,78.09
5392,2013-11-05 12:30:00+00:00,235.27
5392,2013-11-05 13:00:00+00:00,385.51
5392,2013-11-05 13:30:00+00:00,575.95
5392,2013-11-05 14:00:00+00:00,741.35
5392,2013-11-05 14:30:00+00:00,470.06
5392,2013-11-05 15:00:00+00:00,70.32
5392,2013-11-05 15:30:00+00:00,8.81
5392,2013-11-05 16:00:00+00:00,2.5
5392,2013-11-05 16:30:00+00:00,0.09
5392,2013-11-05 17:00:00+00:00,0.0
5392,2013-11-05 17:30:00+00:00,0.0
5392,2013-11-05 18:00:00+00:00,0.0
5392,2013-11-05 18:30:00+00:00,0.0
5392,2013-11-05 19:00:00+00:00,0.0
5392,2013-11-05 19:30:00+00:00,0.0
5392,2013-11-05 20:00:00+00:00,0.0
5392,2013-11-05 20:30:00+00:00,0.0
5392,2013-11-05 21:00:00+00:00,0.0
5392,2013-11-05 21:30:00+00:00,0.0
5392,2013-11-05 22:00:00+00:00,0.0
5392,2013-11-05 22:30:00+00:00,0.0
5392,2013-11-05 23:00:00+00:00,0.0
5392,2013-11-05 23:30:00+00:00,0.0
5392,2013-11-06 00:00:00+00:00,0.0
5392,2013-11-06 00:30:00+00:00,0.0
5392,2013-11-06 01:00:00+00:00,0.0
5392,2013-11-06 01:30:00+00:00,0.0
5392,2013-11-06 02:00:00+00:00,0.0
5392,2013-11-06 02:30:00+00:00,0.0
5392,2013-11-06 03:00:00+00:00,0.0
5392,2013-11-06 03:30:00+00:00,0.0
5392,2013-11-06 04:00:00+00:00,0.0
5392,2013-11-06 04:30:00+00:00,0.0
5392,2013-11-06 05:00:00+00:00,0.0
5392,2013-11-06 05:30:00+00:00,0.0
5392,2013-11-06 06:00:00+00:00,0.0
5392,2013-11-06 06:30:00+00:00,0.0
5392,2013-11-06 07:00:00+00:00,0.0
5392,2013-11-06 07:30:00+00:00,0.0
5392,2013-11-06 08:00:00+00:00,1.11
5392,2013-11-06 08:30:00+00:00,3.91
5392,2013-11-06 09:00:00+00:00,41.45
5392,2013-11-06 09:30:00+00:00,72.86
5392,2013-11-06 10:00:00+00:00,79.41
5392,2013-11-06 10:30:00+00:00,87.08
5392,2013-11-06 11:00:00+00:00,106.08
5392,2013-11-06 11:30:00+00:00,90.3
5392,2013-11-06 12:00:00+00:00,116.31
5392,2013-11-06 12:30:00+00:00,91.45
5392,2013-11-06 13:00:00+00:00,62.01
5392,2013-11-06 13:30:00+00:00,48.98
5392,2013-11-06 14:00:00+00:00,21.33
5392,2013-11-06 14:30:00+00:00,1.61
5392,2013-11-06 15:00:00+00:00,2.08
5392,2013-11-06 15:30:00+00:00,2.67
5392,2013-11-06 16:00:00+00:00,1.57
5392,2013-11-06 16:30:00+00:00,0.0
5392,2013-11-06 17:00:00+00:00,0.0
5392,2013-11-06 17:30:00+00:00,0.0
5392,2013-11-06 18:00:00+00:00,0.0
5392,2013-11-06 18:30:00+00:00,0.0
5392,2013-11-06 19:00:00+00:00,0.0
5392,2013-11-06 19:30:00+00:00,0.0
5392,2013-11-06 20:00:00+00:00,0.0
5392,2013-11-06 20:30:00+00:00,0.0
5392,2013-11-06 21:00:00+00:00,0.0
5392,2013-11-06 21:30:00+00:00,0.0
5392,2013-11-06 22:00:00+00:00,0.0
5392,2013-11-06 22:30:00+00:00,0.0
5392,2013-11-06 23:00:00+00:00,0.0
5392,2013-11-06 23:30:00+00:00,0.0
5392,2013-11-07 00:00:00+00:00,0.0
5392,2013-11-07 00:30:00+00:00,0.0
5392,2013-11-07 01:00:00+00:00,0.0
5392,2013-11-07 01:30:00+00:00,0.0
5392,2013-11-07 02:00:00+00:00,0.0
5392,2013-11-07 02:30:00+00:00,0.0
5392,2013-11-07 03:00:00+00:00,0.0
5392,2013-11-07 03:30:00+00:00,0.0
5392,2013-11-07 04:00:00+00:00,0.0
5392,2013-11-07 04:30:00+00:00,0.0
5392,2013-11-07 05:00:00+00:00,0.0
5392,2013-11-07 05:30:00+00:00,0.0
5392,2013-11-07 06:00:00+00:00,0.0
5392,2013-11-07 06:30:00+00:00,0.0
5392,2013-11-07 07:00:00+00:00,0.0
5392,2013-11-07 07:30:00+00:00,0.05
5392,2013-11-07 08:00:00+00:00,4.45
5392,2013-11-07 08:30:00+00:00,38.7
5392,2013-11-07 09:00:00+00:00,95.75
5392,2013-11-07 09:30:00+00:00,100.37
5392,2013-11-07 10:00:00+00:00,446.95
5392,2013-11-07 10:30:00+00:00,562.1
5392,2013-11-07 11:00:00+00:00,615.7
5392,2013-11-07 11:30:00+00:00,320.6
5392,2013-11-07 12:00:00+00:00,386.15
5392,2013-11-07 12:30:00+00:00,286.66
5392,2013-11-07 13:00:00+00:00,201.56
5392,2013-11-07 13:30:00+00:00,145.49
5392,2013-11-07 14:00:00+00:00,104.63
5392,2013-11-07 14:30:00+00:00,67.53
5392,2013-11-07 15:00:00+00:00,92.57
5392,2013-11-07 15:30:00+00:00,30.61
5392,2013-11-07 16:00:00+00:00,2.81
5392,2013-11-07 16:30:00+00:00,0.0
5392,2013-11-07 17:00:00+00:00,0.0
5392,2013-11-07 17:30:00+00:00,0.0
5392,2013-11-07 18:00:00+00:00,0.0
5392,2013-11-07 18:30:00+00:00,0.0
5392,2013-11-07 19:00:00+00:00,0.0
5392,2013-11-07 19:30:00+00:00,0.0
5392,2013-11-07 20:00:00+00:00,0.0
5392,2013-11-07 20:30:00+00:00,0.0
5392,2013-11-07 21:00:00+00:00,0.0
5392,2013-11-07 21:30:00+00:00,0.0
5392,2013-11-07 22:00:00+00:00,0.0
5392,2013-11-07 22:30:00+00:00,0.0
5392,2013-11-07 23:00:00+00:00,0.0
5392,2013-11-07 23:30:00+00:00,0.0
5392,2013-11-08 00:00:00+00:00,0.0
5392,2013-11-08 00:30:00+00:00,0.0
5392,2013-11-08 01:00:00+00:00,0.0
5392,2013-11-08 01:30:00+00:00,0.0
5392,2013-11-08 02:00:00+00:00,0.0
5392,2013-11-08 02:30:00+00:00,0.0
5392,2013-11-08 03:00:00+00:00,0.0
5392,2013-11-08 03:30:00+00:00,0.0
5392,2013-11-08 04:00:00+00:00,0.0
5392,2013-11-08 04:30:00+00:00,0.0
5392,2013-11-08 05:00:00+00:00,0.0
5392,2013-11-08 05:30:00+00:00,0.0
5392,2013-11-08 06:00:00+00:00,0.0
5392,2013-11-08 06:30:00+00:00,0.0
5392,2013-11-08 07:00:00+00:00,0.0
5392,2013-11-08 07:30:00+00:00,0.02
5392,2013-11-08 08:00:00+00:00,19.36
5392,2013-11-08 08:30:00+00:00,64.55
5392,2013-11-08 09:00:00+00:00,84.18
5392,2013-11-08 09:30:00+00:00,127.01
5392,2013-11-08 10:00:00+00:00,131.91
5392,2013-11-08 10:30:00+00:00,131.92
5392,2013-11-08 11:00:00+00:00,179.63
5392,2013-11-08 11:30:00+00:00,317.5
5392,2013-11-08 12:00:00+00:00,363.51
5392,2013-11-08 12:30:00+00:00,280.19
5392,2013-11-08 13:00:00+00:00,470.03
5392,2013-11-08 13:30:00+00:00,977.85
5392,2013-11-08 14:00:00+00:00,502.05
5392,2013-11-08 14:30:00+00:00,74.96
5392,2013-11-08 15:00:00+00:00,19.24
5392,2013-11-08 15:30:00+00:00,0.2
5392,2013-11-08 16:00:00+00:00,0.0
5392,2013-11-08 16:30:00+00:00,0.0
5392,2013-11-08 17:00:00+00:00,0.0
5392,2013-11-08 17:30:00+00:00,0.0
5392,2013-11-08 18:00:00+00:00,0.0
5392,2013-11-08 18:30:00+00:00,0.0
5392,2013-11-08 19:00:00+00:00,0.0
5392,2013-11-08 19:30:00+00:00,0.0
5392,2013-11-08 20:00:00+00:00,0.0
5392,2013-11-08 20:30:00+00:00,0.0
5392,2013-11-08 21:00:00+00:00,0.0
5392,2013-11-08 21:30:00+00:00,0.0
5392,2013-11-08 22:00:00+00:00,0.0
5392,2013-11-08 22:30:00+00:00,0.0
5392,2013-11-08 23:00:00+00:00,0.0
5392,2013-11-08 23:30:00+00:00,0.0
5392,2013-11-09 00:00:00+00:00,0.0
5392,2013-11-09 00:30:00+00:00,0.0
5392,2013-11-09 01:00:00+00:00,0.0
5392,2013-11-09 01:30:00+00:00,0.0
5392,2013-11-09 02:00:00+00:00,0.0
5392,2013-11-09 02:30:00+00:00,0.0
5392,2013-11-09 03:00:00+00:00,0.0
5392,2013-11-09 03:30:00+00:00,0.0
5392,2013-11-09 04:00:00+00:00,0.0
5392,2013-11-09 04:30:00+00:00,0.0
5392,2013-11-09 05:00:00+00:00,0.0
5392,2013-11-09 05:30:00+00:00,0.0
5392,2013-11-09 06:00:00+00:00,0.0
5392,2013-11-09 06:30:00+00:00,0.0
5392,2013-11-09 07:00:00+00:00,0.0
5392,2013-11-09 07:30:00+00:00,4.52
5392,2013-11-09 08:00:00+00:00,148.43
5392,2013-11-09 08:30:00+00:00,142.3
5392,2013-11-09 09:00:00+00:00,91.38
5392,2013-11-09 09:30:00+00:00,254.43
5392,2013-11-09 10:00:00+00:00,123.35
5392,2013-11-09 10:30:00+00:00,75.15
5392,2013-11-09 11:00:00+00:00,90.24
5392,2013-11-09 11:30:00+00:00,60.49
5392,2013-11-09 12:00:00+00:00,15.02
5392,2013-11-09 12:30:00+00:00,28.92
5392,2013-11-09 13:00:00+00:00,116.7
5392,2013-11-09 13:30:00+00:00,88.17
5392,2013-11-09 14:00:00+00:00,87.75
5392,2013-11-09 14:30:00+00:00,62.99
5392,2013-11-09 15:00:00+00:00,27.53
5392,2013-11-09 15:30:00+00:00,26.46
5392,2013-11-09 16:00:00+00:00,1.13
5392,2013-11-09 16:30:00+00:00,0.0
5392,2013-11-09 17:00:00+00:00,0.0
5392,2013-11-09 17:30:00+00:00,0.0
5392,2013-11-09 18:00:00+00:00,0.0
5392,2013-11-09 18:30:00+00:00,0.0
5392,2013-11-09 19:00:00+00:00,0.0
5392,2013-11-09 19:30:00+00:00,0.0
5392,2013-11-09 20:00:00+00:00,0.0
5392,2013-11-09 20:30:00+00:00,0.0
5392,2013-11-09 21:00:00+00:00,0.0
5392,2013-11-09 21:30:00+00:00,0.0
5392,2013-11-09 22:00:00+00:00,0.0
5392,2013-11-09 22:30:00+00:00,0.0
5392,2013-11-09 23:00:00+00:00,0.0
5392,2013-11-09 23:30:00+00:00,0.0
5392,2013-11-10 00:00:00+00:00,0.0
5392,2013-11-10 00:30:00+00:00,0.0
5392,2013-11-10 01:00:00+00:00,0.0
5392,2013-11-10 01:30:00+00:00,0.0
5392,2013-11-10 02:00:00+00:00,0.0
5392,2013-11-10 02:30:00+00:00,0.0
5392,2013-11-10 03:00:00+00:00,0.0
5392,2013-11-10 03:30:00+00:00,0.0
5392,2013-11-10 04:00:00+00:00,0.0
5392,2013-11-10 04:30:00+00:00,0.0
5392,2013-11-10 05:00:00+00:00,0.0
5392,2013-11-10 05:30:00+00:00,0.0
5392,2013-11-10 06:00:00+00:00,0.0
5392,2013-11-10 06:30:00+00:00,0.0
5392,2013-11-10 07:00:00+00:00,0.0
5392,2013-11-10 07:30:00+00:00,0.82
5392,2013-11-10 08:00:00+00:00,215.45
5392,2013-11-10 08:30:00+00:00,502.55
5392,2013-11-10 09:00:00+00:00,740.0
5392,2013-11-10 09:30:00+00:00,918.05
5392,2013-11-10 10:00:00+00:00,1047.85
5392,2013-11-10 10:30:00+00:00,1153.3
5392,2013-11-10 11:00:00+00:00,1220.05
5392,2013-11-10 11:30:00+00:00,1212.85
5392,2013-11-10 12:00:00+00:00,1268.15
5392,2013-11-10 12:30:00+00:00,1259.6
5392,2013-11-10 13:00:00+00:00,1205.35
5392,2013-11-10 13:30:00+00:00,1109.1
5392,2013-11-10 14:00:00+00:00,996.05
5392,2013-11-10 14:30:00+00:00,913.45
5392,2013-11-10 15:00:00+00:00,746.2
5392,2013-11-10 15:30:00+00:00,526.45
5392,2013-11-10 16:00:00+00:00,131.4
5392,2013-11-10 16:30:00+00:00,0.19
5392,2013-11-10 17:00:00+00:00,0.0
5392,2013-11-10 17:30:00+00:00,0.0
5392,2013-11-10 18:00:00+00:00,0.0
5392,2013-11-10 18:30:00+00:00,0.0
5392,2013-11-10 19:00:00+00:00,0.0
5392,2013-11-10 19:30:00+00:00,0.0
5392,2013-11-10 20:00:00+00:00,0.0
5392,2013-11-10 20:30:00+00:00,0.0
5392,2013-11-10 21:00:00+00:00,0.0
5392,2013-11-10 21:30:00+00:00,0.0
5392,2013-11-10 22:00:00+00:00,0.0
5392,2013-11-10 22:30:00+00:00,0.0
5392,2013-11-10 23:00:00+00:00,0.0
5392,2013-11-10 23:30:00+00:00,0.0
5392,2013-11-11 00:00:00+00:00,0.0
5392,2013-11-11 00:30:00+00:00,0.0
5392,2013-11-11 01:00:00+00:00,0.0
5392,2013-11-11 01:30:00+00:00,0.0
5392,2013-11-11 02:00:00+00:00,0.0
5392,2013-11-11 02:30:00+00:00,0.0
5392,2013-11-11 03:00:00+00:00,0.0
5392,2013-11-11 03:30:00+00:00,0.0
5392,2013-11-11 04:00:00+00:00,0.0
5392,2013-11-11 04:30:00+00:00,0.0
5392,2013-11-11 05:00:00+00:00,0.0
5392,2013-11-11 05:30:00+00:00,0.0
5392,2013-11-11 06:00:00+00:00,0.0
5392,2013-11-11 06:30:00+00:00,0.0
5392,2013-11-11 07:00:00+00:00,0.0
5392,2013-11-11 07:30:00+00:00,0.0
5392,2013-11-11 08:00:00+00:00,0.28
5392,2013-11-11 08:30:00+00:00,2.79
5392,2013-11-11 09:00:00+00:00,21.38
5392,2013-11-11 09:30:00+00:00,43.26
5392,2013-11-11 10:00:00+00:00,114.58
5392,2013-11-11 10:30:00+00:00,114.41
5392,2013-11-11 11:00:00+00:00,81.94
5392,2013-11-11 11:30:00+00:00,70.08
5392,2013-11-11 12:00:00+00:00,68.96
5392,2013-11-11 12:30:00+00:00,57.03
5392,2013-11-11 13:00:00+00:00,37.96
5392,2013-11-11 13:30:00+00:00,49.31
5392,2013-11-11 14:00:00+00:00,56.79
5392,2013-11-11 14:30:00+00:00,41.06
5392,2013-11-11 15:00:00+00:00,2.18
5392,2013-11-11 15:30:00+00:00,1.07
5392,2013-11-11 16:00:00+00:00,0.0
5392,2013-11-11 16:30:00+00:00,0.0
5392,2013-11-11 17:00:00+00:00,0.0
5392,2013-11-11 17:30:00+00:00,0.0
5392,2013-11-11 18:00:00+00:00,0.0
5392,2013-11-11 18:30:00+00:00,0.0
5392,2013-11-11 19:00:00+00:00,0.0
5392,2013-11-11 19:30:00+00:00,0.0
5392,2013-11-11 20:00:00+00:00,0.0
5392,2013-11-11 20:30:00+00:00,0.0
5392,2013-11-11 21:00:00+00:00,0.0
5392,2013-11-11 21:30:00+00:00,0.0
5392,2013-11-11 22:00:00+00:00,0.0
5392,2013-11-11 22:30:00+00:00,0.0
5392,2013-11-11 23:00:00+00:00,0.0
5392,2013-11-11 23:30:00+00:00,0.0
5392,2013-11-12 00:00:00+00:00,0.0
5392,2013-11-12 00:30:00+00:00,0.0
5392,2013-11-12 01:00:00+00:00,0.0
5392,2013-11-12 01:30:00+00:00,0.0
5392,2013-11-12 02:00:00+00:00,0.0
5392,2013-11-12 02:30:00+00:00,0.0
5392,2013-11-12 03:00:00+00:00,0.0
5392,2013-11-12 03:30:00+00:00,0.0
5392,2013-11-12 04:00:00+00:00,0.0
5392,2013-11-12 04:30:00+00:00,0.0
5392,2013-11-12 05:00:00+00:00,0.0
5392,2013-11-12 05:30:00+00:00,0.0
5392,2013-11-12 06:00:00+00:00,0.0
5392,2013-11-12 06:30:00+00:00,0.0
5392,2013-11-12 07:00:00+00:00,0.0
5392,2013-11-12 07:30:00+00:00,0.0
5392,2013-11-12 08:00:00+00:00,3.75
5392,2013-11-12 08:30:00+00:00,11.4
5392,2013-11-12 09:00:00+00:00,21.31
5392,2013-11-12 09:30:00+00:00,85.91
5392,2013-11-12 10:00:00+00:00,115.84
5392,2013-11-12 10:30:00+00:00,93.17
5392,2013-11-12 11:00:00+00:00,103.7
5392,2013-11-12 11:30:00+00:00,211.83
5392,2013-11-12 12:00:00+00:00,198.92
5392,2013-11-12 12:30:00+00:00,480.57
5392,2013-11-12 13:00:00+00:00,508.9
5392,2013-11-12 13:30:00+00:00,167.11
5392,2013-11-12 14:00:00+00:00,322.5
5392,2013-11-12 14:30:00+00:00,147.43
5392,2013-11-12 15:00:00+00:00,78.05
5392,2013-11-12 15:30:00+00:00,27.59
5392,2013-11-12 16:00:00+00:00,15.52
5392,2013-11-12 16:30:00+00:00,0.0
5392,2013-11-12 17:00:00+00:00,0.0
5392,2013-11-12 17:30:00+00:00,0.0
5392,2013-11-12 18:00:00+00:00,0.0
5392,2013-11-12 18:30:00+00:00,0.0
5392,2013-11-12 19:00:00+00:00,0.0
5392,2013-11-12 19:30:00+00:00,0.0
5392,2013-11-12 20:00:00+00:00,0.0
5392,2013-11-12 20:30:00+00:00,0.0
5392,2013-11-12 21:00:00+00:00,0.0
5392,2013-11-12 21:30:00+00:00,0.0
5392,2013-11-12 22:00:00+00:00,0.0
5392,2013-11-12 22:30:00+00:00,0.0
5392,2013-11-12 23:00:00+00:00,0.0
5392,2013-11-12 23:30:00+00:00,0.0
5392,2013-11-13 00:00:00+00:00,0.0
5392,2013-11-13 00:30:00+00:00,0.0
5392,2013-11-13 01:00:00+00:00,0.0
5392,2013-11-13 01:30:00+00:00,0.0
5392,2013-11-13 02:00:00+00:00,0.0
5392,2013-11-13 02:30:00+00:00,0.0
5392,2013-11-13 03:00:00+00:00,0.0
5392,2013-11-13 03:30:00+00:00,0.0
5392,2013-11-13 04:00:00+00:00,0.0
5392,2013-11-13 04:30:00+00:00,0.0
5392,2013-11-13 05:00:00+00:00,0.0
5392,2013-11-13 05:30:00+00:00,0.0
5392,2013-11-13 06:00:00+00:00,0.0
5392,2013-11-13 06:30:00+00:00,0.0
5392,2013-11-13 07:00:00+00:00,0.0
5392,2013-11-13 07:30:00+00:00,0.88
5392,2013-11-13 08:00:00+00:00,147.55
5392,2013-11-13 08:30:00+00:00,368.81
5392,2013-11-13 09:00:00+00:00,610.2
5392,2013-11-13 09:30:00+00:00,828.8
5392,2013-11-13 10:00:00+00:00,976.65
5392,2013-11-13 10:30:00+00:00,1051.25
5392,2013-11-13 11:00:00+00:00,1131.8
5392,2013-11-13 11:30:00+00:00,1127.25
5392,2013-11-13 12:00:00+00:00,835.4
5392,2013-11-13 12:30:00+00:00,1116.15
5392,2013-11-13 13:00:00+00:00,1013.35
5392,2013-11-13 13:30:00+00:00,894.05
5392,2013-11-13 14:00:00+00:00,683.85
5392,2013-11-13 14:30:00+00:00,589.3
5392,2013-11-13 15:00:00+00:00,298.54
5392,2013-11-13 15:30:00+00:00,83.34
5392,2013-11-13 16:00:00+00:00,9.86
5392,2013-11-13 16:30:00+00:00,0.0
5392,2013-11-13 17:00:00+00:00,0.0
5392,2013-11-13 17:30:00+00:00,0.0
5392,2013-11-13 18:00:00+00:00,0.0
5392,2013-11-13 18:30:00+00:00,0.0
5392,2013-11-13 19:00:00+00:00,0.0
5392,2013-11-13 19:30:00+00:00,0.0
5392,2013-11-13 20:00:00+00:00,0.0
5392,2013-11-13 20:30:00+00:00,0.0
5392,2013-11-13 21:00:00+00:00,0.0
5392,2013-11-13 21:30:00+00:00,0.0
5392,2013-11-13 22:00:00+00:00,0.0
5392,2013-11-13 22:30:00+00:00,0.0
5392,2013-11-13 23:00:00+00:00,0.0
5392,2013-11-13 23:30:00+00:00,0.0
5392,2013-11-14 00:00:00+00:00,0.0
5392,2013-11-14 00:30:00+00:00,0.0
5392,2013-11-14 01:00:00+00:00,0.0
5392,2013-11-14 01:30:00+00:00,0.0
5392,2013-11-14 02:00:00+00:00,0.0
5392,2013-11-14 02:30:00+00:00,0.0
5392,2013-11-14 03:00:00+00:00,0.0
5392,2013-11-14 03:30:00+00:00,0.0
5392,2013-11-14 04:00:00+00:00,0.0
5392,2013-11-14 04:30:00+00:00,0.0
5392,2013-11-14 05:00:00+00:00,0.0
5392,2013-11-14 05:30:00+00:00,0.0
5392,2013-11-14 06:00:00+00:00,0.0
5392,2013-11-14 06:30:00+00:00,0.0
5392,2013-11-14 07:00:00+00:00,0.0
5392,2013-11-14 07:30:00+00:00,0.0
5392,2013-11-14 08:00:00+00:00,13.74
5392,2013-11-14 08:30:00+00:00,146.84
5392,2013-11-14 09:00:00+00:00,461.91
5392,2013-11-14 09:30:00+00:00,740.2
5392,2013-11-14 10:00:00+00:00,918.35
5392,2013-11-14 10:30:00+00:00,952.6
5392,2013-11-14 11:00:00+00:00,1010.3
5392,2013-11-14 11:30:00+00:00,1007.8
5392,2013-11-14 12:00:00+00:00,1130.1
5392,2013-11-14 12:30:00+00:00,1105.55
5392,2013-11-14 13:00:00+00:00,446.73
5392,2013-11-14 13:30:00+00:00,344.27
5392,2013-11-14 14:00:00+00:00,570.85
5392,2013-11-14 14:30:00+00:00,785.75
5392,2013-11-14 15:00:00+00:00,590.4
5392,2013-11-14 15:30:00+00:00,263.34
5392,2013-11-14 16:00:00+00:00,33.65
5392,2013-11-14 16:30:00+00:00,0.0
5392,2013-11-14 17:00:00+00:00,0.0
5392,2013-11-14 17:30:00+00:00,0.0
5392,2013-11-14 18:00:00+00:00,0.0
5392,2013-11-14 18:30:00+00:00,0.0
5392,2013-11-14 19:00:00+00:00,0.0
5392,2013-11-14 19:30:00+00:00,0.0
5392,2013-11-14 20:00:00+00:00,0.0
5392,2013-11-14 20:30:00+00:00,0.0
5392,2013-11-14 21:00:00+00:00,0.0
5392,2013-11-14 21:30:00+00:00,0.0
5392,2013-11-14 22:00:00+00:00,0.0
5392,2013-11-14 22:30:00+00:00,0.0
5392,2013-11-14 23:00:00+00:00,0.0
5392,2013-11-14 23:30:00+00:00,0.0
5392,2013-11-15 00:00:00+00:00,0.0
5392,2013-11-15 00:30:00+00:00,0.0
5392,2013-11-15 01:00:00+00:00,0.0
5392,2013-11-15 01:30:00+00:00,0.0
5392,2013-11-15 02:00:00+00:00,0.0
5392,2013-11-15 02:30:00+00:00,0.0
5392,2013-11-15 03:00:00+00:00,0.0
5392,2013-11-15 03:30:00+00:00,0.0
5392,2013-11-15 04:00:00+00:00,0.0
5392,2013-11-15 04:30:00+00:00,0.0
5392,2013-11-15 05:00:00+00:00,0.0
5392,2013-11-15 05:30:00+00:00,0.0
5392,2013-11-15 06:00:00+00:00,0.0
5392,2013-11-15 06:30:00+00:00,0.0
5392,2013-11-15 07:00:00+00:00,0.0
5392,2013-11-15 07:30:00+00:00,0.03
5392,2013-11-15 08:00:00+00:00,86.97
5392,2013-11-15 08:30:00+00:00,255.9
5392,2013-11-15 09:00:00+00:00,646.8
5392,2013-11-15 09:30:00+00:00,797.8
5392,2013-11-15 10:00:00+00:00,929.55
5392,2013-11-15 10:30:00+00:00,1047.65
5392,2013-11-15 11:00:00+00:00,1120.6
5392,2013-11-15 11:30:00+00:00,1161.75
5392,2013-11-15 12:00:00+00:00,1167.45
5392,2013-11-15 12:30:00+00:00,1133.6
5392,2013-11-15 13:00:00+00:00,1046.1
5392,2013-11-15 13:30:00+00:00,494.2
5392,2013-11-15 14:00:00+00:00,266.53
5392,2013-11-15 14:30:00+00:00,254.02
5392,2013-11-15 15:00:00+00:00,266.54
5392,2013-11-15 15:30:00+00:00,101.44
5392,2013-11-15 16:00:00+00:00,0.98
5392,2013-11-15 16:30:00+00:00,0.0
5392,2013-11-15 17:00:00+00:00,0.0
5392,2013-11-15 17:30:00+00:00,0.0
5392,2013-11-15 18:00:00+00:00,0.0
5392,2013-11-15 18:30:00+00:00,0.0
5392,2013-11-15 19:00:00+00:00,0.0
5392,2013-11-15 19:30:00+00:00,0.0
5392,2013-11-15 20:00:00+00:00,0.0
5392,2013-11-15 20:30:00+00:00,0.0
5392,2013-11-15 21:00:00+00:00,0.0
5392,2013-11-15 21:30:00+00:00,0.0
5392,2013-11-15 22:00:00+00:00,0.0
5392,2013-11-15 22:30:00+00:00,0.0
5392,2013-11-15 23:00:00+00:00,0.0
5392,2013-11-15 23:30:00+00:00,0.0
5392,2013-11-16 00:00:00+00:00,0.0
5392,2013-11-16 00:30:00+00:00,0.0
5392,2013-11-16 01:00:00+00:00,0.0
5392,2013-11-16 01:30:00+00:00,0.0
5392,2013-11-16 02:00:00+00:00,0.0
5392,2013-11-16 02:30:00+00:00,0.0
5392,2013-11-16 03:00:00+00:00,0.0
5392,2013-11-16 03:30:00+00:00,0.0
5392,2013-11-16 04:00:00+00:00,0.0
5392,2013-11-16 04:30:00+00:00,0.0
5392,2013-11-16 05:00:00+00:00,0.0
5392,2013-11-16 05:30:00+00:00,0.0
5392,2013-11-16 06:00:00+00:00,0.0
5392,2013-11-16 06:30:00+00:00,0.0
5392,2013-11-16 07:00:00+00:00,0.0
5392,2013-11-16 07:30:00+00:00,0.71
5392,2013-11-16 08:00:00+00:00,116.42
5392,2013-11-16 08:30:00+00:00,384.74
5392,2013-11-16 09:00:00+00:00,567.35
5392,2013-11-16 09:30:00+00:00,776.15
5392,2013-11-16 10:00:00+00:00,894.65
5392,2013-11-16 10:30:00+00:00,1008.8
5392,2013-11-16 11:00:00+00:00,1067.8
5392,2013-11-16 11:30:00+00:00,1126.8
5392,2013-11-16 12:00:00+00:00,1141.05
5392,2013-11-16 12:30:00+00:00,1109.55
5392,2013-11-16 13:00:00+00:00,1014.6
5392,2013-11-16 13:30:00+00:00,617.85
5392,2013-11-16 14:00:00+00:00,225.75
5392,2013-11-16 14:30:00+00:00,222.58
5392,2013-11-16 15:00:00+00:00,347.16
5392,2013-11-16 15:30:00+00:00,136.06
5392,2013-11-16 16:00:00+00:00,2.16
5392,2013-11-16 16:30:00+00:00,0.0
5392,2013-11-16 17:00:00+00:00,0.0
5392,2013-11-16 17:30:00+00:00,0.0
5392,2013-11-16 18:00:00+00:00,0.0
5392,2013-11-16 18:30:00+00:00,0.0
5392,2013-11-16 19:00:00+00:00,0.0
5392,2013-11-16 19:30:00+00:00,0.0
5392,2013-11-16 20:00:00+00:00,0.0
5392,2013-11-16 20:30:00+00:00,0.0
5392,2013-11-16 21:00:00+00:00,0.0
5392,2013-11-16 21:30:00+00:00,0.0
5392,2013-11-16 22:00:00+00:00,0.0
5392,2013-11-16 22:30:00+00:00,0.0
5392,2013-11-16 23:00:00+00:00,0.0
5392,2013-11-16 23:30:00+00:00,0.0
5392,2013-11-17 00:00:00+00:00,0.0
5392,2013-11-17 00:30:00+00:00,0.0
5392,2013-11-17 01:00:00+00:00,0.0
5392,2013-11-17 01:30:00+00:00,0.0
5392,2013-11-17 02:00:00+00:00,0.0
5392,2013-11-17 02:30:00+00:00,0.0
5392,2013-11-17 03:00:00+00:00,0.0
5392,2013-11-17 03:30:00+00:00,0.0
5392,2013-11-17 04:00:00+00:00,0.0
5392,2013-11-17 04:30:00+00:00,0.0
5392,2013-11-17 05:00:00+00:00,0.0
5392,2013-11-17 05:30:00+00:00,0.0
5392,2013-11-17 06:00:00+00:00,0.0
5392,2013-11-17 06:30:00+00:00,0.0
5392,2013-11-17 07:00:00+00:00,0.0
5392,2013-11-17 07:30:00+00:00,0.0
5392,2013-11-17 08:00:00+00:00,0.71
5392,2013-11-17 08:30:00+00:00,4.21
5392,2013-11-17 09:00:00+00:00,44.36
5392,2013-11-17 09:30:00+00:00,36.05
5392,2013-11-17 10:00:00+00:00,44.54
5392,2013-11-17 10:30:00+00:00,61.77
5392,2013-11-17 11:00:00+00:00,42.97
5392,2013-11-17 11:30:00+00:00,45.48
5392,2013-11-17 12:00:00+00:00,51.51
5392,2013-11-17 12:30:00+00:00,36.66
5392,2013-11-17 13:00:00+00:00,34.72
5392,2013-11-17 13:30:00+00:00,37.98
5392,2013-11-17 14:00:00+00:00,23.91
5392,2013-11-17 14:30:00+00:00,2.74
5392,2013-11-17 15:00:00+00:00,1.08
5392,2013-11-17 15:30:00+00:00,0.03
5392,2013-11-17 16:00:00+00:00,0.0
5392,2013-11-17 16:30:00+00:00,0.0
5392,2013-11-17 17:00:00+00:00,0.0
5392,2013-11-17 17:30:00+00:00,0.0
5392,2013-11-17 18:00:00+00:00,0.0
5392,2013-11-17 18:30:00+00:00,0.0
5392,2013-11-17 19:00:00+00:00,0.0
5392,2013-11-17 19:30:00+00:00,0.0
5392,2013-11-17 20:00:00+00:00,0.0
5392,2013-11-17 20:30:00+00:00,0.0
5392,2013-11-17 21:00:00+00:00,0.0
5392,2013-11-17 21:30:00+00:00,0.0
5392,2013-11-17 22:00:00+00:00,0.0
5392,2013-11-17 22:30:00+00:00,0.0
5392,2013-11-17 23:00:00+00:00,0.0
5392,2013-11-17 23:30:00+00:00,0.0
5392,2013-11-18 00:00:00+00:00,0.0
5392,2013-11-18 00:30:00+00:00,0.0
5392,2013-11-18 01:00:00+00:00,0.0
5392,2013-11-18 01:30:00+00:00,0.0
5392,2013-11-18 02:00:00+00:00,0.0
5392,2013-11-18 02:30:00+00:00,0.0
5392,2013-11-18 03:00:00+00:00,0.0
5392,2013-11-18 03:30:00+00:00,0.0
5392,2013-11-18 04:00:00+00:00,0.0
5392,2013-11-18 04:30:00+00:00,0.0
5392,2013-11-18 05:00:00+00:00,0.0
5392,2013-11-18 05:30:00+00:00,0.0
5392,2013-11-18 06:00:00+00:00,0.0
5392,2013-11-18 06:30:00+00:00,0.0
5392,2013-11-18 07:00:00+00:00,0.0
5392,2013-11-18 07:30:00+00:00,0.0
5392,2013-11-18 08:00:00+00:00,0.5
5392,2013-11-18 08:30:00+00:00,7.79
5392,2013-11-18 09:00:00+00:00,37.99
5392,2013-11-18 09:30:00+00:00,22.07
5392,2013-11-18 10:00:00+00:00,43.5
5392,2013-11-18 10:30:00+00:00,45.45
5392,2013-11-18 11:00:00+00:00,65.14
5392,2013-11-18 11:30:00+00:00,44.4
5392,2013-11-18 12:00:00+00:00,77.96
5392,2013-11-18 12:30:00+00:00,83.71
5392,2013-11-18 13:00:00+00:00,56.03
5392,2013-11-18 13:30:00+00:00,54.97
5392,2013-11-18 14:00:00+00:00,56.86
5392,2013-11-18 14:30:00+00:00,52.13
5392,2013-11-18 15:00:00+00:00,2.48
5392,2013-11-18 15:30:00+00:00,0.17
5392,2013-11-18 16:00:00+00:00,0.0
5392,2013-11-18 16:30:00+00:00,0.0
5392,2013-11-18 17:00:00+00:00,0.0
5392,2013-11-18 17:30:00+00:00,0.0
5392,2013-11-18 18:00:00+00:00,0.0
5392,2013-11-18 18:30:00+00:00,0.0
5392,2013-11-18 19:00:00+00:00,0.0
5392,2013-11-18 19:30:00+00:00,0.0
5392,2013-11-18 20:00:00+00:00,0.0
5392,2013-11-18 20:30:00+00:00,0.0
5392,2013-11-18 21:00:00+00:00,0.0
5392,2013-11-18 21:30:00+00:00,0.0
5392,2013-11-18 22:00:00+00:00,0.0
5392,2013-11-18 22:30:00+00:00,0.0
5392,2013-11-18 23:00:00+00:00,0.0
5392,2013-11-18 23:30:00+00:00,0.0
5392,2013-11-19 00:00:00+00:00,0.0
5392,2013-11-19 00:30:00+00:00,0.0
5392,2013-11-19 01:00:00+00:00,0.0
5392,2013-11-19 01:30:00+00:00,0.0
5392,2013-11-19 02:00:00+00:00,0.0
5392,2013-11-19 02:30:00+00:00,0.0
5392,2013-11-19 03:00:00+00:00,0.0
5392,2013-11-19 03:30:00+00:00,0.0
5392,2013-11-19 04:00:00+00:00,0.0
5392,2013-11-19 04:30:00+00:00,0.0
5392,2013-11-19 05:00:00+00:00,0.0
5392,2013-11-19 05:30:00+00:00,0.0
5392,2013-11-19 06:00:00+00:00,0.0
5392,2013-11-19 06:30:00+00:00,0.0
5392,2013-11-19 07:00:00+00:00,0.0
5392,2013-11-19 07:30:00+00:00,0.0
5392,2013-11-19 08:00:00+00:00,63.75
5392,2013-11-19 08:30:00+00:00,354.92
5392,2013-11-19 09:00:00+00:00,623.3
5392,2013-11-19 09:30:00+00:00,838.6
5392,2013-11-19 10:00:00+00:00,970.1
5392,2013-11-19 10:30:00+00:00,1019.85
5392,2013-11-19 11:00:00+00:00,423.69
5392,2013-11-19 11:30:00+00:00,132.19
5392,2013-11-19 12:00:00+00:00,132.18
5392,2013-11-19 12:30:00+00:00,270.77
5392,2013-11-19 13:00:00+00:00,1117.2
5392,2013-11-19 13:30:00+00:00,1070.15
5392,2013-11-19 14:00:00+00:00,1038.55
5392,2013-11-19 14:30:00+00:00,854.85
5392,2013-11-19 15:00:00+00:00,646.8
5392,2013-11-19 15:30:00+00:00,387.3
5392,2013-11-19 16:00:00+00:00,22.45
5392,2013-11-19 16:30:00+00:00,0.0
5392,2013-11-19 17:00:00+00:00,0.0
5392,2013-11-19 17:30:00+00:00,0.0
5392,2013-11-19 18:00:00+00:00,0.0
5392,2013-11-19 18:30:00+00:00,0.0
5392,2013-11-19 19:00:00+00:00,0.0
5392,2013-11-19 19:30:00+00:00,0.0
5392,2013-11-19 20:00:00+00:00,0.0
5392,2013-11-19 20:30:00+00:00,0.0
5392,2013-11-19 21:00:00+00:00,0.0
5392,2013-11-19 21:30:00+00:00,0.0
5392,2013-11-19 22:00:00+00:00,0.0
5392,2013-11-19 22:30:00+00:00,0.0
5392,2013-11-19 23:00:00+00:00,0.0
5392,2013-11-19 23:30:00+00:00,0.0
5392,2013-11-20 00:00:00+00:00,0.0
5392,2013-11-20 00:30:00+00:00,0.0
5392,2013-11-20 01:00:00+00:00,0.0
5392,2013-11-20 01:30:00+00:00,0.0
5392,2013-11-20 02:00:00+00:00,0.0
5392,2013-11-20 02:30:00+00:00,0.0
5392,2013-11-20 03:00:00+00:00,0.0
5392,2013-11-20 03:30:00+00:00,0.0
5392,2013-11-20 04:00:00+00:00,0.0
5392,2013-11-20 04:30:00+00:00,0.0
5392,2013-11-20 05:00:00+00:00,0.0
5392,2013-11-20 05:30:00+00:00,0.0
5392,2013-11-20 06:00:00+00:00,0.0
5392,2013-11-20 06:30:00+00:00,0.0
5392,2013-11-20 07:00:00+00:00,0.0
5392,2013-11-20 07:30:00+00:00,0.0
5392,2013-11-20 08:00:00+00:00,0.0
5392,2013-11-20 08:30:00+00:00,0.21
5392,2013-11-20 09:00:00+00:00,0.65
5392,2013-11-20 09:30:00+00:00,1.27
5392,2013-11-20 10:00:00+00:00,3.54
5392,2013-11-20 10:30:00+00:00,12.98
5392,2013-11-20 11:00:00+00:00,36.83
5392,2013-11-20 11:30:00+00:00,46.75
5392,2013-11-20 12:00:00+00:00,38.13
5392,2013-11-20 12:30:00+00:00,1.36
5392,2013-11-20 13:00:00+00:00,99.42
5392,2013-11-20 13:30:00+00:00,90.3
5392,2013-11-20 14:00:00+00:00,89.49
5392,2013-11-20 14:30:00+00:00,614.05
5392,2013-11-20 15:00:00+00:00,556.65
5392,2013-11-20 15:30:00+00:00,275.54
5392,2013-11-20 16:00:00+00:00,18.56
5392,2013-11-20 16:30:00+00:00,0.0
5392,2013-11-20 17:00:00+00:00,0.0
5392,2013-11-20 17:30:00+00:00,0.0
5392,2013-11-20 18:00:00+00:00,0.0
5392,2013-11-20 18:30:00+00:00,0.0
5392,2013-11-20 19:00:00+00:00,0.0
5392,2013-11-20 19:30:00+00:00,0.0
5392,2013-11-20 20:00:00+00:00,0.0
5392,2013-11-20 20:30:00+00:00,0.0
5392,2013-11-20 21:00:00+00:00,0.0
5392,2013-11-20 21:30:00+00:00,0.0
5392,2013-11-20 22:00:00+00:00,0.0
5392,2013-11-20 22:30:00+00:00,0.0
5392,2013-11-20 23:00:00+00:00,0.0
5392,2013-11-20 23:30:00+00:00,0.0
5392,2013-11-21 00:00:00+00:00,0.0
5392,2013-11-21 00:30:00+00:00,0.0
5392,2013-11-21 01:00:00+00:00,0.0
5392,2013-11-21 01:30:00+00:00,0.0
5392,2013-11-21 02:00:00+00:00,0.0
5392,2013-11-21 02:30:00+00:00,0.0
5392,2013-11-21 03:00:00+00:00,0.0
5392,2013-11-21 03:30:00+00:00,0.0
5392,2013-11-21 04:00:00+00:00,0.0
5392,2013-11-21 04:30:00+00:00,0.0
5392,2013-11-21 05:00:00+00:00,0.0
5392,2013-11-21 05:30:00+00:00,0.0
5392,2013-11-21 06:00:00+00:00,0.0
5392,2013-11-21 06:30:00+00:00,0.0
5392,2013-11-21 07:00:00+00:00,0.0
5392,2013-11-21 07:30:00+00:00,0.0
5392,2013-11-21 08:00:00+00:00,0.16
5392,2013-11-21 08:30:00+00:00,1.93
5392,2013-11-21 09:00:00+00:00,1.64
5392,2013-11-21 09:30:00+00:00,1.5
5392,2013-11-21 10:00:00+00:00,2.65
5392,2013-11-21 10:30:00+00:00,77.66
5392,2013-11-21 11:00:00+00:00,41.01
5392,2013-11-21 11:30:00+00:00,50.37
5392,2013-11-21 12:00:00+00:00,30.53
5392,2013-11-21 12:30:00+00:00,30.91
5392,2013-11-21 13:00:00+00:00,50.98
5392,2013-11-21 13:30:00+00:00,126.45
5392,2013-11-21 14:00:00+00:00,448.97
5392,2013-11-21 14:30:00+00:00,525.6
5392,2013-11-21 15:00:00+00:00,593.05
5392,2013-11-21 15:30:00+00:00,292.06
5392,2013-11-21 16:00:00+00:00,22.18
5392,2013-11-21 16:30:00+00:00,0.0
5392,2013-11-21 17:00:00+00:00,0.0
5392,2013-11-21 17:30:00+00:00,0.0
5392,2013-11-21 18:00:00+00:00,0.0
5392,2013-11-21 18:30:00+00:00,0.0
5392,2013-11-21 19:00:00+00:00,0.0
5392,2013-11-21 19:30:00+00:00,0.0
5392,2013-11-21 20:00:00+00:00,0.0
5392,2013-11-21 20:30:00+00:00,0.0
5392,2013-11-21 21:00:00+00:00,0.0
5392,2013-11-21 21:30:00+00:00,0.0
5392,2013-11-21 22:00:00+00:00,0.0
5392,2013-11-21 22:30:00+00:00,0.0
5392,2013-11-21 23:00:00+00:00,0.0
5392,2013-11-21 23:30:00+00:00,0.0
5392,2013-11-22 00:00:00+00:00,0.0
5392,2013-11-22 00:30:00+00:00,0.0
5392,2013-11-22 01:00:00+00:00,0.0
5392,2013-11-22 01:30:00+00:00,0.0
5392,2013-11-22 02:00:00+00:00,0.0
5392,2013-11-22 02:30:00+00:00,0.0
5392,2013-11-22 03:00:00+00:00,0.0
5392,2013-11-22 03:30:00+00:00,0.0
5392,2013-11-22 04:00:00+00:00,0.0
5392,2013-11-22 04:30:00+00:00,0.0
5392,2013-11-22 05:00:00+00:00,0.0
5392,2013-11-22 05:30:00+00:00,0.0
5392,2013-11-22 06:00:00+00:00,0.0
5392,2013-11-22 06:30:00+00:00,0.0
5392,2013-11-22 07:00:00+00:00,0.0
5392,2013-11-22 07:30:00+00:00,0.0
5392,2013-11-22 08:00:00+00:00,0.1
5392,2013-11-22 08:30:00+00:00,16.55
5392,2013-11-22 09:00:00+00:00,48.5
5392,2013-11-22 09:30:00+00:00,71.41
5392,2013-11-22 10:00:00+00:00,326.34
5392,2013-11-22 10:30:00+00:00,177.77
5392,2013-11-22 11:00:00+00:00,382.98
5392,2013-11-22 11:30:00+00:00,329.27
5392,2013-11-22 12:00:00+00:00,256.58
5392,2013-11-22 12:30:00+00:00,400.74
5392,2013-11-22 13:00:00+00:00,769.2
5392,2013-11-22 13:30:00+00:00,835.55
5392,2013-11-22 14:00:00+00:00,906.75
5392,2013-11-22 14:30:00+00:00,780.7
5392,2013-11-22 15:00:00+00:00,501.95
5392,2013-11-22 15:30:00+00:00,304.75
5392,2013-11-22 16:00:00+00:00,8.52
5392,2013-11-22 16:30:00+00:00,0.0
5392,2013-11-22 17:00:00+00:00,0.0
5392,2013-11-22 17:30:00+00:00,0.0
5392,2013-11-22 18:00:00+00:00,0.0
5392,2013-11-22 18:30:00+00:00,0.0
5392,2013-11-22 19:00:00+00:00,0.0
5392,2013-11-22 19:30:00+00:00,0.0
5392,2013-11-22 20:00:00+00:00,0.0
5392,2013-11-22 20:30:00+00:00,0.0
5392,2013-11-22 21:00:00+00:00,0.0
5392,2013-11-22 21:30:00+00:00,0.0
5392,2013-11-22 22:00:00+00:00,0.0
5392,2013-11-22 22:30:00+00:00,0.0
5392,2013-11-22 23:00:00+00:00,0.0
5392,2013-11-22 23:30:00+00:00,0.0
5392,2013-11-23 00:00:00+00:00,0.0
5392,2013-11-23 00:30:00+00:00,0.0
5392,2013-11-23 01:00:00+00:00,0.0
5392,2013-11-23 01:30:00+00:00,0.0
5392,2013-11-23 02:00:00+00:00,0.0
5392,2013-11-23 02:30:00+00:00,0.0
5392,2013-11-23 03:00:00+00:00,0.0
5392,2013-11-23 03:30:00+00:00,0.0
5392,2013-11-23 04:00:00+00:00,0.0
5392,2013-11-23 04:30:00+00:00,0.0
5392,2013-11-23 05:00:00+00:00,0.0
5392,2013-11-23 05:30:00+00:00,0.0
5392,2013-11-23 06:00:00+00:00,0.0
5392,2013-11-23 06:30:00+00:00,0.0
5392,2013-11-23 07:00:00+00:00,0.0
5392,2013-11-23 07:30:00+00:00,0.0
5392,2013-11-23 08:00:00+00:00,0.2
5392,2013-11-23 08:30:00+00:00,83.94
5392,2013-11-23 09:00:00+00:00,382.13
5392,2013-11-23 09:30:00+00:00,628.7
5392,2013-11-23 10:00:00+00:00,851.95
5392,2013-11-23 10:30:00+00:00,892.55
5392,2013-11-23 11:00:00+00:00,1108.4
5392,2013-11-23 11:30:00+00:00,1146.1
5392,2013-11-23 12:00:00+00:00,1165.0
5392,2013-11-23 12:30:00+00:00,1144.6
5392,2013-11-23 13:00:00+00:00,1123.4
5392,2013-11-23 13:30:00+00:00,1048.85
5392,2013-11-23 14:00:00+00:00,937.5
5392,2013-11-23 14:30:00+00:00,807.85
5392,2013-11-23 15:00:00+00:00,483.04
5392,2013-11-23 15:30:00+00:00,153.46
5392,2013-11-23 16:00:00+00:00,1.14
5392,2013-11-23 16:30:00+00:00,0.0
5392,2013-11-23 17:00:00+00:00,0.0
5392,2013-11-23 17:30:00+00:00,0.0
5392,2013-11-23 18:00:00+00:00,0.0
5392,2013-11-23 18:30:00+00:00,0.0
5392,2013-11-23 19:00:00+00:00,0.0
5392,2013-11-23 19:30:00+00:00,0.0
5392,2013-11-23 20:00:00+00:00,0.0
5392,2013-11-23 20:30:00+00:00,0.0
5392,2013-11-23 21:00:00+00:00,0.0
5392,2013-11-23 21:30:00+00:00,0.0
5392,2013-11-23 22:00:00+00:00,0.0
5392,2013-11-23 22:30:00+00:00,0.0
5392,2013-11-23 23:00:00+00:00,0.0
5392,2013-11-23 23:30:00+00:00,0.0
5392,2013-11-24 00:00:00+00:00,0.0
5392,2013-11-24 00:30:00+00:00,0.0
5392,2013-11-24 01:00:00+00:00,0.0
5392,2013-11-24 01:30:00+00:00,0.0
5392,2013-11-24 02:00:00+00:00,0.0
5392,2013-11-24 02:30:00+00:00,0.0
5392,2013-11-24 03:00:00+00:00,0.0
5392,2013-11-24 03:30:00+00:00,0.0
5392,2013-11-24 04:00:00+00:00,0.0
5392,2013-11-24 04:30:00+00:00,0.0
5392,2013-11-24 05:00:00+00:00,0.0
5392,2013-11-24 05:30:00+00:00,0.0
5392,2013-11-24 06:00:00+00:00,0.0
5392,2013-11-24 06:30:00+00:00,0.0
5392,2013-11-24 07:00:00+00:00,0.0
5392,2013-11-24 07:30:00+00:00,0.0
5392,2013-11-24 08:00:00+00:00,0.27
5392,2013-11-24 08:30:00+00:00,6.17
5392,2013-11-24 09:00:00+00:00,59.88
5392,2013-11-24 09:30:00+00:00,75.46
5392,2013-11-24 10:00:00+00:00,243.52
5392,2013-11-24 10:30:00+00:00,593.5
5392,2013-11-24 11:00:00+00:00,172.62
5392,2013-11-24 11:30:00+00:00,258.8
5392,2013-11-24 12:00:00+00:00,510.8
5392,2013-11-24 12:30:00+00:00,172.44
5392,2013-11-24 13:00:00+00:00,100.03
5392,2013-11-24 13:30:00+00:00,75.86
5392,2013-11-24 14:00:00+00:00,68.02
5392,2013-11-24 14:30:00+00:00,66.47
5392,2013-11-24 15:00:00+00:00,187.97
5392,2013-11-24 15:30:00+00:00,16.49
5392,2013-11-24 16:00:00+00:00,0.0
5392,2013-11-24 16:30:00+00:00,0.0
5392,2013-11-24 17:00:00+00:00,0.0
5392,2013-11-24 17:30:00+00:00,0.0
5392,2013-11-24 18:00:00+00:00,0.0
5392,2013-11-24 18:30:00+00:00,0.0
5392,2013-11-24 19:00:00+00:00,0.0
5392,2013-11-24 19:30:00+00:00,0.0
5392,2013-11-24 20:00:00+00:00,0.0
5392,2013-11-24 20:30:00+00:00,0.0
5392,2013-11-24 21:00:00+00:00,0.0
5392,2013-11-24 21:30:00+00:00,0.0
5392,2013-11-24 22:00:00+00:00,0.0
5392,2013-11-24 22:30:00+00:00,0.0
5392,2013-11-24 23:00:00+00:00,0.0
5392,2013-11-24 23:30:00+00:00,0.0
5392,2013-11-25 00:00:00+00:00,0.0
5392,2013-11-25 00:30:00+00:00,0.0
5392,2013-11-25 01:00:00+00:00,0.0
5392,2013-11-25 01:30:00+00:00,0.0
5392,2013-11-25 02:00:00+00:00,0.0
5392,2013-11-25 02:30:00+00:00,0.0
5392,2013-11-25 03:00:00+00:00,0.0
5392,2013-11-25 03:30:00+00:00,0.0
5392,2013-11-25 04:00:00+00:00,0.0
5392,2013-11-25 04:30:00+00:00,0.0
5392,2013-11-25 05:00:00+00:00,0.0
5392,2013-11-25 05:30:00+00:00,0.0
5392,2013-11-25 06:00:00+00:00,0.0
5392,2013-11-25 06:30:00+00:00,0.0
5392,2013-11-25 07:00:00+00:00,0.0
5392,2013-11-25 07:30:00+00:00,0.0
5392,2013-11-25 08:00:00+00:00,1.84
5392,2013-11-25 08:30:00+00:00,51.35
5392,2013-11-25 09:00:00+00:00,285.33
5392,2013-11-25 09:30:00+00:00,447.55
5392,2013-11-25 10:00:00+00:00,757.25
5392,2013-11-25 10:30:00+00:00,740.55
5392,2013-11-25 11:00:00+00:00,1024.5
5392,2013-11-25 11:30:00+00:00,521.3
5392,2013-11-25 12:00:00+00:00,493.67
5392,2013-11-25 12:30:00+00:00,576.15
5392,2013-11-25 13:00:00+00:00,912.1
5392,2013-11-25 13:30:00+00:00,423.82
5392,2013-11-25 14:00:00+00:00,517.6
5392,2013-11-25 14:30:00+00:00,120.98
5392,2013-11-25 15:00:00+00:00,34.44
5392,2013-11-25 15:30:00+00:00,21.45
5392,2013-11-25 16:00:00+00:00,1.95
5392,2013-11-25 16:30:00+00:00,0.0
5392,2013-11-25 17:00:00+00:00,0.0
5392,2013-11-25 17:30:00+00:00,0.0
5392,2013-11-25 18:00:00+00:00,0.0
5392,2013-11-25 18:30:00+00:00,0.0
5392,2013-11-25 19:00:00+00:00,0.0
5392,2013-11-25 19:30:00+00:00,0.0
5392,2013-11-25 20:00:00+00:00,0.0
5392,2013-11-25 20:30:00+00:00,0.0
5392,2013-11-25 21:00:00+00:00,0.0
5392,2013-11-25 21:30:00+00:00,0.0
5392,2013-11-25 22:00:00+00:00,0.0
5392,2013-11-25 22:30:00+00:00,0.0
5392,2013-11-25 23:00:00+00:00,0.0
5392,2013-11-25 23:30:00+00:00,0.0
5392,2013-11-26 00:00:00+00:00,0.0
5392,2013-11-26 00:30:00+00:00,0.0
5392,2013-11-26 01:00:00+00:00,0.0
5392,2013-11-26 01:30:00+00:00,0.0
5392,2013-11-26 02:00:00+00:00,0.0
5392,2013-11-26 02:30:00+00:00,0.0
5392,2013-11-26 03:00:00+00:00,0.0
5392,2013-11-26 03:30:00+00:00,0.0
5392,2013-11-26 04:00:00+00:00,0.0
5392,2013-11-26 04:30:00+00:00,0.0
5392,2013-11-26 05:00:00+00:00,0.0
5392,2013-11-26 05:30:00+00:00,0.0
5392,2013-11-26 06:00:00+00:00,0.0
5392,2013-11-26 06:30:00+00:00,0.0
5392,2013-11-26 07:00:00+00:00,0.0
5392,2013-11-26 07:30:00+00:00,0.0
5392,2013-11-26 08:00:00+00:00,0.0
5392,2013-11-26 08:30:00+00:00,20.09
5392,2013-11-26 09:00:00+00:00,83.39
5392,2013-11-26 09:30:00+00:00,253.25
5392,2013-11-26 10:00:00+00:00,739.45
5392,2013-11-26 10:30:00+00:00,751.65
5392,2013-11-26 11:00:00+00:00,752.0
5392,2013-11-26 11:30:00+00:00,778.95
5392,2013-11-26 12:00:00+00:00,774.9
5392,2013-11-26 12:30:00+00:00,592.25
5392,2013-11-26 13:00:00+00:00,435.62
5392,2013-11-26 13:30:00+00:00,449.04
5392,2013-11-26 14:00:00+00:00,282.36
5392,2013-11-26 14:30:00+00:00,453.04
5392,2013-11-26 15:00:00+00:00,141.84
5392,2013-11-26 15:30:00+00:00,14.73
5392,2013-11-26 16:00:00+00:00,0.0
5392,2013-11-26 16:30:00+00:00,0.0
5392,2013-11-26 17:00:00+00:00,0.0
5392,2013-11-26 17:30:00+00:00,0.0
5392,2013-11-26 18:00:00+00:00,0.0
5392,2013-11-26 18:30:00+00:00,0.0
5392,2013-11-26 19:00:00+00:00,0.0
5392,2013-11-26 19:30:00+00:00,0.0
5392,2013-11-26 20:00:00+00:00,0.0
5392,2013-11-26 20:30:00+00:00,0.0
5392,2013-11-26 21:00:00+00:00,0.0
5392,2013-11-26 21:30:00+00:00,0.0
5392,2013-11-26 22:00:00+00:00,0.0
5392,2013-11-26 22:30:00+00:00,0.0
5392,2013-11-26 23:00:00+00:00,0.0
5392,2013-11-26 23:30:00+00:00,0.0
5392,2013-11-27 00:00:00+00:00,0.0
5392,2013-11-27 00:30:00+00:00,0.0
5392,2013-11-27 01:00:00+00:00,0.0
5392,2013-11-27 01:30:00+00:00,0.0
5392,2013-11-27 02:00:00+00:00,0.0
5392,2013-11-27 02:30:00+00:00,0.0
5392,2013-11-27 03:00:00+00:00,0.0
5392,2013-11-27 03:30:00+00:00,0.0
5392,2013-11-27 04:00:00+00:00,0.0
5392,2013-11-27 04:30:00+00:00,0.0
5392,2013-11-27 05:00:00+00:00,0.0
5392,2013-11-27 05:30:00+00:00,0.0
5392,2013-11-27 06:00:00+00:00,0.0
5392,2013-11-27 06:30:00+00:00,0.0
5392,2013-11-27 07:00:00+00:00,0.0
5392,2013-11-27 07:30:00+00:00,0.0
5392,2013-11-27 08:00:00+00:00,0.0
5392,2013-11-27 08:30:00+00:00,0.03
5392,2013-11-27 09:00:00+00:00,1.06
5392,2013-11-27 09:30:00+00:00,40.36
5392,2013-11-27 10:00:00+00:00,54.42
5392,2013-11-27 10:30:00+00:00,81.94
5392,2013-11-27 11:00:00+00:00,81.09
5392,2013-11-27 11:30:00+00:00,55.94
5392,2013-11-27 12:00:00+00:00,74.36
5392,2013-11-27 12:30:00+00:00,121.32
5392,2013-11-27 13:00:00+00:00,135.59
5392,2013-11-27 13:30:00+00:00,83.0
5392,2013-11-27 14:00:00+00:00,56.72
5392,2013-11-27 14:30:00+00:00,15.89
5392,2013-11-27 15:00:00+00:00,30.29
5392,2013-11-27 15:30:00+00:00,0.79
5392,2013-11-27 16:00:00+00:00,0.0
5392,2013-11-27 16:30:00+00:00,0.0
5392,2013-11-27 17:00:00+00:00,0.0
5392,2013-11-27 17:30:00+00:00,0.0
5392,2013-11-27 18:00:00+00:00,0.0
5392,2013-11-27 18:30:00+00:00,0.0
5392,2013-11-27 19:00:00+00:00,0.0
5392,2013-11-27 19:30:00+00:00,0.0
5392,2013-11-27 20:00:00+00:00,0.0
5392,2013-11-27 20:30:00+00:00,0.0
5392,2013-11-27 21:00:00+00:00,0.0
5392,2013-11-27 21:30:00+00:00,0.0
5392,2013-11-27 22:00:00+00:00,0.0
5392,2013-11-27 22:30:00+00:00,0.0
5392,2013-11-27 23:00:00+00:00,0.0
5392,2013-11-27 23:30:00+00:00,0.0
5392,2013-11-28 00:00:00+00:00,0.0
5392,2013-11-28 00:30:00+00:00,0.0
5392,2013-11-28 01:00:00+00:00,0.0
5392,2013-11-28 01:30:00+00:00,0.0
5392,2013-11-28 02:00:00+00:00,0.0
5392,2013-11-28 02:30:00+00:00,0.0
5392,2013-11-28 03:00:00+00:00,0.0
5392,2013-11-28 03:30:00+00:00,0.0
5392,2013-11-28 04:00:00+00:00,0.0
5392,2013-11-28 04:30:00+00:00,0.0
5392,2013-11-28 05:00:00+00:00,0.0
5392,2013-11-28 05:30:00+00:00,0.0
5392,2013-11-28 06:00:00+00:00,0.0
5392,2013-11-28 06:30:00+00:00,0.0
5392,2013-11-28 07:00:00+00:00,0.0
5392,2013-11-28 07:30:00+00:00,0.0
5392,2013-11-28 08:00:00+00:00,0.0
5392,2013-11-28 08:30:00+00:00,0.0
5392,2013-11-28 09:00:00+00:00,0.01
5392,2013-11-28 09:30:00+00:00,5.88
5392,2013-11-28 10:00:00+00:00,5.48
5392,2013-11-28 10:30:00+00:00,23.55
5392,2013-11-28 11:00:00+00:00,42.32
5392,2013-11-28 11:30:00+00:00,50.63
5392,2013-11-28 12:00:00+00:00,106.66
5392,2013-11-28 12:30:00+00:00,76.68
5392,2013-11-28 13:00:00+00:00,54.87
5392,2013-11-28 13:30:00+00:00,56.09
5392,2013-11-28 14:00:00+00:00,47.8
5392,2013-11-28 14:30:00+00:00,13.09
5392,2013-11-28 15:00:00+00:00,16.67
5392,2013-11-28 15:30:00+00:00,2.49
5392,2013-11-28 16:00:00+00:00,0.06
5392,2013-11-28 16:30:00+00:00,0.0
5392,2013-11-28 17:00:00+00:00,0.0
5392,2013-11-28 17:30:00+00:00,0.0
5392,2013-11-28 18:00:00+00:00,0.0
5392,2013-11-28 18:30:00+00:00,0.0
5392,2013-11-28 19:00:00+00:00,0.0
5392,2013-11-28 19:30:00+00:00,0.0
5392,2013-11-28 20:00:00+00:00,0.0
5392,2013-11-28 20:30:00+00:00,0.0
5392,2013-11-28 21:00:00+00:00,0.0
5392,2013-11-28 21:30:00+00:00,0.0
5392,2013-11-28 22:00:00+00:00,0.0
5392,2013-11-28 22:30:00+00:00,0.0
5392,2013-11-28 23:00:00+00:00,0.0
5392,2013-11-28 23:30:00+00:00,0.0
5392,2013-11-29 00:00:00+00:00,0.0
5392,2013-11-29 00:30:00+00:00,0.0
5392,2013-11-29 01:00:00+00:00,0.0
5392,2013-11-29 01:30:00+00:00,0.0
5392,2013-11-29 02:00:00+00:00,0.0
5392,2013-11-29 02:30:00+00:00,0.0
5392,2013-11-29 03:00:00+00:00,0.0
5392,2013-11-29 03:30:00+00:00,0.0
5392,2013-11-29 04:00:00+00:00,0.0
5392,2013-11-29 04:30:00+00:00,0.0
5392,2013-11-29 05:00:00+00:00,0.0
5392,2013-11-29 05:30:00+00:00,0.0
5392,2013-11-29 06:00:00+00:00,0.0
5392,2013-11-29 06:30:00+00:00,0.0
5392,2013-11-29 07:00:00+00:00,0.0
5392,2013-11-29 07:30:00+00:00,0.0
5392,2013-11-29 08:00:00+00:00,0.0
5392,2013-11-29 08:30:00+00:00,5.45
5392,2013-11-29 09:00:00+00:00,9.34
5392,2013-11-29 09:30:00+00:00,60.69
5392,2013-11-29 10:00:00+00:00,89.01
5392,2013-11-29 10:30:00+00:00,103.42
5392,2013-11-29 11:00:00+00:00,159.85
5392,2013-11-29 11:30:00+00:00,165.95
5392,2013-11-29 12:00:00+00:00,217.6
5392,2013-11-29 12:30:00+00:00,163.3
5392,2013-11-29 13:00:00+00:00,106.25
5392,2013-11-29 13:30:00+00:00,55.09
5392,2013-11-29 14:00:00+00:00,7.65
5392,2013-11-29 14:30:00+00:00,25.8
5392,2013-11-29 15:00:00+00:00,15.26
5392,2013-11-29 15:30:00+00:00,8.4
5392,2013-11-29 16:00:00+00:00,0.0
5392,2013-11-29 16:30:00+00:00,0.0
5392,2013-11-29 17:00:00+00:00,0.0
5392,2013-11-29 17:30:00+00:00,0.0
5392,2013-11-29 18:00:00+00:00,0.0
5392,2013-11-29 18:30:00+00:00,0.0
5392,2013-11-29 19:00:00+00:00,0.0
5392,2013-11-29 19:30:00+00:00,0.0
5392,2013-11-29 20:00:00+00:00,0.0
5392,2013-11-29 20:30:00+00:00,0.0
5392,2013-11-29 21:00:00+00:00,0.0
5392,2013-11-29 21:30:00+00:00,0.0
5392,2013-11-29 22:00:00+00:00,0.0
5392,2013-11-29 22:30:00+00:00,0.0
5392,2013-11-29 23:00:00+00:00,0.0
5392,2013-11-29 23:30:00+00:00,0.0
5392,2013-11-30 00:00:00+00:00,0.0
5392,2013-11-30 00:30:00+00:00,0.0
5392,2013-11-30 01:00:00+00:00,0.0
5392,2013-11-30 01:30:00+00:00,0.0
5392,2013-11-30 02:00:00+00:00,0.0
5392,2013-11-30 02:30:00+00:00,0.0
5392,2013-11-30 03:00:00+00:00,0.0
5392,2013-11-30 03:30:00+00:00,0.0
5392,2013-11-30 04:00:00+00:00,0.0
5392,2013-11-30 04:30:00+00:00,0.0
5392,2013-11-30 05:00:00+00:00,0.0
5392,2013-11-30 05:30:00+00:00,0.0
5392,2013-11-30 06:00:00+00:00,0.0
5392,2013-11-30 06:30:00+00:00,0.0
5392,2013-11-30 07:00:00+00:00,0.0
5392,2013-11-30 07:30:00+00:00,0.0
5392,2013-11-30 08:00:00+00:00,0.03
5392,2013-11-30 08:30:00+00:00,18.88
5392,2013-11-30 09:00:00+00:00,249.37
5392,2013-11-30 09:30:00+00:00,717.45
5392,2013-11-30 10:00:00+00:00,202.58
5392,2013-11-30 10:30:00+00:00,68.55
5392,2013-11-30 11:00:00+00:00,97.71
5392,2013-11-30 11:30:00+00:00,109.89
5392,2013-11-30 12:00:00+00:00,171.24
5392,2013-11-30 12:30:00+00:00,505.6
5392,2013-11-30 13:00:00+00:00,227.18
5392,2013-11-30 13:30:00+00:00,204.36
5392,2013-11-30 14:00:00+00:00,138.61
5392,2013-11-30 14:30:00+00:00,336.07
5392,2013-11-30 15:00:00+00:00,33.88
5392,2013-11-30 15:30:00+00:00,0.97
5392,2013-11-30 16:00:00+00:00,0.0
5392,2013-11-30 16:30:00+00:00,0.0
5392,2013-11-30 17:00:00+00:00,0.0
5392,2013-11-30 17:30:00+00:00,0.0
5392,2013-11-30 18:00:00+00:00,0.0
5392,2013-11-30 18:30:00+00:00,0.0
5392,2013-11-30 19:00:00+00:00,0.0
5392,2013-11-30 19:30:00+00:00,0.0
5392,2013-11-30 20:00:00+00:00,0.0
5392,2013-11-30 20:30:00+00:00,0.0
5392,2013-11-30 21:00:00+00:00,0.0
5392,2013-11-30 21:30:00+00:00,0.0
5392,2013-11-30 22:00:00+00:00,0.0
5392,2013-11-30 22:30:00+00:00,0.0
5392,2013-11-30 23:00:00+00:00,0.0
5392,2013-11-30 23:30:00+00:00,0.0
5392,2013-12-01 00:30:00+00:00,0.0
5392,2013-12-01 01:00:00+00:00,0.0
5392,2013-12-01 01:30:00+00:00,0.0
5392,2013-12-01 02:00:00+00:00,0.0
5392,2013-12-01 02:30:00+00:00,0.0
5392,2013-12-01 03:00:00+00:00,0.0
5392,2013-12-01 03:30:00+00:00,0.0
5392,2013-12-01 04:00:00+00:00,0.0
5392,2013-12-01 04:30:00+00:00,0.0
5392,2013-12-01 05:00:00+00:00,0.0
5392,2013-12-01 05:30:00+00:00,0.0
5392,2013-12-01 06:00:00+00:00,0.0
5392,2013-12-01 06:30:00+00:00,0.0
5392,2013-12-01 07:00:00+00:00,0.0
5392,2013-12-01 07:30:00+00:00,0.0
5392,2013-12-01 08:00:00+00:00,0.0
5392,2013-12-01 08:30:00+00:00,0.01
5392,2013-12-01 09:00:00+00:00,2.2
5392,2013-12-01 09:30:00+00:00,29.77
5392,2013-12-01 10:00:00+00:00,53.68
5392,2013-12-01 10:30:00+00:00,64.92
5392,2013-12-01 11:00:00+00:00,85.0
5392,2013-12-01 11:30:00+00:00,84.9
5392,2013-12-01 12:00:00+00:00,109.23
5392,2013-12-01 12:30:00+00:00,107.76
5392,2013-12-01 13:00:00+00:00,110.34
5392,2013-12-01 13:30:00+00:00,556.2
5392,2013-12-01 14:00:00+00:00,355.94
5392,2013-12-01 14:30:00+00:00,471.56
5392,2013-12-01 15:00:00+00:00,371.88
5392,2013-12-01 15:30:00+00:00,23.93
5392,2013-12-01 16:00:00+00:00,0.04
5392,2013-12-01 16:30:00+00:00,0.0
5392,2013-12-01 17:00:00+00:00,0.0
5392,2013-12-01 17:30:00+00:00,0.0
5392,2013-12-01 18:00:00+00:00,0.0
5392,2013-12-01 18:30:00+00:00,0.0
5392,2013-12-01 19:00:00+00:00,0.0
5392,2013-12-01 19:30:00+00:00,0.0
5392,2013-12-01 20:00:00+00:00,0.0
5392,2013-12-01 20:30:00+00:00,0.0
5392,2013-12-01 21:00:00+00:00,0.0
5392,2013-12-01 21:30:00+00:00,0.0
5392,2013-12-01 22:00:00+00:00,0.0
5392,2013-12-01 22:30:00+00:00,0.0
5392,2013-12-01 23:00:00+00:00,0.0
5392,2013-12-01 23:30:00+00:00,0.0
5392,2013-12-02 00:00:00+00:00,0.0
5392,2013-12-02 00:30:00+00:00,0.0
5392,2013-12-02 01:00:00+00:00,0.0
5392,2013-12-02 01:30:00+00:00,0.0
5392,2013-12-02 02:00:00+00:00,0.0
5392,2013-12-02 02:30:00+00:00,0.0
5392,2013-12-02 03:00:00+00:00,0.0
5392,2013-12-02 03:30:00+00:00,0.0
5392,2013-12-02 04:00:00+00:00,0.0
5392,2013-12-02 04:30:00+00:00,0.0
5392,2013-12-02 05:00:00+00:00,0.0
5392,2013-12-02 05:30:00+00:00,0.0
5392,2013-12-02 06:00:00+00:00,0.0
5392,2013-12-02 06:30:00+00:00,0.0
5392,2013-12-02 07:00:00+00:00,0.0
5392,2013-12-02 07:30:00+00:00,0.0
5392,2013-12-02 08:00:00+00:00,0.0
5392,2013-12-02 08:30:00+00:00,0.2
5392,2013-12-02 09:00:00+00:00,3.06
5392,2013-12-02 09:30:00+00:00,24.14
5392,2013-12-02 10:00:00+00:00,13.3
5392,2013-12-02 10:30:00+00:00,45.64
5392,2013-12-02 11:00:00+00:00,46.84
5392,2013-12-02 11:30:00+00:00,63.85
5392,2013-12-02 12:00:00+00:00,97.75
5392,2013-12-02 12:30:00+00:00,75.11
5392,2013-12-02 13:00:00+00:00,72.73
5392,2013-12-02 13:30:00+00:00,53.54
5392,2013-12-02 14:00:00+00:00,75.48
5392,2013-12-02 14:30:00+00:00,59.32
5392,2013-12-02 15:00:00+00:00,28.34
5392,2013-12-02 15:30:00+00:00,2.39
5392,2013-12-02 16:00:00+00:00,0.0
5392,2013-12-02 16:30:00+00:00,0.0
5392,2013-12-02 17:00:00+00:00,0.0
5392,2013-12-02 17:30:00+00:00,0.0
5392,2013-12-02 18:00:00+00:00,0.0
5392,2013-12-02 18:30:00+00:00,0.0
5392,2013-12-02 19:00:00+00:00,0.0
5392,2013-12-02 19:30:00+00:00,0.0
5392,2013-12-02 20:00:00+00:00,0.0
5392,2013-12-02 20:30:00+00:00,0.0
5392,2013-12-02 21:00:00+00:00,0.0
5392,2013-12-02 21:30:00+00:00,0.0
5392,2013-12-02 22:00:00+00:00,0.0
5392,2013-12-02 22:30:00+00:00,0.0
5392,2013-12-02 23:00:00+00:00,0.0
5392,2013-12-02 23:30:00+00:00,0.0
5392,2013-12-03 00:00:00+00:00,0.0
5392,2013-12-03 00:30:00+00:00,0.0
5392,2013-12-03 01:00:00+00:00,0.0
5392,2013-12-03 01:30:00+00:00,0.0
5392,2013-12-03 02:00:00+00:00,0.0
5392,2013-12-03 02:30:00+00:00,0.0
5392,2013-12-03 03:00:00+00:00,0.0
5392,2013-12-03 03:30:00+00:00,0.0
5392,2013-12-03 04:00:00+00:00,0.0
5392,2013-12-03 04:30:00+00:00,0.0
5392,2013-12-03 05:00:00+00:00,0.0
5392,2013-12-03 05:30:00+00:00,0.0
5392,2013-12-03 06:00:00+00:00,0.0
5392,2013-12-03 06:30:00+00:00,0.0
5392,2013-12-03 07:00:00+00:00,0.0
5392,2013-12-03 07:30:00+00:00,0.0
5392,2013-12-03 08:00:00+00:00,0.0
5392,2013-12-03 08:30:00+00:00,0.0
5392,2013-12-03 09:00:00+00:00,1.39
5392,2013-12-03 09:30:00+00:00,13.01
5392,2013-12-03 10:00:00+00:00,52.97
5392,2013-12-03 10:30:00+00:00,62.14
5392,2013-12-03 11:00:00+00:00,76.82
5392,2013-12-03 11:30:00+00:00,77.6
5392,2013-12-03 12:00:00+00:00,68.91
5392,2013-12-03 12:30:00+00:00,64.02
5392,2013-12-03 13:00:00+00:00,62.81
5392,2013-12-03 13:30:00+00:00,57.58
5392,2013-12-03 14:00:00+00:00,49.9
5392,2013-12-03 14:30:00+00:00,20.19
5392,2013-12-03 15:00:00+00:00,2.78
5392,2013-12-03 15:30:00+00:00,0.43
5392,2013-12-03 16:00:00+00:00,0.0
5392,2013-12-03 16:30:00+00:00,0.0
5392,2013-12-03 17:00:00+00:00,0.0
5392,2013-12-03 17:30:00+00:00,0.0
5392,2013-12-03 18:00:00+00:00,0.0
5392,2013-12-03 18:30:00+00:00,0.0
5392,2013-12-03 19:00:00+00:00,0.0
5392,2013-12-03 19:30:00+00:00,0.0
5392,2013-12-03 20:00:00+00:00,0.0
5392,2013-12-03 20:30:00+00:00,0.0
5392,2013-12-03 21:00:00+00:00,0.0
5392,2013-12-03 21:30:00+00:00,0.0
5392,2013-12-03 22:00:00+00:00,0.0
5392,2013-12-03 22:30:00+00:00,0.0
5392,2013-12-03 23:00:00+00:00,0.0
5392,2013-12-03 23:30:00+00:00,0.0
5392,2013-12-04 00:00:00+00:00,0.0
5392,2013-12-04 00:30:00+00:00,0.0
5392,2013-12-04 01:00:00+00:00,0.0
5392,2013-12-04 01:30:00+00:00,0.0
5392,2013-12-04 02:00:00+00:00,0.0
5392,2013-12-04 02:30:00+00:00,0.0
5392,2013-12-04 03:00:00+00:00,0.0
5392,2013-12-04 03:30:00+00:00,0.0
5392,2013-12-04 04:00:00+00:00,0.0
5392,2013-12-04 04:30:00+00:00,0.0
5392,2013-12-04 05:00:00+00:00,0.0
5392,2013-12-04 05:30:00+00:00,0.0
5392,2013-12-04 06:00:00+00:00,0.0
5392,2013-12-04 06:30:00+00:00,0.0
5392,2013-12-04 07:00:00+00:00,0.0
5392,2013-12-04 07:30:00+00:00,0.0
5392,2013-12-04 08:00:00+00:00,0.0
5392,2013-12-04 08:30:00+00:00,0.84
5392,2013-12-04 09:00:00+00:00,91.59
5392,2013-12-04 09:30:00+00:00,168.24
5392,2013-12-04 10:00:00+00:00,59.77
5392,2013-12-04 10:30:00+00:00,75.81
5392,2013-12-04 11:00:00+00:00,50.85
5392,2013-12-04 11:30:00+00:00,32.57
5392,2013-12-04 12:00:00+00:00,36.64
5392,2013-12-04 12:30:00+00:00,34.3
5392,2013-12-04 13:00:00+00:00,90.04
5392,2013-12-04 13:30:00+00:00,142.89
5392,2013-12-04 14:00:00+00:00,112.33
5392,2013-12-04 14:30:00+00:00,88.82
5392,2013-12-04 15:00:00+00:00,84.72
5392,2013-12-04 15:30:00+00:00,36.44
5392,2013-12-04 16:00:00+00:00,0.91
5392,2013-12-04 16:30:00+00:00,0.0
5392,2013-12-04 17:00:00+00:00,0.0
5392,2013-12-04 17:30:00+00:00,0.0
5392,2013-12-04 18:00:00+00:00,0.0
5392,2013-12-04 18:30:00+00:00,0.0
5392,2013-12-04 19:00:00+00:00,0.0
5392,2013-12-04 19:30:00+00:00,0.0
5392,2013-12-04 20:00:00+00:00,0.0
5392,2013-12-04 20:30:00+00:00,0.0
5392,2013-12-04 21:00:00+00:00,0.0
5392,2013-12-04 21:30:00+00:00,0.0
5392,2013-12-04 22:00:00+00:00,0.0
5392,2013-12-04 22:30:00+00:00,0.0
5392,2013-12-04 23:00:00+00:00,0.0
5392,2013-12-04 23:30:00+00:00,0.0
5392,2013-12-05 00:00:00+00:00,0.0
5392,2013-12-05 00:30:00+00:00,0.0
5392,2013-12-05 01:00:00+00:00,0.0
5392,2013-12-05 01:30:00+00:00,0.0
5392,2013-12-05 02:00:00+00:00,0.0
5392,2013-12-05 02:30:00+00:00,0.0
5392,2013-12-05 03:00:00+00:00,0.0
5392,2013-12-05 03:30:00+00:00,0.0
5392,2013-12-05 04:00:00+00:00,0.0
5392,2013-12-05 04:30:00+00:00,0.0
5392,2013-12-05 05:00:00+00:00,0.0
5392,2013-12-05 05:30:00+00:00,0.0
5392,2013-12-05 06:00:00+00:00,0.0
5392,2013-12-05 06:30:00+00:00,0.0
5392,2013-12-05 07:00:00+00:00,0.0
5392,2013-12-05 07:30:00+00:00,0.0
5392,2013-12-05 08:00:00+00:00,0.25
5392,2013-12-05 08:30:00+00:00,2.4
5392,2013-12-05 09:00:00+00:00,21.17
5392,2013-12-05 09:30:00+00:00,57.1
5392,2013-12-05 10:00:00+00:00,100.27
5392,2013-12-05 10:30:00+00:00,115.21
5392,2013-12-05 11:00:00+00:00,232.85
5392,2013-12-05 11:30:00+00:00,448.41
5392,2013-12-05 12:00:00+00:00,622.9
5392,2013-12-05 12:30:00+00:00,499.47
5392,2013-12-05 13:00:00+00:00,152.85
5392,2013-12-05 13:30:00+00:00,710.95
5392,2013-12-05 14:00:00+00:00,189.57
5392,2013-12-05 14:30:00+00:00,81.63
5392,2013-12-05 15:00:00+00:00,16.41
5392,2013-12-05 15:30:00+00:00,0.29
5392,2013-12-05 16:00:00+00:00,0.0
5392,2013-12-05 16:30:00+00:00,0.0
5392,2013-12-05 17:00:00+00:00,0.0
5392,2013-12-05 17:30:00+00:00,0.0
5392,2013-12-05 18:00:00+00:00,0.0
5392,2013-12-05 18:30:00+00:00,0.0
5392,2013-12-05 19:00:00+00:00,0.0
5392,2013-12-05 19:30:00+00:00,0.0
5392,2013-12-05 20:00:00+00:00,0.0
5392,2013-12-05 20:30:00+00:00,0.0
5392,2013-12-05 21:00:00+00:00,0.0
5392,2013-12-05 21:30:00+00:00,0.0
5392,2013-12-05 22:00:00+00:00,0.0
5392,2013-12-05 22:30:00+00:00,0.0
5392,2013-12-05 23:00:00+00:00,0.0
5392,2013-12-05 23:30:00+00:00,0.0
5392,2013-12-06 00:00:00+00:00,0.0
5392,2013-12-06 00:30:00+00:00,0.0
5392,2013-12-06 01:00:00+00:00,0.0
5392,2013-12-06 01:30:00+00:00,0.0
5392,2013-12-06 02:00:00+00:00,0.0
5392,2013-12-06 02:30:00+00:00,0.0
5392,2013-12-06 03:00:00+00:00,0.0
5392,2013-12-06 03:30:00+00:00,0.0
5392,2013-12-06 04:00:00+00:00,0.0
5392,2013-12-06 04:30:00+00:00,0.0
5392,2013-12-06 05:00:00+00:00,0.0
5392,2013-12-06 05:30:00+00:00,0.0
5392,2013-12-06 06:00:00+00:00,0.0
5392,2013-12-06 06:30:00+00:00,0.0
5392,2013-12-06 07:00:00+00:00,0.0
5392,2013-12-06 07:30:00+00:00,0.0
5392,2013-12-06 08:00:00+00:00,0.12
5392,2013-12-06 08:30:00+00:00,97.15
5392,2013-12-06 09:00:00+00:00,56.83
5392,2013-12-06 09:30:00+00:00,57.85
5392,2013-12-06 10:00:00+00:00,64.67
5392,2013-12-06 10:30:00+00:00,361.92
5392,2013-12-06 11:00:00+00:00,282.41
5392,2013-12-06 11:30:00+00:00,812.85
5392,2013-12-06 12:00:00+00:00,493.59
5392,2013-12-06 12:30:00+00:00,127.99
5392,2013-12-06 13:00:00+00:00,100.57
5392,2013-12-06 13:30:00+00:00,123.78
5392,2013-12-06 14:00:00+00:00,42.75
5392,2013-12-06 14:30:00+00:00,9.12
5392,2013-12-06 15:00:00+00:00,5.02
5392,2013-12-06 15:30:00+00:00,1.3
5392,2013-12-06 16:00:00+00:00,0.0
5392,2013-12-06 16:30:00+00:00,0.0
5392,2013-12-06 17:00:00+00:00,0.0
5392,2013-12-06 17:30:00+00:00,0.0
5392,2013-12-06 18:00:00+00:00,0.0
5392,2013-12-06 18:30:00+00:00,0.0
5392,2013-12-06 19:00:00+00:00,0.0
5392,2013-12-06 19:30:00+00:00,0.0
5392,2013-12-06 20:00:00+00:00,0.0
5392,2013-12-06 20:30:00+00:00,0.0
5392,2013-12-06 21:00:00+00:00,0.0
5392,2013-12-06 21:30:00+00:00,0.0
5392,2013-12-06 22:00:00+00:00,0.0
5392,2013-12-06 22:30:00+00:00,0.0
5392,2013-12-06 23:00:00+00:00,0.0
5392,2013-12-06 23:30:00+00:00,0.0
5392,2013-12-07 00:00:00+00:00,0.0
5392,2013-12-07 00:30:00+00:00,0.0
5392,2013-12-07 01:00:00+00:00,0.0
5392,2013-12-07 01:30:00+00:00,0.0
5392,2013-12-07 02:00:00+00:00,0.0
5392,2013-12-07 02:30:00+00:00,0.0
5392,2013-12-07 03:00:00+00:00,0.0
5392,2013-12-07 03:30:00+00:00,0.0
5392,2013-12-07 04:00:00+00:00,0.0
5392,2013-12-07 04:30:00+00:00,0.0
5392,2013-12-07 05:00:00+00:00,0.0
5392,2013-12-07 05:30:00+00:00,0.0
5392,2013-12-07 06:00:00+00:00,0.0
5392,2013-12-07 06:30:00+00:00,0.0
5392,2013-12-07 07:00:00+00:00,0.0
5392,2013-12-07 07:30:00+00:00,0.0
5392,2013-12-07 08:00:00+00:00,0.0
5392,2013-12-07 08:30:00+00:00,3.18
5392,2013-12-07 09:00:00+00:00,22.01
5392,2013-12-07 09:30:00+00:00,29.49
5392,2013-12-07 10:00:00+00:00,48.73
5392,2013-12-07 10:30:00+00:00,60.49
5392,2013-12-07 11:00:00+00:00,65.72
5392,2013-12-07 11:30:00+00:00,135.61
5392,2013-12-07 12:00:00+00:00,148.56
5392,2013-12-07 12:30:00+00:00,134.36
5392,2013-12-07 13:00:00+00:00,233.73
5392,2013-12-07 13:30:00+00:00,100.1
5392,2013-12-07 14:00:00+00:00,138.07
5392,2013-12-07 14:30:00+00:00,94.95
5392,2013-12-07 15:00:00+00:00,55.14
5392,2013-12-07 15:30:00+00:00,3.7
5392,2013-12-07 16:00:00+00:00,0.46
5392,2013-12-07 16:30:00+00:00,0.0
5392,2013-12-07 17:00:00+00:00,0.0
5392,2013-12-07 17:30:00+00:00,0.0
5392,2013-12-07 18:00:00+00:00,0.0
5392,2013-12-07 18:30:00+00:00,0.0
5392,2013-12-07 19:00:00+00:00,0.0
5392,2013-12-07 19:30:00+00:00,0.0
5392,2013-12-07 20:00:00+00:00,0.0
5392,2013-12-07 20:30:00+00:00,0.0
5392,2013-12-07 21:00:00+00:00,0.0
5392,2013-12-07 21:30:00+00:00,0.0
5392,2013-12-07 22:00:00+00:00,0.0
5392,2013-12-07 22:30:00+00:00,0.0
5392,2013-12-07 23:00:00+00:00,0.0
5392,2013-12-07 23:30:00+00:00,0.0
5392,2013-12-08 00:00:00+00:00,0.0
5392,2013-12-08 00:30:00+00:00,0.0
5392,2013-12-08 01:00:00+00:00,0.0
5392,2013-12-08 01:30:00+00:00,0.0
5392,2013-12-08 02:00:00+00:00,0.0
5392,2013-12-08 02:30:00+00:00,0.0
5392,2013-12-08 03:00:00+00:00,0.0
5392,2013-12-08 03:30:00+00:00,0.0
5392,2013-12-08 04:00:00+00:00,0.0
5392,2013-12-08 04:30:00+00:00,0.0
5392,2013-12-08 05:00:00+00:00,0.0
5392,2013-12-08 05:30:00+00:00,0.0
5392,2013-12-08 06:00:00+00:00,0.0
5392,2013-12-08 06:30:00+00:00,0.0
5392,2013-12-08 07:00:00+00:00,0.0
5392,2013-12-08 07:30:00+00:00,0.0
5392,2013-12-08 08:00:00+00:00,0.5
5392,2013-12-08 08:30:00+00:00,74.4
5392,2013-12-08 09:00:00+00:00,288.66
5392,2013-12-08 09:30:00+00:00,133.27
5392,2013-12-08 10:00:00+00:00,521.05
5392,2013-12-08 10:30:00+00:00,342.98
5392,2013-12-08 11:00:00+00:00,229.05
5392,2013-12-08 11:30:00+00:00,309.06
5392,2013-12-08 12:00:00+00:00,256.46
5392,2013-12-08 12:30:00+00:00,829.75
5392,2013-12-08 13:00:00+00:00,1136.75
5392,2013-12-08 13:30:00+00:00,1037.2
5392,2013-12-08 14:00:00+00:00,799.45
5392,2013-12-08 14:30:00+00:00,638.05
5392,2013-12-08 15:00:00+00:00,209.41
5392,2013-12-08 15:30:00+00:00,184.83
5392,2013-12-08 16:00:00+00:00,5.7
5392,2013-12-08 16:30:00+00:00,0.0
5392,2013-12-08 17:00:00+00:00,0.0
5392,2013-12-08 17:30:00+00:00,0.0
5392,2013-12-08 18:00:00+00:00,0.0
5392,2013-12-08 18:30:00+00:00,0.0
5392,2013-12-08 19:00:00+00:00,0.0
5392,2013-12-08 19:30:00+00:00,0.0
5392,2013-12-08 20:00:00+00:00,0.0
5392,2013-12-08 20:30:00+00:00,0.0
5392,2013-12-08 21:00:00+00:00,0.0
5392,2013-12-08 21:30:00+00:00,0.0
5392,2013-12-08 22:00:00+00:00,0.0
5392,2013-12-08 22:30:00+00:00,0.0
5392,2013-12-08 23:00:00+00:00,0.0
5392,2013-12-08 23:30:00+00:00,0.0
5392,2013-12-09 00:00:00+00:00,0.0
5392,2013-12-09 00:30:00+00:00,0.0
5392,2013-12-09 01:00:00+00:00,0.0
5392,2013-12-09 01:30:00+00:00,0.0
5392,2013-12-09 02:00:00+00:00,0.0
5392,2013-12-09 02:30:00+00:00,0.0
5392,2013-12-09 03:00:00+00:00,0.0
5392,2013-12-09 03:30:00+00:00,0.0
5392,2013-12-09 04:00:00+00:00,0.0
5392,2013-12-09 04:30:00+00:00,0.0
5392,2013-12-09 05:00:00+00:00,0.0
5392,2013-12-09 05:30:00+00:00,0.0
5392,2013-12-09 06:00:00+00:00,0.0
5392,2013-12-09 06:30:00+00:00,0.0
5392,2013-12-09 07:00:00+00:00,0.0
5392,2013-12-09 07:30:00+00:00,0.0
5392,2013-12-09 08:00:00+00:00,0.0
5392,2013-12-09 08:30:00+00:00,30.43
5392,2013-12-09 09:00:00+00:00,88.97
5392,2013-12-09 09:30:00+00:00,175.96
5392,2013-12-09 10:00:00+00:00,267.48
5392,2013-12-09 10:30:00+00:00,350.98
5392,2013-12-09 11:00:00+00:00,356.15
5392,2013-12-09 11:30:00+00:00,437.37
5392,2013-12-09 12:00:00+00:00,522.8
5392,2013-12-09 12:30:00+00:00,461.24
5392,2013-12-09 13:00:00+00:00,354.87
5392,2013-12-09 13:30:00+00:00,306.5
5392,2013-12-09 14:00:00+00:00,327.87
5392,2013-12-09 14:30:00+00:00,436.26
5392,2013-12-09 15:00:00+00:00,300.55
5392,2013-12-09 15:30:00+00:00,157.34
5392,2013-12-09 16:00:00+00:00,10.86
5392,2013-12-09 16:30:00+00:00,0.0
5392,2013-12-09 17:00:00+00:00,0.0
5392,2013-12-09 17:30:00+00:00,0.0
5392,2013-12-09 18:00:00+00:00,0.0
5392,2013-12-09 18:30:00+00:00,0.0
5392,2013-12-09 19:00:00+00:00,0.0
5392,2013-12-09 19:30:00+00:00,0.0
5392,2013-12-09 20:00:00+00:00,0.0
5392,2013-12-09 20:30:00+00:00,0.0
5392,2013-12-09 21:00:00+00:00,0.0
5392,2013-12-09 21:30:00+00:00,0.0
5392,2013-12-09 22:00:00+00:00,0.0
5392,2013-12-09 22:30:00+00:00,0.0
5392,2013-12-09 23:00:00+00:00,0.0
5392,2013-12-09 23:30:00+00:00,0.0
5392,2013-12-10 00:00:00+00:00,0.0
5392,2013-12-10 00:30:00+00:00,0.0
5392,2013-12-10 01:00:00+00:00,0.0
5392,2013-12-10 01:30:00+00:00,0.0
5392,2013-12-10 02:00:00+00:00,0.0
5392,2013-12-10 02:30:00+00:00,0.0
5392,2013-12-10 03:00:00+00:00,0.0
5392,2013-12-10 03:30:00+00:00,0.0
5392,2013-12-10 04:00:00+00:00,0.0
5392,2013-12-10 04:30:00+00:00,0.0
5392,2013-12-10 05:00:00+00:00,0.0
5392,2013-12-10 05:30:00+00:00,0.0
5392,2013-12-10 06:00:00+00:00,0.0
5392,2013-12-10 06:30:00+00:00,0.0
5392,2013-12-10 07:00:00+00:00,0.0
5392,2013-12-10 07:30:00+00:00,0.0
5392,2013-12-10 08:00:00+00:00,0.0
5392,2013-12-10 08:30:00+00:00,1.14
5392,2013-12-10 09:00:00+00:00,20.59
5392,2013-12-10 09:30:00+00:00,71.08
5392,2013-12-10 10:00:00+00:00,132.28
5392,2013-12-10 10:30:00+00:00,178.2
5392,2013-12-10 11:00:00+00:00,193.01
5392,2013-12-10 11:30:00+00:00,256.3
5392,2013-12-10 12:00:00+00:00,235.87
5392,2013-12-10 12:30:00+00:00,235.3
5392,2013-12-10 13:00:00+00:00,616.4
5392,2013-12-10 13:30:00+00:00,779.1
5392,2013-12-10 14:00:00+00:00,245.11
5392,2013-12-10 14:30:00+00:00,167.98
5392,2013-12-10 15:00:00+00:00,27.44
5392,2013-12-10 15:30:00+00:00,1.59
5392,2013-12-10 16:00:00+00:00,0.0
5392,2013-12-10 16:30:00+00:00,0.0
5392,2013-12-10 17:00:00+00:00,0.0
5392,2013-12-10 17:30:00+00:00,0.0
5392,2013-12-10 18:00:00+00:00,0.0
5392,2013-12-10 18:30:00+00:00,0.0
5392,2013-12-10 19:00:00+00:00,0.0
5392,2013-12-10 19:30:00+00:00,0.0
5392,2013-12-10 20:00:00+00:00,0.0
5392,2013-12-10 20:30:00+00:00,0.0
5392,2013-12-10 21:00:00+00:00,0.0
5392,2013-12-10 21:30:00+00:00,0.0
5392,2013-12-10 22:00:00+00:00,0.0
5392,2013-12-10 22:30:00+00:00,0.0
5392,2013-12-10 23:00:00+00:00,0.0
5392,2013-12-10 23:30:00+00:00,0.0
5392,2013-12-11 00:00:00+00:00,0.0
5392,2013-12-11 00:30:00+00:00,0.0
5392,2013-12-11 01:00:00+00:00,0.0
5392,2013-12-11 01:30:00+00:00,0.0
5392,2013-12-11 02:00:00+00:00,0.0
5392,2013-12-11 02:30:00+00:00,0.0
5392,2013-12-11 03:00:00+00:00,0.0
5392,2013-12-11 03:30:00+00:00,0.0
5392,2013-12-11 04:00:00+00:00,0.0
5392,2013-12-11 04:30:00+00:00,0.0
5392,2013-12-11 05:00:00+00:00,0.0
5392,2013-12-11 05:30:00+00:00,0.0
5392,2013-12-11 06:00:00+00:00,0.0
5392,2013-12-11 06:30:00+00:00,0.0
5392,2013-12-11 07:00:00+00:00,0.0
5392,2013-12-11 07:30:00+00:00,0.0
5392,2013-12-11 08:00:00+00:00,0.0
5392,2013-12-11 08:30:00+00:00,2.16
5392,2013-12-11 09:00:00+00:00,58.07
5392,2013-12-11 09:30:00+00:00,128.03
5392,2013-12-11 10:00:00+00:00,158.14
5392,2013-12-11 10:30:00+00:00,265.6
5392,2013-12-11 11:00:00+00:00,754.1
5392,2013-12-11 11:30:00+00:00,1019.75
5392,2013-12-11 12:00:00+00:00,1070.6
5392,2013-12-11 12:30:00+00:00,1068.4
5392,2013-12-11 13:00:00+00:00,1037.6
5392,2013-12-11 13:30:00+00:00,919.55
5392,2013-12-11 14:00:00+00:00,844.45
5392,2013-12-11 14:30:00+00:00,595.9
5392,2013-12-11 15:00:00+00:00,290.49
5392,2013-12-11 15:30:00+00:00,30.49
5392,2013-12-11 16:00:00+00:00,0.33
5392,2013-12-11 16:30:00+00:00,0.0
5392,2013-12-11 17:00:00+00:00,0.0
5392,2013-12-11 17:30:00+00:00,0.0
5392,2013-12-11 18:00:00+00:00,0.0
5392,2013-12-11 18:30:00+00:00,0.0
5392,2013-12-11 19:00:00+00:00,0.0
5392,2013-12-11 19:30:00+00:00,0.0
5392,2013-12-11 20:00:00+00:00,0.0
5392,2013-12-11 20:30:00+00:00,0.0
5392,2013-12-11 21:00:00+00:00,0.0
5392,2013-12-11 21:30:00+00:00,0.0
5392,2013-12-11 22:00:00+00:00,0.0
5392,2013-12-11 22:30:00+00:00,0.0
5392,2013-12-11 23:00:00+00:00,0.0
5392,2013-12-11 23:30:00+00:00,0.0
5392,2013-12-12 00:00:00+00:00,0.0
5392,2013-12-12 00:30:00+00:00,0.0
5392,2013-12-12 01:00:00+00:00,0.0
5392,2013-12-12 01:30:00+00:00,0.0
5392,2013-12-12 02:00:00+00:00,0.0
5392,2013-12-12 02:30:00+00:00,0.0
5392,2013-12-12 03:00:00+00:00,0.0
5392,2013-12-12 03:30:00+00:00,0.0
5392,2013-12-12 04:00:00+00:00,0.0
5392,2013-12-12 04:30:00+00:00,0.0
5392,2013-12-12 05:00:00+00:00,0.0
5392,2013-12-12 05:30:00+00:00,0.0
5392,2013-12-12 06:00:00+00:00,0.0
5392,2013-12-12 06:30:00+00:00,0.0
5392,2013-12-12 07:00:00+00:00,0.0
5392,2013-12-12 07:30:00+00:00,0.0
5392,2013-12-12 08:00:00+00:00,0.0
5392,2013-12-12 08:30:00+00:00,1.7
5392,2013-12-12 09:00:00+00:00,34.82
5392,2013-12-12 09:30:00+00:00,71.93
5392,2013-12-12 10:00:00+00:00,130.37
5392,2013-12-12 10:30:00+00:00,281.99
5392,2013-12-12 11:00:00+00:00,361.04
5392,2013-12-12 11:30:00+00:00,272.04
5392,2013-12-12 12:00:00+00:00,250.64
5392,2013-12-12 12:30:00+00:00,333.06
5392,2013-12-12 13:00:00+00:00,341.7
5392,2013-12-12 13:30:00+00:00,541.15
5392,2013-12-12 14:00:00+00:00,669.55
5392,2013-12-12 14:30:00+00:00,420.37
5392,2013-12-12 15:00:00+00:00,151.43
5392,2013-12-12 15:30:00+00:00,25.42
5392,2013-12-12 16:00:00+00:00,0.58
5392,2013-12-12 16:30:00+00:00,0.0
5392,2013-12-12 17:00:00+00:00,0.0
5392,2013-12-12 17:30:00+00:00,0.0
5392,2013-12-12 18:00:00+00:00,0.0
5392,2013-12-12 18:30:00+00:00,0.0
5392,2013-12-12 19:00:00+00:00,0.0
5392,2013-12-12 19:30:00+00:00,0.0
5392,2013-12-12 20:00:00+00:00,0.0
5392,2013-12-12 20:30:00+00:00,0.0
5392,2013-12-12 21:00:00+00:00,0.0
5392,2013-12-12 21:30:00+00:00,0.0
5392,2013-12-12 22:00:00+00:00,0.0
5392,2013-12-12 22:30:00+00:00,0.0
5392,2013-12-12 23:00:00+00:00,0.0
5392,2013-12-12 23:30:00+00:00,0.0
5392,2013-12-13 00:00:00+00:00,0.0
5392,2013-12-13 00:30:00+00:00,0.0
5392,2013-12-13 01:00:00+00:00,0.0
5392,2013-12-13 01:30:00+00:00,0.0
5392,2013-12-13 02:00:00+00:00,0.0
5392,2013-12-13 02:30:00+00:00,0.0
5392,2013-12-13 03:00:00+00:00,0.0
5392,2013-12-13 03:30:00+00:00,0.0
5392,2013-12-13 04:00:00+00:00,0.0
5392,2013-12-13 04:30:00+00:00,0.0
5392,2013-12-13 05:00:00+00:00,0.0
5392,2013-12-13 05:30:00+00:00,0.0
5392,2013-12-13 06:00:00+00:00,0.0
5392,2013-12-13 06:30:00+00:00,0.0
5392,2013-12-13 07:00:00+00:00,0.0
5392,2013-12-13 07:30:00+00:00,0.0
5392,2013-12-13 08:00:00+00:00,0.0
5392,2013-12-13 08:30:00+00:00,0.1
5392,2013-12-13 09:00:00+00:00,0.33
5392,2013-12-13 09:30:00+00:00,2.63
5392,2013-12-13 10:00:00+00:00,11.13
5392,2013-12-13 10:30:00+00:00,31.27
5392,2013-12-13 11:00:00+00:00,41.62
5392,2013-12-13 11:30:00+00:00,53.78
5392,2013-12-13 12:00:00+00:00,54.58
5392,2013-12-13 12:30:00+00:00,50.06
5392,2013-12-13 13:00:00+00:00,53.63
5392,2013-12-13 13:30:00+00:00,45.45
5392,2013-12-13 14:00:00+00:00,46.54
5392,2013-12-13 14:30:00+00:00,27.52
5392,2013-12-13 15:00:00+00:00,5.2
5392,2013-12-13 15:30:00+00:00,0.27
5392,2013-12-13 16:00:00+00:00,0.0
5392,2013-12-13 16:30:00+00:00,0.0
5392,2013-12-13 17:00:00+00:00,0.0
5392,2013-12-13 17:30:00+00:00,0.0
5392,2013-12-13 18:00:00+00:00,0.0
5392,2013-12-13 18:30:00+00:00,0.0
5392,2013-12-13 19:00:00+00:00,0.0
5392,2013-12-13 19:30:00+00:00,0.0
5392,2013-12-13 20:00:00+00:00,0.0
5392,2013-12-13 20:30:00+00:00,0.0
5392,2013-12-13 21:00:00+00:00,0.0
5392,2013-12-13 21:30:00+00:00,0.0
5392,2013-12-13 22:00:00+00:00,0.0
5392,2013-12-13 22:30:00+00:00,0.0
5392,2013-12-13 23:00:00+00:00,0.0
5392,2013-12-13 23:30:00+00:00,0.0
5392,2013-12-14 00:00:00+00:00,0.0
5392,2013-12-14 00:30:00+00:00,0.0
5392,2013-12-14 01:00:00+00:00,0.0
5392,2013-12-14 01:30:00+00:00,0.0
5392,2013-12-14 02:00:00+00:00,0.0
5392,2013-12-14 02:30:00+00:00,0.0
5392,2013-12-14 03:00:00+00:00,0.0
5392,2013-12-14 03:30:00+00:00,0.0
5392,2013-12-14 04:00:00+00:00,0.0
5392,2013-12-14 04:30:00+00:00,0.0
5392,2013-12-14 05:00:00+00:00,0.0
5392,2013-12-14 05:30:00+00:00,0.0
5392,2013-12-14 06:00:00+00:00,0.0
5392,2013-12-14 06:30:00+00:00,0.0
5392,2013-12-14 07:00:00+00:00,0.0
5392,2013-12-14 07:30:00+00:00,0.0
5392,2013-12-14 08:00:00+00:00,0.01
5392,2013-12-14 08:30:00+00:00,55.78
5392,2013-12-14 09:00:00+00:00,199.9
5392,2013-12-14 09:30:00+00:00,467.19
5392,2013-12-14 10:00:00+00:00,716.4
5392,2013-12-14 10:30:00+00:00,611.4
5392,2013-12-14 11:00:00+00:00,685.4
5392,2013-12-14 11:30:00+00:00,903.2
5392,2013-12-14 12:00:00+00:00,1032.4
5392,2013-12-14 12:30:00+00:00,997.25
5392,2013-12-14 13:00:00+00:00,573.0
5392,2013-12-14 13:30:00+00:00,213.85
5392,2013-12-14 14:00:00+00:00,73.46
5392,2013-12-14 14:30:00+00:00,53.81
5392,2013-12-14 15:00:00+00:00,12.64
5392,2013-12-14 15:30:00+00:00,0.64
5392,2013-12-14 16:00:00+00:00,0.0
5392,2013-12-14 16:30:00+00:00,0.0
5392,2013-12-14 17:00:00+00:00,0.0
5392,2013-12-14 17:30:00+00:00,0.0
5392,2013-12-14 18:00:00+00:00,0.0
5392,2013-12-14 18:30:00+00:00,0.0
5392,2013-12-14 19:00:00+00:00,0.0
5392,2013-12-14 19:30:00+00:00,0.0
5392,2013-12-14 20:00:00+00:00,0.0
5392,2013-12-14 20:30:00+00:00,0.0
5392,2013-12-14 21:00:00+00:00,0.0
5392,2013-12-14 21:30:00+00:00,0.0
5392,2013-12-14 22:00:00+00:00,0.0
5392,2013-12-14 22:30:00+00:00,0.0
5392,2013-12-14 23:00:00+00:00,0.0
5392,2013-12-14 23:30:00+00:00,0.0
5392,2013-12-15 00:00:00+00:00,0.0
5392,2013-12-15 00:30:00+00:00,0.0
5392,2013-12-15 01:00:00+00:00,0.0
5392,2013-12-15 01:30:00+00:00,0.0
5392,2013-12-15 02:00:00+00:00,0.0
5392,2013-12-15 02:30:00+00:00,0.0
5392,2013-12-15 03:00:00+00:00,0.0
5392,2013-12-15 03:30:00+00:00,0.0
5392,2013-12-15 04:00:00+00:00,0.0
5392,2013-12-15 04:30:00+00:00,0.0
5392,2013-12-15 05:00:00+00:00,0.0
5392,2013-12-15 05:30:00+00:00,0.0
5392,2013-12-15 06:00:00+00:00,0.0
5392,2013-12-15 06:30:00+00:00,0.0
5392,2013-12-15 07:00:00+00:00,0.0
5392,2013-12-15 07:30:00+00:00,0.0
5392,2013-12-15 08:00:00+00:00,0.0
5392,2013-12-15 08:30:00+00:00,56.16
5392,2013-12-15 09:00:00+00:00,264.25
5392,2013-12-15 09:30:00+00:00,353.95
5392,2013-12-15 10:00:00+00:00,92.86
5392,2013-12-15 10:30:00+00:00,72.5
5392,2013-12-15 11:00:00+00:00,50.42
5392,2013-12-15 11:30:00+00:00,56.95
5392,2013-12-15 12:00:00+00:00,56.06
5392,2013-12-15 12:30:00+00:00,27.41
5392,2013-12-15 13:00:00+00:00,4.69
5392,2013-12-15 13:30:00+00:00,1.17
5392,2013-12-15 14:00:00+00:00,22.06
5392,2013-12-15 14:30:00+00:00,58.87
5392,2013-12-15 15:00:00+00:00,1.88
5392,2013-12-15 15:30:00+00:00,0.0
5392,2013-12-15 16:00:00+00:00,0.0
5392,2013-12-15 16:30:00+00:00,0.0
5392,2013-12-15 17:00:00+00:00,0.0
5392,2013-12-15 17:30:00+00:00,0.0
5392,2013-12-15 18:00:00+00:00,0.0
5392,2013-12-15 18:30:00+00:00,0.0
5392,2013-12-15 19:00:00+00:00,0.0
5392,2013-12-15 19:30:00+00:00,0.0
5392,2013-12-15 20:00:00+00:00,0.0
5392,2013-12-15 20:30:00+00:00,0.0
5392,2013-12-15 21:00:00+00:00,0.0
5392,2013-12-15 21:30:00+00:00,0.0
5392,2013-12-15 22:00:00+00:00,0.0
5392,2013-12-15 22:30:00+00:00,0.0
5392,2013-12-15 23:00:00+00:00,0.0
5392,2013-12-15 23:30:00+00:00,0.0
5392,2013-12-16 00:00:00+00:00,0.0
5392,2013-12-16 00:30:00+00:00,0.0
5392,2013-12-16 01:00:00+00:00,0.0
5392,2013-12-16 01:30:00+00:00,0.0
5392,2013-12-16 02:00:00+00:00,0.0
5392,2013-12-16 02:30:00+00:00,0.0
5392,2013-12-16 03:00:00+00:00,0.0
5392,2013-12-16 03:30:00+00:00,0.0
5392,2013-12-16 04:00:00+00:00,0.0
5392,2013-12-16 04:30:00+00:00,0.0
5392,2013-12-16 05:00:00+00:00,0.0
5392,2013-12-16 05:30:00+00:00,0.0
5392,2013-12-16 06:00:00+00:00,0.0
5392,2013-12-16 06:30:00+00:00,0.0
5392,2013-12-16 07:00:00+00:00,0.0
5392,2013-12-16 07:30:00+00:00,0.0
5392,2013-12-16 08:00:00+00:00,0.0
5392,2013-12-16 08:30:00+00:00,0.0
5392,2013-12-16 09:00:00+00:00,41.56
5392,2013-12-16 09:30:00+00:00,6.04
5392,2013-12-16 10:00:00+00:00,25.64
5392,2013-12-16 10:30:00+00:00,38.99
5392,2013-12-16 11:00:00+00:00,58.48
5392,2013-12-16 11:30:00+00:00,60.1
5392,2013-12-16 12:00:00+00:00,18.38
5392,2013-12-16 12:30:00+00:00,2.95
5392,2013-12-16 13:00:00+00:00,20.23
5392,2013-12-16 13:30:00+00:00,34.35
5392,2013-12-16 14:00:00+00:00,21.44
5392,2013-12-16 14:30:00+00:00,1.28
5392,2013-12-16 15:00:00+00:00,0.0
5392,2013-12-16 15:30:00+00:00,0.0
5392,2013-12-16 16:00:00+00:00,0.0
5392,2013-12-16 16:30:00+00:00,0.0
5392,2013-12-16 17:00:00+00:00,0.0
5392,2013-12-16 17:30:00+00:00,0.0
5392,2013-12-16 18:00:00+00:00,0.0
5392,2013-12-16 18:30:00+00:00,0.0
5392,2013-12-16 19:00:00+00:00,0.0
5392,2013-12-16 19:30:00+00:00,0.0
5392,2013-12-16 20:00:00+00:00,0.0
5392,2013-12-16 20:30:00+00:00,0.0
5392,2013-12-16 21:00:00+00:00,0.0
5392,2013-12-16 21:30:00+00:00,0.0
5392,2013-12-16 22:00:00+00:00,0.0
5392,2013-12-16 22:30:00+00:00,0.0
5392,2013-12-16 23:00:00+00:00,0.0
5392,2013-12-16 23:30:00+00:00,0.0
5392,2013-12-17 00:00:00+00:00,0.0
5392,2013-12-17 00:30:00+00:00,0.0
5392,2013-12-17 01:00:00+00:00,0.0
5392,2013-12-17 01:30:00+00:00,0.0
5392,2013-12-17 02:00:00+00:00,0.0
5392,2013-12-17 02:30:00+00:00,0.0
5392,2013-12-17 03:00:00+00:00,0.0
5392,2013-12-17 03:30:00+00:00,0.0
5392,2013-12-17 04:00:00+00:00,0.0
5392,2013-12-17 04:30:00+00:00,0.0
5392,2013-12-17 05:00:00+00:00,0.0
5392,2013-12-17 05:30:00+00:00,0.0
5392,2013-12-17 06:00:00+00:00,0.0
5392,2013-12-17 06:30:00+00:00,0.0
5392,2013-12-17 07:00:00+00:00,0.0
5392,2013-12-17 07:30:00+00:00,0.0
5392,2013-12-17 08:00:00+00:00,0.0
5392,2013-12-17 08:30:00+00:00,0.0
5392,2013-12-17 09:00:00+00:00,1.93
5392,2013-12-17 09:30:00+00:00,18.25
5392,2013-12-17 10:00:00+00:00,51.89
5392,2013-12-17 10:30:00+00:00,70.41
5392,2013-12-17 11:00:00+00:00,107.88
5392,2013-12-17 11:30:00+00:00,95.43
5392,2013-12-17 12:00:00+00:00,47.1
5392,2013-12-17 12:30:00+00:00,72.44
5392,2013-12-17 13:00:00+00:00,67.64
5392,2013-12-17 13:30:00+00:00,87.28
5392,2013-12-17 14:00:00+00:00,61.97
5392,2013-12-17 14:30:00+00:00,26.67
5392,2013-12-17 15:00:00+00:00,3.27
5392,2013-12-17 15:30:00+00:00,0.23
5392,2013-12-17 16:00:00+00:00,0.0
5392,2013-12-17 16:30:00+00:00,0.0
5392,2013-12-17 17:00:00+00:00,0.0
5392,2013-12-17 17:30:00+00:00,0.0
5392,2013-12-17 18:00:00+00:00,0.0
5392,2013-12-17 18:30:00+00:00,0.0
5392,2013-12-17 19:00:00+00:00,0.0
5392,2013-12-17 19:30:00+00:00,0.0
5392,2013-12-17 20:00:00+00:00,0.0
5392,2013-12-17 20:30:00+00:00,0.0
5392,2013-12-17 21:00:00+00:00,0.0
5392,2013-12-17 21:30:00+00:00,0.0
5392,2013-12-17 22:00:00+00:00,0.0
5392,2013-12-17 22:30:00+00:00,0.0
5392,2013-12-17 23:00:00+00:00,0.0
5392,2013-12-17 23:30:00+00:00,0.0
5392,2013-12-18 00:00:00+00:00,0.0
5392,2013-12-18 00:30:00+00:00,0.0
5392,2013-12-18 01:00:00+00:00,0.0
5392,2013-12-18 01:30:00+00:00,0.0
5392,2013-12-18 02:00:00+00:00,0.0
5392,2013-12-18 02:30:00+00:00,0.0
5392,2013-12-18 03:00:00+00:00,0.0
5392,2013-12-18 03:30:00+00:00,0.0
5392,2013-12-18 04:00:00+00:00,0.0
5392,2013-12-18 04:30:00+00:00,0.0
5392,2013-12-18 05:00:00+00:00,0.0
5392,2013-12-18 05:30:00+00:00,0.0
5392,2013-12-18 06:00:00+00:00,0.0
5392,2013-12-18 06:30:00+00:00,0.0
5392,2013-12-18 07:00:00+00:00,0.0
5392,2013-12-18 07:30:00+00:00,0.0
5392,2013-12-18 08:00:00+00:00,0.0
5392,2013-12-18 08:30:00+00:00,0.25
5392,2013-12-18 09:00:00+00:00,81.75
5392,2013-12-18 09:30:00+00:00,491.92
5392,2013-12-18 10:00:00+00:00,422.95
5392,2013-12-18 10:30:00+00:00,339.13
5392,2013-12-18 11:00:00+00:00,323.31
5392,2013-12-18 11:30:00+00:00,549.8
5392,2013-12-18 12:00:00+00:00,596.85
5392,2013-12-18 12:30:00+00:00,325.45
5392,2013-12-18 13:00:00+00:00,376.63
5392,2013-12-18 13:30:00+00:00,165.21
5392,2013-12-18 14:00:00+00:00,48.46
5392,2013-12-18 14:30:00+00:00,18.17
5392,2013-12-18 15:00:00+00:00,1.27
5392,2013-12-18 15:30:00+00:00,0.0
5392,2013-12-18 16:00:00+00:00,0.0
5392,2013-12-18 16:30:00+00:00,0.0
5392,2013-12-18 17:00:00+00:00,0.0
5392,2013-12-18 17:30:00+00:00,0.0
5392,2013-12-18 18:00:00+00:00,0.0
5392,2013-12-18 18:30:00+00:00,0.0
5392,2013-12-18 19:00:00+00:00,0.0
5392,2013-12-18 19:30:00+00:00,0.0
5392,2013-12-18 20:00:00+00:00,0.0
5392,2013-12-18 20:30:00+00:00,0.0
5392,2013-12-18 21:00:00+00:00,0.0
5392,2013-12-18 21:30:00+00:00,0.0
5392,2013-12-18 22:00:00+00:00,0.0
5392,2013-12-18 22:30:00+00:00,0.0
5392,2013-12-18 23:00:00+00:00,0.0
5392,2013-12-18 23:30:00+00:00,0.0
5392,2013-12-19 00:00:00+00:00,0.0
5392,2013-12-19 00:30:00+00:00,0.0
5392,2013-12-19 01:00:00+00:00,0.0
5392,2013-12-19 01:30:00+00:00,0.0
5392,2013-12-19 02:00:00+00:00,0.0
5392,2013-12-19 02:30:00+00:00,0.0
5392,2013-12-19 03:00:00+00:00,0.0
5392,2013-12-19 03:30:00+00:00,0.0
5392,2013-12-19 04:00:00+00:00,0.0
5392,2013-12-19 04:30:00+00:00,0.0
5392,2013-12-19 05:00:00+00:00,0.0
5392,2013-12-19 05:30:00+00:00,0.0
5392,2013-12-19 06:00:00+00:00,0.0
5392,2013-12-19 06:30:00+00:00,0.0
5392,2013-12-19 07:00:00+00:00,0.0
5392,2013-12-19 07:30:00+00:00,0.0
5392,2013-12-19 08:00:00+00:00,0.0
5392,2013-12-19 08:30:00+00:00,17.47
5392,2013-12-19 09:00:00+00:00,240.18
5392,2013-12-19 09:30:00+00:00,376.19
5392,2013-12-19 10:00:00+00:00,740.85
5392,2013-12-19 10:30:00+00:00,789.55
5392,2013-12-19 11:00:00+00:00,813.85
5392,2013-12-19 11:30:00+00:00,1002.55
5392,2013-12-19 12:00:00+00:00,1113.2
5392,2013-12-19 12:30:00+00:00,1112.45
5392,2013-12-19 13:00:00+00:00,1067.9
5392,2013-12-19 13:30:00+00:00,994.85
5392,2013-12-19 14:00:00+00:00,873.85
5392,2013-12-19 14:30:00+00:00,713.15
5392,2013-12-19 15:00:00+00:00,478.12
5392,2013-12-19 15:30:00+00:00,92.73
5392,2013-12-19 16:00:00+00:00,0.28
5392,2013-12-19 16:30:00+00:00,0.0
5392,2013-12-19 17:00:00+00:00,0.0
5392,2013-12-19 17:30:00+00:00,0.0
5392,2013-12-19 18:00:00+00:00,0.0
5392,2013-12-19 18:30:00+00:00,0.0
5392,2013-12-19 19:00:00+00:00,0.0
5392,2013-12-19 19:30:00+00:00,0.0
5392,2013-12-19 20:00:00+00:00,0.0
5392,2013-12-19 20:30:00+00:00,0.0
5392,2013-12-19 21:00:00+00:00,0.0
5392,2013-12-19 21:30:00+00:00,0.0
5392,2013-12-19 22:00:00+00:00,0.0
5392,2013-12-19 22:30:00+00:00,0.0
5392,2013-12-19 23:00:00+00:00,0.0
5392,2013-12-19 23:30:00+00:00,0.0
5392,2013-12-20 00:00:00+00:00,0.0
5392,2013-12-20 00:30:00+00:00,0.0
5392,2013-12-20 01:00:00+00:00,0.0
5392,2013-12-20 01:30:00+00:00,0.0
5392,2013-12-20 02:00:00+00:00,0.0
5392,2013-12-20 02:30:00+00:00,0.0
5392,2013-12-20 03:00:00+00:00,0.0
5392,2013-12-20 03:30:00+00:00,0.0
5392,2013-12-20 04:00:00+00:00,0.0
5392,2013-12-20 04:30:00+00:00,0.0
5392,2013-12-20 05:00:00+00:00,0.0
5392,2013-12-20 05:30:00+00:00,0.0
5392,2013-12-20 06:00:00+00:00,0.0
5392,2013-12-20 06:30:00+00:00,0.0
5392,2013-12-20 07:00:00+00:00,0.0
5392,2013-12-20 07:30:00+00:00,0.0
5392,2013-12-20 08:00:00+00:00,0.0
5392,2013-12-20 08:30:00+00:00,14.92
5392,2013-12-20 09:00:00+00:00,239.08
5392,2013-12-20 09:30:00+00:00,538.3
5392,2013-12-20 10:00:00+00:00,711.85
5392,2013-12-20 10:30:00+00:00,853.15
5392,2013-12-20 11:00:00+00:00,1002.95
5392,2013-12-20 11:30:00+00:00,1048.3
5392,2013-12-20 12:00:00+00:00,1071.15
5392,2013-12-20 12:30:00+00:00,1071.7
5392,2013-12-20 13:00:00+00:00,1027.1
5392,2013-12-20 13:30:00+00:00,947.75
5392,2013-12-20 14:00:00+00:00,638.55
5392,2013-12-20 14:30:00+00:00,267.73
5392,2013-12-20 15:00:00+00:00,337.19
5392,2013-12-20 15:30:00+00:00,65.18
5392,2013-12-20 16:00:00+00:00,0.74
5392,2013-12-20 16:30:00+00:00,0.0
5392,2013-12-20 17:00:00+00:00,0.0
5392,2013-12-20 17:30:00+00:00,0.0
5392,2013-12-20 18:00:00+00:00,0.0
5392,2013-12-20 18:30:00+00:00,0.0
5392,2013-12-20 19:00:00+00:00,0.0
5392,2013-12-20 19:30:00+00:00,0.0
5392,2013-12-20 20:00:00+00:00,0.0
5392,2013-12-20 20:30:00+00:00,0.0
5392,2013-12-20 21:00:00+00:00,0.0
5392,2013-12-20 21:30:00+00:00,0.0
5392,2013-12-20 22:00:00+00:00,0.0
5392,2013-12-20 22:30:00+00:00,0.0
5392,2013-12-20 23:00:00+00:00,0.0
5392,2013-12-20 23:30:00+00:00,0.0
5392,2013-12-21 00:00:00+00:00,0.0
5392,2013-12-21 00:30:00+00:00,0.0
5392,2013-12-21 01:00:00+00:00,0.0
5392,2013-12-21 01:30:00+00:00,0.0
5392,2013-12-21 02:00:00+00:00,0.0
5392,2013-12-21 02:30:00+00:00,0.0
5392,2013-12-21 03:00:00+00:00,0.0
5392,2013-12-21 03:30:00+00:00,0.0
5392,2013-12-21 04:00:00+00:00,0.0
5392,2013-12-21 04:30:00+00:00,0.0
5392,2013-12-21 05:00:00+00:00,0.0
5392,2013-12-21 05:30:00+00:00,0.0
5392,2013-12-21 06:00:00+00:00,0.0
5392,2013-12-21 06:30:00+00:00,0.0
5392,2013-12-21 07:00:00+00:00,0.0
5392,2013-12-21 07:30:00+00:00,0.0
5392,2013-12-21 08:00:00+00:00,0.0
5392,2013-12-21 08:30:00+00:00,0.0
5392,2013-12-21 09:00:00+00:00,0.23
5392,2013-12-21 09:30:00+00:00,0.49
5392,2013-12-21 10:00:00+00:00,1.76
5392,2013-12-21 10:30:00+00:00,0.59
5392,2013-12-21 11:00:00+00:00,1.09
5392,2013-12-21 11:30:00+00:00,2.29
5392,2013-12-21 12:00:00+00:00,35.48
5392,2013-12-21 12:30:00+00:00,7.14
5392,2013-12-21 13:00:00+00:00,1.42
5392,2013-12-21 13:30:00+00:00,3.32
5392,2013-12-21 14:00:00+00:00,29.93
5392,2013-12-21 14:30:00+00:00,1.67
5392,2013-12-21 15:00:00+00:00,0.8
5392,2013-12-21 15:30:00+00:00,0.0
5392,2013-12-21 16:00:00+00:00,0.0
5392,2013-12-21 16:30:00+00:00,0.0
5392,2013-12-21 17:00:00+00:00,0.0
5392,2013-12-21 17:30:00+00:00,0.0
5392,2013-12-21 18:00:00+00:00,0.0
5392,2013-12-21 18:30:00+00:00,0.0
5392,2013-12-21 19:00:00+00:00,0.0
5392,2013-12-21 19:30:00+00:00,0.0
5392,2013-12-21 20:00:00+00:00,0.0
5392,2013-12-21 20:30:00+00:00,0.0
5392,2013-12-21 21:00:00+00:00,0.0
5392,2013-12-21 21:30:00+00:00,0.0
5392,2013-12-21 22:00:00+00:00,0.0
5392,2013-12-21 22:30:00+00:00,0.0
5392,2013-12-21 23:00:00+00:00,0.0
5392,2013-12-21 23:30:00+00:00,0.0
5392,2013-12-22 00:00:00+00:00,0.0
5392,2013-12-22 00:30:00+00:00,0.0
5392,2013-12-22 01:00:00+00:00,0.0
5392,2013-12-22 01:30:00+00:00,0.0
5392,2013-12-22 02:00:00+00:00,0.0
5392,2013-12-22 02:30:00+00:00,0.0
5392,2013-12-22 03:00:00+00:00,0.0
5392,2013-12-22 03:30:00+00:00,0.0
5392,2013-12-22 04:00:00+00:00,0.0
5392,2013-12-22 04:30:00+00:00,0.0
5392,2013-12-22 05:00:00+00:00,0.0
5392,2013-12-22 05:30:00+00:00,0.0
5392,2013-12-22 06:00:00+00:00,0.0
5392,2013-12-22 06:30:00+00:00,0.0
5392,2013-12-22 07:00:00+00:00,0.0
5392,2013-12-22 07:30:00+00:00,0.0
5392,2013-12-22 08:00:00+00:00,0.0
5392,2013-12-22 08:30:00+00:00,0.0
5392,2013-12-22 09:00:00+00:00,1.94
5392,2013-12-22 09:30:00+00:00,15.58
5392,2013-12-22 10:00:00+00:00,74.89
5392,2013-12-22 10:30:00+00:00,71.24
5392,2013-12-22 11:00:00+00:00,116.03
5392,2013-12-22 11:30:00+00:00,700.65
5392,2013-12-22 12:00:00+00:00,793.65
5392,2013-12-22 12:30:00+00:00,651.3
5392,2013-12-22 13:00:00+00:00,364.19
5392,2013-12-22 13:30:00+00:00,457.67
5392,2013-12-22 14:00:00+00:00,758.65
5392,2013-12-22 14:30:00+00:00,635.0
5392,2013-12-22 15:00:00+00:00,249.62
5392,2013-12-22 15:30:00+00:00,122.91
5392,2013-12-22 16:00:00+00:00,3.17
5392,2013-12-22 16:30:00+00:00,0.0
5392,2013-12-22 17:00:00+00:00,0.0
5392,2013-12-22 17:30:00+00:00,0.0
5392,2013-12-22 18:00:00+00:00,0.0
5392,2013-12-22 18:30:00+00:00,0.0
5392,2013-12-22 19:00:00+00:00,0.0
5392,2013-12-22 19:30:00+00:00,0.0
5392,2013-12-22 20:00:00+00:00,0.0
5392,2013-12-22 20:30:00+00:00,0.0
5392,2013-12-22 21:00:00+00:00,0.0
5392,2013-12-22 21:30:00+00:00,0.0
5392,2013-12-22 22:00:00+00:00,0.0
5392,2013-12-22 22:30:00+00:00,0.0
5392,2013-12-22 23:00:00+00:00,0.0
5392,2013-12-22 23:30:00+00:00,0.0
5392,2013-12-23 00:00:00+00:00,0.0
5392,2013-12-23 00:30:00+00:00,0.0
5392,2013-12-23 01:00:00+00:00,0.0
5392,2013-12-23 01:30:00+00:00,0.0
5392,2013-12-23 02:00:00+00:00,0.0
5392,2013-12-23 02:30:00+00:00,0.0
5392,2013-12-23 03:00:00+00:00,0.0
5392,2013-12-23 03:30:00+00:00,0.0
5392,2013-12-23 04:00:00+00:00,0.0
5392,2013-12-23 04:30:00+00:00,0.0
5392,2013-12-23 05:00:00+00:00,0.0
5392,2013-12-23 05:30:00+00:00,0.0
5392,2013-12-23 06:00:00+00:00,0.0
5392,2013-12-23 06:30:00+00:00,0.0
5392,2013-12-23 07:00:00+00:00,0.0
5392,2013-12-23 07:30:00+00:00,0.0
5392,2013-12-23 08:00:00+00:00,0.0
5392,2013-12-23 08:30:00+00:00,0.0
5392,2013-12-23 09:00:00+00:00,0.64
5392,2013-12-23 09:30:00+00:00,6.01
5392,2013-12-23 10:00:00+00:00,6.07
5392,2013-12-23 10:30:00+00:00,5.09
5392,2013-12-23 11:00:00+00:00,22.93
5392,2013-12-23 11:30:00+00:00,14.66
5392,2013-12-23 12:00:00+00:00,45.38
5392,2013-12-23 12:30:00+00:00,23.17
5392,2013-12-23 13:00:00+00:00,10.74
5392,2013-12-23 13:30:00+00:00,13.83
5392,2013-12-23 14:00:00+00:00,5.9
5392,2013-12-23 14:30:00+00:00,2.67
5392,2013-12-23 15:00:00+00:00,0.29
5392,2013-12-23 15:30:00+00:00,0.0
5392,2013-12-23 16:00:00+00:00,0.0
5392,2013-12-23 16:30:00+00:00,0.0
5392,2013-12-23 17:00:00+00:00,0.0
5392,2013-12-23 17:30:00+00:00,0.0
5392,2013-12-23 18:00:00+00:00,0.0
5392,2013-12-23 18:30:00+00:00,0.0
5392,2013-12-23 19:00:00+00:00,0.0
5392,2013-12-23 19:30:00+00:00,0.0
5392,2013-12-23 20:00:00+00:00,0.0
5392,2013-12-23 20:30:00+00:00,0.0
5392,2013-12-23 21:00:00+00:00,0.0
5392,2013-12-23 21:30:00+00:00,0.0
5392,2013-12-23 22:00:00+00:00,0.0
5392,2013-12-23 22:30:00+00:00,0.0
5392,2013-12-23 23:00:00+00:00,0.0
5392,2013-12-23 23:30:00+00:00,0.0
5392,2013-12-24 00:00:00+00:00,0.0
5392,2013-12-24 00:30:00+00:00,0.0
5392,2013-12-24 01:00:00+00:00,0.0
5392,2013-12-24 01:30:00+00:00,0.0
5392,2013-12-24 02:00:00+00:00,0.0
5392,2013-12-24 02:30:00+00:00,0.0
5392,2013-12-24 03:00:00+00:00,0.0
5392,2013-12-24 03:30:00+00:00,0.0
5392,2013-12-24 04:00:00+00:00,0.0
5392,2013-12-24 04:30:00+00:00,0.0
5392,2013-12-24 05:00:00+00:00,0.0
5392,2013-12-24 05:30:00+00:00,0.0
5392,2013-12-24 06:00:00+00:00,0.0
5392,2013-12-24 06:30:00+00:00,0.0
5392,2013-12-24 07:00:00+00:00,0.0
5392,2013-12-24 07:30:00+00:00,0.0
5392,2013-12-24 08:00:00+00:00,0.0
5392,2013-12-24 08:30:00+00:00,0.0
5392,2013-12-24 09:00:00+00:00,0.49
5392,2013-12-24 09:30:00+00:00,10.92
5392,2013-12-24 10:00:00+00:00,6.18
5392,2013-12-24 10:30:00+00:00,19.08
5392,2013-12-24 11:00:00+00:00,23.63
5392,2013-12-24 11:30:00+00:00,51.08
5392,2013-12-24 12:00:00+00:00,64.55
5392,2013-12-24 12:30:00+00:00,97.89
5392,2013-12-24 13:00:00+00:00,268.58
5392,2013-12-24 13:30:00+00:00,49.1
5392,2013-12-24 14:00:00+00:00,134.54
5392,2013-12-24 14:30:00+00:00,72.39
5392,2013-12-24 15:00:00+00:00,227.37
5392,2013-12-24 15:30:00+00:00,18.2
5392,2013-12-24 16:00:00+00:00,0.07
5392,2013-12-24 16:30:00+00:00,0.0
5392,2013-12-24 17:00:00+00:00,0.0
5392,2013-12-24 17:30:00+00:00,0.0
5392,2013-12-24 18:00:00+00:00,0.0
5392,2013-12-24 18:30:00+00:00,0.0
5392,2013-12-24 19:00:00+00:00,0.0
5392,2013-12-24 19:30:00+00:00,0.0
5392,2013-12-24 20:00:00+00:00,0.0
5392,2013-12-24 20:30:00+00:00,0.0
5392,2013-12-24 21:00:00+00:00,0.0
5392,2013-12-24 21:30:00+00:00,0.0
5392,2013-12-24 22:00:00+00:00,0.0
5392,2013-12-24 22:30:00+00:00,0.0
5392,2013-12-24 23:00:00+00:00,0.0
5392,2013-12-24 23:30:00+00:00,0.0
5392,2013-12-25 00:00:00+00:00,0.0
5392,2013-12-25 00:30:00+00:00,0.0
5392,2013-12-25 01:00:00+00:00,0.0
5392,2013-12-25 01:30:00+00:00,0.0
5392,2013-12-25 02:00:00+00:00,0.0
5392,2013-12-25 02:30:00+00:00,0.0
5392,2013-12-25 03:00:00+00:00,0.0
5392,2013-12-25 03:30:00+00:00,0.0
5392,2013-12-25 04:00:00+00:00,0.0
5392,2013-12-25 04:30:00+00:00,0.0
5392,2013-12-25 05:00:00+00:00,0.0
5392,2013-12-25 05:30:00+00:00,0.0
5392,2013-12-25 06:00:00+00:00,0.0
5392,2013-12-25 06:30:00+00:00,0.0
5392,2013-12-25 07:00:00+00:00,0.0
5392,2013-12-25 07:30:00+00:00,0.0
5392,2013-12-25 08:00:00+00:00,0.0
5392,2013-12-25 08:30:00+00:00,0.38
5392,2013-12-25 09:00:00+00:00,24.81
5392,2013-12-25 09:30:00+00:00,60.03
5392,2013-12-25 10:00:00+00:00,231.58
5392,2013-12-25 10:30:00+00:00,824.5
5392,2013-12-25 11:00:00+00:00,960.25
5392,2013-12-25 11:30:00+00:00,728.1
5392,2013-12-25 12:00:00+00:00,136.92
5392,2013-12-25 12:30:00+00:00,272.03
5392,2013-12-25 13:00:00+00:00,977.9
5392,2013-12-25 13:30:00+00:00,85.54
5392,2013-12-25 14:00:00+00:00,53.01
5392,2013-12-25 14:30:00+00:00,23.5
5392,2013-12-25 15:00:00+00:00,77.54
5392,2013-12-25 15:30:00+00:00,101.55
5392,2013-12-25 16:00:00+00:00,0.81
5392,2013-12-25 16:30:00+00:00,0.0
5392,2013-12-25 17:00:00+00:00,0.0
5392,2013-12-25 17:30:00+00:00,0.0
5392,2013-12-25 18:00:00+00:00,0.0
5392,2013-12-25 18:30:00+00:00,0.0
5392,2013-12-25 19:00:00+00:00,0.0
5392,2013-12-25 19:30:00+00:00,0.0
5392,2013-12-25 20:00:00+00:00,0.0
5392,2013-12-25 20:30:00+00:00,0.0
5392,2013-12-25 21:00:00+00:00,0.0
5392,2013-12-25 21:30:00+00:00,0.0
5392,2013-12-25 22:00:00+00:00,0.0
5392,2013-12-25 22:30:00+00:00,0.0
5392,2013-12-25 23:00:00+00:00,0.0
5392,2013-12-25 23:30:00+00:00,0.0
5392,2013-12-26 00:00:00+00:00,0.0
5392,2013-12-26 00:30:00+00:00,0.0
5392,2013-12-26 01:00:00+00:00,0.0
5392,2013-12-26 01:30:00+00:00,0.0
5392,2013-12-26 02:00:00+00:00,0.0
5392,2013-12-26 02:30:00+00:00,0.0
5392,2013-12-26 03:00:00+00:00,0.0
5392,2013-12-26 03:30:00+00:00,0.0
5392,2013-12-26 04:00:00+00:00,0.0
5392,2013-12-26 04:30:00+00:00,0.0
5392,2013-12-26 05:00:00+00:00,0.0
5392,2013-12-26 05:30:00+00:00,0.0
5392,2013-12-26 06:00:00+00:00,0.0
5392,2013-12-26 06:30:00+00:00,0.0
5392,2013-12-26 07:00:00+00:00,0.0
5392,2013-12-26 07:30:00+00:00,0.0
5392,2013-12-26 08:00:00+00:00,0.0
5392,2013-12-26 08:30:00+00:00,0.0
5392,2013-12-26 09:00:00+00:00,0.32
5392,2013-12-26 09:30:00+00:00,26.29
5392,2013-12-26 10:00:00+00:00,271.46
5392,2013-12-26 10:30:00+00:00,377.43
5392,2013-12-26 11:00:00+00:00,362.01
5392,2013-12-26 11:30:00+00:00,1017.5
5392,2013-12-26 12:00:00+00:00,1091.5
5392,2013-12-26 12:30:00+00:00,377.73
5392,2013-12-26 13:00:00+00:00,493.21
5392,2013-12-26 13:30:00+00:00,915.7
5392,2013-12-26 14:00:00+00:00,576.7
5392,2013-12-26 14:30:00+00:00,149.01
5392,2013-12-26 15:00:00+00:00,76.57
5392,2013-12-26 15:30:00+00:00,42.46
5392,2013-12-26 16:00:00+00:00,8.11
5392,2013-12-26 16:30:00+00:00,0.0
5392,2013-12-26 17:00:00+00:00,0.0
5392,2013-12-26 17:30:00+00:00,0.0
5392,2013-12-26 18:00:00+00:00,0.0
5392,2013-12-26 18:30:00+00:00,0.0
5392,2013-12-26 19:00:00+00:00,0.0
5392,2013-12-26 19:30:00+00:00,0.0
5392,2013-12-26 20:00:00+00:00,0.0
5392,2013-12-26 20:30:00+00:00,0.0
5392,2013-12-26 21:00:00+00:00,0.0
5392,2013-12-26 21:30:00+00:00,0.0
5392,2013-12-26 22:00:00+00:00,0.0
5392,2013-12-26 22:30:00+00:00,0.0
5392,2013-12-26 23:00:00+00:00,0.0
5392,2013-12-26 23:30:00+00:00,0.0
5392,2013-12-27 00:00:00+00:00,0.0
5392,2013-12-27 00:30:00+00:00,0.0
5392,2013-12-27 01:00:00+00:00,0.0
5392,2013-12-27 01:30:00+00:00,0.0
5392,2013-12-27 02:00:00+00:00,0.0
5392,2013-12-27 02:30:00+00:00,0.0
5392,2013-12-27 03:00:00+00:00,0.0
5392,2013-12-27 03:30:00+00:00,0.0
5392,2013-12-27 04:00:00+00:00,0.0
5392,2013-12-27 04:30:00+00:00,0.0
5392,2013-12-27 05:00:00+00:00,0.0
5392,2013-12-27 05:30:00+00:00,0.0
5392,2013-12-27 06:00:00+00:00,0.0
5392,2013-12-27 06:30:00+00:00,0.0
5392,2013-12-27 07:00:00+00:00,0.0
5392,2013-12-27 07:30:00+00:00,0.0
5392,2013-12-27 08:00:00+00:00,0.0
5392,2013-12-27 08:30:00+00:00,0.0
5392,2013-12-27 09:00:00+00:00,0.01
5392,2013-12-27 09:30:00+00:00,0.39
5392,2013-12-27 10:00:00+00:00,1.65
5392,2013-12-27 10:30:00+00:00,3.61
5392,2013-12-27 11:00:00+00:00,16.41
5392,2013-12-27 11:30:00+00:00,55.24
5392,2013-12-27 12:00:00+00:00,70.62
5392,2013-12-27 12:30:00+00:00,77.57
5392,2013-12-27 13:00:00+00:00,23.59
5392,2013-12-27 13:30:00+00:00,26.89
5392,2013-12-27 14:00:00+00:00,39.27
5392,2013-12-27 14:30:00+00:00,33.08
5392,2013-12-27 15:00:00+00:00,33.6
5392,2013-12-27 15:30:00+00:00,12.87
5392,2013-12-27 16:00:00+00:00,0.24
5392,2013-12-27 16:30:00+00:00,0.0
5392,2013-12-27 17:00:00+00:00,0.0
5392,2013-12-27 17:30:00+00:00,0.0
5392,2013-12-27 18:00:00+00:00,0.0
5392,2013-12-27 18:30:00+00:00,0.0
5392,2013-12-27 19:00:00+00:00,0.0
5392,2013-12-27 19:30:00+00:00,0.0
5392,2013-12-27 20:00:00+00:00,0.0
5392,2013-12-27 20:30:00+00:00,0.0
5392,2013-12-27 21:00:00+00:00,0.0
5392,2013-12-27 21:30:00+00:00,0.0
5392,2013-12-27 22:00:00+00:00,0.0
5392,2013-12-27 22:30:00+00:00,0.0
5392,2013-12-27 23:00:00+00:00,0.0
5392,2013-12-27 23:30:00+00:00,0.0
5392,2013-12-28 00:00:00+00:00,0.0
5392,2013-12-28 00:30:00+00:00,0.0
5392,2013-12-28 01:00:00+00:00,0.0
5392,2013-12-28 01:30:00+00:00,0.0
5392,2013-12-28 02:00:00+00:00,0.0
5392,2013-12-28 02:30:00+00:00,0.0
5392,2013-12-28 03:00:00+00:00,0.0
5392,2013-12-28 03:30:00+00:00,0.0
5392,2013-12-28 04:00:00+00:00,0.0
5392,2013-12-28 04:30:00+00:00,0.0
5392,2013-12-28 05:00:00+00:00,0.0
5392,2013-12-28 05:30:00+00:00,0.0
5392,2013-12-28 06:00:00+00:00,0.0
5392,2013-12-28 06:30:00+00:00,0.0
5392,2013-12-28 07:00:00+00:00,0.0
5392,2013-12-28 07:30:00+00:00,0.0
5392,2013-12-28 08:00:00+00:00,0.0
5392,2013-12-28 08:30:00+00:00,7.38
5392,2013-12-28 09:00:00+00:00,26.83
5392,2013-12-28 09:30:00+00:00,68.73
5392,2013-12-28 10:00:00+00:00,702.0
5392,2013-12-28 10:30:00+00:00,854.85
5392,2013-12-28 11:00:00+00:00,966.75
5392,2013-12-28 11:30:00+00:00,820.15
5392,2013-12-28 12:00:00+00:00,687.85
5392,2013-12-28 12:30:00+00:00,767.25
5392,2013-12-28 13:00:00+00:00,884.4
5392,2013-12-28 13:30:00+00:00,921.35
5392,2013-12-28 14:00:00+00:00,538.7
5392,2013-12-28 14:30:00+00:00,394.12
5392,2013-12-28 15:00:00+00:00,449.41
5392,2013-12-28 15:30:00+00:00,110.12
5392,2013-12-28 16:00:00+00:00,0.61
5392,2013-12-28 16:30:00+00:00,0.0
5392,2013-12-28 17:00:00+00:00,0.0
5392,2013-12-28 17:30:00+00:00,0.0
5392,2013-12-28 18:00:00+00:00,0.0
5392,2013-12-28 18:30:00+00:00,0.0
5392,2013-12-28 19:00:00+00:00,0.0
5392,2013-12-28 19:30:00+00:00,0.0
5392,2013-12-28 20:00:00+00:00,0.0
5392,2013-12-28 20:30:00+00:00,0.0
5392,2013-12-28 21:00:00+00:00,0.0
5392,2013-12-28 21:30:00+00:00,0.0
5392,2013-12-28 22:00:00+00:00,0.0
5392,2013-12-28 22:30:00+00:00,0.0
5392,2013-12-28 23:00:00+00:00,0.0
5392,2013-12-28 23:30:00+00:00,0.0
5392,2013-12-29 00:00:00+00:00,0.0
5392,2013-12-29 00:30:00+00:00,0.0
5392,2013-12-29 01:00:00+00:00,0.0
5392,2013-12-29 01:30:00+00:00,0.0
5392,2013-12-29 02:00:00+00:00,0.0
5392,2013-12-29 02:30:00+00:00,0.0
5392,2013-12-29 03:00:00+00:00,0.0
5392,2013-12-29 03:30:00+00:00,0.0
5392,2013-12-29 04:00:00+00:00,0.0
5392,2013-12-29 04:30:00+00:00,0.0
5392,2013-12-29 05:00:00+00:00,0.0
5392,2013-12-29 05:30:00+00:00,0.0
5392,2013-12-29 06:00:00+00:00,0.0
5392,2013-12-29 06:30:00+00:00,0.0
5392,2013-12-29 07:00:00+00:00,0.0
5392,2013-12-29 07:30:00+00:00,0.0
5392,2013-12-29 08:00:00+00:00,0.0
5392,2013-12-29 08:30:00+00:00,8.53
5392,2013-12-29 09:00:00+00:00,278.78
5392,2013-12-29 09:30:00+00:00,558.95
5392,2013-12-29 10:00:00+00:00,761.05
5392,2013-12-29 10:30:00+00:00,901.7
5392,2013-12-29 11:00:00+00:00,1010.85
5392,2013-12-29 11:30:00+00:00,1075.5
5392,2013-12-29 12:00:00+00:00,1105.95
5392,2013-12-29 12:30:00+00:00,1108.7
5392,2013-12-29 13:00:00+00:00,1079.1
5392,2013-12-29 13:30:00+00:00,1025.4
5392,2013-12-29 14:00:00+00:00,926.55
5392,2013-12-29 14:30:00+00:00,776.3
5392,2013-12-29 15:00:00+00:00,563.6
5392,2013-12-29 15:30:00+00:00,249.71
5392,2013-12-29 16:00:00+00:00,9.76
5392,2013-12-29 16:30:00+00:00,0.0
5392,2013-12-29 17:00:00+00:00,0.0
5392,2013-12-29 17:30:00+00:00,0.0
5392,2013-12-29 18:00:00+00:00,0.0
5392,2013-12-29 18:30:00+00:00,0.0
5392,2013-12-29 19:00:00+00:00,0.0
5392,2013-12-29 19:30:00+00:00,0.0
5392,2013-12-29 20:00:00+00:00,0.0
5392,2013-12-29 20:30:00+00:00,0.0
5392,2013-12-29 21:00:00+00:00,0.0
5392,2013-12-29 21:30:00+00:00,0.0
5392,2013-12-29 22:00:00+00:00,0.0
5392,2013-12-29 22:30:00+00:00,0.0
5392,2013-12-29 23:00:00+00:00,0.0
5392,2013-12-29 23:30:00+00:00,0.0
5392,2013-12-30 00:00:00+00:00,0.0
5392,2013-12-30 00:30:00+00:00,0.0
5392,2013-12-30 01:00:00+00:00,0.0
5392,2013-12-30 01:30:00+00:00,0.0
5392,2013-12-30 02:00:00+00:00,0.0
5392,2013-12-30 02:30:00+00:00,0.0
5392,2013-12-30 03:00:00+00:00,0.0
5392,2013-12-30 03:30:00+00:00,0.0
5392,2013-12-30 04:00:00+00:00,0.0
5392,2013-12-30 04:30:00+00:00,0.0
5392,2013-12-30 05:00:00+00:00,0.0
5392,2013-12-30 05:30:00+00:00,0.0
5392,2013-12-30 06:00:00+00:00,0.0
5392,2013-12-30 06:30:00+00:00,0.0
5392,2013-12-30 07:00:00+00:00,0.0
5392,2013-12-30 07:30:00+00:00,0.0
5392,2013-12-30 08:00:00+00:00,0.0
5392,2013-12-30 08:30:00+00:00,0.0
5392,2013-12-30 09:00:00+00:00,0.0
5392,2013-12-30 09:30:00+00:00,4.34
5392,2013-12-30 10:00:00+00:00,5.83
5392,2013-12-30 10:30:00+00:00,2.83
5392,2013-12-30 11:00:00+00:00,8.75
5392,2013-12-30 11:30:00+00:00,39.41
5392,2013-12-30 12:00:00+00:00,14.54
5392,2013-12-30 12:30:00+00:00,2.82
5392,2013-12-30 13:00:00+00:00,1.53
5392,2013-12-30 13:30:00+00:00,40.04
5392,2013-12-30 14:00:00+00:00,143.57
5392,2013-12-30 14:30:00+00:00,508.75
5392,2013-12-30 15:00:00+00:00,487.59
5392,2013-12-30 15:30:00+00:00,201.83
5392,2013-12-30 16:00:00+00:00,10.16
5392,2013-12-30 16:30:00+00:00,0.0
5392,2013-12-30 17:00:00+00:00,0.0
5392,2013-12-30 17:30:00+00:00,0.0
5392,2013-12-30 18:00:00+00:00,0.0
5392,2013-12-30 18:30:00+00:00,0.0
5392,2013-12-30 19:00:00+00:00,0.0
5392,2013-12-30 19:30:00+00:00,0.0
5392,2013-12-30 20:00:00+00:00,0.0
5392,2013-12-30 20:30:00+00:00,0.0
5392,2013-12-30 21:00:00+00:00,0.0
5392,2013-12-30 21:30:00+00:00,0.0
5392,2013-12-30 22:00:00+00:00,0.0
5392,2013-12-30 22:30:00+00:00,0.0
5392,2013-12-30 23:00:00+00:00,0.0
5392,2013-12-30 23:30:00+00:00,0.0
5392,2013-12-31 00:00:00+00:00,0.0
5392,2013-12-31 00:30:00+00:00,0.0
5392,2013-12-31 01:00:00+00:00,0.0
5392,2013-12-31 01:30:00+00:00,0.0
5392,2013-12-31 02:00:00+00:00,0.0
5392,2013-12-31 02:30:00+00:00,0.0
5392,2013-12-31 03:00:00+00:00,0.0
5392,2013-12-31 03:30:00+00:00,0.0
5392,2013-12-31 04:00:00+00:00,0.0
5392,2013-12-31 04:30:00+00:00,0.0
5392,2013-12-31 05:00:00+00:00,0.0
5392,2013-12-31 05:30:00+00:00,0.0
5392,2013-12-31 06:00:00+00:00,0.0
5392,2013-12-31 06:30:00+00:00,0.0
5392,2013-12-31 07:00:00+00:00,0.0
5392,2013-12-31 07:30:00+00:00,0.0
5392,2013-12-31 08:00:00+00:00,0.0
5392,2013-12-31 08:30:00+00:00,0.0
5392,2013-12-31 09:00:00+00:00,0.45
5392,2013-12-31 09:30:00+00:00,6.53
5392,2013-12-31 10:00:00+00:00,13.4
5392,2013-12-31 10:30:00+00:00,43.74
5392,2013-12-31 11:00:00+00:00,52.99
5392,2013-12-31 11:30:00+00:00,100.47
5392,2013-12-31 12:00:00+00:00,91.84
5392,2013-12-31 12:30:00+00:00,37.41
5392,2013-12-31 13:00:00+00:00,32.4
5392,2013-12-31 13:30:00+00:00,7.47
5392,2013-12-31 14:00:00+00:00,3.11
5392,2013-12-31 14:30:00+00:00,0.01
5392,2013-12-31 15:00:00+00:00,0.01
5392,2013-12-31 15:30:00+00:00,0.0
5392,2013-12-31 16:00:00+00:00,0.0
5392,2013-12-31 16:30:00+00:00,0.0
5392,2013-12-31 17:00:00+00:00,0.0
5392,2013-12-31 17:30:00+00:00,0.0
5392,2013-12-31 18:00:00+00:00,0.0
5392,2013-12-31 18:30:00+00:00,0.0
5392,2013-12-31 19:00:00+00:00,0.0
5392,2013-12-31 19:30:00+00:00,0.0
5392,2013-12-31 20:00:00+00:00,0.0
5392,2013-12-31 20:30:00+00:00,0.0
5392,2013-12-31 21:00:00+00:00,0.0
5392,2013-12-31 21:30:00+00:00,0.0
5392,2013-12-31 22:00:00+00:00,0.0
5392,2013-12-31 22:30:00+00:00,0.0
5392,2013-12-31 23:00:00+00:00,0.0
5392,2013-12-31 23:30:00+00:00,0.0
